{
  "lstm": {
    "train": {
      "mse": 0.0003936419961974025,
      "mae": 0.013899851590394974,
      "directional_accuracy": 0.4556596971881759,
      "base_loss": 0.025424090400338183,
      "abs_loss": 0.025797641929239043,
      "rel_score": -0.014692817836106098
    },
    "val": {
      "mse": 0.0002458403760101646,
      "mae": 0.010492776520550251,
      "directional_accuracy": 0.45564516129032256,
      "base_loss": 0.01932658115401864,
      "abs_loss": 0.01896117569413036,
      "rel_score": 0.018906885650196825
    },
    "test": {
      "mse": 0.0009756278013810515,
      "mae": 0.02228355221450329,
      "directional_accuracy": 0.5197368421052632,
      "base_loss": 0.04961440712213516,
      "abs_loss": 0.044657985633239146,
      "rel_score": 0.09989883536640587
    }
  },
  "linear_regression": {
    "train": {
      "mse": 0.0003916660789400339,
      "mae": 0.01388991717249155,
      "directional_accuracy": 0.44844989185291995,
      "base_loss": 0.025424090400338183,
      "abs_loss": 0.026183713297359648,
      "rel_score": -0.029878075677836735
    },
    "val": {
      "mse": 0.00025605648988857865,
      "mae": 0.010778171941637993,
      "directional_accuracy": 0.45564516129032256,
      "base_loss": 0.01932658115401864,
      "abs_loss": 0.018314575962722304,
      "rel_score": 0.052363384047669825
    },
    "test": {
      "mse": 0.0009671051520854235,
      "mae": 0.022118335589766502,
      "directional_accuracy": 0.4605263157894737,
      "base_loss": 0.04961440712213516,
      "abs_loss": 0.044691645138664166,
      "rel_score": 0.09922041336405962
    }
  }
}