features,feature_count,train_rel_score,val_rel_score,test_rel_score,train_mse,val_mse,test_mse,train_mae,val_mae,test_mae,train_abs_loss,val_abs_loss,test_abs_loss
"adjust_return,rolling_min_20_gap",2,-0.036844715737016864,0.043088640252390786,-0.04285022108827152,0.0005053874338045716,0.0002724136575125158,0.00019950169371441007,0.015716342255473137,0.011558900587260723,0.008328777737915516,0.03027360469859561,0.019353538096765995,0.014970287575852123
"close_return,rolling_min_20_gap",2,-0.032836808407611606,0.04256030379194453,-0.040548788793764334,0.000505491450894624,0.00027308560675010085,0.00019838858861476183,0.01574714295566082,0.011597231030464172,0.008288096636533737,0.030156582544441337,0.019364223704906182,0.014937250134244094
