{
  "linear_regression": {
    "threshold": 0.0,
    "holding_period": 1,
    "uncertainty_model": null,
    "uncertainty_quantile": null,
    "max_uncertainty": null,
    "uncertainty_side": null,
    "trade_count": 1016,
    "coverage": 0.5561029009304871,
    "directional_accuracy": 0.5738188976377953,
    "avg_actual_return": 0.0017677898668307089,
    "avg_strategy_return": 0.0017677898668307089,
    "cumulative_strategy_return": 1.7960745047000002,
    "final_equity": 5.1643044636248225,
    "sampled_buy_hold_equity": 5.1643044636248225
  },
  "lstm_seed_62": {
    "threshold": 0.0,
    "holding_period": 1,
    "uncertainty_model": null,
    "uncertainty_quantile": null,
    "max_uncertainty": null,
    "uncertainty_side": null,
    "trade_count": 649,
    "coverage": 0.3552271483305966,
    "directional_accuracy": 0.613251155624037,
    "avg_actual_return": 0.002581425066563944,
    "avg_strategy_return": 0.002581425066563944,
    "cumulative_strategy_return": 1.6753448681999998,
    "final_equity": 4.708282919124658,
    "sampled_buy_hold_equity": 4.708282919124658
  },
  "lstm_ensemble": {
    "threshold": 0.0,
    "holding_period": 1,
    "uncertainty_model": null,
    "uncertainty_quantile": null,
    "max_uncertainty": null,
    "uncertainty_side": null,
    "trade_count": 573,
    "coverage": 0.3136288998357964,
    "directional_accuracy": 0.6282722513089005,
    "avg_actual_return": 0.0027087558191972077,
    "avg_strategy_return": 0.0027087558191972077,
    "cumulative_strategy_return": 1.5521170844,
    "final_equity": 4.21430950068633,
    "sampled_buy_hold_equity": 4.21430950068633
  },
  "arima": {
    "threshold": 0.0,
    "holding_period": 1,
    "uncertainty_model": null,
    "uncertainty_quantile": null,
    "max_uncertainty": null,
    "uncertainty_side": null,
    "trade_count": 1209,
    "coverage": 0.6617405582922824,
    "directional_accuracy": 0.576509511993383,
    "avg_actual_return": 0.0012685762497932178,
    "avg_strategy_return": 0.0012685762497932178,
    "cumulative_strategy_return": 1.5337086860000002,
    "final_equity": 3.8854632465827845,
    "sampled_buy_hold_equity": 3.8854632465827845
  },
  "lstm_signmag_best_by_val": {
    "threshold": 0.0,
    "holding_period": 1,
    "uncertainty_model": null,
    "uncertainty_quantile": null,
    "max_uncertainty": null,
    "uncertainty_side": null,
    "trade_count": 783,
    "coverage": 0.42857142857142855,
    "directional_accuracy": 0.5938697318007663,
    "avg_actual_return": 0.001704303082630907,
    "avg_strategy_return": 0.001704303082630907,
    "cumulative_strategy_return": 1.3344693137,
    "final_equity": 3.243485120847364,
    "sampled_buy_hold_equity": 3.243485120847364
  },
  "lstm_signmag_seed_62": {
    "threshold": 0.0,
    "holding_period": 1,
    "uncertainty_model": null,
    "uncertainty_quantile": null,
    "max_uncertainty": null,
    "uncertainty_side": null,
    "trade_count": 783,
    "coverage": 0.42857142857142855,
    "directional_accuracy": 0.5938697318007663,
    "avg_actual_return": 0.001704303082630907,
    "avg_strategy_return": 0.001704303082630907,
    "cumulative_strategy_return": 1.3344693137,
    "final_equity": 3.243485120847364,
    "sampled_buy_hold_equity": 3.243485120847364
  },
  "lstm_top2_by_val": {
    "threshold": 0.0,
    "holding_period": 1,
    "uncertainty_model": null,
    "uncertainty_quantile": null,
    "max_uncertainty": null,
    "uncertainty_side": null,
    "trade_count": 575,
    "coverage": 0.3147235905856596,
    "directional_accuracy": 0.6104347826086957,
    "avg_actual_return": 0.0020659264704347823,
    "avg_strategy_return": 0.0020659264704347823,
    "cumulative_strategy_return": 1.1879077205,
    "final_equity": 2.9320268821453186,
    "sampled_buy_hold_equity": 2.9320268821453186
  },
  "lstm_signmag_top2_by_val": {
    "threshold": 0.0,
    "holding_period": 1,
    "uncertainty_model": null,
    "uncertainty_quantile": null,
    "max_uncertainty": null,
    "uncertainty_side": null,
    "trade_count": 612,
    "coverage": 0.33497536945812806,
    "directional_accuracy": 0.5898692810457516,
    "avg_actual_return": 0.0019436988831699348,
    "avg_strategy_return": 0.0019436988831699348,
    "cumulative_strategy_return": 1.1895437165,
    "final_equity": 2.8860437604960634,
    "sampled_buy_hold_equity": 2.8860437604960634
  },
  "lstm_signmag_seed_52": {
    "threshold": 0.0025,
    "holding_period": 1,
    "uncertainty_model": null,
    "uncertainty_quantile": null,
    "max_uncertainty": null,
    "uncertainty_side": null,
    "trade_count": 126,
    "coverage": 0.06896551724137931,
    "directional_accuracy": 0.6984126984126984,
    "avg_actual_return": 0.008647566064285715,
    "avg_strategy_return": 0.008647566064285715,
    "cumulative_strategy_return": 1.0895933241,
    "final_equity": 2.8425840912842335,
    "sampled_buy_hold_equity": 2.8425840912842335
  },
  "lstm_seed_52": {
    "threshold": 0.0,
    "holding_period": 1,
    "uncertainty_model": null,
    "uncertainty_quantile": null,
    "max_uncertainty": null,
    "uncertainty_side": null,
    "trade_count": 590,
    "coverage": 0.3229337712096333,
    "directional_accuracy": 0.6016949152542372,
    "avg_actual_return": 0.001979539192033898,
    "avg_strategy_return": 0.001979539192033898,
    "cumulative_strategy_return": 1.1679281232999998,
    "final_equity": 2.841064277924622,
    "sampled_buy_hold_equity": 2.841064277924622
  },
  "lstm_seed_99": {
    "threshold": 0.0,
    "holding_period": 1,
    "uncertainty_model": null,
    "uncertainty_quantile": null,
    "max_uncertainty": null,
    "uncertainty_side": null,
    "trade_count": 757,
    "coverage": 0.4143404488232074,
    "directional_accuracy": 0.6023778071334214,
    "avg_actual_return": 0.0015172403256274768,
    "avg_strategy_return": 0.0015172403256274768,
    "cumulative_strategy_return": 1.1485509265,
    "final_equity": 2.752614001084938,
    "sampled_buy_hold_equity": 2.752614001084938
  },
  "lstm_signmag_ensemble": {
    "threshold": 0.0,
    "holding_period": 1,
    "uncertainty_model": null,
    "uncertainty_quantile": null,
    "max_uncertainty": null,
    "uncertainty_side": null,
    "trade_count": 544,
    "coverage": 0.2977558839627805,
    "directional_accuracy": 0.6047794117647058,
    "avg_actual_return": 0.00205761794375,
    "avg_strategy_return": 0.00205761794375,
    "cumulative_strategy_return": 1.1193441614,
    "final_equity": 2.7271411537166403,
    "sampled_buy_hold_equity": 2.7271411537166403
  },
  "lstm": {
    "threshold": 0.0,
    "holding_period": 1,
    "uncertainty_model": null,
    "uncertainty_quantile": null,
    "max_uncertainty": null,
    "uncertainty_side": null,
    "trade_count": 610,
    "coverage": 0.33388067870826493,
    "directional_accuracy": 0.6,
    "avg_actual_return": 0.0013279469677049181,
    "avg_strategy_return": 0.0013279469677049181,
    "cumulative_strategy_return": 0.8100476503,
    "final_equity": 2.0474119350370077,
    "sampled_buy_hold_equity": 2.0474119350370077
  },
  "lstm_best_by_val": {
    "threshold": 0.0,
    "holding_period": 1,
    "uncertainty_model": null,
    "uncertainty_quantile": null,
    "max_uncertainty": null,
    "uncertainty_side": null,
    "trade_count": 610,
    "coverage": 0.33388067870826493,
    "directional_accuracy": 0.6,
    "avg_actual_return": 0.0013279469677049181,
    "avg_strategy_return": 0.0013279469677049181,
    "cumulative_strategy_return": 0.8100476503,
    "final_equity": 2.0474119350370077,
    "sampled_buy_hold_equity": 2.0474119350370077
  },
  "lstm_seed_42": {
    "threshold": 0.0,
    "holding_period": 1,
    "uncertainty_model": null,
    "uncertainty_quantile": null,
    "max_uncertainty": null,
    "uncertainty_side": null,
    "trade_count": 610,
    "coverage": 0.33388067870826493,
    "directional_accuracy": 0.6,
    "avg_actual_return": 0.0013279469677049181,
    "avg_strategy_return": 0.0013279469677049181,