{
  "lstm": {
    "train": {
      "mse": 0.0020110467448830605,
      "mae": 0.031053734943270683,
      "directional_accuracy": 0.5025366790072673,
      "base_loss": 0.05784885212779045,
      "abs_loss": 0.05757062847260386,
      "rel_score": 0.004809493100606188
    },
    "val": {
      "mse": 0.0011377627961337566,
      "mae": 0.02427034266293049,
      "directional_accuracy": 0.5033602150537635,
      "base_loss": 0.04500571433454752,
      "abs_loss": 0.0444784208200872,
      "rel_score": 0.011716145877403772
    },
    "test": {
      "mse": 0.002379691693931818,
      "mae": 0.0357331745326519,
      "directional_accuracy": 0.48730684326710816,
      "base_loss": 0.06535298973321915,
      "abs_loss": 0.06590363967698068,
      "rel_score": -0.008425780457931076
    }
  },
  "linear_regression": {
    "train": {
      "mse": 0.0019870882388204336,
      "mae": 0.03134084865450859,
      "directional_accuracy": 0.4803921568627451,
      "base_loss": 0.05784885212779045,
      "abs_loss": 0.058207432331983,
      "rel_score": -0.0061985707754481645
    },
    "val": {
      "mse": 0.0011681591859087348,
      "mae": 0.02480856329202652,
      "directional_accuracy": 0.4603494623655914,
      "base_loss": 0.04500571433454752,
      "abs_loss": 0.04551867285044864,
      "rel_score": -0.011397630800570546
    },
    "test": {
      "mse": 0.002533441875129938,
      "mae": 0.037001751363277435,
      "directional_accuracy": 0.4762693156732892,
      "base_loss": 0.06535298973321915,
      "abs_loss": 0.06706624093931168,
      "rel_score": -0.026215345511908295
    }
  },
  "arima": {
    "train": {
      "mse": 0.0020229551009833813,
      "mae": 0.0314333401620388,
      "directional_accuracy": 0.4775812422871246,
      "base_loss": 0.05784885212779045,
      "abs_loss": 0.05802220944315195,
      "rel_score": -0.002996728698757112
    },
    "val": {
      "mse": 0.0011457809014245868,
      "mae": 0.024662308394908905,
      "directional_accuracy": 0.4475806451612903,
      "base_loss": 0.04500571433454752,
      "abs_loss": 0.04518319646595045,
      "rel_score": -0.00394354659240892
    },
    "test": {
      "mse": 0.0024070676881819963,
      "mae": 0.03605188801884651,
      "directional_accuracy": 0.45253863134657835,
      "base_loss": 0.06535298973321915,
      "abs_loss": 0.06630765743320807,
      "rel_score": -0.014607865743954784
    }
  }
}