features,feature_count,train_rel_score,val_rel_score,test_rel_score,train_mse,val_mse,test_mse,train_mae,val_mae,test_mae,train_abs_loss,val_abs_loss,test_abs_loss
"volume_ma_20,obv_change",2,-0.006719452855766583,0.05262498231154067,0.03452116201785993,0.0007402383489534259,0.0003299550444353372,0.0007301234290935099,0.02022434026002884,0.012770761735737324,0.019079530611634254,0.03966380242491141,0.02174983124859864,0.03631925557274371
"volume_ma_20,volatility_20",2,-0.0036152885939388923,0.052479476377224166,0.01067200216088926,0.0007434798171743751,0.0003308496670797467,0.0007265270105563104,0.020321158692240715,0.012773250229656696,0.019003434106707573,0.03955669277347623,0.021753171773161738,0.03721641012234613
volume_ma_20,1,-0.0024986469499250763,0.04554195010492035,0.03953736164826949,0.000747496378608048,0.0003299337695352733,0.0007289210334420204,0.020313292741775513,0.012769760563969612,0.019075052812695503,0.03949750663014129,0.021912443469045688,0.03613055683672427
"volume_ma_20,vwap_gap",2,-0.002498479266505038,0.04554190104496447,0.03459343586904284,0.000747496378608048,0.0003299337695352733,0.0006757135270163417,0.020313292741775513,0.012769760563969612,0.01840897463262081,0.039497500023571774,0.021912444595363924,0.034199685673229396
"volume_ma_20,volatility_ratio",2,-0.011452935065495717,0.04037234662765532,0.037414905418002964,0.0007409234531223774,0.0003375136002432555,0.0007266344036906958,0.020404191687703133,0.01290027517825365,0.019064603373408318,0.03986560733173974,0.02203112720162608,0.03621039911522529
"volume_ma_20,overnight_return",2,-0.004324389937874429,0.03836778091699289,0.04514777108050405,0.0007371802348643541,0.0003276836359873414,0.0007314501563087106,0.020358504727482796,0.012806272134184837,0.01914563588798046,0.039569439191836864,0.022077148011885584,0.03591950519476086
"volume_ma_20,gap_open",2,-0.004324389937874429,0.03836778091699289,0.04514777108050405,0.0007371802348643541,0.0003276836359873414,0.0007314501563087106,0.020358504727482796,0.012806272134184837,0.01914563588798046,0.039569439191836864,0.022077148011885584,0.03591950519476086
"volatility_10,volatility_20",2,0.007506648154398277,0.031873939701528076,0.03992592119688532,0.00074243382550776,0.00033284968230873346,0.0007314924732781947,0.020308207720518112,0.012951021082699299,0.019180526956915855,0.039118330544442866,0.02222623358829879,0.03611594005487859
