features,feature_count,train_rel_score,val_rel_score,test_rel_score,train_mse,val_mse,test_mse,train_mae,val_mae,test_mae,train_abs_loss,val_abs_loss,test_abs_loss
"close_position,upper_shadow",2,-0.005070860373669106,0.03619774244685536,-0.07135824668186186,0.0003603545483201742,0.00023217048146761954,0.0002860210370272398,0.013548837043344975,0.011522256769239902,0.01216057687997818,0.02546528794337064,0.020447154299472463,0.02122903804993257
"return_10,volatility_5",2,0.008498346456854544,0.031150718989297554,-0.017782987741870926,0.00036326312692835927,0.00023284333292394876,0.0002898179227486253,0.013550812378525734,0.01137503795325756,0.011848637834191322,0.025077282905112956,0.020554227370303126,0.02032499040942639
"upper_shadow,return_3",2,-0.009788984795826128,0.031147452899428107,-0.07611648846099706,0.00035778715391643345,0.00023419868375640363,0.0002787841949611902,0.013497798703610897,0.011590084992349148,0.011985148303210735,0.025589843170018865,0.02055429666070268,0.021489902632310987
