features,feature_count,train_rel_score,val_rel_score,test_rel_score,train_mse,val_mse,test_mse,train_mae,val_mae,test_mae,train_abs_loss,val_abs_loss,test_abs_loss
"volatility_20,obv_change",2,-0.005713185228644724,0.03916182336539664,0.028991625155627254,0.0006726887077093124,0.00040110351983457804,0.0006721968529745936,0.019041527062654495,0.013989799655973911,0.01894518919289112,0.03679405394359492,0.024368903794675136,0.033047302250633945
"volatility_20,vwap_gap",2,-0.004165943949451689,0.03329586098547854,0.02265172687321393,0.0006808411562815309,0.000401464756578207,0.0006440535071305931,0.019162653014063835,0.01400987058877945,0.018566478043794632,0.03673744806437754,0.02451767710153945,0.03212974424241111
volatility_20,1,-0.004165971315059469,0.03329577377312609,0.029199476715744854,0.0006808411562815309,0.00040146472747437656,0.0006730046588927507,0.019162654876708984,0.01400987058877945,0.018946966156363487,0.03673744906554931,0.024517679313430563,0.033040228229947385
"upper_shadow,volatility_20",2,-0.005433297111366198,0.030125629549710098,0.0030710409528825755,0.0006722286925651133,0.00039802127867005765,0.0006700385129079223,0.019113201647996902,0.014010109007358551,0.01892923191189766,0.03678381422651,0.024598080926807597,0.033929483499377966
