{
  "market_component": {
    "train": {
      "mse": 0.000338394136633724,
      "mae": 0.01218897569924593,
      "directional_accuracy": 0.45021197394271534,
      "base_loss": 0.02266340795904398,
      "abs_loss": 0.0226257536560297,
      "rel_score": 0.0016614581126689343
    },
    "val": {
      "mse": 0.00016222454723902047,
      "mae": 0.00835614837706089,
      "directional_accuracy": 0.42972699696663297,
      "base_loss": 0.015147859044373038,
      "abs_loss": 0.015301597781945021,
      "rel_score": -0.01014920571426181
    },
    "test": {
      "mse": 0.00022951766732148826,
      "mae": 0.009273255243897438,
      "directional_accuracy": 0.4554883318928263,
      "base_loss": 0.016945387888699773,
      "abs_loss": 0.01709294284955832,
      "rel_score": -0.008707676792512054
    }
  },
  "expert_component": {
    "train": {
      "mse": 0.00034505428629927337,
      "mae": 0.012385908514261246,
      "directional_accuracy": 0.43676972391686486,
      "base_loss": 0.02266340795904398,
      "abs_loss": 0.02276578827877529,
      "rel_score": -0.004517428266584078
    },
    "val": {
      "mse": 0.0001619303657207638,
      "mae": 0.00831061415374279,
      "directional_accuracy": 0.4529828109201213,
      "base_loss": 0.015147859044373038,
      "abs_loss": 0.014829562407248888,
      "rel_score": 0.021012648466806727
    },
    "test": {
      "mse": 0.00023847527336329222,
      "mae": 0.009401548653841019,
      "directional_accuracy": 0.4580812445980985,
      "base_loss": 0.016945387888699773,
      "abs_loss": 0.01608990581444232,
      "rel_score": 0.05048465575862915
    }
  },
  "residual_combined_best_by_val": {
    "train": {
      "mse": 0.0003395772655494511,
      "mae": 0.012203504331409931,
      "directional_accuracy": 0.4457656912418571,
      "base_loss": 0.02266340795904398,
      "abs_loss": 0.02272193192038685,
      "rel_score": -0.002582310720816272
    },
    "val": {
      "mse": 0.00016241839330177754,
      "mae": 0.00835399143397808,
      "directional_accuracy": 0.4418604651162791,
      "base_loss": 0.015147859044373038,
      "abs_loss": 0.015247250825632367,
      "rel_score": -0.006561440858947609
    },
    "test": {
      "mse": 0.00022971312864683568,
      "mae": 0.009267186746001244,
      "directional_accuracy": 0.449438202247191,
      "base_loss": 0.016945387888699773,
      "abs_loss": 0.01677108755684458,
      "rel_score": 0.010286004250833702
    }
  },
  "residual_combined_ensemble": {
    "train": {
      "mse": 0.0003382595314178616,
      "mae": 0.012184214778244495,
      "directional_accuracy": 0.4524868162547823,
      "base_loss": 0.02266340795904398,
      "abs_loss": 0.02262852154672146,
      "rel_score": 0.0015393277297732766
    },
    "val": {
      "mse": 0.00016271951608359814,
      "mae": 0.008370141498744488,
      "directional_accuracy": 0.4287158746208291,
      "base_loss": 0.015147859044373038,
      "abs_loss": 0.015507168229669334,
      "rel_score": -0.023720129969770687
    },
    "test": {
      "mse": 0.0002289117983309552,
      "mae": 0.009255324490368366,
      "directional_accuracy": 0.47536732929991354,
      "base_loss": 0.016945387888699773,
      "abs_loss": 0.01672021283302457,
      "rel_score": 0.013288279805348191
    }
  }
}