loss,val_loss,val_rel_score,learning_rate
0.007860657759010792,0.0061183650977909565,-0.0015528321181126348,0.0005000000237487257
