{
  "lstm": {
    "train": {
      "base_loss": 0.048527845181524754,
      "abs_loss": 0.04825055005494505,
      "rel_score": 0.005714144642986807,
      "directional_accuracy": 0.5008291873963516,
      "error_len": 1206,
      "base_len": 1206
    },
    "val": {
      "base_loss": 0.037043309584259984,
      "abs_loss": 0.037100832091527994,
      "rel_score": -0.0015528447083585917,
      "directional_accuracy": 0.38306451612903225,
      "error_len": 248,
      "base_len": 248
    },
    "test": {
      "base_loss": 0.087188769876957,
      "abs_loss": 0.08991198630537842,
      "rel_score": -0.031233568638076692,
      "directional_accuracy": 0.44370860927152317,
      "error_len": 302,
      "base_len": 302
    }
  },
  "linear_regression": {
    "train": {
      "base_loss": 0.048527845181524754,
      "abs_loss": 0.04747869819402695,
      "rel_score": 0.021619484309953085,
      "directional_accuracy": 0.5257048092868989,
      "error_len": 1206,
      "base_len": 1206
    },
    "val": {
      "base_loss": 0.037043309584259984,
      "abs_loss": 0.03906751140020789,
      "rel_score": -0.0546441945567413,
      "directional_accuracy": 0.47580645161290325,
      "error_len": 248,
      "base_len": 248
    },
    "test": {
      "base_loss": 0.087188769876957,
      "abs_loss": 0.09002585650887351,
      "rel_score": -0.032539587792330016,
      "directional_accuracy": 0.4900662251655629,
      "error_len": 302,
      "base_len": 302
    }
  },
  "arima": {
    "train": {
      "base_loss": 0.048527845181524754,
      "abs_loss": 0.04821692968835123,
      "rel_score": 0.0064069503191519495,
      "directional_accuracy": 0.48507462686567165,
      "error_len": 1206,
      "base_len": 1206
    },
    "val": {
      "base_loss": 0.037043309584259984,
      "abs_loss": 0.03661347425804706,
      "rel_score": 0.011603588638191331,
      "directional_accuracy": 0.4879032258064516,
      "error_len": 248,
      "base_len": 248
    },
    "test": {
      "base_loss": 0.087188769876957,
      "abs_loss": 0.08788745570782344,
      "rel_score": -0.008013484211928157,
      "directional_accuracy": 0.4337748344370861,
      "error_len": 302,
      "base_len": 302
    }
  }
}