{
  "lstm": {
    "train": {
      "mse": 0.0013455901062116027,
      "mae": 0.025799093768000603,
      "directional_accuracy": 0.5008291873963516,
      "base_loss": 0.048527845181524754,
      "abs_loss": 0.04825055005494505,
      "rel_score": 0.005714144642986807
    },
    "val": {
      "mse": 0.0007753200479783118,
      "mae": 0.02008024975657463,
      "directional_accuracy": 0.38306451612903225,
      "base_loss": 0.037043309584259984,
      "abs_loss": 0.037100832091527994,
      "rel_score": -0.0015528447083585917
    },
    "test": {
      "mse": 0.004176849965006113,
      "mae": 0.04732288792729378,
      "directional_accuracy": 0.44370860927152317,
      "base_loss": 0.087188769876957,
      "abs_loss": 0.08991198630537842,
      "rel_score": -0.031233568638076692
    }
  },
  "linear_regression": {
    "train": {
      "mse": 0.001290612854063511,
      "mae": 0.025647826492786407,
      "directional_accuracy": 0.5257048092868989,
      "base_loss": 0.048527845181524754,
      "abs_loss": 0.04747869819402695,
      "rel_score": 0.021619484309953085
    },
    "val": {
      "mse": 0.0008268351666629314,
      "mae": 0.020996438339352608,
      "directional_accuracy": 0.47580645161290325,
      "base_loss": 0.037043309584259984,
      "abs_loss": 0.03906751140020789,
      "rel_score": -0.0546441945567413
    },
    "test": {
      "mse": 0.0044867731630802155,
      "mae": 0.049185946583747864,
      "directional_accuracy": 0.4900662251655629,
      "base_loss": 0.087188769876957,
      "abs_loss": 0.09002585650887351,
      "rel_score": -0.032539587792330016
    }
  },
  "arima": {
    "train": {
      "mse": 0.001343697658739984,
      "mae": 0.025895973667502403,
      "directional_accuracy": 0.48507462686567165,
      "base_loss": 0.048527845181524754,
      "abs_loss": 0.04821692968835123,
      "rel_score": 0.0064069503191519495
    },
    "val": {
      "mse": 0.0007719238055869937,
      "mae": 0.01991714909672737,
      "directional_accuracy": 0.4879032258064516,
      "base_loss": 0.037043309584259984,
      "abs_loss": 0.03661347425804706,
      "rel_score": 0.011603588638191331
    },
    "test": {
      "mse": 0.003928381949663162,
      "mae": 0.04596502706408501,
      "directional_accuracy": 0.4337748344370861,
      "base_loss": 0.087188769876957,
      "abs_loss": 0.08788745570782344,
      "rel_score": -0.008013484211928157
    }
  }
}