loss,magnitude_loss,sign_prob_loss,signed_prediction_loss,val_loss,val_magnitude_loss,val_sign_prob_loss,val_signed_prediction_loss,val_rel_score,learning_rate
2.767704963684082,0.007039993070065975,0.8023130893707275,1.343138575553894,2.7922260761260986,0.007599969394505024,0.8026365637779236,1.3530360460281372,-0.010744978656418436,0.00019999999494757503
2.758457899093628,0.006951569579541683,0.8038300275802612,1.3384393453598022,2.7936432361602783,0.007611609995365143,0.8027215003967285,1.3550877571105957,-0.007650883761290306,0.00019999999494757503
2.7502050399780273,0.006978058256208897,0.8033215403556824,1.33431077003479,2.7941017150878906,0.007662136573344469,0.8026697039604187,1.355645775794983,-0.007579086471892316,0.00019999999494757503
2.7448818683624268,0.007034298963844776,0.8029959201812744,1.3316516876220703,2.7982800006866455,0.0076513756066560745,0.8027297854423523,1.3578283786773682,-0.008033456673035566,0.00019999999494757503
2.7426578998565674,0.007116818800568581,0.8038361072540283,1.3304716348648071,2.7983145713806152,0.007748433388769627,0.8033773303031921,1.3585985898971558,-0.012299199531004446,0.00019999999494757503
2.735462188720703,0.007129156030714512,0.8032158613204956,1.326903223991394,2.8003017902374268,0.007876353338360786,0.8027855157852173,1.3599036931991577,-0.017127895019614314,9.999999747378752e-05
2.733193874359131,0.007220109924674034,0.8030405044555664,1.3257817029953003,2.7981550693511963,0.007890045642852783,0.8025920391082764,1.3583433628082275,-0.012122558886012325,9.999999747378752e-05
2.7336275577545166,0.007229805923998356,0.8028509616851807,1.3260140419006348,2.7976267337799072,0.007934960536658764,0.8026145100593567,1.3584656715393066,-0.014700079231400487,9.999999747378752e-05
2.7307825088500977,0.007266249042004347,0.8026047945022583,1.3246012926101685,2.7973427772521973,0.007916659116744995,0.803000807762146,1.35775625705719,-0.0112079120688231,4.999999873689376e-05
