{
  "lstm": {
    "train": {
      "mse": 0.0007296548574231565,
      "mae": 0.019264360889792442,
      "directional_accuracy": 0.452319842053307,
      "base_loss": 0.038159468,
      "abs_loss": 0.037728062304000005,
      "rel_score": 0.011305338323899017
    },
    "val": {
      "mse": 0.00047240289859473705,
      "mae": 0.015141843818128109,
      "directional_accuracy": 0.47058823529411764,
      "base_loss": 0.02806656225,
      "abs_loss": 0.027802451500000006,
      "rel_score": 0.009410156742655329
    },
    "test": {
      "mse": 0.0006955234566703439,
      "mae": 0.018956851214170456,
      "directional_accuracy": 0.5,
      "base_loss": 0.03571954735,
      "abs_loss": 0.03609929470000001,
      "rel_score": -0.01063135952645311
    }
  },
  "linear_regression": {
    "train": {
      "mse": 0.0007137049688026309,
      "mae": 0.019343608990311623,
      "directional_accuracy": 0.4412635735439289,
      "base_loss": 0.038159468,
      "abs_loss": 0.03832115011,
      "rel_score": -0.00423701163758361
    },
    "val": {
      "mse": 0.00048017577501013875,
      "mae": 0.01556131336838007,
      "directional_accuracy": 0.4515570934256055,
      "base_loss": 0.02806656225,
      "abs_loss": 0.029344946199500007,
      "rel_score": -0.045548291169860144
    },
    "test": {
      "mse": 0.0006928976508788764,
      "mae": 0.01916157267987728,
      "directional_accuracy": 0.4632422243166824,
      "base_loss": 0.03571954735,
      "abs_loss": 0.037557771635000015,
      "rel_score": -0.05146269819681848
    }
  },
  "arima": {
    "train": {
      "mse": 0.0007244488806463778,
      "mae": 0.01925262250006199,
      "directional_accuracy": 0.4354063836788417,
      "base_loss": 0.038159468,
      "abs_loss": 0.03827491466,
      "rel_score": -0.00302537393865121
    },
    "val": {
      "mse": 0.0004743156023323536,
      "mae": 0.015206330455839634,
      "directional_accuracy": 0.447520184544406,
      "base_loss": 0.02806656225,
      "abs_loss": 0.02832106965650001,
      "rel_score": -0.00906799358728061
    },
    "test": {
      "mse": 0.0006967608933337033,
      "mae": 0.019052166491746902,
      "directional_accuracy": 0.48350612629594725,
      "base_loss": 0.03571954735,
      "abs_loss": 0.035443585880500006,
      "rel_score": 0.007725782938847736
    }
  },
  "lstm_ensemble": {
    "train": {
      "mse": 0.0007230885676108301,
      "mae": 0.019208533689379692,
      "directional_accuracy": 0.45745310957551827,
      "base_loss": 0.038159468,
      "abs_loss": 0.03787759176,
      "rel_score": 0.007386796901885484
    },
    "val": {
      "mse": 0.00046929402742534876,
      "mae": 0.01508828904479742,
      "directional_accuracy": 0.486159169550173,
      "base_loss": 0.02806656225,
      "abs_loss": 0.028213666064000005,
      "rel_score": -0.005241248026377265
    },
    "test": {
      "mse": 0.0006931454408913851,
      "mae": 0.018969742581248283,
      "directional_accuracy": 0.4868049010367578,
      "base_loss": 0.03571954735,
      "abs_loss": 0.03609816899000001,
      "rel_score": -0.010599844289460592
    }
  },
  "lstm_seed_42": {
    "train": {
      "mse": 0.0007296548574231565,
      "mae": 0.019264360889792442,
      "directional_accuracy": 0.452319842053307,
      "base_loss": 0.038159468,
      "abs_loss": 0.037728062304000005,
      "rel_score": 0.011305338323899017
    },
    "val": {
      "mse": 0.00047240289859473705,
      "mae": 0.015141843818128109,
      "directional_accuracy": 0.47058823529411764,
      "base_loss": 0.02806656225,
      "abs_loss": 0.027802451500000006,
      "rel_score": 0.009410156742655329
    },
    "test": {
      "mse": 0.0006955234566703439,
      "mae": 0.018956851214170456,
      "directional_accuracy": 0.5,
      "base_loss": 0.03571954735,
      "abs_loss": 0.03609929470000001,
      "rel_score": -0.01063135952645311
    }
  },
  "lstm_seed_52": {
    "train": {
      "mse": 0.000730142171960324,
      "mae": 0.019320078194141388,
      "directional_accuracy": 0.44909509707140505,
      "base_loss": 0.038159468,
      "abs_loss": 0.03782005062000001,
      "rel_score": 0.00889470943357995
    },
    "val": {
      "mse": 0.0004712831578217447,
      "mae": 0.015159068629145622,
      "directional_accuracy": 0.4873125720876586,
      "base_loss": 0.02806656225,
      "abs_loss": 0.02800534396,
      "rel_score": 0.002181182342700261
    },
    "test": {
      "mse": 0.000696001632604748,
      "mae": 0.01909285970032215,
      "directional_accuracy": 0.4764373232799246,
      "base_loss": 0.03571954735,
      "abs_loss": 0.03609137852700001,
      "rel_score": -0.010409739332825518
    }
  },
  "lstm_seed_62": {
    "train": {
      "mse": 0.0007273469236679375,
      "mae": 0.0193862933665514,
      "directional_accuracy": 0.44784468575189207,
      "base_loss": 0.038159468,
      "abs_loss": 0.038227732842,
      "rel_score": -0.0017889358939700006
    },
    "val": {
      "mse": 0.00047220056876540184,
      "mae": 0.01515985932201147,
      "directional_accuracy": 0.4682814302191465,
      "base_loss": 0.02806656225,
      "abs_loss": 0.027807388325,
      "rel_score": 0.009234259710591997
    },
    "test": {
      "mse": 0.0007032614666968584,
      "mae": 0.019125638529658318,
      "directional_accuracy": 0.4830348727615457,
      "base_loss": 0.03571954735,
      "abs_loss": 0.03612596799500001,
      "rel_score": -0.011378101772054228
    }
  },
  "lstm_best_by_val": {
    "train": {
      "mse": 0.0007296548574231565,
      "mae": 0.019264360889792442,
      "directional_accuracy": 0.452319842053307,
      "base_loss": 0.038159468,
      "abs_loss": 0.037728062304000005,
      "rel_score": 0.011305338323899017
    },
    "val": {
      "mse": 0.00047240289859473705,
      "mae": 0.015141843818128109,
      "directional_accuracy": 0.47058823529411764,
      "base_loss": 0.02806656225,
      "abs_loss": 0.027802451500000006,
      "rel_score": 0.009410156742655329
    },
    "test": {
      "mse": 0.0006955234566703439,
      "mae": 0.018956851214170456,
      "directional_accuracy": 0.5,
      "base_loss": 0.03571954735,
      "abs_loss": 0.03609929470000001,
      "rel_score": -0.01063135952645311
    }
  },
  "lstm_top2_by_val": {
    "train": {
      "mse": 0.0007227430469356477,
      "mae": 0.01922524720430374,
      "directional_accuracy": 0.45343863112866073,
      "base_loss": 0.038159468,
      "abs_loss": 0.0378445462,
      "rel_score": 0.008252782769403333
    },
    "val": {
      "mse": 0.00046998029574751854,
      "mae": 0.01509536150842905,
      "directional_accuracy": 0.4786620530565167,
      "base_loss": 0.02806656225,
      "abs_loss": 0.028318038652500002,
      "rel_score": -0.008960000168884319
    },
    "test": {
      "mse": 0.0006948091322556138,
      "mae": 0.018973886966705322,
      "directional_accuracy": 0.5004712535344015,
      "base_loss": 0.03571954735,
      "abs_loss": 0.03604472918850001,
      "rel_score": -0.009103750260710308
    }
  },
  "lstm_signmag": {
    "train": {
      "mse": 0.0007316291448660195,
      "mae": 0.01923823170363903,
      "directional_accuracy": 0.4504771306350773,
      "base_loss": 0.038159468,
      "abs_loss": 0.037512635366,
      "rel_score": 0.016950777039134945
    },
    "val": {
      "mse": 0.00047068975982256234,
      "mae": 0.015112610533833504,
      "directional_accuracy": 0.47635524798154555,
      "base_loss": 0.02806656225,
      "abs_loss": 0.027907907696,
      "rel_score": 0.005652796113282399
    },
    "test": {
      "mse": 0.0006899387808516622,
      "mae": 0.018921932205557823,
      "directional_accuracy": 0.501885014137606,
      "base_loss": 0.03571954735,
      "abs_loss": 0.035955102115,
      "rel_score": -0.006594561870896687
    }
  },
  "lstm_signmag_ensemble": {
    "train": {
      "mse": 0.0007220767438411713,
      "mae": 0.019176634028553963,
      "directional_accuracy": 0.4571898650871997,
      "base_loss": 0.038159468,