{
  "lstm": {
    "train": {
      "base_loss": 0.038159468,
      "abs_loss": 0.037728062304000005,
      "rel_score": 0.011305338323899017,
      "directional_accuracy": 0.452319842053307,
      "error_len": 15195,
      "base_len": 15195
    },
    "val": {
      "base_loss": 0.02806656225,
      "abs_loss": 0.027802451500000006,
      "rel_score": 0.009410156742655329,
      "directional_accuracy": 0.47058823529411764,
      "error_len": 1734,
      "base_len": 1734
    },
    "test": {
      "base_loss": 0.03571954735,
      "abs_loss": 0.03609929470000001,
      "rel_score": -0.01063135952645311,
      "directional_accuracy": 0.5,
      "error_len": 2122,
      "base_len": 2122
    }
  },
  "linear_regression": {
    "train": {
      "base_loss": 0.038159468,
      "abs_loss": 0.03832115011,
      "rel_score": -0.00423701163758361,
      "directional_accuracy": 0.4412635735439289,
      "error_len": 15195,
      "base_len": 15195
    },
    "val": {
      "base_loss": 0.02806656225,
      "abs_loss": 0.029344946199500007,
      "rel_score": -0.045548291169860144,
      "directional_accuracy": 0.4515570934256055,
      "error_len": 1734,
      "base_len": 1734
    },
    "test": {
      "base_loss": 0.03571954735,
      "abs_loss": 0.037557771635000015,
      "rel_score": -0.05146269819681848,
      "directional_accuracy": 0.4632422243166824,
      "error_len": 2122,
      "base_len": 2122
    }
  },
  "arima": {
    "train": {
      "base_loss": 0.038159468,
      "abs_loss": 0.03827491466,
      "rel_score": -0.00302537393865121,
      "directional_accuracy": 0.4354063836788417,
      "error_len": 15195,
      "base_len": 15195
    },
    "val": {
      "base_loss": 0.02806656225,
      "abs_loss": 0.02832106965650001,
      "rel_score": -0.00906799358728061,
      "directional_accuracy": 0.447520184544406,
      "error_len": 1734,
      "base_len": 1734
    },
    "test": {
      "base_loss": 0.03571954735,
      "abs_loss": 0.035443585880500006,
      "rel_score": 0.007725782938847736,
      "directional_accuracy": 0.48350612629594725,
      "error_len": 2122,
      "base_len": 2122
    }
  },
  "lstm_ensemble": {
    "train": {
      "base_loss": 0.038159468,
      "abs_loss": 0.03787759176,
      "rel_score": 0.007386796901885484,
      "directional_accuracy": 0.45745310957551827,
      "error_len": 15195,
      "base_len": 15195
    },
    "val": {
      "base_loss": 0.02806656225,
      "abs_loss": 0.028213666064000005,
      "rel_score": -0.005241248026377265,
      "directional_accuracy": 0.486159169550173,
      "error_len": 1734,
      "base_len": 1734
    },
    "test": {
      "base_loss": 0.03571954735,
      "abs_loss": 0.03609816899000001,
      "rel_score": -0.010599844289460592,
      "directional_accuracy": 0.4868049010367578,
      "error_len": 2122,
      "base_len": 2122
    }
  },
  "lstm_seed_42": {
    "train": {
      "base_loss": 0.038159468,
      "abs_loss": 0.037728062304000005,
      "rel_score": 0.011305338323899017,
      "directional_accuracy": 0.452319842053307,
      "error_len": 15195,
      "base_len": 15195
    },
    "val": {
      "base_loss": 0.02806656225,
      "abs_loss": 0.027802451500000006,
      "rel_score": 0.009410156742655329,
      "directional_accuracy": 0.47058823529411764,
      "error_len": 1734,
      "base_len": 1734
    },
    "test": {
      "base_loss": 0.03571954735,
      "abs_loss": 0.03609929470000001,
      "rel_score": -0.01063135952645311,
      "directional_accuracy": 0.5,
      "error_len": 2122,
      "base_len": 2122
    }
  },
  "lstm_seed_52": {
    "train": {
      "base_loss": 0.038159468,
      "abs_loss": 0.03782005062000001,
      "rel_score": 0.00889470943357995,
      "directional_accuracy": 0.44909509707140505,
      "error_len": 15195,
      "base_len": 15195
    },
    "val": {
      "base_loss": 0.02806656225,
      "abs_loss": 0.02800534396,
      "rel_score": 0.002181182342700261,
      "directional_accuracy": 0.4873125720876586,
      "error_len": 1734,
      "base_len": 1734
    },
    "test": {
      "base_loss": 0.03571954735,
      "abs_loss": 0.03609137852700001,
      "rel_score": -0.010409739332825518,
      "directional_accuracy": 0.4764373232799246,
      "error_len": 2122,
      "base_len": 2122
    }
  },
  "lstm_seed_62": {
    "train": {
      "base_loss": 0.038159468,
      "abs_loss": 0.038227732842,
      "rel_score": -0.0017889358939700006,
      "directional_accuracy": 0.44784468575189207,
      "error_len": 15195,
      "base_len": 15195
    },
    "val": {
      "base_loss": 0.02806656225,
      "abs_loss": 0.027807388325,
      "rel_score": 0.009234259710591997,
      "directional_accuracy": 0.4682814302191465,
      "error_len": 1734,
      "base_len": 1734
    },
    "test": {
      "base_loss": 0.03571954735,
      "abs_loss": 0.03612596799500001,
      "rel_score": -0.011378101772054228,
      "directional_accuracy": 0.4830348727615457,
      "error_len": 2122,
      "base_len": 2122
    }
  },
  "lstm_best_by_val": {
    "train": {
      "base_loss": 0.038159468,
      "abs_loss": 0.037728062304000005,
      "rel_score": 0.011305338323899017,
      "directional_accuracy": 0.452319842053307,
      "error_len": 15195,
      "base_len": 15195
    },
    "val": {
      "base_loss": 0.02806656225,
      "abs_loss": 0.027802451500000006,
      "rel_score": 0.009410156742655329,
      "directional_accuracy": 0.47058823529411764,
      "error_len": 1734,
      "base_len": 1734
    },
    "test": {
      "base_loss": 0.03571954735,
      "abs_loss": 0.03609929470000001,
      "rel_score": -0.01063135952645311,
      "directional_accuracy": 0.5,
      "error_len": 2122,
      "base_len": 2122
    }
  },
  "lstm_top2_by_val": {
    "train": {
      "base_loss": 0.038159468,
      "abs_loss": 0.0378445462,
      "rel_score": 0.008252782769403333,
      "directional_accuracy": 0.45343863112866073,
      "error_len": 15195,
      "base_len": 15195
    },
    "val": {
      "base_loss": 0.02806656225,
      "abs_loss": 0.028318038652500002,
      "rel_score": -0.008960000168884319,
      "directional_accuracy": 0.4786620530565167,
      "error_len": 1734,
      "base_len": 1734
    },
    "test": {
      "base_loss": 0.03571954735,
      "abs_loss": 0.03604472918850001,
      "rel_score": -0.009103750260710308,
      "directional_accuracy": 0.5004712535344015,
      "error_len": 2122,
      "base_len": 2122
    }
  },
  "lstm_signmag": {
    "train": {
      "base_loss": 0.038159468,
      "abs_loss": 0.037512635366,
      "rel_score": 0.016950777039134945,
      "directional_accuracy": 0.4504771306350773,
      "error_len": 15195,
      "base_len": 15195
    },
    "val": {
      "base_loss": 0.02806656225,
      "abs_loss": 0.027907907696,
      "rel_score": 0.005652796113282399,
      "directional_accuracy": 0.47635524798154555,
      "error_len": 1734,
      "base_len": 1734
    },
    "test": {
      "base_loss": 0.03571954735,
      "abs_loss": 0.035955102115,
      "rel_score": -0.006594561870896687,
      "directional_accuracy": 0.501885014137606,
      "error_len": 2122,
      "base_len": 2122
    }
  },
  "lstm_signmag_ensemble": {
    "train": {
      "base_loss": 0.038159468,
      "abs_loss": 0.03786853928,
      "rel_score": 0.0076240245278053065,
      "directional_accuracy": 0.4571898650871997,
      "error_len": 15195,
      "base_len": 15195
    },
    "val": {
      "base_loss": 0.02806656225,
      "abs_loss": 0.027993800535500005,
      "rel_score": 0.0025924697813675124,
      "directional_accuracy": 0.48212226066897346,
      "error_len": 1734,
      "base_len": 1734
    },
    "test": {
      "base_loss": 0.03571954735,
      "abs_loss": 0.036167527355,
      "rel_score": -0.012541592439860638,
      "directional_accuracy": 0.4783223374175306,
      "error_len": 2122,
      "base_len": 2122
    }
  },
  "lstm_signmag_seed_42": {
    "train": {
      "base_loss": 0.038159468,
      "abs_loss": 0.037512635366,