{
  "lstm": {
    "train": {
      "mse": 0.002970682457089424,
      "mae": 0.03966744244098663,
      "directional_accuracy": 0.49244505494505497,
      "base_loss": 0.0720497432,
      "abs_loss": 0.07237467698200001,
      "rel_score": -0.004509853436923894
    },
    "val": {
      "mse": 0.0012799401301890612,
      "mae": 0.026926856487989426,
      "directional_accuracy": 0.4435483870967742,
      "base_loss": 0.04697830715000001,
      "abs_loss": 0.047488401660000006,
      "rel_score": -0.010858086230550734
    },
    "test": {
      "mse": 0.0022989853750914335,
      "mae": 0.03608332574367523,
      "directional_accuracy": 0.5364238410596026,
      "base_loss": 0.07046886645000001,
      "abs_loss": 0.06812045383500001,
      "rel_score": 0.03332553414444772
    }
  },
  "linear_regression": {
    "train": {
      "mse": 0.0028853046242147684,
      "mae": 0.03960800543427467,
      "directional_accuracy": 0.5037774725274725,
      "base_loss": 0.0720497432,
      "abs_loss": 0.07280253942,
      "rel_score": -0.010448284567931676
    },
    "val": {
      "mse": 0.0014066052390262485,
      "mae": 0.02833215706050396,
      "directional_accuracy": 0.45161290322580644,
      "base_loss": 0.04697830715000001,
      "abs_loss": 0.05154838792500001,
      "rel_score": -0.09728066105932465
    },
    "test": {
      "mse": 0.0024535853881388903,
      "mae": 0.037258341908454895,
      "directional_accuracy": 0.5198675496688742,
      "base_loss": 0.07046886645000001,
      "abs_loss": 0.071377415735,
      "rel_score": -0.012892917550257899
    }
  },
  "arima": {
    "train": {
      "mse": 0.002954707480967045,
      "mae": 0.03977487236261368,
      "directional_accuracy": 0.47767857142857145,
      "base_loss": 0.0720497432,
      "abs_loss": 0.072707420755,
      "rel_score": -0.00912810408184761
    },
    "val": {
      "mse": 0.0013075927272439003,
      "mae": 0.027373649179935455,
      "directional_accuracy": 0.4435483870967742,
      "base_loss": 0.04697830715000001,
      "abs_loss": 0.04748625810000001,
      "rel_score": -0.010812457511040874
    },
    "test": {
      "mse": 0.002422113437205553,
      "mae": 0.037362221628427505,
      "directional_accuracy": 0.46688741721854304,
      "base_loss": 0.07046886645000001,
      "abs_loss": 0.06956591865000003,
      "rel_score": 0.01281342875921887
    }
  }
}