{
  "lstm": {
    "train": {
      "base_loss": 0.0720497432,
      "abs_loss": 0.07237467698200001,
      "rel_score": -0.004509853436923894,
      "directional_accuracy": 0.49244505494505497,
      "error_len": 2912,
      "base_len": 2912
    },
    "val": {
      "base_loss": 0.04697830715000001,
      "abs_loss": 0.047488401660000006,
      "rel_score": -0.010858086230550734,
      "directional_accuracy": 0.4435483870967742,
      "error_len": 248,
      "base_len": 248
    },
    "test": {
      "base_loss": 0.07046886645000001,
      "abs_loss": 0.06812045383500001,
      "rel_score": 0.03332553414444772,
      "directional_accuracy": 0.5364238410596026,
      "error_len": 302,
      "base_len": 302
    }
  },
  "linear_regression": {
    "train": {
      "base_loss": 0.0720497432,
      "abs_loss": 0.07280253942,
      "rel_score": -0.010448284567931676,
      "directional_accuracy": 0.5037774725274725,
      "error_len": 2912,
      "base_len": 2912
    },
    "val": {
      "base_loss": 0.04697830715000001,
      "abs_loss": 0.05154838792500001,
      "rel_score": -0.09728066105932465,
      "directional_accuracy": 0.45161290322580644,
      "error_len": 248,
      "base_len": 248
    },
    "test": {
      "base_loss": 0.07046886645000001,
      "abs_loss": 0.071377415735,
      "rel_score": -0.012892917550257899,
      "directional_accuracy": 0.5198675496688742,
      "error_len": 302,
      "base_len": 302
    }
  },
  "arima": {
    "train": {
      "base_loss": 0.0720497432,
      "abs_loss": 0.072707420755,
      "rel_score": -0.00912810408184761,
      "directional_accuracy": 0.47767857142857145,
      "error_len": 2912,
      "base_len": 2912
    },
    "val": {
      "base_loss": 0.04697830715000001,
      "abs_loss": 0.04748625810000001,
      "rel_score": -0.010812457511040874,
      "directional_accuracy": 0.4435483870967742,
      "error_len": 248,
      "base_len": 248
    },
    "test": {
      "base_loss": 0.07046886645000001,
      "abs_loss": 0.06956591865000003,
      "rel_score": 0.01281342875921887,
      "directional_accuracy": 0.46688741721854304,
      "error_len": 302,
      "base_len": 302
    }
  }
}