{
  "lstm": {
    "threshold": 0.005,
    "holding_period": 3,
    "trade_count": 40,
    "coverage": 0.13157894736842105,
    "directional_accuracy": 0.575,
    "avg_actual_return": 0.013173912962500001,
    "avg_strategy_return": 0.013173912962500001,
    "cumulative_strategy_return": 0.5269565185,
    "final_equity": 1.5947185681061264,
    "sampled_buy_hold_equity": 1.5947185681061264
  },
  "linear_regression": {
    "threshold": 0.0025,
    "holding_period": 3,
    "trade_count": 80,
    "coverage": 0.2631578947368421,
    "directional_accuracy": 0.55,
    "avg_actual_return": 0.005665277915,
    "avg_strategy_return": 0.005665277915,
    "cumulative_strategy_return": 0.4532222332,
    "final_equity": 1.4387637427336664,
    "sampled_buy_hold_equity": 1.4387637427336664
  },
  "arima": {
    "threshold": 0.02,
    "holding_period": 3,
    "trade_count": 2,
    "coverage": 0.006578947368421052,
    "directional_accuracy": 0.5,
    "avg_actual_return": 0.0037042359999999996,
    "avg_strategy_return": 0.0037042359999999996,
    "cumulative_strategy_return": 0.007408471999999999,
    "final_equity": 1.0069153585555515,
    "sampled_buy_hold_equity": 1.0069153585555515
  }
}