{
  "lstm": {
    "train": {
      "mse": 0.0003609444829635322,
      "mae": 0.012780153192579746,
      "directional_accuracy": 0.4396516971700395,
      "base_loss": 0.023543964140117175,
      "abs_loss": 0.023570530489087117,
      "rel_score": -0.0011283719602968034
    },
    "val": {
      "mse": 0.00018011346401181072,
      "mae": 0.008965549990534782,
      "directional_accuracy": 0.4510913500404204,
      "base_loss": 0.01662288904190064,
      "abs_loss": 0.01654350485187024,
      "rel_score": 0.004775595254850051
    },
    "test": {
      "mse": 0.00027746628620661795,
      "mae": 0.010494600050151348,
      "directional_accuracy": 0.44576719576719576,
      "base_loss": 0.01828775005415082,
      "abs_loss": 0.018451465640100657,
      "rel_score": -0.008952199448541531
    }
  },
  "linear_regression": {
    "train": {
      "mse": 0.0003409672644920647,
      "mae": 0.012813067063689232,
      "directional_accuracy": 0.42715472063210513,
      "base_loss": 0.023543964140117175,
      "abs_loss": 0.024486271414207315,
      "rel_score": -0.04002330569661883
    },
    "val": {
      "mse": 0.0002047538582701236,
      "mae": 0.009861255064606667,
      "directional_accuracy": 0.4696847210994341,
      "base_loss": 0.01662288904190064,
      "abs_loss": 0.0175819767639041,
      "rel_score": -0.05769681308621655
    },
    "test": {
      "mse": 0.00028092091088183224,
      "mae": 0.01099351979792118,
      "directional_accuracy": 0.4417989417989418,
      "base_loss": 0.01828775005415082,
      "abs_loss": 0.020187692853505725,
      "rel_score": -0.10389155547998463
    }
  },
  "arima": {
    "train": {
      "mse": 0.0003585991507861763,
      "mae": 0.012734150514006615,
      "directional_accuracy": 0.42223655567201485,
      "base_loss": 0.023543964140117175,
      "abs_loss": 0.023716205808159432,
      "rel_score": -0.007315746278629964
    },
    "val": {
      "mse": 0.00018078810535371304,
      "mae": 0.008960369974374771,
      "directional_accuracy": 0.4074373484236055,
      "base_loss": 0.01662288904190064,
      "abs_loss": 0.01677775211646804,
      "rel_score": -0.009316255085204617
    },
    "test": {
      "mse": 0.0002781656221486628,
      "mae": 0.010472909547388554,
      "directional_accuracy": 0.43187830687830686,
      "base_loss": 0.01828775005415082,
      "abs_loss": 0.01853666426468408,
      "rel_score": -0.013610980563284913
    }
  },
  "lstm_ensemble": {
    "train": {
      "mse": 0.00035787041997537017,
      "mae": 0.012643162161111832,
      "directional_accuracy": 0.457389341288398,
      "base_loss": 0.023543964140117175,
      "abs_loss": 0.023297733266372238,
      "rel_score": 0.010458343899928835
    },
    "val": {
      "mse": 0.00017970667977351695,
      "mae": 0.008911806158721447,
      "directional_accuracy": 0.4559417946645109,
      "base_loss": 0.01662288904190064,
      "abs_loss": 0.016698441322660074,
      "rel_score": -0.004545075201367821
    },
    "test": {
      "mse": 0.00027616258012130857,
      "mae": 0.010412494651973248,
      "directional_accuracy": 0.45171957671957674,
      "base_loss": 0.01828775005415082,
      "abs_loss": 0.018353638104963467,
      "rel_score": -0.003602851669426199
    }
  },
  "lstm_seed_42": {
    "train": {
      "mse": 0.0003609444829635322,
      "mae": 0.012780153192579746,
      "directional_accuracy": 0.4396516971700395,
      "base_loss": 0.023543964140117175,
      "abs_loss": 0.023570530489087117,
      "rel_score": -0.0011283719602968034
    },
    "val": {
      "mse": 0.00018011346401181072,
      "mae": 0.008965549990534782,
      "directional_accuracy": 0.4510913500404204,
      "base_loss": 0.01662288904190064,
      "abs_loss": 0.01654350485187024,
      "rel_score": 0.004775595254850051
    },
    "test": {
      "mse": 0.00027746628620661795,
      "mae": 0.010494600050151348,
      "directional_accuracy": 0.44576719576719576,
      "base_loss": 0.01828775005415082,
      "abs_loss": 0.018451465640100657,
      "rel_score": -0.008952199448541531
    }
  },
  "lstm_seed_52": {
    "train": {
      "mse": 0.00036038534017279744,
      "mae": 0.01269858330488205,
      "directional_accuracy": 0.45634120777231313,
      "base_loss": 0.023543964140117175,
      "abs_loss": 0.023534178049885668,
      "rel_score": 0.0004156517642172064
    },
    "val": {
      "mse": 0.00018223922234028578,
      "mae": 0.008983497507870197,
      "directional_accuracy": 0.43249797898140663,
      "base_loss": 0.01662288904190064,
      "abs_loss": 0.016582350560929632,
      "rel_score": 0.0024387145260265086
    },
    "test": {
      "mse": 0.00027771457098424435,
      "mae": 0.010530251078307629,
      "directional_accuracy": 0.43716931216931215,
      "base_loss": 0.01828775005415082,
      "abs_loss": 0.018609421679866504,
      "rel_score": -0.01758945877777207
    }
  },
  "lstm_seed_62": {
    "train": {
      "mse": 0.0003657317429315299,
      "mae": 0.012914772145450115,
      "directional_accuracy": 0.4244134483592679,
      "base_loss": 0.023543964140117175,
      "abs_loss": 0.02377447211183608,
      "rel_score": -0.009790533588442507
    },
    "val": {
      "mse": 0.00018181002815254033,
      "mae": 0.008996577933430672,
      "directional_accuracy": 0.44785772029102666,
      "base_loss": 0.01662288904190064,
      "abs_loss": 0.01676502756308764,
      "rel_score": -0.008550771218451603
    },
    "test": {
      "mse": 0.00027788514853455126,
      "mae": 0.010461857542395592,
      "directional_accuracy": 0.44113756613756616,
      "base_loss": 0.01828775005415082,
      "abs_loss": 0.018593654188953226,
      "rel_score": -0.016727270106853487
    }
  },
  "lstm_seed_99": {
    "train": {
      "mse": 0.0003601152857299894,
      "mae": 0.012729648500680923,
      "directional_accuracy": 0.4479561396436346,
      "base_loss": 0.023543964140117175,
      "abs_loss": 0.023353736725403,
      "rel_score": 0.008079668044942423
    },
    "val": {
      "mse": 0.00017998855037149042,
      "mae": 0.0089943902567029,
      "directional_accuracy": 0.4381568310428456,
      "base_loss": 0.01662288904190064,
      "abs_loss": 0.016619614319643004,
      "rel_score": 0.00019700078905549034
    },
    "test": {
      "mse": 0.000280161650152877,
      "mae": 0.010578438639640808,
      "directional_accuracy": 0.4537037037037037,
      "base_loss": 0.01828775005415082,
      "abs_loss": 0.01832080365093134,
      "rel_score": -0.0018074173521973602
    }
  },
  "lstm_best_by_val": {
    "train": {
      "mse": 0.0003609444829635322,
      "mae": 0.012780153192579746,
      "directional_accuracy": 0.4396516971700395,
      "base_loss": 0.023543964140117175,
      "abs_loss": 0.023570530489087117,
      "rel_score": -0.0011283719602968034
    },
    "val": {
      "mse": 0.00018011346401181072,
      "mae": 0.008965549990534782,
      "directional_accuracy": 0.4510913500404204,
      "base_loss": 0.01662288904190064,
      "abs_loss": 0.01654350485187024,
      "rel_score": 0.004775595254850051
    },
    "test": {
      "mse": 0.00027746628620661795,
      "mae": 0.010494600050151348,
      "directional_accuracy": 0.44576719576719576,
      "base_loss": 0.01828775005415082,
      "abs_loss": 0.018451465640100657,
      "rel_score": -0.008952199448541531
    }
  },
  "lstm_top2_by_val": {
    "train": {
      "mse": 0.00035850831773132086,
      "mae": 0.012672792188823223,
      "directional_accuracy": 0.4559380794968959,
      "base_loss": 0.023543964140117175,
      "abs_loss": 0.023428485938347884,
      "rel_score": 0.004904790080465848
    },
    "val": {
      "mse": 0.00018045883916784078,
      "mae": 0.008932962082326412,
      "directional_accuracy": 0.43411479385610346,
      "base_loss": 0.01662288904190064,
      "abs_loss": 0.016636947134975353,
      "rel_score": -0.0008457069670184669
    },
    "test": {
      "mse": 0.00027611773111857474,
      "mae": 0.010452819056808949,