{
  "lstm": {
    "train": {
      "base_loss": 0.023543964140117175,
      "abs_loss": 0.023570530489087117,
      "rel_score": -0.0011283719602968034,
      "directional_accuracy": 0.4396516971700395,
      "error_len": 12403,
      "base_len": 12403
    },
    "val": {
      "base_loss": 0.01662288904190064,
      "abs_loss": 0.01654350485187024,
      "rel_score": 0.004775595254850051,
      "directional_accuracy": 0.4510913500404204,
      "error_len": 1237,
      "base_len": 1237
    },
    "test": {
      "base_loss": 0.01828775005415082,
      "abs_loss": 0.018451465640100657,
      "rel_score": -0.008952199448541531,
      "directional_accuracy": 0.44576719576719576,
      "error_len": 1512,
      "base_len": 1512
    }
  },
  "linear_regression": {
    "train": {
      "base_loss": 0.023543964140117175,
      "abs_loss": 0.024486271414207315,
      "rel_score": -0.04002330569661883,
      "directional_accuracy": 0.42715472063210513,
      "error_len": 12403,
      "base_len": 12403
    },
    "val": {
      "base_loss": 0.01662288904190064,
      "abs_loss": 0.0175819767639041,
      "rel_score": -0.05769681308621655,
      "directional_accuracy": 0.4696847210994341,
      "error_len": 1237,
      "base_len": 1237
    },
    "test": {
      "base_loss": 0.01828775005415082,
      "abs_loss": 0.020187692853505725,
      "rel_score": -0.10389155547998463,
      "directional_accuracy": 0.4417989417989418,
      "error_len": 1512,
      "base_len": 1512
    }
  },
  "arima": {
    "train": {
      "base_loss": 0.023543964140117175,
      "abs_loss": 0.023716205808159432,
      "rel_score": -0.007315746278629964,
      "directional_accuracy": 0.42223655567201485,
      "error_len": 12403,
      "base_len": 12403
    },
    "val": {
      "base_loss": 0.01662288904190064,
      "abs_loss": 0.01677775211646804,
      "rel_score": -0.009316255085204617,
      "directional_accuracy": 0.4074373484236055,
      "error_len": 1237,
      "base_len": 1237
    },
    "test": {
      "base_loss": 0.01828775005415082,
      "abs_loss": 0.01853666426468408,
      "rel_score": -0.013610980563284913,
      "directional_accuracy": 0.43187830687830686,
      "error_len": 1512,
      "base_len": 1512
    }
  },
  "lstm_ensemble": {
    "train": {
      "base_loss": 0.023543964140117175,
      "abs_loss": 0.023297733266372238,
      "rel_score": 0.010458343899928835,
      "directional_accuracy": 0.457389341288398,
      "error_len": 12403,
      "base_len": 12403
    },
    "val": {
      "base_loss": 0.01662288904190064,
      "abs_loss": 0.016698441322660074,
      "rel_score": -0.004545075201367821,
      "directional_accuracy": 0.4559417946645109,
      "error_len": 1237,
      "base_len": 1237
    },
    "test": {
      "base_loss": 0.01828775005415082,
      "abs_loss": 0.018353638104963467,
      "rel_score": -0.003602851669426199,
      "directional_accuracy": 0.45171957671957674,
      "error_len": 1512,
      "base_len": 1512
    }
  },
  "lstm_seed_42": {
    "train": {
      "base_loss": 0.023543964140117175,
      "abs_loss": 0.023570530489087117,
      "rel_score": -0.0011283719602968034,
      "directional_accuracy": 0.4396516971700395,
      "error_len": 12403,
      "base_len": 12403
    },
    "val": {
      "base_loss": 0.01662288904190064,
      "abs_loss": 0.01654350485187024,
      "rel_score": 0.004775595254850051,
      "directional_accuracy": 0.4510913500404204,
      "error_len": 1237,
      "base_len": 1237
    },
    "test": {
      "base_loss": 0.01828775005415082,
      "abs_loss": 0.018451465640100657,
      "rel_score": -0.008952199448541531,
      "directional_accuracy": 0.44576719576719576,
      "error_len": 1512,
      "base_len": 1512
    }
  },
  "lstm_seed_52": {
    "train": {
      "base_loss": 0.023543964140117175,
      "abs_loss": 0.023534178049885668,
      "rel_score": 0.0004156517642172064,
      "directional_accuracy": 0.45634120777231313,
      "error_len": 12403,
      "base_len": 12403
    },
    "val": {
      "base_loss": 0.01662288904190064,
      "abs_loss": 0.016582350560929632,
      "rel_score": 0.0024387145260265086,
      "directional_accuracy": 0.43249797898140663,
      "error_len": 1237,
      "base_len": 1237
    },
    "test": {
      "base_loss": 0.01828775005415082,
      "abs_loss": 0.018609421679866504,
      "rel_score": -0.01758945877777207,
      "directional_accuracy": 0.43716931216931215,
      "error_len": 1512,
      "base_len": 1512
    }
  },
  "lstm_seed_62": {
    "train": {
      "base_loss": 0.023543964140117175,
      "abs_loss": 0.02377447211183608,
      "rel_score": -0.009790533588442507,
      "directional_accuracy": 0.4244134483592679,
      "error_len": 12403,
      "base_len": 12403
    },
    "val": {
      "base_loss": 0.01662288904190064,
      "abs_loss": 0.01676502756308764,
      "rel_score": -0.008550771218451603,
      "directional_accuracy": 0.44785772029102666,
      "error_len": 1237,
      "base_len": 1237
    },
    "test": {
      "base_loss": 0.01828775005415082,
      "abs_loss": 0.018593654188953226,
      "rel_score": -0.016727270106853487,
      "directional_accuracy": 0.44113756613756616,
      "error_len": 1512,
      "base_len": 1512
    }
  },
  "lstm_seed_99": {
    "train": {
      "base_loss": 0.023543964140117175,
      "abs_loss": 0.023353736725403,
      "rel_score": 0.008079668044942423,
      "directional_accuracy": 0.4479561396436346,
      "error_len": 12403,
      "base_len": 12403
    },
    "val": {
      "base_loss": 0.01662288904190064,
      "abs_loss": 0.016619614319643004,
      "rel_score": 0.00019700078905549034,
      "directional_accuracy": 0.4381568310428456,
      "error_len": 1237,
      "base_len": 1237
    },
    "test": {
      "base_loss": 0.01828775005415082,
      "abs_loss": 0.01832080365093134,
      "rel_score": -0.0018074173521973602,
      "directional_accuracy": 0.4537037037037037,
      "error_len": 1512,
      "base_len": 1512
    }
  },
  "lstm_best_by_val": {
    "train": {
      "base_loss": 0.023543964140117175,
      "abs_loss": 0.023570530489087117,
      "rel_score": -0.0011283719602968034,
      "directional_accuracy": 0.4396516971700395,
      "error_len": 12403,
      "base_len": 12403
    },
    "val": {
      "base_loss": 0.01662288904190064,
      "abs_loss": 0.01654350485187024,
      "rel_score": 0.004775595254850051,
      "directional_accuracy": 0.4510913500404204,
      "error_len": 1237,
      "base_len": 1237
    },
    "test": {
      "base_loss": 0.01828775005415082,
      "abs_loss": 0.018451465640100657,
      "rel_score": -0.008952199448541531,
      "directional_accuracy": 0.44576719576719576,
      "error_len": 1512,
      "base_len": 1512
    }
  },
  "lstm_top2_by_val": {
    "train": {
      "base_loss": 0.023543964140117175,
      "abs_loss": 0.023428485938347884,
      "rel_score": 0.004904790080465848,
      "directional_accuracy": 0.4559380794968959,
      "error_len": 12403,
      "base_len": 12403
    },
    "val": {
      "base_loss": 0.01662288904190064,
      "abs_loss": 0.016636947134975353,
      "rel_score": -0.0008457069670184669,
      "directional_accuracy": 0.43411479385610346,
      "error_len": 1237,
      "base_len": 1237
    },
    "test": {
      "base_loss": 0.01828775005415082,
      "abs_loss": 0.018485731660621244,
      "rel_score": -0.010825913843102164,
      "directional_accuracy": 0.453042328042328,
      "error_len": 1512,
      "base_len": 1512
    }
  },
  "lstm_signmag": {
    "train": {
      "base_loss": 0.023543964140117175,
      "abs_loss": 0.023202254634816198,
      "rel_score": 0.014513677614668485,
      "directional_accuracy": 0.4540030637748932,
      "error_len": 12403,
      "base_len": 12403
    },
    "val": {
      "base_loss": 0.01662288904190064,
      "abs_loss": 0.016468908169190402,
      "rel_score": 0.009263183573090417,
      "directional_accuracy": 0.444624090541633,
      "error_len": 1237,
      "base_len": 1237
    },