{
  "lstm": {
    "train": {
      "mse": 0.0013866809895262122,
      "mae": 0.026098450645804405,
      "directional_accuracy": 0.5274963820549927,
      "base_loss": 0.04824731014668941,
      "abs_loss": 0.04806865535501858,
      "rel_score": 0.003702896412829171
    },
    "val": {
      "mse": 0.0007482870714738965,
      "mae": 0.019559163600206375,
      "directional_accuracy": 0.5403225806451613,
      "base_loss": 0.037043309584259984,
      "abs_loss": 0.03549644771264866,
      "rel_score": 0.041758198416174896
    },
    "test": {
      "mse": 0.00404226453974843,
      "mae": 0.046930089592933655,
      "directional_accuracy": 0.4867549668874172,
      "base_loss": 0.087188769876957,
      "abs_loss": 0.08814045883482323,
      "rel_score": -0.010915269927644022
    }
  },
  "linear_regression": {
    "train": {
      "mse": 0.0013188837328925729,
      "mae": 0.026162484660744667,
      "directional_accuracy": 0.515918958031838,
      "base_loss": 0.04824731014668941,
      "abs_loss": 0.048781482735648786,
      "rel_score": -0.011071551705893912
    },
    "val": {
      "mse": 0.0007485824753530324,
      "mae": 0.02017560414969921,
      "directional_accuracy": 0.5645161290322581,
      "base_loss": 0.037043309584259984,
      "abs_loss": 0.037056594772730024,
      "rel_score": -0.0003586393499701579
    },
    "test": {
      "mse": 0.0037610139697790146,
      "mae": 0.04512037709355354,
      "directional_accuracy": 0.49337748344370863,
      "base_loss": 0.087188769876957,
      "abs_loss": 0.08289025402627886,
      "rel_score": 0.049301255846874725
    }
  },
  "arima": {
    "train": {
      "mse": 0.0013714659726247191,
      "mae": 0.02601195126771927,
      "directional_accuracy": 0.4956584659913169,
      "base_loss": 0.04824731014668941,
      "abs_loss": 0.04803949689958245,
      "rel_score": 0.0043072504244305865
    },
    "val": {
      "mse": 0.0007734560058452189,
      "mae": 0.0199698768556118,
      "directional_accuracy": 0.4637096774193548,
      "base_loss": 0.037043309584259984,
      "abs_loss": 0.036573779390892014,
      "rel_score": 0.01267516856991302
    },
    "test": {
      "mse": 0.003929079510271549,
      "mae": 0.04597212001681328,
      "directional_accuracy": 0.4337748344370861,
      "base_loss": 0.087188769876957,
      "abs_loss": 0.08755701538757424,
      "rel_score": -0.0042235429073824715
    }
  }
}