loss,val_loss,val_rel_score,learning_rate
0.011999709531664848,0.010686325840651989,-0.005001879928490327,0.00019999999494757503
0.011326503939926624,0.010388256050646305,-0.010311338772573508,0.00019999999494757503
0.0111451530829072,0.01028527319431305,-0.008604976747955462,0.00019999999494757503
0.011071167886257172,0.010233331471681595,-0.009322165723995024,0.00019999999494757503
0.011033023707568645,0.010214640758931637,-0.011540202987845749,9.999999747378752e-05
0.011013655923306942,0.010200652293860912,-0.01101424842738985,9.999999747378752e-05
0.010998675599694252,0.010187841951847076,-0.010626772652664984,9.999999747378752e-05
