loss,magnitude_loss,sign_prob_loss,signed_prediction_loss,val_loss,val_magnitude_loss,val_sign_prob_loss,val_signed_prediction_loss,val_rel_score,learning_rate
0.10431187599897385,0.005519555415958166,0.7894911170005798,0.01126072183251381,0.10238184779882431,0.004294541664421558,0.789413571357727,0.010322747752070427,-0.021535234852657625,0.00019999999494757503
0.10308799147605896,0.004160440061241388,0.7850220203399658,0.011235159821808338,0.1018417552113533,0.0038884561508893967,0.7882692813873291,0.010281458497047424,-0.019793454386666243,0.00019999999494757503
0.10266711562871933,0.004073945805430412,0.7832656502723694,0.011217228136956692,0.10164184123277664,0.003846164094284177,0.7877991795539856,0.010272952727973461,-0.019697416475156437,0.00019999999494757503
0.10239709168672562,0.0040505132637917995,0.7818853855133057,0.011206362396478653,0.10157528519630432,0.003827385138720274,0.7879890203475952,0.010270839557051659,-0.024089267831516326,0.00019999999494757503
0.10220454633235931,0.004035479389131069,0.7808235287666321,0.011196931824088097,0.10156378895044327,0.0038153710775077343,0.7884464263916016,0.010270213708281517,-0.023414950114439392,0.00019999999494757503
0.10201322287321091,0.004023135174065828,0.7794405817985535,0.011188162490725517,0.10161097347736359,0.0038110888563096523,0.7890285849571228,0.010272796265780926,-0.022805867291676662,9.999999747378752e-05
0.10193882137537003,0.0040180617943406105,0.7789727449417114,0.011182493530213833,0.10162685066461563,0.003808311652392149,0.7893466949462891,0.010272488929331303,-0.02222142001453231,9.999999747378752e-05
0.10185382515192032,0.004016805440187454,0.7783522605895996,0.011176882311701775,0.10164536535739899,0.0038080245722085238,0.7896776795387268,0.010272315703332424,-0.022585587026124232,9.999999747378752e-05
0.10179489850997925,0.004011775366961956,0.7779194116592407,0.011173290200531483,0.10167092829942703,0.0038083726540207863,0.7899646759033203,0.010273183695971966,-0.022700353577912225,4.999999873689376e-05
