loss,val_loss,val_rel_score,learning_rate
1.003614902496338,1.0154346227645874,0.012829182763053892,0.00019999999494757503
