{
  "lstm": {
    "train": {
      "mse": 0.0006826278404332697,
      "mae": 0.018281294032931328,
      "directional_accuracy": 0.44740717773815986,
      "base_loss": 0.03482275828719139,
      "abs_loss": 0.034716556838247925,
      "rel_score": 0.0030497713038007968
    },
    "val": {
      "mse": 0.00036122609162703156,
      "mae": 0.012686751782894135,
      "directional_accuracy": 0.4740740740740741,
      "base_loss": 0.023283637501299397,
      "abs_loss": 0.02307081205653959,
      "rel_score": 0.00914055824601856
    },
    "test": {
      "mse": 0.0007061604992486537,
      "mae": 0.018418950960040092,
      "directional_accuracy": 0.4413309982486865,
      "base_loss": 0.036360868811607355,
      "abs_loss": 0.035953242190589665,
      "rel_score": 0.011210585289633257
    }
  },
  "linear_regression": {
    "train": {
      "mse": 0.0006273977342061698,
      "mae": 0.01803644187748432,
      "directional_accuracy": 0.4491899852724595,
      "base_loss": 0.03482275828719139,
      "abs_loss": 0.03583250485826284,
      "rel_score": -0.028996742955966548
    },
    "val": {
      "mse": 0.0003951330145355314,
      "mae": 0.013841039501130581,
      "directional_accuracy": 0.43434343434343436,
      "base_loss": 0.023283637501299397,
      "abs_loss": 0.025589387444779284,
      "rel_score": -0.0990287683078388
    },
    "test": {
      "mse": 0.0007188145536929369,
      "mae": 0.019251015037298203,
      "directional_accuracy": 0.4553415061295972,
      "base_loss": 0.036360868811607355,
      "abs_loss": 0.03697404181584715,
      "rel_score": -0.01686354106159471
    }
  },
  "arima": {
    "train": {
      "mse": 0.000657019205391407,
      "mae": 0.01811612769961357,
      "directional_accuracy": 0.4465545306565383,
      "base_loss": 0.03482275828719139,
      "abs_loss": 0.034987001185072586,
      "rel_score": -0.004716539009536502
    },
    "val": {
      "mse": 0.00037325950688682497,
      "mae": 0.012794788926839828,
      "directional_accuracy": 0.4484848484848485,
      "base_loss": 0.023283637501299397,
      "abs_loss": 0.023588874858978693,
      "rel_score": -0.013109521983507122
    },
    "test": {
      "mse": 0.0006939373561181128,
      "mae": 0.018231546506285667,
      "directional_accuracy": 0.44892002335084646,
      "base_loss": 0.036360868811607355,
      "abs_loss": 0.03651284403022145,
      "rel_score": -0.004179636614336957
    }
  },
  "lstm_ensemble": {
    "train": {
      "mse": 0.0006657234625890851,
      "mae": 0.018019285053014755,
      "directional_accuracy": 0.4702736221998295,
      "base_loss": 0.03482275828719139,
      "abs_loss": 0.034511578269302845,
      "rel_score": 0.008936110555119448
    },
    "val": {
      "mse": 0.0003615138411987573,
      "mae": 0.012537013739347458,
      "directional_accuracy": 0.4754208754208754,
      "base_loss": 0.023283637501299397,
      "abs_loss": 0.023425581329502166,
      "rel_score": -0.006096290933701676
    },
    "test": {
      "mse": 0.0006976374424993992,
      "mae": 0.01816766895353794,
      "directional_accuracy": 0.46351430239346175,
      "base_loss": 0.036360868811607355,
      "abs_loss": 0.035399975220207124,
      "rel_score": 0.026426585029604377
    }
  },
  "lstm_seed_42": {
    "train": {
      "mse": 0.0006826278404332697,
      "mae": 0.018281294032931328,
      "directional_accuracy": 0.44740717773815986,
      "base_loss": 0.03482275828719139,
      "abs_loss": 0.034716556838247925,
      "rel_score": 0.0030497713038007968
    },
    "val": {
      "mse": 0.00036122609162703156,
      "mae": 0.012686751782894135,
      "directional_accuracy": 0.4740740740740741,
      "base_loss": 0.023283637501299397,
      "abs_loss": 0.02307081205653959,
      "rel_score": 0.00914055824601856
    },
    "test": {
      "mse": 0.0007061604992486537,
      "mae": 0.018418950960040092,
      "directional_accuracy": 0.4413309982486865,
      "base_loss": 0.036360868811607355,
      "abs_loss": 0.035953242190589665,
      "rel_score": 0.011210585289633257
    }
  },
  "lstm_seed_52": {
    "train": {
      "mse": 0.0006701561505906284,
      "mae": 0.01807609386742115,
      "directional_accuracy": 0.4737617238973723,
      "base_loss": 0.03482275828719139,
      "abs_loss": 0.03433477343060076,
      "rel_score": 0.01401338896149762
    },
    "val": {
      "mse": 0.00036693093716166914,
      "mae": 0.012689636088907719,
      "directional_accuracy": 0.47609427609427607,
      "base_loss": 0.023283637501299397,
      "abs_loss": 0.023393618455156688,
      "rel_score": -0.0047235297255918685
    },
    "test": {
      "mse": 0.0006932272226549685,
      "mae": 0.018133392557501793,
      "directional_accuracy": 0.4862813776999416,
      "base_loss": 0.036360868811607355,
      "abs_loss": 0.03517750105820596,
      "rel_score": 0.03254509014987106
    }
  },
  "lstm_seed_62": {
    "train": {
      "mse": 0.0006763367564417422,
      "mae": 0.018193569034337997,
      "directional_accuracy": 0.44670955739865126,
      "base_loss": 0.03482275828719139,
      "abs_loss": 0.034591443894896656,
      "rel_score": 0.006642621195800502
    },
    "val": {
      "mse": 0.00036169751547276974,
      "mae": 0.012651987373828888,
      "directional_accuracy": 0.43636363636363634,
      "base_loss": 0.023283637501299397,
      "abs_loss": 0.02325953100807967,
      "rel_score": 0.0010353405140577365
    },
    "test": {
      "mse": 0.0007050485000945628,
      "mae": 0.018335793167352676,
      "directional_accuracy": 0.4401634559252773,
      "base_loss": 0.036360868811607355,
      "abs_loss": 0.03574187884805724,
      "rel_score": 0.017023519618225347
    }
  },
  "lstm_seed_99": {
    "train": {
      "mse": 0.0006618665647692978,
      "mae": 0.018053144216537476,
      "directional_accuracy": 0.4671730873575692,
      "base_loss": 0.03482275828719139,
      "abs_loss": 0.034663792699575424,
      "rel_score": 0.004564991271080232
    },
    "val": {
      "mse": 0.00036463679862208664,
      "mae": 0.012572583742439747,
      "directional_accuracy": 0.49562289562289563,
      "base_loss": 0.023283637501299397,
      "abs_loss": 0.02336213012458757,
      "rel_score": -0.0033711495157831006
    },
    "test": {
      "mse": 0.000705838727299124,
      "mae": 0.018306568264961243,
      "directional_accuracy": 0.45884413309982486,
      "base_loss": 0.036360868811607355,
      "abs_loss": 0.03560404386371373,
      "rel_score": 0.020814270192906603
    }
  },
  "lstm_best_by_val": {
    "train": {
      "mse": 0.0006826278404332697,
      "mae": 0.018281294032931328,
      "directional_accuracy": 0.44740717773815986,
      "base_loss": 0.03482275828719139,
      "abs_loss": 0.034716556838247925,
      "rel_score": 0.0030497713038007968
    },
    "val": {
      "mse": 0.00036122609162703156,
      "mae": 0.012686751782894135,
      "directional_accuracy": 0.4740740740740741,
      "base_loss": 0.023283637501299397,
      "abs_loss": 0.02307081205653959,
      "rel_score": 0.00914055824601856
    },
    "test": {
      "mse": 0.0007061604992486537,
      "mae": 0.018418950960040092,
      "directional_accuracy": 0.4413309982486865,
      "base_loss": 0.036360868811607355,
      "abs_loss": 0.035953242190589665,
      "rel_score": 0.011210585289633257
    }
  },
  "lstm_top2_by_val": {
    "train": {
      "mse": 0.0006755743524990976,
      "mae": 0.01816612482070923,
      "directional_accuracy": 0.4458569103170297,
      "base_loss": 0.03482275828719139,
      "abs_loss": 0.03460503104724921,
      "rel_score": 0.0062524409510162915
    },
    "val": {
      "mse": 0.0003600630152504891,
      "mae": 0.012628227472305298,
      "directional_accuracy": 0.4505050505050505,
      "base_loss": 0.023283637501299397,
      "abs_loss": 0.023373481165617715,
      "rel_score": -0.003858661015200271
    },
    "test": {
      "mse": 0.0007019108161330223,
      "mae": 0.018304459750652313,
      "directional_accuracy": 0.44191476941039115,