policy,gate,seed,active_days,final_equity,ann_ret,sharpe,max_dd,hit_rate
daily_bot_sig_50pct_pressure_nonneg_r20_k20_m5,wyck040,43,0.6021505376344086,1.568671596795273,0.1903915058016607,1.3372653883441006,-0.1631285473596089,0.3241167434715822
daily_bot_sig_50pct_pressure_nonneg_r20_k20_m5,wyck040,52,0.6021505376344086,1.4719944638703812,0.1614377543361143,1.139374183537633,-0.1707096689482803,0.3210445468509985
daily_bot_sig_50pct_pressure_nonneg_r20_k20_m5,wyck040,62,0.6021505376344086,1.5866394023785524,0.195651128743332,1.3534032263836318,-0.1701452210782364,0.3087557603686636
daily_bot_sig_50pct_pressure_nonneg_r20_k20_m5,wyck040,71,0.6021505376344086,1.4417145014999038,0.152130441516868,1.0662691628496244,-0.1874969780475949,0.3102918586789555
daily_bot_sig_50pct_pressure_nonneg_r20_k20_m5,wyck040,82,0.6021505376344086,1.5462767322596302,0.1837840186071764,1.3219291218899465,-0.1781526100890018,0.3179723502304147
