year,days,mean_rel_score,median_rel_score,positive_days,mean_absE_robust,p90_absE_robust,mean_absE_q90,mean_DA
2020,193,0.012540123376947461,0.00779296346329,103,0.02914562863128109,0.044015616914257406,0.03476385515392965,0.5061237730904127
2021,250,0.014475705532009818,0.0135079957629205,143,0.0334835664607715,0.04752750765415833,0.03906788706060029,0.5223335425554808
2022,216,0.005864377424105706,0.00476981337962425,116,0.04197591004927504,0.06773329554125665,0.04695833056265887,0.5251706091027984
