n,rel_score,absE_robust,base_robust,absE_median,absE_q90,DA,pred_actual_q90_ratio,variant
60445,0.0447751813078234,0.0360031789314234,0.0376907909289002,0.0125373839400708,0.0469315899827051,0.5182728099925552,0.1932157497880989,ensemble_mean_cal_each_traincal_clip
60445,0.0447586284558675,0.0360038028215058,0.0376907909289002,0.012526866979897,0.0469538716832175,0.5182728099925552,0.1932157497880989,ensemble_mean_cal_each_traincal
60445,0.0439107862622577,0.0360357586643658,0.0376907909289002,0.012514317932073,0.0470428814645856,0.5179419306807842,0.1860285185585005,ensemble_mean_raw_traincal
60445,0.0417096071327938,0.0361187228467315,0.0376907909289002,0.0125091380905359,0.047219169512391,0.5174786996443047,0.1723416358454478,ensemble_median_cal_each_traincal_clip
60445,0.0413698334901837,0.0361315291840583,0.0376907909289002,0.0125015322118997,0.0472599939443171,0.5174786996443047,0.1723416358454478,ensemble_median_cal_each_traincal
60445,0.0392227026457946,0.0362124562438111,0.0376907909289002,0.012470755726099,0.0474834010354243,0.5182728099925552,0.1545725990887494,ensemble_mean_cal_each
60445,0.0386010505561803,0.0362358868027513,0.0376907909289002,0.0124975531361997,0.0474766673331032,0.5174786996443047,0.1566742123820533,ensemble_median_cal_each
60445,0.0379415869442196,0.0362607425078749,0.0376907909289002,0.0124657053966075,0.0475900742225348,0.5179419306807842,0.1488228178137193,ensemble_mean_raw
