variant,mean_rel_score,median_rel_score,pos,n,mean_absE_robust,p90_absE_robust,mean_absE_q90,mean_DA,mean_ratio
train_cal_1_04,0.0232089336522449,0.0156958662571032,109,155,0.0355143916543056,0.0490376714477315,0.0450741360350812,0.5093001456628004,0.1824301915071982
raw,0.023169176422991,0.0164531092528846,108,155,0.0355182979316399,0.0490035755536518,0.045105655031427,0.5093001456628004,0.1754136516079193
shrink_075,0.0221412020102564,0.0156421232604608,112,155,0.0355943395059658,0.0493308301828801,0.045330585559473,0.5093001456628004,0.1315602385431787
zero,0.0,0.0,0,155,0.0366217783697309,0.0519206415861845,0.0470864048167582,0.0752146887646547,0.0
