{
  "arima": {
    "threshold": 0.0,
    "holding_period": 1,
    "trade_count": 704,
    "coverage": 0.6006825938566553,
    "directional_accuracy": 0.5838068181818182,
    "avg_actual_return": 0.0034399353481534087,
    "avg_strategy_return": 0.0034399353481534087,
    "cumulative_strategy_return": 2.4217144851,
    "final_equity": 9.630325905182536,
    "sampled_buy_hold_equity": 9.630325905182536
  },
  "linear_regression": {
    "threshold": 0.0,
    "holding_period": 1,
    "trade_count": 732,
    "coverage": 0.6245733788395904,
    "directional_accuracy": 0.5478142076502732,
    "avg_actual_return": 0.001547070998770492,
    "avg_strategy_return": 0.001547070998770492,
    "cumulative_strategy_return": 1.1324559711000002,
    "final_equity": 2.6096489860127208,
    "sampled_buy_hold_equity": 2.6096489860127208
  },
  "lstm_signmag_ensemble": {
    "threshold": 0.0025,
    "holding_period": 1,
    "trade_count": 79,
    "coverage": 0.0674061433447099,
    "directional_accuracy": 0.6075949367088608,
    "avg_actual_return": 0.010805434649367092,
    "avg_strategy_return": 0.010805434649367092,
    "cumulative_strategy_return": 0.8536293373000002,
    "final_equity": 2.217846373122878,
    "sampled_buy_hold_equity": 2.217846373122878
  },
  "lstm_signmag_top2_by_val": {
    "threshold": 0.0025,
    "holding_period": 1,
    "trade_count": 98,
    "coverage": 0.08361774744027303,
    "directional_accuracy": 0.6122448979591837,
    "avg_actual_return": 0.008461801855102041,
    "avg_strategy_return": 0.008461801855102041,
    "cumulative_strategy_return": 0.8292565818000001,
    "final_equity": 2.1635908468959157,
    "sampled_buy_hold_equity": 2.1635908468959157
  },
  "lstm_best_by_val": {
    "threshold": 0.0025,
    "holding_period": 1,
    "trade_count": 190,
    "coverage": 0.1621160409556314,
    "directional_accuracy": 0.5157894736842106,
    "avg_actual_return": 0.004172670766315789,
    "avg_strategy_return": 0.004172670766315789,
    "cumulative_strategy_return": 0.7928074456,
    "final_equity": 2.0251887498496246,
    "sampled_buy_hold_equity": 2.0251887498496246
  },
  "lstm_seed_62": {
    "threshold": 0.0025,
    "holding_period": 1,
    "trade_count": 190,
    "coverage": 0.1621160409556314,
    "directional_accuracy": 0.5157894736842106,
    "avg_actual_return": 0.004172670766315789,
    "avg_strategy_return": 0.004172670766315789,
    "cumulative_strategy_return": 0.7928074456,
    "final_equity": 2.0251887498496246,
    "sampled_buy_hold_equity": 2.0251887498496246
  },
  "lstm_seed_52": {
    "threshold": 0.0,
    "holding_period": 1,
    "trade_count": 472,
    "coverage": 0.40273037542662116,
    "directional_accuracy": 0.538135593220339,
    "avg_actual_return": 0.0017840323438559323,
    "avg_strategy_return": 0.0017840323438559323,
    "cumulative_strategy_return": 0.8420632663000001,
    "final_equity": 2.013798306369539,
    "sampled_buy_hold_equity": 2.013798306369539
  },
  "lstm_signmag_seed_52": {
    "threshold": 0.0,
    "holding_period": 1,
    "trade_count": 674,
    "coverage": 0.5750853242320819,
    "directional_accuracy": 0.5326409495548962,
    "avg_actual_return": 0.0012205470093471814,
    "avg_strategy_return": 0.0012205470093471814,
    "cumulative_strategy_return": 0.8226486843000003,
    "final_equity": 1.9268287203306698,
    "sampled_buy_hold_equity": 1.9268287203306698
  },
  "lstm_ensemble": {
    "threshold": 0.0025,
    "holding_period": 1,
    "trade_count": 123,
    "coverage": 0.10494880546075085,
    "directional_accuracy": 0.5284552845528455,
    "avg_actual_return": 0.005746842055284552,
    "avg_strategy_return": 0.005746842055284552,
    "cumulative_strategy_return": 0.7068615728,
    "final_equity": 1.9022957088191739,
    "sampled_buy_hold_equity": 1.9022957088191739
  },
  "lstm_signmag_best_by_val": {
    "threshold": 0.0,
    "holding_period": 1,
    "trade_count": 661,
    "coverage": 0.5639931740614335,
    "directional_accuracy": 0.546142208774584,
    "avg_actual_return": 0.0011739178121028748,
    "avg_strategy_return": 0.0011739178121028748,
    "cumulative_strategy_return": 0.7759596738000002,
    "final_equity": 1.822053055225496,
    "sampled_buy_hold_equity": 1.822053055225496
  },
  "lstm_signmag_seed_62": {
    "threshold": 0.0,
    "holding_period": 1,
    "trade_count": 661,
    "coverage": 0.5639931740614335,
    "directional_accuracy": 0.546142208774584,
    "avg_actual_return": 0.0011739178121028748,
    "avg_strategy_return": 0.0011739178121028748,
    "cumulative_strategy_return": 0.7759596738000002,
    "final_equity": 1.822053055225496,
    "sampled_buy_hold_equity": 1.822053055225496
  },
  "lstm_signmag": {
    "threshold": 0.0,
    "holding_period": 1,
    "trade_count": 598,
    "coverage": 0.5102389078498294,
    "directional_accuracy": 0.5484949832775919,
    "avg_actual_return": 0.0012121604496655519,
    "avg_strategy_return": 0.0012121604496655519,
    "cumulative_strategy_return": 0.7248719489,
    "final_equity": 1.7019197912729447,
    "sampled_buy_hold_equity": 1.7019197912729447
  },
  "lstm_signmag_seed_42": {
    "threshold": 0.0,
    "holding_period": 1,
    "trade_count": 598,
    "coverage": 0.5102389078498294,
    "directional_accuracy": 0.5484949832775919,
    "avg_actual_return": 0.0012121604496655519,
    "avg_strategy_return": 0.0012121604496655519,
    "cumulative_strategy_return": 0.7248719489,
    "final_equity": 1.7019197912729447,
    "sampled_buy_hold_equity": 1.7019197912729447
  },
  "lstm_top2_by_val": {
    "threshold": 0.0025,
    "holding_period": 1,
    "trade_count": 140,
    "coverage": 0.11945392491467577,
    "directional_accuracy": 0.5214285714285715,
    "avg_actual_return": 0.003392552107857143,
    "avg_strategy_return": 0.003392552107857143,
    "cumulative_strategy_return": 0.4749572951,
    "final_equity": 1.507332924163963,
    "sampled_buy_hold_equity": 1.507332924163963
  },
  "lstm": {
    "threshold": 0.0025,
    "holding_period": 1,
    "trade_count": 107,
    "coverage": 0.09129692832764505,
    "directional_accuracy": 0.5514018691588785,
    "avg_actual_return": 0.003605492612149533,
    "avg_strategy_return": 0.003605492612149533,
    "cumulative_strategy_return": 0.3857877095,
    "final_equity": 1.37806725100664,
    "sampled_buy_hold_equity": 1.37806725100664
  },
  "lstm_seed_42": {
    "threshold": 0.0025,
    "holding_period": 1,
    "trade_count": 107,
    "coverage": 0.09129692832764505,
    "directional_accuracy": 0.5514018691588785,
    "avg_actual_return": 0.003605492612149533,
    "avg_strategy_return": 0.003605492612149533,
    "cumulative_strategy_return": 0.3857877095,
    "final_equity": 1.37806725100664,
    "sampled_buy_hold_equity": 1.37806725100664
  }
}