{
  "lstm": {
    "train": {
      "base_loss": 0.05760602317750454,
      "abs_loss": 0.05702782601583749,
      "rel_score": 0.010037095598240175,
      "directional_accuracy": 0.5143839461128262,
      "error_len": 14252,
      "base_len": 14252
    },
    "val": {
      "base_loss": 0.04500571433454752,
      "abs_loss": 0.0452423910726793,
      "rel_score": -0.00525881527782146,
      "directional_accuracy": 0.4717741935483871,
      "error_len": 1488,
      "base_len": 1488
    },
    "test": {
      "base_loss": 0.06532124243676662,
      "abs_loss": 0.06727224112837574,
      "rel_score": -0.029867752339489684,
      "directional_accuracy": 0.4861910241657077,
      "error_len": 1738,
      "base_len": 1738
    }
  },
  "linear_regression": {
    "train": {
      "base_loss": 0.05760602317750454,
      "abs_loss": 0.05782022513449192,
      "rel_score": -0.0037183951464128118,
      "directional_accuracy": 0.503297782767331,
      "error_len": 14252,
      "base_len": 14252
    },
    "val": {
      "base_loss": 0.04500571433454752,
      "abs_loss": 0.04701033772435039,
      "rel_score": -0.04454153032438546,
      "directional_accuracy": 0.46236559139784944,
      "error_len": 1488,
      "base_len": 1488
    },
    "test": {
      "base_loss": 0.06532124243676662,
      "abs_loss": 0.06680018578190355,
      "rel_score": -0.02264107800105908,
      "directional_accuracy": 0.4919447640966628,
      "error_len": 1738,
      "base_len": 1738
    }
  },
  "arima": {
    "train": {
      "base_loss": 0.05760602317750454,
      "abs_loss": 0.05760437113931403,
      "rel_score": 2.8678219730959853e-05,
      "directional_accuracy": 0.4811956216671344,
      "error_len": 14252,
      "base_len": 14252
    },
    "val": {
      "base_loss": 0.04500571433454752,
      "abs_loss": 0.045290071237832304,
      "rel_score": -0.006318239972174178,
      "directional_accuracy": 0.4549731182795699,
      "error_len": 1488,
      "base_len": 1488
    },
    "test": {
      "base_loss": 0.06532124243676662,
      "abs_loss": 0.06645757781807332,
      "rel_score": -0.017396107895631507,
      "directional_accuracy": 0.4562715765247411,
      "error_len": 1738,
      "base_len": 1738
    }
  }
}