{
  "lstm": {
    "train": {
      "mse": 0.0019108126871287823,
      "mae": 0.03052501566708088,
      "directional_accuracy": 0.5143839461128262,
      "base_loss": 0.05760602317750454,
      "abs_loss": 0.05702782601583749,
      "rel_score": 0.010037095598240175
    },
    "val": {
      "mse": 0.0011713727144524455,
      "mae": 0.024690035730600357,
      "directional_accuracy": 0.4717741935483871,
      "base_loss": 0.04500571433454752,
      "abs_loss": 0.0452423910726793,
      "rel_score": -0.00525881527782146
    },
    "test": {
      "mse": 0.00242650811560452,
      "mae": 0.035900142043828964,
      "directional_accuracy": 0.4861910241657077,
      "base_loss": 0.06532124243676662,
      "abs_loss": 0.06727224112837574,
      "rel_score": -0.029867752339489684
    }
  },
  "linear_regression": {
    "train": {
      "mse": 0.0018439561827108264,
      "mae": 0.030766842886805534,
      "directional_accuracy": 0.503297782767331,
      "base_loss": 0.05760602317750454,
      "abs_loss": 0.05782022513449192,
      "rel_score": -0.0037183951464128118
    },
    "val": {
      "mse": 0.001236699870787561,
      "mae": 0.025639915838837624,
      "directional_accuracy": 0.46236559139784944,
      "base_loss": 0.04500571433454752,
      "abs_loss": 0.04701033772435039,
      "rel_score": -0.04454153032438546
    },
    "test": {
      "mse": 0.0025320404674857855,
      "mae": 0.03721383213996887,
      "directional_accuracy": 0.4919447640966628,
      "base_loss": 0.06532124243676662,
      "abs_loss": 0.06680018578190355,
      "rel_score": -0.02264107800105908
    }
  },
  "arima": {
    "train": {
      "mse": 0.001960381167009473,
      "mae": 0.031139586120843887,
      "directional_accuracy": 0.4811956216671344,
      "base_loss": 0.05760602317750454,
      "abs_loss": 0.05760437113931403,
      "rel_score": 2.8678219730959853e-05
    },
    "val": {
      "mse": 0.0011472648475319147,
      "mae": 0.02467547357082367,
      "directional_accuracy": 0.4549731182795699,
      "base_loss": 0.04500571433454752,
      "abs_loss": 0.045290071237832304,
      "rel_score": -0.006318239972174178
    },
    "test": {
      "mse": 0.0024200412444770336,
      "mae": 0.0360807441174984,
      "directional_accuracy": 0.4562715765247411,
      "base_loss": 0.06532124243676662,
      "abs_loss": 0.06645757781807332,
      "rel_score": -0.017396107895631507
    }
  }
}