loss,magnitude_loss,sign_prob_loss,signed_prediction_loss,val_loss,val_magnitude_loss,val_sign_prob_loss,val_signed_prediction_loss,val_rel_score,learning_rate
2.784559488296509,0.006544726900756359,0.8038941025733948,1.350663423538208,2.820188522338867,0.007729071192443371,0.7999562621116638,1.362788438796997,-0.015055498247436017,0.00019999999494757503
2.775480270385742,0.006422278471291065,0.8041752576828003,1.346153974533081,2.843740224838257,0.007706221658736467,0.801019012928009,1.3740566968917847,-0.010879957203189017,0.00019999999494757503
2.7687342166900635,0.0064663211815059185,0.8040955662727356,1.3428202867507935,2.8436782360076904,0.007788258139044046,0.8005120158195496,1.3735371828079224,-0.0015848206584401225,0.00019999999494757503
2.764108419418335,0.006527325604110956,0.8049911856651306,1.3404653072357178,2.8528151512145996,0.008169969543814659,0.8003929853439331,1.377197027206421,-0.010027778993230374,0.00019999999494757503
2.751387596130371,0.007100177928805351,0.806553840637207,1.3339518308639526,2.8671517372131348,0.00847434438765049,0.8005058169364929,1.384700894355774,-0.01285250111860714,0.00019999999494757503
2.7429258823394775,0.007321587298065424,0.8059349656105042,1.32975172996521,2.8581464290618896,0.008484364487230778,0.7998693585395813,1.3812180757522583,-0.018714707290645505,0.00019999999494757503
2.733724594116211,0.007502504158765078,0.8058376312255859,1.3251231908798218,2.859447956085205,0.008874057792127132,0.7996182441711426,1.3816503286361694,-0.025065456420426235,9.999999747378752e-05
2.7308576107025146,0.007740366272628307,0.8055922389030457,1.3236864805221558,2.852104902267456,0.009086532518267632,0.7990251183509827,1.3781230449676514,-0.026431312450709177,9.999999747378752e-05
2.727741003036499,0.007857502438127995,0.8049825429916382,1.3221222162246704,2.853090763092041,0.009280111640691757,0.7979017496109009,1.3786907196044922,-0.02268024678016567,9.999999747378752e-05
