loss,val_loss,val_rel_score,learning_rate
1.3606212139129639,1.380863070487976,0.012415572644192019,0.00019999999494757503
1.3564012050628662,1.340766429901123,-0.0033994137379678158,0.00019999999494757503
1.3481993675231934,1.3553624153137207,-0.0075669448037161136,0.00019999999494757503
1.3467233180999756,1.3724285364151,-0.011444558869235122,0.00019999999494757503
1.339501976966858,1.3596283197402954,-0.008482774303375962,9.999999747378752e-05
1.3398855924606323,1.358522891998291,-0.012236930676550628,9.999999747378752e-05
1.3387796878814697,1.3646618127822876,-0.008568119941197327,9.999999747378752e-05
