loss,val_loss,val_rel_score,learning_rate
1.3570674657821655,1.371870517730713,-0.006874197229283174,0.00019999999494757503
1.350813865661621,1.3735085725784302,-0.010682801951850562,0.00019999999494757503
1.3447802066802979,1.3594354391098022,-0.00284436743753691,0.00019999999494757503
1.338335394859314,1.361578106880188,-0.010176013358885294,0.00019999999494757503
1.3351067304611206,1.3604034185409546,-0.0066627242881618365,0.00019999999494757503
1.3311963081359863,1.3750927448272705,-0.010288647810156482,0.00019999999494757503
1.3286527395248413,1.3845338821411133,-0.016016019314297303,9.999999747378752e-05
1.3253822326660156,1.3912405967712402,-0.014036655446506785,9.999999747378752e-05
1.3240845203399658,1.3905185461044312,-0.017295977762331383,9.999999747378752e-05
