loss,magnitude_loss,sign_prob_loss,signed_prediction_loss,val_loss,val_magnitude_loss,val_sign_prob_loss,val_signed_prediction_loss,val_rel_score,learning_rate
2.784644603729248,0.006577943917363882,0.8033565878868103,1.3506489992141724,2.74238920211792,0.007852966897189617,0.7897423505783081,1.3274672031402588,-0.0028552372288954686,0.00019999999494757503
2.7786455154418945,0.006532975938171148,0.8013911247253418,1.3478055000305176,2.733478546142578,0.007808884140104055,0.7895922064781189,1.3221231698989868,-0.006246317391835232,0.00019999999494757503
2.7731094360351562,0.006507563404738903,0.8014850616455078,1.3450486660003662,2.7274181842803955,0.007805092725902796,0.7894622683525085,1.318866491317749,-0.006700615235545104,0.00019999999494757503
2.771482467651367,0.006510971579700708,0.7988526821136475,1.3443807363510132,2.7300002574920654,0.007859270088374615,0.7886343002319336,1.319348931312561,-0.010731857377792364,0.00019999999494757503
2.7644457817077637,0.006540895439684391,0.7974827289581299,1.3409372568130493,2.735198736190796,0.007884735241532326,0.7885823845863342,1.3217215538024902,-0.01435288763336473,9.999999747378752e-05
2.764270782470703,0.006582846399396658,0.7971677780151367,1.340880274772644,2.7463555335998535,0.007947242818772793,0.7886446714401245,1.3270131349563599,-0.020251465357215004,9.999999747378752e-05
2.7619717121124268,0.006619651801884174,0.7966606616973877,1.3397250175476074,2.760101795196533,0.008011167868971825,0.7878396511077881,1.3334250450134277,-0.017367162160856653,9.999999747378752e-05
