{
  "underfit_signals": [
    "lstm_best_by_val amplitude_ratio=0.078",
    "lstm_seed_52 amplitude_ratio=0.098",
    "lstm_signmag_best_by_val amplitude_ratio=0.062",
    "lstm_signmag_seed_52 amplitude_ratio=0.057"
  ],
  "selection_instability_signals": [
    "lstm_signmag top2_test_gap=-0.028"
  ],
  "focus_models": [
    {
      "model": "lstm_seed_52",
      "train_rel_score": 0.0034270471891668652,
      "val_rel_score": 0.008502268641254584,
      "test_rel_score": -0.0023555139324202834,
      "train_minus_val": -0.005075221452087719,
      "val_minus_test": 0.010857782573674868,
      "train_minus_test": 0.005782561121587149,
      "train_directional_accuracy": 0.43536048957735707,
      "val_directional_accuracy": 0.4256825075834176,
      "test_directional_accuracy": 0.4507857733664185
    },
    {
      "model": "lstm_best_by_val",
      "train_rel_score": 0.003699606631132224,
      "val_rel_score": 0.01169703427302049,
      "test_rel_score": 0.0093970240387935,
      "train_minus_val": -0.007997427641888266,
      "val_minus_test": 0.00230001023422699,
      "train_minus_test": -0.005697417407661276,
      "train_directional_accuracy": 0.43354369860393954,
      "val_directional_accuracy": 0.416582406471183,
      "test_directional_accuracy": 0.4441687344913151
    },
    {
      "model": "lstm_signmag_seed_52",
      "train_rel_score": 0.002254718074875428,
      "val_rel_score": 0.004719192652476556,
      "test_rel_score": 0.01892821611023976,
      "train_minus_val": -0.002464474577601128,
      "val_minus_test": -0.014209023457763204,
      "train_minus_test": -0.01667349803536433,
      "train_directional_accuracy": 0.43220501051826354,
      "val_directional_accuracy": 0.416582406471183,
      "test_directional_accuracy": 0.46898263027295284
    },
    {
      "model": "lstm_signmag_best_by_val",
      "train_rel_score": -0.0021880026916829554,
      "val_rel_score": 0.01601303708763835,
      "test_rel_score": -0.015339153810523642,
      "train_minus_val": -0.018201039779321304,
      "val_minus_test": 0.03135219089816199,
      "train_minus_test": 0.013151151118840687,
      "train_directional_accuracy": 0.40734366035570857,
      "val_directional_accuracy": 0.42264914054600605,
      "test_directional_accuracy": 0.4119106699751861
    }
  ]
}