{
  "lstm": {
    "train": {
      "base_loss": 0.06253609098494053,
      "abs_loss": 0.06597681241109968,
      "rel_score": -0.055019771334727574,
      "directional_accuracy": 0.506208911614317,
      "error_len": 1369,
      "base_len": 1369
    },
    "val": {
      "base_loss": 0.04594477731734514,
      "abs_loss": 0.04860725742764774,
      "rel_score": -0.05794957045743376,
      "directional_accuracy": 0.5161290322580645,
      "error_len": 248,
      "base_len": 248
    },
    "test": {
      "base_loss": 0.11507827751338483,
      "abs_loss": 0.11615630704909564,
      "rel_score": -0.009367793462023544,
      "directional_accuracy": 0.49333333333333335,
      "error_len": 300,
      "base_len": 300
    }
  },
  "linear_regression": {
    "train": {
      "base_loss": 0.06253609098494053,
      "abs_loss": 0.06252833642065525,
      "rel_score": 0.000124001423228548,
      "directional_accuracy": 0.5485756026296567,
      "error_len": 1369,
      "base_len": 1369
    },
    "val": {
      "base_loss": 0.04594477731734514,
      "abs_loss": 0.04571360060945154,
      "rel_score": 0.005031621032720257,
      "directional_accuracy": 0.6169354838709677,
      "error_len": 248,
      "base_len": 248
    },
    "test": {
      "base_loss": 0.11507827751338483,
      "abs_loss": 0.11371480082161725,
      "rel_score": 0.011848254259879676,
      "directional_accuracy": 0.58,
      "error_len": 300,
      "base_len": 300
    }
  }
}