{
  "lstm": {
    "train": {
      "mse": 0.0023117579985409975,
      "mae": 0.03528927266597748,
      "directional_accuracy": 0.506208911614317,
      "base_loss": 0.06253609098494053,
      "abs_loss": 0.06597681241109968,
      "rel_score": -0.055019771334727574
    },
    "val": {
      "mse": 0.0011400115909054875,
      "mae": 0.025547882542014122,
      "directional_accuracy": 0.5161290322580645,
      "base_loss": 0.04594477731734514,
      "abs_loss": 0.04860725742764774,
      "rel_score": -0.05794957045743376
    },
    "test": {
      "mse": 0.007132729049772024,
      "mae": 0.06413041800260544,
      "directional_accuracy": 0.49333333333333335,
      "base_loss": 0.11507827751338483,
      "abs_loss": 0.11615630704909564,
      "rel_score": -0.009367793462023544
    }
  },
  "linear_regression": {
    "train": {
      "mse": 0.0021548806689679623,
      "mae": 0.03330325335264206,
      "directional_accuracy": 0.5485756026296567,
      "base_loss": 0.06253609098494053,
      "abs_loss": 0.06252833642065525,
      "rel_score": 0.000124001423228548
    },
    "val": {
      "mse": 0.0011621216544881463,
      "mae": 0.024917002767324448,
      "directional_accuracy": 0.6169354838709677,
      "base_loss": 0.04594477731734514,
      "abs_loss": 0.04571360060945154,
      "rel_score": 0.005031621032720257
    },
    "test": {
      "mse": 0.006797250360250473,
      "mae": 0.06128614395856857,
      "directional_accuracy": 0.58,
      "base_loss": 0.11507827751338483,
      "abs_loss": 0.11371480082161725,
      "rel_score": 0.011848254259879676
    }
  }
}