{
  "linear_regression": {
    "threshold": 0.005,
    "holding_period": 5,
    "trade_count": 56,
    "coverage": 0.18543046357615894,
    "directional_accuracy": 0.6428571428571429,
    "avg_actual_return": 0.01897304001785714,
    "avg_strategy_return": 0.029791266196428568,
    "cumulative_strategy_return": 1.6683109069999997,
    "final_equity": 4.354018457539423,
    "sampled_buy_hold_equity": 2.3701985949879276
  },
  "lstm": {
    "threshold": 0.0025,
    "holding_period": 5,
    "trade_count": 56,
    "coverage": 0.18543046357615894,
    "directional_accuracy": 0.5,
    "avg_actual_return": 0.016862710467857145,
    "avg_strategy_return": 0.01135525178214286,
    "cumulative_strategy_return": 0.6358940998000001,
    "final_equity": 1.5857451757086432,
    "sampled_buy_hold_equity": 2.1610892811287514
  }
}