{
  "lstm": {
    "train": {
      "mse": 0.001558230142109096,
      "mae": 0.028285497799515724,
      "directional_accuracy": 0.4865331491712707,
      "base_loss": 0.05032531,
      "abs_loss": 0.0513413761,
      "rel_score": -0.020189962068788203
    },
    "val": {
      "mse": 0.002764109754934907,
      "mae": 0.03407952934503555,
      "directional_accuracy": 0.5362903225806451,
      "base_loss": 0.060486961500000005,
      "abs_loss": 0.05977280481000001,
      "rel_score": 0.011806787318949685
    },
    "test": {
      "mse": 0.0014296174049377441,
      "mae": 0.026833269745111465,
      "directional_accuracy": 0.48333333333333334,
      "base_loss": 0.04505916470000003,
      "abs_loss": 0.04832252687500001,
      "rel_score": -0.07242393854229556
    }
  },
  "linear_regression": {
    "train": {
      "mse": 0.0015571567928418517,
      "mae": 0.027707189321517944,
      "directional_accuracy": 0.48480662983425415,
      "base_loss": 0.05032531,
      "abs_loss": 0.05102444970000001,
      "rel_score": -0.01389240722014451
    },
    "val": {
      "mse": 0.0028445268981158733,
      "mae": 0.034672047942876816,
      "directional_accuracy": 0.5725806451612904,
      "base_loss": 0.060486961500000005,
      "abs_loss": 0.062322479330000013,
      "rel_score": -0.030345677555649875
    },
    "test": {
      "mse": 0.0013052579015493393,
      "mae": 0.025409195572137833,
      "directional_accuracy": 0.51,
      "base_loss": 0.04505916470000003,
      "abs_loss": 0.044647869285,
      "rel_score": 0.009127897015810071
    }
  }
}