{
  "lstm": {
    "train": {
      "base_loss": 0.05032531,
      "abs_loss": 0.0513413761,
      "rel_score": -0.020189962068788203,
      "directional_accuracy": 0.4865331491712707,
      "error_len": 2896,
      "base_len": 2896
    },
    "val": {
      "base_loss": 0.060486961500000005,
      "abs_loss": 0.05977280481000001,
      "rel_score": 0.011806787318949685,
      "directional_accuracy": 0.5362903225806451,
      "error_len": 248,
      "base_len": 248
    },
    "test": {
      "base_loss": 0.04505916470000003,
      "abs_loss": 0.04832252687500001,
      "rel_score": -0.07242393854229556,
      "directional_accuracy": 0.48333333333333334,
      "error_len": 300,
      "base_len": 300
    }
  },
  "linear_regression": {
    "train": {
      "base_loss": 0.05032531,
      "abs_loss": 0.05102444970000001,
      "rel_score": -0.01389240722014451,
      "directional_accuracy": 0.48480662983425415,
      "error_len": 2896,
      "base_len": 2896
    },
    "val": {
      "base_loss": 0.060486961500000005,
      "abs_loss": 0.062322479330000013,
      "rel_score": -0.030345677555649875,
      "directional_accuracy": 0.5725806451612904,
      "error_len": 248,
      "base_len": 248
    },
    "test": {
      "base_loss": 0.04505916470000003,
      "abs_loss": 0.044647869285,
      "rel_score": 0.009127897015810071,
      "directional_accuracy": 0.51,
      "error_len": 300,
      "base_len": 300
    }
  }
}