{
  "arima": {
    "threshold": 0.0,
    "holding_period": 1,
    "uncertainty_model": null,
    "uncertainty_quantile": null,
    "max_uncertainty": null,
    "uncertainty_side": null,
    "trade_count": 1104,
    "coverage": 0.6036085292509568,
    "directional_accuracy": 0.5788043478260869,
    "avg_actual_return": 0.0028981244514492753,
    "avg_strategy_return": 0.0028981244514492753,
    "cumulative_strategy_return": 3.1995293944,
    "final_equity": 20.494747333817593,
    "sampled_buy_hold_equity": 20.494747333817593
  },
  "lstm": {
    "threshold": 0.0,
    "holding_period": 1,
    "uncertainty_model": null,
    "uncertainty_quantile": null,
    "max_uncertainty": null,
    "uncertainty_side": null,
    "trade_count": 1070,
    "coverage": 0.5850191361399671,
    "directional_accuracy": 0.5644859813084112,
    "avg_actual_return": 0.001179835406542056,
    "avg_strategy_return": 0.001179835406542056,
    "cumulative_strategy_return": 1.262423885,
    "final_equity": 2.939845097894518,
    "sampled_buy_hold_equity": 2.939845097894518
  },
  "lstm_seed_42": {
    "threshold": 0.0,
    "holding_period": 1,
    "uncertainty_model": null,
    "uncertainty_quantile": null,
    "max_uncertainty": null,
    "uncertainty_side": null,
    "trade_count": 1070,
    "coverage": 0.5850191361399671,
    "directional_accuracy": 0.5644859813084112,
    "avg_actual_return": 0.001179835406542056,
    "avg_strategy_return": 0.001179835406542056,
    "cumulative_strategy_return": 1.262423885,
    "final_equity": 2.939845097894518,
    "sampled_buy_hold_equity": 2.939845097894518
  },
  "lstm_best_by_val": {
    "threshold": 0.0,
    "holding_period": 1,
    "uncertainty_model": null,
    "uncertainty_quantile": null,
    "max_uncertainty": null,
    "uncertainty_side": null,
    "trade_count": 1420,
    "coverage": 0.7763805358119191,
    "directional_accuracy": 0.5598591549295775,
    "avg_actual_return": 0.0009102933178873238,
    "avg_strategy_return": 0.0009102933178873238,
    "cumulative_strategy_return": 1.2926165114,
    "final_equity": 2.8174332297804536,
    "sampled_buy_hold_equity": 2.8174332297804536
  },
  "lstm_seed_52": {
    "threshold": 0.0,
    "holding_period": 1,
    "uncertainty_model": null,
    "uncertainty_quantile": null,
    "max_uncertainty": null,
    "uncertainty_side": null,
    "trade_count": 1420,
    "coverage": 0.7763805358119191,
    "directional_accuracy": 0.5598591549295775,
    "avg_actual_return": 0.0009102933178873238,
    "avg_strategy_return": 0.0009102933178873238,
    "cumulative_strategy_return": 1.2926165114,
    "final_equity": 2.8174332297804536,
    "sampled_buy_hold_equity": 2.8174332297804536
  },
  "lstm_ensemble": {
    "threshold": 0.0025,
    "holding_period": 1,
    "uncertainty_model": null,
    "uncertainty_quantile": null,
    "max_uncertainty": null,
    "uncertainty_side": null,
    "trade_count": 204,
    "coverage": 0.11153635866593767,
    "directional_accuracy": 0.6029411764705882,
    "avg_actual_return": 0.004952814551470589,
    "avg_strategy_return": 0.004952814551470589,
    "cumulative_strategy_return": 1.0103741685,
    "final_equity": 2.583621713609584,
    "sampled_buy_hold_equity": 2.583621713609584
  },
  "linear_regression": {
    "threshold": 0.0,
    "holding_period": 1,
    "uncertainty_model": null,
    "uncertainty_quantile": null,
    "max_uncertainty": null,
    "uncertainty_side": null,
    "trade_count": 1092,
    "coverage": 0.5970475669764899,
    "directional_accuracy": 0.5622710622710623,
    "avg_actual_return": 0.0010138506716117217,
    "avg_strategy_return": 0.0010138506716117217,
    "cumulative_strategy_return": 1.1071249334000002,
    "final_equity": 2.4782222665663753,
    "sampled_buy_hold_equity": 2.4782222665663753
  },
  "lstm_signmag": {
    "threshold": 0.0,
    "holding_period": 1,
    "uncertainty_model": null,
    "uncertainty_quantile": null,
    "max_uncertainty": null,
    "uncertainty_side": null,
    "trade_count": 926,
    "coverage": 0.5062875888463642,
    "directional_accuracy": 0.5593952483801296,
    "avg_actual_return": 0.001051553438012959,
    "avg_strategy_return": 0.001051553438012959,
    "cumulative_strategy_return": 0.9737384836,
    "final_equity": 2.235617105943205,
    "sampled_buy_hold_equity": 2.235617105943205
  },
  "lstm_signmag_seed_42": {
    "threshold": 0.0,
    "holding_period": 1,
    "uncertainty_model": null,
    "uncertainty_quantile": null,
    "max_uncertainty": null,
    "uncertainty_side": null,
    "trade_count": 926,
    "coverage": 0.5062875888463642,
    "directional_accuracy": 0.5593952483801296,
    "avg_actual_return": 0.001051553438012959,
    "avg_strategy_return": 0.001051553438012959,
    "cumulative_strategy_return": 0.9737384836,
    "final_equity": 2.235617105943205,
    "sampled_buy_hold_equity": 2.235617105943205
  },
  "lstm_signmag_best_by_val": {
    "threshold": 0.0,
    "holding_period": 1,
    "uncertainty_model": null,
    "uncertainty_quantile": null,
    "max_uncertainty": null,
    "uncertainty_side": null,
    "trade_count": 946,
    "coverage": 0.5172225259704757,
    "directional_accuracy": 0.5369978858350951,
    "avg_actual_return": 0.0007315047287526428,
    "avg_strategy_return": 0.0007315047287526428,
    "cumulative_strategy_return": 0.6920034734,
    "final_equity": 1.6836902039776183,
    "sampled_buy_hold_equity": 1.6836902039776183
  },
  "lstm_signmag_seed_62": {
    "threshold": 0.0,
    "holding_period": 1,
    "uncertainty_model": null,
    "uncertainty_quantile": null,
    "max_uncertainty": null,
    "uncertainty_side": null,
    "trade_count": 946,
    "coverage": 0.5172225259704757,
    "directional_accuracy": 0.5369978858350951,
    "avg_actual_return": 0.0007315047287526428,
    "avg_strategy_return": 0.0007315047287526428,
    "cumulative_strategy_return": 0.6920034734,
    "final_equity": 1.6836902039776183,
    "sampled_buy_hold_equity": 1.6836902039776183
  },
  "lstm_signmag_seed_52": {
    "threshold": 0.0025,
    "holding_period": 1,
    "uncertainty_model": null,
    "uncertainty_quantile": null,
    "max_uncertainty": null,
    "uncertainty_side": null,
    "trade_count": 132,
    "coverage": 0.07217058501913615,
    "directional_accuracy": 0.5606060606060606,
    "avg_actual_return": 0.0037236196363636363,
    "avg_strategy_return": 0.0037236196363636363,
    "cumulative_strategy_return": 0.491517792,
    "final_equity": 1.5836020750175157,
    "sampled_buy_hold_equity": 1.5836020750175157
  },
  "lstm_top2_by_val": {
    "threshold": 0.005,
    "holding_period": 1,
    "uncertainty_model": null,
    "uncertainty_quantile": null,
    "max_uncertainty": null,
    "uncertainty_side": null,
    "trade_count": 70,
    "coverage": 0.03827227993439038,
    "directional_accuracy": 0.6,
    "avg_actual_return": 0.005820929174285715,
    "avg_strategy_return": 0.005820929174285715,
    "cumulative_strategy_return": 0.40746504220000007,
    "final_equity": 1.4730082918460423,
    "sampled_buy_hold_equity": 1.4730082918460423
  },
  "lstm_seed_62": {
    "threshold": 0.0025,
    "holding_period": 1,
    "uncertainty_model": null,
    "uncertainty_quantile": null,
    "max_uncertainty": null,
    "uncertainty_side": null,
    "trade_count": 312,
    "coverage": 0.17058501913613996,
    "directional_accuracy": 0.5160256410256411,
    "avg_actual_return": 0.0009754376368589743,
    "avg_strategy_return": 0.0009754376368589743,
    "cumulative_strategy_return": 0.3043365427,
    "final_equity": 1.2589346708246174,
    "sampled_buy_hold_equity": 1.2589346708246174
  },
  "lstm_signmag_ensemble": {
    "threshold": 0.0025,
    "holding_period": 1,
    "uncertainty_model": null,
    "uncertainty_quantile": null,
    "max_uncertainty": null,
    "uncertainty_side": null,
    "trade_count": 48,
    "coverage": 0.026243849097867686,
    "directional_accuracy": 0.6041666666666666,
    "avg_actual_return": 0.004998102445833333,
    "avg_strategy_return": 0.004998102445833333,