features,feature_count,train_rel_score,val_rel_score,test_rel_score,train_mse,val_mse,test_mse,train_mae,val_mae,test_mae,train_abs_loss,val_abs_loss,test_abs_loss
"momentum_5,volatility_20,rolling_max_20_gap",3,-0.011830579790841567,0.03220179812945756,-0.012955639683680076,0.00047076327609829605,0.000253966631134972,0.0005800301441922784,0.01584377884864807,0.01037153322249651,0.017002277076244354,0.030280159134417776,0.016643030766863375,0.03136893534101545
"intraday_return,momentum_20,rolling_max_20_gap",3,-0.014515796201069131,0.030821632868644255,-0.01043990021904495,0.00047150373575277627,0.0002596808481030166,0.0005778749473392963,0.01582120545208454,0.010784653015434742,0.017068063840270042,0.030360517231747517,0.016666765190893794,0.03129102860402781
