{
  "lstm": {
    "train": {
      "mse": 0.0007038286421447992,
      "mae": 0.01875806786119938,
      "directional_accuracy": 0.4720182737803883,
      "base_loss": 0.0357763131,
      "abs_loss": 0.03591830989,
      "rel_score": -0.003969016863283326
    },
    "val": {
      "mse": 0.00038494475302286446,
      "mae": 0.012360652908682823,
      "directional_accuracy": 0.4939271255060729,
      "base_loss": 0.023928597599999997,
      "abs_loss": 0.0236216131,
      "rel_score": 0.01282918895338836
    },
    "test": {
      "mse": 0.0005633530672639608,
      "mae": 0.015569202601909637,
      "directional_accuracy": 0.46919431279620855,
      "base_loss": 0.0285780729,
      "abs_loss": 0.028898285230000004,
      "rel_score": -0.01120482585094118
    }
  },
  "linear_regression": {
    "train": {
      "mse": 0.000676641589961946,
      "mae": 0.018656203523278236,
      "directional_accuracy": 0.46271822483276226,
      "base_loss": 0.0357763131,
      "abs_loss": 0.03640440899,
      "rel_score": -0.01755619390529084
    },
    "val": {
      "mse": 0.0004008787509519607,
      "mae": 0.013097076676785946,
      "directional_accuracy": 0.4251012145748988,
      "base_loss": 0.023928597599999997,
      "abs_loss": 0.024455173150000002,
      "rel_score": -0.022006118319278567
    },
    "test": {
      "mse": 0.0005639269948005676,
      "mae": 0.015961555764079094,
      "directional_accuracy": 0.4218009478672986,
      "base_loss": 0.0285780729,
      "abs_loss": 0.03018176878450001,
      "rel_score": -0.05611630602635942
    }
  },
  "arima": {
    "train": {
      "mse": 0.0006885894108563662,
      "mae": 0.018695401027798653,
      "directional_accuracy": 0.4586392559960842,
      "base_loss": 0.0357763131,
      "abs_loss": 0.03565945583999999,
      "rel_score": 0.0032663304257588566
    },
    "val": {
      "mse": 0.0003924565389752388,
      "mae": 0.012451116926968098,
      "directional_accuracy": 0.47233468286099867,
      "base_loss": 0.023928597599999997,
      "abs_loss": 0.0232630515,
      "rel_score": 0.02781383644480684
    },
    "test": {
      "mse": 0.000555233156774193,
      "mae": 0.015408954583108425,
      "directional_accuracy": 0.4312796208530806,
      "base_loss": 0.0285780729,
      "abs_loss": 0.02931034851650001,
      "rel_score": -0.025623687750478297
    }
  },
  "lstm_seed_42": {
    "train": {
      "mse": 0.0007038286421447992,
      "mae": 0.01875806786119938,
      "directional_accuracy": 0.4720182737803883,
      "base_loss": 0.0357763131,
      "abs_loss": 0.03591830989,
      "rel_score": -0.003969016863283326
    },
    "val": {
      "mse": 0.00038494475302286446,
      "mae": 0.012360652908682823,
      "directional_accuracy": 0.4939271255060729,
      "base_loss": 0.023928597599999997,
      "abs_loss": 0.0236216131,
      "rel_score": 0.01282918895338836
    },
    "test": {
      "mse": 0.0005633530672639608,
      "mae": 0.015569202601909637,
      "directional_accuracy": 0.46919431279620855,
      "base_loss": 0.0285780729,
      "abs_loss": 0.028898285230000004,
      "rel_score": -0.01120482585094118
    }
  },
  "lstm_best_by_val": {
    "train": {
      "mse": 0.0007038286421447992,
      "mae": 0.01875806786119938,
      "directional_accuracy": 0.4720182737803883,
      "base_loss": 0.0357763131,
      "abs_loss": 0.03591830989,
      "rel_score": -0.003969016863283326
    },
    "val": {
      "mse": 0.00038494475302286446,
      "mae": 0.012360652908682823,
      "directional_accuracy": 0.4939271255060729,
      "base_loss": 0.023928597599999997,
      "abs_loss": 0.0236216131,
      "rel_score": 0.01282918895338836
    },
    "test": {
      "mse": 0.0005633530672639608,
      "mae": 0.015569202601909637,
      "directional_accuracy": 0.46919431279620855,
      "base_loss": 0.0285780729,
      "abs_loss": 0.028898285230000004,
      "rel_score": -0.01120482585094118
    }
  },
  "lstm_signmag": {
    "train": {
      "mse": 0.0006941333413124084,
      "mae": 0.018637778237462044,
      "directional_accuracy": 0.4746288138358623,
      "base_loss": 0.0357763131,
      "abs_loss": 0.03551078672,
      "rel_score": 0.007421848619722615
    },
    "val": {
      "mse": 0.00038298749132081866,
      "mae": 0.012238929979503155,
      "directional_accuracy": 0.4939271255060729,
      "base_loss": 0.023928597599999997,
      "abs_loss": 0.02368835658,
      "rel_score": 0.010039912242913784
    },
    "test": {
      "mse": 0.0005566039471887052,
      "mae": 0.015286886133253574,
      "directional_accuracy": 0.4822274881516588,
      "base_loss": 0.0285780729,
      "abs_loss": 0.02866325160000001,
      "rel_score": -0.0029805613659836805
    }
  },
  "lstm_signmag_seed_42": {
    "train": {
      "mse": 0.0006941333413124084,
      "mae": 0.018637778237462044,
      "directional_accuracy": 0.4746288138358623,
      "base_loss": 0.0357763131,
      "abs_loss": 0.03551078672,
      "rel_score": 0.007421848619722615
    },
    "val": {
      "mse": 0.00038298749132081866,
      "mae": 0.012238929979503155,
      "directional_accuracy": 0.4939271255060729,
      "base_loss": 0.023928597599999997,
      "abs_loss": 0.02368835658,
      "rel_score": 0.010039912242913784
    },
    "test": {
      "mse": 0.0005566039471887052,
      "mae": 0.015286886133253574,
      "directional_accuracy": 0.4822274881516588,
      "base_loss": 0.0285780729,
      "abs_loss": 0.02866325160000001,
      "rel_score": -0.0029805613659836805
    }
  },
  "lstm_signmag_best_by_val": {
    "train": {
      "mse": 0.0006941333413124084,
      "mae": 0.018637778237462044,
      "directional_accuracy": 0.4746288138358623,
      "base_loss": 0.0357763131,
      "abs_loss": 0.03551078672,
      "rel_score": 0.007421848619722615
    },
    "val": {
      "mse": 0.00038298749132081866,
      "mae": 0.012238929979503155,
      "directional_accuracy": 0.4939271255060729,
      "base_loss": 0.023928597599999997,
      "abs_loss": 0.02368835658,
      "rel_score": 0.010039912242913784
    },
    "test": {
      "mse": 0.0005566039471887052,
      "mae": 0.015286886133253574,
      "directional_accuracy": 0.4822274881516588,
      "base_loss": 0.0285780729,
      "abs_loss": 0.02866325160000001,
      "rel_score": -0.0029805613659836805
    }
  }
}