{
  "lstm": {
    "train": {
      "mse": 0.0018989373929798603,
      "mae": 0.030407121405005455,
      "directional_accuracy": 0.5207474580928827,
      "base_loss": 0.057807955890893936,
      "abs_loss": 0.05692241038195789,
      "rel_score": 0.015318748004295779
    },
    "val": {
      "mse": 0.0011552973883226514,
      "mae": 0.02445891872048378,
      "directional_accuracy": 0.5161290322580645,
      "base_loss": 0.04500571433454752,
      "abs_loss": 0.04405798201914876,
      "rel_score": 0.021058044059779624
    },
    "test": {
      "mse": 0.0024041079450398684,
      "mae": 0.036073826253414154,
      "directional_accuracy": 0.4845474613686534,
      "base_loss": 0.06535298973321915,
      "abs_loss": 0.06545973997563123,
      "rel_score": -0.0016334408394758082
    }
  },
  "linear_regression": {
    "train": {
      "mse": 0.0019608279690146446,
      "mae": 0.031270090490579605,
      "directional_accuracy": 0.4820692497938994,
      "base_loss": 0.057807955890893936,
      "abs_loss": 0.05828573933104053,
      "rel_score": -0.008265011844535097
    },
    "val": {
      "mse": 0.001180314808152616,
      "mae": 0.025083456188440323,
      "directional_accuracy": 0.4831989247311828,
      "base_loss": 0.04500571433454752,
      "abs_loss": 0.04624751133378595,
      "rel_score": -0.02759198509788341
    },
    "test": {
      "mse": 0.0025109832640737295,
      "mae": 0.03694067522883415,
      "directional_accuracy": 0.4630242825607064,
      "base_loss": 0.06535298973321915,
      "abs_loss": 0.06728279294911772,
      "rel_score": -0.029528920157690042
    }
  },
  "arima": {
    "train": {
      "mse": 0.002014265861362219,
      "mae": 0.03137438744306564,
      "directional_accuracy": 0.4776037372904644,
      "base_loss": 0.057807955890893936,
      "abs_loss": 0.05795782443601638,
      "rel_score": -0.00259252455501624
    },
    "val": {
      "mse": 0.0011456627398729324,
      "mae": 0.024659864604473114,
      "directional_accuracy": 0.4475806451612903,
      "base_loss": 0.04500571433454752,
      "abs_loss": 0.045207406312692905,
      "rel_score": -0.004481474877748193
    },
    "test": {
      "mse": 0.0024067785125225782,
      "mae": 0.03604915738105774,
      "directional_accuracy": 0.45253863134657835,
      "base_loss": 0.06535298973321915,
      "abs_loss": 0.06630639327922835,
      "rel_score": -0.014588522268088155
    }
  }
}