features,feature_count,train_rel_score,val_rel_score,test_rel_score,train_mse,val_mse,test_mse,train_mae,val_mae,test_mae,train_abs_loss,val_abs_loss,test_abs_loss
"true_range,volatility_5",2,-0.015811748248774293,0.031158961890134673,-0.03631115398852747,0.0004554050974547863,0.00010504017700441182,0.0006754093919880688,0.015198885463178158,0.007062768563628197,0.016810989007353783,0.028829417657107115,0.012028103700140493,0.03560906366328708
