{
  "lstm": {
    "train": {
      "mse": 0.0003843334852717817,
      "mae": 0.013485439121723175,
      "directional_accuracy": 0.4535987949440042,
      "base_loss": 0.024643892981112015,
      "abs_loss": 0.024785435921512552,
      "rel_score": -0.0057435300708787995
    },
    "val": {
      "mse": 0.00019721468561328948,
      "mae": 0.009844834916293621,
      "directional_accuracy": 0.45161290322580644,
      "base_loss": 0.017234208062291145,
      "abs_loss": 0.017176605193526484,
      "rel_score": 0.0033423565827024326
    },
    "test": {
      "mse": 0.00034941162448376417,
      "mae": 0.012483211234211922,
      "directional_accuracy": 0.46505228398459,
      "base_loss": 0.022859093174338346,
      "abs_loss": 0.02262002417119221,
      "rel_score": 0.010458376512263223
    }
  },
  "linear_regression": {
    "train": {
      "mse": 0.00036424267455004156,
      "mae": 0.01346915028989315,
      "directional_accuracy": 0.43401663501211607,
      "base_loss": 0.024643892981112015,
      "abs_loss": 0.02589995574671776,
      "rel_score": -0.05096852054050216
    },
    "val": {
      "mse": 0.00021197446039877832,
      "mae": 0.010644868016242981,
      "directional_accuracy": 0.42943548387096775,
      "base_loss": 0.017234208062291145,
      "abs_loss": 0.01979176754830405,
      "rel_score": -0.14840017462762933
    },
    "test": {
      "mse": 0.00035993001074530184,
      "mae": 0.01308008935302496,
      "directional_accuracy": 0.45789763346175016,
      "base_loss": 0.022859093174338346,
      "abs_loss": 0.0236776890757028,
      "rel_score": -0.03581051510317179
    }
  },
  "arima": {
    "train": {
      "mse": 0.00038397175376303494,
      "mae": 0.013528813607990742,
      "directional_accuracy": 0.4481629445281289,
      "base_loss": 0.024643892981112015,
      "abs_loss": 0.024814958151546315,
      "rel_score": -0.006941483253697367
    },
    "val": {
      "mse": 0.00019746203906834126,
      "mae": 0.009842230938374996,
      "directional_accuracy": 0.4724462365591398,
      "base_loss": 0.017234208062291145,
      "abs_loss": 0.01749663132068235,
      "rel_score": -0.015226882340209968
    },
    "test": {
      "mse": 0.00034249655436724424,
      "mae": 0.012349528260529041,
      "directional_accuracy": 0.44193725921849203,
      "base_loss": 0.022859093174338346,
      "abs_loss": 0.022733149657869954,
      "rel_score": 0.0055095587348047426
    }
  },
  "lstm_ensemble": {
    "train": {
      "mse": 0.0003805713204201311,
      "mae": 0.01338514406234026,
      "directional_accuracy": 0.461588840133604,
      "base_loss": 0.024643892981112015,
      "abs_loss": 0.02438350803568029,
      "rel_score": 0.010565901484448692
    },
    "val": {
      "mse": 0.00019825402705464512,
      "mae": 0.009829756803810596,
      "directional_accuracy": 0.46303763440860213,
      "base_loss": 0.017234208062291145,
      "abs_loss": 0.017192042288661467,
      "rel_score": 0.0024466325042191706
    },
    "test": {
      "mse": 0.0003476304991636425,
      "mae": 0.012415586970746517,
      "directional_accuracy": 0.45679691799669786,
      "base_loss": 0.022859093174338346,
      "abs_loss": 0.02268127082497813,
      "rel_score": 0.007779064025157378
    }
  },
  "lstm_seed_42": {
    "train": {
      "mse": 0.0003843334852717817,
      "mae": 0.013485439121723175,
      "directional_accuracy": 0.4535987949440042,
      "base_loss": 0.024643892981112015,
      "abs_loss": 0.024785435921512552,
      "rel_score": -0.0057435300708787995
    },
    "val": {
      "mse": 0.00019721468561328948,
      "mae": 0.009844834916293621,
      "directional_accuracy": 0.45161290322580644,
      "base_loss": 0.017234208062291145,
      "abs_loss": 0.017176605193526484,
      "rel_score": 0.0033423565827024326
    },
    "test": {
      "mse": 0.00034941162448376417,
      "mae": 0.012483211234211922,
      "directional_accuracy": 0.46505228398459,
      "base_loss": 0.022859093174338346,
      "abs_loss": 0.02262002417119221,
      "rel_score": 0.010458376512263223
    }
  },
  "lstm_seed_52": {
    "train": {
      "mse": 0.00037958440952934325,
      "mae": 0.013383512385189533,
      "directional_accuracy": 0.462112777523086,
      "base_loss": 0.024643892981112015,
      "abs_loss": 0.02444018216338009,
      "rel_score": 0.008266178476268315
    },
    "val": {
      "mse": 0.00019910617265850306,
      "mae": 0.009882417507469654,
      "directional_accuracy": 0.4536290322580645,
      "base_loss": 0.017234208062291145,
      "abs_loss": 0.01730252298875712,
      "rel_score": -0.003963914455428208
    },
    "test": {
      "mse": 0.00034779796260409057,
      "mae": 0.012461663223803043,
      "directional_accuracy": 0.47385800770500824,
      "base_loss": 0.022859093174338346,
      "abs_loss": 0.022442136541940272,
      "rel_score": 0.01824029628901247
    }
  },
  "lstm_seed_62": {
    "train": {
      "mse": 0.00038615078665316105,
      "mae": 0.013534852303564548,
      "directional_accuracy": 0.44095880542275195,
      "base_loss": 0.024643892981112015,
      "abs_loss": 0.024790996825322518,
      "rel_score": -0.005969180450639433
    },
    "val": {
      "mse": 0.0002002153778448701,
      "mae": 0.009891023859381676,
      "directional_accuracy": 0.4637096774193548,
      "base_loss": 0.017234208062291145,
      "abs_loss": 0.017240512376883996,
      "rel_score": -0.000365802395448922
    },
    "test": {
      "mse": 0.00035376899177208543,
      "mae": 0.012582712806761265,
      "directional_accuracy": 0.4397358282883875,
      "base_loss": 0.022859093174338346,
      "abs_loss": 0.02267027521738783,
      "rel_score": 0.00826008081381302
    }
  },
  "lstm_seed_99": {
    "train": {
      "mse": 0.00038272124947980046,
      "mae": 0.013461615890264511,
      "directional_accuracy": 0.4528783810334665,
      "base_loss": 0.024643892981112015,
      "abs_loss": 0.02453186066704803,
      "rel_score": 0.004546047742937764
    },
    "val": {
      "mse": 0.00020012310415040702,
      "mae": 0.009870493784546852,
      "directional_accuracy": 0.47043010752688175,
      "base_loss": 0.017234208062291145,
      "abs_loss": 0.017189712924300694,
      "rel_score": 0.00258179185429519
    },
    "test": {
      "mse": 0.00034974917070940137,
      "mae": 0.01245792768895626,
      "directional_accuracy": 0.4634012107870116,
      "base_loss": 0.022859093174338346,
      "abs_loss": 0.022593655833043166,
      "rel_score": 0.011611892880910912
    }
  },
  "lstm_best_by_val": {
    "train": {
      "mse": 0.0003843334852717817,
      "mae": 0.013485439121723175,
      "directional_accuracy": 0.4535987949440042,
      "base_loss": 0.024643892981112015,
      "abs_loss": 0.024785435921512552,
      "rel_score": -0.0057435300708787995
    },
    "val": {
      "mse": 0.00019721468561328948,
      "mae": 0.009844834916293621,
      "directional_accuracy": 0.45161290322580644,
      "base_loss": 0.017234208062291145,
      "abs_loss": 0.017176605193526484,
      "rel_score": 0.0033423565827024326
    },
    "test": {
      "mse": 0.00034941162448376417,
      "mae": 0.012483211234211922,
      "directional_accuracy": 0.46505228398459,
      "base_loss": 0.022859093174338346,
      "abs_loss": 0.02262002417119221,
      "rel_score": 0.010458376512263223
    }
  },
  "lstm_top2_by_val": {
    "train": {
      "mse": 0.000381661084247753,
      "mae": 0.013422989286482334,
      "directional_accuracy": 0.4560874975440435,
      "base_loss": 0.024643892981112015,
      "abs_loss": 0.024563658318948006,
      "rel_score": 0.003255762481419011
    },
    "val": {
      "mse": 0.00019813343533314764,
      "mae": 0.009838319383561611,
      "directional_accuracy": 0.46102150537634407,
      "base_loss": 0.017234208062291145,
      "abs_loss": 0.017104448910686187,
      "rel_score": 0.00752916241558399
    },
    "test": {
      "mse": 0.00034772581420838833,
      "mae": 0.012415662407875061,