{
  "lstm_best_by_val": {
    "threshold": 0.0025,
    "holding_period": 1,
    "uncertainty_model": null,
    "uncertainty_quantile": null,
    "max_uncertainty": null,
    "uncertainty_side": null,
    "trade_count": 242,
    "coverage": 0.1981981981981982,
    "directional_accuracy": 0.5867768595041323,
    "avg_actual_return": 0.003997426420247934,
    "avg_strategy_return": 0.003997426420247934,
    "cumulative_strategy_return": 0.9673771937,
    "final_equity": 2.4304858269251826,
    "sampled_buy_hold_equity": 2.4304858269251826
  },
  "lstm_seed_62": {
    "threshold": 0.0025,
    "holding_period": 1,
    "uncertainty_model": null,
    "uncertainty_quantile": null,
    "max_uncertainty": null,
    "uncertainty_side": null,
    "trade_count": 242,
    "coverage": 0.1981981981981982,
    "directional_accuracy": 0.5867768595041323,
    "avg_actual_return": 0.003997426420247934,
    "avg_strategy_return": 0.003997426420247934,
    "cumulative_strategy_return": 0.9673771937,
    "final_equity": 2.4304858269251826,
    "sampled_buy_hold_equity": 2.4304858269251826
  },
  "linear_regression": {
    "threshold": 0.005,
    "holding_period": 1,
    "uncertainty_model": null,
    "uncertainty_quantile": null,
    "max_uncertainty": null,
    "uncertainty_side": null,
    "trade_count": 220,
    "coverage": 0.18018018018018017,
    "directional_accuracy": 0.5590909090909091,
    "avg_actual_return": 0.004127480478181818,
    "avg_strategy_return": 0.004127480478181818,
    "cumulative_strategy_return": 0.9080457052,
    "final_equity": 2.3333354335139807,
    "sampled_buy_hold_equity": 2.3333354335139807
  },
  "lstm_top2_by_val": {
    "threshold": 0.0025,
    "holding_period": 1,
    "uncertainty_model": null,
    "uncertainty_quantile": null,
    "max_uncertainty": null,
    "uncertainty_side": null,
    "trade_count": 138,
    "coverage": 0.11302211302211303,
    "directional_accuracy": 0.6376811594202898,
    "avg_actual_return": 0.006097923381884057,
    "avg_strategy_return": 0.006097923381884057,
    "cumulative_strategy_return": 0.8415134267,
    "final_equity": 2.1850768077086404,
    "sampled_buy_hold_equity": 2.1850768077086404
  },
  "lstm": {
    "threshold": 0.0,
    "holding_period": 1,
    "uncertainty_model": null,
    "uncertainty_quantile": null,
    "max_uncertainty": null,
    "uncertainty_side": null,
    "trade_count": 584,
    "coverage": 0.4782964782964783,
    "directional_accuracy": 0.5445205479452054,
    "avg_actual_return": 0.0016375847186643835,
    "avg_strategy_return": 0.0016375847186643835,
    "cumulative_strategy_return": 0.9563494757,
    "final_equity": 2.176375738150219,
    "sampled_buy_hold_equity": 2.176375738150219
  },
  "lstm_seed_42": {
    "threshold": 0.0,
    "holding_period": 1,
    "uncertainty_model": null,
    "uncertainty_quantile": null,
    "max_uncertainty": null,
    "uncertainty_side": null,
    "trade_count": 584,
    "coverage": 0.4782964782964783,
    "directional_accuracy": 0.5445205479452054,
    "avg_actual_return": 0.0016375847186643835,
    "avg_strategy_return": 0.0016375847186643835,
    "cumulative_strategy_return": 0.9563494757,
    "final_equity": 2.176375738150219,
    "sampled_buy_hold_equity": 2.176375738150219
  },
  "arima": {
    "threshold": 0.0,
    "holding_period": 1,
    "uncertainty_model": null,
    "uncertainty_quantile": null,
    "max_uncertainty": null,
    "uncertainty_side": null,
    "trade_count": 809,
    "coverage": 0.6625716625716626,
    "directional_accuracy": 0.5241038318912238,
    "avg_actual_return": 0.0011501965547589617,
    "avg_strategy_return": 0.0011501965547589617,
    "cumulative_strategy_return": 0.9305090128,
    "final_equity": 2.142728154841715,
    "sampled_buy_hold_equity": 2.142728154841715
  },
  "lstm_seed_99": {
    "threshold": 0.0025,
    "holding_period": 1,
    "uncertainty_model": null,
    "uncertainty_quantile": null,
    "max_uncertainty": null,
    "uncertainty_side": null,
    "trade_count": 288,
    "coverage": 0.23587223587223588,
    "directional_accuracy": 0.5625,
    "avg_actual_return": 0.0028735269583333336,
    "avg_strategy_return": 0.0028735269583333336,
    "cumulative_strategy_return": 0.8275757640000001,
    "final_equity": 2.0640320514136374,
    "sampled_buy_hold_equity": 2.0640320514136374
  },
  "lstm_signmag": {
    "threshold": 0.0,
    "holding_period": 1,
    "uncertainty_model": null,
    "uncertainty_quantile": null,
    "max_uncertainty": null,
    "uncertainty_side": null,
    "trade_count": 352,
    "coverage": 0.2882882882882883,
    "directional_accuracy": 0.5710227272727273,
    "avg_actual_return": 0.002299535161363636,
    "avg_strategy_return": 0.002299535161363636,
    "cumulative_strategy_return": 0.8094363767999999,
    "final_equity": 2.021001619434613,
    "sampled_buy_hold_equity": 2.021001619434613
  },
  "lstm_signmag_best_by_val": {
    "threshold": 0.0,
    "holding_period": 1,
    "uncertainty_model": null,
    "uncertainty_quantile": null,
    "max_uncertainty": null,
    "uncertainty_side": null,
    "trade_count": 352,
    "coverage": 0.2882882882882883,
    "directional_accuracy": 0.5710227272727273,
    "avg_actual_return": 0.002299535161363636,
    "avg_strategy_return": 0.002299535161363636,
    "cumulative_strategy_return": 0.8094363767999999,
    "final_equity": 2.021001619434613,
    "sampled_buy_hold_equity": 2.021001619434613
  },
  "lstm_signmag_seed_42": {
    "threshold": 0.0,
    "holding_period": 1,
    "uncertainty_model": null,
    "uncertainty_quantile": null,
    "max_uncertainty": null,
    "uncertainty_side": null,
    "trade_count": 352,
    "coverage": 0.2882882882882883,
    "directional_accuracy": 0.5710227272727273,
    "avg_actual_return": 0.002299535161363636,
    "avg_strategy_return": 0.002299535161363636,
    "cumulative_strategy_return": 0.8094363767999999,
    "final_equity": 2.021001619434613,
    "sampled_buy_hold_equity": 2.021001619434613
  },
  "lstm_seed_52": {
    "threshold": 0.0,
    "holding_period": 1,
    "uncertainty_model": null,
    "uncertainty_quantile": null,
    "max_uncertainty": null,
    "uncertainty_side": null,
    "trade_count": 405,
    "coverage": 0.3316953316953317,
    "directional_accuracy": 0.5506172839506173,
    "avg_actual_return": 0.0020127218037037037,
    "avg_strategy_return": 0.0020127218037037037,
    "cumulative_strategy_return": 0.8151523305,
    "final_equity": 1.9504647910587258,
    "sampled_buy_hold_equity": 1.9504647910587258
  },
  "lstm_signmag_top2_by_val": {
    "threshold": 0.0,
    "holding_period": 1,
    "uncertainty_model": null,
    "uncertainty_quantile": null,
    "max_uncertainty": null,
    "uncertainty_side": null,
    "trade_count": 333,
    "coverage": 0.2727272727272727,
    "directional_accuracy": 0.5765765765765766,
    "avg_actual_return": 0.002322233127327327,
    "avg_strategy_return": 0.002322233127327327,
    "cumulative_strategy_return": 0.7733036313999999,
    "final_equity": 1.9131301287844358,
    "sampled_buy_hold_equity": 1.9131301287844358
  },
  "lstm_signmag_seed_99": {
    "threshold": 0.0,
    "holding_period": 1,
    "uncertainty_model": null,
    "uncertainty_quantile": null,
    "max_uncertainty": null,
    "uncertainty_side": null,
    "trade_count": 451,
    "coverage": 0.36936936936936937,
    "directional_accuracy": 0.549889135254989,
    "avg_actual_return": 0.0017627681738359201,
    "avg_strategy_return": 0.0017627681738359201,
    "cumulative_strategy_return": 0.7950084464,
    "final_equity": 1.9081788676766702,
    "sampled_buy_hold_equity": 1.9081788676766702
  },
  "lstm_ensemble": {
    "threshold": 0.0025,
    "holding_period": 1,
    "uncertainty_model": null,
    "uncertainty_quantile": null,
    "max_uncertainty": null,
    "uncertainty_side": null,
    "trade_count": 153,
    "coverage": 0.12530712530712532,
    "directional_accuracy": 0.5947712418300654,
    "avg_actual_return": 0.004652620152941177,