Date,code,high,low,open,close,adjust,volume_match,value_match
2017-07-20,BWE,11750,11750,11750,11750,13813.83203125,2000,23500000
2017-07-21,BWE,12590,12590,12590,12590,14780.396484375,10010,126025900
2017-07-24,BWE,13440,13440,13440,13440,15787.236328125,10,134400
2017-07-25,BWE,14360,14360,14360,14360,16874.62109375,10,143600
2017-07-26,BWE,15360,15360,15360,15360,18042.552734375,6020,92467200
2017-07-27,BWE,16420,15550,16420,16420,19291.03515625,1078970,17716687400
2017-07-28,BWE,17540,17340,17420,17540,20620.060546875,360000,6314400000
2017-07-31,BWE,18750,18750,18750,18750,22029.63671875,220000,4125000000
2017-08-01,BWE,20050,20050,20050,20050,23560.033203125,551530,11058176500
2017-08-02,BWE,21420,19200,21420,19880,23358.666015625,703050,13976634000
2017-08-03,BWE,19880,18510,19880,18510,21747.72265625,353980,6552169800
2017-08-04,BWE,19780,18510,19200,19740,23197.568359375,194320,3835876800
2017-08-07,BWE,20500,19330,20500,19740,23197.568359375,124720,2461972800
2017-08-08,BWE,19330,18570,19200,18570,21828.26953125,245060,4550764200
2017-08-09,BWE,18990,17310,18510,18990,22311.5546875,675340,12824706600
2017-08-10,BWE,18990,17760,18990,17890,21022.80078125,86550,1548379500
2017-08-11,BWE,18510,17140,17140,18510,21747.72265625,152900,2830179000
2017-08-14,BWE,18680,17540,18510,18130,21304.71484375,161420,2926544600
2017-08-15,BWE,17890,16850,17890,17270,20297.873046875,391180,6755678600
2017-08-16,BWE,17690,17200,17690,17480,20539.513671875,106700,1865116000
2017-08-17,BWE,17610,17340,17480,17340,20378.423828125,80110,1389107400
2017-08-18,BWE,17340,17000,17340,17140,20136.779296875,67000,1148380000
2017-08-21,BWE,17650,17070,17100,17610,20700.611328125,135980,2394607800
2017-08-22,BWE,17610,17240,17610,17420,20458.96875,16960,295443200
2017-08-23,BWE,17420,17140,17140,17270,20297.873046875,38920,672148400
2017-08-24,BWE,17270,17070,17270,17140,20136.779296875,22810,390963400
2017-08-25,BWE,17540,17140,17140,17420,20458.96875,158370,2758805400
2017-08-28,BWE,17720,17070,17140,17690,20781.158203125,161300,2853397000
2017-08-29,BWE,17820,17340,17820,17690,20781.158203125,62230,1100848700
2017-08-30,BWE,17610,17140,17610,17340,20378.423828125,114910,1992539400
2017-08-31,BWE,17520,16930,17240,17140,20136.779296875,225550,3865927000
2017-09-01,BWE,17520,17070,17140,17480,20539.513671875,161080,2815678400
2017-09-05,BWE,17790,17270,17790,17480,20539.513671875,126890,2218037200
2017-09-06,BWE,17340,17140,17180,17200,20217.328125,521380,8967736000
2017-09-07,BWE,17340,17140,17270,17340,20378.423828125,172410,2989589400
2017-09-08,BWE,18100,17380,17420,17760,20861.703125,253780,4507132800
2017-09-11,BWE,18450,17480,18170,17820,20942.251953125,320470,5710775400
2017-09-12,BWE,18030,17380,17380,17820,20942.251953125,482780,8603139600
2017-09-13,BWE,18510,17610,18330,18170,21344.990234375,585880,10645439600
2017-09-14,BWE,19200,18370,18640,18570,21828.26953125,607710,11285174700
2017-09-15,BWE,19020,18410,18850,18410,21626.904296875,696120,12815569200
2017-09-18,BWE,18540,18030,18410,18170,21344.990234375,475760,8644559200
2017-09-19,BWE,18170,17760,18030,17820,20942.251953125,1038800,18511416000
2017-09-20,BWE,17820,17270,17820,17270,20297.873046875,1205870,20825374900
2017-09-21,BWE,17540,17270,17270,17480,20539.513671875,1105750,19328510000
2017-09-22,BWE,18680,17960,17960,18680,21949.09375,969900,18117732000
2017-09-25,BWE,19480,18640,19200,18790,22069.912109375,268030,5036283700
2017-09-26,BWE,18790,18260,18790,18510,21747.72265625,347490,6432039900
2017-09-27,BWE,18680,18370,18510,18570,21828.26953125,212930,3954110100
2017-09-28,BWE,18720,18480,18720,18510,21747.72265625,399530,7395300300
2017-09-29,BWE,18680,18100,18640,18450,21667.177734375,146050,2694622500
2017-10-02,BWE,18570,18030,18570,18170,21344.990234375,176220,3201917400
2017-10-03,BWE,18170,17720,18170,17820,20942.251953125,227080,4046565600
2017-10-04,BWE,18100,17820,18030,17920,21063.0703125,56960,1020723200
2017-10-05,BWE,18450,17890,18450,17890,21022.80078125,136710,2445741900
2017-10-06,BWE,17990,17690,17760,17790,20901.978515625,134870,2399337300
2017-10-09,BWE,18170,17610,18170,17790,20901.978515625,102920,1830946800
2017-10-10,BWE,17820,17610,17820,17790,20901.978515625,141910,2524578900
2017-10-11,BWE,17790,17610,17610,17790,20901.978515625,107260,1908155400
2017-10-12,BWE,18510,17690,17790,18510,21747.72265625,245820,4550128200
2017-10-13,BWE,18850,18230,18510,18680,21949.09375,347950,6499706000
2017-10-16,BWE,18720,18510,18510,18600,21868.54296875,318450,5923170000
2017-10-17,BWE,18600,18260,18600,18260,21465.80859375,218340,3986888400
2017-10-18,BWE,18510,18170,18260,18170,21344.990234375,81190,1475222300
2017-10-19,BWE,18370,17850,17890,18230,21425.533203125,125880,2294792400
2017-10-20,BWE,18410,18030,18260,18030,21183.890625,184910,3333927300
2017-10-23,BWE,17820,17420,17820,17420,20458.96875,816130,14216984600
2017-10-24,BWE,17540,16790,17140,17200,20217.328125,634590,10914948000
2017-10-25,BWE,18300,17480,17480,17890,21022.80078125,909870,16277574300
2017-10-26,BWE,18060,17820,18030,17820,20942.251953125,496990,8856361800
2017-10-27,BWE,17890,17540,17820,17540,20620.060546875,305970,5366713800
2017-10-30,BWE,17540,17340,17540,17540,20620.060546875,218990,3841084600
2017-10-31,BWE,17540,17270,17420,17340,20378.423828125,143460,2487596400
2017-11-01,BWE,17610,17380,17480,17520,20579.791015625,142450,2495724000
2017-11-02,BWE,17540,16309,17540,17140,20136.779296875,308420,5286318800
2017-11-03,BWE,17270,16930,17140,17140,20136.779296875,278550,4774347000
2017-11-06,BWE,17270,17140,17140,17140,20136.779296875,62350,1068679000
2017-11-07,BWE,17540,17140,17140,17480,20539.513671875,122000,2132560000
2017-11-08,BWE,17420,17140,17420,17180,20177.056640625,248710,4272837800
2017-11-09,BWE,17380,17140,17200,17340,20378.423828125,90240,1564761600
2017-11-10,BWE,17380,17140,17380,17180,20177.056640625,270440,4646159200
2017-11-13,BWE,17180,16790,17100,16790,19734.044921875,163100,2738449000
2017-11-14,BWE,17340,16510,16790,16830,19774.318359375,562720,9470577600
2017-11-15,BWE,17140,16900,16900,17000,19975.685546875,400170,6802890000
2017-11-16,BWE,17540,16930,16930,17440,20499.24609375,254430,4437259200
2017-11-17,BWE,17520,17180,17440,17180,20177.056640625,266190,4573144200
2017-11-20,BWE,17440,17070,17180,17070,20026.28515625,158930,2712935100
2017-11-21,BWE,17310,16920,17270,16970,19904.423828125,98690,1674769300
2017-11-22,BWE,17310,16970,16970,17180,20148.15625,208710,3585637800
2017-11-23,BWE,17520,17040,17520,17310,20310.638671875,216190,3742248900
2017-11-24,BWE,17310,17040,17310,17100,20066.912109375,133290,2279259000
2017-11-27,BWE,17180,16890,17100,16970,19904.423828125,89850,1524754500
2017-11-28,BWE,17240,16540,17040,16970,19904.423828125,324720,5510498400
2017-11-29,BWE,16970,15790,16970,15830,18563.923828125,587020,9292526600
2017-11-30,BWE,16170,15690,16170,15960,18726.408203125,159140,2539874400
2017-12-01,BWE,16510,15850,15920,16480,19335.728515625,239280,3943334400
2017-12-04,BWE,16720,16059,16480,16480,19335.728515625,340630,5613582400
2017-12-05,BWE,16480,16200,16480,16410,19254.484375,121990,2001855900
2017-12-06,BWE,16480,16100,16480,16200,19010.7578125,144070,2333934000
2017-12-07,BWE,16379,15960,16270,16200,19010.7578125,93600,1516320000
2017-12-08,BWE,16200,15830,16200,15920,18685.787109375,464320,7391974400
2017-12-11,BWE,15920,15790,15920,15790,18523.30078125,191290,3020469100
2017-12-12,BWE,15790,15000,15790,15230,17873.359375,140320,2137073600
2017-12-13,BWE,15230,14880,14950,15230,17873.359375,266020,4051484600
2017-12-14,BWE,15300,14540,15230,14540,17060.935546875,363340,5282963600
2017-12-15,BWE,15540,14540,14540,15540,18238.951171875,494780,7688881200
2017-12-18,BWE,15920,15580,15920,15920,18685.787109375,188120,2994870400
2017-12-19,BWE,15850,15580,15850,15580,18279.572265625,124010,1932075800
2017-12-20,BWE,15830,15500,15750,15750,18482.6796875,114030,1795972500
2017-12-21,BWE,15850,15480,15750,15850,18604.54296875,97660,1547911000
2017-12-22,BWE,15790,15580,15580,15790,18523.30078125,156870,2476977300
2017-12-25,BWE,16030,15650,15790,15750,18482.6796875,182590,2875792500
2017-12-26,BWE,15750,15500,15580,15720,18442.05859375,153420,2411762400
2017-12-27,BWE,15720,15370,15580,15650,18360.81640625,113030,1768919500
2017-12-28,BWE,15830,15540,15830,15720,18442.05859375,175190,2753986800
2017-12-29,BWE,15720,15370,15370,15720,18442.05859375,117160,1841755200
2018-01-02,BWE,16480,15650,16480,16059,18848.26953125,433820,6966715380
2018-01-03,BWE,17140,15720,16200,17140,20107.53125,306380,5251353200
2018-01-04,BWE,17730,17240,17240,17650,20716.849609375,446070,7873135500
2018-01-05,BWE,17730,17240,17650,17440,20473.123046875,140980,2458691200
2018-01-08,BWE,17440,17000,17440,17380,20391.880859375,172230,2993357400
2018-01-09,BWE,18480,17240,17240,18480,21691.759765625,893460,16511140800
2018-01-10,BWE,18620,18070,18560,18350,21529.275390625,459990,8440816500
2018-01-11,BWE,18420,17860,18350,18350,21529.275390625,332540,6102109000
2018-01-12,BWE,18530,17930,18420,18420,21610.51953125,385660,7103857200
2018-01-15,BWE,18690,18140,18690,18420,21610.51953125,122590,2258107800
2018-01-16,BWE,18420,18070,18420,18350,21529.275390625,152260,2793971000
2018-01-17,BWE,18900,18070,18420,18420,21610.51953125,890000,16393800000
2018-01-18,BWE,18800,18420,18420,18800,22057.3515625,422930,7951084000
2018-01-19,BWE,18900,18590,18800,18900,22179.216796875,362190,6845391000
2018-01-22,BWE,18900,18140,18900,18270,22179.216796875,406590,7428399300
2018-01-25,BWE,18240,17790,18240,18140,21285.546875,324870,5893141800
2018-01-26,BWE,19390,17790,18560,19390,22747.912109375,1681240,32599243600
2018-01-29,BWE,20010,18900,20010,19620,23032.263671875,480970,9436631400
2018-01-30,BWE,19740,19320,19390,19660,23072.88671875,206650,4062739000
2018-01-31,BWE,19590,19040,19530,19390,22747.912109375,427500,8289225000
2018-02-01,BWE,19530,18900,19390,19350,22707.291015625,234810,4543573500
2018-02-02,BWE,19320,18970,19240,19180,22504.185546875,106760,2047656800
2018-02-05,BWE,19180,18350,19180,18350,21529.275390625,358290,6574621500
2018-02-06,BWE,18490,17100,17100,18390,21506.00390625,509040,9361245600
2018-02-07,BWE,18870,18240,18530,18870,22078.40234375,95620,1804349400
2018-02-08,BWE,18840,18530,18730,18730,21914.861328125,343250,6429072500
2018-02-09,BWE,18730,17440,18730,18730,21914.861328125,338000,6330740000
2018-02-12,BWE,19220,18730,18870,19220,22487.263671875,226530,4353906600
2018-02-13,BWE,19540,18930,19540,19080,22323.72265625,222840,4251787200
2018-02-21,BWE,19220,18870,19220,19050,22282.833984375,77150,1469707500
2018-02-22,BWE,18870,18530,18870,18870,22078.40234375,120260,2269306200
2018-02-23,BWE,19190,18590,18810,19190,22446.376953125,121750,2336382500
2018-02-26,BWE,19570,18870,19220,19510,22814.35546875,559940,10924429400
2018-02-27,BWE,19880,19360,19570,19540,22855.23828125,94080,1838323200
2018-02-28,BWE,19640,19430,19570,19430,22855.23828125,179450,3486713500
2018-03-01,BWE,19430,18900,19430,19080,22323.72265625,203620,3885069600
2018-03-02,BWE,19160,18930,19080,18980,22201.0625,48050,911989000
2018-03-05,BWE,19010,18530,19010,18530,21669.54296875,113390,2101116700
2018-03-06,BWE,18810,18180,18310,18810,21996.6328125,531610,9999584100
2018-03-07,BWE,19430,18310,18870,19430,22732.580078125,482280,9370700400
2018-03-08,BWE,19920,18900,19430,19920,23304.982421875,1464480,29172441600
2018-03-09,BWE,19920,19510,19920,19570,22896.123046875,368170,7205086900
2018-03-12,BWE,19790,19290,19570,19710,23059.66796875,595470,11736713700
2018-03-13,BWE,19640,19290,19570,19510,22814.35546875,361030,7043695300
2018-03-14,BWE,19570,19220,19290,19570,22896.123046875,344170,6735406900
2018-03-15,BWE,19540,18810,19510,18810,21996.6328125,609290,11460744900
2018-03-16,BWE,19290,18810,18810,18870,22078.40234375,274870,5186796900
2018-03-19,BWE,19430,18530,19360,19160,22405.494140625,488820,9365791200
2018-03-20,BWE,19220,18660,19080,19160,22405.494140625,420380,8054480800
2018-03-21,BWE,18870,18530,18810,18560,21710.431640625,85480,1586508800
2018-03-22,BWE,18930,18590,18810,18930,22160.177734375,458380,8677133400
2018-03-23,BWE,18930,18460,18930,18900,22119.291015625,402890,7614621000
2018-03-26,BWE,18870,17820,18870,18240,21342.458984375,117250,2138640000
2018-03-27,BWE,18730,18180,18700,18730,21914.861328125,127690,2391633700
2018-03-28,BWE,18620,18240,18240,18530,21669.54296875,46310,858124300
2018-03-29,BWE,18460,17540,18180,18180,21260.6875,281850,5124033000
2018-03-30,BWE,18180,17540,17610,17540,20524.740234375,134130,2352640200
2018-04-02,BWE,17960,17380,17690,17890,20933.599609375,328280,5872929200
2018-04-03,BWE,17960,17470,17960,17960,21015.369140625,711610,12780515600
2018-04-04,BWE,17890,17470,17540,17860,20892.712890625,266880,4766476800
2018-04-05,BWE,17920,17530,17680,17890,20910.443359375,303800,5434982000
2018-04-06,BWE,17890,17470,17890,17820,20828.12109375,160440,2859040800
2018-04-09,BWE,18070,17680,17820,17890,20910.443359375,448430,8022412700
2018-04-10,BWE,17890,17470,17890,17820,20828.12109375,295190,5260285800
2018-04-11,BWE,17820,17250,17530,17680,20663.47265625,308430,5453042400
2018-04-12,BWE,17610,17250,17610,17330,20251.84765625,136240,2361039200
2018-04-13,BWE,17530,16129,17330,16900,19757.90234375,631590,10673871000
2018-04-16,BWE,16840,16200,16660,16840,19675.576171875,374960,6314326400
2018-04-17,BWE,16900,16270,16840,16840,19675.576171875,409470,6895474800
2018-04-18,BWE,16770,16200,16770,16740,19552.08984375,416460,6971540400
2018-04-19,BWE,16630,16200,16230,16630,19428.603515625,148630,2471716900
2018-04-20,BWE,16770,16270,16410,16550,19346.28125,254040,4204362000
2018-04-23,BWE,16550,16129,16550,16490,19263.955078125,257210,4241392900
2018-04-24,BWE,16350,16059,16350,16350,19099.3046875,34550,564892500
2018-04-26,BWE,16200,15420,16200,16200,18934.65625,100790,1632798000
2018-04-27,BWE,16200,15840,16200,16129,18852.330078125,51420,829353180
2018-05-02,BWE,15920,15710,15920,15710,18358.3828125,125060,1964692600
2018-05-03,BWE,15640,15360,15640,15640,18276.05859375,100700,1574948000
2018-05-04,BWE,15560,15290,15490,15560,18193.734375,109460,1703197600
2018-05-07,BWE,15990,15490,15490,15990,18687.681640625,43040,688209600
2018-05-08,BWE,15920,15290,15490,15780,18440.70703125,345030,5444573400
2018-05-09,BWE,15780,15290,15780,15490,18111.408203125,241940,3747650600
2018-05-10,BWE,15490,15220,15360,15490,18111.408203125,186090,2882534100
2018-05-11,BWE,15390,14970,15220,15290,17864.43359375,324360,4959464400
2018-05-14,BWE,15150,14800,14900,15010,17535.13671875,146510,2199115100
2018-05-15,BWE,15330,14820,14860,15220,17782.109375,82830,1260672600
2018-05-16,BWE,15710,15180,15290,15490,18111.408203125,65300,1011497000
2018-05-17,BWE,15710,15220,15490,15470,18070.24609375,22550,348848500
2018-05-18,BWE,15470,15080,15470,15390,17987.921875,50000,769500000
2018-05-21,BWE,15560,14800,15560,14800,17288.162109375,111150,1645020000
2018-05-22,BWE,15080,14440,15080,14720,17205.83984375,98990,1457132800
2018-05-23,BWE,14720,13700,14720,13740,16053.2958984375,395680,5436643200
2018-05-24,BWE,13740,13250,13740,13530,15806.322265625,251110,3397518300
2018-05-25,BWE,13950,13170,13530,13950,16300.2685546875,194020,2706579000
2018-05-28,BWE,14010,13250,13740,14010,16382.5927734375,164950,2310949500
2018-05-29,BWE,14090,13310,13390,14090,16464.91796875,134940,1901304600
2018-05-30,BWE,14010,13390,14010,13840,16176.783203125,167050,2311972000
2018-05-31,BWE,13600,13310,13420,13600,15888.646484375,131510,1788536000
2018-06-01,BWE,13870,13280,13700,13870,16217.9443359375,217060,3010622200
2018-06-04,BWE,13920,13450,13450,13920,16259.109375,90070,1253774400
2018-06-05,BWE,13660,13110,13660,13450,15723.9970703125,408540,5494863000
2018-06-06,BWE,13450,12960,13450,13030,15230.0498046875,221700,2888751000
2018-06-07,BWE,13390,13030,13030,13250,15477.0224609375,101180,1340635000
2018-06-08,BWE,13250,12960,13250,12990,15188.8876953125,54130,703148700
2018-06-11,BWE,13030,12290,12890,13030,15230.0498046875,571510,7446775300
2018-06-12,BWE,13030,12320,13030,12540,14653.7783203125,203750,2555025000
2018-06-13,BWE,12680,12370,12400,12650,14777.263671875,87390,1105483500
2018-06-14,BWE,12650,12260,12650,12540,14653.7783203125,347350,4355769000
2018-06-15,BWE,12400,11980,12400,11980,13995.1806640625,393620,4715567600
2018-06-18,BWE,12050,11840,11980,11980,13995.1806640625,411820,4933603600
2018-06-19,BWE,11980,11410,11730,11620,13583.556640625,338520,3933602400
2018-06-20,BWE,11620,11170,11620,11200,13089.6103515625,501770,5619824000
2018-06-21,BWE,11300,11130,11200,11270,13171.93359375,245070,2761938900
2018-06-22,BWE,12050,11130,11130,12050,14077.5048828125,270060,3254223000
2018-06-25,BWE,12680,11580,12180,12050,14077.5048828125,286950,3457747500
2018-06-26,BWE,12050,11230,12050,11480,13418.9091796875,683300,7844284000
2018-06-27,BWE,11580,11270,11480,11410,13336.583984375,83660,954560600
2018-06-28,BWE,11800,11410,11580,11620,13583.556640625,172680,2006541600
2018-06-29,BWE,11620,11270,11270,11620,13583.556640625,124880,1451105600
2018-07-02,BWE,11620,11340,11520,11520,13460.0712890625,118070,1360166400
2018-07-03,BWE,11620,11410,11560,11480,13418.9091796875,174340,2001423200
2018-07-04,BWE,11620,11440,11520,11520,13460.0712890625,151620,1746662400
2018-07-05,BWE,11560,11270,11560,11520,13460.0712890625,100860,1161907200
2018-07-06,BWE,11480,11130,11410,11130,13007.2861328125,367160,4086490800
2018-07-09,BWE,11440,11270,11270,11380,13295.4208984375,89420,1017599600
2018-07-10,BWE,11410,11270,11380,11380,13295.4208984375,147740,1681281200
2018-07-11,BWE,11380,10910,11380,11270,13171.93359375,52440,590998800
2018-07-12,BWE,11340,11060,11130,11300,13213.09765625,112600,1272380000
2018-07-13,BWE,11760,11270,11270,11580,13542.396484375,140270,1624326600
2018-07-16,BWE,11840,11410,11560,11700,13665.8818359375,175870,2057679000
2018-07-17,BWE,11840,11480,11480,11840,13830.53125,155260,1838278400
2018-07-18,BWE,12540,11840,11840,12460,14571.453125,212150,2643389000
2018-07-19,BWE,13310,11620,12460,12960,15147.724609375,365000,4730400000
2018-07-20,BWE,12960,12650,12960,12890,15065.3994140625,182340,2350362600
2018-07-23,BWE,12890,12460,12460,12890,15065.3994140625,87000,1121430000
2018-07-24,BWE,12860,12460,12680,12820,15065.3994140625,138540,1776082800
2018-07-25,BWE,12820,12460,12820,12820,14983.0751953125,166870,2139273400
2018-07-26,BWE,12680,12260,12680,12260,14324.478515625,114000,1397640000
2018-07-27,BWE,12400,11980,12260,12400,14489.126953125,134680,1670032000
2018-07-30,BWE,12400,11980,12400,12090,14118.6669921875,193720,2342074800
2018-07-31,BWE,12370,12180,12180,12370,14447.9658203125,39070,483295900
2018-08-01,BWE,12400,12320,12370,12320,14406.802734375,115940,1428380800
2018-08-02,BWE,12320,12150,12320,12260,14324.478515625,77040,944510400
2018-08-03,BWE,12260,12090,12260,12180,14242.1533203125,160270,1952088600
2018-08-06,BWE,12230,11840,12110,12180,14242.1533203125,233060,2838670800
2018-08-07,BWE,12180,11940,12110,12180,14242.1533203125,146380,1782908400
2018-08-08,BWE,12260,11980,12260,12180,14242.1533203125,123320,1502037600
2018-08-09,BWE,12150,11940,11940,12110,14159.8291015625,201160,2436047600
2018-08-10,BWE,12230,12010,12010,12180,14242.1533203125,78690,958444200
2018-08-13,BWE,12540,12110,12110,12460,14571.453125,158170,1970798200
2018-08-14,BWE,13250,12460,12680,13070,15271.2109375,247220,3231165400
2018-08-15,BWE,13110,12610,13070,13070,15271.2109375,114370,1494815900
2018-08-16,BWE,13280,12680,12680,13210,15435.859375,287280,3794968800
2018-08-17,BWE,13280,12930,13110,13170,15394.697265625,264990,3489918300
2018-08-20,BWE,13170,12820,13170,12820,14983.0751953125,187860,2408365200
2018-08-21,BWE,13310,12540,12820,13170,15394.697265625,160890,2118921300
2018-08-22,BWE,13250,12960,12960,13210,15435.859375,45770,604621700
2018-08-23,BWE,13250,12790,13250,12960,15147.724609375,174430,2260612800
2018-08-24,BWE,13030,12820,12820,13030,15230.0498046875,42440,552993200
2018-08-27,BWE,13170,12890,13030,13070,15271.2109375,201170,2629291900
2018-08-28,BWE,13110,12790,13070,13110,15312.3740234375,122150,1601386500
2018-08-29,BWE,13110,12890,13110,12930,15106.5625,50780,656585400
2018-08-30,BWE,13030,12860,13030,12960,15147.724609375,53950,699192000
2018-08-31,BWE,12960,12790,12860,12960,15147.724609375,159070,2061547200
2018-09-04,BWE,12960,12720,12960,12890,15065.3994140625,156640,2019089600
2018-09-05,BWE,12960,12790,12860,12820,14983.0751953125,284040,3641392800
2018-09-06,BWE,12820,12650,12820,12720,14859.587890625,129100,1642152000
2018-09-07,BWE,12720,12580,12720,12680,14818.4267578125,63610,806574800
2018-09-10,BWE,12820,12540,12820,12680,14818.4267578125,114990,1458073200
2018-09-11,BWE,12680,12540,12680,12680,14818.4267578125,75230,953916400
2018-09-12,BWE,13250,12540,12580,13070,15271.2109375,322890,4220172300
2018-09-13,BWE,13250,12990,13250,13030,15230.0498046875,89580,1167227400
2018-09-14,BWE,13310,12930,12960,13210,15435.859375,205800,2718618000
2018-09-17,BWE,13210,12820,13030,13030,15230.0498046875,115230,1501446900
2018-09-18,BWE,13170,12860,12860,13030,15230.0498046875,225470,2937874100
2018-09-19,BWE,13250,13030,13030,13110,15312.3740234375,201800,2645598000
2018-09-20,BWE,13170,12990,13170,13030,15230.0498046875,69140,900894200
2018-09-21,BWE,13110,12930,13110,13030,15230.0498046875,75650,985719500
2018-09-24,BWE,13030,12930,13030,12930,15106.5625,108990,1409240700
2018-09-25,BWE,13070,12930,12960,12960,15147.724609375,144840,1877126400
2018-09-26,BWE,13840,13030,13030,13840,16176.783203125,1029450,14247588000
2018-09-27,BWE,14370,13740,14150,13740,16053.2958984375,190550,2618157000
2018-09-28,BWE,14230,13740,13740,14090,16464.91796875,359040,5058873600
2018-10-01,BWE,14340,13780,14090,13870,16217.9443359375,158530,2198811100
2018-10-02,BWE,13950,13600,13800,13740,16053.2958984375,161950,2225193000
2018-10-03,BWE,14340,13600,13740,14340,16753.05078125,501530,7191940200
2018-10-04,BWE,14340,14090,14340,14130,16506.080078125,180680,2553008400
2018-10-05,BWE,14090,13800,14090,13870,16217.9443359375,265290,3679572300
2018-10-08,BWE,13870,13530,13800,13800,16135.6181640625,184540,2546652000
2018-10-09,BWE,14090,13740,13800,13990,16341.4296875,247130,3457348700
2018-10-10,BWE,14230,13780,14230,13780,16094.45703125,99690,1373728200
2018-10-11,BWE,13530,13170,13530,13210,15435.859375,564560,7457837600
2018-10-12,BWE,13660,12930,12960,13600,15888.646484375,218460,2971056000
2018-10-15,BWE,13700,13390,13600,13450,15723.9970703125,58200,782790000
2018-10-16,BWE,13660,13390,13390,13660,15970.9697265625,220700,3014762000
2018-10-17,BWE,13870,13640,13780,13870,16217.9443359375,121140,1680211800
2018-10-18,BWE,13950,13800,13920,13870,16217.9443359375,47480,658547600
2018-10-19,BWE,13870,13660,13740,13870,16217.9443359375,57870,802656900
2018-10-22,BWE,13990,13800,13870,13950,16300.2685546875,157230,2193358500
2018-10-23,BWE,14440,13800,13990,14090,16464.91796875,273930,3859673700
2018-10-24,BWE,14370,13870,14090,14060,16423.7578125,76380,1073902800
2018-10-25,BWE,13870,13390,13660,13870,16217.9443359375,109000,1511830000
2018-10-26,BWE,13950,13740,13950,13800,16135.6181640625,147570,2036466000
2018-10-29,BWE,13780,13560,13600,13780,16094.45703125,60210,829693800
2018-10-30,BWE,13800,13560,13600,13780,16094.45703125,39370,542518600
2018-10-31,BWE,13780,13530,13600,13740,16053.2958984375,109560,1505354400
2018-11-01,BWE,13780,13600,13660,13640,15929.8076171875,36640,499769600
2018-11-02,BWE,14090,13560,13560,14010,16382.5927734375,273900,3837339000
2018-11-05,BWE,14010,13840,14010,14010,16382.5927734375,74160,1038981600
2018-11-06,BWE,14760,14090,14090,14720,17205.83984375,671750,9888160000
2018-11-07,BWE,15010,14470,15010,14620,17082.353515625,219340,3206750800
2018-11-08,BWE,15290,14660,14660,15040,17576.298828125,365660,5499526400
2018-11-09,BWE,15080,14470,15040,14510,16958.865234375,374880,5439508800
2018-11-12,BWE,14620,14300,14300,14510,16958.865234375,89190,1294146900
2018-11-13,BWE,14940,14270,14270,14800,17288.162109375,184000,2723200000
2018-11-14,BWE,15470,14800,14800,15390,17987.921875,461590,7103870100
2018-11-15,BWE,16200,15390,15390,15490,18111.408203125,435120,6740008800
2018-11-16,BWE,15890,15490,15490,15840,18523.03125,283800,4495392000
2018-11-19,BWE,16270,15920,15920,16170,18893.4921875,401330,6489506100
2018-11-20,BWE,16170,15780,16170,16170,18893.4921875,374130,6049682100
2018-11-21,BWE,16510,15890,15890,16410,19181.630859375,131750,2162017500
2018-11-22,BWE,16590,16059,16490,16270,19016.982421875,217600,3540352000
2018-11-23,BWE,16350,15890,15890,16059,18770.005859375,172740,2774031660
2018-11-26,BWE,16740,16059,16059,16410,19181.630859375,351920,5775007200
2018-11-27,BWE,16660,16270,16410,16350,19099.3046875,183110,2993848500
2018-11-28,BWE,16350,15990,16270,16129,18852.330078125,262270,4230152830
2018-11-29,BWE,16200,16059,16129,16129,18852.330078125,109370,1764028730
2018-11-30,BWE,16490,16100,16129,16270,19016.982421875,189040,3075680800
2018-12-03,BWE,16700,16230,16270,16630,19428.603515625,208790,3472177700
2018-12-04,BWE,16770,16490,16770,16510,19305.115234375,83330,1375778300
2018-12-05,BWE,16630,16450,16590,16550,19346.28125,208780,3455309000
2018-12-06,BWE,17370,16550,16550,17250,20169.525390625,546420,9425745000
2018-12-07,BWE,17300,17110,17190,17250,20169.525390625,83790,1445377500
2018-12-10,BWE,17890,17160,17190,17720,20704.6328125,359780,6375301600
2018-12-11,BWE,17820,17370,17820,17470,20416.501953125,188890,3299908300
2018-12-12,BWE,17680,17330,17610,17610,20416.501953125,64180,1130209800
2018-12-13,BWE,17650,17400,17470,17610,20581.1484375,70680,1244674800
2018-12-14,BWE,17610,17190,17610,17400,20334.17578125,107960,1878504000
2018-12-17,BWE,17760,16970,17250,17610,20581.1484375,183220,3226504200
2018-12-18,BWE,17920,17330,17610,17820,20828.12109375,251260,4477453200
2018-12-19,BWE,17890,17650,17820,17820,20828.12109375,163200,2908224000
2018-12-20,BWE,17960,17760,17820,17860,20869.283203125,158500,2830810000
2018-12-21,BWE,17820,17530,17760,17530,20498.822265625,272090,4769737700
2018-12-24,BWE,17820,17470,17610,17610,20581.1484375,175820,3096190200
2018-12-25,BWE,17610,17250,17470,17610,20581.1484375,273780,4821265800
2018-12-26,BWE,17820,17580,17790,17610,20581.1484375,147500,2597475000
2018-12-27,BWE,18130,17690,18130,17760,20665.826171875,269770,4791115200
2018-12-28,BWE,17980,17110,17760,17830,20750.1796875,94430,1683686900
2019-01-02,BWE,17760,16750,17760,16750,19484.921875,149120,2497760000
2019-01-03,BWE,17180,16309,16750,16820,19569.271484375,312360,5253895200
2019-01-04,BWE,17360,16230,17360,16880,19653.623046875,39710,670304800
2019-01-07,BWE,17000,16230,16230,16850,19611.447265625,67540,1138049000
2019-01-08,BWE,17210,16750,16850,16820,19569.271484375,90980,1530283600
2019-01-09,BWE,17180,16820,16820,16850,19611.447265625,64110,1080253500
2019-01-10,BWE,17180,16850,16850,17110,19906.67578125,119410,2043105100
2019-01-11,BWE,17690,17040,17690,17110,19906.67578125,101600,1738376000
2019-01-14,BWE,17460,16850,17460,17110,19906.67578125,44830,767041300
2019-01-15,BWE,17400,17110,17110,17240,20075.373046875,33560,578574400
2019-01-16,BWE,17980,17180,17210,17720,20623.65234375,165150,2926458000
2019-01-17,BWE,17980,17460,17720,17690,20581.4765625,73050,1292254500
2019-01-18,BWE,18130,17610,17650,17900,20834.525390625,153220,2742638000
2019-01-21,BWE,18260,17760,17900,17980,20918.87890625,100000,1798000000
2019-01-22,BWE,18090,17790,18090,17980,20918.87890625,55480,997530400
2019-01-23,BWE,17980,17440,17830,17830,20750.1796875,192420,3430848600
2019-01-24,BWE,17690,17510,17610,17530,20412.775390625,207930,3645012900
2019-01-25,BWE,17900,17610,17610,17610,20497.126953125,96090,1692144900
2019-01-28,BWE,17760,17180,17760,17530,20412.775390625,27410,480497300
2019-01-29,BWE,17530,17040,17040,17040,19822.32421875,71240,1213929600
2019-01-30,BWE,17400,17040,17040,17400,20244.076171875,65860,1145964000
2019-01-31,BWE,17400,17110,17110,17360,20201.900390625,25320,439555200
2019-02-01,BWE,17400,17210,17240,17400,20244.076171875,65240,1135176000
2019-02-11,BWE,17610,17240,17400,17610,20497.126953125,143120,2520343200
2019-02-12,BWE,18130,17510,17510,18130,21087.576171875,138480,2510642400
2019-02-13,BWE,19350,18190,18260,19140,22268.482421875,770920,14755408800
2019-02-14,BWE,19200,18450,19140,18480,21509.330078125,539240,9965155200
2019-02-15,BWE,18780,18130,18260,18260,21256.279296875,415360,7584473600
2019-02-18,BWE,18410,17530,18190,18130,21256.279296875,3112080,56422010400
2019-02-19,BWE,18010,17530,17870,17900,20834.525390625,1480890,26507931000
2019-02-20,BWE,17900,17400,17900,17400,20244.076171875,4031510,70148274000
2019-02-21,BWE,17530,17290,17400,17400,20244.076171875,404390,7036386000
2019-02-22,BWE,17760,17240,17400,17610,20497.126953125,2405120,42354163200
2019-02-25,BWE,17790,17530,17690,17690,20581.4765625,2964940,52449788600
2019-02-26,BWE,18130,17530,17760,17930,20876.701171875,4799590,86056648700
2019-02-27,BWE,18450,17580,18050,18450,21467.154296875,7843150,144706117500
2019-02-28,BWE,18850,18130,18700,18260,21256.279296875,1094900,19992874000
2019-03-01,BWE,18410,17900,18330,18410,21424.978515625,2155630,39685148300
2019-03-04,BWE,18620,18190,18410,18410,21424.978515625,1676860,30870992600
2019-03-05,BWE,19020,18330,18480,18620,21678.029296875,2258020,42044332400
2019-03-06,BWE,18700,18520,18620,18660,21720.205078125,708930,13228633800
2019-03-07,BWE,18950,18410,18780,18730,21804.5546875,1729570,32394846100
2019-03-08,BWE,19140,18410,18590,18850,21804.5546875,1376490,25946836500
2019-03-11,BWE,19070,18780,19070,18990,22099.78125,722440,13719135600
2019-03-12,BWE,19070,18810,19070,18910,22015.43359375,1226450,23192169500
2019-03-13,BWE,18910,18780,18910,18850,21931.080078125,1475330,27809970500
2019-03-14,BWE,19570,18620,18850,19200,22352.8359375,1848810,35497152000
2019-03-15,BWE,19930,19070,19270,19710,22943.28515625,1440870,28399547700
2019-03-18,BWE,19860,19500,19710,19860,23111.986328125,1507270,29934382200
2019-03-19,BWE,20220,19750,19790,20000,23280.685546875,1245160,24903200000
2019-03-20,BWE,20000,19600,19890,19890,23154.162109375,959430,19083062700
2019-03-21,BWE,19930,19570,19890,19570,22774.583984375,954810,18685631700
2019-03-22,BWE,19640,19200,19570,19570,22774.583984375,746200,14603134000
2019-03-25,BWE,19430,18910,18910,18950,22057.607421875,697020,13208529000
2019-03-26,BWE,19200,18950,18950,18950,22057.607421875,528880,10022276000
2019-03-27,BWE,19140,19020,19100,19070,22184.130859375,296360,5651585200
2019-03-28,BWE,19640,18990,18990,19540,22732.41015625,644600,12595484000
2019-03-29,BWE,19790,19350,19790,19350,22521.533203125,547300,10590255000
2019-04-01,BWE,19500,18780,19500,18850,21931.080078125,706460,13316771000
2019-04-02,BWE,19140,18850,18850,18850,21931.080078125,874460,16483571000
2019-04-03,BWE,19170,18850,18850,19170,22310.65625,707670,13566033900
2019-04-04,BWE,19570,19140,19240,19430,22605.8828125,568780,11051395400
2019-04-05,BWE,19570,19140,19570,19350,22521.533203125,341570,6609379500
2019-04-08,BWE,19350,18950,19350,19140,22268.482421875,354960,6793934400
2019-04-09,BWE,19140,18620,18990,18620,21678.029296875,406370,7566609400
2019-04-10,BWE,18780,18260,18480,18660,21720.205078125,521170,9725032200
2019-04-11,BWE,18850,18480,18850,18620,21678.029296875,353460,6581425200
2019-04-12,BWE,18620,18260,18620,18410,21424.978515625,635550,11700475500
2019-04-16,BWE,18260,17690,18190,18220,21214.103515625,640050,11661711000
2019-04-17,BWE,18560,18220,18410,18220,21214.103515625,350440,6385016800
2019-04-18,BWE,18330,17830,18220,18090,21045.404296875,284770,5151489300
2019-04-19,BWE,18150,17980,18090,18090,21045.404296875,192270,3478164300
2019-04-22,BWE,18260,17930,18090,18150,21129.75390625,337720,6129618000
2019-04-23,BWE,18780,18130,18130,18150,21129.75390625,177730,3225799500
2019-04-24,BWE,18780,18150,18150,18780,21846.732421875,682160,12810964800
2019-04-25,BWE,18850,18620,18780,18700,21762.380859375,65500,1224850000
2019-04-26,BWE,18850,18560,18850,18810,21888.904296875,74810,1407176100
2019-05-02,BWE,18990,18560,18560,18990,22099.78125,273240,5188827600
2019-05-03,BWE,18950,18810,18950,18810,21888.904296875,311840,5865710400
2019-05-06,BWE,18620,18330,18330,18380,21382.802734375,136230,2503907400
2019-05-07,BWE,18590,17980,18480,18130,21087.576171875,265460,4812789800
2019-05-08,BWE,18330,17900,18130,18150,21129.75390625,133760,2427744000
2019-05-09,BWE,18410,18130,18410,18260,21256.279296875,43010,785362600
2019-05-10,BWE,18300,17830,18260,18130,21087.576171875,71930,1304090900
2019-05-13,BWE,18260,17930,18260,18090,21045.404296875,27090,490058100
2019-05-14,BWE,18410,17830,17830,18410,21424.978515625,224900,4140409000
2019-05-15,BWE,18620,18330,18620,18330,21340.62890625,79940,1465300200
2019-05-16,BWE,18330,18010,18190,18330,21340.62890625,66050,1210696500
2019-05-17,BWE,18260,18010,18090,18050,21003.228515625,51370,927228500
2019-05-20,BWE,18150,17900,18130,17900,20834.525390625,146880,2629152000
2019-05-21,BWE,18050,17900,17900,18050,21003.228515625,111400,2010770000
2019-05-22,BWE,18130,18010,18050,18050,21003.228515625,20660,372913000
2019-05-23,BWE,18130,17930,18010,18050,21003.228515625,67150,1212057500
2019-05-24,BWE,18050,17900,17900,17980,20918.87890625,79000,1420420000
2019-05-27,BWE,18620,17720,17980,18410,21424.978515625,352670,6492654700
2019-05-28,BWE,18620,18190,18480,18590,21635.85546875,346140,6434742600
2019-05-29,BWE,18730,18480,18620,18730,21804.5546875,215210,4030883300
2019-05-30,BWE,19100,18700,18730,18730,21804.5546875,360130,6745234900
2019-05-31,BWE,18880,18700,18730,18850,21931.080078125,178220,3359447000
2019-06-03,BWE,18850,18380,18850,18380,21382.802734375,83770,1539692600
2019-06-04,BWE,18560,17930,18380,18220,21214.103515625,288140,5249910800
2019-06-05,BWE,18450,18130,18130,18190,21171.927734375,34380,625372200
2019-06-06,BWE,18330,18130,18130,18190,21171.927734375,70300,1278757000
2019-06-07,BWE,19020,18260,18260,18850,21931.080078125,353180,6657443000
2019-06-10,BWE,19170,18850,19070,19170,22310.65625,535450,10264576500
2019-06-11,BWE,19570,19140,19200,19200,22352.8359375,556660,10687872000
2019-06-12,BWE,19240,18780,19070,18780,21846.732421875,158550,2977569000
2019-06-13,BWE,19350,18700,18850,19140,22268.482421875,339110,6490565400
2019-06-14,BWE,19390,18880,19170,18880,21973.255859375,371520,7014297600
2019-06-17,BWE,18990,18810,18880,18910,22015.43359375,161030,3045077300
2019-06-18,BWE,19140,18850,18880,19100,22226.30859375,145430,2777713000
2019-06-19,BWE,19710,19100,19570,19570,22774.583984375,1166570,22829774900
2019-06-20,BWE,19570,19270,19570,19470,22648.060546875,242740,4726147800
2019-06-21,BWE,19540,19270,19470,19350,22521.533203125,152460,2950101000
2019-06-24,BWE,19500,18950,19500,19070,22184.130859375,440220,8394995400
2019-06-25,BWE,19350,19070,19200,19170,22310.65625,236180,4527570600
2019-06-26,BWE,19240,18990,18990,19070,22184.130859375,118240,2254836800
2019-06-27,BWE,19240,18990,18990,18990,22099.78125,368040,6989079600
2019-06-28,BWE,19070,18910,18990,19070,22184.130859375,96200,1834534000
2019-07-01,BWE,19270,18990,19070,19100,22226.30859375,194070,3706737000
2019-07-02,BWE,19600,19070,19100,19500,22690.232421875,851130,16597035000
2019-07-03,BWE,19540,19390,19500,19500,22690.232421875,320720,6254040000
2019-07-04,BWE,20150,19430,19430,20150,23449.388671875,1463820,29495973000
2019-07-05,BWE,20440,19890,20260,19890,23154.162109375,1011850,20125696500
2019-07-08,BWE,20220,19710,19930,19930,23196.3359375,482970,9625592100
2019-07-09,BWE,20260,19860,19860,20190,23491.564453125,437620,8835547800
2019-07-10,BWE,20550,20150,20150,20410,23744.61328125,551160,11249175600
2019-07-11,BWE,20550,20330,20440,20480,23828.962890625,539110,11040972800
2019-07-12,BWE,20520,20000,20480,20040,23322.861328125,854740,17128989600
2019-07-15,BWE,20220,19860,19960,20220,23533.73828125,420000,8492400000
2019-07-16,BWE,20280,19960,20280,19960,23238.51171875,258440,5158462400
2019-07-17,BWE,20040,19930,20000,19930,23196.3359375,251090,5004223700
2019-07-18,BWE,20410,19930,19930,20410,23744.61328125,455620,9299204200
2019-07-19,BWE,20880,20410,20410,20810,24208.5390625,761810,15853266100
2019-07-22,BWE,20760,20410,20410,20650,24039.83984375,261350,5396877500
2019-07-23,BWE,20730,20440,20730,20520,23871.138671875,219390,4501882800
2019-07-24,BWE,20840,20280,20360,20520,23871.138671875,315050,6464826000
2019-07-25,BWE,21020,20000,20810,20000,23871.138671875,932480,18649600000
2019-07-26,BWE,20440,19500,19960,19670,23871.138671875,1061430,20878328100
2019-07-29,BWE,19710,19200,19710,19270,23871.138671875,593560,11437901200
2019-07-30,BWE,19390,18410,19270,18520,23871.138671875,975730,18070519600
2019-07-31,BWE,18990,18190,18780,18850,21931.080078125,463870,8743949500
2019-08-01,BWE,19310,18850,18910,19310,22479.35546875,352250,6801947500
2019-08-02,BWE,19170,18850,19170,18990,22099.78125,389740,7401162600
2019-08-05,BWE,18850,18410,18850,18450,21467.154296875,615320,11352654000
2019-08-06,BWE,18700,17900,18150,18590,21467.154296875,435420,8094457800
2019-08-07,BWE,19070,18780,18780,18990,22099.78125,219230,4163177700
2019-08-08,BWE,19310,18880,18990,19140,22268.482421875,245890,4706334600
2019-08-09,BWE,19500,18990,19070,19350,22521.533203125,461790,8935636500
2019-08-12,BWE,19470,18990,19350,19100,22226.30859375,75230,1436893000
2019-08-13,BWE,19100,18780,18850,18950,22057.607421875,353130,6691813500
2019-08-14,BWE,18990,18880,18880,18880,21973.255859375,107870,2036585600
2019-08-15,BWE,19430,18780,18850,19310,22479.35546875,293860,5674436600
2019-08-16,BWE,19390,19100,19100,19390,22563.708984375,233960,4536484400
2019-08-19,BWE,19790,19390,19500,19710,22943.28515625,342420,6749098200
2019-08-20,BWE,20080,19710,20080,19830,23069.814453125,215300,4269399000
2019-08-21,BWE,19860,19710,19710,19830,23069.814453125,261530,5186139900
2019-08-22,BWE,19860,19670,19710,19710,22943.28515625,132620,2613940200
2019-08-23,BWE,19890,19200,19710,19710,22943.28515625,89260,1759314600
2019-08-26,BWE,19600,19350,19350,19570,22774.583984375,86570,1694174900
2019-08-27,BWE,19600,19390,19570,19470,22648.060546875,77610,1511066700
2019-08-28,BWE,19500,18780,19350,19200,22352.8359375,282270,5419584000
2019-08-29,BWE,19200,18910,18910,19070,22184.130859375,46910,894573700
2019-08-30,BWE,19350,19070,19170,19170,22310.65625,130350,2498809500
2019-09-03,BWE,19500,19070,19500,19170,22310.65625,61160,1172437200
2019-09-04,BWE,19140,18950,19140,18990,22099.78125,151830,2883251700
2019-09-05,BWE,19020,18910,18990,18950,22057.607421875,58720,1112744000
2019-09-06,BWE,19200,18810,18950,18910,22015.43359375,139910,2645698100
2019-09-09,BWE,19070,18850,18910,18910,22015.43359375,53140,1004877400
2019-09-10,BWE,19020,18810,19020,18810,21888.904296875,93340,1755725400
2019-09-11,BWE,18990,18810,18810,18910,22015.43359375,87630,1657083300
2019-09-12,BWE,19070,18700,18990,18700,21762.380859375,196770,3679599000
2019-09-13,BWE,18780,18330,18700,18560,21593.6796875,251170,4661715200
2019-09-16,BWE,18850,18620,18620,18700,21762.380859375,69870,1306569000
2019-09-17,BWE,18810,18560,18700,18560,21593.6796875,63500,1178560000
2019-09-18,BWE,18910,18560,18620,18850,21931.080078125,123550,2328917500
2019-09-19,BWE,19070,18780,18850,18850,21931.080078125,49190,927231500
2019-09-20,BWE,19350,18810,18850,19310,22479.35546875,327240,6319004400
2019-09-23,BWE,19470,19270,19310,19270,22437.18359375,94240,1816004800
2019-09-24,BWE,19310,19020,19310,19140,22268.482421875,46870,897091800
2019-09-25,BWE,19140,18910,18910,18910,22015.43359375,47410,896523100
2019-09-26,BWE,18990,18780,18910,18780,21846.732421875,71130,1335821400
2019-09-27,BWE,18850,18730,18780,18780,21846.732421875,76010,1427467800
2019-09-30,BWE,19140,18780,18780,19140,22268.482421875,161210,3085559400
2019-10-01,BWE,19310,19140,19200,19200,22352.8359375,193490,3715008000
2019-10-02,BWE,19170,18850,19170,18880,21973.255859375,130440,2462707200
2019-10-03,BWE,19070,18700,18700,18990,22099.78125,58670,1114143300
2019-10-04,BWE,19140,18880,18910,18880,21973.255859375,33920,640409600
2019-10-07,BWE,18910,18780,18850,18850,21931.080078125,84250,1588112500
2019-10-08,BWE,19070,18560,18700,18850,21931.080078125,24840,468234000
2019-10-09,BWE,18850,18700,18810,18850,21931.080078125,73840,1391884000
2019-10-10,BWE,18990,18700,18850,18730,21804.5546875,61670,1155079100
2019-10-11,BWE,18990,18730,18730,18850,21931.080078125,239710,4518533500
2019-10-14,BWE,19070,18780,19070,18850,21931.080078125,35400,667290000
2019-10-15,BWE,19070,18850,18850,18850,21931.080078125,46320,873132000
2019-10-16,BWE,18910,18880,18880,18910,22015.43359375,15590,294806900
2019-10-17,BWE,18950,18480,18880,18700,21762.380859375,155840,2914208000
2019-10-18,BWE,18780,18620,18780,18700,21762.380859375,66500,1243550000
2019-10-21,BWE,18730,18560,18700,18560,21593.6796875,61410,1139769600
2019-10-22,BWE,18620,18480,18560,18560,21593.6796875,54150,1005024000
2019-10-23,BWE,18910,18590,18910,18620,21678.029296875,32040,596584800
2019-10-24,BWE,18780,18620,18620,18780,21846.732421875,18260,342922800
2019-10-25,BWE,18850,18660,18850,18700,21762.380859375,29000,542300000
2019-10-28,BWE,18810,18660,18660,18660,21720.205078125,59930,1118293800
2019-10-29,BWE,18850,18660,18660,18730,21804.5546875,30980,580255400
2019-10-30,BWE,18810,18620,18730,18660,21720.205078125,35980,671386800
2019-10-31,BWE,18730,18620,18700,18620,21678.029296875,50700,944034000
2019-11-01,BWE,18700,18300,18700,18300,21298.455078125,28430,520269000
2019-11-04,BWE,18560,18300,18300,18560,21593.6796875,42740,793254400
2019-11-05,BWE,18700,18330,18700,18410,21424.978515625,20700,381087000
2019-11-06,BWE,18410,18190,18410,18190,21171.927734375,48680,885489200
2019-11-07,BWE,18560,18150,18190,18330,21340.62890625,37940,695440200
2019-11-08,BWE,18410,18260,18260,18330,21340.62890625,37930,695256900
2019-11-11,BWE,18380,18300,18330,18300,21298.455078125,56940,1042002000
2019-11-12,BWE,18410,17980,18300,17980,20918.87890625,273740,4921845200
2019-11-13,BWE,18190,17930,18190,18050,21003.228515625,127310,2297945500
2019-11-14,BWE,17980,17690,17980,17760,20665.826171875,173700,3084912000
2019-11-15,BWE,17980,17650,17900,17650,20539.30078125,31600,557740000
2019-11-18,BWE,17650,16670,17650,17400,20244.076171875,508430,8846682000
2019-11-19,BWE,17400,17240,17240,17320,20159.724609375,226090,3915878800
2019-11-20,BWE,17610,17240,17610,17400,20244.076171875,39950,695130000
2019-11-21,BWE,17400,17110,17400,17110,19906.67578125,62830,1075021300
2019-11-22,BWE,17320,17000,17180,17180,19991.021484375,53870,925486600
2019-11-25,BWE,17720,17040,17320,17040,19822.32421875,49920,850636800
2019-11-26,BWE,17360,16590,17360,16820,19569.271484375,303910,5111766200
2019-11-27,BWE,17290,16820,17110,17210,20033.19921875,98530,1695701300
2019-11-28,BWE,17400,17110,17210,17240,20075.373046875,30040,517889600
2019-11-29,BWE,17610,17240,17240,17610,20497.126953125,46150,812701500
2019-12-02,BWE,17690,17400,17690,17610,20497.126953125,78500,1382385000
2019-12-03,BWE,17610,17400,17440,17610,20497.126953125,90740,1597931400
2019-12-04,BWE,17690,17460,17690,17610,20497.126953125,49830,877506300
2019-12-05,BWE,17610,17360,17440,17530,20497.126953125,93490,1638879700
2019-12-06,BWE,18190,17400,17530,18190,21171.927734375,84640,1539601600
2019-12-09,BWE,18130,17690,18130,18130,21087.576171875,32640,591763200
2019-12-10,BWE,18050,17690,18050,17980,20918.87890625,35590,639908200
2019-12-11,BWE,17980,17690,17980,17980,20918.87890625,51360,923452800
2019-12-12,BWE,17980,17690,17980,17980,20918.87890625,66180,1189916400
2019-12-13,BWE,18130,17760,17980,18010,20961.0546875,73340,1320853400
2019-12-16,BWE,18090,17830,18010,17900,20834.525390625,37120,664448000
2019-12-17,BWE,17980,17760,17900,17980,20918.87890625,28770,517284600
2019-12-18,BWE,18010,17900,17980,17900,20834.525390625,65410,1170839000
2019-12-19,BWE,18130,17760,17900,18130,21087.576171875,86240,1563531200
2019-12-20,BWE,18410,18090,18130,18130,21087.576171875,57240,1037761200
2019-12-23,BWE,18220,17690,18130,17790,20708.001953125,146990,2614952100
2019-12-24,BWE,17900,17760,17900,17790,20708.001953125,60660,1079141400
2019-12-25,BWE,17830,17760,17790,17760,20665.826171875,9320,165523200
2019-12-26,BWE,17830,17530,17760,17610,20497.126953125,193410,3405950100
2019-12-27,BWE,18130,17400,18130,17510,20370.59765625,200250,3506377500
2019-12-30,BWE,17990,17310,17850,17360,20071.236328125,130570,2266695200
2019-12-31,BWE,17390,17010,17010,17390,20114.966796875,29980,521352200
2020-01-02,BWE,17460,17310,17360,17360,20071.236328125,114410,1986157600
2020-01-03,BWE,17390,17100,17390,17240,19940.052734375,100340,1729861600
2020-01-06,BWE,17360,17170,17310,17170,19852.59765625,113870,1955147900
2020-01-07,BWE,17310,17010,17310,17010,19677.68359375,182440,3103304400
2020-01-08,BWE,17190,16900,17190,17050,19721.412109375,95080,1621114000
2020-01-09,BWE,17170,16640,17050,16930,19590.228515625,62710,1061680300
2020-01-10,BWE,17190,16930,17010,17120,19808.8671875,71350,1221512000
2020-01-13,BWE,17120,16850,17120,16930,19590.228515625,28480,482166400
2020-01-14,BWE,17010,16710,17010,16930,19590.228515625,75660,1280923800
2020-01-15,BWE,17010,16850,17010,16900,19546.5,38820,656058000
2020-01-16,BWE,16830,16710,16830,16780,19415.31640625,38710,649553800
2020-01-17,BWE,16830,16640,16780,16750,19371.5859375,70080,1173840000
2020-01-20,BWE,16850,15880,16560,16640,19240.400390625,89570,1490444800
2020-01-21,BWE,16850,16490,16710,16850,19502.771484375,23310,392773500
2020-01-22,BWE,17360,16780,16930,16780,19415.31640625,127540,2140121200
2020-01-30,BWE,17390,16490,16780,16640,19240.400390625,109900,1828736000
2020-01-31,BWE,16640,15540,16640,15540,17972.28515625,88180,1370317200
2020-02-03,BWE,15880,14470,15540,15080,17447.544921875,305310,4604074800
2020-02-04,BWE,15120,14440,15120,14510,16791.625,319570,4636960700
2020-02-05,BWE,14750,14470,14510,14510,16791.625,295200,4283352000
2020-02-06,BWE,15120,14510,14510,14630,16922.806640625,729180,10667903400
2020-02-07,BWE,15080,14630,14970,14780,17097.72265625,556870,8230538600
2020-02-10,BWE,15460,14630,14780,15420,17841.1015625,125220,1930892400
2020-02-11,BWE,15990,15280,15280,15880,18365.83984375,242380,3848994400
2020-02-12,BWE,16410,16030,16170,16329,18890.576171875,298230,4869797670
2020-02-13,BWE,16329,15880,16329,16030,18540.751953125,159890,2563036700
2020-02-14,BWE,16100,15620,15880,15960,18453.294921875,98900,1578444000
2020-02-17,BWE,16219,15490,15830,16170,18715.662109375,187730,3035594100
2020-02-18,BWE,16560,16170,16300,16410,18978.03125,250130,4104633300
2020-02-19,BWE,16590,16410,16590,16560,19152.9453125,122580,2029924800
2020-02-20,BWE,16590,16100,16490,16300,18846.849609375,248130,4044519000
2020-02-21,BWE,16440,15880,16300,15960,18453.294921875,191700,3059532000
2020-02-24,BWE,15960,15200,15720,15200,17578.732421875,362630,5511976000
2020-02-25,BWE,15650,15200,15200,15620,18059.7421875,75480,1178997600
2020-02-26,BWE,15650,15280,15310,15420,17841.1015625,261260,4028629200
2020-02-27,BWE,15810,15360,15420,15650,18103.470703125,141730,2218074500
2020-02-28,BWE,15960,15490,15650,15760,18234.65625,165430,2607176800
2020-03-02,BWE,16440,15880,15880,16030,18540.751953125,151350,2426140500
2020-03-03,BWE,16490,15650,16410,15880,18365.83984375,91630,1455084400
2020-03-04,BWE,16149,15810,15880,15880,18365.83984375,37200,590736000
2020-03-05,BWE,15880,15490,15810,15490,17928.556640625,255710,3960947900
2020-03-06,BWE,15720,15490,15490,15650,18103.470703125,31380,491097000
2020-03-09,BWE,15460,14600,15460,14600,16879.080078125,369510,5394846000
2020-03-10,BWE,14890,14410,14440,14890,17228.90625,129970,1935253300
2020-03-11,BWE,15380,14700,14970,15040,17403.818359375,159470,2398428800
2020-03-12,BWE,15360,14510,14510,14510,16791.625,373020,5412520200
2020-03-13,BWE,14890,13830,14360,14510,16791.625,266490,3866769900
2020-03-16,BWE,14680,14130,14680,14210,16441.798828125,99310,1411195100
2020-03-17,BWE,14410,13990,14330,14410,16660.4375,229020,3300178200
2020-03-18,BWE,14510,13990,14360,14440,16704.16796875,251610,3633248400
2020-03-19,BWE,14440,14130,14360,14440,16704.16796875,102430,1479089200
2020-03-20,BWE,14410,14100,14360,14410,16660.4375,127160,1832375600
2020-03-23,BWE,14410,13420,14410,13420,15523.505859375,404970,5434697400
2020-03-24,BWE,13610,13000,13000,13530,15654.69140625,100110,1354488300
2020-03-25,BWE,13760,13420,13460,13420,15523.505859375,127590,1712257800
2020-03-26,BWE,13610,13190,13420,13230,15304.865234375,188040,2487769200
2020-03-27,BWE,13530,13150,13230,13230,15304.865234375,80590,1066205700
2020-03-30,BWE,13190,12360,12860,12440,14386.5732421875,102080,1269875200
2020-03-31,BWE,12710,12100,12360,12100,13993.0205078125,167850,2030985000
2020-04-01,BWE,12520,12100,12100,12360,14299.1181640625,75300,930708000
2020-04-03,BWE,13190,12440,12470,12810,14823.8544921875,317710,4069865100
2020-04-06,BWE,13310,12810,13120,13270,15348.5927734375,366610,4864914700
2020-04-07,BWE,13570,13000,13570,13230,15304.865234375,327190,4328723700
2020-04-08,BWE,13230,12930,13150,13230,15304.865234375,153190,2026703700
2020-04-09,BWE,13830,13150,13150,13610,15742.1474609375,240500,3273205000
2020-04-10,BWE,13610,13310,13570,13460,15567.2333984375,186080,2504636800
2020-04-13,BWE,13650,13310,13310,13610,15742.1474609375,246930,3360717300
2020-04-14,BWE,13610,13460,13610,13570,15698.4208984375,176090,2389541300
2020-04-15,BWE,13990,13570,13730,13870,16048.244140625,329290,4567252300
2020-04-16,BWE,14440,13870,13910,14360,16616.712890625,171760,2466473600
2020-04-17,BWE,14750,14360,14510,14410,16660.4375,515700,7431237000
2020-04-20,BWE,14700,14360,14440,14600,16879.080078125,140840,2056264000
2020-04-21,BWE,14440,13830,14360,13910,16091.9716796875,242660,3375400600
2020-04-22,BWE,14290,13760,13760,14070,16266.884765625,93170,1310901900
2020-04-23,BWE,14780,14290,14680,14470,16747.89453125,336290,4866116300
2020-04-24,BWE,15460,14440,14680,15460,17884.830078125,549700,8498362000
2020-04-27,BWE,16219,15720,15880,15760,18234.65625,349510,5508277600
2020-04-28,BWE,15700,15360,15700,15380,17797.373046875,248600,3823468000
2020-04-29,BWE,15810,15280,15420,15420,17841.1015625,265180,4089075600
2020-05-04,BWE,16490,15490,16490,15650,18103.470703125,232560,3639564000
2020-05-05,BWE,15650,15360,15540,15490,17928.556640625,76770,1189167300
2020-05-06,BWE,15960,15460,15490,15620,18059.7421875,130980,2045907600
2020-05-07,BWE,15830,15540,15830,15650,18103.470703125,137830,2157039500
2020-05-08,BWE,16149,15650,15720,15700,18147.19921875,428270,6723839000
2020-05-11,BWE,15960,15700,15830,15830,18322.11328125,295000,4669850000
2020-05-12,BWE,16300,15830,15830,16250,18803.1171875,208830,3393487500
2020-05-13,BWE,16440,16149,16329,16250,18803.1171875,332540,5403775000
2020-05-14,BWE,16370,16170,16219,16370,18934.3046875,267590,4380448300
2020-05-15,BWE,16590,16059,16410,16059,18934.3046875,226160,3631903440
2020-05-18,BWE,16100,15990,16059,16030,18934.3046875,114420,1834152600
2020-05-19,BWE,16410,16149,16149,16149,18978.03125,132790,2144425710
2020-05-20,BWE,16370,16250,16250,16300,18978.03125,183470,2990561000
2020-05-21,BWE,16410,16250,16329,16370,18934.3046875,216650,3546560500
2020-05-22,BWE,16510,16329,16410,16440,19109.21875,154390,2538171600
2020-05-25,BWE,17190,16490,16640,17190,19896.32421875,278820,4792915800
2020-05-26,BWE,17310,17010,17310,17190,20027.509765625,113150,1945048500
2020-05-27,BWE,17310,16640,17310,16640,19240.400390625,280940,4674841600
2020-05-28,BWE,16930,16590,16640,16640,19240.400390625,129550,2155712000
2020-05-29,BWE,16710,16560,16640,16710,19327.859375,121200,2025252000
2020-06-01,BWE,17010,16640,16930,16930,19590.228515625,238920,4044915600
2020-06-02,BWE,17050,16250,16930,16410,18978.03125,202730,3326799300
2020-06-03,BWE,16900,16490,16490,16590,19196.671875,125270,2078229300
2020-06-04,BWE,16640,16410,16410,16640,19240.400390625,135870,2260876800
2020-06-05,BWE,17240,16640,16640,17170,19852.59765625,210090,3607245300
2020-06-08,BWE,17730,17190,17310,17730,19852.59765625,288460,5114395800
2020-06-09,BWE,17880,17530,17730,17730,19852.59765625,190240,3372955200
2020-06-10,BWE,18460,17460,17460,18220,21076.986328125,301140,5486770800
2020-06-11,BWE,18480,17880,18300,17960,20770.888671875,316170,5678413200
2020-06-12,BWE,17780,17050,17050,17530,20289.87890625,243990,4277144700
2020-06-15,BWE,18070,17530,17530,17580,20333.607421875,369720,6499677600
2020-06-16,BWE,18040,17610,17610,18040,20858.34765625,212360,3830974400
2020-06-17,BWE,18300,17780,18300,17850,20639.705078125,102040,1821414000
2020-06-18,BWE,18070,17910,18070,18070,20902.07421875,114270,2064858900
2020-06-19,BWE,18300,17960,18070,18250,21120.71484375,82980,1514385000
2020-06-22,BWE,18460,18120,18380,18250,21120.71484375,173190,3160717500
2020-06-23,BWE,18250,18070,18120,18140,20989.529296875,248100,4500534000
2020-06-24,BWE,18220,17990,18140,18140,20989.529296875,175630,3185928200
2020-06-25,BWE,18140,17780,17780,18140,20989.529296875,87440,1586161600
2020-06-26,BWE,18140,18040,18140,18120,20945.802734375,94300,1708716000
2020-06-29,BWE,17990,17460,17460,17580,20333.607421875,157760,2773420800
2020-06-30,BWE,17990,17700,17990,17800,20595.974609375,202580,3605924000
2020-07-01,BWE,18070,17700,17800,17990,20814.6171875,31970,575140300
2020-07-02,BWE,18220,17880,17990,18140,20989.529296875,126680,2297975200
2020-07-03,BWE,18460,18120,18140,18380,21251.8984375,183010,3363723800
2020-07-06,BWE,18380,18250,18380,18330,21208.169921875,53550,981571500
2020-07-07,BWE,18720,18330,18330,18380,21251.8984375,172640,3173123200
2020-07-08,BWE,18480,18070,18070,18190,21033.259765625,72140,1312226600
2020-07-09,BWE,18380,18120,18380,18140,20989.529296875,121730,2208182200
2020-07-10,BWE,18140,18040,18040,18070,20989.529296875,254370,4596465900
2020-07-13,BWE,18190,17990,18140,18040,20858.34765625,104640,1887705600
2020-07-14,BWE,18070,17910,18070,17990,20814.6171875,164910,2966730900
2020-07-15,BWE,18140,17960,17990,18040,20858.34765625,110140,1986925600
2020-07-16,BWE,18220,17990,18120,18140,20989.529296875,119920,2175348800
2020-07-17,BWE,18480,18140,18140,18480,21383.083984375,84650,1564332000
2020-07-20,BWE,18750,18460,18480,18750,21689.181640625,265210,4972687500
2020-07-21,BWE,19010,18590,18590,18820,21776.63671875,230150,4331423000
2020-07-22,BWE,19580,18900,18900,19430,22476.287109375,418150,8124654500
2020-07-23,BWE,19510,18900,19510,19240,22257.646484375,461440,8878105600
2020-07-24,BWE,19140,18070,19140,18460,21339.35546875,332140,6131304400
2020-07-27,BWE,18070,17240,17960,17360,20071.236328125,377770,6558087200
2020-07-28,BWE,18380,17360,17360,18070,20902.07421875,359630,6498514100
2020-07-29,BWE,18070,17700,18070,17880,20683.431640625,333090,5955649200
2020-07-30,BWE,18750,17880,17880,18590,21514.267578125,102980,1914398200
2020-07-31,BWE,18900,18380,18380,18590,21514.267578125,138690,2578247100
2020-08-03,BWE,18900,18220,18460,18900,21864.09375,158040,2986956000
2020-08-04,BWE,19270,19060,19270,19060,22039.00390625,185590,3537345400
2020-08-05,BWE,19270,19010,19010,19270,22301.375,149830,2887224100
2020-08-06,BWE,19270,19010,19270,19140,22126.4609375,101370,1940221800
2020-08-07,BWE,19200,19010,19140,19060,22039.00390625,197460,3763587600
2020-08-10,BWE,19200,18930,19200,19170,22170.19140625,92370,1770732900
2020-08-11,BWE,19240,19010,19010,19170,22170.19140625,111050,2128828500
2020-08-12,BWE,19240,19090,19240,19090,22082.734375,112820,2153733800
2020-08-13,BWE,19270,19090,19270,19200,22213.91796875,189090,3630528000
2020-08-14,BWE,19240,19140,19200,19240,22257.646484375,187930,3615773200
2020-08-17,BWE,19270,18900,19240,19140,22126.4609375,171250,3277725000
2020-08-18,BWE,19920,18980,18980,19880,23001.025390625,710610,14126926800
2020-08-19,BWE,20260,19920,20260,19950,23088.482421875,191040,3811248000
2020-08-20,BWE,19950,19580,19950,19660,22738.658203125,101390,1993327400
2020-08-21,BWE,19950,19580,19950,19740,22826.11328125,187670,3704605800
2020-08-24,BWE,19880,19580,19740,19770,22869.841796875,346340,6847141800
2020-08-25,BWE,20420,19770,19770,20030,23175.939453125,234430,4695632900
2020-08-26,BWE,20030,19860,20030,19880,23001.025390625,286470,5695023600
2020-08-27,BWE,20200,19770,20200,19950,23088.482421875,380400,7588980000
2020-08-28,BWE,19950,18590,19860,19810,22913.5703125,455770,9028803700
2020-08-31,BWE,19580,18980,19580,19270,22301.375,278880,5374017600
2020-09-01,BWE,19400,19060,19140,19320,22345.103515625,76410,1476241200
2020-09-03,BWE,19660,19270,19660,19270,22301.375,160470,3092256900
2020-09-04,BWE,19270,18900,18900,19240,22257.646484375,126060,2425394400
2020-09-07,BWE,19270,19010,19240,19060,22039.00390625,342630,6530527800
2020-09-08,BWE,19430,19060,19060,19270,22301.375,337990,6513067300
2020-09-09,BWE,19950,19270,19350,19660,22738.658203125,339290,6670441400
2020-09-10,BWE,20420,19880,20030,19880,23001.025390625,534030,10616516400
2020-09-11,BWE,20080,19880,20080,19950,23001.025390625,327870,6541006500
2020-09-14,BWE,20030,19770,20030,19810,22913.5703125,204730,4055701300
2020-09-15,BWE,19880,19580,19860,19810,22913.5703125,202010,4001818100
2020-09-16,BWE,19810,19580,19810,19740,22826.11328125,81860,1615916400
2020-09-17,BWE,19810,19580,19740,19770,22869.841796875,160360,3170317200
2020-09-18,BWE,19950,19660,19880,19810,22913.5703125,192790,3819169900
2020-09-21,BWE,19920,19740,19810,19860,22957.298828125,64990,1290701400
2020-09-22,BWE,19920,19770,19920,19880,23001.025390625,333050,6621034000
2020-09-23,BWE,19950,19770,19880,19880,23001.025390625,215000,4274200000
2020-09-24,BWE,19950,19690,19880,19950,23088.482421875,353740,7057113000
2020-09-25,BWE,20030,19860,19950,20000,23132.208984375,432650,8653000000
2020-09-28,BWE,20120,19950,20030,20120,23263.39453125,555350,11173642000
2020-09-29,BWE,20150,19920,20120,20120,23263.39453125,683380,13749605600
2020-09-30,BWE,20080,19880,20080,20030,23175.939453125,207170,4149615100
2020-10-01,BWE,20030,19860,19880,19950,23088.482421875,193830,3866908500
2020-10-02,BWE,20000,19660,19950,19950,23088.482421875,447560,8928822000
2020-10-05,BWE,20030,19860,19950,19950,23088.482421875,358720,7156464000
2020-10-06,BWE,20080,19660,20080,19660,22738.658203125,726140,14275912400
2020-10-07,BWE,19920,19580,19690,19660,22738.658203125,288350,5668961000
2020-10-08,BWE,19810,19350,19810,19580,22651.201171875,316200,6191196000
2020-10-09,BWE,19540,19170,19480,19270,22301.375,310840,5989886800
2020-10-12,BWE,20030,19270,19510,19540,22607.470703125,897120,17529724800
2020-10-13,BWE,19880,19510,19880,19540,22607.470703125,280100,5473154000
2020-10-14,BWE,19660,19350,19540,19580,22651.201171875,197230,3861763400
2020-10-15,BWE,19660,19170,19480,19660,22738.658203125,605530,11904719800
2020-10-16,BWE,19610,19200,19270,19580,22651.201171875,337890,6615886200
2020-10-19,BWE,19580,19270,19510,19430,22476.287109375,97280,1890150400
2020-10-20,BWE,19510,19270,19510,19480,22520.013671875,176740,3442895200
2020-10-21,BWE,19480,19200,19480,19270,22301.375,244210,4705926700
2020-10-22,BWE,19350,18800,19200,19270,22301.375,387600,7469052000
2020-10-23,BWE,19270,18900,18900,19270,22301.375,490940,9460413800
2020-10-26,BWE,19270,18980,19270,19270,22301.375,252290,4861628300
2020-10-27,BWE,19240,19060,19240,19240,22257.646484375,155690,2995475600
2020-10-28,BWE,19200,18860,19060,19010,21995.275390625,186420,3543844200
2020-10-29,BWE,18800,18410,18590,18720,21645.455078125,154050,2883816000
2020-10-30,BWE,18820,18460,18720,18670,21601.724609375,127060,2372210200
2020-11-02,BWE,18670,18530,18530,18560,21470.541015625,28430,527660800
2020-11-03,BWE,18900,18530,18560,18640,21557.998046875,78620,1465476800
2020-11-04,BWE,18800,18460,18640,18670,21601.724609375,226170,4222593900
2020-11-05,BWE,19270,18720,18720,19010,21995.275390625,447680,8510396800
2020-11-06,BWE,19060,18820,19010,18900,21864.09375,303800,5741820000
2020-11-09,BWE,19140,18860,18980,18900,21864.09375,260870,4930443000
2020-11-10,BWE,18980,18860,18980,18900,21864.09375,343210,6486669000
2020-11-11,BWE,18980,18820,18900,18900,21864.09375,292020,5519178000
2020-11-12,BWE,19060,18860,19060,18900,21864.09375,209620,3961818000
2020-11-13,BWE,19540,19060,19060,19350,22388.83203125,580700,11236545000
2020-11-16,BWE,19690,19400,19660,19480,22520.013671875,597700,11643196000
2020-11-17,BWE,19810,19510,19610,19580,22651.201171875,275940,5402905200
2020-11-18,BWE,19660,19350,19580,19350,22388.83203125,356850,6905047500
2020-11-19,BWE,20200,19350,19350,19950,23088.482421875,971180,19375041000
2020-11-20,BWE,20150,19770,20120,19810,22913.5703125,409600,8114176000
2020-11-23,BWE,19950,19690,19920,19880,23001.025390625,628630,12497164400
2020-11-24,BWE,21240,19880,19880,21240,24575.240234375,2614180,55525183200
2020-11-25,BWE,22620,21930,22000,22300,25799.62890625,1175650,26216995000
2020-11-26,BWE,22370,21620,22240,21900,25318.619140625,816010,17870619000
2020-11-27,BWE,21960,21560,21690,21930,25362.349609375,1064770,23350406100
2020-11-30,BWE,23440,22000,22300,23440,27111.474609375,1336040,31316777600
2020-12-01,BWE,25030,23050,23440,23980,27723.669921875,970500,23272590000
2020-12-02,BWE,24530,23300,23900,23590,27286.390625,1011390,23858690100
2020-12-03,BWE,24200,23360,23590,23810,27548.7578125,1208280,28769146800
2020-12-04,BWE,24500,23470,23900,23470,27155.205078125,814750,19122182500
2020-12-07,BWE,24120,23300,23470,23590,27286.390625,865710,20422098900
2020-12-08,BWE,24000,23470,23590,23590,27286.390625,549070,12952561300
2020-12-09,BWE,24120,23520,23590,23810,27548.7578125,879960,20951847600
2020-12-10,BWE,23810,22680,23810,22680,26236.912109375,720780,16347290400
2020-12-11,BWE,23130,22300,23130,22840,26411.82421875,879170,20080242800
2020-12-14,BWE,23440,22530,23100,23320,26980.29296875,997270,23256336400
2020-12-15,BWE,24350,23320,23520,23980,27723.669921875,896280,21492794400
2020-12-16,BWE,24270,23780,23980,23980,27723.669921875,1109440,26604371200
2020-12-17,BWE,23980,23440,23900,23470,27155.205078125,677750,15906792500
2020-12-18,BWE,24410,23180,23470,24120,27898.583984375,1085220,26175506400
2020-12-21,BWE,25210,24270,24270,24660,28510.78125,830150,20471499000
2020-12-22,BWE,24660,23980,24580,24580,28423.32421875,657390,16158646200
2020-12-23,BWE,24870,24200,24660,24200,27986.041015625,581250,14066250000
2020-12-24,BWE,24200,22580,24070,23130,26761.650390625,1068530,24715098900
2020-12-25,BWE,23440,22640,23130,23320,26980.29296875,707280,16493769600
2020-12-28,BWE,23730,23100,23360,23260,26892.8359375,701100,16307586000
2020-12-29,BWE,24410,23130,23260,23900,27636.212890625,623300,14896870000
2020-12-30,BWE,25550,23900,24200,25550,29560.255859375,2349100,60019505000
2020-12-31,BWE,26150,25520,25630,25550,29560.255859375,704370,17996653500
2021-01-04,BWE,26460,25340,25550,25810,29866.353515625,579600,14959476000
2021-01-05,BWE,25970,25340,25340,25710,29735.166015625,832200,21395862000
2021-01-06,BWE,26030,25470,25860,25630,29490.98046875,698800,17910244000
2021-01-07,BWE,26380,25510,25630,26260,30212.470703125,599300,15737618000
2021-01-08,BWE,26260,25470,26260,25630,29490.98046875,1278400,32765392000
2021-01-11,BWE,25630,23910,25550,24930,28679.30078125,1272100,31713453000
2021-01-12,BWE,25470,24690,24850,25200,28994.953125,777800,19600560000
2021-01-13,BWE,25320,24800,25200,24880,28634.20703125,990700,24648616000
2021-01-14,BWE,25040,24370,25040,24760,28498.92578125,901700,22326092000
2021-01-15,BWE,24930,24610,24760,24850,28589.11328125,647400,16087890000
2021-01-18,BWE,24930,24450,24850,24490,28183.2734375,1052100,25765929000
2021-01-19,BWE,24490,22810,24490,23040,26514.82421875,1180700,27203328000
2021-01-20,BWE,23160,21480,22720,22720,26154.080078125,737100,16746912000
2021-01-21,BWE,23470,22720,22720,23430,26965.755859375,344300,8066949000
2021-01-22,BWE,24300,23390,23390,24000,27597.060546875,533900,12813600000
2021-01-25,BWE,24220,23830,24000,24000,27597.060546875,401000,9624000000
2021-01-26,BWE,23950,22580,23950,22970,26424.63671875,549000,12610530000
2021-01-27,BWE,23350,21830,22970,21950,25252.21484375,588700,12921965000
2021-01-28,BWE,21430,20420,21430,20420,23493.578125,729700,14900474000
2021-01-29,BWE,21790,19980,20380,21670,24936.5625,414600,8984382000
2021-02-01,BWE,21700,20380,21700,20540,23628.85546875,487000,10002980000
2021-02-02,BWE,21480,20540,20540,21280,24485.626953125,488500,10395280000
2021-02-03,BWE,22330,21160,21620,22330,25703.146484375,552700,12341791000
2021-02-04,BWE,22720,21700,21970,21970,25297.306640625,305800,6718426000
2021-02-05,BWE,22330,21910,22100,22180,25522.7734375,195000,4325100000
2021-02-08,BWE,22540,21160,22180,21620,24891.466796875,340800,7368096000
2021-02-09,BWE,22100,21240,21620,21790,24891.466796875,186200,4057298000
2021-02-17,BWE,23280,22260,22640,23280,26785.384765625,507000,11802960000
2021-02-18,BWE,23790,22810,23280,23560,27101.037109375,400200,9428712000
2021-02-19,BWE,24570,23520,23590,24300,27957.80859375,573300,13931190000
2021-02-22,BWE,24370,23910,24370,24130,27777.43359375,285200,6881876000
2021-02-23,BWE,24130,23590,24130,23910,27506.876953125,238700,5707317000
2021-02-24,BWE,24180,23700,23910,23860,27461.783203125,319400,7620884000
2021-02-25,BWE,24100,23790,23910,23830,27416.689453125,279700,6665251000
2021-02-26,BWE,24130,23560,23590,24100,27732.341796875,342800,8261480000
2021-03-01,BWE,24490,24050,24220,24050,27687.248046875,381000,9163050000
2021-03-02,BWE,24220,23830,24130,24010,27642.15625,605200,14530852000
2021-03-03,BWE,25470,23910,24010,25470,29310.607421875,1795700,45736479000
2021-03-04,BWE,25780,24530,25780,24850,28589.11328125,395400,9825690000
2021-03-05,BWE,25240,24100,24610,25010,28769.486328125,288000,7202880000
2021-03-08,BWE,25320,24850,25010,25070,28859.673828125,735900,18449013000
2021-03-09,BWE,25780,24300,25070,25550,29400.79296875,1355500,34633025000
2021-03-10,BWE,25780,25390,25710,25550,29400.79296875,599900,15327445000
2021-03-11,BWE,26090,25360,25550,25780,29671.3515625,729000,18793620000
2021-03-12,BWE,26030,25630,25630,25780,29671.3515625,736900,18997282000
2021-03-15,BWE,25860,25320,25860,25390,29220.419921875,446400,11334096000
2021-03-16,BWE,25390,24570,25390,24760,28498.92578125,489800,12127448000
2021-03-17,BWE,24880,24530,24880,24690,28408.740234375,220600,5446614000
2021-03-18,BWE,24970,24690,24690,24850,28589.11328125,224600,5581310000
2021-03-19,BWE,24930,24300,24800,24800,28544.021484375,207100,5136080000
2021-03-22,BWE,25680,24800,24800,25040,28814.580078125,475000,11894000000
2021-03-23,BWE,25070,24530,25070,24800,28544.021484375,150100,3722480000
2021-03-24,BWE,24760,23740,24450,24050,27687.248046875,283200,6810960000
2021-03-25,BWE,24530,23860,24050,24000,27597.060546875,402000,9648000000
2021-03-26,BWE,24270,23200,24000,23520,27055.943359375,537200,12634944000
2021-03-29,BWE,24410,23520,23910,24410,28093.087890625,286000,6981260000
2021-03-30,BWE,25010,24180,24410,25010,28769.486328125,243800,6097438000
2021-03-31,BWE,25010,24760,25010,24850,28589.11328125,120100,2984485000
2021-04-01,BWE,25200,24760,24760,25010,28769.486328125,274300,6860243000
2021-04-02,BWE,25320,24930,25070,24930,28679.30078125,250200,6237486000
2021-04-05,BWE,25470,24690,25470,24850,28589.11328125,286000,7107100000
2021-04-06,BWE,24850,24530,24850,24660,28363.646484375,109300,2695338000
2021-04-07,BWE,25070,23910,25010,24930,28679.30078125,458900,11440377000
2021-04-08,BWE,25040,24300,25010,24690,28408.740234375,74500,1839405000
2021-04-09,BWE,24690,24450,24690,24490,28183.2734375,118000,2889820000
2021-04-12,BWE,24850,24450,24450,24850,28589.11328125,412700,10255595000
2021-04-13,BWE,24930,24450,24720,24530,28228.3671875,302800,7427684000
2021-04-14,BWE,24530,24220,24300,24450,28138.18359375,216500,5293425000
2021-04-15,BWE,24410,23910,24300,24100,27732.341796875,423400,10203940000
2021-04-16,BWE,24100,23080,24100,23280,26785.384765625,412800,9609984000
2021-04-19,BWE,23520,22890,23520,23520,27055.943359375,151200,3556224000
2021-04-20,BWE,23660,23320,23660,23390,26920.6640625,201200,4706068000
2021-04-22,BWE,23520,23200,23520,23200,26695.19921875,280100,6498320000
2021-04-23,BWE,23280,22890,23200,23200,26695.19921875,388200,9006240000
2021-04-26,BWE,23200,22720,23200,22720,26154.080078125,221300,5027936000
2021-04-27,BWE,22720,22450,22720,22640,26063.892578125,101700,2302488000
2021-04-28,BWE,22720,22540,22720,22620,26018.798828125,125400,2836548000
2021-04-29,BWE,23120,22500,23120,22620,26018.798828125,244300,5526066000
2021-05-04,BWE,22890,21950,21950,22810,26244.263671875,468800,10693328000
2021-05-05,BWE,23350,22580,22720,23040,26514.82421875,642500,14803200000
2021-05-06,BWE,23430,22970,23430,23040,26514.82421875,294400,6782976000
2021-05-07,BWE,23120,22770,23040,22850,26289.359375,457300,10449305000
2021-05-10,BWE,23120,22640,22720,22640,26063.892578125,451600,10224224000
2021-05-11,BWE,23040,22640,22720,22720,26154.080078125,366100,8317792000
2021-05-12,BWE,23040,22720,22720,23040,26514.82421875,222300,5121792000
2021-05-13,BWE,23520,22970,22990,23520,27055.943359375,533900,12557328000
2021-05-14,BWE,23520,23040,23520,23120,26605.01171875,158900,3673768000
2021-05-17,BWE,23200,22410,23040,22580,25973.705078125,464900,10497442000
2021-05-18,BWE,23250,22410,22410,22580,25973.705078125,388500,8772330000
2021-05-19,BWE,22640,22410,22580,22640,26063.892578125,142800,3232992000
2021-05-20,BWE,22720,22500,22640,22580,25973.705078125,171100,3863438000
2021-05-21,BWE,22810,22410,22500,22640,26063.892578125,449100,10167624000
2021-05-24,BWE,23860,22680,22720,23350,26875.5703125,646200,15088770000
2021-05-25,BWE,23830,22640,23350,23280,26785.384765625,252700,5882856000
2021-05-26,BWE,23520,22810,22930,22990,26469.73046875,628200,14442318000
2021-05-27,BWE,23830,22810,23120,23040,26514.82421875,521800,12022272000
2021-05-28,BWE,23520,23040,23040,23470,27010.849609375,316800,7435296000
2021-05-31,BWE,23560,22990,23430,23470,27010.849609375,437300,10263431000
2021-06-01,BWE,24370,23470,23520,24220,27867.623046875,937500,22706250000
2021-06-02,BWE,25200,24050,24220,25200,28994.953125,908800,22901760000
2021-06-03,BWE,25420,24570,25420,25200,28994.953125,504900,12723480000
2021-06-04,BWE,25390,24760,24930,24970,28724.39453125,408900,10210233000
2021-06-07,BWE,25070,24530,24970,25010,28769.486328125,593100,14833431000
2021-06-08,BWE,25710,24930,25070,25360,28769.486328125,536800,13613248000
2021-06-09,BWE,26650,24970,25240,26530,30528.119140625,1113500,29541155000
2021-06-10,BWE,26610,26030,26570,26030,29941.91015625,621600,16180248000
2021-06-11,BWE,26800,26030,26030,26260,30212.470703125,248800,6533488000
2021-06-14,BWE,26920,26140,26260,26920,30979.052734375,682200,18364824000
2021-06-15,BWE,28300,27040,27040,27980,32196.572265625,1029100,28794218000
2021-06-16,BWE,28600,27280,27500,28060,32286.7578125,605400,16987524000
2021-06-17,BWE,28140,27280,27900,28140,32376.9453125,640600,18026484000
2021-06-18,BWE,28300,27860,27860,28170,32422.037109375,557100,15693507000
2021-06-21,BWE,28170,27580,28170,27780,31971.107421875,406500,11292570000
2021-06-22,BWE,28210,27630,28210,27900,32106.38671875,389300,10861470000
2021-06-23,BWE,27900,27280,27900,27500,31655.453125,523200,14388000000
2021-06-24,BWE,28100,27280,27280,27710,31880.919921875,373900,10360769000
2021-06-25,BWE,27860,27360,27360,27710,31880.919921875,271300,7517723000
2021-06-28,BWE,27900,27280,27630,27820,32016.201171875,435000,12101700000
2021-06-29,BWE,27900,27580,27750,27710,31880.919921875,324000,8978040000
2021-06-30,BWE,27860,27500,27820,27710,31880.919921875,48800,1352248000
2021-07-01,BWE,27750,27010,27710,27440,31565.267578125,556800,15278592000
2021-07-02,BWE,27360,26490,27280,26490,30483.03125,513400,13599966000
2021-07-05,BWE,26570,25550,26570,26530,30483.03125,294700,7818391000
2021-07-06,BWE,27580,26090,26090,26730,30483.03125,365400,9767142000
2021-07-07,BWE,26800,25240,26730,26800,30483.03125,118100,3165080000
2021-07-08,BWE,26800,26140,26800,26490,30483.03125,87000,2304630000
2021-07-09,BWE,27440,26090,26170,26920,30979.052734375,345600,9303552000
2021-07-12,BWE,27670,26260,26650,26920,30979.052734375,370300,9968476000
2021-07-13,BWE,27360,26650,27280,26970,31024.1484375,93000,2508210000
2021-07-14,BWE,27400,26650,27040,26650,31024.1484375,124500,3317925000
2021-07-15,BWE,27360,25900,26490,27110,31204.51953125,214700,5820517000
2021-07-16,BWE,28990,26890,27000,28920,31204.51953125,778500,22514220000
2021-07-19,BWE,28920,28300,28770,28520,32827.87890625,774800,22097296000
2021-07-20,BWE,28770,28210,28300,28520,32827.87890625,294100,8387732000
2021-07-21,BWE,30170,28520,28610,30020,34541.421875,1530900,45957618000
2021-07-22,BWE,30480,29790,30210,30100,34631.609375,607800,18294780000
2021-07-23,BWE,30210,29710,30100,29710,34180.671875,505500,15018405000
2021-07-26,BWE,30370,28990,29190,30210,34766.88671875,971200,29339952000
2021-07-27,BWE,30480,29510,30480,29540,34000.30078125,714300,21100422000
2021-07-28,BWE,29540,28610,29040,28610,32918.06640625,892800,25543008000
2021-07-29,BWE,28990,28250,28610,28920,33278.8125,419400,12129048000
2021-07-30,BWE,29160,28570,28840,28800,33143.53125,620900,17881920000
2021-08-02,BWE,29790,28300,28610,29710,34180.671875,1455700,43248847000
2021-08-03,BWE,30340,29790,29790,30170,34721.79296875,835100,25194967000
2021-08-04,BWE,30210,29790,30100,30170,34721.79296875,568500,17151645000
2021-08-05,BWE,31890,29620,29790,30880,35533.47265625,1316000,40638080000
2021-08-06,BWE,31030,29980,31030,29980,34496.32421875,611400,18329772000
2021-08-09,BWE,30370,29790,29860,30070,34586.515625,693800,20862566000
2021-08-10,BWE,30810,29980,30070,30340,34586.515625,880900,26726506000
2021-08-11,BWE,30810,30020,30730,30020,34541.421875,811300,24355226000
2021-08-12,BWE,30020,28990,30020,29440,33865.0234375,764400,22503936000
2021-08-13,BWE,29440,28990,28990,29270,33684.6484375,637300,18653771000
2021-08-16,BWE,30210,29230,29230,30170,34721.79296875,805900,24314003000
2021-08-17,BWE,30410,29470,30170,29540,34721.79296875,396300,11706702000
2021-08-18,BWE,30250,29310,29620,29620,34090.48828125,411500,12188630000
2021-08-19,BWE,30210,29400,29400,30100,34631.609375,718600,21629860000
2021-08-20,BWE,30410,29230,30170,29400,33819.9296875,730500,21476700000
2021-08-23,BWE,29930,28990,28990,29860,34361.046875,630100,18814786000
2021-08-24,BWE,29930,29190,29930,29620,34090.48828125,457300,13545226000
2021-08-25,BWE,29620,28990,29470,29470,33910.11328125,405200,11941244000
2021-08-26,BWE,31500,29080,29660,31500,36254.9609375,2061200,64927800000
2021-08-27,BWE,32910,31120,31500,32210,37066.640625,690300,22234563000
2021-08-30,BWE,33070,31780,32210,32520,37427.38671875,659900,21459948000
2021-08-31,BWE,32360,31750,32360,31860,36660.8046875,527100,16793406000
2021-09-01,BWE,32520,31500,31830,32060,36886.26953125,556300,17834978000
2021-09-06,BWE,32990,31830,32060,32720,37652.85546875,685500,22429560000
2021-09-07,BWE,32840,31890,32770,31890,36705.89453125,405700,12937773000
2021-09-08,BWE,32210,31590,31590,31860,36705.89453125,254800,8117928000
2021-09-09,BWE,32840,31660,31860,32520,37427.38671875,390800,12708816000
2021-09-10,BWE,32840,32210,32520,32250,37111.73828125,181700,5859825000
2021-09-13,BWE,32680,31500,32360,31500,36254.9609375,446000,14049000000
2021-09-14,BWE,31590,30880,31230,30880,35533.47265625,444000,13710720000
2021-09-15,BWE,31270,30340,30880,31270,35984.40625,387500,12117125000
2021-09-16,BWE,32140,31270,31590,31660,36435.3359375,262500,8310750000
2021-09-17,BWE,32060,31480,32060,31480,36209.87109375,281200,8852176000
2021-09-20,BWE,32140,31200,31660,31350,36074.58984375,316700,9928545000
2021-09-21,BWE,31230,30640,30760,31230,36074.58984375,406200,12685626000
2021-09-22,BWE,31830,31000,31230,31830,36074.58984375,212100,6751143000
2021-09-23,BWE,33030,31590,31890,32210,37066.640625,579800,18675358000
2021-09-24,BWE,32610,31590,32610,31660,36435.3359375,165300,5233398000
2021-09-27,BWE,31890,30730,31750,30730,35353.09765625,233000,7160090000
2021-09-28,BWE,31500,30250,30250,31500,36254.9609375,256400,8076600000
2021-09-29,BWE,31500,31080,31500,31120,35804.03125,118000,3672160000
2021-09-30,BWE,32060,31160,31480,31890,36705.89453125,288000,9184320000
2021-10-01,BWE,32140,31350,32140,31500,36254.9609375,150800,4750200000
2021-10-04,BWE,32360,31430,31430,31750,36525.52734375,429800,13646150000
2021-10-05,BWE,32140,31660,31750,31780,36570.6171875,175100,5564678000
2021-10-06,BWE,33980,31780,31830,33980,36570.6171875,841100,28580578000
2021-10-07,BWE,34490,33700,34490,33780,38870.375,353700,11947986000
2021-10-08,BWE,33780,33200,33780,33470,38870.375,204100,6831227000
2021-10-11,BWE,34490,33310,33470,33820,38870.375,422100,14275422000
2021-10-12,BWE,34330,33780,33930,33980,39095.83984375,285200,9691096000
2021-10-13,BWE,34050,33630,34020,33700,38780.18359375,241800,8148660000
2021-10-14,BWE,34680,33540,33700,33860,38780.18359375,248900,8427754000
2021-10-15,BWE,34330,33160,34330,33160,38148.875,541000,17939560000
2021-10-18,BWE,34090,32720,33310,32770,38148.875,719200,23568184000
2021-10-19,BWE,33930,32520,32770,33860,38960.5546875,862000,29187320000
2021-10-20,BWE,33930,33380,33860,33470,38509.62890625,441600,14780352000
2021-10-21,BWE,34400,33310,33470,34400,39591.86328125,513900,17678160000
2021-10-22,BWE,34560,33780,34400,34400,39591.86328125,382200,13147680000
2021-10-25,BWE,34400,34050,34400,34090,39591.86328125,253900,8655451000
2021-10-26,BWE,34090,33350,33740,33630,39591.86328125,275700,9271791000
2021-10-27,BWE,34180,33580,33630,33780,39591.86328125,334300,11292654000
2021-10-28,BWE,34600,33780,34290,34560,39772.234375,425200,14694912000
2021-10-29,BWE,35670,34720,34800,34800,40042.80078125,372300,12956040000
2021-11-01,BWE,36280,34880,35200,35040,40042.80078125,374800,13132992000
2021-11-02,BWE,36060,34490,35040,35260,41485.77734375,348200,12277532000
2021-11-03,BWE,35260,34180,35260,34490,39682.0546875,384600,13264854000
2021-11-04,BWE,34840,34250,34490,34560,39772.234375,150600,5204736000
2021-11-05,BWE,35040,34130,34880,35040,40313.35546875,319900,11209296000
2021-11-08,BWE,36060,34880,34880,35740,41125.03515625,389400,13917156000
2021-11-09,BWE,36060,35260,35700,35350,40674.1015625,247100,8734985000
2021-11-10,BWE,35590,35040,35350,35470,40809.3828125,231200,8200664000
2021-11-11,BWE,36060,34880,35500,35420,40764.2890625,322400,11419408000
2021-11-12,BWE,35900,35420,35500,35500,40854.47265625,131000,4650500000
2021-11-15,BWE,35700,34840,35590,34880,40132.98046875,373800,13038144000
2021-11-16,BWE,34950,34640,34880,34880,40132.98046875,251200,8761856000
2021-11-17,BWE,36060,35260,36060,35900,41305.40625,304500,10931550000
2021-11-18,BWE,35860,35260,35810,35540,40899.56640625,348900,12399906000
2021-11-19,BWE,36060,35620,35700,35740,41125.03515625,617300,22062302000
2021-11-22,BWE,35940,35500,35900,35700,41079.9375,499300,17825010000
2021-11-23,BWE,37630,35670,35700,36840,42387.6484375,336600,12400344000
2021-11-24,BWE,38400,37080,37080,38250,44011.00390625,354400,13555800000
2021-11-25,BWE,38400,37850,38090,38020,43740.44140625,250200,9512604000
2021-11-26,BWE,38210,36800,38020,37390,43018.94921875,182200,6812458000
2021-11-29,BWE,37630,35980,35980,37220,42838.578125,140200,5218244000
2021-11-30,BWE,37220,36440,37150,36840,42387.6484375,189400,6977496000
2021-12-01,BWE,37080,36060,36800,36840,42387.6484375,251400,9261576000
2021-12-02,BWE,37190,36530,36840,36840,42387.6484375,183400,6756456000
2021-12-03,BWE,36800,35670,36610,35670,41034.84765625,240000,8560800000
2021-12-06,BWE,35670,34800,35670,35420,40764.2890625,151200,5355504000
2021-12-07,BWE,35670,34950,35400,35420,40764.2890625,594800,21067816000
2021-12-08,BWE,35470,35260,35470,35420,40764.2890625,325200,11518584000
2021-12-09,BWE,35700,35310,35420,35500,40854.47265625,394100,13990550000
2021-12-10,BWE,35980,35420,35620,35980,41395.59375,1650700,59392186000
2021-12-13,BWE,37080,36130,36440,37030,42613.109375,1309600,48494488000
2021-12-14,BWE,37580,36910,37030,37220,42838.578125,579800,21580156000
2021-12-15,BWE,37220,36130,36760,37030,42613.109375,745100,27591053000
2021-12-16,BWE,36910,36130,36910,36210,41666.15234375,341300,12358473000
2021-12-17,BWE,36260,35500,36060,35670,41034.84765625,622800,22215276000
2021-12-20,BWE,35740,34560,35500,34950,40223.16796875,674600,23577270000
2021-12-21,BWE,35980,34560,34950,35740,41125.03515625,454100,16229534000
2021-12-22,BWE,36760,35740,35740,35900,41305.40625,408900,14679510000
2021-12-23,BWE,36060,34490,35900,35230,40538.8203125,695000,24484850000
2021-12-24,BWE,35670,34800,35260,34950,40223.16796875,132700,4637865000
2021-12-27,BWE,35260,34530,35040,34640,39862.42578125,140300,4859992000
2021-12-28,BWE,35700,34680,34680,35590,40944.66015625,291300,10367367000
2021-12-29,BWE,35590,35000,35590,35040,40313.35546875,79900,2799696000
2021-12-30,BWE,35200,34880,35110,34950,40223.16796875,157800,5515110000
2021-12-31,BWE,35440,34560,35440,34560,39603.9453125,216100,7468416000
2022-01-04,BWE,35520,33020,34560,34950,40065.52734375,189200,6612540000
2022-01-05,BWE,35640,34560,35640,34630,39696.26171875,193900,6714757000
2022-01-06,BWE,34630,33870,34630,34230,39234.67578125,315500,10799565000
2022-01-07,BWE,35520,33870,33870,35520,40711.74609375,425200,15103104000
2022-01-10,BWE,36250,34630,35520,35520,40804.06640625,290300,10311456000
2022-01-11,BWE,35440,34880,35440,35270,40434.796875,160100,5646727000
2022-01-12,BWE,36080,35200,35240,36010,41265.6484375,337900,12167779000
2022-01-13,BWE,36610,35730,36160,36610,41958.02734375,241700,8848637000
2022-01-14,BWE,36640,35560,36250,36610,41958.02734375,303900,11125779000
2022-01-17,BWE,36610,35760,36610,36010,41265.6484375,223100,8033831000
2022-01-18,BWE,36250,35560,36010,35640,40850.21875,185100,6596964000
2022-01-19,BWE,36640,35600,35600,36080,41357.96484375,130900,4722872000
2022-01-20,BWE,36330,35840,36080,36160,41450.28125,273600,9893376000
2022-01-21,BWE,36280,35880,36160,36080,41357.96484375,388500,14017080000
2022-01-24,BWE,36120,35680,36080,35680,40896.3828125,213300,7610544000
2022-01-25,BWE,35930,35240,35440,35930,41173.328125,234600,8429178000
2022-01-26,BWE,36250,35560,36250,35730,40942.5390625,195700,6992361000
2022-01-27,BWE,35730,34710,35730,35680,40896.3828125,161200,5751616000
2022-01-28,BWE,35730,35160,35640,35600,40804.06640625,98200,3495920000
2022-02-07,BWE,35930,34520,35930,35440,40619.43359375,500800,17748352000
2022-02-08,BWE,36160,34840,34840,35930,41173.328125,321000,11533530000
2022-02-09,BWE,37460,35880,35960,37460,42927.35546875,1013800,37976948000
2022-02-10,BWE,38260,37210,37290,38260,43850.5234375,758800,29031688000
2022-02-11,BWE,38260,37690,37850,37770,43296.6171875,190200,7183854000
2022-02-14,BWE,38900,37050,37420,38540,44173.62890625,595200,22939008000
2022-02-15,BWE,38650,38170,38540,38580,44173.62890625,279500,10783110000
2022-02-16,BWE,38830,38420,38580,38510,44127.47265625,303500,11687785000
2022-02-17,BWE,38580,37770,38510,38510,44127.47265625,211000,8125610000
2022-02-18,BWE,38540,37850,38330,38330,43942.8359375,231500,8873395000
2022-02-21,BWE,41000,38420,38420,41000,46989.296875,1565800,64197800000
2022-02-22,BWE,42040,40270,41000,41470,47543.1953125,836700,34697949000
2022-02-23,BWE,41720,40670,41720,41470,47543.1953125,250600,10392382000
2022-02-24,BWE,41320,38650,41070,39870,45696.859375,792700,31604949000
2022-02-25,BWE,41000,39790,39870,40110,45973.80859375,320100,12839211000
2022-02-28,BWE,40270,39150,39870,39260,45004.48046875,392400,15405624000
2022-03-01,BWE,40520,38830,39260,39870,45696.859375,422200,16833114000
2022-03-02,BWE,40430,39220,39380,39340,45096.796875,311300,12246542000
2022-03-03,BWE,40030,38900,39630,39790,45604.5390625,236300,9402377000
2022-03-04,BWE,39950,39220,39950,39790,45604.5390625,298200,11865378000
2022-03-07,BWE,41320,39470,39790,40270,46158.4453125,466700,18794009000
2022-03-08,BWE,40670,39340,40270,39670,45466.06640625,388600,15415762000
2022-03-09,BWE,39710,36930,39710,38740,44404.421875,466500,18072210000
2022-03-10,BWE,39950,38740,38860,39470,45235.2734375,322900,12744863000
2022-03-11,BWE,39380,37900,39310,38310,43896.6796875,341500,13082865000
2022-03-14,BWE,38330,37460,38310,37460,42927.35546875,360400,13500584000
2022-03-15,BWE,38900,36250,37460,38580,44219.79296875,389000,15007620000
2022-03-16,BWE,39510,38170,38620,39510,45281.43359375,287000,11339370000
2022-03-17,BWE,39990,39060,39430,39550,45327.59375,145000,5734750000
2022-03-18,BWE,39580,39060,39060,39580,45373.75,111600,4417128000
2022-03-21,BWE,39950,39470,39790,39870,45696.859375,232500,9269775000
2022-03-22,BWE,40030,39630,39870,39670,45466.06640625,210700,8358469000
2022-03-23,BWE,39710,39150,39710,39470,45235.2734375,144800,5715256000
2022-03-24,BWE,40840,39060,39060,40670,46620.02734375,356400,14494788000
2022-03-25,BWE,41470,40590,40670,41070,47081.61328125,317300,13031511000
2022-03-28,BWE,42290,40590,40590,41640,47727.828125,337400,14049336000
2022-03-29,BWE,43490,41160,41560,42850,49112.5859375,475400,20370890000
2022-03-30,BWE,42850,41720,42850,42290,48466.3671875,254800,10775492000
2022-03-31,BWE,43090,41720,42530,41800,47912.46484375,206800,8644240000
2022-04-01,BWE,43490,41320,41800,42210,48374.046875,385700,16280397000
2022-04-04,BWE,42760,41240,42210,42610,48835.62890625,301400,12842654000
2022-04-05,BWE,42850,41880,42690,42690,48927.94921875,174100,7432329000
2022-04-06,BWE,43570,42690,42690,43410,49758.8046875,250900,10891569000
2022-04-07,BWE,43490,42690,43490,42690,48927.94921875,336700,14373723000
2022-04-08,BWE,43010,42040,42040,42690,48927.94921875,406300,17344947000
2022-04-12,BWE,43490,42530,42690,42850,49112.5859375,344700,14770395000
2022-04-13,BWE,43490,42210,42210,43490,49851.12109375,208600,9072014000
2022-04-14,BWE,46470,43250,43900,46470,53266.84375,803600,37343292000
2022-04-15,BWE,48320,46470,46720,47510,54466.9609375,289600,13758896000
2022-04-18,BWE,49140,46630,47510,48640,55759.3984375,437100,21260544000
2022-04-19,BWE,49930,47920,48320,49540,56774.88671875,387500,19196750000
2022-04-20,BWE,49370,47510,49370,47510,54466.9609375,440200,20913902000
2022-04-21,BWE,48500,44710,46720,44710,51235.87109375,831300,37167423000
2022-04-22,BWE,46000,42440,45110,45110,51697.45703125,955000,43080050000
2022-04-25,BWE,44710,41960,44380,43090,49389.53515625,647500,27900775000
2022-04-26,BWE,43740,40270,40750,43740,50128.06640625,543100,23755194000
2022-04-27,BWE,43090,41880,42690,42610,48835.62890625,384700,16392067000
2022-04-28,BWE,43250,41880,42040,41880,48004.78125,266700,11169396000
2022-04-29,BWE,43090,42040,42040,42930,49204.8984375,196900,8452917000
2022-05-04,BWE,44310,42690,42690,43250,49574.16796875,185100,8005575000
2022-05-05,BWE,43900,42290,43490,43340,49666.484375,222000,9621480000
2022-05-06,BWE,42850,40670,42530,40750,46712.33984375,534600,21784950000
2022-05-09,BWE,41960,37940,40670,37940,43481.25,586700,22259398000
2022-05-10,BWE,40520,36330,36330,39910,45743.015625,299800,11965018000
2022-05-11,BWE,41880,40200,40200,41800,47912.46484375,152000,6353600000
2022-05-12,BWE,41640,39110,39110,39310,45050.64453125,239000,9395090000
2022-05-13,BWE,40270,38050,39310,38650,44312.10546875,277400,10721510000
2022-05-16,BWE,41000,38330,39510,38330,43942.8359375,79900,3062567000
2022-05-17,BWE,40270,37850,37850,40270,46158.4453125,144400,5814988000
2022-05-18,BWE,41070,39950,41070,39950,45789.17578125,238400,9524080000
2022-05-19,BWE,39910,39310,39470,39310,45050.64453125,144300,5672433000
2022-05-20,BWE,39710,38650,39470,39110,44819.8515625,187000,7313570000
2022-05-23,BWE,39870,37940,39830,39150,44866.0078125,346100,13549815000
2022-05-24,BWE,39380,38700,39060,39060,44773.6875,107700,4206762000
2022-05-25,BWE,41070,38980,39470,41070,47081.61328125,405500,16653885000
2022-05-26,BWE,41240,40200,41240,40200,46066.125,168800,6785760000
2022-05-27,BWE,40520,39950,39950,40430,46343.078125,133400,5393362000
2022-05-30,BWE,41880,40670,41070,41070,47081.61328125,222600,9142182000
2022-05-31,BWE,41880,40430,41070,41560,47635.515625,242200,10065832000
2022-06-01,BWE,41560,40750,40750,41470,47543.1953125,183600,7613892000
2022-06-02,BWE,44380,41000,41240,44220,47543.1953125,1334900,59029278000
2022-06-03,BWE,44540,43410,43490,44540,51051.23828125,452000,20132080000
2022-06-06,BWE,45910,44050,45030,44380,50866.60546875,632900,28088102000
2022-06-07,BWE,45500,43170,43410,45350,51974.40625,807900,36638265000
2022-06-08,BWE,46310,45030,45590,46310,53082.2109375,628900,29124359000
2022-06-09,BWE,46400,45110,46070,45350,51974.40625,407000,18457450000
2022-06-10,BWE,45500,42690,45030,42690,48927.94921875,517500,22092075000
2022-06-13,BWE,41880,39870,39870,39950,45789.17578125,461900,18452905000
2022-06-14,BWE,41400,39950,39950,40750,46712.33984375,202400,8247800000
2022-06-15,BWE,41470,38650,40590,40350,46250.76171875,278600,11241510000
2022-06-16,BWE,42530,40430,41400,41240,47266.24609375,516700,21308708000
2022-06-17,BWE,43740,40920,40920,43410,49758.8046875,490900,21309969000
2022-06-20,BWE,45110,42120,43410,42760,49020.265625,414000,17702640000
2022-06-21,BWE,43810,39950,41960,41000,46989.296875,372500,15272500000
2022-06-22,BWE,41160,39790,41070,39870,45696.859375,386000,15389820000
2022-06-23,BWE,41720,38740,39470,41720,47820.1484375,339600,14168112000
2022-06-24,BWE,42530,41240,42530,41240,47266.24609375,137100,5654004000
2022-06-27,BWE,41470,39990,41240,41070,47081.61328125,214500,8809515000
2022-06-28,BWE,42120,40350,41070,41240,47266.24609375,194000,8000560000
2022-06-29,BWE,42290,41240,41880,41800,47912.46484375,172000,7189600000
2022-06-30,BWE,43090,41070,41560,41070,47081.61328125,370900,15232863000
2022-07-01,BWE,41800,40110,41070,41160,47173.9296875,181600,7474656000
2022-07-04,BWE,41960,39950,41240,41240,47266.24609375,125000,5155000000
2022-07-05,BWE,41240,39870,41240,39870,45696.859375,525500,20951685000
2022-07-06,BWE,40430,38740,39870,39150,44866.0078125,368600,14430690000
2022-07-07,BWE,39870,39060,39220,39710,45512.22265625,187500,7445625000
2022-07-08,BWE,40430,39470,39750,39790,45604.5390625,101400,4034706000
2022-07-11,BWE,40030,38260,39790,38330,43942.8359375,312000,11958960000
2022-07-12,BWE,39060,38260,38260,39060,43942.8359375,211100,8245566000
2022-07-13,BWE,39870,38900,39060,39870,45696.859375,100200,3994974000
2022-07-14,BWE,39870,39220,39830,39380,45142.95703125,53900,2122582000
2022-07-15,BWE,39630,39020,39380,39310,45050.64453125,135600,5330436000
2022-07-18,BWE,39510,38420,39470,38580,44219.79296875,313700,12102546000
2022-07-19,BWE,39150,38420,38580,38830,44496.73828125,153800,5972054000
2022-07-20,BWE,39430,38580,38830,39220,44958.32421875,143100,5612382000
2022-07-21,BWE,39710,38100,39310,38830,44496.73828125,166300,6457429000
2022-07-22,BWE,39220,38540,39190,38650,44312.10546875,124000,4792600000
2022-07-25,BWE,38740,38170,38650,38260,43850.5234375,162300,6209598000
2022-07-26,BWE,38580,37850,38260,38020,43573.5703125,139900,5318998000
2022-07-27,BWE,38780,37770,37850,38420,44035.15625,150100,5766842000
2022-07-28,BWE,38980,38650,38650,38900,44589.0546875,143200,5570480000
2022-07-29,BWE,39020,38420,38780,38420,44035.15625,130100,4998442000
2022-08-01,BWE,38900,38050,38260,38370,43988.99609375,289000,11088930000
2022-08-02,BWE,39190,38330,38370,38780,44589.0546875,166600,6460748000
2022-08-03,BWE,39630,38940,39060,39430,45189.1171875,282800,11150804000
2022-08-04,BWE,39630,38650,39630,39310,45050.64453125,224400,8821164000
2022-08-05,BWE,40110,38980,39310,39790,45604.5390625,189700,7548163000
2022-08-08,BWE,40240,39060,39790,39430,45189.1171875,151000,5953930000
2022-08-09,BWE,39950,39060,39430,39510,45281.43359375,233500,9225585000
2022-08-10,BWE,40030,39470,39870,39830,45650.703125,203100,8089473000
2022-08-11,BWE,40110,39470,39990,39470,45235.2734375,292400,11541028000
2022-08-12,BWE,39550,39190,39470,39310,45050.64453125,111500,4383065000
2022-08-15,BWE,39580,39220,39310,39310,45050.64453125,169600,6666976000
2022-08-16,BWE,39550,39060,39310,39260,45004.48046875,129100,5068466000
2022-08-17,BWE,39340,38940,39260,38940,44635.21484375,166400,6479616000
2022-08-18,BWE,38900,38540,38830,38650,44312.10546875,191900,7416935000
2022-08-19,BWE,38830,38310,38370,38620,44265.9453125,135000,5213700000
2022-08-22,BWE,38940,38100,38620,38540,44173.62890625,162300,6255042000
2022-08-23,BWE,39060,38260,38510,38830,44496.73828125,110600,4294598000
2022-08-24,BWE,39190,38510,39190,38650,44312.10546875,258300,9983295000
2022-08-25,BWE,41070,38830,38860,41070,47081.61328125,975500,40063785000
2022-08-26,BWE,41070,40350,40670,40670,46620.02734375,179200,7288064000
2022-08-29,BWE,40350,39150,39870,39470,45235.2734375,341800,13490846000
2022-08-30,BWE,41320,39470,39790,40350,46250.76171875,457000,18439950000
2022-08-31,BWE,41000,40270,40270,40520,46435.39453125,222700,9023804000
2022-09-05,BWE,40670,40060,40270,40240,46112.28125,123500,4969640000
2022-09-06,BWE,40840,39790,40270,39950,45789.17578125,251600,10051420000
2022-09-07,BWE,39950,39020,39710,39020,44727.53515625,255800,9981316000
2022-09-08,BWE,39150,38650,39020,38900,44589.0546875,216700,8429630000
2022-09-09,BWE,39710,38900,38900,39710,45512.22265625,243300,9661443000
2022-09-12,BWE,40670,39790,39790,40590,46527.71484375,344500,13983255000
2022-09-13,BWE,40750,40240,40670,40670,46620.02734375,318500,12953395000
2022-09-14,BWE,40590,39950,39950,40270,46158.4453125,83000,3342410000
2022-09-15,BWE,41880,39990,40240,41880,48004.78125,908400,38043792000
2022-09-16,BWE,42440,40840,42440,41000,46989.296875,301000,12341000000
2022-09-19,BWE,41320,39710,40750,39870,45696.859375,346400,13810968000
2022-09-20,BWE,40670,39870,40670,40590,46527.71484375,147200,5974848000
2022-09-21,BWE,41240,40350,40670,40520,46435.39453125,143300,5806516000
2022-09-22,BWE,40520,39310,40520,40430,46343.078125,237300,9594039000
2022-09-23,BWE,41320,40200,40520,41320,47358.5625,375500,15515660000
2022-09-26,BWE,41070,39870,41070,39910,45743.015625,413800,16514758000
2022-09-27,BWE,40520,39550,40350,39950,45789.17578125,203400,8125830000
2022-09-28,BWE,40270,39470,39990,39950,45789.17578125,236100,9432195000
2022-09-29,BWE,40430,39550,40430,39550,45327.59375,317800,12568990000
2022-09-30,BWE,39470,37050,39470,39470,45235.2734375,475200,18756144000
2022-10-03,BWE,39470,36730,39150,36770,42142.65625,326700,12012759000
2022-10-04,BWE,37770,36810,36930,37770,43296.6171875,281000,10613370000
2022-10-05,BWE,38650,37460,37770,37850,43388.9375,87400,3308090000
2022-10-06,BWE,37850,35440,37850,35440,40619.43359375,478600,16961584000
2022-10-07,BWE,35270,32980,35270,32980,37803.765625,519200,17123216000
2022-10-10,BWE,34230,31170,32860,33510,38403.82421875,213300,7147683000
2022-10-11,BWE,33630,32940,33580,33020,37849.921875,190200,6280404000
2022-10-12,BWE,34060,32740,33020,33430,38311.5078125,58300,1948969000
2022-10-13,BWE,34230,33430,33510,34230,39234.67578125,155000,5305650000
2022-10-14,BWE,34630,34230,34630,34230,39234.67578125,67900,2324217000
2022-10-17,BWE,34630,33340,34060,34380,39419.3125,81500,2801970000
2022-10-18,BWE,35600,34470,34470,35360,40527.11328125,99500,3518320000
2022-10-19,BWE,37050,35400,35400,36850,42234.9765625,161900,5966015000
2022-10-20,BWE,37130,36280,36280,36570,41911.8671875,123800,4527366000
2022-10-21,BWE,36570,34320,36570,35040,40157.84765625,161100,5644944000
2022-10-24,BWE,35040,33580,35040,33580,38496.14453125,129400,4345252000
2022-10-25,BWE,34630,33430,33430,34630,39696.26171875,98000,3393740000
2022-10-26,BWE,34910,34270,34630,34880,39973.2109375,69000,2406720000
2022-10-27,BWE,36250,34630,34630,36120,41404.125,56600,2044392000
2022-10-28,BWE,36210,35440,35440,36080,41357.96484375,67700,2442616000
2022-10-31,BWE,36640,35040,35600,36640,42004.18359375,103900,3806896000
2022-11-01,BWE,36810,35840,36080,35930,41173.328125,84200,3025306000
2022-11-02,BWE,36250,35440,36250,35440,40619.43359375,79400,2813936000
2022-11-03,BWE,35440,34110,35440,35120,40250.16015625,168200,5907184000
2022-11-04,BWE,34630,33580,34630,34230,39234.67578125,164100,5617143000
2022-11-07,BWE,34630,33260,34630,33260,38126.875,139700,4646422000
2022-11-08,BWE,33430,33190,33260,33260,38126.875,111200,3698512000
2022-11-09,BWE,34630,33150,33260,34320,39326.99609375,134500,4616040000
2022-11-10,BWE,34520,31970,34320,31970,36649.80078125,320200,10236794000
2022-11-11,BWE,33780,31970,32220,32220,36926.75390625,127300,4101606000
2022-11-14,BWE,31650,29960,31420,30130,34526.515625,229800,6923874000
2022-11-15,BWE,29640,28040,28840,28040,32126.279296875,662000,18562480000
2022-11-16,BWE,28590,26080,27030,28360,32495.546875,312900,8873844000
2022-11-17,BWE,30330,29040,29040,30330,34757.30859375,84200,2553786000
2022-11-18,BWE,31010,29800,31010,30600,35080.41796875,130500,3993300000
2022-11-21,BWE,32090,30600,30600,30920,35449.68359375,77500,2396300000
2022-11-22,BWE,32220,30920,31370,32220,36926.75390625,155000,4994100000
2022-11-23,BWE,33510,32369,32780,33020,37849.921875,68200,2251964000
2022-11-24,BWE,33110,32630,33020,32940,37757.60546875,108300,3567402000
2022-11-25,BWE,34880,32700,32940,34630,39696.26171875,78600,2721918000
2022-11-28,BWE,35840,33830,34150,35040,40157.84765625,149400,5234976000
2022-11-29,BWE,35440,33830,35440,34560,39603.9453125,58700,2028672000
2022-11-30,BWE,35440,34230,34520,35440,40619.43359375,96900,3434136000
2022-12-01,BWE,36570,34270,36080,35040,40157.84765625,75200,2635008000
2022-12-02,BWE,35440,33830,33830,35040,40157.84765625,59800,2095392000
2022-12-05,BWE,35440,34630,35120,35040,40157.84765625,35300,1236912000
2022-12-06,BWE,35040,33990,35040,34520,39557.78515625,46700,1612084000
2022-12-07,BWE,34630,34060,34060,34150,39142.359375,44900,1533335000
2022-12-08,BWE,35160,33870,34150,34190,39188.5234375,37000,1265030000
2022-12-09,BWE,35440,34590,35400,35440,40619.43359375,170200,6031888000
2022-12-12,BWE,37530,35440,35440,37050,42465.765625,216800,8032440000
2022-12-13,BWE,38260,36250,37690,38220,43804.359375,182300,6967506000
2022-12-14,BWE,37970,37050,37970,37210,42650.40234375,38300,1425143000
2022-12-15,BWE,38330,37170,37210,38170,43758.20703125,109900,4194883000
2022-12-16,BWE,39380,37820,37850,39340,45096.796875,175800,6915972000
2022-12-19,BWE,39630,37210,39060,37210,42650.40234375,181100,6738731000
2022-12-20,BWE,38260,37210,38170,38260,43850.5234375,58200,2226732000
2022-12-21,BWE,38980,37620,38650,38940,44635.21484375,44800,1744512000
2022-12-22,BWE,39380,37460,37900,38650,44312.10546875,21000,811650000
2022-12-23,BWE,38510,37650,38510,38460,44081.3125,32600,1253796000
2022-12-26,BWE,38580,37850,38460,38540,44173.62890625,57300,2208342000
2022-12-27,BWE,38510,36770,38510,38420,44035.15625,32100,1233282000
2022-12-28,BWE,38510,36330,38260,38460,44081.3125,30300,1165338000
2022-12-29,BWE,38830,37690,37850,38740,44404.421875,50800,1967992000
2022-12-30,BWE,39870,38940,38980,39870,45696.859375,96300,3839481000
2023-01-03,BWE,39830,39150,39790,39630,45419.91015625,33100,1311753000
2023-01-04,BWE,39830,38510,39630,39630,45419.91015625,33500,1327605000
2023-01-05,BWE,39830,39470,39630,39630,45419.91015625,17400,689562000
2023-01-06,BWE,39630,38460,39630,38620,44265.9453125,38200,1475284000
2023-01-09,BWE,38900,38020,38900,38020,43573.5703125,29400,1117788000
2023-01-10,BWE,38510,37620,38510,37850,43388.9375,47700,1805445000
2023-01-11,BWE,38170,37850,38100,38170,43758.20703125,93700,3576529000
2023-01-12,BWE,38510,37820,38510,37850,43388.9375,40400,1529140000
2023-01-13,BWE,38220,37460,37460,37690,43204.30078125,18800,708572000
2023-01-16,BWE,38620,35360,38620,37130,42558.0859375,192800,7158664000
2023-01-17,BWE,38650,36570,37850,36730,42096.5,191700,7041141000
2023-01-18,BWE,38050,36570,37090,36850,42234.9765625,80400,2962740000
2023-01-19,BWE,37770,36640,37770,36640,42004.18359375,100500,3682320000
2023-01-27,BWE,38020,36730,37850,37050,42465.765625,197600,7321080000
2023-01-30,BWE,39450,37970,38130,39370,44939.8359375,407100,16027527000
2023-01-31,BWE,39790,38960,39790,39200,44750.61328125,198100,7765520000
2023-02-01,BWE,39200,38960,39200,38960,44466.78515625,99700,3884312000
2023-02-02,BWE,39120,38540,38870,38960,44466.78515625,100100,3899896000
2023-02-03,BWE,39120,38170,39120,38790,44277.5625,28300,1097757000
2023-02-06,BWE,38960,38300,38840,38580,44041.03515625,22100,852618000
2023-02-07,BWE,38630,38300,38580,38540,43993.734375,29000,1117660000
2023-02-08,BWE,38660,38130,38540,38540,43993.734375,54700,2108138000
2023-02-09,BWE,39120,38540,38540,38960,44466.78515625,78300,3050568000
2023-02-10,BWE,39370,38790,38960,38870,44372.171875,20600,800722000
2023-02-13,BWE,38870,37630,38540,37630,42953.01953125,163500,6152505000
2023-02-14,BWE,38960,38040,38040,38540,43993.734375,47200,1819088000
2023-02-15,BWE,38840,37970,38040,38630,44088.34375,50000,1931500000
2023-02-16,BWE,38790,38040,38790,38630,44088.34375,36100,1394543000
2023-02-17,BWE,38870,37290,38870,38700,44182.953125,37500,1451250000
2023-02-20,BWE,38700,38130,38700,38540,43993.734375,32600,1256404000
2023-02-21,BWE,38910,38130,38660,38510,43946.42578125,38800,1494188000
2023-02-22,BWE,38960,38130,38510,38790,44277.5625,82900,3215691000
2023-02-23,BWE,38960,37710,38630,38210,43615.29296875,71400,2728194000
2023-02-24,BWE,38790,37800,38790,38090,43473.37890625,19100,727519000
2023-02-27,BWE,37500,36220,36930,36890,42101.52734375,30800,1136212000
2023-02-28,BWE,37470,36890,37380,37050,42290.75,57400,2126670000
2023-03-01,BWE,37470,36470,36470,37220,42479.96875,15700,584354000
2023-03-02,BWE,37170,36720,36720,36930,42148.8359375,25200,930636000
2023-03-03,BWE,37290,36800,36960,36800,42006.921875,140300,5163040000
2023-03-06,BWE,36960,36800,36800,36890,42101.52734375,13200,486948000
2023-03-07,BWE,36890,36600,36600,36680,41865.0,12200,447496000
2023-03-08,BWE,36890,36390,36470,36890,42101.52734375,62000,2287180000
2023-03-09,BWE,36930,36760,36890,36890,42101.52734375,10900,402101000
2023-03-10,BWE,37130,36890,37050,37050,42290.75,56700,2100735000
2023-03-13,BWE,37090,36470,37050,36800,42006.921875,25300,931040000
2023-03-14,BWE,36720,36470,36720,36550,41723.0859375,29600,1081880000
2023-03-15,BWE,37050,36630,36630,36630,41817.69921875,21100,772893000
2023-03-16,BWE,36800,36630,36630,36800,42006.921875,8400,309120000
2023-03-17,BWE,36800,36800,36800,36800,42006.921875,3300,121440000
2023-03-20,BWE,37010,36470,36800,36470,41628.48046875,12700,463169000
2023-03-21,BWE,36800,36430,36800,36550,41723.0859375,13500,493425000
2023-03-22,BWE,36550,36300,36550,36300,41391.953125,33200,1205160000
2023-03-23,BWE,36270,36220,36220,36270,41391.953125,1700,61659000
2023-03-24,BWE,36390,36300,36300,36390,41250.03515625,400,14556000
2023-03-27,BWE,36140,35600,36140,35600,40635.0703125,37300,1327880000
2023-03-28,BWE,35730,35600,35600,35640,41486.5625,6200,220968000
2023-03-29,BWE,36340,36340,36340,36340,40871.59375,1200,43608000
2023-03-30,BWE,36060,35400,35890,35400,40303.9375,45800,1621320000
2023-03-31,BWE,35730,35640,35640,35730,40398.546875,2900,103617000
2023-04-03,BWE,35800,35470,35640,35640,40493.15625,22800,812592000
2023-04-04,BWE,35800,35520,35560,35520,40540.4609375,12800,454656000
2023-04-05,BWE,35800,35520,35520,35560,40587.765625,27200,967232000
2023-04-06,BWE,35730,35560,35640,35640,40587.765625,7600,270864000
2023-04-07,BWE,35560,35560,35560,35560,40493.15625,1300,46228000
2023-04-10,BWE,35730,35310,35400,35310,40493.15625,36500,1288815000
2023-04-11,BWE,35560,35310,35470,35400,40540.4609375,23600,835440000
2023-04-12,BWE,35890,35470,35470,35890,40966.20703125,75300,2702517000
2023-04-13,BWE,35930,35640,35800,35850,40966.20703125,20000,717000000
2023-04-14,BWE,35890,35640,35730,35730,40824.29296875,26900,961137000
2023-04-17,BWE,35890,35600,35890,35600,40587.765625,23100,822360000
2023-04-18,BWE,35600,35310,35310,35600,40493.15625,3400,121040000
2023-04-19,BWE,36630,35640,35680,36430,41486.5625,145600,5304208000
2023-04-20,BWE,36470,35800,36340,35890,41439.2578125,33500,1202315000
2023-04-21,BWE,38130,36140,36140,37290,42479.96875,198900,7416981000
2023-04-24,BWE,37670,36630,37220,36680,42479.96875,39100,1434188000
2023-04-25,BWE,37630,36060,37290,37220,42479.96875,131300,4886986000
2023-04-26,BWE,37340,36890,37220,37130,42054.22265625,53600,1990168000
2023-04-27,BWE,37290,36720,37290,37010,42574.578125,81700,3023717000
2023-04-28,BWE,37630,36890,37630,37090,40682.375,36700,1361203000
2023-05-04,BWE,37290,35730,35730,37130,42385.359375,79300,2944409000
2023-05-05,BWE,37170,36470,37130,37130,42432.6640625,66000,2450580000
2023-05-08,BWE,37550,37170,37170,37550,43047.62890625,213100,8001905000
2023-05-09,BWE,38130,37630,37880,38130,43520.6796875,109600,4179048000
2023-05-10,BWE,38630,37970,38370,38630,44466.78515625,128500,4963955000
2023-05-11,BWE,39200,38700,39200,38960,44372.171875,41500,1616840000
2023-05-12,BWE,38910,38460,38870,38540,44372.171875,44000,1695760000
2023-05-15,BWE,39120,38090,38870,38960,44419.4765625,48900,1905144000
2023-05-16,BWE,38960,38300,38910,38910,44277.5625,122000,4747020000
2023-05-17,BWE,38960,38330,38330,38750,44466.78515625,76300,2956625000
2023-05-18,BWE,38960,38700,38910,38960,44419.4765625,177700,6923192000
2023-05-19,BWE,38960,38130,38960,38130,43993.734375,32600,1243038000
2023-05-22,BWE,38870,38130,38870,38130,44088.34375,7500,285975000
2023-05-23,BWE,38660,37710,38540,38540,43899.12109375,23400,901836000
2023-05-24,BWE,38630,37800,38460,37800,43899.12109375,87100,3292380000
2023-05-25,BWE,38370,37290,37340,37590,42905.71484375,37900,1424661000
2023-05-26,BWE,37590,37010,37590,37290,42574.578125,85900,3203211000
2023-05-29,BWE,38090,37220,38090,37290,42574.578125,72200,2692338000
2023-05-30,BWE,37290,37050,37290,37220,42479.96875,130900,4872098000
2023-05-31,BWE,37290,37010,37220,37260,42527.2734375,95500,3558330000
2023-06-01,BWE,37340,37090,37260,37220,42479.96875,47100,1753062000
2023-06-02,BWE,37290,36720,37290,36720,41912.30859375,122700,4505544000
2023-06-05,BWE,37290,36430,36890,36630,41817.69921875,160100,5864463000
2023-06-06,BWE,36800,36430,36680,36430,41581.171875,145800,5311494000
2023-06-07,BWE,36630,35730,36430,36090,41202.73046875,218200,7874838000
2023-06-08,BWE,37050,36140,36140,36720,41912.30859375,163300,5996376000
2023-06-09,BWE,37260,36800,37010,37220,42479.96875,107300,3993706000
2023-06-12,BWE,37710,37220,37220,37670,43000.328125,107100,4034457000
2023-06-13,BWE,37710,36890,37710,37010,42243.4453125,136200,5040762000
2023-06-14,BWE,37050,36760,37010,36890,42101.52734375,77100,2844219000
2023-06-15,BWE,37470,36800,36840,37130,42385.359375,75800,2814454000
2023-06-16,BWE,37290,36960,37220,37130,42385.359375,66200,2458006000
2023-06-19,BWE,37130,36470,37130,36510,41675.78515625,43800,1599138000
2023-06-20,BWE,36800,36470,36800,36720,41912.30859375,30400,1116288000
2023-06-21,BWE,37010,36470,36470,36800,42006.921875,41400,1523520000
2023-06-22,BWE,36890,36630,36800,36800,42006.921875,30900,1137120000
2023-06-23,BWE,37470,36720,36890,36720,41912.30859375,43500,1597320000
2023-06-26,BWE,36720,36510,36720,36720,41912.30859375,51500,1891080000
2023-06-27,BWE,36760,36510,36720,36550,41723.0859375,41800,1527790000
2023-06-28,BWE,36720,36550,36550,36630,41817.69921875,49000,1794870000
2023-06-29,BWE,36890,36390,36890,36430,41581.171875,51100,1861573000
2023-06-30,BWE,36630,36390,36430,36470,41628.48046875,45300,1652091000
2023-07-03,BWE,36630,36270,36470,36270,41391.953125,68300,2477241000
2023-07-04,BWE,36510,36270,36270,36390,41533.8671875,66500,2419935000
2023-07-05,BWE,36630,36340,36390,36340,41486.5625,53200,1933288000
2023-07-06,BWE,36470,36060,36390,36060,41155.4296875,43300,1561398000
2023-07-07,BWE,36270,35890,36010,36060,41155.4296875,60500,2181630000
2023-07-10,BWE,36720,35970,36060,36300,41439.2578125,186900,6784470000
2023-07-11,BWE,37710,36630,36630,37430,42716.4921875,200700,7512201000
2023-07-12,BWE,37470,36680,37430,36960,42196.13671875,161900,5983824000
2023-07-13,BWE,37290,36890,36960,37090,42338.0546875,135900,5040531000
2023-07-14,BWE,37500,37090,37130,37220,42479.96875,73000,2717060000
2023-07-17,BWE,37380,37010,37260,37290,42574.578125,231800,8643822000
2023-07-18,BWE,38460,37630,37630,38370,43804.51171875,244200,9369954000
2023-07-19,BWE,38370,37800,38370,37800,43142.2421875,184000,6955200000
2023-07-20,BWE,38210,37710,37710,37710,43047.62890625,134000,5053140000
2023-07-21,BWE,38540,37380,37710,38130,43520.6796875,226000,8617380000
2023-07-24,BWE,38630,37970,38540,38130,43520.6796875,285600,10889928000
2023-07-25,BWE,38300,37970,38130,38130,43520.6796875,144200,5498346000
2023-07-26,BWE,38300,37920,38130,38000,43378.765625,113400,4309200000
2023-07-27,BWE,38660,38000,38000,38510,43946.42578125,165700,6381107000
2023-07-28,BWE,38540,38130,38130,38170,43567.984375,150000,5725500000
2023-07-31,BWE,38420,37920,38130,37970,43331.4609375,248500,9435545000
2023-08-01,BWE,38630,37830,37970,38130,43520.6796875,499900,19061187000
2023-08-02,BWE,38210,37760,38130,37760,43094.93359375,276900,10455744000
2023-08-03,BWE,38510,37800,38040,38250,43662.59765625,221700,8480025000
2023-08-04,BWE,38420,37800,38420,38300,43709.90234375,166000,6357800000
2023-08-07,BWE,38370,38000,38330,38370,43804.51171875,115000,4412550000
2023-08-08,BWE,38460,37880,38460,38130,43520.6796875,350100,13349313000
2023-08-09,BWE,39450,38040,38300,39370,44939.8359375,319400,12574778000
2023-08-10,BWE,39370,38130,39370,38130,43520.6796875,351500,13402695000
2023-08-11,BWE,38790,38090,38130,38130,43520.6796875,216900,8270397000
2023-08-14,BWE,38460,38130,38130,38170,43567.984375,57100,2179507000
2023-08-15,BWE,38790,38130,38130,38370,43804.51171875,130600,5011122000
2023-08-16,BWE,38660,38300,38540,38660,44135.6484375,128600,4971676000
2023-08-17,BWE,38870,38370,38870,38540,43804.51171875,98700,3803898000
2023-08-18,BWE,38330,37470,38170,38040,43426.0703125,347200,13207488000
2023-08-21,BWE,38700,37380,37800,38040,43426.0703125,165200,6284208000
2023-08-22,BWE,38210,37470,38040,38130,43520.6796875,122100,4655673000
2023-08-23,BWE,38130,37500,37800,38130,43520.6796875,125400,4781502000
2023-08-24,BWE,38460,37800,38170,38420,43851.81640625,123700,4752554000
2023-08-25,BWE,38510,38000,38510,38300,43709.90234375,47100,1803930000
2023-08-28,BWE,39370,38170,38300,39040,44561.390625,110000,4294400000
2023-08-29,BWE,39450,38700,39040,39410,44987.140625,82900,3267089000
2023-08-30,BWE,40870,39580,39790,40610,46358.984375,243600,9892596000
2023-08-31,BWE,41030,40030,40690,41030,46832.0390625,254900,10458547000
2023-09-05,BWE,41110,40120,40990,40730,46500.90234375,323600,13180228000
2023-09-06,BWE,40610,40120,40610,40120,45791.32421875,108100,4336972000
2023-09-07,BWE,40360,39370,40360,39370,44939.8359375,220200,8669274000
2023-09-08,BWE,40030,39330,40030,39620,45223.6640625,109600,4342352000
2023-09-11,BWE,39870,39450,39740,39620,45223.6640625,157200,6228264000
2023-09-12,BWE,39620,38990,39620,39200,44750.61328125,157000,6154400000
2023-09-13,BWE,39370,38790,39290,38960,44466.78515625,302000,11765920000
2023-09-14,BWE,39120,38420,38870,39080,44608.69921875,355200,13881216000
2023-09-15,BWE,39200,38540,39080,38840,44324.87109375,166900,6482396000
2023-09-18,BWE,38960,38300,38790,38370,43804.51171875,293700,11269269000
2023-09-19,BWE,39370,38370,38370,38960,44466.78515625,162800,6342688000
2023-09-20,BWE,39620,38700,38960,39290,44845.2265625,134400,5280576000
2023-09-21,BWE,39540,39040,39540,39170,44703.30859375,147600,5781492000
2023-09-22,BWE,39080,38540,39080,38630,44088.34375,277600,10723688000
2023-09-25,BWE,39200,38130,38540,38130,43520.6796875,204700,7805211000
2023-09-26,BWE,38420,37970,38130,38130,43520.6796875,119400,4552722000
2023-09-27,BWE,38130,37920,37920,38130,43520.6796875,300900,11473317000
2023-09-28,BWE,38540,38040,38130,38040,43426.0703125,57700,2194908000
2023-09-29,BWE,38460,38130,38130,38300,43709.90234375,94600,3623180000
2023-10-02,BWE,38370,38130,38130,38300,43709.90234375,115700,4431310000
2023-10-03,BWE,39620,38130,38300,38700,44182.953125,194900,7542630000
2023-10-04,BWE,38960,38130,38130,38510,43946.42578125,86800,3342668000
2023-10-05,BWE,38630,38210,38540,38330,43757.20703125,24300,931419000
2023-10-06,BWE,38960,38300,38330,38460,43899.12109375,61700,2372982000
2023-10-09,BWE,38540,38090,38370,38370,43804.51171875,665500,25535235000
2023-10-10,BWE,38540,38210,38370,38300,43709.90234375,242700,9295410000
2023-10-11,BWE,38300,37880,38210,38130,43520.6796875,84600,3225798000
2023-10-12,BWE,38300,37710,38130,37710,43047.62890625,88400,3333564000
2023-10-13,BWE,38040,37290,37710,37920,43284.15625,255000,9669600000
2023-10-16,BWE,38210,37290,37970,37550,42858.41015625,367100,13784605000
2023-10-17,BWE,38130,37290,37550,37290,42574.578125,194900,7267821000
2023-10-18,BWE,37970,36550,37710,37290,42574.578125,358100,13353549000
2023-10-19,BWE,37290,37050,37290,37170,42432.6640625,325100,12083967000
2023-10-20,BWE,38130,36140,36140,37710,43047.62890625,182800,6893388000
2023-10-23,BWE,37670,37220,37290,37670,43000.328125,30600,1152702000
2023-10-24,BWE,38130,37130,37260,37220,42479.96875,157000,5843540000
2023-10-25,BWE,37290,37010,37220,37290,42574.578125,74200,2766918000
2023-10-26,BWE,38090,34770,37220,36890,42101.52734375,222200,8196958000
2023-10-27,BWE,38090,35970,36300,36550,41723.0859375,467600,17090780000
2023-10-30,BWE,38040,36060,36550,36760,41959.61328125,205800,7565208000
2023-10-31,BWE,38130,36060,36760,36060,41155.4296875,361500,13035690000
2023-11-01,BWE,37470,36060,37470,36090,41202.73046875,12100,436689000
2023-11-02,BWE,36390,35640,36140,36180,41297.34375,106500,3853170000
2023-11-03,BWE,36890,35800,36890,36470,41628.48046875,29400,1072218000
2023-11-06,BWE,36840,35640,36840,35890,40966.20703125,197700,7095453000
2023-11-07,BWE,36300,35640,35680,35970,41060.81640625,106800,3841596000
2023-11-08,BWE,36390,35640,35760,36300,41439.2578125,132900,4824270000
2023-11-09,BWE,36470,35800,36340,36060,41155.4296875,86700,3126402000
2023-11-10,BWE,36090,35730,35890,36010,41108.12109375,140100,5045001000
2023-11-13,BWE,36470,35640,36390,36220,41344.6484375,73700,2669414000
2023-11-14,BWE,36430,36060,36300,36340,41486.5625,35500,1290070000
2023-11-15,BWE,36510,36300,36470,36470,41628.48046875,174300,6356721000
2023-11-16,BWE,36470,36090,36470,36470,41628.48046875,24200,882574000
2023-11-17,BWE,36470,35970,36470,35970,41060.81640625,42800,1539516000
2023-11-20,BWE,35970,35640,35970,35850,40918.90234375,70800,2538180000
2023-11-21,BWE,35930,35560,35930,35850,40918.90234375,86100,3086685000
2023-11-22,BWE,35850,35640,35680,35800,40871.59375,39200,1403360000
2023-11-23,BWE,35800,34900,35800,35400,40398.546875,72700,2573580000
2023-11-24,BWE,35470,34650,35400,34980,39925.49609375,62500,2186250000
2023-11-27,BWE,35310,34770,34930,35260,40256.62890625,103400,3645884000
2023-11-28,BWE,35640,35310,35640,35560,40587.765625,48000,1706880000
2023-11-29,BWE,35730,35350,35640,35350,40351.23828125,56700,2004345000
2023-11-30,BWE,36060,34900,35350,34980,39925.49609375,88000,3078240000
2023-12-01,BWE,35560,35140,35140,35350,40351.23828125,9200,325220000
2023-12-04,BWE,35640,35140,35350,35350,40351.23828125,203000,7176050000
2023-12-05,BWE,35640,35260,35350,35400,40398.546875,29300,1037220000
2023-12-06,BWE,35640,35260,35470,35640,40682.375,53100,1892484000
2023-12-07,BWE,35640,34560,35400,34980,39925.49609375,248700,8699526000
2023-12-08,BWE,35470,34900,34980,35060,40020.1015625,87400,3064244000
2023-12-11,BWE,35140,34770,35140,35020,39972.80078125,160100,5606702000
2023-12-12,BWE,34980,34720,34980,34810,39736.2734375,117500,4090175000
2023-12-13,BWE,34900,34480,34720,34720,39641.6640625,89600,3110912000
2023-12-14,BWE,34720,34390,34720,34480,39357.83203125,80600,2779088000
2023-12-15,BWE,34480,34190,34480,34390,39263.22265625,59600,2049644000
2023-12-18,BWE,34390,33110,34390,33650,38411.73046875,293400,9872910000
2023-12-19,BWE,34060,33320,33650,33570,38317.125,68200,2289474000
2023-12-20,BWE,33900,33320,33570,33690,38459.0390625,59000,1987710000
2023-12-21,BWE,33980,33200,33610,33490,38222.51171875,174700,5850703000
2023-12-22,BWE,33570,33160,33490,33200,37891.375,92200,3061040000
2023-12-25,BWE,33440,33160,33320,33160,37844.0703125,156700,5196172000
2023-12-26,BWE,33490,32900,33160,32980,37654.8515625,203300,6704834000
2023-12-27,BWE,33570,33160,33160,33360,38080.59765625,309200,10314912000
2023-12-28,BWE,34150,33360,33490,33860,38648.2578125,144200,4882612000
2023-12-29,BWE,34150,33820,33860,34150,38979.39453125,166800,5696220000
2024-01-02,BWE,34270,33570,34150,33730,38506.33984375,194100,6546993000
2024-01-03,BWE,33900,33690,33730,33820,38600.953125,137700,4657014000
2024-01-04,BWE,34060,33780,33940,33820,38600.953125,139200,4707744000
2024-01-05,BWE,33860,33570,33820,33650,38411.73046875,127800,4300470000
2024-01-08,BWE,33900,33610,33650,33820,38600.953125,110200,3726964000
2024-01-09,BWE,34650,33690,33900,34530,39405.13671875,237100,8187063000
2024-01-10,BWE,35400,34530,34530,35230,40209.32421875,342700,12073321000
2024-01-11,BWE,35560,34810,35560,35060,40020.1015625,129700,4547282000
2024-01-12,BWE,35190,34190,35190,34230,39074.00390625,162900,5576067000
2024-01-15,BWE,34650,33820,34270,33900,38695.5625,115300,3908670000
2024-01-16,BWE,34360,33940,34360,34150,38979.39453125,41900,1430885000
2024-01-17,BWE,34390,33730,34390,33980,38790.171875,162700,5528546000
2024-01-18,BWE,34110,33820,33980,34110,38932.08984375,32400,1105164000
2024-01-19,BWE,34230,34060,34150,34150,38979.39453125,109600,3742840000
2024-01-22,BWE,34650,34150,34150,34560,39452.4453125,132100,4565376000
2024-01-23,BWE,34720,34150,34720,34480,39357.83203125,173000,5965040000
2024-01-24,BWE,34650,34190,34530,34650,39547.0546875,134800,4670820000
2024-01-25,BWE,34690,34480,34480,34650,39547.0546875,121900,4223835000
2024-01-26,BWE,34770,34560,34560,34770,39688.96875,63700,2214849000
2024-01-29,BWE,34980,34720,34770,34720,39641.6640625,223500,7759920000
2024-01-30,BWE,35430,34650,34720,35430,40445.8515625,198700,7039941000
2024-01-31,BWE,35560,35230,35560,35400,40398.546875,148000,5239200000
2024-02-01,BWE,35470,35060,35400,35470,40493.15625,122100,4330887000
2024-02-02,BWE,35600,35230,35470,35560,40493.15625,155800,5540248000
2024-02-05,BWE,35600,35140,35600,35310,40303.9375,216200,7634022000
2024-02-06,BWE,35470,35100,35230,35430,40445.8515625,244000,8644920000
2024-02-07,BWE,35470,35310,35430,35430,40445.8515625,46800,1658124000
2024-02-15,BWE,35560,35350,35470,35430,40445.8515625,181100,6416373000
2024-02-16,BWE,36470,35260,35260,36470,41628.48046875,243700,8887739000
2024-02-19,BWE,36470,36060,36470,36060,41155.4296875,80700,2910042000
2024-02-20,BWE,36300,35890,36060,36010,41108.12109375,63300,2279433000
2024-02-21,BWE,36470,35640,35890,36430,41581.171875,186400,6790552000
2024-02-22,BWE,36430,35890,36430,35890,40966.20703125,138300,4963587000
2024-02-23,BWE,36140,35800,35890,35800,40871.59375,178500,6390300000
2024-02-26,BWE,35970,35230,35760,35760,40824.29296875,156000,5578560000
2024-02-27,BWE,35760,35260,35470,35600,40635.0703125,117400,4179440000
2024-02-28,BWE,35640,35400,35600,35560,40587.765625,129000,4587240000
2024-02-29,BWE,35640,35230,35640,35640,40682.375,226200,8061768000
2024-03-01,BWE,35640,35230,35640,35230,40209.32421875,276600,9744618000
2024-03-04,BWE,36060,35230,35310,35520,40540.4609375,501000,17795520000
2024-03-05,BWE,35640,35470,35560,35600,40635.0703125,343300,12221480000
2024-03-06,BWE,36180,35470,35640,35800,40871.59375,285800,10231640000
2024-03-07,BWE,36890,35800,35800,36470,41628.48046875,938300,34219801000
2024-03-08,BWE,36550,36090,36470,36550,41723.0859375,323200,11812960000
2024-03-11,BWE,36550,36300,36470,36470,41628.48046875,198800,7250236000
2024-03-12,BWE,36470,35970,36180,36270,41391.953125,207500,7526025000
2024-03-13,BWE,36470,35890,36470,36060,41155.4296875,285300,10287918000
2024-03-14,BWE,36800,35970,36060,36220,41344.6484375,587800,21290116000
2024-03-15,BWE,36430,35970,36220,36390,41533.8671875,183100,6663009000
2024-03-18,BWE,36470,35140,36300,35190,40162.0234375,400100,14079519000
2024-03-19,BWE,35640,35020,35190,35560,40587.765625,79000,2809240000
2024-03-20,BWE,35560,35230,35560,35310,40303.9375,89600,3163776000
2024-03-21,BWE,35890,35400,35600,35640,40682.375,176900,6304716000
2024-03-22,BWE,35970,35560,35640,35800,40871.59375,230900,8266220000
2024-03-25,BWE,36630,35680,35970,36340,41486.5625,213100,7744054000
2024-03-26,BWE,36930,36060,36060,36890,42101.52734375,276300,10192707000
2024-03-27,BWE,37290,36600,36890,36960,42196.13671875,173100,6397776000
2024-03-28,BWE,37260,36680,36960,36680,41865.0,115300,4229204000
2024-03-29,BWE,37670,36510,36680,37290,42574.578125,365600,13633224000
2024-04-01,BWE,37470,36840,36960,37260,42527.2734375,131200,4888512000
2024-04-02,BWE,37290,36760,37260,37130,42385.359375,57700,2142401000
2024-04-03,BWE,37470,36630,37470,36720,41912.30859375,110600,4061232000
2024-04-04,BWE,37130,36300,36720,36390,41533.8671875,118500,4312215000
2024-04-05,BWE,36800,35970,36390,36430,41581.171875,291200,10608416000
2024-04-08,BWE,36430,36060,36430,36060,41155.4296875,77700,2801862000
2024-04-09,BWE,36090,35600,35890,35640,40682.375,129500,4615380000
2024-04-10,BWE,35970,35310,35680,35600,40635.0703125,233400,8309040000
2024-04-11,BWE,35680,35140,35140,35520,40540.4609375,33500,1189920000
2024-04-12,BWE,36300,35350,35890,35890,40966.20703125,168800,6058232000
2024-04-15,BWE,35890,34810,35890,34860,39783.578125,241700,8425662000
2024-04-16,BWE,35140,34530,35140,34810,39736.2734375,245300,8538893000
2024-04-17,BWE,34810,33780,34720,34440,39310.53125,316400,10896816000
2024-04-19,BWE,34690,33820,33980,34390,39263.22265625,180500,6207395000
2024-04-22,BWE,35680,34390,34810,34900,39830.88671875,169900,5929510000
2024-04-23,BWE,36060,34980,35470,35680,40729.6796875,489300,17458224000
2024-04-24,BWE,36010,35230,36010,35680,40729.6796875,125600,4481408000
2024-04-25,BWE,36270,35260,35680,35310,40303.9375,378300,13357773000
2024-04-26,BWE,36180,34860,36180,34860,39783.578125,349600,12187056000
2024-05-02,BWE,35970,34980,34980,35640,40682.375,115300,4109292000
2024-05-03,BWE,36960,35680,35680,36680,41865.0,571000,20944280000
2024-05-06,BWE,36890,36510,36800,36840,42054.22265625,269800,9939432000
2024-05-07,BWE,38090,36760,36890,38040,43426.0703125,877000,33361080000
2024-05-08,BWE,38210,37220,37710,37630,37678.08984375,601400,22630682000
2024-05-09,BWE,37800,37090,37630,37220,37263.12890625,382500,14236650000
2024-05-10,BWE,37220,36720,37220,36800,36848.17578125,324800,11952640000
2024-05-13,BWE,38040,36680,36890,37630,37678.08984375,868300,32674129000
2024-05-14,BWE,37880,37550,37630,37710,37761.08203125,218700,8247177000
2024-05-15,BWE,40200,37710,37710,39040,39088.94140625,878200,34284928000
2024-05-16,BWE,39250,38700,39200,39080,39130.4375,538600,21048488000
2024-05-17,BWE,40060,39350,40060,39350,39405.13671875,694900,27344315000
2024-05-20,BWE,39550,38650,39550,38740,38790.171875,730600,28303444000
2024-05-21,BWE,39640,38650,38740,39170,39215.91796875,496200,19436154000
2024-05-22,BWE,39730,39070,39170,39210,39263.22265625,662500,25976625000
2024-05-23,BWE,41050,39020,39020,40350,40398.546875,907600,36621660000
2024-05-24,BWE,40440,39260,39780,39680,39736.2734375,612300,24296064000
2024-05-27,BWE,39830,39210,39680,39450,39499.75,376800,14864760000
2024-05-28,BWE,39780,39120,39450,39120,39168.61328125,541800,21195216000
2024-05-29,BWE,40350,38930,39210,39210,39263.22265625,500700,19632447000
2024-05-30,BWE,40160,39550,39590,40160,40209.32421875,1138000,45702080000
2024-05-31,BWE,41100,40300,40580,40630,40682.375,935500,38009365000
2024-06-03,BWE,41050,40350,41050,40680,40682.375,964900,39252132000
2024-06-04,BWE,40920,40210,40920,40210,40256.62890625,745100,29960471000
2024-06-05,BWE,40540,39970,40250,39970,40020.1015625,278100,11115657000
2024-06-06,BWE,42050,40250,40490,41760,41817.69921875,1488300,62151408000
2024-06-07,BWE,42240,41580,41580,41580,41628.48046875,366200,15226596000
2024-06-10,BWE,42710,41200,41580,42190,42243.4453125,320600,13526114000
2024-06-11,BWE,42660,42240,42470,42470,42527.2734375,503600,21387892000
2024-06-12,BWE,43660,42050,42470,43460,43520.6796875,707700,30756642000
2024-06-13,BWE,43940,43280,43660,43840,43899.12109375,593200,26005888000
2024-06-14,BWE,44120,42090,43840,42090,42148.8359375,397700,16739193000
2024-06-17,BWE,43080,41580,41580,42950,43000.328125,534200,22943890000
2024-06-18,BWE,43370,42850,42950,42900,42953.01953125,267500,11475750000
2024-06-19,BWE,43280,42520,42900,42660,42716.4921875,265500,11326230000
2024-06-20,BWE,43130,42330,42380,42660,42716.4921875,120300,5131998000
2024-06-21,BWE,42950,42380,42520,42520,42574.578125,471700,20056684000
2024-06-24,BWE,43180,41760,42520,41860,41912.30859375,497800,20837908000
2024-06-25,BWE,42620,41910,41910,42470,42527.2734375,214100,9092827000
2024-06-26,BWE,44320,42470,42470,44270,44324.87109375,539500,23883665000
2024-06-27,BWE,44410,43890,44370,44220,44277.5625,374100,16542702000
2024-06-28,BWE,43940,42850,43790,43180,43236.8515625,272700,11775186000
2024-07-01,BWE,42900,42330,42520,42750,42811.10546875,285300,12196575000
2024-07-02,BWE,43280,42520,43000,42850,42905.71484375,225900,9679815000
2024-07-03,BWE,43510,42850,42850,43180,43236.8515625,355700,15359126000
2024-07-04,BWE,43560,42620,43000,43080,43142.2421875,293500,12643980000
2024-07-05,BWE,43370,42330,43370,42570,42621.88671875,239500,10195515000
2024-07-08,BWE,42710,41530,42470,42140,42196.13671875,703600,29649704000
2024-07-09,BWE,42140,41760,42140,42000,42054.22265625,326900,13729800000
2024-07-10,BWE,42290,41580,41760,41760,41817.69921875,499500,20859120000
2024-07-11,BWE,42420,41480,41760,41480,41533.8671875,406500,16861620000
2024-07-12,BWE,41760,40720,41480,41100,41155.4296875,349400,14360340000
2024-07-15,BWE,41960,41100,41100,41580,41628.48046875,136100,5659038000
2024-07-16,BWE,41960,41200,41960,41430,41486.5625,158100,6550083000
2024-07-17,BWE,41580,39680,41430,39780,39830.88671875,579500,23052510000
2024-07-18,BWE,40160,39590,40010,40160,40209.32421875,373400,14995744000
2024-07-19,BWE,40820,39730,40060,40720,40776.98828125,249000,10139280000
2024-07-22,BWE,41050,39210,41050,39920,39972.80078125,343300,13704536000
2024-07-23,BWE,39920,37800,39920,39590,39641.6640625,322600,12771734000
2024-07-24,BWE,40210,39210,39590,40010,40067.41015625,183500,7341835000
2024-07-25,BWE,39970,39500,39640,39970,40020.1015625,97500,3897075000
2024-07-26,BWE,40630,39880,39970,40580,40635.0703125,202500,8217450000
2024-07-29,BWE,40630,39680,40350,40300,40351.23828125,206100,8305830000
2024-07-30,BWE,40300,39590,40160,39590,39641.6640625,154300,6108737000
2024-07-31,BWE,40210,38840,39680,40210,40256.62890625,276100,11101981000
2024-08-01,BWE,40210,38930,40210,39210,39263.22265625,300400,11778684000
2024-08-02,BWE,40250,38840,38840,40160,40209.32421875,202600,8136416000
2024-08-05,BWE,39680,38550,39210,38740,38790.171875,312600,12110124000
2024-08-06,BWE,40160,38740,38790,39680,39736.2734375,260900,10352512000
2024-08-07,BWE,40920,39680,39880,40630,40682.375,540100,21944263000
2024-08-08,BWE,40630,39680,40630,39780,39830.88671875,218400,8687952000
2024-08-09,BWE,40580,39680,40300,39780,39830.88671875,151200,6014736000
2024-08-12,BWE,40060,39780,39780,39880,39925.49609375,53000,2113640000
2024-08-13,BWE,40060,39590,39920,39640,39688.96875,167400,6635736000
2024-08-14,BWE,40580,39880,40210,40350,40398.546875,228600,9224010000
2024-08-15,BWE,40390,39680,40390,39920,39972.80078125,198600,7928112000
2024-08-16,BWE,41860,39920,40160,41860,41912.30859375,1126400,47151104000
2024-08-19,BWE,42620,41580,41860,42570,42621.88671875,559400,23813658000
2024-08-20,BWE,42570,41670,42520,42140,42196.13671875,283900,11963546000
2024-08-21,BWE,42380,41580,41960,41580,41628.48046875,237000,9854460000
2024-08-22,BWE,42470,41580,41960,41960,42006.921875,233100,9780876000
2024-08-23,BWE,41960,41580,41960,41810,41865.0,187200,7826832000
2024-08-26,BWE,43280,41860,41860,42240,42290.75,470200,19861248000
2024-08-27,BWE,42140,41760,42050,42050,42101.52734375,208500,8767425000
2024-08-28,BWE,42090,41860,41860,42090,42148.8359375,288800,12155592000
2024-08-29,BWE,42290,41480,42090,41960,42006.921875,225400,9457784000
2024-08-30,BWE,42800,41810,42240,41810,41865.0,246000,10285260000
2024-09-04,BWE,41960,41430,41710,41810,41865.0,169600,7090976000
2024-09-05,BWE,41860,41200,41620,41430,41486.5625,163600,6777948000
2024-09-06,BWE,42420,41290,41380,42330,42385.359375,219600,9295668000
2024-09-09,BWE,43370,42140,42330,43280,43331.4609375,525900,22760952000
2024-09-10,BWE,43750,42520,43460,43000,43047.62890625,376700,16198100000
2024-09-11,BWE,43370,42290,42710,43080,43142.2421875,243700,10498596000
2024-09-12,BWE,43840,42950,43370,43610,43662.59765625,450800,19659388000
2024-09-13,BWE,43750,43370,43460,43560,43615.29296875,157900,6878124000
2024-09-16,BWE,43750,42900,43750,43080,43142.2421875,276000,11890080000
2024-09-17,BWE,43080,42420,43080,42710,42763.80078125,272900,11655559000
2024-09-18,BWE,43180,42420,42710,42420,42479.96875,123100,5221902000
2024-09-19,BWE,44450,42520,42620,44450,44514.08984375,838500,37271325000
2024-09-20,BWE,44880,44040,44880,44410,44466.78515625,205000,9104050000
2024-09-23,BWE,45260,43840,44080,45260,45318.27734375,274200,12410292000
2024-09-24,BWE,45210,44650,45210,44700,44750.61328125,140900,6298230000
2024-09-25,BWE,44880,44170,44700,44170,44230.2578125,121800,5379906000
2024-09-26,BWE,44410,43840,44220,43890,43946.42578125,121300,5323857000
2024-09-27,BWE,44120,43370,44120,43610,43662.59765625,286800,12507348000
2024-09-30,BWE,43750,42570,43610,42900,42953.01953125,406600,17443140000
2024-10-01,BWE,43130,42800,42800,43040,43094.93359375,216000,9296640000
2024-10-02,BWE,43130,42710,42710,43130,43189.54296875,125300,5404189000
2024-10-03,BWE,43460,42090,43460,42520,42574.578125,391100,16629572000
2024-10-04,BWE,42900,42420,42520,42520,42574.578125,74800,3180496000
2024-10-07,BWE,42710,42380,42470,42520,42574.578125,120200,5110904000
2024-10-08,BWE,43000,42330,42570,42800,42858.41015625,144700,6193160000
2024-10-09,BWE,42850,42520,42800,42520,42574.578125,116400,4949328000
2024-10-10,BWE,42900,42380,42710,42800,42858.41015625,171300,7331640000
2024-10-11,BWE,43700,42900,43180,43460,43520.6796875,237600,10326096000
2024-10-14,BWE,44040,43080,43460,43510,43567.984375,87200,3794072000
2024-10-15,BWE,43460,42620,43460,42950,43000.328125,202500,8697375000
2024-10-16,BWE,43660,42710,42950,43510,43567.984375,188000,8179880000
2024-10-17,BWE,43660,42470,43510,43080,43142.2421875,296700,12781836000
2024-10-18,BWE,42950,42520,42800,42710,42763.80078125,108600,4638306000
2024-10-21,BWE,42800,42520,42710,42710,42763.80078125,68600,2929906000
2024-10-22,BWE,42710,42520,42710,42520,42574.578125,172000,7313440000
2024-10-23,BWE,42520,42140,42520,42240,42290.75,299000,12629760000
2024-10-24,BWE,42140,41620,42090,41710,41770.39453125,424600,17710066000
2024-10-25,BWE,42240,41670,41710,42240,42290.75,92300,3898752000
2024-10-28,BWE,42240,42000,42240,42090,42148.8359375,162700,6848043000
2024-10-29,BWE,43000,42090,42090,43000,43047.62890625,283500,12190500000
2024-10-30,BWE,43000,42190,43000,42520,42574.578125,74700,3176244000
2024-10-31,BWE,42520,42090,42520,42520,42574.578125,149200,6343984000
2024-11-01,BWE,42900,42050,42190,42900,42953.01953125,212900,9133410000
2024-11-04,BWE,42900,42520,42900,42520,42574.578125,73300,3116716000
2024-11-05,BWE,42950,42380,42520,42620,42669.19140625,126200,5378644000
2024-11-06,BWE,42750,42520,42620,42710,42763.80078125,174400,7448624000
2024-11-07,BWE,42900,42660,42710,42800,42858.41015625,46300,1981640000
2024-11-08,BWE,43840,42800,42950,43330,43378.765625,281200,12184396000
2024-11-11,BWE,43460,43280,43460,43410,43473.37890625,363600,15783876000
2024-11-12,BWE,43510,42520,43370,43000,43047.62890625,365600,15720800000
2024-11-13,BWE,42900,42420,42900,42420,42479.96875,112300,4763766000
2024-11-14,BWE,42620,42140,42290,42140,42196.13671875,89700,3779958000
2024-11-15,BWE,42290,39780,42140,41100,41155.4296875,168100,6908910000
2024-11-18,BWE,41620,40490,40490,41200,41250.03515625,62600,2579120000
2024-11-19,BWE,42710,41580,42290,41960,42006.921875,230100,9654996000
2024-11-20,BWE,42800,41380,41810,42520,42574.578125,172400,7330448000
2024-11-21,BWE,42620,42050,42520,42470,42527.2734375,64100,2722327000
2024-11-22,BWE,42520,42050,42190,42140,42196.13671875,75900,3198426000
2024-11-25,BWE,42850,41960,42000,42420,42479.96875,226100,9591162000
2024-11-26,BWE,42900,42420,42420,42800,42858.41015625,74800,3201440000
2024-11-27,BWE,43040,42240,42800,43000,43047.62890625,67600,2906800000
2024-11-28,BWE,43000,42520,43000,42520,42574.578125,12700,540004000
2024-11-29,BWE,45410,42470,42950,45410,45460.19140625,130900,5944169000
2024-12-02,BWE,44450,43460,44410,44410,44466.78515625,317900,14117939000
2024-12-03,BWE,44450,43560,43560,44410,44466.78515625,191600,8508956000
2024-12-04,BWE,45070,44270,44500,44700,44750.61328125,249500,11152650000
2024-12-05,BWE,44980,44410,44700,44500,44561.390625,116700,5193150000
2024-12-06,BWE,44930,44170,44780,44170,44230.2578125,69000,3047730000
2024-12-09,BWE,44170,43280,44170,43280,43331.4609375,173000,7487440000
2024-12-10,BWE,43750,43080,43750,43280,43331.4609375,188600,8162608000
2024-12-11,BWE,43560,43040,43280,43040,43094.93359375,124500,5358480000
2024-12-12,BWE,43460,43080,43460,43280,43331.4609375,72500,3137800000
2024-12-13,BWE,43460,43000,43280,43330,43378.765625,17500,758275000
2024-12-16,BWE,43940,43330,43940,43750,43804.51171875,102800,4497500000
2024-12-17,BWE,44320,43330,44320,43410,43473.37890625,111700,4848897000
2024-12-18,BWE,43660,43330,43330,43330,43378.765625,38900,1685537000
2024-12-19,BWE,43750,43000,43080,43230,43284.15625,126300,5459949000
2024-12-20,BWE,43940,43180,43230,43660,43709.90234375,47700,2082582000
2024-12-23,BWE,44170,43660,43660,44170,44230.2578125,67900,2999143000
2024-12-24,BWE,44320,43750,44170,44120,44182.953125,40800,1800096000
2024-12-25,BWE,44270,43940,44120,44040,44088.34375,109600,4826784000
2024-12-26,BWE,44880,43790,44320,44880,44939.8359375,182400,8186112000
2024-12-27,BWE,45210,44500,45210,44550,44608.69921875,49800,2218590000
2024-12-30,BWE,44550,43700,44550,44370,44419.4765625,62700,2781999000
2024-12-31,BWE,45160,43750,44170,44880,44939.8359375,242600,10887888000
2025-01-02,BWE,45070,44410,45070,44500,44561.390625,20200,898900000
2025-01-03,BWE,44880,44120,44880,44120,44182.953125,58100,2563372000
2025-01-06,BWE,44120,43460,44120,43460,43520.6796875,61300,2664098000
2025-01-07,BWE,44080,43460,43460,43510,43567.984375,51500,2240765000
2025-01-08,BWE,43840,43410,43510,43560,43615.29296875,36500,1589940000
2025-01-09,BWE,44220,43510,43610,44170,44230.2578125,48500,2142245000
2025-01-10,BWE,44410,43840,44320,43940,43993.734375,48100,2113514000
2025-01-13,BWE,44410,43330,43940,44410,44466.78515625,99500,4418795000
2025-01-14,BWE,44700,44120,44410,44410,44466.78515625,102000,4529820000
2025-01-15,BWE,44700,43990,44410,43990,44041.03515625,67000,2947330000
2025-01-16,BWE,44320,43750,44270,43750,44041.03515625,34000,1487500000
2025-01-17,BWE,43940,43610,43660,43660,43709.90234375,80100,3497166000
2025-01-20,BWE,43940,43660,43660,43840,43899.12109375,43700,1915808000
2025-01-21,BWE,44370,43940,44220,44320,44372.171875,82300,3647536000
2025-01-22,BWE,44450,43610,44450,43990,44041.03515625,48000,2111520000
2025-01-23,BWE,44650,43700,43990,44410,44466.78515625,129400,5746654000
2025-01-24,BWE,44650,44120,44650,44320,44372.171875,117800,5220896000
2025-02-03,BWE,44410,43750,44410,43750,43804.51171875,152500,6671875000
2025-02-04,BWE,44320,43460,44320,43560,43615.29296875,167200,7283232000
2025-02-05,BWE,44410,43560,43840,44270,44324.87109375,144900,6414723000
2025-02-06,BWE,46300,43750,44600,45450,45507.49609375,283600,12889620000
2025-02-07,BWE,45740,45070,45450,45160,45223.6640625,170900,7717844000
2025-02-10,BWE,45210,44220,45160,44270,44324.87109375,241500,10691205000
2025-02-11,BWE,44710,44270,44270,44410,44442.6484375,205400,9121814000
2025-02-12,BWE,44710,44220,44410,44410,44442.6484375,278800,12381508000
2025-02-13,BWE,44800,44410,44710,44460,44491.26953125,102300,4548258000
2025-02-14,BWE,45190,44460,44710,44460,44491.26953125,102900,4574934000
2025-02-17,BWE,44610,43930,44610,44030,44053.65234375,149100,6564873000
2025-02-18,BWE,44120,43730,43930,44030,44053.65234375,139500,6142185000
2025-02-19,BWE,44410,43440,44030,43540,43567.41015625,321200,13985048000
2025-02-20,BWE,44030,43690,43690,43830,43859.15625,224500,9839835000
2025-02-21,BWE,44510,43640,43830,43730,43761.90625,248300,10858159000
2025-02-24,BWE,44120,43350,43730,43730,43761.90625,195800,8562334000
2025-02-25,BWE,43980,43540,43730,43730,43761.90625,78500,3432805000
2025-02-26,BWE,43880,43640,43880,43730,43761.90625,136700,5977891000
2025-02-27,BWE,44120,43690,43730,43830,43859.15625,105000,4602150000
2025-02-28,BWE,44220,43730,43830,43730,43761.90625,105500,4613515000
2025-03-03,BWE,44220,43730,43730,44220,44248.1484375,201000,8888220000
2025-03-04,BWE,44030,43590,43930,43930,43956.40234375,81600,3584688000
2025-03-05,BWE,44320,43540,43930,43640,43664.65625,110400,4817856000
2025-03-06,BWE,44220,43540,43640,43640,43664.65625,177300,7737372000
2025-03-07,BWE,43690,43440,43640,43640,43664.65625,141300,6166332000
2025-03-10,BWE,44030,43640,44030,43640,43664.65625,72700,3172628000
2025-03-11,BWE,43640,43150,43640,43640,43664.65625,166800,7279152000
2025-03-12,BWE,43540,43150,43540,43150,43178.4140625,216900,9359235000
2025-03-13,BWE,43350,42760,43350,42760,42789.41796875,239900,10258124000
2025-03-14,BWE,42860,42660,42760,42660,42692.171875,138400,5904144000
2025-03-17,BWE,42860,42370,42760,42470,42497.671875,97800,4153566000
2025-03-18,BWE,43350,42570,42620,43350,43372.91015625,107900,4677465000
2025-03-19,BWE,43730,42960,42960,43440,43470.16015625,165300,7180632000
2025-03-20,BWE,43690,43150,43440,43350,43372.91015625,189200,8201820000
2025-03-21,BWE,43390,43250,43300,43300,43324.28515625,81400,3524620000
2025-03-24,BWE,43250,42760,43200,42910,42935.29296875,157300,6749743000
2025-03-25,BWE,43440,42810,42810,43350,43372.91015625,64500,2796075000
2025-03-26,BWE,43730,43350,43350,43640,43664.65625,103700,4525468000
2025-03-27,BWE,43830,42860,43830,43390,43421.53515625,141300,6131007000
2025-03-28,BWE,43350,42760,43350,42810,42838.04296875,235600,10086036000
2025-03-31,BWE,42860,41300,42710,42280,42303.17578125,559200,23642976000
2025-04-01,BWE,42280,41690,42280,41890,41914.1796875,298600,12508354000
2025-04-02,BWE,42470,41790,41790,42280,42303.17578125,208900,8832292000
2025-04-03,BWE,41640,39360,41400,39360,39385.71484375,923400,36345024000
2025-04-04,BWE,40820,36930,37900,39310,39337.08984375,1130100,44424231000
2025-04-08,BWE,39850,38000,38830,38490,38510.4765625,2671000,102806790000
2025-04-09,BWE,41160,38190,38190,41160,41184.81640625,925900,38110044000
2025-04-10,BWE,44030,42080,44030,44030,44053.65234375,1280000,56358400000
2025-04-11,BWE,44030,42760,44030,43050,43081.1640625,243300,10474065000
2025-04-14,BWE,44030,42960,43050,43200,43227.0390625,375500,16221600000
2025-04-15,BWE,43730,42910,43100,43150,43178.4140625,198400,8560960000
2025-04-16,BWE,44030,43000,43150,43730,43761.90625,285200,12471796000
2025-04-17,BWE,43880,43490,43490,43830,43859.15625,148100,6491223000
2025-04-18,BWE,43930,43540,43730,43780,43810.53125,149600,6549488000
2025-04-21,BWE,43930,42760,43490,43730,43761.90625,130900,5724257000
2025-04-22,BWE,44220,43150,43590,43730,43761.90625,243600,10652628000
2025-04-23,BWE,44030,43250,43730,43730,43761.90625,192200,8404906000
2025-04-24,BWE,45000,43300,43730,44710,44734.390625,459500,20544245000
2025-04-25,BWE,46550,45000,45140,45680,45706.87890625,490400,22401472000
2025-04-28,BWE,46500,45190,45680,46260,46290.37109375,345000,15959700000
2025-04-29,BWE,47520,45970,46500,47520,47554.60546875,302000,14351040000
2025-05-05,BWE,50830,50830,50830,50830,47554.60546875,1135800,57732714000
2025-05-06,BWE,52770,50830,51990,50830,50861.05859375,842600,42829358000
2025-05-07,BWE,52580,50540,50830,51310,50861.05859375,858000,44023980000
2025-05-08,BWE,51310,48880,50340,49660,51347.30078125,604700,30029402000
2025-05-09,BWE,51510,49760,49760,50630,49694.07421875,251800,12748634000
2025-05-12,BWE,51510,50050,50630,50150,49694.07421875,182300,9142345000
2025-05-13,BWE,51510,49370,50150,50150,50180.3203125,438900,22010835000
2025-05-14,BWE,51020,49560,50340,49860,50180.3203125,228000,11368080000
2025-05-15,BWE,50930,49760,49860,49760,49888.57421875,111300,5538288000
2025-05-16,BWE,50050,49470,49760,49560,49791.32421875,295500,14644980000
2025-05-19,BWE,49560,48200,49560,49560,49596.828125,125000,6195000000
2025-05-20,BWE,49760,49080,49370,49560,49596.828125,137600,6819456000
2025-05-21,BWE,51020,49080,49080,50440,49596.828125,639400,32251336000
2025-05-22,BWE,51020,49470,50440,49660,50472.06640625,117800,5849948000
2025-05-23,BWE,50340,49270,49560,49760,49694.07421875,126000,6269760000
2025-05-26,BWE,51310,49660,50340,50440,50472.06640625,179800,9069112000
2025-05-27,BWE,51310,50340,50440,50540,50472.06640625,181800,9188172000
2025-05-28,BWE,50830,49950,50730,50050,50569.3125,136700,6841835000
2025-05-29,BWE,51120,49860,50050,50630,50083.0703125,130600,6612278000
2025-05-30,BWE,50630,48790,50630,49080,50666.5625,308300,15131364000
2025-06-02,BWE,48790,47180,48790,47620,47651.8515625,339100,16147942000
2025-06-03,BWE,48450,47280,47280,47860,47651.8515625,106300,5087518000
2025-06-04,BWE,48200,47620,47860,48110,47894.97265625,88700,4267357000
2025-06-05,BWE,47860,46650,47620,47620,48138.09765625,238500,11357370000
2025-06-06,BWE,48010,46990,48010,47140,47651.8515625,115500,5444670000
2025-06-09,BWE,47180,46260,47140,46500,46533.4921875,89000,4138500000
2025-06-10,BWE,47330,46260,46260,46940,46533.4921875,124600,5848724000
2025-06-11,BWE,47330,46840,46940,47280,46971.11328125,19200,907776000
2025-06-12,BWE,47430,46840,46990,46890,47311.484375,100600,4717134000
2025-06-13,BWE,46650,46160,46650,46210,46922.48828125,124800,5767008000
2025-06-16,BWE,47140,45680,45920,46650,46679.3671875,189300,8830845000
2025-06-17,BWE,47040,46210,46650,46360,46679.3671875,35300,1636508000
2025-06-18,BWE,46600,45970,46550,46360,46387.62109375,71100,3296196000
2025-06-19,BWE,46550,45770,46310,46070,46387.62109375,104300,4805101000
2025-06-20,BWE,46800,46210,46310,46310,46095.875,46100,2134891000
2025-06-23,BWE,46650,45770,46310,46650,46679.3671875,41200,1921980000
2025-06-24,BWE,46750,46450,46650,46650,46679.3671875,50100,2337165000
2025-06-25,BWE,46600,46020,46600,46160,46679.3671875,83700,3863592000
2025-06-26,BWE,46750,45870,46070,46550,46193.12109375,45300,2108715000
2025-06-27,BWE,46940,46070,46940,46210,46582.1171875,59800,2763358000
2025-06-30,BWE,46840,46260,46360,46600,46630.7421875,46500,2166900000
2025-07-01,BWE,46840,46500,46600,46650,46630.7421875,53600,2500440000
2025-07-02,BWE,47430,46450,46650,47230,46679.3671875,70900,3348607000
2025-07-03,BWE,47520,46600,47230,46650,47262.859375,212700,9922455000
2025-07-04,BWE,46840,46450,46700,46450,46679.3671875,75900,3525555000
2025-07-07,BWE,46750,46070,46550,46210,46241.74609375,178000,8225380000
2025-07-08,BWE,46940,46020,46450,46650,46241.74609375,40500,1889325000
2025-07-09,BWE,46750,46260,46260,46410,46679.3671875,123500,5731635000
2025-07-10,BWE,47520,46450,46450,46840,46436.24609375,154600,7241464000
2025-07-11,BWE,47620,46840,47040,47620,46873.86328125,191200,9104944000
2025-07-14,BWE,47910,46550,47620,46990,47019.73828125,184000,8646160000
2025-07-15,BWE,47090,46160,46990,46840,47019.73828125,187400,8777816000
2025-07-16,BWE,46840,46360,46840,46650,46873.86328125,138700,6470355000
2025-07-17,BWE,46800,46070,46650,46210,46679.3671875,301800,13946178000
2025-07-18,BWE,46310,45870,46260,46020,46241.74609375,281000,12931620000
2025-07-21,BWE,46450,46070,46070,46210,46241.74609375,322000,14879620000
2025-07-22,BWE,46600,45680,46260,46210,46241.74609375,403700,18654977000
2025-07-23,BWE,46260,45770,46260,45770,46241.74609375,336600,15406182000
2025-07-24,BWE,46160,45390,46160,45480,45804.12890625,372800,16954944000
2025-07-25,BWE,45820,45390,45480,45680,45512.3828125,187700,8574136000
2025-07-28,BWE,46260,45480,45920,46110,46144.5,182300,8405853000
2025-07-29,BWE,46360,45430,46070,46020,46144.5,283100,13028262000
2025-07-30,BWE,46650,45680,46410,46310,46047.25,203000,9400930000
2025-07-31,BWE,48790,46310,46310,48110,46338.99609375,663200,31906552000
2025-08-01,BWE,48590,47520,48590,47910,48138.09765625,250300,11991873000
2025-08-04,BWE,50440,47820,48110,49270,49305.08203125,302500,14904175000
2025-08-05,BWE,49560,47520,49370,47570,49305.08203125,403100,19175467000
2025-08-06,BWE,48010,47280,47330,47620,47603.23046875,211100,10052582000
2025-08-07,BWE,48980,47520,47520,48350,47651.8515625,175800,8499930000
2025-08-08,BWE,48590,47620,48350,48300,48381.21875,137200,6626760000
2025-08-11,BWE,48500,47720,47860,48010,48040.84765625,157000,7537570000
2025-08-12,BWE,48880,47620,48250,47620,48040.84765625,262700,12509774000
2025-08-13,BWE,49180,47720,47720,48400,47651.8515625,236800,11461120000
2025-08-14,BWE,48590,47620,48590,47670,48429.84375,282900,13485843000
2025-08-15,BWE,47910,47480,47670,47770,47700.4765625,172100,8221217000
2025-08-18,BWE,48400,47480,48110,47480,47505.98046875,282300,13403604000
2025-08-19,BWE,48500,47480,47480,47910,47505.98046875,131200,6285792000
2025-08-20,BWE,48300,46600,48060,46650,47943.59765625,241100,11247315000
2025-08-21,BWE,47230,46750,46940,47040,46679.3671875,151600,7131264000
2025-08-22,BWE,47090,46160,46750,46310,47068.359375,247100,11443201000
2025-08-25,BWE,46450,45480,46450,45530,45561.0078125,153400,6984302000
2025-08-26,BWE,45970,45480,45530,45680,45561.0078125,68900,3147352000
2025-08-27,BWE,46650,46160,46650,46210,45706.87890625,70200,3243942000
2025-08-28,BWE,46990,45870,46750,45970,46241.74609375,78100,3590257000
2025-08-29,BWE,46070,45730,45730,45870,45998.625,129500,5940165000
2025-09-03,BWE,46360,45770,46160,45920,45950.0,164100,7535472000
2025-09-04,BWE,46160,45870,46070,45870,45950.0,139100,6380517000
2025-09-05,BWE,46500,45870,46020,45970,45901.375,161500,7424155000
2025-09-08,BWE,46600,45680,46600,45680,45706.87890625,138700,6335816000
2025-09-09,BWE,45870,45390,45770,45390,45706.87890625,121100,5496729000
2025-09-10,BWE,45870,45340,45870,45390,45415.1328125,106200,4820418000
2025-09-11,BWE,45480,45190,45390,45430,45415.1328125,120000,5451600000
2025-09-12,BWE,46550,45240,45430,46070,45463.7578125,476700,21961569000
2025-09-15,BWE,46940,46210,46260,46750,46776.61328125,198600,9284550000
2025-09-16,BWE,47040,46450,47040,46650,46776.61328125,369600,17241840000
2025-09-17,BWE,46940,46550,46650,46600,46679.3671875,243000,11323800000
2025-09-18,BWE,47480,46700,46700,47140,46630.7421875,428000,20175920000
2025-09-19,BWE,47480,46990,47480,47140,47165.609375,152300,7179422000
2025-09-22,BWE,47380,46800,47230,47090,47116.984375,464700,21882723000
2025-09-23,BWE,47230,46750,47090,47090,47116.984375,447300,21063357000
2025-09-24,BWE,48790,47140,47230,48790,47116.984375,539100,26302689000
2025-09-25,BWE,49180,47720,49080,47820,48818.8359375,111400,5327148000
2025-09-26,BWE,48350,47330,48110,47430,47846.3515625,107300,5089239000
2025-09-29,BWE,47720,46650,47620,47140,47165.609375,84100,3964474000
2025-09-30,BWE,47620,46890,47430,47140,47165.609375,66300,3125382000
2025-10-01,BWE,47330,47040,47330,47040,47165.609375,102900,4840416000
2025-10-02,BWE,47620,46840,47040,46990,47068.359375,185400,8711946000
2025-10-03,BWE,47910,46650,47140,47480,47019.73828125,140100,6651948000
2025-10-06,BWE,48400,47380,48400,47480,47505.98046875,67200,3190656000
2025-10-07,BWE,48110,47140,47670,47770,47505.98046875,128000,6114560000
2025-10-08,BWE,47910,47140,47910,47620,47797.7265625,44400,2114328000
2025-10-09,BWE,47770,47280,47670,47330,47651.8515625,86100,4075113000
2025-10-10,BWE,48790,47380,47380,48010,47360.10546875,194800,9352348000
2025-10-13,BWE,48350,47430,47480,48010,48040.84765625,90300,4335303000
2025-10-14,BWE,48400,47430,48010,47430,48040.84765625,299300,14195799000
2025-10-15,BWE,47670,46600,47430,46750,47457.35546875,196200,9172350000
2025-10-16,BWE,46990,46600,46650,46840,46776.61328125,109000,5105560000
2025-10-17,BWE,47820,46700,46700,46800,46873.86328125,54500,2550600000
2025-10-20,BWE,47090,45730,46800,45730,45755.50390625,146900,6717737000
2025-10-21,BWE,47330,45680,46210,46410,45755.50390625,175000,8121750000
2025-10-22,BWE,46750,46070,46160,46210,46436.24609375,36800,1700528000
2025-10-23,BWE,46650,45920,46160,46450,46241.74609375,52400,2433980000
2025-10-24,BWE,46650,45870,46410,46650,46484.8671875,51300,2393145000
2025-10-27,BWE,47090,46360,46700,46600,46630.7421875,73400,3420440000
2025-10-28,BWE,46940,46260,46940,46750,46630.7421875,93200,4357100000
2025-10-29,BWE,49080,47430,47520,48500,46776.61328125,542800,26325800000
2025-10-30,BWE,48590,47820,48590,48010,48527.08984375,35700,1713957000
2025-10-31,BWE,48450,47620,48300,47620,48040.84765625,99100,4719142000
2025-11-03,BWE,48400,46800,48400,46800,46825.23828125,126000,5896800000
2025-11-04,BWE,46940,43830,46750,46070,46095.875,366500,16884655000
2025-11-05,BWE,46700,45480,46070,45730,46095.875,107700,4925121000
2025-11-06,BWE,46260,45580,45770,45730,45755.50390625,123600,5652228000
2025-11-07,BWE,46160,45580,45680,45680,45706.87890625,116200,5308016000
2025-11-10,BWE,46070,45290,46070,45480,45512.3828125,105600,4802688000
2025-11-11,BWE,45820,45480,45480,45530,45561.0078125,51400,2340242000
2025-11-12,BWE,46020,45480,46020,45730,45755.50390625,33400,1527382000
2025-11-13,BWE,46070,45630,45870,45630,45658.25390625,99900,4558437000
2025-11-14,BWE,45970,45480,45680,45970,45998.625,149000,6849530000
2025-11-17,BWE,45970,45680,45970,45770,45804.12890625,67700,3098629000
2025-11-18,BWE,46360,45770,45770,46310,46338.99609375,49400,2287714000
2025-11-19,BWE,47140,46360,46840,46990,47019.73828125,202200,9501378000
2025-11-20,BWE,47620,46750,46990,46890,46922.48828125,61600,2888424000
2025-11-21,BWE,46940,46260,46890,46650,46679.3671875,106700,4977555000
2025-11-24,BWE,47230,46360,47140,46500,46533.4921875,28600,1329900000
2025-11-25,BWE,46650,45770,46160,45770,45804.12890625,135900,6220143000
2025-11-26,BWE,46160,45820,45970,46110,46144.5,39000,1798290000
2025-11-27,BWE,46650,46110,46160,46160,46193.12109375,29800,1375568000
2025-11-28,BWE,46360,45770,46160,45920,45950.0,21900,1005648000
2025-12-01,BWE,46360,45430,45920,45430,45463.7578125,148900,6764527000
2025-12-02,BWE,45870,45480,45480,45870,45901.375,45000,2064150000
2025-12-03,BWE,46160,45480,46160,45630,45658.25390625,100900,4604067000
2025-12-04,BWE,46160,45680,45680,45680,45658.25390625,62000,2832160000
2025-12-05,BWE,45920,45680,45920,45680,45706.87890625,13800,630384000
2025-12-08,BWE,45770,44710,45680,44710,44734.390625,163300,7301143000
2025-12-09,BWE,44950,44170,44750,44370,44394.0234375,201500,8940555000
2025-12-10,BWE,45290,44220,44370,44320,44345.3984375,104000,4609280000
2025-12-11,BWE,45140,44510,45140,44610,44637.14453125,23100,1030491000
2025-12-12,BWE,45140,44460,44710,44510,44539.89453125,37900,1686929000
2025-12-15,BWE,44950,44460,44950,44460,44491.26953125,21700,964782000
2025-12-16,BWE,44800,44270,44710,44800,44831.640625,50300,2253440000
2025-12-17,BWE,45000,44320,44800,44370,44394.0234375,43000,1907910000
2025-12-18,BWE,44560,43730,44370,43730,44394.0234375,40800,1784184000
2025-12-19,BWE,43780,42760,43730,42760,42789.41796875,170500,7290580000
2025-12-22,BWE,43250,42280,42760,42660,42692.171875,134700,5746302000
2025-12-23,BWE,42760,41840,42760,42280,42303.17578125,404000,17081120000
2025-12-24,BWE,42230,41160,42230,41740,41768.30859375,241100,10063514000
2025-12-25,BWE,43250,41790,41790,42280,41768.30859375,288500,12197780000
2025-12-26,BWE,43640,40820,43150,40820,40844.4453125,555300,22667346000
2025-12-29,BWE,43640,41790,41790,43640,43664.65625,323600,14121904000
2025-12-30,BWE,46650,43880,46650,45580,45609.62890625,566700,25830186000
2025-12-31,BWE,46070,43980,45530,46070,46095.875,95800,4413506000
2026-01-05,BWE,45770,44610,45770,44800,44831.640625,131700,5900160000
2026-01-06,BWE,45140,43930,45140,44030,44053.65234375,100300,4416209000
2026-01-07,BWE,44660,44030,44660,44030,44053.65234375,134600,5926438000
2026-01-08,BWE,44070,43390,43830,43390,43421.53515625,321700,13958563000
2026-01-09,BWE,44660,43350,43390,43590,43616.03125,97400,4245666000
2026-01-12,BWE,44220,42760,44220,43880,43907.77734375,180200,7907176000
2026-01-13,BWE,45680,43730,44030,45680,45706.87890625,217500,9935400000
2026-01-14,BWE,45630,45000,45630,45530,45561.0078125,114000,5190420000
2026-01-15,BWE,45970,45050,45050,45730,45755.50390625,79200,3621816000
2026-01-16,BWE,46450,45240,46450,45530,45561.0078125,82900,3774437000
2026-01-19,BWE,45870,45190,45680,45580,45609.62890625,129100,5884378000
2026-01-20,BWE,45870,45390,45580,45680,45706.87890625,284300,12986824000
2026-01-21,BWE,45530,42860,42860,45190,45220.63671875,703200,31777608000
2026-01-22,BWE,45680,44510,45240,45050,45074.76171875,42400,1910120000
2026-01-23,BWE,44800,43830,44800,44070,44102.27734375,131400,5790798000
2026-01-26,BWE,45090,43640,44610,43640,43664.65625,174600,7619544000
2026-01-27,BWE,44560,43350,44560,44030,44053.65234375,189300,8334879000
2026-01-28,BWE,44710,43780,44030,44030,44053.65234375,121000,5327630000
2026-01-29,BWE,45090,44320,44410,45090,45123.38671875,127300,5739957000
2026-01-30,BWE,45680,44710,45390,45000,45026.13671875,128800,5796000000
2026-02-02,BWE,45190,44560,44800,44900,44928.890625,153900,6910110000
2026-02-03,BWE,45500,44850,45300,45000,45000.0,86300,3883500000
2026-02-04,BWE,45450,44000,45000,44150,44150.0,226800,10013220000
2026-02-05,BWE,44250,43650,44050,43650,43650.0,224100,9781965000
2026-02-06,BWE,43750,43450,43650,43500,43500.0,100500,4371750000
2026-02-09,BWE,43900,43400,43500,43850,43850.0,105600,4630560000
2026-02-10,BWE,44300,43600,43850,44000,44000.0,527900,23227600000
2026-02-11,BWE,44000,43500,43550,43500,43500.0,208600,9074100000
2026-02-12,BWE,44100,43500,43600,44000,44000.0,54800,2411200000
2026-02-13,BWE,44500,43700,44300,44500,44500.0,170600,7591700000
2026-02-23,BWE,44500,44200,44500,44400,44400.0,74100,3290040000
2026-02-24,BWE,44400,43800,44400,43950,43950.0,146600,6443070000
2026-02-25,BWE,44800,43700,44300,44000,44000.0,187900,8267600000
2026-02-26,BWE,44550,43800,44500,44000,44000.0,107800,4743200000
2026-02-27,BWE,45050,43800,44050,44700,44700.0,185700,8300790000
2026-03-02,BWE,45750,43700,43700,45300,45300.0,281100,12733830000
2026-03-03,BWE,46300,45000,46250,45200,45300.0,184600,8343920000
2026-03-04,BWE,45200,44200,45200,44850,44850.0,166800,7480980000
2026-03-05,BWE,45500,44850,44850,45250,45250.0,134000,6063500000
2026-03-06,BWE,45500,44600,45100,45450,45450.0,123400,5608530000
2026-03-09,BWE,44850,42300,44850,42300,42300.0,348500,14741550000
2026-03-10,BWE,44000,42400,44000,43300,43300.0,70100,3035330000
2026-03-11,BWE,43450,42800,43300,43000,43000.0,478600,20579800000
2026-03-12,BWE,43050,42400,43000,42700,42700.0,168900,7212030000
2026-03-13,BWE,43300,42600,42600,42700,42700.0,181500,0
2026-03-16,BWE,43000,42250,42700,42250,42250.0,102400,0
2026-03-17,BWE,42900,42400,42500,42600,42600.0,56000,0
2026-03-18,BWE,43000,41950,42500,42600,42600.0,167000,0
2026-03-19,BWE,42750,41700,42750,41900,41900.0,375200,0
2026-03-20,BWE,43200,41900,42400,42950,42950.0,310900,0
2026-03-23,BWE,42950,41200,42950,41550,41550.0,473700,0
2026-03-24,BWE,42450,41750,42450,42150,42150.0,241400,0
2026-03-25,BWE,43550,42250,42650,43000,43000.0,291500,0
2026-03-26,BWE,43150,42600,43150,42900,42900.0,71000,0
2026-03-27,BWE,43200,42800,42900,43150,43150.0,228200,0
2026-03-30,BWE,43900,41800,42850,42750,42750.0,710300,0
2026-03-31,BWE,43100,42250,42250,43000,43000.0,125600,0
2026-04-01,BWE,43850,42800,43050,43050,43050.0,498200,0
2026-04-02,BWE,43000,42400,43000,43000,43000.0,132900,0
2026-04-03,BWE,43000,42600,43000,43000,43000.0,119800,0
2026-04-06,BWE,42900,42000,42000,42850,42850.0,111800,0
2026-04-07,BWE,42950,42700,42850,42850,42850.0,196600,0
2026-04-08,BWE,43300,43000,43000,43050,43050.0,598300,0
2026-04-09,BWE,43300,42800,43050,43100,43100.0,106200,0
2026-04-10,BWE,43200,42950,43150,43200,43200.0,117800,0
2026-04-13,BWE,43250,42850,43150,43200,43200.0,34000,0
2026-04-14,BWE,43700,43250,43700,43600,43600.0,326800,0
2026-04-15,BWE,43650,43550,43650,43650,43650.0,103900,0
2026-04-16,BWE,43700,43050,43600,43100,43100.0,613200,0
2026-04-17,BWE,43600,43050,43050,43600,43600.0,122800,0
2026-04-20,BWE,44100,43700,43700,43950,43950.0,237400,0
2026-04-21,BWE,43950,43050,43700,43700,43700.0,451400,0
2026-04-22,BWE,43800,43100,43700,43500,43500.0,379600,0
2026-04-23,BWE,43700,43150,43150,43500,43500.0,109400,0
2026-04-24,BWE,43500,42800,43450,43200,43200.0,129000,0
2026-04-28,BWE,43500,42200,43200,42800,42800.0,576900,0
2026-04-29,BWE,43500,42950,43000,43500,43500.0,196400,0
2026-05-04,BWE,43600,43000,43600,43300,43300.0,445500,0
2026-05-05,BWE,43500,43150,43250,43500,43500.0,213100,0
2026-05-06,BWE,44500,43650,43700,44000,44000.0,138300,0
2026-05-07,BWE,44100,43700,44000,43700,43700.0,272600,0
2026-05-08,BWE,44100,43500,44000,43500,43500.0,323800,0
2026-05-11,BWE,44900,43500,44000,44000,44000.0,182800,0
2026-05-12,BWE,44050,43500,44000,43700,43700.0,35400,0
2026-05-13,BWE,43900,42800,43850,43900,43900.0,342800,0
2026-05-14,BWE,43900,43350,43350,43800,43800.0,131100,0
2026-05-15,BWE,43950,43500,43900,43800,43800.0,57400,0
2026-05-18,BWE,43950,43700,43950,43900,43900.0,78300,0
2026-05-19,BWE,43950,43700,43850,43800,43800.0,172600,0
2026-05-20,BWE,43950,43500,43900,43650,43650.0,163800,0
2026-05-21,BWE,44000,43550,43550,44000,44000.0,120100,0
2026-05-22,BWE,44100,43650,44100,44000,44000.0,21900,0
2026-05-25,BWE,44200,43150,43150,44000,44000.0,61700,0
2026-05-26,BWE,44550,44050,44200,44400,44400.0,148900,0
2026-05-27,BWE,44900,43400,44900,43750,43750.0,247400,0
2026-05-28,BWE,44100,43750,44000,44100,44100.0,16200,0
2026-05-29,BWE,44400,42200,44050,42200,42200.0,167700,0
2026-06-01,BWE,43800,42200,43800,42900,42900.0,41000,0
2026-06-02,BWE,43300,42850,42850,43200,43200.0,50100,0
2026-06-03,BWE,43350,43000,43350,43100,43100.0,21900,0
2026-06-04,BWE,43700,42950,42950,43700,43700.0,56900,0
2026-06-05,BWE,43950,43600,43700,43950,43950.0,47100,0
2026-06-08,BWE,44000,43250,43950,43950,43950.0,87000,0
2026-06-09,BWE,44000,43500,43850,44000,44000.0,56100,0
2026-06-10,BWE,44350,43850,44350,44000,44000.0,31000,0
2026-06-11,BWE,44200,43850,44000,44000,44000.0,77900,0
2026-06-12,BWE,44300,42000,44000,43500,43500.0,185400,0
2026-06-15,BWE,44500,43500,43500,44300,44300.0,12700,0
2026-06-16,BWE,44300,43850,44000,44250,44250.0,30000,0
2026-06-17,BWE,44650,43950,44300,44450,44450.0,89600,0
2026-06-18,BWE,44600,44100,44300,44200,44200.0,42900,0
2026-06-19,BWE,44250,43950,44200,44150,44150.0,6600,0
2026-06-22,BWE,44250,43800,44000,44150,44150.0,19000,0
2026-06-23,BWE,44500,44100,44150,44500,44500.0,106500,0
2026-06-24,BWE,44500,44000,44500,44500,44500.0,110000,0
2026-06-25,BWE,44550,44000,44000,44500,44500.0,42600,0
2026-06-26,BWE,45800,44000,44550,44700,44700.0,111800,0
2026-06-29,BWE,45100,44700,45000,45000,45000.0,31600,0
2026-06-30,BWE,45500,44900,45500,45000,45000.0,58600,0
2026-07-01,BWE,45850,44700,45850,45000,45000.0,19600,0
2026-07-02,BWE,46350,45000,45900,46200,46200.0,129900,0
2026-07-03,BWE,45800,45050,45800,45600,45600.0,23900,0
2026-07-06,BWE,45500,44850,45050,45200,45200.0,67800,0
2026-07-07,BWE,45350,45000,45200,45200,45200.0,41200,0
2026-07-08,BWE,45250,44750,44750,45200,45200.0,42300,0
2026-07-09,BWE,45250,44700,44800,45200,45200.0,21100,0
2026-07-10,BWE,45250,44750,45200,45200,45200.0,71800,0
2026-07-13,BWE,45200,44650,45100,45200,44195.5546875,70600,0
2026-07-14,BWE,45300,45000,45200,45300,44293.33203125,130800,0
2026-07-15,BWE,45400,44400,45400,45000,44000.0,80700,0
2026-07-16,BWE,45550,44700,45000,45550,44537.77734375,309900,0
2026-07-17,BWE,45700,45200,45550,45300,44293.33203125,83300,0
2026-07-20,BWE,45750,45000,45250,45550,44537.77734375,188500,0
2026-07-21,BWE,44810,44030,44030,44030,44000.0,265600,0
2026-07-22,BWE,44520,42860,44030,43740,43706.66796875,45500,0
2026-07-23,BWE,43750,42250,42250,43500,43500.0,52900,0
2026-07-24,BWE,43700,42700,42850,43700,43700.0,100300,0
2026-07-27,BWE,43700,43000,43700,43700,43700.0,45700,0
2026-07-28,BWE,43700,43000,43000,43000,43000.0,74900,0
2026-07-29,BWE,43800,43100,43100,43800,43800.0,402600,0
2026-07-30,BWE,43900,43000,43800,43000,43000.0,309100,0
2026-07-31,BWE,43900,43100,43800,43350,43350.0,35600,0
2026-08-03,BWE,43800,43300,43350,43800,43800.0,80800,0
2026-08-04,BWE,43800,43050,43050,43800,43800.0,630100,0
2026-08-05,BWE,43800,43200,43200,43800,43800.0,51400,0
2026-08-06,BWE,43800,43500,43800,43500,43500.0,763000,0
2026-08-07,BWE,43800,43150,43150,43800,43800.0,590300,0
2026-08-10,BWE,44200,43650,44200,43900,43900.0,48400,0
2026-08-11,BWE,44400,43400,43800,44400,44400.0,34700,0
2026-08-12,BWE,44400,43900,44000,44400,44400.0,171100,0
2026-08-13,BWE,44400,44100,44350,44250,44250.0,130800,0
2026-08-14,BWE,44900,44100,44900,44200,44200.0,4400,0
2026-08-17,BWE,44800,43750,44800,44000,44000.0,10800,0
2026-08-18,BWE,44300,43000,44300,43000,43000.0,11900,0
2026-08-19,BWE,43400,42100,43050,42750,42750.0,37900,0
2026-08-20,BWE,42750,42000,42750,42650,42650.0,88500,0
2026-08-21,BWE,42650,42000,42100,42650,42650.0,15500,0
2026-08-24,BWE,42650,42250,42600,42600,42600.0,5700,0
2026-08-25,BWE,42650,42100,42600,42600,42600.0,45200,0
