Date,code,high,low,open,close,adjust,volume_match,value_match
2012-03-20,DIG,4580,4450,4510,4560,4178.10546875,111300,507528000
2012-03-21,DIG,4770,4560,4560,4770,4370.20263671875,603670,2879505900
2012-03-22,DIG,4840,4710,4810,4840,4442.23876953125,166050,803682000
2012-03-23,DIG,4870,4710,4840,4790,4394.21435546875,372290,1783269100
2012-03-26,DIG,4970,4740,4870,4890,4490.26318359375,347380,1698688200
2012-03-27,DIG,4920,4660,4840,4660,4274.15380859375,361700,1685522000
2012-03-28,DIG,4710,4530,4660,4710,4322.17822265625,237710,1119614100
2012-03-29,DIG,4710,4580,4640,4580,4202.11767578125,175740,804889200
2012-03-30,DIG,4580,4370,4510,4370,4010.0205078125,242850,1061254500
2012-04-03,DIG,4580,4300,4330,4580,4202.11767578125,143500,657230000
2012-04-04,DIG,4660,4400,4510,4510,4130.0810546875,155030,699185300
2012-04-05,DIG,4580,4400,4400,4580,4202.11767578125,152110,696663800
2012-04-06,DIG,4790,4580,4610,4790,4394.21435546875,457860,2193149400
2012-04-09,DIG,4970,4840,4890,4870,4466.25048828125,184330,897687100
2012-04-10,DIG,4970,4710,4970,4840,4442.23876953125,193410,936104400
2012-04-11,DIG,5080,4890,4970,5080,4658.34765625,543710,2762046800
2012-04-12,DIG,5320,5240,5320,5320,4874.45654296875,356200,1894984000
2012-04-13,DIG,5570,5320,5370,5400,4946.4931640625,556100,3002940000
2012-04-16,DIG,5660,5400,5400,5660,5186.61376953125,236520,1338703200
2012-04-17,DIG,5910,5660,5810,5910,5426.73486328125,642290,3795933900
2012-04-18,DIG,6040,5680,6020,5840,5354.69873046875,562780,3286635200
2012-04-19,DIG,5730,5550,5680,5550,5090.5654296875,358270,1988398500
2012-04-20,DIG,5500,5290,5400,5290,4850.44384765625,436400,2308556000
2012-04-23,DIG,5430,5240,5290,5320,4874.45654296875,258080,1372985600
2012-04-24,DIG,5570,5120,5240,5570,5114.5771484375,374260,2084628200
2012-04-25,DIG,5840,5680,5780,5840,5354.69873046875,204020,1191476800
2012-04-26,DIG,6130,5840,5940,5870,5378.71044921875,396190,2325635300
2012-04-27,DIG,6020,5780,5870,5910,5426.73486328125,147690,872847900
2012-05-02,DIG,5970,5630,5970,5710,5234.6376953125,292500,1670175000
2012-05-03,DIG,5760,5500,5630,5760,5282.662109375,160060,921945600
2012-05-04,DIG,5880,5630,5760,5730,5258.64990234375,198910,1139754300
2012-05-07,DIG,5780,5570,5780,5660,5186.61376953125,241230,1365361800
2012-05-08,DIG,5870,5550,5660,5630,5162.60107421875,423100,2382053000
2012-05-09,DIG,5680,5500,5630,5570,5114.5771484375,259800,1447086000
2012-05-10,DIG,5840,5630,5760,5660,5186.61376953125,726830,4113857800
2012-05-11,DIG,5660,5470,5630,5470,5018.529296875,182260,996962200
2012-05-14,DIG,5470,5220,5470,5220,4778.40771484375,307810,1606768200
2012-05-15,DIG,5220,4970,5220,4970,4562.298828125,115960,576321200
2012-05-16,DIG,5020,4740,4970,4740,4346.1904296875,821720,3894952800
2012-05-17,DIG,4810,4580,4740,4580,4202.11767578125,262850,1203853000
2012-05-18,DIG,4560,4370,4530,4450,4082.05712890625,532890,2371360500
2012-05-21,DIG,4660,4450,4450,4660,4274.15380859375,372270,1734778200
2012-05-22,DIG,4790,4610,4660,4610,4226.12939453125,180350,831413500
2012-05-23,DIG,4740,4400,4740,4400,4034.032958984375,142150,625460000
2012-05-24,DIG,4480,4220,4270,4220,3865.947998046875,131010,552862200
2012-05-25,DIG,4430,4220,4220,4430,4058.04541015625,151520,671233600
2012-05-28,DIG,4640,4450,4640,4610,4226.12939453125,259500,1196295000
2012-05-29,DIG,4580,4430,4450,4560,4178.10546875,65820,300139200
2012-05-30,DIG,4610,4450,4510,4450,4082.05712890625,39730,176798500
2012-05-31,DIG,4450,4330,4450,4350,3986.0087890625,178800,777780000
2012-06-01,DIG,4450,4270,4430,4300,3937.984375,141120,606816000
2012-06-04,DIG,4220,4080,4190,4080,3745.887939453125,206360,841948800
2012-06-05,DIG,4270,4010,4190,4270,3913.972412109375,375700,1604239000
2012-06-06,DIG,4480,4270,4330,4480,4106.0693359375,358570,1606393600
2012-06-07,DIG,4680,4640,4640,4680,4298.166015625,282650,1322802000
2012-06-08,DIG,4890,4740,4890,4870,4466.25048828125,492230,2397160100
2012-06-11,DIG,5050,4770,4890,4950,4538.28662109375,289840,1434708000
2012-06-12,DIG,4890,4710,4770,4770,4370.20263671875,264580,1262046600
2012-06-13,DIG,4740,4530,4740,4580,4202.11767578125,225330,1032011400
2012-06-14,DIG,4660,4510,4530,4530,4154.0927734375,83680,379070400
2012-06-15,DIG,4740,4530,4640,4740,4346.1904296875,182510,865097400
2012-06-18,DIG,4970,4890,4950,4970,4562.298828125,439910,2186352700
2012-06-19,DIG,4970,4790,4970,4790,4394.21435546875,84800,406192000
2012-06-20,DIG,4920,4710,4710,4890,4490.26318359375,108680,531445200
2012-06-21,DIG,4950,4770,4770,4810,4418.2265625,82490,396776900
2012-06-22,DIG,4770,4610,4740,4610,4226.12939453125,149410,688780100
2012-06-25,DIG,4580,4400,4510,4450,4082.05712890625,302430,1345813500
2012-06-26,DIG,4530,4330,4450,4330,3961.996826171875,193140,836296200
2012-06-27,DIG,4450,4270,4270,4330,3961.996826171875,115370,499552100
2012-06-28,DIG,4450,4190,4450,4300,3937.984375,210140,903602000
2012-06-29,DIG,4430,4300,4300,4300,3937.984375,74140,318802000
2012-07-02,DIG,4350,4190,4330,4190,3841.935791015625,115210,482729900
2012-07-03,DIG,4300,4080,4300,4190,3841.935791015625,101990,427338100
2012-07-04,DIG,4240,4080,4240,4130,3793.911865234375,68550,283111500
2012-07-05,DIG,4330,4030,4080,4330,3961.996826171875,59080,255816400
2012-07-06,DIG,4480,4330,4430,4450,4082.05712890625,78980,351461000
2012-07-09,DIG,4300,4240,4240,4240,3889.96044921875,53780,228027200
2012-07-10,DIG,4240,4080,4080,4080,3745.887939453125,77210,315016800
2012-07-11,DIG,4220,4030,4220,4190,3841.935791015625,43960,184192400
2012-07-12,DIG,4350,4110,4110,4350,3986.0087890625,43870,190834500
2012-07-13,DIG,4560,4270,4270,4530,4154.0927734375,190270,861923100
2012-07-16,DIG,4580,4370,4450,4370,4010.0205078125,77780,339898600
2012-07-17,DIG,4580,4400,4400,4580,4202.11767578125,76780,351652400
2012-07-18,DIG,4710,4560,4580,4680,4298.166015625,101810,476470800
2012-07-19,DIG,4810,4530,4710,4740,4346.1904296875,121590,576336600
2012-07-20,DIG,4810,4560,4710,4560,4178.10546875,259310,1182453600
2012-07-23,DIG,4660,4480,4510,4480,4106.0693359375,60660,271756800
2012-07-24,DIG,4560,4330,4560,4350,3986.0087890625,57870,251734500
2012-07-25,DIG,4400,4190,4190,4240,3889.96044921875,49660,210558400
2012-07-26,DIG,4430,4240,4430,4370,4010.0205078125,18920,82680400
2012-07-27,DIG,4480,4300,4480,4300,4058.04541015625,19360,83248000
2012-07-30,DIG,4430,4190,4190,4430,4058.04541015625,2930,12979900
2012-07-31,DIG,4430,4330,4430,4350,3986.0087890625,22520,97962000
2012-08-01,DIG,4350,4190,4330,4190,3841.935791015625,13680,57319200
2012-08-02,DIG,4330,4240,4330,4240,3889.96044921875,20510,86962400
2012-08-03,DIG,4400,4300,4330,4330,3961.996826171875,11750,50877500
2012-08-06,DIG,4530,4330,4430,4430,4058.04541015625,78260,346691800
2012-08-07,DIG,4430,4330,4350,4400,4034.032958984375,15160,66704000
2012-08-08,DIG,4400,4350,4400,4350,3986.0087890625,18420,80127000
2012-08-09,DIG,4450,4350,4450,4400,4034.032958984375,43110,189684000
2012-08-10,DIG,4400,4300,4350,4300,3937.984375,9920,42656000
2012-08-13,DIG,4400,4220,4220,4270,3913.972412109375,29660,126648200
2012-08-14,DIG,4400,4270,4300,4300,3937.984375,33830,145469000
2012-08-15,DIG,4330,4300,4300,4300,3937.984375,26190,112617000
2012-08-16,DIG,4300,4270,4270,4270,3913.972412109375,26860,114692200
2012-08-17,DIG,4330,4240,4240,4240,3889.96044921875,73780,312827200
2012-08-20,DIG,4450,4240,4240,4300,3937.984375,47860,205798000
2012-08-21,DIG,4160,4080,4110,4080,3745.887939453125,182420,744273600
2012-08-22,DIG,4010,3900,3900,3900,3577.802734375,198470,774033000
2012-08-23,DIG,3720,3720,3720,3720,3409.71826171875,49470,184028400
2012-08-24,DIG,3790,3540,3540,3690,3385.7060546875,225240,831135600
2012-08-27,DIG,3690,3510,3690,3510,3217.621337890625,86970,305264700
2012-08-28,DIG,3570,3350,3440,3460,3169.59716796875,183870,636190200
2012-08-29,DIG,3610,3480,3570,3610,3313.669921875,125470,452946700
2012-08-30,DIG,3770,3610,3640,3670,3361.694091796875,124070,455336900
2012-08-31,DIG,3720,3610,3670,3670,3361.694091796875,12950,47526500
2012-09-04,DIG,3740,3640,3740,3640,3337.681884765625,13280,48339200
2012-09-05,DIG,3690,3510,3690,3510,3217.621337890625,101100,354861000
2012-09-06,DIG,3510,3410,3510,3410,3121.5732421875,94670,322824700
2012-09-07,DIG,3510,3440,3510,3480,3193.609619140625,60990,212245200
2012-09-10,DIG,3510,3330,3510,3330,3049.53662109375,121190,403562700
2012-09-11,DIG,3380,3190,3190,3240,2977.50048828125,26120,84628800
2012-09-12,DIG,3300,3220,3300,3220,2953.48828125,28540,91898800
2012-09-13,DIG,3350,3190,3280,3350,3073.548828125,7350,24622500
2012-09-14,DIG,3510,3380,3380,3510,3217.621337890625,44100,154791000
2012-09-17,DIG,3510,3350,3410,3410,3121.5732421875,31290,106698900
2012-09-18,DIG,3410,3240,3410,3240,2977.50048828125,18020,58384800
2012-09-19,DIG,3240,3090,3120,3240,2977.50048828125,46090,149331600
2012-09-20,DIG,3120,3090,3120,3120,2857.440185546875,26340,82180800
2012-09-21,DIG,3240,3120,3120,3240,2977.50048828125,59210,191840400
2012-09-24,DIG,3190,3130,3130,3190,2929.476318359375,30720,97996800
2012-09-25,DIG,3240,3090,3240,3220,2953.48828125,51910,167150200
2012-09-26,DIG,3220,3130,3220,3160,2905.464111328125,51210,161823600
2012-09-27,DIG,3130,3120,3130,3130,2881.451904296875,22130,69266900
2012-09-28,DIG,3120,3090,3120,3090,2833.427978515625,45100,139359000
2012-10-01,DIG,3060,2960,3060,3010,2761.3916015625,45750,137707500
2012-10-02,DIG,3010,2880,3010,2880,2641.3310546875,25330,72950400
2012-10-03,DIG,3010,2880,2980,2880,2641.3310546875,57520,165657600
2012-10-04,DIG,2980,2850,2980,2880,2641.3310546875,136170,392169600
2012-10-05,DIG,3010,2880,2880,3010,2761.3916015625,223530,672825300
2012-10-08,DIG,3130,3090,3120,3130,2881.451904296875,448520,1403867600
2012-10-09,DIG,3300,3280,3300,3300,3025.524658203125,112280,370524000
2012-10-10,DIG,3460,3300,3380,3460,3169.59716796875,494480,1710900800
2012-10-11,DIG,3480,3330,3460,3350,3073.548828125,311540,1043659000
2012-10-12,DIG,3480,3280,3330,3410,3121.5732421875,214360,730967600
2012-10-15,DIG,3410,3240,3380,3240,2977.50048828125,109830,355849200
2012-10-16,DIG,3410,3240,3240,3410,3121.5732421875,143660,489880600
2012-10-17,DIG,3570,3350,3440,3570,3265.645751953125,401340,1432783800
2012-10-18,DIG,3640,3510,3610,3570,3265.645751953125,92830,331403100
2012-10-19,DIG,3540,3410,3510,3460,3169.59716796875,362460,1254111600
2012-10-22,DIG,3410,3330,3350,3330,3049.53662109375,120810,402297300
2012-10-23,DIG,3380,3280,3330,3350,3073.548828125,34760,116446000
2012-10-24,DIG,3350,3220,3350,3220,2953.48828125,88990,286547800
2012-10-25,DIG,3220,3090,3190,3130,2881.451904296875,287780,900751400
2012-10-26,DIG,3300,3130,3130,3300,3025.524658203125,89970,296901000
2012-10-29,DIG,3330,3220,3330,3220,2953.48828125,43090,138749800
2012-10-30,DIG,3280,3190,3280,3190,2929.476318359375,92030,293575700
2012-10-31,DIG,3240,3160,3190,3220,2953.48828125,43060,138653200
2012-11-01,DIG,3280,3190,3280,3220,2953.48828125,35360,113859200
2012-11-02,DIG,3130,3060,3120,3060,2809.415771484375,436130,1334557800
2012-11-05,DIG,3130,3060,3060,3120,2857.440185546875,65650,204828000
2012-11-06,DIG,3160,3120,3160,3130,2881.451904296875,124640,390123200
2012-11-07,DIG,3300,3130,3160,3300,3025.524658203125,245460,810018000
2012-11-08,DIG,3350,3220,3220,3350,3073.548828125,199790,669296500
2012-11-09,DIG,3440,3350,3350,3440,3145.5849609375,262890,904341600
2012-11-12,DIG,3590,3380,3380,3590,3289.65771484375,150450,540115500
2012-11-13,DIG,3590,3480,3590,3540,3241.63330078125,114700,406038000
2012-11-14,DIG,3590,3460,3540,3460,3169.59716796875,109800,379908000
2012-11-15,DIG,3440,3330,3440,3330,3049.53662109375,167400,557442000
2012-11-16,DIG,3380,3240,3330,3300,3025.524658203125,253370,836121000
2012-11-19,DIG,3330,3280,3330,3300,3025.524658203125,69280,228624000
2012-11-20,DIG,3410,3330,3330,3350,3073.548828125,76000,254600000
2012-11-21,DIG,3350,3240,3350,3280,3001.5126953125,218780,717598400
2012-11-22,DIG,3300,3220,3240,3300,3025.524658203125,245120,808896000
2012-11-23,DIG,3300,3220,3240,3220,2953.48828125,79550,256151000
2012-11-26,DIG,3220,3130,3220,3130,2881.451904296875,260610,815709300
2012-11-27,DIG,3240,3120,3120,3190,2929.476318359375,253100,807389000
2012-11-28,DIG,3280,3220,3240,3220,2953.48828125,272710,878126200
2012-11-29,DIG,3300,3190,3190,3240,2977.50048828125,398400,1290816000
2012-11-30,DIG,3300,3220,3240,3220,2953.48828125,383080,1233517600
2012-12-03,DIG,3280,3190,3280,3220,2953.48828125,179290,577313800
2012-12-04,DIG,3330,3220,3220,3280,3001.5126953125,102050,334724000
2012-12-05,DIG,3440,3330,3330,3350,3073.548828125,346790,1161746500
2012-12-06,DIG,3410,3350,3350,3380,3097.560791015625,226990,767226200
2012-12-07,DIG,3410,3330,3350,3330,3049.53662109375,134750,448717500
2012-12-10,DIG,3460,3330,3330,3410,3121.5732421875,799450,2726124500
2012-12-11,DIG,3570,3460,3480,3540,3241.63330078125,589940,2088387600
2012-12-12,DIG,3610,3510,3570,3590,3289.65771484375,396900,1424871000
2012-12-13,DIG,3690,3460,3590,3690,3385.7060546875,689690,2544956100
2012-12-14,DIG,3770,3590,3720,3640,3337.681884765625,495590,1803947600
2012-12-17,DIG,3670,3540,3640,3590,3289.65771484375,576980,2071358200
2012-12-18,DIG,3610,3480,3610,3540,3241.63330078125,587170,2078581800
2012-12-19,DIG,3690,3610,3610,3690,3385.7060546875,312110,1151685900
2012-12-20,DIG,3880,3790,3880,3790,3481.754638671875,645160,2445156400
2012-12-21,DIG,3820,3720,3790,3820,4172.90869140625,636400,2431048000
2012-12-24,DIG,3920,3770,3770,3920,4287.23486328125,417820,1637854400
2012-12-25,DIG,3980,3880,3980,3880,4230.07177734375,228660,887200800
2012-12-26,DIG,3980,3770,3770,3920,4287.23486328125,332620,1303870400
2012-12-27,DIG,4010,3850,3980,3900,4258.6533203125,364310,1420809000
2012-12-28,DIG,4019,3930,3960,3960,3658.4404296875,229750,909810000
2013-01-02,DIG,4120,3960,3960,4000,3687.02197265625,1145490,4581960000
2013-01-03,DIG,4050,3900,4000,4000,3687.02197265625,671080,2684320000
2013-01-04,DIG,4180,3960,4000,4180,3858.51123046875,694610,2903469800
2013-01-07,DIG,4270,4150,4240,4270,3944.256103515625,821180,3506438600
2013-01-08,DIG,4310,4150,4150,4210,3887.0927734375,445970,1877533700
2013-01-09,DIG,4390,4050,4240,4150,3829.929931640625,1174380,4873677000
2013-01-10,DIG,4340,4050,4150,4340,4001.419189453125,404820,1756918800
2013-01-11,DIG,4390,4240,4390,4240,3915.674560546875,694540,2944849600
2013-01-14,DIG,4240,4150,4180,4180,3858.51123046875,363400,1519012000
2013-01-15,DIG,4460,4240,4270,4460,4115.7451171875,899680,4012572800
2013-01-16,DIG,4770,4580,4650,4770,4401.5615234375,780260,3721840200
2013-01-17,DIG,4860,4550,4770,4550,4201.490234375,401400,1826370000
2013-01-18,DIG,4550,4360,4550,4360,4030.0009765625,487400,2125064000
2013-01-21,DIG,4490,4340,4360,4430,4087.1640625,168280,745480400
2013-01-22,DIG,4460,4240,4430,4310,3972.837646484375,357410,1540437100
2013-01-23,DIG,4360,4270,4310,4340,4001.419189453125,224320,973548800
2013-01-24,DIG,4460,4340,4430,4460,4115.7451171875,146070,651472200
2013-01-25,DIG,4620,4460,4460,4580,4230.07177734375,329290,1508148200
2013-01-28,DIG,4800,4580,4580,4580,4230.07177734375,352070,1612480600
2013-01-29,DIG,4670,4490,4580,4670,4315.81640625,300740,1404455800
2013-01-30,DIG,4770,4650,4700,4700,4344.3984375,384980,1809406000
2013-01-31,DIG,4700,4490,4700,4580,4230.07177734375,398650,1825817000
2013-02-01,DIG,4550,4430,4460,4520,4172.90869140625,161590,730386800
2013-02-04,DIG,4650,4520,4650,4520,4172.90869140625,182540,825080800
2013-02-05,DIG,4520,4360,4390,4360,4030.0009765625,319970,1395069200
2013-02-06,DIG,4550,4390,4550,4520,4172.90869140625,169200,764784000
2013-02-07,DIG,4580,4430,4520,4550,4201.490234375,269010,1223995500
2013-02-08,DIG,4740,4430,4550,4650,4287.23486328125,266580,1239597000
2013-02-18,DIG,4670,4490,4580,4580,4230.07177734375,421310,1929599800
2013-02-19,DIG,4890,4550,4580,4800,4430.14306640625,1070790,5139792000
2013-02-20,DIG,4860,4650,4800,4830,4458.724609375,1080800,5220264000
2013-02-21,DIG,4890,4520,4890,4520,4172.90869140625,433200,1958064000
2013-02-22,DIG,4620,4210,4490,4340,4001.419189453125,636550,2762627000
2013-02-25,DIG,4460,4310,4340,4340,4001.419189453125,218220,947074800
2013-02-26,DIG,4340,4050,4340,4050,3744.185302734375,588940,2385207000
2013-02-27,DIG,4120,3900,4050,4019,3715.603759765625,243810,979872390
2013-02-28,DIG,4180,4019,4150,4090,3772.766845703125,409160,1673464400
2013-03-01,DIG,4180,4090,4120,4090,3772.766845703125,253720,1037714800
2013-03-04,DIG,4150,3900,4090,3930,3629.859130859375,255030,1002267900
2013-03-05,DIG,3930,3680,3880,3900,3601.27734375,174220,679458000
2013-03-06,DIG,4000,3840,3900,3930,3629.859130859375,112760,443146800
2013-03-07,DIG,3960,3880,3930,3900,3601.27734375,254130,991107000
2013-03-08,DIG,4000,3880,3960,3960,3658.4404296875,64600,255816000
2013-03-11,DIG,4180,3960,3960,4120,3801.348388671875,171280,705673600
2013-03-12,DIG,4150,3930,4150,4019,3715.603759765625,223950,900055050
2013-03-13,DIG,4090,3960,4000,3960,3658.4404296875,199370,789505200
2013-03-14,DIG,4210,3960,3960,4180,3858.51123046875,686560,2869820800
2013-03-15,DIG,4340,4150,4150,4340,4001.419189453125,434540,1885903600
2013-03-18,DIG,4340,4180,4310,4180,3858.51123046875,116030,485005400
2013-03-19,DIG,4180,4050,4090,4090,3772.766845703125,279100,1141519000
2013-03-20,DIG,4210,4120,4120,4180,3858.51123046875,196380,820868400
2013-03-21,DIG,4210,4150,4150,4150,3829.929931640625,219440,910676000
2013-03-22,DIG,4150,3960,4120,4050,3744.185302734375,161070,652333500
2013-03-25,DIG,4090,3930,4019,4090,3772.766845703125,194360,794932400
2013-03-26,DIG,4120,4000,4120,4000,3687.02197265625,46560,186240000
2013-03-27,DIG,4000,3930,4000,3930,3629.859130859375,111100,436623000
2013-03-28,DIG,4019,3880,3960,3900,3601.27734375,88330,344487000
2013-03-29,DIG,3930,3780,3840,3900,3601.27734375,124640,486096000
2013-04-01,DIG,3960,3800,3900,3960,3658.4404296875,174710,691851600
2013-04-02,DIG,4120,3960,3960,3960,3658.4404296875,138620,548935200
2013-04-03,DIG,4019,3840,3930,3840,3544.1142578125,209590,804825600
2013-04-04,DIG,3880,3800,3800,3800,3515.532470703125,205520,780976000
2013-04-05,DIG,3800,3720,3800,3780,3486.950927734375,406200,1535436000
2013-04-08,DIG,3800,3620,3800,3680,3401.206298828125,266150,979432000
2013-04-09,DIG,3880,3680,3740,3840,3544.1142578125,282060,1083110400
2013-04-10,DIG,4000,3740,3840,3740,3458.36962890625,626840,2344381600
2013-04-11,DIG,3880,3780,3840,3880,3572.69580078125,219300,850884000
2013-04-12,DIG,3930,3720,3880,3740,3458.36962890625,230550,862257000
2013-04-15,DIG,3740,3590,3720,3590,3315.461669921875,233190,837152100
2013-04-16,DIG,3570,3440,3500,3530,3258.298828125,276250,975162500
2013-04-17,DIG,3590,3530,3530,3570,3286.88037109375,109170,389736900
2013-04-18,DIG,3570,3370,3500,3460,3201.135498046875,387720,1341511200
2013-04-22,DIG,3500,3370,3500,3460,3201.135498046875,70420,243653200
2013-04-23,DIG,3530,3410,3530,3410,3143.972412109375,98460,335748600
2013-04-24,DIG,3460,3350,3350,3350,3086.809326171875,193860,649431000
2013-04-25,DIG,3530,3370,3370,3460,3201.135498046875,192420,665773200
2013-04-26,DIG,3500,3410,3440,3500,3229.717041015625,62230,217805000
2013-05-02,DIG,3500,3370,3460,3410,3143.972412109375,99210,338306100
2013-05-03,DIG,3460,3370,3410,3460,3201.135498046875,59680,206492800
2013-05-06,DIG,3680,3500,3500,3680,3401.206298828125,401680,1478182400
2013-05-07,DIG,3840,3680,3720,3680,3401.206298828125,280310,1031540800
2013-05-08,DIG,3780,3680,3780,3680,3401.206298828125,199910,735668800
2013-05-09,DIG,3930,3680,3720,3880,3572.69580078125,467530,1814016400
2013-05-10,DIG,3880,3740,3880,3800,3515.532470703125,494870,1880506000
2013-05-13,DIG,3930,3800,3800,3900,3601.27734375,291110,1135329000
2013-05-14,DIG,3880,3720,3880,3800,3515.532470703125,187340,711892000
2013-05-15,DIG,3900,3780,3780,3840,3544.1142578125,230030,883315200
2013-05-16,DIG,3960,3800,3800,3930,3629.859130859375,502760,1975846800
2013-05-17,DIG,3930,3800,3930,3930,3629.859130859375,280230,1101303900
2013-05-20,DIG,3930,3840,3840,3930,3629.859130859375,146210,574605300
2013-05-21,DIG,4000,3880,3930,3930,3629.859130859375,631930,2483484900
2013-05-22,DIG,3960,3880,3960,3880,3572.69580078125,372070,1443631600
2013-05-23,DIG,4000,3880,3880,3880,3572.69580078125,424740,1647991200
2013-05-24,DIG,3960,3840,3880,3880,3572.69580078125,542770,2105947600
2013-05-27,DIG,4019,3880,3900,3960,3658.4404296875,781140,3093314400
2013-05-28,DIG,4019,3900,4000,4019,3715.603759765625,518260,2082886940
2013-05-29,DIG,4210,4019,4090,4050,3744.185302734375,814110,3297145500
2013-05-30,DIG,4150,4000,4090,4150,3829.929931640625,414390,1719718500
2013-05-31,DIG,4310,4150,4210,4150,3829.929931640625,767900,3186785000
2013-06-03,DIG,4210,4090,4150,4120,3801.348388671875,452030,1862363600
2013-06-04,DIG,4150,3900,4150,3900,3601.27734375,336250,1311375000
2013-06-05,DIG,4000,3900,3900,3960,3658.4404296875,510930,2023282800
2013-06-06,DIG,4050,3930,3960,3960,3658.4404296875,281550,1114938000
2013-06-07,DIG,4050,3930,4019,3960,3658.4404296875,279260,1105869600
2013-06-10,DIG,4050,3900,4050,3900,3601.27734375,647880,2526732000
2013-06-11,DIG,3930,3880,3930,3880,3572.69580078125,394580,1530970400
2013-06-12,DIG,3900,3800,3880,3800,3515.532470703125,468090,1778742000
2013-06-13,DIG,3840,3680,3800,3780,3486.950927734375,667110,2521675800
2013-06-14,DIG,3900,3780,3780,3780,3486.950927734375,1030940,3896953200
2013-06-17,DIG,3840,3720,3780,3720,3429.7880859375,444910,1655065200
2013-06-18,DIG,3740,3680,3720,3680,3401.206298828125,556170,2046705600
2013-06-19,DIG,3780,3720,3740,3720,3429.7880859375,239590,891274800
2013-06-20,DIG,3740,3660,3740,3680,3401.206298828125,287930,1059582400
2013-06-21,DIG,3720,3620,3660,3660,3372.624755859375,230190,842495400
2013-06-24,DIG,3740,3410,3680,3460,3201.135498046875,1222320,4229227200
2013-06-25,DIG,3460,3250,3460,3250,3001.064453125,534450,1736962500
2013-06-26,DIG,3250,3060,3150,3150,2915.31982421875,902760,2843694000
2013-06-27,DIG,3220,3100,3150,3220,2972.48291015625,477400,1537228000
2013-06-28,DIG,3250,3150,3220,3220,2972.48291015625,472740,1522222800
2013-07-01,DIG,3220,3100,3220,3190,2943.9013671875,187850,599241500
2013-07-02,DIG,3250,3150,3150,3220,2972.48291015625,323070,1040285400
2013-07-03,DIG,3250,3150,3190,3150,2915.31982421875,270260,851319000
2013-07-04,DIG,3190,3100,3190,3130,2886.73828125,405930,1270560900
2013-07-05,DIG,3150,3100,3150,3130,2886.73828125,186610,584089300
2013-07-08,DIG,3130,3030,3130,3030,2800.993408203125,211410,640572300
2013-07-09,DIG,3100,3000,3000,3000,2772.411865234375,159380,478140000
2013-07-10,DIG,3060,3000,3060,3000,2772.411865234375,136400,409200000
2013-07-11,DIG,3060,2980,3030,3060,2829.574951171875,187940,575096400
2013-07-12,DIG,3220,3060,3060,3190,2943.9013671875,527110,1681480900
2013-07-15,DIG,3250,3130,3220,3130,2886.73828125,301760,944508800
2013-07-16,DIG,3130,3060,3100,3060,2829.574951171875,307030,939511800
2013-07-17,DIG,3150,3030,3100,3130,2886.73828125,375600,1175628000
2013-07-18,DIG,3130,3060,3100,3100,2858.15673828125,164180,508958000
2013-07-19,DIG,3130,3060,3100,3060,2829.574951171875,152220,465793200
2013-07-22,DIG,3060,3000,3060,3000,2772.411865234375,231750,695250000
2013-07-23,DIG,3030,2980,3000,3000,2772.411865234375,261460,784380000
2013-07-24,DIG,3060,2940,3060,2940,2715.248779296875,260540,765987600
2013-07-25,DIG,2940,2880,2940,2880,2658.085693359375,162430,467798400
2013-07-26,DIG,2880,2760,2840,2820,2600.922607421875,521370,1470263400
2013-07-29,DIG,2820,2690,2790,2690,2486.596435546875,170550,458779500
2013-07-30,DIG,2720,2670,2690,2670,2458.0146484375,267770,714945900
2013-07-31,DIG,2840,2670,2690,2820,2600.922607421875,472210,1331632200
2013-08-01,DIG,2820,2760,2760,2790,2572.34130859375,102870,287007300
2013-08-02,DIG,2820,2760,2790,2820,2600.922607421875,73350,206847000
2013-08-05,DIG,2790,2720,2790,2760,2543.759521484375,190790,526580400
2013-08-06,DIG,2720,2670,2720,2690,2486.596435546875,352260,947579400
2013-08-07,DIG,2760,2670,2670,2720,2515.177978515625,175560,477523200
2013-08-08,DIG,2720,2670,2690,2670,2458.0146484375,212170,566493900
2013-08-09,DIG,2670,2570,2630,2600,2400.851806640625,432700,1125020000
2013-08-12,DIG,2630,2540,2570,2540,2343.6884765625,167120,424484800
2013-08-13,DIG,2600,2410,2540,2470,2286.525390625,512250,1265257500
2013-08-14,DIG,2510,2450,2470,2470,2286.525390625,1428460,3528296200
2013-08-15,DIG,2630,2540,2540,2630,2429.43310546875,935620,2460680600
2013-08-16,DIG,2790,2690,2690,2790,2572.34130859375,1105060,3083117400
2013-08-19,DIG,2840,2790,2790,2790,2572.34130859375,804320,2244052800
2013-08-20,DIG,2790,2720,2720,2760,2543.759521484375,573520,1582915200
2013-08-21,DIG,2760,2670,2760,2720,2515.177978515625,581900,1582768000
2013-08-22,DIG,2720,2600,2720,2630,2429.43310546875,518740,1364286200
2013-08-23,DIG,2630,2540,2630,2570,2372.270263671875,485520,1247786400
2013-08-26,DIG,2600,2540,2600,2600,2400.851806640625,224510,583726000
2013-08-27,DIG,2600,2510,2600,2510,2315.10693359375,286030,717935300
2013-08-28,DIG,2510,2450,2470,2470,2286.525390625,640500,1582035000
2013-08-29,DIG,2540,2410,2470,2410,2229.3623046875,541450,1304894500
2013-08-30,DIG,2470,2380,2470,2470,2286.525390625,283130,699331100
2013-09-03,DIG,2510,2410,2510,2450,2257.943603515625,275350,674607500
2013-09-04,DIG,2450,2380,2450,2380,2200.78076171875,549140,1306953200
2013-09-05,DIG,2450,2360,2380,2450,2257.943603515625,176680,432866000
2013-09-06,DIG,2510,2410,2450,2470,2286.525390625,388700,960089000
2013-09-09,DIG,2630,2410,2450,2540,2343.6884765625,1091560,2772562400
2013-09-10,DIG,2570,2510,2570,2540,2343.6884765625,136110,345719400
2013-09-11,DIG,2600,2510,2570,2570,2372.270263671875,292760,752393200
2013-09-12,DIG,2570,2540,2570,2570,2372.270263671875,92950,238881500
2013-09-13,DIG,2600,2540,2570,2570,2372.270263671875,363410,933963700
2013-09-16,DIG,2570,2470,2570,2470,2286.525390625,353600,873392000
2013-09-17,DIG,2470,2450,2470,2470,2286.525390625,325200,803244000
2013-09-18,DIG,2470,2380,2470,2380,2200.78076171875,374380,891024400
2013-09-19,DIG,2450,2380,2410,2380,2200.78076171875,216920,516269600
2013-09-20,DIG,2410,2360,2410,2360,2172.19921875,749670,1769221200
2013-09-23,DIG,2470,2360,2360,2450,2257.943603515625,420450,1030102500
2013-09-24,DIG,2600,2450,2450,2600,2400.851806640625,1031290,2681354000
2013-09-25,DIG,2760,2630,2670,2690,2486.596435546875,1629010,4382036900
2013-09-26,DIG,2790,2690,2690,2720,2515.177978515625,676200,1839264000
2013-09-27,DIG,2760,2670,2720,2690,2486.596435546875,710440,1911083600
2013-09-30,DIG,2880,2720,2760,2880,2658.085693359375,1191610,3431836800
2013-10-01,DIG,2980,2790,2910,2820,2600.922607421875,1152310,3249514200
2013-10-02,DIG,2980,2840,2840,2910,2686.667236328125,803120,2337079200
2013-10-03,DIG,2910,2840,2880,2910,2686.667236328125,618760,1800591600
2013-10-04,DIG,3100,2840,2880,3060,2829.574951171875,1629950,4987647000
2013-10-07,DIG,3150,3030,3060,3060,2829.574951171875,833710,2551152600
2013-10-08,DIG,3250,3060,3060,3250,3001.064453125,1237950,4023337500
2013-10-09,DIG,3350,3150,3250,3220,2972.48291015625,588200,1894004000
2013-10-10,DIG,3250,3060,3220,3060,2829.574951171875,1235490,3780599400
2013-10-11,DIG,3130,3060,3100,3060,2829.574951171875,808990,2475509400
2013-10-14,DIG,3100,3000,3060,3000,2772.411865234375,563800,1691400000
2013-10-15,DIG,3190,3000,3000,3190,2943.9013671875,1000320,3191020800
2013-10-16,DIG,3280,3190,3220,3190,2943.9013671875,635150,2026128500
2013-10-17,DIG,3280,3220,3250,3220,2972.48291015625,740400,2384088000
2013-10-18,DIG,3440,3220,3220,3440,3172.553955078125,1396530,4804063200
2013-10-21,DIG,3660,3460,3570,3500,3229.717041015625,987650,3456775000
2013-10-22,DIG,3570,3440,3500,3530,3258.298828125,881910,3113142300
2013-10-23,DIG,3720,3530,3530,3660,3372.624755859375,947590,3468179400
2013-10-24,DIG,3660,3460,3660,3530,3258.298828125,782080,2760742400
2013-10-25,DIG,3620,3460,3500,3530,3258.298828125,968710,3419546300
2013-10-28,DIG,3570,3370,3500,3370,3115.390869140625,578930,1950994100
2013-10-29,DIG,3500,3350,3350,3500,3229.717041015625,398320,1394120000
2013-10-30,DIG,3570,3440,3530,3500,3229.717041015625,443000,1550500000
2013-10-31,DIG,3680,3500,3500,3680,3401.206298828125,1552200,5712096000
2013-11-01,DIG,3720,3590,3720,3660,3372.624755859375,598300,2189778000
2013-11-04,DIG,3900,3660,3660,3840,3544.1142578125,1339210,5142566400
2013-11-05,DIG,3880,3740,3880,3880,3572.69580078125,664140,2576863200
2013-11-06,DIG,3900,3780,3840,3800,3515.532470703125,634140,2409732000
2013-11-07,DIG,3930,3780,3840,3780,3486.950927734375,1001400,3785292000
2013-11-08,DIG,3900,3780,3780,3840,3544.1142578125,615500,2363520000
2013-11-11,DIG,3960,3800,3840,3960,3658.4404296875,719700,2850012000
2013-11-12,DIG,3960,3720,3960,3720,3429.7880859375,1396340,5194384800
2013-11-13,DIG,3800,3680,3720,3680,3401.206298828125,727410,2676868800
2013-11-14,DIG,3800,3620,3680,3720,3429.7880859375,802980,2987085600
2013-11-15,DIG,3780,3620,3620,3780,3486.950927734375,421140,1591909200
2013-11-18,DIG,3840,3720,3840,3740,3458.36962890625,944550,3532617000
2013-11-19,DIG,3780,3680,3720,3740,3458.36962890625,625320,2338696800
2013-11-20,DIG,3800,3720,3740,3740,3458.36962890625,578400,2163216000
2013-11-21,DIG,3900,3620,3800,3620,3344.04345703125,1570510,5685246200
2013-11-22,DIG,3680,3590,3680,3590,3315.461669921875,710100,2549259000
2013-11-25,DIG,3660,3530,3620,3530,3258.298828125,566660,2000309800
2013-11-26,DIG,3680,3460,3500,3590,3315.461669921875,1046310,3756252900
2013-11-27,DIG,3840,3660,3680,3720,3429.7880859375,1617600,6017472000
2013-11-28,DIG,3800,3680,3720,3780,3486.950927734375,510520,1929765600
2013-11-29,DIG,3800,3680,3780,3780,3486.950927734375,726960,2747908800
2013-12-02,DIG,3780,3720,3720,3780,3486.950927734375,696340,2632165200
2013-12-03,DIG,3900,3780,3780,3840,3544.1142578125,1093490,4199001600
2013-12-04,DIG,3960,3840,3880,3880,3572.69580078125,1227750,4763670000
2013-12-05,DIG,3960,3840,3840,3880,3572.69580078125,688870,2672815600
2013-12-06,DIG,4050,3880,3930,3960,3658.4404296875,1257480,4979620800
2013-12-09,DIG,4050,3900,4050,3900,3601.27734375,781220,3046758000
2013-12-10,DIG,3960,3840,3930,3930,3629.859130859375,869430,3416859900
2013-12-11,DIG,3960,3800,3900,3840,3544.1142578125,757190,2907609600
2013-12-12,DIG,3840,3740,3780,3780,3486.950927734375,705330,2666147400
2013-12-13,DIG,4019,3840,3840,3900,3601.27734375,1378820,5377398000
2013-12-16,DIG,4000,3900,3900,3900,3601.27734375,572990,2234661000
2013-12-17,DIG,3960,3880,3960,3960,3658.4404296875,633590,2509016400
2013-12-18,DIG,4019,3900,3960,3900,3601.27734375,591830,2308137000
2013-12-19,DIG,4000,3900,3900,3960,3658.4404296875,787000,3116520000
2013-12-20,DIG,4210,4000,4000,4180,3858.51123046875,2952210,12340237800
2013-12-23,DIG,4240,4120,4210,4120,3801.348388671875,643900,2652868000
2013-12-24,DIG,4180,4090,4150,4090,3772.766845703125,674060,2756905400
2013-12-25,DIG,4180,4019,4120,4090,3772.766845703125,610430,2496658700
2013-12-26,DIG,4180,4050,4090,4050,3744.185302734375,687660,2785023000
2013-12-27,DIG,4050,3880,4050,3880,3572.69580078125,652880,2533174400
2013-12-30,DIG,3900,3660,3880,3720,3429.7880859375,1280130,4762083600
2013-12-31,DIG,3880,3720,3720,3840,3544.1142578125,413050,1586112000
2014-01-02,DIG,3880,3780,3840,3780,3486.950927734375,375010,1417537800
2014-01-03,DIG,3840,3780,3840,3800,3515.532470703125,426660,1621308000
2014-01-06,DIG,3900,3800,3800,3900,3601.27734375,464750,1812525000
2014-01-07,DIG,4000,3900,3930,3900,3601.27734375,1198440,4673916000
2014-01-08,DIG,3960,3900,3900,3930,3629.859130859375,468210,1840065300
2014-01-09,DIG,3960,3900,3930,3930,3629.859130859375,477860,1877989800
2014-01-10,DIG,4000,3880,3960,3880,3572.69580078125,765150,2968782000
2014-01-13,DIG,3900,3800,3880,3800,3515.532470703125,534500,2031100000
2014-01-14,DIG,3900,3800,3800,3840,3544.1142578125,482320,1852108800
2014-01-15,DIG,3900,3840,3900,3840,3544.1142578125,736420,2827852800
2014-01-16,DIG,4019,3800,3880,4000,3687.02197265625,848810,3395240000
2014-01-17,DIG,4090,3880,4019,3880,3572.69580078125,910660,3533360800
2014-01-20,DIG,3930,3780,3880,3840,3544.1142578125,549540,2110233600
2014-01-21,DIG,4000,3840,3840,3960,3658.4404296875,466970,1849201200
2014-01-22,DIG,4180,4000,4000,4000,3687.02197265625,1678540,6714160000
2014-01-23,DIG,4090,3960,3960,4050,3744.185302734375,299540,1213137000
2014-01-24,DIG,4090,4000,4050,4000,3687.02197265625,248380,993520000
2014-01-27,DIG,4050,3960,4000,4019,3715.603759765625,363810,1462152390
2014-02-06,DIG,4310,4050,4050,4310,3972.837646484375,1775560,7652663600
2014-02-07,DIG,4580,4340,4390,4490,4144.32666015625,1381130,6201273700
2014-02-10,DIG,4670,4390,4490,4670,4315.81640625,638370,2981187900
2014-02-11,DIG,4700,4390,4700,4430,4087.1640625,1365400,6048722000
2014-02-12,DIG,4490,4360,4430,4460,4115.7451171875,963690,4298057400
2014-02-13,DIG,4740,4490,4490,4670,4315.81640625,2194660,10249062200
2014-02-14,DIG,4800,4620,4670,4670,4315.81640625,1205390,5629171300
2014-02-17,DIG,4860,4580,4670,4800,4430.14306640625,1178540,5656992000
2014-02-18,DIG,5110,4800,4800,5110,4715.95849609375,1879520,9604347200
2014-02-19,DIG,5440,5270,5270,5390,4715.95849609375,1603770,8644320300
2014-02-20,DIG,5510,5270,5390,5350,4944.611328125,3231860,17290451000
2014-02-21,DIG,5600,5210,5350,5440,5030.35595703125,790410,4299830400
2014-02-24,DIG,5730,5480,5510,5600,5173.263671875,649530,3637368000
2014-02-25,DIG,5700,5550,5570,5640,5201.84521484375,973650,5491386000
2014-02-26,DIG,5640,5430,5640,5550,5116.1005859375,689990,3829444500
2014-02-27,DIG,5570,5170,5550,5170,4773.1220703125,1166920,6032976400
2014-02-28,DIG,5230,5050,5210,5210,4801.70361328125,867950,4522019500
2014-03-03,DIG,5230,4860,5130,4890,4515.88720703125,914850,4473616500
2014-03-04,DIG,5080,4770,4770,5050,4658.79541015625,1017100,5136355000
2014-03-05,DIG,5290,5050,5050,5230,4830.28466796875,638630,3340034900
2014-03-06,DIG,5330,5170,5230,5270,4858.8662109375,872640,4598812800
2014-03-07,DIG,5510,5270,5290,5430,5001.7744140625,895060,4860175800
2014-03-10,DIG,5430,5270,5430,5290,4887.44775390625,282360,1493684400
2014-03-11,DIG,5390,5230,5290,5230,4830.28466796875,555870,2907200100
2014-03-12,DIG,5330,5130,5230,5210,4801.70361328125,600330,3127719300
2014-03-13,DIG,5270,5110,5110,5230,4830.28466796875,394810,2064856300
2014-03-14,DIG,5390,5270,5270,5330,4916.029296875,758390,4042218700
2014-03-17,DIG,5440,5270,5390,5350,4944.611328125,1137890,6087711500
2014-03-18,DIG,5480,5350,5440,5440,5030.35595703125,912640,4964761600
2014-03-19,DIG,5550,5390,5440,5550,5116.1005859375,1196880,6642684000
2014-03-20,DIG,5570,5330,5550,5430,5001.7744140625,861550,4678216500
2014-03-21,DIG,5700,5390,5430,5640,5201.84521484375,1762290,9939315600
2014-03-24,DIG,6010,5640,5820,6010,5544.82373046875,1711980,10288999800
2014-03-25,DIG,6070,5880,6070,5880,5430.49755859375,1954530,11492636400
2014-03-26,DIG,6010,5510,5950,5730,5287.58935546875,1745000,9998850000
2014-03-27,DIG,5820,5550,5660,5790,5344.7529296875,743030,4302143700
2014-03-28,DIG,6030,5790,5790,5880,5430.49755859375,545950,3210186000
2014-03-31,DIG,5880,5600,5880,5600,5173.263671875,437260,2448656000
2014-04-01,DIG,5600,5230,5600,5230,4830.28466796875,1064410,5566864300
2014-04-02,DIG,5270,4920,5230,5080,4687.376953125,1119760,5688380800
2014-04-03,DIG,5430,5080,5080,5430,5001.7744140625,567490,3081470700
2014-04-04,DIG,5640,5440,5510,5550,5116.1005859375,892300,4952265000
2014-04-07,DIG,5640,5510,5510,5640,5201.84521484375,1024190,5776431600
2014-04-08,DIG,5730,5640,5640,5660,5230.42626953125,691370,3913154200
2014-04-10,DIG,5820,5660,5660,5730,5287.58935546875,734400,4208112000
2014-04-11,DIG,5790,5570,5640,5730,5287.58935546875,653360,3743752800
2014-04-14,DIG,5760,5640,5730,5640,5201.84521484375,745770,4206142800
2014-04-15,DIG,5660,5440,5640,5440,5030.35595703125,837210,4554422400
2014-04-16,DIG,5480,5130,5440,5430,5001.7744140625,501090,2720918700
2014-04-17,DIG,5570,5430,5430,5440,5030.35595703125,144170,784284800
2014-04-18,DIG,5440,5080,5230,5110,4715.95849609375,260750,1332432500
2014-04-21,DIG,5270,5010,5080,5110,4715.95849609375,452180,2310639800
2014-04-22,DIG,5330,5050,5170,5330,4715.95849609375,227360,1211828800
2014-04-23,DIG,5350,5170,5290,5230,4830.28466796875,91290,477446700
2014-04-24,DIG,5230,5010,5010,5230,4830.28466796875,36530,191051900
2014-04-25,DIG,5270,5110,5130,5270,4858.8662109375,233770,1231967900
2014-04-28,DIG,5270,5080,5110,5080,4687.376953125,88780,451002400
2014-04-29,DIG,5170,5050,5080,5170,4773.1220703125,167830,867681100
2014-05-05,DIG,5330,4830,5110,4920,4544.46923828125,119580,588333600
2014-05-06,DIG,4920,4580,4700,4920,4544.46923828125,234960,1156003200
2014-05-07,DIG,4860,4740,4740,4770,4401.5615234375,219360,1046347200
2014-05-08,DIG,4490,4460,4490,4460,4115.7451171875,664850,2965231000
2014-05-09,DIG,4430,4180,4240,4340,4001.419189453125,548450,2380273000
2014-05-12,DIG,4090,4050,4090,4050,3744.185302734375,1103450,4468972500
2014-05-13,DIG,4000,3780,3840,3840,3544.1142578125,704070,2703628800
2014-05-14,DIG,4090,3660,3660,4090,3772.766845703125,383840,1569905600
2014-05-15,DIG,4340,3880,4180,4180,3858.51123046875,559500,2338710000
2014-05-16,DIG,4430,4150,4180,4430,4087.1640625,243600,1079148000
2014-05-19,DIG,4580,4210,4430,4550,4201.490234375,210900,959595000
2014-05-20,DIG,4550,4360,4360,4520,4172.90869140625,58700,265324000
2014-05-21,DIG,4670,4490,4580,4650,4287.23486328125,310570,1444150500
2014-05-22,DIG,4670,4490,4520,4490,4144.32666015625,278580,1250824200
2014-05-23,DIG,4580,4270,4520,4430,4087.1640625,155500,688865000
2014-05-26,DIG,4550,4360,4390,4490,4144.32666015625,120240,539877600
2014-05-27,DIG,4670,4430,4490,4670,4315.81640625,232120,1084000400
2014-05-28,DIG,4800,4620,4670,4740,4372.97998046875,182160,863438400
2014-05-29,DIG,4740,4520,4740,4580,4230.07177734375,153310,702159800
2014-05-30,DIG,4670,4490,4580,4490,4144.32666015625,244400,1097356000
2014-06-02,DIG,4620,4390,4620,4390,4115.7451171875,89290,391983100
2014-06-03,DIG,4520,4390,4490,4460,4115.7451171875,83720,373391200
2014-06-04,DIG,4580,4430,4550,4490,4144.32666015625,164480,738515200
2014-06-05,DIG,4550,4460,4490,4490,4144.32666015625,65950,296115500
2014-06-06,DIG,4800,4460,4580,4800,4430.14306640625,282720,1357056000
2014-06-09,DIG,5110,4770,4800,5080,4687.376953125,690880,3509670400
2014-06-10,DIG,5210,5050,5080,5110,4715.95849609375,603210,3082403100
2014-06-11,DIG,5270,4960,4960,5210,4801.70361328125,339560,1769107600
2014-06-12,DIG,5390,5110,5210,5230,4830.28466796875,157910,825869300
2014-06-13,DIG,5330,5210,5330,5230,4830.28466796875,176030,920636900
2014-06-16,DIG,5270,5110,5230,5110,4715.95849609375,17810,91009100
2014-06-17,DIG,5110,5050,5110,5110,4715.95849609375,64240,328266400
2014-06-18,DIG,5210,5050,5210,5110,4715.95849609375,56720,289839200
2014-06-19,DIG,5050,4830,5050,4890,4515.88720703125,56790,277703100
2014-06-20,DIG,5050,4580,4960,4580,4230.07177734375,259220,1187227600
2014-06-23,DIG,4860,4580,4580,4740,4372.97998046875,179120,849028800
2014-06-24,DIG,4860,4740,4770,4830,4458.724609375,53630,259032900
2014-06-25,DIG,4990,4800,4860,4920,4544.46923828125,261640,1287268800
2014-06-26,DIG,4990,4860,4960,4960,4573.05078125,123360,611865600
2014-06-27,DIG,5010,4800,4800,4920,4544.46923828125,155460,764863200
2014-06-30,DIG,4990,4890,4920,4890,4515.88720703125,16920,82738800
2014-07-01,DIG,4920,4860,4860,4890,4515.88720703125,70930,346847700
2014-07-02,DIG,4960,4890,4890,4960,4573.05078125,107520,533299200
2014-07-03,DIG,5230,4920,4920,5230,4830.28466796875,829440,4337971200
2014-07-04,DIG,5230,5110,5230,5210,4801.70361328125,283650,1477816500
2014-07-07,DIG,5270,5130,5210,5230,4830.28466796875,127220,665360600
2014-07-08,DIG,5170,5050,5080,5110,4715.95849609375,73540,375789400
2014-07-09,DIG,5170,5110,5110,5110,4715.95849609375,97430,497867300
2014-07-10,DIG,5210,4990,5210,4990,4601.63232421875,187080,933529200
2014-07-11,DIG,5010,4890,4960,4990,4601.63232421875,93090,464519100
2014-07-14,DIG,5050,4990,4990,5050,4658.79541015625,16070,81153500
2014-07-15,DIG,5110,4990,4990,5080,4687.376953125,100080,508406400
2014-07-16,DIG,5130,5050,5110,5050,4658.79541015625,120820,610141000
2014-07-17,DIG,5050,4990,5010,5050,4658.79541015625,80570,406878500
2014-07-18,DIG,5170,4990,5050,5130,4744.54052734375,571730,2932974900
2014-07-21,DIG,5210,5050,5210,5050,4658.79541015625,98290,496364500
2014-07-22,DIG,5080,4990,5010,5080,4687.376953125,47530,241452400
2014-07-23,DIG,5080,4920,4990,4960,4573.05078125,107240,531910400
2014-07-24,DIG,4990,4920,4920,4920,4544.46923828125,125380,616869600
2014-07-25,DIG,4990,4830,4890,4830,4458.724609375,84750,409342500
2014-07-28,DIG,4830,4620,4800,4650,4287.23486328125,45070,209575500
2014-07-29,DIG,4770,4580,4770,4580,4230.07177734375,40290,184528200
2014-07-30,DIG,4770,4620,4770,4620,4258.6533203125,27940,129082800
2014-07-31,DIG,4830,4650,4740,4740,4372.97998046875,126950,601743000
2014-08-01,DIG,4800,4580,4580,4700,4344.3984375,34450,161915000
2014-08-04,DIG,4800,4700,4700,4770,4401.5615234375,140860,671902200
2014-08-05,DIG,4860,4770,4770,4800,4430.14306640625,90220,433056000
2014-08-06,DIG,5050,4800,4830,4990,4601.63232421875,487300,2431627000
2014-08-07,DIG,5110,4960,5080,5110,4715.95849609375,545380,2786891800
2014-08-08,DIG,5270,5110,5210,5170,4773.1220703125,250740,1296325800
2014-08-11,DIG,5170,4990,5170,5010,4630.2138671875,419250,2100442500
2014-08-12,DIG,5110,5010,5050,5050,4658.79541015625,385770,1948138500
2014-08-13,DIG,5110,5050,5080,5110,4715.95849609375,112140,573035400
2014-08-14,DIG,5170,5080,5130,5080,4687.376953125,264090,1341577200
2014-08-15,DIG,5050,4960,5050,4960,4573.05078125,271170,1345003200
2014-08-18,DIG,5010,4960,4960,4990,4601.63232421875,337510,1684174900
2014-08-19,DIG,5010,4920,4990,4920,4544.46923828125,292530,1439247600
2014-08-20,DIG,5110,5000,5000,5040,4680.2314453125,222550,1121652000
2014-08-21,DIG,5080,5000,5080,5040,4680.2314453125,102860,518414400
2014-08-22,DIG,5270,5040,5080,5150,4787.41259765625,308080,1586612000
2014-08-25,DIG,5310,5110,5190,5150,4787.41259765625,308200,1587230000
2014-08-26,DIG,5150,5000,5150,5080,4715.95849609375,212070,1077315600
2014-08-27,DIG,5080,4970,5040,5000,4644.5048828125,229720,1148600000
2014-08-28,DIG,5040,4970,4970,5040,4680.2314453125,167160,842486400
2014-08-29,DIG,5230,5000,5040,5150,4787.41259765625,374780,1930117000
2014-09-03,DIG,5390,5150,5230,5230,4858.8662109375,688790,3602371700
2014-09-04,DIG,5230,5150,5230,5150,4787.41259765625,203290,1046943500
2014-09-05,DIG,5190,5110,5150,5150,4787.41259765625,172390,887808500
2014-09-08,DIG,5310,5080,5080,5230,4858.8662109375,671890,3513984700
2014-09-09,DIG,5270,5000,5230,5000,4644.5048828125,276890,1384450000
2014-09-10,DIG,5080,4970,5000,5080,4715.95849609375,90340,458927200
2014-09-11,DIG,5150,5000,5110,5080,4715.95849609375,65800,334264000
2014-09-12,DIG,5110,5000,5080,5080,4715.95849609375,119350,606298000
2014-09-15,DIG,5340,5080,5080,5110,4751.685546875,196940,1006363400
2014-09-16,DIG,5150,5000,5110,5000,4644.5048828125,371420,1857100000
2014-09-17,DIG,5230,5080,5080,5150,4787.41259765625,1114020,5737203000
2014-09-18,DIG,5340,5080,5230,5110,4751.685546875,1326210,6776933100
2014-09-19,DIG,5230,5000,5110,5000,4644.5048828125,4906100,24530500000
2014-09-22,DIG,5150,5040,5110,5040,4680.2314453125,584530,2946031200
2014-09-23,DIG,5390,5080,5080,5230,4858.8662109375,1001110,5235805300
2014-09-24,DIG,5500,5150,5230,5390,5001.7744140625,3379880,18217553200
2014-09-25,DIG,5570,5310,5430,5570,5180.4091796875,1286660,7166696200
2014-09-26,DIG,5920,5570,5570,5610,5216.13623046875,1436420,8058316200
2014-09-29,DIG,5770,5500,5660,5570,5180.4091796875,1137090,6333591300
2014-09-30,DIG,5850,5500,5550,5770,5359.04345703125,1894450,10930976500
2014-10-01,DIG,6030,5770,5850,5960,5537.67822265625,1566380,9335624800
2014-10-02,DIG,6030,5880,5920,5920,5501.95166015625,1705890,10098868800
2014-10-03,DIG,6270,5850,5880,6080,5644.859375,1959960,11916556800
2014-10-06,DIG,6230,6000,6160,6030,5609.13232421875,1431490,8631884700
2014-10-07,DIG,6160,6000,6110,6000,5573.4052734375,2003380,12020280000
2014-10-08,DIG,6000,5690,5960,5770,5359.04345703125,2529630,14595965100
2014-10-09,DIG,5850,5570,5770,5570,5180.4091796875,2140090,11920301300
2014-10-10,DIG,5730,5500,5550,5610,5216.13623046875,1998780,11213155800
2014-10-13,DIG,5770,5570,5660,5770,5359.04345703125,564450,3256876500
2014-10-14,DIG,5810,5460,5730,5460,5073.228515625,1236210,6749706600
2014-10-15,DIG,5550,5390,5460,5460,5073.228515625,1579380,8623414800
2014-10-16,DIG,5500,5150,5500,5150,4787.41259765625,1661090,8554613500
2014-10-17,DIG,5390,5080,5150,5390,5001.7744140625,1410500,7602595000
2014-10-20,DIG,5430,5310,5390,5310,4930.3203125,625250,3320077500
2014-10-21,DIG,5550,5310,5340,5390,5001.7744140625,599080,3229041200
2014-10-22,DIG,5500,5390,5390,5460,5073.228515625,832700,4546542000
2014-10-23,DIG,5500,5190,5390,5190,4823.1396484375,972010,5044731900
2014-10-24,DIG,5310,5150,5230,5230,4858.8662109375,617020,3227014600
2014-10-27,DIG,5390,5110,5190,5110,4751.685546875,755180,3858969800
2014-10-28,DIG,5310,5110,5150,5270,4894.59375,449630,2369550100
2014-10-29,DIG,5430,5310,5340,5390,5001.7744140625,435950,2349770500
2014-10-30,DIG,5430,5310,5340,5310,4930.3203125,682910,3626252100
2014-10-31,DIG,5550,5310,5340,5550,5144.6826171875,1298780,7208229000
2014-11-03,DIG,5660,5500,5550,5500,5108.955078125,1026710,5646905000
2014-11-04,DIG,5570,5430,5460,5430,5037.5009765625,694970,3773687100
2014-11-05,DIG,5460,5190,5430,5390,5001.7744140625,1343000,7238770000
2014-11-06,DIG,5500,5340,5430,5430,5037.5009765625,775630,4211670900
2014-11-07,DIG,5460,5340,5430,5460,5073.228515625,670990,3663605400
2014-11-10,DIG,5660,5460,5500,5550,5144.6826171875,1423490,7900369500
2014-11-11,DIG,5690,5550,5550,5610,5216.13623046875,1551110,8701727100
2014-11-12,DIG,5770,5610,5610,5770,5359.04345703125,1205310,6954638700
2014-11-13,DIG,5770,5610,5770,5610,5216.13623046875,842510,4726481100
2014-11-14,DIG,5610,5430,5610,5500,5108.955078125,759910,4179505000
2014-11-17,DIG,5570,5460,5550,5460,5073.228515625,850780,4645258800
2014-11-18,DIG,5500,5340,5460,5340,4966.04736328125,963090,5142900600
2014-11-19,DIG,5390,5230,5340,5310,4930.3203125,764130,4057530300
2014-11-20,DIG,5460,5310,5310,5430,5037.5009765625,809550,4395856500
2014-11-21,DIG,5430,5270,5430,5270,4894.59375,630970,3325211900
2014-11-24,DIG,5310,5150,5230,5230,4858.8662109375,858400,4489432000
2014-11-25,DIG,5390,5230,5310,5340,4966.04736328125,666750,3560445000
2014-11-26,DIG,5660,5430,5430,5570,5180.4091796875,2680340,14929493800
2014-11-27,DIG,5690,5460,5570,5660,5251.86279296875,1072950,6072897000
2014-11-28,DIG,5850,5660,5660,5660,5251.86279296875,1143590,6472719400
2014-12-01,DIG,5730,5500,5690,5500,5108.955078125,565360,3109480000
2014-12-02,DIG,5660,5500,5570,5660,5251.86279296875,520320,2945011200
2014-12-03,DIG,5690,5570,5660,5660,5251.86279296875,413010,2337636600
2014-12-04,DIG,5660,5550,5660,5570,5180.4091796875,487120,2713258400
2014-12-05,DIG,5690,5550,5550,5610,5216.13623046875,412160,2312217600
2014-12-08,DIG,5660,5500,5610,5500,5108.955078125,601320,3307260000
2014-12-09,DIG,5500,5150,5460,5190,4823.1396484375,904470,4694199300
2014-12-10,DIG,5500,5190,5270,5500,5108.955078125,579890,3189395000
2014-12-11,DIG,5570,5460,5460,5460,5073.228515625,347770,1898824200
2014-12-12,DIG,5500,5430,5460,5500,5108.955078125,172380,948090000
2014-12-15,DIG,5500,5390,5460,5390,5001.7744140625,157710,850056900
2014-12-16,DIG,5390,5230,5390,5230,4858.8662109375,767230,4012612900
2014-12-17,DIG,5310,4890,5270,4970,4608.77783203125,1179710,5863158700
2014-12-18,DIG,5190,5080,5080,5110,4751.685546875,549490,2807893900
2014-12-19,DIG,5110,5000,5110,5000,4644.5048828125,281270,1406350000
2014-12-22,DIG,5110,4970,5000,5080,4715.95849609375,178460,906576800
2014-12-23,DIG,5190,5040,5080,5040,4680.2314453125,217340,1095393600
2014-12-24,DIG,5150,5000,5000,5000,4644.5048828125,217750,1088750000
2014-12-25,DIG,5040,4840,4970,4890,4537.32373046875,351700,1719813000
2014-12-26,DIG,4890,4690,4890,4730,4394.416015625,423410,2002729300
2014-12-29,DIG,4810,4430,4730,4500,4180.05419921875,785390,3534255000
2014-12-30,DIG,4730,4350,4540,4730,4394.416015625,430270,2035177100
2014-12-31,DIG,5040,4780,4780,5040,4680.2314453125,777520,3918700800
2015-01-05,DIG,5080,4920,5040,5000,4644.5048828125,269030,1345150000
2015-01-06,DIG,5110,4840,4890,5040,4680.2314453125,510980,2575339200
2015-01-07,DIG,5150,5000,5040,5000,4644.5048828125,454950,2274750000
2015-01-08,DIG,5000,4920,5000,5000,4644.5048828125,180320,901600000
2015-01-09,DIG,5110,4970,5000,5040,4680.2314453125,470930,2373487200
2015-01-12,DIG,5080,4920,5040,4920,4573.05078125,280800,1381536000
2015-01-13,DIG,5040,4920,4970,5040,4680.2314453125,301080,1517443200
2015-01-14,DIG,5080,4920,5000,5080,4715.95849609375,525550,2669794000
2015-01-15,DIG,5110,5040,5040,5080,4715.95849609375,256420,1302613600
2015-01-16,DIG,5270,5040,5080,5190,4823.1396484375,1016750,5276932500
2015-01-19,DIG,5270,5110,5230,5190,4823.1396484375,298150,1547398500
2015-01-20,DIG,5190,5080,5110,5190,4823.1396484375,277800,1441782000
2015-01-21,DIG,5190,5040,5190,5040,4680.2314453125,336420,1695556800
2015-01-22,DIG,5110,5000,5040,5040,4680.2314453125,584180,2944267200
2015-01-23,DIG,5150,5000,5110,5110,4751.685546875,613070,3132787700
2015-01-26,DIG,5270,5110,5190,5190,4823.1396484375,826550,4289794500
2015-01-27,DIG,5230,5040,5150,5040,4680.2314453125,476060,2399342400
2015-01-28,DIG,5110,5000,5040,5080,4715.95849609375,426220,2165197600
2015-01-29,DIG,5150,5040,5080,5150,4787.41259765625,449150,2313122500
2015-01-30,DIG,5150,4890,5150,4970,4608.77783203125,384840,1912654800
2015-02-02,DIG,5000,4840,4970,4920,4573.05078125,333520,1640918400
2015-02-03,DIG,4920,4840,4920,4840,4501.5966796875,342440,1657409600
2015-02-04,DIG,4840,4730,4780,4810,4465.86962890625,248370,1194659700
2015-02-05,DIG,4890,4780,4780,4810,4465.86962890625,209880,1009522800
2015-02-06,DIG,4890,4810,4840,4810,4465.86962890625,308120,1482057200
2015-02-09,DIG,4890,4780,4840,4840,4501.5966796875,235040,1137593600
2015-02-10,DIG,4890,4780,4780,4810,4465.86962890625,214940,1033861400
2015-02-11,DIG,4920,4810,4810,4920,4573.05078125,252880,1244169600
2015-02-12,DIG,5040,4920,4970,5040,4680.2314453125,649580,3273883200
2015-02-13,DIG,5230,5040,5040,5190,4823.1396484375,452500,2348475000
2015-02-24,DIG,5230,5080,5230,5110,4823.1396484375,161460,825060600
2015-02-25,DIG,5190,5000,5110,5040,4680.2314453125,294470,1484128800
2015-02-26,DIG,5080,4970,5040,5080,4715.95849609375,331080,1681886400
2015-02-27,DIG,5110,5040,5080,5080,4715.95849609375,150090,762457200
2015-03-02,DIG,5080,4970,5080,5000,4644.5048828125,183070,915350000
2015-03-03,DIG,5150,5000,5040,5080,4715.95849609375,484950,2463546000
2015-03-04,DIG,5270,5110,5110,5270,4894.59375,950570,5009503900
2015-03-05,DIG,5310,5150,5270,5150,4787.41259765625,682090,3512763500
2015-03-06,DIG,5190,5110,5190,5110,4751.685546875,406200,2075682000
2015-03-09,DIG,5150,5040,5150,5040,4680.2314453125,365400,1841616000
2015-03-10,DIG,5110,5040,5040,5080,4715.95849609375,492440,2501595200
2015-03-11,DIG,5110,5040,5080,5080,4715.95849609375,240760,1223060800
2015-03-12,DIG,5110,5000,5080,5110,4751.685546875,467040,2386574400
2015-03-13,DIG,5110,5040,5110,5040,4680.2314453125,307530,1549951200
2015-03-16,DIG,5040,4890,5040,4890,4537.32373046875,734720,3592780800
2015-03-17,DIG,4970,4840,4920,4920,4573.05078125,778090,3828202800
2015-03-18,DIG,5000,4890,5000,4920,4573.05078125,192690,948034800
2015-03-19,DIG,4970,4810,4970,4810,4465.86962890625,478560,2301873600
2015-03-20,DIG,4890,4810,4810,4840,4501.5966796875,253220,1225584800
2015-03-23,DIG,4890,4690,4890,4690,4358.68896484375,426660,2001035400
2015-03-24,DIG,4690,4570,4690,4690,4358.68896484375,581310,2726343900
2015-03-25,DIG,4690,4620,4690,4620,4287.23486328125,607790,2807989800
2015-03-26,DIG,4660,4570,4620,4620,4287.23486328125,395960,1829335200
2015-03-27,DIG,4690,4570,4690,4570,4251.50830078125,201460,920672200
2015-03-30,DIG,4570,4380,4570,4430,4108.60009765625,454460,2013257800
2015-03-31,DIG,4620,4430,4430,4620,4287.23486328125,611710,2826100200
2015-04-01,DIG,4540,4430,4540,4460,4144.32666015625,765710,3415066600
2015-04-02,DIG,4690,4430,4500,4690,4358.68896484375,1046780,4909398200
2015-04-03,DIG,4690,4570,4690,4620,4287.23486328125,458520,2118362400
2015-04-06,DIG,4660,4540,4570,4540,4215.78076171875,246830,1120608200
2015-04-07,DIG,4660,4500,4540,4620,4287.23486328125,486630,2248230600
2015-04-08,DIG,4810,4660,4660,4780,4430.14306640625,870970,4163236600
2015-04-09,DIG,5000,4730,4810,4890,4537.32373046875,1085050,5305894500
2015-04-10,DIG,5000,4840,4890,4840,4501.5966796875,739790,3580583600
2015-04-13,DIG,4970,4780,4890,4780,4430.14306640625,1148410,5489399800
2015-04-14,DIG,4840,4730,4810,4730,4394.416015625,626770,2964622100
2015-04-15,DIG,4840,4620,4620,4810,4465.86962890625,564200,2713802000
2015-04-16,DIG,4890,4730,4840,4810,4465.86962890625,450390,2166375900
2015-04-17,DIG,4810,4730,4810,4810,4465.86962890625,907360,4364401600
2015-04-20,DIG,4810,4690,4810,4730,4394.416015625,547970,2591898100
2015-04-21,DIG,4780,4660,4730,4660,4322.9619140625,502270,2340578200
2015-04-22,DIG,4730,4620,4620,4690,4358.68896484375,452610,2122740900
2015-04-23,DIG,4730,4620,4690,4620,4287.23486328125,297670,1375235400
2015-04-24,DIG,4730,4620,4620,4730,4394.416015625,438430,2073773900
2015-04-27,DIG,4780,4660,4730,4690,4358.68896484375,237120,1112092800
2015-05-04,DIG,4780,4380,4780,4430,4108.60009765625,910750,4034622500
2015-05-05,DIG,4620,4350,4430,4540,4215.78076171875,492780,2237221200
2015-05-06,DIG,4570,4430,4540,4430,4108.60009765625,483510,2141949300
2015-05-07,DIG,4500,4380,4380,4430,4108.60009765625,255220,1130624600
2015-05-08,DIG,4500,4460,4500,4460,4144.32666015625,221220,986641200
2015-05-11,DIG,4500,4430,4500,4500,4180.05419921875,177860,800370000
2015-05-12,DIG,4500,4380,4380,4460,4144.32666015625,119240,531810400
2015-05-13,DIG,4460,4350,4430,4460,4144.32666015625,218240,973350400
2015-05-14,DIG,4460,4380,4460,4460,4144.32666015625,210100,937046000
2015-05-15,DIG,4460,4350,4460,4350,4037.14599609375,222170,966439500
2015-05-18,DIG,4310,4070,4270,4070,3787.0576171875,760630,3095764100
2015-05-19,DIG,4120,4010,4010,4040,3751.33056640625,294870,1191274800
2015-05-20,DIG,4310,4010,4040,4200,3894.23828125,467990,1965558000
2015-05-21,DIG,4310,4200,4310,4230,3929.96533203125,315480,1334480400
2015-05-22,DIG,4380,4230,4270,4380,4072.873291015625,457070,2001966600
2015-05-25,DIG,4430,4310,4380,4380,4072.873291015625,291480,1276682400
2015-05-26,DIG,4500,4350,4430,4350,4037.14599609375,654640,2847684000
2015-05-27,DIG,4430,4310,4350,4310,4001.419189453125,312210,1345625100
2015-05-28,DIG,4460,4310,4310,4350,4037.14599609375,490750,2134762500
2015-05-29,DIG,4460,4350,4350,4430,4108.60009765625,1190570,5274225100
2015-06-01,DIG,4430,4310,4430,4350,4037.14599609375,608080,2645148000
2015-06-02,DIG,4350,4150,4350,4200,3894.23828125,782430,3286206000
2015-06-03,DIG,4270,4200,4200,4230,3929.96533203125,265910,1124799300
2015-06-04,DIG,4310,4230,4230,4230,3929.96533203125,338080,1430078400
2015-06-05,DIG,4350,4270,4310,4270,3965.692138671875,485070,2071248900
2015-06-08,DIG,4380,4310,4350,4350,4037.14599609375,475760,2069556000
2015-06-09,DIG,4350,4230,4270,4230,3929.96533203125,389770,1648727100
2015-06-10,DIG,4270,4200,4230,4200,3894.23828125,537680,2258256000
2015-06-11,DIG,4460,4270,4270,4460,4144.32666015625,1079770,4815774200
2015-06-12,DIG,4780,4660,4780,4690,4358.68896484375,3182490,14925878100
2015-06-15,DIG,4890,4620,4690,4690,4358.68896484375,889040,4169597600
2015-06-16,DIG,4780,4620,4660,4620,4287.23486328125,958380,4427715600
2015-06-17,DIG,4620,4500,4570,4540,4215.78076171875,762500,3461750000
2015-06-18,DIG,4570,4500,4500,4540,4215.78076171875,413130,1875610200
2015-06-19,DIG,4780,4570,4570,4620,4287.23486328125,1193800,5515356000
2015-06-22,DIG,4730,4570,4620,4660,4322.9619140625,367350,1711851000
2015-06-23,DIG,4780,4620,4620,4690,4358.68896484375,490480,2300351200
2015-06-24,DIG,4690,4570,4690,4620,4287.23486328125,538870,2489579400
2015-06-25,DIG,4840,4540,4620,4730,4394.416015625,3581870,16942245100
2015-06-26,DIG,4780,4660,4690,4660,4322.9619140625,805260,3752511600
2015-06-29,DIG,4730,4620,4660,4730,4394.416015625,578870,2738055100
2015-06-30,DIG,4780,4620,4660,4620,4287.23486328125,1624500,7505190000
2015-07-01,DIG,4660,4500,4570,4570,4251.50830078125,920720,4207690400
2015-07-02,DIG,4690,4570,4570,4660,4322.9619140625,412170,1920712200
2015-07-03,DIG,4730,4620,4690,4660,4322.9619140625,885160,4124845600
2015-07-06,DIG,4840,4620,4690,4810,4465.86962890625,1914770,9210043700
2015-07-07,DIG,4890,4730,4810,4780,4430.14306640625,1279680,6116870400
2015-07-08,DIG,4810,4660,4780,4690,4358.68896484375,953660,4472665400
2015-07-09,DIG,4780,4620,4660,4780,4430.14306640625,1314540,6283501200
2015-07-10,DIG,4840,4730,4780,4780,4430.14306640625,1569300,7501254000
2015-07-13,DIG,4970,4780,4810,4920,4573.05078125,2067280,10171017600
2015-07-14,DIG,5110,4920,4920,5000,4644.5048828125,1994050,9970250000
2015-07-15,DIG,5040,4840,5040,4840,4501.5966796875,1154290,5586763600
2015-07-16,DIG,4890,4780,4780,4780,4430.14306640625,901940,4311273200
2015-07-17,DIG,4840,4780,4780,4780,4430.14306640625,807790,3861236200
2015-07-20,DIG,4730,4620,4730,4730,4394.416015625,742810,3513491300
2015-07-21,DIG,4780,4620,4730,4660,4322.9619140625,456310,2126404600
2015-07-22,DIG,4810,4620,4620,4810,4465.86962890625,777320,3738909200
2015-07-23,DIG,4840,4660,4810,4690,4358.68896484375,650280,3049813200
2015-07-24,DIG,4730,4660,4660,4690,4358.68896484375,652870,3061960300
2015-07-27,DIG,4730,4620,4690,4620,4287.23486328125,1279480,5911197600
2015-07-28,DIG,4810,4660,4660,4730,4394.416015625,991410,4689369300
2015-07-29,DIG,4780,4690,4780,4690,4358.68896484375,555830,2606842700
2015-07-30,DIG,4730,4660,4730,4690,4358.68896484375,359880,1687837200
2015-07-31,DIG,4730,4620,4690,4620,4287.23486328125,447160,2065879200
2015-08-03,DIG,4570,4460,4570,4500,4180.05419921875,640660,2882970000
2015-08-04,DIG,4570,4460,4500,4500,4180.05419921875,525990,2366955000
2015-08-05,DIG,4690,4500,4540,4690,4358.68896484375,539350,2529551500
2015-08-06,DIG,4690,4570,4690,4620,4287.23486328125,446400,2062368000
2015-08-07,DIG,4620,4570,4620,4620,4287.23486328125,172590,797365800
2015-08-10,DIG,4620,4570,4570,4620,4287.23486328125,245890,1136011800
2015-08-11,DIG,4660,4540,4620,4540,4215.78076171875,389570,1768647800
2015-08-12,DIG,4570,4500,4540,4500,4180.05419921875,613250,2759625000
2015-08-13,DIG,4570,4430,4540,4460,4144.32666015625,636070,2836872200
2015-08-14,DIG,4500,4350,4430,4460,4144.32666015625,515860,2300735600
2015-08-17,DIG,4500,4310,4500,4310,4001.419189453125,410530,1769384300
2015-08-18,DIG,4430,4270,4350,4350,4037.14599609375,597840,2600604000
2015-08-19,DIG,4460,4350,4380,4430,4108.60009765625,690560,3059180800
2015-08-20,DIG,4430,4310,4430,4350,4037.14599609375,446520,1942362000
2015-08-21,DIG,4310,4070,4270,4120,3822.784423828125,1351560,5568427200
2015-08-24,DIG,4040,3850,4040,3850,3572.69580078125,1156880,4453988000
2015-08-25,DIG,3800,3580,3610,3770,3501.24169921875,893550,3368683500
2015-08-26,DIG,4010,3690,3690,3960,3679.876708984375,803320,3181147200
2015-08-27,DIG,4070,3960,4010,4010,3715.603759765625,795020,3188030200
2015-08-28,DIG,4070,3960,4040,4070,3787.0576171875,513970,2091857900
2015-08-31,DIG,4120,4010,4070,4040,3751.33056640625,428030,1729241200
2015-09-01,DIG,4310,4010,4010,4310,4001.419189453125,1334930,5753548300
2015-09-03,DIG,4540,4310,4380,4430,4108.60009765625,1313590,5819203700
2015-09-04,DIG,4460,4310,4380,4310,4001.419189453125,259190,1117108900
2015-09-07,DIG,4350,4150,4270,4150,3858.51123046875,551800,2289970000
2015-09-08,DIG,4270,4120,4120,4270,3965.692138671875,547040,2335860800
2015-09-09,DIG,4380,4270,4310,4350,4037.14599609375,862750,3752962500
2015-09-10,DIG,4350,4230,4310,4310,4001.419189453125,304480,1312308800
2015-09-11,DIG,4460,4270,4310,4310,4001.419189453125,839250,3617167500
2015-09-14,DIG,4350,4200,4310,4200,3894.23828125,373900,1570380000
2015-09-15,DIG,4350,4200,4200,4270,3965.692138671875,670720,2863974400
2015-09-16,DIG,4350,4270,4310,4270,3965.692138671875,249690,1066176300
2015-09-17,DIG,4350,4270,4350,4270,3965.692138671875,314790,1344153300
2015-09-18,DIG,4540,4350,4430,4540,4215.78076171875,2475510,11238815400
2015-09-21,DIG,4690,4540,4540,4690,4358.68896484375,1055940,4952358600
2015-09-22,DIG,4690,4570,4660,4660,4322.9619140625,991860,4622067600
2015-09-23,DIG,4810,4570,4620,4730,4394.416015625,2028050,9592676500
2015-09-24,DIG,4840,4730,4780,4780,4430.14306640625,999900,4779522000
2015-09-25,DIG,4780,4620,4730,4660,4322.9619140625,628890,2930627400
2015-09-28,DIG,4730,4540,4660,4540,4215.78076171875,649640,2949365600
2015-09-29,DIG,4570,4430,4460,4500,4180.05419921875,839610,3778245000
2015-09-30,DIG,4730,4540,4540,4660,4322.9619140625,1148470,5351870200
2015-10-01,DIG,4690,4620,4660,4690,4358.68896484375,540250,2533772500
2015-10-02,DIG,4730,4660,4690,4660,4358.68896484375,428540,1996996400
2015-10-05,DIG,4780,4620,4690,4660,4322.9619140625,411850,1919221000
2015-10-06,DIG,4810,4690,4730,4780,4430.14306640625,1065230,5091799400
2015-10-07,DIG,4840,4730,4810,4780,4430.14306640625,727300,3476494000
2015-10-08,DIG,5000,4780,4780,4920,4573.05078125,2404960,11832403200
2015-10-09,DIG,4970,4810,4920,4890,4537.32373046875,737300,3605397000
2015-10-12,DIG,4920,4810,4840,4840,4501.5966796875,784600,3797464000
2015-10-13,DIG,4840,4730,4780,4780,4430.14306640625,695700,3325446000
2015-10-14,DIG,4810,4690,4730,4730,4394.416015625,792120,3746727600
2015-10-15,DIG,4810,4690,4730,4730,4394.416015625,1781870,8428245100
2015-10-16,DIG,4890,4780,4840,4810,4465.86962890625,1768670,8507302700
2015-10-19,DIG,4840,4730,4840,4810,4465.86962890625,423070,2034966700
2015-10-20,DIG,4780,4690,4780,4690,4358.68896484375,930640,4364701600
2015-10-21,DIG,4690,4570,4690,4690,4358.68896484375,1431030,6711530700
2015-10-22,DIG,4690,4620,4620,4660,4322.9619140625,510870,2380654200
2015-10-23,DIG,4780,4660,4690,4660,4322.9619140625,568050,2647113000
2015-10-26,DIG,4730,4620,4660,4620,4287.23486328125,530820,2452388400
2015-10-27,DIG,4690,4570,4620,4620,4287.23486328125,619630,2862690600
2015-10-28,DIG,4660,4570,4660,4570,4251.50830078125,802930,3669390100
2015-10-29,DIG,4660,4540,4660,4570,4251.50830078125,562060,2568614200
2015-10-30,DIG,4660,4570,4620,4620,4287.23486328125,538730,2488932600
2015-11-02,DIG,4690,4540,4660,4570,4251.50830078125,405250,1851992500
2015-11-03,DIG,4620,4500,4570,4570,4251.50830078125,592400,2707268000
2015-11-04,DIG,4690,4500,4660,4540,4215.78076171875,810840,3681213600
2015-11-05,DIG,4570,4500,4540,4500,4180.05419921875,441480,1986660000
2015-11-06,DIG,4570,4460,4500,4460,4144.32666015625,607610,2709940600
2015-11-09,DIG,4500,4430,4500,4460,4144.32666015625,397910,1774678600
2015-11-10,DIG,4580,4420,4580,4420,4090.0224609375,506120,2237050400
2015-11-11,DIG,4460,4340,4420,4340,4012.852294921875,367150,1593431000
2015-11-12,DIG,4340,4210,4300,4250,3935.681396484375,410660,1745305000
2015-11-13,DIG,4460,4250,4300,4370,4051.43701171875,536860,2346078200
2015-11-16,DIG,4420,4210,4420,4250,3935.681396484375,429760,1826480000
2015-11-17,DIG,4340,4210,4300,4300,3974.26708984375,399150,1716345000
2015-11-18,DIG,4340,4210,4340,4250,3935.681396484375,304740,1295145000
2015-11-19,DIG,4300,4170,4250,4170,3858.51123046875,320520,1336568400
2015-11-20,DIG,4340,4170,4170,4340,4012.852294921875,643740,2793831600
2015-11-23,DIG,4460,4370,4370,4370,4051.43701171875,559230,2443835100
2015-11-24,DIG,4420,4250,4370,4340,4012.852294921875,374170,1623897800
2015-11-25,DIG,4370,4250,4300,4340,4012.852294921875,223760,971118400
2015-11-26,DIG,4460,4300,4340,4300,3974.26708984375,469900,2020570000
2015-11-27,DIG,4340,4250,4300,4300,3974.26708984375,724040,3113372000
2015-11-30,DIG,4300,4170,4300,4210,3897.096923828125,418830,1763274300
2015-12-01,DIG,4250,4120,4250,4120,3819.92626953125,464040,1911844800
2015-12-02,DIG,4250,4170,4170,4170,3858.51123046875,171580,715488600
2015-12-03,DIG,4250,4170,4170,4210,3897.096923828125,130160,547973600
2015-12-04,DIG,4210,4120,4210,4170,3858.51123046875,233670,974403900
2015-12-07,DIG,4210,4120,4120,4120,3819.92626953125,210880,868825600
2015-12-08,DIG,4170,4050,4090,4170,3858.51123046875,335360,1398451200
2015-12-09,DIG,4170,4050,4170,4050,3742.75634765625,102660,415773000
2015-12-10,DIG,4050,3910,4050,3910,3627.000732421875,406270,1588515700
2015-12-11,DIG,4010,3910,3960,3910,3627.000732421875,253720,992045200
2015-12-14,DIG,3960,3880,3960,3910,3627.000732421875,191400,748374000
2015-12-15,DIG,3960,3840,3960,3880,3588.415771484375,250200,970776000
2015-12-16,DIG,4010,3910,3910,3910,3627.000732421875,281740,1101603400
2015-12-17,DIG,4050,3960,4010,3960,3665.5859375,121230,480070800
2015-12-18,DIG,4050,3960,4050,3960,3665.5859375,235510,932619600
2015-12-21,DIG,3960,3880,3910,3880,3588.415771484375,272880,1058774400
2015-12-22,DIG,3960,3880,3880,3880,3588.415771484375,88820,344621600
2015-12-23,DIG,3910,3790,3910,3880,3588.415771484375,261380,1014154400
2015-12-24,DIG,3910,3840,3880,3880,3588.415771484375,115950,449886000
2015-12-25,DIG,3880,3710,3880,3710,3434.0751953125,413480,1534010800
2015-12-28,DIG,3750,3670,3750,3670,3395.490234375,255050,936033500
2015-12-29,DIG,3790,3670,3670,3790,3511.24560546875,259560,983732400
2015-12-30,DIG,3840,3750,3790,3790,3511.24560546875,121390,460068100
2015-12-31,DIG,3790,3750,3790,3790,3511.24560546875,207980,788244200
2016-01-04,DIG,3960,3790,3910,3880,3588.415771484375,565140,2192743200
2016-01-05,DIG,3880,3790,3880,3880,3588.415771484375,199480,773982400
2016-01-06,DIG,3880,3790,3880,3840,3549.83056640625,207470,796684800
2016-01-07,DIG,3790,3630,3790,3710,3434.0751953125,450650,1671911500
2016-01-08,DIG,3710,3590,3630,3590,3318.31982421875,546490,1961899100
2016-01-11,DIG,3630,3500,3590,3500,3241.149658203125,276240,966840000
2016-01-12,DIG,3670,3500,3500,3670,3395.490234375,359480,1319291600
2016-01-13,DIG,3710,3590,3670,3630,3356.905029296875,259160,940750800
2016-01-14,DIG,3590,3420,3590,3500,3241.149658203125,322110,1127385000
2016-01-15,DIG,3500,3340,3500,3340,3086.809326171875,421960,1409346400
2016-01-18,DIG,3250,3130,3210,3160,2932.46875,782670,2473237200
2016-01-19,DIG,3290,3160,3250,3250,3009.638916015625,576630,1874047500
2016-01-20,DIG,3250,3130,3250,3160,2932.46875,223530,706354800
2016-01-21,DIG,3160,3000,3130,3000,2778.128173828125,351350,1054050000
2016-01-22,DIG,3210,3000,3000,3210,2971.053955078125,1051880,3376534800
2016-01-25,DIG,3420,3290,3290,3420,3163.979248046875,482750,1651005000
2016-01-26,DIG,3420,3250,3340,3380,3125.39453125,394280,1332666400
2016-01-27,DIG,3500,3380,3380,3460,3202.564453125,321850,1113601000
2016-01-28,DIG,3460,3340,3420,3380,3125.39453125,306060,1034482800
2016-01-29,DIG,3420,3340,3380,3380,3125.39453125,276880,935854400
2016-02-01,DIG,3590,3420,3420,3460,3202.564453125,340940,1179652400
2016-02-02,DIG,3500,3420,3420,3460,3202.564453125,221890,767739400
2016-02-03,DIG,3460,3380,3420,3420,3163.979248046875,172780,590907600
2016-02-04,DIG,3500,3420,3460,3460,3202.564453125,131360,454505600
2016-02-05,DIG,3500,3380,3420,3420,3163.979248046875,222140,759718800
2016-02-15,DIG,3460,3380,3420,3420,3163.979248046875,170630,583554600
2016-02-16,DIG,3590,3460,3500,3460,3202.564453125,1440430,4983887800
2016-02-17,DIG,3550,3420,3460,3420,3163.979248046875,559450,1913319000
2016-02-18,DIG,3460,3420,3460,3420,3163.979248046875,252280,862797600
2016-02-19,DIG,3460,3380,3420,3380,3125.39453125,667480,2256082400
2016-02-22,DIG,3460,3380,3380,3460,3202.564453125,680200,2353492000
2016-02-23,DIG,3500,3380,3460,3380,3125.39453125,545540,1843925200
2016-02-24,DIG,3420,3340,3340,3380,3125.39453125,259800,878124000
2016-02-25,DIG,3420,3290,3380,3290,3048.22412109375,299840,986473600
2016-02-26,DIG,3340,3290,3290,3290,3048.22412109375,215150,707843500
2016-02-29,DIG,3340,3210,3290,3250,3009.638916015625,207500,674375000
2016-03-01,DIG,3290,3210,3250,3250,3009.638916015625,195900,636675000
2016-03-02,DIG,3340,3250,3290,3250,3009.638916015625,281400,914550000
2016-03-03,DIG,3290,3160,3290,3160,2932.46875,167380,528920800
2016-03-04,DIG,3250,3160,3160,3160,2932.46875,194770,615473200
2016-03-07,DIG,3250,3160,3160,3210,2971.053955078125,376360,1208115600
2016-03-08,DIG,3250,3210,3250,3210,2971.053955078125,115760,371589600
2016-03-09,DIG,3420,3210,3210,3340,3086.809326171875,1031090,3443840600
2016-03-10,DIG,3380,3290,3340,3380,3125.39453125,207280,700606400
2016-03-11,DIG,3380,3290,3340,3340,3086.809326171875,256210,855741400
2016-03-14,DIG,3380,3250,3340,3290,3048.22412109375,369310,1215029900
2016-03-15,DIG,3340,3250,3290,3250,3009.638916015625,312960,1017120000
2016-03-16,DIG,3340,3250,3250,3250,3009.638916015625,237030,770347500
2016-03-17,DIG,3340,3250,3290,3250,3009.638916015625,433670,1409427500
2016-03-18,DIG,3290,3210,3290,3250,3009.638916015625,338070,1098727500
2016-03-21,DIG,3290,3210,3290,3210,2971.053955078125,238680,766162800
2016-03-22,DIG,3210,3130,3210,3160,2932.46875,491430,1552918800
2016-03-23,DIG,3210,3130,3210,3160,2932.46875,701570,2216961200
2016-03-24,DIG,3250,3160,3210,3210,2971.053955078125,539750,1732597500
2016-03-25,DIG,3210,3130,3160,3160,2932.46875,188800,596608000
2016-03-28,DIG,3210,3130,3160,3160,2932.46875,314600,994136000
2016-03-29,DIG,3160,3040,3160,3090,2855.298583984375,490940,1517004600
2016-03-30,DIG,3130,3000,3090,3090,2855.298583984375,455200,1406568000
2016-03-31,DIG,3130,3000,3090,3000,2778.128173828125,426620,1279860000
2016-04-01,DIG,3040,2920,3000,2960,2739.543212890625,339420,1004683200
2016-04-04,DIG,3130,2960,2960,3130,2893.883544921875,815920,2553829600
2016-04-05,DIG,3160,3090,3130,3090,2855.298583984375,176770,546219300
2016-04-06,DIG,3130,3040,3130,3090,2855.298583984375,168900,521901000
2016-04-07,DIG,3160,3090,3130,3130,2893.883544921875,356070,1114499100
2016-04-08,DIG,3160,3090,3130,3160,2932.46875,421530,1332034800
2016-04-11,DIG,3380,3160,3160,3290,3048.22412109375,764300,2514547000
2016-04-12,DIG,3340,3210,3290,3210,2971.053955078125,486670,1562210700
2016-04-13,DIG,3340,3210,3250,3250,3009.638916015625,682560,2218320000
2016-04-14,DIG,3380,3250,3250,3290,3048.22412109375,780410,2567548900
2016-04-15,DIG,3420,3290,3340,3290,3048.22412109375,1523240,5011459600
2016-04-19,DIG,3340,3250,3340,3250,3009.638916015625,650070,2112727500
2016-04-20,DIG,3250,3210,3250,3250,3009.638916015625,238300,774475000
2016-04-21,DIG,3380,3210,3250,3340,3086.809326171875,864080,2886027200
2016-04-22,DIG,3550,3340,3380,3550,3279.73486328125,2761460,9803183000
2016-04-25,DIG,3710,3590,3670,3670,3395.490234375,2336410,8574624700
2016-04-26,DIG,3750,3630,3670,3710,3434.0751953125,1204680,4469362800
2016-04-27,DIG,3750,3590,3710,3590,3318.31982421875,1570480,5638023200
2016-04-28,DIG,3670,3550,3590,3590,3318.31982421875,746480,2679863200
2016-04-29,DIG,3710,3590,3590,3590,3318.31982421875,638640,2292717600
2016-05-04,DIG,3710,3590,3590,3710,3434.0751953125,992870,3683547700
2016-05-05,DIG,3880,3710,3710,3750,3472.660400390625,1038990,3896212500
2016-05-06,DIG,3790,3670,3750,3750,3472.660400390625,1067830,4004362500
2016-05-09,DIG,3790,3710,3750,3750,3472.660400390625,680210,2550787500
2016-05-10,DIG,3790,3710,3750,3750,3472.660400390625,744240,2790900000
2016-05-11,DIG,3790,3710,3710,3750,3472.660400390625,692140,2595525000
2016-05-12,DIG,3790,3750,3790,3750,3472.660400390625,406960,1526100000
2016-05-13,DIG,3750,3710,3750,3710,3434.0751953125,375180,1391917800
2016-05-16,DIG,3750,3670,3670,3710,3434.0751953125,328940,1220367400
2016-05-17,DIG,3960,3670,3750,3880,3588.415771484375,1262390,4898073200
2016-05-18,DIG,3910,3790,3880,3840,3549.83056640625,388590,1492185600
2016-05-19,DIG,4010,3790,3790,3910,3627.000732421875,1067780,4175019800
2016-05-20,DIG,3960,3840,3910,3910,3627.000732421875,358470,1401617700
2016-05-23,DIG,3910,3840,3910,3880,3588.415771484375,258740,1003911200
2016-05-24,DIG,3910,3790,3840,3790,3511.24560546875,525410,1991303900
2016-05-25,DIG,3790,3710,3750,3750,3472.660400390625,590620,2214825000
2016-05-26,DIG,3750,3670,3750,3750,3472.660400390625,859670,3223762500
2016-05-27,DIG,3790,3710,3710,3750,3472.660400390625,523800,1964250000
2016-05-30,DIG,3910,3790,3840,3910,3627.000732421875,725850,2838073500
2016-05-31,DIG,4010,3910,3910,3960,3665.5859375,871310,3450387600
2016-06-01,DIG,3960,3880,3960,3910,3627.000732421875,330350,1291668500
2016-06-02,DIG,3960,3880,3880,3960,3665.5859375,1024510,4057059600
2016-06-03,DIG,4010,3840,3960,3840,3549.83056640625,338710,1300646400
2016-06-06,DIG,3910,3840,3840,3880,3588.415771484375,515370,1999635600
2016-06-07,DIG,4080,3900,4080,3990,3708.80126953125,761700,3039183000
2016-06-08,DIG,4040,3940,3990,3990,3708.80126953125,412880,1647391200
2016-06-09,DIG,4260,3900,3940,4120,3833.81689453125,1037540,4274664800
2016-06-10,DIG,4120,4040,4120,4040,3750.47314453125,244390,987335600
2016-06-13,DIG,4040,3990,4040,3990,3708.80126953125,327670,1307403300
2016-06-14,DIG,4080,3990,3990,3990,3708.80126953125,203560,812204400
2016-06-15,DIG,4080,3990,3990,4040,3750.47314453125,454490,1836139600
2016-06-16,DIG,4080,3990,4040,3990,3708.80126953125,852320,3400756800
2016-06-17,DIG,4040,3900,3990,3990,3708.80126953125,601680,2400703200
2016-06-20,DIG,4040,3940,3940,3990,3708.80126953125,177070,706509300
2016-06-21,DIG,3990,3940,3990,3940,3667.12939453125,146060,575476400
2016-06-22,DIG,3940,3900,3940,3940,3667.12939453125,422270,1663743800
2016-06-23,DIG,3990,3900,3900,3900,3625.45751953125,333180,1299402000
2016-06-24,DIG,3900,3630,3900,3760,3500.44189453125,772180,2903396800
2016-06-27,DIG,3760,3630,3760,3720,3458.769775390625,408360,1519099200
2016-06-28,DIG,3760,3680,3680,3760,3500.44189453125,325770,1224895200
2016-06-29,DIG,3860,3760,3760,3810,3542.11328125,272420,1037920200
2016-06-30,DIG,3860,3720,3860,3720,3458.769775390625,345080,1283697600
2016-07-01,DIG,3760,3680,3720,3760,3500.44189453125,147420,554299200
2016-07-04,DIG,3760,3630,3760,3720,3458.769775390625,1512820,5627690400
2016-07-05,DIG,3940,3720,3760,3900,3625.45751953125,1380050,5382195000
2016-07-06,DIG,3990,3810,3860,3990,3708.80126953125,330890,1320251100
2016-07-07,DIG,4040,3940,3990,3990,3708.80126953125,976650,3896833500
2016-07-08,DIG,4210,4040,4040,4170,3875.489013671875,1772870,7392867900
2016-07-11,DIG,4210,3940,4170,3990,3708.80126953125,604450,2411755500
2016-07-12,DIG,4120,3900,4040,4120,3833.81689453125,968850,3991662000
2016-07-13,DIG,4170,4040,4120,4170,3875.489013671875,1125540,4693501800
2016-07-14,DIG,4170,4040,4120,4040,3750.47314453125,421400,1702456000
2016-07-15,DIG,4040,3940,4040,3990,3708.80126953125,374550,1494454500
2016-07-18,DIG,4040,3940,3990,4040,3750.47314453125,109650,442986000
2016-07-19,DIG,4040,3900,4040,4040,3750.47314453125,491700,1986468000
2016-07-20,DIG,4040,3860,4040,3940,3667.12939453125,254770,1003793800
2016-07-21,DIG,3990,3860,3990,3860,3583.785400390625,195880,756096800
2016-07-22,DIG,3940,3810,3860,3940,3667.12939453125,650140,2561551600
2016-07-25,DIG,4040,3900,3940,4040,3750.47314453125,665720,2689508800
2016-07-26,DIG,4040,3940,4040,4040,3750.47314453125,246920,997556800
2016-07-27,DIG,4040,3900,4040,3900,3750.47314453125,78650,306735000
2016-07-28,DIG,3900,3860,3900,3900,3625.45751953125,121680,474552000
2016-07-29,DIG,3940,3860,3900,3900,3625.45751953125,124720,486408000
2016-08-01,DIG,3900,3760,3900,3760,3500.44189453125,364110,1369053600
2016-08-02,DIG,3680,3550,3680,3590,3333.75390625,1198630,4303081700
2016-08-03,DIG,3590,3490,3550,3550,3292.08203125,329350,1169192500
2016-08-04,DIG,3630,3490,3490,3630,3375.42578125,257080,933200400
2016-08-05,DIG,3590,3410,3550,3410,3167.066162109375,676030,2305262300
2016-08-08,DIG,3360,3230,3230,3230,3000.378662109375,495720,1601175600
2016-08-09,DIG,3270,3130,3180,3230,3000.378662109375,348470,1125558100
2016-08-10,DIG,3410,3180,3180,3270,3042.05029296875,572450,1871911500
2016-08-11,DIG,3450,3270,3270,3450,3208.738037109375,252060,869607000
2016-08-12,DIG,3490,3360,3450,3410,3167.066162109375,178000,606980000
2016-08-15,DIG,3410,3320,3410,3410,3167.066162109375,122040,416156400
2016-08-16,DIG,3450,3360,3360,3450,3208.738037109375,375600,1295820000
2016-08-17,DIG,3490,3450,3450,3450,3208.738037109375,145260,501147000
2016-08-18,DIG,3450,3360,3410,3450,3208.738037109375,132560,457332000
2016-08-19,DIG,3450,3360,3410,3410,3167.066162109375,81290,277198900
2016-08-22,DIG,3410,3320,3410,3320,3083.722412109375,316140,1049584800
2016-08-23,DIG,3450,3320,3360,3450,3208.738037109375,122280,421866000
2016-08-24,DIG,3410,3360,3360,3360,3125.39453125,41080,138028800
2016-08-25,DIG,3360,3320,3360,3360,3125.39453125,102720,345139200
2016-08-26,DIG,3410,3320,3360,3360,3125.39453125,162160,544857600
2016-08-29,DIG,3410,3270,3360,3360,3125.39453125,219690,738158400
2016-08-30,DIG,3360,3270,3320,3360,3125.39453125,94810,318561600
2016-08-31,DIG,3450,3360,3360,3450,3208.738037109375,384930,1328008500
2016-09-01,DIG,3450,3410,3450,3450,3208.738037109375,106660,367977000
2016-09-05,DIG,3410,3360,3410,3360,3125.39453125,239170,803611200
2016-09-06,DIG,3450,3360,3410,3410,3167.066162109375,151020,514978200
2016-09-07,DIG,3410,3360,3410,3410,3167.066162109375,126490,431330900
2016-09-08,DIG,3450,3360,3410,3450,3208.738037109375,182860,630867000
2016-09-09,DIG,3450,3410,3410,3450,3208.738037109375,71450,246502500
2016-09-12,DIG,3450,3370,3370,3410,3167.066162109375,81770,278835700
2016-09-13,DIG,3410,3180,3410,3270,3042.05029296875,126030,412118100
2016-09-14,DIG,3350,3270,3270,3270,3042.05029296875,196370,642129900
2016-09-15,DIG,3320,3230,3270,3240,3004.545654296875,131640,426513600
2016-09-16,DIG,3270,3220,3230,3270,3037.88330078125,52570,171903900
2016-09-19,DIG,3280,3130,3280,3130,2917.03466796875,294070,920439100
2016-09-20,DIG,3200,3160,3180,3180,2958.706787109375,55290,175822200
2016-09-21,DIG,3250,3190,3250,3230,3000.378662109375,167840,542123200
2016-09-22,DIG,3270,3190,3270,3230,3000.378662109375,124080,400778400
2016-09-23,DIG,3220,3190,3190,3220,2992.0439453125,106550,343091000
2016-09-26,DIG,3230,3160,3180,3160,2937.870849609375,84340,266514400
2016-09-27,DIG,3230,3120,3230,3130,2917.03466796875,171540,536920200
2016-09-28,DIG,3180,3100,3100,3160,2937.870849609375,161660,510845600
2016-09-29,DIG,3150,3130,3130,3140,2929.536376953125,110180,345965200
2016-09-30,DIG,3190,3140,3160,3190,2967.040771484375,87350,278646500
2016-10-03,DIG,3220,3190,3200,3200,2971.2080078125,38760,124032000
2016-10-04,DIG,3230,3140,3200,3200,2971.2080078125,142750,456800000
2016-10-05,DIG,3200,3140,3150,3200,2975.37548828125,92880,297216000
2016-10-06,DIG,3200,3140,3150,3140,2929.536376953125,44170,138693800
2016-10-07,DIG,3190,3130,3160,3170,2950.372314453125,148940,472139800
2016-10-10,DIG,3230,3160,3160,3180,2958.706787109375,82340,261841200
2016-10-11,DIG,3190,3150,3160,3180,2954.53955078125,117220,372759600
2016-10-12,DIG,3360,3150,3210,3360,3125.39453125,528430,1775524800
2016-10-13,DIG,3360,3240,3240,3350,3121.227294921875,130100,435835000
2016-10-14,DIG,3360,3320,3350,3350,3121.227294921875,196630,658710500
2016-10-17,DIG,3350,3290,3350,3320,3083.722412109375,164290,545442800
2016-10-18,DIG,3450,3290,3360,3320,3087.8896484375,174120,578078400
2016-10-19,DIG,3350,3310,3320,3310,3075.38818359375,151900,502789000
2016-10-20,DIG,3350,3280,3350,3310,3075.38818359375,82240,272214400
2016-10-21,DIG,3330,3270,3270,3320,3083.722412109375,114690,380770800
2016-10-24,DIG,3320,3290,3320,3290,3062.886474609375,76620,252079800
2016-10-25,DIG,3340,3280,3280,3320,3083.722412109375,126450,419814000
2016-10-26,DIG,3340,3230,3330,3290,3062.886474609375,114540,376836600
2016-10-27,DIG,3310,3230,3230,3290,3062.886474609375,28530,93863700
2016-10-28,DIG,3320,3290,3290,3320,3083.722412109375,129270,429176400
2016-10-31,DIG,3390,3320,3340,3390,3154.564453125,204010,691593900
2016-11-01,DIG,3400,3270,3320,3380,3142.063232421875,85720,289733600
2016-11-02,DIG,3370,3340,3370,3350,3121.227294921875,33470,112124500
2016-11-03,DIG,3350,3230,3230,3350,3112.892822265625,92610,310243500
2016-11-04,DIG,3360,3320,3350,3320,3083.722412109375,39580,131405600
2016-11-07,DIG,3290,3230,3290,3230,3000.378662109375,248250,801847500
2016-11-08,DIG,3310,3220,3230,3310,3079.55517578125,147030,486669300
2016-11-09,DIG,3320,3100,3270,3260,3033.716064453125,174830,569945800
2016-11-10,DIG,3340,3250,3290,3340,3104.558349609375,536230,1791008200
2016-11-11,DIG,3350,3310,3350,3340,3104.558349609375,161200,538408000
2016-11-14,DIG,3350,3320,3350,3340,3104.558349609375,212830,710852200
2016-11-15,DIG,3370,3350,3350,3360,3125.39453125,412530,1386100800
2016-11-16,DIG,3590,3360,3410,3590,3342.088134765625,1556280,5587045200
2016-11-17,DIG,3720,3630,3680,3680,3425.432373046875,559390,2058555200
2016-11-18,DIG,3690,3610,3680,3680,3425.432373046875,407330,1498974400
2016-11-21,DIG,3680,3600,3680,3680,3412.9306640625,439760,1618316800
2016-11-22,DIG,3680,3590,3600,3650,3392.094482421875,230670,841945500
2016-11-23,DIG,3680,3520,3680,3520,3271.24609375,438920,1544998400
2016-11-24,DIG,3530,3360,3460,3410,3167.066162109375,512950,1749159500
2016-11-25,DIG,3430,3370,3410,3420,3175.400634765625,384040,1313416800
2016-11-28,DIG,3590,3410,3550,3450,3204.57080078125,308980,1065981000
2016-11-29,DIG,3510,3450,3510,3460,3225.406982421875,270720,936691200
2016-11-30,DIG,3540,3460,3470,3520,3275.413330078125,242890,854972800
2016-12-01,DIG,3570,3520,3540,3550,3292.08203125,387070,1374098500
2016-12-02,DIG,3570,3440,3570,3500,3254.5771484375,141070,493745000
2016-12-05,DIG,3540,3450,3540,3490,3250.41015625,101520,354304800
2016-12-06,DIG,3510,3420,3450,3490,3250.41015625,142300,496627000
2016-12-07,DIG,3490,3420,3490,3460,3217.072509765625,16650,57609000
2016-12-08,DIG,3470,3280,3420,3450,3208.738037109375,55230,190543500
2016-12-09,DIG,3460,3310,3310,3410,3167.066162109375,54070,184378700
2016-12-12,DIG,3360,3190,3290,3190,2967.040771484375,265690,847551100
2016-12-13,DIG,3260,3190,3230,3190,2967.040771484375,380640,1214241600
2016-12-14,DIG,3280,3130,3130,3180,2958.706787109375,130690,415594200
2016-12-15,DIG,3280,3160,3160,3250,3025.3818359375,112850,366762500
2016-12-16,DIG,3300,3270,3270,3280,3050.385009765625,139580,457822400
2016-12-19,DIG,3430,3280,3360,3410,3167.066162109375,133650,455746500
2016-12-20,DIG,3550,3410,3410,3490,3250.41015625,452420,1578945800
2016-12-21,DIG,3560,3450,3500,3540,3283.747802734375,163760,579710400
2016-12-22,DIG,3540,3390,3470,3500,3258.74462890625,278670,975345000
2016-12-23,DIG,3530,3450,3530,3470,3233.7412109375,114560,397523200
2016-12-26,DIG,3490,3420,3490,3450,3208.738037109375,105970,365596500
2016-12-27,DIG,3460,3440,3450,3450,3208.738037109375,145850,503182500
2016-12-28,DIG,3490,3410,3490,3450,3208.738037109375,198560,685032000
2016-12-29,DIG,3490,3410,3490,3450,3208.738037109375,140770,485656500
2016-12-30,DIG,3480,3420,3470,3440,3187.90234375,116000,399040000
2017-01-03,DIG,3450,3420,3420,3440,3187.90234375,30290,104197600
2017-01-04,DIG,3450,3390,3420,3450,3208.738037109375,168920,582774000
2017-01-05,DIG,3520,3460,3480,3460,3221.23974609375,183040,633318400
2017-01-06,DIG,3510,3490,3510,3510,3262.911865234375,141470,496559700
2017-01-09,DIG,3590,3500,3510,3590,3333.75390625,235220,844439800
2017-01-10,DIG,3630,3520,3630,3590,3333.75390625,259830,932789700
2017-01-11,DIG,3580,3530,3580,3570,3312.918212890625,126280,450819600
2017-01-12,DIG,3550,3490,3550,3540,3287.9150390625,223070,789667800
2017-01-13,DIG,3550,3490,3530,3550,3292.08203125,119850,425467500
2017-01-16,DIG,3550,3480,3510,3540,3287.9150390625,96420,341326800
2017-01-17,DIG,3550,3440,3550,3540,3283.747802734375,159730,565444200
2017-01-18,DIG,3570,3440,3570,3530,3279.580322265625,248880,878546400
2017-01-19,DIG,3530,3450,3450,3530,3279.580322265625,76520,270115600
2017-01-20,DIG,3530,3470,3520,3520,3275.413330078125,207190,729308800
2017-01-23,DIG,3550,3490,3540,3520,3275.413330078125,24310,85571200
2017-01-24,DIG,3540,3390,3540,3390,3150.3974609375,173420,587893800
2017-01-25,DIG,3530,3430,3530,3460,3221.23974609375,157960,546541600
2017-02-02,DIG,3550,3440,3550,3450,3221.23974609375,81060,279657000
2017-02-03,DIG,3450,3420,3450,3420,3175.400634765625,147100,503082000
2017-02-06,DIG,3450,3370,3410,3450,3204.57080078125,85270,294181500
2017-02-07,DIG,3490,3360,3490,3380,3146.230224609375,232490,785816200
2017-02-08,DIG,3440,3360,3360,3360,3125.39453125,188110,632049600
2017-02-09,DIG,3410,3360,3390,3380,3142.063232421875,452890,1530768200
2017-02-10,DIG,3450,3370,3430,3400,3162.89892578125,358120,1217608000
2017-02-13,DIG,3430,3390,3410,3410,3167.066162109375,206340,703619400
2017-02-14,DIG,3640,3420,3440,3550,3292.08203125,1003040,3560792000
2017-02-15,DIG,3630,3520,3570,3550,3296.249267578125,1519760,5395148000
2017-02-16,DIG,3590,3510,3590,3510,3262.911865234375,455380,1598383800
2017-02-17,DIG,3520,3470,3510,3510,3262.911865234375,227780,799507800
2017-02-20,DIG,3720,3510,3510,3670,3404.59619140625,1199190,4401027300
2017-02-21,DIG,3760,3660,3680,3700,3437.933837890625,1089290,4030373000
2017-02-22,DIG,3880,3680,3700,3790,3529.61181640625,1611110,6106106900
2017-02-23,DIG,3830,3740,3810,3750,3487.940185546875,784130,2940487500
2017-02-24,DIG,3800,3750,3780,3750,3487.940185546875,572630,2147362500
2017-02-27,DIG,3870,3700,3750,3810,3542.11328125,1338310,5098961100
2017-02-28,DIG,3900,3800,3860,3810,3542.11328125,1082260,4123410600
2017-03-01,DIG,3830,3750,3830,3760,3500.44189453125,532280,2001372800
2017-03-02,DIG,3920,3760,3810,3910,3642.126220703125,1506840,5891744400
2017-03-03,DIG,3920,3880,3910,3900,3633.791748046875,700920,2733588000
2017-03-06,DIG,4050,3900,3900,4040,3750.47314453125,1888160,7628166400
2017-03-07,DIG,4090,4010,4010,4040,3750.47314453125,2691360,10873094400
2017-03-08,DIG,4050,4000,4040,4000,3712.968505859375,702390,2809560000
2017-03-09,DIG,4000,3910,4000,3940,3667.12939453125,760290,2995542600
2017-03-10,DIG,3980,3890,3940,3890,3612.955810546875,1525980,5936062200
2017-03-13,DIG,3990,3860,3860,3980,3696.299560546875,580760,2311424800
2017-03-14,DIG,4010,3860,3940,3930,3658.794921875,306150,1203169500
2017-03-15,DIG,3970,3930,3940,3930,3658.794921875,457700,1798761000
2017-03-16,DIG,4010,3940,3940,3990,3708.80126953125,546880,2182051200
2017-03-17,DIG,4270,4010,4010,4240,3946.331298828125,2848320,12076876800
2017-03-20,DIG,4350,4260,4350,4280,3975.501708984375,1004780,4300458400
2017-03-21,DIG,4350,4220,4280,4280,3975.501708984375,945050,4044814000
2017-03-22,DIG,4260,4080,4260,4080,3792.14501953125,1362200,5557776000
2017-03-23,DIG,4120,4010,4040,4090,3804.646728515625,601690,2460912100
2017-03-24,DIG,4140,4050,4090,4080,3792.14501953125,283630,1157210400
2017-03-27,DIG,4100,4040,4090,4040,3750.47314453125,646360,2611294400
2017-03-28,DIG,4080,3890,4080,3970,3687.96533203125,660150,2620795500
2017-03-29,DIG,4019,3940,4019,3940,3667.12939453125,234240,922905600
2017-03-30,DIG,3990,3950,3970,3950,3671.296630859375,308740,1219523000
2017-03-31,DIG,3970,3890,3950,3890,3612.955810546875,238610,928192900
2017-04-03,DIG,4100,3860,3890,3950,3671.296630859375,745340,2944093000
2017-04-04,DIG,4030,3930,4030,3950,3671.296630859375,321000,1267950000
2017-04-05,DIG,3960,3830,3830,3940,3667.12939453125,660570,2602645800
2017-04-07,DIG,3940,3880,3900,3940,3667.12939453125,255760,1007694400
2017-04-10,DIG,4010,3900,3940,3900,3633.791748046875,173210,675519000
2017-04-11,DIG,4160,3900,3900,4080,3792.14501953125,1231180,5023214400
2017-04-12,DIG,4160,4040,4120,4080,3792.14501953125,875660,3572692800
2017-04-13,DIG,4220,4050,4100,4140,3850.485595703125,1513890,6267504600
2017-04-14,DIG,4150,4040,4080,4120,3833.81689453125,790280,3255953600
2017-04-17,DIG,4210,4080,4200,4080,3792.14501953125,789300,3220344000
2017-04-18,DIG,4090,4000,4050,4080,3792.14501953125,706160,2881132800
2017-04-19,DIG,4120,4040,4120,4040,3754.640380859375,565850,2286034000
2017-04-20,DIG,4320,4040,4040,4240,3946.331298828125,2472230,10482255200
2017-04-21,DIG,4350,4170,4240,4350,4042.1767578125,836010,3636643500
2017-04-24,DIG,4620,4350,4360,4480,4167.1923828125,2535500,11359040000
2017-04-25,DIG,4550,4360,4550,4360,4063.0126953125,926170,4038101200
2017-04-26,DIG,4660,4390,4390,4660,4333.8798828125,2637850,12292381000
2017-04-27,DIG,4930,4680,4730,4680,4354.7158203125,2623380,12277418400
2017-04-28,DIG,4840,4660,4680,4780,4354.7158203125,1440440,6885303200
2017-05-03,DIG,4680,4510,4570,4620,4292.20849609375,2731200,12618144000
2017-05-04,DIG,4930,4660,4660,4930,4583.91162109375,3670330,18094726900
2017-05-05,DIG,5270,5020,5070,5250,4875.615234375,2526850,13265962500
2017-05-08,DIG,5570,5250,5290,5270,4896.451171875,2968680,15644943600
2017-05-09,DIG,5470,5110,5290,5410,5021.466796875,2004060,10841964600
2017-05-10,DIG,5490,5070,5490,5070,4708.92724609375,2835480,14375883600
2017-05-11,DIG,5290,5070,5070,5180,4813.107421875,2172790,11255052200
2017-05-12,DIG,5380,5180,5200,5270,4896.451171875,1095000,5770650000
2017-05-15,DIG,5630,5270,5270,5560,5167.31884765625,2407350,13384866000
2017-05-16,DIG,5600,5290,5600,5310,4938.123046875,2337240,12410744400
2017-05-17,DIG,5470,5180,5250,5360,4979.794921875,1786200,9574032000
2017-05-18,DIG,5360,5180,5220,5250,4875.615234375,1737520,9121980000
2017-05-19,DIG,5290,5110,5250,5180,4813.107421875,1095600,5675208000
2017-05-22,DIG,5360,5110,5130,5110,4750.599609375,1459860,7459884600
2017-05-23,DIG,5150,5000,5110,5110,4750.599609375,2089760,10678673600
2017-05-24,DIG,5220,5070,5220,5150,4792.271484375,822310,4234896500
2017-05-25,DIG,5360,5150,5150,5270,4896.451171875,1154370,6083529900
2017-05-26,DIG,5330,5200,5270,5220,4854.77880859375,579450,3024729000
2017-05-29,DIG,5570,5090,5180,5570,5188.15478515625,2593710,14446964700
2017-05-30,DIG,5970,5600,5740,5760,5354.841796875,4735300,27275328000
2017-05-31,DIG,5910,5600,5740,5740,5334.00634765625,1652800,9487072000
2017-06-01,DIG,5780,5600,5650,5690,5292.33447265625,1213430,6904416700
2017-06-02,DIG,6050,5690,5740,5990,5563.2021484375,3439410,20602065900
2017-06-05,DIG,6070,5880,6070,5970,5542.3662109375,1147360,6849739200
2017-06-06,DIG,6140,5890,6050,6010,5584.03759765625,1518340,9125223400
2017-06-07,DIG,6210,6010,6100,6170,5729.88916015625,1624940,10025879800
2017-06-08,DIG,6570,6120,6230,6500,6042.4287109375,2733520,17767880000
2017-06-09,DIG,6730,6230,6500,6360,5917.41357421875,1702090,10825292400
2017-06-12,DIG,6540,6230,6280,6460,6000.75732421875,1406770,9087734200
2017-06-13,DIG,6620,6410,6410,6540,6084.1005859375,1500650,9814251000
2017-06-14,DIG,6590,6390,6540,6430,5979.9208984375,932700,5997261000
2017-06-15,DIG,6430,6190,6430,6340,5896.57763671875,1835230,11635358200
2017-06-16,DIG,6410,6300,6340,6360,5917.41357421875,615110,3912099600
2017-06-19,DIG,6430,6360,6360,6410,5959.0849609375,603030,3865422300
2017-06-20,DIG,6670,6480,6540,6540,6084.1005859375,1399600,9153384000
2017-06-21,DIG,6540,6320,6540,6390,5938.2490234375,830660,5307917400
2017-06-22,DIG,6500,6300,6390,6320,5875.74169921875,1503510,9502183200
2017-06-23,DIG,6540,6230,6300,6390,5938.2490234375,1099470,7025613300
2017-06-26,DIG,6460,6320,6390,6340,5896.57763671875,753190,4775224600
2017-06-27,DIG,6590,6320,6340,6430,5979.9208984375,1078330,6933661900
2017-06-28,DIG,6590,6410,6410,6540,6084.1005859375,1500070,9810457800
2017-06-29,DIG,6990,6670,6730,6990,6500.8203125,2896350,20245486500
2017-06-30,DIG,7150,6880,7040,6990,6500.8203125,954150,6669508500
2017-07-03,DIG,7100,6880,6900,7080,6584.1640625,742790,5258953200
2017-07-04,DIG,7040,6900,6990,7010,6521.65625,965770,6770047700
2017-07-05,DIG,7220,6900,6990,7070,6563.328125,958830,6778928100
2017-07-06,DIG,7220,7070,7080,7150,6646.67236328125,871840,6233656000
2017-07-07,DIG,7150,6730,7150,6900,6417.47607421875,1352550,9332595000
2017-07-10,DIG,6950,6640,6860,6950,6459.14794921875,1616450,11234327500
2017-07-11,DIG,7010,6730,6950,6900,6417.47607421875,750280,5176932000
2017-07-12,DIG,6950,6730,6950,6750,6271.625,1480160,9991080000
2017-07-13,DIG,6880,6700,6730,6770,6271.625,948680,6422563600
2017-07-14,DIG,6810,6730,6770,6750,6271.625,675710,4561042500
2017-07-17,DIG,6930,6670,6670,6810,6334.13232421875,1099050,7484530500
2017-07-18,DIG,6880,6770,6770,6810,6334.13232421875,712930,4855053300
2017-07-19,DIG,6860,6730,6770,6790,6313.29638671875,506130,3436622700
2017-07-20,DIG,6790,6730,6790,6750,6271.625,583580,3939165000
2017-07-21,DIG,6750,6360,6730,6460,6000.75732421875,1504430,9718617800
2017-07-24,DIG,6500,6230,6280,6390,5938.2490234375,646330,4130048700
2017-07-25,DIG,6670,6300,6300,6670,6209.11669921875,564060,3762280200
2017-07-26,DIG,6860,6650,6670,6750,6271.625,437520,2953260000
2017-07-27,DIG,6810,6650,6770,6730,6250.7890625,552690,3719603700
2017-07-28,DIG,6900,6540,6640,6810,6334.13232421875,822190,5599113900
2017-07-31,DIG,6860,6730,6860,6730,6250.7890625,676320,4551633600
2017-08-01,DIG,6770,6700,6730,6730,6250.7890625,482350,3246215500
2017-08-02,DIG,6810,6590,6730,6770,6292.46044921875,402680,2726143600
2017-08-03,DIG,6790,6670,6730,6770,6292.46044921875,424790,2875828300
2017-08-04,DIG,7080,6730,6730,6990,6500.8203125,1652000,11547480000
2017-08-07,DIG,7460,6990,6990,7410,6896.70361328125,2953490,21885360900
2017-08-08,DIG,7410,7120,7410,7300,6792.5234375,674940,4927062000
2017-08-09,DIG,7260,6900,7180,6950,6459.14794921875,1990020,13830639000
2017-08-10,DIG,7010,6880,6950,7010,6521.65625,501750,3517267500
2017-08-11,DIG,7120,6930,7010,7040,6542.4921875,499420,3515916800
2017-08-14,DIG,7460,7040,7040,7460,6938.37548828125,1784290,13310803400
2017-08-15,DIG,7560,7180,7490,7180,6667.5078125,1602260,11504226800
2017-08-16,DIG,7280,7010,7180,7180,6667.5078125,1196400,8590152000
2017-08-17,DIG,7330,7040,7220,7080,6584.1640625,955810,6767134800
2017-08-18,DIG,7220,7070,7070,7080,6584.1640625,665860,4714288800
2017-08-21,DIG,7220,7070,7080,7080,6584.1640625,798700,5654796000
2017-08-22,DIG,7150,6950,7080,6990,6500.8203125,1004930,7024460700
2017-08-23,DIG,7070,6900,6990,6900,6417.47607421875,706540,4875126000
2017-08-24,DIG,6990,6840,6900,6900,6417.47607421875,926120,6390228000
2017-08-25,DIG,7070,6860,6930,6970,6479.984375,795690,5545959300
2017-08-28,DIG,7280,6900,6970,7120,6625.83642578125,1115320,7941078400
2017-08-29,DIG,7180,7070,7120,7120,6625.83642578125,636110,4529103200
2017-08-30,DIG,7120,6990,7080,6990,6500.8203125,565140,3950328600
2017-08-31,DIG,7010,6950,6950,6990,6500.8203125,706260,4936757400
2017-09-01,DIG,7180,6990,6990,7180,6667.5078125,914480,6565966400
2017-09-05,DIG,7180,7040,7180,7080,6584.1640625,437660,3098632800
2017-09-06,DIG,7080,7040,7080,7080,6584.1640625,619440,4385635200
2017-09-07,DIG,7080,6990,7010,6990,6500.8203125,550790,3850022100
2017-09-08,DIG,7080,6930,6990,7040,6542.4921875,312750,2201760000
2017-09-11,DIG,7080,6930,6950,6990,6500.8203125,404070,2824449300
2017-09-12,DIG,7040,6790,6930,6950,6459.14794921875,897110,6234914500
2017-09-13,DIG,7010,6900,6950,6950,6459.14794921875,220030,1529208500
2017-09-14,DIG,7040,6950,6950,6970,6479.984375,440730,3071888100
2017-09-15,DIG,6990,6950,6950,6970,6479.984375,382070,2663027900
2017-09-18,DIG,7180,6950,6990,7120,6625.83642578125,1051200,7484544000
2017-09-19,DIG,7150,7040,7080,7040,6542.4921875,350720,2469068800
2017-09-20,DIG,7120,7040,7070,7120,6625.83642578125,261180,1859601600
2017-09-21,DIG,7180,7040,7180,7080,6584.1640625,225880,1599230400
2017-09-22,DIG,7120,7040,7040,7120,6625.83642578125,405860,2889723200
2017-09-25,DIG,7460,7100,7120,7240,6730.015625,4261670,30854490800
2017-09-26,DIG,7350,7180,7240,7240,6730.015625,1090640,7896233600
2017-09-27,DIG,7350,7100,7240,7100,6605.00048828125,1319450,9368095000
2017-09-28,DIG,7180,7040,7080,7100,6605.00048828125,1360300,9658130000
2017-09-29,DIG,7150,7080,7100,7120,6625.83642578125,641690,4568832800
2017-10-02,DIG,7220,7040,7120,7080,6584.1640625,725520,5136681600
2017-10-03,DIG,7080,6990,7080,7080,6584.1640625,888800,6292704000
2017-10-04,DIG,7120,7010,7010,7080,6584.1640625,285780,2023322400
2017-10-05,DIG,7300,7080,7080,7150,6646.67236328125,1988370,14216845500
2017-10-06,DIG,7220,7100,7180,7150,6646.67236328125,356420,2548403000
2017-10-09,DIG,7220,7150,7150,7220,6709.1796875,632570,4567155400
2017-10-10,DIG,7490,7120,7190,7400,6875.86767578125,1939760,14354224000
2017-10-11,DIG,7510,7330,7400,7380,6855.03173828125,1272710,9392599800
2017-10-12,DIG,7400,7240,7380,7240,6730.015625,793070,5741826800
2017-10-13,DIG,7300,7180,7260,7260,6750.8515625,718010,5212752600
2017-10-16,DIG,7410,7260,7300,7300,6792.5234375,987170,7206341000
2017-10-17,DIG,7400,7330,7350,7350,6834.1953125,1388540,10205769000
2017-10-18,DIG,7380,7180,7330,7180,6667.5078125,2053000,14740540000
2017-10-19,DIG,7260,7100,7180,7220,6709.1796875,943150,6809543000
2017-10-20,DIG,7350,7220,7260,7260,6750.8515625,644230,4677109800
2017-10-23,DIG,7260,7150,7260,7180,6667.5078125,949850,6819923000
2017-10-24,DIG,7260,7180,7180,7240,6730.015625,549430,3977873200
2017-10-25,DIG,7280,7220,7240,7240,6730.015625,596930,4321773200
2017-10-26,DIG,7280,7190,7240,7220,6709.1796875,463010,3342932200
2017-10-27,DIG,7280,7190,7190,7280,6771.6875,624830,4548762400
2017-10-30,DIG,7410,7260,7410,7280,6771.68798828125,601700,4380376000
2017-10-31,DIG,7330,7240,7280,7280,6771.68798828125,243740,1774427200
2017-11-01,DIG,7330,7240,7280,7240,6728.8291015625,328670,2379570800
2017-11-02,DIG,7240,6750,7240,6750,6278.81201171875,3136080,21168540000
2017-11-03,DIG,7000,6540,6800,6960,6471.67626953125,1964510,13672989600
2017-11-06,DIG,7000,6850,6960,6860,6385.958984375,419550,2878113000
2017-11-07,DIG,6920,6750,6820,6920,6428.81787109375,589310,4078025200
2017-11-08,DIG,7000,6800,6820,7000,6514.53466796875,430270,3011890000
2017-11-09,DIG,7470,6980,7000,7380,6857.4052734375,3001240,22149151200
2017-11-10,DIG,7840,7330,7380,7630,7093.12890625,3067560,23405482800
2017-11-13,DIG,7880,7580,7740,7680,7135.98779296875,2386740,18330163200
2017-11-14,DIG,7970,7610,7700,7720,7178.84619140625,4131680,31896569600
2017-11-15,DIG,8020,7380,7840,7380,6857.4052734375,7966760,58794688800
2017-11-16,DIG,7700,7410,7470,7700,7157.4169921875,3166560,24382512000
2017-11-17,DIG,7820,7490,7820,7520,6985.9814453125,2052980,15438409600
2017-11-20,DIG,7610,7410,7610,7490,6964.55224609375,1671410,12518860900
2017-11-21,DIG,7740,7490,7490,7650,7114.55810546875,4356870,33330055500
2017-11-22,DIG,7930,7610,7610,7840,7285.9931640625,4819290,37783233600
2017-11-23,DIG,8300,7840,7930,7960,7393.14013671875,6213470,49459221200
2017-11-24,DIG,8200,7970,8039,8109,7543.14599609375,6583430,53385033870
2017-11-27,DIG,8660,8300,8480,8300,7714.5810546875,4936910,40976353000
2017-11-28,DIG,8870,8170,8390,8870,8250.3154296875,128443910,1139297481700
2017-11-29,DIG,9480,8900,9200,9480,8807.48046875,6369270,60380679600
2017-11-30,DIG,9940,9130,9550,9170,8528.8974609375,4459310,40891872700
2017-12-01,DIG,9590,8940,9080,9520,8850.3388671875,6597890,62811912800
2017-12-04,DIG,9770,9520,9590,9690,9000.3447265625,3585410,34742622900
2017-12-05,DIG,9690,9220,9690,9220,8571.755859375,4032090,37175869800
2017-12-06,DIG,9270,8960,9220,9060,8421.7509765625,4775000,43261500000
2017-12-07,DIG,9450,9040,9040,9400,8743.19140625,1637630,15393722000
2017-12-08,DIG,9830,9500,9550,9690,9000.3447265625,4867660,47167625400
2017-12-11,DIG,10180,9400,9450,9720,9043.203125,3878540,37699408800
2017-12-12,DIG,9860,9220,9840,9690,9000.3447265625,4193710,40637049900
2017-12-13,DIG,10050,9690,9750,9840,9150.3505859375,1647010,16206578400
2017-12-14,DIG,9960,9800,9860,9840,9150.3505859375,936520,9215356800
2017-12-15,DIG,10050,9800,9890,9860,9171.7802734375,1687610,16639834600
2017-12-18,DIG,9940,9690,9940,9690,9000.3447265625,2151270,20845806300
2017-12-19,DIG,9660,9220,9630,9450,8786.05078125,8058870,76156321500
2017-12-20,DIG,9830,9420,9520,9690,9000.3447265625,1658860,16074353400
2017-12-21,DIG,9940,9630,9690,9940,9236.0673828125,1251510,12440009400
2017-12-22,DIG,9840,9610,9830,9630,8957.486328125,1311520,12629937600
2017-12-25,DIG,9770,9400,9590,9400,8743.19140625,1708180,16056892000
2017-12-26,DIG,9480,9310,9400,9340,8678.904296875,1222600,11419084000
2017-12-27,DIG,9450,9310,9340,9340,8678.904296875,948420,8858242800
2017-12-28,DIG,9480,9200,9340,9400,8743.19140625,2305980,21676212000
2017-12-29,DIG,9610,9390,9390,9500,8828.9091796875,1724040,16378380000
2018-01-02,DIG,9610,9500,9560,9590,8914.626953125,883360,8471422400
2018-01-03,DIG,10050,9590,9610,9960,9257.4970703125,3305720,32924971200
2018-01-04,DIG,10650,10030,10070,10510,9771.802734375,3965060,41672780600
2018-01-05,DIG,10910,10380,10670,10510,9771.802734375,2875060,30216880600
2018-01-08,DIG,10790,10420,10510,10600,9857.5205078125,4018670,42597902000
2018-01-09,DIG,11020,10510,10830,10970,10200.390625,3299510,36195624700
2018-01-10,DIG,11210,10810,11070,10970,10200.390625,2945650,32313780500
2018-01-11,DIG,11020,10810,10860,10930,10157.53125,2411000,26352230000
2018-01-12,DIG,11290,10600,10700,10700,9943.23828125,3958000,42350600000
2018-01-15,DIG,10970,10650,10700,10830,10071.8134765625,3059400,33133302000
2018-01-16,DIG,11020,10600,10830,10830,10071.8134765625,2008940,21756820200
2018-01-17,DIG,10830,10420,10420,10420,9686.0849609375,3315830,34550948600
2018-01-18,DIG,10530,10030,10280,10450,9707.513671875,5618870,58717191500
2018-01-19,DIG,10670,10380,10600,10380,9643.2265625,2534480,26307902400
2018-01-22,DIG,10490,10260,10490,10390,9643.2265625,1803420,18737533800
2018-01-25,DIG,10830,10380,10390,10600,9857.5205078125,5055770,53591162000
2018-01-26,DIG,10830,10510,10720,10510,9771.802734375,3233700,33986187000
2018-01-29,DIG,10600,10350,10510,10510,9771.802734375,2060140,21652071400
2018-01-30,DIG,11230,10240,10240,11230,10436.11328125,6763820,75957698600
2018-01-31,DIG,12010,10450,11670,10450,9707.513671875,11441780,119566601000
2018-02-01,DIG,11150,10700,10790,11110,10328.966796875,4758970,52872156700
2018-02-02,DIG,11110,10740,11070,11020,10243.2490234375,1866850,20572687000
2018-02-05,DIG,10930,10260,10860,10260,9536.080078125,3966060,40691775600
2018-02-06,DIG,10180,9550,9590,9630,8957.486328125,6073460,58487419800
2018-02-07,DIG,10310,9910,10100,10280,9557.5087890625,2586270,26586855600
2018-02-08,DIG,10560,10100,10150,10320,9600.3671875,1642970,16955450400
2018-02-09,DIG,10030,9630,9660,9940,9236.0673828125,3522000,35008680000
2018-02-12,DIG,10420,10100,10180,10420,9686.0849609375,1108190,11547339800
2018-02-13,DIG,11020,10420,10600,10940,10178.9609375,2412670,26394609800
2018-02-21,DIG,11270,10880,10940,10970,10200.390625,1616910,17737502700
2018-02-22,DIG,11070,10790,10880,10810,10050.384765625,1253320,13548389200
2018-02-23,DIG,11000,10740,10910,11000,10221.8203125,1042550,11468050000
2018-02-26,DIG,11380,11040,11070,11110,10328.966796875,4362740,48470041400
2018-02-27,DIG,11210,10830,11150,11000,10221.8203125,3081900,33900900000
2018-02-28,DIG,11020,10910,10940,10970,10221.8203125,1808170,19835624900
2018-03-01,DIG,11730,10790,10830,11620,10800.4130859375,7535680,87564601600
2018-03-02,DIG,12430,11380,11530,12400,11529.0126953125,6768590,83930516000
2018-03-05,DIG,12730,12080,12450,12080,11229.0009765625,4587870,55421469600
2018-03-06,DIG,12680,12030,12130,12680,11786.1650390625,5905980,74887826400
2018-03-07,DIG,13010,12260,12630,12590,11700.447265625,4636250,58370387500
2018-03-08,DIG,12800,12380,12470,12380,11507.5830078125,3753250,46465235000
2018-03-09,DIG,12630,12380,12450,12400,11529.0126953125,2708890,33590236000
2018-03-12,DIG,13010,12360,12540,12730,11829.0244140625,2788070,35492131100
2018-03-13,DIG,13010,12680,12730,12910,12000.4599609375,2037890,26309159900
2018-03-14,DIG,13230,12730,13010,12730,11829.0244140625,3144210,40025793300
2018-03-15,DIG,12910,12400,12730,12540,11657.5888671875,3312930,41544142200
2018-03-16,DIG,12810,12430,12590,12680,11786.1650390625,2002230,25388276400
2018-03-19,DIG,13330,12680,12680,12950,12043.318359375,3895260,50443617000
2018-03-20,DIG,13010,12750,12910,12870,11957.6005859375,3536050,45508963500
2018-03-21,DIG,13120,12910,12910,13120,12193.32421875,4566830,59916809600
2018-03-22,DIG,13330,12930,13070,12950,12043.318359375,2450030,31727888500
2018-03-23,DIG,12800,12400,12540,12490,11614.73046875,4031930,50358805700
2018-03-26,DIG,12630,12450,12490,12520,11636.16015625,1218420,15254618400
2018-03-27,DIG,12810,12470,12630,12470,11593.30078125,1962070,24467012900
2018-03-28,DIG,12540,11760,12450,11760,10928.9892578125,5471840,64348838400
2018-03-29,DIG,12140,11760,11760,11990,11143.2841796875,3118560,37391534400
2018-03-30,DIG,12030,11810,12010,11840,11014.70703125,1505920,17830092800
2018-04-02,DIG,12190,11920,11940,12190,11336.1484375,2301400,28054066000
2018-04-03,DIG,12470,12190,12220,12310,11443.2958984375,1518040,18687072400
2018-04-04,DIG,12430,11990,12430,12030,11186.142578125,1486900,17887407000
2018-04-05,DIG,12110,11730,12080,11760,10928.9892578125,3607400,42423024000
2018-04-06,DIG,12080,11480,11840,11810,10971.8486328125,2559610,30228994100
2018-04-09,DIG,12010,11690,11810,11900,11057.56640625,1624290,19329051000
2018-04-10,DIG,11940,11270,11940,11290,10500.40234375,4183430,47230924700
2018-04-11,DIG,11320,10510,11320,10650,9900.37890625,4946920,52684698000
2018-04-12,DIG,11070,10650,10830,11020,10243.2490234375,2356000,25963120000
2018-04-13,DIG,11270,10740,11040,11040,10264.6787109375,1900780,20984611200
2018-04-16,DIG,10880,10700,10880,10740,9986.095703125,902830,9696394200
2018-04-17,DIG,10970,10620,10970,10770,10007.5263671875,1067940,11501713800
2018-04-18,DIG,10910,10530,10770,10560,9814.662109375,1234080,13031884800
2018-04-19,DIG,10420,9910,10380,10010,9300.35546875,2119210,21213292100
2018-04-20,DIG,10700,9830,10150,10700,9943.23828125,1666210,17828447000
2018-04-23,DIG,10930,9960,10650,10010,9300.35546875,1355780,13571357800
2018-04-24,DIG,10420,9910,10010,10150,9428.9326171875,1213600,12318040000
2018-04-26,DIG,10180,9770,10150,10180,9471.791015625,1292600,13158668000
2018-04-27,DIG,10380,9910,10240,10380,9643.2265625,953640,9898783200
2018-05-02,DIG,10420,10010,10240,10380,9643.2265625,740830,7689815400
2018-05-03,DIG,10260,9980,10150,10240,9514.6494140625,1168130,11961651200
2018-05-04,DIG,10320,10070,10240,10070,9364.64453125,1029750,10369582500
2018-05-07,DIG,10420,10050,10240,10380,9643.2265625,781500,8111970000
2018-05-08,DIG,10450,10150,10450,10150,9428.9326171875,570190,5787428500
2018-05-09,DIG,10150,9940,10150,9940,9236.0673828125,1239280,12318443200
2018-05-10,DIG,10070,9830,9940,10010,9300.35546875,951780,9527317800
2018-05-11,DIG,10050,9910,9960,9940,9236.0673828125,497950,4949623000
2018-05-14,DIG,10010,9860,9910,9940,9236.0673828125,455680,4529459200
2018-05-15,DIG,10280,9830,9940,10030,9321.78515625,1260530,12643115900
2018-05-16,DIG,10700,9960,10030,10560,9814.662109375,2611630,27578812800
2018-05-17,DIG,10770,10470,10700,10470,9728.9443359375,780340,8170159800
2018-05-18,DIG,10560,9940,10420,10150,9428.9326171875,947920,9621388000
2018-05-21,DIG,10490,10150,10150,10180,9471.791015625,718540,7314737200
2018-05-22,DIG,10280,9520,10010,9750,9064.6328125,1914690,18668227500
2018-05-23,DIG,9980,9550,9720,9980,9278.9267578125,978660,9767026800
2018-05-24,DIG,10050,9720,10050,9720,9043.203125,477230,4638675600
2018-05-25,DIG,9770,9550,9720,9550,8871.7685546875,1695400,16191070000
2018-05-28,DIG,9400,8900,9360,8900,8271.7451171875,2416500,21506850000
2018-05-29,DIG,9040,8280,8370,9010,8378.8916015625,3694710,33289337100
2018-05-30,DIG,8990,8600,8990,8600,7993.16357421875,902110,7758146000
2018-05-31,DIG,8940,8620,8690,8620,8014.59228515625,806370,6950909400
2018-06-01,DIG,8940,8620,8640,8940,8314.6044921875,1437640,12852501600
2018-06-04,DIG,9550,8990,8990,9360,8700.3330078125,1439470,13473439200
2018-06-05,DIG,9630,9220,9220,9630,8957.486328125,1452440,13986997200
2018-06-06,DIG,9890,9450,9690,9830,9128.9208984375,1273280,12516342400
2018-06-07,DIG,9770,9450,9690,9500,8828.9091796875,1276620,12127890000
2018-06-08,DIG,9500,9280,9500,9360,8700.3330078125,675770,6325207200
2018-06-11,DIG,9340,8760,9130,9080,8443.1806640625,1005130,9126580400
2018-06-12,DIG,9080,8520,9080,8730,8121.73974609375,1071950,9358123500
2018-06-13,DIG,8940,8730,8730,8780,8164.59765625,300690,2640058200
2018-06-14,DIG,8990,8730,8730,8800,8186.02783203125,398930,3510584000
2018-06-15,DIG,8960,8730,8930,8960,8336.033203125,521160,4669593600
2018-06-18,DIG,8960,8580,8800,8580,7971.7333984375,505400,4336332000
2018-06-19,DIG,8340,7970,8320,8020,7457.42822265625,3233760,25934755200
2018-06-20,DIG,8340,8020,8170,8250,7671.72216796875,893590,7372117500
2018-06-21,DIG,8340,8039,8340,8109,7543.14599609375,302950,2456621550
2018-06-22,DIG,8280,7930,7930,8280,7693.1513671875,470630,3896816400
2018-06-25,DIG,8850,8340,8340,8850,8228.88671875,1994310,17649643500
2018-06-26,DIG,9220,8760,8760,8900,8271.7451171875,2070500,18427450000
2018-06-27,DIG,9040,8660,8990,8800,8186.02783203125,1253710,11032648000
2018-06-28,DIG,8720,8440,8720,8440,7843.15771484375,1025400,8654376000
2018-06-29,DIG,8390,8070,8300,8170,7586.00439453125,1523910,12450344700
2018-07-02,DIG,8170,7610,8170,7650,7114.55810546875,1499550,11471557500
2018-07-03,DIG,7700,7120,7650,7120,6621.68212890625,2429070,17294978400
2018-07-04,DIG,7140,6640,6890,6680,6214.5234375,3357080,22425294400
2018-07-05,DIG,7060,6270,6680,6340,5893.08251953125,1886790,11962248600
2018-07-06,DIG,6750,6220,6410,6730,6257.38232421875,1711810,11520481300
2018-07-09,DIG,6860,6450,6730,6500,6043.0888671875,987200,6416800000
2018-07-10,DIG,6640,6450,6520,6450,6000.22998046875,811500,5234175000
2018-07-11,DIG,6320,6020,6300,6320,5871.6533203125,3233510,20435783200
2018-07-12,DIG,6540,6300,6320,6540,6085.947265625,1780470,11644273800
2018-07-13,DIG,6710,6570,6590,6680,6214.5234375,1453550,9709714000
2018-07-16,DIG,6780,6540,6780,6640,6171.66455078125,1338790,8889565600
2018-07-17,DIG,6650,6520,6520,6650,6193.09423828125,1475310,9810811500
2018-07-18,DIG,7120,6730,6730,7120,6621.68212890625,6290100,44785512000
2018-07-19,DIG,7560,7140,7280,7560,7028.84033203125,2343330,17715574800
2018-07-20,DIG,7540,7260,7380,7520,6985.9814453125,1836380,13809577600
2018-07-23,DIG,7520,7140,7380,7190,6685.97021484375,2395280,17222063200
2018-07-24,DIG,7190,6730,7190,7190,6685.97021484375,3821450,27476225500
2018-07-25,DIG,7190,6710,7120,6710,6235.953125,2108000,14144680000
2018-07-26,DIG,6980,6730,6890,6920,6428.81787109375,1475540,10210736800
2018-07-27,DIG,7380,6920,6920,7280,6771.68798828125,1853350,13492388000
2018-07-30,DIG,7560,7280,7280,7470,6943.123046875,1777310,13276505700
2018-07-31,DIG,7650,7380,7470,7380,6857.4052734375,1237610,9133561800
2018-08-01,DIG,7520,7330,7380,7440,6921.693359375,1613470,12004216800
2018-08-02,DIG,7440,7170,7410,7380,6857.4052734375,1135180,8377628400
2018-08-03,DIG,7540,7380,7380,7380,6857.4052734375,919250,6784065000
2018-08-06,DIG,7540,7280,7440,7280,6771.68798828125,1379150,10040212000
2018-08-07,DIG,7350,7100,7350,7100,6600.25244140625,959190,6810249000
2018-08-08,DIG,7260,7000,7100,7240,6728.8291015625,1006270,7285394800
2018-08-09,DIG,7720,7170,7190,7650,7114.55810546875,2340880,17907732000
2018-08-10,DIG,7700,7540,7680,7580,7050.27001953125,1224940,9285045200
2018-08-13,DIG,7820,7560,7610,7610,7071.69921875,1699830,12935706300
2018-08-14,DIG,7800,7650,7800,7650,7132.55859375,1250210,9564106500
2018-08-15,DIG,7680,7520,7650,7520,6996.267578125,1092560,8216051200
2018-08-16,DIG,7530,7310,7310,7460,6950.83740234375,762080,5685116800
2018-08-17,DIG,7750,7520,7520,7730,7200.70458984375,1195940,9244616200
2018-08-20,DIG,8180,7710,7730,8090,7541.431640625,3190220,25808879800
2018-08-21,DIG,8240,8050,8050,8150,7586.86181640625,1396440,11380986000
2018-08-22,DIG,8410,8119,8119,8240,7677.72265625,1590470,13105472800
2018-08-23,DIG,8270,8119,8150,8119,7564.146484375,1083800,8799372200
2018-08-24,DIG,8480,8050,8119,8330,7768.58349609375,1550180,12912999400
2018-08-27,DIG,8560,8240,8410,8290,7723.15283203125,1460270,12105638300
2018-08-28,DIG,8390,8210,8330,8240,7677.72265625,1160720,9564332800
2018-08-29,DIG,8440,8180,8240,8330,7768.58349609375,1342500,11183025000
2018-08-30,DIG,8440,8270,8270,8390,7814.01318359375,1144140,9599334600
2018-08-31,DIG,8710,8410,8440,8510,7927.58935546875,1861800,15843918000
2018-09-04,DIG,8710,8360,8530,8360,7791.29833984375,1072250,8964010000
2018-09-05,DIG,8410,8180,8330,8180,7609.5771484375,1639130,13408083400
2018-09-06,DIG,8290,8050,8290,8050,7496.00146484375,958240,7713832000
2018-09-07,DIG,8180,8000,8050,8150,7586.86181640625,679850,5540777500
2018-09-10,DIG,8240,7900,8180,7950,7405.140625,1405240,11171658000
2018-09-11,DIG,8150,7900,7950,8150,7586.86181640625,1687080,13749702000
2018-09-12,DIG,8410,8180,8240,8290,7723.15283203125,1592330,13200415700
2018-09-13,DIG,8390,8270,8360,8330,7768.58349609375,633830,5279803900
2018-09-14,DIG,8410,8180,8390,8330,7768.58349609375,1023380,8524755400
2018-09-17,DIG,8290,8150,8240,8150,7586.86181640625,784500,6393675000
2018-09-18,DIG,8210,7970,8000,8210,7655.00732421875,1784550,14651155500
2018-09-19,DIG,8480,8180,8240,8270,7700.4375,2806830,23212484100
2018-09-20,DIG,8630,8290,8290,8610,8018.44970703125,2648540,22803929400
2018-09-21,DIG,8680,8440,8630,8630,8041.16455078125,2304770,19890165100
2018-09-24,DIG,8780,8530,8780,8610,8018.44970703125,2067020,17797042200
2018-09-25,DIG,8950,8530,8610,8750,8154.74072265625,2965510,25948212500
2018-09-26,DIG,8950,8750,8780,8750,8154.74072265625,2331850,20403687500
2018-09-27,DIG,8830,8710,8750,8800,8200.1708984375,1415180,12453584000
2018-09-28,DIG,8830,8650,8780,8650,8063.8798828125,2019590,17469453500
2018-10-01,DIG,8680,8440,8610,8510,7927.58935546875,2019540,17186285400
2018-10-02,DIG,8630,8410,8440,8480,7904.87451171875,1167700,9902096000
2018-10-03,DIG,8680,8480,8480,8590,7995.73486328125,987810,8485287900
2018-10-04,DIG,8780,8590,8680,8780,8177.4560546875,1304560,11454036800
2018-10-05,DIG,8850,8630,8730,8680,8086.5947265625,1902650,16515002000
2018-10-08,DIG,8870,8530,8590,8680,8086.5947265625,3366990,29225473200
2018-10-09,DIG,8780,8650,8680,8710,8109.31103515625,2863320,24939517200
2018-10-10,DIG,8780,8560,8710,8560,7973.01953125,1476310,12637213600
2018-10-11,DIG,8290,7970,8090,7970,7427.85595703125,6901570,55005512900
2018-10-12,DIG,8119,7680,7800,8050,7496.00146484375,1240530,9986266500
2018-10-15,DIG,8050,7850,8050,7870,7336.9951171875,958320,7541978400
2018-10-16,DIG,8050,7830,7900,8000,7450.57080078125,1996370,15970960000
2018-10-17,DIG,8180,8050,8050,8150,7586.86181640625,1104280,8999882000
2018-10-18,DIG,8150,8050,8050,8090,7541.431640625,865300,7000277000
2018-10-19,DIG,8090,7850,7850,8050,7496.00146484375,1283640,10333302000
2018-10-22,DIG,8090,7490,8090,7490,6973.552734375,7334150,54932783500
2018-10-23,DIG,7460,7020,7310,7410,6905.4072265625,1906270,14125460700
2018-10-24,DIG,7410,6990,7260,6990,6519.24951171875,1265460,8845565400
2018-10-25,DIG,7100,6580,6580,7100,6610.10986328125,1517540,10774534000
2018-10-26,DIG,7240,6830,7220,6830,6360.24365234375,895590,6116879700
2018-10-29,DIG,6930,6680,6930,6700,6246.66796875,917090,6144503000
2018-10-30,DIG,6830,6430,6680,6650,6201.2373046875,836340,5561661000
2018-10-31,DIG,6930,6700,6700,6930,6451.10400390625,790110,5475462300
2018-11-01,DIG,6990,6780,6930,6780,6314.81298828125,700930,4752305400
2018-11-02,DIG,7020,6830,6830,6970,6496.5341796875,601390,4191688300
2018-11-05,DIG,7080,6900,6970,7080,6587.39501953125,462510,3274570800
2018-11-06,DIG,7290,7110,7110,7190,6700.970703125,976720,7022616800
2018-11-07,DIG,7190,6930,7190,7020,6541.96484375,513590,3605401800
2018-11-08,DIG,7220,7050,7220,7080,6587.39501953125,289610,2050438800
2018-11-09,DIG,7170,6930,7080,6930,6451.10400390625,416080,2883434400
2018-11-12,DIG,7080,6850,6930,6950,6473.8193359375,750960,5219172000
2018-11-13,DIG,7100,6850,6930,6950,6473.8193359375,885810,6156379500
2018-11-14,DIG,7100,6950,6950,6970,6496.5341796875,477000,3324690000
2018-11-15,DIG,7080,6870,6870,6950,6473.8193359375,562910,3912224500
2018-11-16,DIG,7110,6970,7020,7050,6564.6796875,734580,5178789000
2018-11-19,DIG,7520,7100,7100,7520,6996.267578125,1075710,8089339200
2018-11-20,DIG,7520,7390,7520,7410,6905.4072265625,625260,4633176600
2018-11-21,DIG,7580,7240,7290,7520,6996.267578125,1090450,8200184000
2018-11-22,DIG,7630,7460,7610,7520,6996.267578125,837390,6297172800
2018-11-23,DIG,7560,7370,7410,7520,6996.267578125,772920,5812358400
2018-11-26,DIG,7490,7410,7430,7460,6950.83740234375,611080,4558656800
2018-11-27,DIG,7520,7410,7460,7460,6950.83740234375,1289020,9616089200
2018-11-28,DIG,7530,7410,7460,7490,6973.552734375,905990,6785865100
2018-11-29,DIG,7610,7460,7490,7520,6996.267578125,1119700,8420144000
2018-11-30,DIG,7610,7460,7560,7610,7087.12841796875,1330190,10122745900
2018-12-03,DIG,7780,7650,7730,7710,7177.98876953125,1273000,9814830000
2018-12-04,DIG,7730,7530,7650,7530,7018.98291015625,1285730,9681546900
2018-12-05,DIG,7530,7340,7460,7490,6973.552734375,1635120,12247048800
2018-12-06,DIG,7560,7310,7460,7370,6859.97705078125,1426320,10511978400
2018-12-07,DIG,7680,7430,7460,7560,7041.6982421875,2192930,16578550800
2018-12-10,DIG,7560,7430,7460,7490,6973.552734375,722160,5408978400
2018-12-11,DIG,7680,7460,7490,7650,7132.55859375,1703690,13033228500
2018-12-12,DIG,7800,7680,7750,7780,7132.55859375,1945900,15139102000
2018-12-13,DIG,8020,7780,7800,7950,7405.140625,2013890,16010425500
2018-12-14,DIG,7970,7730,7970,7750,7223.41943359375,1317490,10210547500
2018-12-17,DIG,7730,7520,7680,7520,6996.267578125,1113550,8373896000
2018-12-18,DIG,7520,7170,7370,7340,6837.26171875,1909400,14014996000
2018-12-19,DIG,7520,7340,7370,7370,6859.97705078125,658110,4850270700
2018-12-20,DIG,7520,7370,7370,7410,6905.4072265625,712020,5276068200
2018-12-21,DIG,7530,7340,7410,7530,7018.98291015625,736670,5547125100
2018-12-24,DIG,7560,7390,7520,7390,6882.69189453125,446180,3297270200
2018-12-25,DIG,7370,6950,7220,7370,6859.97705078125,2195490,16180761300
2018-12-26,DIG,7410,7080,7410,7080,6587.39501953125,638350,4519518000
2018-12-27,DIG,7410,7170,7260,7410,6905.4072265625,1515510,11229929100
2018-12-28,DIG,7800,7310,7310,7560,7041.6982421875,3848030,29091106800
2019-01-02,DIG,7630,7310,7580,7310,6814.546875,580840,4245940400
2019-01-03,DIG,7520,7220,7520,7240,6746.4013671875,1106600,8011784000
2019-01-04,DIG,7460,7140,7140,7410,6905.4072265625,646620,4791454200
2019-01-07,DIG,7560,7370,7560,7410,6905.4072265625,402340,2981339400
2019-01-08,DIG,7610,7410,7520,7520,6996.267578125,1239630,9322017600
2019-01-09,DIG,7560,7430,7430,7490,6973.552734375,285720,2140042800
2019-01-10,DIG,7560,7460,7460,7460,6950.83740234375,464960,3468601600
2019-01-11,DIG,7580,7460,7490,7580,7064.4130859375,1212870,9193554600
2019-01-14,DIG,7850,7580,7630,7800,7268.849609375,1996580,15573324000
2019-01-15,DIG,8000,7780,7800,7970,7427.85595703125,1913730,15252428100
2019-01-16,DIG,8050,7830,7970,7830,7291.56494140625,1910950,14962738500
2019-01-17,DIG,7850,7650,7830,7650,7132.55859375,851710,6515581500
2019-01-18,DIG,7850,7630,7630,7780,7246.13427734375,698010,5430517800
2019-01-21,DIG,7900,7710,7780,7900,7359.7099609375,706590,5582061000
2019-01-22,DIG,7900,7800,7900,7850,7314.2802734375,631460,4956961000
2019-01-23,DIG,7900,7750,7800,7800,7268.849609375,1003670,7828626000
2019-01-24,DIG,7870,7730,7870,7730,7200.70458984375,332870,2573085100
2019-01-25,DIG,7750,7610,7730,7630,7109.84375,761260,5808413800
2019-01-28,DIG,7800,7630,7630,7710,7177.98876953125,305960,2358951600
2019-01-29,DIG,7850,7650,7710,7830,7291.56494140625,467750,3662482500
2019-01-30,DIG,7830,7750,7830,7830,7291.56494140625,395990,3100601700
2019-01-31,DIG,7900,7630,7870,7630,7109.84375,741520,5657797600
2019-02-01,DIG,7730,7610,7730,7680,7155.27392578125,312360,2398924800
2019-02-11,DIG,7850,7710,7750,7830,7291.56494140625,342800,2684124000
2019-02-12,DIG,8210,7870,7870,8180,7609.5771484375,2117750,17323195000
2019-02-13,DIG,8360,8180,8180,8180,7609.5771484375,1788150,14627067000
2019-02-14,DIG,8290,8090,8150,8150,7586.86181640625,685130,5583809500
2019-02-15,DIG,8270,8070,8119,8119,7564.146484375,1007190,8177375610
2019-02-18,DIG,8240,8090,8180,8150,7564.146484375,902630,7356434500
2019-02-19,DIG,8390,8119,8150,8150,7586.86181640625,1574260,12830219000
2019-02-20,DIG,8240,8119,8150,8180,7609.5771484375,593860,4857774800
2019-02-21,DIG,8210,8020,8150,8050,7496.00146484375,1034660,8329013000
2019-02-22,DIG,8119,7970,8050,8020,7473.28564453125,939920,7538158400
2019-02-25,DIG,8070,7920,8020,7920,7382.42578125,1471100,11651112000
2019-02-26,DIG,8050,7870,7900,7970,7427.85595703125,855500,6818335000
2019-02-27,DIG,8180,8020,8050,8050,7496.00146484375,1413820,11381251000
2019-02-28,DIG,8370,8119,8350,8150,7591.83837890625,1264580,10306327000
2019-03-01,DIG,8320,8150,8150,8300,7732.86328125,691940,5743102000
2019-03-04,DIG,8700,8480,8480,8650,8061.9208984375,2352560,20349644000
2019-03-05,DIG,8700,8500,8650,8500,7920.89697265625,1911500,16247750000
2019-03-06,DIG,8650,8420,8450,8650,8061.9208984375,1219490,10548588500
2019-03-07,DIG,8890,8730,8890,8730,8135.43408203125,1213790,10596386700
2019-03-08,DIG,8730,8510,8630,8540,8135.43408203125,595510,5085655400
2019-03-11,DIG,8600,8490,8490,8510,7939.3994140625,591110,5030346100
2019-03-12,DIG,8680,8410,8680,8540,7963.90380859375,875530,7477026200
2019-03-13,DIG,8650,8490,8540,8510,7939.3994140625,781410,6649799100
2019-03-14,DIG,8730,8470,8510,8650,8061.9208984375,946160,8184284000
2019-03-15,DIG,8680,8570,8680,8600,8012.91259765625,516080,4438288000
2019-03-18,DIG,8630,8470,8570,8510,7939.3994140625,1140500,9705655000
2019-03-19,DIG,8630,8410,8510,8490,7914.89501953125,1347540,11440614600
2019-03-20,DIG,8510,8410,8490,8510,7939.3994140625,588340,5006773400
2019-03-21,DIG,8600,8310,8510,8310,7743.36474609375,926500,7699215000
2019-03-22,DIG,8390,8200,8310,8200,7645.34765625,929840,7624688000
2019-03-25,DIG,8050,7710,8000,7780,7253.2783203125,1284190,9990998200
2019-03-26,DIG,8160,7730,7780,8100,7547.33056640625,1045970,8472357000
2019-03-27,DIG,8260,8000,8100,8100,7547.33056640625,801210,6489801000
2019-03-28,DIG,8160,8020,8100,8100,7547.33056640625,524600,4249260000
2019-03-29,DIG,8230,8000,8230,8020,7473.8173828125,1064390,8536407800
2019-04-01,DIG,8130,7960,8020,8000,7449.31298828125,672770,5382160000
2019-04-02,DIG,8070,7880,8070,7880,7351.2958984375,513890,4049453200
2019-04-03,DIG,7960,7840,7880,7960,7424.80859375,458160,3646953600
2019-04-04,DIG,8230,7960,8050,8100,7547.33056640625,854390,6920559000
2019-04-05,DIG,8200,8020,8160,8020,7473.8173828125,424400,3403688000
2019-04-08,DIG,8160,8000,8050,8050,7498.32177734375,442440,3561642000
2019-04-09,DIG,8100,7880,8100,7940,7400.30419921875,576810,4579871400
2019-04-10,DIG,8000,7840,7940,8000,7449.31298828125,538600,4308800000
2019-04-11,DIG,8050,7910,8050,8000,7449.31298828125,170660,1365280000
2019-04-12,DIG,8000,7880,7910,7910,7375.80029296875,181060,1432184600
2019-04-16,DIG,7910,7710,7860,7880,7351.2958984375,589210,4642974800
2019-04-17,DIG,7940,7730,7940,7840,7302.287109375,428410,3358734400
2019-04-18,DIG,7810,7570,7730,7750,7228.7744140625,713200,5527300000
2019-04-19,DIG,7860,7680,7780,7860,7326.79150390625,415540,3266144400
2019-04-22,DIG,7810,7730,7780,7780,7253.2783203125,183530,1427863400
2019-04-23,DIG,7840,7710,7780,7810,7277.78271484375,406930,3178123300
2019-04-24,DIG,8020,7780,7780,7940,7400.30419921875,460410,3655655400
2019-04-25,DIG,7960,7860,7940,7880,7351.2958984375,252240,1987651200
2019-04-26,DIG,8050,7880,7880,8000,7449.31298828125,1040780,8326240000
2019-05-02,DIG,8050,7960,8050,8000,7449.31298828125,550180,4401440000
2019-05-03,DIG,8000,7780,7960,7960,7424.80859375,715560,5695857600
2019-05-06,DIG,8050,7780,7880,7880,7351.2958984375,768930,6059168400
2019-05-07,DIG,7880,7810,7880,7880,7351.2958984375,433350,3414798000
2019-05-08,DIG,7860,7780,7840,7860,7326.79150390625,255060,2004771600
2019-05-09,DIG,7860,7680,7860,7750,7228.7744140625,1361090,10548447500
2019-05-10,DIG,7750,7570,7750,7570,7057.244140625,638250,4831552500
2019-05-13,DIG,7680,7370,7570,7500,6983.73095703125,740400,5553000000
2019-05-14,DIG,7630,7370,7410,7520,7008.2353515625,399670,3005518400
2019-05-15,DIG,7680,7470,7630,7680,7155.26123046875,459300,3527424000
2019-05-16,DIG,7680,7550,7680,7550,7032.73974609375,352410,2660695500
2019-05-17,DIG,7630,7550,7550,7570,7057.244140625,204970,1551622900
2019-05-20,DIG,7630,7520,7520,7520,7008.2353515625,544480,4094489600
2019-05-21,DIG,7650,7520,7520,7570,7057.244140625,836600,6333062000
2019-05-22,DIG,7630,7500,7550,7550,7032.73974609375,894580,6754079000
2019-05-23,DIG,7550,7410,7500,7410,6910.21826171875,556710,4125221100
2019-05-24,DIG,7520,7370,7410,7400,6885.7138671875,668090,4943866000
2019-05-27,DIG,7440,7280,7410,7370,6861.20947265625,810460,5973090200
2019-05-28,DIG,7370,7280,7370,7370,6861.20947265625,636500,4691005000
2019-05-29,DIG,7400,7280,7400,7300,6812.20068359375,679700,4961810000
2019-05-30,DIG,7500,7280,7300,7500,6983.73095703125,2030560,15229200000
2019-05-31,DIG,7550,7400,7550,7500,6983.73095703125,469280,3519600000
2019-06-03,DIG,7440,7280,7440,7300,6812.20068359375,886290,6469917000
2019-06-04,DIG,7500,7280,7300,7300,6812.20068359375,865510,6318223000
2019-06-05,DIG,7440,7260,7370,7300,6812.20068359375,691090,5044957000
2019-06-06,DIG,7410,7120,7180,7280,6787.6962890625,800170,5825237600
2019-06-07,DIG,7340,7230,7300,7340,6836.705078125,324280,2380215200
2019-06-10,DIG,7400,7230,7300,7230,6738.68798828125,512280,3703784400
2019-06-11,DIG,7260,7100,7100,7260,6763.19189453125,775820,5632453200
2019-06-12,DIG,7260,7150,7200,7200,6714.18359375,420480,3027456000
2019-06-13,DIG,7200,7120,7200,7180,6689.67919921875,304510,2186381800
2019-06-14,DIG,7340,7120,7120,7340,6836.705078125,485540,3563863600
2019-06-17,DIG,7300,7180,7230,7260,6763.19189453125,224840,1632338400
2019-06-18,DIG,7260,7150,7180,7200,6714.18359375,453310,3263832000
2019-06-19,DIG,7260,7150,7150,7150,6665.1748046875,228050,1630557500
2019-06-20,DIG,7200,7100,7150,7180,6689.67919921875,468860,3366414800
2019-06-21,DIG,7230,7120,7180,7180,6689.67919921875,488460,3507142800
2019-06-24,DIG,7230,7150,7180,7180,6689.67919921875,456990,3281188200
2019-06-25,DIG,7180,7080,7150,7180,6689.67919921875,504240,3620443200
2019-06-26,DIG,7180,7080,7080,7100,6616.166015625,459280,3260888000
2019-06-27,DIG,7100,6920,7100,6920,6444.6357421875,393060,2719975200
2019-06-28,DIG,7100,6840,6890,7100,6616.166015625,1069540,7593734000
2019-07-01,DIG,7100,6840,7100,7020,6542.6533203125,424260,2978305200
2019-07-02,DIG,7020,6920,7020,6920,6444.6357421875,141520,979318400
2019-07-03,DIG,6950,6810,6890,6840,6371.123046875,337630,2309389200
2019-07-04,DIG,7050,6860,6860,6990,6518.14892578125,498440,3484095600
2019-07-05,DIG,7020,6920,6990,6950,6469.14013671875,146780,1020121000
2019-07-08,DIG,7020,6890,7020,6890,6420.1318359375,300800,2072512000
2019-07-09,DIG,6970,6810,6890,6970,6493.64453125,843160,5876825200
2019-07-10,DIG,6990,6810,6950,6890,6420.1318359375,485280,3343579200
2019-07-11,DIG,7020,6860,6890,6950,6469.14013671875,404970,2814541500
2019-07-12,DIG,7050,6890,6920,6890,6420.1318359375,569710,3925301900
2019-07-15,DIG,6990,6890,6890,6950,6469.14013671875,883050,6137197500
2019-07-16,DIG,6990,6920,6970,6950,6469.14013671875,992790,6899890500
2019-07-17,DIG,7410,6920,6990,7410,6910.21826171875,1927730,14284479300
2019-07-18,DIG,7410,7230,7300,7230,6738.68798828125,788700,5702301000
2019-07-19,DIG,7550,7200,7230,7280,6787.6962890625,669180,4871630400
2019-07-22,DIG,7410,7230,7300,7260,6763.19189453125,853290,6194885400
2019-07-23,DIG,7300,7150,7300,7260,6763.19189453125,502070,3645028200
2019-07-24,DIG,7300,7150,7260,7150,6665.1748046875,352490,2520303500
2019-07-25,DIG,7410,7150,7150,7300,6665.1748046875,1181200,8622760000
2019-07-26,DIG,7340,7200,7230,7200,6665.1748046875,248780,1791216000
2019-07-29,DIG,7260,7180,7180,7230,6665.1748046875,564250,4079527500
2019-07-30,DIG,7200,6990,7200,7050,6665.1748046875,832920,5872086000
2019-07-31,DIG,7050,6810,6840,6920,6444.6357421875,1458230,10090951600
2019-08-01,DIG,7020,6860,6860,6970,6493.64453125,386190,2691744300
2019-08-02,DIG,6950,6840,6950,6860,6395.62744140625,362730,2488327800
2019-08-05,DIG,6970,6790,6860,6790,6322.1142578125,638890,4338063100
2019-08-06,DIG,6760,6570,6710,6600,6322.1142578125,566070,3736062000
2019-08-07,DIG,6710,6570,6710,6630,6175.08837890625,532570,3530939100
2019-08-08,DIG,6790,6570,6570,6760,6297.60986328125,603210,4077699600
2019-08-09,DIG,6810,6670,6760,6760,6297.60986328125,234300,1583868000
2019-08-12,DIG,6740,6630,6740,6740,6273.10595703125,321280,2165427200
2019-08-13,DIG,6760,6630,6630,6740,6273.10595703125,424590,2861736600
2019-08-14,DIG,7070,6740,7070,6840,6380.9248046875,302360,2068142400
2019-08-15,DIG,6930,6700,6840,6930,6458.11328125,422370,2927024100
2019-08-16,DIG,6950,6840,6930,6930,6458.11328125,498670,3455783100
2019-08-19,DIG,6950,6840,6840,6950,6483.8427734375,371940,2584983000
2019-08-20,DIG,7410,6950,6950,7410,6921.2451171875,2533660,18774420600
2019-08-21,DIG,7670,7450,7450,7450,6946.974609375,1411240,10513738000
2019-08-22,DIG,7640,7410,7410,7480,6972.7041015625,679840,5085203200
2019-08-23,DIG,7670,7410,7480,7670,7152.81103515625,1236870,9486792900
2019-08-26,DIG,8000,7530,7560,7950,7410.10595703125,2178250,17317087500
2019-08-27,DIG,8250,7970,8109,8029,7487.294921875,2096860,16835688940
2019-08-28,DIG,8140,7920,8029,7920,7384.37646484375,957610,7584271200
2019-08-29,DIG,8060,7890,7920,7890,7358.64697265625,871900,6879291000
2019-08-30,DIG,8000,7750,7890,7920,7384.37646484375,1046020,8284478400
2019-09-03,DIG,7970,7620,7970,7670,7152.81103515625,769120,5899150400
2019-09-04,DIG,7810,7580,7970,7810,7281.45849609375,652330,5094697300
2019-09-05,DIG,7920,7750,7780,7810,7281.45849609375,400870,3130794700
2019-09-06,DIG,7840,7700,7840,7700,7178.54052734375,283240,2180948000
2019-09-09,DIG,7700,7560,7700,7580,7075.6220703125,457630,3468835400
2019-09-10,DIG,7700,7370,7530,7370,6869.7861328125,701930,5173224100
2019-09-11,DIG,7480,7310,7370,7450,6946.974609375,477980,3560951000
2019-09-12,DIG,7720,7510,7560,7700,7178.54052734375,676820,5211514000
2019-09-13,DIG,7780,7640,7670,7750,7229.99951171875,520880,4036820000
2019-09-16,DIG,7970,7720,7810,7860,7332.91748046875,1233460,9694995600
2019-09-17,DIG,7970,7780,7780,7950,7410.10595703125,830160,6599772000
2019-09-18,DIG,7970,7720,7890,7810,7281.45849609375,557030,4350404300
2019-09-19,DIG,7860,7670,7810,7750,7229.99951171875,531300,4117575000
2019-09-20,DIG,7780,7510,7750,7510,6998.43359375,547830,4114203300
2019-09-23,DIG,7780,7510,7510,7620,7101.3515625,907350,6914007000
2019-09-24,DIG,7780,7580,7580,7750,7229.99951171875,660060,5115465000
2019-09-25,DIG,7970,7670,7720,7970,7435.83544921875,1558300,12419651000
2019-09-26,DIG,8140,7920,8060,8000,7461.5654296875,1465540,11724320000
2019-09-27,DIG,8080,7920,8000,7950,7410.10595703125,1126090,8952415500
2019-09-30,DIG,8250,7950,7950,8000,7461.5654296875,1806400,14451200000
2019-10-01,DIG,8250,8000,8000,8250,7693.130859375,1334860,11012595000
2019-10-02,DIG,8440,8220,8330,8250,7693.130859375,2442440,20150130000
2019-10-03,DIG,8410,8140,8140,8330,7770.31982421875,1708480,14231638400
2019-10-04,DIG,8440,8109,8440,8140,7590.212890625,949980,7732837200
2019-10-07,DIG,8410,8080,8220,8170,7615.9423828125,2871720,23461952400
2019-10-08,DIG,8330,8140,8250,8170,7615.9423828125,1055730,8625314100
2019-10-09,DIG,8189,8029,8170,8060,7513.0244140625,1166580,9402634800
2019-10-10,DIG,8140,8000,8060,8000,7461.5654296875,1249170,9993360000
2019-10-11,DIG,8080,7950,8000,8000,7461.5654296875,873020,6984160000
2019-10-14,DIG,8140,8060,8109,8060,7513.0244140625,924530,7451711800
2019-10-15,DIG,8080,8000,8060,8080,7538.75390625,727710,5879896800
2019-10-16,DIG,8140,8029,8109,8029,7487.294921875,685620,5504842980
2019-10-17,DIG,8029,7860,8029,7860,7332.91748046875,1161380,9128446800
2019-10-18,DIG,7920,7810,7860,7810,7281.45849609375,953710,7448475100
2019-10-21,DIG,7860,7670,7860,7720,7204.27001953125,1261590,9739474800
2019-10-22,DIG,7840,7700,7720,7750,7229.99951171875,512070,3968542500
2019-10-23,DIG,7840,7750,7750,7780,7255.72900390625,407110,3167315800
2019-10-24,DIG,7950,7810,7810,7890,7358.64697265625,768260,6061571400
2019-10-25,DIG,7950,7860,7890,7950,7410.10595703125,283570,2254381500
2019-10-28,DIG,8000,7840,7950,7840,7307.18798828125,456670,3580292800
2019-10-29,DIG,7840,7620,7840,7620,7101.3515625,1104730,8418042600
2019-10-30,DIG,7780,7560,7620,7670,7152.81103515625,533700,4093479000
2019-10-31,DIG,7670,7400,7670,7400,6895.515625,1465420,10844108000
2019-11-01,DIG,7450,7260,7400,7400,6895.515625,1296750,9595950000
2019-11-04,DIG,7620,7410,7410,7580,7075.6220703125,930510,7053265800
2019-11-05,DIG,7620,7530,7580,7530,7024.1630859375,610190,4594730700
2019-11-06,DIG,7720,7510,7530,7620,7101.3515625,989810,7542352200
2019-11-07,DIG,7670,7560,7580,7580,7075.6220703125,243190,1843380200
2019-11-08,DIG,7640,7450,7640,7450,6946.974609375,496050,3695572500
2019-11-11,DIG,7480,7340,7450,7340,6844.05615234375,494350,3628529000
2019-11-12,DIG,7640,7400,7400,7530,7024.1630859375,1073180,8081045400
2019-11-13,DIG,7670,7510,7530,7510,6998.43359375,480830,3611033300
2019-11-14,DIG,7530,7450,7530,7450,6946.974609375,289200,2154540000
2019-11-15,DIG,7670,7450,7450,7620,7101.3515625,961380,7325715600
2019-11-18,DIG,7670,7510,7640,7510,6998.43359375,385680,2896456800
2019-11-19,DIG,7580,7480,7510,7560,7049.892578125,392860,2970021600
2019-11-20,DIG,7640,7510,7640,7510,6998.43359375,243810,1831013100
2019-11-21,DIG,7560,7450,7530,7450,6946.974609375,488120,3636494000
2019-11-22,DIG,7510,7180,7450,7200,6715.40869140625,664940,4787568000
2019-11-25,DIG,7400,7200,7280,7200,6715.40869140625,524750,3778200000
2019-11-26,DIG,7410,7200,7200,7280,6792.59716796875,581590,4233975200
2019-11-27,DIG,7400,7260,7340,7280,6792.59716796875,546410,3977864800
2019-11-28,DIG,7340,7200,7280,7280,6792.59716796875,550060,4004436800
2019-11-29,DIG,7310,7200,7310,7230,6741.13818359375,227220,1642800600
2019-12-02,DIG,7310,7070,7260,7260,6766.86767578125,601600,4367616000
2019-12-03,DIG,7310,7180,7230,7180,6766.86767578125,455030,3267115400
2019-12-04,DIG,7370,7140,7260,7370,6766.86767578125,380030,2800821100
2019-12-05,DIG,7450,7340,7410,7400,6766.86767578125,792350,5863390000
2019-12-06,DIG,7410,7340,7400,7370,6869.7861328125,284110,2093890700
2019-12-09,DIG,7450,7340,7370,7410,6921.2451171875,561950,4164049500
2019-12-10,DIG,7450,7310,7450,7310,6818.32666015625,429740,3141399400
2019-12-11,DIG,7400,7280,7310,7400,6895.515625,281710,2084654000
2019-12-12,DIG,7580,7410,7410,7560,7049.892578125,1405630,10626562800
2019-12-13,DIG,7720,7530,7620,7560,7049.892578125,743620,5621767200
2019-12-16,DIG,7580,7510,7560,7530,7024.1630859375,462300,3481119000
2019-12-17,DIG,7530,7400,7530,7400,6895.515625,393420,2911308000
2019-12-18,DIG,7450,7280,7400,7280,6792.59716796875,641100,4667208000
2019-12-19,DIG,7410,7230,7280,7400,6895.515625,421800,3121320000
2019-12-20,DIG,7410,7370,7370,7400,6895.515625,268340,1985716000
2019-12-23,DIG,7410,7310,7400,7400,6895.515625,449330,3325042000
2019-12-24,DIG,7670,7450,7670,7530,7024.1630859375,1537780,11579483400
2019-12-25,DIG,7780,7560,7560,7720,7204.27001953125,969440,7484076800
2019-12-26,DIG,7840,7620,7720,7620,7101.3515625,1047700,7983474000
2019-12-27,DIG,7670,7580,7670,7580,7075.6220703125,569460,4316506800
2019-12-30,DIG,7640,7450,7580,7510,6998.43359375,866360,6506363600
2019-12-31,DIG,7620,7450,7480,7620,7101.3515625,923890,7040041800
2020-01-02,DIG,7670,7560,7560,7620,7101.3515625,866500,6602730000
2020-01-03,DIG,7810,7620,7620,7670,7152.81103515625,2242240,17197980800
2020-01-06,DIG,7700,7530,7700,7560,7049.892578125,470820,3559399200
2020-01-07,DIG,7670,7510,7510,7530,7024.1630859375,424110,3193548300
2020-01-08,DIG,7480,7140,7480,7140,6663.94970703125,2280630,16283698200
2020-01-09,DIG,7370,7230,7230,7260,6766.86767578125,553820,4020733200
2020-01-10,DIG,7370,7230,7280,7260,6766.86767578125,553300,4016958000
2020-01-13,DIG,7340,7140,7260,7140,6663.94970703125,946160,6755582400
2020-01-14,DIG,7230,7040,7180,7180,6689.67919921875,715360,5136284800
2020-01-15,DIG,7200,7110,7180,7180,6689.67919921875,270530,1942405400
2020-01-16,DIG,7200,7110,7180,7140,6663.94970703125,553400,3951276000
2020-01-17,DIG,7180,6950,7180,6950,6483.8427734375,1151600,8003620000
2020-01-20,DIG,7000,6950,6950,7000,6535.3017578125,294050,2058350000
2020-01-21,DIG,7230,7000,7000,7230,6741.13818359375,497590,3597575700
2020-01-22,DIG,7310,7180,7230,7180,6689.67919921875,876300,6291834000
2020-01-30,DIG,7180,6810,7180,6930,6458.11328125,1044820,7240602600
2020-01-31,DIG,6950,6670,6870,6670,6226.54736328125,2053420,13696311400
2020-02-03,DIG,6530,6230,6340,6230,5814.875,2361500,14712145000
2020-02-04,DIG,6370,6160,6370,6260,5840.6044921875,1463880,9163888800
2020-02-05,DIG,6320,6230,6260,6300,5866.333984375,1089750,6865425000
2020-02-06,DIG,6340,6230,6300,6340,5917.79296875,1495560,9481850400
2020-02-07,DIG,6600,6370,6400,6400,5969.251953125,1322960,8466944000
2020-02-10,DIG,6530,6300,6400,6460,6020.71142578125,1066490,6889525400
2020-02-11,DIG,6600,6430,6430,6530,6097.89990234375,1438680,9394580400
2020-02-12,DIG,6970,6560,6560,6970,6509.572265625,2679770,18677996900
2020-02-13,DIG,7140,6970,6970,7140,6663.94970703125,1908600,13627404000
2020-02-14,DIG,7230,7070,7140,7180,6689.67919921875,983250,7059735000
2020-02-17,DIG,7400,7110,7110,7230,6741.13818359375,1394660,10083391800
2020-02-18,DIG,7340,7200,7260,7340,6844.05615234375,1300470,9545449800
2020-02-19,DIG,7670,7450,7450,7480,6972.7041015625,1452330,10863428400
2020-02-20,DIG,7620,7450,7580,7450,6946.974609375,925570,6895496500
2020-02-21,DIG,7450,7260,7280,7280,6792.59716796875,908390,6613079200
2020-02-24,DIG,7070,6810,6930,6950,6483.8427734375,1755640,12201698000
2020-02-25,DIG,7090,6810,6950,7070,6586.76123046875,943960,6673797200
2020-02-26,DIG,7110,6930,7040,6970,6509.572265625,557830,3888075100
2020-02-27,DIG,7070,6970,7070,7000,6535.3017578125,665060,4655420000
2020-02-28,DIG,7000,6810,6950,6930,6458.11328125,1095910,7594656300
2020-03-02,DIG,7040,6840,6930,6840,6380.9248046875,490500,3355020000
2020-03-03,DIG,7180,6930,6950,7180,6689.67919921875,806940,5793829200
2020-03-04,DIG,7510,7200,7230,7510,6689.67919921875,2211650,16609491500
2020-03-05,DIG,7620,7230,7510,7310,6818.32666015625,1144260,8364540600
2020-03-06,DIG,7450,7110,7260,7450,6946.974609375,919740,6852063000
2020-03-09,DIG,7110,6950,7040,6950,6483.8427734375,2153190,14964670500
2020-03-10,DIG,7070,6700,6900,6950,6483.8427734375,1396790,9707690500
2020-03-11,DIG,7070,6490,6950,6950,6483.8427734375,1361650,9463467500
2020-03-12,DIG,6930,6490,6530,6490,6046.44091796875,2626960,17048970400
2020-03-13,DIG,6490,6040,6040,6430,5994.98193359375,2049070,13175520100
2020-03-16,DIG,6460,6160,6340,6340,5917.79296875,971660,6160324400
2020-03-17,DIG,6340,5990,6070,6340,5917.79296875,2376460,15066756400
2020-03-18,DIG,6600,6370,6460,6460,6020.71142578125,1203540,7774868400
2020-03-19,DIG,6460,6190,6260,6400,5969.251953125,1123970,7193408000
2020-03-20,DIG,6370,6190,6320,6340,5917.79296875,1511820,9584938800
2020-03-23,DIG,6320,5900,6120,5900,5506.12060546875,2354750,13893025000
2020-03-24,DIG,5930,5550,5850,5930,5531.85009765625,1548700,9183791000
2020-03-25,DIG,6210,5960,6190,6070,5660.49755859375,906180,5500512600
2020-03-26,DIG,6190,5900,6190,6070,5660.49755859375,1294140,7855429800
2020-03-27,DIG,6100,5930,6070,6070,5660.49755859375,1606100,9749027000
2020-03-30,DIG,5960,5660,5960,5820,5428.93212890625,2410670,14030099400
2020-03-31,DIG,5960,5430,5710,5710,5326.013671875,2440790,13936910900
2020-04-01,DIG,5900,5500,5710,5900,5506.12060546875,2103820,12412538000
2020-04-03,DIG,6040,5740,5790,5960,5557.57958984375,1998980,11913920800
2020-04-06,DIG,6160,5960,5990,6100,5686.22705078125,2045960,12480356000
2020-04-07,DIG,6100,5900,6100,6020,5609.03857421875,1466540,8828570800
2020-04-08,DIG,5990,5790,5990,5790,5403.20263671875,1870160,10828226400
2020-04-09,DIG,6190,5880,5900,6190,5763.416015625,2464860,15257483400
2020-04-10,DIG,6260,5960,6120,6190,5763.416015625,1529370,9466800300
2020-04-13,DIG,6190,6020,6100,6040,5634.76806640625,1323760,7995510400
2020-04-14,DIG,6300,5960,5990,6230,5814.875,2465220,15358320600
2020-04-15,DIG,6320,6160,6230,6260,5840.6044921875,1664740,10421272400
2020-04-16,DIG,6460,6160,6160,6370,5943.5224609375,1739850,11082844500
2020-04-17,DIG,6490,6340,6460,6370,5943.5224609375,1868890,11904829300
2020-04-20,DIG,6460,6300,6460,6400,5969.251953125,1514450,9692480000
2020-04-21,DIG,6320,5990,6300,6300,5866.333984375,2704130,17036019000
2020-04-22,DIG,6300,6020,6070,6300,5866.333984375,1130910,7124733000
2020-04-23,DIG,6340,6190,6340,6190,5763.416015625,552770,3421646300
2020-04-24,DIG,6460,6070,6190,6340,5917.79296875,3072790,19481488600
2020-04-27,DIG,6430,6230,6400,6300,5866.333984375,1095700,6902910000
2020-04-28,DIG,6320,6210,6300,6300,5866.333984375,497130,3131919000
2020-04-29,DIG,6300,6190,6230,6230,5814.875,960250,5982357500
2020-05-04,DIG,6190,6020,6190,6160,5737.6865234375,965810,5949389600
2020-05-05,DIG,6230,6070,6070,6230,5814.875,339970,2118013100
2020-05-06,DIG,6300,6190,6230,6260,5840.6044921875,667010,4175482600
2020-05-07,DIG,6300,6190,6260,6300,5866.333984375,754260,4751838000
2020-05-08,DIG,6510,6300,6300,6400,5969.251953125,2580160,16513024000
2020-05-11,DIG,6560,6260,6560,6560,6123.62939453125,1675860,10993641600
2020-05-12,DIG,6810,6460,6560,6740,6278.0068359375,945260,6371052400
2020-05-13,DIG,6760,6530,6670,6630,6175.08837890625,1141710,7569537300
2020-05-14,DIG,6700,6530,6560,6600,6149.35888671875,972630,6419358000
2020-05-15,DIG,6630,6400,6560,6600,6149.35888671875,1312550,8662830000
2020-05-18,DIG,6600,6490,6600,6560,6149.35888671875,903500,5926960000
2020-05-19,DIG,6740,6530,6560,6560,6278.0068359375,1219190,7997886400
2020-05-20,DIG,6870,6530,6560,6810,6278.0068359375,2556190,17407653900
2020-05-21,DIG,6900,6740,6810,6740,6278.0068359375,760480,5125635200
2020-05-22,DIG,6790,6630,6670,6740,6329.4658203125,734910,4953293400
2020-05-25,DIG,6840,6560,6670,6670,6226.54736328125,1204050,8031013500
2020-05-26,DIG,6810,6670,6760,6760,6355.1953125,1006110,6801303600
2020-05-27,DIG,6810,6630,6790,6630,6175.08837890625,1059910,7027203300
2020-05-28,DIG,6670,6510,6630,6670,6226.54736328125,1242790,8289409300
2020-05-29,DIG,6700,6560,6670,6670,6226.54736328125,605980,4041886600
2020-06-01,DIG,6840,6640,6670,6740,6278.0068359375,569410,3837823400
2020-06-02,DIG,7090,6790,6790,6840,6380.9248046875,3323690,22734039600
2020-06-03,DIG,7040,6840,6840,6950,6483.8427734375,892370,6201971500
2020-06-04,DIG,7090,6930,7090,7000,6535.3017578125,1056460,7395220000
2020-06-05,DIG,7040,6900,7040,7000,6535.3017578125,891190,6238330000
2020-06-08,DIG,7180,6950,7000,7090,6535.3017578125,1976560,14013810400
2020-06-09,DIG,7200,7000,7110,7040,6535.3017578125,1451000,10215040000
2020-06-10,DIG,7400,6930,7000,7310,6818.32666015625,1984620,14507572200
2020-06-11,DIG,7510,6810,7310,6840,6380.9248046875,2818360,19277582400
2020-06-12,DIG,6790,6510,6510,6790,6329.4658203125,1769700,12016263000
2020-06-15,DIG,6790,6340,6760,6640,6200.81787109375,1784580,11849611200
2020-06-16,DIG,6760,6560,6670,6700,6252.27685546875,834780,5593026000
2020-06-17,DIG,6840,6600,6700,6630,6175.08837890625,797480,5287292400
2020-06-18,DIG,6630,6490,6530,6630,6175.08837890625,807310,5352465300
2020-06-19,DIG,6810,6600,6600,6790,6329.4658203125,1217400,8266146000
2020-06-22,DIG,6840,6670,6840,6810,6355.1953125,718120,4890397200
2020-06-23,DIG,6930,6700,6700,6870,6406.654296875,1228080,8436909600
2020-06-24,DIG,6900,6700,6870,6810,6355.1953125,989120,6735907200
2020-06-25,DIG,6840,6630,6670,6840,6380.9248046875,630320,4311388800
2020-06-26,DIG,7040,6700,6760,6700,6252.27685546875,682720,4574224000
2020-06-29,DIG,6700,6320,6700,6700,6252.27685546875,1944850,13030495000
2020-06-30,DIG,6790,6560,6700,6760,6303.736328125,1882420,12725159200
2020-07-01,DIG,6810,6630,6630,6790,6329.4658203125,707110,4801276900
2020-07-02,DIG,6870,6670,6790,6760,6303.736328125,680740,4601802400
2020-07-03,DIG,7180,6740,6760,7140,6663.94970703125,1446490,10327938600
2020-07-06,DIG,7200,6970,7140,7140,6663.94970703125,734240,5242473600
2020-07-07,DIG,7180,7000,7180,7000,6535.3017578125,751350,5259450000
2020-07-08,DIG,7140,6900,6950,7140,6663.94970703125,1307570,9336049800
2020-07-09,DIG,7560,7140,7140,7450,6946.974609375,4201640,31302218000
2020-07-10,DIG,7480,7280,7370,7370,6946.974609375,866960,6389495200
2020-07-13,DIG,7700,7340,7370,7530,7024.1630859375,2668160,20091244800
2020-07-14,DIG,7620,7410,7450,7530,7024.1630859375,814620,6134088600
2020-07-15,DIG,7700,7560,7620,7560,7024.1630859375,1022160,7727529600
2020-07-16,DIG,7560,7400,7560,7450,6946.974609375,1148560,8556772000
2020-07-17,DIG,7620,7400,7510,7450,6946.974609375,1010710,7529789500
2020-07-20,DIG,7510,7140,7510,7140,6663.94970703125,1066200,7612668000
2020-07-21,DIG,7260,7110,7200,7140,6663.94970703125,1101940,7867851600
2020-07-22,DIG,7200,6970,7140,7040,6561.03125,703280,4951091200
2020-07-23,DIG,7110,6950,7040,7090,6612.49072265625,870080,6168867200
2020-07-24,DIG,7040,6630,7000,6790,6329.4658203125,1752990,11902802100
2020-07-27,DIG,6790,6320,6510,6790,6329.4658203125,4211890,28598733100
2020-07-28,DIG,6950,6630,6790,6810,6355.1953125,1497590,10198587900
2020-07-29,DIG,6790,6460,6740,6790,6329.4658203125,1409900,9573221000
2020-07-30,DIG,6790,6630,6670,6760,6303.736328125,605280,4091692800
2020-07-31,DIG,6840,6630,6630,6700,6252.27685546875,905010,6063567000
2020-08-03,DIG,6810,6630,6760,6810,6355.1953125,1061230,7226976300
2020-08-04,DIG,6930,6810,6840,6870,6406.654296875,518480,3561957600
2020-08-05,DIG,6970,6790,6870,6950,6483.8427734375,1371480,9531786000
2020-08-06,DIG,6950,6790,6930,6790,6329.4658203125,713030,4841473700
2020-08-07,DIG,6840,6510,6810,6810,6355.1953125,938260,6389550600
2020-08-10,DIG,6870,6790,6810,6810,6355.1953125,859180,5851015800
2020-08-11,DIG,6840,6760,6810,6810,6355.1953125,369820,2518474200
2020-08-12,DIG,7090,6810,6810,7000,6535.3017578125,2122580,14858060000
2020-08-13,DIG,7090,6950,7090,7000,6535.3017578125,971120,6797840000
2020-08-14,DIG,7070,6950,7000,6970,6509.572265625,794740,5539337800
2020-08-17,DIG,6970,6840,6970,6930,6458.11328125,925430,6413229900
2020-08-18,DIG,7140,6950,6950,7070,6586.76123046875,1985090,14034586300
2020-08-19,DIG,7110,7040,7090,7090,6612.49072265625,1433580,10164082200
2020-08-20,DIG,7110,6970,7040,7000,6535.3017578125,659540,4616780000
2020-08-21,DIG,7110,6970,7000,7040,6561.03125,1431230,10075859200
2020-08-24,DIG,7260,7070,7110,7090,6612.49072265625,2086710,14794773900
2020-08-25,DIG,7180,6970,7110,7090,6612.49072265625,2154980,15278808200
2020-08-26,DIG,7370,7040,7090,7280,6792.59716796875,2319110,16883120800
2020-08-27,DIG,7310,7180,7280,7230,6741.13818359375,1263650,9136189500
2020-08-28,DIG,7400,7200,7260,7200,6715.40869140625,2092330,15064776000
2020-08-31,DIG,7400,7140,7340,7140,6663.94970703125,2063120,14730676800
2020-09-01,DIG,7230,7110,7110,7180,6689.67919921875,1027820,7379747600
2020-09-03,DIG,7230,7110,7180,7140,6663.94970703125,1377660,9836492400
2020-09-04,DIG,7180,7070,7090,7180,6689.67919921875,1303070,9356042600
2020-09-07,DIG,7580,7180,7230,7370,6869.7861328125,4945420,36447745400
2020-09-08,DIG,7510,7370,7400,7410,6921.2451171875,1725590,12786621900
2020-09-09,DIG,7510,7280,7400,7480,6972.7041015625,1166460,8725120800
2020-09-10,DIG,7510,7410,7480,7410,6921.2451171875,1450980,10751761800
2020-09-11,DIG,7580,7370,7400,7530,6921.2451171875,2018590,15199982700
2020-09-14,DIG,7890,7560,7560,7840,7307.18798828125,2757700,21620368000
2020-09-15,DIG,8140,7890,7890,7950,7410.10595703125,3450400,27430680000
2020-09-16,DIG,8029,7840,7890,8000,7461.5654296875,1778680,14229440000
2020-09-17,DIG,8000,7700,7920,7860,7332.91748046875,2857800,22462308000
2020-09-18,DIG,8170,7780,7890,8029,7487.294921875,1617820,12989476780
2020-09-21,DIG,8220,7890,8000,7970,7435.83544921875,2222270,17711491900
2020-09-22,DIG,8060,7860,7890,8029,7487.294921875,1056290,8480952410
2020-09-23,DIG,8080,7950,8029,7970,7435.83544921875,1274730,10159598100
2020-09-24,DIG,8109,7920,7920,8029,7487.294921875,1875070,15054937030
2020-09-25,DIG,8080,7950,8029,8029,7487.294921875,956720,7681504880
2020-09-28,DIG,8410,8029,8080,8280,7718.8603515625,3498850,28970478000
2020-09-29,DIG,8620,8170,8480,8300,7744.59033203125,2710770,22499391000
2020-09-30,DIG,8580,8280,8300,8410,7847.50830078125,4110520,34569473200
2020-10-01,DIG,8920,8480,8550,8920,8310.6396484375,3530660,31493487200
2020-10-02,DIG,9520,8920,8940,9520,8876.689453125,4112670,39152618400
2020-10-05,DIG,10170,9660,10160,10160,9468.46875,7500610,76206197600
2020-10-06,DIG,10430,9660,10040,9850,9185.4443359375,5528700,54457695000
2020-10-07,DIG,10270,9690,9730,9770,9108.255859375,3920670,38304945900
2020-10-08,DIG,9870,9500,9770,9870,9211.173828125,5360750,52910602500
2020-10-09,DIG,10210,9850,10160,10160,9468.46875,3176960,32277913600
2020-10-12,DIG,10570,10010,10380,10010,9339.8212890625,4457970,44624279700
2020-10-13,DIG,10040,9850,9940,9850,9185.4443359375,1934130,19051180500
2020-10-14,DIG,9850,9630,9830,9800,9133.9853515625,2202370,21583226000
2020-10-15,DIG,9990,9600,9870,9870,9211.173828125,2842470,28055178900
2020-10-16,DIG,10430,9900,9940,10100,9417.009765625,3603210,36392421000
2020-10-19,DIG,10540,9900,10040,10350,9648.576171875,4382630,45360220500
2020-10-20,DIG,10820,10270,10350,10820,10085.9775390625,4615600,49940792000
2020-10-21,DIG,11090,10540,10820,10540,9828.6826171875,2639450,27819803000
2020-10-22,DIG,10760,10380,10510,10710,9983.0595703125,2432340,26050361400
2020-10-23,DIG,10820,10510,10760,10600,9880.1416015625,1967510,20855606000
2020-10-26,DIG,11040,10540,10710,10760,10034.5185546875,6975230,75053474800
2020-10-27,DIG,10790,10570,10710,10650,9931.6005859375,2883500,30709275000
2020-10-28,DIG,10930,10540,10600,10540,9828.6826171875,4443690,46836492600
2020-10-29,DIG,10840,10540,10600,10570,9854.412109375,2678150,28308045500
2020-10-30,DIG,10760,10430,10760,10570,9854.412109375,2657280,28087449600
2020-11-02,DIG,10730,10570,10570,10650,9931.6005859375,1491620,15885753000
2020-11-03,DIG,10730,10600,10710,10710,9983.0595703125,1424920,15260893200
2020-11-04,DIG,11390,10760,10760,11230,10471.9208984375,7604770,85401567100
2020-11-05,DIG,11310,10950,11310,10950,10214.625,2009220,22000959000
2020-11-06,DIG,11120,10840,10950,11040,10291.814453125,1894420,20914396800
2020-11-09,DIG,11260,10980,11040,11150,10394.732421875,3792160,42282584000
2020-11-10,DIG,11260,10820,11150,10870,10137.4365234375,3855660,41911024200
2020-11-11,DIG,11010,10790,10840,10900,10163.166015625,2226740,24271466000
2020-11-12,DIG,11310,10790,10900,11150,10394.732421875,2436400,27165860000
2020-11-13,DIG,11230,11010,11150,11170,10420.4619140625,3034670,33897263900
2020-11-16,DIG,11560,11150,11230,11340,10574.8388671875,5099720,57830824800
2020-11-17,DIG,11510,11340,11480,11510,10729.2158203125,2465550,28378480500
2020-11-18,DIG,11680,11390,11510,11480,10703.486328125,2349900,26976852000
2020-11-19,DIG,11590,11370,11590,11390,10626.2978515625,2308570,26294612300
2020-11-20,DIG,11840,11370,11420,11680,10883.59375,2942400,34367232000
2020-11-23,DIG,12030,11650,11720,11680,10883.59375,2066260,24133916800
2020-11-24,DIG,11920,11610,11840,11750,10960.7822265625,3227320,37921010000
2020-11-25,DIG,11860,11480,11750,11780,10986.51171875,3422440,40316343200
2020-11-26,DIG,11810,11560,11680,11590,10806.4052734375,2404020,27862591800
2020-11-27,DIG,12360,11590,11590,11980,11166.6181640625,4639810,55584923800
2020-11-30,DIG,12690,12030,12190,12360,11526.83203125,5399340,66735842400
2020-12-01,DIG,12910,12250,12250,12420,11578.291015625,8146210,101175928200
2020-12-02,DIG,13270,12750,12970,13270,12375.90625,5619890,74575940300
2020-12-03,DIG,14180,13790,14130,14180,13224.9814453125,3521260,49931466800
2020-12-04,DIG,15090,14150,14620,14620,13636.6533203125,6448020,94270052400
2020-12-07,DIG,14780,13930,14410,14440,13456.546875,4605900,66509196000
2020-12-08,DIG,14680,14290,14450,14480,13508.005859375,3643160,52752956800
2020-12-09,DIG,14570,14290,14570,14290,13327.8994140625,3902570,55767725300
2020-12-10,DIG,14270,13570,14270,13570,12658.931640625,7480540,101510927800
2020-12-11,DIG,13930,13300,13520,13850,12916.2265625,3403730,47141660500
2020-12-14,DIG,14570,13770,14010,14370,13405.087890625,3857790,55436442300
2020-12-15,DIG,14450,13790,14340,13990,13044.8740234375,4494850,62882951500
2020-12-16,DIG,14230,13930,14010,14010,13070.603515625,2877220,40309852200
2020-12-17,DIG,14410,13740,13880,14290,13327.8994140625,4142520,59196610800
2020-12-18,DIG,15200,14290,14290,15090,14074.0556640625,6476930,97736873700
2020-12-21,DIG,15390,14880,15180,15340,14305.6220703125,6100610,93583357400
2020-12-22,DIG,15390,15090,15180,15340,14305.6220703125,3156420,48419482800
2020-12-23,DIG,15220,14620,15220,14890,13893.94921875,3666820,54598949800
2020-12-24,DIG,14990,13880,14850,14590,13610.923828125,5946530,86759872700
2020-12-25,DIG,14890,14290,14410,14450,13482.2763671875,2328570,33647836500
2020-12-28,DIG,14740,14370,14620,14440,13456.546875,4346940,62769813600
2020-12-29,DIG,15260,14340,14450,15060,14048.326171875,5659820,85236889200
2020-12-30,DIG,15780,15090,15450,15090,14074.0556640625,3939190,59442377100
2020-12-31,DIG,15430,15060,15180,15290,14254.162109375,2312570,35359195300
2021-01-04,DIG,16329,15450,15560,16309,15206.1552734375,7909000,128987881000
2021-01-05,DIG,17440,16440,16550,17380,16209.607421875,7069400,122866172000
2021-01-06,DIG,17910,16940,17880,17210,16055.2294921875,4237900,72934259000
2021-01-07,DIG,17740,16830,17210,17540,16363.984375,5114000,89699560000
2021-01-08,DIG,17850,17270,17650,17410,16235.3369140625,3082700,53669807000
2021-01-11,DIG,17610,17050,17470,17350,16183.8779296875,2381400,41317290000
2021-01-12,DIG,18560,17050,17380,18560,17315.9765625,5545800,102930048000
2021-01-13,DIG,18870,18320,18760,18420,17187.330078125,4217000,77677140000
2021-01-14,DIG,18710,18160,18260,18510,17264.517578125,4045000,74872950000
2021-01-15,DIG,18840,18400,18760,18600,17341.70703125,4032600,75006360000
2021-01-18,DIG,19900,18980,19900,19230,17933.486328125,6304500,121235535000
2021-01-19,DIG,19420,17910,19200,17910,16698.46875,3821000,68434110000
2021-01-20,DIG,18160,16660,17910,17650,16466.90234375,4201900,74163535000
2021-01-21,DIG,18400,17100,18050,18400,17161.599609375,3773300,69428720000
2021-01-22,DIG,18710,18120,18380,18210,16981.494140625,3990300,72663363000
2021-01-25,DIG,18870,17940,17940,18260,17032.953125,6015400,109841204000
2021-01-26,DIG,18320,17000,18320,17100,15952.3115234375,4933000,84354300000
2021-01-27,DIG,17030,15920,16830,15920,14845.94140625,6653000,105915760000
2021-01-28,DIG,15180,14810,14810,14810,13816.7607421875,2765800,40961498000
2021-01-29,DIG,15340,13790,13790,14810,13816.7607421875,8174300,121061383000
2021-02-01,DIG,15290,14070,14510,14780,13791.03125,4716600,69711348000
2021-02-02,DIG,15650,14680,15180,15290,14254.162109375,3892900,59522441000
2021-02-03,DIG,16219,15430,15620,16000,14923.130859375,4069400,65110400000
2021-02-04,DIG,16219,15560,16000,15730,14665.8349609375,3422300,53832779000
2021-02-05,DIG,16329,15450,15780,16329,15231.884765625,3989500,65144545500
2021-02-08,DIG,17050,15220,16329,15890,14820.2119140625,5152900,81879581000
2021-02-09,DIG,16280,15510,15890,16090,14820.2119140625,2238000,36009420000
2021-02-17,DIG,16770,16219,16329,16750,15617.828125,3014600,50494550000
2021-02-18,DIG,17050,16550,16800,17000,15849.3935546875,4573000,77741000000
2021-02-19,DIG,17650,16770,16770,17350,16183.8779296875,4262200,73949170000
2021-02-22,DIG,17540,16880,17380,17080,15926.58203125,3052500,52136700000
2021-02-23,DIG,17440,16830,17100,17170,16003.7705078125,3087500,53012375000
2021-02-24,DIG,17610,16830,17380,17100,16003.7705078125,6517300,111445830000
2021-02-25,DIG,17490,17050,17210,17240,16080.9599609375,5124400,88344656000
2021-02-26,DIG,18210,17030,17100,18070,16852.845703125,6989700,126303879000
2021-03-01,DIG,18380,17940,18320,18070,16852.845703125,3684900,66586143000
2021-03-02,DIG,18160,17850,18120,17880,16672.73828125,4039900,72233412000
2021-03-03,DIG,17910,17610,17770,17770,16569.8203125,5704700,101372519000
2021-03-04,DIG,17880,16660,17770,17050,15900.8525390625,5940300,101282115000
2021-03-05,DIG,16970,16280,16730,16830,15695.0166015625,5172100,87046443000
2021-03-08,DIG,17100,16660,17050,16830,15695.0166015625,3977100,66934593000
2021-03-09,DIG,17210,16090,16690,16830,15695.0166015625,4092600,68878458000
2021-03-10,DIG,17000,16550,16880,16860,15720.74609375,2295100,38695386000
2021-03-11,DIG,17100,16830,17100,16940,15797.9345703125,3437600,58232944000
2021-03-12,DIG,17880,17000,17100,17540,16363.984375,8198600,143803444000
2021-03-15,DIG,17850,17410,17650,17490,16312.525390625,4324300,75632007000
2021-03-16,DIG,17490,17050,17440,17240,16080.9599609375,3373400,58157416000
2021-03-17,DIG,17330,17080,17100,17210,16055.2294921875,3387900,58305759000
2021-03-18,DIG,17940,17130,17270,17610,16415.443359375,6024700,106094967000
2021-03-19,DIG,18070,17650,17650,17910,16698.46875,5792900,103750839000
2021-03-22,DIG,17960,17540,17940,17800,16595.55078125,3742500,66616500000
2021-03-23,DIG,17800,17050,17800,17170,16003.7705078125,4698300,80669811000
2021-03-24,DIG,17170,16500,16830,16830,15695.0166015625,5067300,85282659000
2021-03-25,DIG,17050,16470,16830,16750,15617.828125,2822700,47280225000
2021-03-26,DIG,16770,15660,16550,16500,15386.26171875,3871100,63873150000
2021-03-29,DIG,16770,16420,16550,16550,15437.720703125,3139800,51963690000
2021-03-30,DIG,17070,16740,17040,16920,15792.7890625,2756700,46643364000
2021-03-31,DIG,17040,16680,16980,16740,15622.9736328125,1511900,25309206000
2021-04-01,DIG,17590,16740,16950,17590,16415.443359375,2053500,36121065000
2021-04-02,DIG,18160,17590,18010,17710,16528.654296875,3454700,61182737000
2021-04-05,DIG,17950,17470,17770,17640,16472.048828125,3027200,53399808000
2021-04-06,DIG,17620,17340,17470,17470,16302.2333984375,2170200,37913394000
2021-04-07,DIG,17920,17170,17310,17770,16585.2578125,3419700,60768069000
2021-04-08,DIG,18800,17850,17890,18730,17490.9375,10477800,196249194000
2021-04-09,DIG,18800,18560,18800,18580,17349.42578125,3320600,61696748000
2021-04-12,DIG,18800,18380,18640,18710,17462.634765625,5356300,100216373000
2021-04-13,DIG,18800,17950,18800,18130,16924.888671875,5191300,94118269000
2021-04-14,DIG,18130,17710,17890,18070,16868.283203125,3294800,59537036000
2021-04-15,DIG,18130,17590,18070,17590,16415.443359375,4035000,70975650000
2021-04-16,DIG,17620,16740,17290,17220,16075.8134765625,6207600,106894872000
2021-04-19,DIG,17710,16920,17220,17640,16472.048828125,3177500,56051100000
2021-04-20,DIG,17830,16980,17800,17310,16160.720703125,2726600,47197446000
2021-04-22,DIG,17310,16550,16980,16580,15481.4609375,3356300,55647454000
2021-04-23,DIG,16980,16070,16490,16980,15849.3935546875,3311500,56229270000
2021-04-26,DIG,16980,16250,16980,16250,15170.1337890625,2015500,32751875000
2021-04-27,DIG,16309,15950,16190,15950,14887.109375,2776600,44286770000
2021-04-28,DIG,16309,15860,15980,16040,14972.0166015625,1726000,27685040000
2021-04-29,DIG,16680,16000,16070,16219,15141.8310546875,2157900,34998980100
2021-05-04,DIG,16580,15700,15760,16370,15283.34375,2559400,41897378000
2021-05-05,DIG,16710,16460,16490,16610,15509.763671875,3565600,59224616000
2021-05-06,DIG,17170,16490,16610,16860,15736.18359375,4692300,79112178000
2021-05-07,DIG,16920,16280,16860,16410,15311.646484375,2877300,47216493000
2021-05-10,DIG,16580,16040,16250,16309,15226.7392578125,2803400,45720650600
2021-05-11,DIG,17290,16190,16250,16800,15679.5791015625,7519400,126325920000
2021-05-12,DIG,17170,16740,16920,17070,15934.30078125,3816800,65152776000
2021-05-13,DIG,17290,16920,17040,17010,15877.6962890625,4119800,70077798000
2021-05-14,DIG,17590,16920,17010,17340,16189.0234375,6557900,113713986000
2021-05-17,DIG,17520,16860,17340,16980,15849.3935546875,3421000,58088580000
2021-05-18,DIG,16980,16370,16920,16420,15339.94921875,4099800,67318716000
2021-05-19,DIG,16340,15950,16120,16070,15000.3193359375,5388000,86585160000
2021-05-20,DIG,16800,15880,16040,16740,15622.9736328125,4162400,69678576000
2021-05-21,DIG,17290,16680,16860,17070,15934.30078125,5507700,94016439000
2021-05-24,DIG,18260,17070,17070,18260,17038.09765625,13356900,243896994000
2021-05-25,DIG,18560,17920,18380,17920,16726.771484375,6398800,114666496000
2021-05-26,DIG,18500,17710,17800,18310,17094.703125,8263200,151299192000
2021-05-27,DIG,19400,18310,18310,18800,17547.54296875,8583300,161366040000
2021-05-28,DIG,19340,18880,19220,19070,17802.265625,5309000,101242630000
2021-05-31,DIG,19400,18460,18920,19340,18056.98828125,7717600,149258384000
2021-06-01,DIG,20310,19470,19470,19710,18396.6171875,5572300,109830033000
2021-06-02,DIG,19820,18980,19520,19170,17887.173828125,7367900,141242643000
2021-06-03,DIG,19640,19100,19400,19490,18198.5,7911900,154202931000
2021-06-04,DIG,20010,19520,19520,19800,18481.525390625,7540200,149295960000
2021-06-07,DIG,19940,18430,19930,19100,17830.568359375,7216200,137829420000
2021-06-08,DIG,19980,18420,19490,18500,17830.568359375,7883400,145842900000
2021-06-09,DIG,18460,17360,18140,18320,17119.892578125,6433300,117858056000
2021-06-10,DIG,18220,17360,18070,17510,16358.2724609375,7400000,129574000000
2021-06-11,DIG,18070,17360,17510,17860,16689.412109375,5915700,105654402000
2021-06-14,DIG,18360,17720,17940,18070,16888.095703125,4313300,77941331000
2021-06-15,DIG,18720,17820,18070,18570,17351.689453125,5490100,101951157000
2021-06-16,DIG,19240,18570,18720,18640,17417.91796875,7697300,143477672000
2021-06-17,DIG,18850,18070,18070,18640,17417.91796875,4574800,85274272000
2021-06-18,DIG,19490,18420,18720,19170,17914.626953125,10892800,208814976000
2021-06-21,DIG,19390,18960,19140,19060,17815.28515625,5415900,103227054000
2021-06-22,DIG,19280,18780,19200,18930,17682.828125,3702100,70080753000
2021-06-23,DIG,18880,18180,18850,18220,17020.55078125,7469200,136088824000
2021-06-24,DIG,18360,17860,18140,18000,16821.8671875,4146700,74640600000
2021-06-25,DIG,18260,17750,18000,18140,16954.322265625,3732300,67703922000
2021-06-28,DIG,18780,18000,18100,18720,17484.14453125,6787100,127054512000
2021-06-29,DIG,18780,18420,18780,18500,17285.462890625,2988800,55292800000
2021-06-30,DIG,18500,18180,18500,18180,16987.4375,2660800,48373344000
2021-07-01,DIG,18420,18000,18180,18400,17186.12109375,3660900,67360560000
2021-07-02,DIG,18500,18070,18500,18070,16888.095703125,4055600,73284692000
2021-07-05,DIG,18100,17580,18070,17640,16888.095703125,4773800,84209832000
2021-07-06,DIG,17720,16440,17720,16440,16888.095703125,5408200,88910808000
2021-07-07,DIG,16440,15490,16230,15950,16888.095703125,5843200,93199040000
2021-07-08,DIG,17010,16200,16300,16440,16888.095703125,4320900,71035596000
2021-07-09,DIG,16650,15590,16520,16650,15563.5380859375,3355000,55860750000
2021-07-12,DIG,16370,15520,16370,16160,15563.5380859375,5701400,92134624000
2021-07-13,DIG,16200,15590,15950,16160,15099.943359375,2159900,34903984000
2021-07-14,DIG,16650,15740,16090,16120,15099.943359375,3196900,51534028000
2021-07-15,DIG,16520,15840,15840,16270,15199.28515625,1987800,32341506000
2021-07-16,DIG,16870,16230,16270,16760,15199.28515625,4053500,67936660000
2021-07-19,DIG,16650,15590,16059,15590,14570.12109375,5933700,92506383000
2021-07-20,DIG,15950,14960,15650,15810,14768.8046875,3168200,50089242000
2021-07-21,DIG,16059,15590,15810,15590,14570.12109375,2280800,35557672000
2021-07-22,DIG,16650,15420,15550,16650,15563.5380859375,7460500,124217325000
2021-07-23,DIG,17360,16620,16800,16650,15563.5380859375,7147700,119009205000
2021-07-26,DIG,17720,16440,16520,17470,16325.158203125,6859300,119831971000
2021-07-27,DIG,17750,17010,17720,17360,16225.81640625,6942500,120521800000
2021-07-28,DIG,18070,17220,17300,17680,16523.841796875,7046200,124576816000
2021-07-29,DIG,17860,17510,17750,17820,16656.296875,5504400,98088408000
2021-07-30,DIG,18530,17790,17860,18140,16954.322265625,8428600,152894804000
2021-08-02,DIG,18500,17860,17900,17940,16755.638671875,5280400,94730376000
2021-08-03,DIG,18400,17820,17960,18320,17119.892578125,7361000,134853520000
2021-08-04,DIG,19490,18640,18680,19280,17119.892578125,19655200,378952256000
2021-08-05,DIG,19940,19170,19280,19670,18378.220703125,10349700,203578599000
2021-08-06,DIG,21010,19420,19710,20590,19239.18359375,17865900,367858881000
2021-08-09,DIG,21910,20730,20770,21830,20398.169921875,14605800,318844614000
2021-08-10,DIG,22290,21090,22110,21470,20398.169921875,22463500,482291345000
2021-08-11,DIG,21870,21040,21470,21690,20265.71484375,15671800,339921342000
2021-08-12,DIG,23170,21970,21970,23070,21557.15625,18911600,436290612000
2021-08-13,DIG,24520,21910,22680,24100,22517.4609375,15929400,383898540000
2021-08-16,DIG,24810,24030,24810,24030,22451.232421875,13009500,312618285000
2021-08-17,DIG,23780,22790,23710,22790,22451.232421875,17656000,402380240000
2021-08-18,DIG,24380,22610,22680,24100,22517.4609375,12154000,292911400000
2021-08-19,DIG,25010,24450,24450,24660,23047.283203125,7994000,197132040000
2021-08-20,DIG,24740,22970,24350,23030,21524.04296875,22874200,526792826000
2021-08-23,DIG,23750,22390,22850,23000,21490.9296875,13341300,306849900000
2021-08-24,DIG,23530,21610,23390,21690,20265.71484375,13581300,294578397000
2021-08-25,DIG,23170,21690,21830,23170,21656.498046875,9676500,224204505000
2021-08-26,DIG,23750,22680,23600,23070,21557.15625,8716500,201089655000
2021-08-27,DIG,24450,22610,22680,23890,22318.77734375,17419500,416151855000
2021-08-30,DIG,24380,23600,23950,23890,22318.77734375,11127900,265845531000
2021-08-31,DIG,25230,23750,23950,24740,23113.509765625,18841000,466126340000
2021-09-01,DIG,25520,24520,24660,25270,23610.21875,8905000,225029350000
2021-09-06,DIG,25690,24700,25480,24740,23113.509765625,12458200,308215868000
2021-09-07,DIG,24590,23390,24450,23600,22053.865234375,18877300,445504280000
2021-09-08,DIG,24130,23430,23430,23810,22053.865234375,6705600,159660336000
2021-09-09,DIG,24310,23750,24100,24170,22583.6875,4133100,99897027000
2021-09-10,DIG,24310,23810,24310,23890,22318.77734375,6236900,148999541000
2021-09-13,DIG,24100,22930,23910,23070,21557.15625,13771600,317710812000
2021-09-14,DIG,23350,22040,22900,22500,21027.333984375,11020500,247961250000
2021-09-15,DIG,23390,22330,22460,22970,21457.814453125,4802900,110322613000
2021-09-16,DIG,23530,23000,23290,23450,21921.41015625,5163400,121081730000
2021-09-17,DIG,24310,23600,23810,24130,22550.57421875,9864000,238018320000
2021-09-20,DIG,24030,22680,23710,22680,21192.904296875,11818300,268039044000
2021-09-21,DIG,23250,21690,22040,22750,21192.904296875,11863300,269890075000
2021-09-22,DIG,23170,22540,22900,22820,21192.904296875,4831000,110243420000
2021-09-23,DIG,23490,22540,23030,22540,21060.447265625,5532200,124695788000
2021-09-24,DIG,22790,22390,22540,22390,20927.9921875,4210900,94282051000
2021-09-27,DIG,22610,20840,22360,20840,19470.98046875,10003500,208472940000
2021-09-28,DIG,21970,20410,20550,21970,20530.625,8840600,194227982000
2021-09-29,DIG,22460,21550,21830,21970,20530.625,6735500,147978935000
2021-09-30,DIG,22680,21930,22190,21970,20530.625,3555400,78112138000
2021-10-01,DIG,22110,21610,21720,21610,20199.486328125,4461300,96408693000
2021-10-04,DIG,22250,20910,21610,21300,19901.4609375,6076600,129431580000
2021-10-05,DIG,22250,21260,21610,22040,20596.853515625,4583300,101015932000
2021-10-06,DIG,23560,22330,22610,23560,20596.853515625,12520700,294987692000
2021-10-07,DIG,24170,23560,23750,23560,22020.751953125,6183600,145685616000
2021-10-08,DIG,24450,23670,23950,23810,22020.751953125,7017700,167091437000
2021-10-11,DIG,24380,23750,24100,23810,22020.751953125,7767400,184941794000
2021-10-12,DIG,24950,23780,24000,24660,23047.283203125,11015900,271652094000
2021-10-13,DIG,25300,24740,24950,25100,23444.650390625,7369900,184984490000
2021-10-14,DIG,26580,25300,25370,26510,23444.650390625,13356200,354072862000
2021-10-15,DIG,27070,26010,26720,26510,24769.205078125,9412500,249525375000
2021-10-18,DIG,27220,26620,26620,27040,24769.205078125,8939900,241734896000
2021-10-19,DIG,27040,26430,26960,26470,24736.091796875,8316400,220135108000
2021-10-20,DIG,27850,26400,26400,27180,25398.37109375,9870500,268280190000
2021-10-21,DIG,28350,27320,27570,28280,26424.90234375,7651500,216384420000
2021-10-22,DIG,30230,28390,28710,30190,28213.052734375,10895300,328929107000
2021-10-25,DIG,31080,29200,30480,29200,28213.052734375,9600700,280340440000
2021-10-26,DIG,30790,28630,29200,30690,28213.052734375,12336200,378597978000
2021-10-27,DIG,32810,31190,31430,32750,28213.052734375,8077500,264538125000
2021-10-28,DIG,34730,33170,33310,34730,32451.6328125,6773800,235254074000
2021-10-29,DIG,36720,35080,35360,36080,33709.9609375,10850400,391482432000
2021-11-01,DIG,38560,35300,36080,38560,33709.9609375,11113000,428517280000
2021-11-02,DIG,41240,40400,40400,41240,38544.59375,4217600,173933824000
2021-11-03,DIG,44080,38420,44080,38420,35895.48046875,22938300,881289486000
2021-11-04,DIG,40750,36360,38270,39760,37153.80859375,15810500,628625480000
2021-11-05,DIG,41680,39340,41110,39400,36822.671875,6322900,249122260000
2021-11-08,DIG,40400,38700,39400,39400,36822.671875,7357400,289881560000
2021-11-09,DIG,41460,38770,39040,41110,38412.13671875,8542000,351161620000
2021-11-10,DIG,43940,41810,42530,43940,41061.25,6260900,275103946000
2021-11-11,DIG,46980,44300,45920,46980,43909.046875,8510700,399832686000
2021-11-12,DIG,50250,47130,47560,50250,46955.52734375,6613800,332343450000
2021-11-15,DIG,53520,46780,50890,48190,45034.921875,12342900,594804351000
2021-11-16,DIG,49470,46280,46920,47490,44372.640625,9677300,459574977000
2021-11-17,DIG,48190,46780,47200,47620,44505.09765625,5045600,240271472000
2021-11-18,DIG,50950,48270,48910,50950,47617.8046875,5072400,258438780000
2021-11-19,DIG,53870,47620,53870,49610,46359.4765625,8220000,407794200000
2021-11-22,DIG,50600,46140,49610,46140,43114.3125,10200200,470637228000
2021-11-23,DIG,45920,42950,42950,43230,40398.97265625,13201500,570700845000
2021-11-24,DIG,45720,43230,44720,44720,41789.7578125,4730800,211561376000
2021-11-25,DIG,47840,45430,45430,47840,44703.78125,2718000,130029120000
2021-11-26,DIG,51170,48190,51170,49550,46293.25,8802900,436183695000
2021-11-29,DIG,50890,48270,48910,49690,46425.703125,4815600,239287164000
2021-11-30,DIG,51030,47280,49820,48550,45366.05859375,9366600,454748430000
2021-12-01,DIG,48130,46210,48130,46360,43312.99609375,6227400,288702264000
2021-12-02,DIG,49260,46560,47490,48400,45233.60546875,4803100,232470040000
2021-12-03,DIG,50600,46070,49110,46070,43048.0859375,5574400,256812608000
2021-12-06,DIG,47770,43800,47060,45640,42650.71875,5764800,263105472000
2021-12-07,DIG,48550,44650,46560,48190,45034.921875,4209800,202870262000
2021-12-08,DIG,50680,47200,48400,48400,45233.60546875,6444100,311894440000
2021-12-09,DIG,49550,48400,48400,49190,45962.109375,3314100,163020579000
2021-12-10,DIG,50330,48340,49610,48550,45366.05859375,4534600,220154830000
2021-12-13,DIG,51880,48190,48550,51880,48478.765625,9044000,469202720000
2021-12-14,DIG,55280,52590,52590,55210,51591.4765625,5154300,284568903000
2021-12-15,DIG,58120,56340,58120,57760,53975.67578125,5651900,326453744000
2021-12-16,DIG,61800,57760,58400,61800,57750.6640625,6229700,384995460000
2021-12-17,DIG,65920,61660,64360,64500,60267.3203125,8913300,574907850000
2021-12-20,DIG,64560,60240,64500,61660,57618.20703125,7237000,446233420000
2021-12-21,DIG,65920,60240,61310,65920,61591.875,6335000,417603200000
2021-12-22,DIG,70170,67400,69460,68250,63777.39453125,4751700,324303525000
2021-12-23,DIG,68390,63500,68330,63500,59340.12890625,10207800,648195300000
2021-12-24,DIG,66060,61800,61800,63780,59605.04296875,4147200,264508416000
2021-12-27,DIG,68250,63430,64500,68250,63777.39453125,4182600,285462450000
2021-12-28,DIG,72500,68680,70660,71940,67221.2421875,5198300,373965702000
2021-12-29,DIG,74070,67900,73000,68750,64240.98828125,4962500,341171875000
2021-12-30,DIG,70880,67330,68750,68040,63578.7109375,3465900,235819836000
2021-12-31,DIG,69890,67330,68750,68530,64042.3046875,3207500,219809975000
2022-01-04,DIG,73280,69530,70880,73280,68479.5703125,3536300,259140064000
2022-01-05,DIG,78390,75130,78390,78390,73247.9765625,5196200,407330118000
2022-01-06,DIG,80730,76540,77390,77600,72519.46875,5140200,398879520000
2022-01-07,DIG,82990,76540,78750,82990,77552.78125,4244200,352226158000
2022-01-10,DIG,88730,79810,82140,85760,74175.1640625,5006200,429331712000
2022-01-11,DIG,84910,79730,81500,84910,79340.9296875,5806500,493029915000
2022-01-12,DIG,88590,79020,84340,79020,73844.0234375,13756100,1087007022000
2022-01-13,DIG,82210,73500,79370,73500,68678.25,6175500,453899250000
2022-01-14,DIG,75130,68390,68390,68470,63976.078125,12905300,883625891000
2022-01-17,DIG,70800,63720,70660,63720,59538.8125,8371300,533419236000
2022-01-18,DIG,59330,59330,59330,59330,55432.6875,700800,41578464000
2022-01-19,DIG,55210,55210,55210,55210,51591.4765625,680900,37592489000
2022-01-20,DIG,59040,51390,51390,59040,55167.77734375,13033500,769497840000
2022-01-21,DIG,63150,59040,63150,63150,59008.9921875,8261400,521707410000
2022-01-24,DIG,64500,58750,63930,58750,54902.8671875,6567200,385823000000
2022-01-25,DIG,61020,54640,54640,59530,55631.37109375,7432700,442468631000
2022-01-26,DIG,63650,59530,59600,60240,56293.6484375,4680400,281947296000
2022-01-27,DIG,60950,56070,60240,56070,52386.20703125,3013300,168955731000
2022-01-28,DIG,54640,52170,52170,52170,48743.6796875,9074500,473416665000
2022-02-07,DIG,54570,48550,52800,48550,45366.05859375,5271400,255926470000
2022-02-08,DIG,46710,45220,45300,45220,42253.3515625,6680600,302096732000
2022-02-09,DIG,48340,42100,42100,48340,45167.375,10218600,493967124000
2022-02-10,DIG,51670,50470,51670,51670,48280.08203125,4090600,211361302000
2022-02-11,DIG,53090,48910,50330,48910,45697.19921875,4926000,240930660000
2022-02-14,DIG,52310,46780,46780,52310,48876.1328125,6599000,345193690000
2022-02-15,DIG,55920,52450,53010,55920,48876.1328125,4811200,269042304000
2022-02-16,DIG,59810,58120,58470,59810,55896.28125,3266800,195387308000
2022-02-17,DIG,63080,59530,61800,60740,56757.24609375,7571800,459911132000
2022-02-18,DIG,64920,59530,60240,64849,60598.45703125,5543100,359464491900
2022-02-21,DIG,69170,65420,66620,67330,62916.43359375,4792200,322658826000
2022-02-22,DIG,65420,62660,62660,62660,58545.39453125,12212200,765216452000
2022-02-23,DIG,66620,62660,63780,65920,61591.875,6058000,399343360000
2022-02-24,DIG,66620,61310,65200,61940,57883.1171875,10818300,670085502000
2022-02-25,DIG,65140,62440,64000,62440,58346.7109375,4180300,261017932000
2022-02-28,DIG,63080,59530,61660,60950,56955.9296875,4523200,275689040000
2022-03-01,DIG,65200,60950,61020,65200,60929.59765625,7356500,479643800000
2022-03-02,DIG,67690,63780,66550,65420,61128.28125,4674900,305831958000
2022-03-03,DIG,66980,65200,65920,66200,61856.7890625,3361900,222557780000
2022-03-04,DIG,69890,65770,66620,68180,63711.16796875,5264200,358913156000
2022-03-07,DIG,69110,65920,68680,66690,62320.3828125,4282300,285586587000
2022-03-08,DIG,66200,62090,63930,62090,58015.57421875,9470200,588004718000
2022-03-09,DIG,63080,58330,62940,62440,58346.7109375,6316400,394396016000
2022-03-10,DIG,65920,63930,65069,64500,60267.3203125,3015500,194499750000
2022-03-11,DIG,64500,61310,63430,62370,58280.484375,3944800,246037176000
2022-03-14,DIG,65200,60240,60950,63430,59273.90234375,5620700,356521001000
2022-03-15,DIG,65340,63780,65200,64709,60466.00390625,3092200,200093169800
2022-03-16,DIG,65770,64080,65770,64080,59869.953125,2939600,188369568000
2022-03-17,DIG,65560,64420,64500,64920,60664.6875,2982400,193617408000
2022-03-18,DIG,68960,64849,65200,67330,62916.43359375,8715500,586814615000
2022-03-21,DIG,72010,67970,68040,72010,67287.46875,5941800,427869018000
2022-03-22,DIG,76610,72010,74420,72650,67883.515625,5213100,378731715000
2022-03-23,DIG,75840,71580,72650,75270,70333.9453125,4624200,348063534000
2022-03-24,DIG,77390,74140,76540,74560,69671.671875,3746100,279309216000
2022-03-25,DIG,75490,72300,74560,72300,67552.3828125,5002400,361673520000
2022-03-28,DIG,70800,67270,69670,67270,62850.203125,15773100,1061056437000
2022-03-29,DIG,71940,68390,68750,71940,67221.2421875,4431900,318830886000
2022-03-30,DIG,73000,66910,71580,67330,62916.43359375,8157400,549237742000
2022-03-31,DIG,68890,64500,67610,65560,61260.73828125,4177200,273857232000
2022-04-01,DIG,69250,64500,65560,69030,64505.8984375,4855800,335195874000
2022-04-04,DIG,70880,67330,70800,67330,62916.43359375,4270500,287532765000
2022-04-05,DIG,68750,65280,65280,66270,61923.015625,6003300,397838691000
2022-04-06,DIG,65920,61660,65200,61660,57618.20703125,13156200,811211292000
2022-04-07,DIG,61660,57550,60590,58820,54969.09375,8675400,510287028000
2022-04-08,DIG,60240,58120,58890,59250,55366.4609375,4901100,290390175000
2022-04-12,DIG,60880,55140,60170,55140,51525.24609375,6089800,335791572000
2022-04-13,DIG,56340,51460,55980,56340,52651.12109375,9730800,548233272000
2022-04-14,DIG,57400,52590,57060,52800,49339.73046875,6108300,322518240000
2022-04-15,DIG,52370,49110,51460,49110,45895.8828125,9914000,486876540000
2022-04-18,DIG,51880,46210,47620,51880,48478.765625,10012700,519458876000
2022-04-19,DIG,53520,51030,52730,51170,47816.48828125,6611100,338289987000
2022-04-20,DIG,51950,49260,50330,49260,46028.3359375,4799400,236418444000
2022-04-21,DIG,48910,45850,45850,45850,42849.40234375,10454900,479357165000
2022-04-22,DIG,47490,42670,43940,42880,40067.83203125,8680500,372219840000
2022-04-25,DIG,44520,39910,43940,39910,37286.265625,7833700,312642967000
2022-04-26,DIG,42670,37140,37140,42670,39869.1484375,10288800,439023096000
2022-04-27,DIG,45640,39760,43730,45640,42650.71875,10375100,473519564000
2022-04-28,DIG,46560,43590,45720,43800,40928.796875,6421200,281248560000
2022-04-29,DIG,46780,43230,43230,46070,43048.0859375,7752100,357139247000
2022-05-04,DIG,45920,43230,45000,43230,40398.97265625,7016700,303331941000
2022-05-05,DIG,44430,40330,44220,41170,38478.3671875,7119400,293105698000
2022-05-06,DIG,40750,38340,39690,38340,35829.25390625,7020300,269158302000
2022-05-09,DIG,37500,35720,37200,35720,33378.82421875,8771200,313307264000
2022-05-10,DIG,37560,33230,33380,37560,35100.74609375,14106500,529840140000
2022-05-11,DIG,40190,35790,38980,40190,37551.17578125,11641300,467863847000
2022-05-12,DIG,41030,37420,40330,37420,34968.2890625,9288300,347568186000
2022-05-13,DIG,37200,34840,37200,34840,32550.974609375,12420600,432733704000
2022-05-16,DIG,37000,34370,36850,34370,32120.494140625,7130300,245068411000
2022-05-17,DIG,36720,34010,34370,36720,34306.01171875,6108200,224293104000
2022-05-18,DIG,39260,37420,37780,39260,36690.21484375,9176500,360269390000
2022-05-19,DIG,39830,37840,37840,39260,36690.21484375,6854900,269123374000
2022-05-20,DIG,41950,39260,39620,41750,39008.1875,8215900,343013825000
2022-05-23,DIG,42100,38840,41950,38840,36292.84765625,9667200,375474048000
2022-05-24,DIG,41110,36500,37920,41110,38412.13671875,8674200,356596362000
2022-05-25,DIG,43590,40610,41750,42590,39802.921875,7680300,327103977000
2022-05-26,DIG,43450,41530,42530,41810,39074.4140625,5243400,219226554000
2022-05-27,DIG,43940,41460,41810,42670,39869.1484375,6944200,296309014000
2022-05-30,DIG,44430,42740,43230,43520,40663.8828125,4998500,217534720000
2022-05-31,DIG,44430,42310,43230,42810,40001.60546875,7891700,337843677000
2022-06-01,DIG,42880,40750,42530,41460,38743.27734375,9351600,387717336000
2022-06-02,DIG,42390,39340,41460,39480,38743.27734375,8799600,347408208000
2022-06-03,DIG,41390,38620,39190,40550,37882.31640625,6547600,265505180000
2022-06-06,DIG,41030,37710,41030,37710,35233.203125,6583300,248256243000
2022-06-07,DIG,37560,35300,37560,37500,35034.51953125,8167800,306292500000
2022-06-08,DIG,40110,37780,37920,38980,36425.3046875,5147800,200661244000
2022-06-09,DIG,40040,38620,39130,38620,36094.1640625,3018900,116589918000
2022-06-10,DIG,38560,36850,37920,36850,34438.46875,5341900,196849015000
2022-06-13,DIG,36080,34300,35360,34300,32054.267578125,8268800,283619840000
2022-06-14,DIG,35080,31970,33310,31970,29868.748046875,6744800,215631256000
2022-06-15,DIG,32920,29730,31970,29730,27782.572265625,11625500,345626115000
2022-06-16,DIG,31140,27680,30480,27680,25861.96484375,9400600,260208608000
2022-06-17,DIG,26940,25760,26220,25760,24073.814453125,13824800,356126848000
2022-06-20,DIG,26540,24000,25520,24000,22418.119140625,9576900,229845600000
2022-06-21,DIG,23950,22330,22680,22330,20861.763671875,9522800,212644124000
2022-06-22,DIG,23890,22250,23030,23890,22318.77734375,9381300,224119257000
2022-06-23,DIG,25550,24520,25370,25550,23875.130859375,7562800,193229540000
2022-06-24,DIG,27260,24840,25900,24840,23212.8515625,11785600,292754304000
2022-06-27,DIG,26190,24100,24770,25590,23908.244140625,7919600,202662564000
2022-06-28,DIG,27360,25520,25940,27360,25563.939453125,7692800,210475008000
2022-06-29,DIG,28000,26470,26940,26940,25166.572265625,7551500,203437410000
2022-06-30,DIG,27040,25060,26860,25100,23444.650390625,11006100,276253110000
2022-07-01,DIG,26790,23390,24450,25870,24173.15625,10675100,276164837000
2022-07-04,DIG,26940,25800,26430,25940,24239.3828125,4006100,103918234000
2022-07-05,DIG,26220,24420,25900,24740,23113.509765625,5039800,124684652000
2022-07-06,DIG,26190,24130,24130,24740,23113.509765625,7774500,192341130000
2022-07-07,DIG,25840,25060,25160,25480,23808.90234375,4664100,118841268000
2022-07-08,DIG,27260,25970,26220,27260,25464.59765625,17592700,479577002000
2022-07-11,DIG,28810,26940,27500,28420,26557.357421875,11810400,335651568000
2022-07-12,DIG,30400,28880,28880,30400,26557.357421875,7827700,237962080000
2022-07-13,DIG,30790,28940,30480,29490,27550.775390625,12115800,357294942000
2022-07-14,DIG,30620,29100,29100,30040,28080.59765625,7828700,235174148000
2022-07-15,DIG,31430,29730,30790,29730,27782.572265625,8695400,258514242000
2022-07-18,DIG,30160,27720,29770,28100,26259.33203125,16873900,474156590000
2022-07-19,DIG,29660,27290,27740,28880,26987.837890625,9137100,263879448000
2022-07-20,DIG,30400,29060,29620,29770,27815.685546875,10392600,309387702000
2022-07-21,DIG,31860,31220,31820,31470,29615.361328125,12848600,404345442000
2022-07-22,DIG,31600,30780,31130,30870,29045.833984375,6017800,185769486000
2022-07-25,DIG,31000,29710,30260,30440,28639.029296875,6768300,206027052000
2022-07-26,DIG,31130,30350,30700,30350,28557.669921875,4550600,138110710000
2022-07-27,DIG,31560,29830,30220,31560,29696.72265625,5391000,170139960000
2022-07-28,DIG,33770,32299,32560,33680,31690.0625,14804200,498605456000
2022-07-29,DIG,33810,33110,33720,33110,31161.216796875,6789200,224790412000
2022-08-01,DIG,34670,33240,33240,34200,32178.228515625,6472200,221349240000
2022-08-02,DIG,34980,33550,34540,34110,32218.908203125,6159700,210107367000
2022-08-03,DIG,34240,33290,33290,34150,32137.548828125,8645000,295226750000
2022-08-04,DIG,35360,34150,34720,34290,32259.58984375,6926300,237502827000
2022-08-05,DIG,35710,33990,34150,35500,33398.640625,8401900,298267450000
2022-08-08,DIG,36230,34980,36230,35230,33154.55859375,7035600,247864188000
2022-08-09,DIG,35930,34890,35360,35410,33317.28125,5416600,191801806000
2022-08-10,DIG,37010,35150,35320,36410,34252.9296875,9908200,360757562000
2022-08-11,DIG,36920,34150,36840,34590,32544.353515625,12624900,436695291000
2022-08-12,DIG,35410,34240,34590,35060,32991.8359375,6583700,230824522000
2022-08-15,DIG,35580,34800,35450,35200,33113.87890625,5604000,197260800000
2022-08-16,DIG,35880,35020,35200,35670,33561.36328125,6431900,229425873000
2022-08-17,DIG,37010,35530,35750,35630,33520.68359375,11277600,401820888000
2022-08-18,DIG,35750,35020,35450,35280,33195.23828125,6327400,223230672000
2022-08-19,DIG,35880,34760,35280,35200,33113.87890625,6441900,226754880000
2022-08-22,DIG,34980,32860,34670,32990,31039.17578125,14506300,478562837000
2022-08-23,DIG,34590,32460,32460,34590,32544.353515625,7628500,263869815000
2022-08-24,DIG,34980,34110,34760,34240,32218.908203125,5231700,179133408000
2022-08-25,DIG,35100,34070,34240,34590,32544.353515625,6039400,208902846000
2022-08-26,DIG,35450,34320,34760,34670,32625.712890625,9010000,312376700000
2022-08-29,DIG,34420,32860,33720,34420,32381.630859375,9304600,320264332000
2022-08-30,DIG,34760,32860,34590,32860,30917.134765625,7561700,248477462000
2022-08-31,DIG,33330,32000,32159,32860,30917.134765625,9204300,302453298000
2022-09-05,DIG,33380,32600,32860,32600,30673.052734375,5268200,171743320000
2022-09-06,DIG,33590,32560,32680,33290,31323.939453125,6322700,210482683000
2022-09-07,DIG,33550,31560,33160,31560,29696.72265625,7796900,246070164000
2022-09-08,DIG,32250,30260,32159,30260,28476.30859375,8796700,266188142000
2022-09-09,DIG,32000,28530,30610,32000,30103.525390625,12071300,386281600000
2022-09-12,DIG,32000,31130,32000,31130,29289.91796875,4526300,140903719000
2022-09-13,DIG,31130,30260,31130,30780,28964.474609375,5019300,154494054000
2022-09-14,DIG,31300,29830,29830,30780,28964.474609375,8125100,250090578000
2022-09-15,DIG,31300,30650,30920,30650,28842.431640625,3709700,113702305000
2022-09-16,DIG,30520,29100,30440,29140,27418.6171875,8242600,240189364000
2022-09-19,DIG,29400,27240,29230,28530,26849.091796875,11066200,315718686000
2022-09-20,DIG,28960,27750,28530,28580,26889.771484375,5185300,148195874000
2022-09-21,DIG,29140,28020,28180,28450,26767.73046875,3782600,107614970000
2022-09-22,DIG,28930,28100,28100,28660,26971.1328125,4581400,131302924000
2022-09-23,DIG,28880,27800,28530,27800,26157.5234375,4695100,130523780000
2022-09-26,DIG,27580,25860,26810,27580,25954.12109375,18104400,499319352000
2022-09-27,DIG,27580,25940,27240,26720,25140.51171875,4925200,131601344000
2022-09-28,DIG,27110,25590,25940,26630,25059.15234375,7593900,202225557000
2022-09-29,DIG,27240,25860,26970,25940,24408.263671875,5295800,137373052000
2022-09-30,DIG,25680,24120,25510,25680,24164.181640625,13026800,334528224000
2022-10-03,DIG,25330,23900,24680,23900,22496.283203125,6420800,153457120000
2022-10-04,DIG,24220,22310,23780,23300,21926.7578125,13431400,312951620000
2022-10-05,DIG,24820,23440,23690,24650,23187.8515625,9020000,222343000000
2022-10-06,DIG,24680,23090,24650,23600,22211.521484375,8611500,203231400000
2022-10-07,DIG,23040,21960,22310,23040,21682.67578125,16525700,380752128000
2022-10-10,DIG,22960,21480,21530,22910,21560.6328125,9234100,211553231000
2022-10-11,DIG,22740,21310,22310,21310,20055.45703125,8799700,187521607000
2022-10-12,DIG,22050,19840,19890,21360,20096.138671875,12537500,267801000000
2022-10-13,DIG,22440,21450,21610,21880,20584.302734375,5794700,126788036000
2022-10-14,DIG,22740,22050,22350,22090,20787.705078125,6051100,133668799000
2022-10-17,DIG,21790,20580,21610,21180,19933.416015625,8391700,177736206000
2022-10-18,DIG,22660,21360,21610,22660,21316.55078125,11719300,265559338000
2022-10-19,DIG,23090,22570,22910,22570,21235.189453125,5436800,122708576000
2022-10-20,DIG,22690,21830,22390,21880,20584.302734375,5160700,112916116000
2022-10-21,DIG,21880,20370,21880,20370,19160.48828125,10090200,205537374000
2022-10-24,DIG,20320,18980,20150,18980,17858.712890625,4999500,94890510000
2022-10-25,DIG,19460,17680,17680,17680,16638.30078125,14021100,247893048000
2022-10-26,DIG,17640,16470,16950,16470,15499.248046875,7705800,126914526000
2022-10-27,DIG,17420,15350,15350,17120,16109.4541015625,27040700,462936784000
2022-10-28,DIG,18160,16420,17640,16420,15458.5673828125,10866100,178421362000
2022-10-31,DIG,16170,15310,15990,15310,14400.8759765625,19026400,291294184000
2022-11-01,DIG,16340,15480,15560,16340,15377.20703125,17193100,280935254000
2022-11-02,DIG,16990,16090,16420,16090,15133.1240234375,10306100,165825149000
2022-11-03,DIG,16260,15180,15180,15390,14482.2373046875,12256200,188622918000
2022-11-04,DIG,15350,14350,15310,14350,13505.90625,13199900,189418565000
2022-11-07,DIG,13360,13360,13360,13360,12570.255859375,2477300,33096728000
2022-11-08,DIG,12450,12450,12450,12450,11715.966796875,1242400,15467880000
2022-11-09,DIG,13100,11590,11590,11590,10902.3583984375,57331500,664472085000
2022-11-10,DIG,11280,10810,10810,10810,10170.1103515625,13218900,142896309000
2022-11-11,DIG,11030,10070,10380,10070,9478.54296875,19507200,196437504000
2022-11-14,DIG,9550,9390,9390,9390,8827.6552734375,20547800,192943842000
2022-11-15,DIG,8730,8730,8730,8730,8217.44921875,1082300,9448479000
2022-11-16,DIG,9340,8130,8130,9340,8786.9755859375,51935000,485072900000
2022-11-17,DIG,9990,9470,9470,9640,9071.73828125,16815800,162104312000
2022-11-18,DIG,10290,9080,9690,10290,9681.9453125,29358100,302094849000
2022-11-21,DIG,10980,10770,10980,10980,10332.83203125,29409600,322917408000
2022-11-22,DIG,11710,10550,11540,11240,10576.9150390625,36518100,410463444000
2022-11-23,DIG,11330,10470,10980,10470,9844.6669921875,18978100,198700707000
2022-11-24,DIG,10770,9770,9850,10500,9885.3466796875,28696900,301317450000
2022-11-25,DIG,11240,10630,10900,11240,10576.9150390625,20627600,231854224000
2022-11-28,DIG,12020,11930,12020,12020,11309.162109375,6090400,73206608000
2022-11-29,DIG,12840,11760,12840,12800,12041.41015625,45771000,585868800000
2022-11-30,DIG,13670,12360,12800,13670,12855.01953125,21464600,293421082000
2022-12-01,DIG,14610,13230,14610,14610,13749.9892578125,30680400,448240644000
2022-12-02,DIG,15610,14130,15560,15610,14685.638671875,37004600,577641806000
2022-12-05,DIG,16690,15870,16560,16690,15702.650390625,18009300,300575217000
2022-12-06,DIG,17640,15520,16690,15520,14604.2783203125,44242600,686645152000
2022-12-07,DIG,15480,14440,14700,14440,13587.267578125,26931500,388890860000
2022-12-08,DIG,15430,14830,14880,15430,14522.9169921875,17111000,264022730000
2022-12-09,DIG,16470,15210,16170,16470,15499.248046875,22983000,378530010000
2022-12-12,DIG,17120,15350,16600,15350,14441.556640625,20850800,320059780000
2022-12-13,DIG,15960,14310,14910,15960,15011.0830078125,28579700,456132012000
2022-12-14,DIG,16420,15390,16420,15390,14482.2373046875,13165300,202613967000
2022-12-15,DIG,15960,14740,15090,15740,14807.6806640625,13989900,220201026000
2022-12-16,DIG,16420,15180,15350,16420,15458.5673828125,22309500,366321990000
2022-12-19,DIG,17030,15560,16690,15560,14644.958984375,19117600,297469856000
2022-12-20,DIG,15520,14480,15390,14480,13627.947265625,27125000,392770000000
2022-12-21,DIG,14880,13490,14880,13490,12692.2978515625,18035800,243302942000
2022-12-22,DIG,14100,13100,13970,13920,13099.1015625,12998900,180944688000
2022-12-23,DIG,14270,13570,13830,13700,12895.69921875,6582800,90184360000
2022-12-26,DIG,13790,12760,13790,12760,12000.73046875,9105800,116190008000
2022-12-27,DIG,13620,12190,12280,13620,12814.3388671875,13935600,189802872000
2022-12-28,DIG,14100,13400,13970,13570,12773.658203125,9488200,128754874000
2022-12-29,DIG,13920,12800,13570,12800,12041.41015625,8422300,107805440000
2022-12-30,DIG,13060,12360,12970,12360,11634.6064453125,6044400,74708784000
2023-01-03,DIG,13230,12450,12450,13230,12448.21484375,6305000,83415150000
2023-01-04,DIG,13970,13490,13570,13570,12773.658203125,11586000,157222020000
2023-01-05,DIG,13920,13190,13620,13700,12895.69921875,8350100,114396370000
2023-01-06,DIG,13970,13060,13670,13060,12285.4931640625,9497200,124033432000
2023-01-09,DIG,13400,12800,13320,12800,12041.41015625,6428600,82286080000
2023-01-10,DIG,13230,12490,12890,13060,12285.4931640625,5990500,78235930000
2023-01-11,DIG,13830,13190,13230,13400,12610.9365234375,7319300,98078620000
2023-01-12,DIG,13570,13140,13570,13140,12366.853515625,4787500,62907750000
2023-01-13,DIG,13490,13100,13270,13190,12407.5341796875,5968300,78721877000
2023-01-16,DIG,13230,12890,13190,12890,12122.771484375,5251200,67687968000
2023-01-17,DIG,13400,12890,12890,13400,12610.9365234375,7543300,101080220000
2023-01-18,DIG,14310,13490,13670,14310,13465.2255859375,13970400,199916424000
2023-01-19,DIG,14610,14100,14350,14270,13424.5458984375,9266900,132238663000
2023-01-27,DIG,14660,13970,14530,13970,13139.7822265625,9192900,128424813000
2023-01-30,DIG,14910,13750,13920,14700,13831.349609375,17889700,262978590000
2023-01-31,DIG,15130,14570,14780,15130,14238.154296875,13722400,207619912000
2023-02-01,DIG,15480,14100,15350,14100,13261.8232421875,19788500,279017850000
2023-02-02,DIG,14270,13230,14130,13490,12692.2978515625,13078700,176431663000
2023-02-03,DIG,13880,13230,13750,13530,12732.9775390625,9380200,126914106000
2023-02-06,DIG,13830,13190,13400,13750,12936.3798828125,5357700,73668375000
2023-02-07,DIG,13830,12970,13700,12970,12204.1318359375,9213900,119504283000
2023-02-08,DIG,13230,12360,13060,12920,12163.4521484375,8538700,110320004000
2023-02-09,DIG,13230,12800,12920,12800,12041.41015625,4938500,63212800000
2023-02-10,DIG,12840,12190,12840,12280,11553.2451171875,7574400,93013632000
2023-02-13,DIG,12110,11460,12110,11460,10780.31640625,15149100,173608686000
2023-02-14,DIG,11680,11330,11460,11460,10780.31640625,4773100,54699726000
2023-02-15,DIG,12240,11410,11460,12110,11390.5234375,6964400,84338884000
2023-02-16,DIG,12410,12020,12320,12280,11553.2451171875,4815300,59131884000
2023-02-17,DIG,12840,12280,12360,12280,11553.2451171875,7747100,95134388000
2023-02-20,DIG,13100,12450,12450,13100,12326.173828125,12463900,163277090000
2023-02-21,DIG,13670,13230,13400,13230,12448.21484375,10776500,142573095000
2023-02-22,DIG,13140,12360,12920,12360,11634.6064453125,11554000,142807440000
2023-02-23,DIG,12540,11590,12360,12320,11593.92578125,10161100,125184752000
2023-02-24,DIG,12490,11890,12360,11930,11227.8017578125,4404800,52549264000
2023-02-27,DIG,11890,11410,11890,11410,10739.63671875,6986400,79714824000
2023-02-28,DIG,11810,11500,11590,11680,10983.71875,4492300,52470064000
2023-03-01,DIG,11240,10900,10900,10900,10251.470703125,34561000,376714900000
2023-03-02,DIG,11330,10810,10900,10900,10251.470703125,6189000,67460100000
2023-03-03,DIG,10980,10160,10720,10160,9559.9033203125,22838300,232037128000
2023-03-06,DIG,10850,10470,10550,10850,10210.791015625,12765400,138504590000
2023-03-07,DIG,10930,10250,10930,10330,9722.625,10806300,111629079000
2023-03-08,DIG,10720,10120,10120,10550,9926.02734375,8567400,90386070000
2023-03-09,DIG,10810,10420,10720,10470,9844.6669921875,6709300,70246371000
2023-03-10,DIG,10420,10160,10290,10200,9600.583984375,9150400,93334080000
2023-03-13,DIG,10330,9940,9940,10030,9437.8623046875,6801800,68222054000
2023-03-14,DIG,10120,9390,10030,9510,8949.697265625,11710100,111363051000
2023-03-15,DIG,10160,9770,9940,10160,9559.9033203125,9494000,96459040000
2023-03-16,DIG,10550,9940,10120,10380,9763.3056640625,12886200,133758756000
2023-03-17,DIG,10900,10470,10680,10770,10129.4296875,17506700,188547159000
2023-03-20,DIG,10810,10120,10630,10120,9519.22265625,10261400,103845368000
2023-03-21,DIG,10500,10030,10290,10420,9803.986328125,11349400,118260748000
2023-03-22,DIG,10900,10550,10720,10550,9966.7080078125,10460800,110361440000
2023-03-23,DIG,10720,10420,10470,10680,10170.1103515625,8955700,95646876000
2023-03-24,DIG,11240,10720,10900,11070,10373.5126953125,18495500,204745185000
2023-03-27,DIG,11500,11070,11150,11460,10780.31640625,16542800,189580488000
2023-03-28,DIG,11710,11150,11680,11150,10495.5537109375,14259900,158997885000
2023-03-29,DIG,11410,11030,11240,11330,10698.9560546875,8042900,91126057000
2023-03-30,DIG,11680,11200,11680,11200,10495.5537109375,10623500,118983200000
2023-03-31,DIG,11760,11070,11200,11590,10983.71875,13796000,159895640000
2023-04-03,DIG,12450,12060,12190,12450,11715.966796875,20364100,253533045000
2023-04-04,DIG,13100,12620,12620,12890,12122.771484375,16534900,213134861000
2023-04-05,DIG,13320,12670,12760,13270,12610.9365234375,18105800,240263966000
2023-04-06,DIG,14310,13490,13670,14270,12936.3798828125,29345300,418757431000
2023-04-07,DIG,14700,13790,14000,14700,13831.349609375,27647400,406416780000
2023-04-10,DIG,15390,14740,15210,15000,14156.79296875,25900200,388503000000
2023-04-11,DIG,15130,14000,14740,14910,14238.154296875,39693100,591824121000
2023-04-12,DIG,15430,14570,15180,15090,13994.0712890625,19738700,297856983000
2023-04-13,DIG,15520,14740,15130,15050,14156.79296875,23382100,351900605000
2023-04-14,DIG,15210,14000,15130,14000,13180.462890625,39681600,555542400000
2023-04-17,DIG,14130,13670,14000,13920,13261.8232421875,13660500,190154160000
2023-04-18,DIG,15050,13750,14100,15050,14156.79296875,33217500,499923375000
2023-04-19,DIG,15520,14780,15350,14880,13831.349609375,23473600,349287168000
2023-04-20,DIG,15090,14400,14880,14880,13953.3916015625,13865900,206324592000
2023-04-21,DIG,15350,14660,14880,14910,13912.7109375,18295000,272778450000
2023-04-24,DIG,15000,14220,14880,14740,13749.9892578125,15553600,229260064000
2023-04-25,DIG,15050,14000,14830,14050,13180.462890625,21785300,306083465000
2023-04-26,DIG,14610,14050,14130,14570,13749.9892578125,11570800,168586556000
2023-04-27,DIG,15480,14610,14660,15130,14238.154296875,32165900,486670067000
2023-04-28,DIG,16170,15130,15310,16120,15214.484375,32818300,529030996000
2023-05-04,DIG,16950,15990,16170,16300,15377.20703125,28836900,470041470000
2023-05-05,DIG,16690,15780,16340,16300,15499.248046875,20736100,337998430000
2023-05-08,DIG,16770,15910,16770,16120,15336.5263671875,27044000,435949280000
2023-05-09,DIG,16390,15820,16300,16120,15051.7626953125,15382900,247972348000
2023-05-10,DIG,16860,15990,15990,16640,15580.6083984375,20688900,344263296000
2023-05-11,DIG,17680,16600,16690,17680,16638.30078125,35151400,621476752000
2023-05-12,DIG,17950,17550,17730,17810,16801.021484375,17841700,317760677000
2023-05-15,DIG,18290,17640,18070,17680,16434.8984375,18132000,320573760000
2023-05-16,DIG,18110,17470,17510,18070,17085.78515625,18089600,326879072000
2023-05-17,DIG,18680,18070,18330,18110,16923.0625,20507000,371381770000
2023-05-18,DIG,18110,17030,18030,17120,15743.330078125,24787200,424356864000
2023-05-19,DIG,17640,16420,17080,17550,16678.98046875,30064600,527633730000
2023-05-22,DIG,17980,17470,17980,17680,16678.98046875,12324800,217902464000
2023-05-23,DIG,18110,17600,17810,17810,16760.341796875,20641200,367619772000
2023-05-24,DIG,18550,17900,17900,18030,16760.341796875,26286800,473951004000
2023-05-25,DIG,18110,17170,17810,17770,16719.66015625,21191400,376571178000
2023-05-26,DIG,18290,17510,17770,17980,16923.0625,15835400,284720492000
2023-05-29,DIG,18410,17980,18330,18070,17004.423828125,15832600,286095082000
2023-05-30,DIG,18760,18030,18410,18110,17045.10546875,27591400,499680254000
2023-05-31,DIG,18720,17980,18200,18460,17370.548828125,21736000,401246560000
2023-06-01,DIG,19240,18590,18630,19160,18021.435546875,23101000,442615160000
2023-06-02,DIG,19540,18630,19540,18850,17736.671875,22620600,426398310000
2023-06-05,DIG,19020,18330,18980,18330,17248.5078125,24029000,440451570000
2023-06-06,DIG,18630,17980,18290,18460,17370.548828125,21346400,394054544000
2023-06-07,DIG,19190,18380,18380,19020,17899.39453125,24945900,474471018000
2023-06-08,DIG,19240,17980,19160,17980,16923.0625,28200600,507046788000
2023-06-09,DIG,18290,17120,18070,18070,17004.423828125,29069500,525285865000
2023-06-12,DIG,18070,17250,17980,17510,16475.578125,20145000,352738950000
2023-06-13,DIG,18380,17470,17770,18110,17045.10546875,23340100,422689211000
2023-06-14,DIG,18590,17730,18330,17730,16678.98046875,15125300,268171569000
2023-06-15,DIG,17900,17550,17730,17770,16719.66015625,9995900,177627143000
2023-06-16,DIG,18460,17950,18070,17980,16923.0625,25058000,450542840000
2023-06-19,DIG,18720,17900,18160,18330,17248.5078125,21117800,387089274000
2023-06-20,DIG,18940,18410,18550,18890,17777.353515625,18877900,356603531000
2023-06-21,DIG,18980,18550,18940,18760,17655.310546875,22209800,416655848000
2023-06-22,DIG,20060,19110,19190,19930,17655.310546875,47760100,951858793000
2023-06-23,DIG,20020,19540,19930,19710,18550.28125,21975700,433141047000
2023-06-26,DIG,20150,19020,19630,19970,18794.36328125,36668400,732267948000
2023-06-27,DIG,20150,19630,20150,19760,18590.9609375,18341100,362420136000
2023-06-28,DIG,19970,19370,19930,19370,18224.837890625,21499200,416439504000
2023-06-29,DIG,19280,18250,19190,18250,17167.146484375,48143500,878618875000
2023-06-30,DIG,18380,17900,18160,18200,17126.46484375,18187400,331010680000
2023-07-03,DIG,18460,17980,18330,18070,17004.423828125,11247800,203247746000
2023-07-04,DIG,18630,17980,18070,18590,17492.58984375,15187700,282339343000
2023-07-05,DIG,18810,18380,18760,18380,17289.1875,10754900,197675062000
2023-07-06,DIG,18550,17810,18380,18030,16963.744140625,18180300,327790809000
2023-07-07,DIG,18070,17300,17950,17980,16923.0625,16241100,292014978000
2023-07-10,DIG,18760,17980,17980,18510,17411.228515625,15646400,289614864000
2023-07-11,DIG,18760,18160,18680,18250,17167.146484375,15329900,279770675000
2023-07-12,DIG,18380,17980,18290,18200,17126.46484375,12768800,232392160000
2023-07-13,DIG,19280,18200,18330,19110,17980.75390625,35989400,687757434000
2023-07-14,DIG,19460,18850,19460,19370,18224.837890625,21468500,415844845000
2023-07-17,DIG,20490,19540,19590,20020,18835.044921875,47533300,951616666000
2023-07-18,DIG,20450,19760,20060,20190,18997.765625,32297000,652076430000
2023-07-19,DIG,20620,19800,20450,19840,18672.322265625,39472800,783140352000
2023-07-20,DIG,20060,19280,19710,20060,18875.724609375,29010300,581946618000
2023-07-21,DIG,21450,20020,20060,21450,20177.498046875,41031700,880129965000
2023-07-24,DIG,22130,21480,21750,21610,20340.220703125,33705300,728371533000
2023-07-25,DIG,22260,21450,21610,22130,20828.384765625,40710200,900916726000
2023-07-26,DIG,22390,21700,22050,22010,20706.34375,25404600,559155246000
2023-07-27,DIG,22660,21750,22010,22480,21153.830078125,46581400,1047149872000
2023-07-28,DIG,22870,21960,22480,22130,20828.384765625,41099900,909540787000
2023-07-31,DIG,22570,21480,21960,22480,21153.830078125,37767400,849011152000
2023-08-01,DIG,22660,21530,22610,21530,20258.859375,27815500,598867715000
2023-08-02,DIG,22090,21450,21530,21880,20584.302734375,17893800,391516344000
2023-08-03,DIG,22390,21660,21880,22130,20828.384765625,26836300,593887319000
2023-08-04,DIG,23520,22230,22480,23260,21886.076171875,36216600,842398116000
2023-08-07,DIG,23440,22740,23440,23040,21682.67578125,21489800,495124992000
2023-08-08,DIG,23130,22530,23040,22660,21316.55078125,24384800,552559568000
2023-08-09,DIG,22790,22310,22480,22310,20991.107421875,20421200,455596972000
2023-08-10,DIG,22830,22230,22310,22260,20950.427734375,19242400,428335824000
2023-08-11,DIG,22910,21920,22480,22910,21560.6328125,23064900,528416859000
2023-08-14,DIG,24340,23260,23390,23780,22374.2421875,32704600,777715388000
2023-08-15,DIG,24170,23560,24040,23690,22292.880859375,20538800,486564172000
2023-08-16,DIG,24650,23260,23740,24650,23187.8515625,31510400,776731360000
2023-08-17,DIG,24860,24040,24770,24040,22618.32421875,21741400,522663256000
2023-08-18,DIG,24000,22390,23780,22390,21072.46875,50660100,1134279639000
2023-08-21,DIG,22440,21100,22050,21960,20665.6640625,26433700,580484052000
2023-08-22,DIG,22230,20750,21960,21960,20665.6640625,23161200,508619952000
2023-08-23,DIG,22570,21750,22310,21750,20462.26171875,19639500,427159125000
2023-08-24,DIG,23260,21700,21830,23260,21886.076171875,33408000,777070080000
2023-08-25,DIG,23950,23260,23260,23340,21967.4375,29418000,686616120000
2023-08-28,DIG,23950,23170,23390,23950,22536.96484375,20803600,498246220000
2023-08-29,DIG,24860,23950,24120,23950,22536.96484375,25713000,615826350000
2023-08-30,DIG,24770,23740,24040,24650,23187.8515625,30069600,741215640000
2023-08-31,DIG,25290,24770,24990,24770,23309.892578125,16999200,421070184000
2023-09-05,DIG,25430,24770,24900,25030,23553.974609375,17373700,434863711000
2023-09-06,DIG,25510,24550,24860,25460,23960.779296875,26747700,680996442000
2023-09-07,DIG,25940,25160,25640,25380,23879.41796875,21752500,552078450000
2023-09-08,DIG,25680,25160,25250,25430,23920.099609375,15447600,392832468000
2023-09-11,DIG,25590,24040,25510,24040,22618.32421875,33620700,808241628000
2023-09-12,DIG,25030,23520,24040,25030,23553.974609375,24147200,604404416000
2023-09-13,DIG,25460,24220,25080,24550,23106.490234375,24192500,593925875000
2023-09-14,DIG,24520,23600,24380,23600,22211.521484375,27447700,647765720000
2023-09-15,DIG,24080,23340,23740,23520,22130.16015625,17733400,417089568000
2023-09-18,DIG,23690,23090,23340,23170,21804.716796875,16821600,389756472000
2023-09-19,DIG,23780,22870,23340,23690,22292.880859375,19999200,473781048000
2023-09-20,DIG,24730,23600,23870,24470,23025.12890625,16497400,403691378000
2023-09-21,DIG,24550,23780,24550,23780,22374.2421875,17159600,408055288000
2023-09-22,DIG,23260,22130,23170,22130,20828.384765625,28828600,637976918000
2023-09-25,DIG,22390,20620,22050,20620,19404.5703125,26114100,538472742000
2023-09-26,DIG,21480,20270,20320,21180,19933.416015625,25379200,537531456000
2023-09-27,DIG,22050,20370,21180,22050,20747.025390625,17003500,374927175000
2023-09-28,DIG,21920,21050,21790,21180,19933.416015625,19590200,414920436000
2023-09-29,DIG,21790,21310,21580,21700,20421.58203125,17032800,369611760000
2023-10-02,DIG,22050,21480,21700,21700,20421.58203125,7942900,172360930000
2023-10-03,DIG,21310,20190,21270,20190,18997.765625,27941600,564140904000
2023-10-04,DIG,20670,19020,19020,20240,19038.4453125,19183400,388272016000
2023-10-05,DIG,20620,18850,20400,18850,17736.671875,18899600,356257460000
2023-10-06,DIG,19280,17980,18720,19280,18143.4765625,21901000,422251280000
2023-10-09,DIG,20150,19020,19240,20020,18835.044921875,14284400,285973688000
2023-10-10,DIG,20270,19710,20150,19840,18672.322265625,13881600,275410944000
2023-10-11,DIG,20240,19240,19840,20240,19038.4453125,14033000,284027920000
2023-10-12,DIG,20840,20190,20400,20580,19363.890625,13867000,285382860000
2023-10-13,DIG,20920,19760,20060,20490,19282.529296875,15448800,316545912000
2023-10-16,DIG,20840,20020,20490,20270,19079.126953125,13597000,275611190000
2023-10-17,DIG,20490,18890,20490,18890,17777.353515625,11010300,207984567000
2023-10-18,DIG,19110,17600,18980,17600,16556.939453125,24315300,427949280000
2023-10-19,DIG,17730,16470,17470,16470,15499.248046875,23371600,384930252000
2023-10-20,DIG,17600,16470,16470,17600,16556.939453125,17629300,310275680000
2023-10-23,DIG,18160,17300,17680,17340,16312.8564453125,15661500,271570410000
2023-10-24,DIG,18410,17470,17600,18410,17329.8671875,16056500,295600165000
2023-10-25,DIG,18760,18160,18510,18160,17085.78515625,19797300,359518968000
2023-10-26,DIG,17600,16900,17510,17120,16109.4541015625,37078300,634780496000
2023-10-27,DIG,18290,17120,17510,18290,17207.826171875,23893600,437013944000
2023-10-30,DIG,18680,17510,18110,17510,16475.578125,18924400,331366244000
2023-10-31,DIG,18330,17300,17730,17470,16434.8984375,24265600,423920032000
2023-11-01,DIG,17810,16860,17810,17810,16760.341796875,19774800,352189188000
2023-11-02,DIG,19020,18070,18200,19020,17899.39453125,26227800,498852756000
2023-11-03,DIG,19590,18890,19320,19280,18143.4765625,26869400,518042032000
2023-11-06,DIG,19710,19110,19490,19710,18550.28125,14761800,290955078000
2023-11-07,DIG,19840,19190,19410,19320,18184.15625,17969100,347163012000
2023-11-08,DIG,20670,19320,19370,20670,19445.25,26441000,546535470000
2023-11-09,DIG,21790,20840,21100,21180,19933.416015625,28703200,607933776000
2023-11-10,DIG,22390,20880,20880,21100,19852.0546875,35129600,741234560000
2023-11-13,DIG,21750,20970,21400,21610,20340.220703125,22517300,486598853000
2023-11-14,DIG,22050,21180,21920,21400,20136.818359375,18092200,387173080000
2023-11-15,DIG,22310,21360,21960,21480,20218.1796875,25530600,548397288000
2023-11-16,DIG,22570,21270,21270,22570,21235.189453125,28433000,641732810000
2023-11-17,DIG,23090,21360,22740,22130,20828.384765625,36148400,799964092000
2023-11-20,DIG,22740,21360,21610,22480,21153.830078125,21034000,472844320000
2023-11-21,DIG,22960,22310,22910,22440,21113.1484375,16102300,361335612000
2023-11-22,DIG,23170,22310,22390,23000,21641.994140625,25656100,590090300000
2023-11-23,DIG,23300,21400,23130,21400,20136.818359375,37517100,802865940000
2023-11-24,DIG,21700,20320,21610,21610,20340.220703125,34208000,739234880000
2023-11-27,DIG,21750,20880,21660,20880,19648.65234375,12984200,271110096000
2023-11-28,DIG,21310,20370,20750,21180,19933.416015625,18818000,398565240000
2023-11-29,DIG,21700,21140,21270,21660,20380.900390625,15253700,330395142000
2023-11-30,DIG,22050,21360,21660,21360,20096.138671875,16948400,362017824000
2023-12-01,DIG,21960,21230,21660,21700,20421.58203125,13467800,292251260000
2023-12-04,DIG,23220,22090,22130,22960,21601.314453125,28946500,664611640000
2023-12-05,DIG,23170,22830,22960,22910,21560.6328125,17811000,408050010000
2023-12-06,DIG,23690,22660,22910,23560,22170.83984375,23660000,557429600000
2023-12-07,DIG,23740,22130,23600,22870,21519.953125,33278800,761086156000
2023-12-08,DIG,23440,22570,22960,23130,21764.03515625,24607100,569162223000
2023-12-11,DIG,23340,22480,23340,22790,21438.591796875,12432100,283327559000
2023-12-12,DIG,23090,22740,22910,22790,21438.591796875,11030400,251382816000
2023-12-13,DIG,23130,22310,23000,22310,20991.107421875,18992300,423718213000
2023-12-14,DIG,22690,21700,22690,21700,20421.58203125,16642400,361140080000
2023-12-15,DIG,22350,21450,21660,21790,20502.94140625,18783500,409292465000
2023-12-18,DIG,22390,21880,22050,22010,20706.34375,9676600,212981966000
2023-12-19,DIG,22350,21700,22010,22350,21031.787109375,11754900,262722015000
2023-12-20,DIG,22570,22230,22480,22310,20991.107421875,6814300,152027033000
2023-12-21,DIG,22740,22010,22130,22610,21275.87109375,13706700,309908487000
2023-12-22,DIG,22870,22310,22660,22310,20991.107421875,9669100,215717621000
2023-12-25,DIG,23090,22310,22390,23000,21641.994140625,16740400,385029200000
2023-12-26,DIG,23300,22870,23170,23130,21764.03515625,16842400,389564712000
2023-12-27,DIG,23440,22960,23260,22960,21601.314453125,12903200,296257472000
2023-12-28,DIG,23520,22960,23000,23090,21723.35546875,18519400,427612946000
2023-12-29,DIG,23340,23040,23300,23130,21764.03515625,10736200,248328306000
2024-01-02,DIG,23340,22440,23340,22480,21153.830078125,20527800,461464944000
2024-01-03,DIG,22830,22350,22350,22740,21397.912109375,11793500,268184190000
2024-01-04,DIG,23470,22610,22740,22910,21560.6328125,25582200,586088202000
2024-01-05,DIG,23560,23000,23000,23470,22089.478515625,27632300,648530081000
2024-01-08,DIG,24380,23740,23780,24000,22577.64453125,31694300,760663200000
2024-01-09,DIG,24220,23600,24080,23690,22292.880859375,27019100,640082479000
2024-01-10,DIG,23780,23040,23690,23170,21804.716796875,23271800,539207606000
2024-01-11,DIG,23470,23000,23300,23390,22008.119140625,13921500,325623885000
2024-01-12,DIG,23170,22570,23090,22790,21438.591796875,30897600,704156304000
2024-01-15,DIG,23260,22690,22910,22690,21357.23046875,10934000,248092460000
2024-01-16,DIG,23170,22530,22570,23170,21804.716796875,10004600,231806582000
2024-01-17,DIG,23600,23090,23220,23220,21845.396484375,16298300,378446526000
2024-01-18,DIG,23690,23260,23470,23340,21967.4375,17339200,404696928000
2024-01-19,DIG,23650,23000,23560,23000,21641.994140625,14230500,327301500000
2024-01-22,DIG,23520,22830,23090,23470,22089.478515625,18383700,431465439000
2024-01-23,DIG,23650,23220,23650,23220,21845.396484375,8125600,188676432000
2024-01-24,DIG,23470,23130,23220,23220,21845.396484375,10296100,239075442000
2024-01-25,DIG,23470,23130,23260,23220,21845.396484375,9445100,219315222000
2024-01-26,DIG,23740,23260,23300,23300,21926.7578125,12540400,292191320000
2024-01-29,DIG,23440,23090,23390,23090,21723.35546875,9100100,210121309000
2024-01-30,DIG,23440,23170,23170,23300,21926.7578125,9309500,216911350000
2024-01-31,DIG,23820,23300,23520,23440,22048.798828125,26054200,610710448000
2024-02-01,DIG,23950,23470,23520,23690,22292.880859375,16140100,382358969000
2024-02-02,DIG,24680,23780,23900,23900,22292.880859375,26331600,629325240000
2024-02-05,DIG,24080,23600,24040,23820,22414.921875,16056100,382456302000
2024-02-06,DIG,24080,23780,23870,23820,22414.921875,10125400,241187028000
2024-02-07,DIG,23900,23560,23870,23600,22211.521484375,18341400,432857040000
2024-02-15,DIG,23950,23560,23780,23950,22536.96484375,16420600,393273370000
2024-02-16,DIG,24550,24040,24220,24080,22659.005859375,25679100,618352728000
2024-02-19,DIG,24120,23690,24120,23870,22455.603515625,19153300,457189271000
2024-02-20,DIG,24170,23690,23950,23780,22374.2421875,15936300,378965214000
2024-02-21,DIG,23900,23390,23780,23520,22130.16015625,20435400,480640608000
2024-02-22,DIG,23600,23340,23520,23340,21967.4375,12816100,299127774000
2024-02-23,DIG,23440,22480,23440,22610,21275.87109375,27786500,628252765000
2024-02-26,DIG,22960,22480,22660,22870,21519.953125,13352200,305364814000
2024-02-27,DIG,23650,22870,23000,23650,22252.201171875,18912300,447275895000
2024-02-28,DIG,23780,23220,23780,23340,21967.4375,13613400,317736756000
2024-02-29,DIG,24040,23340,23440,23600,22211.521484375,28065800,662352880000
2024-03-01,DIG,23950,23600,23780,23820,22414.921875,13412300,319480986000
2024-03-04,DIG,24900,24170,24170,24300,22862.408203125,49273800,1197353340000
2024-03-05,DIG,24470,23950,24340,24080,22659.005859375,19130700,460667256000
2024-03-06,DIG,24170,23440,24080,23470,22089.478515625,23821600,559092952000
2024-03-07,DIG,23780,23090,23440,23650,22252.201171875,28910200,683726230000
2024-03-08,DIG,23820,22960,23780,22960,21601.314453125,32128300,737665768000
2024-03-11,DIG,23170,22530,22960,22660,21316.55078125,18539000,420093740000
2024-03-12,DIG,23040,22570,22690,22790,21438.591796875,13972900,318442391000
2024-03-13,DIG,23340,22790,22960,23340,21967.4375,14820100,345901134000
2024-03-14,DIG,24040,23340,23600,23780,22374.2421875,35281500,838994070000
2024-03-15,DIG,25080,23820,23900,24650,23187.8515625,69887600,1722729340000
2024-03-18,DIG,26330,24900,24990,26330,24774.388671875,78932200,2078284826000
2024-03-19,DIG,26760,25860,26760,25860,24326.904296875,28335800,732763788000
2024-03-20,DIG,26630,25550,25810,26290,24733.70703125,29500600,775570774000
2024-03-21,DIG,27750,25860,26720,27410,25791.3984375,44811900,1228294179000
2024-03-22,DIG,27930,26850,27670,27620,25994.80078125,24601900,679504478000
2024-03-25,DIG,28530,27410,27540,27670,26035.482421875,25546500,706871655000
2024-03-26,DIG,28230,27150,27500,27620,25994.80078125,17271700,477044354000
2024-03-27,DIG,28960,27450,27720,28320,26645.689453125,22462300,636132336000
2024-03-28,DIG,28620,28230,28530,28280,26605.0078125,12618800,356859664000
2024-03-29,DIG,28360,27720,28280,27840,26198.203125,16886600,470122944000
2024-04-01,DIG,29310,27800,27840,28960,27255.89453125,26743300,774485968000
2024-04-02,DIG,29230,28280,28660,29050,27337.255859375,18671400,542404170000
2024-04-03,DIG,28960,27500,28960,27500,25872.759765625,27588400,758681000000
2024-04-04,DIG,28880,27410,27840,27840,26198.203125,31924800,888786432000
2024-04-05,DIG,28490,27320,27450,27670,26035.482421875,24872100,688211007000
2024-04-08,DIG,28230,27500,27670,27750,26116.84375,17973700,498770175000
2024-04-09,DIG,28490,27500,27800,28490,26808.41015625,17300600,492894094000
2024-04-10,DIG,28620,27930,28490,27930,26279.564453125,16980300,474259779000
2024-04-11,DIG,28800,27540,27540,28530,26849.091796875,22049900,629083647000
2024-04-12,DIG,29360,28620,28710,29050,27337.255859375,23388900,679447545000
2024-04-15,DIG,29100,27020,28830,27020,25425.275390625,35671500,963843930000
2024-04-16,DIG,26810,25290,26760,26030,24489.625,45670500,1188803115000
2024-04-17,DIG,26330,24900,26190,24900,23431.93359375,26638200,663291180000
2024-04-19,DIG,25080,23390,24220,23690,22292.880859375,38934500,922358305000
2024-04-22,DIG,24600,23780,24380,24300,22862.408203125,18528700,450247410000
2024-04-23,DIG,24380,23000,24300,23170,21804.716796875,22766300,527495171000
2024-04-24,DIG,24770,23600,23650,24770,23309.892578125,25333700,627515749000
2024-04-25,DIG,24730,24170,24680,24470,23025.12890625,15069200,368743324000
2024-04-26,DIG,24650,23950,24120,24040,22618.32421875,21396900,514381476000
2024-05-02,DIG,23740,22660,23600,23220,21845.396484375,34452500,799987050000
2024-05-03,DIG,23690,23170,23560,23220,21845.396484375,12391000,287719020000
2024-05-06,DIG,24380,23260,23560,24300,22862.408203125,21566000,524053800000
2024-05-07,DIG,24380,23900,24340,24080,22659.005859375,13921600,335232128000
2024-05-08,DIG,25080,23260,23690,24730,23269.212890625,28545700,705935161000
2024-05-09,DIG,25210,24220,25030,24300,22862.408203125,15533200,377456760000
2024-05-10,DIG,24990,24250,24470,24730,23269.212890625,20979000,518810670000
2024-05-13,DIG,24950,24000,24900,24650,23187.8515625,13827800,340855270000
2024-05-14,DIG,24950,24470,24680,24520,23065.810546875,11075800,271578616000
2024-05-15,DIG,24900,24430,24650,24650,23187.8515625,14586500,359557225000
2024-05-16,DIG,25510,24820,25120,24820,23350.572265625,17896100,444181202000
2024-05-17,DIG,25330,24730,24820,25290,23798.05859375,18538300,468833607000
2024-05-20,DIG,25760,25120,25760,25120,23635.3359375,14256800,358130816000
2024-05-21,DIG,25160,24650,25080,24990,23513.294921875,16918700,422798313000
2024-05-22,DIG,25680,24990,25080,25330,23838.73828125,24604600,623234518000
2024-05-23,DIG,25290,24860,25250,25250,23757.376953125,13634800,344278700000
2024-05-24,DIG,25460,23600,25080,24040,22618.32421875,31504200,757360968000
2024-05-27,DIG,24080,23650,24040,23650,22252.201171875,14699800,347650270000
2024-05-28,DIG,24470,23820,23870,24080,22659.005859375,10454600,251746768000
2024-05-29,DIG,24430,23870,24220,24170,22740.3671875,13197700,318988409000
2024-05-30,DIG,24120,23470,23870,23870,22455.603515625,15645200,373450924000
2024-05-31,DIG,24340,23780,24170,24000,22577.64453125,9390500,225372000000
2024-06-03,DIG,25030,24250,24250,24680,22577.64453125,15720100,387972068000
2024-06-04,DIG,24820,24470,24770,24470,23025.12890625,9241100,226129717000
2024-06-05,DIG,24730,24250,24650,24250,22821.7265625,11003400,266832450000
2024-06-06,DIG,24430,23820,24430,24000,22577.64453125,11956400,286953600000
2024-06-07,DIG,24220,23870,24220,23900,22496.283203125,7612000,181926800000
2024-06-10,DIG,24380,23780,24080,24040,22618.32421875,10417600,250439104000
2024-06-11,DIG,24120,23650,24040,23780,22374.2421875,10426700,247946926000
2024-06-12,DIG,24040,23650,23870,24000,22577.64453125,8735500,209652000000
2024-06-13,DIG,24820,24170,24220,24380,22943.767578125,19557100,476802098000
2024-06-14,DIG,24470,23690,24430,23690,22292.880859375,13479800,319336462000
2024-06-17,DIG,23780,23340,23690,23340,21967.4375,12611200,294345408000
2024-06-18,DIG,23740,23340,23440,23340,21967.4375,7306800,170540712000
2024-06-19,DIG,23600,23130,23600,23220,21845.396484375,9866100,229090842000
2024-06-20,DIG,23390,22660,23390,22960,21601.314453125,13018100,298895576000
2024-06-21,DIG,23000,22610,22910,22610,21275.87109375,9635400,217856394000
2024-06-24,DIG,23560,22910,22910,22960,21601.314453125,18895700,433845272000
2024-06-25,DIG,23300,22960,23300,23130,21764.03515625,5078400,117463392000
2024-06-26,DIG,23260,22660,23130,22790,21438.591796875,7238900,164974531000
2024-06-27,DIG,23740,22660,22830,23560,22170.83984375,13592000,320227520000
2024-06-28,DIG,23600,22870,23600,22960,21601.314453125,8247600,189364896000
2024-07-01,DIG,23440,22910,23040,23260,21886.076171875,5851400,136103564000
2024-07-02,DIG,23900,23130,23470,23870,22455.603515625,12915600,308295372000
2024-07-03,DIG,24000,23560,23900,23690,22292.880859375,5786300,137077447000
2024-07-04,DIG,23950,23340,23690,23440,22048.798828125,7289900,170875256000
2024-07-05,DIG,23600,23090,23440,23220,21845.396484375,8940100,207589122000
2024-07-08,DIG,23300,22660,23260,22790,21438.591796875,14274500,325315855000
2024-07-09,DIG,23090,22740,22740,22910,21560.6328125,7136100,163488051000
2024-07-10,DIG,23220,22790,23000,22870,21519.953125,6402900,146434323000
2024-07-11,DIG,23900,23040,23090,23390,22008.119140625,16669300,389894927000
2024-07-12,DIG,23600,23040,23600,23090,21723.35546875,6914700,159660423000
2024-07-15,DIG,23260,22960,23090,22960,21601.314453125,5727000,131491920000
2024-07-16,DIG,23300,22740,23000,22740,21397.912109375,7934800,180437352000
2024-07-17,DIG,22910,21180,22790,21180,19933.416015625,35495200,751788336000
2024-07-18,DIG,21400,20670,21230,21360,20096.138671875,12650600,270216816000
2024-07-19,DIG,21450,20320,21450,20580,19363.890625,11849400,243860652000
2024-07-22,DIG,20880,19890,20320,20750,19526.611328125,14319800,297135850000
2024-07-23,DIG,20920,20060,20920,20150,18957.0859375,5807800,117027170000
2024-07-24,DIG,21230,19840,19930,21140,19892.736328125,12335900,260780926000
2024-07-25,DIG,21010,20580,20800,21010,19770.693359375,5816300,122200463000
2024-07-26,DIG,21010,20490,21010,21010,19770.693359375,5500900,115573909000
2024-07-29,DIG,21660,21010,21180,21180,19933.416015625,8713400,184549812000
2024-07-30,DIG,21230,20450,21010,21010,19770.693359375,6133100,128856431000
2024-07-31,DIG,21450,20700,21100,21140,19892.736328125,6756000,142821840000
2024-08-01,DIG,21100,19670,21100,20190,18997.765625,14146400,285615816000
2024-08-02,DIG,20670,19630,20150,20670,19445.25,10272000,212322240000
2024-08-05,DIG,20320,19240,20060,19490,18346.87890625,19505800,380168042000
2024-08-06,DIG,20060,19190,19890,19710,18550.28125,9612800,189468288000
2024-08-07,DIG,20150,19590,19890,19890,18713.001953125,7076900,140759541000
2024-08-08,DIG,20240,19490,19800,19800,18631.642578125,8715500,172566900000
2024-08-09,DIG,20190,19760,20100,20020,18835.044921875,6766300,135461326000
2024-08-12,DIG,19460,18630,18760,19280,18143.4765625,34262900,660588712000
2024-08-13,DIG,19630,19060,19280,19370,18224.837890625,7255400,140537098000
2024-08-14,DIG,19540,18940,19410,19190,18062.115234375,9755100,187200369000
2024-08-15,DIG,19280,18760,19190,19190,18062.115234375,13801500,264850785000
2024-08-16,DIG,20540,19280,19460,20540,19323.208984375,28028300,575701282000
2024-08-19,DIG,21100,20400,20880,20490,19282.529296875,13679100,280284759000
2024-08-20,DIG,21790,20450,20700,21660,20380.900390625,26124600,565858836000
2024-08-21,DIG,21660,21010,21580,21230,19974.095703125,21433200,455026836000
2024-08-22,DIG,21580,21050,21270,21310,20055.45703125,10226200,217920322000
2024-08-23,DIG,22050,21100,21310,21750,20462.26171875,20017700,435384975000
2024-08-26,DIG,21960,21610,21920,21700,20421.58203125,11865800,257487860000
2024-08-27,DIG,21920,21360,21450,21660,20380.900390625,15858500,343495110000
2024-08-28,DIG,22130,20240,21880,20800,19567.291015625,41917700,871888160000
2024-08-29,DIG,21100,20580,20750,20620,19404.5703125,10908100,224925022000
2024-08-30,DIG,20580,19540,20400,20060,18875.724609375,32324200,648423452000
2024-09-04,DIG,20240,19540,19670,20190,18997.765625,9372300,189226737000
2024-09-05,DIG,20490,19670,20190,19760,18590.9609375,12148300,240050408000
2024-09-06,DIG,19840,18980,19800,19410,18265.517578125,18662500,362239125000
2024-09-09,DIG,19710,19190,19370,19410,18265.517578125,6241800,121153338000
2024-09-10,DIG,19540,18760,19460,19460,18306.19921875,13617000,264986820000
2024-09-11,DIG,19320,18590,19320,18940,17818.033203125,8734800,165437112000
2024-09-12,DIG,19190,18760,19110,18760,17655.310546875,4728500,88706660000
2024-09-13,DIG,19110,18680,18810,19020,17899.39453125,6622500,125959950000
2024-09-16,DIG,19110,18590,19020,18940,17818.033203125,7796400,147663816000
2024-09-17,DIG,19540,18760,18760,19460,18306.19921875,12889800,250835508000
2024-09-18,DIG,19710,19320,19540,19590,18428.240234375,9181800,179871462000
2024-09-19,DIG,19970,19710,19800,19800,18631.642578125,10010300,198203940000
2024-09-20,DIG,19970,19590,19970,19670,18509.599609375,7578000,149059260000
2024-09-23,DIG,19710,19370,19670,19540,18387.55859375,5999200,117224368000
2024-09-24,DIG,19710,19370,19410,19670,18509.599609375,6848500,134709995000
2024-09-25,DIG,20150,19760,19800,19930,18753.68359375,12809600,255295328000
2024-09-26,DIG,20150,19840,20060,19930,18753.68359375,8730500,173998865000
2024-09-27,DIG,20370,19800,20060,20060,18875.724609375,12775200,256270512000
2024-09-30,DIG,20060,19710,19970,20060,18875.724609375,9750700,195599042000
2024-10-01,DIG,20270,19760,20190,19800,18631.642578125,12859200,254612160000
2024-10-02,DIG,19760,19020,19630,19370,18224.837890625,20544900,397954713000
2024-10-03,DIG,19320,18630,19190,18940,17818.033203125,15578800,295062472000
2024-10-04,DIG,19160,18810,18980,18810,17695.9921875,7983200,150163992000
2024-10-07,DIG,19020,18680,18980,18760,17655.310546875,4339600,81410896000
2024-10-08,DIG,18850,18380,18760,18410,17329.8671875,10233300,188395053000
2024-10-09,DIG,18720,18410,18550,18510,17411.228515625,5099700,94395447000
2024-10-10,DIG,18810,18410,18680,18460,17370.548828125,5787500,106837250000
2024-10-11,DIG,18760,18460,18460,18590,17492.58984375,4737700,88073843000
2024-10-14,DIG,18760,18380,18680,18380,17289.1875,5610700,103124666000
2024-10-15,DIG,18460,17170,18380,17600,16556.939453125,24967500,439428000000
2024-10-16,DIG,17600,17300,17550,17300,16272.1767578125,5026300,86954990000
2024-10-17,DIG,18410,17250,17420,18200,17126.46484375,10505600,191201920000
2024-10-18,DIG,18410,17640,18410,17640,16597.619140625,5175200,91290528000
2024-10-21,DIG,17900,17510,17640,17510,16475.578125,5574400,97607744000
2024-10-22,DIG,17810,17380,17510,17510,16475.578125,7316900,128118919000
2024-10-23,DIG,18290,17510,17640,18110,17045.10546875,11819700,214054767000
2024-10-24,DIG,18250,17850,18110,17850,16801.021484375,4716000,84180600000
2024-10-25,DIG,18410,17900,18070,18200,17126.46484375,9711700,176752940000
2024-10-28,DIG,18290,17900,18250,18030,16963.744140625,3767000,67919010000
2024-10-29,DIG,18250,17730,18250,17730,16678.98046875,6419600,113819508000
2024-10-30,DIG,18110,17640,17730,17770,16719.66015625,4423600,78607372000
2024-10-31,DIG,18070,17730,17770,17770,16719.66015625,3327700,59133229000
2024-11-01,DIG,18290,17770,17770,17980,16923.0625,9829300,176730814000
2024-11-04,DIG,18200,17810,18110,18110,17045.10546875,5223000,94588530000
2024-11-05,DIG,18630,18110,18110,18250,17167.146484375,10142400,185098800000
2024-11-06,DIG,18510,17980,18460,18200,17126.46484375,7808600,142116520000
2024-11-07,DIG,18720,18200,18290,18380,17289.1875,10026000,184277880000
2024-11-08,DIG,18460,17980,18380,18030,16963.744140625,6909600,124580088000
2024-11-11,DIG,18030,17600,17980,17640,16597.619140625,8429500,148696380000
2024-11-12,DIG,17900,17550,17730,17600,16556.939453125,4532000,79763200000
2024-11-13,DIG,17850,17470,17600,17810,16760.341796875,5227000,93092870000
2024-11-14,DIG,17950,17340,17850,17420,16394.216796875,4238900,73841638000
2024-11-15,DIG,17510,16990,17470,17300,16272.1767578125,8556100,148020530000
2024-11-18,DIG,17470,16900,17300,17200,16190.8154296875,5911500,101677800000
2024-11-19,DIG,17510,17120,17120,17200,16190.8154296875,5624400,96739680000
2024-11-20,DIG,18330,17200,17300,17950,16882.3828125,14090800,252929860000
2024-11-21,DIG,18070,17850,17980,17950,16882.3828125,2749500,49353525000
2024-11-22,DIG,18070,17680,18070,17730,16678.98046875,4521000,80157330000
2024-11-25,DIG,17810,17510,17810,17730,16678.98046875,6001700,106410141000
2024-11-26,DIG,18160,17640,17640,17810,16760.341796875,7834500,139532445000
2024-11-27,DIG,17850,17510,17810,17770,16719.66015625,5192600,92272502000
2024-11-28,DIG,17900,17510,17810,17600,16556.939453125,4757700,83735520000
2024-11-29,DIG,17600,17300,17550,17550,16516.259765625,7817200,137191860000
2024-12-02,DIG,17810,17470,17640,17550,16516.259765625,5133400,90091170000
2024-12-03,DIG,17640,17200,17640,17550,16516.259765625,7593400,133264170000
2024-12-04,DIG,17730,17200,17550,17470,16434.8984375,8216400,143540508000
2024-12-05,DIG,18290,17200,17420,18160,17085.78515625,16331900,296587304000
2024-12-06,DIG,18290,17900,18160,18030,16963.744140625,7941500,143185245000
2024-12-09,DIG,18410,18030,18070,18160,17085.78515625,9391000,170540560000
2024-12-10,DIG,18330,18110,18160,18160,17085.78515625,5790300,105151848000
2024-12-11,DIG,18330,17900,18160,17980,16923.0625,6132200,110256956000
2024-12-12,DIG,18070,17730,18030,17950,16882.3828125,6690200,120089090000
2024-12-13,DIG,17980,17640,17900,17770,16719.66015625,6446400,114552528000
2024-12-16,DIG,17730,17120,17730,17420,16394.216796875,16866300,293810946000
2024-12-17,DIG,17470,17120,17420,17300,16272.1767578125,6520400,112802920000
2024-12-18,DIG,17380,17170,17200,17200,16190.8154296875,4756800,81816960000
2024-12-19,DIG,17030,16300,16950,16900,15906.052734375,16592900,280420010000
2024-12-20,DIG,16860,16420,16770,16420,15458.5673828125,5919200,97193264000
2024-12-23,DIG,16900,16730,16770,16770,15784.0107421875,5459800,91560846000
2024-12-24,DIG,16770,16300,16640,16600,15621.2890625,7112700,118070820000
2024-12-25,DIG,16770,16560,16600,16600,15621.2890625,4028600,66874760000
2024-12-26,DIG,16950,16600,16690,16600,15621.2890625,5025500,83423300000
2024-12-27,DIG,16690,16420,16640,16420,15458.5673828125,5210500,85556410000
2024-12-30,DIG,16520,16120,16420,16340,15377.20703125,6232900,101845586000
2024-12-31,DIG,16470,16090,16300,16340,15377.20703125,6186100,101080874000
2025-01-02,DIG,16690,16260,16390,16690,15702.650390625,4114400,68669336000
2025-01-03,DIG,16730,16260,16690,16560,15580.6083984375,4830700,79996392000
2025-01-06,DIG,16560,15990,16560,16210,15255.1650390625,5741900,93076199000
2025-01-07,DIG,16210,15390,16210,15650,14726.3193359375,12234900,191476185000
2025-01-08,DIG,15910,15210,15560,15910,14970.40234375,6454100,102684731000
2025-01-09,DIG,16040,15560,15650,15690,14767.0,4096800,64278792000
2025-01-10,DIG,15780,15260,15690,15480,14563.59765625,4986700,77194116000
2025-01-13,DIG,15690,14960,15390,15560,14644.958984375,7211100,112204716000
2025-01-14,DIG,15650,15310,15560,15480,14563.59765625,2887600,44700048000
2025-01-15,DIG,15910,15430,15430,15780,14848.361328125,5697200,89901816000
2025-01-16,DIG,16040,15740,15870,15870,14848.361328125,3702600,58760262000
2025-01-17,DIG,16090,15740,15870,15910,14970.40234375,3834000,60998940000
2025-01-20,DIG,15960,15650,15780,15910,14970.40234375,4445300,70724723000
2025-01-21,DIG,16090,15740,15740,16040,15092.443359375,5377500,86255100000
2025-01-22,DIG,16090,15740,16090,15870,14929.7216796875,3420700,54286509000
2025-01-23,DIG,15990,15740,15910,15740,14807.6806640625,4535900,71395066000
2025-01-24,DIG,15990,15090,15740,15310,14400.8759765625,17521200,268249572000
2025-02-03,DIG,15480,14740,15430,15090,14197.4736328125,9421600,142171944000
2025-02-04,DIG,15350,15000,15090,15310,14400.8759765625,7026400,107574184000
2025-02-05,DIG,16340,15310,15430,16340,15377.20703125,24114500,394030930000
2025-02-06,DIG,16420,16120,16390,16260,15295.845703125,6102100,99220146000
2025-02-07,DIG,16520,16120,16340,16170,15214.484375,7375900,119268303000
2025-02-10,DIG,16120,15780,16090,15870,14929.7216796875,8134100,129088167000
2025-02-11,DIG,15960,15740,15870,15960,15011.0830078125,6890100,109965996000
2025-02-12,DIG,16120,15740,16090,15820,14889.041015625,5190900,82120038000
2025-02-13,DIG,16090,15820,15910,16090,15133.1240234375,6098200,98120038000
2025-02-14,DIG,16390,15960,16260,15960,15011.0830078125,6359100,101491236000
2025-02-17,DIG,16390,16040,16090,16260,15295.845703125,8246600,134089716000
2025-02-18,DIG,16990,16210,16340,16640,15661.9697265625,14085200,234377728000
2025-02-19,DIG,16950,16640,16640,16770,15784.0107421875,10455500,175338735000
2025-02-20,DIG,17030,16560,16860,16600,15621.2890625,11794900,195795340000
2025-02-21,DIG,16770,16420,16600,16730,15743.330078125,8696400,145490772000
2025-02-24,DIG,16950,16600,16770,16730,15743.330078125,5269600,88160408000
2025-02-25,DIG,17170,16770,16900,16900,15906.052734375,13689100,231345790000
2025-02-26,DIG,16990,16640,16900,16730,15743.330078125,6320500,105741965000
2025-02-27,DIG,17170,16640,16640,17170,16150.134765625,16083200,276148544000
2025-02-28,DIG,17470,17030,17200,17200,16190.8154296875,13165500,226446600000
2025-03-03,DIG,17420,17120,17250,17300,16272.1767578125,10269600,177664080000
2025-03-04,DIG,17640,17170,17300,17250,16231.49609375,13867300,239210925000
2025-03-05,DIG,17340,16860,17300,16900,15906.052734375,12616700,213222230000
2025-03-06,DIG,17300,16860,16900,17300,16272.1767578125,10373700,179465010000
2025-03-07,DIG,17850,17380,17420,17470,16434.8984375,12653300,221053151000
2025-03-10,DIG,17600,17340,17510,17420,16394.216796875,9988100,173992702000
2025-03-11,DIG,17600,17080,17200,17600,16556.939453125,8930100,157169760000
2025-03-12,DIG,17730,17300,17730,17420,16394.216796875,7698800,134113096000
2025-03-13,DIG,17730,16990,17420,17380,16353.537109375,15950200,277214476000
2025-03-14,DIG,18330,17170,17380,17850,16801.021484375,25203700,449886045000
2025-03-17,DIG,18460,18030,18330,18200,17126.46484375,21606600,393240120000
2025-03-18,DIG,18380,17730,18380,18030,16963.744140625,16329400,294419082000
2025-03-19,DIG,18030,17600,18030,17680,16638.30078125,10404300,183948024000
2025-03-20,DIG,17850,17200,17810,17600,16556.939453125,13574200,238905920000
2025-03-21,DIG,17730,17470,17640,17470,16434.8984375,7383200,128984504000
2025-03-24,DIG,17420,16860,17380,17250,16231.49609375,15410200,265825950000
2025-03-25,DIG,17680,17200,17380,17470,16434.8984375,8628200,150734654000
2025-03-26,DIG,17600,17030,17470,17030,16028.09375,6981600,118896648000
2025-03-27,DIG,17250,16950,17080,17080,16068.7744140625,5321100,90884388000
2025-03-28,DIG,17380,16950,17200,17120,16109.4541015625,9041900,154797328000
2025-03-31,DIG,17380,16730,16950,17170,16150.134765625,9650400,165697368000
2025-04-01,DIG,17300,17080,17250,17200,16190.8154296875,4016400,69082080000
2025-04-02,DIG,17470,17170,17300,17170,16150.134765625,10811700,185636889000
2025-04-03,DIG,16730,15990,16210,15990,15051.7626953125,17058700,272768613000
2025-04-04,DIG,15350,14910,14910,14910,14034.751953125,22525400,335853714000
2025-04-08,DIG,14270,13880,13880,13880,13058.421875,4083000,56672040000
2025-04-09,DIG,12920,12920,12920,12920,12163.4521484375,2969100,38360772000
2025-04-10,DIG,13790,13790,13790,13790,12977.060546875,28274900,389910871000
2025-04-11,DIG,14440,12970,13270,14400,13546.5869140625,26963500,388274400000
2025-04-14,DIG,14570,13530,14480,14180,13343.1845703125,20786200,294748316000
2025-04-15,DIG,14440,13530,13920,13530,12732.9775390625,17596900,238086057000
2025-04-16,DIG,13790,13140,13570,13140,12366.853515625,12806900,168282666000
2025-04-17,DIG,13530,12670,12890,13530,12732.9775390625,16898500,228636705000
2025-04-18,DIG,13750,13320,13750,13530,12732.9775390625,12594400,170402232000
2025-04-21,DIG,13700,13140,13530,13190,12407.5341796875,11151300,147085647000
2025-04-22,DIG,13140,12280,13060,12280,11553.2451171875,30611000,375903080000
2025-04-23,DIG,12920,11810,12620,12540,11797.328125,18634400,233675376000
2025-04-24,DIG,13100,12540,12540,12890,12122.771484375,10512700,135508703000
2025-04-25,DIG,13190,12710,12920,12710,11960.0498046875,8485700,107853247000
2025-04-28,DIG,12970,12670,12710,12710,11960.0498046875,7219000,91753490000
2025-04-29,DIG,12890,12670,12890,12710,11960.0498046875,5084600,64625266000
2025-05-05,DIG,13060,12970,12970,13060,12285.4931640625,7818700,102112222000
2025-05-06,DIG,13570,13100,13100,13230,12285.4931640625,11527600,152510148000
2025-05-07,DIG,13750,13190,13190,13530,12448.21484375,12389300,167627229000
2025-05-08,DIG,13700,13270,13700,13400,12732.9775390625,8112800,108711520000
2025-05-09,DIG,13700,13270,13530,13320,12610.9365234375,10361400,138013848000
2025-05-12,DIG,13570,13320,13400,13400,12610.9365234375,6184600,82873640000
2025-05-13,DIG,13750,13530,13620,13620,12610.9365234375,10706000,145815720000
2025-05-14,DIG,13970,13450,13620,13830,12814.3388671875,14209900,196522917000
2025-05-15,DIG,14130,13750,14050,13830,13017.7412109375,8330000,115203900000
2025-05-16,DIG,14050,13570,13830,13620,13017.7412109375,10680300,145465686000
2025-05-19,DIG,14100,13450,13530,13830,13017.7412109375,15060300,208283949000
2025-05-20,DIG,13970,13670,13920,13700,13017.7412109375,6530700,89470590000
2025-05-21,DIG,13790,13490,13790,13670,12895.69921875,8952900,122386143000
2025-05-22,DIG,13920,13490,13670,13750,12855.01953125,12181700,167498375000
2025-05-23,DIG,13830,13490,13790,13490,12936.3798828125,6704800,90447752000
2025-05-26,DIG,14050,12970,13570,13970,13139.7822265625,19132500,267281025000
2025-05-27,DIG,14910,14100,14100,14910,13139.7822265625,32234400,480614904000
2025-05-28,DIG,15310,14610,15310,14700,14034.751953125,17580500,258433350000
2025-05-29,DIG,15260,14620,15030,15030,14661.23046875,17076800,256664304000
2025-05-30,DIG,15170,14570,15120,14760,14143.775390625,19168300,282924108000
2025-06-02,DIG,15760,15120,15120,15760,14833.7158203125,13588400,214153184000
2025-06-03,DIG,16540,15990,16129,16040,14833.7158203125,24384900,391133796000
2025-06-04,DIG,16910,16040,16219,16410,15092.443359375,24299800,398759718000
2025-06-05,DIG,16730,16180,16730,16309,15437.4140625,12184900,198723534100
2025-06-06,DIG,16860,15900,16180,16500,15351.1708984375,24770400,408711600000
2025-06-09,DIG,17050,16540,16590,16590,15609.8984375,20065900,332893281000
2025-06-10,DIG,16730,16090,16540,16309,15609.8984375,14100000,229956900000
2025-06-11,DIG,16450,15900,16360,16129,15351.1708984375,15685800,252996268200
2025-06-12,DIG,16640,16129,16129,16309,15178.685546875,13260400,216263863600
2025-06-13,DIG,16090,15210,15990,15350,15351.1708984375,35984000,552354400000
2025-06-16,DIG,15760,15310,15400,15760,14833.7158203125,8805900,138780984000
2025-06-17,DIG,16090,15670,15810,15810,14833.7158203125,12824700,202758507000
2025-06-18,DIG,16180,15720,15860,15860,14876.8369140625,12537500,198844750000
2025-06-19,DIG,16040,15540,15810,15900,14919.9580078125,11137600,177087840000
2025-06-20,DIG,16090,15720,15950,15900,14963.080078125,7912400,125807160000
2025-06-23,DIG,15760,15490,15760,15720,14790.5947265625,9867400,155115528000
2025-06-24,DIG,16129,15810,15900,15860,14790.5947265625,14279900,226479214000
2025-06-25,DIG,16129,15810,15950,15810,14919.9580078125,8885700,140482917000
2025-06-26,DIG,15950,15670,15810,15860,14876.8369140625,8866800,140627448000
2025-06-27,DIG,16590,16040,16040,16129,14919.9580078125,23661700,381639559300
2025-06-30,DIG,16360,16129,16360,16219,15264.9287109375,9268000,150317692000
2025-07-01,DIG,16360,15630,16360,15670,15264.9287109375,19066700,298775189000
2025-07-02,DIG,15990,15670,15860,15950,14747.4736328125,11122300,177400685000
2025-07-03,DIG,16360,15900,15950,16180,15006.201171875,22281000,360506580000
2025-07-04,DIG,17050,16270,16270,16730,15221.8076171875,28487800,476600894000
2025-07-07,DIG,17320,16640,16960,17050,16041.111328125,21636600,368904030000
2025-07-08,DIG,17230,16680,17230,16960,16041.111328125,22383400,379622464000
2025-07-09,DIG,17510,16910,17190,17090,15954.869140625,25733600,439787224000
2025-07-10,DIG,17320,16730,17140,16860,16084.232421875,22927600,386559336000
2025-07-11,DIG,17000,16540,16910,16540,15868.6259765625,21406400,354061856000
2025-07-14,DIG,17280,16219,16590,17190,16170.4755859375,29638500,509485815000
2025-07-15,DIG,17510,16860,17320,16860,16170.4755859375,23276500,392441790000
2025-07-16,DIG,17640,16770,16860,17410,15868.6259765625,29706100,517183201000
2025-07-17,DIG,18610,17460,17690,18610,16386.08203125,51670900,961595449000
2025-07-18,DIG,19840,18790,19200,18840,17507.234375,31490800,593286672000
2025-07-21,DIG,19200,18420,19200,18420,17334.75,32367300,596205666000
2025-07-22,DIG,18790,18100,18330,18790,17334.75,25530400,479716216000
2025-07-23,DIG,19520,18560,19060,18610,17679.71875,29350100,546205361000
2025-07-24,DIG,19340,18560,18790,18970,17507.234375,25979600,492833012000
2025-07-25,DIG,19980,18970,19060,19980,17852.205078125,34914800,697597704000
2025-07-28,DIG,21360,20440,20760,21360,20094.509765625,31017400,662531664000
2025-07-29,DIG,22090,19890,22000,19890,20094.509765625,63159200,1256236488000
2025-07-30,DIG,20440,19390,19890,20210,18714.630859375,30232200,610992762000
2025-07-31,DIG,20390,19020,20260,19930,19016.478515625,39800100,793215993000
2025-08-01,DIG,20120,19110,20070,19110,18757.751953125,26945400,514926594000
2025-08-04,DIG,19710,18740,18740,19710,18542.14453125,16931500,333719865000
2025-08-05,DIG,20620,18330,19980,19480,18542.14453125,48416200,943147576000
2025-08-06,DIG,19800,19430,19570,19750,18326.5390625,13923900,274997025000
2025-08-07,DIG,20530,19980,20350,20210,18585.265625,24068700,486428427000
2025-08-08,DIG,21310,19840,20300,20900,19016.478515625,45271500,946174350000
2025-08-11,DIG,22130,21220,21310,21400,20137.630859375,29234900,625626860000
2025-08-12,DIG,22000,20440,21490,21220,20137.630859375,37268700,790841814000
2025-08-13,DIG,22410,21220,21540,22180,19965.146484375,43143100,956913958000
2025-08-14,DIG,22680,21680,22680,22320,20870.693359375,32689200,729622944000
2025-08-15,DIG,22320,21080,22320,21360,21000.056640625,34254000,731665440000
2025-08-18,DIG,22090,20710,21260,21540,20266.99609375,32933200,709381128000
2025-08-19,DIG,23010,21680,21680,23010,20266.99609375,52275900,1202868459000
2025-08-20,DIG,23650,21950,23280,22910,21646.876953125,47224600,1081915586000
2025-08-21,DIG,23330,22320,23050,22320,21560.6328125,25845500,576871560000
2025-08-22,DIG,21950,20760,21720,20810,21000.056640625,49567100,1031491351000
2025-08-25,DIG,21450,19520,21030,19520,18369.66015625,25390100,495614752000
2025-08-26,DIG,20850,19520,19570,20850,18369.66015625,18943000,394961550000
2025-08-27,DIG,22000,20990,21080,21170,19620.17578125,20722600,438697442000
2025-08-28,DIG,21260,20710,21170,21220,19922.025390625,13406900,284494418000
2025-08-29,DIG,22000,21310,21540,21360,19965.146484375,18809500,401770920000
2025-09-03,DIG,22820,21680,21720,22820,21474.390625,30216300,689535966000
2025-09-04,DIG,24110,23100,23560,23280,21474.390625,33214700,773238216000
2025-09-05,DIG,24750,23230,23650,23280,21905.603515625,47285300,1100801784000
2025-09-08,DIG,23420,22000,23010,22000,20698.208984375,40651400,894330800000
2025-09-09,DIG,22320,21450,22040,22230,20698.208984375,24656800,548120664000
2025-09-10,DIG,22360,21450,22360,21580,20913.814453125,23607800,509456324000
2025-09-11,DIG,22000,20710,21360,22000,20310.1171875,21409800,471015600000
2025-09-12,DIG,23230,22320,22360,22500,20698.208984375,24392400,548829000000
2025-09-15,DIG,23600,22550,22820,23050,20698.208984375,21591400,497681770000
2025-09-16,DIG,23460,22180,23460,22360,21689.998046875,25769100,576197076000
2025-09-17,DIG,22590,21680,22180,21680,21043.177734375,21850400,473716672000
2025-09-18,DIG,22460,21450,21810,22130,20396.359375,15519800,343453174000
2025-09-19,DIG,23050,22130,22360,22460,20827.572265625,18921000,424965660000
2025-09-22,DIG,23280,22360,22680,22730,21388.1484375,30058600,683231978000
2025-09-23,DIG,23100,22090,23010,22180,21388.1484375,11680800,259080144000
2025-09-24,DIG,23370,21810,21950,23370,20870.693359375,28252500,660260925000
2025-09-25,DIG,24200,23190,23560,23190,21991.845703125,28473700,660305103000
2025-09-26,DIG,23690,22870,23230,23050,21819.361328125,21695400,500078970000
2025-09-29,DIG,23780,22360,23420,22360,21043.177734375,31418300,702513188000
2025-09-30,DIG,22590,20990,22360,21360,21043.177734375,36919300,788596248000
2025-10-01,DIG,21630,21260,21540,21310,20094.509765625,13237300,282086863000
2025-10-02,DIG,21490,20580,21360,20580,20051.388671875,19696800,405360144000
2025-10-03,DIG,20440,19710,20390,19710,19361.44921875,27402800,540109188000
2025-10-06,DIG,21080,19890,19890,21080,19835.783203125,15008000,316368640000
2025-10-07,DIG,21130,20160,21130,20210,19835.783203125,16184300,327084703000
2025-10-08,DIG,20620,19520,20530,19750,19016.478515625,38832300,766937925000
2025-10-09,DIG,20950,20250,20500,20800,20330.189453125,13013600,270682880000
2025-10-10,DIG,21550,20950,21000,21400,19622.640625,10732900,229684060000
2025-10-13,DIG,22500,20900,20950,22500,21226.416015625,25956000,584010000000
2025-10-14,DIG,23200,22350,22800,22600,21226.416015625,26843000,606651800000
2025-10-15,DIG,23000,22350,22600,23000,21320.75390625,17682600,406699800000
2025-10-16,DIG,24600,23250,23250,24600,21698.11328125,43774400,1076850240000
2025-10-17,DIG,25100,24250,24600,24600,23207.546875,24105900,593005140000
2025-10-20,DIG,24800,22900,24100,22900,21603.7734375,35152700,804996830000
2025-10-21,DIG,22900,21600,22900,21900,21603.7734375,33230200,727741380000
2025-10-22,DIG,22500,21000,22100,22500,20660.376953125,20270900,456095250000
2025-10-23,DIG,22900,21850,22600,21850,21226.416015625,14273800,311882530000
2025-10-24,DIG,22400,21250,21600,21900,20613.20703125,15011500,328751850000
2025-10-27,DIG,22200,20400,22100,20400,19245.283203125,17398300,354925320000
2025-10-28,DIG,20950,19500,19900,20950,19245.283203125,18966400,397346080000
2025-10-29,DIG,21450,21100,21100,21150,19764.150390625,7710600,163079190000
2025-10-30,DIG,21650,21000,21200,21250,19952.830078125,8212000,174505000000
2025-10-31,DIG,21250,20550,21250,20600,20047.169921875,7672100,158045260000
2025-11-03,DIG,20750,19300,20550,19300,18207.546875,16513300,318706690000
2025-11-04,DIG,20650,18600,19250,20650,19481.1328125,17529300,361980045000
2025-11-05,DIG,20650,20050,20650,20150,19481.1328125,5482000,110462300000
2025-11-06,DIG,20550,19750,20200,20300,19150.943359375,8907900,180830370000
2025-11-07,DIG,20350,19500,20300,19700,18584.90625,8163900,160828830000
2025-11-10,DIG,19950,19050,19600,19650,18537.736328125,7745700,152203005000
2025-11-11,DIG,20200,19600,19700,20150,19009.43359375,9886500,199212975000
2025-11-12,DIG,20850,20050,20250,20600,19433.962890625,12044100,248108460000
2025-11-13,DIG,20650,20000,20650,20000,18867.923828125,8758300,175166000000
2025-11-14,DIG,20600,20000,20100,20450,19292.453125,11956700,244514515000
2025-11-17,DIG,21650,20600,20600,21350,20141.509765625,16821600,359141160000
2025-11-18,DIG,21400,20850,21400,21000,19811.3203125,9901400,207929400000
2025-11-19,DIG,21600,20750,21100,21100,19905.66015625,14748300,311189130000
2025-11-20,DIG,21250,20500,21250,21100,19905.66015625,8136400,171678040000
2025-11-21,DIG,21150,20550,20850,21000,19811.3203125,10267400,215615400000
2025-11-24,DIG,21050,20600,21000,20700,19528.302734375,7233000,149723100000
2025-11-25,DIG,21000,19800,20700,20050,18915.09375,11951400,239625570000
2025-11-26,DIG,20850,20000,20150,20750,19575.47265625,7851300,162914475000
2025-11-27,DIG,20850,20250,20800,20250,19103.7734375,7447800,150817950000
2025-11-28,DIG,20800,20050,20250,20650,19481.1328125,8816000,182050400000
2025-12-01,DIG,20700,20150,20700,20200,19056.603515625,6984500,141086900000
2025-12-02,DIG,20200,19500,20200,20000,18867.923828125,11349800,226996000000
2025-12-03,DIG,20300,19750,20050,20200,19056.603515625,6339900,128065980000
2025-12-04,DIG,20950,20250,20250,20800,19622.640625,12488100,259752480000
2025-12-05,DIG,20800,20400,20800,20550,19386.79296875,8014600,164700030000
2025-12-08,DIG,20650,19900,20550,20000,18867.923828125,10980900,219618000000
2025-12-09,DIG,20000,19000,20000,19800,18679.24609375,14415200,285420960000
2025-12-10,DIG,19900,19250,19900,19400,18301.88671875,5924700,114939180000
2025-12-11,DIG,19600,19150,19500,19400,18301.88671875,5308900,102992660000
2025-12-12,DIG,19450,18050,19400,18050,17028.302734375,14734100,265950505000
2025-12-15,DIG,18150,17150,18050,17450,16462.263671875,15045900,262550955000
2025-12-16,DIG,18650,16850,17300,17950,16933.962890625,15698600,281789870000
2025-12-17,DIG,18350,17750,18100,17900,16886.79296875,6211700,111189430000
2025-12-18,DIG,18050,17500,17950,17900,16886.79296875,5423200,97075280000
2025-12-19,DIG,18200,17650,18000,17950,16933.962890625,8098700,145371665000
2025-12-22,DIG,18450,18000,18050,18450,17405.66015625,6347700,117115065000
2025-12-23,DIG,18500,17750,18500,18050,17028.302734375,6686700,120694935000
2025-12-24,DIG,18700,18100,18150,18200,17169.810546875,10263500,186795700000
2025-12-25,DIG,18450,17800,18350,17800,17169.810546875,8928300,158923740000
2025-12-26,DIG,17900,17050,17600,17500,16509.43359375,10865900,190153250000
2025-12-29,DIG,17750,17300,17600,17400,16415.09375,6202200,107918280000
2025-12-30,DIG,17500,17050,17450,17050,16084.9052734375,8231200,140341960000
2025-12-31,DIG,17200,16750,17050,16750,15801.88671875,9557000,160079750000
2026-01-05,DIG,17500,16950,17000,17300,16320.7548828125,10998600,190275780000
2026-01-06,DIG,17500,16600,17450,17000,16037.736328125,8531700,145038900000
2026-01-07,DIG,17250,16850,17100,17150,16179.2451171875,6508700,111624205000
2026-01-08,DIG,17500,16800,17150,17000,16037.736328125,16548000,281316000000
2026-01-09,DIG,17000,15850,16950,16000,15094.33984375,30057000,480912000000
2026-01-12,DIG,16850,15600,16000,16600,15660.376953125,17134500,284432700000
2026-01-13,DIG,17050,16500,16950,16750,15801.88671875,17243400,288826950000
2026-01-14,DIG,17000,16300,16750,16700,15754.716796875,15200400,253846680000
2026-01-15,DIG,17000,16300,16450,16500,15566.0380859375,13607500,224523750000
2026-01-16,DIG,16650,16100,16600,16149,15235.8486328125,12654800,204362365200
2026-01-19,DIG,16500,16100,16149,16250,15330.1884765625,5961900,96880875000
2026-01-20,DIG,16400,15900,16250,16050,15141.509765625,9453700,151731885000
2026-01-21,DIG,16200,15350,16050,15550,14669.8115234375,15787100,245489405000
2026-01-22,DIG,16600,15500,15700,16600,15660.376953125,23064500,382870700000
2026-01-23,DIG,16600,16050,16600,16100,15188.6796875,7287100,117322310000
2026-01-26,DIG,16300,15350,16200,15550,14669.8115234375,10352300,160978265000
2026-01-27,DIG,15850,15400,15600,15600,14716.9814453125,6371600,99396960000
2026-01-28,DIG,16200,15100,15650,15950,15047.169921875,11728700,187072765000
2026-01-29,DIG,16200,15850,16100,16000,15094.33984375,3284600,52553600000
2026-01-30,DIG,16500,15950,16149,16200,15283.0185546875,13135200,212790240000
2026-02-02,DIG,16400,15900,16400,16200,15283.0185546875,7595100,123040620000
2026-02-03,DIG,16500,16100,16300,16300,15377.3583984375,7661400,124880820000
2026-02-04,DIG,16450,16050,16300,16300,15377.3583984375,10014300,163233090000
2026-02-05,DIG,16500,15900,16350,15900,15000.0,9650000,153435000000
2026-02-06,DIG,15750,15300,15600,15300,14433.9619140625,12010500,183760650000
2026-02-09,DIG,15600,15200,15500,15500,14622.6416015625,7976400,123634200000
2026-02-10,DIG,15600,15300,15550,15350,14481.1318359375,3885200,59637820000
2026-02-11,DIG,16400,15400,15400,16149,15235.8486328125,14805700,239097249300
2026-02-12,DIG,16200,15750,16149,15800,14905.66015625,6036000,95368800000
2026-02-13,DIG,15950,15550,15800,15850,14952.830078125,10646700,168750195000
2026-02-23,DIG,16050,15700,15950,16000,15094.33984375,5777200,92435200000
2026-02-24,DIG,16100,15550,15950,15600,14716.9814453125,14427900,225075240000
2026-02-25,DIG,15750,15350,15700,15350,14481.1318359375,12231800,187758130000
2026-02-26,DIG,15550,15200,15450,15350,14481.1318359375,9065300,139152355000
2026-02-27,DIG,15400,14950,15350,14950,14103.7734375,15970800,238763460000
2026-03-02,DIG,14600,13950,14100,14000,13207.546875,21928200,306994800000
2026-03-03,DIG,14350,13950,14000,14050,13207.546875,18009200,253029260000
2026-03-04,DIG,14250,13250,14050,14050,13254.716796875,13361000,187722050000
2026-03-05,DIG,14350,13750,14250,13750,12971.6982421875,12327500,169503125000
2026-03-06,DIG,14000,13500,13950,13550,12783.0185546875,7937500,107553125000
2026-03-09,DIG,12950,12650,12650,12650,11933.9619140625,9282100,117418565000
2026-03-10,DIG,12950,12350,12450,12600,11886.7919921875,27165600,342286560000
2026-03-11,DIG,13450,12650,12650,13350,12594.33984375,13446400,179509440000
2026-03-12,DIG,13550,13000,13300,13450,12688.6796875,12249600,164757120000
2026-03-13,DIG,13900,13250,13350,13550,12783.0185546875,13098000,0
2026-03-16,DIG,14000,13600,13700,13700,12924.5283203125,10052000,0
2026-03-17,DIG,13850,13450,13850,13450,12688.6796875,7124000,0
2026-03-18,DIG,13550,13100,13450,13450,12688.6796875,7578400,0
2026-03-19,DIG,13900,13200,13250,13600,12830.1884765625,9710200,0
2026-03-20,DIG,13800,13350,13550,13350,12594.33984375,7088400,0
2026-03-23,DIG,13400,12700,13300,12800,12075.4716796875,14134100,0
2026-03-24,DIG,13650,13000,13250,13500,12735.8486328125,8186500,0
2026-03-25,DIG,14000,13500,13700,13800,13018.8681640625,11696900,0
2026-03-26,DIG,14000,13500,13850,13550,12783.0185546875,8624500,0
2026-03-27,DIG,14450,13600,13600,14450,13632.0751953125,24713800,0
2026-03-30,DIG,14600,14050,14100,14200,13396.2265625,13413500,0
2026-03-31,DIG,14500,14100,14300,14250,13443.396484375,11416400,0
2026-04-01,DIG,14650,14250,14500,14300,13490.56640625,12468600,0
2026-04-02,DIG,14350,13950,14250,14250,13443.396484375,8485800,0
2026-04-03,DIG,14400,14100,14250,14150,13349.056640625,12857300,0
2026-04-06,DIG,14350,13550,14100,13600,12830.1884765625,9972700,0
2026-04-07,DIG,13800,13400,13650,13600,12830.1884765625,10008600,0
2026-04-08,DIG,14500,14050,14050,14450,13632.0751953125,17760200,0
2026-04-09,DIG,15150,14250,14400,14550,13726.4150390625,16838800,0
2026-04-10,DIG,15000,14550,14800,14550,13726.4150390625,7862600,0
2026-04-13,DIG,15100,14350,14450,14650,13820.7548828125,14085800,0
2026-04-14,DIG,14950,14550,14900,14750,13915.0947265625,6880300,0
2026-04-15,DIG,15000,14650,14750,14650,13820.7548828125,12867500,0
2026-04-16,DIG,14700,14300,14700,14550,13726.4150390625,8068000,0
2026-04-17,DIG,14700,14300,14650,14350,13537.736328125,6684400,0
2026-04-20,DIG,14600,14300,14350,14350,13537.736328125,5230400,0
2026-04-21,DIG,14600,14150,14400,14150,13349.056640625,9680000,0
2026-04-22,DIG,14400,14100,14250,14150,13349.056640625,4446400,0
2026-04-23,DIG,14400,13850,14200,14050,13254.716796875,11906200,0
2026-04-24,DIG,14400,13950,14050,14300,13490.56640625,6594800,0
2026-04-28,DIG,14500,14100,14300,14100,13301.88671875,5558400,0
2026-04-29,DIG,14900,14100,14100,14700,13867.9248046875,15546200,0
2026-05-04,DIG,15100,14600,14800,14650,13820.7548828125,10535100,0
2026-05-05,DIG,14700,14150,14600,14300,13490.56640625,8762200,0
2026-05-06,DIG,14900,14450,14550,14750,13915.0947265625,10481200,0
2026-05-07,DIG,15000,14500,14850,14500,13679.2451171875,8825100,0
2026-05-08,DIG,14600,14350,14550,14450,13632.0751953125,8140500,0
2026-05-11,DIG,14750,14300,14550,14450,13632.0751953125,10269200,0
2026-05-12,DIG,14950,14450,14450,14650,13820.7548828125,14794700,0
2026-05-13,DIG,14800,14500,14650,14650,13820.7548828125,5426900,0
2026-05-14,DIG,15200,14700,14800,14850,14009.43359375,12869700,0
2026-05-15,DIG,15050,14750,14900,14950,14103.7734375,8152500,0
2026-05-18,DIG,14900,14550,14900,14850,14009.43359375,8178600,0
2026-05-19,DIG,15000,14450,14900,14650,13820.7548828125,12151800,0
2026-05-20,DIG,14650,13650,14650,13850,13066.0380859375,26783300,0
2026-05-21,DIG,13950,13600,13850,13600,12830.1884765625,5646200,0
2026-05-22,DIG,13700,13450,13700,13500,12735.8486328125,6160600,0
2026-05-25,DIG,13850,13550,13600,13600,12830.1884765625,4744900,0
2026-05-26,DIG,14150,13650,13700,13800,13018.8681640625,7859600,0
2026-05-27,DIG,13900,13750,13850,13750,12971.6982421875,3128400,0
2026-05-28,DIG,13850,13500,13800,13500,12735.8486328125,4324500,0
2026-05-29,DIG,13550,13050,13450,13050,12311.3203125,5852300,0
2026-06-01,DIG,13400,13100,13250,13200,12452.830078125,5152700,0
2026-06-02,DIG,13400,12750,13350,12900,12169.8115234375,8222100,0
2026-06-03,DIG,13200,12850,13000,13100,12358.490234375,3317900,0
2026-06-04,DIG,13150,12950,13100,13000,12264.1513671875,2790800,0
2026-06-05,DIG,13100,12800,13050,12850,12122.6416015625,4201000,0
2026-06-08,DIG,12850,12550,12750,12550,11839.623046875,5366600,0
2026-06-09,DIG,12750,12500,12650,12550,11839.623046875,4644300,0
2026-06-10,DIG,13050,12550,12550,12900,12169.8115234375,4977000,0
2026-06-11,DIG,12900,12700,12900,12700,11981.1318359375,2020000,0
2026-06-12,DIG,12900,12550,12900,12600,11886.7919921875,3542700,0
2026-06-15,DIG,13050,12750,12850,13000,12264.1513671875,4856600,0
2026-06-16,DIG,13200,12950,13050,13200,12452.830078125,5698200,0
2026-06-17,DIG,13400,13100,13200,13150,12405.66015625,4141700,0
2026-06-18,DIG,13250,12950,13200,13000,12264.1513671875,3035900,0
2026-06-19,DIG,13350,12900,13100,12950,12216.9814453125,4264000,0
2026-06-22,DIG,13000,12750,12900,12800,12075.4716796875,2874200,0
2026-06-23,DIG,12950,12500,12850,12500,11792.453125,4685000,0
2026-06-24,DIG,12700,12350,12700,12500,11792.453125,3902300,0
2026-06-25,DIG,12650,12400,12500,12450,11745.283203125,2335300,0
2026-06-26,DIG,12500,12350,12400,12350,11650.943359375,2353200,0
2026-06-29,DIG,12600,12350,12400,12600,11886.7919921875,3222800,0
2026-06-30,DIG,12650,12450,12650,12450,11745.283203125,2498200,0
2026-07-01,DIG,12600,12450,12550,12550,11745.283203125,2062500,0
2026-07-02,DIG,12700,12450,12700,12450,11745.283203125,2098300,0
2026-07-03,DIG,12500,12150,12450,12250,11556.603515625,5328500,0
2026-07-06,DIG,12400,11800,12300,11900,11226.4150390625,6434200,0
2026-07-07,DIG,12050,11550,11900,11900,11226.4150390625,6980700,0
2026-07-08,DIG,12600,11900,11900,12250,11556.603515625,10734500,0
2026-07-09,DIG,12450,12200,12200,12250,11556.603515625,2737100,0
2026-07-10,DIG,12600,12200,12250,12300,11603.7734375,4368200,0
2026-07-13,DIG,12800,12200,12250,12650,11933.9619140625,12305100,0
2026-07-14,DIG,12750,12450,12650,12600,11886.7919921875,6116400,0
2026-07-15,DIG,12650,12000,12600,12000,11320.7548828125,7460600,0
2026-07-16,DIG,12500,11750,12050,12450,11745.283203125,10130600,0
2026-07-17,DIG,12650,12050,12450,12050,11367.9248046875,5569900,0
2026-07-20,DIG,12100,11250,12000,11250,10613.2080078125,11464100,0
2026-07-21,DIG,11350,10750,11000,10850,10235.8486328125,10521300,0
2026-07-22,DIG,11400,10550,10700,11000,10377.3583984375,13122300,0
2026-07-23,DIG,11200,10250,11000,10800,10188.6796875,13378200,0
2026-07-24,DIG,11000,10300,10600,10300,9716.9814453125,6792700,0
2026-07-27,DIG,10450,9690,10300,9690,9141.509765625,19130700,0
2026-07-28,DIG,10350,9350,9350,9960,9396.2265625,15320100,0
2026-07-29,DIG,10150,9900,9980,10100,9528.3017578125,6279000,0
2026-07-30,DIG,10400,9960,10000,10200,9622.6416015625,13328300,0
2026-07-31,DIG,10450,10000,10400,10050,9481.1318359375,10967400,0
2026-08-03,DIG,10750,10100,10100,10600,10000.0,11902800,0
2026-08-04,DIG,10750,10500,10600,10700,10094.33984375,7378400,0
2026-08-05,DIG,11050,10650,10800,10700,10094.33984375,10921500,0
2026-08-06,DIG,10800,10550,10700,10700,10094.33984375,7317400,0
2026-08-07,DIG,10850,10650,10700,10700,10094.33984375,5355100,0
2026-08-10,DIG,11050,10700,10750,11000,10377.3583984375,5939400,0
2026-08-11,DIG,11200,10950,11000,11000,10377.3583984375,6460000,0
2026-08-12,DIG,11100,10850,11000,10950,10330.1884765625,7144900,0
2026-08-13,DIG,11100,10650,11000,10650,10047.169921875,6296600,0
2026-08-14,DIG,11050,10550,10750,10800,10188.6796875,7855400,0
2026-08-17,DIG,11200,10800,10800,10950,10330.1884765625,8348000,0
2026-08-18,DIG,11050,10600,11000,10600,10000.0,4462200,0
2026-08-19,DIG,10700,10400,10600,10400,9811.3203125,5214300,0
2026-08-20,DIG,10550,10300,10500,10300,9716.9814453125,2434800,0
2026-08-21,DIG,11000,10300,10300,11000,10377.3583984375,10507200,0
2026-08-24,DIG,11400,10950,11150,11250,10613.2080078125,10927400,0
2026-08-25,DIG,11450,11200,11300,11350,10707.546875,9522300,0
2026-08-26,DIG,11550,11300,11300,11550,10896.2265625,6363300,0
2026-08-27,DIG,11600,11300,11450,11450,10801.88671875,5642100,0
2026-08-28,DIG,11500,11150,11350,11250,10754.716796875,3702300,0
2026-09-03,DIG,11400,11150,11350,11250,10613.2080078125,3389500,0
2026-09-04,DIG,11300,11000,11250,11100,10471.6982421875,7543300,0
2026-09-07,DIG,10570,10240,10470,10470,10471.6982421875,7144900,0
2026-09-08,DIG,10600,10250,10500,10250,10250.0,4576100,0
2026-09-09,DIG,10250,10100,10250,10250,10250.0,4080000,0
2026-09-10,DIG,10250,10100,10250,10250,10250.0,1832100,0
2026-09-11,DIG,10200,9970,10200,10050,10250.0,5101700,0
