Date,code,high,low,open,close,adjust,volume_match,value_match
2012-03-20,DPM,4480,4370,4370,4460,4169.78955078125,671390,2994399400
2012-03-21,DPM,4600,4480,4480,4550,4253.4638671875,935790,4257844500
2012-03-22,DPM,4540,4480,4510,4490,4197.681640625,492010,2209124900
2012-03-23,DPM,4530,4480,4510,4510,4211.62646484375,591280,2666672800
2012-03-26,DPM,4730,4510,4560,4720,4406.8671875,1187710,5605991200
2012-03-27,DPM,4750,4490,4700,4490,4197.681640625,736660,3307603400
2012-03-28,DPM,4550,4390,4480,4540,4239.5185546875,332950,1511593000
2012-03-29,DPM,4580,4480,4550,4490,4197.681640625,338400,1519416000
2012-03-30,DPM,4480,4360,4480,4360,4072.169677734375,973890,4246160400
2012-04-03,DPM,4550,4360,4360,4540,4239.5185546875,616210,2797593400
2012-04-04,DPM,4580,4460,4580,4460,4169.78955078125,305500,1362530000
2012-04-05,DPM,4480,4400,4400,4480,4183.7353515625,340370,1524857600
2012-04-06,DPM,4530,4460,4530,4460,4169.78955078125,578650,2580779000
2012-04-09,DPM,4550,4460,4530,4480,4183.7353515625,220990,990035200
2012-04-10,DPM,4630,4480,4480,4530,4225.57373046875,407010,1843755300
2012-04-11,DPM,4670,4580,4630,4620,4309.24658203125,1077170,4976525400
2012-04-12,DPM,4790,4630,4630,4700,4392.92236328125,1203020,5654194000
2012-04-13,DPM,4750,4660,4700,4700,4392.92236328125,1148140,5396258000
2012-04-16,DPM,4870,4720,4720,4830,4518.43505859375,1498920,7239783600
2012-04-17,DPM,5070,4860,4900,5070,4741.5654296875,1624060,8233984200
2012-04-18,DPM,5250,5000,5200,5050,4713.67578125,938560,4739728000
2012-04-19,DPM,5050,4830,5050,4860,4532.37939453125,920950,4475817000
2012-04-20,DPM,4940,4830,4860,4860,4546.3271484375,1079260,5245203600
2012-04-23,DPM,4940,4860,4920,4860,4546.3271484375,804990,3912251400
2012-04-24,DPM,4900,4820,4860,4900,4574.21826171875,949080,4650492000
2012-04-25,DPM,5130,4960,4960,5120,4783.4033203125,1067770,5466982400
2012-04-26,DPM,5380,5250,5380,5250,4908.916015625,2225390,11683297500
2012-04-27,DPM,5420,5270,5330,5380,5020.482421875,697800,3754164000
2012-05-02,DPM,5590,5440,5490,5480,5118.10302734375,1391210,7623830800
2012-05-03,DPM,5530,5360,5490,5490,5132.048828125,859550,4718929500
2012-05-04,DPM,5630,5490,5490,5590,5229.66943359375,872420,4876827800
2012-05-07,DPM,5860,5810,5850,5860,5480.69287109375,1103050,6463873000
2012-05-08,DPM,6150,5860,5900,6100,5689.88037109375,1543250,9413825000
2012-05-09,DPM,6150,6000,6100,6080,5675.93408203125,866660,5269292800
2012-05-10,DPM,6110,5820,6060,5840,5452.8017578125,1476510,8622818400
2012-05-11,DPM,5860,5760,5850,5790,5410.96435546875,1369220,7927783800
2012-05-14,DPM,5810,5510,5790,5530,5159.94189453125,1612790,8918728700
2012-05-15,DPM,5570,5330,5400,5390,5034.42822265625,1281440,6906961600
2012-05-16,DPM,5570,5210,5550,5340,4989.47802734375,1580050,8437467000
2012-05-17,DPM,5500,5380,5380,5380,5019.44580078125,1038010,5584493800
2012-05-18,DPM,5330,5130,5310,5230,4884.59521484375,990960,5182720800
2012-05-21,DPM,5480,5270,5270,5480,5124.32861328125,614530,3367624400
2012-05-22,DPM,5740,5460,5570,5530,5169.27880859375,1007690,5572525700
2012-05-23,DPM,5550,5390,5530,5400,5049.412109375,824900,4454460000
2012-05-24,DPM,5460,5250,5380,5380,5019.44580078125,604320,3251241600
2012-05-25,DPM,5630,5460,5530,5630,5259.17919921875,957110,5388529300
2012-05-28,DPM,5770,5470,5770,5550,5184.2626953125,556370,3087853500
2012-05-29,DPM,5570,5500,5550,5550,5184.2626953125,395860,2197023000
2012-05-30,DPM,5630,5570,5590,5570,5199.24658203125,498960,2779207200
2012-05-31,DPM,5550,5400,5530,5400,5049.412109375,700610,3783294000
2012-06-01,DPM,5480,5390,5480,5400,5049.412109375,333980,1803492000
2012-06-04,DPM,5360,5160,5360,5200,4854.62744140625,853570,4438564000
2012-06-05,DPM,5360,5150,5200,5360,5004.46142578125,598350,3207156000
2012-06-06,DPM,5460,5340,5360,5460,5094.361328125,373460,2039091600
2012-06-07,DPM,5620,5470,5480,5530,5169.27880859375,905890,5009571700
2012-06-08,DPM,5620,5460,5620,5460,5094.361328125,756460,4130271600
2012-06-11,DPM,5530,5440,5460,5460,5094.361328125,451620,2465845200
2012-06-12,DPM,5470,5400,5440,5400,5049.412109375,250980,1355292000
2012-06-13,DPM,5480,5390,5400,5460,5094.361328125,337550,1843023000
2012-06-14,DPM,5460,5390,5460,5390,5034.4287109375,159140,857764600
2012-06-15,DPM,5620,5440,5440,5620,5244.19677734375,1026070,5766513400
2012-06-18,DPM,5690,5580,5620,5580,5214.22998046875,554150,3092157000
2012-06-19,DPM,5570,5480,5550,5530,5154.29541015625,362910,2006892300
2012-06-20,DPM,5580,5530,5580,5530,5169.27880859375,188140,1040414200
2012-06-21,DPM,5580,5530,5530,5530,5154.29541015625,131610,727803300
2012-06-22,DPM,5630,5480,5530,5530,5169.27880859375,530350,2932835500
2012-06-25,DPM,5620,5480,5590,5500,5139.310546875,358480,1971640000
2012-06-26,DPM,5530,5440,5470,5460,5094.361328125,391720,2138791200
2012-06-27,DPM,5550,5460,5530,5460,5094.361328125,311560,1701117600
2012-06-28,DPM,5460,5340,5380,5420,5064.3955078125,167210,906278200
2012-06-29,DPM,5550,5460,5460,5500,5139.310546875,182250,1002375000
2012-07-02,DPM,5530,5420,5500,5420,5064.3955078125,126460,685413200
2012-07-03,DPM,5470,5380,5470,5390,5034.4287109375,201700,1087163000
2012-07-04,DPM,5460,5390,5460,5390,5034.4287109375,114440,616831600
2012-07-05,DPM,5460,5380,5390,5440,5079.37841796875,184840,1005529600
2012-07-06,DPM,5530,5460,5460,5460,5094.361328125,108480,592300800
2012-07-09,DPM,5460,5380,5460,5380,5019.44580078125,359200,1932496000
2012-07-10,DPM,5390,5330,5330,5330,4974.49365234375,184620,984024600
2012-07-11,DPM,5390,5310,5330,5380,5019.44580078125,73290,394300200
2012-07-12,DPM,5440,5310,5310,5340,4989.47802734375,86530,462070200
2012-07-13,DPM,5580,5400,5420,5570,5199.24658203125,482150,2685575500
2012-07-16,DPM,5650,5500,5570,5500,5139.310546875,174810,961455000
2012-07-17,DPM,5660,5480,5480,5620,5244.19677734375,397370,2233219400
2012-07-18,DPM,5720,5580,5620,5670,5304.1298828125,460120,2608880400
2012-07-19,DPM,5960,5720,5740,5960,5558.84814453125,1253170,7468893200
2012-07-20,DPM,6160,5770,6120,5770,5394.03076171875,895490,5166977300
2012-07-23,DPM,6060,5910,5940,5970,5573.82958984375,700130,4179776100
2012-07-24,DPM,5970,5840,5940,5860,5483.9296875,697220,4085709200
2012-07-25,DPM,5850,5740,5840,5810,5423.99658203125,505530,2937129300
2012-07-26,DPM,5940,5760,5940,5820,5438.98046875,258590,1504993800
2012-07-27,DPM,6030,5840,5840,5890,5453.96435546875,652930,3845757700
2012-07-30,DPM,5940,5840,5850,5840,5453.96435546875,228840,1336425600
2012-07-31,DPM,5920,5840,5910,5850,5468.947265625,331580,1939743000
2012-08-01,DPM,5850,5770,5840,5840,5453.96435546875,144780,845515200
2012-08-02,DPM,5860,5810,5810,5820,5438.98046875,125500,730410000
2012-08-03,DPM,5970,5840,5840,5890,5498.91455078125,461890,2720532100
2012-08-06,DPM,6100,5910,5940,6010,5618.7822265625,517520,3110295200
2012-08-07,DPM,6060,5940,6010,5970,5573.82958984375,517630,3090251100
2012-08-08,DPM,6050,5970,5980,6010,5618.7822265625,382200,2297022000
2012-08-09,DPM,6050,6010,6030,6030,5633.7646484375,521480,3144524400
2012-08-10,DPM,6050,5980,6050,5980,5588.8154296875,406770,2432484600
2012-08-13,DPM,6030,5940,5970,5980,5588.8154296875,190380,1138472400
2012-08-14,DPM,6010,5970,5970,6000,5603.79833984375,238000,1428000000
2012-08-15,DPM,6260,6000,6010,6190,5783.60009765625,938640,5810181600
2012-08-16,DPM,6370,6190,6190,6300,5888.48291015625,1030430,6491709000
2012-08-17,DPM,6560,6290,6300,6400,5978.3828125,1129410,7228224000
2012-08-20,DPM,6490,6400,6420,6450,6023.333984375,574720,3706944000
2012-08-21,DPM,6340,6120,6270,6170,5768.6162109375,2038740,12579025800
2012-08-22,DPM,6340,6120,6160,6270,5858.5166015625,1623330,10178279100
2012-08-23,DPM,6270,5970,6260,5970,5573.82958984375,1473180,8794884600
2012-08-24,DPM,6260,5740,5740,6260,5843.5322265625,923800,5782988000
2012-08-27,DPM,6260,5960,6170,5960,5558.84814453125,820030,4887378800
2012-08-28,DPM,6030,5770,5940,5970,5573.82958984375,545230,3255023100
2012-08-29,DPM,6260,6150,6170,6260,5843.5322265625,829890,5195111400
2012-08-30,DPM,6430,6290,6340,6300,5888.48291015625,720910,4541733000
2012-08-31,DPM,6430,6290,6350,6420,5993.3671875,756880,4859169600
2012-09-04,DPM,6610,6430,6430,6530,6098.24951171875,676140,4415194200
2012-09-05,DPM,6710,6420,6570,6570,6143.20068359375,1057680,6948957600
2012-09-06,DPM,6570,6350,6520,6350,5933.4326171875,688880,4374388000
2012-09-07,DPM,6460,6350,6420,6460,6038.31787109375,707940,4573292400
2012-09-10,DPM,6450,6160,6450,6160,5753.63134765625,1231190,7584130400
2012-09-11,DPM,6320,6100,6100,6290,5873.49853515625,848910,5339643900
2012-09-12,DPM,6540,6340,6490,6460,6029.29541015625,428960,2771081600
2012-09-13,DPM,6560,6420,6430,6540,6107.19287109375,748170,4893031800
2012-09-14,DPM,6670,6490,6610,6490,6060.45361328125,1209980,7852770200
2012-09-17,DPM,6420,6230,6370,6260,5842.33984375,1422000,8901720000
2012-09-18,DPM,6360,6110,6260,6150,5748.86279296875,913970,5620915500
2012-09-19,DPM,6230,6110,6110,6160,5764.44287109375,897410,5528045600
2012-09-20,DPM,6150,6040,6150,6110,5702.1240234375,930470,5685171700
2012-09-21,DPM,6230,6120,6160,6160,5764.44287109375,1139060,7016609600
2012-09-24,DPM,6200,6090,6120,6150,5748.86279296875,408030,2509384500
2012-09-25,DPM,6200,6150,6150,6190,5780.0224609375,344260,2130969400
2012-09-26,DPM,6290,6200,6230,6200,5795.599609375,459410,2848342000
2012-09-27,DPM,6240,6140,6200,6140,5733.28271484375,490040,3008845600
2012-09-28,DPM,6140,6090,6120,6110,5702.1240234375,399680,2442044800
2012-10-01,DPM,6090,5960,6090,5960,5561.9072265625,809600,4825216000
2012-10-02,DPM,6000,5860,5990,5890,5499.58935546875,996620,5870091800
2012-10-03,DPM,6050,5890,5940,5970,5577.48779296875,383680,2290569600
2012-10-04,DPM,5970,5890,5960,5890,5499.58935546875,417050,2456424500
2012-10-05,DPM,6020,5890,5890,5990,5593.06787109375,463680,2777443200
2012-10-08,DPM,6140,5970,5990,6090,5686.5439453125,614610,3742974900
2012-10-09,DPM,6140,6040,6090,6070,5670.96484375,717040,4352432800
2012-10-10,DPM,6230,6040,6040,6160,5764.44287109375,1126740,6940718400
2012-10-11,DPM,6230,6090,6160,6110,5702.1240234375,972110,5939592100
2012-10-12,DPM,6120,6040,6110,6050,5655.38525390625,299970,1814818500
2012-10-15,DPM,6090,5960,6050,5970,5577.48779296875,421920,2518862400
2012-10-16,DPM,6120,5970,5970,6110,5702.1240234375,302170,1846258700
2012-10-17,DPM,6110,6000,6110,6040,5639.8056640625,272950,1648618000
2012-10-18,DPM,6050,6000,6050,6000,5608.6474609375,429670,2578020000
2012-10-19,DPM,6020,5940,6000,5990,5593.06787109375,581880,3485461200
2012-10-22,DPM,6000,5960,5990,5970,5577.48779296875,268760,1604497200
2012-10-23,DPM,5990,5940,5940,5990,5593.06787109375,203440,1218605600
2012-10-24,DPM,6020,5990,5990,5990,5593.06787109375,381610,2285843900
2012-10-25,DPM,6000,5960,5960,5990,5593.06787109375,261140,1564228600
2012-10-26,DPM,6000,5970,5970,5970,5577.48779296875,311480,1859535600
2012-10-29,DPM,5990,5960,5990,5970,5577.48779296875,153300,915201000
2012-10-30,DPM,5990,5960,5970,5960,5561.9072265625,176370,1051165200
2012-10-31,DPM,5990,5960,5960,5990,5593.06787109375,189370,1134326300
2012-11-01,DPM,6020,5960,5960,5960,5561.9072265625,279820,1667727200
2012-11-02,DPM,5840,5700,5720,5740,5359.3740234375,945630,5427916200
2012-11-05,DPM,5850,5740,5740,5840,5452.8525390625,263450,1538548000
2012-11-06,DPM,5850,5810,5840,5820,5437.27001953125,199520,1161206400
2012-11-07,DPM,5860,5820,5820,5820,5437.27001953125,254380,1480491600
2012-11-08,DPM,5860,5810,5820,5860,5484.00927734375,397670,2330346200
2012-11-09,DPM,5890,5820,5850,5850,5468.43017578125,201550,1179067500
2012-11-12,DPM,5940,5850,5850,5920,5530.748046875,133580,790793600
2012-11-13,DPM,5940,5860,5940,5860,5484.00927734375,190330,1115333800
2012-11-14,DPM,5910,5840,5850,5850,5468.43017578125,195250,1142212500
2012-11-15,DPM,5860,5780,5860,5780,5406.1123046875,232210,1342173800
2012-11-16,DPM,5840,5780,5780,5820,5437.27001953125,163670,952559400
2012-11-19,DPM,5840,5780,5810,5780,5406.1123046875,268120,1549733600
2012-11-20,DPM,5820,5780,5810,5820,5437.27001953125,136520,794546400
2012-11-21,DPM,5850,5810,5840,5810,5421.69091796875,109610,636834100
2012-11-22,DPM,5860,5820,5860,5820,5437.27001953125,238830,1389990600
2012-11-23,DPM,5860,5840,5840,5840,5452.8525390625,165510,966578400
2012-11-26,DPM,5840,5780,5840,5820,5437.27001953125,134040,780112800
2012-11-27,DPM,5820,5810,5820,5820,5437.27001953125,86640,504244800
2012-11-28,DPM,5840,5810,5840,5810,5421.69091796875,188180,1093325800
2012-11-29,DPM,5820,5810,5820,5820,5437.27001953125,79280,461409600
2012-11-30,DPM,5840,5780,5840,5780,5406.1123046875,146150,844747000
2012-12-03,DPM,5920,5770,5920,5810,5422.154296875,262070,1522626700
2012-12-04,DPM,5810,5730,5760,5760,5374.0283203125,238130,1371628800
2012-12-05,DPM,5910,5810,5820,5860,5470.27978515625,148730,871557800
2012-12-06,DPM,5870,5820,5870,5840,5454.23779296875,91310,533250400
2012-12-07,DPM,5840,5780,5840,5810,5422.154296875,123160,715559600
2012-12-10,DPM,5860,5780,5810,5840,5454.23779296875,89120,520460800
2012-12-11,DPM,5920,5840,5840,5920,5534.44775390625,287060,1699395200
2012-12-12,DPM,5970,5870,5890,5920,5534.44775390625,140640,832588800
2012-12-13,DPM,5960,5860,5920,5860,5470.27978515625,148790,871909400
2012-12-14,DPM,5950,5820,5950,5820,5438.19580078125,262580,1528215600
2012-12-17,DPM,6100,5960,6050,6100,5694.86767578125,734150,4478315000
2012-12-18,DPM,6200,6080,6180,6080,5678.82470703125,609590,3706307200
2012-12-19,DPM,6180,6100,6100,6130,5726.94970703125,432800,2653064000
2012-12-20,DPM,6150,6080,6130,6110,5710.90966796875,583120,3562863200
2012-12-21,DPM,6100,5960,6100,6050,5646.7421875,1394830,8438721500
2012-12-24,DPM,6110,6030,6060,6060,5662.7822265625,158900,962934000
2012-12-25,DPM,6160,6060,6060,6160,5759.033203125,495230,3050616800
2012-12-26,DPM,6160,6130,6160,6160,5759.033203125,322160,1984505600
2012-12-27,DPM,6180,6130,6180,6130,5726.94970703125,433030,2654473900
2012-12-28,DPM,6160,6100,6150,6150,5742.99267578125,531690,3269893500
2013-01-02,DPM,6280,6160,6180,6260,5855.2841796875,514640,3221646400
2013-01-03,DPM,6430,6280,6320,6430,6015.70361328125,1246410,8014416300
2013-01-04,DPM,6610,6430,6460,6610,6176.12158203125,422070,2789882700
2013-01-07,DPM,6920,6560,6620,6920,6464.87646484375,1067610,7387861200
2013-01-08,DPM,7110,6920,6960,7040,6577.169921875,1069580,7529843200
2013-01-09,DPM,7330,6960,7060,7280,6801.755859375,1687150,12282452000
2013-01-10,DPM,7530,7040,7130,7530,7026.34326171875,924730,6963216900
2013-01-11,DPM,7650,7290,7650,7290,6817.7978515625,1067220,7780033800
2013-01-14,DPM,7290,7160,7210,7280,6801.755859375,518750,3776500000
2013-01-15,DPM,7650,7230,7280,7650,7138.6357421875,823770,6301840500
2013-01-16,DPM,7720,7560,7630,7650,7138.6357421875,736880,5637132000
2013-01-17,DPM,7630,7380,7560,7380,6898.0078125,684770,5053602600
2013-01-18,DPM,7470,7210,7470,7210,6737.5869140625,812560,5858557600
2013-01-21,DPM,7290,7060,7210,7070,6609.2548828125,394330,2787913100
2013-01-22,DPM,7210,7070,7160,7130,6657.37646484375,550540,3925350200
2013-01-23,DPM,7250,7130,7190,7140,6673.4189453125,271410,1937867400
2013-01-24,DPM,7400,7160,7180,7370,6881.96240234375,289180,2131256600
2013-01-25,DPM,7560,7380,7510,7560,7058.42431640625,580140,4385858400
2013-01-28,DPM,7910,7590,7590,7720,7218.8427734375,956780,7386341600
2013-01-29,DPM,7820,7590,7710,7820,7299.05322265625,778090,6084663800
2013-01-30,DPM,8230,7820,7860,7860,7347.18017578125,885370,6959008200
2013-01-31,DPM,7980,7820,7900,7860,7347.18017578125,646240,5079446400
2013-02-01,DPM,8050,7800,7860,8050,7523.640625,658460,5300603000
2013-02-04,DPM,8050,7800,8050,7800,7283.01123046875,314170,2450526000
2013-02-05,DPM,7760,7650,7760,7670,7170.71923828125,646800,4960956000
2013-02-06,DPM,8090,7670,7670,8090,7555.72509765625,685550,5546099500
2013-02-07,DPM,8160,8020,8090,8039,7507.59716796875,293690,2360973910
2013-02-08,DPM,8039,7900,8039,7980,7459.4716796875,291740,2328085200
2013-02-18,DPM,7980,7880,7980,7880,7363.22021484375,408350,3217798000
2013-02-19,DPM,7880,7750,7880,7820,7299.05322265625,578320,4522462400
2013-02-20,DPM,7800,7710,7780,7800,7283.01123046875,650020,5070156000
2013-02-21,DPM,7800,7560,7800,7560,7058.42431640625,616830,4663234800
2013-02-22,DPM,7710,7320,7570,7470,6978.21630859375,911260,6807112200
2013-02-25,DPM,7470,7370,7470,7400,6914.0478515625,558560,4133344000
2013-02-26,DPM,7380,7210,7380,7210,6737.5869140625,720120,5192065200
2013-02-27,DPM,7470,7140,7230,7250,6769.671875,797050,5778612500
2013-02-28,DPM,7350,7230,7260,7290,6817.7978515625,488320,3559852800
2013-03-01,DPM,7380,7260,7280,7320,6833.8388671875,467810,3424369200
2013-03-04,DPM,7280,7160,7260,7160,6689.46142578125,807570,5782201200
2013-03-05,DPM,7160,6870,7160,7040,6577.169921875,485730,3419539200
2013-03-06,DPM,7350,7070,7290,7350,6865.923828125,340290,2501131500
2013-03-07,DPM,7530,7330,7350,7380,6898.0078125,700390,5168878200
2013-03-08,DPM,7560,7380,7380,7560,7058.42431640625,489470,3700393200
2013-03-11,DPM,7840,7650,7650,7840,7331.13720703125,650590,5100625600
2013-03-12,DPM,7880,7660,7860,7720,7218.8427734375,1072070,8276380400
2013-03-13,DPM,7720,7470,7720,7480,6994.25830078125,543910,4068446800
2013-03-14,DPM,7720,7380,7470,7710,7202.8017578125,562760,4338879600
2013-03-15,DPM,7720,7630,7710,7720,7218.8427734375,786490,6071702800
2013-03-18,DPM,7720,7630,7720,7720,7218.8427734375,196580,1517597600
2013-03-19,DPM,7760,7660,7720,7720,7218.8427734375,190040,1467108800
2013-03-20,DPM,7820,7710,7710,7760,7250.92919921875,286080,2219980800
2013-03-21,DPM,7900,7760,7760,7840,7331.13720703125,568840,4459705600
2013-03-22,DPM,7840,7560,7840,7610,7106.55078125,591820,4503750200
2013-03-25,DPM,7820,7610,7610,7820,7299.05322265625,510000,3988200000
2013-03-26,DPM,7820,7720,7820,7750,7234.88818359375,231800,1796450000
2013-03-27,DPM,7750,7660,7700,7660,7154.67626953125,250460,1918523600
2013-03-28,DPM,7750,7650,7650,7720,7218.8427734375,273720,2113118400
2013-03-29,DPM,7720,7610,7720,7710,7202.8017578125,96360,742935600
2013-04-01,DPM,7820,7700,7750,7820,7299.05322265625,394430,3084442600
2013-04-02,DPM,7910,7830,7840,7880,7363.22021484375,812710,6404154800
2013-04-03,DPM,8090,7880,7940,7880,7363.22021484375,1124720,8862793600
2013-04-04,DPM,7910,7610,7880,7610,7106.55078125,445090,3387134900
2013-04-05,DPM,7780,7630,7720,7670,7170.71923828125,530510,4069011700
2013-04-08,DPM,7910,7720,7720,7900,7379.26318359375,683980,5403442000
2013-04-09,DPM,7970,7880,7900,7940,7411.34619140625,634920,5041264800
2013-04-10,DPM,7980,7590,7900,7590,7090.5087890625,1183450,8982385500
2013-04-11,DPM,7940,7590,7590,7750,7234.88818359375,1144960,8873440000
2013-04-12,DPM,7780,7540,7780,7610,7106.55078125,627750,4777177500
2013-04-15,DPM,7670,7530,7610,7560,7058.42431640625,646090,4884440400
2013-04-16,DPM,7630,7420,7530,7560,7058.42431640625,584740,4420634400
2013-04-17,DPM,7590,7510,7590,7530,7026.34326171875,295500,2225115000
2013-04-18,DPM,7530,7140,7400,7210,6737.5869140625,870390,6275511900
2013-04-22,DPM,7230,7130,7230,7140,6673.4189453125,256920,1834408800
2013-04-23,DPM,7210,7140,7140,7180,6705.50341796875,283110,2032729800
2013-04-24,DPM,7230,7160,7180,7180,6705.50341796875,437490,3141178200
2013-04-25,DPM,7260,7180,7180,7210,6737.5869140625,64880,467784800
2013-04-26,DPM,7330,7210,7230,7250,6769.671875,301820,2188195000
2013-05-02,DPM,7260,7190,7250,7210,6737.5869140625,248810,1793920100
2013-05-03,DPM,7250,7180,7180,7250,6769.671875,271710,1969897500
2013-05-06,DPM,7440,7260,7260,7420,6930.09130859375,357220,2650572400
2013-05-07,DPM,7440,7370,7420,7420,6930.09130859375,323800,2402596000
2013-05-08,DPM,7540,7380,7530,7440,6946.1328125,353670,2631304800
2013-05-09,DPM,7470,7420,7440,7440,6946.1328125,161260,1199774400
2013-05-10,DPM,7470,7420,7440,7440,6946.1328125,237630,1767967200
2013-05-13,DPM,7480,7420,7470,7470,6978.21630859375,139880,1044903600
2013-05-14,DPM,7470,7370,7460,7420,6930.09130859375,350330,2599448600
2013-05-15,DPM,7590,7400,7400,7590,7090.5087890625,631120,4790200800
2013-05-16,DPM,7710,7560,7560,7710,7202.8017578125,713070,5497769700
2013-05-17,DPM,7750,7650,7660,7700,7186.759765625,760950,5859315000
2013-05-20,DPM,7800,7750,7800,7780,7270.716796875,363250,2826085000
2013-05-21,DPM,7910,7780,7780,7840,7321.09326171875,263470,2065604800
2013-05-22,DPM,7890,7780,7890,7860,7337.88427734375,171450,1347597000
2013-05-23,DPM,7860,7750,7800,7750,7237.1337890625,462010,3580577500
2013-05-24,DPM,7840,7720,7780,7820,7304.30078125,387850,3032987000
2013-05-27,DPM,7990,7840,7840,7980,7455.423828125,605670,4833246600
2013-05-28,DPM,8020,7930,7990,7990,7472.2177734375,420480,3359635200
2013-05-29,DPM,8090,7990,8020,8090,7556.17236328125,463810,3752222900
2013-05-30,DPM,8270,7990,8090,8270,7724.087890625,540130,4466875100
2013-05-31,DPM,8340,8240,8340,8250,7707.29638671875,396860,3274095000
2013-06-03,DPM,8270,8200,8250,8250,7707.29638671875,250350,2065387500
2013-06-04,DPM,8240,7990,8200,7990,7472.2177734375,391300,3126487000
2013-06-05,DPM,8240,7910,8090,8240,7690.50537109375,313500,2583240000
2013-06-06,DPM,8250,8109,8240,8240,7690.50537109375,327030,2694727200
2013-06-07,DPM,8280,8200,8270,8200,7656.92236328125,308910,2533062000
2013-06-10,DPM,8250,7990,8200,7990,7472.2177734375,408450,3263515500
2013-06-11,DPM,8090,7990,8090,8020,7489.00830078125,412560,3308731200
2013-06-12,DPM,8020,7910,8020,7910,7388.25732421875,488810,3866487100
2013-06-13,DPM,8020,7820,7910,8020,7489.00830078125,378870,3038537400
2013-06-14,DPM,8050,7780,7970,7780,7270.716796875,534540,4158721200
2013-06-17,DPM,7910,7720,7780,7750,7237.1337890625,426860,3308165000
2013-06-18,DPM,7800,7700,7720,7700,7186.759765625,326870,2516899000
2013-06-19,DPM,7860,7720,7720,7820,7304.30078125,334860,2618605200
2013-06-20,DPM,7820,7710,7820,7750,7237.1337890625,524930,4068207500
2013-06-21,DPM,7720,7640,7720,7640,7136.38623046875,704970,5385970800
2013-06-24,DPM,7660,7270,7660,7370,6884.51611328125,1056980,7789942600
2013-06-25,DPM,7370,7000,7360,7100,6632.64208984375,623270,4425217000
2013-06-26,DPM,7170,6950,7120,6980,6515.1015625,768380,5363292400
2013-06-27,DPM,7150,6980,6980,7150,6683.0166015625,337590,2413768500
2013-06-28,DPM,7270,7150,7260,7190,6716.59814453125,310490,2232423100
2013-07-01,DPM,7190,7030,7190,7140,6666.22412109375,135630,968398200
2013-07-02,DPM,7190,7140,7150,7190,6716.59814453125,361190,2596956100
2013-07-03,DPM,7330,7190,7230,7270,6800.55615234375,635650,4621175500
2013-07-04,DPM,7320,7250,7250,7260,6783.7646484375,425370,3088186200
2013-07-05,DPM,7290,7250,7260,7260,6783.7646484375,381380,2768818800
2013-07-08,DPM,7270,7170,7260,7230,6750.181640625,493100,3565113000
2013-07-09,DPM,7260,7190,7190,7250,6766.9736328125,201540,1461165000
2013-07-10,DPM,7270,7170,7270,7190,6716.59814453125,862790,6203460100
2013-07-11,DPM,7230,7150,7190,7170,6699.80517578125,308510,2212016700
2013-07-12,DPM,7270,7190,7230,7270,6800.55615234375,452660,3290838200
2013-07-15,DPM,7330,7230,7320,7230,6750.181640625,498350,3603070500
2013-07-16,DPM,7250,7190,7230,7210,6733.3896484375,406620,2931730200
2013-07-17,DPM,7460,7170,7210,7410,6918.09716796875,1201560,8903559600
2013-07-18,DPM,7440,7330,7410,7330,6850.93017578125,1221090,8950589700
2013-07-19,DPM,7440,7360,7360,7390,6901.30615234375,598540,4423210600
2013-07-22,DPM,7410,7250,7390,7320,6834.1416015625,848750,6212850000
2013-07-23,DPM,7290,7230,7270,7260,6783.7646484375,828490,6014837400
2013-07-24,DPM,7270,7170,7270,7190,6716.59814453125,1021500,7344585000
2013-07-25,DPM,7210,7150,7190,7150,6683.0166015625,594150,4248172500
2013-07-26,DPM,7170,7050,7150,7150,6683.0166015625,492290,3519873500
2013-07-29,DPM,7190,6990,7150,7050,6582.26708984375,362650,2556682500
2013-07-30,DPM,7120,7000,7000,7120,6649.4326171875,290940,2071492800
2013-07-31,DPM,7140,7050,7060,7100,6632.64208984375,240750,1709325000
2013-08-01,DPM,7120,7060,7100,7100,6632.64208984375,269380,1912598000
2013-08-02,DPM,7230,7140,7150,7190,6716.59814453125,470730,3384548700
2013-08-05,DPM,7320,7190,7210,7270,6800.55615234375,698190,5075841300
2013-08-06,DPM,7360,7260,7290,7360,6867.72216796875,590820,4348435200
2013-08-07,DPM,7420,7290,7330,7360,6867.72216796875,813300,5985888000
2013-08-08,DPM,7480,7330,7360,7330,6850.93017578125,609940,4470860200
2013-08-09,DPM,7370,7290,7330,7320,6834.1416015625,446250,3266550000
2013-08-12,DPM,7320,7230,7320,7270,6800.55615234375,320690,2331416300
2013-08-13,DPM,7410,7260,7270,7330,6850.93017578125,672570,4929938100
2013-08-14,DPM,7370,7290,7370,7370,6884.51611328125,236430,1742489100
2013-08-15,DPM,7590,7370,7370,7550,7052.42919921875,1299430,9810696500
2013-08-16,DPM,7590,7490,7590,7530,7035.6357421875,634670,4779065100
2013-08-19,DPM,7670,7490,7490,7570,7069.220703125,964020,7297631400
2013-08-20,DPM,7620,7490,7570,7530,7035.6357421875,744930,5609322900
2013-08-21,DPM,7550,7440,7530,7530,7035.6357421875,630150,4745029500
2013-08-22,DPM,7530,7390,7520,7420,6934.888671875,771600,5725272000
2013-08-23,DPM,7460,7260,7420,7330,6850.93017578125,1098630,8052957900
2013-08-26,DPM,7330,7230,7260,7330,6850.93017578125,639300,4686069000
2013-08-27,DPM,7330,7260,7270,7270,6800.55615234375,210760,1532225200
2013-08-28,DPM,7270,7140,7270,7210,6733.3896484375,864830,6235424300
2013-08-29,DPM,7230,7150,7170,7150,6683.0166015625,637370,4557195500
2013-08-30,DPM,7210,7120,7170,7210,6733.3896484375,313780,2262353800
2013-09-03,DPM,7210,7150,7150,7150,6683.0166015625,202080,1444872000
2013-09-04,DPM,7190,7100,7150,7150,6683.0166015625,244120,1745458000
2013-09-05,DPM,7260,7120,7120,7260,6783.7646484375,221280,1606492800
2013-09-06,DPM,7360,7210,7290,7330,6850.93017578125,260500,1909465000
2013-09-09,DPM,7330,7170,7330,7210,6733.3896484375,226770,1635011700
2013-09-10,DPM,7290,7210,7210,7290,6817.3486328125,140770,1026213300
2013-09-11,DPM,7370,7270,7330,7370,6884.51611328125,445900,3286283000
2013-09-12,DPM,7490,7330,7370,7480,6985.26318359375,444850,3327478000
2013-09-13,DPM,7550,7460,7490,7520,7018.84716796875,802820,6037206400
2013-09-16,DPM,7590,7520,7550,7550,7052.42919921875,702930,5307121500
2013-09-17,DPM,7760,7640,7710,7660,7153.1767578125,1182530,9058179800
2013-09-18,DPM,7750,7670,7670,7670,7169.96875,1108080,8498973600
2013-09-19,DPM,7750,7700,7720,7720,7220.34326171875,707620,5462826400
2013-09-20,DPM,7750,7670,7720,7720,7220.34326171875,772100,5960612000
2013-09-23,DPM,7720,7670,7720,7710,7203.55078125,378960,2921781600
2013-09-24,DPM,7800,7710,7710,7780,7270.716796875,680190,5291878200
2013-09-25,DPM,7820,7760,7800,7780,7270.716796875,668910,5204119800
2013-09-26,DPM,7780,7720,7780,7760,7253.9267578125,555940,4314094400
2013-09-27,DPM,7940,7800,7840,7840,7325.22021484375,702420,5506972800
2013-09-30,DPM,7860,7780,7800,7860,7343.04248046875,790170,6210736200
2013-10-01,DPM,7900,7830,7840,7830,7307.396484375,593620,4648044600
2013-10-02,DPM,7860,7780,7830,7840,7325.22021484375,325200,2549568000
2013-10-03,DPM,7840,7780,7840,7780,7271.75,244510,1902287800
2013-10-04,DPM,7830,7720,7720,7800,7289.5732421875,264130,2060214000
2013-10-07,DPM,7880,7830,7830,7880,7360.86474609375,283730,2235792400
2013-10-08,DPM,7880,7830,7880,7840,7325.22021484375,270480,2120563200
2013-10-09,DPM,7880,7830,7830,7840,7325.22021484375,266790,2091633600
2013-10-10,DPM,7830,7760,7830,7780,7271.75,336050,2614469000
2013-10-11,DPM,7840,7800,7830,7800,7289.5732421875,298820,2330796000
2013-10-14,DPM,7800,7760,7800,7780,7271.75,228830,1780297400
2013-10-15,DPM,7800,7750,7750,7780,7271.75,132780,1033028400
2013-10-16,DPM,7800,7760,7780,7780,7271.75,120910,940679800
2013-10-17,DPM,7830,7760,7780,7780,7271.75,168290,1309296200
2013-10-18,DPM,7830,7780,7800,7780,7271.75,276720,2152881600
2013-10-21,DPM,7860,7780,7830,7860,7343.04248046875,284100,2233026000
2013-10-22,DPM,7910,7840,7840,7860,7343.04248046875,177250,1393185000
2013-10-23,DPM,8070,7880,7900,8010,7485.62451171875,608530,4874325300
2013-10-24,DPM,8029,7910,8029,7980,7449.978515625,486930,3885701400
2013-10-25,DPM,7960,7880,7910,7900,7378.6884765625,171570,1355403000
2013-10-28,DPM,7910,7840,7900,7840,7325.22021484375,138530,1086075200
2013-10-29,DPM,7860,7800,7830,7860,7343.04248046875,184890,1453235400
2013-10-30,DPM,7940,7860,7900,7910,7396.509765625,274180,2168763800
2013-10-31,DPM,7980,7900,7910,7980,7449.978515625,428450,3419031000
2013-11-01,DPM,7990,7940,7990,7960,7432.15478515625,330090,2627516400
2013-11-04,DPM,7980,7910,7960,7940,7414.3330078125,167940,1333443600
2013-11-05,DPM,7980,7940,7940,7960,7432.15478515625,300850,2394766000
2013-11-06,DPM,7980,7940,7960,7960,7432.15478515625,105980,843600800
2013-11-07,DPM,7990,7940,7980,7940,7414.3330078125,251530,1997148200
2013-11-08,DPM,7940,7900,7940,7910,7396.509765625,110580,874687800
2013-11-11,DPM,7910,7900,7910,7910,7396.509765625,154600,1222886000
2013-11-12,DPM,7910,7860,7900,7860,7343.04248046875,289820,2277985200
2013-11-13,DPM,7880,7800,7840,7830,7307.396484375,276560,2165464800
2013-11-14,DPM,7860,7830,7830,7840,7325.22021484375,135440,1061849600
2013-11-15,DPM,7900,7840,7840,7880,7360.86474609375,161390,1271753200
2013-11-18,DPM,7910,7880,7880,7880,7360.86474609375,154690,1218957200
2013-11-19,DPM,7940,7840,7910,7840,7325.22021484375,400490,3139841600
2013-11-20,DPM,7900,7840,7900,7880,7360.86474609375,417310,3288402800
2013-11-21,DPM,7980,7900,7900,7910,7396.509765625,1185690,9378807900
2013-11-22,DPM,7960,7880,7910,7960,7432.15478515625,614140,4888554400
2013-11-25,DPM,8010,7980,7980,7980,7449.978515625,606540,4840189200
2013-11-26,DPM,8029,7940,7960,7940,7414.3330078125,508790,4039792600
2013-11-27,DPM,7980,7880,7980,7880,7360.86474609375,300580,2368570400
2013-11-28,DPM,7910,7880,7880,7900,7378.6884765625,307450,2428855000
2013-11-29,DPM,7910,7830,7910,7910,7396.509765625,405730,3209324300
2013-12-02,DPM,7940,7840,7940,7900,7378.6884765625,253100,1999490000
2013-12-03,DPM,7940,7840,7860,7880,7360.86474609375,439560,3463732800
2013-12-04,DPM,7900,7830,7900,7840,7325.22021484375,596390,4675697600
2013-12-05,DPM,7880,7830,7840,7840,7325.22021484375,187570,1470548800
2013-12-06,DPM,7880,7840,7840,7840,7325.22021484375,191240,1499321600
2013-12-09,DPM,7880,7840,7860,7880,7360.86474609375,358590,2825689200
2013-12-10,DPM,7880,7840,7840,7880,7360.86474609375,268970,2119483600
2013-12-11,DPM,7880,7780,7880,7830,7307.396484375,371110,2905791300
2013-12-12,DPM,7860,7800,7800,7830,7307.396484375,235920,1847253600
2013-12-13,DPM,7860,7830,7860,7860,7343.04248046875,134710,1058820600
2013-12-16,DPM,7980,7830,7900,7830,7307.396484375,639450,5006893500
2013-12-17,DPM,7900,7830,7830,7840,7325.22021484375,151160,1185094400
2013-12-18,DPM,7910,7860,7910,7910,7396.509765625,129450,1023949500
2013-12-19,DPM,7940,7840,7940,7840,7325.22021484375,478730,3753243200
2013-12-20,DPM,7910,7830,7840,7840,7325.22021484375,646010,5064718400
2013-12-23,DPM,7880,7830,7830,7860,7343.04248046875,270160,2123457600
2013-12-24,DPM,7840,7800,7840,7840,7325.22021484375,267520,2097356800
2013-12-25,DPM,7880,7800,7840,7860,7343.04248046875,84150,661419000
2013-12-26,DPM,7880,7860,7880,7880,7360.86474609375,155790,1227625200
2013-12-27,DPM,7910,7880,7900,7900,7378.6884765625,213260,1684754000
2013-12-30,DPM,7940,7880,7910,7880,7360.86474609375,372410,2934590800
2013-12-31,DPM,7960,7780,7780,7910,7396.509765625,345400,2732114000
2014-01-02,DPM,7990,7910,7910,7980,7449.978515625,337070,2689818600
2014-01-03,DPM,7990,7960,7980,7980,7449.978515625,52280,417194400
2014-01-06,DPM,7990,7900,7980,7990,7467.80224609375,164230,1312197700
2014-01-07,DPM,8090,7990,7990,8090,7556.91650390625,341610,2763624900
2014-01-08,DPM,8170,8050,8050,8130,7592.5625,436170,3546062100
2014-01-09,DPM,8140,8070,8130,8130,7592.5625,558770,4542800100
2014-01-10,DPM,8200,8090,8170,8109,7574.74072265625,407740,3306363660
2014-01-13,DPM,8230,8070,8070,8200,7663.8544921875,415510,3407182000
2014-01-14,DPM,8360,8200,8200,8300,7752.9677734375,600600,4984980000
2014-01-15,DPM,8300,8180,8300,8240,7699.4990234375,985610,8121426400
2014-01-16,DPM,8370,8200,8240,8360,7806.4365234375,685620,5731783200
2014-01-17,DPM,8930,8360,8410,8710,8145.07275390625,1696170,14773640700
2014-01-20,DPM,9310,8770,8870,9280,8679.7587890625,2456180,22793350400
2014-01-21,DPM,9280,8990,9280,9160,8554.9990234375,2317460,21227933600
2014-01-22,DPM,9160,8800,9160,8870,8287.654296875,1055980,9366542600
2014-01-23,DPM,8930,8770,8770,8820,8234.1865234375,336450,2967489000
2014-01-24,DPM,8870,8700,8870,8800,8216.36328125,798540,7027152000
2014-01-27,DPM,8800,8600,8800,8640,8073.78076171875,430810,3722198400
2014-02-06,DPM,8600,8410,8580,8510,7949.021484375,863540,7348725400
2014-02-07,DPM,8600,8450,8550,8580,8020.3115234375,568930,4881419400
2014-02-10,DPM,8740,8580,8600,8670,8091.60205078125,421230,3652064100
2014-02-11,DPM,8870,8580,8770,8580,8020.3115234375,854870,7334784600
2014-02-12,DPM,8700,8580,8600,8670,8091.60205078125,980410,8500154700
2014-02-13,DPM,8710,8560,8690,8600,8038.13525390625,768330,6607638000
2014-02-14,DPM,8690,8580,8620,8600,8038.13525390625,1449090,12462174000
2014-02-17,DPM,8700,8580,8600,8640,8073.78076171875,1169970,10108540800
2014-02-18,DPM,8830,8670,8670,8820,8234.1865234375,1141250,10065825000
2014-02-19,DPM,8830,8690,8820,8770,8234.1865234375,998110,8753424700
2014-02-20,DPM,8770,8400,8770,8490,7931.2001953125,1001540,8503074600
2014-02-21,DPM,8550,8400,8490,8490,7931.2001953125,690330,5860901700
2014-02-24,DPM,8580,8470,8490,8580,8020.3115234375,483310,4146799800
2014-02-25,DPM,8770,8600,8670,8710,8145.07275390625,911100,7935681000
2014-02-26,DPM,8760,8620,8760,8700,8127.24951171875,686010,5968287000
2014-02-27,DPM,8820,8690,8700,8700,8127.24951171875,998420,8686254000
2014-02-28,DPM,8760,8620,8760,8620,8055.95849609375,776930,6697136600
2014-03-03,DPM,8670,8370,8600,8400,7842.08447265625,1066240,8956416000
2014-03-04,DPM,8370,8230,8300,8320,7770.79052734375,705820,5872422400
2014-03-05,DPM,8410,8320,8400,8340,7788.61474609375,225680,1882171200
2014-03-06,DPM,8370,8300,8340,8340,7788.61474609375,360690,3008154600
2014-03-07,DPM,8400,8320,8370,8320,7770.79052734375,362240,3013836800
2014-03-10,DPM,8510,8300,8300,8470,7913.376953125,660520,5594604400
2014-03-11,DPM,8530,8400,8450,8430,7877.728515625,481150,4056094500
2014-03-12,DPM,8510,8370,8430,8370,7824.26123046875,1073260,8983186200
2014-03-13,DPM,8450,8340,8370,8400,7842.08447265625,916310,7697004000
2014-03-14,DPM,8450,8400,8410,8400,7842.08447265625,740360,6219024000
2014-03-17,DPM,8400,8280,8370,8340,7788.61474609375,673880,5620159200
2014-03-18,DPM,8340,8280,8320,8280,7735.1455078125,550310,4556566800
2014-03-19,DPM,8360,8260,8280,8280,7735.1455078125,544170,4505727600
2014-03-20,DPM,8370,8280,8300,8300,7752.9677734375,653990,5428117000
2014-03-21,DPM,8430,8300,8300,8300,7752.9677734375,2546200,21133460000
2014-03-24,DPM,8470,8370,8430,8410,7859.9052734375,568940,4784785400
2014-03-25,DPM,8580,8360,8410,8470,7913.376953125,1365010,11561634700
2014-03-26,DPM,8470,8300,8470,8300,7752.9677734375,1095790,9095057000
2014-03-27,DPM,8320,8200,8300,8260,7717.3212890625,602870,4979706200
2014-03-28,DPM,8320,8230,8280,8300,7752.9677734375,455720,3782476000
2014-03-31,DPM,8320,8200,8300,8230,7681.67626953125,292980,2411225400
2014-04-01,DPM,8230,8109,8200,8109,7574.74072265625,607590,4926947310
2014-04-02,DPM,8400,8130,8170,8360,7806.4365234375,1328220,11103919200
2014-04-03,DPM,8430,8320,8410,8320,7770.79052734375,823130,6848441600
2014-04-04,DPM,8300,8090,8300,8109,7574.74072265625,2351350,19067097150
2014-04-07,DPM,8130,7910,8130,7990,7467.80224609375,4135350,33041446500
2014-04-08,DPM,8050,7960,8010,7990,7467.80224609375,2421610,19348663900
2014-04-10,DPM,8070,7910,8029,7910,7396.509765625,4037410,31935913100
2014-04-11,DPM,7900,7590,7900,7630,7129.166015625,5322720,40612353600
2014-04-14,DPM,7630,7380,7630,7380,6897.4677734375,4619660,34093090800
2014-04-15,DPM,7330,6980,7310,6980,6523.185546875,4266730,29781775400
2014-04-16,DPM,6980,6620,6960,6830,6380.6044921875,2816730,19238265900
2014-04-17,DPM,7080,6850,6880,7020,6558.83349609375,3171660,22265053200
2014-04-18,DPM,6950,6680,6930,6690,6255.8427734375,1422800,9518532000
2014-04-21,DPM,6730,6560,6660,6660,6220.1962890625,1093480,7282576800
2014-04-22,DPM,6770,6620,6680,6770,6220.1962890625,983350,6657279500
2014-04-23,DPM,6810,6690,6770,6720,6273.66796875,883210,5935171200
2014-04-24,DPM,6770,6680,6690,6730,6291.4892578125,526670,3544489100
2014-04-25,DPM,6810,6720,6760,6730,6291.4892578125,1054630,7097659900
2014-04-28,DPM,6770,6620,6730,6620,6184.55126953125,852400,5642888000
2014-04-29,DPM,6640,6560,6600,6600,6166.72802734375,748910,4942806000
2014-05-05,DPM,6640,6450,6640,6490,6059.79150390625,1309560,8499044400
2014-05-06,DPM,6500,6160,6490,6390,5970.6767578125,1077940,6888036600
2014-05-07,DPM,6680,6370,6470,6600,6166.72802734375,1217110,8032926000
2014-05-08,DPM,6500,6150,6490,6150,5738.97900390625,3161860,19445439000
2014-05-09,DPM,6430,6110,6110,6410,5988.49951171875,1461100,9365651000
2014-05-12,DPM,6340,6050,6310,6110,5703.3330078125,1679950,10264494500
2014-05-13,DPM,6220,6070,6090,6160,5756.8017578125,1060630,6533480800
2014-05-14,DPM,6410,6160,6160,6410,5988.49951171875,1464130,9385073300
2014-05-15,DPM,6450,6240,6390,6360,5935.03076171875,1826250,11614950000
2014-05-16,DPM,6500,6310,6500,6420,5992.83984375,1685190,10818919800
2014-05-19,DPM,6430,6360,6420,6390,5973.57177734375,921040,5885445600
2014-05-20,DPM,6420,6340,6390,6390,5973.57177734375,746060,4767323400
2014-05-21,DPM,6600,6310,6390,6570,6146.99560546875,1772560,11645719200
2014-05-22,DPM,6760,6560,6570,6560,6127.72705078125,1315720,8631123200
2014-05-23,DPM,6660,6540,6560,6540,6108.45703125,628030,4107316200
2014-05-26,DPM,6540,6430,6500,6520,6089.1865234375,514540,3354800800
2014-05-27,DPM,6640,6500,6520,6600,6166.26611328125,1132470,7474302000
2014-05-28,DPM,6810,6640,6640,6720,6281.8828125,1525300,10250016000
2014-05-29,DPM,6760,6620,6660,6660,6224.07568359375,1129060,7519539600
2014-05-30,DPM,6750,6620,6660,6700,6262.61376953125,909780,6095526000
2014-06-02,DPM,6700,6560,6700,6570,6185.53515625,982670,6456141900
2014-06-03,DPM,6620,6570,6570,6620,6185.53515625,654250,4331135000
2014-06-04,DPM,6620,6520,6600,6540,6108.45703125,627490,4103784600
2014-06-05,DPM,6660,6500,6520,6600,6166.26611328125,646330,4265778000
2014-06-06,DPM,6640,6520,6600,6600,6166.26611328125,749420,4946172000
2014-06-09,DPM,6790,6570,6570,6640,6204.80615234375,1693700,11246168000
2014-06-10,DPM,6720,6600,6700,6600,6166.26611328125,791460,5223636000
2014-06-11,DPM,6690,6620,6640,6660,6224.07568359375,392990,2617313400
2014-06-12,DPM,6720,6640,6700,6640,6204.80615234375,867050,5757212000
2014-06-13,DPM,6700,6640,6640,6660,6224.07568359375,444660,2961435600
2014-06-16,DPM,6850,6720,6760,6750,6301.154296875,1391360,9391680000
2014-06-17,DPM,6790,6720,6790,6750,6301.154296875,1087130,7338127500
2014-06-18,DPM,6810,6700,6760,6720,6281.8828125,516160,3468595200
2014-06-19,DPM,6720,6620,6690,6700,6262.61376953125,1368490,9168883000
2014-06-20,DPM,6810,6660,6700,6810,6358.962890625,4105330,27957297300
2014-06-23,DPM,6750,6690,6700,6690,6243.34521484375,407160,2723900400
2014-06-24,DPM,6700,6690,6700,6690,6243.34521484375,328290,2196260100
2014-06-25,DPM,6720,6690,6720,6700,6262.61376953125,373820,2504594000
2014-06-26,DPM,6750,6690,6700,6700,6262.61376953125,641050,4295035000
2014-06-27,DPM,6720,6690,6700,6690,6243.34521484375,355480,2378161200
2014-06-30,DPM,6720,6660,6720,6660,6224.07568359375,258530,1721809800
2014-07-01,DPM,6690,6640,6640,6660,6224.07568359375,316190,2105825400
2014-07-02,DPM,6690,6640,6690,6640,6204.80615234375,646020,4289572800
2014-07-03,DPM,6720,6600,6640,6620,6185.53515625,1046400,6927168000
2014-07-04,DPM,6700,6640,6660,6660,6224.07568359375,969190,6454805400
2014-07-07,DPM,6960,6690,6700,6890,6436.0390625,2244730,15466189700
2014-07-08,DPM,6910,6810,6890,6830,6378.2314453125,868890,5934518700
2014-07-09,DPM,6850,6790,6850,6790,6339.6923828125,645920,4385796800
2014-07-10,DPM,6790,6660,6790,6690,6243.34521484375,1002610,6707460900
2014-07-11,DPM,6720,6660,6690,6690,6243.34521484375,458150,3065023500
2014-07-14,DPM,6700,6640,6690,6690,6243.34521484375,293990,1966793100
2014-07-15,DPM,6750,6660,6750,6700,6262.61376953125,801580,5370586000
2014-07-16,DPM,6810,6700,6760,6720,6281.8828125,921430,6192009600
2014-07-17,DPM,6750,6660,6700,6720,6281.8828125,323260,2172307200
2014-07-18,DPM,6720,6660,6720,6690,6243.34521484375,1202050,8041714500
2014-07-21,DPM,6760,6660,6700,6690,6243.34521484375,1096470,7335384300
2014-07-22,DPM,6700,6620,6660,6660,6224.07568359375,422010,2810586600
2014-07-23,DPM,6690,6600,6660,6620,6185.53515625,355430,2352946600
2014-07-24,DPM,6660,6620,6620,6620,6185.53515625,572190,3787897800
2014-07-25,DPM,6660,6570,6660,6570,6146.99560546875,957210,6288869700
2014-07-28,DPM,6560,6360,6560,6370,5954.2998046875,1417820,9031513400
2014-07-29,DPM,6430,6340,6360,6370,5954.2998046875,741440,4722972800
2014-07-30,DPM,6370,6250,6360,6250,5838.68359375,859330,5370812500
2014-07-31,DPM,6290,6240,6250,6270,5857.95166015625,817730,5127167100
2014-08-01,DPM,6270,6150,6270,6150,5742.33544921875,910050,5596807500
2014-08-04,DPM,6210,6120,6120,6210,5800.1435546875,972460,6038976600
2014-08-05,DPM,6310,6210,6210,6240,5819.41455078125,466490,2910897600
2014-08-06,DPM,6240,6160,6240,6160,5761.60546875,865610,5332157600
2014-08-07,DPM,6190,6110,6150,6160,5761.60546875,799990,4927938400
2014-08-08,DPM,6190,6110,6160,6120,5723.06640625,730140,4468456800
2014-08-11,DPM,6150,5960,6120,5970,5588.1787109375,1473560,8797153200
2014-08-12,DPM,6060,5970,5970,6000,5607.4482421875,464370,2786220000
2014-08-13,DPM,6060,6000,6030,6000,5607.4482421875,371610,2229660000
2014-08-14,DPM,6210,6040,6040,6190,5780.875,1796230,11118663700
2014-08-15,DPM,6210,6110,6190,6160,5761.60546875,867210,5342013600
2014-08-18,DPM,6190,6110,6160,6120,5723.06640625,536460,3283135200
2014-08-19,DPM,6150,6040,6150,6060,5665.25830078125,856800,5192208000
2014-08-20,DPM,6110,6040,6060,6060,5665.25830078125,775220,4697833200
2014-08-21,DPM,6290,6090,6090,6190,5780.875,2315610,14333625900
2014-08-22,DPM,6360,6190,6190,6310,5896.49169921875,1606370,10136194700
2014-08-25,DPM,6500,6360,6390,6500,6069.91748046875,1884560,12249640000
2014-08-26,DPM,6720,6520,6520,6690,6243.34521484375,3269100,21870279000
2014-08-27,DPM,6890,6700,6700,6850,6397.5,3574520,24485462000
2014-08-28,DPM,6910,6810,6910,6810,6358.962890625,2355840,16043270400
2014-08-29,DPM,6960,6830,6850,6890,6436.0390625,2063270,14215930300
2014-09-03,DPM,6990,6830,6940,6850,6397.5,2285200,15653620000
2014-09-04,DPM,6960,6890,6910,6960,6493.8486328125,2364020,16453579200
2014-09-05,DPM,7220,6960,6970,7220,6744.353515625,1844630,13318228600
2014-09-08,DPM,7380,7260,7330,7260,6782.8935546875,1638500,11895510000
2014-09-09,DPM,7260,6810,7250,6890,6436.0390625,2712520,18689262800
2014-09-10,DPM,7060,6700,6890,7060,6590.19580078125,1276480,9011948800
2014-09-11,DPM,7120,6970,7060,6970,6513.11962890625,1124930,7840762100
2014-09-12,DPM,7120,6910,6910,7030,6570.92626953125,889090,6250302700
2014-09-15,DPM,7220,7010,7030,7010,6551.65771484375,1119540,7847975400
2014-09-16,DPM,6970,6910,6960,6960,6493.8486328125,1102330,7672216800
2014-09-17,DPM,7100,6960,7060,6960,6493.8486328125,988950,6883092000
2014-09-18,DPM,7060,6890,6960,6890,6436.0390625,974390,6713547100
2014-09-19,DPM,7020,6560,7000,6560,6133.4052734375,5734670,37619435200
2014-09-22,DPM,6870,6660,6690,6680,6234.2841796875,630410,4211138800
2014-09-23,DPM,6830,6610,6690,6690,6254.458984375,465970,3117339300
2014-09-24,DPM,6720,6610,6690,6630,6193.9326171875,1206090,7996376700
2014-09-25,DPM,6690,6540,6660,6690,6254.458984375,639510,4278321900
2014-09-26,DPM,6760,6660,6720,6660,6214.1064453125,506790,3375221400
2014-09-29,DPM,6660,6610,6610,6610,6173.7568359375,260780,1723755800
2014-09-30,DPM,6630,6560,6610,6560,6133.4052734375,580160,3805849600
2014-10-01,DPM,6660,6580,6610,6660,6214.1064453125,536850,3575421000
2014-10-02,DPM,6690,6630,6680,6690,6254.458984375,453990,3037193100
2014-10-03,DPM,6780,6680,6690,6740,6294.81005859375,757720,5107032800
2014-10-06,DPM,6810,6720,6810,6740,6294.81005859375,537720,3624232800
2014-10-07,DPM,6740,6680,6740,6680,6234.2841796875,414230,2767056400
2014-10-08,DPM,6680,6630,6660,6680,6234.2841796875,473960,3166052800
2014-10-09,DPM,6720,6660,6680,6680,6234.2841796875,640070,4275667600
2014-10-10,DPM,6720,6630,6690,6660,6214.1064453125,653250,4350645000
2014-10-13,DPM,6680,6580,6660,6660,6214.1064453125,557770,3714748200
2014-10-14,DPM,6690,6630,6630,6630,6193.9326171875,449900,2982837000
2014-10-15,DPM,6630,6540,6630,6560,6133.4052734375,544210,3570017600
2014-10-16,DPM,6560,6350,6560,6370,5951.82275390625,679860,4330708200
2014-10-17,DPM,6430,6280,6420,6350,5931.64892578125,914070,5804344500
2014-10-20,DPM,6430,6350,6420,6390,5972.00048828125,276610,1767537900
2014-10-21,DPM,6420,6370,6370,6420,5992.17578125,162600,1043892000
2014-10-22,DPM,6430,6390,6390,6430,6012.3505859375,204810,1316928300
2014-10-23,DPM,6760,6420,6460,6630,6193.9326171875,1226680,8132888400
2014-10-24,DPM,6740,6580,6690,6580,6153.58154296875,513690,3380080200
2014-10-27,DPM,6660,6430,6580,6430,6012.3505859375,401800,2583574000
2014-10-28,DPM,6500,6420,6430,6460,6032.52783203125,425070,2745952200
2014-10-29,DPM,6540,6480,6480,6540,6113.22900390625,336800,2202672000
2014-10-30,DPM,6580,6530,6560,6540,6113.22900390625,375910,2458451400
2014-10-31,DPM,6540,6480,6540,6500,6072.87744140625,704460,4578990000
2014-11-03,DPM,6660,6530,6540,6580,6153.58154296875,500750,3294935000
2014-11-04,DPM,6610,6540,6540,6540,6113.22900390625,327400,2141196000
2014-11-05,DPM,6560,6430,6560,6500,6072.87744140625,575940,3743610000
2014-11-06,DPM,6540,6460,6540,6460,6032.52783203125,216790,1400463400
2014-11-07,DPM,6500,6430,6460,6460,6032.52783203125,216550,1398913000
2014-11-10,DPM,6540,6430,6480,6430,6012.3505859375,347060,2231595800
2014-11-11,DPM,6500,6430,6460,6430,6012.3505859375,396790,2551359700
2014-11-12,DPM,6480,6430,6480,6480,6052.7021484375,225980,1464350400
2014-11-13,DPM,6500,6430,6460,6430,6012.3505859375,190330,1223821900
2014-11-14,DPM,6460,6370,6430,6420,5992.17578125,322900,2073018000
2014-11-17,DPM,6480,6420,6420,6420,5992.17578125,208120,1336130400
2014-11-18,DPM,6430,6370,6420,6370,5951.82275390625,491150,3128625500
2014-11-19,DPM,6420,6280,6390,6280,5871.12158203125,448590,2817145200
2014-11-20,DPM,6370,6280,6280,6350,5931.64892578125,469640,2982214000
2014-11-21,DPM,6390,6300,6350,6330,5911.47314453125,292580,1852031400
2014-11-24,DPM,6330,6260,6330,6280,5871.12158203125,717640,4506779200
2014-11-25,DPM,6300,6260,6280,6260,5850.94580078125,825290,5166315400
2014-11-26,DPM,6350,6240,6260,6240,5830.7705078125,430030,2683387200
2014-11-27,DPM,6260,6180,6240,6220,5810.59326171875,303750,1889325000
2014-11-28,DPM,6370,6220,6240,6300,5891.2978515625,591300,3725190000
2014-12-01,DPM,6680,6350,6350,6630,6193.9326171875,2096170,13897607100
2014-12-02,DPM,6810,6630,6690,6690,6254.458984375,1658550,11095699500
2014-12-03,DPM,6870,6690,6690,6760,6314.98486328125,1187670,8028649200
2014-12-04,DPM,6780,6690,6760,6690,6254.458984375,618230,4135958700
2014-12-05,DPM,6740,6580,6660,6610,6173.7568359375,679770,4493279700
2014-12-08,DPM,6780,6610,6610,6690,6254.458984375,1124720,7524376800
2014-12-09,DPM,6740,6610,6690,6610,6173.7568359375,1109050,7330820500
2014-12-10,DPM,6760,6540,6660,6760,6314.98486328125,615820,4162943200
2014-12-11,DPM,6810,6660,6690,6740,6294.81005859375,713680,4810203200
2014-12-12,DPM,6890,6740,6740,6870,6415.86376953125,1055640,7252246800
2014-12-15,DPM,7040,6890,6890,6980,6516.74365234375,1007350,7031303000
2014-12-16,DPM,6960,6780,6960,6810,6355.337890625,975560,6643563600
2014-12-17,DPM,6830,6330,6810,6480,6052.7021484375,1230340,7972603200
2014-12-18,DPM,6660,6460,6540,6530,6093.05419921875,807230,5271211900
2014-12-19,DPM,6560,6370,6540,6420,5992.17578125,1460300,9375126000
2014-12-22,DPM,6610,6420,6420,6610,6173.7568359375,519640,3434820400
2014-12-23,DPM,6660,6530,6610,6580,6153.58154296875,473270,3114116600
2014-12-24,DPM,6630,6480,6580,6500,6072.87744140625,332650,2162225000
2014-12-25,DPM,6560,6460,6460,6530,6093.05419921875,452550,2955151500
2014-12-26,DPM,6540,6480,6540,6480,6052.7021484375,705530,4571834400
2014-12-29,DPM,6560,6430,6480,6460,6032.52783203125,466080,3010876800
2014-12-30,DPM,6500,6370,6480,6500,6072.87744140625,385040,2502760000
2014-12-31,DPM,6680,6480,6500,6660,6214.1064453125,554220,3691105200
2015-01-05,DPM,6850,6630,6680,6740,6294.81005859375,859950,5796063000
2015-01-06,DPM,7020,6690,6690,6940,6476.390625,2128900,14774566000
2015-01-07,DPM,7080,6940,6940,6980,6516.74365234375,1750160,12216116800
2015-01-08,DPM,7060,6870,6960,6940,6476.390625,850070,5899485800
2015-01-09,DPM,7110,6940,6980,7060,6597.4462890625,1670980,11797118800
2015-01-12,DPM,7130,6940,7040,6940,6476.390625,1018540,7068667600
2015-01-13,DPM,7240,6890,6890,7170,6698.32421875,3118120,22356920400
2015-01-14,DPM,7300,7080,7210,7080,6617.62109375,1819950,12885246000
2015-01-15,DPM,7110,7020,7080,7020,6557.09521484375,565650,3970863000
2015-01-16,DPM,7020,6890,7020,6980,6516.74365234375,1250700,8729886000
2015-01-19,DPM,6910,6500,6890,6610,6173.7568359375,3155500,20857855000
2015-01-20,DPM,6680,6580,6580,6630,6193.9326171875,950250,6300157500
2015-01-21,DPM,6740,6610,6630,6660,6214.1064453125,528350,3518811000
2015-01-22,DPM,6680,6610,6660,6660,6214.1064453125,288210,1919478600
2015-01-23,DPM,6740,6660,6690,6680,6234.2841796875,468000,3126240000
2015-01-26,DPM,6690,6630,6680,6630,6193.9326171875,363460,2409739800
2015-01-27,DPM,6720,6560,6630,6610,6173.7568359375,857580,5668603800
2015-01-28,DPM,6680,6610,6660,6630,6193.9326171875,298610,1979784300
2015-01-29,DPM,6690,6610,6630,6690,6254.458984375,621020,4154623800
2015-01-30,DPM,6720,6630,6690,6680,6234.2841796875,392480,2621766400
2015-02-02,DPM,6630,6460,6610,6500,6072.87744140625,860300,5591950000
2015-02-03,DPM,6540,6460,6500,6480,6052.7021484375,767740,4974955200
2015-02-04,DPM,6540,6430,6430,6500,6072.87744140625,627000,4075500000
2015-02-05,DPM,6560,6500,6540,6530,6093.05419921875,333630,2178603900
2015-02-06,DPM,6580,6530,6530,6580,6153.58154296875,296890,1953536200
2015-02-09,DPM,6740,6580,6580,6680,6234.2841796875,639700,4273196000
2015-02-10,DPM,6740,6680,6690,6680,6234.2841796875,322780,2156170400
2015-02-11,DPM,6780,6690,6720,6780,6335.16064453125,284090,1926130200
2015-02-12,DPM,6910,6780,6780,6870,6415.86376953125,911240,6260218800
2015-02-13,DPM,6910,6830,6910,6870,6415.86376953125,446550,3067798500
2015-02-24,DPM,6910,6810,6850,6890,6415.86376953125,305750,2106617500
2015-02-25,DPM,6910,6810,6870,6810,6355.337890625,510110,3473849100
2015-02-26,DPM,6890,6810,6810,6870,6415.86376953125,298720,2052206400
2015-02-27,DPM,6890,6830,6850,6850,6395.6884765625,277490,1900806500
2015-03-02,DPM,6870,6830,6850,6870,6415.86376953125,236310,1623449700
2015-03-03,DPM,7000,6870,6870,6960,6496.5673828125,833160,5798793600
2015-03-04,DPM,6980,6870,6980,6870,6415.86376953125,247590,1700943300
2015-03-05,DPM,6870,6830,6850,6830,6375.5126953125,430570,2940793100
2015-03-06,DPM,6870,6740,6870,6740,6294.81005859375,388490,2618422600
2015-03-09,DPM,6850,6690,6740,6720,6274.634765625,269490,1810972800
2015-03-10,DPM,6810,6720,6720,6720,6274.634765625,42660,286675200
2015-03-11,DPM,6760,6660,6760,6660,6214.1064453125,215070,1432366200
2015-03-12,DPM,6690,6610,6610,6660,6214.1064453125,465230,3098431800
2015-03-13,DPM,6680,6630,6680,6660,6214.1064453125,323180,2152378800
2015-03-16,DPM,6660,6560,6660,6580,6153.58154296875,356660,2346822800
2015-03-17,DPM,6680,6560,6560,6660,6214.1064453125,201300,1340658000
2015-03-18,DPM,6680,6610,6630,6660,6214.1064453125,66740,444488400
2015-03-19,DPM,6630,6500,6610,6530,6093.05419921875,590630,3856813900
2015-03-20,DPM,6690,6500,6530,6610,6173.7568359375,1407290,9302186900
2015-03-23,DPM,6580,6480,6580,6500,6072.87744140625,442040,2873260000
2015-03-24,DPM,6500,6460,6480,6480,6052.7021484375,532020,3447489600
2015-03-25,DPM,6580,6480,6480,6500,6072.87744140625,241320,1568580000
2015-03-26,DPM,6530,6460,6480,6480,6052.7021484375,528760,3426364800
2015-03-27,DPM,6500,6300,6480,6300,5891.2978515625,854550,5383665000
2015-03-30,DPM,6370,6240,6300,6260,5850.94580078125,410230,2568039800
2015-03-31,DPM,6330,6240,6300,6300,5891.2978515625,242780,1529514000
2015-04-01,DPM,6300,6160,6300,6160,5750.06689453125,333080,2051772800
2015-04-02,DPM,6260,6160,6160,6260,5850.94580078125,149170,933804200
2015-04-03,DPM,6300,6240,6260,6300,5891.2978515625,146100,920430000
2015-04-06,DPM,6330,6240,6330,6240,5830.7705078125,189820,1184476800
2015-04-07,DPM,6280,6200,6240,6280,5871.12158203125,296600,1862648000
2015-04-08,DPM,6300,6160,6300,6200,5790.4189453125,576090,3571758000
2015-04-09,DPM,6300,6200,6200,6300,5891.2978515625,255080,1607004000
2015-04-10,DPM,6330,6260,6300,6300,5891.2978515625,557010,3509163000
2015-04-13,DPM,6420,6260,6280,6420,5992.17578125,298460,1916113200
2015-04-14,DPM,6540,6350,6350,6420,5992.17578125,332510,2134714200
2015-04-15,DPM,6540,6370,6420,6530,6093.05419921875,537350,3508895500
2015-04-16,DPM,6680,6540,6560,6660,6214.1064453125,758150,5049279000
2015-04-17,DPM,6680,6580,6660,6610,6173.7568359375,309640,2046720400
2015-04-20,DPM,6630,6480,6630,6540,6113.22900390625,219890,1438080600
2015-04-21,DPM,6630,6540,6540,6560,6133.4052734375,376840,2472070400
2015-04-22,DPM,6680,6530,6530,6630,6193.9326171875,437020,2897442600
2015-04-23,DPM,6630,6530,6630,6530,6093.05419921875,260210,1699171300
2015-04-24,DPM,6610,6540,6580,6580,6153.58154296875,162060,1066354800
2015-04-27,DPM,6630,6530,6580,6530,6093.05419921875,152930,998632900
2015-05-04,DPM,6530,6390,6530,6390,5972.00048828125,398460,2546159400
2015-05-05,DPM,6530,6300,6390,6530,6093.05419921875,479820,3133224600
2015-05-06,DPM,6500,6430,6480,6480,6052.7021484375,75540,489499200
2015-05-07,DPM,6500,6390,6480,6460,6032.52783203125,155790,1006403400
2015-05-08,DPM,6560,6480,6480,6540,6113.22900390625,365420,2389846800
2015-05-11,DPM,6630,6480,6540,6480,6052.7021484375,195320,1265673600
2015-05-12,DPM,6610,6500,6540,6530,6093.05419921875,508830,3322659900
2015-05-13,DPM,6580,6500,6580,6560,6133.4052734375,214500,1407120000
2015-05-14,DPM,6610,6530,6540,6580,6153.58154296875,324540,2135473200
2015-05-15,DPM,6630,6530,6630,6530,6093.05419921875,432070,2821417100
2015-05-18,DPM,6500,6370,6500,6370,5951.82275390625,512820,3266663400
2015-05-19,DPM,6500,6370,6370,6500,6072.87744140625,165690,1076985000
2015-05-20,DPM,6660,6500,6500,6630,6193.9326171875,598640,3968983200
2015-05-21,DPM,6690,6560,6610,6690,6254.458984375,461490,3087368100
2015-05-22,DPM,6810,6690,6810,6750,6296.86279296875,608450,4107037500
2015-05-25,DPM,6720,6580,6720,6690,6254.4580078125,337430,2257406700
2015-05-26,DPM,6690,6620,6690,6620,6190.85546875,468770,3103257400
2015-05-27,DPM,6620,6580,6580,6580,6148.45166015625,380320,2502505600
2015-05-28,DPM,6620,6560,6580,6620,6190.85546875,632150,4184833000
2015-05-29,DPM,6750,6620,6650,6620,6190.85546875,551070,3648083400
2015-06-01,DPM,6670,6580,6620,6670,6233.2578125,259700,1732199000
2015-06-02,DPM,6760,6650,6750,6670,6233.2578125,297460,1984058200
2015-06-03,DPM,6670,6610,6670,6620,6190.85546875,251210,1663010200
2015-06-04,DPM,6650,6610,6620,6610,6169.65283203125,120820,798620200
2015-06-05,DPM,6620,6580,6580,6610,6169.65283203125,281610,1861442100
2015-06-08,DPM,6690,6620,6650,6650,6212.056640625,360450,2396992500
2015-06-09,DPM,6810,6610,6670,6750,6296.86279296875,1538610,10385617500
2015-06-10,DPM,6810,6650,6810,6670,6233.2578125,494760,3300049200
2015-06-11,DPM,6720,6620,6690,6690,6254.4580078125,481310,3219963900
2015-06-12,DPM,6690,6580,6690,6650,6212.056640625,697950,4641367500
2015-06-15,DPM,6670,6620,6650,6620,6190.85546875,352580,2334079600
2015-06-16,DPM,6750,6620,6650,6690,6254.4580078125,482910,3230667900
2015-06-17,DPM,6720,6670,6670,6690,6254.4580078125,359600,2405724000
2015-06-18,DPM,6900,6690,6690,6760,6318.06396484375,1236360,8357793600
2015-06-19,DPM,6830,6760,6760,6790,6339.26611328125,1622360,11015824400
2015-06-22,DPM,6830,6750,6830,6810,6360.46728515625,360860,2457456600
2015-06-23,DPM,6790,6720,6790,6720,6275.662109375,444400,2986368000
2015-06-24,DPM,6720,6670,6720,6720,6275.662109375,537460,3611731200
2015-06-25,DPM,6720,6650,6720,6650,6212.056640625,248810,1654586500
2015-06-26,DPM,6690,6620,6650,6670,6233.2578125,445600,2972152000
2015-06-29,DPM,6720,6650,6670,6670,6233.2578125,599890,4001266300
2015-06-30,DPM,6810,6650,6650,6750,6296.86279296875,889090,6001357500
2015-07-01,DPM,6720,6620,6690,6690,6254.4580078125,375850,2514436500
2015-07-02,DPM,6810,6670,6690,6790,6339.26611328125,814670,5531609300
2015-07-03,DPM,6810,6750,6810,6760,6318.06396484375,859860,5812653600
2015-07-06,DPM,6880,6810,6810,6860,6402.8701171875,1066830,7318453800
2015-07-07,DPM,7040,6810,6860,6960,6508.8779296875,1747470,12162391200
2015-07-08,DPM,7010,6900,6990,6900,6445.27294921875,905250,6246225000
2015-07-09,DPM,6920,6860,6860,6900,6445.27294921875,560170,3865173000
2015-07-10,DPM,6920,6810,6920,6810,6360.46728515625,555410,3782342100
2015-07-13,DPM,7080,6810,6860,7080,6614.88525390625,1405150,9948462000
2015-07-14,DPM,7250,7060,7100,7150,6678.4912109375,1350890,9658863500
2015-07-15,DPM,7450,7150,7170,7330,6848.103515625,2877710,21093614300
2015-07-16,DPM,7360,7220,7330,7220,6742.09423828125,809420,5844012400
2015-07-17,DPM,7380,7260,7280,7380,6890.5068359375,775200,5720976000
2015-07-20,DPM,7360,7150,7360,7330,6848.103515625,1005440,7369875200
2015-07-21,DPM,7330,7150,7280,7260,6784.49951171875,542940,3941744400
2015-07-22,DPM,7260,7150,7150,7250,6763.294921875,570210,4134022500
2015-07-23,DPM,7380,7220,7250,7220,6742.09423828125,792400,5721128000
2015-07-24,DPM,7360,7220,7250,7260,6784.49951171875,693390,5034011400
2015-07-27,DPM,7420,7280,7330,7360,6869.30615234375,802890,5909270400
2015-07-28,DPM,7650,7330,7330,7400,6911.70751953125,2430290,17984146000
2015-07-29,DPM,7450,7260,7400,7260,6784.49951171875,768270,5577640200
2015-07-30,DPM,7330,7190,7260,7190,6720.892578125,689640,4958511600
2015-07-31,DPM,7260,7150,7190,7150,6678.4912109375,648390,4635988500
2015-08-03,DPM,7100,6810,7040,6950,6487.6767578125,979730,6809123500
2015-08-04,DPM,7060,6950,6950,6950,6487.6767578125,587250,4081387500
2015-08-05,DPM,7100,7010,7060,7100,6636.0869140625,310670,2205757000
2015-08-06,DPM,7100,6990,7100,6990,6530.078125,370390,2589026100
2015-08-07,DPM,7080,6990,6990,7040,6572.48193359375,210090,1479033600
2015-08-10,DPM,7310,7040,7040,7260,6784.49951171875,509000,3695340000
2015-08-11,DPM,7330,7220,7280,7310,6826.900390625,846360,6186891600
2015-08-12,DPM,7380,7250,7310,7260,6784.49951171875,994550,7220433000
2015-08-13,DPM,7260,7100,7260,7170,6699.69140625,579270,4153365900
2015-08-14,DPM,7260,7150,7170,7220,6742.09423828125,476420,3439752400
2015-08-17,DPM,7420,7220,7220,7220,6742.09423828125,1635020,11804844400
2015-08-18,DPM,7420,7250,7250,7380,6890.5068359375,947450,6992181000
2015-08-19,DPM,7380,7280,7380,7380,6890.5068359375,461820,3408231600
2015-08-20,DPM,7530,7380,7400,7400,6911.70751953125,1397160,10338984000
2015-08-21,DPM,7380,7170,7360,7310,6826.900390625,932650,6817671500
2015-08-24,DPM,7310,6810,7260,6810,6360.46728515625,1702950,11597089500
2015-08-25,DPM,7060,6580,6580,6990,6530.078125,1057780,7393882200
2015-08-26,DPM,7100,6950,6990,7060,6593.68408203125,864660,6104499600
2015-08-27,DPM,7100,7010,7060,7010,6551.28125,735880,5158518800
2015-08-28,DPM,7130,7010,7040,7130,6657.2880859375,634400,4523272000
2015-08-31,DPM,7130,6960,7060,6960,6508.8779296875,752860,5239905600
2015-09-01,DPM,7010,6950,6990,6960,6508.8779296875,437440,3044582400
2015-09-03,DPM,6990,6900,6960,6920,6466.47607421875,403750,2793950000
2015-09-04,DPM,6960,6880,6950,6900,6445.27294921875,415430,2866467000
2015-09-07,DPM,6920,6880,6880,6900,6445.27294921875,311270,2147763000
2015-09-08,DPM,7040,6900,6900,7040,6572.48193359375,276720,1948108800
2015-09-09,DPM,7060,7040,7040,7060,6593.68408203125,277990,1962609400
2015-09-10,DPM,7150,7010,7060,7040,6572.48193359375,337740,2377689600
2015-09-11,DPM,7130,7010,7130,7010,6551.28125,280690,1967636900
2015-09-14,DPM,7010,6880,7010,6900,6445.27294921875,319290,2203101000
2015-09-15,DPM,6920,6880,6880,6880,6424.0712890625,577800,3975264000
2015-09-16,DPM,6950,6880,6880,6920,6466.47607421875,168220,1164082400
2015-09-17,DPM,6990,6950,6950,6950,6487.6767578125,67720,470654000
2015-09-18,DPM,7080,6950,7010,6950,6487.6767578125,1541060,10710367000
2015-09-21,DPM,7080,6960,7040,7080,6614.88525390625,234150,1657782000
2015-09-22,DPM,7220,7060,7100,7190,6720.892578125,573030,4120085700
2015-09-23,DPM,7250,7130,7170,7220,6742.09423828125,491240,3546752800
2015-09-24,DPM,7220,7150,7220,7220,6742.09423828125,387620,2798616400
2015-09-25,DPM,7220,7150,7220,7190,6720.892578125,223710,1608474900
2015-09-28,DPM,7190,7130,7150,7130,6657.2880859375,382840,2729649200
2015-09-29,DPM,7100,7040,7100,7040,6572.48193359375,405760,2856550400
2015-09-30,DPM,7130,7060,7060,7080,6614.88525390625,469050,3320874000
2015-10-01,DPM,7100,7060,7060,7060,6593.68408203125,233410,1647874600
2015-10-02,DPM,7190,7080,7080,7170,6593.68408203125,671730,4816304100
2015-10-05,DPM,7250,7190,7220,7250,6763.294921875,237970,1725282500
2015-10-06,DPM,7360,7280,7330,7310,6826.900390625,418130,3056530300
2015-10-07,DPM,7330,7220,7330,7260,6784.49951171875,897160,6513381600
2015-10-08,DPM,7400,7260,7260,7330,6848.103515625,651910,4778500300
2015-10-09,DPM,7400,7280,7380,7360,6869.30615234375,448640,3301990400
2015-10-12,DPM,7420,7360,7360,7380,6890.5068359375,786740,5806141200
2015-10-13,DPM,7400,7360,7400,7360,6869.30615234375,287560,2116441600
2015-10-14,DPM,7400,7360,7360,7360,6869.30615234375,457210,3365065600
2015-10-15,DPM,7530,7380,7420,7460,6975.3134765625,1270530,9478153800
2015-10-16,DPM,7520,7310,7490,7450,6954.1103515625,1023690,7626490500
2015-10-19,DPM,7460,7400,7420,7420,6932.90966796875,413640,3069208800
2015-10-20,DPM,7450,7260,7420,7310,6826.900390625,571770,4179638700
2015-10-21,DPM,7380,7310,7310,7330,6848.103515625,186110,1364186300
2015-10-22,DPM,7400,7310,7310,7400,6911.70751953125,236720,1751728000
2015-10-23,DPM,7450,7400,7450,7420,6932.90966796875,185300,1374926000
2015-10-26,DPM,7450,7380,7450,7400,6911.70751953125,347840,2574016000
2015-10-27,DPM,7420,7380,7400,7420,6932.90966796875,365950,2715349000
2015-10-28,DPM,7490,7400,7400,7400,6911.70751953125,429010,3174674000
2015-10-29,DPM,7460,7400,7420,7420,6932.90966796875,448940,3331134800
2015-10-30,DPM,7650,7460,7460,7520,7017.71435546875,1324910,9963323200
2015-11-02,DPM,7600,7450,7580,7460,6975.3134765625,505570,3771552200
2015-11-03,DPM,7600,7450,7460,7600,7102.52197265625,1109240,8430224000
2015-11-04,DPM,7830,7650,7700,7740,7229.73046875,2364160,18298598400
2015-11-05,DPM,7780,7650,7720,7740,7229.73046875,367560,2844914400
2015-11-06,DPM,7830,7670,7760,7670,7166.12646484375,939250,7204047500
2015-11-09,DPM,7700,7560,7670,7560,7060.11865234375,655840,4958150400
2015-11-10,DPM,7560,7400,7560,7450,6954.1103515625,630040,4693798000
2015-11-11,DPM,7460,7400,7400,7400,6911.70751953125,476250,3524250000
2015-11-12,DPM,7490,7280,7450,7450,6954.1103515625,780590,5815395500
2015-11-13,DPM,7450,7360,7450,7420,6932.90966796875,562740,4175530800
2015-11-16,DPM,7450,7380,7400,7420,6932.90966796875,256900,1906198000
2015-11-17,DPM,7530,7420,7420,7490,6996.513671875,656800,4919432000
2015-11-18,DPM,7530,7460,7490,7460,6975.3134765625,423280,3157668800
2015-11-19,DPM,7520,7380,7460,7380,6890.5068359375,478850,3533913000
2015-11-20,DPM,7520,7360,7380,7460,6975.3134765625,545330,4068161800
2015-11-23,DPM,7490,7420,7460,7420,6932.90966796875,465380,3453119600
2015-11-24,DPM,7450,7360,7420,7360,6869.30615234375,785040,5777894400
2015-11-25,DPM,7420,7280,7400,7380,6890.5068359375,506980,3741512400
2015-11-26,DPM,7420,7330,7380,7330,6848.103515625,183950,1348353500
2015-11-27,DPM,7360,7190,7330,7190,6720.892578125,369700,2658143000
2015-11-30,DPM,7190,7100,7150,7170,6699.69140625,314080,2251953600
2015-12-01,DPM,7190,7150,7150,7150,6678.4912109375,230970,1651435500
2015-12-02,DPM,7190,7040,7150,7060,6593.68408203125,469200,3312552000
2015-12-03,DPM,7100,7040,7060,7040,6572.48193359375,375210,2641478400
2015-12-04,DPM,7520,7040,7040,7170,6699.69140625,357010,2559761700
2015-12-07,DPM,7190,7080,7170,7100,6636.0869140625,403890,2867619000
2015-12-08,DPM,7150,7040,7130,7150,6678.4912109375,251910,1801156500
2015-12-09,DPM,7150,7010,7150,7040,6572.48193359375,591650,4165216000
2015-12-10,DPM,7100,6990,7060,6990,6530.078125,286080,1999699200
2015-12-11,DPM,7260,6920,6990,7170,6699.69140625,865240,6203770800
2015-12-14,DPM,7380,7190,7260,7250,6763.294921875,868960,6299960000
2015-12-15,DPM,7280,7150,7280,7190,6720.892578125,258440,1858183600
2015-12-16,DPM,7220,7150,7220,7150,6678.4912109375,634550,4537032500
2015-12-17,DPM,7250,7150,7250,7190,6720.892578125,502340,3611824600
2015-12-18,DPM,7250,6950,7250,6950,6487.6767578125,4625100,32144445000
2015-12-21,DPM,7220,7060,7100,7170,6699.69140625,1461000,10475370000
2015-12-22,DPM,7220,7170,7220,7190,6720.892578125,911870,6556345300
2015-12-23,DPM,7170,7100,7150,7170,6699.69140625,1332660,9555172200
2015-12-24,DPM,7190,7150,7170,7150,6678.4912109375,811840,5804656000
2015-12-25,DPM,7170,7100,7150,7130,6657.2880859375,900260,6418853800
2015-12-28,DPM,7230,7030,7230,7060,6588.181640625,1154680,8152040800
2015-12-29,DPM,7150,7060,7070,7150,6680.32470703125,670550,4794432500
2015-12-30,DPM,7200,7130,7200,7150,6680.32470703125,462480,3306732000
2015-12-31,DPM,7180,7100,7180,7180,6703.361328125,425610,3055879800
2016-01-04,DPM,7180,7000,7100,7000,6542.11083984375,680300,4762100000
2016-01-05,DPM,7150,7000,7030,7070,6611.21826171875,652840,4615578800
2016-01-06,DPM,7250,7070,7130,7250,6772.466796875,962260,6976385000
2016-01-07,DPM,7250,7030,7250,7100,6634.25244140625,634450,4504595000
2016-01-08,DPM,7130,6980,7100,7100,6634.25244140625,942380,6690898000
2016-01-11,DPM,7100,7000,7100,7000,6542.11083984375,432310,3026170000
2016-01-12,DPM,7060,6980,7030,7030,6565.14599609375,275840,1939155200
2016-01-13,DPM,7070,7030,7060,7030,6565.14599609375,562420,3953812600
2016-01-14,DPM,7030,6910,7000,6980,6519.0751953125,909430,6347821400
2016-01-15,DPM,7030,6830,6980,6880,6426.93310546875,730700,5027216000
2016-01-18,DPM,6730,6610,6660,6710,6265.68408203125,835150,5603856500
2016-01-19,DPM,6780,6710,6710,6760,6311.7548828125,335870,2270481200
2016-01-20,DPM,6860,6710,6760,6810,6357.826171875,565220,3849148200
2016-01-21,DPM,6830,6760,6810,6760,6311.7548828125,837450,5661162000
2016-01-22,DPM,7030,6760,6760,6780,6334.78955078125,872720,5917041600
2016-01-25,DPM,7030,6910,6910,6960,6496.03955078125,343640,2391734400
2016-01-26,DPM,6940,6810,6810,6860,6403.89697265625,365910,2510142600
2016-01-27,DPM,7000,6880,6940,6980,6519.0751953125,298650,2084577000
2016-01-28,DPM,7030,6880,7030,6960,6496.03955078125,188660,1313073600
2016-01-29,DPM,7070,6940,6960,7070,6611.21826171875,624300,4413801000
2016-02-01,DPM,7250,7100,7130,7100,6634.25244140625,304520,2162092000
2016-02-02,DPM,7150,7030,7100,7070,6611.21826171875,295170,2086851900
2016-02-03,DPM,7230,7030,7070,7200,6726.39697265625,653800,4707360000
2016-02-04,DPM,7270,7200,7230,7250,6772.466796875,237850,1724412500
2016-02-05,DPM,7270,7200,7250,7230,6749.43212890625,132560,958408800
2016-02-15,DPM,7200,7060,7130,7150,6680.32470703125,208960,1494064000
2016-02-16,DPM,7230,7100,7150,7100,6634.25244140625,201420,1430082000
2016-02-17,DPM,7150,7070,7100,7070,6611.21826171875,507770,3589933900
2016-02-18,DPM,7150,7060,7100,7070,6611.21826171875,384400,2717708000
2016-02-19,DPM,7060,7000,7060,7000,6542.11083984375,640700,4484900000
2016-02-22,DPM,7030,6960,7030,7030,6565.14599609375,1013880,7127576400
2016-02-23,DPM,7150,7030,7130,7030,6565.14599609375,504430,3546142900
2016-02-24,DPM,7150,7030,7030,7130,6657.28857421875,635120,4528405600
2016-02-25,DPM,7130,7000,7130,7000,6542.11083984375,561090,3927630000
2016-02-26,DPM,7070,7000,7030,7000,6542.11083984375,325580,2279060000
2016-02-29,DPM,7070,7000,7030,7030,6565.14599609375,162340,1141250200
2016-03-01,DPM,7070,7030,7060,7030,6565.14599609375,313070,2200882100
2016-03-02,DPM,7230,7030,7030,7230,6749.43212890625,1004970,7265933100
2016-03-03,DPM,7350,7230,7230,7330,6841.57373046875,848130,6216792900
2016-03-04,DPM,7400,7270,7270,7370,6887.64599609375,482900,3558973000
2016-03-07,DPM,7400,7250,7400,7250,6772.466796875,642320,4656820000
2016-03-08,DPM,7300,7180,7250,7180,6703.361328125,520880,3739918400
2016-03-09,DPM,7230,7150,7180,7180,6703.361328125,345900,2483562000
2016-03-10,DPM,7200,7150,7200,7150,6680.32470703125,355280,2540252000
2016-03-11,DPM,7200,7130,7180,7150,6680.32470703125,401720,2872298000
2016-03-14,DPM,7270,7130,7180,7250,6772.466796875,446910,3240097500
2016-03-15,DPM,7250,7180,7250,7200,6726.39697265625,239190,1722168000
2016-03-16,DPM,7270,7180,7200,7270,6795.501953125,160330,1165599100
2016-03-17,DPM,7270,7200,7230,7230,6749.43212890625,197730,1429587900
2016-03-18,DPM,7250,7130,7250,7130,6657.28857421875,664240,4736031200
2016-03-21,DPM,7230,7130,7130,7130,6657.28857421875,365190,2603804700
2016-03-22,DPM,7150,7100,7150,7130,6657.28857421875,388210,2767937300
2016-03-23,DPM,7180,7130,7130,7150,6680.32470703125,384250,2747387500
2016-03-24,DPM,7180,7130,7130,7150,6680.32470703125,382250,2733087500
2016-03-25,DPM,7150,7130,7150,7130,6657.28857421875,399620,2849290600
2016-03-28,DPM,7200,7100,7130,7100,6634.25244140625,324490,2303879000
2016-03-29,DPM,7200,7100,7130,7100,6634.25244140625,443050,3145655000
2016-03-30,DPM,7150,7100,7100,7150,6680.32470703125,351810,2515441500
2016-03-31,DPM,7150,7100,7130,7130,6657.28857421875,494750,3527567500
2016-04-01,DPM,7150,7100,7130,7100,6634.25244140625,529380,3758598000
2016-04-04,DPM,7150,7100,7130,7100,6634.25244140625,573320,4070572000
2016-04-05,DPM,7150,7100,7100,7100,6634.25244140625,263470,1870637000
2016-04-06,DPM,7150,7100,7130,7150,6680.32470703125,438880,3137992000
2016-04-07,DPM,7180,7100,7180,7130,6657.28857421875,290910,2074188300
2016-04-08,DPM,7150,7100,7150,7100,6634.25244140625,335680,2383328000
2016-04-11,DPM,7150,7070,7130,7070,6611.21826171875,287390,2031847300
2016-04-12,DPM,7130,7060,7070,7060,6588.181640625,604990,4271229400
2016-04-13,DPM,7150,7070,7100,7130,6657.28857421875,468600,3341118000
2016-04-14,DPM,7150,7130,7130,7130,6657.28857421875,369600,2635248000
2016-04-15,DPM,7130,7070,7130,7100,6634.25244140625,229870,1632077000
2016-04-19,DPM,7150,7070,7150,7100,6634.25244140625,497450,3531895000
2016-04-20,DPM,7330,7150,7150,7330,6841.57373046875,1630130,11948852900
2016-04-21,DPM,7370,7270,7370,7270,6795.501953125,521370,3790359900
2016-04-22,DPM,7270,7230,7270,7230,6749.43212890625,466560,3373228800
2016-04-25,DPM,7270,7230,7230,7230,6749.43212890625,826370,5974655100
2016-04-26,DPM,7300,7230,7230,7250,6772.466796875,620960,4501960000
2016-04-27,DPM,7370,7270,7300,7350,6864.609375,449780,3305883000
2016-04-28,DPM,7350,7230,7350,7270,6795.501953125,254400,1849488000
2016-04-29,DPM,7330,7270,7270,7270,6795.501953125,533400,3877818000
2016-05-04,DPM,7500,7270,7270,7450,6956.751953125,914750,6814887500
2016-05-05,DPM,7470,7400,7470,7400,6910.6806640625,368750,2728750000
2016-05-06,DPM,7450,7400,7400,7420,6933.71533203125,499480,3706141600
2016-05-09,DPM,7450,7400,7420,7400,6910.6806640625,551900,4084060000
2016-05-10,DPM,7420,7350,7400,7420,6933.71533203125,580540,4307606800
2016-05-11,DPM,7450,7400,7450,7450,6956.751953125,566660,4221617000
2016-05-12,DPM,7470,7450,7450,7450,6956.751953125,425500,3169975000
2016-05-13,DPM,7470,7350,7470,7400,6910.6806640625,669650,4955410000
2016-05-16,DPM,7470,7400,7420,7450,6956.751953125,255330,1902208500
2016-05-17,DPM,7500,7420,7450,7450,6956.751953125,522900,3895605000
2016-05-18,DPM,7500,7420,7470,7500,7002.82275390625,547000,4102500000
2016-05-19,DPM,7530,7420,7530,7450,6956.751953125,410580,3058821000
2016-05-20,DPM,7530,7450,7470,7530,7025.85986328125,537660,4048579800
2016-05-23,DPM,7630,7490,7630,7490,7001.63134765625,194080,1453659200
2016-05-24,DPM,7490,7370,7490,7400,6904.7216796875,266750,1973950000
2016-05-25,DPM,7460,7320,7320,7420,6928.9501953125,402670,2987811400
2016-05-26,DPM,7440,7320,7420,7320,6832.04248046875,297490,2177626800
2016-05-27,DPM,7340,7260,7320,7260,6783.58740234375,198810,1443360600
2016-05-30,DPM,7320,7240,7260,7240,6759.35986328125,231100,1673164000
2016-05-31,DPM,7280,7110,7280,7140,6662.45068359375,908380,6485833200
2016-06-01,DPM,7260,7140,7140,7240,6759.35986328125,211850,1533794000
2016-06-02,DPM,7260,7180,7240,7210,6735.1328125,356530,2570581300
2016-06-03,DPM,7240,7210,7210,7210,6735.1328125,172210,1241634100
2016-06-06,DPM,7240,7210,7240,7210,6735.1328125,37600,271096000
2016-06-07,DPM,7280,7210,7210,7260,6783.58740234375,330400,2398704000
2016-06-08,DPM,7420,7280,7280,7420,6928.9501953125,367050,2723511000
2016-06-09,DPM,7440,7340,7440,7340,6856.26904296875,132600,973284000
2016-06-10,DPM,7340,7260,7340,7260,6783.58740234375,828460,6014619600
2016-06-13,DPM,7340,7240,7260,7240,6759.35986328125,277360,2008086400
2016-06-14,DPM,7260,7210,7240,7260,6783.58740234375,199060,1445175600
2016-06-15,DPM,7280,7210,7280,7240,6759.35986328125,249140,1803773600
2016-06-16,DPM,7280,7210,7210,7260,6783.58740234375,247560,1797285600
2016-06-17,DPM,7260,7180,7260,7210,6735.1328125,273140,1969339400
2016-06-20,DPM,7240,7140,7210,7160,6686.6796875,417370,2988369200
2016-06-21,DPM,7240,7160,7160,7180,6710.9072265625,289650,2079687000
2016-06-22,DPM,7320,7210,7240,7260,6783.58740234375,285110,2069898600
2016-06-23,DPM,7320,7240,7260,7260,6783.58740234375,316760,2299677600
2016-06-24,DPM,7260,7000,7240,7180,6710.9072265625,579630,4161743400
2016-06-27,DPM,7180,7110,7110,7180,6710.9072265625,155910,1119433800
2016-06-28,DPM,7210,7160,7180,7180,6710.9072265625,178940,1284789200
2016-06-29,DPM,7240,7180,7210,7210,6735.1328125,324450,2339284500
2016-06-30,DPM,7240,7180,7210,7180,6710.9072265625,197500,1418050000
2016-07-01,DPM,7240,7180,7180,7210,6735.1328125,411610,2967708100
2016-07-04,DPM,7280,7210,7210,7260,6783.58740234375,706780,5131222800
2016-07-05,DPM,7400,7280,7320,7340,6856.26904296875,731870,5371925800
2016-07-06,DPM,7340,7280,7320,7340,6856.26904296875,248550,1824357000
2016-07-07,DPM,7490,7370,7370,7490,7001.63134765625,805710,6034767900
2016-07-08,DPM,7530,7420,7460,7420,6928.9501953125,433970,3220057400
2016-07-11,DPM,7530,7400,7420,7420,6928.9501953125,286120,2123010400
2016-07-12,DPM,7550,7400,7420,7550,7050.0859375,530470,4005048500
2016-07-13,DPM,7700,7570,7570,7670,7171.22216796875,1802580,13825788600
2016-07-14,DPM,7890,7700,7700,7760,7243.90380859375,1437110,11151973600
2016-07-15,DPM,7810,7660,7760,7660,7146.994140625,592820,4541001200
2016-07-18,DPM,7660,7550,7630,7660,7146.994140625,924940,7085040400
2016-07-19,DPM,7700,7490,7700,7530,7025.85888671875,350210,2637081300
2016-07-20,DPM,7630,7490,7530,7570,7074.3134765625,331340,2508243800
2016-07-21,DPM,7780,7600,7630,7600,7098.54052734375,621250,4721500000
2016-07-22,DPM,7670,7530,7630,7670,7171.22216796875,466690,3579512300
2016-07-25,DPM,7720,7630,7700,7670,7171.22216796875,256530,1967585100
2016-07-26,DPM,7700,7630,7670,7660,7146.994140625,750620,5749749200
2016-07-27,DPM,7660,7530,7530,7600,7146.994140625,280740,2133624000
2016-07-28,DPM,7630,7570,7600,7600,7098.54052734375,298790,2270804000
2016-07-29,DPM,7630,7550,7630,7570,7074.3134765625,255150,1931485500
2016-08-01,DPM,7600,7530,7600,7600,7098.54052734375,126940,964744000
2016-08-02,DPM,7630,7440,7600,7440,6953.1767578125,624850,4648884000
2016-08-03,DPM,7570,7440,7460,7490,7001.63134765625,213710,1600687900
2016-08-04,DPM,7550,7460,7490,7460,6977.40380859375,321820,2400777200
2016-08-05,DPM,7550,7420,7490,7420,6928.9501953125,510360,3786871200
2016-08-08,DPM,7460,7400,7420,7420,6928.9501953125,434600,3224732000
2016-08-09,DPM,7440,7400,7420,7420,6928.9501953125,390300,2896026000
2016-08-10,DPM,7460,7420,7420,7440,6953.1767578125,569340,4235889600
2016-08-11,DPM,7550,7440,7440,7490,7001.63134765625,533170,3993443300
2016-08-12,DPM,7600,7460,7530,7490,7001.63134765625,294060,2202509400
2016-08-15,DPM,7460,7400,7440,7400,6904.7216796875,283070,2094718000
2016-08-16,DPM,7460,7420,7440,7420,6928.9501953125,316160,2345907200
2016-08-17,DPM,7490,7420,7440,7460,6977.40380859375,366180,2731702800
2016-08-18,DPM,7530,7460,7460,7490,7001.63134765625,431330,3230661700
2016-08-19,DPM,7530,7420,7530,7420,6928.9501953125,355560,2638255200
2016-08-22,DPM,7460,7400,7460,7440,6953.1767578125,514260,3826094400
2016-08-23,DPM,7490,7400,7490,7420,6928.9501953125,412330,3059488600
2016-08-24,DPM,7460,7400,7420,7420,6928.9501953125,663520,4923318400
2016-08-25,DPM,7490,7420,7440,7420,6928.9501953125,280860,2083981200
2016-08-26,DPM,7460,7420,7420,7440,6953.1767578125,166450,1238388000
2016-08-29,DPM,7490,7420,7490,7420,6928.9501953125,450510,3342784200
2016-08-30,DPM,7440,7400,7420,7400,6904.7216796875,211680,1566432000
2016-08-31,DPM,7600,7400,7400,7530,7025.85888671875,611850,4607230500
2016-09-01,DPM,7550,7490,7550,7530,7025.85888671875,341610,2572323300
2016-09-05,DPM,7550,7490,7550,7530,7025.85888671875,309550,2330911500
2016-09-06,DPM,7530,7460,7530,7460,6977.40380859375,189150,1411059000
2016-09-07,DPM,7460,7420,7460,7460,6977.40380859375,144610,1078790600
2016-09-08,DPM,7530,7440,7440,7460,6977.40380859375,305700,2280522000
2016-09-09,DPM,7460,7420,7460,7420,6928.9501953125,321260,2383749200
2016-09-12,DPM,7420,7250,7400,7280,6807.814453125,706490,5143247200
2016-09-13,DPM,7400,7260,7340,7320,6832.04248046875,689000,5043480000
2016-09-14,DPM,7360,7300,7340,7300,6819.92822265625,131330,958709000
2016-09-15,DPM,7320,7240,7250,7240,6759.35986328125,659080,4771739200
2016-09-16,DPM,7280,7080,7240,7080,6613.99755859375,4017620,28444749600
2016-09-19,DPM,7340,7210,7260,7330,6844.15380859375,533860,3913193800
2016-09-20,DPM,7340,7280,7330,7340,6856.26904296875,454580,3336617200
2016-09-21,DPM,7340,7270,7300,7280,6807.814453125,532580,3877182400
2016-09-22,DPM,7420,7330,7330,7400,6904.7216796875,764390,5656486000
2016-09-23,DPM,7460,7360,7370,7380,6892.61083984375,416840,3076279200
2016-09-26,DPM,7460,7380,7380,7420,6928.9501953125,524040,3888376800
2016-09-27,DPM,7460,7400,7420,7410,6916.8359375,484850,3592738500
2016-09-28,DPM,7410,7340,7410,7360,6868.38427734375,616560,4537881600
2016-09-29,DPM,7400,7360,7360,7360,6868.38427734375,571340,4205062400
2016-09-30,DPM,7400,7360,7400,7400,6904.7216796875,690050,5106370000
2016-10-03,DPM,7400,7280,7400,7340,6856.26904296875,345950,2539273000
2016-10-04,DPM,7410,7330,7380,7380,6892.61083984375,494770,3651402600
2016-10-05,DPM,7400,7270,7400,7330,6844.15380859375,1204850,8831550500
2016-10-06,DPM,7360,7280,7360,7300,6819.92822265625,364460,2660558000
2016-10-07,DPM,7400,7320,7340,7400,6904.7216796875,740250,5477850000
2016-10-10,DPM,7400,7340,7400,7340,6856.26904296875,463410,3401429400
2016-10-11,DPM,7400,7340,7370,7400,6904.7216796875,408340,3021716000
2016-10-12,DPM,7380,7260,7380,7340,6856.26904296875,341670,2507857800
2016-10-13,DPM,7370,7330,7340,7370,6880.49560546875,136500,1006005000
2016-10-14,DPM,7380,7320,7370,7320,6832.04248046875,205510,1504333200
2016-10-17,DPM,7530,7380,7400,7460,6965.291015625,1017650,7591669000
2016-10-18,DPM,7590,7490,7510,7590,7086.4267578125,928470,7047087300
2016-10-19,DPM,7700,7600,7600,7640,7134.88134765625,861780,6583999200
2016-10-20,DPM,7600,7490,7550,7550,7050.0859375,963410,7273745500
2016-10-21,DPM,7460,7320,7440,7340,6856.26904296875,1552800,11397552000
2016-10-24,DPM,7340,7190,7340,7220,6747.2470703125,934200,6744924000
2016-10-25,DPM,7260,7180,7220,7240,6759.35986328125,464250,3361170000
2016-10-26,DPM,7260,7180,7220,7190,6723.02001953125,299000,2149810000
2016-10-27,DPM,7240,7170,7190,7190,6723.02001953125,377060,2711061400
2016-10-28,DPM,7220,7190,7210,7190,6723.02001953125,214400,1541536000
2016-10-31,DPM,7240,7180,7190,7210,6735.1328125,369460,2663806600
2016-11-01,DPM,7220,7170,7210,7210,6735.1328125,278560,2008417600
2016-11-02,DPM,7210,7180,7190,7180,6710.9072265625,552250,3965155000
2016-11-03,DPM,7180,7160,7180,7160,6686.6796875,244170,1748257200
2016-11-04,DPM,7190,7140,7140,7140,6674.56591796875,129970,927985800
2016-11-07,DPM,7260,7140,7160,7240,6759.35986328125,227580,1647679200
2016-11-08,DPM,7250,7180,7240,7210,6735.1328125,99480,717250800
2016-11-09,DPM,7190,7000,7190,7180,6710.9072265625,365710,2625797800
2016-11-10,DPM,7210,7170,7180,7210,6735.1328125,111550,804275500
2016-11-11,DPM,7210,7140,7210,7180,6710.9072265625,133220,956519600
2016-11-14,DPM,7180,7110,7160,7140,6662.45068359375,404960,2891414400
2016-11-15,DPM,7370,7250,7250,7270,6795.701171875,752260,5468930200
2016-11-16,DPM,7380,7320,7360,7360,6868.38427734375,1270490,9350806400
2016-11-17,DPM,7370,7320,7370,7320,6832.04248046875,973840,7128508800
2016-11-18,DPM,7340,7260,7330,7260,6783.58740234375,444940,3230264400
2016-11-21,DPM,7360,7260,7360,7270,6795.701171875,537850,3910169500
2016-11-22,DPM,7320,7270,7320,7280,6807.814453125,332610,2421400800
2016-11-23,DPM,7330,7190,7320,7190,6723.02001953125,1028320,7393620800
2016-11-24,DPM,7260,7190,7190,7260,6783.58740234375,424140,3079256400
2016-11-25,DPM,7260,7210,7240,7210,6735.1328125,367850,2652198500
2016-11-28,DPM,7260,7190,7260,7210,6735.1328125,679060,4896022600
2016-11-29,DPM,7260,7040,7250,7060,6591.5556640625,722320,5099579200
2016-11-30,DPM,7100,7040,7070,7070,6604.60791015625,462100,3267047000
2016-12-01,DPM,7140,6790,7070,6790,6343.55517578125,1125920,7644996800
2016-12-02,DPM,6850,6560,6790,6620,6186.9248046875,1761040,11658084800
2016-12-05,DPM,6760,6620,6620,6620,6186.9248046875,700490,4637243800
2016-12-06,DPM,6670,6560,6620,6600,6160.8193359375,638900,4216740000
2016-12-07,DPM,6620,6530,6620,6530,6095.55712890625,470120,3069883600
2016-12-08,DPM,6540,6360,6540,6370,5951.97900390625,583980,3719952600
2016-12-09,DPM,6430,6240,6370,6290,5873.6630859375,1079550,6790369500
2016-12-12,DPM,6330,6260,6290,6310,5899.76904296875,661960,4176967600
2016-12-13,DPM,6310,6200,6310,6220,5808.400390625,720960,4484371200
2016-12-14,DPM,6310,6220,6220,6290,5873.6630859375,669380,4210400200
2016-12-15,DPM,6480,6290,6310,6400,5978.08349609375,559230,3579072000
2016-12-16,DPM,6470,6400,6430,6410,5991.13671875,1250850,8017948500
2016-12-19,DPM,6560,6460,6480,6470,6043.345703125,475910,3079137700
2016-12-20,DPM,6540,6370,6480,6430,6004.1884765625,485430,3121314900
2016-12-21,DPM,6440,6370,6400,6400,5978.08349609375,387510,2480064000
2016-12-22,DPM,6460,6380,6380,6410,5991.13671875,494070,3166988700
2016-12-23,DPM,6430,6360,6430,6360,5938.92578125,579940,3688418400
2016-12-26,DPM,6430,6360,6430,6370,5951.97900390625,474830,3024667100
2016-12-27,DPM,6380,6350,6380,6350,5925.873046875,432810,2748343500
2016-12-28,DPM,6400,6300,6350,6300,5886.71533203125,584940,3685122000
2016-12-29,DPM,6310,6290,6300,6310,5899.76904296875,413280,2607796800
2016-12-30,DPM,6330,6240,6330,6240,5834.50537109375,797200,4974528000
2017-01-03,DPM,6270,6200,6240,6220,5808.400390625,447100,2780962000
2017-01-04,DPM,6290,6220,6220,6290,5873.6630859375,257180,1617662200
2017-01-05,DPM,6290,6220,6290,6240,5834.50537109375,405010,2527262400
2017-01-06,DPM,6240,6150,6240,6160,5756.189453125,934680,5757628800
2017-01-09,DPM,6310,6160,6170,6290,5873.6630859375,1041690,6552230100
2017-01-10,DPM,6520,6310,6310,6440,6017.2412109375,766510,4936324400
2017-01-11,DPM,6430,6350,6430,6400,5978.08349609375,399900,2559360000
2017-01-12,DPM,6810,6410,6430,6810,6356.6083984375,2135570,14543231700
2017-01-13,DPM,7100,6810,6810,6960,6500.18701171875,1219860,8490225600
2017-01-16,DPM,7080,6810,6960,6810,6369.662109375,714520,4865881200
2017-01-17,DPM,6810,6650,6710,6670,6226.0830078125,909570,6066831900
2017-01-18,DPM,6810,6600,6600,6680,6239.1357421875,323510,2161046800
2017-01-19,DPM,6710,6600,6650,6600,6160.8193359375,752010,4963266000
2017-01-20,DPM,6710,6600,6600,6600,6160.8193359375,643780,4248948000
2017-01-23,DPM,6650,6560,6650,6600,6160.8193359375,306980,2026068000
2017-01-24,DPM,6690,6600,6600,6680,6239.1357421875,434180,2900322400
2017-01-25,DPM,6790,6680,6680,6750,6304.39794921875,338670,2286022500
2017-02-02,DPM,6830,6730,6810,6730,6304.39794921875,411050,2766366500
2017-02-03,DPM,6870,6730,6760,6730,6291.3466796875,1443880,9717312400
2017-02-06,DPM,6880,6810,6810,6870,6421.87109375,921100,6327957000
2017-02-07,DPM,6860,6770,6850,6790,6343.55517578125,1144780,7773056200
2017-02-08,DPM,7040,6830,6850,6990,6526.29248046875,1305360,9124466400
2017-02-09,DPM,7260,7040,7040,7190,6722.08203125,1489460,10709217400
2017-02-10,DPM,7260,7140,7190,7170,6695.97509765625,817740,5863195800
2017-02-13,DPM,7250,7150,7170,7180,6709.0283203125,1289320,9257317600
2017-02-14,DPM,7210,7100,7210,7140,6669.87158203125,1092110,7797665400
2017-02-15,DPM,7140,7080,7130,7080,6617.66015625,458660,3247312800
2017-02-16,DPM,7170,6970,7080,6970,6513.23974609375,829380,5780778600
2017-02-17,DPM,6950,6690,6950,6810,6369.662109375,1854990,12632481900
2017-02-20,DPM,6870,6730,6810,6830,6382.71337890625,928140,6339196200
2017-02-21,DPM,6860,6790,6850,6790,6343.55517578125,867700,5891683000
2017-02-22,DPM,6790,6720,6750,6730,6291.3466796875,1215940,8183276200
2017-02-23,DPM,6910,6730,6730,6860,6408.8193359375,851550,5841633000
2017-02-24,DPM,6850,6790,6850,6810,6356.6083984375,418810,2852096100
2017-02-27,DPM,6920,6760,6790,6880,6434.9248046875,742880,5111014400
2017-02-28,DPM,6910,6810,6870,6810,6369.662109375,341870,2328134700
2017-03-01,DPM,7170,6860,6920,6990,6526.29248046875,2050450,14332645500
2017-03-02,DPM,6970,6870,6960,6880,6434.9248046875,754240,5189171200
2017-03-03,DPM,7010,6830,6850,7010,6552.39794921875,1592710,11164897100
2017-03-06,DPM,7110,6960,7010,7010,6552.39794921875,1570940,11012289400
2017-03-07,DPM,7040,6940,6990,6940,6474.0830078125,1046890,7265416600
2017-03-08,DPM,6970,6870,6940,6940,6474.0830078125,1093970,7592151800
2017-03-09,DPM,6950,6910,6950,6950,6487.1337890625,1024350,7119232500
2017-03-10,DPM,6940,6810,6940,6810,6369.662109375,1020330,6948447300
2017-03-13,DPM,6810,6750,6790,6790,6343.55517578125,752930,5112394700
2017-03-14,DPM,6860,6790,6790,6810,6369.662109375,540900,3683529000
2017-03-15,DPM,6850,6760,6850,6760,6317.45166015625,494990,3346132400
2017-03-16,DPM,6810,6730,6760,6810,6369.662109375,1087600,7406556000
2017-03-17,DPM,6850,6750,6810,6750,6304.39794921875,3121320,21068910000
2017-03-20,DPM,6830,6750,6770,6810,6356.6083984375,957740,6522209400
2017-03-21,DPM,6850,6810,6810,6810,6369.662109375,669200,4557252000
2017-03-22,DPM,6810,6750,6810,6750,6304.39794921875,864670,5836522500
2017-03-23,DPM,6850,6750,6750,6750,6304.39794921875,891570,6018097500
2017-03-24,DPM,6790,6720,6760,6730,6291.3466796875,775910,5221874300
2017-03-27,DPM,6770,6710,6730,6770,6330.50439453125,710680,4811303600
2017-03-28,DPM,6790,6750,6790,6760,6317.45166015625,516760,3493297600
2017-03-29,DPM,6790,6720,6770,6750,6304.39794921875,604130,4077877500
2017-03-30,DPM,6750,6650,6720,6650,6213.029296875,878580,5842557000
2017-03-31,DPM,6770,6620,6650,6770,6330.50439453125,780560,5284391200
2017-04-03,DPM,6750,6680,6710,6690,6252.18798828125,820510,5489211900
2017-04-04,DPM,6720,6680,6710,6690,6252.18798828125,768180,5139124200
2017-04-05,DPM,6690,6560,6680,6560,6134.71435546875,1181640,7751558400
2017-04-07,DPM,6650,6560,6560,6640,6199.97705078125,330000,2191200000
2017-04-10,DPM,6650,6600,6640,6600,6160.8193359375,267100,1762860000
2017-04-11,DPM,6600,6560,6580,6560,6121.66064453125,457040,2998182400
2017-04-12,DPM,6560,6480,6560,6480,6056.39794921875,752000,4872960000
2017-04-13,DPM,6460,6380,6460,6380,5965.0302734375,938770,5989352600
2017-04-14,DPM,6380,6310,6380,6330,5912.82177734375,607340,3844462200
2017-04-17,DPM,6400,6330,6330,6370,5951.97900390625,318820,2030883400
2017-04-18,DPM,6460,6260,6370,6460,6030.29296875,1102060,7119307600
2017-04-19,DPM,6910,6460,6460,6910,6447.97607421875,2747340,18984119400
2017-04-20,DPM,6990,6710,6960,6710,6265.24072265625,1322730,8875518300
2017-04-21,DPM,6690,6560,6650,6560,6134.71435546875,632280,4147756800
2017-04-24,DPM,6520,6370,6480,6370,5951.97900390625,1101510,7016618700
2017-04-25,DPM,6560,6330,6330,6430,6004.1884765625,549050,3530391500
2017-04-26,DPM,6710,6440,6480,6650,6213.029296875,1013700,6741105000
2017-04-27,DPM,6770,6580,6580,6600,6160.8193359375,1518660,10023156000
2017-04-28,DPM,6610,6520,6560,6560,6160.8193359375,662880,4348492800
2017-05-03,DPM,6650,6540,6560,6580,6147.7685546875,824400,5424552000
2017-05-04,DPM,6600,6460,6600,6520,6082.5048828125,1236770,8063740400
2017-05-05,DPM,6540,6460,6470,6490,6069.45068359375,398050,2583344500
2017-05-08,DPM,6670,6490,6490,6620,6186.9248046875,685290,4536619800
2017-05-09,DPM,6650,6580,6600,6580,6147.7685546875,505960,3329216800
2017-05-10,DPM,6690,6560,6560,6640,6199.97705078125,943350,6263844000
2017-05-11,DPM,6760,6650,6650,6730,6291.3466796875,1419380,9552427400
2017-05-12,DPM,6750,6670,6750,6710,6265.24072265625,709090,4757993900
2017-05-15,DPM,6730,6610,6730,6650,6213.029296875,822400,5468960000
2017-05-16,DPM,6750,6620,6680,6650,6213.029296875,724140,4815531000
2017-05-17,DPM,6790,6650,6770,6670,6226.0830078125,533500,3558445000
2017-05-18,DPM,6710,6620,6680,6620,6186.9248046875,699210,4628770200
2017-05-19,DPM,6860,6670,6840,6710,6268.6904296875,1267540,8505193400
2017-05-22,DPM,6710,6620,6710,6620,6186.9248046875,1284440,8502992800
2017-05-23,DPM,6660,6590,6610,6590,6159.669921875,431180,2841476200
2017-05-24,DPM,6590,6490,6590,6560,6132.41357421875,1281360,8405721600
2017-05-25,DPM,6560,6530,6560,6540,6105.16015625,671400,4390956000
2017-05-26,DPM,6590,6530,6540,6550,6118.787109375,509260,3335653000
2017-05-29,DPM,6640,6550,6560,6570,6146.04248046875,705140,4632769800
2017-05-30,DPM,6590,6550,6590,6550,6118.787109375,723000,4735650000
2017-05-31,DPM,6720,6540,6550,6710,6268.6904296875,1844650,12377601500
2017-06-01,DPM,6830,6660,6710,6670,6227.80712890625,776860,5181656200
2017-06-02,DPM,6670,6570,6660,6570,6146.04248046875,622720,4091270400
2017-06-05,DPM,6640,6570,6640,6570,6146.04248046875,612820,4026227400
2017-06-06,DPM,6590,6560,6570,6560,6132.41357421875,717610,4707521600
2017-06-07,DPM,6640,6560,6620,6560,6132.41357421875,753600,4943616000
2017-06-08,DPM,6690,6560,6570,6620,6186.9248046875,999640,6617616800
2017-06-09,DPM,6640,6570,6640,6590,6159.669921875,562000,3703580000
2017-06-12,DPM,6610,6560,6560,6590,6159.669921875,1132440,7462779600
2017-06-13,DPM,6760,6590,6590,6750,6295.94580078125,3010770,20322697500
2017-06-14,DPM,6800,6680,6750,6750,6295.94580078125,843080,5690790000
2017-06-15,DPM,6750,6640,6750,6690,6255.0634765625,973650,6513718500
2017-06-16,DPM,6670,6590,6670,6590,6159.669921875,1790280,11797945200
2017-06-19,DPM,6660,6590,6640,6620,6186.9248046875,940390,6225381800
2017-06-20,DPM,6660,6610,6640,6620,6186.9248046875,626120,4144914400
2017-06-21,DPM,6640,6550,6640,6560,6132.41357421875,1101290,7224462400
2017-06-22,DPM,6620,6570,6570,6620,6186.9248046875,716720,4744686400
2017-06-23,DPM,6750,6670,6670,6690,6255.0634765625,1105100,7393119000
2017-06-26,DPM,6690,6660,6690,6670,6227.80712890625,573150,3822910500
2017-06-27,DPM,6810,6670,6670,6720,6282.3173828125,2769080,18608217600
2017-06-28,DPM,6750,6680,6720,6690,6255.0634765625,773470,5174514300
2017-06-29,DPM,6760,6680,6680,6750,6295.94580078125,1072690,7240657500
2017-06-30,DPM,6980,6750,6750,6860,6404.96630859375,3931200,26968032000
2017-07-03,DPM,6950,6860,6910,6940,6473.10498046875,1154780,8014173200
2017-07-04,DPM,6950,6750,6940,6880,6432.22119140625,953270,6558497600
2017-07-05,DPM,6900,6830,6830,6880,6432.22119140625,994620,6842985600
2017-07-06,DPM,6960,6900,6900,6950,6486.7314453125,1423830,9895618500
2017-07-07,DPM,7020,6810,6950,6830,6377.7109375,1598450,10917413500
2017-07-10,DPM,6880,6760,6830,6800,6350.455078125,801260,5448568000
2017-07-11,DPM,6870,6780,6800,6870,6418.5947265625,1099220,7551641400
2017-07-12,DPM,7070,6840,6880,7050,6582.1259765625,2897710,20428855500
2017-07-13,DPM,7140,7030,7140,7030,6582.1259765625,911440,6407423200
2017-07-14,DPM,7060,6980,7030,7000,6541.24169921875,1148340,8038380000
2017-07-17,DPM,7000,6780,7000,6900,6445.849609375,1876250,12946125000
2017-07-18,DPM,6910,6760,6830,6830,6377.7109375,1617990,11050871700
2017-07-19,DPM,6860,6760,6830,6760,6323.2001953125,607690,4107984400
2017-07-20,DPM,6760,6690,6760,6750,6295.94580078125,659990,4454932500
2017-07-21,DPM,6780,6680,6750,6680,6241.43408203125,664550,4439194000
2017-07-24,DPM,6750,6670,6680,6750,6295.94580078125,473810,3198217500
2017-07-25,DPM,6760,6680,6710,6760,6309.572265625,536380,3625928800
2017-07-26,DPM,6830,6750,6760,6810,6364.08349609375,843150,5741851500
2017-07-27,DPM,6830,6760,6830,6760,6323.2001953125,756810,5116035600
2017-07-28,DPM,6760,6710,6750,6760,6323.2001953125,432220,2921807200
2017-07-31,DPM,6800,6710,6760,6750,6295.94580078125,845730,5708677500
2017-08-01,DPM,6860,6760,6760,6860,6404.96630859375,1083350,7431781000
2017-08-02,DPM,6840,6760,6830,6760,6323.2001953125,822810,5562195600
2017-08-03,DPM,6800,6710,6760,6760,6323.2001953125,335370,2267101200
2017-08-04,DPM,6780,6750,6780,6760,6309.572265625,282350,1908686000
2017-08-07,DPM,6980,6840,6950,6860,6404.96630859375,884810,6069796600
2017-08-08,DPM,6860,6760,6860,6760,6323.2001953125,798560,5398265600
2017-08-09,DPM,6800,6690,6760,6710,6268.6904296875,829530,5566146300
2017-08-10,DPM,6760,6690,6710,6750,6295.94580078125,358810,2421967500
2017-08-11,DPM,6750,6680,6750,6690,6255.0634765625,560350,3748741500
2017-08-14,DPM,6710,6680,6680,6710,6268.6904296875,375290,2518195900
2017-08-15,DPM,6760,6710,6750,6760,6309.572265625,845470,5715377200
2017-08-16,DPM,6940,6810,6810,6860,6404.96630859375,2483210,17034820600
2017-08-17,DPM,6910,6830,6860,6830,6377.7109375,491670,3358106100
2017-08-18,DPM,6860,6810,6830,6830,6377.7109375,566530,3869399900
2017-08-21,DPM,6870,6810,6830,6830,6377.7109375,902750,6165782500
2017-08-22,DPM,6840,6760,6830,6800,6350.455078125,277540,1887272000
2017-08-23,DPM,6800,6720,6800,6760,6323.2001953125,676540,4573410400
2017-08-24,DPM,6810,6750,6760,6780,6336.82763671875,263550,1786869000
2017-08-25,DPM,6800,6760,6780,6780,6336.82763671875,462480,3135614400
2017-08-28,DPM,6800,6750,6800,6760,6309.572265625,487780,3297392800
2017-08-29,DPM,6760,6710,6760,6710,6268.6904296875,722090,4845223900
2017-08-30,DPM,6760,6720,6760,6720,6282.3173828125,440190,2958076800
2017-08-31,DPM,6830,6720,6750,6830,6377.7109375,800840,5469737200
2017-09-01,DPM,6840,6780,6830,6810,6364.08349609375,659450,4490854500
2017-09-05,DPM,6830,6750,6810,6810,6364.08349609375,387670,2640032700
2017-09-06,DPM,6810,6760,6760,6800,6350.455078125,352230,2395164000
2017-09-07,DPM,6830,6760,6800,6760,6309.572265625,887350,5998486000
2017-09-08,DPM,6760,6710,6750,6750,6295.94580078125,966890,6526507500
2017-09-11,DPM,6760,6690,6760,6710,6268.6904296875,326160,2188533600
2017-09-12,DPM,6720,6620,6680,6640,6200.552734375,797510,5295466400
2017-09-13,DPM,6680,6590,6640,6610,6173.2978515625,897920,5935251200
2017-09-14,DPM,6800,6590,6610,6710,6268.6904296875,1782710,11961984100
2017-09-15,DPM,6710,6640,6710,6640,6200.552734375,428670,2846368800
2017-09-18,DPM,6680,6620,6620,6670,6227.80712890625,277720,1852392400
2017-09-19,DPM,6670,6620,6670,6640,6200.552734375,519700,3450808000
2017-09-20,DPM,6750,6660,6690,6750,6295.94580078125,570510,3850942500
2017-09-21,DPM,6750,6680,6750,6680,6241.43408203125,258860,1729184800
2017-09-22,DPM,6750,6640,6750,6680,6241.43408203125,342270,2286363600
2017-09-25,DPM,6710,6620,6680,6640,6200.552734375,328020,2178052800
2017-09-26,DPM,6660,6610,6660,6610,6173.2978515625,969800,6410378000
2017-09-27,DPM,6640,6610,6640,6620,6186.9248046875,728070,4819823400
2017-09-28,DPM,6710,6620,6620,6680,6241.43408203125,455180,3040602400
2017-09-29,DPM,6680,6610,6680,6640,6200.552734375,223520,1484172800
2017-10-02,DPM,6710,6640,6670,6670,6227.80712890625,331920,2213906400
2017-10-03,DPM,6690,6660,6680,6670,6227.80712890625,325100,2168417000
2017-10-04,DPM,6670,6640,6670,6660,6214.1806640625,233630,1555975800
2017-10-05,DPM,6660,6620,6660,6640,6200.552734375,317130,2105743200
2017-10-06,DPM,6640,6610,6640,6620,6186.9248046875,358460,2373005200
2017-10-09,DPM,6660,6590,6640,6660,6214.1806640625,419570,2794336200
2017-10-10,DPM,6660,6610,6660,6620,6186.9248046875,267550,1771181000
2017-10-11,DPM,6620,6610,6620,6620,6186.9248046875,643020,4256792400
2017-10-12,DPM,6620,6590,6620,6590,6159.669921875,288190,1899172100
2017-10-13,DPM,6590,6560,6590,6560,6132.41357421875,586280,3845996800
2017-10-16,DPM,6560,6540,6560,6540,6105.16015625,380720,2489908800
2017-10-17,DPM,6540,6480,6540,6510,6077.90478515625,575300,3745203000
2017-10-18,DPM,6510,6420,6450,6420,5996.13818359375,526710,3381478200
2017-10-19,DPM,6480,6420,6420,6430,6009.76611328125,265690,1708386700
2017-10-20,DPM,6450,6390,6450,6430,6009.76611328125,350140,2251400200
2017-10-23,DPM,6420,6380,6420,6400,5982.51025390625,264400,1692160000
2017-10-24,DPM,6390,6340,6390,6360,5941.6279296875,596120,3791323200
2017-10-25,DPM,6360,6270,6350,6310,5900.74462890625,621540,3921917400
2017-10-26,DPM,6310,6190,6310,6220,5805.35205078125,461520,2870654400
2017-10-27,DPM,6260,6200,6220,6260,5846.23583984375,266330,1667225800
2017-10-30,DPM,6270,6240,6240,6240,5818.98046875,437210,2728190400
2017-10-31,DPM,6260,6200,6220,6220,5805.35205078125,502230,3123870600
2017-11-01,DPM,6220,6110,6220,6110,5696.33154296875,311940,1905953400
2017-11-02,DPM,6160,6080,6110,6110,5696.33154296875,233420,1426196200
2017-11-03,DPM,6110,6010,6080,6010,5614.56640625,584270,3511462700
2017-11-06,DPM,6110,5910,6010,5910,5519.17236328125,394440,2331140400
2017-11-07,DPM,5960,5880,5960,5880,5491.91748046875,644870,3791835600
2017-11-08,DPM,6070,5890,5890,5960,5560.05517578125,677760,4039449600
2017-11-09,DPM,6050,5960,5970,6010,5614.56640625,461900,2776019000
2017-11-10,DPM,6030,5970,6010,6030,5628.1943359375,254250,1533127500
2017-11-13,DPM,6110,6010,6030,6070,5669.07666015625,582130,3533529100
2017-11-14,DPM,6080,5970,6070,5970,5587.3115234375,313910,1874042700
2017-11-15,DPM,6030,5960,5960,6010,5614.56640625,308380,1853363800
2017-11-16,DPM,6200,5970,6010,6200,5791.7255859375,646690,4009478000
2017-11-17,DPM,6270,6070,6200,6120,5723.58740234375,457360,2799043200
2017-11-20,DPM,6190,6110,6160,6150,5737.21337890625,239530,1473109500
2017-11-21,DPM,6120,5990,6110,6070,5669.07666015625,379780,2305264600
2017-11-22,DPM,6190,6040,6070,6190,5778.0966796875,356320,2205620800
2017-11-23,DPM,6270,6120,6120,6160,5764.47021484375,558300,3439128000
2017-11-24,DPM,6160,6070,6160,6120,5723.58740234375,595220,3642746400
2017-11-27,DPM,6160,6070,6110,6160,5764.47021484375,361570,2227271200
2017-11-28,DPM,6190,6050,6190,6110,5709.9599609375,419160,2561067600
2017-11-29,DPM,6360,6110,6120,6190,5778.0966796875,940320,5820580800
2017-11-30,DPM,6310,6240,6270,6270,5859.8623046875,485630,3044900100
2017-12-01,DPM,6340,6240,6270,6300,5887.11767578125,300910,1895733000
2017-12-04,DPM,6380,6240,6300,6300,5887.11767578125,453480,2856924000
2017-12-05,DPM,6360,6270,6340,6300,5887.11767578125,496360,3127068000
2017-12-06,DPM,6310,6160,6310,6240,5818.98046875,406870,2538868800
2017-12-07,DPM,6240,6120,6240,6160,5750.84326171875,302990,1866418400
2017-12-08,DPM,6240,6160,6160,6220,5805.35205078125,265320,1650290400
2017-12-11,DPM,6220,6120,6220,6160,5750.84326171875,318170,1959927200
2017-12-12,DPM,6200,6070,6190,6120,5723.58740234375,327000,2001240000
2017-12-13,DPM,6240,6120,6160,6220,5805.35205078125,865280,5382041600
2017-12-14,DPM,6260,6200,6220,6220,5805.35205078125,295190,1836081800
2017-12-15,DPM,6420,6240,6290,6260,5846.23583984375,3920520,24542455200
2017-12-18,DPM,6480,6340,6390,6420,5996.13818359375,822850,5282697000
2017-12-19,DPM,6610,6430,6480,6560,6132.41357421875,1257610,8249921600
2017-12-20,DPM,6550,6420,6540,6430,6009.76611328125,1451560,9333530800
2017-12-21,DPM,6560,6400,6560,6460,6052.5908203125,1181160,7630293600
2017-12-22,DPM,6630,6400,6560,6420,6009.765625,728520,4677098400
2017-12-25,DPM,6370,6200,6370,6250,5852.7421875,794400,4965000000
2017-12-26,DPM,6360,6190,6250,6240,5838.46630859375,695200,4338048000
2017-12-27,DPM,6360,6240,6250,6280,5881.2919921875,423340,2658575200
2017-12-28,DPM,6480,6310,6310,6460,6052.5908203125,915120,5911675200
2017-12-29,DPM,6630,6430,6460,6560,6138.24072265625,1605410,10531489600
2018-01-02,DPM,6600,6490,6560,6600,6181.0654296875,610980,4032468000
2018-01-03,DPM,6760,6580,6580,6760,6338.091796875,1381300,9337588000
2018-01-04,DPM,6830,6690,6830,6790,6352.36572265625,890430,6046019700
2018-01-05,DPM,6800,6650,6800,6650,6223.890625,864980,5752117000
2018-01-08,DPM,6680,6580,6680,6630,6209.615234375,723200,4794816000
2018-01-09,DPM,6760,6570,6570,6680,6252.4404296875,932250,6227430000
2018-01-10,DPM,6830,6680,6680,6800,6366.64111328125,1034910,7037388000
2018-01-11,DPM,6800,6690,6800,6740,6309.541015625,834970,5627697800
2018-01-12,DPM,6740,6630,6630,6630,6209.615234375,955630,6335826900
2018-01-15,DPM,6760,6650,6650,6760,6338.091796875,1215700,8218132000
2018-01-16,DPM,7090,6830,7050,7050,6595.04052734375,2839600,20019180000
2018-01-17,DPM,7070,6920,6920,6920,6480.84033203125,1101730,7623971600
2018-01-18,DPM,7050,6810,6920,7050,6595.04052734375,1362280,9604074000
2018-01-19,DPM,7120,6910,7010,6980,6537.93994140625,1590490,11101620200
2018-01-22,DPM,7470,6910,6980,7050,6537.93994140625,1357250,9568612500
2018-01-25,DPM,7470,7050,7050,7470,6994.73876953125,4522270,33781356900
2018-01-26,DPM,7900,7380,7530,7810,7308.78955078125,3278230,25602976300
2018-01-29,DPM,8109,7810,7810,7930,7422.98974609375,2095370,16616284100
2018-01-30,DPM,7980,7620,7700,7960,7451.5390625,3080120,24517755200
2018-01-31,DPM,7900,7410,7840,7440,6966.18994140625,2985590,22212789600
2018-02-01,DPM,7410,7010,7260,7300,6837.71484375,1828260,13346298000
2018-02-02,DPM,7590,7100,7300,7590,7108.93994140625,988890,7505675100
2018-02-05,DPM,7560,7070,7560,7140,6680.68994140625,1305140,9318699600
2018-02-06,DPM,7230,6650,6710,7140,6680.68994140625,2095200,14959728000
2018-02-07,DPM,7330,7120,7160,7160,6709.24072265625,1069990,7661128400
2018-02-08,DPM,7150,6840,7150,6860,6423.740234375,446110,3060314600
2018-02-09,DPM,6760,6400,6400,6620,6195.34033203125,1165030,7712498600
2018-02-12,DPM,6740,6480,6740,6690,6266.71533203125,1040250,6959272500
2018-02-13,DPM,6760,6600,6760,6620,6195.34033203125,703930,4660016600
2018-02-21,DPM,7010,6650,6710,7010,6566.49072265625,931250,6528062500
2018-02-22,DPM,7300,7010,7010,7260,6794.8896484375,2009820,14591293200
2018-02-23,DPM,7380,7140,7320,7260,6809.16552734375,803040,5830070400
2018-02-26,DPM,7400,7190,7280,7190,6737.7900390625,1253330,9011442700
2018-02-27,DPM,7320,7150,7190,7280,6823.4404296875,684320,4981849600
2018-02-28,DPM,7320,7150,7260,7160,6823.4404296875,1101100,7883876000
2018-03-01,DPM,7180,6870,7090,6870,6438.01611328125,1016680,6984591600
2018-03-02,DPM,6920,6650,6760,6890,6452.29150390625,1668240,11494173600
2018-03-05,DPM,6960,6760,6890,6760,6338.091796875,508910,3440231600
2018-03-06,DPM,7160,6680,6760,6960,6509.39111328125,988260,6878289600
2018-03-07,DPM,7150,6920,7010,6960,6509.39111328125,967980,6737140800
2018-03-08,DPM,7150,6960,6960,7090,6637.86474609375,947800,6719902000
2018-03-09,DPM,7150,6910,7150,6960,6509.39111328125,732340,5097086400
2018-03-12,DPM,7010,6840,6960,6860,6423.740234375,487000,3340820000
2018-03-13,DPM,6870,6800,6860,6870,6438.01611328125,520840,3578170800
2018-03-14,DPM,7180,6860,6870,7150,6694.96435546875,1374920,9830678000
2018-03-15,DPM,7150,7010,7150,7060,6609.31494140625,649730,4587093800
2018-03-16,DPM,7230,6960,7060,7070,6623.58984375,1017740,7195421800
2018-03-19,DPM,7140,6960,7140,6960,6509.39111328125,982740,6839870400
2018-03-20,DPM,6980,6840,6960,6860,6423.740234375,733370,5030918200
2018-03-21,DPM,6980,6810,6890,6960,6509.39111328125,659150,4587684000
2018-03-22,DPM,7050,6960,6980,6960,6523.6650390625,554870,3861895200
2018-03-23,DPM,6960,6810,6860,6960,6523.6650390625,699710,4869981600
2018-03-26,DPM,6960,6830,6960,6830,6395.19189453125,359470,2455180100
2018-03-27,DPM,6960,6720,6830,6740,6309.541015625,893100,6019494000
2018-03-28,DPM,6800,6710,6740,6710,6280.99072265625,247390,1659986900
2018-03-29,DPM,6800,6570,6800,6690,6266.71533203125,1048030,7011320700
2018-03-30,DPM,6710,6620,6690,6710,6280.99072265625,243630,1634757300
2018-04-02,DPM,6800,6630,6740,6630,6209.615234375,803710,5328597300
2018-04-03,DPM,6630,6490,6620,6510,6095.41650390625,1322130,8607066300
2018-04-04,DPM,6570,6480,6560,6490,6081.14111328125,473830,3075156700
2018-04-05,DPM,6530,6480,6480,6490,6081.14111328125,415520,2696724800
2018-04-06,DPM,6530,6460,6530,6480,6066.86669921875,505550,3275964000
2018-04-09,DPM,6510,6480,6480,6490,6081.14111328125,557760,3619862400
2018-04-10,DPM,6710,6490,6490,6620,6195.34033203125,1321190,8746277800
2018-04-11,DPM,6620,6480,6620,6490,6081.14111328125,569600,3696704000
2018-04-12,DPM,6570,6490,6490,6530,6109.6923828125,292830,1912179900
2018-04-13,DPM,6530,6340,6530,6370,5966.94140625,1007390,6417074300
2018-04-16,DPM,6420,6310,6370,6310,5909.84130859375,515740,3254319400
2018-04-17,DPM,6340,6240,6310,6250,5852.7421875,538280,3364250000
2018-04-18,DPM,6340,6150,6250,6150,5752.81640625,445210,2738041500
2018-04-19,DPM,6220,6080,6190,6080,5695.71630859375,891290,5419043200
2018-04-20,DPM,6190,6070,6070,6130,5738.54052734375,335430,2056185900
2018-04-23,DPM,6160,5790,6130,5790,5424.4921875,600860,3478979400
2018-04-24,DPM,5990,5730,5730,5840,5467.31787109375,373410,2180714400
2018-04-26,DPM,5930,5780,5850,5820,5453.04248046875,748970,4359005400
2018-04-27,DPM,5840,5750,5820,5820,5453.04248046875,782950,4556769000
2018-05-02,DPM,5850,5670,5850,5670,5310.2919921875,905520,5134298400
2018-05-03,DPM,5660,5480,5650,5540,5181.8173828125,1021150,5657171000
2018-05-04,DPM,5610,5540,5540,5580,5224.6416015625,988760,5517280800
2018-05-07,DPM,5650,5580,5610,5650,5281.7421875,283730,1603074500
2018-05-08,DPM,5650,5610,5650,5650,5281.7421875,521020,2943763000
2018-05-09,DPM,5750,5590,5650,5700,5338.8427734375,438000,2496600000
2018-05-10,DPM,5910,5670,5730,5820,5453.04248046875,1028590,5986393800
2018-05-11,DPM,5880,5700,5770,5850,5481.59228515625,408580,2390193000
2018-05-14,DPM,5910,5780,5820,5910,5538.69189453125,517520,3058543200
2018-05-15,DPM,6150,5850,5930,6070,5681.4423828125,1173780,7124844600
2018-05-16,DPM,6070,5880,6070,5880,5510.14306640625,502980,2957522400
2018-05-17,DPM,5970,5860,5880,5880,5510.14306640625,634490,3730801200
2018-05-18,DPM,5950,5770,5860,5790,5424.4921875,711320,4118542800
2018-05-21,DPM,5910,5770,5880,5770,5395.94140625,427900,2468983000
2018-05-22,DPM,5820,5480,5610,5670,5310.2919921875,369290,2093874300
2018-05-23,DPM,5720,5530,5700,5590,5238.91748046875,660550,3692474500
2018-05-24,DPM,5670,5230,5670,5340,4996.24267578125,1720290,9186348600
2018-05-25,DPM,5390,5130,5270,5210,4882.04296875,671720,3499661200
2018-05-28,DPM,5340,4920,5340,5030,4710.74365234375,613080,3083792400
2018-05-29,DPM,5150,4980,5000,5030,4710.74365234375,1238480,6229554400
2018-05-30,DPM,5080,4980,5030,5030,4710.74365234375,1753870,8821966100
2018-05-31,DPM,5080,5010,5030,5060,4739.29296875,1755480,8882728800
2018-06-01,DPM,5250,5080,5150,5150,4824.94287109375,939660,4839249000
2018-06-04,DPM,5390,5190,5190,5360,5024.79345703125,1565320,8390115200
2018-06-05,DPM,5540,5360,5390,5530,5167.54345703125,1331040,7360651200
2018-06-06,DPM,5530,5430,5530,5470,5124.71826171875,1076390,5887853300
2018-06-07,DPM,5820,5550,5550,5790,5424.4921875,1295600,7501524000
2018-06-08,DPM,5880,5700,5790,5810,5438.76806640625,1149950,6681209500
2018-06-11,DPM,5840,5650,5790,5810,5438.76806640625,715080,4154614800
2018-06-12,DPM,5750,5470,5750,5630,5267.46728515625,1255740,7069816200
2018-06-13,DPM,5670,5550,5580,5630,5267.46728515625,370620,2086590600
2018-06-14,DPM,5740,5650,5670,5670,5312.74658203125,363520,2061158400
2018-06-15,DPM,5670,5560,5660,5560,5207.0947265625,734040,4081262400
2018-06-18,DPM,5630,5450,5560,5450,5101.44384765625,424250,2312162500
2018-06-19,DPM,5430,5270,5340,5300,4965.60693359375,624180,3308154000
2018-06-20,DPM,5430,5320,5350,5430,5086.3515625,419770,2279351100
2018-06-21,DPM,5480,5350,5480,5390,5041.07177734375,503300,2712787000
2018-06-22,DPM,5500,5350,5390,5450,5101.44384765625,1274320,6945044000
2018-06-25,DPM,5810,5540,5810,5690,5327.83984375,751270,4274726300
2018-06-26,DPM,5690,5530,5650,5580,5222.18798828125,437090,2438962200
2018-06-27,DPM,5660,5560,5580,5580,5222.18798828125,630240,3516739200
2018-06-28,DPM,5650,5520,5580,5520,5161.81591796875,1232990,6806104800
2018-06-29,DPM,5580,5460,5480,5540,5192.001953125,291300,1613802000
2018-07-02,DPM,5520,5390,5520,5420,5071.25732421875,723800,3922996000
2018-07-03,DPM,5460,5350,5420,5350,5010.8857421875,826640,4422524000
2018-07-04,DPM,5370,5280,5350,5350,5010.8857421875,576470,3084114500
2018-07-05,DPM,5420,5320,5420,5340,4995.79248046875,505420,2698942800
2018-07-06,DPM,5370,5270,5340,5350,5010.8857421875,532580,2849303000
2018-07-09,DPM,5430,5350,5390,5420,5071.25732421875,246710,1337168200
2018-07-10,DPM,5610,5420,5420,5590,5237.28076171875,547550,3060804500
2018-07-11,DPM,5580,5370,5580,5370,5025.978515625,1211530,6505916100
2018-07-12,DPM,5530,5350,5350,5390,5041.07177734375,868670,4682131300
2018-07-13,DPM,5500,5390,5390,5500,5146.72265625,421010,2315555000
2018-07-16,DPM,5560,5500,5520,5530,5176.90869140625,474690,2625035700
2018-07-17,DPM,5560,5480,5540,5560,5207.0947265625,359130,1996762800
2018-07-18,DPM,5740,5540,5590,5710,5342.9326171875,862190,4923104900
2018-07-19,DPM,5770,5660,5740,5670,5312.74658203125,716790,4064199300
2018-07-20,DPM,5670,5590,5650,5610,5252.37353515625,815750,4576357500
2018-07-23,DPM,5760,5590,5690,5740,5373.11962890625,536810,3081289400
2018-07-24,DPM,5770,5670,5740,5740,5373.11962890625,404140,2319763600
2018-07-25,DPM,6030,5710,5710,5840,5463.67724609375,2981650,17412836000
2018-07-26,DPM,5910,5650,5910,5780,5418.39794921875,1283220,7417011600
2018-07-27,DPM,5820,5710,5780,5740,5373.11962890625,208890,1199028600
2018-07-30,DPM,5850,5740,5850,5840,5463.67724609375,471720,2754844800
2018-07-31,DPM,6010,5840,5840,5960,5569.32763671875,982400,5855104000
2018-08-01,DPM,5960,5860,5960,5860,5493.86279296875,547100,3206006000
2018-08-02,DPM,5880,5770,5840,5850,5478.76953125,335660,1963611000
2018-08-03,DPM,5860,5780,5860,5820,5448.583984375,399260,2323693200
2018-08-06,DPM,6000,5820,5820,5960,5569.32763671875,948410,5652523600
2018-08-07,DPM,5930,5850,5930,5910,5524.04833984375,96350,569428500
2018-08-08,DPM,5930,5850,5850,5910,5524.04833984375,398450,2354839500
2018-08-09,DPM,5910,5840,5910,5840,5463.67724609375,476270,2781416800
2018-08-10,DPM,5860,5670,5840,5740,5373.11962890625,507800,2914772000
2018-08-13,DPM,5810,5660,5740,5670,5312.74658203125,548380,3109314600
2018-08-14,DPM,5850,5650,5670,5850,5478.76953125,597880,3497598000
2018-08-15,DPM,5860,5740,5860,5760,5388.21142578125,219520,1264435200
2018-08-16,DPM,5840,5710,5760,5840,5463.67724609375,398220,2325604800
2018-08-17,DPM,5850,5740,5840,5770,5403.30419921875,331290,1911543300
2018-08-20,DPM,5810,5740,5770,5770,5403.30419921875,281090,1621889300
2018-08-21,DPM,5810,5720,5740,5740,5373.11962890625,288430,1655588200
2018-08-22,DPM,5820,5740,5740,5740,5373.11962890625,528560,3033934400
2018-08-23,DPM,5770,5720,5740,5740,5373.11962890625,311010,1785197400
2018-08-24,DPM,5740,5710,5720,5720,5358.025390625,156780,896781600
2018-08-27,DPM,5740,5650,5740,5650,5282.56005859375,941300,5318345000
2018-08-28,DPM,5690,5630,5650,5650,5282.56005859375,585070,3305645500
2018-08-29,DPM,5610,5530,5590,5530,5176.90869140625,531690,2940245700
2018-08-30,DPM,5610,5480,5610,5520,5161.81591796875,597100,3295992000
2018-08-31,DPM,5660,5520,5520,5660,5297.6533203125,373960,2116613600
2018-09-04,DPM,5760,5670,5710,5710,5342.9326171875,354520,2024309200
2018-09-05,DPM,5690,5580,5670,5610,5252.37353515625,208810,1171424100
2018-09-06,DPM,5610,5520,5610,5520,5161.81591796875,212610,1173607200
2018-09-07,DPM,5650,5520,5520,5650,5282.56005859375,272120,1537478000
2018-09-10,DPM,5650,5560,5590,5650,5282.56005859375,63430,358379500
2018-09-11,DPM,5650,5540,5540,5610,5252.37353515625,151130,847839300
2018-09-12,DPM,5670,5580,5610,5630,5267.46728515625,412060,2319897800
2018-09-13,DPM,5660,5590,5610,5590,5237.28076171875,57430,321033700
2018-09-14,DPM,5660,5590,5660,5590,5237.28076171875,145410,812841900
2018-09-17,DPM,5660,5540,5590,5650,5282.56005859375,235800,1332270000
2018-09-18,DPM,5660,5610,5650,5610,5252.37353515625,258280,1448950800
2018-09-19,DPM,5710,5630,5650,5660,5297.6533203125,363460,2057183600
2018-09-20,DPM,5840,5670,5690,5840,5463.67724609375,738570,4313248800
2018-09-21,DPM,5850,5770,5850,5780,5418.39794921875,690960,3993748800
2018-09-24,DPM,5910,5780,5840,5910,5524.04833984375,729170,4309394700
2018-09-25,DPM,6000,5860,5910,5960,5584.4208984375,682230,4066090800
2018-09-26,DPM,6370,5930,5960,6290,5886.28125,2083370,13104397300
2018-09-27,DPM,6490,6190,6230,6300,5901.3740234375,708530,4463739000
2018-09-28,DPM,6320,6190,6190,6260,5856.09521484375,580530,3634117800
2018-10-01,DPM,6490,6270,6290,6380,5976.8408203125,1669050,10648539000
2018-10-02,DPM,6430,6260,6340,6290,5886.28125,654850,4119006500
2018-10-03,DPM,6290,6160,6290,6190,5795.7236328125,681970,4221394300
2018-10-04,DPM,6290,6160,6290,6230,5825.91015625,566490,3529232700
2018-10-05,DPM,6200,6110,6150,6110,5720.25830078125,823130,5029324300
2018-10-08,DPM,6060,5910,6060,6000,5614.6064453125,1655660,9933960000
2018-10-09,DPM,6060,5930,5930,5960,5584.4208984375,188780,1125128800
2018-10-10,DPM,6000,5910,5960,5930,5554.2353515625,427860,2537209800
2018-10-11,DPM,5810,5650,5810,5690,5327.83984375,1366020,7772653800
2018-10-12,DPM,5910,5650,5660,5810,5433.49072265625,774880,4502052800
2018-10-15,DPM,5820,5590,5820,5650,5282.56005859375,364820,2061233000
2018-10-16,DPM,5910,5670,5770,5810,5433.49072265625,261500,1519315000
2018-10-17,DPM,5910,5810,5910,5840,5463.67724609375,325250,1899460000
2018-10-18,DPM,5860,5810,5840,5810,5433.49072265625,266960,1551037600
2018-10-19,DPM,5960,5740,5810,5810,5433.49072265625,701200,4073972000
2018-10-22,DPM,5860,5780,5810,5810,5433.49072265625,302600,1758106000
2018-10-23,DPM,5840,5710,5840,5770,5403.30419921875,385500,2224335000
2018-10-24,DPM,5810,5630,5770,5690,5327.83984375,481790,2741385100
2018-10-25,DPM,5710,5520,5540,5650,5282.56005859375,334680,1890942000
2018-10-26,DPM,5840,5670,5740,5810,5433.49072265625,388550,2257475500
2018-10-29,DPM,5840,5760,5810,5810,5433.49072265625,1079660,6272824600
2018-10-30,DPM,5930,5720,5760,5860,5493.86279296875,560860,3286639600
2018-10-31,DPM,6080,5910,5910,6060,5674.97900390625,543980,3296518800
2018-11-01,DPM,6060,5960,6060,5960,5584.4208984375,224520,1338139200
2018-11-02,DPM,6110,5960,5960,6060,5674.97900390625,318810,1931988600
2018-11-05,DPM,6060,5910,6000,6060,5674.97900390625,715770,4337566200
2018-11-06,DPM,6110,6000,6000,6030,5644.79345703125,238070,1435562100
2018-11-07,DPM,6060,5960,5960,6060,5674.97900390625,242960,1472337600
2018-11-08,DPM,6110,6000,6100,6050,5659.8857421875,204590,1237769500
2018-11-09,DPM,6050,5960,5960,5960,5569.32763671875,310090,1848136400
2018-11-12,DPM,5960,5910,5930,5960,5569.32763671875,264200,1574632000
2018-11-13,DPM,6030,5880,5930,6030,5644.79345703125,364210,2196186300
2018-11-14,DPM,6230,6060,6110,6060,5674.97900390625,688160,4170249600
2018-11-15,DPM,6190,6080,6120,6160,5765.5380859375,553790,3411346400
2018-11-16,DPM,6160,6100,6120,6100,5705.16455078125,157220,959042000
2018-11-19,DPM,6170,6030,6100,6120,5735.3515625,141340,865000800
2018-11-20,DPM,6400,6060,6120,6320,5916.46826171875,1124500,7106840000
2018-11-21,DPM,6450,6290,6320,6400,5991.9326171875,1278540,8182656000
2018-11-22,DPM,6450,6320,6450,6420,6007.0263671875,278620,1788740400
2018-11-23,DPM,6540,6300,6350,6430,6022.1181640625,885570,5694215100
2018-11-26,DPM,6480,6380,6380,6380,5976.8408203125,330770,2110312600
2018-11-27,DPM,6670,6350,6380,6670,6248.51416015625,942990,6289743300
2018-11-28,DPM,6710,6560,6670,6670,6248.51416015625,416450,2777721500
2018-11-29,DPM,6940,6610,6670,6810,6384.35205078125,1031240,7022744400
2018-11-30,DPM,7000,6710,6810,6960,6520.18896484375,721080,5018716800
2018-12-03,DPM,7100,6880,6960,7000,6550.37451171875,603230,4222610000
2018-12-04,DPM,7140,6950,7070,7000,6550.37451171875,544290,3810030000
2018-12-05,DPM,6980,6830,6860,6830,6399.4443359375,340050,2322541500
2018-12-06,DPM,7030,6560,6720,7030,6580.560546875,827920,5820277600
2018-12-07,DPM,7030,6760,7030,6760,6339.0732421875,441720,2986027200
2018-12-10,DPM,6940,6640,6640,6710,6278.7001953125,612710,4111284100
2018-12-11,DPM,6860,6710,6710,6760,6339.0732421875,271550,1835678000
2018-12-12,DPM,6860,6740,6740,6760,6339.0732421875,334460,2260949600
2018-12-13,DPM,6830,6660,6830,6720,6293.79345703125,254310,1708963200
2018-12-14,DPM,7000,6710,6720,6900,6459.8173828125,745420,5143398000
2018-12-17,DPM,6900,6760,6900,6760,6323.97998046875,183050,1237418000
2018-12-18,DPM,6810,6640,6760,6760,6323.97998046875,383560,2592865600
2018-12-19,DPM,6810,6670,6760,6760,6339.0732421875,292460,1977029600
2018-12-20,DPM,7030,6690,6690,7000,6565.46728515625,542450,3797150000
2018-12-21,DPM,7030,6880,6940,6940,6490.00244140625,492080,3415035200
2018-12-24,DPM,7140,6960,6960,7100,6640.9326171875,1146110,8137381000
2018-12-25,DPM,7330,6960,7000,7330,6867.3291015625,964050,7066486500
2018-12-26,DPM,7410,7260,7260,7320,6852.23486328125,445510,3261133200
2018-12-27,DPM,7400,7260,7350,7280,6822.05029296875,419210,3051848800
2018-12-28,DPM,7280,7170,7260,7190,6731.49169921875,343280,2468183200
2019-01-02,DPM,7250,7000,7130,7100,6640.9326171875,432250,3068975000
2019-01-03,DPM,7150,6760,7060,6760,6339.0732421875,738890,4994896400
2019-01-04,DPM,6960,6610,6740,6960,6520.18896484375,683510,4757229600
2019-01-07,DPM,7060,6900,6900,7030,6580.560546875,228190,1604175700
2019-01-08,DPM,7030,6830,7030,6880,6444.72412109375,156460,1076444800
2019-01-09,DPM,6960,6880,6940,6900,6459.8173828125,257190,1774611000
2019-01-10,DPM,7000,6760,6760,6950,6505.09521484375,614940,4273833000
2019-01-11,DPM,6950,6810,6950,6880,6444.72412109375,311560,2143532800
2019-01-14,DPM,6910,6810,6830,6860,6429.63037109375,241320,1655455200
2019-01-15,DPM,7100,6830,6900,7100,6640.9326171875,743000,5275300000
2019-01-16,DPM,7190,7060,7150,7130,6671.119140625,291560,2078822800
2019-01-17,DPM,7400,7130,7130,7330,6867.3291015625,1264490,9268711700
2019-01-18,DPM,7480,7260,7320,7480,7003.1650390625,757200,5663856000
2019-01-21,DPM,7410,7260,7410,7260,6806.95703125,443150,3217269000
2019-01-22,DPM,7450,7200,7260,7350,6882.42236328125,687000,5049450000
2019-01-23,DPM,7400,7280,7350,7370,6897.513671875,468580,3453434600
2019-01-24,DPM,7370,7200,7370,7260,6806.95703125,549340,3988208400
2019-01-25,DPM,7260,7060,7260,7060,6610.74609375,553560,3908133600
2019-01-28,DPM,7220,7000,7030,7150,6701.306640625,257550,1841482500
2019-01-29,DPM,7380,7000,7150,7380,6912.60693359375,610910,4508515800
2019-01-30,DPM,7380,7260,7380,7320,6852.23486328125,138830,1016235600
2019-01-31,DPM,7410,7280,7320,7320,6852.23486328125,695140,5088424800
2019-02-01,DPM,7320,7190,7260,7220,6761.67822265625,357420,2580572400
2019-02-11,DPM,7280,7190,7260,7260,6806.95703125,368970,2678722200
2019-02-12,DPM,7280,7220,7260,7280,6822.05029296875,753200,5483296000
2019-02-13,DPM,7610,7320,7410,7560,7078.6298828125,1422570,10754629200
2019-02-14,DPM,7640,7520,7570,7520,7033.35107421875,656110,4933947200
2019-02-15,DPM,7520,7380,7520,7410,6942.79345703125,1027640,7614812400
2019-02-18,DPM,7410,7300,7380,7320,6942.79345703125,770710,5641597200
2019-02-19,DPM,7520,7320,7320,7380,6912.60693359375,1193410,8807365800
2019-02-20,DPM,7410,7330,7350,7380,6912.60693359375,591800,4367484000
2019-02-21,DPM,7380,6900,7350,7060,6610.74609375,1295960,9149477600
2019-02-22,DPM,7060,6690,7060,6740,6308.88671875,1910900,12879466000
2019-02-25,DPM,6960,6740,6740,6760,6339.0732421875,510760,3452737600
2019-02-26,DPM,6830,6670,6830,6720,6293.79345703125,581280,3906201600
2019-02-27,DPM,6820,6720,6820,6740,6309.25634765625,622870,4198143800
2019-02-28,DPM,6880,6740,6740,6740,6309.25634765625,496750,3348095000
2019-03-01,DPM,6870,6720,6870,6760,6324.720703125,169600,1146496000
2019-03-04,DPM,6810,6710,6760,6760,6324.720703125,458130,3096958800
2019-03-05,DPM,6870,6740,6760,6870,6432.96875,533880,3667755600
2019-03-06,DPM,6910,6820,6910,6910,6463.896484375,122570,846958700
2019-03-07,DPM,6920,6770,6910,6810,6371.11328125,410470,2795300700
2019-03-08,DPM,6810,6710,6740,6740,6371.11328125,271050,1826877000
2019-03-11,DPM,6790,6720,6770,6740,6309.25634765625,249210,1679675400
2019-03-12,DPM,6850,6740,6740,6850,6417.5048828125,334680,2292558000
2019-03-13,DPM,6910,6770,6870,6770,6340.18505859375,405210,2743271700
2019-03-14,DPM,6810,6740,6770,6740,6309.25634765625,325250,2192185000
2019-03-15,DPM,6790,6660,6770,6660,6231.93798828125,471830,3142387800
2019-03-18,DPM,6770,6670,6670,6760,6324.720703125,437670,2958649200
2019-03-19,DPM,6720,6580,6710,6620,6201.009765625,517420,3425320400
2019-03-20,DPM,6670,6580,6620,6670,6247.4013671875,268210,1788960700
2019-03-21,DPM,6710,6540,6710,6610,6185.54638671875,323220,2136484200
2019-03-22,DPM,6670,6570,6610,6610,6185.54638671875,228440,1509988400
2019-03-25,DPM,6580,6470,6470,6540,6123.68994140625,599930,3923542200
2019-03-26,DPM,6560,6510,6540,6560,6139.15576171875,226520,1485971200
2019-03-27,DPM,6570,6530,6560,6540,6123.68994140625,114070,746017800
2019-03-28,DPM,6560,6310,6560,6360,5953.5888671875,543230,3454942800
2019-03-29,DPM,6470,6340,6360,6470,6061.83544921875,529750,3427482500
2019-04-01,DPM,6470,6360,6440,6460,6046.37109375,185990,1201495400
2019-04-02,DPM,6460,6340,6460,6360,5953.5888671875,110820,704815200
2019-04-03,DPM,6380,6330,6340,6340,5938.1240234375,159210,1009391400
2019-04-04,DPM,6340,6180,6340,6210,5814.4130859375,540170,3354455700
2019-04-05,DPM,6210,6110,6210,6150,5752.55712890625,312790,1923658500
2019-04-08,DPM,6310,6150,6150,6260,5860.80517578125,184270,1153530200
2019-04-09,DPM,6270,6150,6270,6150,5752.55712890625,210460,1294329000
2019-04-10,DPM,6150,6010,6150,6010,5628.84716796875,350220,2104822200
2019-04-11,DPM,6110,5990,6080,6010,5628.84716796875,138330,831363300
2019-04-12,DPM,6060,5990,6060,6050,5659.77490234375,214390,1297059500
2019-04-16,DPM,6050,5910,6050,5970,5597.919921875,416160,2484475200
2019-04-17,DPM,6010,5950,6010,5960,5582.45458984375,138850,827546000
2019-04-18,DPM,5960,5800,5930,5800,5427.8173828125,360340,2089972000
2019-04-19,DPM,5800,5730,5800,5800,5427.8173828125,286000,1658800000
2019-04-22,DPM,5820,5630,5820,5630,5273.177734375,237300,1335999000
2019-04-23,DPM,5900,5630,5630,5850,5474.20849609375,473710,2771203500
2019-04-24,DPM,5970,5850,5850,5950,5566.9921875,216350,1287282500
2019-04-25,DPM,5970,5880,5950,5960,5582.45458984375,78770,469469200
2019-04-26,DPM,5950,5880,5910,5950,5566.9921875,139400,829430000
2019-05-02,DPM,5990,5880,5970,5960,5582.45458984375,268140,1598114400
2019-05-03,DPM,5990,5950,5970,5990,5613.38330078125,283250,1696667500
2019-05-06,DPM,5950,5850,5950,5850,5474.20849609375,136840,800514000
2019-05-07,DPM,5960,5750,5850,5950,5566.9921875,367380,2185911000
2019-05-08,DPM,5950,5780,5950,5780,5412.35302734375,189830,1097217400
2019-05-09,DPM,5910,5800,5800,5820,5443.2802734375,98300,572106000
2019-05-10,DPM,5930,5850,5930,5910,5536.06396484375,127320,752461200
2019-05-13,DPM,5910,5780,5780,5850,5474.20849609375,121080,708318000
2019-05-14,DPM,5930,5780,5850,5830,5458.744140625,271900,1585177000
2019-05-15,DPM,5910,5830,5830,5910,5536.06396484375,135460,800568600
2019-05-16,DPM,5950,5880,5880,5900,5520.60009765625,138200,815380000
2019-05-17,DPM,5910,5800,5880,5800,5427.8173828125,254780,1477724000
2019-05-20,DPM,5850,5800,5800,5800,5427.8173828125,216940,1258252000
2019-05-21,DPM,5900,5830,5850,5830,5458.744140625,201580,1175211400
2019-05-22,DPM,5860,5800,5800,5800,5427.8173828125,119030,690374000
2019-05-23,DPM,6120,5780,5800,6120,5737.09375,779960,4773355200
2019-05-24,DPM,6190,6010,6110,6120,5737.09375,720410,4408909200
2019-05-27,DPM,6160,6080,6120,6150,5752.55712890625,180500,1110075000
2019-05-28,DPM,6160,5970,6110,6030,5644.310546875,426470,2571614100
2019-05-29,DPM,6160,6010,6080,6120,5737.09375,293070,1793588400
2019-05-30,DPM,6150,6030,6150,6030,5644.310546875,241650,1457149500
2019-05-31,DPM,6120,5900,6060,5900,5520.60009765625,607600,3584840000
2019-06-03,DPM,6030,5820,5900,5950,5566.9921875,696080,4141676000
2019-06-04,DPM,6010,5820,5950,5900,5520.60009765625,338540,1997386000
2019-06-05,DPM,6050,5950,6050,6010,5628.84716796875,380980,2289689800
2019-06-06,DPM,6050,5850,6010,5950,5566.9921875,191910,1141864500
2019-06-07,DPM,5990,5910,5970,5960,5582.45458984375,124440,741662400
2019-06-10,DPM,6050,5910,6010,6010,5628.84716796875,283670,1704856700
2019-06-11,DPM,6010,5880,6010,5880,5505.1357421875,169120,994425600
2019-06-12,DPM,5960,5770,5880,5850,5474.20849609375,798250,4669762500
2019-06-13,DPM,5970,5850,5970,5900,5521.94873046875,944940,5575146000
2019-06-14,DPM,5960,5780,5910,5830,5458.29443359375,285710,1665689300
2019-06-17,DPM,5820,5590,5820,5610,5251.4208984375,471760,2646573600
2019-06-18,DPM,5660,5590,5610,5630,5267.33447265625,115500,650265000
2019-06-19,DPM,5650,5530,5530,5530,5171.85400390625,432050,2389236500
2019-06-20,DPM,5580,5510,5580,5540,5187.76708984375,1328720,7361108800
2019-06-21,DPM,5540,5420,5540,5440,5092.287109375,6145890,33433641600
2019-06-24,DPM,5580,5460,5540,5540,5187.76708984375,399080,2210903200
2019-06-25,DPM,5510,5460,5510,5470,5124.1142578125,532780,2914306600
2019-06-26,DPM,5460,5320,5440,5320,4980.8935546875,1411060,7506839200
2019-06-27,DPM,5340,4980,5320,5110,4774.02001953125,2126990,10868918900
2019-06-28,DPM,5160,5000,5110,5150,4821.759765625,961810,4953321500
2019-07-01,DPM,5370,5160,5190,5370,5028.63330078125,626660,3365164200
2019-07-02,DPM,5340,5250,5340,5280,4949.06591796875,536810,2834356800
2019-07-03,DPM,5260,5190,5260,5190,4853.5859375,381370,1979310300
2019-07-04,DPM,5300,5190,5190,5300,4964.9794921875,469950,2490735000
2019-07-05,DPM,5320,5240,5300,5250,4917.2392578125,487520,2559480000
2019-07-08,DPM,5260,5200,5260,5250,4917.2392578125,658990,3459697500
2019-07-09,DPM,5300,5240,5250,5260,4933.15283203125,461940,2429804400
2019-07-10,DPM,5360,5260,5260,5320,4980.8935546875,385470,2050700400
2019-07-11,DPM,5360,5260,5360,5260,4933.15283203125,369600,1944096000
2019-07-12,DPM,5300,5250,5260,5250,4917.2392578125,451710,2371477500
2019-07-15,DPM,5250,5220,5250,5220,4885.41259765625,495720,2587658400
2019-07-16,DPM,5260,5200,5240,5220,4885.41259765625,290140,1514530800
2019-07-17,DPM,5250,5190,5220,5200,4869.49853515625,307260,1597752000
2019-07-18,DPM,5200,5150,5200,5160,4837.6728515625,151460,781533600
2019-07-19,DPM,5200,5150,5190,5150,4821.759765625,407720,2099758000
2019-07-22,DPM,5200,5130,5150,5150,4821.759765625,212360,1093654000
2019-07-23,DPM,5190,5130,5150,5130,4805.845703125,315400,1618002000
2019-07-24,DPM,5160,5080,5130,5110,4774.02001953125,284980,1456247800
2019-07-25,DPM,5130,5060,5110,5060,4774.02001953125,144870,733042200
2019-07-26,DPM,5110,5000,5060,5000,4774.02001953125,319660,1598300000
2019-07-29,DPM,5110,5030,5030,5060,4774.02001953125,297450,1505097000
2019-07-30,DPM,5060,4930,5060,4930,4774.02001953125,400860,1976239800
2019-07-31,DPM,4960,4820,4960,4890,4583.05859375,270530,1322891700
2019-08-01,DPM,4960,4870,4930,4870,4567.14404296875,261860,1275258200
2019-08-02,DPM,4860,4740,4860,4760,4455.7509765625,511540,2434930400
2019-08-05,DPM,4760,4620,4760,4640,4344.35693359375,576630,2675563200
2019-08-06,DPM,4670,4550,4590,4640,4344.35693359375,264100,1225424000
2019-08-07,DPM,4660,4610,4640,4610,4312.5302734375,253780,1169925800
2019-08-08,DPM,4680,4570,4610,4670,4376.18408203125,560900,2619403000
2019-08-09,DPM,4850,4670,4730,4770,4471.66455078125,539440,2573128800
2019-08-12,DPM,4890,4740,4760,4890,4583.05859375,359900,1759911000
2019-08-13,DPM,4890,4760,4890,4760,4455.7509765625,679260,3233277600
2019-08-14,DPM,4850,4710,4850,4710,4408.01025390625,545760,2570529600
2019-08-15,DPM,4730,4670,4680,4710,4408.01025390625,374460,1763706600
2019-08-16,DPM,4760,4660,4710,4680,4392.0966796875,432780,2025410400
2019-08-19,DPM,4790,4670,4760,4670,4376.18408203125,316080,1476093600
2019-08-20,DPM,4730,4660,4680,4670,4376.18408203125,392900,1834843000
2019-08-21,DPM,4680,4640,4670,4640,4344.35693359375,375510,1742366400
2019-08-22,DPM,4730,4610,4640,4640,4344.35693359375,487350,2261304000
2019-08-23,DPM,4730,4640,4640,4710,4408.01025390625,352360,1659615600
2019-08-26,DPM,4680,4590,4670,4620,4328.4443359375,692800,3200736000
2019-08-27,DPM,4660,4570,4660,4570,4280.70361328125,537660,2457106200
2019-08-28,DPM,4590,4490,4570,4500,4217.05029296875,650140,2925630000
2019-08-29,DPM,4570,4500,4500,4570,4280.70361328125,242740,1109321800
2019-08-30,DPM,4660,4570,4570,4660,4360.27099609375,426770,1988748200
2019-09-03,DPM,4660,4590,4620,4640,4344.35693359375,274860,1275350400
2019-09-04,DPM,4640,4590,4620,4640,4344.35693359375,257430,1194475200
2019-09-05,DPM,4620,4570,4620,4590,4296.61669921875,291640,1338627600
2019-09-06,DPM,4610,4540,4590,4540,4248.876953125,324510,1473275400
2019-09-09,DPM,4590,4540,4540,4540,4248.876953125,246300,1118202000
2019-09-10,DPM,4550,4490,4540,4490,4201.13671875,346930,1557715700
2019-09-11,DPM,4520,4280,4520,4340,4057.915771484375,482000,2091880000
2019-09-12,DPM,4440,4370,4370,4400,4121.56982421875,469320,2065008000
2019-09-13,DPM,4440,4400,4420,4420,4137.48291015625,254330,1124138600
2019-09-16,DPM,4450,4400,4420,4440,4153.396484375,461000,2046840000
2019-09-17,DPM,4440,4420,4420,4420,4137.48291015625,205920,910166400
2019-09-18,DPM,4520,4440,4440,4490,4201.13671875,327120,1468768800
2019-09-19,DPM,4500,4470,4500,4470,4185.2236328125,167040,746668800
2019-09-20,DPM,4540,4470,4470,4520,4232.9638671875,246120,1112462400
2019-09-23,DPM,4540,4470,4540,4470,4185.2236328125,134100,599427000
2019-09-24,DPM,4500,4440,4500,4440,4153.396484375,217440,965433600
2019-09-25,DPM,4470,4440,4440,4440,4153.396484375,199170,884314800
2019-09-26,DPM,4620,4440,4450,4620,4328.4443359375,966230,4463982600
2019-09-27,DPM,4640,4590,4620,4610,4312.5302734375,380470,1753966700
2019-09-30,DPM,4640,4520,4620,4540,4248.876953125,496130,2252430200
2019-10-01,DPM,4610,4520,4520,4610,4312.5302734375,274320,1264615200
2019-10-02,DPM,4610,4520,4610,4520,4232.9638671875,569220,2572874400
2019-10-03,DPM,4570,4490,4520,4570,4280.70361328125,277460,1267992200
2019-10-04,DPM,4820,4550,4550,4820,4503.4912109375,1179420,5684804400
2019-10-07,DPM,4870,4790,4820,4820,4519.40478515625,593390,2860139800
2019-10-08,DPM,4960,4770,4820,4960,4646.7119140625,723160,3586873600
2019-10-09,DPM,5030,4870,4960,5010,4694.4521484375,494870,2479298700
2019-10-10,DPM,5030,4920,5010,4920,4598.9716796875,469380,2309349600
2019-10-11,DPM,4980,4890,4920,4920,4598.9716796875,228830,1125843600
2019-10-14,DPM,5000,4920,4920,4960,4646.7119140625,232400,1152704000
2019-10-15,DPM,5200,4930,4930,5200,4869.49853515625,1247170,6485284000
2019-10-16,DPM,5240,5110,5160,5130,4805.845703125,454170,2329892100
2019-10-17,DPM,5200,5030,5160,5030,4710.3662109375,534700,2689541000
2019-10-18,DPM,5130,5030,5030,5080,4758.10546875,291600,1481328000
2019-10-21,DPM,5110,4960,5060,4980,4662.625,323090,1608988200
2019-10-22,DPM,4930,4710,4930,4790,4487.57763671875,913380,4375090200
2019-10-23,DPM,4890,4760,4790,4890,4583.05859375,316450,1547440500
2019-10-24,DPM,4930,4860,4930,4870,4567.14404296875,169340,824685800
2019-10-25,DPM,4870,4770,4860,4770,4471.66455078125,253730,1210292100
2019-10-28,DPM,4860,4760,4770,4760,4455.7509765625,214860,1022733600
2019-10-29,DPM,4860,4740,4760,4820,4519.40478515625,287340,1384978800
2019-10-30,DPM,4850,4760,4820,4760,4455.7509765625,219260,1043677600
2019-10-31,DPM,4790,4620,4760,4640,4344.35693359375,566720,2629580800
2019-11-01,DPM,4730,4640,4640,4730,4423.9248046875,183190,866488700
2019-11-04,DPM,4730,4620,4730,4640,4344.35693359375,351270,1629892800
2019-11-05,DPM,4660,4550,4640,4640,4344.35693359375,427410,1983182400
2019-11-06,DPM,4670,4590,4620,4670,4376.18408203125,144700,675749000
2019-11-07,DPM,4740,4660,4670,4680,4392.0966796875,217560,1018180800
2019-11-08,DPM,4730,4640,4730,4670,4376.18408203125,241580,1128178600
2019-11-11,DPM,4680,4640,4660,4660,4360.27099609375,136200,634692000
2019-11-12,DPM,4820,4640,4660,4820,4519.40478515625,396970,1913395400
2019-11-13,DPM,4890,4740,4890,4760,4455.7509765625,306730,1460034800
2019-11-14,DPM,4820,4730,4760,4770,4471.66455078125,301100,1436247000
2019-11-15,DPM,4820,4740,4820,4760,4455.7509765625,310270,1476885200
2019-11-18,DPM,4770,4710,4760,4740,4439.83740234375,85310,404369400
2019-11-19,DPM,4760,4590,4730,4660,4360.27099609375,270210,1259178600
2019-11-20,DPM,4730,4620,4620,4660,4360.27099609375,119040,554726400
2019-11-21,DPM,4670,4440,4620,4440,4153.396484375,289670,1286134800
2019-11-22,DPM,4620,4450,4450,4470,4185.2236328125,337910,1510457700
2019-11-25,DPM,4500,4450,4470,4500,4217.05029296875,286170,1287765000
2019-11-26,DPM,4520,4360,4500,4360,4073.828857421875,684460,2984245600
2019-11-27,DPM,4490,4360,4360,4440,4153.396484375,213400,947496000
2019-11-28,DPM,4470,4390,4470,4390,4105.65625,134230,589269700
2019-11-29,DPM,4420,4370,4390,4400,4121.56982421875,114550,504020000
2019-12-02,DPM,4450,4360,4420,4360,4073.828857421875,168660,735357600
2019-12-03,DPM,4420,4290,4360,4360,4073.828857421875,325510,1419223600
2019-12-04,DPM,4420,4340,4400,4360,4073.828857421875,150990,658316400
2019-12-05,DPM,4390,4360,4370,4360,4073.828857421875,109340,476722400
2019-12-06,DPM,4450,4340,4360,4450,4169.31005859375,130040,578678000
2019-12-09,DPM,4620,4450,4450,4550,4264.79052734375,465740,2119117000
2019-12-10,DPM,4570,4450,4570,4450,4169.31005859375,160530,714358500
2019-12-11,DPM,4520,4400,4450,4490,4201.13671875,127350,571801500
2019-12-12,DPM,4490,4400,4450,4490,4201.13671875,174910,785345900
2019-12-13,DPM,4550,4490,4520,4520,4232.9638671875,311070,1406036400
2019-12-16,DPM,4590,4520,4520,4590,4296.61669921875,176560,810410400
2019-12-17,DPM,4640,4570,4620,4570,4280.70361328125,258090,1179471300
2019-12-18,DPM,4570,4470,4570,4490,4201.13671875,214050,961084500
2019-12-19,DPM,4490,4390,4490,4390,4105.65625,313000,1374070000
2019-12-20,DPM,4440,4390,4390,4400,4121.56982421875,209760,922944000
2019-12-23,DPM,4440,4390,4420,4420,4137.48291015625,254960,1126923200
2019-12-24,DPM,4570,4450,4450,4570,4280.70361328125,273110,1248112700
2019-12-25,DPM,4570,4520,4570,4550,4264.79052734375,109800,499590000
2019-12-26,DPM,4550,4450,4540,4540,4248.876953125,314600,1428284000
2019-12-27,DPM,4540,4450,4520,4490,4201.13671875,299540,1344934600
2019-12-30,DPM,4490,4400,4490,4440,4153.396484375,391190,1736883600
2019-12-31,DPM,4470,4400,4440,4400,4121.56982421875,210190,924836000
2020-01-02,DPM,4450,4370,4440,4400,4121.56982421875,285280,1255232000
2020-01-03,DPM,4450,4340,4390,4360,4073.828857421875,379590,1655012400
2020-01-06,DPM,4360,4320,4320,4320,4042.00341796875,334320,1444262400
2020-01-07,DPM,4320,4260,4290,4260,3994.26220703125,256060,1090815600
2020-01-08,DPM,4290,4200,4250,4250,3978.348876953125,308760,1312230000
2020-01-09,DPM,4420,4250,4260,4420,4137.48291015625,109420,483636400
2020-01-10,DPM,4400,4320,4320,4340,4057.915771484375,121630,527874200
2020-01-13,DPM,4420,4360,4420,4390,4105.65625,233240,1023923600
2020-01-14,DPM,4420,4320,4420,4360,4073.828857421875,427120,1862243200
2020-01-15,DPM,4420,4290,4420,4340,4057.915771484375,279990,1215156600
2020-01-16,DPM,4360,4250,4340,4250,3978.348876953125,305870,1299947500
2020-01-17,DPM,4260,4220,4250,4250,3978.348876953125,142700,606475000
2020-01-20,DPM,4320,4240,4260,4280,4010.17578125,239160,1023604800
2020-01-21,DPM,4320,4240,4240,4290,4026.090087890625,268570,1152165300
2020-01-22,DPM,4340,4250,4320,4280,4010.17578125,282360,1208500800
2020-01-30,DPM,4280,4240,4260,4240,3962.435546875,387190,1641685600
2020-01-31,DPM,4250,3950,4240,3950,3691.90771484375,1236470,4884056500
2020-02-03,DPM,3910,3670,3870,3790,3548.687744140625,606680,2299317200
2020-02-04,DPM,4010,3780,3860,3930,3675.994384765625,404240,1588663200
2020-02-05,DPM,3960,3820,3930,3870,3628.25439453125,373200,1444284000
2020-02-06,DPM,3990,3820,3910,3970,3723.73486328125,324530,1288384100
2020-02-07,DPM,4030,3930,3970,3990,3739.6484375,216040,861999600
2020-02-10,DPM,3990,3910,3990,3960,3707.82177734375,133730,529570800
2020-02-11,DPM,3990,3910,3910,3970,3723.73486328125,114060,452818200
2020-02-12,DPM,4100,3970,3970,4100,3835.129150390625,313360,1284776000
2020-02-13,DPM,4110,4030,4100,4080,3819.21533203125,150190,612775200
2020-02-14,DPM,4110,4030,4080,4050,3787.388671875,200990,814009500
2020-02-17,DPM,4100,4050,4050,4050,3787.388671875,112390,455179500
2020-02-18,DPM,4130,4050,4080,4080,3819.21533203125,204090,832687200
2020-02-19,DPM,4150,4080,4100,4150,3882.869140625,247490,1027083500
2020-02-20,DPM,4360,4110,4150,4290,4026.090087890625,570380,2446930200
2020-02-21,DPM,4320,4220,4290,4220,3946.522705078125,219270,925319400
2020-02-24,DPM,4180,4010,4150,4030,3771.47509765625,380280,1532528400
2020-02-25,DPM,4080,3990,3990,4050,3787.388671875,168850,683842500
2020-02-26,DPM,4080,4030,4080,4059,3803.3017578125,143120,580924080
2020-02-27,DPM,4100,4050,4059,4100,3835.129150390625,172590,707619000
2020-02-28,DPM,4100,4010,4100,4030,3771.47509765625,175940,709038200
2020-03-02,DPM,4100,4030,4030,4080,3819.21533203125,170650,696252000
2020-03-03,DPM,4220,4080,4130,4220,3946.522705078125,393670,1661287400
2020-03-04,DPM,4450,4150,4220,4340,3946.522705078125,1332460,5782876400
2020-03-05,DPM,4420,4280,4420,4280,4010.17578125,583400,2496952000
2020-03-06,DPM,4290,4180,4280,4240,3962.435546875,429230,1819935200
2020-03-09,DPM,4150,3950,3950,3950,3691.90771484375,1185490,4682685500
2020-03-10,DPM,4160,3930,3930,4130,3866.95556640625,1173300,4845729000
2020-03-11,DPM,4150,3870,4130,4010,3755.56201171875,1060630,4253126300
2020-03-12,DPM,3910,3740,3740,3790,3548.687744140625,2577980,9770544200
2020-03-13,DPM,3860,3530,3710,3860,3612.3408203125,1056700,4078862000
2020-03-16,DPM,3870,3740,3840,3760,3516.860595703125,574850,2161436000
2020-03-17,DPM,3950,3640,3710,3950,3691.90771484375,871600,3442820000
2020-03-18,DPM,4130,3910,3930,4030,3771.47509765625,809770,3263373100
2020-03-19,DPM,4200,3870,3970,4100,3835.129150390625,1086000,4452600000
2020-03-20,DPM,4150,3970,4100,3970,3723.73486328125,557310,2212520700
2020-03-23,DPM,3950,3760,3950,3760,3516.860595703125,918170,3452319200
2020-03-24,DPM,3890,3760,3760,3870,3628.25439453125,457940,1772227800
2020-03-25,DPM,4010,3930,3930,3950,3691.90771484375,261260,1031977000
2020-03-26,DPM,3960,3870,3950,3930,3675.994384765625,331340,1302166200
2020-03-27,DPM,4050,3910,3960,3960,3707.82177734375,405990,1607720400
2020-03-30,DPM,3970,3840,3970,3870,3628.25439453125,1026330,3971897100
2020-03-31,DPM,4030,3870,3960,3890,3644.167724609375,585260,2276661400
2020-04-01,DPM,4160,3960,3960,4160,3898.781982421875,1259170,5238147200
2020-04-03,DPM,4290,4160,4250,4220,3946.522705078125,1465460,6184241200
2020-04-06,DPM,4420,4250,4250,4370,4089.74267578125,1343650,5871750500
2020-04-07,DPM,4370,4150,4360,4250,3978.348876953125,1802340,7659945000
2020-04-08,DPM,4540,4130,4180,4540,4248.876953125,2225670,10104541800
2020-04-09,DPM,4820,4620,4730,4660,4360.27099609375,3303220,15393005200
2020-04-10,DPM,4740,4550,4680,4660,4360.27099609375,1602940,7469700400
2020-04-13,DPM,4890,4640,4670,4710,4408.01025390625,2779820,13092952200
2020-04-14,DPM,4870,4590,4670,4850,4535.31787109375,2079080,10083538000
2020-04-15,DPM,4930,4820,4890,4820,4503.4912109375,1980480,9545913600
2020-04-16,DPM,4860,4710,4770,4740,4439.83740234375,1947290,9230154600
2020-04-17,DPM,4850,4670,4820,4730,4423.9248046875,2300970,10883588100
2020-04-20,DPM,5050,4710,4740,5050,4726.279296875,4050220,20453611000
2020-04-21,DPM,5370,5010,5110,5030,4710.3662109375,7312460,36781673800
2020-04-22,DPM,5340,4960,5030,5340,4996.806640625,3461780,18485905200
2020-04-23,DPM,5420,5200,5400,5200,4869.49853515625,2091490,10875748000
2020-04-24,DPM,5160,5030,5150,5110,4774.02001953125,2668200,13634502000
2020-04-27,DPM,5250,4810,5250,4890,4576.4736328125,6169550,30169099500
2020-04-28,DPM,5110,4960,4960,5080,4757.55712890625,1603560,8146084800
2020-04-29,DPM,5200,5010,5030,5030,4708.17041015625,1520640,7648819200
2020-05-04,DPM,4960,4750,4930,4780,4477.70068359375,2696350,12888553000
2020-05-05,DPM,4860,4690,4750,4710,4411.8525390625,2616090,12321783900
2020-05-06,DPM,4910,4750,4750,4910,4592.935546875,1757070,8627213700
2020-05-07,DPM,4960,4870,4930,4890,4576.4736328125,1297920,6346828800
2020-05-08,DPM,4940,4860,4890,4860,4543.548828125,3134380,15233086800
2020-05-11,DPM,4930,4820,4870,4870,4560.01171875,2108920,10270440400
2020-05-12,DPM,5190,4870,4930,5190,4856.330078125,4958340,25733784600
2020-05-13,DPM,5190,5030,5170,5110,4774.02001953125,2369590,12108604900
2020-05-14,DPM,5060,4940,5010,4940,4625.85986328125,2626800,12976392000
2020-05-15,DPM,4970,4810,4930,4810,4625.85986328125,4457340,21439805400
2020-05-18,DPM,4860,4710,4810,4820,4625.85986328125,2594900,12507418000
2020-05-19,DPM,4910,4810,4890,4810,4592.935546875,2046710,9844675100
2020-05-20,DPM,5080,4770,4820,5010,4592.935546875,5573910,27925289100
2020-05-21,DPM,5060,4960,5060,4960,4642.32177734375,2199500,10909520000
2020-05-22,DPM,5170,4930,4940,5110,4839.86865234375,4124110,21074202100
2020-05-25,DPM,5450,5120,5120,5380,5037.41259765625,6977860,37540886800
2020-05-26,DPM,5410,5250,5410,5290,5070.337890625,3081230,16299706700
2020-05-27,DPM,5500,5250,5310,5250,4905.71630859375,5350350,28089337500
2020-05-28,DPM,5350,5170,5250,5250,4905.71630859375,3472090,18228472500
2020-05-29,DPM,5310,5200,5250,5200,4872.79248046875,1924780,10008856000
2020-06-01,DPM,5390,5200,5230,5290,4955.1025390625,3311060,17515507400
2020-06-02,DPM,5310,5060,5310,5060,4741.09423828125,4314070,21829194200
2020-06-03,DPM,5150,5030,5060,5150,4823.4052734375,3381930,17416939500
2020-06-04,DPM,5190,5080,5150,5130,4806.94384765625,3482410,17864763300
2020-06-05,DPM,5250,5120,5120,5230,4889.25439453125,2600560,13600928800
2020-06-08,DPM,5330,5170,5250,5190,4889.25439453125,5604850,29089171500
2020-06-09,DPM,5290,5170,5230,5230,4889.25439453125,3878210,20283038300
2020-06-10,DPM,5310,5130,5230,5250,4922.17822265625,3546900,18621225000
2020-06-11,DPM,5410,4930,5270,4930,4609.3974609375,6437700,31737861000
2020-06-12,DPM,5050,4810,4830,5010,4691.70849609375,3830890,19192758900
2020-06-15,DPM,5060,4780,5030,4830,4527.08642578125,3451540,16670938200
2020-06-16,DPM,5080,4830,4890,5030,4708.17041015625,3429930,17252547900
2020-06-17,DPM,5050,4890,5030,4930,4609.3974609375,1783170,8791028100
2020-06-18,DPM,5030,4870,4890,4960,4642.32177734375,1633880,8104044800
2020-06-19,DPM,5080,4960,4960,5050,4724.63232421875,1992290,10061064500
2020-06-22,DPM,5390,5080,5110,5390,5053.87548828125,8819740,47538398600
2020-06-23,DPM,5550,5250,5530,5380,5037.41259765625,5608660,30174590800
2020-06-24,DPM,5450,5250,5450,5270,4938.640625,3234460,17045604200
2020-06-25,DPM,5430,5170,5170,5360,5020.95068359375,3777280,20246220800
2020-06-26,DPM,5430,5170,5390,5200,4872.79248046875,2548920,13254384000
2020-06-29,DPM,5190,4960,5170,5030,4708.17041015625,3694090,18581272700
2020-06-30,DPM,5120,4860,5110,4930,4609.3974609375,3015790,14867844700
2020-07-01,DPM,5110,4930,4970,5060,4741.09423828125,1345930,6810405800
2020-07-02,DPM,5080,4940,5060,5030,4708.17041015625,1517700,7634031000
2020-07-03,DPM,5080,5030,5030,5050,4724.63232421875,1331860,6725893000
2020-07-06,DPM,5150,5050,5060,5120,4790.48193359375,1585170,8116070400
2020-07-07,DPM,5170,5050,5170,5050,4724.63232421875,2239960,11311798000
2020-07-08,DPM,5150,5010,5050,5080,4757.55712890625,1375260,6986320800
2020-07-09,DPM,5130,5080,5130,5130,4806.94384765625,1487460,7630669800
2020-07-10,DPM,5250,5110,5110,5150,4806.94384765625,2521320,12984798000
2020-07-13,DPM,5250,5130,5170,5150,4823.4052734375,1878320,9673348000
2020-07-14,DPM,5250,5130,5150,5250,4905.71630859375,1854230,9734707500
2020-07-15,DPM,5310,5170,5270,5170,4905.71630859375,2195480,11350631600
2020-07-16,DPM,5250,5150,5170,5190,4856.330078125,1444960,7499342400
2020-07-17,DPM,5230,5130,5230,5130,4806.94384765625,1704340,8743264200
2020-07-20,DPM,5170,5060,5130,5060,4741.09423828125,1512120,7651327200
2020-07-21,DPM,5190,5060,5150,5150,4823.4052734375,2366640,12188196000
2020-07-22,DPM,5330,5190,5270,5250,4922.17822265625,3907150,20512537500
2020-07-23,DPM,5270,5150,5270,5230,4889.25439453125,1318400,6895232000
2020-07-24,DPM,5200,4870,5190,5010,4691.70849609375,4038360,20232183600
2020-07-27,DPM,4910,4670,4870,4670,4378.9287109375,5665380,26457324600
2020-07-28,DPM,5000,4730,4750,4960,4642.32177734375,2488040,12340678400
2020-07-29,DPM,4890,4660,4860,4780,4477.70068359375,2693800,12876364000
2020-07-30,DPM,4910,4780,4780,4820,4510.625,1444480,6962393600
2020-07-31,DPM,4870,4710,4750,4810,4494.1630859375,1439080,6921974800
2020-08-03,DPM,5000,4830,4830,4970,4658.7841796875,2076880,10322093600
2020-08-04,DPM,5050,4960,5010,5030,4708.17041015625,3088220,15533746600
2020-08-05,DPM,5160,5030,5110,5110,4777.40771484375,2775350,14182038500
2020-08-06,DPM,5110,5030,5080,5030,4708.17041015625,1511120,7600933600
2020-08-07,DPM,5110,5010,5030,5010,4690.86083984375,1729860,8666598600
2020-08-10,DPM,5110,5030,5030,5050,4725.47998046875,2367340,11955067000
2020-08-11,DPM,5240,5010,5110,5200,4863.95556640625,4241480,22055696000
2020-08-12,DPM,5240,5110,5210,5110,4777.40771484375,1904270,9730819700
2020-08-13,DPM,5340,5120,5140,5310,4967.81201171875,5666410,30088637100
2020-08-14,DPM,5310,5160,5280,5170,4846.6455078125,2606540,13475811800
2020-08-17,DPM,5210,5120,5170,5200,4863.95556640625,1468440,7635888000
2020-08-18,DPM,5280,5210,5210,5260,4933.193359375,2330360,12257693600
2020-08-19,DPM,5340,5250,5280,5310,4967.81201171875,3536880,18780832800
2020-08-20,DPM,5340,5250,5310,5330,4985.12158203125,2422930,12914216900
2020-08-21,DPM,5690,5340,5340,5690,5331.31103515625,13078230,74415128700
2020-08-24,DPM,5990,5810,5840,5860,5487.09619140625,6231560,36516941600
2020-08-25,DPM,5930,5750,5880,5770,5400.5478515625,4271140,24644477800
2020-08-26,DPM,5960,5730,5750,5910,5539.0244140625,5306620,31362124200
2020-08-27,DPM,6060,5880,5910,5910,5539.0244140625,3063130,18103098300
2020-08-28,DPM,5970,5820,5960,5820,5452.4765625,3981400,23171748000
2020-08-31,DPM,6240,5770,5820,6110,5712.11865234375,5730320,35012255200
2020-09-01,DPM,6140,6060,6110,6110,5729.42822265625,2088800,12762568000
2020-09-03,DPM,6160,5960,6160,5990,5608.26171875,3154350,18894556500
2020-09-04,DPM,5990,5840,5880,5930,5556.33447265625,2903650,17218644500
2020-09-07,DPM,6160,5930,5930,5930,5556.33447265625,3921790,23256214700
2020-09-08,DPM,6080,5910,5970,6000,5625.572265625,2604730,15628380000
2020-09-09,DPM,6260,5930,5970,6260,5867.90380859375,5604600,35084796000
2020-09-10,DPM,6340,6210,6330,6240,5833.2841796875,2423220,15120892800
2020-09-11,DPM,6380,6160,6190,6240,5833.2841796875,2560200,15975648000
2020-09-14,DPM,6360,6240,6280,6340,5937.140625,4446480,28190683200
2020-09-15,DPM,6450,6300,6390,6330,5919.83203125,3393940,21483640200
2020-09-16,DPM,6330,6210,6280,6250,5850.59375,3399870,21249187500
2020-09-17,DPM,6280,6190,6250,6240,5833.2841796875,2302160,14365478400
2020-09-18,DPM,6260,6210,6210,6250,5850.59375,2316090,14475562500
2020-09-21,DPM,6260,6050,6250,6060,5677.5,6257410,37919904600
2020-09-22,DPM,6210,5970,6000,6140,5746.73779296875,2652130,16284078200
2020-09-23,DPM,6190,6110,6140,6160,5764.0478515625,2689570,16567751200
2020-09-24,DPM,6190,6110,6110,6190,5798.66650390625,1881000,11643390000
2020-09-25,DPM,6210,6140,6190,6190,5798.66650390625,2014630,12470559700
2020-09-28,DPM,6560,6240,6240,6510,6092.9267578125,6452610,42006491100
2020-09-29,DPM,6690,6360,6570,6380,5971.7607421875,4524490,28866246200
2020-09-30,DPM,6640,6340,6430,6570,6162.1640625,4360380,28647696600
2020-10-01,DPM,6640,6540,6620,6570,6162.1640625,3095040,20334412800
2020-10-02,DPM,6600,6140,6570,6380,5971.7607421875,6038760,38527288800
2020-10-05,DPM,6490,6360,6470,6390,5989.06982421875,2539610,16228107900
2020-10-06,DPM,6470,6330,6450,6340,5937.140625,2029420,12866522800
2020-10-07,DPM,6420,6280,6280,6300,5902.52197265625,2367880,14917644000
2020-10-08,DPM,6560,6330,6340,6510,6092.9267578125,5228360,34036623600
2020-10-09,DPM,6560,6420,6530,6430,6023.68798828125,2300460,14791957800
2020-10-12,DPM,6540,6360,6540,6360,5954.45068359375,2253890,14334740400
2020-10-13,DPM,6380,6280,6360,6330,5919.83203125,2235410,14150145300
2020-10-14,DPM,6380,6170,6330,6240,5833.2841796875,3203490,19989777600
2020-10-15,DPM,6390,6160,6250,6330,5919.83203125,2235330,14149638900
2020-10-16,DPM,6450,6240,6300,6280,5885.212890625,2184250,13717090000
2020-10-19,DPM,6340,6240,6330,6240,5833.2841796875,1882060,11744054400
2020-10-20,DPM,6360,6210,6240,6330,5919.83203125,1573100,9957723000
2020-10-21,DPM,6420,6260,6390,6260,5867.90380859375,2423220,15169357200
2020-10-22,DPM,6280,6210,6260,6260,5867.90380859375,854420,5348669200
2020-10-23,DPM,6430,6300,6330,6360,5954.45068359375,2186110,13903659600
2020-10-26,DPM,6390,6260,6380,6260,5867.90380859375,1381570,8648628200
2020-10-27,DPM,6260,6210,6250,6210,5815.97509765625,1617260,10043184600
2020-10-28,DPM,6210,5910,6210,5910,5539.0244140625,3140770,18561950700
2020-10-29,DPM,6030,5840,5880,5880,5504.4052734375,2240880,13176374400
2020-10-30,DPM,6030,5910,5990,6000,5625.572265625,1318960,7913760000
2020-11-02,DPM,6360,6080,6110,6340,5937.140625,3124640,19810217600
2020-11-03,DPM,6340,6250,6330,6280,5885.212890625,1633200,10256496000
2020-11-04,DPM,6340,6210,6300,6280,5885.212890625,1027070,6449999600
2020-11-05,DPM,6490,6260,6260,6330,5919.83203125,4146270,26245889100
2020-11-06,DPM,6420,6260,6340,6340,5937.140625,1756660,11137224400
2020-11-09,DPM,6620,6380,6380,6560,6144.85400390625,5108120,33509267200
2020-11-10,DPM,6530,6380,6530,6450,6040.99755859375,4411150,28451917500
2020-11-11,DPM,6510,6390,6450,6430,6023.68798828125,2815470,18103472100
2020-11-12,DPM,6540,6330,6430,6530,6110.23583984375,2939880,19197416400
2020-11-13,DPM,6730,6470,6510,6570,6162.1640625,5159630,33898769100
2020-11-16,DPM,6600,6430,6570,6470,6058.30712890625,3446640,22299760800
2020-11-17,DPM,6530,6420,6470,6510,6092.9267578125,2956680,19247986800
2020-11-18,DPM,6510,6420,6490,6420,6006.37890625,4251600,27295272000
2020-11-19,DPM,6470,6360,6390,6390,5989.06982421875,2159800,13801122000
2020-11-20,DPM,6430,6340,6390,6360,5954.45068359375,2411810,15339111600
2020-11-23,DPM,6420,6330,6330,6340,5937.140625,1846000,11703640000
2020-11-24,DPM,6540,6330,6360,6540,6127.544921875,3886880,25420195200
2020-11-25,DPM,6560,6420,6540,6430,6023.68798828125,1752370,11267739100
2020-11-26,DPM,6450,6360,6450,6390,5989.06982421875,1223680,7819315200
2020-11-27,DPM,6430,6380,6420,6430,6023.68798828125,1012000,6507160000
2020-11-30,DPM,6430,6330,6430,6340,5937.140625,1624000,10296160000
2020-12-01,DPM,6360,6210,6280,6340,5937.140625,2315280,14678875200
2020-12-02,DPM,6450,6300,6340,6360,5954.45068359375,2314690,14721428400
2020-12-03,DPM,6390,6340,6360,6390,5989.06982421875,1506670,9627621300
2020-12-04,DPM,6470,6360,6390,6380,5971.7607421875,2333940,14890537200
2020-12-07,DPM,6450,6380,6390,6420,6006.37890625,1904340,12225862800
2020-12-08,DPM,6710,6450,6470,6710,6283.33056640625,10265090,68878753900
2020-12-09,DPM,6730,6600,6710,6640,6214.0927734375,3497880,23225923200
2020-12-10,DPM,6730,6540,6660,6560,6144.85400390625,3549010,23281505600
2020-12-11,DPM,6600,6360,6560,6600,6179.4736328125,3295350,21749310000
2020-12-14,DPM,6660,6560,6660,6600,6179.4736328125,2729010,18011466000
2020-12-15,DPM,6840,6540,6570,6660,6231.40185546875,6257370,41674084200
2020-12-16,DPM,6760,6640,6730,6660,6231.40185546875,2820700,18785862000
2020-12-17,DPM,6750,6570,6660,6570,6162.1640625,3434880,22567161600
2020-12-18,DPM,6660,6540,6620,6660,6231.40185546875,3447300,22959018000
2020-12-21,DPM,6840,6690,6730,6760,6335.2587890625,3760880,25423548800
2020-12-22,DPM,7230,6730,6810,7230,6767.9951171875,7849440,56751451200
2020-12-23,DPM,7360,6940,7320,6940,6491.04345703125,3412460,23682472400
2020-12-24,DPM,7100,6510,7020,6820,6387.1865234375,4338560,29588979200
2020-12-25,DPM,7020,6690,6710,6910,6473.734375,3646600,25198006000
2020-12-28,DPM,7020,6820,7020,6910,6473.734375,2473140,17089397400
2020-12-29,DPM,7020,6860,6860,6910,6473.734375,3759310,25976832100
2020-12-30,DPM,7120,6900,6940,6910,6473.734375,3888910,26872368100
2020-12-31,DPM,6970,6900,6950,6950,6508.353515625,1982190,13776220500
2021-01-04,DPM,7190,6950,6990,7100,6646.8291015625,3489700,24776870000
2021-01-05,DPM,7140,7020,7060,7040,6594.900390625,2342100,16488384000
2021-01-06,DPM,7100,6950,7080,6970,6525.662109375,4503300,31388001000
2021-01-07,DPM,7080,6950,7000,7060,6612.2099609375,3685800,26021748000
2021-01-08,DPM,7210,7060,7140,7140,6681.4482421875,3434400,24521616000
2021-01-11,DPM,7280,7150,7170,7210,6750.685546875,3042300,21934983000
2021-01-12,DPM,7210,7120,7210,7210,6750.685546875,2925800,21095018000
2021-01-13,DPM,7360,7140,7250,7210,6750.685546875,4866900,35090349000
2021-01-14,DPM,7280,7150,7250,7250,6785.3046875,2210800,16028300000
2021-01-15,DPM,7340,7190,7300,7260,6802.61376953125,3227700,23433102000
2021-01-18,DPM,7570,7250,7280,7430,6958.39892578125,4297400,31929682000
2021-01-19,DPM,7430,6910,7430,6910,6473.734375,3352000,23162320000
2021-01-20,DPM,6990,6470,6950,6940,6491.04345703125,2156900,14968886000
2021-01-21,DPM,7140,6900,7020,7120,6664.13916015625,1783900,12701368000
2021-01-22,DPM,7210,7040,7120,7100,6646.8291015625,2477900,17593090000
2021-01-25,DPM,7260,7080,7210,7100,6646.828125,1515800,10762180000
2021-01-26,DPM,7100,6730,7100,6760,6323.4697265625,2063200,13947232000
2021-01-27,DPM,6760,6340,6640,6370,5964.18115234375,2288800,14579656000
2021-01-28,DPM,6110,5930,5970,5930,5551.00048828125,3168900,18791577000
2021-01-29,DPM,6180,5530,5530,6080,5694.71533203125,3089600,18784768000
2021-02-01,DPM,6120,5760,6060,5860,5497.1064453125,2078000,12177080000
2021-02-02,DPM,5860,5660,5720,5800,5425.2490234375,3243700,18813460000
2021-02-03,DPM,6140,5860,5860,6120,5730.64453125,1938200,11861784000
2021-02-04,DPM,6240,6060,6120,6120,5730.64453125,1470100,8997012000
2021-02-05,DPM,6260,6140,6180,6260,5856.3955078125,1462300,9153998000
2021-02-08,DPM,6290,5980,6290,6110,5712.6796875,1554600,9498606000
2021-02-09,DPM,6140,6040,6060,6120,5712.6796875,1312300,8031276000
2021-02-17,DPM,6310,6060,6180,6270,5874.35888671875,1839600,11534292000
2021-02-18,DPM,6690,6240,6290,6680,6251.6123046875,4090100,27321868000
2021-02-19,DPM,6930,6620,6640,6690,6269.57666015625,2289500,15316755000
2021-02-22,DPM,6790,6600,6680,6660,6233.64697265625,1974500,13150170000
2021-02-23,DPM,6660,6500,6600,6620,6197.71826171875,1686700,11165954000
2021-02-24,DPM,6680,6430,6680,6490,6197.71826171875,1993900,12940411000
2021-02-25,DPM,6560,6410,6530,6490,6071.9677734375,1263400,8199466000
2021-02-26,DPM,6490,6340,6450,6460,6054.00439453125,1483000,9580180000
2021-03-01,DPM,6770,6490,6500,6720,6287.541015625,2506700,16845024000
2021-03-02,DPM,7100,6730,6880,7020,6574.97119140625,5360100,37627902000
2021-03-03,DPM,7210,6910,7020,7080,6628.8642578125,3625700,25669956000
2021-03-04,DPM,7410,7120,7120,7180,6718.6865234375,5484700,39380146000
2021-03-05,DPM,7450,6980,7180,7370,6898.33056640625,4752300,35024451000
2021-03-08,DPM,7460,7100,7420,7210,6754.615234375,4179600,30134916000
2021-03-09,DPM,7370,7140,7210,7290,6826.47412109375,2514600,18331434000
2021-03-10,DPM,7410,7310,7310,7330,6862.40234375,2522300,18488459000
2021-03-11,DPM,7410,7290,7370,7370,6898.33056640625,2702800,19919636000
2021-03-12,DPM,7450,7240,7410,7260,6808.5078125,3318100,24089406000
2021-03-15,DPM,7350,7150,7260,7210,6754.615234375,2481800,17893778000
2021-03-16,DPM,7260,7150,7210,7180,6718.6865234375,1889000,13563020000
2021-03-17,DPM,7560,7210,7210,7540,7060.01025390625,5521200,41629848000
2021-03-18,DPM,7640,7530,7640,7530,7042.0458984375,3096900,23319657000
2021-03-19,DPM,7540,7450,7530,7530,7042.0458984375,2149400,16184982000
2021-03-22,DPM,7510,7370,7450,7480,7006.1171875,2220600,16610088000
2021-03-23,DPM,7570,7330,7480,7530,7042.0458984375,2364500,17804685000
2021-03-24,DPM,7530,7330,7480,7450,6970.18798828125,2869600,21378520000
2021-03-25,DPM,7460,7290,7420,7420,6952.224609375,1481100,10989762000
2021-03-26,DPM,7450,7180,7330,7410,6934.25927734375,2198400,16290144000
2021-03-29,DPM,7510,7370,7410,7480,7006.1171875,1920000,14361600000
2021-03-30,DPM,7540,7410,7480,7420,6952.224609375,1251000,9282420000
2021-03-31,DPM,7640,7410,7420,7620,7131.86767578125,2919100,22243542000
2021-04-01,DPM,7930,7620,7620,7890,7383.36962890625,3786300,29873907000
2021-04-02,DPM,7860,7700,7860,7810,7311.51123046875,1928100,15058461000
2021-04-05,DPM,7990,7570,7990,7750,7257.61767578125,1966300,15238825000
2021-04-06,DPM,7910,7620,7750,7830,7329.47607421875,2213900,17334837000
2021-04-07,DPM,7910,7830,7840,7910,7401.33349609375,1358400,10744944000
2021-04-08,DPM,7950,7750,7950,7860,7365.40478515625,1043600,8202696000
2021-04-09,DPM,7830,7670,7830,7790,7293.5478515625,1225700,9548203000
2021-04-12,DPM,7860,7710,7860,7830,7329.47607421875,1925800,15079014000
2021-04-13,DPM,7830,7590,7830,7640,7149.83154296875,1945500,14863620000
2021-04-14,DPM,7660,7370,7560,7640,7149.83154296875,1270700,9708148000
2021-04-15,DPM,7750,7410,7710,7420,6952.224609375,1741400,12921188000
2021-04-16,DPM,7450,7260,7350,7290,6826.47412109375,1288400,9392436000
2021-04-19,DPM,7370,7140,7290,7260,6790.54296875,1253500,9100410000
2021-04-20,DPM,7450,7260,7260,7370,6898.33056640625,1142900,8423173000
2021-04-22,DPM,7370,7140,7370,7180,6718.6865234375,1781900,12794042000
2021-04-23,DPM,7240,6680,7180,7240,6772.580078125,1663900,12046636000
2021-04-26,DPM,7380,7020,7380,7140,6682.7578125,645500,4608870000
2021-04-27,DPM,7310,7060,7140,7140,6682.7578125,997000,7118580000
2021-04-28,DPM,7350,7100,7180,7290,6826.47412109375,1513800,11035602000
2021-04-29,DPM,7380,7240,7330,7310,6844.43701171875,903000,6600930000
2021-05-04,DPM,7210,7060,7100,7180,6718.6865234375,853200,6125976000
2021-05-05,DPM,7290,7120,7180,7260,6790.54296875,1086800,7890168000
2021-05-06,DPM,7290,7040,7290,7040,6592.935546875,783800,5517952000
2021-05-07,DPM,7040,6810,7020,7000,6557.00732421875,1907400,13351800000
2021-05-10,DPM,7000,6770,6770,7000,6557.00732421875,1191600,8341200000
2021-05-11,DPM,7180,6930,7000,7060,6610.900390625,988200,6976692000
2021-05-12,DPM,7060,6910,7060,7020,6574.97119140625,1031100,7238322000
2021-05-13,DPM,7120,6980,7020,7020,6574.97119140625,629400,4418388000
2021-05-14,DPM,7480,7080,7180,7420,6952.224609375,2608100,19352102000
2021-05-17,DPM,7460,7180,7460,7210,6754.615234375,1055500,7610155000
2021-05-18,DPM,7260,7120,7120,7120,6664.79345703125,469300,3341416000
2021-05-19,DPM,7100,6930,7080,6980,6539.04150390625,1523100,10631238000
2021-05-20,DPM,7100,6960,6960,6980,6539.04150390625,633600,4422528000
2021-05-21,DPM,7210,6960,6980,7100,6646.828125,694900,4933790000
2021-05-24,DPM,7260,7080,7140,7260,6808.5078125,1337800,9712428000
2021-05-25,DPM,7460,7240,7260,7290,6826.47412109375,1295300,9442737000
2021-05-26,DPM,7290,7180,7290,7210,6754.615234375,515900,3719639000
2021-05-27,DPM,7330,7020,7210,7100,6646.828125,1201100,8527810000
2021-05-28,DPM,7350,7060,7100,7290,6826.47412109375,1641600,11967264000
2021-05-31,DPM,7260,7100,7210,7260,6790.54296875,753900,5473314000
2021-06-01,DPM,7330,7210,7260,7210,6754.615234375,755900,5450039000
2021-06-02,DPM,7560,7100,7100,7560,7077.97509765625,2261300,17095428000
2021-06-03,DPM,7710,7530,7670,7640,7149.83154296875,2618700,20006868000
2021-06-04,DPM,7670,7530,7660,7640,7149.83154296875,1837700,14040028000
2021-06-07,DPM,7670,7480,7590,7540,7060.01025390625,1568700,11827998000
2021-06-08,DPM,8060,7590,7590,7790,7060.01025390625,4606200,35882298000
2021-06-09,DPM,7860,7660,7790,7730,7239.6533203125,1488300,11504559000
2021-06-10,DPM,8250,7670,7830,8250,7724.69384765625,4181100,34494075000
2021-06-11,DPM,8440,8060,8250,8130,7616.90673828125,2314600,18817698000
2021-06-14,DPM,8410,8119,8130,8189,7670.7998046875,1934500,15841620500
2021-06-15,DPM,8350,8060,8170,8170,7652.8359375,2721400,22233838000
2021-06-16,DPM,8330,8100,8100,8170,7652.8359375,2113000,17263210000
2021-06-17,DPM,8330,8100,8100,8310,7778.58642578125,2841800,23615358000
2021-06-18,DPM,8880,8360,8380,8750,8191.7666015625,5284500,46239375000
2021-06-21,DPM,9090,8630,8820,8860,8299.552734375,3586300,31774618000
2021-06-22,DPM,8900,8690,8860,8750,8191.7666015625,2192200,19181750000
2021-06-23,DPM,8880,8520,8750,8620,8066.01611328125,2471700,21306054000
2021-06-24,DPM,8630,8430,8570,8560,8012.123046875,1888100,16162136000
2021-06-25,DPM,8770,8410,8520,8710,8155.83935546875,2263600,19715956000
2021-06-28,DPM,8960,8710,8820,8770,8209.7314453125,1965800,17240066000
2021-06-29,DPM,8960,8750,8810,8790,8227.6962890625,2665000,23425350000
2021-06-30,DPM,9250,8790,8820,9130,8551.0556640625,5923300,54079729000
2021-07-01,DPM,9420,9120,9130,9130,8551.0556640625,3151100,28769543000
2021-07-02,DPM,9270,9070,9150,9070,8497.1630859375,3567800,32359946000
2021-07-05,DPM,9170,8820,9170,8870,8756.3349609375,2692600,23883362000
2021-07-06,DPM,9040,8260,8820,8260,8756.3349609375,1859000,15355340000
2021-07-07,DPM,8620,7980,8620,8500,8756.3349609375,2902100,24667850000
2021-07-08,DPM,8520,8180,8430,8200,8756.3349609375,1211500,9934300000
2021-07-09,DPM,8260,7910,8109,8060,7553.03271484375,1404400,11319464000
2021-07-12,DPM,7980,7520,7930,7830,7553.03271484375,4293500,33618105000
2021-07-13,DPM,8130,7670,7670,8130,7608.5703125,1131800,9201534000
2021-07-14,DPM,8200,7730,8109,7930,7608.5703125,894700,7094971000
2021-07-15,DPM,8160,7830,7860,8160,7645.5947265625,640100,5223216000
2021-07-16,DPM,8480,8109,8160,8430,7645.5947265625,1614000,13606020000
2021-07-19,DPM,8360,8029,8260,8230,7701.13232421875,1320000,10863600000
2021-07-20,DPM,8620,8230,8230,8620,8071.3779296875,1369100,11801642000
2021-07-21,DPM,8780,8520,8780,8560,8015.841796875,925100,7918856000
2021-07-22,DPM,8840,8560,8560,8740,8182.45263671875,1770300,15472422000
2021-07-23,DPM,8860,8700,8740,8710,8163.9404296875,2099800,18289258000
2021-07-26,DPM,9090,8620,8660,9070,8497.1611328125,2335600,21183892000
2021-07-27,DPM,9280,9060,9270,9090,8515.6748046875,1927700,17522793000
2021-07-28,DPM,9260,9000,9000,9210,8626.748046875,1703600,15690156000
2021-07-29,DPM,9610,9260,9270,9610,8996.9951171875,4743400,45584074000
2021-07-30,DPM,10280,9690,9730,10100,9459.8037109375,8000800,80808080000
2021-08-02,DPM,10720,10100,10100,10520,9848.5634765625,5522300,58094596000
2021-08-03,DPM,10820,10320,10570,10730,10052.2001953125,7099400,76176562000
2021-08-04,DPM,10840,10500,10600,10760,10052.2001953125,5152400,55439824000
2021-08-05,DPM,11430,10640,10680,11380,10663.1044921875,4124800,46940224000
2021-08-06,DPM,11790,11290,11460,11460,10737.1552734375,4981300,57085698000
2021-08-09,DPM,12260,11550,11650,12260,11477.6484375,8015400,98268804000
2021-08-10,DPM,13110,12580,13010,12880,11477.6484375,9790100,126096488000
2021-08-11,DPM,13780,12660,13050,13780,12903.09765625,7270900,100193002000
2021-08-12,DPM,14240,12850,13780,12850,12033.0185546875,10204800,131131680000
2021-08-13,DPM,13740,12590,12660,13740,12866.0732421875,9577200,131590728000
2021-08-16,DPM,14690,14040,14240,14460,13532.5166015625,7220600,104409876000
2021-08-17,DPM,14390,13880,14120,14240,13532.5166015625,6014900,85652176000
2021-08-18,DPM,14490,13650,14070,13760,12884.5859375,7525800,103555008000
2021-08-19,DPM,14120,13590,13650,13790,12921.6103515625,4817700,66436083000
2021-08-20,DPM,14390,13650,13840,14300,13384.419921875,9542100,136452030000
2021-08-23,DPM,15030,14390,14390,14710,13773.177734375,6643500,97725885000
2021-08-24,DPM,14670,13840,14510,14000,13106.7353515625,6226400,87169600000
2021-08-25,DPM,14040,13070,14040,13400,12551.3623046875,7656900,102602460000
2021-08-26,DPM,14330,13480,13480,14160,13254.83203125,6734900,95366184000
2021-08-27,DPM,14560,13860,13960,14560,13625.0791015625,5808400,84570304000
2021-08-30,DPM,14950,14360,14950,14370,13458.4697265625,7393800,106248906000
2021-08-31,DPM,14750,14040,14270,14560,13625.0791015625,6775800,98655648000
2021-09-01,DPM,15150,14390,14440,14830,13884.2509765625,8548600,126775738000
2021-09-06,DPM,14950,14470,14880,14470,13551.029296875,6948000,100537560000
2021-09-07,DPM,14560,13860,14310,13980,13088.2216796875,7771900,108651162000
2021-09-08,DPM,14190,13700,13820,14040,13088.2216796875,4368000,61326720000
2021-09-09,DPM,14240,14000,14190,14070,13180.7841796875,2716900,38226783000
2021-09-10,DPM,14120,13790,14070,13840,12958.6357421875,6150900,85128456000
2021-09-13,DPM,14390,13860,13880,14070,13180.7841796875,4432300,62362461000
2021-09-14,DPM,14560,14070,14270,14120,13217.806640625,3670500,51827460000
2021-09-15,DPM,14120,13880,13960,13980,13088.2216796875,3195100,44667498000
2021-09-16,DPM,14160,13760,13920,13820,12940.1220703125,3657300,50543886000
2021-09-17,DPM,14160,13450,13820,14120,13217.806640625,11303900,159611068000
2021-09-20,DPM,14610,14040,14440,14040,13143.7587890625,5145100,72237204000
2021-09-21,DPM,14000,13590,13790,13890,13143.7587890625,4537700,63028653000
2021-09-22,DPM,14040,13700,14040,13780,13143.7587890625,2911100,40114958000
2021-09-23,DPM,14040,13760,13840,13780,12903.09765625,3354700,46227766000
2021-09-24,DPM,13880,13280,13780,13650,12773.5107421875,5511500,75231975000
2021-09-27,DPM,13650,12730,13650,12730,11921.9453125,5305900,67544107000
2021-09-28,DPM,13250,12460,12660,13110,12273.6787109375,3914600,51320406000
2021-09-29,DPM,14020,12770,13110,14020,13125.2470703125,7117400,99785948000
2021-09-30,DPM,14770,13980,14190,14560,13625.0791015625,9381100,136588816000
2021-10-01,DPM,15420,14530,14560,15070,14106.3994140625,12260100,184759707000
2021-10-04,DPM,15410,14830,15320,14830,13884.2509765625,8054600,119449718000
2021-10-05,DPM,15320,14600,14830,15030,14069.3779296875,7890200,118589706000
2021-10-06,DPM,15220,14790,15030,15080,14069.3779296875,7333900,110595212000
2021-10-07,DPM,15790,14950,15100,15180,14217.474609375,7376200,111970716000
2021-10-08,DPM,15280,14470,15100,14790,14217.474609375,9543900,141154281000
2021-10-11,DPM,15010,14570,14810,14850,14217.474609375,4275300,63488205000
2021-10-12,DPM,15320,14880,14980,15150,14180.451171875,5904400,89451660000
2021-10-13,DPM,16020,15070,15100,15900,14883.916015625,12850600,204324540000
2021-10-14,DPM,17010,15950,16129,16610,14883.916015625,10724500,178133945000
2021-10-15,DPM,17320,16430,16780,16900,15828.0478515625,8957600,151383440000
2021-10-18,DPM,17190,16410,17010,16410,15828.0478515625,10210500,167554305000
2021-10-19,DPM,17510,16210,16410,17510,16401.9296875,8902900,155889779000
2021-10-20,DPM,18330,17510,17580,18070,16920.275390625,7893100,142628317000
2021-10-21,DPM,18730,17730,18190,18580,17401.59375,6285300,116780874000
2021-10-22,DPM,18940,18030,18940,18410,17234.982421875,7917600,145763016000
2021-10-25,DPM,18410,17720,18190,17810,17234.982421875,8791500,156576615000
2021-10-26,DPM,18480,17440,17760,18480,17234.982421875,5582800,103170144000
2021-10-27,DPM,18700,18170,18580,18350,17234.982421875,5005300,91847255000
2021-10-28,DPM,19510,18190,18380,19380,18142.08984375,8436800,163505184000
2021-10-29,DPM,19690,19180,19340,19380,18142.08984375,5079400,98438772000
2021-11-01,DPM,20210,19380,19650,19690,18142.08984375,4737900,93289251000
2021-11-02,DPM,20170,19260,19550,19450,18882.58203125,9239100,179700495000
2021-11-03,DPM,19510,18190,19450,18190,17031.349609375,10027400,182398406000
2021-11-04,DPM,18980,18270,18370,18610,17420.107421875,3952200,73550442000
2021-11-05,DPM,19890,18540,18870,19890,18623.41015625,8500600,169076934000
2021-11-08,DPM,21080,20120,20370,20570,19252.828125,6109400,125670358000
2021-11-09,DPM,20720,20210,20600,20680,19363.90234375,4133300,85476644000
2021-11-10,DPM,21430,20680,20770,21350,19993.322265625,5575900,119045465000
2021-11-11,DPM,21590,20790,21350,20890,19549.02734375,5410400,113023256000
2021-11-12,DPM,21110,20570,20920,20790,19474.9765625,3721600,77372064000
2021-11-15,DPM,21350,20210,20890,20790,19474.9765625,6838100,142164099000
2021-11-16,DPM,21310,20480,20960,20770,19437.953125,4700500,97629385000
2021-11-17,DPM,20890,20370,20830,20370,19067.70703125,4191300,85376781000
2021-11-18,DPM,20370,18940,20170,19210,17993.990234375,16041800,308162978000
2021-11-19,DPM,19740,17880,18980,18190,17031.349609375,9735100,177081469000
2021-11-22,DPM,18780,18070,18430,18380,17216.470703125,3914400,71946672000
2021-11-23,DPM,19490,18250,18380,19490,18253.162109375,4240900,82655141000
2021-11-24,DPM,19610,19000,19490,19180,17956.966796875,3671700,70423206000
2021-11-25,DPM,19690,19100,19260,19380,18142.08984375,3613900,70037382000
2021-11-26,DPM,20170,19380,19690,19890,18623.41015625,5857100,116497719000
2021-11-29,DPM,19740,19210,19580,19340,18105.064453125,2831800,54767012000
2021-11-30,DPM,20280,19380,19380,19930,18660.435546875,6417800,127906754000
2021-12-01,DPM,20890,19930,19930,20640,19326.87890625,5896500,121703760000
2021-12-02,DPM,21080,19670,20680,19670,18419.7734375,6238500,122711295000
2021-12-03,DPM,19970,18780,19800,18900,17697.794921875,6858700,129629430000
2021-12-06,DPM,18900,17600,18700,17890,16753.6640625,6583900,117785971000
2021-12-07,DPM,18700,17830,18230,18700,17512.669921875,3217500,60167250000
2021-12-08,DPM,19180,18680,18900,18900,17697.794921875,2391200,45193680000
2021-12-09,DPM,19380,18750,18870,19380,18142.08984375,2252900,43661202000
2021-12-10,DPM,20370,19340,19380,19970,18697.4609375,5532400,110482028000
2021-12-13,DPM,20320,19610,20320,19780,18512.3359375,2640000,52219200000
2021-12-14,DPM,20600,19440,19690,19970,18697.4609375,5880100,117425597000
2021-12-15,DPM,20480,19970,20320,20170,18882.58203125,4622800,93241876000
2021-12-16,DPM,20320,19550,20320,19690,18438.28515625,4110600,80937714000
2021-12-17,DPM,20120,19340,19600,19740,18475.310546875,6057700,119578998000
2021-12-20,DPM,20250,19580,19860,19930,18660.435546875,3200700,63789951000
2021-12-21,DPM,21310,19970,20120,21310,19956.298828125,12385600,263937136000
2021-12-22,DPM,21870,21230,21750,21350,19993.322265625,5134200,109615170000
2021-12-23,DPM,22420,21110,21350,21950,20548.69140625,7339000,161091050000
2021-12-24,DPM,22340,21390,21950,21670,20289.517578125,4394800,95235316000
2021-12-27,DPM,21950,20370,21710,20790,19474.9765625,6832300,142043517000
2021-12-28,DPM,21200,20600,20720,20680,19363.90234375,4339900,89749132000
2021-12-29,DPM,21310,19380,21080,19380,18142.08984375,9863700,191158506000
2021-12-30,DPM,20120,19020,19650,19930,18660.435546875,5228400,104202012000
2021-12-31,DPM,20170,19580,20170,19780,18512.3359375,2563000,50696140000
2022-01-04,DPM,20170,19540,19970,20080,18808.533203125,4220300,84743624000
2022-01-05,DPM,20400,19690,20010,19780,18512.3359375,4448000,87981440000
2022-01-06,DPM,20060,19290,19580,19290,18068.0390625,5541200,106889748000
2022-01-07,DPM,19380,18380,19260,18520,17346.056640625,10346300,191613476000
2022-01-10,DPM,18780,17420,18570,17440,16161.26953125,6709900,117020656000
2022-01-11,DPM,17910,16610,17080,17200,16105.7314453125,5696000,97971200000
2022-01-12,DPM,17600,16850,17200,17600,16475.978515625,3015600,53074560000
2022-01-13,DPM,18190,17080,17790,17080,15994.658203125,2289400,39102952000
2022-01-14,DPM,17080,15900,17010,15900,14883.916015625,6703500,106585650000
2022-01-17,DPM,16410,15500,16180,15500,14513.671875,4549700,70520350000
2022-01-18,DPM,16570,15380,15380,16570,15513.3388671875,4211700,69787869000
2022-01-19,DPM,17200,16810,16970,17010,15920.6103515625,2849300,48466593000
2022-01-20,DPM,17200,16640,16970,17100,16013.169921875,1925000,32917500000
2022-01-21,DPM,17200,16670,17200,16920,15846.5576171875,2136300,36146196000
2022-01-24,DPM,16630,15750,16610,15750,14754.330078125,3196500,50344875000
2022-01-25,DPM,16410,15420,15420,16370,15328.2158203125,1922500,31471325000
2022-01-26,DPM,16730,16040,16570,16129,15106.0654296875,1914700,30882196300
2022-01-27,DPM,17070,16260,16300,16740,15675.3896484375,1695300,28379322000
2022-01-28,DPM,16980,16280,16700,16300,15257.884765625,1491000,24303300000
2022-02-07,DPM,17350,16470,16470,17290,16187.78125,2031500,35124635000
2022-02-08,DPM,18080,17020,17350,17920,16776.083984375,3137100,56216832000
2022-02-09,DPM,18180,17630,17920,17760,16624.263671875,3177000,56423520000
2022-02-10,DPM,18400,17510,17780,18240,17079.720703125,5243100,95634144000
2022-02-11,DPM,19250,18320,18420,18830,17630.068359375,6095000,114768850000
2022-02-14,DPM,19250,18440,18520,18520,17345.408203125,5031200,93177824000
2022-02-15,DPM,19210,18440,18640,18890,17345.408203125,4069400,76870966000
2022-02-16,DPM,19700,19020,19140,19620,18370.189453125,8143200,159769584000
2022-02-17,DPM,19910,19380,19780,19460,18218.37109375,4501500,87599190000
2022-02-18,DPM,19940,19250,19340,19910,18635.873046875,6731000,134014210000
2022-02-21,DPM,20150,19540,19910,19700,18446.1015625,4643600,91478920000
2022-02-22,DPM,19680,19020,19320,19210,17990.640625,5677100,109057091000
2022-02-23,DPM,20550,19460,19490,20550,19243.15625,10169800,208989390000
2022-02-24,DPM,21970,20210,20590,21970,20571.578125,15093300,331599801000
2022-02-25,DPM,22860,21850,22290,21850,20457.7109375,9414700,205711195000
2022-02-28,DPM,23350,22130,22180,23350,21862.04296875,9675300,225918255000
2022-03-01,DPM,24320,22950,24040,23030,21558.40625,10746500,247491895000
2022-03-02,DPM,24240,23100,23380,24240,22697.0546875,10714600,259721904000
2022-03-03,DPM,24850,23830,24320,24160,22621.14453125,8369800,202214368000
2022-03-04,DPM,24600,23670,23920,24440,22886.826171875,7395400,180743576000
2022-03-07,DPM,26140,24890,25500,26140,24480.935546875,6718000,175608520000
2022-03-08,DPM,26960,24730,26190,25130,23532.0625,11062100,277990573000
2022-03-09,DPM,26880,24810,25870,26470,24784.576171875,10118200,267828754000
2022-03-10,DPM,26710,25420,25870,25900,24253.20703125,6601400,170976260000
2022-03-11,DPM,27560,26140,26550,26910,25202.080078125,8553200,230166612000
2022-03-14,DPM,27410,25050,26960,25050,23456.15234375,10672000,267333600000
2022-03-15,DPM,25340,24120,24730,25250,23645.92578125,7936600,200399150000
2022-03-16,DPM,26140,25340,25580,25580,23949.56640625,3156800,80750944000
2022-03-17,DPM,25950,23800,25950,24160,22962.736328125,13093000,316326880000
2022-03-18,DPM,25660,24320,24730,25340,23721.833984375,6687600,169463784000
2022-03-21,DPM,25610,25010,25380,25290,23683.8828125,3803600,96193044000
2022-03-22,DPM,26750,25210,25340,26750,25050.2578125,8379700,224156975000
2022-03-23,DPM,28180,26990,27160,27980,26188.904296875,7553700,211352526000
2022-03-24,DPM,28740,27360,28580,28130,26340.7265625,4910600,138135178000
2022-03-25,DPM,29960,27560,28090,29470,27593.2421875,7016700,206782149000
2022-03-28,DPM,30080,29110,29110,29960,28048.701171875,5319000,159357240000
2022-03-29,DPM,30320,29230,29920,29710,27820.96875,4649300,138130703000
2022-03-30,DPM,29510,27650,29390,27650,25885.26953125,15002200,414810830000
2022-03-31,DPM,28380,26960,28050,27120,25391.853515625,5127900,139068648000
2022-04-01,DPM,28700,27120,27160,27980,26188.904296875,4700200,131511596000
2022-04-04,DPM,27930,26020,27930,26020,24367.0703125,11969200,311438584000
2022-04-05,DPM,26640,25580,25950,26430,24746.623046875,5170700,136661601000
2022-04-06,DPM,26350,24930,25990,25170,23570.017578125,5947300,149693541000
2022-04-07,DPM,26230,24440,25340,26230,24556.845703125,5884900,154360927000
2022-04-08,DPM,26590,25540,26270,25870,24215.251953125,3528600,91284882000
2022-04-12,DPM,26800,25870,26110,26430,24746.623046875,4903100,129588933000
2022-04-13,DPM,27560,25740,26350,27560,25809.357421875,5556100,153126116000
2022-04-14,DPM,29470,27770,27980,29270,27403.46484375,9816700,287334809000
2022-04-15,DPM,29710,28010,29270,28660,26834.142578125,6357800,182214548000
2022-04-18,DPM,29510,28180,28380,29190,27327.556640625,6491400,189483966000
2022-04-19,DPM,31210,28940,29390,30440,28504.16015625,9418800,286708272000
2022-04-20,DPM,30980,28380,30290,28380,26568.458984375,5910100,167728638000
2022-04-21,DPM,29880,28460,29230,29020,27175.736328125,8267100,239911242000
2022-04-22,DPM,29390,26990,29390,26990,25277.986328125,12303000,332057970000
2022-04-25,DPM,26800,25130,26140,25130,23532.0625,5932800,149091264000
2022-04-26,DPM,26710,23380,23420,26710,25012.306640625,7237300,193308283000
2022-04-27,DPM,26310,24890,25780,26140,24480.935546875,5159000,134856260000
2022-04-28,DPM,27520,25950,26350,26910,25202.080078125,4237100,114020361000
2022-04-29,DPM,28180,26430,26470,27320,25581.630859375,4929900,134684868000
2022-05-04,DPM,26960,25420,26910,25420,23797.744140625,6464400,164325048000
2022-05-05,DPM,26550,25170,25740,25580,23949.56640625,4961800,126922844000
2022-05-06,DPM,26350,24850,25090,25820,24177.294921875,4265200,110127464000
2022-05-09,DPM,25540,24040,25340,24040,22507.279296875,4769400,114656376000
2022-05-10,DPM,23380,22380,22420,22380,20951.126953125,9501200,212636856000
2022-05-11,DPM,23590,22530,22700,23190,21710.22265625,3496300,81079197000
2022-05-12,DPM,23380,21570,23100,21570,20192.02734375,3427600,73933332000
2022-05-13,DPM,21240,20060,20390,20060,18787.6953125,3607300,72362438000
2022-05-16,DPM,21040,18670,20670,18670,17478.248046875,6444400,120316948000
2022-05-17,DPM,19970,17370,17390,19970,18692.806640625,5944000,118701680000
2022-05-18,DPM,21320,20270,20550,21240,19888.388671875,4471800,94981032000
2022-05-19,DPM,22460,20270,20310,21690,20305.892578125,6276600,136139454000
2022-05-20,DPM,22990,21240,21440,22500,21064.9921875,5810800,130743000000
2022-05-23,DPM,22950,21650,22660,22290,20875.216796875,4430900,98764761000
2022-05-24,DPM,22790,21690,22090,22290,20875.216796875,4745200,105770508000
2022-05-25,DPM,23830,21810,22290,23830,22317.50390625,5246100,125014563000
2022-05-26,DPM,24280,22530,23920,22900,21444.5390625,4441100,101701190000
2022-05-27,DPM,23510,22380,23030,23030,21558.40625,4613700,106253511000
2022-05-30,DPM,23300,22790,23190,22900,21444.5390625,2140500,49017450000
2022-05-31,DPM,24480,22700,22740,24160,22621.14453125,8187000,197797920000
2022-06-01,DPM,25740,23870,24160,25090,23494.107421875,5691800,142807262000
2022-06-02,DPM,25580,24520,25540,24930,23494.107421875,4070500,101477565000
2022-06-03,DPM,26310,25010,25340,25900,24253.20703125,5944800,153970320000
2022-06-06,DPM,27690,25170,25950,27360,25619.58203125,7920200,216696672000
2022-06-07,DPM,27770,25500,27160,27360,25619.58203125,7217000,197457120000
2022-06-08,DPM,28180,26520,27360,27090,25353.8984375,6082600,164777634000
2022-06-09,DPM,27560,26640,27090,27120,25391.853515625,3534300,95850216000
2022-06-10,DPM,27490,25250,26800,25250,23645.92578125,5975200,150873800000
2022-06-13,DPM,24520,23510,23590,23510,22013.865234375,6195100,145646801000
2022-06-14,DPM,25010,22090,22090,24480,22924.783203125,5919400,144906912000
2022-06-15,DPM,25460,22950,24690,24930,23342.287109375,4564900,113802957000
2022-06-16,DPM,26350,24810,25090,25500,23873.654296875,3941800,100515900000
2022-06-17,DPM,25780,24370,24600,25540,23911.611328125,5065400,129370316000
2022-06-20,DPM,25950,23760,25380,24160,22621.14453125,6851300,165527408000
2022-06-21,DPM,24080,22500,23760,22500,21064.9921875,4318800,97173000000
2022-06-22,DPM,22660,20960,22500,20960,19622.705078125,3967900,83167184000
2022-06-23,DPM,21490,19800,19800,21490,20116.1171875,3756000,80716440000
2022-06-24,DPM,22180,21280,21890,21400,20040.20703125,1542600,33011640000
2022-06-27,DPM,21930,19930,21770,19930,18654.8515625,4299900,85697007000
2022-06-28,DPM,20630,18850,19540,19820,18559.96484375,5629500,111576690000
2022-06-29,DPM,20670,19060,20180,20270,18977.46875,3255800,65995066000
2022-06-30,DPM,21000,20390,20510,20670,19357.017578125,2908900,60126963000
2022-07-01,DPM,20670,19410,20180,20050,18768.71484375,2277000,45653850000
2022-07-04,DPM,20550,19860,20270,20180,18901.560546875,1946500,39280370000
2022-07-05,DPM,20180,18780,20150,18780,17592.11328125,4493000,84378540000
2022-07-06,DPM,18680,17510,18240,17510,16396.53515625,3439200,60220392000
2022-07-07,DPM,18200,17290,17610,17840,16700.171875,2472500,44109400000
2022-07-08,DPM,18890,18440,18440,18810,17611.09375,3270600,61519986000
2022-07-11,DPM,19190,18710,18850,18780,17592.11328125,3002100,56379438000
2022-07-12,DPM,19250,18710,18780,19250,17592.11328125,1989800,38303650000
2022-07-13,DPM,19520,19140,19290,19230,18009.619140625,2540300,48849969000
2022-07-14,DPM,20510,19060,19140,20480,19167.24609375,3278500,67143680000
2022-07-15,DPM,20790,20150,20760,20430,19129.2890625,2921400,59684202000
2022-07-18,DPM,20790,20430,20790,20590,19281.109375,3877600,79839784000
2022-07-19,DPM,20830,20220,20590,20550,19243.15625,4850800,99683940000
2022-07-20,DPM,21350,20640,20860,21350,19984.861328125,2350700,50187445000
2022-07-21,DPM,21790,20950,21120,21120,19778.830078125,2665200,56289024000
2022-07-22,DPM,21480,20250,21210,20250,18954.712890625,2875000,58218750000
2022-07-25,DPM,20020,19280,19280,19360,18130.59375,2681600,51915776000
2022-07-26,DPM,20250,19380,19630,19820,18563.255859375,1691200,33519584000
2022-07-27,DPM,20420,19820,19820,20420,19119.537109375,1106400,22592688000
2022-07-28,DPM,20770,20470,20690,20660,19346.166015625,2883800,59579308000
2022-07-29,DPM,20790,19600,20690,19630,18377.830078125,5197900,102034777000
2022-08-01,DPM,20110,19740,20110,20000,18728.080078125,1905100,38102000000
2022-08-02,DPM,20640,20000,20220,20470,19160.7421875,1471700,30125699000
2022-08-03,DPM,21350,20090,20180,21280,19923.052734375,4525000,96292000000
2022-08-04,DPM,21500,20860,21350,20900,19572.802734375,2255000,47129500000
2022-08-05,DPM,20990,20510,20790,20900,19572.802734375,2124900,44410410000
2022-08-08,DPM,21480,20890,20950,21380,20026.064453125,3355000,71729900000
2022-08-09,DPM,21790,21300,21650,21430,20067.271484375,2476800,53077824000
2022-08-10,DPM,21380,20900,21380,20900,19572.802734375,2307200,48220480000
2022-08-11,DPM,21210,20510,21120,20510,19201.94921875,2406500,49357315000
2022-08-12,DPM,20830,20420,20690,20640,19325.564453125,1380800,28499712000
2022-08-15,DPM,21350,20770,20770,21080,19737.625,1784600,37619368000
2022-08-16,DPM,21320,20900,21080,21040,19696.419921875,2250000,47340000000
2022-08-17,DPM,21210,20690,21210,20770,19449.18359375,2163900,44944203000
2022-08-18,DPM,21100,20700,20700,20860,19531.595703125,1805200,37656472000
2022-08-19,DPM,21080,20550,20930,20640,19325.564453125,1537500,31734000000
2022-08-22,DPM,20730,20070,20590,20160,18872.302734375,2117100,42680736000
2022-08-23,DPM,20420,19890,19980,20360,19057.7265625,2403900,48943404000
2022-08-24,DPM,21350,20470,20750,21040,19696.419921875,3754700,78998888000
2022-08-25,DPM,22490,21170,21300,22490,21056.212890625,5963300,134114617000
2022-08-26,DPM,23330,22490,22890,22670,21221.037109375,4631100,104987037000
2022-08-29,DPM,24200,22710,22890,24200,22663.2421875,7768000,187985600000
2022-08-30,DPM,24860,23940,24860,24080,22539.625,4078600,98212688000
2022-08-31,DPM,24430,23800,24080,23990,22457.212890625,3989600,95710504000
2022-09-05,DPM,24900,23990,24160,24200,22663.2421875,4240100,102610420000
2022-09-06,DPM,24640,23330,24290,23330,21839.123046875,5485200,127969716000
2022-09-07,DPM,23630,22230,22890,22530,21097.419921875,5621900,126661407000
2022-09-08,DPM,23410,22190,22890,22890,21427.064453125,4184100,95774049000
2022-09-09,DPM,23630,22490,23150,23630,22127.568359375,3327800,78635914000
2022-09-12,DPM,24200,23020,23860,23100,21633.095703125,3734400,86264640000
2022-09-13,DPM,23500,22760,23370,23150,21674.30078125,3545300,82073695000
2022-09-14,DPM,23060,22620,22800,22800,21344.654296875,3225400,73539120000
2022-09-15,DPM,23800,23060,23150,23190,21715.5078125,2745500,63668145000
2022-09-16,DPM,23290,22580,23150,22930,21468.271484375,2562100,58748953000
2022-09-19,DPM,22890,21350,22890,21350,19984.861328125,5283800,112809130000
2022-09-20,DPM,22140,20890,21790,22090,20685.361328125,3015900,66621231000
2022-09-21,DPM,22090,21610,21790,21720,20335.109375,1618700,35158164000
2022-09-22,DPM,22270,21460,21570,22090,20685.361328125,2851300,62985217000
2022-09-23,DPM,22580,21790,22140,21790,20396.91796875,2631500,57340385000
2022-09-26,DPM,21520,20270,21150,20470,19160.7421875,4144600,84839962000
2022-09-27,DPM,21060,20480,20890,20640,19325.564453125,2417100,49888944000
2022-09-28,DPM,21060,20480,20690,20820,19490.390625,2106800,43863576000
2022-09-29,DPM,21300,19490,21060,19820,18563.255859375,2644000,52404080000
2022-09-30,DPM,21080,19150,19820,20620,19304.962890625,4030800,83115096000
2022-10-03,DPM,20590,19190,20550,19190,17965.771484375,3473200,66650708000
2022-10-04,DPM,19560,17870,19560,18260,17100.44921875,3654900,66738474000
2022-10-05,DPM,19480,18260,18440,19080,17862.755859375,3465500,66121740000
2022-10-06,DPM,19560,18700,19560,18790,17594.91796875,3340100,62760479000
2022-10-07,DPM,18920,17490,18920,18050,16894.41796875,5491700,99125185000
2022-10-10,DPM,19300,17910,17910,19300,18068.78515625,2303200,44451760000
2022-10-11,DPM,20070,19100,19360,19150,17924.56640625,4369700,83679755000
2022-10-12,DPM,20470,19280,19280,20470,19160.7421875,3419600,69999212000
2022-10-13,DPM,20690,20180,20580,20510,19201.94921875,2933900,60174289000
2022-10-14,DPM,21230,20770,21080,20900,19572.802734375,2930400,61245360000
2022-10-17,DPM,21570,20470,20750,21570,20190.88671875,3276900,70682733000
2022-10-18,DPM,21920,20990,21920,21190,19840.638671875,3089800,65472862000
2022-10-19,DPM,21430,20890,21120,21120,19778.830078125,1888400,39883008000
2022-10-20,DPM,21280,20290,21170,20690,19366.76953125,2284700,47270443000
2022-10-21,DPM,20790,19250,20690,19320,18089.38671875,3393900,65570148000
2022-10-24,DPM,19920,18490,19450,18490,17306.4765625,2354500,43534705000
2022-10-25,DPM,19760,18260,18750,19760,18501.44921875,3341300,66024088000
2022-10-26,DPM,20020,19190,20020,19590,18336.625,1225600,24009504000
2022-10-27,DPM,20250,19280,19590,20250,18954.712890625,3588400,72665100000
2022-10-28,DPM,20550,19590,20550,19590,18336.625,2606200,51055458000
2022-10-31,DPM,19720,18730,19590,19060,17842.15234375,2854600,54408676000
2022-11-01,DPM,19740,19210,19360,19210,17986.375,1665000,31984650000
2022-11-02,DPM,19360,17910,19360,18160,16997.431640625,4504300,81798088000
2022-11-03,DPM,18730,18050,18050,18490,17306.4765625,1772400,32771676000
2022-11-04,DPM,18700,17800,18390,18000,16853.208984375,1774600,31942800000
2022-11-07,DPM,18420,17910,18080,18000,16853.208984375,1925200,34653600000
2022-11-08,DPM,18440,17890,18180,18330,17162.2578125,1293300,23706189000
2022-11-09,DPM,18920,18440,18700,18490,17306.4765625,2386700,44130083000
2022-11-10,DPM,18490,17210,18490,17210,16111.50390625,3946100,67912381000
2022-11-11,DPM,17910,17430,17820,17510,16399.947265625,2263300,39630383000
2022-11-14,DPM,17160,16309,16730,16329,15287.3876953125,3660600,59773937400
2022-11-15,DPM,15490,15210,15450,15210,14236.63671875,1025700,15600897000
2022-11-16,DPM,16260,14150,14150,16260,15225.5791015625,4993100,81187806000
2022-11-17,DPM,17250,16440,16680,16590,15534.6240234375,1390300,23065077000
2022-11-18,DPM,16630,15450,16620,16280,15246.1806640625,2901700,47239676000
2022-11-21,DPM,16520,15620,16329,15840,14834.123046875,1670700,26463888000
2022-11-22,DPM,16410,15450,15670,15840,14834.123046875,2292200,36308448000
2022-11-23,DPM,16210,15580,15840,15950,14937.1376953125,1259800,20093810000
2022-11-24,DPM,16079,15670,15840,16059,15040.1533203125,1180900,18964073100
2022-11-25,DPM,16550,16129,16280,16550,15493.4169921875,1454900,24078595000
2022-11-28,DPM,17430,16680,16900,17190,16090.90234375,2434300,41845617000
2022-11-29,DPM,17960,17010,17380,17820,16688.388671875,2441500,43507530000
2022-11-30,DPM,18180,17600,18180,18000,16853.208984375,1836500,33057000000
2022-12-01,DPM,18200,17150,18130,17300,16193.9189453125,3348800,57934240000
2022-12-02,DPM,18350,16770,17160,18180,17018.03515625,3175800,57736044000
2022-12-05,DPM,18920,17850,18260,18060,16915.021484375,2183500,39434010000
2022-12-06,DPM,19320,17490,17910,18620,17430.095703125,4228500,78734670000
2022-12-07,DPM,19150,18310,18620,18700,17512.505859375,1879500,35146650000
2022-12-08,DPM,19590,18620,19590,18950,17739.13671875,2703000,51221850000
2022-12-09,DPM,19300,18700,19120,18900,17697.931640625,1014700,19177830000
2022-12-12,DPM,19350,18700,18900,18920,17718.53515625,1724200,32621864000
2022-12-13,DPM,19360,18620,18920,19150,17924.56640625,1106500,21189475000
2022-12-14,DPM,19930,19170,19360,19360,18130.59375,2048200,39653152000
2022-12-15,DPM,19560,19020,19360,19360,18130.59375,976900,18912784000
2022-12-16,DPM,19350,18830,18830,19060,17842.15234375,1773100,33795286000
2022-12-19,DPM,19360,18950,19100,19060,17842.15234375,1078000,20546680000
2022-12-20,DPM,19590,18290,19060,19590,18336.625,3168100,62063079000
2022-12-21,DPM,19590,18830,19590,19320,18089.38671875,893300,17258556000
2022-12-22,DPM,19410,18730,19410,19230,18006.9765625,765400,14718642000
2022-12-23,DPM,19230,18790,18920,19020,17800.947265625,724100,13772382000
2022-12-26,DPM,18990,18060,18790,18420,17244.669921875,1261900,23244198000
2022-12-27,DPM,18920,18220,18440,18920,17718.53515625,1210300,22898876000
2022-12-28,DPM,19280,18730,19280,19030,17821.548828125,1167600,22219428000
2022-12-29,DPM,19020,18750,18950,18920,17718.53515625,775900,14680028000
2022-12-30,DPM,18920,18700,18920,18900,17697.931640625,1030000,19467000000
2023-01-03,DPM,19360,18700,18920,19170,17945.16796875,1990000,38148300000
2023-01-04,DPM,20090,19170,19170,19800,18542.65234375,4066300,80512740000
2023-01-05,DPM,20070,19490,20020,19630,18377.830078125,1552300,30471649000
2023-01-06,DPM,19760,18660,19760,18660,17471.30078125,3220200,60088932000
2023-01-09,DPM,18880,18460,18750,18530,17347.681640625,1512400,28024772000
2023-01-10,DPM,18570,18240,18570,18530,17347.681640625,1278300,23686899000
2023-01-11,DPM,18680,18330,18680,18330,17162.2578125,1253700,22980321000
2023-01-12,DPM,18490,17870,18490,17980,16832.607421875,1561000,28066780000
2023-01-13,DPM,18310,18000,18050,18080,16935.625,749600,13552768000
2023-01-16,DPM,18440,18050,18080,18050,16894.41796875,1083000,19548150000
2023-01-17,DPM,18490,18080,18220,18490,17306.4765625,1214600,22457954000
2023-01-18,DPM,18680,18440,18500,18570,17388.88671875,1167800,21686046000
2023-01-19,DPM,18700,18460,18570,18590,17409.490234375,1020800,18976672000
2023-01-27,DPM,18900,18620,18880,18620,17430.095703125,1160900,21615958000
2023-01-30,DPM,19150,18500,18750,19030,17821.548828125,1817500,34587025000
2023-01-31,DPM,19590,19030,19100,19230,18006.9765625,2508300,48234609000
2023-02-01,DPM,19520,18330,19520,18550,17368.28515625,3267500,60612125000
2023-02-02,DPM,18860,18550,18620,18750,17553.712890625,1502900,28179375000
2023-02-03,DPM,19030,18750,18750,18830,17636.123046875,1472500,27727175000
2023-02-06,DPM,19190,18880,19020,18960,17759.740234375,3071500,58235640000
2023-02-07,DPM,19120,18630,19060,18770,17574.314453125,1187000,22279990000
2023-02-08,DPM,19020,18460,18860,19020,17800.947265625,2954700,56198394000
2023-02-09,DPM,19170,18750,19030,18750,17553.712890625,1137800,21333750000
2023-02-10,DPM,18830,18440,18830,18440,17265.271484375,1323900,24412716000
2023-02-13,DPM,19080,18460,18730,18730,17533.109375,2854700,53468531000
2023-02-14,DPM,18920,18700,18880,18750,17553.712890625,1169600,21930000000
2023-02-15,DPM,19020,18790,18790,18990,17780.345703125,2309800,43863102000
2023-02-16,DPM,19280,18870,19040,18920,17712.220703125,1777800,33635976000
2023-02-17,DPM,18960,18430,18940,18460,17280.771484375,1635600,30193176000
2023-02-20,DPM,18630,18190,18260,18630,17439.724609375,2744200,51124446000
2023-02-21,DPM,18820,18190,18770,18190,17030.98046875,2920800,53129352000
2023-02-22,DPM,18050,17510,17950,17510,16395.158203125,2824800,49462248000
2023-02-23,DPM,17700,16740,17510,16980,15895.583984375,2520600,42799788000
2023-02-24,DPM,17510,17000,17190,17360,16258.9091796875,1908000,33122880000
2023-02-27,DPM,17360,16900,16980,16900,15827.4580078125,925000,15632500000
2023-02-28,DPM,17190,16370,17190,16980,15895.583984375,1857100,31533558000
2023-03-01,DPM,16930,16570,16740,16900,15827.4580078125,1069200,18069480000
2023-03-02,DPM,17090,16880,16960,16900,15827.4580078125,942000,15919800000
2023-03-03,DPM,17050,16590,17050,16830,15759.3349609375,1118600,18826038000
2023-03-06,DPM,16980,16570,16980,16630,15577.6708984375,1115600,18552428000
2023-03-07,DPM,16780,16350,16740,16490,15441.4228515625,1172700,19337823000
2023-03-08,DPM,16490,16250,16390,16490,15441.4228515625,837900,13816971000
2023-03-09,DPM,16590,16420,16490,16570,15509.546875,1185000,19635450000
2023-03-10,DPM,17000,16490,16490,16740,15668.501953125,1401300,23457762000
2023-03-13,DPM,16810,16510,16620,16570,15509.546875,913900,15143323000
2023-03-14,DPM,16660,16010,16620,16100,15078.095703125,1458700,23485070000
2023-03-15,DPM,16440,16160,16440,16390,15350.5908203125,1033200,16934148000
2023-03-16,DPM,16370,16010,16370,16050,15032.6806640625,979900,15727395000
2023-03-17,DPM,16440,16079,16160,16440,15396.005859375,1982300,32589012000
2023-03-20,DPM,16370,16030,16320,16250,15214.3427734375,853300,13866125000
2023-03-21,DPM,16390,16100,16370,16300,15259.759765625,1019400,16616220000
2023-03-22,DPM,16490,16320,16390,16420,15282.466796875,1507400,24751508000
2023-03-23,DPM,16390,16200,16300,16320,15418.7158203125,878100,14330592000
2023-03-24,DPM,16540,16390,16540,16420,15305.1767578125,654200,10741964000
2023-03-27,DPM,16470,16320,16350,16370,15350.5908203125,901200,14752644000
2023-03-28,DPM,16490,16250,16420,16300,15259.759765625,1239600,20205480000
2023-03-29,DPM,16390,16219,16350,16300,15282.466796875,738200,12032660000
2023-03-30,DPM,16490,16300,16390,16320,15282.466796875,838700,13687584000
2023-03-31,DPM,16390,16079,16320,16180,15123.5107421875,1162600,18810868000
2023-04-03,DPM,16630,16250,16250,16590,15554.9619140625,2176800,36113112000
2023-04-04,DPM,17120,16540,16630,16830,15782.0419921875,2626300,44200629000
2023-04-05,DPM,17120,16760,16830,16930,15940.998046875,1759800,29793414000
2023-04-06,DPM,18210,17020,17020,17470,16803.900390625,5859900,102372453000
2023-04-07,DPM,17900,17210,17510,17410,16304.328125,2794000,48643540000
2023-04-10,DPM,17560,16490,17470,16780,15736.625,3500500,58738390000
2023-04-11,DPM,16980,16590,16980,16590,15759.3349609375,1683800,27934242000
2023-04-12,DPM,17190,16830,16930,16830,15782.0419921875,1798500,30268755000
2023-04-13,DPM,17150,16880,16980,17080,15963.70703125,2300400,39290832000
2023-04-14,DPM,17360,16760,17120,16780,15577.6708984375,1905900,31981002000
2023-04-17,DPM,16740,16490,16490,16540,15532.25390625,1046000,17300840000
2023-04-18,DPM,16690,16490,16590,16570,15577.6708984375,903100,14964367000
2023-04-19,DPM,16740,16490,16630,16570,15577.6708984375,1079800,17892286000
2023-04-20,DPM,16740,16540,16630,16590,15486.83984375,727100,12062589000
2023-04-21,DPM,16630,16300,16590,16370,15305.1767578125,1650400,27017048000
2023-04-24,DPM,16440,16079,16440,16079,15055.38671875,1153100,18540694900
2023-04-25,DPM,16250,16010,16079,16030,15032.6806640625,1222900,19603087000
2023-04-26,DPM,16050,15600,16010,15670,14760.1845703125,1684300,26392981000
2023-04-27,DPM,16540,15810,15980,16390,15282.466796875,1182100,19374619000
2023-04-28,DPM,16440,16300,16320,16350,15259.759765625,984800,16101480000
2023-05-04,DPM,16320,15910,16250,15980,14896.4326171875,1376700,21999666000
2023-05-05,DPM,16010,15810,15810,15860,14851.015625,639200,10137712000
2023-05-08,DPM,16219,15810,15890,15960,14964.5556640625,1419300,22652028000
2023-05-09,DPM,16160,15980,16160,16010,14987.263671875,614800,9842948000
2023-05-10,DPM,16160,15960,16160,15980,14964.5556640625,1323700,21152726000
2023-05-11,DPM,16420,16010,16010,16250,15168.9267578125,2176700,35371375000
2023-05-12,DPM,16320,16050,16320,16180,15123.5107421875,1436500,23242570000
2023-05-15,DPM,16300,16010,16250,16030,15032.6806640625,1197300,19192719000
2023-05-16,DPM,16100,15790,16079,15860,14851.015625,2568300,40733238000
2023-05-17,DPM,16079,15810,15860,15840,14987.263671875,1595800,25277472000
2023-05-18,DPM,16050,15860,16030,15930,14896.4326171875,726100,11566773000
2023-05-19,DPM,15930,15600,15860,15600,14601.228515625,2566300,40034280000
2023-05-22,DPM,15470,15080,15420,15210,14215.1923828125,3992700,60728967000
2023-05-23,DPM,15690,15330,15400,15370,14464.978515625,2504800,38498776000
2023-05-24,DPM,15570,15180,15570,15180,14464.978515625,2034700,30886746000
2023-05-25,DPM,15260,15060,15180,15140,14169.77734375,1787500,27062750000
2023-05-26,DPM,15450,15180,15180,15280,14306.0234375,1122500,17151800000
2023-05-29,DPM,15420,15210,15300,15210,14237.8994140625,2424500,36876645000
2023-05-30,DPM,15570,15210,15210,15520,14533.10546875,2617600,40625152000
2023-05-31,DPM,15610,15420,15570,15470,14487.689453125,1837700,28429219000
2023-06-01,DPM,15520,15280,15450,15330,14351.439453125,1933600,29642088000
2023-06-02,DPM,15690,15330,15420,15640,14646.64453125,4359500,68182580000
2023-06-05,DPM,16200,15790,15860,16050,15032.6806640625,3293800,52865490000
2023-06-06,DPM,16250,15860,16079,15910,14896.4326171875,2527000,40204570000
2023-06-07,DPM,16250,15960,16050,16100,15078.095703125,3420000,55062000000
2023-06-08,DPM,16420,15960,16350,15960,14941.8466796875,3550700,56669172000
2023-06-09,DPM,16180,15860,15860,16160,15123.5107421875,2694200,43538272000
2023-06-12,DPM,16390,16030,16370,16200,15168.9267578125,2402300,38917260000
2023-06-13,DPM,16370,16050,16320,16160,15123.5107421875,2403400,38838944000
2023-06-14,DPM,16300,16010,16300,16010,14987.263671875,2045100,32742051000
2023-06-15,DPM,16100,15790,16010,15810,14805.599609375,2917600,46127256000
2023-06-16,DPM,16100,15790,15930,15810,14805.599609375,3072300,48573063000
2023-06-19,DPM,16030,15810,15810,15860,14851.015625,1627800,25816908000
2023-06-20,DPM,15980,15860,15860,15980,14964.5556640625,901300,14402774000
2023-06-21,DPM,16219,15960,16010,16100,15078.095703125,1950500,31403050000
2023-06-22,DPM,16660,16100,16250,16660,15078.095703125,5591500,93154390000
2023-06-23,DPM,16710,16420,16690,16660,15600.376953125,3081200,51332792000
2023-06-26,DPM,17150,16660,16740,17020,15940.998046875,5796800,98661536000
2023-06-27,DPM,17170,16900,17120,17020,15940.998046875,2911400,49552028000
2023-06-28,DPM,17470,16980,17170,17270,16168.0791015625,3618500,62491495000
2023-06-29,DPM,17360,16900,17360,16900,15827.4580078125,3815500,64481950000
2023-06-30,DPM,17020,16810,16880,16860,15782.0419921875,1941300,32730318000
2023-07-03,DPM,17660,17240,17470,17290,16190.7861328125,3607700,62377133000
2023-07-04,DPM,17340,17080,17290,17150,16054.5390625,2705700,46402755000
2023-07-05,DPM,17480,17210,17210,17270,16168.0791015625,2758000,47630660000
2023-07-06,DPM,17360,16900,17320,17000,15918.291015625,3046300,51787100000
2023-07-07,DPM,17320,16930,16980,17210,16122.6611328125,2256000,38825760000
2023-07-10,DPM,17850,17320,17390,17660,16531.404296875,5528300,97629778000
2023-07-11,DPM,17990,17660,17850,17700,16576.822265625,2814800,49821960000
2023-07-12,DPM,18090,17630,17880,17920,16781.193359375,4663200,83564544000
2023-07-13,DPM,18260,17950,18020,17990,16849.318359375,2533300,45574067000
2023-07-14,DPM,18090,17660,17990,17900,16758.484375,3576900,64026510000
2023-07-17,DPM,17970,17700,17900,17780,16644.9453125,2594600,46131988000
2023-07-18,DPM,18120,17800,17950,17970,16826.609375,2981800,53582946000
2023-07-19,DPM,18190,17800,18190,17800,16667.65234375,2568900,45726420000
2023-07-20,DPM,17900,17780,17820,17800,16667.65234375,2218200,39483960000
2023-07-21,DPM,18190,17820,17820,18140,16985.564453125,2829600,51328944000
2023-07-24,DPM,18240,17990,18190,18140,16985.564453125,2646500,48007510000
2023-07-25,DPM,18600,18090,18170,18360,17189.935546875,3949300,72509148000
2023-07-26,DPM,18580,18340,18460,18410,17235.35546875,2356700,43386847000
2023-07-27,DPM,18530,18090,18500,18240,17076.396484375,3055200,55726848000
2023-07-28,DPM,18720,18190,18360,18720,17530.55859375,4677000,87553440000
2023-07-31,DPM,19380,19040,19180,19160,17939.302734375,5360000,102697600000
2023-08-01,DPM,19380,18990,19300,18990,17780.345703125,3580200,67987998000
2023-08-02,DPM,19060,18770,18990,18990,17780.345703125,2819800,53548002000
2023-08-03,DPM,19060,18720,18870,18720,17530.55859375,3358900,62878608000
2023-08-04,DPM,19380,18770,18770,19060,17848.46875,2574000,49060440000
2023-08-07,DPM,19210,18820,19060,18920,17712.220703125,2591300,49027396000
2023-08-08,DPM,19260,18900,18920,19180,17962.0078125,3367400,64586732000
2023-08-09,DPM,19260,18900,19180,18920,17712.220703125,2134700,40388524000
2023-08-10,DPM,19160,18870,18960,18940,17734.927734375,2155800,40830852000
2023-08-11,DPM,19380,18960,19140,19350,18120.962890625,3591800,69501330000
2023-08-14,DPM,20250,19400,19520,19890,18620.5390625,4454000,88590060000
2023-08-15,DPM,20370,19930,19930,20130,18847.619140625,2702000,54391260000
2023-08-16,DPM,20250,19890,20250,20130,18847.619140625,2985700,60102141000
2023-08-17,DPM,20130,19890,20130,19890,18620.5390625,3234200,64328238000
2023-08-18,DPM,19890,18680,19890,18940,17734.927734375,5646800,106950392000
2023-08-21,DPM,19400,18870,18960,19380,18143.669921875,4000000,77520000000
2023-08-22,DPM,19670,18200,19460,19060,17849.052734375,2654600,50596676000
2023-08-23,DPM,19250,18430,19250,18460,17284.365234375,2999200,55365232000
2023-08-24,DPM,18670,18280,18510,18670,17480.77734375,3368200,62884294000
2023-08-25,DPM,18770,18380,18670,18410,17235.26171875,4245500,78159655000
2023-08-28,DPM,19280,18570,18620,19010,17799.94921875,4769600,90670096000
2023-08-29,DPM,19170,18670,19170,18850,17652.638671875,3970100,74836385000
2023-08-30,DPM,19090,18750,18930,18960,17750.845703125,3383300,64147368000
2023-08-31,DPM,19510,18960,19040,19380,18143.671875,5562200,107795436000
2023-09-05,DPM,19750,19460,19590,19590,18340.0859375,2537100,49701789000
2023-09-06,DPM,20110,19780,19930,19850,18585.6015625,4786700,95015995000
2023-09-07,DPM,20210,19720,19950,19850,18585.6015625,5368600,106566710000
2023-09-08,DPM,21210,20710,20880,21210,19862.287109375,5629300,119397453000
2023-09-11,DPM,21920,21210,21500,21210,19862.287109375,7149200,151634532000
2023-09-12,DPM,21210,20740,21190,21080,19739.529296875,5948100,125385948000
2023-09-13,DPM,21500,20350,21210,20590,19273.048828125,6266400,129025176000
2023-09-14,DPM,20980,20430,20500,20590,19273.048828125,4678200,96324138000
2023-09-15,DPM,20980,20450,20660,20530,19223.9453125,2735400,56157762000
2023-09-18,DPM,20640,20030,20560,20170,18880.22265625,3221300,64973621000
2023-09-19,DPM,20710,19930,20400,20500,19199.392578125,3304200,67736100000
2023-09-20,DPM,21030,20590,20640,20710,19395.80859375,2833400,58679714000
2023-09-21,DPM,20850,20320,20740,20320,19027.533203125,3408200,69254624000
2023-09-22,DPM,20210,19400,19980,19640,18389.1875,5138500,100920140000
2023-09-25,DPM,19980,18670,19720,18850,17652.638671875,3337400,62909990000
2023-09-26,DPM,19280,18620,18930,18880,17677.19140625,3064300,57853984000
2023-09-27,DPM,19300,18670,18880,19300,18070.017578125,2599400,50168420000
2023-09-28,DPM,19560,19250,19400,19400,18168.22265625,2699100,52362540000
2023-09-29,DPM,19720,19280,19690,19350,18119.119140625,2484100,48067335000
2023-10-02,DPM,20010,19610,19670,19820,18561.048828125,2758700,54677434000
2023-10-03,DPM,20190,19350,19560,19930,18659.2578125,4374100,87175813000
2023-10-04,DPM,21130,19560,19560,20610,19297.599609375,6665800,137382138000
2023-10-05,DPM,20950,20240,20710,20240,18953.876953125,2705300,54755272000
2023-10-06,DPM,20450,19610,20450,19950,18683.80859375,4005000,79899750000
2023-10-09,DPM,21000,19950,19950,20710,19395.80859375,4739100,98146761000
2023-10-10,DPM,20950,20170,20950,20290,19002.98046875,4360800,88480632000
2023-10-11,DPM,20610,20140,20290,20610,19297.599609375,3649300,75212073000
2023-10-12,DPM,20790,20290,20640,20430,19125.73828125,2948200,60231726000
2023-10-13,DPM,20770,20210,20350,20770,19444.91015625,4010900,83306393000
2023-10-16,DPM,21500,20640,20880,21130,19788.6328125,6841700,144565121000
2023-10-17,DPM,21240,20030,21210,20030,18757.46484375,3904200,78201126000
2023-10-18,DPM,20190,18770,20140,18880,17677.19140625,7040300,132920864000
2023-10-19,DPM,19170,18620,18880,18720,17529.880859375,2539500,47539440000
2023-10-20,DPM,19040,18250,18670,19040,17824.5,2609200,49679168000
2023-10-23,DPM,19040,18350,19040,18490,17308.916015625,1865000,34483850000
2023-10-24,DPM,18720,17860,18720,18250,17087.951171875,3267700,59635525000
2023-10-25,DPM,18200,17680,18090,17680,16547.814453125,4398700,77769016000
2023-10-26,DPM,17510,16440,17470,16580,15516.64453125,5465800,90622964000
2023-10-27,DPM,17200,16020,16550,16730,15663.9560546875,2892200,48386506000
2023-10-30,DPM,16780,15990,16730,15990,14976.5087890625,1326100,21204339000
2023-10-31,DPM,16100,14890,15990,14890,13945.3388671875,3828900,57012321000
2023-11-01,DPM,15450,14920,15180,15130,14166.3056640625,2234900,33814037000
2023-11-02,DPM,16180,15470,15600,16180,15148.369140625,2455600,39731608000
2023-11-03,DPM,16940,16410,16760,16580,15516.64453125,4041100,67001438000
2023-11-06,DPM,16780,16440,16760,16680,15614.8515625,1451300,24207684000
2023-11-07,DPM,17090,16260,16680,16440,15393.8857421875,3861700,63486348000
2023-11-08,DPM,17360,16390,16440,17230,16130.4365234375,2655500,45754265000
2023-11-09,DPM,17620,17180,17310,17230,16130.4365234375,2762000,47589260000
2023-11-10,DPM,17280,16890,16940,16940,15860.3681640625,2776400,47032216000
2023-11-13,DPM,17180,16730,16970,16830,15762.1611328125,2207600,37153908000
2023-11-14,DPM,17150,16890,17120,17070,15983.1259765625,1420200,24242814000
2023-11-15,DPM,17410,17070,17310,17200,16105.884765625,2380300,40941160000
2023-11-16,DPM,17830,17050,17200,17780,16646.01953125,3768700,67007486000
2023-11-17,DPM,17880,17200,17880,17310,16204.091796875,2894300,50100333000
2023-11-20,DPM,17340,16990,16990,17250,16154.9873046875,1906900,32894025000
2023-11-21,DPM,17510,17280,17410,17510,16400.50390625,1157800,20273078000
2023-11-22,DPM,17780,17410,17510,17590,16474.16015625,1687900,29690161000
2023-11-23,DPM,17830,17050,17830,17050,15958.576171875,2713600,46266880000
2023-11-24,DPM,17200,16580,17050,17200,16105.884765625,2425800,41723760000
2023-11-27,DPM,17310,16940,17200,17120,16032.2294921875,945800,16192096000
2023-11-28,DPM,17120,16730,17120,16940,15860.3681640625,1323400,22418396000
2023-11-29,DPM,17200,16970,17200,17090,16007.6787109375,1001400,17113926000
2023-11-30,DPM,17280,16990,17200,17280,16179.541015625,1388100,23986368000
2023-12-01,DPM,17490,17180,17280,17410,16302.2978515625,1680700,29260987000
2023-12-04,DPM,17910,17410,17410,17830,16695.125,3149500,56155585000
2023-12-05,DPM,18040,17540,18040,17620,16498.7109375,2162000,38094440000
2023-12-06,DPM,17830,17620,17730,17830,16695.125,1845500,32905265000
2023-12-07,DPM,17960,17440,17880,17620,16498.7109375,2420600,42650972000
2023-12-08,DPM,17800,17570,17620,17680,16547.814453125,1304700,23067096000
2023-12-11,DPM,17700,17510,17680,17700,16572.365234375,811600,14365320000
2023-12-12,DPM,17910,17700,17760,17880,16744.228515625,2037400,36428712000
2023-12-13,DPM,18090,17620,18040,17620,16498.7109375,1919100,33814542000
2023-12-14,DPM,17780,17360,17780,17410,16302.2978515625,901800,15700338000
2023-12-15,DPM,17540,17180,17410,17180,16081.333984375,1538100,26424558000
2023-12-18,DPM,17340,17050,17200,17200,16105.884765625,803000,13811600000
2023-12-19,DPM,17340,17090,17230,17200,16105.884765625,709800,12208560000
2023-12-20,DPM,17340,17150,17310,17150,16056.78125,948500,16266775000
2023-12-21,DPM,17230,17120,17200,17180,16081.333984375,689000,11837020000
2023-12-22,DPM,17280,17050,17280,17070,15983.1259765625,1527300,26071011000
2023-12-25,DPM,17280,17050,17050,17250,16154.9873046875,789500,13618875000
2023-12-26,DPM,17470,17230,17230,17360,16253.1962890625,876400,15214304000
2023-12-27,DPM,17510,17360,17470,17510,16400.50390625,1512100,26476871000
2023-12-28,DPM,17540,17380,17510,17380,16277.7451171875,963700,16749106000
2023-12-29,DPM,17540,17380,17380,17470,16351.400390625,1051900,18376693000
2024-01-02,DPM,17930,17410,17410,17830,16695.125,3943700,70316171000
2024-01-03,DPM,17860,17680,17800,17800,16670.572265625,1530200,27237560000
2024-01-04,DPM,18180,17780,17830,17780,16646.01953125,3034600,53955188000
2024-01-05,DPM,17860,17490,17780,17760,16621.470703125,1618100,28737456000
2024-01-08,DPM,17860,17620,17760,17620,16498.7109375,2176500,38349930000
2024-01-09,DPM,17990,17380,17620,17780,16646.01953125,4027500,71608950000
2024-01-10,DPM,17960,17540,17910,17590,16474.16015625,2351600,41364644000
2024-01-11,DPM,17830,17510,17730,17590,16474.16015625,1763900,31027001000
2024-01-12,DPM,17540,17090,17440,17180,16081.333984375,3698100,63533358000
2024-01-15,DPM,17360,17150,17150,17150,16056.78125,644600,11054890000
2024-01-16,DPM,17310,17090,17180,17310,16204.091796875,960000,16617600000
2024-01-17,DPM,17440,17310,17360,17440,16326.8515625,1062400,18528256000
2024-01-18,DPM,17540,17380,17490,17440,16326.8515625,982200,17129568000
2024-01-19,DPM,17570,17310,17470,17340,16228.642578125,1704800,29561232000
2024-01-22,DPM,17410,17200,17380,17230,16130.4365234375,1200500,20684615000
2024-01-23,DPM,17280,17050,17250,17150,16056.78125,1940500,33279575000
2024-01-24,DPM,17310,17090,17180,17120,16032.2294921875,1110000,19003200000
2024-01-25,DPM,17150,16910,17150,16970,16032.2294921875,1607900,27286063000
2024-01-26,DPM,17280,16970,16970,17150,16056.78125,1200400,20586860000
2024-01-29,DPM,17830,17380,17380,17590,16474.16015625,2585500,45478945000
2024-01-30,DPM,17680,17470,17620,17570,16449.607421875,878800,15440516000
2024-01-31,DPM,17570,17180,17570,17180,16081.333984375,1778300,30551194000
2024-02-01,DPM,17410,17050,17150,17360,16253.1962890625,1018200,17675952000
2024-02-02,DPM,17570,17310,17360,17310,16253.1962890625,1295400,22423374000
2024-02-05,DPM,17490,17250,17310,17470,16351.400390625,1228100,21454907000
2024-02-06,DPM,17700,17440,17470,17470,16351.400390625,1629300,28463871000
2024-02-07,DPM,17960,17570,17570,17780,16646.01953125,2706100,48114458000
2024-02-15,DPM,17990,17780,17880,17830,16695.125,2084500,37166635000
2024-02-16,DPM,18010,17760,17830,17880,16744.228515625,2530300,45241764000
2024-02-19,DPM,18620,17830,17910,18330,17161.60546875,5087300,93250209000
2024-02-20,DPM,18380,18150,18380,18220,17063.3984375,1794300,32692146000
2024-02-21,DPM,18540,18180,18220,18350,17186.158203125,3142600,57666710000
2024-02-22,DPM,18410,18090,18350,18150,16989.744140625,1892400,34347060000
2024-02-23,DPM,18280,17570,18150,17620,16498.7109375,4009700,70650914000
2024-02-26,DPM,18090,17490,17730,17960,16817.8828125,1815700,32609972000
2024-02-27,DPM,18150,17930,18010,18120,16965.193359375,1812600,32844312000
2024-02-28,DPM,18690,18120,18300,18300,17137.0546875,5364100,98163030000
2024-02-29,DPM,18510,18150,18510,18220,17063.3984375,1755600,31987032000
2024-03-01,DPM,18510,18120,18220,18410,17235.26171875,2764300,50890763000
2024-03-04,DPM,18620,18330,18620,18460,17284.365234375,3266900,60306974000
2024-03-05,DPM,18770,18410,18460,18510,17333.46875,2971000,54993210000
2024-03-06,DPM,18540,18200,18510,18280,17112.501953125,2395400,43787912000
2024-03-07,DPM,18850,18200,18350,18570,17382.572265625,4298700,79826859000
2024-03-08,DPM,18980,18490,18620,18620,17431.673828125,5498200,102376484000
2024-03-11,DPM,19040,18510,18670,18850,17652.638671875,4378900,82542265000
2024-03-12,DPM,18850,18590,18850,18620,17431.673828125,2793900,52022418000
2024-03-13,DPM,19640,18620,18720,19300,18070.017578125,8410600,162324580000
2024-03-14,DPM,19400,18980,19400,19090,17873.6015625,4980400,95075836000
2024-03-15,DPM,19380,18770,19090,19090,17873.6015625,3197200,61034548000
2024-03-18,DPM,19250,17830,19190,18220,17063.3984375,7123800,129795636000
2024-03-19,DPM,18460,18120,18250,18250,17087.951171875,1735300,31669225000
2024-03-20,DPM,18430,18220,18280,18430,17259.814453125,1419500,26161385000
2024-03-21,DPM,18640,18430,18620,18620,17431.673828125,2197600,40919312000
2024-03-22,DPM,18750,18430,18670,18620,17431.673828125,2542900,47348798000
2024-03-25,DPM,18910,18350,18720,18460,17284.365234375,2794700,51590162000
2024-03-26,DPM,18880,18150,18510,18880,17677.19140625,1935000,36532800000
2024-03-27,DPM,18960,18750,18910,18800,17603.53515625,1712400,32193120000
2024-03-28,DPM,19170,18690,18880,19010,17799.94921875,3377900,64213879000
2024-03-29,DPM,19110,18770,19060,18770,17578.982421875,2088600,39203022000
2024-04-01,DPM,18930,18510,18830,18640,17456.224609375,3236400,60326496000
2024-04-02,DPM,18770,18350,18640,18770,17578.982421875,2844900,53398773000
2024-04-03,DPM,19610,18830,18830,19140,17922.708984375,10329000,197697060000
2024-04-04,DPM,19350,18930,19300,18960,17750.845703125,2581600,48947136000
2024-04-05,DPM,18930,18570,18830,18570,17382.572265625,2739900,50879943000
2024-04-08,DPM,18620,18200,18570,18200,17038.84765625,3060400,55699280000
2024-04-09,DPM,18430,18150,18250,18430,17259.814453125,1689000,31128270000
2024-04-10,DPM,18570,18200,18570,18200,17038.84765625,1880500,34225100000
2024-04-11,DPM,18200,17990,18070,18070,16916.08984375,1797200,32475404000
2024-04-12,DPM,18220,18040,18090,18200,17038.84765625,1782100,32434220000
2024-04-15,DPM,18570,16990,18250,16990,15909.47265625,3412700,57981773000
2024-04-16,DPM,17310,16780,17050,17180,16081.333984375,2868300,49277394000
2024-04-17,DPM,17380,17050,17310,17050,15958.576171875,1430400,24388320000
2024-04-19,DPM,16890,16280,16810,16360,15320.232421875,2934100,48001876000
2024-04-22,DPM,16780,16470,16780,16580,15516.64453125,1096400,18178312000
2024-04-23,DPM,16760,16329,16580,16410,15369.3359375,864700,14189727000
2024-04-24,DPM,16830,16520,16730,16760,15688.5068359375,1980600,33194856000
2024-04-25,DPM,16760,16390,16760,16390,15344.7822265625,1760300,28851317000
2024-04-26,DPM,16600,16329,16390,16580,15516.64453125,1355700,22477506000
2024-05-02,DPM,17120,16580,16730,17070,15983.1259765625,1795900,30656013000
2024-05-03,DPM,17280,16830,17250,16970,15884.9208984375,983500,16689995000
2024-05-06,DPM,17440,17050,17050,17440,16326.8515625,1561900,27239536000
2024-05-07,DPM,17800,17410,17510,17590,16474.16015625,1915600,33695404000
2024-05-08,DPM,18040,17310,17380,17880,16744.228515625,2624300,46922484000
2024-05-09,DPM,18150,17700,18040,17780,16646.01953125,2592900,46101762000
2024-05-10,DPM,17780,17510,17760,17780,16646.01953125,1668700,29669486000
2024-05-13,DPM,17780,17380,17780,17510,16400.50390625,1345100,23552701000
2024-05-14,DPM,17680,17410,17570,17680,16547.814453125,1184700,20945496000
2024-05-15,DPM,18250,17700,17800,18200,17038.84765625,4024400,73244080000
2024-05-16,DPM,18510,18120,18250,18350,17186.158203125,2743500,50343225000
2024-05-17,DPM,18510,18280,18350,18410,17235.26171875,2587100,47628511000
2024-05-20,DPM,18830,18330,18570,18380,17210.708984375,3332100,61243998000
2024-05-21,DPM,19190,18250,18410,18800,17603.53515625,5576100,104830680000
2024-05-22,DPM,19040,18750,19040,18880,17677.19140625,3420600,64580928000
2024-05-23,DPM,19560,18770,18880,19400,18168.22265625,5436900,105475860000
2024-05-24,DPM,19330,18300,19220,18640,17456.224609375,5484200,102225488000
2024-05-27,DPM,19250,18570,18640,18980,17775.3984375,2142200,40658956000
2024-05-28,DPM,19140,18880,18980,18980,17775.3984375,2492400,47305752000
2024-05-29,DPM,19460,18910,19040,19090,17873.6015625,4195000,80082550000
2024-05-30,DPM,19040,18640,18830,18880,17677.19140625,2581800,48744384000
2024-05-31,DPM,19090,18770,18770,18880,17677.19140625,1436600,27123008000
2024-06-03,DPM,20190,18960,19090,20190,17677.19140625,13768000,277975920000
2024-06-04,DPM,20660,20190,20400,20240,18953.876953125,5153400,104304816000
2024-06-05,DPM,20530,20190,20350,20370,19076.634765625,5927500,120743175000
2024-06-06,DPM,20560,19930,20450,20190,18904.7734375,5550400,112062576000
2024-06-07,DPM,20950,20190,20270,20430,19125.73828125,5794400,118379592000
2024-06-10,DPM,20500,20140,20400,20350,19052.083984375,3966000,80708100000
2024-06-11,DPM,20790,20320,20480,20450,19150.291015625,5527800,113043510000
2024-06-12,DPM,20610,20210,20450,20370,19076.634765625,3571700,72755529000
2024-06-13,DPM,20660,20290,20480,20350,19052.083984375,4061700,82655595000
2024-06-14,DPM,20560,19300,20350,19300,18070.017578125,8169000,157661700000
2024-06-17,DPM,19780,19250,19300,19560,18315.533203125,4130100,80784756000
2024-06-18,DPM,19930,19560,19880,19610,18364.63671875,3374900,66181789000
2024-06-19,DPM,20480,19640,19670,19790,18536.49609375,5526700,109373393000
2024-06-20,DPM,19930,19350,19820,19560,18315.533203125,3530000,69046800000
2024-06-21,DPM,19980,19560,19720,19590,18340.0859375,3414400,66888096000
2024-06-24,DPM,19670,18620,19510,18690,17505.330078125,5453800,101931522000
2024-06-25,DPM,19090,18570,18800,19090,17873.6015625,2434400,46472696000
2024-06-26,DPM,19300,18770,19140,19300,18070.017578125,2029100,39161630000
2024-06-27,DPM,19880,19250,19300,19400,18168.22265625,2675700,51908580000
2024-06-28,DPM,19430,18770,19400,18930,17726.29296875,2903300,54959469000
2024-07-01,DPM,19040,18720,18980,18980,17775.3984375,1246600,23660468000
2024-07-02,DPM,19510,19090,19140,19090,17873.6015625,1656300,31618767000
2024-07-03,DPM,19640,19090,19300,19430,18192.775390625,2435700,47325651000
2024-07-04,DPM,19590,19110,19560,19400,18168.22265625,2017200,39133680000
2024-07-05,DPM,19780,19430,19430,19640,18389.1875,4335700,85153148000
2024-07-08,DPM,20660,19820,19820,20370,19076.634765625,7802200,158930814000
2024-07-09,DPM,20710,20170,20500,20190,18904.7734375,5045800,101874702000
2024-07-10,DPM,20530,19900,20290,19900,18634.70703125,6043600,120267640000
2024-07-11,DPM,20140,19510,20140,19590,18340.0859375,4763800,93322842000
2024-07-12,DPM,19820,19510,19590,19640,18389.1875,2011600,39507824000
2024-07-15,DPM,19950,19610,19720,19690,18438.291015625,1727200,34008568000
2024-07-16,DPM,19780,19400,19720,19430,18192.775390625,2150300,41780329000
2024-07-17,DPM,19560,18090,19560,18460,17284.365234375,6821100,125917506000
2024-07-18,DPM,18830,18410,18620,18830,17628.087890625,2462100,46361343000
2024-07-19,DPM,18980,18490,18830,18620,17431.673828125,1619100,30147642000
2024-07-22,DPM,18620,18150,18620,18250,17087.951171875,2923000,53344750000
2024-07-23,DPM,18460,18120,18280,18120,16965.193359375,1665600,30180672000
2024-07-24,DPM,18570,17830,17990,18250,17087.951171875,2399500,43790875000
2024-07-25,DPM,18350,18040,18280,18350,17186.158203125,664200,12188070000
2024-07-26,DPM,18570,18330,18330,18510,17333.46875,908700,16820037000
2024-07-29,DPM,18980,18570,18570,18850,17652.638671875,2305200,43453020000
2024-07-30,DPM,18930,18540,18930,18590,17407.123046875,1123700,20889583000
2024-07-31,DPM,18830,18430,18640,18510,17333.46875,1484200,27472542000
2024-08-01,DPM,18800,17930,18690,18070,16916.08984375,3896300,70406141000
2024-08-02,DPM,18350,17830,17930,18350,17186.158203125,1593900,29248065000
2024-08-05,DPM,18200,17150,17860,17150,16056.78125,3324700,57018605000
2024-08-06,DPM,17780,17150,17310,17650,16523.26171875,2188900,38634085000
2024-08-07,DPM,18300,17650,17830,18250,17087.951171875,1898400,34645800000
2024-08-08,DPM,18490,18040,18200,18220,17063.3984375,1844900,33614078000
2024-08-09,DPM,18830,18350,18430,18750,17554.43359375,3201800,60033750000
2024-08-12,DPM,19090,18770,18980,18880,17677.19140625,2697600,50930688000
2024-08-13,DPM,19040,18690,18980,18770,17578.982421875,2586100,48541097000
2024-08-14,DPM,19220,18880,18980,18930,17726.29296875,2515300,47614629000
2024-08-15,DPM,18980,18690,18980,18880,17677.19140625,1837000,34682560000
2024-08-16,DPM,19480,18880,18980,19460,18217.328125,5725800,111424068000
2024-08-19,DPM,20030,19510,19720,20030,18757.46484375,5863900,117453917000
2024-08-20,DPM,20290,19950,20080,20030,18757.46484375,8496700,170188901000
2024-08-21,DPM,20170,19980,20170,20030,18757.462890625,3938700,78892161000
2024-08-22,DPM,20090,19590,19930,19700,18446.56640625,3401800,67015460000
2024-08-23,DPM,19870,19560,19670,19760,18498.3828125,2147800,42440528000
2024-08-26,DPM,19870,19320,19870,19320,18083.8515625,4322600,83512632000
2024-08-27,DPM,19620,19320,19340,19370,18135.669921875,2920200,56564274000
2024-08-28,DPM,19480,19210,19370,19210,17980.21875,1849400,35526974000
2024-08-29,DPM,19420,19150,19230,19230,18006.126953125,1857600,35721648000
2024-08-30,DPM,19530,19260,19260,19290,18057.943359375,1616800,31188072000
2024-09-04,DPM,19420,19090,19260,19420,18187.486328125,2110300,40982026000
2024-09-05,DPM,19530,19090,19510,19230,18006.126953125,1762300,33889029000
2024-09-06,DPM,19900,19180,19260,19900,18627.923828125,4405300,87665470000
2024-09-09,DPM,19840,19320,19730,19620,18368.841796875,2587100,50758902000
2024-09-10,DPM,19760,19320,19760,19340,18109.76171875,2856900,55252446000
2024-09-11,DPM,19480,19090,19320,19320,18083.8515625,2404900,46462668000
2024-09-12,DPM,19840,19370,19370,19480,18239.302734375,3080500,60008140000
2024-09-13,DPM,19780,19420,19560,19640,18394.75,2351100,46175604000
2024-09-16,DPM,20140,19760,19780,19760,18498.3828125,6637900,131164904000
2024-09-17,DPM,19810,19590,19760,19810,18550.19921875,1801000,35677810000
2024-09-18,DPM,19930,19620,19930,19670,18420.658203125,2508400,49340228000
2024-09-19,DPM,19700,19480,19620,19700,18446.56640625,2339800,46094060000
2024-09-20,DPM,20010,19560,19810,19640,18394.75,3219600,63232944000
2024-09-23,DPM,19980,19590,19700,19700,18446.56640625,2308400,45475480000
2024-09-24,DPM,19780,19620,19760,19700,18446.56640625,1477000,29096900000
2024-09-25,DPM,20120,19700,19760,19980,18705.646484375,7227100,144397458000
2024-09-26,DPM,20250,19840,20140,19930,18653.830078125,3918700,78099691000
2024-09-27,DPM,20010,19760,20010,19930,18653.830078125,2975500,59301715000
2024-09-30,DPM,19980,19670,19930,19700,18446.56640625,3172000,62488400000
2024-10-01,DPM,19930,19670,19760,19670,18420.658203125,3226000,63455420000
2024-10-02,DPM,19900,19640,19700,19730,18472.47265625,2604300,51382839000
2024-10-03,DPM,19840,19290,19840,19450,18213.392578125,4531600,88139620000
2024-10-04,DPM,19640,19370,19480,19420,18187.486328125,1956200,37989404000
2024-10-07,DPM,19530,19290,19510,19370,18135.669921875,2015400,39038298000
2024-10-08,DPM,19450,19090,19420,19260,18032.037109375,3273300,63043758000
2024-10-09,DPM,19530,19260,19320,19530,18291.119140625,1675600,32724468000
2024-10-10,DPM,19670,19320,19450,19320,18083.8515625,2497700,48255564000
2024-10-11,DPM,19480,19320,19370,19480,18239.302734375,794900,15484652000
2024-10-14,DPM,19590,19290,19590,19370,18135.669921875,1883600,36485332000
2024-10-15,DPM,19450,19120,19420,19180,17954.310546875,1498500,28741230000
2024-10-16,DPM,19340,18810,19340,18900,17695.23046875,2935700,55484730000
2024-10-17,DPM,19090,18760,19010,19090,17876.5859375,1455700,27789313000
2024-10-18,DPM,19230,18980,19120,19040,17824.76953125,1437300,27366192000
2024-10-21,DPM,19090,18870,19090,18870,17669.322265625,796500,15029955000
2024-10-22,DPM,19060,18730,18870,18870,17669.322265625,1346900,25416003000
2024-10-23,DPM,18900,18730,18760,18840,17643.416015625,1147900,21626436000
2024-10-24,DPM,19090,18810,18840,18840,17643.416015625,1564500,29475180000
2024-10-25,DPM,19060,18840,18920,18840,17643.416015625,881800,16613112000
2024-10-28,DPM,18950,18790,18840,18920,17721.138671875,722500,13669700000
2024-10-29,DPM,19370,18950,18950,19340,18109.76171875,2909000,56260060000
2024-10-30,DPM,19340,19090,19340,19150,17928.40234375,1106900,21197135000
2024-10-31,DPM,19210,18980,19150,19120,17902.49609375,1038500,19856120000
2024-11-01,DPM,19040,18710,19040,18760,17565.689453125,3353200,62906032000
2024-11-04,DPM,18790,18370,18680,18510,17332.517578125,1856000,34354560000
2024-11-05,DPM,18680,18430,18600,18510,17332.517578125,723600,13393836000
2024-11-06,DPM,18840,18540,18540,18790,17591.599609375,972900,18280791000
2024-11-07,DPM,18870,18650,18870,18650,17462.05859375,930400,17351960000
2024-11-08,DPM,18730,18490,18650,18540,17358.42578125,2217000,41103180000
2024-11-11,DPM,18760,18460,18600,18680,17487.96484375,1536000,28692480000
2024-11-12,DPM,19040,18730,18760,18730,17539.78125,1797300,33663429000
2024-11-13,DPM,19010,18600,18790,18840,17643.416015625,1624600,30607464000
2024-11-14,DPM,19010,18760,18760,18900,17695.23046875,3113300,58841370000
2024-11-15,DPM,18980,18650,18810,18650,17462.05859375,1753800,32708370000
2024-11-18,DPM,18760,18400,18600,18680,17487.96484375,1299300,24270924000
2024-11-19,DPM,18760,18540,18680,18540,17358.42578125,935700,17347878000
2024-11-20,DPM,18810,18260,18540,18710,17513.875,1688600,31593706000
2024-11-21,DPM,19290,18600,18730,19290,18057.943359375,3209700,61915113000
2024-11-22,DPM,19700,19210,19290,19640,18394.75,5767900,113281556000
2024-11-25,DPM,19730,19480,19640,19590,18342.93359375,3941400,77212026000
2024-11-26,DPM,20200,19640,19640,20120,18835.1875,8413000,169269560000
2024-11-27,DPM,20280,19510,20250,19640,18394.75,6489700,127457708000
2024-11-28,DPM,19780,19400,19700,19480,18239.302734375,2514100,48974668000
2024-11-29,DPM,19780,19370,19480,19560,18317.025390625,3649100,71376396000
2024-12-02,DPM,19780,19290,19700,19730,18472.47265625,4019400,79302762000
2024-12-03,DPM,20030,19590,19760,19840,18576.107421875,3602700,71477568000
2024-12-04,DPM,20140,19560,19870,19810,18550.19921875,8028300,159040623000
2024-12-05,DPM,20090,19700,19700,20090,18809.279296875,3529100,70899619000
2024-12-06,DPM,20860,20120,20120,20200,18912.91015625,8734000,176426800000
2024-12-09,DPM,20310,19950,20200,20010,18731.5546875,4063900,81318639000
2024-12-10,DPM,20060,19730,20010,19870,18602.013671875,3545300,70445111000
2024-12-11,DPM,19950,19620,19950,19730,18472.47265625,2658600,52454178000
2024-12-12,DPM,19810,19590,19760,19620,18368.841796875,2102900,41258898000
2024-12-13,DPM,19780,19510,19590,19530,18291.119140625,1740100,33984153000
2024-12-16,DPM,19640,19400,19530,19510,18265.208984375,2021800,39445318000
2024-12-17,DPM,19590,19340,19560,19420,18187.486328125,1772600,34423892000
2024-12-18,DPM,19560,19230,19420,19510,18265.208984375,2540600,49567106000
2024-12-19,DPM,19700,19260,19340,19480,18239.302734375,2378800,46339024000
2024-12-20,DPM,19590,19400,19590,19420,18187.486328125,1578800,30660296000
2024-12-23,DPM,19590,19370,19480,19560,18317.025390625,1813000,35462280000
2024-12-24,DPM,19840,19450,19590,19670,18420.658203125,3096800,60914056000
2024-12-25,DPM,19810,19530,19780,19590,18342.93359375,2538400,49727256000
2024-12-26,DPM,19620,19480,19590,19480,18239.302734375,1850700,36051636000
2024-12-27,DPM,20030,19400,19560,19700,18446.56640625,4326900,85239930000
2024-12-30,DPM,19930,19620,19760,19620,18368.841796875,2026200,39754044000
2024-12-31,DPM,19700,19370,19560,19370,18135.669921875,2228400,43164108000
2025-01-02,DPM,19620,19420,19420,19590,18342.93359375,1109400,21733146000
2025-01-03,DPM,19870,19510,19590,19670,18420.658203125,3355200,65996784000
2025-01-06,DPM,19780,19150,19700,19370,18135.669921875,2287800,44314686000
2025-01-07,DPM,19450,18920,19370,19040,17824.76953125,2434200,46347168000
2025-01-08,DPM,19150,18840,18920,19120,17902.49609375,1513900,28945768000
2025-01-09,DPM,19150,18870,19120,18900,17695.23046875,642300,12139470000
2025-01-10,DPM,19040,18540,18900,18540,17358.42578125,2039100,37804914000
2025-01-13,DPM,18870,18430,18490,18870,17669.322265625,1586800,29942916000
2025-01-14,DPM,19060,18810,18980,18810,17617.505859375,630800,11865348000
2025-01-15,DPM,18950,18790,18920,18810,17617.505859375,623900,11735559000
2025-01-16,DPM,19040,18870,18920,18870,17617.505859375,710100,13399587000
2025-01-17,DPM,19090,18870,18950,18980,17772.955078125,709200,13460616000
2025-01-20,DPM,19090,18900,18950,18980,17772.955078125,574600,10905908000
2025-01-21,DPM,19040,18790,18870,18810,17617.505859375,744500,14004045000
2025-01-22,DPM,18870,18540,18840,18540,17358.42578125,873000,16185420000
2025-01-23,DPM,19320,18620,18620,19040,17824.76953125,1355500,25808720000
2025-01-24,DPM,19420,19040,19040,19150,17928.40234375,1293500,24770525000
2025-02-03,DPM,19530,19040,19180,19340,18109.76171875,1758200,34003588000
2025-02-04,DPM,19620,19340,19480,19420,18187.486328125,2470700,47980994000
2025-02-05,DPM,19670,19420,19590,19480,18239.302734375,2556200,49794776000
2025-02-06,DPM,19780,19450,19510,19590,18342.93359375,1698500,33273615000
2025-02-07,DPM,19640,19290,19620,19320,18083.8515625,2342900,45264828000
2025-02-10,DPM,19420,19040,19370,19040,17824.76953125,2480800,47234432000
2025-02-11,DPM,19230,19040,19040,19210,17980.21875,1388700,26676927000
2025-02-12,DPM,19480,19210,19260,19260,18032.037109375,2758500,53128710000
2025-02-13,DPM,20250,19320,19340,20170,18887.00390625,9295500,187490235000
2025-02-14,DPM,20360,20010,20250,20010,18731.5546875,4345900,86961459000
2025-02-17,DPM,20560,20060,20120,20090,18809.279296875,5293400,106344406000
2025-02-18,DPM,20140,19930,20090,20010,18731.5546875,3471100,69456711000
2025-02-19,DPM,20420,19980,20030,20310,19016.544921875,5750700,116796717000
2025-02-20,DPM,20700,20220,20310,20590,19275.625,7164600,147519114000
2025-02-21,DPM,20670,20420,20560,20590,19275.625,3810800,78464372000
2025-02-24,DPM,20590,20140,20530,20360,19068.361328125,4823200,98200352000
2025-02-25,DPM,20920,20310,20480,20530,19223.80859375,5846500,120028645000
2025-02-26,DPM,20920,20530,20750,20560,19249.716796875,2751100,56562616000
2025-02-27,DPM,20560,20200,20560,20450,19146.083984375,3457600,70707920000
2025-02-28,DPM,20530,20250,20420,20310,19016.544921875,2574300,52284033000
2025-03-03,DPM,20640,20310,20420,20390,19094.267578125,2073600,42280704000
2025-03-04,DPM,20500,20170,20310,20390,19094.267578125,3302800,67344092000
2025-03-05,DPM,20450,20090,20390,20090,18809.279296875,3364100,67584769000
2025-03-06,DPM,20200,19950,20140,20170,18887.00390625,3370500,67982985000
2025-03-07,DPM,20750,20170,20200,20390,19094.267578125,5379700,109692083000
2025-03-10,DPM,20480,20200,20480,20310,19016.544921875,2233800,45368478000
2025-03-11,DPM,20640,20200,20200,20340,19042.451171875,4708500,95770890000
2025-03-12,DPM,20420,20170,20420,20200,18912.91015625,2629600,53117920000
2025-03-13,DPM,20250,19700,20220,19730,18472.47265625,5778600,114011778000
2025-03-14,DPM,19900,19670,19760,19730,18472.47265625,2652900,52341717000
2025-03-17,DPM,19870,19560,19870,19760,18498.3828125,2047500,40458600000
2025-03-18,DPM,19900,19760,19780,19760,18498.3828125,1394900,27563224000
2025-03-19,DPM,20030,19730,19760,19760,18498.3828125,1654200,32686992000
2025-03-20,DPM,19870,19640,19760,19700,18446.56640625,1204200,23722740000
2025-03-21,DPM,19870,19590,19870,19620,18368.841796875,1500100,29431962000
2025-03-24,DPM,19670,19420,19640,19480,18239.302734375,1388800,27053824000
2025-03-25,DPM,19620,19420,19560,19510,18265.208984375,1606900,31350619000
2025-03-26,DPM,19780,19420,19560,19590,18342.93359375,1539700,30162723000
2025-03-27,DPM,19730,19480,19560,19510,18265.208984375,945700,18450607000
2025-03-28,DPM,19980,19560,19760,19560,18317.025390625,2503600,48970416000
2025-03-31,DPM,19560,19210,19530,19230,18006.126953125,2854000,54882420000
2025-04-01,DPM,19620,19340,19530,19450,18213.392578125,2141100,41644395000
2025-04-02,DPM,19810,19510,19640,19530,18291.119140625,1315000,25681950000
2025-04-03,DPM,19090,18180,18840,18180,17021.62109375,5661100,102918798000
2025-04-04,DPM,17680,16930,16930,17540,16425.734375,3803400,66711636000
2025-04-08,DPM,17100,16329,16600,16329,15285.7783203125,3492000,57020868000
2025-04-09,DPM,16379,15190,15190,15410,14430.810546875,5482600,84486866000
2025-04-10,DPM,16470,16470,16470,16470,15415.318359375,86000,1416420000
2025-04-11,DPM,17600,16960,17600,17600,16477.55078125,4703900,82788640000
2025-04-14,DPM,18710,17650,17710,18540,17358.42578125,3924200,72754668000
2025-04-15,DPM,18540,17990,18540,18120,16969.8046875,2645700,47940084000
2025-04-16,DPM,18230,17880,17990,17960,16814.357421875,1869900,33583404000
2025-04-17,DPM,18010,17710,17880,17960,16814.357421875,1464600,26304216000
2025-04-18,DPM,18490,17990,17990,18200,17047.52734375,2246700,40889940000
2025-04-21,DPM,18400,18040,18260,18260,17099.34375,1048800,19151088000
2025-04-22,DPM,18320,16990,18100,17710,16581.18359375,3936500,69715415000
2025-04-23,DPM,18180,17850,18180,17930,16788.447265625,893300,16016869000
2025-04-24,DPM,18230,17930,18040,17990,16840.263671875,2014200,36235458000
2025-04-25,DPM,18180,17960,18120,17990,16840.263671875,1020400,18356996000
2025-04-28,DPM,18370,18010,18010,18200,17047.52734375,1254100,22824620000
2025-04-29,DPM,18320,18040,18040,18100,16943.896484375,1193000,21593300000
2025-05-05,DPM,18870,18840,18870,18870,17669.322265625,3269300,61691691000
2025-05-06,DPM,19040,18540,18870,18540,17669.322265625,2113500,39184290000
2025-05-07,DPM,19010,18600,18600,18760,17358.42578125,1831500,34358940000
2025-05-08,DPM,19040,18600,18790,18920,17565.689453125,2240200,42384584000
2025-05-09,DPM,18920,18710,18840,18760,17721.138671875,789500,14811020000
2025-05-12,DPM,18790,18570,18760,18760,17565.689453125,1210100,22701476000
2025-05-13,DPM,18980,18730,18980,18760,17565.689453125,1382700,25939452000
2025-05-14,DPM,19060,18650,18810,18900,17565.689453125,1760900,33281010000
2025-05-15,DPM,19090,18790,18920,18950,17695.23046875,1651800,31301610000
2025-05-16,DPM,19150,18730,19060,18730,17747.046875,1766100,33079053000
2025-05-19,DPM,18870,18510,18730,18600,17410.2421875,2032500,37804500000
2025-05-20,DPM,18710,18510,18510,18680,17410.2421875,1285500,24013140000
2025-05-21,DPM,18710,18370,18710,18490,17487.96484375,1495300,27648097000
2025-05-22,DPM,18760,18400,18430,18490,17306.609375,2867700,53023773000
2025-05-23,DPM,18870,18400,18460,18600,17306.609375,2370200,44085720000
2025-05-26,DPM,18980,18260,18650,18980,17772.955078125,2885600,54768688000
2025-05-27,DPM,19150,18680,19010,18790,17772.955078125,2996700,56307993000
2025-05-28,DPM,18980,18710,18950,18810,17591.599609375,2261700,42542577000
2025-05-29,DPM,18920,18600,18920,18650,17617.505859375,2345300,43739845000
2025-05-30,DPM,18810,18430,18650,18460,17462.05859375,3685500,68034330000
2025-06-02,DPM,18620,18230,18460,18510,17332.517578125,3326800,61579068000
2025-06-03,DPM,18950,18540,18540,18900,17332.517578125,4316200,81576180000
2025-06-04,DPM,18980,18710,18950,18760,17695.23046875,2103900,39469164000
2025-06-05,DPM,18900,18710,18760,18710,17565.689453125,1850800,34628468000
2025-06-06,DPM,18810,18600,18810,18600,17513.875,2016500,37506900000
2025-06-09,DPM,18870,18540,18600,18710,17513.875,1663900,31131569000
2025-06-10,DPM,19510,18680,18710,19290,17513.875,6956700,134194743000
2025-06-11,DPM,19420,19090,19340,19210,18057.943359375,1790300,34391663000
2025-06-12,DPM,19640,19210,19210,19420,17980.21875,4630300,89920426000
2025-06-13,DPM,19840,19340,19450,19700,18187.486328125,7252900,142882130000
2025-06-16,DPM,20420,20030,20060,20120,18835.1875,5960300,119921236000
2025-06-17,DPM,21310,19900,20200,21220,18835.1875,11403700,241986514000
2025-06-18,DPM,21500,20940,21340,21200,19871.51171875,7106800,150664160000
2025-06-19,DPM,21640,21080,21310,21420,19845.603515625,6383300,136730286000
2025-06-20,DPM,21440,21170,21420,21220,20052.869140625,3109600,65985712000
2025-06-23,DPM,21800,20860,21420,21080,19741.970703125,8392600,176916008000
2025-06-24,DPM,21110,20750,20860,21080,19741.970703125,5136300,108273204000
2025-06-25,DPM,21000,20750,20970,20750,19741.970703125,4741000,98375750000
2025-06-26,DPM,21080,20730,20780,21030,19431.072265625,3502000,73647060000
2025-06-27,DPM,21200,20860,21200,20920,19690.154296875,2585700,54092844000
2025-06-30,DPM,21360,20970,20970,21310,19949.236328125,3893000,82959830000
2025-07-01,DPM,21660,21080,21420,21250,19949.236328125,3709200,78820500000
2025-07-02,DPM,21690,21200,21200,21470,19897.421875,4452300,95590881000
2025-07-03,DPM,21660,21140,21470,21310,20104.685546875,5405300,115186943000
2025-07-04,DPM,21530,21170,21360,21280,19949.236328125,3448900,73392592000
2025-07-07,DPM,22030,21390,21640,21470,20104.685546875,5379200,115491424000
2025-07-08,DPM,21640,21360,21610,21530,20104.685546875,2548900,54877817000
2025-07-09,DPM,21750,21360,21690,21420,20156.501953125,4151400,88922988000
2025-07-10,DPM,21580,21390,21550,21420,20052.869140625,2734300,58568706000
2025-07-11,DPM,21720,21340,21550,21390,20052.869140625,5590300,119576517000
2025-07-14,DPM,21640,21360,21550,21580,20208.31640625,6603900,142512162000
2025-07-15,DPM,22420,21580,21870,21900,21016.650390625,5943600,130164840000
2025-07-16,DPM,22270,21990,22220,22040,20504.70703125,4628300,102007732000
2025-07-17,DPM,22390,22070,22240,22220,20639.427734375,4792400,106487128000
2025-07-18,DPM,22330,22010,22270,22070,20801.095703125,3806800,84016076000
2025-07-21,DPM,23080,22300,22450,22880,21420.81640625,9827900,224862352000
2025-07-22,DPM,23310,23050,23110,23250,21420.81640625,5509800,128102850000
2025-07-23,DPM,24400,23310,23420,24060,21771.09375,6676500,160636590000
2025-07-24,DPM,24120,23630,24060,23630,22525.537109375,4807800,113608314000
2025-07-25,DPM,24030,23570,23800,23770,22121.37109375,3955700,94026989000
2025-07-28,DPM,24090,23740,24030,23910,22390.81640625,5218500,124774335000
2025-07-29,DPM,24430,22790,23940,22790,22390.81640625,9726200,221660098000
2025-07-30,DPM,23890,23020,23310,23890,21339.982421875,6860500,163897345000
2025-07-31,DPM,24430,23420,24170,23600,22363.87109375,6752400,159356640000
2025-08-01,DPM,24120,23310,23890,23860,22094.427734375,4491400,107164804000
2025-08-04,DPM,24430,24060,24090,24120,22579.42578125,5955600,143649072000
2025-08-05,DPM,24350,23600,24170,23770,22579.42578125,7873900,187162603000
2025-08-06,DPM,25300,23860,23940,24830,23253.037109375,9912400,246124892000
2025-08-07,DPM,26550,26550,26550,26550,24858.91796875,4009700,106457535000
2025-08-08,DPM,28400,28400,28400,28400,24858.91796875,3222500,91519000000
2025-08-11,DPM,29900,27800,29900,28150,26357.0078125,17689700,497965055000
2025-08-12,DPM,28950,28200,28200,28800,26357.0078125,7544600,217284480000
2025-08-13,DPM,28950,28500,28800,28650,26965.60546875,5413300,155091045000
2025-08-14,DPM,28950,28150,28900,28250,26825.16015625,7251400,204852050000
2025-08-15,DPM,28800,28050,28300,28100,26450.638671875,4437700,124699370000
2025-08-18,DPM,29800,28000,28100,28700,26871.974609375,8891000,255171700000
2025-08-19,DPM,28900,28200,28750,28250,26871.974609375,5878400,166064800000
2025-08-20,DPM,28400,26550,28250,27500,26450.638671875,7342100,201907750000
2025-08-21,DPM,27900,27150,27500,27300,25748.408203125,4317600,117870480000
2025-08-22,DPM,27500,26250,26900,26300,25561.146484375,5505500,144794650000
2025-08-25,DPM,27050,26000,26600,26000,24343.94921875,3347500,87035000000
2025-08-26,DPM,26900,26050,26050,26750,24343.94921875,2217800,59326150000
2025-08-27,DPM,27100,26600,27100,26750,25046.1796875,3369400,90131450000
2025-08-28,DPM,27000,26650,26850,26650,25046.1796875,2034200,54211430000
2025-08-29,DPM,27200,26700,26950,26700,24952.548828125,2754200,73537140000
2025-09-03,DPM,27200,26400,26700,26650,24952.548828125,4596400,122494060000
2025-09-04,DPM,26950,26650,26700,26950,24952.548828125,4256900,114723455000
2025-09-05,DPM,28100,27150,27200,27300,25233.439453125,7748800,211542240000
2025-09-08,DPM,27650,26450,27300,26500,24812.103515625,4295700,113836050000
2025-09-09,DPM,26700,26050,26700,26400,24812.103515625,3508400,92621760000
2025-09-10,DPM,26650,26150,26500,26350,24718.47265625,2106200,55498370000
2025-09-11,DPM,26450,25750,26400,26250,24671.65625,2626000,68932500000
2025-09-12,DPM,26850,26300,26450,26650,24578.025390625,2044100,54475265000
2025-09-15,DPM,27400,26650,26750,27400,24578.025390625,4718700,129292380000
2025-09-16,DPM,27800,27400,27650,27500,25654.77734375,5022900,138129750000
2025-09-17,DPM,27700,26900,27500,26900,25748.408203125,2971700,79938730000
2025-09-18,DPM,27100,26450,26800,26550,25186.625,2143400,56907270000
2025-09-19,DPM,26800,25800,26550,25800,24858.91796875,4849600,125119680000
2025-09-22,DPM,26350,25850,26150,25850,24203.50390625,2092400,54088540000
2025-09-23,DPM,26200,25850,26100,26000,24203.50390625,947800,24642800000
2025-09-24,DPM,26350,25850,26000,26200,24343.94921875,1562500,40937500000
2025-09-25,DPM,26800,26300,26350,26650,24531.2109375,1561800,41621970000
2025-09-26,DPM,26800,26250,26700,26250,24952.548828125,1637100,42973875000
2025-09-29,DPM,26300,26000,26300,26000,24343.94921875,1571800,40866800000
2025-09-30,DPM,25750,24850,25700,25100,24343.94921875,11670200,292922020000
2025-10-01,DPM,25300,24950,25100,25000,23501.275390625,3948800,98720000000
2025-10-02,DPM,25250,23850,25100,23850,23407.64453125,8470100,202011885000
2025-10-03,DPM,24400,23850,23850,24050,22330.892578125,4978000,119720900000
2025-10-06,DPM,24650,24100,24250,24600,23033.12109375,4820500,118584300000
2025-10-07,DPM,24900,24050,24900,24050,23033.12109375,3732000,89754600000
2025-10-08,DPM,24500,24000,24500,24100,22518.154296875,2837700,68388570000
2025-10-09,DPM,24350,24050,24200,24100,22564.96875,3656900,88131290000
2025-10-10,DPM,24700,24150,24400,24450,22564.96875,3968300,97024935000
2025-10-13,DPM,24400,23950,24400,24200,22658.599609375,4652700,112595340000
2025-10-14,DPM,24400,23900,24200,23950,22658.599609375,5768100,138145995000
2025-10-15,DPM,24050,23350,24000,23400,22424.5234375,8837200,206790480000
2025-10-16,DPM,23850,23250,23550,23850,21909.5546875,3904900,93131865000
2025-10-17,DPM,23950,23150,23900,23150,22330.892578125,6057500,140231125000
2025-10-20,DPM,23650,22100,23150,22150,20739.171875,5348900,118478135000
2025-10-21,DPM,23200,22200,22250,23200,20739.171875,5032800,116760960000
2025-10-22,DPM,23500,22900,23200,23500,21722.29296875,3775800,88731300000
2025-10-23,DPM,23650,23100,23500,23300,22003.185546875,1656700,38601110000
2025-10-24,DPM,23400,22850,23300,23000,21815.923828125,1801100,41425300000
2025-10-27,DPM,23850,22950,23200,23600,22096.81640625,5454500,128726200000
2025-10-28,DPM,23700,23300,23600,23700,22096.81640625,3230900,76572330000
2025-10-29,DPM,24250,23850,24000,23950,22190.447265625,4503900,107868405000
2025-10-30,DPM,24200,23850,24000,24000,22424.5234375,2785500,66852000000
2025-10-31,DPM,24450,23950,24000,24000,22471.337890625,5212400,125097600000
2025-11-03,DPM,24150,23200,24050,23200,21722.29296875,3766100,87373520000
2025-11-04,DPM,23700,22600,23200,23700,22190.447265625,4559900,108069630000
2025-11-05,DPM,24950,23700,23900,24900,22190.447265625,12026900,299469810000
2025-11-06,DPM,24950,24400,24950,24450,22892.67578125,3929000,96064050000
2025-11-07,DPM,24750,23500,24450,23650,22143.630859375,5475700,129500305000
2025-11-10,DPM,23900,23300,23700,23300,21815.923828125,3612600,84173580000
2025-11-11,DPM,23600,23050,23450,23200,21722.29296875,2725000,63220000000
2025-11-12,DPM,23650,23300,23500,23600,22096.81640625,2172200,51263920000
2025-11-13,DPM,24650,23750,23850,23950,22424.5234375,5923200,141860640000
2025-11-14,DPM,24100,23750,23850,23850,22330.892578125,2410900,57499965000
2025-11-17,DPM,24450,23850,24050,24350,22799.044921875,3941500,95975525000
2025-11-18,DPM,24500,23950,24500,24150,22611.783203125,3464800,83674920000
2025-11-19,DPM,25150,24150,24150,24450,22892.67578125,11481000,280710450000
2025-11-20,DPM,24700,24100,24700,24250,22705.4140625,2784500,67524125000
2025-11-21,DPM,24250,23500,24250,23600,22096.81640625,6398300,150999880000
2025-11-24,DPM,23750,23150,23600,23150,21675.478515625,5263200,121843080000
2025-11-25,DPM,23400,22950,23200,23100,21628.6640625,4045000,93439500000
2025-11-26,DPM,23600,23150,23150,23450,21956.369140625,1873200,43926540000
2025-11-27,DPM,23600,23300,23600,23300,21815.923828125,1743100,40614230000
2025-11-28,DPM,23550,23100,23350,23100,21628.6640625,2699800,62365380000
2025-12-01,DPM,23300,23100,23150,23100,21628.6640625,2050700,47371170000
2025-12-02,DPM,23250,22900,23100,23000,21535.033203125,3064400,70481200000
2025-12-03,DPM,23400,23100,23200,23300,21815.923828125,1881600,43841280000
2025-12-04,DPM,23550,23300,23350,23550,21815.923828125,2472500,58227375000
2025-12-05,DPM,23600,23200,23600,23200,21722.29296875,2101500,48754800000
2025-12-08,DPM,23250,23050,23150,23150,21675.478515625,1642500,38023875000
2025-12-09,DPM,23150,22550,23150,22700,21254.140625,4175400,94781580000
2025-12-10,DPM,22950,22650,22900,22650,21207.326171875,2123600,48099540000
2025-12-11,DPM,22900,22500,22700,22600,21160.509765625,1091200,24661120000
2025-12-12,DPM,22800,22000,22600,22000,20598.7265625,3431900,75501800000
2025-12-15,DPM,22200,21600,22100,21950,20551.912109375,2669500,58595525000
2025-12-16,DPM,22500,21550,22100,22350,20926.43359375,2186300,48863805000
2025-12-17,DPM,22550,22150,22500,22250,20832.802734375,1844700,41044575000
2025-12-18,DPM,22300,22100,22250,22250,20832.802734375,900500,20036125000
2025-12-19,DPM,22500,22000,22300,22500,21066.87890625,2647200,59562000000
2025-12-22,DPM,22750,22400,22500,22550,21113.6953125,1808600,40783930000
2025-12-23,DPM,22700,22200,22700,22200,20785.98828125,1948300,43252260000
2025-12-24,DPM,22450,22100,22200,22350,20926.43359375,1498700,33495945000
2025-12-25,DPM,22600,22150,22350,22150,20926.43359375,1699500,37643925000
2025-12-26,DPM,22300,21750,22050,22100,20692.357421875,2237400,49446540000
2025-12-29,DPM,22950,22200,22450,22700,21254.140625,3716400,84362280000
2025-12-30,DPM,22750,22400,22700,22400,20973.25,1881500,42145600000
2025-12-31,DPM,22600,22250,22400,22250,20832.802734375,1429700,31810825000
2026-01-05,DPM,22900,22200,22500,22500,21066.87890625,4704800,105858000000
2026-01-06,DPM,23100,22650,22650,22850,21394.5859375,4493900,102685615000
2026-01-07,DPM,23600,22800,23000,23450,21956.369140625,5731500,134403675000
2026-01-08,DPM,24100,23400,23850,23500,22003.185546875,7920400,186129400000
2026-01-09,DPM,23950,23450,23450,23750,22237.26171875,6041200,143478500000
2026-01-12,DPM,24700,23850,23850,24300,22752.23046875,8618100,209419830000
2026-01-13,DPM,24650,23750,24400,24400,22845.861328125,8015500,195578200000
2026-01-14,DPM,25500,24200,24650,24900,23314.013671875,12596300,313647870000
2026-01-15,DPM,24950,24300,24950,24300,22752.23046875,5419400,131691420000
2026-01-16,DPM,24500,24000,24400,24100,22564.96875,4680200,112792820000
2026-01-19,DPM,24450,24000,24200,24200,22658.599609375,2722200,65877240000
2026-01-20,DPM,24700,24150,24300,24300,22752.23046875,4862900,118168470000
2026-01-21,DPM,24700,24100,24150,24650,23079.9375,7793300,192104845000
2026-01-22,DPM,26350,24800,24800,25850,24203.50390625,18893400,488394390000
2026-01-23,DPM,25850,24400,25850,24550,22986.306640625,6074700,149133885000
2026-01-26,DPM,24600,22850,24550,23000,21535.033203125,11076900,254768700000
2026-01-27,DPM,23700,23050,23100,23300,21815.923828125,3200400,74569320000
2026-01-28,DPM,23900,23400,23600,23600,22096.81640625,3524900,83187640000
2026-01-29,DPM,24050,23400,23850,23900,22377.70703125,3282800,78458920000
2026-01-30,DPM,24250,23850,24250,23950,22424.5234375,4599700,110162815000
2026-02-02,DPM,24500,23900,24100,24450,22892.67578125,5514200,134822190000
2026-02-03,DPM,25450,24500,24650,24700,23126.751953125,9295200,229591440000
2026-02-04,DPM,25150,24600,24850,25000,23407.64453125,5946500,148662500000
2026-02-05,DPM,25750,25000,25350,25000,23407.64453125,10423200,260580000000
2026-02-06,DPM,25100,24150,24750,24700,23126.751953125,6412400,158386280000
2026-02-09,DPM,25450,24400,24900,25350,23735.3515625,6154200,156008970000
2026-02-10,DPM,25450,24600,25400,25100,23501.275390625,6919400,173676940000
2026-02-11,DPM,25550,24800,25100,25250,23641.720703125,5130300,129540075000
2026-02-12,DPM,25400,25000,25250,25000,23407.64453125,3259800,81495000000
2026-02-13,DPM,25300,24950,25050,25000,23407.64453125,4495300,112382500000
2026-02-23,DPM,25800,25150,25300,25400,23782.166015625,5447000,138353800000
2026-02-24,DPM,27150,25500,25650,26900,25186.625,22734000,611544600000
2026-02-25,DPM,27200,26600,27100,26800,25092.994140625,9320500,249789400000
2026-02-26,DPM,27050,26350,27000,26500,24812.103515625,8774600,232526900000
2026-02-27,DPM,28000,26700,26750,27600,25842.0390625,18937700,522680520000
2026-03-02,DPM,29500,29000,29500,29500,27621.01953125,17341600,511577200000
2026-03-03,DPM,31500,29600,31500,31350,27621.01953125,21491100,673745985000
2026-03-04,DPM,32500,29350,32500,30600,28650.95703125,27509400,841787640000
2026-03-05,DPM,31600,29600,30950,30500,28557.326171875,19382300,591160150000
2026-03-06,DPM,31500,30500,31050,31150,29165.923828125,15649900,487494385000
2026-03-09,DPM,33300,29900,33300,29950,28042.357421875,39829000,1192878550000
2026-03-10,DPM,32000,30000,30200,31300,29306.37109375,16556300,518212190000
2026-03-11,DPM,31850,29900,31300,31800,29774.5234375,13819800,439469640000
2026-03-12,DPM,34000,32350,32350,34000,31834.396484375,22324700,759039800000
2026-03-13,DPM,35800,32500,35000,33200,31085.3515625,17041900,0
2026-03-16,DPM,33300,30900,33200,30900,28931.84765625,11431200,0
2026-03-17,DPM,30500,28750,30000,28750,26918.791015625,26655800,0
2026-03-18,DPM,30750,28850,29000,30750,28791.40234375,7434500,0
2026-03-19,DPM,31700,29750,31650,30750,28791.40234375,10387100,0
2026-03-20,DPM,30850,28700,30800,28850,27012.421875,9134100,0
2026-03-23,DPM,29900,28000,28700,28700,26871.974609375,8107900,0
2026-03-24,DPM,29750,28450,29750,28800,26965.60546875,4313800,0
2026-03-25,DPM,29900,28700,29000,29400,27527.388671875,5732000,0
2026-03-26,DPM,31200,28500,29400,31100,29119.109375,12313800,0
2026-03-27,DPM,31850,30650,31300,30800,28838.216796875,9590700,0
2026-03-30,DPM,31700,30800,30950,30850,28885.033203125,7216500,0
2026-03-31,DPM,31000,29300,31000,29850,27948.7265625,10183900,0
2026-04-01,DPM,30050,28800,30000,28900,27059.236328125,8083700,0
2026-04-02,DPM,29550,28650,29150,29500,27621.01953125,3658700,0
2026-04-03,DPM,29650,28800,29550,28800,26965.60546875,3194800,0
2026-04-06,DPM,29000,27600,28750,27600,25842.0390625,5406800,0
2026-04-07,DPM,28550,27750,28050,27950,26169.74609375,3635800,0
2026-04-08,DPM,28900,27900,28600,28900,27059.236328125,4350500,0
2026-04-09,DPM,29450,28400,28750,28500,26684.71484375,3240000,0
2026-04-10,DPM,29650,28400,28600,29100,27246.498046875,5892100,0
2026-04-13,DPM,29700,29300,29300,29300,27433.759765625,3874500,0
2026-04-14,DPM,29500,28650,29500,28700,26871.974609375,4443700,0
2026-04-15,DPM,29000,28300,28800,28350,26544.267578125,4142400,0
2026-04-16,DPM,28900,28250,28550,28650,26825.16015625,2675300,0
2026-04-17,DPM,29450,28500,28650,28900,27059.236328125,5571000,0
2026-04-20,DPM,29150,28500,29100,28600,26778.345703125,2164100,0
2026-04-21,DPM,28750,28200,28700,28200,26403.822265625,3078500,0
2026-04-22,DPM,28600,27900,28200,28000,26216.560546875,2836500,0
2026-04-23,DPM,28250,26650,28100,27000,25280.255859375,6983300,0
2026-04-24,DPM,27450,26300,27050,26450,24765.287109375,5565000,0
2026-04-28,DPM,26950,25500,26550,25650,24016.2421875,5514300,0
2026-04-29,DPM,26800,25500,25650,26500,24812.103515625,5017400,0
2026-05-04,DPM,26950,26050,26300,26050,24390.765625,3474600,0
2026-05-05,DPM,26600,25750,26200,26550,24858.91796875,4425800,0
2026-05-06,DPM,26650,26400,26650,26550,24858.91796875,2049100,0
2026-05-07,DPM,26700,25950,26550,26000,24343.94921875,3729200,0
2026-05-08,DPM,26200,25750,26000,25850,24203.50390625,2547400,0
2026-05-11,DPM,26550,25850,26000,26400,24718.47265625,3170400,0
2026-05-12,DPM,26750,26200,26700,26650,24952.548828125,3465100,0
2026-05-13,DPM,27800,26350,26700,27300,25561.146484375,6692400,0
2026-05-14,DPM,27600,26800,27300,26900,25186.625,3022800,0
2026-05-15,DPM,27200,26550,26950,27000,25280.255859375,3328400,0
2026-05-18,DPM,28450,27100,27150,28150,26357.0078125,9223600,0
2026-05-19,DPM,28350,26700,28350,26950,25233.439453125,4795200,0
2026-05-20,DPM,27100,25600,26800,26850,25139.810546875,5026300,0
2026-05-21,DPM,27000,26100,26850,26300,24624.841796875,2414100,0
2026-05-22,DPM,26950,26350,26700,26450,24765.287109375,2609600,0
2026-05-25,DPM,26400,25850,26250,26100,24437.580078125,3079100,0
2026-05-26,DPM,26300,26000,26000,26200,24531.2109375,1744700,0
2026-05-27,DPM,26450,26100,26300,26150,24484.396484375,1298400,0
2026-05-28,DPM,26250,25800,26100,25850,24203.50390625,2182800,0
2026-05-29,DPM,26000,25500,25850,25900,24250.318359375,3258300,0
2026-06-01,DPM,25850,25500,25800,25650,24016.2421875,2212000,0
2026-06-02,DPM,25800,25000,25700,25150,23548.08984375,2628500,0
2026-06-03,DPM,25250,24700,25150,25150,23548.08984375,2079400,0
2026-06-04,DPM,25700,24950,24950,25250,23641.720703125,1399800,0
2026-06-05,DPM,25350,25100,25150,25100,23501.275390625,857800,0
2026-06-08,DPM,25000,24500,25000,24500,22939.490234375,2600500,0
2026-06-09,DPM,24650,23900,24550,24000,22471.337890625,3512900,0
2026-06-10,DPM,24350,23800,24050,24100,22564.96875,2716300,0
2026-06-11,DPM,24550,24100,24100,24400,22845.861328125,1916100,0
2026-06-12,DPM,24550,24150,24500,24200,22658.599609375,1578400,0
2026-06-15,DPM,24200,23600,24200,23650,22143.630859375,4820100,0
2026-06-16,DPM,24000,23550,23750,23750,22237.26171875,3355500,0
2026-06-17,DPM,23900,23600,23750,23650,22143.630859375,3223300,0
2026-06-18,DPM,24050,23650,23700,23700,22190.447265625,3364500,0
2026-06-19,DPM,23750,23500,23700,23500,22003.185546875,2310900,0
2026-06-22,DPM,23800,23400,23550,23450,21956.369140625,2820100,0
2026-06-23,DPM,23550,22950,23450,23000,21535.033203125,5214400,0
2026-06-24,DPM,23100,22750,23050,23050,21581.84765625,3196200,0
2026-06-25,DPM,23100,22700,23100,22700,21254.140625,2323200,0
2026-06-26,DPM,22900,22600,22700,22650,21207.326171875,2180300,0
2026-06-29,DPM,23150,22750,22750,23000,21535.033203125,3035200,0
2026-06-30,DPM,23250,22950,23250,23000,21535.033203125,2052100,0
2026-07-01,DPM,23400,23000,23200,23100,21535.033203125,1873200,0
2026-07-02,DPM,23250,22900,23000,22900,21441.40234375,2384300,0
2026-07-03,DPM,23000,22850,23000,22850,21394.5859375,1965300,0
2026-07-06,DPM,23000,22150,22950,22400,20973.25,2991200,0
2026-07-07,DPM,22700,22400,22450,22650,21207.326171875,2017100,0
2026-07-08,DPM,24200,22800,22900,24200,22658.599609375,12316200,0
2026-07-09,DPM,24550,23800,24200,23800,22284.076171875,3830000,0
2026-07-10,DPM,23950,23400,23750,23400,21909.5546875,3158000,0
2026-07-13,DPM,23700,22700,23700,23400,21909.5546875,3551200,0
2026-07-14,DPM,24400,23500,23850,24400,22845.861328125,6483400,0
2026-07-15,DPM,24500,23550,24450,23600,22096.81640625,2424900,0
2026-07-16,DPM,23750,22600,23500,23750,22237.26171875,3449200,0
2026-07-17,DPM,23700,23150,23700,23500,22003.185546875,1586400,0
2026-07-20,DPM,23950,22700,23750,22950,21488.216796875,4681600,0
2026-07-21,DPM,23100,22050,22800,22600,21160.509765625,3902700,0
2026-07-22,DPM,22800,22050,22600,22050,20645.54296875,2879100,0
2026-07-23,DPM,22700,22000,22450,22700,21254.140625,2812100,0
2026-07-24,DPM,22950,22500,22750,22600,21160.509765625,1432100,0
2026-07-27,DPM,22750,22250,22650,22250,20832.802734375,1838700,0
2026-07-28,DPM,22800,22000,22250,22650,21207.326171875,2024600,0
2026-07-29,DPM,23250,22650,22800,23000,21535.033203125,2361500,0
2026-07-30,DPM,21960,21580,21680,21960,21956.369140625,2387900,0
2026-07-31,DPM,22420,22050,22420,22050,22050.0,3890000,0
2026-08-03,DPM,22350,21900,21900,22200,22200.0,3320500,0
2026-08-04,DPM,22400,22050,22200,22200,22200.0,1496200,0
2026-08-05,DPM,22400,21600,22300,21800,21800.0,4947000,0
2026-08-06,DPM,21950,21450,21800,21500,21500.0,2229400,0
2026-08-07,DPM,22350,21500,21600,21850,21850.0,3779500,0
2026-08-10,DPM,22400,22100,22350,22400,22400.0,3829800,0
2026-08-11,DPM,22900,22400,22650,22450,22450.0,3006700,0
2026-08-12,DPM,22500,22200,22500,22300,22450.0,1637400,0
