Date,code,high,low,open,close,adjust,volume_match,value_match
2012-05-21,GAS,16980,15290,15290,16930,16145.7939453125,2502080,42360214400
2012-05-22,GAS,17760,17560,17760,17760,16933.390625,1934550,34357608000
2012-05-23,GAS,17760,16900,17720,16900,16106.416015625,1055780,17842682000
2012-05-24,GAS,16520,16079,16110,16079,15318.814453125,1009380,16229821020
2012-05-25,GAS,16440,15320,16079,16110,15358.1943359375,877260,14132658600
2012-05-28,GAS,16200,15490,16200,15530,14806.875,457400,7103422000
2012-05-29,GAS,15290,14910,14990,15160,14452.453125,418300,6341428000
2012-05-30,GAS,15660,15160,15290,15620,14885.6357421875,170280,2659773600
2012-05-31,GAS,15620,15160,15370,15370,14649.3583984375,269030,4134991100
2012-06-01,GAS,15460,15290,15290,15370,14649.3583984375,138370,2126746900
2012-06-04,GAS,15200,14710,15200,14710,14019.2744140625,383250,5637607500
2012-06-05,GAS,14830,14460,14460,14710,14019.2744140625,330550,4862390500
2012-06-06,GAS,14880,14580,14710,14800,14098.0400390625,101300,1499240000
2012-06-07,GAS,15490,14800,14990,15490,14767.494140625,280210,4340452900
2012-06-08,GAS,16239,15460,15620,15490,14767.494140625,300060,4647929400
2012-06-11,GAS,15660,15200,15290,15200,14491.837890625,106110,1612872000
2012-06-12,GAS,15490,14990,15490,14990,14294.93359375,126760,1900132400
2012-06-13,GAS,15160,14910,15160,15040,14334.314453125,33550,504592000
2012-06-14,GAS,15200,14910,14960,15040,14334.314453125,88860,1336454400
2012-06-15,GAS,15410,15040,15040,15320,14609.974609375,80460,1232647200
2012-06-18,GAS,15690,15410,15410,15660,14925.0166015625,181580,2843542800
2012-06-19,GAS,15780,15530,15660,15660,14925.0166015625,263540,4127036400
2012-06-20,GAS,15990,15660,15660,15860,15121.9140625,224150,3555019000
2012-06-21,GAS,16040,15740,16040,15910,15161.298828125,86970,1383692700
2012-06-22,GAS,16040,15820,15860,15950,15200.67578125,182790,2915500500
2012-06-25,GAS,15990,15530,15990,15660,14925.0166015625,216300,3387258000
2012-06-26,GAS,15660,15370,15370,15660,14925.0166015625,107410,1682040600
2012-06-27,GAS,15860,15620,15620,15690,14964.3935546875,56490,886328100
2012-06-28,GAS,15910,15690,15910,15910,15161.298828125,314740,5007513400
2012-06-29,GAS,15990,15860,15990,15860,15121.9140625,591130,9375321800
2012-07-02,GAS,16520,15860,15990,15910,15161.298828125,111900,1780329000
2012-07-03,GAS,16040,15780,15910,15950,15200.67578125,98880,1577136000
2012-07-04,GAS,15950,15780,15910,15820,15082.5361328125,181160,2865951200
2012-07-05,GAS,15860,15490,15820,15820,15082.5361328125,32450,513359000
2012-07-06,GAS,15820,15490,15820,15820,15082.5361328125,27580,436315600
2012-07-09,GAS,15820,15570,15820,15690,14964.3935546875,14910,233937900
2012-07-10,GAS,15690,15490,15570,15490,14767.494140625,54900,850401000
2012-07-11,GAS,15620,15290,15290,15620,14885.6357421875,32940,514522800
2012-07-12,GAS,15660,15530,15660,15660,14925.0166015625,2830,44317800
2012-07-13,GAS,15780,15660,15690,15740,15003.7763671875,77460,1219220400
2012-07-16,GAS,15820,15530,15530,15820,15082.5361328125,75920,1201054400
2012-07-17,GAS,15950,15690,15950,15820,15082.5361328125,182340,2884618800
2012-07-18,GAS,15950,15570,15950,15860,15121.9140625,146560,2324441600
2012-07-19,GAS,16570,15660,15910,16570,15791.375,819250,13574972500
2012-07-20,GAS,16520,16280,16520,16360,15594.4775390625,287610,4705299600
2012-07-23,GAS,16360,16110,16360,16280,15515.71484375,51430,837280400
2012-07-24,GAS,16280,15740,16280,15950,15200.67578125,33440,533368000
2012-07-25,GAS,16110,15690,15690,15950,15200.67578125,59190,944080500
2012-07-26,GAS,16079,15950,16079,16079,15318.814453125,28250,454231750
2012-07-27,GAS,16110,15990,16079,16040,15436.9560546875,42110,675444400
2012-07-30,GAS,16200,15780,15780,16200,15436.9560546875,36800,596160000
2012-07-31,GAS,16280,16040,16280,16079,15318.814453125,37450,602158550
2012-08-01,GAS,16149,16079,16079,16110,15358.1943359375,126160,2032437600
2012-08-02,GAS,16360,16040,16110,16239,15476.333984375,379390,6160914210
2012-08-03,GAS,16280,16110,16149,16239,15476.333984375,338830,5502260370
2012-08-06,GAS,16410,16110,16410,16280,15515.71484375,307250,5002030000
2012-08-07,GAS,16320,16149,16280,16280,15515.71484375,39770,647455600
2012-08-08,GAS,16320,16149,16320,16149,15397.57421875,88470,1428702030
2012-08-09,GAS,16280,16149,16149,16149,15397.57421875,139970,2260375530
2012-08-10,GAS,16280,16149,16149,16149,15397.57421875,82930,1339236570
2012-08-13,GAS,16200,15910,15910,16149,15397.57421875,52670,850567830
2012-08-14,GAS,16239,16110,16110,16200,15436.9560546875,65220,1056564000
2012-08-15,GAS,16320,16239,16280,16280,15515.71484375,172630,2810416400
2012-08-16,GAS,16650,16320,16320,16570,15791.375,713090,11815901300
2012-08-17,GAS,17280,16650,16650,17190,16382.0771484375,2424550,41678014500
2012-08-20,GAS,17360,17190,17360,17310,16500.212890625,285470,4941485700
2012-08-21,GAS,17280,16490,17280,16490,15712.6171875,778620,12839443800
2012-08-22,GAS,16930,15910,15910,16730,15948.8994140625,425250,7114432500
2012-08-23,GAS,16520,15910,16520,15910,15161.298828125,608680,9684098800
2012-08-24,GAS,16650,15200,15200,16320,15555.0966796875,471190,7689820800
2012-08-27,GAS,16280,15530,16280,15530,14806.875,338670,5259545100
2012-08-28,GAS,15990,15370,15370,15820,15082.5361328125,144670,2288679400
2012-08-29,GAS,16610,16440,16440,16610,15830.7568359375,1294020,21493672200
2012-08-30,GAS,17020,16730,16860,16930,16145.7939453125,1204090,20385243700
2012-08-31,GAS,17320,17070,17150,17280,16468.7109375,1200100,20737728000
2012-09-04,GAS,17540,17280,17540,17400,16589.806640625,633240,11018376000
2012-09-05,GAS,17490,17070,17400,17190,16387.984375,154700,2659293000
2012-09-06,GAS,17230,16520,17020,16520,15742.15625,174400,2881088000
2012-09-07,GAS,17320,16470,16810,17320,16509.076171875,360690,6247150800
2012-09-10,GAS,17230,16640,17230,16900,16105.431640625,454770,7685613000
2012-09-11,GAS,17370,16560,16640,17020,16226.525390625,157910,2687628200
2012-09-12,GAS,17320,16930,17020,17280,16468.7109375,566030,9780998400
2012-09-13,GAS,17540,17320,17370,17490,16670.537109375,533240,9326367600
2012-09-14,GAS,17960,17570,17960,17710,16872.353515625,824280,14597998800
2012-09-17,GAS,17790,17490,17570,17490,16670.537109375,113130,1978643700
2012-09-18,GAS,17540,16720,17540,17020,16226.525390625,143650,2444923000
2012-09-19,GAS,17370,16900,16900,17230,16428.345703125,262800,4528044000
2012-09-20,GAS,17230,16760,17230,16930,16145.7939453125,46540,787922200
2012-09-21,GAS,17280,16810,17280,16930,16145.7939453125,98550,1668451500
2012-09-24,GAS,16930,16300,16520,16430,15661.4228515625,434220,7134234600
2012-09-25,GAS,16930,16600,16600,16860,16065.0625,303570,5118190200
2012-09-26,GAS,17100,16810,16810,16930,16145.7939453125,117740,1993338200
2012-09-27,GAS,16900,16600,16860,16600,15822.8828125,90010,1494166000
2012-09-28,GAS,17020,16520,16520,16980,16186.158203125,199000,3379020000
2012-10-01,GAS,16930,16340,16930,16390,15621.0517578125,129660,2125127400
2012-10-02,GAS,16520,16340,16520,16390,15621.0517578125,227380,3726758200
2012-10-03,GAS,16520,16340,16390,16390,15621.0517578125,236880,3882463200
2012-10-04,GAS,16470,16390,16470,16430,15661.4228515625,162210,2665110300
2012-10-05,GAS,16860,16430,16430,16760,15984.3388671875,217330,3642450800
2012-10-08,GAS,16980,16690,16690,16810,16024.7041015625,242320,4073399200
2012-10-09,GAS,16900,16430,16900,16810,16024.7041015625,238310,4005991100
2012-10-10,GAS,16810,16600,16600,16810,16024.7041015625,33740,567169400
2012-10-11,GAS,16860,16720,16810,16810,16024.7041015625,110180,1852125800
2012-10-12,GAS,16860,16690,16860,16690,15903.61328125,79120,1320512800
2012-10-15,GAS,16860,16340,16860,16390,15621.0517578125,45510,745908900
2012-10-16,GAS,16720,16430,16470,16520,15742.15625,87690,1448638800
2012-10-17,GAS,16690,16430,16520,16470,15701.7841796875,35150,578920500
2012-10-18,GAS,16640,16470,16640,16470,15701.7841796875,60080,989517600
2012-10-19,GAS,16860,16390,16600,16860,16065.0625,271750,4581705000
2012-10-22,GAS,16860,16520,16860,16690,15903.61328125,4050,67594500
2012-10-23,GAS,17100,16720,16860,16930,16145.7939453125,172530,2920932900
2012-10-24,GAS,17020,16860,17020,16860,16065.0625,53520,902347200
2012-10-25,GAS,16900,16640,16640,16640,15863.2431640625,12940,215321600
2012-10-26,GAS,16760,16560,16640,16640,15863.2431640625,26410,439462400
2012-10-29,GAS,16860,16640,16860,16720,15943.9736328125,29930,500429600
2012-10-30,GAS,16860,16760,16760,16760,15984.3388671875,79390,1330576400
2012-10-31,GAS,16900,16720,16720,16720,15943.9736328125,76830,1284597600
2012-11-01,GAS,16810,16690,16810,16720,15943.9736328125,223990,3745112800
2012-11-02,GAS,16520,16100,16100,16340,15580.693359375,95260,1556548400
2012-11-05,GAS,16560,16340,16470,16470,15701.7841796875,100740,1659187800
2012-11-06,GAS,16640,16430,16640,16520,15742.15625,11380,187997600
2012-11-07,GAS,16600,16430,16600,16520,15742.15625,65790,1086850800
2012-11-08,GAS,16600,16470,16600,16520,15742.15625,104620,1728322400
2012-11-09,GAS,16690,16470,16520,16520,15742.15625,249060,4114471200
2012-11-12,GAS,16690,16520,16690,16520,15742.15625,110350,1822982000
2012-11-13,GAS,16600,16520,16600,16520,15742.15625,99660,1646383200
2012-11-14,GAS,16600,16470,16520,16520,15742.15625,119660,1976783200
2012-11-15,GAS,16600,16470,16600,16470,15701.7841796875,44850,738679500
2012-11-16,GAS,16560,16430,16430,16520,15742.15625,44410,733653200
2012-11-19,GAS,16560,16430,16470,16430,15661.4228515625,60140,988100200
2012-11-20,GAS,16520,16430,16430,16470,15701.7841796875,13590,223827300
2012-11-21,GAS,16560,16430,16470,16430,15661.4228515625,88770,1458491100
2012-11-22,GAS,16560,16470,16470,16520,15742.15625,148050,2445786000
2012-11-23,GAS,16560,16430,16520,16520,15742.15625,82060,1355631200
2012-11-26,GAS,16470,16390,16470,16430,15661.4228515625,44460,730477800
2012-11-27,GAS,16470,16390,16390,16430,15661.4228515625,29740,488628200
2012-11-28,GAS,16520,16390,16390,16470,15701.7841796875,43070,709362900
2012-11-29,GAS,16470,16430,16470,16430,15661.4228515625,24140,396620200
2012-11-30,GAS,16520,16430,16470,16430,15661.4228515625,40500,665415000
2012-12-03,GAS,16520,16430,16470,16470,15701.7841796875,60410,994952700
2012-12-04,GAS,16910,16560,16690,16910,16116.08203125,135030,2283357300
2012-12-05,GAS,16950,16820,16910,16950,16157.5126953125,36080,611556000
2012-12-06,GAS,16910,16780,16910,16780,15991.79296875,2760,46312800
2012-12-07,GAS,16870,16600,16780,16730,15950.36328125,18370,307330100
2012-12-10,GAS,16870,16650,16780,16780,15991.79296875,40080,672542400
2012-12-11,GAS,17080,16780,16950,16910,16116.08203125,6570,111098700
2012-12-12,GAS,16950,16730,16780,16910,16116.08203125,68420,1156982200
2012-12-13,GAS,16950,16780,16910,16780,15991.79296875,127330,2136597400
2012-12-14,GAS,16950,16780,16950,16780,15991.79296875,58880,988006400
2012-12-17,GAS,16950,16730,16780,16870,16074.65234375,112540,1898549800
2012-12-18,GAS,16910,16820,16870,16910,16116.08203125,194580,3290347800
2012-12-19,GAS,16910,16780,16910,16870,16074.65234375,35120,592474400
2012-12-20,GAS,16910,16730,16910,16730,15950.36328125,77850,1302430500
2012-12-21,GAS,16820,16560,16730,16600,15826.076171875,23440,389104000
2012-12-24,GAS,16870,16520,16870,16870,16074.65234375,36900,622503000
2012-12-25,GAS,16910,16780,16870,16870,16074.65234375,44300,747341000
2012-12-26,GAS,16910,16730,16730,16910,16116.08203125,33230,561919300
2012-12-27,GAS,16950,16870,16910,16910,16116.08203125,109200,1846572000
2012-12-28,GAS,16950,16780,16780,16780,15991.79296875,77550,1301289000
2013-01-02,GAS,16950,16780,16820,16950,16157.5126953125,90770,1538551500
2013-01-03,GAS,17170,16870,16950,16950,16157.5126953125,1618510,27433744500
2013-01-04,GAS,17470,16950,17260,17350,16530.37890625,1318980,22884303000
2013-01-07,GAS,17520,17350,17470,17350,16530.37890625,701600,12172760000
2013-01-08,GAS,18000,17220,17290,17730,16903.240234375,871680,15454886400
2013-01-09,GAS,18130,17350,17910,17430,16613.234375,1192690,20788586700
2013-01-10,GAS,17730,17350,17430,17730,16903.240234375,286010,5070957300
2013-01-11,GAS,18610,17830,17830,18610,17731.83203125,1009650,18789586500
2013-01-14,GAS,19510,18560,18610,19210,18311.84375,504790,9697015900
2013-01-15,GAS,19210,18730,19210,18820,17938.98046875,476420,8966224400
2013-01-16,GAS,19250,18780,18780,19000,18104.697265625,1560150,29642850000
2013-01-17,GAS,19040,18260,19000,18260,17400.39453125,505310,9226960600
2013-01-18,GAS,18480,18040,18260,18080,17234.681640625,550040,9944723200
2013-01-21,GAS,18180,17660,18180,17690,16861.810546875,745790,13193025100
2013-01-22,GAS,18180,17520,17600,17690,16861.810546875,864580,15294420200
2013-01-23,GAS,17910,17560,17910,17690,16861.810546875,151470,2679504300
2013-01-24,GAS,18300,17690,17690,18220,17358.966796875,1013370,18463601400
2013-01-25,GAS,19470,18260,18350,19470,18560.419921875,976320,19008950400
2013-01-28,GAS,20820,19780,20440,19780,18850.423828125,868650,17181897000
2013-01-29,GAS,20300,19510,19650,19780,18850.423828125,831050,16438169000
2013-01-30,GAS,20640,19820,20120,20000,19057.578125,422340,8446800000
2013-01-31,GAS,20000,19440,20000,19440,18518.994140625,409050,7951932000
2013-02-01,GAS,19560,19080,19340,19560,18643.28125,354500,6934020000
2013-02-04,GAS,20390,19820,20000,20000,19057.578125,373810,7476200000
2013-02-05,GAS,20080,19680,20000,19780,18850.423828125,264910,5239919800
2013-02-06,GAS,20120,19780,19780,20120,19181.869140625,472350,9503682000
2013-02-07,GAS,20250,20000,20250,20080,19140.4375,373420,7498273600
2013-02-08,GAS,20300,19910,20120,20300,19347.580078125,365340,7416402000
2013-02-18,GAS,20520,20170,20520,20300,19347.580078125,346920,7042476000
2013-02-19,GAS,20300,20000,20300,20000,19057.578125,647860,12957200000
2013-02-20,GAS,20340,20040,20080,20170,19223.291015625,699390,14106696300
2013-02-21,GAS,20820,20000,20300,20000,19057.578125,899530,17990600000
2013-02-22,GAS,20340,19910,20080,20040,19099.00390625,689770,13822990800
2013-02-25,GAS,20300,20040,20300,20120,19181.869140625,109600,2205152000
2013-02-26,GAS,20170,19380,20170,19560,18643.28125,556910,10893159600
2013-02-27,GAS,20040,19210,19560,20040,19099.00390625,365170,7318006800
2013-02-28,GAS,20170,19860,20080,20000,19057.578125,183820,3676400000
2013-03-01,GAS,20390,20000,20000,20120,19181.869140625,314740,6332568800
2013-03-04,GAS,20250,19860,20170,19860,18933.291015625,264030,5243635800
2013-03-05,GAS,19860,19560,19650,19650,18726.138671875,89560,1759854000
2013-03-06,GAS,19950,19650,19780,19950,19016.14453125,39940,796803000
2013-03-07,GAS,20000,19820,19950,19820,18891.861328125,233500,4627970000
2013-03-08,GAS,20000,19610,19610,19820,18891.861328125,35110,695880200
2013-03-11,GAS,20000,19680,19860,19820,18891.861328125,85580,1696195600
2013-03-12,GAS,20080,19820,20000,19910,18974.716796875,235000,4678850000
2013-03-13,GAS,19950,19820,19950,19910,18974.716796875,199990,3981800900
2013-03-14,GAS,19950,19680,19820,19910,18974.716796875,156780,3121489800
2013-03-15,GAS,20040,19860,19910,19860,18933.291015625,200740,3986696400
2013-03-18,GAS,20570,19950,20000,20440,19471.875,429120,8771212800
2013-03-19,GAS,21390,20440,20440,21300,20300.46484375,533560,11364828000
2013-03-20,GAS,22610,21300,21600,22390,21336.19921875,419370,9389694300
2013-03-21,GAS,22390,21690,22390,21730,20714.75390625,540040,11735069200
2013-03-22,GAS,22820,21690,21730,21940,20921.904296875,671960,14742802400
2013-03-25,GAS,22610,21690,22390,21730,20714.75390625,472830,10274595900
2013-03-26,GAS,22170,21690,21730,21690,20673.326171875,255890,5550254100
2013-03-27,GAS,22610,21520,21690,22610,21543.34765625,707080,15987078800
2013-03-28,GAS,23910,22390,22390,23030,21957.638671875,2542170,58546175100
2013-03-29,GAS,23470,22610,23030,23260,22164.79296875,272890,6347421400
2013-04-01,GAS,24780,23030,23260,24780,23614.82421875,681350,16883853000
2013-04-02,GAS,25420,24340,24990,24340,23200.5234375,1627880,39622599200
2013-04-03,GAS,24780,23470,24560,23910,22786.234375,811700,19407747000
2013-04-04,GAS,23910,22820,23910,22820,21750.494140625,1324870,30233533400
2013-04-05,GAS,23470,22820,23260,23260,22164.79296875,558450,12989547000
2013-04-08,GAS,23910,23030,23470,23470,22371.9375,385390,9045103300
2013-04-09,GAS,24780,23260,23470,24560,23407.67578125,1379610,33883221600
2013-04-10,GAS,26080,23910,24780,23910,22786.234375,2047410,48953573100
2013-04-11,GAS,24990,24130,24560,24990,23821.96875,717170,17922078300
2013-04-12,GAS,25210,23690,25210,24130,22993.37890625,609040,14696135200
2013-04-15,GAS,24780,23470,23910,24130,22993.37890625,754530,18206808900
2013-04-16,GAS,24340,23470,23910,23910,22786.234375,1118220,26736640200
2013-04-17,GAS,24340,23690,24340,24130,22993.37890625,348830,8417267900
2013-04-18,GAS,23910,23260,23910,23470,22371.9375,355410,8341472700
2013-04-22,GAS,23690,22820,23470,23030,21957.638671875,601540,13853466200
2013-04-23,GAS,23690,22820,23470,23470,22371.9375,657370,15428473900
2013-04-24,GAS,23690,23470,23690,23690,22579.0859375,80830,1914862700
2013-04-25,GAS,23910,23260,23690,23470,22371.9375,262520,6161344400
2013-04-26,GAS,23470,23030,23470,23030,21957.638671875,490500,11296215000
2013-05-02,GAS,23470,23030,23260,23030,21957.638671875,368230,8480336900
2013-05-03,GAS,23470,23030,23030,23030,21957.638671875,227880,5248076400
2013-05-06,GAS,24130,23260,23260,24130,22993.37890625,655880,15826384400
2013-05-07,GAS,24340,23470,23910,23470,22371.9375,568980,13353960600
2013-05-08,GAS,23910,23470,23690,23690,22579.0859375,496180,11754504200
2013-05-09,GAS,24130,23690,23910,23690,22579.0859375,1022500,24223025000
2013-05-10,GAS,24780,23910,24340,23910,22786.234375,1786950,42725974500
2013-05-13,GAS,24340,23690,24130,23690,22579.0859375,905960,21462192400
2013-05-14,GAS,23910,23470,23690,23910,22786.234375,497120,11886139200
2013-05-15,GAS,24350,23680,24130,24130,22997.216796875,872370,21050288100
2013-05-16,GAS,24580,23910,24130,24350,23208.201171875,697960,16995326000
2013-05-17,GAS,24350,23910,24350,24130,22997.216796875,433180,10452633400
2013-05-20,GAS,24580,23910,24130,24350,23208.201171875,1118620,27238397000
2013-05-21,GAS,25670,24580,24580,25240,24052.134765625,1279930,32305433200
2013-05-22,GAS,25670,25010,25240,25240,24052.134765625,690060,17417114400
2013-05-23,GAS,26350,25010,25240,25670,24474.103515625,1244050,31934763500
2013-05-24,GAS,25900,25240,25670,25900,24685.091796875,552490,14309491000
2013-05-27,GAS,27460,26130,26130,27000,25740.001953125,916500,24745500000
2013-05-28,GAS,27670,27000,27000,27460,26161.96875,866820,23802877200
2013-05-29,GAS,27900,26790,27460,26790,25529.01953125,1182130,31669262700
2013-05-30,GAS,27220,26350,26790,27220,25950.984375,682440,18576016800
2013-05-31,GAS,27670,26790,27670,26790,25529.01953125,880170,23579754300
2013-06-03,GAS,27000,26560,27000,26560,25318.03125,522950,13889552000
2013-06-04,GAS,26790,26130,26790,26130,24896.068359375,826790,21604022700
2013-06-05,GAS,26790,26130,26350,26790,25529.01953125,572030,15324683700
2013-06-06,GAS,27460,26560,27220,27460,26161.96875,1128010,30975154600
2013-06-07,GAS,28990,27460,27460,28550,27216.892578125,784140,22387197000
2013-06-10,GAS,28990,28120,28780,28120,26794.91796875,727410,20454769200
2013-06-11,GAS,28120,27460,27900,27670,26372.958984375,793070,21944246900
2013-06-12,GAS,28120,27460,27460,27670,26372.958984375,437990,12119183300
2013-06-13,GAS,27900,27220,27670,27670,26372.958984375,691010,19120246700
2013-06-14,GAS,28120,27460,28120,27460,26161.96875,275840,7574566400
2013-06-17,GAS,27670,26560,27670,26560,25318.03125,865660,22991929600
2013-06-18,GAS,26790,26130,26560,26350,25107.052734375,673760,17753576000
2013-06-19,GAS,27000,26560,26790,26790,25529.01953125,177920,4766476800
2013-06-20,GAS,26790,26130,26560,26350,25107.052734375,458210,12073833500
2013-06-21,GAS,26560,25900,26130,26350,25107.052734375,263500,6943225000
2013-06-24,GAS,26560,25240,26560,25670,24474.103515625,576700,14803889000
2013-06-25,GAS,25900,24130,25460,24580,23419.189453125,960570,23610810600
2013-06-26,GAS,25240,24350,25010,25240,24052.134765625,461070,11637406800
2013-06-27,GAS,26350,25240,25460,26130,24896.068359375,771380,20156159400
2013-06-28,GAS,26350,25670,26350,25670,24474.103515625,365950,9393936500
2013-07-01,GAS,26350,25240,25460,26350,25107.052734375,359580,9474933000
2013-07-02,GAS,27000,26130,26130,26790,25529.01953125,419070,11226885300
2013-07-03,GAS,27000,26350,26560,26560,25318.03125,352100,9351776000
2013-07-04,GAS,26790,26350,26790,26560,25318.03125,149020,3957971200
2013-07-05,GAS,26790,26130,26560,26130,24896.068359375,288200,7530666000
2013-07-08,GAS,26130,25670,26130,25670,24474.103515625,222620,5714655400
2013-07-09,GAS,26130,25670,25900,26130,24896.068359375,106210,2775267300
2013-07-10,GAS,26790,26350,26560,26560,25318.03125,324380,8615532800
2013-07-11,GAS,26790,26350,26560,26560,25318.03125,221910,5893929600
2013-07-12,GAS,27900,26560,26560,27900,26583.939453125,1008390,28134081000
2013-07-15,GAS,28780,27900,28120,28120,26794.91796875,505080,14202849600
2013-07-16,GAS,28550,28120,28330,28550,27216.892578125,587900,16784545000
2013-07-17,GAS,28780,28120,28330,28550,27216.892578125,386590,11037144500
2013-07-18,GAS,28780,28120,28330,28550,27216.892578125,476080,13592084000
2013-07-19,GAS,29440,28550,28780,28990,27638.849609375,1030480,29873615200
2013-07-22,GAS,29230,28550,28990,28990,27638.849609375,781450,22654235500
2013-07-23,GAS,29230,28550,28990,28780,27427.876953125,490760,14124072800
2013-07-24,GAS,28990,27900,28780,27900,26583.939453125,1059260,29553354000
2013-07-25,GAS,28330,27900,27900,27900,26583.939453125,377840,10541736000
2013-07-26,GAS,28550,27670,28330,28330,27005.90625,391530,11092044900
2013-07-29,GAS,28550,27670,28550,27900,26583.939453125,233160,6505164000
2013-07-30,GAS,28330,27900,27900,28120,26794.91796875,282610,7946993200
2013-07-31,GAS,29230,28120,28120,28990,27638.849609375,549510,15930294900
2013-08-01,GAS,29230,28780,28990,28990,27638.849609375,359930,10434370700
2013-08-02,GAS,29230,28780,29230,28990,27638.849609375,240080,6959919200
2013-08-05,GAS,29230,28550,28990,28780,27427.876953125,243020,6994115600
2013-08-06,GAS,28990,28550,28550,28990,27638.849609375,95610,2771733900
2013-08-07,GAS,30110,28990,28990,29890,28482.787109375,756860,22622545400
2013-08-08,GAS,30110,29440,29660,29890,28482.787109375,207570,6204267300
2013-08-09,GAS,30540,29890,29890,30330,28904.763671875,295920,8975253600
2013-08-12,GAS,30540,29890,30330,30540,29115.74609375,479210,14635073400
2013-08-13,GAS,31220,30540,30770,30540,29115.74609375,682210,20834693400
2013-08-14,GAS,31660,30540,30540,31460,29972.099609375,1341200,42194152000
2013-08-15,GAS,32130,31660,31660,31660,30186.169921875,760810,24087244600
2013-08-16,GAS,31890,31220,31660,31460,29972.099609375,421320,13254727200
2013-08-19,GAS,32340,31220,31460,32130,30614.3515625,820800,26372304000
2013-08-20,GAS,32130,31220,31890,31460,29972.099609375,735780,23147638800
2013-08-21,GAS,31460,30540,31460,31000,29543.912109375,739380,22920780000
2013-08-22,GAS,31220,30100,30540,30540,29115.74609375,619800,18928692000
2013-08-23,GAS,30770,29880,30540,30330,28901.65625,602840,18284137200
2013-08-26,GAS,31000,29660,30100,30770,29329.828125,578230,17792137100
2013-08-27,GAS,30770,30100,30770,30100,28687.56640625,149550,4501455000
2013-08-28,GAS,30100,28970,29880,29200,27831.224609375,818890,23911588000
2013-08-29,GAS,29660,29200,29200,29200,27831.224609375,544370,15895604000
2013-08-30,GAS,29420,28530,29200,28760,27403.052734375,1149960,33072849600
2013-09-03,GAS,29420,28970,29200,29200,27831.224609375,390450,11401140000
2013-09-04,GAS,29660,28970,29200,29200,27831.224609375,410500,11986600000
2013-09-05,GAS,29420,28970,29200,29420,28045.314453125,568140,16714678800
2013-09-06,GAS,29660,29200,29420,29660,28259.392578125,395540,11731716400
2013-09-09,GAS,29420,28760,29420,28970,27617.140625,821050,23785818500
2013-09-10,GAS,29420,28970,28970,29200,27831.224609375,430110,12559212000
2013-09-11,GAS,29660,29200,29420,29420,28045.314453125,401550,11813601000
2013-09-12,GAS,29660,29200,29200,29420,28045.314453125,192060,5650405200
2013-09-13,GAS,29880,29420,29420,29420,28045.314453125,243370,7159945400
2013-09-16,GAS,29660,29200,29420,29200,27831.224609375,400280,11688176000
2013-09-17,GAS,29880,29200,29200,29420,28045.314453125,555300,16336926000
2013-09-18,GAS,29880,29200,29660,29420,28045.314453125,553350,16279557000
2013-09-19,GAS,29880,29200,29880,29420,28045.314453125,889570,26171149400
2013-09-20,GAS,29420,29200,29420,29200,27831.224609375,480930,14043156000
2013-09-23,GAS,29420,28970,29420,29420,28045.314453125,520280,15306637600
2013-09-24,GAS,30100,29420,29420,29880,28473.486328125,661620,19769205600
2013-09-25,GAS,30330,29660,29880,30100,28687.56640625,686920,20676292000
2013-09-26,GAS,30100,29200,30100,29660,28259.392578125,2172310,64430714600
2013-09-27,GAS,30330,29660,29660,30100,28687.56640625,550330,16564933000
2013-09-30,GAS,30330,29880,30330,30100,28687.56640625,398410,11992141000
2013-10-01,GAS,30330,29660,29880,29880,28473.486328125,1273670,38057259600
2013-10-02,GAS,30100,28970,29880,29420,28045.314453125,1436740,42268890800
2013-10-03,GAS,29880,29420,29660,29420,28045.314453125,518610,15257506200
2013-10-04,GAS,30770,29200,29660,30770,29329.828125,2330000,71694100000
2013-10-07,GAS,31000,30540,30770,30540,29115.74609375,673410,20565941400
2013-10-08,GAS,30770,30330,30540,30540,29115.74609375,394350,12043449000
2013-10-09,GAS,30540,30100,30330,30330,28901.65625,445960,13525966800
2013-10-10,GAS,30330,29420,30330,29660,28259.392578125,1072070,31797596200
2013-10-11,GAS,30100,29420,29660,29420,28045.314453125,1105470,32522927400
2013-10-14,GAS,29660,29200,29420,29200,27831.224609375,806770,23557684000
2013-10-15,GAS,29660,28970,29200,29200,27831.224609375,710190,20737548000
2013-10-16,GAS,29660,28970,29200,29200,27831.224609375,521080,15215536000
2013-10-17,GAS,29660,29200,29420,29420,28045.314453125,366630,10786254600
2013-10-18,GAS,29660,29200,29660,29420,28045.314453125,310470,9134027400
2013-10-21,GAS,29890,29420,29660,29420,28045.31640625,619900,18237458000
2013-10-22,GAS,29660,29190,29420,29660,28262.71875,422260,12524231600
2013-10-23,GAS,29890,29420,29420,29660,28262.71875,585850,17376311000
2013-10-24,GAS,29660,29190,29660,29190,27827.90625,404730,11814068700
2013-10-25,GAS,29660,28970,29420,29190,27827.90625,370170,10805262300
2013-10-28,GAS,29660,29190,29420,29190,27827.90625,230070,6715743300
2013-10-29,GAS,29190,28740,29190,28970,27610.498046875,391870,11352473900
2013-10-30,GAS,29660,29190,29190,29420,28045.31640625,724260,21307729200
2013-10-31,GAS,29660,29190,29660,29190,27827.90625,164330,4796792700
2013-11-01,GAS,29660,29190,29420,29190,27827.90625,301210,8792319900
2013-11-04,GAS,29420,28970,29420,29190,27827.90625,373440,10900713600
2013-11-05,GAS,29420,28970,29190,29420,28045.31640625,493350,14514357000
2013-11-06,GAS,29420,29190,29420,29420,28045.31640625,139360,4099971200
2013-11-07,GAS,29420,28970,29190,28970,27610.498046875,426430,12353677100
2013-11-08,GAS,29190,28740,28970,28970,27610.498046875,347000,10052590000
2013-11-11,GAS,29190,28740,28970,28970,27610.498046875,197110,5710276700
2013-11-12,GAS,29190,28740,28970,28740,27393.09375,226550,6511047000
2013-11-13,GAS,28970,28510,28740,28740,27393.09375,268650,7721001000
2013-11-14,GAS,29420,28970,29190,28970,27610.498046875,185870,5384653900
2013-11-15,GAS,29420,28970,28970,29190,27827.90625,259370,7571010300
2013-11-18,GAS,29660,29190,29420,29660,28262.71875,507750,15059865000
2013-11-19,GAS,29660,29190,29660,29190,27827.90625,206580,6030070200
2013-11-20,GAS,29420,28970,29190,29190,27827.90625,230360,6724208400
2013-11-21,GAS,29890,29190,29420,29420,28045.31640625,1022230,30074006600
2013-11-22,GAS,29660,29190,29660,29660,28262.71875,228480,6776716800
2013-11-25,GAS,29890,29420,29660,29420,28045.31640625,262100,7710982000
2013-11-26,GAS,29660,29190,29660,29420,28045.31640625,345250,10157255000
2013-11-27,GAS,29660,29190,29420,29420,28045.31640625,463480,13635581600
2013-11-28,GAS,29660,29190,29420,29190,27827.90625,186600,5446854000
2013-11-29,GAS,29420,29190,29190,29190,27827.90625,269540,7867872600
2013-12-02,GAS,29890,29420,29660,29660,28262.71875,477960,14176293600
2013-12-03,GAS,30120,29420,29660,29660,28262.71875,537850,15952631000
2013-12-04,GAS,30120,29660,29660,29660,28262.71875,580160,17207545600
2013-12-05,GAS,29890,29420,29660,29660,28262.71875,304840,9041554400
2013-12-06,GAS,29890,29420,29890,29660,28262.71875,136950,4061937000
2013-12-09,GAS,29890,29420,29890,29420,28045.31640625,245560,7224375200
2013-12-10,GAS,29890,29420,29420,29660,28262.71875,233000,6910780000
2013-12-11,GAS,29660,29190,29660,29190,27827.90625,302790,8838440100
2013-12-12,GAS,29420,29190,29190,29420,28045.31640625,138020,4060548400
2013-12-13,GAS,29660,29190,29420,29420,28045.31640625,170870,5026995400
2013-12-16,GAS,29420,29190,29190,29420,28045.31640625,120760,3552759200
2013-12-17,GAS,29420,29190,29420,29420,28045.31640625,111890,3291803800
2013-12-18,GAS,29420,29190,29420,29190,27827.90625,184930,5398106700
2013-12-19,GAS,29660,29190,29420,29190,27827.90625,632370,18458880300
2013-12-20,GAS,29660,29190,29420,29420,28045.31640625,270440,7956344800
2013-12-23,GAS,29890,29420,29660,29890,28480.123046875,395290,11815218100
2013-12-24,GAS,30120,29660,29890,29660,28262.71875,287770,8535258200
2013-12-25,GAS,29890,29420,29890,29660,28262.71875,126610,3755252600
2013-12-26,GAS,30340,29420,29660,30340,28914.939453125,519700,15767698000
2013-12-27,GAS,31250,30560,30560,30560,29132.3359375,880610,26911441600
2013-12-30,GAS,30800,30340,30560,30340,28914.939453125,401080,12168767200
2013-12-31,GAS,30560,30120,30120,30340,28914.939453125,340960,10344726400
2014-01-02,GAS,30340,29890,30340,30340,28914.939453125,229950,6976683000
2014-01-03,GAS,30340,29890,30340,30120,28697.525390625,256970,7739936400
2014-01-06,GAS,30560,30120,30120,30560,29132.3359375,176620,5397507200
2014-01-07,GAS,30800,30340,30560,30560,29132.3359375,153500,4690960000
2014-01-08,GAS,30800,30340,30800,30800,29349.744140625,181340,5585272000
2014-01-09,GAS,31250,30800,30800,31020,29567.1484375,336880,10450017600
2014-01-10,GAS,32400,31250,31250,31710,30219.369140625,1157340,36699251400
2014-01-13,GAS,32850,31940,31940,32850,31306.390625,702930,23091250500
2014-01-14,GAS,33090,32619,32850,32619,31088.9921875,530710,17311229490
2014-01-15,GAS,33530,32400,32619,33530,31958.611328125,1043490,34988219700
2014-01-16,GAS,35350,33990,34230,35130,33480.45703125,1954470,68660531100
2014-01-17,GAS,36270,35130,35350,35130,33480.45703125,1332150,46798429500
2014-01-20,GAS,36030,34890,35350,35350,33697.859375,571230,20192980500
2014-01-21,GAS,35580,34450,35130,35130,33480.45703125,411240,14446861200
2014-01-22,GAS,35830,34230,35350,34230,32610.828125,555210,19004838300
2014-01-23,GAS,35130,34450,34670,34450,32828.2421875,242500,8354125000
2014-01-24,GAS,36030,34450,34670,36030,34350.0625,703760,25356472800
2014-01-27,GAS,36500,35130,36500,35130,33480.45703125,324220,11389848600
2014-02-06,GAS,35580,34890,35350,35130,33480.45703125,281720,9896823600
2014-02-07,GAS,35580,34670,35580,34670,33045.6328125,228240,7913080800
2014-02-10,GAS,34890,34450,34890,34670,33045.6328125,211430,7330278100
2014-02-11,GAS,35580,34450,35130,34670,33045.6328125,535920,18580346400
2014-02-12,GAS,36030,34890,34890,36030,34350.0625,590290,21268148700
2014-02-13,GAS,37630,36270,36270,37630,35871.91015625,761600,28659008000
2014-02-14,GAS,38780,37630,38320,38090,36306.71875,637250,24272852500
2014-02-17,GAS,38090,37630,38090,37630,35871.91015625,276290,10396792700
2014-02-18,GAS,38090,37630,37630,37870,36089.3203125,479180,18146546600
2014-02-19,GAS,38320,37410,38320,37870,36089.3203125,385940,14615547800
2014-02-20,GAS,39000,37180,38090,37630,35871.91015625,969090,36466856700
2014-02-21,GAS,38090,37410,37870,37630,35871.91015625,259120,9750685600
2014-02-24,GAS,37870,37630,37630,37870,36089.3203125,197080,7463419600
2014-02-25,GAS,39230,37870,37870,39230,37393.7421875,895290,35122226700
2014-02-26,GAS,39680,38550,39680,39230,37393.7421875,298980,11728985400
2014-02-27,GAS,39000,37870,38780,37870,36089.3203125,394450,14937821500
2014-02-28,GAS,38550,37630,38090,37870,36089.3203125,511390,19366339300
2014-03-03,GAS,38550,37410,37870,37410,35654.5078125,445360,16660917600
2014-03-04,GAS,37410,36500,37410,37180,35437.1015625,200210,7443807800
2014-03-05,GAS,37870,37180,37870,37410,35654.5078125,170460,6376908600
2014-03-06,GAS,38090,37410,37870,38090,36306.71875,218930,8339043700
2014-03-07,GAS,38550,37870,38090,38090,36306.71875,165620,6308465800
2014-03-10,GAS,38320,38090,38320,38090,36306.71875,268800,10238592000
2014-03-11,GAS,39000,37870,38320,38780,36958.9375,368430,14287715400
2014-03-12,GAS,39680,39000,39000,39000,37176.3515625,445740,17383860000
2014-03-13,GAS,39470,38780,39230,39000,37176.3515625,332570,12970230000
2014-03-14,GAS,39470,38780,39000,38780,36958.9375,260770,10112660600
2014-03-17,GAS,39680,38780,39680,38780,36958.9375,219650,8518027000
2014-03-18,GAS,39000,38550,38780,38550,36741.5390625,197580,7616709000
2014-03-19,GAS,39230,38550,39000,38780,36958.9375,129490,5021622200
2014-03-20,GAS,39000,38090,39000,38320,36524.1328125,234140,8972244800
2014-03-21,GAS,38550,38090,38320,38090,36306.71875,215230,8198110700
2014-03-24,GAS,38320,38090,38090,38320,36524.1328125,355100,13607432000
2014-03-25,GAS,38550,38090,38550,38090,36306.71875,366480,13959223200
2014-03-26,GAS,38320,37410,38090,37410,35654.5078125,346280,12954334800
2014-03-27,GAS,37630,36950,37410,37410,35654.5078125,89820,3360166200
2014-03-28,GAS,37870,37180,37870,37630,35871.91015625,203840,7670499200
2014-03-31,GAS,38550,37870,38090,38090,36306.71875,366010,13941320900
2014-04-01,GAS,38320,37630,38090,37870,36089.3203125,366820,13891473400
2014-04-02,GAS,38090,37630,37870,37870,36089.3203125,182420,6908245400
2014-04-03,GAS,38550,37870,38090,38550,36741.5390625,284810,10979425500
2014-04-04,GAS,39680,38550,38550,39470,37611.15625,405130,15990481100
2014-04-07,GAS,41520,39930,40610,40830,38915.5859375,891640,36405661200
2014-04-08,GAS,42210,40610,40830,42210,40220.02734375,780470,32943638700
2014-04-10,GAS,43350,42210,42420,42210,40220.02734375,780270,32935196700
2014-04-11,GAS,43110,41520,41970,43110,41089.63671875,446330,19241286300
2014-04-14,GAS,43350,42890,43350,42890,40872.24609375,299930,12863997700
2014-04-15,GAS,43110,42420,42890,42420,40437.4296875,636020,26979968400
2014-04-16,GAS,42420,41280,41970,41280,39350.3984375,559970,23115561600
2014-04-17,GAS,42420,41280,42420,41970,40002.61328125,488130,20486816100
2014-04-18,GAS,42210,41280,42210,41520,39567.796875,391850,16269612000
2014-04-21,GAS,41970,41060,41520,41060,39133.0,365500,15007430000
2014-04-22,GAS,41520,41060,41520,41520,39133.0,316220,13129454400
2014-04-23,GAS,41750,41280,41520,41750,39785.20703125,222550,9291462500
2014-04-24,GAS,42210,41520,41520,42210,40220.02734375,289010,12199112100
2014-04-25,GAS,44940,42420,42420,44260,42176.66015625,677640,29992346400
2014-04-28,GAS,45390,44260,44490,44260,42176.66015625,267870,11855926200
2014-04-29,GAS,45390,43790,43790,45390,43263.703125,415580,18863176200
2014-05-05,GAS,46530,45160,46090,45390,43263.703125,504920,22918318800
2014-05-06,GAS,45160,43790,45160,44710,42611.46875,829520,37087839200
2014-05-07,GAS,45160,44260,45160,44940,42828.8828125,145760,6550454400
2014-05-08,GAS,44030,41970,43790,41970,40002.61328125,1672090,70177617300
2014-05-09,GAS,44260,40830,41750,44260,42176.66015625,957260,42368327600
2014-05-12,GAS,44720,41690,44720,42160,40263.58984375,459030,19352704800
2014-05-13,GAS,42390,41460,41690,41930,40041.140625,309180,12963917400
2014-05-14,GAS,42390,41460,41460,42160,40263.58984375,646320,27248851200
2014-05-15,GAS,43090,40060,42390,41930,40041.140625,1023950,42934223500
2014-05-16,GAS,42160,40770,41930,41460,39596.23828125,423650,17564529000
2014-05-19,GAS,41460,40300,41460,40770,38928.87890625,436700,17804259000
2014-05-20,GAS,42160,40770,40770,41930,40041.140625,305130,12794100900
2014-05-21,GAS,42620,41460,41930,42620,40708.5,363720,15501746400
2014-05-22,GAS,43320,42390,42620,42860,40930.9453125,490600,21027116000
2014-05-23,GAS,43550,42860,42860,43090,41153.3984375,303820,13091603800
2014-05-26,GAS,43090,42620,42860,43090,41153.3984375,171180,7376146200
2014-05-27,GAS,43320,42620,42860,43320,41375.8515625,330780,14329389600
2014-05-28,GAS,43790,43090,43550,43790,41820.75390625,276050,12088229500
2014-05-29,GAS,44950,43550,43790,44720,42710.55078125,297670,13311802400
2014-05-30,GAS,46350,44720,44950,45420,43377.89453125,1049070,47648759400
2014-06-02,GAS,45650,44720,45180,44950,43600.34765625,644570,28973421500
2014-06-03,GAS,45890,44720,45180,45650,43600.34765625,311430,14216779500
2014-06-04,GAS,45890,45180,45650,45890,43822.80859375,459530,21087831700
2014-06-05,GAS,45890,45420,45650,45420,43377.89453125,231090,10496107800
2014-06-06,GAS,46580,45420,45650,46580,44490.15625,363090,16912732200
2014-06-09,GAS,49840,46580,46580,48450,46269.76953125,497320,24095154000
2014-06-10,GAS,51240,48450,49370,49840,47604.47265625,319660,15931854400
2014-06-11,GAS,50770,49370,49840,49840,47604.47265625,441310,21994890400
2014-06-12,GAS,50310,49370,49840,50310,48049.375,266100,13387491000
2014-06-13,GAS,51240,49840,49840,50310,48049.375,321360,16167621600
2014-06-16,GAS,50770,49370,50310,49370,47159.5625,297050,14665358500
2014-06-17,GAS,49370,47990,49370,48910,46714.6640625,512310,25057082100
2014-06-18,GAS,49370,48450,48910,48450,46269.76953125,159890,7746670500
2014-06-19,GAS,48910,46580,47990,48910,46714.6640625,395800,19358578000
2014-06-20,GAS,49840,47990,48910,48450,46269.76953125,287070,13908541500
2014-06-23,GAS,49370,47990,48450,48910,46714.6640625,263960,12910283600
2014-06-24,GAS,50310,48910,48910,49840,47604.47265625,521870,26010000800
2014-06-25,GAS,50310,49370,49840,49370,47159.5625,201080,9927319600
2014-06-26,GAS,50310,48910,49370,50310,48049.375,252140,12685163400
2014-06-27,GAS,52180,50310,50310,52180,49828.96875,326900,17057642000
2014-06-30,GAS,53100,51710,51710,52180,49828.96875,154120,8041981600
2014-07-01,GAS,52640,51240,52180,51710,49384.078125,566990,29319052900
2014-07-02,GAS,52180,50770,51710,50770,48494.265625,363450,18452356500
2014-07-03,GAS,51710,50310,51240,51710,49384.078125,257550,13317910500
2014-07-04,GAS,52640,51240,51710,52180,49828.96875,330800,17261144000
2014-07-07,GAS,52180,51240,52180,51240,48939.16015625,229150,11741646000
2014-07-08,GAS,52180,50770,51240,51710,49384.078125,204900,10595379000
2014-07-09,GAS,52180,51240,51710,51710,49384.078125,137790,7125120900
2014-07-10,GAS,51710,50310,51710,51240,48939.16015625,222070,11378866800
2014-07-11,GAS,51710,50770,51240,50770,48494.265625,105000,5330850000
2014-07-14,GAS,51240,50310,50770,51240,48939.16015625,224460,11501330400
2014-07-15,GAS,51240,50770,51240,51240,48939.16015625,287530,14733037200
2014-07-16,GAS,51710,50770,51710,50770,48494.265625,311650,15822470500
2014-07-17,GAS,51240,50310,50770,51240,48939.16015625,213390,10934103600
2014-07-18,GAS,51710,50310,51240,51240,48939.16015625,331590,16990671600
2014-07-21,GAS,53100,51240,51240,52640,50273.88671875,635080,33430611200
2014-07-22,GAS,52640,51710,52180,52640,50273.88671875,138210,7275374400
2014-07-23,GAS,52640,51710,52640,52640,50273.88671875,110210,5801454400
2014-07-24,GAS,53100,52180,52640,53100,50718.78515625,342860,18205866000
2014-07-25,GAS,54030,53100,53570,53100,50718.78515625,309050,16410555000
2014-07-28,GAS,53100,51710,53100,51710,49384.078125,251480,13004030800
2014-07-29,GAS,51710,50770,51710,51710,49384.078125,175610,9080793100
2014-07-30,GAS,52180,51240,51710,51710,49384.078125,234950,12149264500
2014-07-31,GAS,52640,51240,51240,52640,50273.88671875,324370,17074836800
2014-08-01,GAS,52640,51710,52180,51710,49384.078125,187550,9698210500
2014-08-04,GAS,53100,51240,51710,52180,49828.96875,343060,17900870800
2014-08-05,GAS,54970,52180,52640,54500,52053.48046875,697740,38026830000
2014-08-06,GAS,54970,54030,54500,54030,51608.58984375,328170,17731025100
2014-08-07,GAS,54500,53570,53570,54030,51608.58984375,224470,12128114100
2014-08-08,GAS,54970,54030,54500,54030,51608.58984375,452320,24438849600
2014-08-11,GAS,54500,53100,53570,54030,51608.58984375,120980,6536549400
2014-08-12,GAS,54030,53100,53570,53570,51163.6796875,227260,12174318200
2014-08-13,GAS,53570,52640,53570,52640,50273.88671875,459470,24186500800
2014-08-14,GAS,53570,52640,53100,52640,50273.88671875,216710,11407614400
2014-08-15,GAS,53570,52640,53100,53100,50718.78515625,166170,8823627000
2014-08-18,GAS,53570,52640,53100,53100,50718.78515625,334370,17755047000
2014-08-19,GAS,54500,53100,53570,53570,51163.6796875,450670,24142391900
2014-08-20,GAS,54030,53100,54030,54030,51608.58984375,283430,15313722900
2014-08-21,GAS,55900,54500,54500,54970,52498.38671875,1012490,55656575300
2014-08-22,GAS,57300,55430,55430,56830,54277.984375,619580,35210731400
2014-08-25,GAS,58700,56830,56830,57760,55167.796875,422060,24378185600
2014-08-26,GAS,57760,56370,57300,57300,54722.8984375,410940,23546862000
2014-08-27,GAS,57760,56370,57300,57300,54722.8984375,223360,12798528000
2014-08-28,GAS,59630,56830,56830,58700,56057.6015625,427920,25118904000
2014-08-29,GAS,59630,57760,59160,57760,55167.796875,459860,26561513600
2014-09-03,GAS,58700,57760,58220,58220,55612.6953125,326560,19012323200
2014-09-04,GAS,58700,57760,58220,58220,55612.6953125,266790,15532513800
2014-09-05,GAS,58220,57300,58220,57300,54722.8984375,232450,13319385000
2014-09-08,GAS,57760,56830,57760,57300,54722.8984375,227340,13026582000
2014-09-09,GAS,57760,55430,57300,55900,53388.1953125,353170,19742203000
2014-09-10,GAS,56370,54970,55900,56370,53833.08203125,116600,6572742000
2014-09-11,GAS,57760,55900,56370,56370,53833.08203125,214430,12087419100
2014-09-12,GAS,56830,55900,56370,56370,53833.08203125,147190,8297100300
2014-09-15,GAS,57760,56370,56370,56370,53833.08203125,290250,16361392500
2014-09-16,GAS,56830,55900,55900,55900,53388.1953125,293900,16429010000
2014-09-17,GAS,56830,55430,55900,55430,52943.28125,288040,15966057200
2014-09-18,GAS,55900,53100,55430,53100,50718.78515625,464470,24663357000
2014-09-19,GAS,54030,52640,53570,53570,51163.6796875,389580,20869800600
2014-09-22,GAS,54510,53100,54030,53100,50938.296875,175780,9333918000
2014-09-23,GAS,53100,51220,53100,51220,49135.16015625,379770,19451819400
2014-09-24,GAS,51690,49340,51220,49340,47332.0390625,899110,44362087400
2014-09-25,GAS,50280,48410,49340,50280,48233.60546875,834240,41945587200
2014-09-26,GAS,51220,50280,50750,50750,48684.38671875,422410,21437307500
2014-09-29,GAS,51220,50280,50750,50280,48233.60546875,260550,13100454000
2014-09-30,GAS,50280,48880,49810,49810,47782.81640625,473980,23608943800
2014-10-01,GAS,51690,50280,50280,51220,49135.16015625,561920,28781542400
2014-10-02,GAS,52160,50750,51690,50750,48684.38671875,523820,26583865000
2014-10-03,GAS,51220,49810,51220,49810,47782.81640625,317020,15790766200
2014-10-06,GAS,50750,49810,49810,49810,47782.81640625,268300,13364023000
2014-10-07,GAS,51220,49810,49810,50280,48233.60546875,260790,13112521200
2014-10-08,GAS,51220,50280,50750,51220,49135.16015625,346960,17771291200
2014-10-09,GAS,54510,52160,52160,54510,52290.640625,1053420,57421924200
2014-10-10,GAS,55920,53100,54510,53100,50938.296875,426340,22638654000
2014-10-13,GAS,53100,50750,52630,52160,50036.73046875,707080,36881292800
2014-10-14,GAS,52630,51220,52160,51220,49135.16015625,238800,12231336000
2014-10-15,GAS,51690,49340,50750,50750,48684.38671875,494960,25119220000
2014-10-16,GAS,50750,47460,50750,48410,46430.48046875,1095120,53014759200
2014-10-17,GAS,49340,46750,47930,46990,45078.1328125,1195380,56170906200
2014-10-20,GAS,48880,47930,47930,47930,45979.6953125,316670,15177993100
2014-10-21,GAS,51220,47930,48410,51220,49135.16015625,831910,42610430200
2014-10-22,GAS,51220,50280,50750,50750,48684.38671875,243570,12361177500
2014-10-23,GAS,50750,49340,50280,49340,47332.0390625,346850,17113579000
2014-10-24,GAS,50280,48410,49340,48880,46881.26171875,362550,17721444000
2014-10-27,GAS,49340,47930,48880,48880,46881.26171875,262960,12853484800
2014-10-28,GAS,48880,47930,48410,48880,46881.26171875,179010,8750008800
2014-10-29,GAS,50280,49340,49340,49810,47782.81640625,138430,6895198300
2014-10-30,GAS,50280,48880,49810,48880,46881.26171875,241090,11784479200
2014-10-31,GAS,49810,48410,49340,49810,47782.81640625,437850,21809308500
2014-11-03,GAS,50280,49340,49810,49340,47332.0390625,246170,12146027800
2014-11-04,GAS,49810,48880,49340,48880,46881.26171875,213660,10443700800
2014-11-05,GAS,49810,48410,49340,48880,46881.26171875,160910,7865280800
2014-11-06,GAS,49340,48880,49340,48880,46881.26171875,227150,11103092000
2014-11-07,GAS,49340,48410,48880,49340,47332.0390625,138310,6824215400
2014-11-10,GAS,49810,48880,49810,48880,46881.26171875,333020,16278017600
2014-11-11,GAS,51220,48880,49340,50280,48233.60546875,731610,36785350800
2014-11-12,GAS,50280,49340,50280,49810,47782.81640625,282280,14060366800
2014-11-13,GAS,50280,49340,49810,49810,47782.81640625,290900,14489729000
2014-11-14,GAS,49810,48880,49340,48880,46881.26171875,284120,13887785600
2014-11-17,GAS,49810,48880,49340,48880,46881.26171875,161090,7874079200
2014-11-18,GAS,49340,48410,48880,48410,46430.48046875,148510,7189369100
2014-11-19,GAS,48880,47460,48410,47460,45528.91015625,476190,22599977400
2014-11-20,GAS,48410,47460,47930,47930,45979.6953125,262890,12600317700
2014-11-21,GAS,48410,46750,48410,46750,44852.74609375,368980,17249815000
2014-11-24,GAS,46750,45820,46520,46520,44627.3515625,289970,13489404400
2014-11-25,GAS,47460,46290,46520,46290,44401.96484375,274560,12709382400
2014-11-26,GAS,46750,43700,46750,44170,42373.44921875,923580,40794528600
2014-11-27,GAS,44170,42060,44170,42760,41021.09765625,768630,32866618800
2014-11-28,GAS,42060,39940,41820,40410,38767.1875,1153940,46630715400
2014-12-01,GAS,40880,39470,39940,39940,38316.421875,980190,39148788600
2014-12-02,GAS,40880,40180,40880,40410,38767.1875,392080,15843952800
2014-12-03,GAS,41360,40640,40640,41120,39443.35546875,310010,12747611200
2014-12-04,GAS,42060,41120,41360,41120,39443.35546875,568110,23360683200
2014-12-05,GAS,41360,40640,40880,40640,38992.58203125,343130,13944803200
2014-12-08,GAS,40410,38060,40410,38060,36513.27734375,873510,33245790600
2014-12-09,GAS,36890,35480,36640,35480,34033.98828125,1175330,41700708400
2014-12-10,GAS,35480,33120,33840,34780,33357.82421875,1491890,51887934200
2014-12-11,GAS,34540,33120,33120,33370,32005.470703125,749110,24997800700
2014-12-12,GAS,33840,32430,32430,33370,32005.470703125,657090,21927093300
2014-12-15,GAS,34070,33120,33370,33120,31912.97265625,495490,16410628800
2014-12-16,GAS,32640,30970,32640,30970,29831.689453125,1355250,41972092500
2014-12-17,GAS,31450,28800,31190,29750,28675.42578125,944140,28088165000
2014-12-18,GAS,31680,30490,30720,31680,30525.4453125,569060,18027820800
2014-12-19,GAS,33120,31450,31930,32640,31450.4609375,886770,28944172800
2014-12-22,GAS,34800,32880,32880,34560,33300.49609375,861030,29757196800
2014-12-23,GAS,34560,33120,33600,33600,32375.486328125,534700,17965920000
2014-12-24,GAS,34320,33600,34320,34070,32837.98046875,201710,6872259700
2014-12-25,GAS,33850,32640,33600,32640,31450.4609375,298940,9757401600
2014-12-26,GAS,34560,32640,32640,33850,32606.734375,511400,17310890000
2014-12-29,GAS,34320,32880,33850,33600,32375.486328125,138310,4647216000
2014-12-30,GAS,33600,32409,33120,33600,32375.486328125,235540,7914144000
2014-12-31,GAS,34070,33370,33600,33850,32606.734375,216920,7342742000
2015-01-05,GAS,33850,32880,33600,33120,31912.97265625,319840,10593100800
2015-01-06,GAS,32880,32159,32159,32640,31450.4609375,345050,11262432000
2015-01-07,GAS,33370,32159,32159,33120,31912.97265625,509250,16866360000
2015-01-08,GAS,33850,33370,33600,33370,32144.228515625,290220,9684641400
2015-01-09,GAS,35520,33600,33600,35520,34225.51171875,859620,30533702400
2015-01-12,GAS,37920,37920,37920,37920,36538.04296875,671210,25452283200
2015-01-13,GAS,39360,37440,37440,38640,37231.8046875,1270070,49075504800
2015-01-14,GAS,38170,36720,37920,37200,35844.28125,705280,26236416000
2015-01-15,GAS,37920,36970,37440,37680,36306.796875,403100,15188808000
2015-01-16,GAS,37920,36970,37440,37200,35844.28125,334230,12433356000
2015-01-19,GAS,37680,36480,37200,36720,35381.7734375,258660,9497995200
2015-01-20,GAS,37440,36720,36970,37200,35844.28125,456860,16995192000
2015-01-21,GAS,37440,36970,37200,37200,35844.28125,271070,10083804000
2015-01-22,GAS,37680,37200,37200,37680,36306.796875,269320,10147977600
2015-01-23,GAS,38880,37680,37920,38880,37463.046875,641740,24950851200
2015-01-26,GAS,39360,38410,39120,38410,37000.55078125,327410,12575818100
2015-01-27,GAS,38410,37680,38410,38170,36769.29296875,313480,11965531600
2015-01-28,GAS,38410,37440,38410,37680,36306.796875,253270,9543213600
2015-01-29,GAS,37680,37200,37440,37200,35844.28125,111790,4158588000
2015-01-30,GAS,37680,36970,37680,36970,35613.02734375,268300,9919051000
2015-02-02,GAS,37440,36720,37200,36720,35381.7734375,82200,3018384000
2015-02-03,GAS,37920,36720,37200,36720,35381.7734375,335140,12306340800
2015-02-04,GAS,37920,37200,37440,37680,36306.796875,479230,18057386400
2015-02-05,GAS,37920,37200,37440,37680,36306.796875,268680,10123862400
2015-02-06,GAS,38640,37920,38170,38170,36769.29296875,409620,15635195400
2015-02-09,GAS,38410,37920,38410,37920,36538.04296875,250850,9512232000
2015-02-10,GAS,38410,37680,38410,37680,36306.796875,169730,6395426400
2015-02-11,GAS,37680,37200,37680,37440,36075.53515625,182290,6824937600
2015-02-12,GAS,37920,36720,37440,37920,36538.04296875,400480,15186201600
2015-02-13,GAS,38410,37920,38170,37920,36538.04296875,196250,7441800000
2015-02-24,GAS,38170,37920,38170,38170,36538.04296875,131510,5019736700
2015-02-25,GAS,38170,37680,38170,37680,36306.796875,233210,8787352800
2015-02-26,GAS,37920,37200,37920,37680,36306.796875,185200,6978336000
2015-02-27,GAS,37920,37200,37680,37920,36538.04296875,289710,10985803200
2015-03-02,GAS,37920,37440,37680,37680,36306.796875,95850,3611628000
2015-03-03,GAS,37920,37440,37680,37440,36075.53515625,420410,15740150400
2015-03-04,GAS,38170,37440,37680,38170,36769.29296875,806850,30797464500
2015-03-05,GAS,39120,38410,38640,38640,37231.8046875,1020720,39440620800
2015-03-06,GAS,38880,38170,38880,38170,36769.29296875,361220,13787767400
2015-03-09,GAS,38410,37440,38170,37440,36075.53515625,332440,12446553600
2015-03-10,GAS,37920,37440,37440,37680,36306.796875,431920,16274745600
2015-03-11,GAS,37680,36970,37440,37200,35844.28125,359610,13377492000
2015-03-12,GAS,37440,36970,36970,37200,35844.28125,199670,7427724000
2015-03-13,GAS,37440,36720,36970,36720,35381.7734375,202010,7417807200
2015-03-16,GAS,37680,36720,37200,36720,35381.7734375,291740,10712692800
2015-03-17,GAS,37200,36720,36970,36970,35613.02734375,295300,10917241000
2015-03-18,GAS,36970,36240,36970,36480,35150.51953125,152790,5573779200
2015-03-19,GAS,36970,36240,36970,36240,34919.26953125,215120,7795948800
2015-03-20,GAS,36720,36000,36240,36240,34919.26953125,384350,13928844000
2015-03-23,GAS,37200,36240,36720,36480,35150.51953125,476500,17382720000
2015-03-24,GAS,36720,35280,36480,36000,34688.01953125,384090,13827240000
2015-03-25,GAS,36240,33600,36000,33600,32375.486328125,1296740,43570464000
2015-03-26,GAS,33120,31450,32640,32159,30987.955078125,1157060,37209892540
2015-03-27,GAS,33370,31450,32880,31450,30294.201171875,719800,22637710000
2015-03-30,GAS,32159,30720,31450,30720,29600.44140625,444770,13663334400
2015-03-31,GAS,31930,30490,30720,31680,30525.4453125,1041160,32983948800
2015-04-01,GAS,31930,29530,31680,29750,28675.42578125,1028480,30597280000
2015-04-02,GAS,30490,29280,30000,30240,29137.93359375,546750,16533720000
2015-04-03,GAS,30720,30000,30720,30720,29600.44140625,291480,8954265600
2015-04-06,GAS,30720,30000,30720,30000,28906.677734375,524550,15736500000
2015-04-07,GAS,30490,29530,30000,30000,28906.677734375,409230,12276900000
2015-04-08,GAS,30720,29750,30490,30000,28906.677734375,406840,12205200000
2015-04-09,GAS,30000,29530,30000,29750,28675.42578125,319300,9499175000
2015-04-10,GAS,30000,29530,29750,29750,28675.42578125,418270,12443532500
2015-04-13,GAS,30720,29750,29750,30240,29137.93359375,404770,12240244800
2015-04-14,GAS,31190,30240,30490,30720,29600.44140625,548310,16844083200
2015-04-15,GAS,32640,30970,30970,32409,31219.208984375,1192200,38638009800
2015-04-16,GAS,33370,32409,33370,32409,31219.208984375,648620,21021125580
2015-04-17,GAS,33120,31930,32640,31930,30756.70703125,1311260,41868531800
2015-04-20,GAS,32159,31190,31930,31450,30294.201171875,594950,18711177500
2015-04-21,GAS,31930,31190,31190,31190,30062.947265625,493320,15386650800
2015-04-22,GAS,31450,30970,31190,31190,30062.947265625,337590,10529432100
2015-04-23,GAS,31190,30490,31190,30970,29831.689453125,324800,10059056000
2015-04-24,GAS,32159,30720,31190,31680,30525.4453125,869410,27542908800
2015-04-27,GAS,31930,31450,31930,31680,30525.4453125,236030,7477430400
2015-05-04,GAS,32159,30000,32159,30000,28906.677734375,511070,15332100000
2015-05-05,GAS,30490,29530,30000,30240,29137.93359375,432150,13068216000
2015-05-06,GAS,31680,30490,30720,30720,29600.44140625,544250,16719360000
2015-05-07,GAS,30970,30490,30720,30490,29369.185546875,138300,4216767000
2015-05-08,GAS,30720,30240,30490,30490,29369.185546875,152640,4653993600
2015-05-11,GAS,30720,30000,30490,30240,29137.93359375,346780,10486627200
2015-05-12,GAS,30490,29750,30240,29750,28675.42578125,270730,8054217500
2015-05-13,GAS,30000,29530,30000,29750,28675.42578125,387320,11522770000
2015-05-14,GAS,30240,29530,29750,29750,28675.42578125,293250,8724187500
2015-05-15,GAS,30000,29280,29750,29280,28212.9140625,399800,11706144000
2015-05-18,GAS,29280,27850,29280,27850,26825.40234375,458080,12757528000
2015-05-19,GAS,29280,27850,28320,29280,28212.9140625,452250,13241880000
2015-05-20,GAS,30490,28800,29050,30490,29369.185546875,396180,12079528200
2015-05-21,GAS,30720,30000,30490,30240,29137.93359375,284220,8594812800
2015-05-22,GAS,30720,30000,30490,30720,29600.44140625,348700,10712064000
2015-05-25,GAS,30970,30240,30720,30720,29600.44140625,178580,5485977600
2015-05-26,GAS,30970,30240,30720,30490,29369.185546875,335220,10220857800
2015-05-27,GAS,30720,30240,30720,30240,29228.88671875,162200,4904928000
2015-05-28,GAS,30720,30000,30240,30720,29696.55078125,221430,6802329600
2015-05-29,GAS,30720,30240,30720,30240,29228.88671875,166190,5025585600
2015-06-01,GAS,30490,30000,30490,30000,28995.0546875,221080,6632400000
2015-06-02,GAS,30240,29750,30240,29750,28761.228515625,173200,5152700000
2015-06-03,GAS,30490,30000,30000,30240,29228.88671875,96830,2928139200
2015-06-04,GAS,30490,30000,30000,30000,28995.0546875,88840,2665200000
2015-06-05,GAS,30970,30000,30000,30970,29930.380859375,477570,14790342900
2015-06-08,GAS,31460,30490,30970,30720,29696.55078125,434550,13349376000
2015-06-09,GAS,30970,30240,30720,30240,29228.88671875,167890,5076993600
2015-06-10,GAS,30970,30240,30490,30720,29696.55078125,211270,6490214400
2015-06-11,GAS,32420,30970,30970,31940,30865.697265625,1166050,37243637000
2015-06-12,GAS,32420,31690,32420,31940,30865.697265625,513670,16406619800
2015-06-15,GAS,31940,31200,31940,31460,30398.04296875,119500,3759470000
2015-06-16,GAS,31460,30720,31460,30720,29696.55078125,235210,7225651200
2015-06-17,GAS,30970,30490,30720,30490,29462.720703125,144770,4414037300
2015-06-18,GAS,30970,30240,30490,30490,29462.720703125,200850,6123916500
2015-06-19,GAS,30970,30490,30970,30490,29462.720703125,187420,5714435800
2015-06-22,GAS,30720,30240,30490,30720,29696.55078125,242180,7439769600
2015-06-23,GAS,31200,30720,30720,30720,29696.55078125,203460,6250291200
2015-06-24,GAS,31200,30490,30970,30720,29696.55078125,190740,5859532800
2015-06-25,GAS,30720,30000,30720,30240,29228.88671875,511820,15477436800
2015-06-26,GAS,30490,30000,30240,30000,28995.0546875,302220,9066600000
2015-06-29,GAS,30490,29750,30000,30490,29462.720703125,424890,12954896100
2015-06-30,GAS,30970,30000,30240,30000,28995.0546875,632010,18960300000
2015-07-01,GAS,30490,30000,30490,30000,28995.0546875,470410,14112300000
2015-07-02,GAS,30720,30000,30000,30490,29462.720703125,586040,17868359600
2015-07-03,GAS,30970,30490,30720,30720,29696.55078125,439510,13501747200
2015-07-06,GAS,31460,30490,30720,31460,30398.04296875,779350,24518351000
2015-07-07,GAS,31690,31200,31460,31460,30398.04296875,599420,18857753200
2015-07-08,GAS,31460,30490,31200,30720,29696.55078125,542710,16672051200
2015-07-09,GAS,30490,30000,30240,30490,29462.720703125,423470,12911600300
2015-07-10,GAS,30970,30240,30720,30240,29228.88671875,222190,6719025600
2015-07-13,GAS,30720,30240,30490,30720,29696.55078125,272340,8366284800
2015-07-14,GAS,30970,30490,30490,30490,29462.720703125,404070,12320094300
2015-07-15,GAS,30720,30240,30720,30240,29228.88671875,244570,7395796800
2015-07-16,GAS,30490,30000,30240,30000,28995.0546875,303580,9107400000
2015-07-17,GAS,30490,30000,30000,30000,28995.0546875,202490,6074700000
2015-07-20,GAS,29750,28540,29750,29030,28059.736328125,581760,16888492800
2015-07-21,GAS,29270,28310,29030,28540,27592.068359375,543400,15508636000
2015-07-22,GAS,28790,28070,28310,28790,27825.900390625,155540,4477996600
2015-07-23,GAS,29750,28790,28790,29750,28761.228515625,299960,8923810000
2015-07-24,GAS,30000,29270,30000,29520,28527.392578125,161500,4767480000
2015-07-27,GAS,29520,29270,29520,29270,28293.560546875,154970,4535971900
2015-07-28,GAS,29270,28540,29270,29030,28059.736328125,371430,10782612900
2015-07-29,GAS,29270,28540,29030,28540,27592.068359375,319560,9120242400
2015-07-30,GAS,28790,28540,28790,28790,27825.900390625,212840,6127663600
2015-07-31,GAS,29270,28540,28790,28540,27592.068359375,267330,7629598200
2015-08-03,GAS,28540,27820,28540,28070,27124.408203125,243890,6845992300
2015-08-04,GAS,28070,27820,27820,28070,27124.408203125,141850,3981729500
2015-08-05,GAS,28540,28070,28070,28310,27358.23828125,110080,3116364800
2015-08-06,GAS,28540,28070,28310,28070,27124.408203125,76300,2141741000
2015-08-07,GAS,28310,27820,28070,28070,27124.408203125,254910,7155323700
2015-08-10,GAS,28070,27570,28070,27820,26890.576171875,240160,6681251200
2015-08-11,GAS,28070,27570,28070,27820,26890.576171875,256740,7142506800
2015-08-12,GAS,27820,27340,27570,27570,26656.75,204700,5643579000
2015-08-13,GAS,27570,26850,27340,27090,26189.078125,277450,7516120500
2015-08-14,GAS,27090,25400,26850,25400,24552.265625,903090,22938486000
2015-08-17,GAS,25640,23660,25160,23850,23055.744140625,900380,21474063000
2015-08-18,GAS,23960,23470,23470,23960,23149.28125,698260,16730309600
2015-08-19,GAS,23850,23370,23710,23660,22868.6796875,306450,7250607000
2015-08-20,GAS,23620,22030,23620,22030,21278.62890625,1150130,25337363900
2015-08-21,GAS,21770,20520,21770,20760,20062.70703125,1068610,22184343600
2015-08-24,GAS,20760,19300,20760,19300,18659.72265625,952520,18383636000
2015-08-25,GAS,19550,18140,18140,18780,18145.296875,1357700,25497606000
2015-08-26,GAS,20080,19010,19010,20080,19407.982421875,656020,13172881600
2015-08-27,GAS,21470,20800,20950,21470,20764.19921875,675850,14510499500
2015-08-28,GAS,22990,22930,22990,22990,22213.95703125,1277900,29378921000
2015-08-31,GAS,24430,23710,24190,23710,22915.4453125,1940210,46002379100
2015-09-01,GAS,24190,23020,24190,23020,22260.720703125,773620,17808732400
2015-09-03,GAS,22990,22030,22360,22120,21372.1640625,725570,16049608400
2015-09-04,GAS,22930,22160,22250,22210,21465.697265625,414800,9212708000
2015-09-07,GAS,22540,21970,22210,22160,21418.927734375,308390,6833922400
2015-09-08,GAS,22450,22060,22160,22450,21699.5234375,339710,7626489500
2015-09-09,GAS,23180,22640,22800,22740,21980.125,347260,7896692400
2015-09-10,GAS,22740,22310,22510,22450,21699.5234375,266120,5974394000
2015-09-11,GAS,22890,22450,22640,22510,21746.29296875,373110,8398706100
2015-09-14,GAS,22510,21770,22510,22030,21278.62890625,310540,6841196200
2015-09-15,GAS,22410,21770,21770,22160,21418.927734375,208430,4618808800
2015-09-16,GAS,22510,22160,22360,22310,21559.224609375,241750,5393442500
2015-09-17,GAS,23660,22840,22890,23510,22728.3828125,988040,23228820400
2015-09-18,GAS,23850,23080,23710,23220,22447.787109375,801110,18601774200
2015-09-21,GAS,23320,22840,23130,23130,22354.251953125,343530,7945848900
2015-09-22,GAS,23410,22990,23130,22990,22213.95703125,440350,10123646500
2015-09-23,GAS,23320,22930,22990,23280,22494.55078125,308250,7176060000
2015-09-24,GAS,23220,22930,23130,22990,22213.95703125,327170,7521638300
2015-09-25,GAS,23180,22990,22990,22990,22213.95703125,245050,5633699500
2015-09-28,GAS,23180,22410,23180,22410,21652.76171875,498980,11182141800
2015-09-29,GAS,22250,21770,22250,22120,21372.1640625,419360,9276243200
2015-09-30,GAS,22410,22120,22310,22160,21418.927734375,334210,7406093600
2015-10-01,GAS,23100,22610,22660,22610,21849.220703125,326600,7384426000
2015-10-02,GAS,22660,22360,22610,22510,21849.220703125,266540,5999815400
2015-10-05,GAS,22700,22460,22610,22660,21897.0234375,389040,8815646400
2015-10-06,GAS,23100,22840,22960,22900,22136.080078125,677180,15507422000
2015-10-07,GAS,23990,23450,23490,23490,22709.802734375,1225250,28781122500
2015-10-08,GAS,23600,23250,23490,23550,22757.609375,483920,11396316000
2015-10-09,GAS,24340,23750,23840,23890,23092.28515625,938020,22409297800
2015-10-12,GAS,24040,23750,23890,23990,23187.904296875,994980,23869570200
2015-10-13,GAS,23690,23450,23600,23490,22709.802734375,706460,16594745400
2015-10-14,GAS,23490,23050,23200,23250,22470.748046875,629420,14634015000
2015-10-15,GAS,23400,23100,23100,23400,22614.1796875,179650,4203810000
2015-10-16,GAS,23690,23450,23490,23450,22661.986328125,177430,4160733500
2015-10-19,GAS,23490,23300,23490,23350,22566.369140625,273490,6385991500
2015-10-20,GAS,23350,23050,23250,23200,22422.94140625,516990,11994168000
2015-10-21,GAS,23250,23050,23250,23100,22327.31640625,279680,6460608000
2015-10-22,GAS,23200,23000,23100,23100,22327.31640625,263400,6084540000
2015-10-23,GAS,23400,23100,23100,23300,22518.564453125,333250,7764725000
2015-10-26,GAS,23490,23150,23250,23150,22375.12890625,363720,8420118000
2015-10-27,GAS,23100,22760,22900,22840,22088.267578125,560610,12804332400
2015-10-28,GAS,23000,22800,22840,22900,22136.080078125,430180,9851122000
2015-10-29,GAS,23350,23000,23250,23100,22327.31640625,460190,10630389000
2015-10-30,GAS,23300,23050,23150,23150,22375.12890625,379850,8793527500
2015-11-02,GAS,23350,23100,23150,23100,22327.31640625,462000,10672200000
2015-11-03,GAS,23200,23050,23200,23100,22327.31640625,335730,7755363000
2015-11-04,GAS,23890,23250,23350,23490,22709.802734375,1370410,32190930900
2015-11-05,GAS,23890,23350,23650,23750,22948.85546875,1323090,31423387500
2015-11-06,GAS,23690,23450,23690,23490,22709.802734375,410780,9649222200
2015-11-09,GAS,23490,23200,23400,23250,22470.748046875,425340,9889155000
2015-11-10,GAS,23150,22610,23150,22760,21992.646484375,789700,17973572000
2015-11-11,GAS,22700,22460,22550,22660,21897.0234375,653260,14802871600
2015-11-12,GAS,22550,21960,22550,22160,21418.9296875,1035900,22955544000
2015-11-13,GAS,21820,21270,21820,21560,20845.208984375,1123490,24222444400
2015-11-16,GAS,21520,21220,21470,21320,20606.154296875,518020,11044186400
2015-11-17,GAS,21820,21520,21560,21520,20797.396484375,432350,9304172000
2015-11-18,GAS,21520,21320,21380,21420,20701.77734375,173530,3717012600
2015-11-19,GAS,21660,21320,21420,21420,20701.77734375,397150,8506953000
2015-11-20,GAS,21560,21380,21420,21470,20749.587890625,311440,6686616800
2015-11-23,GAS,21520,21320,21470,21380,20653.966796875,256650,5487177000
2015-11-24,GAS,21620,21220,21470,21320,20606.154296875,219010,4669293200
2015-11-25,GAS,21620,21380,21470,21520,20797.396484375,159630,3435237600
2015-11-26,GAS,21620,21420,21620,21520,20797.396484375,122820,2643086400
2015-11-27,GAS,21470,21220,21470,21220,20510.5390625,240340,5100014800
2015-11-30,GAS,21030,20320,21030,20380,19697.76171875,495020,10088507600
2015-12-01,GAS,20670,20280,20480,20280,19602.146484375,283310,5745526800
2015-12-02,GAS,20430,20190,20280,20280,19602.146484375,543410,11020354800
2015-12-03,GAS,20190,19790,20190,19940,19267.474609375,498940,9948863600
2015-12-04,GAS,20190,19890,19940,19940,19267.474609375,508280,10135103200
2015-12-07,GAS,19840,19480,19790,19480,18837.181640625,698260,13602104800
2015-12-08,GAS,19450,18810,19250,19450,18789.37109375,778870,15149021500
2015-12-09,GAS,19450,19150,19450,19150,18502.51171875,269380,5158627000
2015-12-10,GAS,19150,18850,19040,18850,18215.65625,393400,7415590000
2015-12-11,GAS,19090,18740,18850,19000,18359.080078125,360100,6841900000
2015-12-14,GAS,18810,18350,18740,18500,17880.982421875,660590,12220915000
2015-12-15,GAS,19040,18690,18740,18850,18215.65625,408030,7691365500
2015-12-16,GAS,19150,18950,19040,19000,18359.080078125,260170,4943230000
2015-12-17,GAS,19000,18740,18810,18740,18120.03125,352990,6615032600
2015-12-18,GAS,18810,18550,18740,18610,17976.59765625,225030,4187808300
2015-12-21,GAS,18650,18100,18610,18150,17546.310546875,667530,12115669500
2015-12-22,GAS,18400,18150,18150,18260,17641.9296875,364390,6653761400
2015-12-23,GAS,18400,18200,18260,18310,17689.73828125,197930,3624098300
2015-12-24,GAS,18950,18500,18690,18500,17880.982421875,499280,9236680000
2015-12-25,GAS,18740,18500,18610,18550,17928.791015625,263940,4896087000
2015-12-28,GAS,18650,18200,18650,18200,17594.119140625,238010,4331782000
2015-12-29,GAS,18310,17810,18100,18050,17450.6875,279070,5037213500
2015-12-30,GAS,18310,17900,18050,18050,17450.6875,167250,3018862500
2015-12-31,GAS,18100,17900,18100,17900,17307.2578125,162060,2900874000
2016-01-04,GAS,18310,17900,18260,17900,17307.2578125,182580,3268182000
2016-01-05,GAS,18050,17810,17900,17860,17259.447265625,233890,4177275400
2016-01-06,GAS,18010,17860,17860,17950,17355.0703125,105380,1891571000
2016-01-07,GAS,17810,17070,17810,17070,16494.486328125,759190,12959373300
2016-01-08,GAS,17370,17020,17100,17310,16733.541015625,332300,5752113000
2016-01-11,GAS,17470,17220,17310,17310,16733.541015625,324170,5611382700
2016-01-12,GAS,17220,16880,16880,17170,16590.10546875,337230,5790239100
2016-01-13,GAS,17660,17170,17170,17310,16733.541015625,473070,8188841700
2016-01-14,GAS,17310,16970,17310,17020,16446.6796875,435400,7410508000
2016-01-15,GAS,17270,16970,17100,16970,16398.865234375,214240,3635652800
2016-01-18,GAS,16760,15780,16760,15780,15251.42578125,1238200,19538796000
2016-01-19,GAS,16079,15730,15830,15780,15251.42578125,514120,8112813600
2016-01-20,GAS,15780,15180,15780,15180,14677.703125,873730,13263221400
2016-01-21,GAS,15180,14740,14890,14830,14343.0341796875,1009530,14971329900
2016-01-22,GAS,15880,14930,15040,15830,15299.234375,1189260,18825985800
2016-01-25,GAS,16910,16720,16720,16910,16351.0546875,753540,12742361400
2016-01-26,GAS,18050,16329,16810,17560,16972.587890625,1059720,18608683200
2016-01-27,GAS,18400,17900,18050,18050,17450.6875,967500,17463375000
2016-01-28,GAS,18610,17950,18310,18150,17546.310546875,1009030,18313894500
2016-01-29,GAS,19390,18350,18550,19390,18741.564453125,1288510,24984208900
2016-02-01,GAS,19540,18550,19480,18550,17928.791015625,1125880,20885074000
2016-02-02,GAS,18200,17560,17860,17810,17211.638671875,766710,13655105100
2016-02-03,GAS,18900,17100,17270,18900,18263.462890625,869550,16434495000
2016-02-04,GAS,19340,18650,19340,18810,18167.83984375,357750,6729277500
2016-02-05,GAS,18810,18550,18810,18810,18167.83984375,193980,3648763800
2016-02-15,GAS,19040,18550,18610,18900,18263.462890625,799110,15103179000
2016-02-16,GAS,19790,18950,18950,19790,19124.044921875,1364980,27012954200
2016-02-17,GAS,19740,19290,19680,19480,18837.181640625,765590,14913693200
2016-02-18,GAS,20780,19980,20040,20620,19936.8125,1427340,29431750800
2016-02-19,GAS,21270,20190,20190,21030,20319.298828125,1219680,25649870400
2016-02-22,GAS,21420,20920,20920,21220,20510.5390625,691380,14671083600
2016-02-23,GAS,22250,21380,21380,21420,20701.77734375,1480380,31709739600
2016-02-24,GAS,21470,20780,21320,21180,20462.724609375,1509510,31971421800
2016-02-25,GAS,21660,20670,21660,20670,19984.623046875,686070,14181066900
2016-02-26,GAS,21220,20780,21030,21030,20319.298828125,787790,16567223700
2016-02-29,GAS,21420,21080,21180,21120,20414.91796875,612850,12943392000
2016-03-01,GAS,21860,21120,21320,21560,20845.208984375,909320,19604939200
2016-03-02,GAS,22020,21660,21760,21820,21084.259765625,779100,16999962000
2016-03-03,GAS,22460,22120,22120,22360,21610.16796875,775150,17332354000
2016-03-04,GAS,22960,22160,22250,22900,22136.080078125,1085350,24854515000
2016-03-07,GAS,24480,23600,23690,24430,23618.19140625,1965600,48019608000
2016-03-08,GAS,25470,23750,24730,23840,23044.470703125,1734860,41359062400
2016-03-09,GAS,23890,23300,23300,23450,22661.986328125,978270,22940431500
2016-03-10,GAS,24230,23650,24040,23890,23092.28515625,896680,21421685200
2016-03-11,GAS,23950,23600,23890,23800,22996.658203125,926390,22048082000
2016-03-14,GAS,24090,23800,23950,23840,23044.470703125,535200,12759168000
2016-03-15,GAS,23600,22900,23600,23000,22231.69921875,1433850,32978550000
2016-03-16,GAS,23350,22960,23050,23200,22422.94140625,609350,14136920000
2016-03-17,GAS,24640,24230,24600,24230,23421.732421875,1231580,29841183400
2016-03-18,GAS,24600,23870,24600,23870,23072.15625,739470,17651148900
2016-03-21,GAS,23870,23250,23770,23250,22472.87890625,670640,15592380000
2016-03-22,GAS,24030,23040,23620,23510,22722.576171875,1011840,23788358400
2016-03-23,GAS,24030,23460,23510,23970,23172.03515625,612230,14675153100
2016-03-24,GAS,23770,23310,23660,23310,22522.818359375,855580,19943569800
2016-03-25,GAS,23460,23100,23200,23360,22572.7578125,750070,17521635200
2016-03-28,GAS,23510,23250,23400,23360,22572.7578125,273940,6399238400
2016-03-29,GAS,23200,22480,23200,22480,21723.78125,824770,18540829600
2016-03-30,GAS,22630,22120,22370,22210,21474.0859375,607540,13493463400
2016-03-31,GAS,22120,21190,22120,21190,20475.294921875,814690,17263281100
2016-04-01,GAS,21560,21130,21190,21440,20724.986328125,470820,10094380800
2016-04-04,GAS,21440,20770,20770,20880,20175.650390625,697070,14554821600
2016-04-05,GAS,21190,20450,20660,21190,20475.294921875,813570,17239548300
2016-04-06,GAS,22210,21600,21750,22210,21474.0859375,844500,18756345000
2016-04-07,GAS,23000,22520,22800,22800,22023.419921875,1021450,23289060000
2016-04-08,GAS,23510,22590,23510,22800,22023.419921875,693050,15801540000
2016-04-11,GAS,23620,23200,23360,23250,22472.87890625,968630,22520647500
2016-04-12,GAS,23560,23250,23250,23510,22722.576171875,914510,21500130100
2016-04-13,GAS,24290,23620,23930,23870,23072.15625,1273840,30406560800
2016-04-14,GAS,23930,23510,23510,23720,22922.3359375,714940,16958376800
2016-04-15,GAS,24180,23770,23770,23930,23122.09375,880220,21063664600
2016-04-19,GAS,23310,22800,23250,22890,22123.3046875,1543460,35329799400
2016-04-20,GAS,23200,22940,23150,23150,22373.00390625,859070,19887470500
2016-04-21,GAS,24600,23620,23660,24600,23771.3125,1430930,35200878000
2016-04-22,GAS,25570,24290,24290,25570,24720.166015625,2152670,55043771900
2016-04-25,GAS,25630,24960,25630,24960,24120.892578125,692070,17274067200
2016-04-26,GAS,25570,24640,24800,25570,24720.166015625,841390,21514342300
2016-04-27,GAS,26870,25840,26360,26100,25219.564453125,1114170,29079837000
2016-04-28,GAS,27130,26100,26360,26360,25469.267578125,1261820,33261575200
2016-04-29,GAS,26870,26100,26610,26360,25469.267578125,583190,15372888400
2016-05-04,GAS,26100,25210,25320,26100,25219.564453125,1295780,33819858000
2016-05-05,GAS,26610,25840,26100,25840,24969.8671875,536180,13854891200
2016-05-06,GAS,26870,25730,25840,26100,25219.564453125,816430,21308823000
2016-05-09,GAS,26610,25840,26610,26360,25469.267578125,576800,15204448000
2016-05-10,GAS,26360,25570,25840,26360,25469.267578125,974170,25679121200
2016-05-11,GAS,26870,26100,26360,26870,25968.66015625,630570,16943415900
2016-05-12,GAS,27900,26870,27130,27130,26218.359375,786420,21335574600
2016-05-13,GAS,27900,26870,27130,27900,26967.45703125,780030,21762837000
2016-05-16,GAS,28680,27650,27650,28680,27716.546875,818020,23460813600
2016-05-17,GAS,30490,29190,29450,30490,29464.4453125,1565850,47742766500
2016-05-18,GAS,31000,29720,30490,29960,28965.0390625,1128220,33801471200
2016-05-19,GAS,29960,29190,29450,29720,28715.345703125,779220,23158418400
2016-05-20,GAS,30220,29450,30220,29720,28715.345703125,671010,19942417200
2016-05-23,GAS,29720,28930,29720,29190,28215.951171875,488360,14255228400
2016-05-24,GAS,29450,28420,28930,29190,28215.951171875,470200,13725138000
2016-05-25,GAS,29960,29450,29720,29720,28715.345703125,379090,11266554800
2016-05-26,GAS,29960,29190,29720,29450,28465.6484375,401200,11815340000
2016-05-27,GAS,29450,28930,29190,29190,28215.951171875,280110,8176410900
2016-05-30,GAS,29720,28930,29450,29450,28465.6484375,400740,11801793000
2016-05-31,GAS,31270,29450,29450,31000,29963.83984375,972210,30138510000
2016-06-01,GAS,31270,30490,30740,31000,29963.83984375,407400,12629400000
2016-06-02,GAS,31780,30740,30740,31780,30712.9375,543250,17264485000
2016-06-03,GAS,32299,31270,31780,31270,30213.5390625,337210,10544556700
2016-06-06,GAS,31510,30740,31000,31270,30213.5390625,321640,10057682800
2016-06-07,GAS,32040,31270,32040,31780,30712.9375,170530,5419443400
2016-06-08,GAS,32549,31270,32299,31270,30213.5390625,595820,18631291400
2016-06-09,GAS,32040,31510,31510,32040,30962.638671875,423150,13557726000
2016-06-10,GAS,32040,31270,31510,31270,30213.5390625,555260,17362980200
2016-06-13,GAS,31000,30220,30490,31000,29963.83984375,751750,23304250000
2016-06-14,GAS,31510,30490,31000,31000,29963.83984375,511180,15846580000
2016-06-15,GAS,32040,30490,30740,31780,30712.9375,564820,17949979600
2016-06-16,GAS,31780,31000,31510,31000,29963.83984375,398130,12342030000
2016-06-17,GAS,31270,30490,30490,30740,29714.14453125,329190,10119300600
2016-06-20,GAS,31780,31000,31270,31780,30712.9375,322630,10253181400
2016-06-21,GAS,32040,31270,31780,31270,30213.5390625,277680,8683053600
2016-06-22,GAS,31780,31270,31510,31270,30213.5390625,129740,4056969800
2016-06-23,GAS,31510,31270,31270,31510,30463.232421875,135840,4280318400
2016-06-24,GAS,31780,29450,31780,31000,29963.83984375,991960,30750760000
2016-06-27,GAS,31510,29960,30220,31270,30213.5390625,249890,7814060300
2016-06-28,GAS,31270,30490,30490,31270,30213.5390625,123320,3856216400
2016-06-29,GAS,32040,31270,31270,32040,30962.638671875,452560,14500022400
2016-06-30,GAS,33330,32299,32549,32299,31212.3359375,336610,10872166390
2016-07-01,GAS,34370,32549,32549,33850,32710.525390625,708190,23972231500
2016-07-04,GAS,34370,33850,34100,34370,33209.9296875,204330,7022822100
2016-07-05,GAS,34880,33580,34370,33850,32710.525390625,430750,14580887500
2016-07-06,GAS,33850,33080,33330,33330,32211.126953125,461320,15375795600
2016-07-07,GAS,34620,33330,33580,34620,33459.62109375,468190,16208737800
2016-07-08,GAS,34620,33580,34100,34100,32960.23046875,764050,26054105000
2016-07-11,GAS,34100,32810,33580,33080,31961.42578125,620090,20512577200
2016-07-12,GAS,33580,33080,33080,33330,32211.126953125,516910,17228610300
2016-07-13,GAS,34620,33580,33850,34100,32960.23046875,686300,23402830000
2016-07-14,GAS,34370,33330,33850,33330,32211.126953125,423230,14106255900
2016-07-15,GAS,33580,33080,33580,33080,31961.42578125,308940,10219735200
2016-07-18,GAS,33580,33080,33330,33580,32460.82421875,218600,7340588000
2016-07-19,GAS,33580,32299,33330,33080,31961.42578125,509820,16864845600
2016-07-20,GAS,33080,32299,32810,32299,31212.3359375,370850,11978084150
2016-07-21,GAS,33330,32299,32549,32549,31462.029296875,364630,11868341870
2016-07-22,GAS,32040,30740,32040,31780,30712.9375,527280,16756958400
2016-07-25,GAS,32549,31270,31780,32040,30962.638671875,258480,8281699200
2016-07-26,GAS,31780,30490,31780,30490,29464.4453125,476690,14534278100
2016-07-27,GAS,31270,30490,30490,31270,29464.4453125,431140,13481747800
2016-07-28,GAS,31000,29450,31000,29960,28965.0390625,434230,13009530800
2016-07-29,GAS,30490,28930,29190,30220,29214.744140625,342350,10345817000
2016-08-01,GAS,31270,30220,31000,31000,29963.83984375,157810,4892110000
2016-08-02,GAS,30740,29960,29960,30740,29714.14453125,505680,15544603200
2016-08-03,GAS,30740,29960,30220,30490,29464.4453125,340370,10377881300
2016-08-04,GAS,31270,30740,31000,30740,29714.14453125,284210,8736615400
2016-08-05,GAS,31270,30740,30740,30740,29714.14453125,242360,7450146400
2016-08-08,GAS,31270,30490,30740,31270,30213.5390625,233810,7311238700
2016-08-09,GAS,32040,31270,31510,31780,30712.9375,155570,4944014600
2016-08-10,GAS,32040,31510,31780,32040,30962.638671875,282640,9055785600
2016-08-11,GAS,32040,31270,31510,32040,30962.638671875,328430,10522897200
2016-08-12,GAS,33850,32549,33080,32549,31462.029296875,485930,15816535570
2016-08-15,GAS,33330,32549,32549,33080,31961.42578125,261300,8643804000
2016-08-16,GAS,33580,32549,33330,32810,31711.73046875,398420,13072160200
2016-08-17,GAS,33080,32549,32810,32810,31711.73046875,416560,13667333600
2016-08-18,GAS,32810,31780,32810,32040,30962.638671875,395590,12674703600
2016-08-19,GAS,33850,32299,32810,33330,32211.126953125,666770,22223444100
2016-08-22,GAS,34370,33330,33330,33850,32710.525390625,462840,15667134000
2016-08-23,GAS,33330,32549,33330,32810,31711.73046875,280550,9204845500
2016-08-24,GAS,33330,32810,32810,32810,31711.73046875,212080,6958344800
2016-08-25,GAS,32810,31780,32549,32040,30962.638671875,334400,10714176000
2016-08-26,GAS,32810,32040,32549,32810,31711.73046875,151110,4957919100
2016-08-29,GAS,33080,32549,32549,32549,31462.029296875,201650,6563505850
2016-08-30,GAS,33330,32040,32040,33330,32211.126953125,328260,10940905800
2016-08-31,GAS,33330,32810,33080,33080,31961.42578125,361250,11950150000
2016-09-01,GAS,33330,32549,33080,32810,31711.73046875,242130,7944285300
2016-09-05,GAS,32810,32299,32549,32549,31462.029296875,307240,10000354760
2016-09-06,GAS,33330,32549,32549,33080,31961.42578125,299840,9918707200
2016-09-07,GAS,33080,32040,32549,32549,31462.029296875,341850,11126875650
2016-09-08,GAS,33580,32549,32549,33330,32211.126953125,253060,8434489800
2016-09-09,GAS,34370,33330,33580,33330,32211.126953125,390520,13016031600
2016-09-12,GAS,32810,32299,32549,32610,31511.970703125,199240,6497216400
2016-09-13,GAS,33080,32299,32299,32810,31711.73046875,159100,5220071000
2016-09-14,GAS,32910,32500,32810,32810,31711.73046875,183850,6032118500
2016-09-15,GAS,32810,32299,32299,32549,31462.029296875,301400,9810268600
2016-09-16,GAS,32650,32450,32549,32650,31561.91015625,104950,3426617500
2016-09-19,GAS,33080,32650,32700,33080,31961.42578125,127030,4202152400
2016-09-20,GAS,34100,32810,33020,34100,32960.23046875,221460,7551786000
2016-09-21,GAS,34990,33900,34100,34920,33759.26171875,399860,13963111200
2016-09-22,GAS,35660,35030,35550,35030,33859.13671875,240820,8435924600
2016-09-23,GAS,35450,34830,34990,35450,34258.65625,162790,5770905500
2016-09-26,GAS,35390,34670,35140,35390,34208.71875,261700,9261563000
2016-09-27,GAS,35820,35190,35390,35820,34608.234375,318780,11418699600
2016-09-28,GAS,36160,35660,35660,36160,34957.8046875,459890,16629622400
2016-09-29,GAS,38340,37200,37200,37820,36555.890625,456820,17276932400
2016-09-30,GAS,38130,36680,38080,36680,35449.6484375,343210,12588942800
2016-10-03,GAS,37200,36680,36790,36940,35701.0625,125030,4618608200
2016-10-04,GAS,37450,36420,36940,36990,35751.3515625,157860,5839241400
2016-10-05,GAS,37560,36990,36990,37250,36002.76953125,116800,4350800000
2016-10-06,GAS,37560,36680,37450,36680,35449.6484375,86330,3166584400
2016-10-07,GAS,37360,36680,37360,36890,35650.7890625,109370,4034659300
2016-10-10,GAS,36890,35110,36890,35110,33941.15234375,128380,4507421800
2016-10-11,GAS,37450,35530,36040,37450,36203.89453125,291730,10925288500
2016-10-12,GAS,37450,36420,37450,36680,35449.6484375,146820,5385357600
2016-10-13,GAS,36940,35900,35900,36940,35701.0625,96960,3581702400
2016-10-14,GAS,37360,36830,37040,36830,35600.50390625,76660,2823387800
2016-10-17,GAS,36830,35900,36830,36150,34946.82421875,119640,4324986000
2016-10-18,GAS,36310,35480,36150,35650,34443.98828125,128270,4572825500
2016-10-19,GAS,36150,35690,35900,35950,34745.6875,90290,3245925500
2016-10-20,GAS,36310,35900,36310,35900,34695.40625,144580,5190422000
2016-10-21,GAS,35900,35440,35650,35900,34695.40625,186160,6683144000
2016-10-24,GAS,35840,35440,35440,35440,34242.859375,112040,3970697600
2016-10-25,GAS,35650,34900,35370,35530,34343.41796875,187330,6655834900
2016-10-26,GAS,35530,35220,35330,35220,34041.71875,143550,5055831000
2016-10-27,GAS,35370,34970,35220,35270,34092.0078125,128110,4518439700
2016-10-28,GAS,35480,35110,35110,35370,34192.57421875,117960,4172245200
2016-10-31,GAS,35370,34330,35370,34330,33186.9140625,297550,10214891500
2016-11-01,GAS,34750,33970,34070,34600,33438.328125,285650,9883490000
2016-11-02,GAS,34750,34190,34600,34280,33136.625,140040,4800571200
2016-11-03,GAS,34230,33090,34230,33970,32834.92578125,224930,7640872100
2016-11-04,GAS,34190,33760,34190,34190,33036.0625,92300,3155737000
2016-11-07,GAS,35010,33820,34190,35010,33840.58984375,152080,5324320800
2016-11-08,GAS,35270,34970,35270,35220,34041.71875,157360,5542219200
2016-11-09,GAS,35220,33290,34330,34900,33740.0234375,239570,8360993000
2016-11-10,GAS,35650,34900,34900,35370,34192.57421875,244160,8635939200
2016-11-11,GAS,35900,35370,35370,35440,34242.859375,31690,1123093600
2016-11-14,GAS,35370,34750,35370,34860,33689.7421875,89780,3129730800
2016-11-15,GAS,35060,34650,34860,34970,33790.3125,92810,3245565700
2016-11-16,GAS,35530,34900,35330,35010,33840.58984375,125530,4394805300
2016-11-17,GAS,35110,34970,35110,34970,33790.3125,73200,2559804000
2016-11-18,GAS,35010,34860,34860,34970,33790.3125,78920,2759832400
2016-11-21,GAS,35060,34970,34970,35010,33840.58984375,70110,2454551100
2016-11-22,GAS,36150,35370,35370,35740,34544.55078125,93310,3334899400
2016-11-23,GAS,36000,35650,35740,35690,34494.26953125,59900,2137831000
2016-11-24,GAS,35690,35370,35480,35480,34293.1328125,47110,1671462800
2016-11-25,GAS,35480,35110,35370,35370,34192.57421875,126720,4482086400
2016-11-28,GAS,35440,35110,35370,35370,34192.57421875,156290,5527977300
2016-11-29,GAS,35370,33560,34710,33560,32432.66015625,165130,5541762800
2016-11-30,GAS,33560,32780,33560,33260,32130.966796875,197670,6574504200
2016-12-01,GAS,35530,35370,35530,35530,34343.41796875,355160,12618834800
2016-12-02,GAS,36040,35110,35900,35330,34142.2890625,125390,4430028700
2016-12-05,GAS,35220,34330,34970,34600,33438.328125,43400,1501640000
2016-12-06,GAS,34860,33290,34860,34800,33639.4609375,141330,4918284000
2016-12-07,GAS,34710,33820,33970,33970,32834.92578125,50640,1720240800
2016-12-08,GAS,34070,33260,33290,33820,32684.076171875,109720,3710730400
2016-12-09,GAS,34330,33290,34070,34330,33186.9140625,177470,6092545100
2016-12-12,GAS,35530,34330,34800,34330,33186.9140625,171330,5881758900
2016-12-13,GAS,34860,33560,34860,33820,32684.076171875,123920,4190974400
2016-12-14,GAS,34070,33350,33350,33820,32684.076171875,68590,2319713800
2016-12-15,GAS,33820,33260,33820,33500,32382.375,114660,3841110000
2016-12-16,GAS,33760,33040,33760,33400,32281.806640625,111530,3725102000
2016-12-19,GAS,34070,33560,34070,33760,32633.80078125,89160,3010041600
2016-12-20,GAS,33820,33040,33760,33090,31980.119140625,128610,4255704900
2016-12-21,GAS,33920,33350,33500,33820,32684.076171875,148590,5025313800
2016-12-22,GAS,34410,34080,34240,34240,33101.1015625,74520,2551564800
2016-12-23,GAS,34300,33440,34240,33440,32319.1796875,91970,3075476800
2016-12-26,GAS,33980,32950,33980,32950,31850.0390625,33570,1106131500
2016-12-27,GAS,33110,30700,32900,32350,31276.62890625,122290,3956081500
2016-12-28,GAS,32619,32140,32350,32299,31224.50390625,199190,6433637810
2016-12-29,GAS,32420,32200,32299,32200,31120.24609375,158240,5095328000
2016-12-30,GAS,32790,32200,32200,32689,31589.38671875,63220,2066598580
2017-01-03,GAS,32900,32299,32900,32420,31328.75,119390,3870623800
2017-01-04,GAS,33330,32299,32350,33170,32058.541015625,144060,4778470200
2017-01-05,GAS,33330,32900,33330,33170,32058.541015625,30860,1023626200
2017-01-06,GAS,33170,32580,33170,32580,31485.134765625,73420,2392023600
2017-01-09,GAS,33000,32350,32580,32619,31537.26953125,210470,6865320930
2017-01-10,GAS,32790,32259,32790,32350,31276.62890625,145150,4695602500
2017-01-11,GAS,32619,32350,32350,32580,31485.134765625,52950,1725111000
2017-01-12,GAS,32850,32470,32619,32619,31537.26953125,35960,1172979240
2017-01-13,GAS,32790,32140,32619,32140,31068.123046875,172210,5534829400
2017-01-16,GAS,32140,31110,32140,31280,30234.07421875,292540,9150651200
2017-01-17,GAS,31280,30520,31070,30580,29556.41015625,274310,8388399800
2017-01-18,GAS,31070,30580,30580,30960,29921.306640625,250630,7759504800
2017-01-19,GAS,30960,30730,30730,30960,29921.306640625,48270,1494439200
2017-01-20,GAS,31380,30730,30960,31340,30286.197265625,88440,2771709600
2017-01-23,GAS,31550,30730,31340,31550,30494.71484375,143830,4537836500
2017-01-24,GAS,32580,31550,31820,32350,31276.62890625,158760,5135886000
2017-01-25,GAS,32420,32100,32350,32420,31328.75,190060,6161745200
2017-02-02,GAS,32900,32520,32520,32619,31328.75,102440,3341490360
2017-02-03,GAS,32619,31930,32619,32100,31015.986328125,174630,5605623000
2017-02-06,GAS,32900,31710,32100,32350,31276.62890625,415830,13452100500
2017-02-07,GAS,32619,32259,32350,32350,31276.62890625,230780,7465733000
2017-02-08,GAS,32350,31880,32350,31880,30807.474609375,118350,3772998000
2017-02-09,GAS,31550,30640,30730,31280,30234.07421875,2471360,77304140800
2017-02-10,GAS,32100,31230,31280,31820,30755.353515625,774350,24639817000
2017-02-13,GAS,32040,31710,31820,31880,30807.474609375,646920,20623809600
2017-02-14,GAS,32100,31550,31820,31880,30807.474609375,1178960,37585244800
2017-02-15,GAS,31930,31660,31930,31880,30807.474609375,943370,30074635600
2017-02-16,GAS,32350,31710,31820,31980,30911.732421875,1044840,33413983200
2017-02-17,GAS,32140,31710,32040,31760,30703.22265625,507400,16115024000
2017-02-20,GAS,31930,31450,31760,31820,30755.353515625,545730,17365128600
2017-02-21,GAS,32580,31760,31820,32200,31120.24609375,1564800,50386560000
2017-02-22,GAS,33440,32520,32520,33440,32319.1796875,2022590,67635409600
2017-02-23,GAS,34200,33490,33660,33980,32840.45703125,1381370,46938952600
2017-02-24,GAS,34040,33270,33980,33270,32162.80078125,749570,24938193900
2017-02-27,GAS,33380,32740,33070,33380,32267.056640625,868170,28979514600
2017-02-28,GAS,33590,32520,33440,32520,31433.01171875,665120,21629702400
2017-03-01,GAS,32580,31660,32580,31760,30703.22265625,1311380,41649428800
2017-03-02,GAS,32100,31280,32040,31280,30234.07421875,926350,28976228000
2017-03-03,GAS,31760,31020,31280,31610,30546.83984375,487640,15414300400
2017-03-06,GAS,31820,31380,31550,31380,30338.328125,672260,21095518800
2017-03-07,GAS,31450,31020,31280,31380,30338.328125,979520,30737337600
2017-03-08,GAS,31500,31070,31500,31180,30129.818359375,434580,13550204400
2017-03-09,GAS,30960,30640,30960,30640,29608.5390625,1168640,35807129600
2017-03-10,GAS,30520,29880,30520,30090,29087.26171875,1316700,39619503000
2017-03-13,GAS,29990,29080,29660,29500,28513.859375,869240,25642580000
2017-03-14,GAS,30420,29500,29500,29660,28670.244140625,607090,18006289400
2017-03-15,GAS,30040,29560,29660,29660,28670.244140625,684900,20314134000
2017-03-16,GAS,30210,29830,30210,29990,28983.0078125,566040,16975539600
2017-03-17,GAS,29990,29660,29930,29660,28670.244140625,562130,16672775800
2017-03-20,GAS,29830,29560,29660,29560,28565.984375,604570,17871089200
2017-03-21,GAS,29830,29340,29660,29340,28357.478515625,503250,14765355000
2017-03-22,GAS,29340,28590,29230,28590,27627.681640625,1255270,35888169300
2017-03-23,GAS,29230,28590,28590,28700,27731.947265625,971180,27872866000
2017-03-24,GAS,29400,28800,28800,29400,28409.6015625,516030,15171282000
2017-03-27,GAS,29340,28960,29280,29130,28148.962890625,555010,16167441300
2017-03-28,GAS,29130,28850,29130,28910,27940.455078125,319850,9246863500
2017-03-29,GAS,29450,28910,29180,29010,28044.712890625,552250,16020772500
2017-03-30,GAS,29500,29130,29130,29340,28357.478515625,362230,10627828200
2017-03-31,GAS,29830,29450,29660,29660,28670.244140625,532050,15780603000
2017-04-03,GAS,29830,29400,29560,29500,28513.859375,428240,12633080000
2017-04-04,GAS,29660,29130,29660,29280,28305.3515625,551270,16141185600
2017-04-05,GAS,29730,29400,29660,29560,28565.984375,535710,15835587600
2017-04-07,GAS,30860,29730,29830,30860,29817.048828125,1555420,48000261200
2017-04-10,GAS,31390,30960,31390,31070,30028.146484375,485730,15091631100
2017-04-11,GAS,31390,30730,31120,31020,29975.369140625,718510,22288180200
2017-04-12,GAS,31120,30250,31120,30250,29236.546875,733350,22183837500
2017-04-13,GAS,30800,29660,30800,29870,28867.130859375,678760,20274561200
2017-04-14,GAS,30040,29210,30040,29430,28444.939453125,568130,16720065900
2017-04-17,GAS,30080,29320,29590,29480,28497.7109375,463270,13657199600
2017-04-18,GAS,30130,29480,29540,30080,29078.22265625,457560,13763404800
2017-04-19,GAS,30250,29870,30130,30040,29025.451171875,247430,7432797200
2017-04-20,GAS,29710,29480,29710,29480,28497.7109375,405730,11960920400
2017-04-21,GAS,29710,29270,29430,29270,28286.62109375,256750,7515072500
2017-04-24,GAS,29750,29150,29270,29540,28550.484375,361260,10671620400
2017-04-25,GAS,29590,29320,29480,29320,28339.392578125,110460,3238687200
2017-04-26,GAS,29750,29270,29370,29750,28761.58203125,334940,9964465000
2017-04-27,GAS,30570,29710,29750,30470,29447.638671875,1008680,30734479600
2017-04-28,GAS,30570,29750,30360,30310,29447.638671875,498570,15111656700
2017-05-03,GAS,30360,29970,30040,30130,29130.9921875,651080,19617040400
2017-05-04,GAS,30130,29910,30040,30130,29130.9921875,623850,18796600500
2017-05-05,GAS,29970,29710,29750,29810,28814.357421875,238870,7120714700
2017-05-08,GAS,30200,29810,29810,30040,29025.451171875,402680,12096507200
2017-05-09,GAS,30420,29910,29970,30360,29342.09375,561550,17048658000
2017-05-10,GAS,30570,30040,30520,30040,29025.451171875,296500,8906860000
2017-05-11,GAS,30310,29970,30310,30080,29078.22265625,125850,3785568000
2017-05-12,GAS,30200,29710,30200,29750,28761.58203125,260390,7746602500
2017-05-15,GAS,29750,29480,29750,29540,28550.484375,360800,10658032000
2017-05-16,GAS,29910,29750,29910,29810,28814.357421875,198540,5918477400
2017-05-17,GAS,29870,29480,29870,29710,28708.810546875,176600,5246786000
2017-05-18,GAS,30080,29590,29710,29870,28867.130859375,461480,13784407600
2017-05-19,GAS,30800,30040,30040,30520,29500.412109375,1110510,33892765200
2017-05-22,GAS,31890,31070,31120,31720,30661.427734375,1581550,50166766000
2017-05-23,GAS,31940,31340,31720,31340,30292.01953125,469660,14719144400
2017-05-24,GAS,31390,30900,31340,31180,30133.689453125,472380,14728808400
2017-05-25,GAS,32000,31340,31660,31720,30661.427734375,940320,29826950400
2017-05-26,GAS,31560,31020,31180,31020,29975.369140625,595270,18465275400
2017-05-29,GAS,31840,31020,31120,31660,30608.658203125,639880,20258600800
2017-05-30,GAS,31720,30900,31660,30900,29869.828125,408770,12630993000
2017-05-31,GAS,31120,30310,31120,30360,29342.09375,391640,11890190400
2017-06-01,GAS,30520,30200,30310,30420,29394.869140625,412340,12543382800
2017-06-02,GAS,30470,29750,30470,29810,28814.357421875,944820,28165084200
2017-06-05,GAS,30200,29710,29810,30130,29130.9921875,245020,7382452600
2017-06-06,GAS,30250,30040,30130,30250,29236.546875,314000,9498500000
2017-06-07,GAS,30690,30130,30130,30310,29289.31640625,631150,19130156500
2017-06-08,GAS,30520,29540,29970,30310,29289.31640625,404080,12247664800
2017-06-09,GAS,30310,29870,30310,29970,28972.681640625,279320,8371220400
2017-06-12,GAS,30470,29910,29970,30130,29130.9921875,362400,10919112000
2017-06-13,GAS,30690,30040,30130,30690,29658.736328125,444780,13650298200
2017-06-14,GAS,31500,30730,30730,31390,30344.79296875,1090870,34242409300
2017-06-15,GAS,31340,30860,31120,31070,30028.146484375,457380,14210796600
2017-06-16,GAS,31660,31070,31070,31390,30344.79296875,613830,19268123700
2017-06-19,GAS,31940,31560,31940,31780,30714.20703125,1080490,34337972200
2017-06-20,GAS,31890,31620,31720,31720,30661.427734375,711980,22584005600
2017-06-21,GAS,31660,31120,31500,31500,30450.33203125,738120,23250780000
2017-06-22,GAS,31500,30960,31390,31120,30080.923828125,686630,21367925600
2017-06-23,GAS,31180,30570,31120,30960,29922.59765625,360190,11151482400
2017-06-26,GAS,31240,30960,31120,31120,30080.923828125,209750,6527420000
2017-06-27,GAS,31840,31120,31240,31340,30292.01953125,577840,18109505600
2017-06-28,GAS,31890,31390,31560,31790,30775.40625,516800,16429072000
2017-06-29,GAS,31890,31670,31670,31790,30775.40625,549030,17453663700
2017-06-30,GAS,32680,31890,31950,32330,31312.4921875,1282490,41462901700
2017-07-03,GAS,33110,32290,32570,33070,32010.71484375,868690,28727578300
2017-07-04,GAS,32900,32170,32780,32729,31688.4609375,394690,12917809010
2017-07-05,GAS,33390,32680,32729,33340,32279.2578125,1598410,53290989400
2017-07-06,GAS,33730,33110,33340,33670,32601.51171875,719680,24231625600
2017-07-07,GAS,33780,33270,33670,33670,32601.51171875,728970,24544419900
2017-07-10,GAS,33730,33110,33560,33450,32386.671875,1071320,35835654000
2017-07-11,GAS,33560,32950,33390,33340,32279.2578125,458340,15281055600
2017-07-12,GAS,34950,33390,33500,34670,33568.28125,1483860,51445426200
2017-07-13,GAS,35500,34550,34790,35050,33568.28125,882290,30924264500
2017-07-14,GAS,35660,34950,35220,35220,34105.37109375,750170,26420987400
2017-07-17,GAS,35340,34280,35340,34450,33353.4375,723250,24915962500
2017-07-18,GAS,34450,33620,33940,33670,32601.51171875,509580,17157558600
2017-07-19,GAS,34890,33850,33850,34790,33675.69140625,687010,23901077900
2017-07-20,GAS,34890,33670,34670,34390,33299.73046875,253890,8731277100
2017-07-21,GAS,34950,33270,34950,33270,32225.55078125,462650,15392365500
2017-07-24,GAS,33560,32170,32400,33070,32010.71484375,772050,25531693500
2017-07-25,GAS,33850,32619,32619,33560,32494.09765625,284880,9560572800
2017-07-26,GAS,34280,33780,34110,34010,32923.765625,332530,11309345300
2017-07-27,GAS,34010,33340,33670,33620,32547.80078125,350280,11776413600
2017-07-28,GAS,34110,33620,33620,34110,33031.18359375,338940,11561243400
2017-07-31,GAS,34950,34110,34330,34720,33621.9921875,513860,17841219200
2017-08-01,GAS,35610,34670,34720,35610,34481.3359375,811680,28903924800
2017-08-02,GAS,35840,34840,35270,35390,34266.50390625,580980,20560882200
2017-08-03,GAS,35610,35050,35110,35390,34266.50390625,465420,16471213800
2017-08-04,GAS,35390,34890,35390,34950,33836.82421875,576960,20164752000
2017-08-07,GAS,35950,34720,34950,35560,34427.6328125,635240,22589134400
2017-08-08,GAS,36050,35500,35780,35780,34642.4609375,516540,18481801200
2017-08-09,GAS,35780,34670,35560,35180,34051.6640625,458730,16138121400
2017-08-10,GAS,35340,34670,35010,34950,33836.82421875,272390,9520030500
2017-08-11,GAS,35220,33900,34790,34010,32923.765625,498850,16965888500
2017-08-14,GAS,34390,33850,34010,34280,33192.3125,149840,5136515200
2017-08-15,GAS,34330,33670,34330,33730,32655.21875,294210,9923703300
2017-08-16,GAS,34550,33560,33780,34550,33460.859375,187980,6494709000
2017-08-17,GAS,34550,33850,34170,33850,32762.63671875,169350,5732497500
2017-08-18,GAS,33940,33340,33340,33780,32708.9296875,155160,5241304800
2017-08-21,GAS,34110,33780,33850,33900,32816.3515625,126800,4298520000
2017-08-22,GAS,34010,33620,33900,33670,32601.51171875,253080,8521203600
2017-08-23,GAS,33850,33620,33670,33850,32762.63671875,105000,3554250000
2017-08-24,GAS,34330,33850,33850,34070,32977.4765625,239980,8176118600
2017-08-25,GAS,34500,34010,34070,34070,32977.4765625,189640,6461034800
2017-08-28,GAS,35010,34070,34070,34950,33836.82421875,582890,20372005500
2017-08-29,GAS,34950,34450,34670,34720,33621.9921875,293560,10192403200
2017-08-30,GAS,34950,34390,34720,34720,33621.9921875,285860,9925059200
2017-08-31,GAS,34890,34390,34720,34720,33621.9921875,222080,7710617600
2017-09-01,GAS,35610,34890,34890,35220,34105.37109375,755320,26602370400
2017-09-05,GAS,36330,35220,35340,35890,34749.87890625,604870,21708784300
2017-09-06,GAS,36440,35890,36000,36120,34964.7265625,557740,20145568800
2017-09-07,GAS,37490,36050,36120,36830,35662.9375,1045650,38511289500
2017-09-08,GAS,37770,36830,36830,37330,36146.32421875,1176330,43912398900
2017-09-11,GAS,37330,36330,37330,36610,35448.109375,726030,26579958300
2017-09-12,GAS,36720,36280,36390,36610,35448.109375,551400,20186754000
2017-09-13,GAS,37170,36610,36720,36950,35770.35546875,401930,14851313500
2017-09-14,GAS,39500,37170,37170,38270,37059.37890625,935560,35803881200
2017-09-15,GAS,39000,38270,38840,38560,37331.875,450920,17387475200
2017-09-18,GAS,38780,38230,38780,38510,37277.375,430400,16574704000
2017-09-19,GAS,38610,38050,38560,38170,36950.3828125,725660,27698442200
2017-09-20,GAS,38170,37210,37710,38170,36950.3828125,593650,22659620500
2017-09-21,GAS,38270,37550,37830,38270,37059.37890625,300880,11514677600
2017-09-22,GAS,38780,38000,38000,38560,37331.875,405840,15649190400
2017-09-25,GAS,38720,38270,38560,38560,37331.875,125620,4843907200
2017-09-26,GAS,39390,38720,38720,39120,37876.8671875,633130,24768045600
2017-09-27,GAS,39970,38890,39060,39800,38530.85546875,526360,20949128000
2017-09-28,GAS,40240,39520,39520,39800,38530.85546875,497770,19811246000
2017-09-29,GAS,39800,38890,39520,38890,37658.87109375,348210,13541886900
2017-10-02,GAS,39520,38890,38890,39120,37876.8671875,442170,17297690400
2017-10-03,GAS,39180,38510,39120,38720,37495.37109375,267850,10371152000
2017-10-04,GAS,39120,38390,38720,39120,37876.8671875,440790,17243704800
2017-10-05,GAS,39230,38270,39120,38270,37059.37890625,864180,33072168600
2017-10-06,GAS,38270,38050,38270,38170,36950.3828125,527450,20132766500
2017-10-09,GAS,38560,37830,38050,38000,36786.88671875,375540,14270520000
2017-10-10,GAS,38000,37650,38000,37760,36568.8828125,692210,26137849600
2017-10-11,GAS,38560,38100,38170,38390,37168.375,580150,22271958500
2017-10-12,GAS,38950,38270,38560,38780,37549.87109375,718730,27872349400
2017-10-13,GAS,39570,38560,38560,39390,38149.35546875,1256910,49509684900
2017-10-16,GAS,39970,38950,39520,39060,37822.3671875,549810,21475578600
2017-10-17,GAS,39290,38780,39120,39060,37822.3671875,310840,12141410400
2017-10-18,GAS,39910,38840,39120,39120,37876.8671875,617790,24167944800
2017-10-19,GAS,39800,39120,39120,39570,38312.85546875,634880,25122201600
2017-10-20,GAS,40410,39390,39390,39800,38530.85546875,642160,25557968000
2017-10-23,GAS,39970,38330,39840,38330,37113.87890625,626330,24007228900
2017-10-24,GAS,39230,38000,38170,39230,37985.859375,704810,27649696300
2017-10-25,GAS,39520,38950,39180,39290,38040.36328125,455400,17892666000
2017-10-26,GAS,39350,38560,39230,38610,37386.37890625,519670,20064458700
2017-10-27,GAS,39000,38230,38610,39000,37767.86328125,273010,10647390000
2017-10-30,GAS,41550,39520,39520,41030,39729.83984375,2168000,88953040000
2017-10-31,GAS,41600,40240,41030,40240,38966.84375,927460,37320990400
2017-11-01,GAS,41270,40530,40920,41090,39784.33984375,838420,34450677800
2017-11-02,GAS,41550,40410,41270,40870,39566.3359375,735730,30069285100
2017-11-03,GAS,41370,40750,40870,41370,40056.82421875,571850,23657434500
2017-11-06,GAS,42510,41550,41650,42220,40874.31640625,499030,21069046600
2017-11-07,GAS,43000,42040,42890,42040,40710.8203125,649940,27323477600
2017-11-08,GAS,43350,42160,42160,43120,41746.30078125,693240,29892508800
2017-11-09,GAS,43350,42670,42780,43230,41855.30078125,545450,23579803500
2017-11-10,GAS,43390,42780,43230,43230,41855.30078125,522740,22598050200
2017-11-13,GAS,44750,42950,43230,44750,43326.7734375,678800,30376300000
2017-11-14,GAS,45370,44180,44970,45030,43599.26953125,491250,22120987500
2017-11-15,GAS,44860,44180,44480,44860,43435.7734375,449990,20186551400
2017-11-16,GAS,45090,44340,44580,44970,43544.7734375,524770,23598906900
2017-11-17,GAS,45200,44310,44970,44690,43272.27734375,621920,27793604800
2017-11-20,GAS,46410,44860,45140,46000,44596.93359375,520030,23921380000
2017-11-21,GAS,47260,45550,45840,46110,44707.328125,747040,34446014400
2017-11-22,GAS,47770,46460,46700,47080,45645.62890625,529790,24942513200
2017-11-23,GAS,47770,45660,47700,45890,44486.55078125,669620,30728861800
2017-11-24,GAS,46110,45440,46110,45660,44265.76953125,635060,28996839600
2017-11-27,GAS,46860,45660,45840,46170,44762.515625,694900,32083533000
2017-11-28,GAS,46410,45440,46230,45440,44044.99609375,519350,23599264000
2017-11-29,GAS,45840,44810,45840,45440,44044.99609375,726350,33005344000
2017-11-30,GAS,46860,45090,45320,45370,43989.8046875,659280,29911533600
2017-12-01,GAS,46700,45890,46110,46570,45148.87890625,524060,24405474200
2017-12-04,GAS,47200,46230,47200,46340,44928.10546875,792790,36737888600
2017-12-05,GAS,48220,46230,46230,47080,45645.62890625,1289420,60705893600
2017-12-06,GAS,47770,46570,47260,47430,45976.79296875,699210,33163530300
2017-12-07,GAS,48900,47300,47300,48400,46915.09765625,887140,42937576000
2017-12-08,GAS,49250,48000,48680,48800,47301.45703125,720080,35139904000
2017-12-11,GAS,48850,47260,48110,47370,45921.59765625,829330,39285362100
2017-12-12,GAS,49530,46510,47830,49530,48018.98046875,1353460,67036873800
2017-12-13,GAS,50320,49180,49820,49300,47798.19921875,972050,47922065000
2017-12-14,GAS,49300,48680,49300,48850,47356.65234375,940650,45950752500
2017-12-15,GAS,49590,48850,48850,49530,48018.98046875,334350,16560355500
2017-12-18,GAS,52660,50100,50100,52660,51054.65625,938560,49424569600
2017-12-19,GAS,52960,51460,52150,51460,49895.578125,775800,39922668000
2017-12-20,GAS,54090,51460,51460,52430,50833.88671875,833650,43708269500
2017-12-21,GAS,53970,52430,52660,52610,50999.47265625,665130,34992489300
2017-12-22,GAS,53410,52100,52720,53000,51385.82421875,358360,18993080000
2017-12-25,GAS,53850,52960,53000,53680,52048.16796875,313930,16851762400
2017-12-26,GAS,55520,54030,54310,55520,53814.3671875,607330,33718961600
2017-12-27,GAS,56940,55790,56940,56250,54531.8984375,669700,37670625000
2017-12-28,GAS,56480,55060,56250,56190,54476.703125,543780,30554998200
2017-12-29,GAS,56420,55390,56420,55450,53759.16796875,721960,40032682000
2018-01-02,GAS,55910,53510,55230,54260,52600.09375,1418300,76956958000
2018-01-03,GAS,55680,54090,54660,55450,53759.16796875,755420,41888039000
2018-01-04,GAS,58070,55790,55790,58070,56298.11328125,977010,56734970700
2018-01-05,GAS,58920,56940,58410,57160,55415.0,829840,47433654400
2018-01-08,GAS,58010,56360,56940,57160,55415.0,730170,41736517200
2018-01-09,GAS,58870,57160,58070,58070,56298.11328125,778170,45188331900
2018-01-10,GAS,59770,58530,59210,58640,56850.0546875,904540,53042225600
2018-01-11,GAS,59210,57560,58920,58750,56960.44140625,697400,40972250000
2018-01-12,GAS,58980,56940,57210,57210,55470.1953125,1049410,60036746100
2018-01-15,GAS,58180,56130,57210,58180,56408.49609375,968320,56336857600
2018-01-16,GAS,59150,57960,58920,58920,57126.0234375,1138380,67073349600
2018-01-17,GAS,59330,56880,56880,56880,55139.03515625,1016930,57842978400
2018-01-18,GAS,56990,55110,56360,56990,55249.421875,1015250,57859097500
2018-01-19,GAS,57500,56360,56880,56360,54642.2890625,724530,40834510800
2018-01-22,GAS,60300,55790,56360,60300,54642.2890625,1812130,109271439000
2018-01-25,GAS,64510,63190,64040,64510,62535.0625,1156390,74598718900
2018-01-26,GAS,68320,63760,67640,66270,64246.08984375,2222720,147299654400
2018-01-29,GAS,67690,65470,67690,65980,63970.109375,929870,61352822600
2018-01-30,GAS,66490,64040,64900,66320,64301.28125,1171560,77697859200
2018-01-31,GAS,70940,64900,65470,70940,68772.0078125,2286340,162192959600
2018-02-01,GAS,70940,67740,70940,69570,67447.359375,1183240,82318006800
2018-02-02,GAS,70600,68320,69570,68880,66785.015625,561430,38671298400
2018-02-05,GAS,68210,64099,67250,64099,62148.6953125,1082160,69365373840
2018-02-06,GAS,62330,59670,59670,59670,57843.55078125,1054820,62941109400
2018-02-07,GAS,63650,60750,61440,62630,60713.65234375,708130,44350181900
2018-02-08,GAS,61440,59210,59770,59210,57402.0078125,684310,40517995100
2018-02-09,GAS,56940,55110,55110,55110,53428.01953125,1146710,63195188100
2018-02-12,GAS,58920,54200,54200,58920,57126.0234375,1341740,79055320800
2018-02-13,GAS,62060,59940,59940,61480,59609.7734375,541220,33274205600
2018-02-21,GAS,64790,62000,62630,63760,61817.54296875,553510,35291797600
2018-02-22,GAS,62790,60350,62630,60350,58505.8828125,605460,36539511000
2018-02-23,GAS,63480,61030,62060,63190,61265.6015625,748160,47276230400
2018-02-26,GAS,67180,63480,63480,64330,62369.4765625,845250,54374932500
2018-02-27,GAS,66040,64099,66040,64620,62645.44921875,608620,39329024400
2018-02-28,GAS,65019,63480,64040,64849,62645.44921875,721370,46780123130
2018-03-01,GAS,66840,63760,64330,66040,64025.29296875,875090,57790943600
2018-03-02,GAS,67180,64900,64900,66610,64577.24609375,923410,61508340100
2018-03-05,GAS,68500,63760,67740,63760,61817.54296875,822020,52411995200
2018-03-06,GAS,66730,64330,65470,66610,64577.24609375,806110,53694987100
2018-03-07,GAS,67070,63480,66610,65360,63362.98046875,718330,46950048800
2018-03-08,GAS,66560,64390,64390,65250,63252.5859375,301630,19681357500
2018-03-09,GAS,65760,63760,65360,63760,61817.54296875,606610,38677453600
2018-03-12,GAS,66490,64900,66040,66150,64135.6953125,504770,33390535500
2018-03-13,GAS,66150,64849,66150,65470,63473.359375,218290,14291446300
2018-03-14,GAS,67460,65250,65470,67290,65239.57421875,816130,54917387700
2018-03-15,GAS,68880,66040,66610,68880,66785.015625,577980,39811262400
2018-03-16,GAS,72870,68210,68880,72870,70648.609375,1231950,89772196500
2018-03-19,GAS,73730,72020,72310,73170,70924.5859375,727400,53223858000
2018-03-20,GAS,73450,71740,72020,71740,69544.7421875,619750,44460865000
2018-03-21,GAS,73780,72020,72870,72410,70207.046875,621450,44999194500
2018-03-22,GAS,76800,73340,73900,76170,73849.875,898250,68419702500
2018-03-23,GAS,75150,73170,73730,74530,72249.25,722160,53822584800
2018-03-26,GAS,77320,73780,74010,73780,71531.7265625,960430,70860525400
2018-03-27,GAS,75730,71620,75150,72190,69986.28125,854590,61692852100
2018-03-28,GAS,72590,71450,72240,72310,70096.6796875,420920,30436725200
2018-03-29,GAS,72410,71450,72310,72020,69820.6953125,254020,18294520400
2018-03-30,GAS,74970,72020,72310,74800,72525.2109375,606010,45329548000
2018-04-02,GAS,77660,74970,75150,77490,75119.34375,811810,62907156900
2018-04-03,GAS,77490,75730,77490,75730,73408.328125,738610,55934935300
2018-04-04,GAS,76870,73450,76800,74010,71752.5,851340,63007673400
2018-04-05,GAS,74590,72070,74010,73960,71697.3125,1029020,76106319200
2018-04-06,GAS,75660,73170,74010,73900,71642.1171875,327230,24182297000
2018-04-09,GAS,74590,72870,72930,73900,71642.1171875,419850,31026915000
2018-04-10,GAS,74870,73730,74010,73730,71476.5234375,594310,43818476300
2018-04-11,GAS,75440,72020,74870,72020,69820.6953125,819030,58986540600
2018-04-12,GAS,74300,71740,72870,74300,72028.46875,791540,58811422000
2018-04-13,GAS,75150,71740,75150,72870,70648.609375,410160,29888359200
2018-04-16,GAS,73730,71840,73730,72480,70262.25,379940,27538051200
2018-04-17,GAS,73210,70600,72310,72870,70648.609375,646850,47135959500
2018-04-18,GAS,73840,72370,73550,73620,71366.1328125,804260,59209621200
2018-04-19,GAS,75260,72930,74460,73620,71366.1328125,1152430,84841896600
2018-04-20,GAS,76300,72990,72990,76300,73960.2578125,947250,72275175000
2018-04-23,GAS,77430,70990,76120,70990,68827.203125,925000,65665750000
2018-04-24,GAS,73730,67180,70990,73340,71090.1640625,642240,47101881600
2018-04-26,GAS,73730,68210,73380,68210,66122.6875,1075280,73344848800
2018-04-27,GAS,68150,63480,66040,63480,61541.56640625,953420,60523101600
2018-05-02,GAS,61480,59040,59770,59040,57236.421875,284180,16777987200
2018-05-03,GAS,56940,54940,54940,54940,53262.4296875,1512540,83098947600
2018-05-04,GAS,57960,55000,55790,55790,54090.33984375,686180,38281982200
2018-05-07,GAS,58920,56190,57500,58920,57126.0234375,426370,25121720400
2018-05-08,GAS,60350,58070,58920,58640,56850.0546875,798500,46824040000
2018-05-09,GAS,62500,58920,59210,61200,59333.796875,820800,50232960000
2018-05-10,GAS,64040,59770,62690,59770,57953.9375,879660,52577278200
2018-05-11,GAS,63250,58350,59770,63250,61320.7890625,810690,51276142500
2018-05-14,GAS,67180,63310,63310,67180,65129.1953125,617860,41507834800
2018-05-15,GAS,69170,67520,67740,67520,65460.35546875,678850,45835952000
2018-05-16,GAS,68420,66040,66040,68150,66067.4921875,606740,41349331000
2018-05-17,GAS,69460,66040,68880,66040,64025.29296875,403650,26657046000
2018-05-18,GAS,66610,62120,66040,65470,63473.359375,780910,51126177700
2018-05-21,GAS,66890,61780,66890,61780,59885.73828125,441810,27295021800
2018-05-22,GAS,62910,58180,61480,60300,58450.68359375,464230,27993069000
2018-05-23,GAS,64510,59770,60060,64510,62535.0625,600060,38709870600
2018-05-24,GAS,65530,61550,64620,64450,62479.86328125,285680,18412076000
2018-05-25,GAS,63190,59940,62630,59940,58119.52734375,479980,28770001200
2018-05-28,GAS,56940,55790,55790,55790,54090.33984375,479870,26771947300
2018-05-29,GAS,56880,51930,51930,54660,52986.46484375,1241130,67840165800
2018-05-30,GAS,54660,50850,54660,50850,49288.44140625,1176750,59837737500
2018-05-31,GAS,52960,51460,51810,51460,49895.578125,1078930,55521737800
2018-06-01,GAS,53120,52100,52380,52660,51054.65625,632800,33323248000
2018-06-04,GAS,53290,51810,52890,52550,50944.2734375,948070,49821078500
2018-06-05,GAS,56190,52320,52380,56190,54476.703125,1375130,77268554700
2018-06-06,GAS,58810,56360,57500,58590,56794.8515625,610180,35750446200
2018-06-07,GAS,58640,55230,58640,56700,54973.45703125,1220730,69215391000
2018-06-08,GAS,57500,54660,56650,55520,53814.3671875,886300,49207376000
2018-06-11,GAS,56880,54140,54660,55350,53648.7890625,430500,23828175000
2018-06-12,GAS,55110,51810,54420,52500,50889.078125,975270,51201675000
2018-06-13,GAS,55000,52960,52960,55000,53317.62890625,581410,31977550000
2018-06-14,GAS,55790,53510,55230,53510,51882.58203125,441200,23608612000
2018-06-15,GAS,54600,53510,53510,54600,52931.265625,424790,23193534000
2018-06-18,GAS,54260,51240,54090,51240,49674.8046875,804300,41212332000
2018-06-19,GAS,50950,47650,50390,49530,48018.98046875,1737920,86079177600
2018-06-20,GAS,52380,48680,50100,52380,50778.6875,590050,30906819000
2018-06-21,GAS,52380,50390,52380,50730,49178.0625,423980,21508505400
2018-06-22,GAS,52430,49530,49590,51650,50061.1640625,953560,49251374000
2018-06-25,GAS,53810,51810,53460,51810,50226.75,559460,28985622600
2018-06-26,GAS,51530,50100,50100,51240,49674.8046875,362610,18580136400
2018-06-27,GAS,52660,51240,52320,51360,49785.19140625,759500,39007920000
2018-06-28,GAS,52110,50650,51750,50830,49277.19140625,423120,21507189600
2018-06-29,GAS,51830,50070,50830,51540,49954.5390625,381860,19681064400
2018-07-02,GAS,52000,48970,50650,51460,49898.08984375,781630,40222679800
2018-07-03,GAS,51540,48330,51460,48330,46850.0078125,550270,26594549100
2018-07-04,GAS,49270,45360,48900,46290,44874.41015625,866710,40120005900
2018-07-05,GAS,46880,43080,46290,43080,41769.890625,625240,26935339200
2018-07-06,GAS,46060,40760,42510,46060,44648.625,744380,34286142800
2018-07-09,GAS,48800,46290,46290,46290,44874.41015625,499120,23104264800
2018-07-10,GAS,48330,46570,46880,46570,45156.640625,552090,25710831300
2018-07-11,GAS,46570,44320,45420,45290,43914.83203125,616210,27908150900
2018-07-12,GAS,46520,44320,44530,46000,44592.17578125,237010,10902460000
2018-07-13,GAS,47740,46000,46000,47630,46172.66015625,416710,19847897300
2018-07-16,GAS,48030,46700,47740,47280,45833.99609375,219390,10372759200
2018-07-17,GAS,46460,45420,46340,46000,44592.17578125,518690,23859740000
2018-07-18,GAS,48330,46290,46570,48330,46850.0078125,696840,33678277200
2018-07-19,GAS,49550,48500,48900,49020,47527.359375,455830,22344786600
2018-07-20,GAS,48900,47810,48900,48150,46680.6796875,545360,26259084000
2018-07-23,GAS,50120,48620,49020,49270,47753.14453125,668990,32961137300
2018-07-24,GAS,50070,47980,49440,49370,47753.14453125,406130,20050638100
2018-07-25,GAS,50300,48670,49780,48730,47245.1328125,398500,19418905000
2018-07-26,GAS,49440,47980,48970,48380,46906.45703125,318080,15388710400
2018-07-27,GAS,49780,48560,49200,49370,47866.03515625,328400,16213108000
2018-07-30,GAS,50600,48900,49660,50600,49051.390625,496190,25107214000
2018-07-31,GAS,52050,50190,50940,51110,49559.4140625,591060,30209076600
2018-08-01,GAS,52580,50710,51110,51650,50067.421875,601640,31074706000
2018-08-02,GAS,53270,51290,52000,52980,51365.6796875,638300,33817134000
2018-08-03,GAS,55550,53270,53270,54500,52833.27734375,786540,42866430000
2018-08-06,GAS,56480,54150,54970,55950,54244.4140625,795130,44487523500
2018-08-07,GAS,56190,54560,56190,54730,53059.05078125,661110,36182550300
2018-08-08,GAS,57060,55310,55370,57060,55316.875,892220,50910073200
2018-08-09,GAS,57360,55950,56770,57170,55429.78125,573240,32772130800
2018-08-10,GAS,57530,56600,57170,57470,55712.00390625,571920,32868242400
2018-08-13,GAS,59970,56710,57060,59970,58139.171875,552870,33155613900
2018-08-14,GAS,60320,58220,59970,58920,57123.15234375,399060,23512615200
2018-08-15,GAS,59390,55310,58920,55310,53623.515625,660200,36515662000
2018-08-16,GAS,55840,52400,54150,55020,53341.27734375,926520,50977130400
2018-08-17,GAS,56530,55550,56480,56010,54300.859375,245620,13757176200
2018-08-20,GAS,57240,55780,56010,57170,55429.78125,342360,19572721200
2018-08-21,GAS,57060,56070,56530,56770,55034.6484375,488840,27751446800
2018-08-22,GAS,58520,57120,57360,58220,56445.7890625,569580,33160947600
2018-08-23,GAS,59510,57700,58800,58450,56671.578125,332960,19461512000
2018-08-24,GAS,59620,58110,58110,59090,57292.484375,515530,30462667700
2018-08-27,GAS,60110,59390,59930,59520,57695.54296875,451380,26866137600
2018-08-28,GAS,60880,59220,59930,60700,58847.15234375,433220,26296454000
2018-08-29,GAS,60940,59270,60700,59930,58098.61328125,370820,22223242600
2018-08-30,GAS,62360,59390,59990,62360,60459.4140625,723510,45118083600
2018-08-31,GAS,63080,61170,62360,61170,59307.80078125,382800,23415876000
2018-09-04,GAS,61770,60410,61170,61170,59307.80078125,433000,26486610000
2018-09-05,GAS,61170,58500,60290,59460,57637.96875,508070,30209842200
2018-09-06,GAS,60290,58790,59390,59520,57695.54296875,257060,15300211200
2018-09-07,GAS,59990,58750,58910,59640,57810.703125,368200,21959448000
2018-09-10,GAS,60760,59640,59640,59870,58041.0390625,197420,11819535400
2018-09-11,GAS,61480,59390,59390,61480,59595.703125,463340,28486143200
2018-09-12,GAS,65680,61770,62360,64730,62762.62109375,1239470,80230893100
2018-09-13,GAS,66820,63370,64860,64140,62186.8203125,472370,30297811800
2018-09-14,GAS,65160,63260,63620,64140,62186.8203125,502510,32230991400
2018-09-17,GAS,65810,63670,64140,64730,62762.62109375,687310,44489576300
2018-09-18,GAS,65209,63670,64140,65090,63108.09765625,268030,17446072700
2018-09-19,GAS,67060,65930,66520,66590,64547.60546875,545150,36301538500
2018-09-20,GAS,69140,66880,67110,68890,66793.25,563350,38809181500
2018-09-21,GAS,69370,67890,68660,68840,66735.671875,461610,31777232400
2018-09-24,GAS,70090,68840,68840,69970,67829.703125,339610,23762511700
2018-09-25,GAS,71210,70090,71210,70090,67944.8671875,411900,28870071000
2018-09-26,GAS,70560,69550,70090,69550,67426.625,327570,22782493500
2018-09-27,GAS,70020,68120,69970,69620,67484.2265625,386390,26900471800
2018-09-28,GAS,70090,68710,70090,68710,66620.5,286600,19692286000
2018-10-01,GAS,71210,68790,68790,71030,68866.1484375,493290,35038388700
2018-10-02,GAS,73350,71100,71160,72170,69960.171875,515710,37218790700
2018-10-03,GAS,73050,71750,71800,72870,70651.1484375,239720,17468396400
2018-10-04,GAS,74240,73050,74240,73650,71399.6796875,227900,16784835000
2018-10-05,GAS,73410,71270,72400,71270,69096.46875,403490,28756732300
2018-10-08,GAS,70560,69010,69790,69190,67081.1640625,347700,24057363000
2018-10-09,GAS,71270,70020,71270,70860,68693.4140625,169930,12041239800
2018-10-10,GAS,71930,70860,71270,71870,69672.2734375,185290,13316792300
2018-10-11,GAS,69370,66880,67000,66880,64835.5078125,944220,63149433600
2018-10-12,GAS,71210,64140,66880,71210,69038.8984375,607890,43287846900
2018-10-15,GAS,71270,68310,70090,68310,66217.4453125,473420,32339320200
2018-10-16,GAS,70320,68240,68310,69370,67253.8984375,316710,21970172700
2018-10-17,GAS,70980,69370,70680,69550,67426.625,492070,34223468500
2018-10-18,GAS,69190,68020,68960,68020,65929.546875,242460,16492129200
2018-10-19,GAS,67590,65330,65330,66520,64490.03515625,654420,43532018400
2018-10-22,GAS,68060,66520,67110,66520,64490.03515625,341980,22748509600
2018-10-23,GAS,66520,63020,66520,64980,62992.953125,384490,24984160200
2018-10-24,GAS,64319,60470,63620,60470,58616.8359375,798130,48262921100
2018-10-25,GAS,60580,56490,57620,60470,58616.8359375,568570,34381427900
2018-10-26,GAS,61950,60470,61770,60470,58616.8359375,473890,28656128300
2018-10-29,GAS,60410,56720,60340,57620,55852.98046875,481650,27752673000
2018-10-30,GAS,59090,57150,57360,58790,57004.5859375,526490,30952347100
2018-10-31,GAS,61770,59390,59700,61770,59883.60546875,516660,31914088200
2018-11-01,GAS,61420,60160,61170,60290,58444.09375,282450,17028910500
2018-11-02,GAS,61120,59090,60160,61000,59135.0625,665140,40573540000
2018-11-05,GAS,60880,59340,60290,60760,58904.7421875,460360,27971473600
2018-11-06,GAS,62010,60340,61590,60520,58674.41796875,413030,24996575600
2018-11-07,GAS,60580,58870,59870,59270,57465.23046875,605260,35873760200
2018-11-08,GAS,60580,59460,60580,59460,57637.96875,229280,13632988800
2018-11-09,GAS,59160,56420,59160,56420,54701.37109375,681560,38453615200
2018-11-12,GAS,57840,55540,56420,57360,55622.66015625,438100,25129416000
2018-11-13,GAS,56310,55300,55470,55770,54067.98046875,438310,24444548700
2018-11-14,GAS,55540,52860,54640,53580,51937.50390625,807750,43279245000
2018-11-15,GAS,55230,53510,54580,53690,52052.67578125,612630,32892104700
2018-11-16,GAS,56420,54220,54940,56420,54701.37109375,580710,32763658200
2018-11-19,GAS,57620,56420,56420,57260,55507.49609375,516050,29549023000
2018-11-20,GAS,57550,56490,56890,57080,55334.7578125,513460,29308296800
2018-11-21,GAS,56130,55360,55830,55770,54067.98046875,734350,40954699500
2018-11-22,GAS,56670,55230,55770,55360,53664.921875,295800,16375488000
2018-11-23,GAS,55590,54700,55230,54940,53261.86328125,292670,16079289800
2018-11-26,GAS,54460,53580,53810,53940,52282.99609375,668590,36063744600
2018-11-27,GAS,54890,53630,54520,53810,52167.83203125,529980,28518223800
2018-11-28,GAS,54940,53750,53810,54350,52686.0703125,563260,30613181000
2018-11-29,GAS,54760,52920,54760,53510,51879.9296875,908960,48638449600
2018-11-30,GAS,54170,53270,53580,53940,52282.99609375,437560,23601986400
2018-12-03,GAS,57620,55360,55830,57620,55852.98046875,1357490,78218573800
2018-12-04,GAS,57920,56720,57620,57320,55565.07421875,850850,48770722000
2018-12-05,GAS,57320,56130,56720,57080,55334.7578125,576190,32888925200
2018-12-06,GAS,57550,55950,56720,56490,54758.9453125,831270,46958442300
2018-12-07,GAS,57490,56420,56420,57190,55449.9140625,936130,53537274700
2018-12-10,GAS,58790,57150,57320,58030,56256.0390625,1017190,59027535700
2018-12-11,GAS,57790,57020,57620,57080,55334.7578125,613810,35036274800
2018-12-12,GAS,57960,57080,57080,57620,55334.7578125,466030,26852648600
2018-12-13,GAS,58430,57490,57620,57660,55910.55859375,464540,26785376400
2018-12-14,GAS,58210,56720,57790,56890,55162.01171875,584180,33234000200
2018-12-17,GAS,56890,55230,56890,55230,53549.765625,805870,44508200100
2018-12-18,GAS,55540,53940,54040,55540,53837.66796875,818850,45478929000
2018-12-19,GAS,55540,53750,55540,54640,52973.95703125,802830,43866631200
2018-12-20,GAS,55540,54420,54420,55540,53837.66796875,303240,16841949600
2018-12-21,GAS,54890,54040,54640,54460,52801.21484375,208950,11379417000
2018-12-24,GAS,54220,52860,54110,52860,51246.546875,718380,37973566800
2018-12-25,GAS,51380,49600,50190,50960,49403.9765625,758570,38656727200
2018-12-26,GAS,51320,48940,50960,49290,47791.72265625,684770,33752313300
2018-12-27,GAS,52090,50960,51670,51380,49807.03515625,555700,28551866000
2018-12-28,GAS,51730,50600,51380,51440,49864.61328125,351010,18055954400
2019-01-02,GAS,51620,51140,51140,51550,49979.78515625,417520,21523156000
2019-01-03,GAS,51670,49890,51380,50300,48770.58984375,404480,20345344000
2019-01-04,GAS,50780,48940,49780,50190,48655.4296875,336550,16891444500
2019-01-07,GAS,51840,50780,51380,51250,49691.87109375,255840,13111800000
2019-01-08,GAS,52680,51250,51250,52440,50843.48046875,600270,31478158800
2019-01-09,GAS,53690,52860,53270,53400,51764.765625,515500,27527700000
2019-01-10,GAS,54760,53750,53990,54220,52570.8984375,685580,37172147600
2019-01-11,GAS,54460,53510,54280,54040,52398.16015625,338400,18287136000
2019-01-14,GAS,53940,52860,53940,53160,51534.44140625,370320,19686211200
2019-01-15,GAS,53750,53160,53160,53630,51995.09375,368380,19756219400
2019-01-16,GAS,54280,53630,54280,53810,52167.83203125,198780,10696351800
2019-01-17,GAS,54040,52860,54040,52860,51246.546875,178680,9445024800
2019-01-18,GAS,53340,52680,53160,52860,51246.546875,227340,12017192400
2019-01-21,GAS,54110,53160,53940,53750,52110.25390625,257610,13846537500
2019-01-22,GAS,53990,53270,53940,53270,51649.609375,220970,11771071900
2019-01-23,GAS,53750,52920,53220,53460,51822.34765625,227610,12168030600
2019-01-24,GAS,54220,53340,53510,53340,51707.1875,332180,17718481200
2019-01-25,GAS,53630,53040,53100,53160,51534.44140625,325280,17291884800
2019-01-28,GAS,53580,52980,53510,53160,51534.44140625,189380,10067440800
2019-01-29,GAS,52860,51970,52630,52210,50613.16015625,309890,16179356900
2019-01-30,GAS,52860,52270,52270,52270,50670.7421875,216190,11300251300
2019-01-31,GAS,53100,52150,53100,52150,50555.58203125,327020,17054093000
2019-02-01,GAS,52740,52270,52440,52270,50670.7421875,329360,17215647200
2019-02-11,GAS,53750,52150,52740,53750,52110.25390625,513260,27587725000
2019-02-12,GAS,54640,53460,53580,54040,52398.16015625,623510,33694480400
2019-02-13,GAS,55590,54420,54520,55230,53549.765625,571680,31573886400
2019-02-14,GAS,55650,54820,55300,54940,53261.86328125,475450,26121223000
2019-02-15,GAS,56010,54940,55120,55830,54125.56640625,916910,51191085300
2019-02-18,GAS,57840,56420,56720,57740,54125.56640625,971850,56114619000
2019-02-19,GAS,58140,56720,57740,57020,55277.171875,784000,44703680000
2019-02-20,GAS,57190,56490,57020,57020,55277.171875,533120,30398502400
2019-02-21,GAS,57920,56840,57020,57740,55968.13671875,1213190,70049590600
2019-02-22,GAS,59270,57080,57360,58980,57177.32421875,876610,51702457800
2019-02-25,GAS,59990,58790,59700,58910,57119.74609375,587600,34615516000
2019-02-26,GAS,58750,57620,58500,58140,56371.203125,919960,53486474400
2019-02-27,GAS,58910,58030,58320,58500,56716.68359375,475590,27822015000
2019-02-28,GAS,59870,58210,58790,58320,56543.94140625,1014710,59177887200
2019-03-01,GAS,59390,58430,59090,59390,57580.37890625,549800,32652622000
2019-03-04,GAS,61170,60110,60110,61170,59307.80078125,1064060,65088550200
2019-03-05,GAS,62360,60110,60290,61770,59883.60546875,878610,54271739700
2019-03-06,GAS,61770,60290,61240,61770,59883.60546875,607480,37524039600
2019-03-07,GAS,62670,61170,62070,61170,59307.80078125,636880,38957949600
2019-03-08,GAS,61000,59810,60640,59990,59307.80078125,717540,43045224600
2019-03-11,GAS,60040,58750,59990,59520,57695.54296875,497400,29605248000
2019-03-12,GAS,60580,59520,60580,60520,58674.41796875,528030,31956375600
2019-03-13,GAS,61420,59990,61170,60340,58501.67578125,452730,27317728200
2019-03-14,GAS,61300,60340,60880,60760,58904.7421875,746300,45345188000
2019-03-15,GAS,61850,61170,61790,61550,59668.2109375,624450,38434897500
2019-03-18,GAS,63300,61730,61790,63000,61077.6953125,824960,51972480000
2019-03-19,GAS,63610,62100,63550,62700,60784.05078125,754590,47312793000
2019-03-20,GAS,62400,61250,62400,61910,60020.57421875,592690,36693437900
2019-03-21,GAS,62700,59970,62700,59970,58141.26953125,689690,41360709300
2019-03-22,GAS,60820,59790,60520,60520,58669.8203125,715730,43315979600
2019-03-25,GAS,59490,57920,58460,59490,57671.4375,875550,52086469500
2019-03-26,GAS,59970,58270,59970,58820,57025.42578125,349120,20535238400
2019-03-27,GAS,59730,58820,59730,58890,57084.15234375,371570,21881757300
2019-03-28,GAS,59730,58160,58160,59730,57906.34375,340660,20347621800
2019-03-29,GAS,60280,59420,59920,59490,57671.4375,255710,15212187900
2019-04-01,GAS,61170,59670,59670,61000,59139.64453125,433760,26459360000
2019-04-02,GAS,62150,61170,61850,61170,59315.84765625,563160,34448497200
2019-04-03,GAS,61730,60640,61250,61480,59609.47265625,451150,27736702000
2019-04-04,GAS,61910,61310,61730,61360,59492.03125,379650,23295324000
2019-04-05,GAS,62890,61170,61360,62890,60960.234375,845350,53164061500
2019-04-08,GAS,64819,63610,63610,64819,62839.54296875,886190,57441949610
2019-04-09,GAS,65430,63300,65430,63610,61664.98046875,705700,44889577000
2019-04-10,GAS,64040,62930,63300,63730,61782.4375,467860,29816717800
2019-04-11,GAS,64330,63610,64330,63610,61664.98046875,281390,17899217900
2019-04-12,GAS,65000,62820,63300,64519,62545.9140625,393550,25391452450
2019-04-16,GAS,64090,63000,63610,63790,61841.16796875,303000,19328370000
2019-04-17,GAS,65360,63850,63850,64690,62722.09765625,664240,42969685600
2019-04-18,GAS,64819,63790,64519,63970,62017.34375,265360,16975079200
2019-04-19,GAS,65180,64150,64819,64330,62369.72265625,221520,14250381600
2019-04-22,GAS,66640,64330,64390,65800,63779.203125,415660,27350428000
2019-04-23,GAS,68400,66330,66640,67970,65893.4375,743710,50549968700
2019-04-24,GAS,69620,67850,67850,67970,65893.4375,451460,30685736200
2019-04-25,GAS,68940,67660,67970,68450,66363.2578125,310480,21252356000
2019-04-26,GAS,68760,67850,67970,68330,66245.8046875,155140,10600716200
2019-05-02,GAS,69360,67790,67850,69060,66950.546875,229350,15838911000
2019-05-03,GAS,69010,67550,68030,68150,66069.625,208380,14201097000
2019-05-06,GAS,67550,64640,66640,65360,63368.1015625,388710,25406085600
2019-05-07,GAS,66510,65430,65910,65730,63720.47265625,235770,15497162100
2019-05-08,GAS,66330,64209,65730,66030,64014.1171875,388880,25677746400
2019-05-09,GAS,66030,64459,66030,64580,62604.63671875,319300,20620394000
2019-05-10,GAS,65660,64580,64580,65360,63368.1015625,242390,15842610400
2019-05-13,GAS,65430,64519,65430,64580,62604.63671875,266910,17237047800
2019-05-14,GAS,66030,64090,64519,66030,64014.1171875,312120,20609283600
2019-05-15,GAS,67120,66030,66030,66640,64601.40625,308570,20563104800
2019-05-16,GAS,67850,66690,67850,66690,64660.12890625,186420,12432349800
2019-05-17,GAS,67480,66760,67250,66760,64718.8515625,291760,19477897600
2019-05-20,GAS,68450,66760,67060,68450,66363.2578125,395860,27096617000
2019-05-21,GAS,68580,67430,68450,67550,65482.33203125,396200,26763310000
2019-05-22,GAS,68760,66940,66940,66940,64895.04296875,255740,17119235600
2019-05-23,GAS,66940,65120,66640,66100,64072.84765625,469570,31038577000
2019-05-24,GAS,66100,64519,64819,64519,62545.9140625,605650,39075932350
2019-05-27,GAS,65489,64519,64819,65250,63250.65625,196160,12799440000
2019-05-28,GAS,65970,64819,65970,65360,63368.1015625,141830,9270008800
2019-05-29,GAS,65970,65120,65360,65840,63837.93359375,254400,16749696000
2019-05-30,GAS,66100,65430,65840,65489,63485.5625,105790,6928081310
2019-05-31,GAS,65300,63180,64519,63180,61253.8828125,370420,23403135600
2019-06-03,GAS,62400,59970,61970,61430,59550.75390625,585280,35953750400
2019-06-04,GAS,62400,60580,61430,61790,59903.12109375,187500,11585625000
2019-06-05,GAS,62820,61790,62700,61790,59903.12109375,100400,6203716000
2019-06-06,GAS,61170,60460,61170,60460,58611.09375,343360,20759545600
2019-06-07,GAS,62400,60460,61170,62400,60490.40234375,553140,34515936000
2019-06-10,GAS,63360,62400,63000,62700,60784.05078125,301290,18890883000
2019-06-11,GAS,63070,61850,62700,63000,61077.6953125,239360,15079680000
2019-06-12,GAS,62630,61480,62460,61480,59609.47265625,222140,13657167200
2019-06-13,GAS,62100,60330,60520,61480,59609.47265625,277920,17086521600
2019-06-14,GAS,62150,61480,61480,61790,59903.12109375,181500,11214885000
2019-06-17,GAS,62220,61250,61790,61730,59844.40234375,117830,7273645900
2019-06-18,GAS,61730,61250,61480,61480,59609.47265625,157350,9673878000
2019-06-19,GAS,62820,62030,62820,62820,60901.51953125,177540,11153062800
2019-06-20,GAS,63730,62400,62820,63490,61547.51953125,326020,20699009800
2019-06-21,GAS,64280,63610,63910,63910,61958.61328125,194280,12416434800
2019-06-24,GAS,63730,61170,61170,63300,61371.328125,141490,8956317000
2019-06-25,GAS,63610,62580,62700,62700,60784.05078125,225300,14126310000
2019-06-26,GAS,63790,62930,63300,63430,61488.796875,150000,9514500000
2019-06-27,GAS,63910,59370,63790,59370,57553.9765625,219480,13030527600
2019-06-28,GAS,62760,59070,61790,59070,57260.328125,995340,58794733800
2019-07-01,GAS,62820,61550,62400,62820,60901.51953125,357230,22441188600
2019-07-02,GAS,63000,62280,62930,62930,61018.97265625,199800,12573414000
2019-07-03,GAS,62510,61850,62400,62400,60490.40234375,200830,12531792000
2019-07-04,GAS,63000,62400,62400,62510,60607.859375,134830,8428223300
2019-07-05,GAS,62890,62510,62890,62760,60842.78125,221780,13918912800
2019-07-08,GAS,62930,61910,62930,62400,60490.40234375,160240,9998976000
2019-07-09,GAS,63550,62150,62400,63240,61312.60546875,224910,14223308400
2019-07-10,GAS,64090,63610,63610,64090,62134.8046875,406980,26083348200
2019-07-11,GAS,65069,64330,64690,64330,62369.72265625,198380,12761785400
2019-07-12,GAS,65000,63850,64940,64090,62134.8046875,166770,10688289300
2019-07-15,GAS,64390,63610,64940,64209,62252.25390625,151450,9724453050
2019-07-16,GAS,64519,63910,64209,64459,62487.19140625,231630,14930638170
2019-07-17,GAS,66030,63910,64150,65970,63955.39453125,532120,35103956400
2019-07-18,GAS,65970,64819,65970,64940,62957.01171875,196780,12778893200
2019-07-19,GAS,65120,64090,65120,64209,62252.25390625,299330,19219679970
2019-07-22,GAS,64879,63670,63670,63910,61958.61328125,126500,8084615000
2019-07-23,GAS,65430,63910,63910,64879,62898.2734375,165220,10719308380
2019-07-24,GAS,65550,64580,65000,64640,62663.3671875,133000,8597120000
2019-07-25,GAS,65730,64209,64580,65430,62663.3671875,436120,28535331600
2019-07-26,GAS,66030,65360,65430,65430,62663.3671875,300030,19630962900
2019-07-29,GAS,67250,65180,65550,67250,62663.3671875,668960,44987560000
2019-07-30,GAS,68150,66030,67250,66030,62663.3671875,378650,25002259500
2019-07-31,GAS,66940,65800,66030,66100,64072.84765625,126560,8365616000
2019-08-01,GAS,66580,65300,66580,65610,63603.0234375,235090,15424254900
2019-08-02,GAS,64879,63610,64209,64209,62252.25390625,436240,28010534160
2019-08-05,GAS,64209,62930,63970,63000,61077.6953125,343310,21628530000
2019-08-06,GAS,62400,60580,61310,61790,61077.6953125,409620,25310419800
2019-08-07,GAS,62400,60520,61310,60880,59022.19140625,217060,13214612800
2019-08-08,GAS,62700,60220,60640,61170,59315.84765625,397340,24305287800
2019-08-09,GAS,62100,61250,61310,61360,59492.03125,170690,10473538400
2019-08-12,GAS,62400,61790,61910,61790,59903.12109375,207340,12811538600
2019-08-13,GAS,61670,60520,61250,60580,58728.546875,499630,30267585400
2019-08-14,GAS,62100,60880,62100,61130,59257.10546875,163970,10023486100
2019-08-15,GAS,61130,59790,59970,61130,59257.10546875,266470,16289311100
2019-08-16,GAS,61670,60940,61070,61130,59257.10546875,373200,22813716000
2019-08-19,GAS,62100,61170,61790,61670,59785.671875,177900,10971093000
2019-08-20,GAS,62580,61970,62100,62400,60490.40234375,315690,19699056000
2019-08-21,GAS,64040,62510,62700,63730,61782.4375,495360,31569292800
2019-08-22,GAS,63850,63000,63850,63360,61430.06640625,284870,18049363200
2019-08-23,GAS,63610,62330,63610,63000,61077.6953125,293260,18475380000
2019-08-26,GAS,62400,61170,62150,61480,59609.47265625,518030,31848484400
2019-08-27,GAS,62280,61480,62280,61730,59844.40234375,150750,9305797500
2019-08-28,GAS,62510,61790,61790,61970,60079.31640625,106940,6627071800
2019-08-29,GAS,63080,62290,62600,62290,60379.703125,205170,12780039300
2019-08-30,GAS,62960,62290,62290,62340,60439.77734375,176460,11000516400
2019-09-03,GAS,62410,60120,62410,61850,59959.15234375,159010,9834768500
2019-09-04,GAS,62410,61850,62410,62220,60319.6171875,235150,14631033000
2019-09-05,GAS,63210,62220,62900,62290,60379.703125,109840,6841933600
2019-09-06,GAS,62900,62220,62900,62470,60559.94921875,70560,4407883200
2019-09-09,GAS,62600,62030,62110,62030,60139.37890625,100280,6220368400
2019-09-10,GAS,62600,61300,62290,61540,59658.75,338880,20854675200
2019-09-11,GAS,61660,61050,61540,61170,59298.2734375,170960,10457623200
2019-09-12,GAS,61910,61300,61350,61540,59658.75,85080,5235823200
2019-09-13,GAS,63020,61350,61350,62600,60680.109375,260180,16287268000
2019-09-16,GAS,64510,63710,64450,64080,62122.0078125,622830,39910946400
2019-09-17,GAS,66310,64129,64450,66250,64224.7890625,836730,55433362500
2019-09-18,GAS,65680,64260,65680,64450,62482.4765625,691660,44577487000
2019-09-19,GAS,64319,63760,63840,64319,62362.3203125,266300,17128149700
2019-09-20,GAS,64879,63570,64319,63710,61761.5234375,276350,17606258500
2019-09-23,GAS,64819,63710,63710,64129,62182.078125,257330,16502315570
2019-09-24,GAS,64819,63840,64390,64129,62182.078125,229570,14722094530
2019-09-25,GAS,63840,63020,63840,63450,61521.21484375,216420,13731849000
2019-09-26,GAS,64640,63080,63450,64450,62482.4765625,343280,22124396000
2019-09-27,GAS,65640,64690,64690,65069,63083.26953125,489500,31851275500
2019-09-30,GAS,66610,65069,65069,65870,63864.3046875,632370,41654211900
2019-10-01,GAS,66000,65069,65810,65810,63804.2265625,283850,18680168500
2019-10-02,GAS,65680,63950,65680,64129,62182.078125,450590,28895886110
2019-10-03,GAS,63840,62900,63840,63210,61280.890625,511550,32335075500
2019-10-04,GAS,63760,62290,63210,62290,60379.703125,595640,37102415600
2019-10-07,GAS,62900,62290,62900,62410,60499.85546875,224250,13995442500
2019-10-08,GAS,62530,61730,62410,61910,60019.2265625,425630,26350753300
2019-10-09,GAS,62600,61790,61910,62160,60259.54296875,201050,12497268000
2019-10-10,GAS,62720,62160,62160,62660,60740.18359375,173870,10894694200
2019-10-11,GAS,63840,62720,62720,63400,61461.13671875,212840,13494056000
2019-10-14,GAS,63840,62960,63760,63210,61280.890625,217560,13751967600
2019-10-15,GAS,63210,62600,63210,62720,60800.26171875,194130,12175833600
2019-10-16,GAS,63150,62660,62720,62720,60800.26171875,147010,9220467200
2019-10-17,GAS,63150,62290,62770,62600,60680.109375,247850,15515410000
2019-10-18,GAS,63080,62530,63080,62600,60680.109375,167550,10488630000
2019-10-21,GAS,63150,62290,62600,62720,60800.26171875,170180,10673689600
2019-10-22,GAS,63020,62720,62720,62840,60920.421875,122380,7690359200
2019-10-23,GAS,62960,62600,62840,62720,60800.26171875,105640,6625740800
2019-10-24,GAS,63520,63080,63210,63450,61521.21484375,150780,9566991000
2019-10-25,GAS,63840,63210,63840,63520,61581.2890625,254770,16182990400
2019-10-28,GAS,63950,63520,63650,63760,61821.6015625,217560,13871625600
2019-10-29,GAS,63840,63330,63840,63330,61401.046875,127260,8059375800
2019-10-30,GAS,64019,63020,63400,63950,62001.8359375,339620,21718699000
2019-10-31,GAS,64319,63400,64129,64129,62182.078125,410730,26339704170
2019-11-01,GAS,64950,63450,63450,64760,62782.87109375,401260,25985597600
2019-11-04,GAS,66000,65129,65129,65370,63383.66015625,499870,32676501900
2019-11-05,GAS,66440,65370,65450,66310,64284.859375,618060,40983558600
2019-11-06,GAS,66310,65370,66310,65560,63563.90234375,350590,22984680400
2019-11-07,GAS,65930,65129,65370,65750,63744.140625,175980,11570685000
2019-11-08,GAS,66310,65450,66310,65500,63503.82421875,224320,14692960000
2019-11-11,GAS,65680,64640,65500,64640,62662.71875,279720,18081100800
2019-11-12,GAS,65319,64450,64510,65069,63083.26953125,177250,11533480250
2019-11-13,GAS,65069,64510,65069,65069,63083.26953125,179700,11692899300
2019-11-14,GAS,66750,65000,65069,66000,63984.46875,645350,42593100000
2019-11-15,GAS,67250,65680,66000,66930,64885.65234375,568170,38027618100
2019-11-18,GAS,67550,67110,67250,67250,65186.04296875,505950,34025137500
2019-11-19,GAS,66930,66250,66930,66610,64585.25,283980,18915907800
2019-11-20,GAS,66370,65069,66310,65069,63083.26953125,628880,40920592720
2019-11-21,GAS,65680,64450,64450,64510,62542.5625,390200,25171802000
2019-11-22,GAS,65319,63080,65190,63880,61941.765625,409620,26166525600
2019-11-25,GAS,64450,63450,63650,63880,61941.765625,211820,13531061600
2019-11-26,GAS,64319,63210,64319,63210,61280.890625,252670,15971270700
2019-11-27,GAS,63650,63150,63650,63210,61280.890625,210540,13308233400
2019-11-28,GAS,63570,62110,63210,62470,60559.94921875,613070,38298482900
2019-11-29,GAS,62840,62220,62840,62290,60379.703125,183130,11407167700
2019-12-02,GAS,62840,59810,62600,60730,58877.71484375,497220,30196170600
2019-12-03,GAS,61230,60120,60730,60230,58877.71484375,299980,18067795400
2019-12-04,GAS,61660,59870,60230,61540,58877.71484375,229290,14110506600
2019-12-05,GAS,61970,60360,61970,60730,58877.71484375,238890,14507789700
2019-12-06,GAS,61350,60120,60730,60730,58877.71484375,89240,5419545200
2019-12-09,GAS,61850,60730,60730,61850,59959.15234375,255030,15773605500
2019-12-10,GAS,61910,60310,61910,60680,58817.640625,241390,14647545200
2019-12-11,GAS,61050,60310,60680,60790,58937.796875,173200,10528828000
2019-12-12,GAS,60920,60360,60920,60680,58817.640625,252590,15327161200
2019-12-13,GAS,61350,60730,61350,60730,58877.71484375,211520,12845609600
2019-12-16,GAS,61480,60680,60730,60860,58997.8828125,169400,10309684000
2019-12-17,GAS,61230,60420,61110,60420,58577.31640625,179390,10838743800
2019-12-18,GAS,60610,59180,60310,59180,57375.734375,353770,20936108600
2019-12-19,GAS,59990,59250,59500,59370,57555.9765625,288330,17118152100
2019-12-20,GAS,60180,59500,60180,59500,57676.1328125,193020,11484690000
2019-12-23,GAS,60050,59180,59810,59370,57555.9765625,382060,22682902200
2019-12-24,GAS,59740,59250,59250,59680,57856.375,201150,12004632000
2019-12-25,GAS,60360,59680,59930,60050,58216.8515625,177680,10669684000
2019-12-26,GAS,60310,59620,60120,59620,57796.29296875,135710,8091030200
2019-12-27,GAS,60230,59550,59930,60120,58276.93359375,150260,9033631200
2019-12-30,GAS,60310,59740,60120,59740,57916.44921875,224740,13425967600
2019-12-31,GAS,59990,57950,59990,58070,56294.31640625,388160,22540451200
2020-01-02,GAS,58990,58070,58070,58620,56835.015625,141260,8280661200
2020-01-03,GAS,59740,58620,58620,58750,56955.17578125,218980,12865075000
2020-01-06,GAS,60730,59620,59930,60610,58757.5625,431090,26128364900
2020-01-07,GAS,60540,59680,60540,60180,58337.01171875,142800,8593704000
2020-01-08,GAS,61350,60120,61110,60120,58276.93359375,439260,26408311200
2020-01-09,GAS,59990,58750,59500,58990,57195.49609375,320980,18934610200
2020-01-10,GAS,59500,58880,59180,59430,57616.0546875,160820,9557532600
2020-01-13,GAS,59430,58700,59430,59070,57255.578125,355190,20981073300
2020-01-14,GAS,59500,58810,58990,58810,57015.26171875,166850,9812448500
2020-01-15,GAS,58880,57700,58880,58260,56474.55078125,201400,11733564000
2020-01-16,GAS,58430,57630,58260,57820,56053.98828125,508390,29395109800
2020-01-17,GAS,58380,57460,57820,57760,55993.9140625,281760,16274457600
2020-01-20,GAS,58010,57570,57760,57880,56114.0703125,134180,7766338400
2020-01-21,GAS,58810,57880,57880,58810,57015.26171875,180960,10642257600
2020-01-22,GAS,59120,58430,58810,58810,57015.26171875,162790,9573679900
2020-01-30,GAS,58130,56390,56390,57010,55272.9609375,379940,21660379400
2020-01-31,GAS,56830,53300,56460,53610,51968.59765625,551680,29575564800
2020-02-03,GAS,53230,49940,52670,51550,49985.984375,565980,29176269000
2020-02-04,GAS,52670,50810,52610,50810,49265.03515625,376400,19124884000
2020-02-05,GAS,52050,49940,51440,50570,49024.7109375,290230,14676931100
2020-02-06,GAS,53230,50570,50570,53230,51608.12890625,253870,13513500100
2020-02-07,GAS,53920,52670,53230,53300,51668.20703125,299430,15959619000
2020-02-10,GAS,53850,52050,52670,53790,52148.83984375,282460,15193523400
2020-02-11,GAS,53790,52920,53360,53040,51427.88671875,235700,12501528000
2020-02-12,GAS,53660,53040,53660,53300,51668.20703125,175490,9353617000
2020-02-13,GAS,54600,53170,53170,54220,52569.38671875,272240,14760852800
2020-02-14,GAS,55090,53920,54220,54840,53170.19140625,162870,8931790800
2020-02-17,GAS,55350,54100,54840,54100,52449.2421875,180040,9740164000
2020-02-18,GAS,54160,53170,53920,53300,51668.20703125,215600,11491480000
2020-02-19,GAS,53360,52860,53300,52860,51247.6484375,166790,8816519400
2020-02-20,GAS,54540,52800,54540,52860,51247.6484375,198200,10476852000
2020-02-21,GAS,53430,52920,53300,52920,51307.7265625,171440,9072604800
2020-02-24,GAS,52670,51740,52670,52000,50406.53515625,348150,18103800000
2020-02-25,GAS,52000,51120,51120,51440,49865.82421875,348890,17946901600
2020-02-26,GAS,51120,49320,51120,49510,48003.3671875,478410,23686079100
2020-02-27,GAS,49510,48410,49450,48960,47462.6484375,359090,17581046400
2020-02-28,GAS,48290,46540,46540,46980,45540.11328125,449640,21124087200
2020-03-02,GAS,49270,46730,46860,48960,47462.6484375,255710,12519561600
2020-03-03,GAS,51370,49570,51370,49570,48063.44921875,270460,13406702200
2020-03-04,GAS,49270,48220,49270,48410,48063.44921875,307460,14884138600
2020-03-05,GAS,49570,48410,48410,48410,46921.9375,262610,12712950100
2020-03-06,GAS,48410,47780,48330,48030,46561.46484375,208460,10012333800
2020-03-09,GAS,44690,44690,44690,44690,43317.1796875,226330,10114687700
2020-03-10,GAS,43940,41580,41580,42450,41154.328125,1377350,58468507500
2020-03-11,GAS,44060,39540,43370,39540,38330.59765625,1022830,40442698200
2020-03-12,GAS,37750,36800,36800,36800,35687.109375,832050,30619440000
2020-03-13,GAS,36250,34270,34270,35320,34245.203125,975880,34468081600
2020-03-16,GAS,37300,34710,35190,36750,35627.02734375,664400,24416700000
2020-03-17,GAS,37110,34840,34840,37060,35927.421875,531530,19698501800
2020-03-18,GAS,37180,35830,37180,35940,34846.0,1111270,39939043800
2020-03-19,GAS,35010,34030,34710,34270,33223.85546875,897780,30766920600
2020-03-20,GAS,36000,34710,35320,35870,34785.921875,563530,20213821100
2020-03-23,GAS,34710,33410,34220,33410,32382.748046875,779860,26055122600
2020-03-24,GAS,34950,33770,34710,34840,33764.57421875,769350,26804154000
2020-03-25,GAS,37240,36060,36750,37240,36107.66015625,1074610,40018476400
2020-03-26,GAS,37430,36250,37180,36380,35266.55078125,564130,20523049400
2020-03-27,GAS,36630,35380,36380,36060,34966.15625,484150,17458449000
2020-03-30,GAS,34330,33770,34030,33850,32803.30078125,556090,18823646500
2020-03-31,GAS,35750,33460,35750,33960,32923.45703125,414540,14077778400
2020-04-01,GAS,35690,33900,33900,34770,33704.4921875,577930,20094626100
2020-04-03,GAS,37180,35640,37180,36680,35566.9453125,1147360,42085164800
2020-04-06,GAS,39030,37800,38410,39030,37849.96484375,1513290,59063708700
2020-04-07,GAS,39590,38300,39590,38990,37789.8828125,945030,36846719700
2020-04-08,GAS,38910,37670,37990,38860,37669.72265625,869540,33790324400
2020-04-09,GAS,41520,39100,39290,41520,40253.13671875,1506780,62561505600
2020-04-10,GAS,41830,40280,40900,41580,40313.21484375,944260,39262330800
2020-04-13,GAS,43070,41830,42260,42140,40853.9296875,1048800,44196432000
2020-04-14,GAS,41710,40530,41520,41520,40253.13671875,1273310,52867831200
2020-04-15,GAS,41710,40590,40790,41280,40012.81640625,645240,26635507200
2020-04-16,GAS,42140,40790,41280,41760,40493.453125,717400,29958624000
2020-04-17,GAS,42760,41830,41830,41950,40673.69140625,811680,34049976000
2020-04-20,GAS,42760,41580,42140,42630,41334.56640625,1227520,52329177600
2020-04-21,GAS,41650,39980,40900,39980,38751.15234375,1557070,62251658600
2020-04-22,GAS,40030,37800,37800,39360,38150.359375,760590,29936822400
2020-04-23,GAS,40900,40160,40280,40340,39111.62890625,620260,25021288400
2020-04-24,GAS,40900,40100,40790,40340,39111.62890625,583010,23518623400
2020-04-27,GAS,40830,39660,40340,39790,38570.9140625,476510,18960332900
2020-04-28,GAS,39660,38670,38800,38910,37729.80078125,775610,30178985100
2020-04-29,GAS,39790,39030,39290,39290,38090.27734375,623860,24511459400
2020-05-04,GAS,40650,39410,40280,39540,38330.59765625,410240,16220889600
2020-05-05,GAS,40590,39660,40280,40590,39351.94921875,652830,26498369700
2020-05-06,GAS,42630,41340,41340,42510,41214.40234375,1540630,65492181300
2020-05-07,GAS,43070,41950,42510,42570,41274.48828125,705710,30042074700
2020-05-08,GAS,43870,42570,42570,43140,41815.19140625,1700680,73367335200
2020-05-11,GAS,45250,43370,45250,45250,43857.89453125,1084850,49089462500
2020-05-12,GAS,45860,44000,45170,45370,43978.0546875,1145720,51981316400
2020-05-13,GAS,45800,44620,45250,44870,43497.41796875,991060,44468862200
2020-05-14,GAS,44870,44130,44370,44320,42956.70703125,688000,30492160000
2020-05-15,GAS,45250,43940,45170,43940,42956.70703125,904360,39737578400
2020-05-18,GAS,45550,44370,44370,45550,42956.70703125,1071380,48801359000
2020-05-19,GAS,46730,45930,46730,46360,45299.79296875,1144660,53066437600
2020-05-20,GAS,46360,45250,45250,45980,45299.79296875,548540,25221869200
2020-05-21,GAS,46860,45860,46170,46490,45059.48046875,952810,44296136900
2020-05-22,GAS,46410,45610,46410,45800,44398.609375,982700,45007660000
2020-05-25,GAS,45930,45490,45800,45670,44278.44921875,554990,25346393300
2020-05-26,GAS,46410,45740,46170,46410,44999.3984375,615970,28587167700
2020-05-27,GAS,47290,46360,46790,46490,45059.48046875,1141480,53067405200
2020-05-28,GAS,46730,45800,46490,45800,44398.609375,551210,25245418000
2020-05-29,GAS,46170,45670,46170,46110,44699.0,372610,17181047100
2020-06-01,GAS,47090,46230,46410,46670,45239.71484375,596060,27818120200
2020-06-02,GAS,48220,46490,46670,47350,45900.58984375,1452270,68764984500
2020-06-03,GAS,48520,47530,48030,48330,46861.86328125,633960,30639286800
2020-06-04,GAS,49270,48330,48410,48330,46861.86328125,848030,40985289900
2020-06-05,GAS,48330,47410,47720,47720,46261.0703125,881330,42057067600
2020-06-08,GAS,49270,48520,49270,48960,46261.0703125,659450,32286672000
2020-06-09,GAS,48890,48330,48470,48590,46261.0703125,481610,23401429900
2020-06-10,GAS,48590,48030,48330,48330,46861.86328125,426400,20607912000
2020-06-11,GAS,48410,44980,48030,44980,43617.5703125,1251510,56292919800
2020-06-12,GAS,46410,43450,43450,46230,44819.16015625,878600,40617678000
2020-06-15,GAS,46730,44690,46230,44690,43317.1796875,554870,24797140300
2020-06-16,GAS,45550,44930,45550,45300,43917.97265625,454210,20575713000
2020-06-17,GAS,45800,44980,45550,45170,43797.81640625,330300,14919651000
2020-06-18,GAS,45250,44620,44980,44740,43377.2578125,317660,14212108400
2020-06-19,GAS,45430,44980,45370,44980,43617.5703125,303720,13661325600
2020-06-22,GAS,45670,45250,45370,45300,43917.97265625,227680,10313904000
2020-06-23,GAS,46050,45250,45370,45800,44398.609375,349770,16019466000
2020-06-24,GAS,45980,44620,45610,44980,43617.5703125,240120,10800597600
2020-06-25,GAS,45250,44320,44620,44870,43497.41796875,335210,15040872700
2020-06-26,GAS,45370,44620,44930,44740,43377.2578125,322890,14446098600
2020-06-29,GAS,44620,43190,44620,43190,41875.27734375,571650,24689563500
2020-06-30,GAS,44320,42140,43750,42760,41454.72265625,459150,19633254000
2020-07-01,GAS,44000,42760,43070,44000,42656.3046875,387430,17046920000
2020-07-02,GAS,44320,43690,44250,43690,42355.91015625,210850,9212036500
2020-07-03,GAS,44250,43560,44250,43560,42235.75390625,310040,13505342400
2020-07-06,GAS,45120,44130,44500,44870,43497.41796875,485000,21761950000
2020-07-07,GAS,46050,44870,45250,44870,43497.41796875,819010,36748978700
2020-07-08,GAS,45930,44930,45250,45170,43797.81640625,534040,24122586800
2020-07-09,GAS,46980,45670,45800,46600,45179.63671875,1179910,54983806000
2020-07-10,GAS,46730,45980,46490,46050,45179.63671875,461690,21260824500
2020-07-13,GAS,46670,46050,46490,46410,44999.3984375,592380,27492355800
2020-07-14,GAS,47780,46740,46800,46930,45503.59375,631990,29659290700
2020-07-15,GAS,47850,46880,47380,46880,45503.59375,507920,23811289600
2020-07-16,GAS,47380,46930,47260,46930,45503.59375,534310,25075168300
2020-07-17,GAS,47130,46740,46930,46740,45314.5234375,382400,17873376000
2020-07-20,GAS,46680,46090,46290,46090,44684.27734375,492500,22699325000
2020-07-21,GAS,46610,46030,46090,46150,44747.30078125,264440,12203906000
2020-07-22,GAS,46490,45570,46490,45630,44243.11328125,343540,15675730200
2020-07-23,GAS,46550,45630,45630,46230,44810.32421875,629750,29113342500
2020-07-24,GAS,46490,43880,46230,44400,43045.640625,1173440,52100736000
2020-07-27,GAS,44860,41470,41740,41600,40335.6015625,1319680,54898688000
2020-07-28,GAS,44080,41600,42900,44080,42730.5234375,683540,30130443200
2020-07-29,GAS,43300,41150,42320,41280,40020.4765625,777530,32096438400
2020-07-30,GAS,44130,41940,44130,42580,41280.96484375,417700,17785666000
2020-07-31,GAS,42580,41470,41940,42580,41280.96484375,314230,13379913400
2020-08-03,GAS,43880,42390,42450,43680,42352.375,536220,23422089600
2020-08-04,GAS,44530,44010,44530,44270,42919.59765625,387300,17145771000
2020-08-05,GAS,44800,44080,44270,44600,43234.71484375,566050,25245830000
2020-08-06,GAS,45370,44480,44530,45170,43801.94140625,640610,28936353700
2020-08-07,GAS,45960,44980,45170,45630,44243.11328125,571770,26089865100
2020-08-10,GAS,46230,45630,45710,45840,44432.1796875,469290,21512253600
2020-08-11,GAS,46030,45310,45840,45510,44117.05859375,550870,25070093700
2020-08-12,GAS,46550,45510,45840,46290,44873.3515625,973330,45055445700
2020-08-13,GAS,47380,46490,46490,47200,45755.6875,951630,44916936000
2020-08-14,GAS,47330,46680,46800,47000,45566.6171875,870730,40924310000
2020-08-17,GAS,47070,46290,46800,46800,45377.546875,460890,21569652000
2020-08-18,GAS,47460,46490,47460,46740,45314.5234375,297780,13918237200
2020-08-19,GAS,47000,46680,46800,46880,45440.5703125,224530,10525966400
2020-08-20,GAS,46930,46150,46740,46150,44747.30078125,444340,20506291000
2020-08-21,GAS,46880,46230,46290,46800,45377.546875,494700,23151960000
2020-08-24,GAS,47780,46930,46930,47460,46007.79296875,638880,30321244800
2020-08-25,GAS,48430,47590,47590,47980,46511.984375,722600,34670348000
2020-08-26,GAS,48370,47780,48110,47780,46322.9140625,431210,20603213800
2020-08-27,GAS,47710,47130,47710,47460,46007.79296875,501290,23791223400
2020-08-28,GAS,48760,47520,48110,48240,46764.08984375,1011700,48804408000
2020-08-31,GAS,48760,47780,48370,48170,46701.0625,549950,26491091500
2020-09-01,GAS,49080,47980,48170,49010,47520.37109375,844110,41369831100
2020-09-03,GAS,49540,48960,49410,49270,47772.47265625,587250,28933807500
2020-09-04,GAS,48890,48170,48170,48500,47016.17578125,937330,45460505000
2020-09-07,GAS,48370,46800,48370,46800,45377.546875,1336130,62530884000
2020-09-08,GAS,47650,46800,46800,46800,45377.546875,663940,31072392000
2020-09-09,GAS,46800,46090,46150,46610,45188.46875,740970,34536611700
2020-09-10,GAS,47380,46740,47130,46800,45377.546875,620770,29052036000
2020-09-11,GAS,47130,46350,46610,46680,45377.546875,264100,12328188000
2020-09-14,GAS,47130,46410,46800,46410,44999.40234375,557430,25870326300
2020-09-15,GAS,47000,46410,46930,47000,45566.6171875,727700,34201900000
2020-09-16,GAS,47460,46800,47070,46800,45377.546875,353430,16540524000
2020-09-17,GAS,47330,46610,47130,46610,45188.46875,398140,18557305400
2020-09-18,GAS,47260,46550,46930,47130,45692.66796875,373220,17589858600
2020-09-21,GAS,47850,46880,47380,47330,45881.7421875,939720,44476947600
2020-09-22,GAS,47380,46740,47130,46740,45314.5234375,821590,38401116600
2020-09-23,GAS,47780,46930,47130,47260,45818.71875,823090,38899233400
2020-09-24,GAS,47980,47070,47260,47780,46322.9140625,820660,39211134800
2020-09-25,GAS,47850,47200,47780,47520,46070.8125,459680,21843993600
2020-09-28,GAS,47780,46930,47520,46930,45503.59375,417070,19573095100
2020-09-29,GAS,47460,46490,46930,46490,45062.4296875,1073200,49893068000
2020-09-30,GAS,46800,46350,46490,46350,44936.37109375,615450,28526107500
2020-10-01,GAS,47070,46490,46490,47070,45629.64453125,252570,11888469900
2020-10-02,GAS,47130,46230,47070,46740,45314.5234375,612860,28645076400
2020-10-05,GAS,47330,46550,46740,47130,45692.66796875,704400,33198372000
2020-10-06,GAS,47590,47070,47330,47130,45692.66796875,763230,35971029900
2020-10-07,GAS,48960,46930,47130,48170,46701.0625,2294270,110514985900
2020-10-08,GAS,48890,48170,48690,48500,47016.17578125,774540,37565190000
2020-10-09,GAS,48760,48170,48760,48300,46827.109375,438960,21201768000
2020-10-12,GAS,49790,48110,48300,48760,47268.27734375,1917010,93473407600
2020-10-13,GAS,49210,48560,48820,48760,47268.27734375,596720,29096067200
2020-10-14,GAS,49540,48690,49080,48890,47394.32421875,1263470,61771048300
2020-10-15,GAS,50000,48760,49410,48760,47268.27734375,1377170,67150809200
2020-10-16,GAS,49410,48370,48760,49010,47520.37109375,1091120,53475791200
2020-10-19,GAS,49410,48040,49080,48110,46638.03515625,1196620,57569388200
2020-10-20,GAS,48110,47130,47780,47200,45755.6875,1119350,52833320000
2020-10-21,GAS,47710,47000,47460,47000,45566.6171875,950020,44650940000
2020-10-22,GAS,47910,46740,47000,47910,46448.9609375,796300,38150733000
2020-10-23,GAS,48240,47710,47980,47780,46322.9140625,606780,28991948400
2020-10-26,GAS,48110,46800,47850,46800,45377.546875,649920,30416256000
2020-10-27,GAS,47200,46740,47070,46800,45377.546875,653240,30571632000
2020-10-28,GAS,47260,46610,46800,46740,45314.5234375,776140,36276783600
2020-10-29,GAS,46930,46150,46610,46150,44747.30078125,779650,35980847500
2020-10-30,GAS,46800,45510,46800,45760,44369.15625,786390,35985206400
2020-11-02,GAS,46030,45120,45840,45310,43927.98828125,926540,41981527400
2020-11-03,GAS,46290,45450,45510,45630,44243.11328125,975380,44506589400
2020-11-04,GAS,47130,46030,46090,46740,45314.5234375,577270,26981599800
2020-11-05,GAS,46800,46350,46800,46490,45062.4296875,432170,20091583300
2020-11-06,GAS,46680,45960,46410,46030,44621.25,474350,21834330500
2020-11-09,GAS,46680,46150,46150,46410,44999.40234375,717480,33298246800
2020-11-10,GAS,47980,46930,47850,46930,45503.59375,1271490,59671025700
2020-11-11,GAS,47980,47380,47650,47590,46133.83984375,1594170,75866550300
2020-11-12,GAS,48110,47520,47780,47710,46259.88671875,547590,26125518900
2020-11-13,GAS,47780,47260,47520,47780,46322.9140625,896800,42849104000
2020-11-16,GAS,48110,47130,48040,47130,45692.66796875,1255550,59174071500
2020-11-17,GAS,49080,47380,47460,49080,47583.40234375,2192600,107612808000
2020-11-18,GAS,52020,48820,49140,52020,50419.5,3450740,179507494800
2020-11-19,GAS,54790,52270,52270,53370,51743.0078125,2283360,121862923200
2020-11-20,GAS,53440,52600,52980,53170,51553.93359375,1207780,64217662600
2020-11-23,GAS,54280,52790,53370,54280,52625.34765625,1796080,97491222400
2020-11-24,GAS,54480,52660,54280,53630,51995.1015625,1824250,97834527500
2020-11-25,GAS,54420,53770,54350,53770,52121.15234375,1428530,76812058100
2020-11-26,GAS,54220,53120,53630,54150,52499.30078125,1099520,59539008000
2020-11-27,GAS,54280,53770,54280,54280,52625.34765625,947930,51453640400
2020-11-30,GAS,55980,54280,54350,54280,52625.34765625,1332670,72337327600
2020-12-01,GAS,55070,53170,53300,54280,52625.34765625,1332900,72349812000
2020-12-02,GAS,54930,53770,54280,54600,52940.47265625,983710,53710566000
2020-12-03,GAS,55200,54280,54600,54930,53255.59765625,978850,53768230500
2020-12-04,GAS,56170,54930,55260,55580,53885.83984375,1502870,83529514600
2020-12-07,GAS,56170,55320,55710,56110,54390.03125,1390120,77999633200
2020-12-08,GAS,56230,55580,56230,55980,54263.98046875,1140540,63847429200
2020-12-09,GAS,56950,55580,55910,55980,54263.98046875,1135190,63547936200
2020-12-10,GAS,56170,54870,55980,54870,53192.56640625,1085890,59582784300
2020-12-11,GAS,55980,55070,55650,55980,54263.98046875,914520,51194829600
2020-12-14,GAS,56690,55780,55980,56560,54831.19921875,860080,48646124800
2020-12-15,GAS,56500,55390,56230,55530,53822.8125,1095430,60829227900
2020-12-16,GAS,56170,55320,55910,55780,54074.9140625,773810,43163121800
2020-12-17,GAS,55650,54670,55390,54670,53003.49609375,1844030,100813120100
2020-12-18,GAS,55320,54670,54670,55200,53507.69140625,590630,32602776000
2020-12-21,GAS,56170,55000,55390,56110,54390.03125,1296520,72747737200
2020-12-22,GAS,55910,55000,55580,55450,53759.7890625,909760,50446192000
2020-12-23,GAS,55780,55000,55320,55070,53381.640625,551200,30354584000
2020-12-24,GAS,55530,53300,55260,54540,52877.4453125,1253120,68345164800
2020-12-25,GAS,55070,53630,54480,54740,53066.51953125,617310,33791549400
2020-12-28,GAS,57600,54790,55260,56500,54768.171875,2377030,134302195000
2020-12-29,GAS,57200,55910,56560,56620,54894.2265625,490820,27790228400
2020-12-30,GAS,56890,56420,56620,56500,54768.171875,672840,38015460000
2020-12-31,GAS,56620,56030,56560,56300,54579.1015625,957350,53898805000
2021-01-04,GAS,58120,56620,57150,57740,55965.63671875,1362600,78676524000
2021-01-05,GAS,58640,56300,57200,58510,56721.9375,1262700,73880577000
2021-01-06,GAS,59740,58510,59160,58770,56974.03125,1161900,68284863000
2021-01-07,GAS,60330,57980,59160,60270,58423.5859375,1446600,87186582000
2021-01-08,GAS,60660,59610,60270,60270,58423.5859375,934700,56334369000
2021-01-11,GAS,61560,60270,60460,60660,58801.734375,743600,45106776000
2021-01-12,GAS,61050,59810,60660,60850,58990.81640625,949100,57752735000
2021-01-13,GAS,61500,60270,61500,60460,58612.66796875,1091600,65998136000
2021-01-14,GAS,60460,59480,60200,59870,58045.44140625,775000,46399250000
2021-01-15,GAS,60660,58830,60460,59550,57730.31640625,1767000,105224850000
2021-01-18,GAS,59810,58430,59810,58900,57100.07421875,972000,57250800000
2021-01-19,GAS,58900,54790,58900,55260,53570.71484375,1158400,64013184000
2021-01-20,GAS,56230,52140,55910,56230,54516.078125,1022600,57500798000
2021-01-21,GAS,57150,56230,56890,56890,55146.31640625,966400,54978496000
2021-01-22,GAS,57200,56170,56890,56300,54579.1015625,1062200,59801860000
2021-01-25,GAS,56360,55000,56110,55070,53381.640625,1225400,67482778000
2021-01-26,GAS,55130,52660,55130,54150,52499.30078125,1329100,71970765000
2021-01-27,GAS,54150,51370,54150,51370,49789.25,940900,48334033000
2021-01-28,GAS,50700,47780,48110,47780,46322.9140625,1569900,75009822000
2021-01-29,GAS,50700,47130,47780,49610,48087.58984375,902600,44777986000
2021-02-01,GAS,50510,48430,49930,48890,47394.32421875,670300,32770967000
2021-02-02,GAS,50060,48630,48890,49740,48213.6484375,934100,46462134000
2021-02-03,GAS,52020,50700,51040,52020,50419.5,874500,45491490000
2021-02-04,GAS,53120,51870,52660,52660,51049.7421875,790800,41643528000
2021-02-05,GAS,53950,52790,53440,52790,51175.79296875,799000,42179210000
2021-02-08,GAS,53900,50120,53820,51370,49789.25,1695100,87077287000
2021-02-09,GAS,52850,50700,51680,52850,49789.25,1216500,64292025000
2021-02-17,GAS,56500,54280,55260,56500,54768.171875,1923100,108655150000
2021-02-18,GAS,58830,56760,57790,58570,56784.95703125,2259700,132350629000
2021-02-19,GAS,58180,57200,57200,57790,56028.66015625,1134700,65574313000
2021-02-22,GAS,57980,56620,57200,57340,55587.4921875,1156500,66313710000
2021-02-23,GAS,58700,57600,58510,58120,56343.78515625,1546200,89865144000
2021-02-24,GAS,57860,56560,57860,57280,56343.78515625,820100,46975328000
2021-02-25,GAS,58120,57340,57860,57980,56217.73828125,1366000,79200680000
2021-02-26,GAS,58050,56690,56690,58050,56280.76171875,872900,50671845000
2021-03-01,GAS,59740,58120,58700,59740,57919.390625,1661100,99234114000
2021-03-02,GAS,60790,59160,59810,59160,57352.17578125,1386700,82037172000
2021-03-03,GAS,59480,58640,59160,59160,57352.17578125,696900,41228604000
2021-03-04,GAS,59810,57860,59290,59090,57289.16015625,1325100,78300159000
2021-03-05,GAS,60920,58830,59930,60130,58297.54296875,1469200,88342996000
2021-03-08,GAS,62410,60920,61760,61760,59873.15234375,1649000,101842240000
2021-03-09,GAS,61640,59160,61640,60920,59053.83984375,696100,42406412000
2021-03-10,GAS,60520,59160,60520,59810,57982.41796875,995600,59546836000
2021-03-11,GAS,60460,59810,60460,60270,58423.5859375,337200,20323044000
2021-03-12,GAS,60460,59090,60460,59230,57415.19921875,398400,23597232000
2021-03-15,GAS,59810,59230,59480,59230,57415.19921875,398200,23585386000
2021-03-16,GAS,59480,58310,59230,58700,56911.01171875,893400,52442580000
2021-03-17,GAS,61760,58250,58770,60330,58486.61328125,798700,48185571000
2021-03-18,GAS,60460,59480,60400,59680,57856.37109375,276400,16495552000
2021-03-19,GAS,59090,58310,58830,59090,57289.16015625,966800,57128212000
2021-03-22,GAS,59550,58510,59160,58830,57037.0546875,510900,30056247000
2021-03-23,GAS,59810,58430,58510,59680,57856.37109375,563500,33629680000
2021-03-24,GAS,58570,57740,57860,58570,56784.95703125,729000,42697530000
2021-03-25,GAS,59680,57860,58570,58700,56911.01171875,635700,37315590000
2021-03-26,GAS,58180,55910,58050,57980,56217.73828125,375100,21748298000
2021-03-29,GAS,58830,57860,58510,58180,56406.8125,257900,15004622000
2021-03-30,GAS,58510,57860,58180,58250,56469.8359375,588000,34251000000
2021-03-31,GAS,58960,57860,57980,58310,56532.86328125,630300,36752793000
2021-04-01,GAS,58900,58250,58380,58900,57100.07421875,632100,37230690000
2021-04-02,GAS,59610,58700,59360,58700,56911.01171875,951100,55829570000
2021-04-05,GAS,59290,58120,58830,58120,56343.78515625,723500,42049820000
2021-04-06,GAS,58380,57860,58050,58310,56532.86328125,674800,39347588000
2021-04-07,GAS,59160,57860,58430,57930,56154.71484375,1201200,69585516000
2021-04-08,GAS,58510,57790,58510,57860,56091.69140625,684700,39616742000
2021-04-09,GAS,58430,57540,57860,57740,55965.63671875,379200,21895008000
2021-04-12,GAS,57930,56420,57860,57150,55398.41796875,1911900,109265085000
2021-04-13,GAS,57150,55710,56950,55910,54200.9609375,1358600,75959326000
2021-04-14,GAS,57080,55580,55910,56230,54516.078125,741700,41705791000
2021-04-15,GAS,57400,55580,57080,55910,54200.9609375,1471400,82265974000
2021-04-16,GAS,56560,55580,55910,55910,54200.9609375,590300,33003673000
2021-04-19,GAS,56690,55650,55910,56690,54957.25390625,577300,32727137000
2021-04-20,GAS,57860,56620,56890,57200,55461.44921875,1410500,80680600000
2021-04-22,GAS,57200,55780,57200,55780,54074.9140625,1101600,61447248000
2021-04-23,GAS,55910,54600,55710,55910,54200.9609375,849600,47501136000
2021-04-26,GAS,55650,52980,55650,52980,51364.86328125,1072100,56799858000
2021-04-27,GAS,53300,52140,52980,52980,51364.86328125,791100,41912478000
2021-04-28,GAS,53630,52720,52980,53250,51616.96484375,631900,33648675000
2021-04-29,GAS,54350,53500,53950,54280,52625.34765625,624400,33892432000
2021-05-04,GAS,54150,53300,53950,54150,52499.30078125,930600,50391990000
2021-05-05,GAS,55910,54600,54930,55580,53885.83984375,919800,51122484000
2021-05-06,GAS,55780,54870,55780,55200,53507.69140625,911300,50303760000
2021-05-07,GAS,55200,53300,54600,54600,52940.47265625,856900,46786740000
2021-05-10,GAS,55910,53950,54280,55910,54200.9609375,763900,42709649000
2021-05-11,GAS,55980,55260,55710,55450,53759.7890625,737800,40911010000
2021-05-12,GAS,56170,55320,55580,56170,54453.0546875,616200,34611954000
2021-05-13,GAS,56300,55580,56170,55650,53948.859375,549200,30562980000
2021-05-14,GAS,55650,54280,55320,54670,53003.49609375,825800,45146486000
2021-05-17,GAS,55260,53440,55260,53630,51995.1015625,1039300,55737659000
2021-05-18,GAS,53950,52850,53820,53300,51679.98828125,1096100,58422130000
2021-05-19,GAS,53950,52980,53300,53040,51427.8828125,299500,15885480000
2021-05-20,GAS,53170,52210,53170,52520,50923.69140625,714400,37520288000
2021-05-21,GAS,53170,51870,52020,52660,51049.7421875,596800,31427488000
2021-05-24,GAS,53630,52850,53040,53300,51679.98828125,504600,26895180000
2021-05-25,GAS,54090,53370,53630,53900,52247.203125,594700,32054330000
2021-05-26,GAS,53770,53250,53440,53250,51616.96484375,414400,22066800000
2021-05-27,GAS,53300,52020,53120,52070,50482.515625,687500,35798125000
2021-05-28,GAS,53570,52330,52720,53300,51679.98828125,655400,34932820000
2021-05-31,GAS,53770,52520,53250,53700,52058.12890625,853700,45843690000
2021-06-01,GAS,55200,54350,55200,54420,52751.3984375,1013500,55154670000
2021-06-02,GAS,56890,54600,54790,56820,55083.296875,1981500,112588830000
2021-06-03,GAS,57860,57200,57860,57400,55650.51953125,1263100,72501940000
2021-06-04,GAS,59680,55260,57080,59420,57604.2734375,2154200,128002564000
2021-06-07,GAS,59870,55910,59740,58960,57163.10546875,1617400,95361904000
2021-06-08,GAS,58900,56950,58310,57280,57163.10546875,972400,55699072000
2021-06-09,GAS,57860,55980,57470,56820,55083.296875,866600,49240212000
2021-06-10,GAS,56690,55580,56230,55980,54263.98046875,1036100,58000878000
2021-06-11,GAS,56760,56030,56560,56560,54831.19921875,390700,22097992000
2021-06-14,GAS,58770,57200,57860,58180,56406.8125,1645200,95717736000
2021-06-15,GAS,58380,57540,58180,57660,55902.62109375,548600,31632276000
2021-06-16,GAS,60130,58180,58380,59740,57919.390625,2150100,128446974000
2021-06-17,GAS,61440,58830,59090,61050,59179.8828125,1664700,101629935000
2021-06-18,GAS,60980,60130,60920,60270,58423.5859375,753100,45389337000
2021-06-21,GAS,62410,60200,60520,60460,58612.66796875,967400,58489004000
2021-06-22,GAS,61900,60790,61440,61690,59810.12890625,1273100,78537539000
2021-06-23,GAS,61900,60330,61640,61050,59179.8828125,907200,55384560000
2021-06-24,GAS,62870,61050,61110,62280,60377.34765625,1357600,84551328000
2021-06-25,GAS,63710,61820,62410,63710,61763.87890625,1539200,98062432000
2021-06-28,GAS,64989,59620,64910,63710,61763.88671875,868700,55344877000
2021-06-29,GAS,63370,61760,63040,62370,60463.58984375,790600,49309722000
2021-06-30,GAS,63300,61360,62370,62370,60463.58984375,841400,52478118000
2021-07-01,GAS,63170,62030,62700,63170,61243.76953125,983500,62127695000
2021-07-02,GAS,65379,63780,63840,64790,62804.1171875,1847800,119718962000
2021-07-05,GAS,64790,61700,64450,61700,62804.1171875,1553700,95863290000
2021-07-06,GAS,63650,57540,63450,57540,62804.1171875,1053200,60601128000
2021-07-07,GAS,61360,57670,57670,61360,62804.1171875,1397500,85750600000
2021-07-08,GAS,62900,60290,60890,62370,62804.1171875,912200,56893914000
2021-07-09,GAS,63650,60550,61500,61500,59618.3984375,1080000,66420000000
2021-07-12,GAS,61640,58550,61640,59010,59618.3984375,990800,58467108000
2021-07-13,GAS,62300,59740,60890,61360,59488.375,581300,35668568000
2021-07-14,GAS,62160,60830,61360,61230,59488.375,611500,37442145000
2021-07-15,GAS,61360,60360,60690,60690,58838.21875,494000,29980860000
2021-07-16,GAS,61090,60360,60360,60360,58838.21875,279000,16840440000
2021-07-19,GAS,59690,58140,58690,58140,56367.66796875,703200,40884048000
2021-07-20,GAS,60090,56990,57750,59690,57863.0078125,665100,39699819000
2021-07-21,GAS,60360,58220,60360,58600,56822.7734375,568800,33331680000
2021-07-22,GAS,60500,58600,59350,59950,58123.0625,487700,29237615000
2021-07-23,GAS,60290,59010,59890,59010,57212.86328125,345200,20370252000
2021-07-26,GAS,60090,58140,58890,59220,57407.90234375,614200,36372924000
2021-07-27,GAS,60750,59350,60360,59690,57863.0078125,877900,52401851000
2021-07-28,GAS,60690,59690,59690,59740,57928.01953125,322200,19248228000
2021-07-29,GAS,60360,59620,60290,60030,58188.078125,504300,30273129000
2021-07-30,GAS,60830,60030,60360,60090,58253.08984375,530200,31859718000
2021-08-02,GAS,63510,60750,61020,62700,60788.66015625,1533300,96137910000
2021-08-03,GAS,62770,61640,62700,62370,60463.58984375,974700,60792039000
2021-08-04,GAS,63510,62240,62370,63040,60463.58984375,538300,33934432000
2021-08-05,GAS,62980,62030,62770,62900,60983.7109375,634600,39916340000
2021-08-06,GAS,63450,61830,62900,61960,60073.50390625,1309200,81118032000
2021-08-09,GAS,62700,61020,61700,62370,60463.58984375,1055000,65800350000
2021-08-10,GAS,64989,62300,62370,64379,60463.58984375,2217800,142779746200
2021-08-11,GAS,66310,63840,65050,64040,62088.95703125,1507800,96559512000
2021-08-12,GAS,64040,63370,63370,63370,61438.80078125,727100,46076327000
2021-08-13,GAS,63170,61440,63100,62370,60463.58984375,1311800,81816966000
2021-08-16,GAS,63710,61700,62030,63170,61243.76953125,1110200,70131334000
2021-08-17,GAS,63170,61960,63170,61960,61243.76953125,1132300,70157308000
2021-08-18,GAS,62370,61760,61960,62110,60203.53515625,522300,32440053000
2021-08-19,GAS,62030,60150,62030,60970,59098.28125,2388200,145608554000
2021-08-20,GAS,60690,58480,60360,58690,56887.78125,2766300,162354147000
2021-08-23,GAS,59350,57540,58690,57540,55782.53515625,1158700,66671598000
2021-08-24,GAS,58550,56990,58350,57670,55912.5625,1081800,62387406000
2021-08-25,GAS,58550,57670,57750,58550,56757.76171875,557300,32629915000
2021-08-26,GAS,58810,57750,58810,57880,56107.60546875,687800,39809864000
2021-08-27,GAS,58410,57670,57880,58350,56562.7109375,927500,54119625000
2021-08-30,GAS,59350,58480,59280,58690,56887.78125,793100,46547039000
2021-08-31,GAS,59950,58750,59010,59950,58123.0625,878800,52684060000
2021-09-01,GAS,59950,59420,59820,59420,57602.94921875,536100,31855062000
2021-09-06,GAS,60690,59820,60030,60620,58773.203125,868100,52624222000
2021-09-07,GAS,60750,59490,60690,59490,57667.96484375,720100,42838749000
2021-09-08,GAS,59690,58810,59490,58890,57667.96484375,550500,32418945000
2021-09-09,GAS,59740,59070,59280,59420,57602.94921875,444500,26412190000
2021-09-10,GAS,59890,59350,59350,59420,57602.94921875,421100,25021762000
2021-09-13,GAS,60220,59420,60220,59420,57602.94921875,613400,36448228000
2021-09-14,GAS,60420,59550,60090,59690,57863.0078125,669100,39938579000
2021-09-15,GAS,61910,59350,60030,61360,59488.375,1379300,84633848000
2021-09-16,GAS,62240,61640,61700,62110,60203.53515625,981700,60973387000
2021-09-17,GAS,62240,61500,61830,61640,59748.4296875,834000,51407760000
2021-09-20,GAS,61640,59550,61640,59550,57732.96875,1516300,90295665000
2021-09-21,GAS,59350,57880,59070,59150,57732.96875,1444000,85412600000
2021-09-22,GAS,60030,58750,59350,59280,57732.96875,712000,42207360000
2021-09-23,GAS,61700,59550,59820,60750,58903.23828125,1094400,66484800000
2021-09-24,GAS,62240,60750,61360,61020,59163.29296875,925000,56443500000
2021-09-27,GAS,62030,60360,61960,60360,58513.15234375,1124300,67862748000
2021-09-28,GAS,64040,60500,61020,63780,61828.8984375,4515800,288017724000
2021-09-29,GAS,65990,63910,64040,64910,62934.140625,2756300,178911433000
2021-09-30,GAS,65180,64110,64790,65050,63064.1796875,1244900,80980745000
2021-10-01,GAS,69550,64310,64379,69410,67290.125,4336000,300961760000
2021-10-04,GAS,74240,69740,71090,69740,67615.203125,4046700,282216858000
2021-10-05,GAS,73700,70760,71750,73100,70865.921875,2090000,152779000000
2021-10-06,GAS,76180,73100,73100,76120,70865.921875,2420800,184271296000
2021-10-07,GAS,75780,73430,74440,74440,72166.21875,2255400,167891976000
2021-10-08,GAS,76390,73430,74970,75380,72166.21875,1830600,137990628000
2021-10-11,GAS,75780,73830,75520,75440,72166.21875,2259900,170486856000
2021-10-12,GAS,76790,74160,74970,75110,72816.3671875,1949700,146441967000
2021-10-13,GAS,75440,73770,75440,74440,72166.21875,1789300,133195492000
2021-10-14,GAS,76790,74240,74240,74640,72166.21875,3003400,224173776000
2021-10-15,GAS,75780,74780,75110,75110,72816.3671875,1099600,82590956000
2021-10-18,GAS,79880,75310,75440,78130,72816.3671875,3109300,242929609000
2021-10-19,GAS,78790,76450,77800,76790,74441.7265625,1065700,81835103000
2021-10-20,GAS,77390,74120,77390,76790,74441.7265625,1708500,131195715000
2021-10-21,GAS,77390,75110,77120,75250,72946.3984375,1640500,123447625000
2021-10-22,GAS,76390,74240,75380,75170,72881.3828125,1280800,96277736000
2021-10-25,GAS,77260,74910,75780,75110,72881.3828125,2117000,159007870000
2021-10-26,GAS,77190,75380,75780,76320,72881.3828125,2367100,180657072000
2021-10-27,GAS,81620,76920,77260,81620,72881.3828125,4182900,341408298000
2021-10-28,GAS,86110,80010,81480,83830,81268.2734375,2341300,196271179000
2021-10-29,GAS,85510,81480,83160,83490,80943.203125,1159800,96831702000
2021-11-01,GAS,85170,81150,83560,81360,80943.203125,2076500,168944040000
2021-11-02,GAS,82420,80680,82420,81540,79902.9609375,1507400,122913396000
2021-11-03,GAS,82420,79460,81540,80480,78017.53125,1891200,152203776000
2021-11-04,GAS,81830,78470,79200,78520,76132.1171875,1660900,130413868000
2021-11-05,GAS,82890,77990,79130,82080,79577.8828125,1340800,110052864000
2021-11-08,GAS,83090,79930,83020,82480,79967.9765625,1648200,135943536000
2021-11-09,GAS,83160,79810,81010,79930,77497.421875,1665900,133155387000
2021-11-10,GAS,82290,79810,80540,80740,78277.6015625,1009600,81515104000
2021-11-11,GAS,81830,78730,80480,79810,77367.390625,1895800,151303798000
2021-11-12,GAS,81070,78060,79930,79200,76782.2578125,1370200,108519840000
2021-11-15,GAS,80400,76920,79810,79740,77302.375,2157500,172039050000
2021-11-16,GAS,80610,77990,79130,78270,75872.0546875,1545600,120974112000
2021-11-17,GAS,79600,78320,78470,78730,76327.1640625,701200,55205476000
2021-11-18,GAS,78470,76320,77800,76320,73986.6328125,1277500,97498800000
2021-11-19,GAS,76450,71020,76320,71090,68915.4921875,2905400,206544886000
2021-11-22,GAS,71280,68130,69740,68470,66379.921875,1436500,98357155000
2021-11-23,GAS,70760,68740,68740,70140,68005.28125,768400,53895576000
2021-11-24,GAS,71690,69070,71560,69070,66965.046875,922700,63730889000
2021-11-25,GAS,70480,68940,69480,69670,67550.1796875,657700,45821959000
2021-11-26,GAS,69740,68130,69670,68400,66314.90625,1256000,85910400000
2021-11-29,GAS,67810,65459,65459,66660,64624.52734375,1292000,86124720000
2021-11-30,GAS,68210,65930,67130,65930,63909.3671875,1391100,91715223000
2021-12-01,GAS,66730,65379,65459,66060,64039.390625,1464900,96771294000
2021-12-02,GAS,66730,65720,65990,65990,63974.3828125,591100,39006689000
2021-12-03,GAS,66450,64790,66450,64790,62804.1171875,1033200,66941028000
2021-12-06,GAS,65050,61020,64580,61700,59813.44140625,1232300,76032910000
2021-12-07,GAS,64709,62700,63370,64709,62739.109375,964000,62379476000
2021-12-08,GAS,66600,64910,65379,65850,63844.3515625,1098500,72336225000
2021-12-09,GAS,67070,65050,65650,66190,64169.41796875,560300,37086257000
2021-12-10,GAS,65990,64519,65990,64790,62804.1171875,677400,43888746000
2021-12-13,GAS,66600,65180,65720,65720,63714.3203125,720800,47370976000
2021-12-14,GAS,66310,64709,65650,65850,63844.3515625,765000,50375250000
2021-12-15,GAS,65850,64650,65459,65519,63519.2734375,473400,31016694600
2021-12-16,GAS,67130,65120,65720,66130,64104.40625,956600,63259958000
2021-12-17,GAS,67070,65590,66450,66400,64364.46484375,531800,35311520000
2021-12-20,GAS,65720,64379,65720,64849,62869.13671875,860700,55815534300
2021-12-21,GAS,64989,63040,64849,63040,61113.73828125,1259500,79398880000
2021-12-22,GAS,64790,63450,64310,63840,61893.90625,592000,37793280000
2021-12-23,GAS,65519,63370,64379,63840,61893.90625,1522500,97196400000
2021-12-24,GAS,65050,63910,64580,64180,62218.984375,700000,44926000000
2021-12-27,GAS,64910,64180,64180,64310,62349.0078125,328900,21151559000
2021-12-28,GAS,66060,65050,65050,65800,63779.33984375,1086700,71504860000
2021-12-29,GAS,66260,64910,66260,65050,63064.1796875,458100,29799405000
2021-12-30,GAS,65990,65050,65720,65050,63064.1796875,580600,37768030000
2021-12-31,GAS,65319,64450,65319,64519,62544.05859375,674800,43537421200
2022-01-04,GAS,68330,64989,64989,68330,66249.8984375,1730300,118231399000
2022-01-05,GAS,70690,68740,68870,70410,68265.34375,2082700,146642907000
2022-01-06,GAS,70350,69010,69740,69550,67420.1640625,827700,57566535000
2022-01-07,GAS,73300,69270,70090,72100,69890.7109375,1777900,128186590000
2022-01-10,GAS,72100,69070,72100,69410,66314.90625,803600,55777876000
2022-01-11,GAS,70090,68400,69070,69270,67160.0859375,650100,45032427000
2022-01-12,GAS,73030,70410,70410,72420,70215.7890625,1475800,106877436000
2022-01-13,GAS,74440,70410,73170,70410,68265.34375,772800,54412848000
2022-01-14,GAS,71420,69410,69740,70760,68590.421875,539400,38167944000
2022-01-17,GAS,73560,65850,71560,70140,68005.28125,1451600,101815224000
2022-01-18,GAS,72420,69740,69740,71750,69565.6328125,931200,66813600000
2022-01-19,GAS,73030,70760,72500,71750,69565.6328125,664500,47677875000
2022-01-20,GAS,72830,70760,71750,72830,70605.859375,717300,52240959000
2022-01-21,GAS,72970,70220,72420,72030,69825.6953125,1063800,76625514000
2022-01-24,GAS,73100,71620,71750,71830,69630.6484375,1029200,73927436000
2022-01-25,GAS,73430,69740,71090,73430,71191.015625,1322100,97081803000
2022-01-26,GAS,75780,73100,73970,75250,72946.3984375,1440600,108405150000
2022-01-27,GAS,77060,73900,75440,74970,72686.3359375,911500,68335155000
2022-01-28,GAS,75780,71420,75050,73100,70865.921875,1656400,121082840000
2022-02-07,GAS,77800,75170,76320,76920,74571.765625,926300,71250996000
2022-02-08,GAS,77450,75520,76790,76450,74116.6484375,637800,48759810000
2022-02-09,GAS,76180,73770,75780,73770,71516.078125,1828900,134917953000
2022-02-10,GAS,75650,73770,75110,75110,72816.3671875,859800,64579578000
2022-02-11,GAS,75650,74440,75440,74440,72166.21875,483000,35954520000
2022-02-14,GAS,79130,75650,76180,77800,75416.9453125,1817900,141432620000
2022-02-15,GAS,80210,76180,77800,78730,75416.9453125,1425600,112237488000
2022-02-16,GAS,77720,75780,76790,76790,74441.7265625,723400,55549886000
2022-02-17,GAS,79600,76250,76720,79600,77172.3515625,1128100,89796760000
2022-02-18,GAS,79600,77330,78130,78470,76067.1015625,732400,57471428000
2022-02-21,GAS,78470,77450,78130,77670,75286.9140625,332600,25833042000
2022-02-22,GAS,79460,77800,79130,78130,75742.0234375,721200,56347356000
2022-02-23,GAS,80810,77990,78870,78470,76067.1015625,1292100,101391087000
2022-02-24,GAS,82160,78670,79130,79810,77367.390625,1890000,150840900000
2022-02-25,GAS,81950,78190,80540,78600,76197.125,1320300,103775580000
2022-02-28,GAS,80210,78470,79810,79130,76717.2421875,940300,74405939000
2022-03-01,GAS,79810,77860,79810,78940,76522.1953125,1037700,81916038000
2022-03-02,GAS,81270,79130,80480,79930,77497.421875,1558200,124546926000
2022-03-03,GAS,81740,79810,81740,80950,78472.640625,1368500,110780075000
2022-03-04,GAS,80480,79130,80480,79130,76717.2421875,1555800,123110454000
2022-03-07,GAS,84170,82160,84170,83560,81008.21875,2253000,188260680000
2022-03-08,GAS,84370,80540,82220,80950,78472.640625,1426800,115499460000
2022-03-09,GAS,83960,80950,82350,81950,79447.8671875,1297600,106338320000
2022-03-10,GAS,80340,78320,79130,79460,77042.3125,963500,76559710000
2022-03-11,GAS,79130,75310,79130,75720,73401.5,1619500,122628540000
2022-03-14,GAS,75110,71090,73770,71090,68915.4921875,1389300,98765337000
2022-03-15,GAS,72420,68400,69740,72420,70215.7890625,967000,70030140000
2022-03-16,GAS,73770,71090,72770,73230,70995.953125,617000,45182910000
2022-03-17,GAS,73640,71960,72500,71960,68915.4921875,524600,37750216000
2022-03-18,GAS,73640,72100,72420,73030,70800.90625,601000,43891030000
2022-03-21,GAS,77120,73030,73360,76450,74116.6484375,830800,63514660000
2022-03-22,GAS,78130,76120,77120,77120,74766.8046875,788400,60801408000
2022-03-23,GAS,77260,75170,76660,75310,73011.421875,620500,46729855000
2022-03-24,GAS,77120,75050,77060,75310,73011.421875,596000,44884760000
2022-03-25,GAS,76450,72420,76390,74240,71971.171875,385200,28597248000
2022-03-28,GAS,75780,73970,74310,74120,71841.1484375,357200,26475664000
2022-03-29,GAS,75780,73030,73770,75050,72751.3515625,689800,51769490000
2022-03-30,GAS,74710,73170,74370,73830,71581.09375,590500,43596615000
2022-03-31,GAS,75050,72570,73770,72620,70410.828125,374200,27174404000
2022-04-01,GAS,74370,71750,72300,73560,71321.03125,429800,31616088000
2022-04-04,GAS,75720,73700,73830,75380,73076.4296875,610500,46019490000
2022-04-05,GAS,76980,74440,75580,76660,74311.703125,727800,55793148000
2022-04-06,GAS,78130,75910,76720,76250,73921.609375,832600,63485750000
2022-04-07,GAS,77120,75050,76250,75650,73336.484375,729000,55148850000
2022-04-08,GAS,76790,73900,76320,73900,71646.09375,617300,45618470000
2022-04-12,GAS,75440,71750,74240,73030,70800.90625,632900,46220687000
2022-04-13,GAS,74120,72370,73170,73830,71581.09375,513600,37919088000
2022-04-14,GAS,75440,74640,74710,74840,72556.3046875,461700,34553628000
2022-04-15,GAS,79130,75110,75440,77190,74831.828125,1786900,137930811000
2022-04-18,GAS,79070,76590,78320,77330,74961.8515625,848000,65575840000
2022-04-19,GAS,78790,76390,78790,76390,74051.6484375,676400,51670196000
2022-04-20,GAS,76180,71420,76180,71490,69305.578125,1409200,100743708000
2022-04-21,GAS,72620,69070,69740,70410,68265.34375,1072500,75514725000
2022-04-22,GAS,75310,67070,70480,75310,73011.421875,1337900,100757249000
2022-04-25,GAS,75310,70090,73100,70090,67940.2734375,684200,47955578000
2022-04-26,GAS,73100,65800,68400,73100,70865.921875,669700,48955070000
2022-04-27,GAS,74780,70090,70090,74440,72166.21875,789600,58777824000
2022-04-28,GAS,73970,72220,73970,72220,70020.7421875,215400,15556188000
2022-04-29,GAS,72700,70410,71750,71090,68915.4921875,548300,38978647000
2022-05-04,GAS,73770,71890,72160,72420,70215.7890625,521100,37738062000
2022-05-05,GAS,74440,73030,74440,73360,71125.9921875,351200,25764032000
2022-05-06,GAS,73700,71420,71420,73640,71386.046875,576300,42438732000
2022-05-09,GAS,73100,69070,73100,70350,68200.3203125,571900,40233165000
2022-05-10,GAS,72500,67070,67400,72420,70215.7890625,645200,46725384000
2022-05-11,GAS,73430,71090,71960,73030,70800.90625,328500,23990355000
2022-05-12,GAS,72420,69480,72420,70810,68655.4296875,833900,59048459000
2022-05-13,GAS,71420,67070,69950,67070,65014.6171875,899400,60322758000
2022-05-16,GAS,69480,63710,69070,63710,61763.88671875,955900,60900389000
2022-05-17,GAS,67660,63040,63710,67660,65599.7421875,516700,34959922000
2022-05-18,GAS,71360,67260,67730,70410,68265.34375,909900,64066059000
2022-05-19,GAS,71420,66730,66730,70950,68785.4609375,1136600,80641770000
2022-05-20,GAS,71560,69480,70760,70090,67940.2734375,292900,20529361000
2022-05-23,GAS,70880,68940,70760,69410,67290.125,541100,37557751000
2022-05-24,GAS,71690,68810,69410,70950,68785.4609375,840400,59626380000
2022-05-25,GAS,72700,70950,71280,72700,70475.828125,764900,55608230000
2022-05-26,GAS,74580,71090,73770,72160,69955.7265625,565300,40792048000
2022-05-27,GAS,74580,72770,72770,73770,71516.078125,404700,29854719000
2022-05-30,GAS,75310,73640,74910,73770,71516.078125,682000,50311140000
2022-05-31,GAS,78940,73430,74310,78940,76522.1953125,2358100,186148414000
2022-06-01,GAS,83090,78470,79600,81150,78667.6796875,1740200,141217230000
2022-06-02,GAS,82480,78990,80480,79740,78667.6796875,1399300,111580182000
2022-06-03,GAS,83830,79130,79130,83280,80748.1484375,2364500,196915560000
2022-06-06,GAS,88860,84170,84170,87120,84453.984375,2646200,230536944000
2022-06-07,GAS,87850,83240,87120,87180,84518.9921875,2035900,177489762000
2022-06-08,GAS,88460,86030,87180,86450,83803.8359375,1703300,147250285000
2022-06-09,GAS,87310,85300,86450,85570,82958.640625,1293800,110710466000
2022-06-10,GAS,85570,79600,84830,79600,77172.3515625,2455800,195481680000
2022-06-13,GAS,81880,76790,77120,79130,76717.2421875,1737200,137464636000
2022-06-14,GAS,84500,79200,80480,84500,81918.4140625,1357700,114725650000
2022-06-15,GAS,85910,81010,83160,83160,80618.1171875,2223400,184897944000
2022-06-16,GAS,88460,82350,83900,85840,83218.703125,2330800,200075872000
2022-06-17,GAS,89860,83490,83830,89860,87119.578125,1558000,140001880000
2022-06-20,GAS,88530,83630,87850,83630,81073.21875,1717900,143667977000
2022-06-21,GAS,85370,77800,83160,80140,77692.46875,2345500,187968370000
2022-06-22,GAS,80480,74580,79460,74580,72296.25,1887400,140762292000
2022-06-23,GAS,79740,73770,73770,78320,75937.0625,1113700,87224984000
2022-06-24,GAS,78940,76320,78320,76450,74116.6484375,806000,61618700000
2022-06-27,GAS,78940,76450,77120,76720,74376.71875,903600,69324192000
2022-06-28,GAS,78870,77390,78130,77800,75416.9453125,798300,62107740000
2022-06-29,GAS,79130,76660,77800,78470,76067.1015625,968700,76013889000
2022-06-30,GAS,80140,77450,78130,77450,75091.875,1008200,78085090000
2022-07-01,GAS,77670,73770,76980,75780,73466.515625,974500,73847610000
2022-07-04,GAS,77510,74760,77230,74810,72531.4765625,462800,34622068000
2022-07-05,GAS,76330,70270,75100,70960,68791.3671875,1503400,106681264000
2022-07-06,GAS,68830,66000,68620,66000,63982.64453125,1689000,111474000000
2022-07-07,GAS,66480,63790,64830,64830,62847.26953125,628400,40739172000
2022-07-08,GAS,67640,65459,67170,65860,63849.078125,692300,45594878000
2022-07-11,GAS,66760,65370,65800,65370,63381.5703125,477100,31188027000
2022-07-12,GAS,68210,65590,65590,68210,63381.5703125,779400,53162874000
2022-07-13,GAS,66830,65720,66830,66340,64316.58984375,896400,59467176000
2022-07-14,GAS,68340,66830,66830,68060,65986.28125,697700,47485462000
2022-07-15,GAS,68130,66830,68060,67170,65118.04296875,516900,34720173000
2022-07-18,GAS,67860,66480,67250,67170,65118.04296875,567900,38145843000
2022-07-19,GAS,70270,67730,68060,70210,68056.7109375,933900,65569119000
2022-07-20,GAS,71720,70270,71300,70960,68791.3671875,894600,63480816000
2022-07-21,GAS,72340,69930,70890,71720,69526.0390625,862900,61887188000
2022-07-22,GAS,75720,71640,71640,74270,71997.1796875,1087700,80783479000
2022-07-25,GAS,75440,71930,74060,72130,69926.765625,543700,39217081000
2022-07-26,GAS,74200,71640,74200,72130,69926.765625,483400,34867642000
2022-07-27,GAS,72610,71300,72060,72130,69926.765625,374600,27019898000
2022-07-28,GAS,75570,72690,73720,73230,70995.3671875,508900,37266747000
2022-07-29,GAS,75440,73570,74410,74060,71796.8203125,530100,39259206000
2022-08-01,GAS,75440,73570,74060,74330,72063.96875,424900,31582817000
2022-08-02,GAS,74680,72820,74060,73720,72264.3359375,369900,27269028000
2022-08-03,GAS,77840,74410,74610,77160,74802.265625,583600,45030576000
2022-08-04,GAS,77090,74760,76810,75100,72798.6328125,769800,57811980000
2022-08-05,GAS,75780,73360,74270,75440,73132.5859375,726100,54776984000
2022-08-08,GAS,77160,74410,75160,76470,74134.390625,350600,26810382000
2022-08-09,GAS,77510,75780,76690,77160,74802.265625,368600,28441176000
2022-08-10,GAS,77300,75850,76470,76400,74067.6015625,389600,29765440000
2022-08-11,GAS,78470,76690,77160,77840,75470.1484375,846900,65922696000
2022-08-12,GAS,79850,77840,77840,78810,76405.171875,363800,28671078000
2022-08-15,GAS,79360,77650,79230,78530,76138.015625,404300,31749679000
2022-08-16,GAS,78530,77160,77840,78190,75804.0859375,326200,25505578000
2022-08-17,GAS,79160,76810,78530,77440,75069.421875,879200,68085248000
2022-08-18,GAS,81220,77090,77840,78320,75937.65625,987400,77333168000
2022-08-19,GAS,81290,78810,79160,79640,77206.625,536800,42750752000
2022-08-22,GAS,80600,79020,79500,79160,76739.1171875,370200,29305032000
2022-08-23,GAS,80810,79570,79570,80600,78141.65625,446500,35987900000
2022-08-24,GAS,82320,80600,81290,80810,78342.015625,358100,28938061000
2022-08-25,GAS,81990,80260,81220,80260,77807.71875,424500,34070370000
2022-08-26,GAS,80260,79290,80260,79360,76939.484375,491500,39005440000
2022-08-29,GAS,80950,78680,78680,80950,78475.59375,669800,54220310000
2022-08-30,GAS,82670,80600,81020,81910,79410.625,725100,59392941000
2022-08-31,GAS,81990,80540,81160,80680,78208.4453125,429300,34635924000
2022-09-05,GAS,80950,79710,80120,80200,77740.9296875,325500,26105100000
2022-09-06,GAS,81160,80200,80950,80260,77807.71875,247300,19848298000
2022-09-07,GAS,79910,77160,79910,77160,74802.265625,846100,65285076000
2022-09-08,GAS,78190,76200,77840,77030,74668.6953125,315200,24279856000
2022-09-09,GAS,78530,76880,77780,78530,76138.015625,332700,26126931000
2022-09-12,GAS,79500,78190,78530,78320,75937.65625,364100,28516312000
2022-09-13,GAS,79090,77710,78270,78680,76271.5859375,246500,19394620000
2022-09-14,GAS,78320,77030,77360,77510,75136.203125,317100,24578421000
2022-09-15,GAS,78680,76600,78530,77030,74668.6953125,566200,43614386000
2022-09-16,GAS,77840,76120,76470,76470,74134.390625,498800,38143236000
2022-09-19,GAS,77710,74410,76470,74410,72130.765625,501200,37294292000
2022-09-20,GAS,75780,74060,75780,75160,72865.421875,403400,30319544000
2022-09-21,GAS,75720,74610,75160,75100,72798.6328125,216700,16274170000
2022-09-22,GAS,76740,74950,75100,76470,74134.390625,232400,17771628000
2022-09-23,GAS,78880,76470,76740,77510,75136.203125,361700,28035367000
2022-09-26,GAS,78680,76470,76470,78270,75870.875,666700,52182609000
2022-09-27,GAS,78530,76470,78530,76810,74468.328125,215200,16529512000
2022-09-28,GAS,77300,71640,75780,71640,69459.2578125,662800,47482992000
2022-09-29,GAS,74200,72340,73360,72340,70127.125,307600,22251784000
2022-09-30,GAS,77160,69850,70270,75780,73466.515625,719100,54493398000
2022-10-03,GAS,75100,73230,75100,73720,71462.875,367400,27084728000
2022-10-04,GAS,75100,71300,73780,73020,70795.0078125,260400,19014408000
2022-10-05,GAS,75020,73090,73090,73720,71462.875,402300,29657556000
2022-10-06,GAS,74760,73650,73850,73650,71396.09375,447800,32980470000
2022-10-07,GAS,73650,70270,73650,70270,68123.4921875,334000,23470180000
2022-10-10,GAS,75160,70270,70270,73020,70795.0078125,431000,31471620000
2022-10-11,GAS,75160,72340,73020,73090,70861.7890625,508200,37144338000
2022-10-12,GAS,74270,72400,72400,73720,71462.875,169800,12517656000
2022-10-13,GAS,74540,72400,72960,74410,72130.765625,544600,40523686000
2022-10-14,GAS,75920,74410,74470,75640,73332.9375,387800,29333192000
2022-10-17,GAS,77990,73850,74330,76810,74468.328125,300100,23050681000
2022-10-18,GAS,77990,76470,77990,76470,74134.390625,448500,34296795000
2022-10-19,GAS,77840,74410,76540,75160,72865.421875,423200,31807712000
2022-10-20,GAS,76470,74540,75100,76400,74067.6015625,165200,12621280000
2022-10-21,GAS,77570,73850,76400,73850,71596.4609375,468300,34583955000
2022-10-24,GAS,75020,73360,73850,73850,71596.4609375,503600,37190860000
2022-10-25,GAS,75100,72750,73850,73850,71596.4609375,367300,27125105000
2022-10-26,GAS,74540,73650,73850,74410,72130.765625,181800,13527738000
2022-10-27,GAS,76600,73780,75020,75780,73466.515625,468600,35510508000
2022-10-28,GAS,76470,75100,75850,75100,72798.6328125,194100,14576910000
2022-10-31,GAS,76540,74760,75100,76540,74201.1875,156300,11963202000
2022-11-01,GAS,78190,75230,76740,75780,73466.515625,451300,34199514000
2022-11-02,GAS,78190,74880,76200,75780,73466.515625,584100,44263098000
2022-11-03,GAS,77300,75780,77030,76740,74401.5390625,162300,12454902000
2022-11-04,GAS,77160,74470,76740,76470,74134.390625,329600,25204512000
2022-11-07,GAS,78190,76810,76810,77780,75403.359375,404900,31493122000
2022-11-08,GAS,79230,77780,78470,78810,76405.171875,381600,30073896000
2022-11-09,GAS,80950,78810,78880,80200,77740.9296875,404800,32464960000
2022-11-10,GAS,80470,75780,79290,78120,75737.296875,276200,21576744000
2022-11-11,GAS,80260,78270,78270,78470,76071.2421875,170100,13347747000
2022-11-14,GAS,79910,76330,78320,78400,76004.453125,350400,27471360000
2022-11-15,GAS,78880,75100,78400,76810,74468.328125,421000,32337010000
2022-11-16,GAS,80600,72690,72690,80600,78141.65625,314700,25364820000
2022-11-17,GAS,82670,79640,79640,82470,79944.921875,442400,36484728000
2022-11-18,GAS,82250,77160,82050,78740,76338.3828125,398600,31385764000
2022-11-21,GAS,78880,76120,78740,76690,74334.75,172200,13206018000
2022-11-22,GAS,79160,75160,76540,75230,72932.2109375,314100,23629743000
2022-11-23,GAS,76950,74410,75510,74540,72264.3359375,227700,16972758000
2022-11-24,GAS,75100,72340,75100,72880,70661.4296875,474500,34581560000
2022-11-25,GAS,74060,71640,73720,72200,69993.5546875,398800,28793360000
2022-11-28,GAS,77230,71640,72200,77230,74869.0546875,370200,28590546000
2022-11-29,GAS,78470,75020,77160,77160,74802.265625,405200,31265232000
2022-11-30,GAS,77160,75780,77160,75920,73600.078125,282900,21477768000
2022-12-01,GAS,77160,72340,77160,73360,71128.9453125,514400,37736384000
2022-12-02,GAS,77840,73360,73360,76600,74267.96875,572000,43815200000
2022-12-05,GAS,78270,76260,77840,77990,75603.71875,500600,39041794000
2022-12-06,GAS,78190,75100,77840,75440,73132.5859375,494500,37305080000
2022-12-07,GAS,76810,73570,75440,73570,71329.3046875,336900,24785733000
2022-12-08,GAS,76400,73020,74470,73020,70795.0078125,465900,34020018000
2022-12-09,GAS,74760,73020,74330,73020,70795.0078125,374700,27360594000
2022-12-12,GAS,74680,72340,74410,72340,70127.125,350200,25333468000
2022-12-13,GAS,74060,72400,73650,72750,70527.8515625,400900,29165475000
2022-12-14,GAS,74410,73360,73440,74060,71796.8203125,277500,20551650000
2022-12-15,GAS,74410,72750,73720,73230,70995.3671875,504800,36966504000
2022-12-16,GAS,74330,72880,73230,73300,71062.15625,256100,18772130000
2022-12-19,GAS,73570,72480,73020,72480,70260.703125,449500,32579760000
2022-12-20,GAS,72690,71370,72340,72200,69993.5546875,218300,15761260000
2022-12-21,GAS,73020,71300,73020,71300,69125.3125,198400,14145920000
2022-12-22,GAS,72340,69720,72340,69720,67589.1953125,254000,17708880000
2022-12-23,GAS,71510,69930,70610,69930,67789.546875,261500,18286695000
2022-12-26,GAS,72060,70340,70340,70690,68524.21875,332400,23497356000
2022-12-27,GAS,71640,70960,71580,71580,68858.15625,33100,2369298000
2022-12-28,GAS,71640,70410,71370,70960,68791.3671875,221800,15738928000
2022-12-29,GAS,71580,70690,71580,70690,68524.21875,97600,6899344000
2022-12-30,GAS,70810,69930,70690,69930,67789.546875,141500,9895095000
2023-01-03,GAS,72340,70210,70270,72340,70127.125,287800,20819452000
2023-01-04,GAS,72690,71640,72690,72340,70127.125,225000,16276500000
2023-01-05,GAS,73510,71990,72340,73440,71195.734375,270100,19836144000
2023-01-06,GAS,73650,72060,73360,72130,69926.765625,138800,10011644000
2023-01-09,GAS,72750,71640,72540,71990,69793.1875,153500,11050465000
2023-01-10,GAS,72060,71030,71990,72060,69859.96875,256300,18468978000
2023-01-11,GAS,72610,71720,72270,71790,69592.828125,108100,7760499000
2023-01-12,GAS,72480,71790,71790,72340,70127.125,236800,17130112000
2023-01-13,GAS,72690,71930,72060,71990,69793.1875,193100,13901269000
2023-01-16,GAS,72200,70960,72200,70960,68791.3671875,244900,17378104000
2023-01-17,GAS,72130,70610,70960,71790,69592.828125,290300,20840637000
2023-01-18,GAS,72820,71790,72270,71850,69659.609375,151800,10906830000
2023-01-19,GAS,72270,71300,72130,71990,69793.1875,249800,17983102000
2023-01-27,GAS,75920,72400,72400,74540,72264.3359375,535400,39908716000
2023-01-30,GAS,75160,73440,75100,73440,71195.734375,267500,19645200000
2023-01-31,GAS,74060,72750,73440,73230,70995.3671875,283700,20775351000
2023-02-01,GAS,76200,73020,73650,73440,71195.734375,732800,53816832000
2023-02-02,GAS,74410,73300,73720,73720,71462.875,293900,21666308000
2023-02-03,GAS,73720,72480,73570,72480,70260.703125,258900,18765072000
2023-02-06,GAS,73720,71790,72480,73020,70795.0078125,242000,17670840000
2023-02-07,GAS,74270,72340,73510,73230,70995.3671875,287400,21046302000
2023-02-08,GAS,74410,73170,73230,73930,71663.2421875,273500,20219855000
2023-02-09,GAS,74950,73930,74330,74470,72197.546875,314600,23428262000
2023-02-10,GAS,74470,73090,74470,73090,70861.7890625,202400,14793416000
2023-02-13,GAS,74270,72540,73090,72960,70728.2109375,201400,14694144000
2023-02-14,GAS,73720,72750,73230,72750,70527.8515625,108200,7871550000
2023-02-15,GAS,74060,72820,73020,73780,71529.6640625,181700,13405826000
2023-02-16,GAS,75020,73300,73300,74330,72063.96875,261100,19407563000
2023-02-17,GAS,74330,73510,74060,73850,71596.4609375,186300,13758255000
2023-02-20,GAS,75100,73930,73930,75100,72798.6328125,200100,15027510000
2023-02-21,GAS,75440,74610,74760,74610,72331.125,216200,16130682000
2023-02-22,GAS,75780,73650,74060,73720,71462.875,240700,17744404000
2023-02-23,GAS,74130,72200,74130,72880,70661.4296875,174700,12732136000
2023-02-24,GAS,74060,72340,73020,73360,71128.9453125,127400,9346064000
2023-02-27,GAS,73360,70960,73360,71640,69459.2578125,245200,17566128000
2023-02-28,GAS,72610,71240,72340,71300,69125.3125,73500,5240550000
2023-03-01,GAS,72960,71100,71100,72400,70193.90625,113000,8181200000
2023-03-02,GAS,72880,72060,72340,72340,70127.125,115100,8326334000
2023-03-03,GAS,72960,70810,72960,71990,69793.1875,184400,13274956000
2023-03-06,GAS,72690,71370,72340,71440,69258.8984375,91900,6565336000
2023-03-07,GAS,72690,71580,72270,71990,69793.1875,203700,14664363000
2023-03-08,GAS,72960,71440,71510,72960,70728.2109375,147800,10783488000
2023-03-09,GAS,74330,72540,72540,73570,71329.3046875,190600,14022442000
2023-03-10,GAS,73930,72690,73230,73720,71462.875,229400,16911368000
2023-03-13,GAS,74760,72960,73720,74470,72197.546875,347000,25841090000
2023-03-14,GAS,74410,72690,73230,74200,71930.3984375,185000,13727000000
2023-03-15,GAS,74410,73440,74200,73720,71462.875,196300,14471236000
2023-03-16,GAS,73720,71790,73720,72060,69859.96875,277700,20011062000
2023-03-17,GAS,73170,71440,72540,71440,69258.8984375,226600,16188304000
2023-03-20,GAS,72060,70890,71640,70960,68791.3671875,189500,13446920000
2023-03-21,GAS,71640,70690,71100,71100,68924.9453125,112000,7963200000
2023-03-22,GAS,71640,70760,71640,70890,68724.5859375,113100,8017659000
2023-03-23,GAS,70960,70270,70610,70550,68457.4375,83700,5905035000
2023-03-24,GAS,71370,70340,70690,70340,68390.65625,240100,16888634000
2023-03-27,GAS,71030,70410,70610,70410,68123.4921875,51400,3619074000
2023-03-28,GAS,71720,70550,70550,71580,69258.8984375,257000,18396060000
2023-03-29,GAS,71440,70690,71440,70890,68657.7890625,65900,4671651000
2023-03-30,GAS,71580,70610,70960,70760,68390.65625,122700,8682252000
2023-03-31,GAS,71100,70130,70550,70270,68123.4921875,208500,14651295000
2023-04-03,GAS,71510,70270,71370,70550,68457.4375,311600,21983380000
2023-04-04,GAS,71300,70130,71300,70270,68056.7109375,514500,36153915000
2023-04-05,GAS,70890,70130,70890,70210,68056.7109375,189300,13290753000
2023-04-06,GAS,70760,69850,70760,70060,67789.546875,286900,20100214000
2023-04-07,GAS,70210,69650,69850,69790,67589.1953125,89500,6246205000
2023-04-10,GAS,70060,68620,69650,68690,66453.796875,398700,27386703000
2023-04-11,GAS,69170,68540,68540,68690,66720.9609375,213700,14679053000
2023-04-12,GAS,69650,68620,68880,68690,66654.1640625,269100,18484479000
2023-04-13,GAS,69510,68690,69510,68880,66787.7421875,165000,11365200000
2023-04-14,GAS,69370,67860,69370,67930,65518.77734375,225100,15291043000
2023-04-17,GAS,67930,66890,67640,67090,64917.6796875,227300,15249557000
2023-04-18,GAS,67380,66610,67170,66690,64650.52734375,178600,11910834000
2023-04-19,GAS,67380,65510,67170,65590,63849.078125,311500,20431285000
2023-04-20,GAS,67170,65860,66130,66340,64116.23046875,267200,17726048000
2023-04-21,GAS,66690,65590,66690,65720,63715.5078125,414800,27260656000
2023-04-24,GAS,65930,64410,65800,64550,62179.3828125,505900,32655845000
2023-04-25,GAS,64760,63380,64760,63450,61444.71875,278500,17670825000
2023-04-26,GAS,64890,63100,63100,64280,62379.7421875,302400,19438272000
2023-04-27,GAS,64890,63580,64480,63720,61578.296875,281800,17956296000
2023-04-28,GAS,64280,63580,64280,63790,61979.0234375,150400,9594016000
2023-05-04,GAS,63930,63100,63450,63380,61444.71875,204200,12942196000
2023-05-05,GAS,63660,63100,63380,63100,61377.93359375,153000,9654300000
2023-05-08,GAS,64129,63520,63520,64069,62179.3828125,244200,15645649800
2023-05-09,GAS,65250,64410,64410,64830,62847.26953125,262800,17037324000
2023-05-10,GAS,65170,63930,65170,64129,62246.17578125,237500,15230637500
2023-05-11,GAS,64620,63520,64410,63720,61578.296875,385400,24557688000
2023-05-12,GAS,63930,63380,63380,63720,61778.6640625,244400,15573168000
2023-05-15,GAS,64690,63580,64069,63580,61578.296875,366200,23282996000
2023-05-16,GAS,64209,63520,64069,63520,61711.87109375,233100,14806512000
2023-05-17,GAS,64069,63240,63720,63240,61377.93359375,282500,17865300000
2023-05-18,GAS,64410,63240,63380,64349,62112.59765625,480900,30945434100
2023-05-19,GAS,65800,64129,64209,64890,63381.5703125,817500,53047575000
2023-05-22,GAS,65860,64760,65800,65099,63247.984375,298400,19425541600
2023-05-23,GAS,65370,64129,65370,64410,62246.17578125,397800,25622298000
2023-05-24,GAS,64550,63720,64550,63720,62246.17578125,413900,26373708000
2023-05-25,GAS,65310,63720,64069,65250,63247.984375,611300,39887325000
2023-05-26,GAS,65720,64410,65720,64550,62580.11328125,428800,27679040000
2023-05-29,GAS,65030,64410,64760,64620,62646.90234375,415700,26862534000
2023-05-30,GAS,64760,63930,64620,64010,62045.8125,586500,37541865000
2023-05-31,GAS,64209,63930,63930,63930,61979.0234375,405400,25917222000
2023-06-01,GAS,64410,63380,64410,63380,61444.71875,548100,34738578000
2023-06-02,GAS,63930,63380,63580,63380,61444.71875,574800,36430824000
2023-06-05,GAS,64760,63790,63790,64760,62780.4765625,521600,33778816000
2023-06-06,GAS,66000,64970,65099,65510,63515.140625,837700,54877727000
2023-06-07,GAS,65800,64620,65590,65099,63114.40625,706700,46005463300
2023-06-08,GAS,65590,64280,65459,64480,62513.3203125,632000,40751360000
2023-06-09,GAS,64830,64209,64480,64550,62580.11328125,288800,18642040000
2023-06-12,GAS,65030,64010,65030,64690,62713.68359375,490200,31711038000
2023-06-13,GAS,65030,64480,64970,64760,62780.4765625,582100,37696796000
2023-06-14,GAS,65930,64830,64830,65170,63181.19921875,760100,49535717000
2023-06-15,GAS,67380,65250,65370,66550,64516.95703125,1299100,86455105000
2023-06-16,GAS,67090,65800,66960,65800,63782.29296875,589800,38808840000
2023-06-19,GAS,66760,65590,65930,65590,63581.921875,637900,41839861000
2023-06-20,GAS,66480,65310,65590,66480,64450.17578125,508200,33785136000
2023-06-21,GAS,66480,65650,66480,66000,63982.64453125,483500,31911000000
2023-06-22,GAS,66480,65800,66000,65860,63982.64453125,812800,53531008000
2023-06-23,GAS,66340,65459,66340,65590,63581.921875,628300,41210197000
2023-06-26,GAS,66340,65510,65590,66130,64116.23046875,942400,62320912000
2023-06-27,GAS,66830,66130,66610,66340,64316.58984375,510600,33873204000
2023-06-28,GAS,66760,65720,66760,65720,63715.5078125,762500,50111500000
2023-06-29,GAS,66000,65170,65800,65170,63181.19921875,710100,46277217000
2023-06-30,GAS,65459,64069,65170,64069,62112.59765625,681400,43656616600
2023-07-03,GAS,65099,64480,64620,64760,62780.4765625,380900,24667084000
2023-07-04,GAS,65720,64830,65030,65510,63515.140625,498400,32650184000
2023-07-05,GAS,65650,64970,65650,64970,62980.84375,410400,26663688000
2023-07-06,GAS,66480,65250,65459,65590,63581.921875,1374300,90140337000
2023-07-07,GAS,66550,65650,65930,66130,64116.23046875,672500,44472425000
2023-07-10,GAS,67250,66410,66480,67170,65118.04296875,1125900,75626703000
2023-07-11,GAS,67520,66830,67380,66960,64917.6796875,719600,48184416000
2023-07-12,GAS,67250,66280,67250,66480,64450.17578125,568500,37793880000
2023-07-13,GAS,68620,66550,66830,68410,66320.21875,1368300,93605403000
2023-07-14,GAS,69230,67860,68540,68210,66119.859375,695200,47419592000
2023-07-17,GAS,68340,67580,68270,68210,66119.859375,514100,35066761000
2023-07-18,GAS,69170,67860,68210,68760,66654.1640625,742300,51040548000
2023-07-19,GAS,69100,68130,69100,68130,66053.078125,526000,35836380000
2023-07-20,GAS,68340,67170,68000,68000,65919.4921875,562600,38256800000
2023-07-21,GAS,68480,67580,68000,68480,66387.015625,532600,36472448000
2023-07-24,GAS,68830,67790,68690,67860,65785.921875,539100,36583326000
2023-07-25,GAS,68620,67860,68060,68060,65986.28125,413300,28129198000
2023-07-26,GAS,68060,67640,68060,67640,65585.5625,390200,26393128000
2023-07-27,GAS,68060,67580,67860,67640,65585.5625,468200,31669048000
2023-07-28,GAS,68620,67520,67520,68540,66453.796875,537300,36826542000
2023-07-31,GAS,70690,68970,68970,70000,67856.3359375,1189900,83293000000
2023-08-01,GAS,70470,69370,70470,69370,67255.2578125,608900,42239393000
2023-08-02,GAS,70000,68830,69580,69170,67054.890625,330500,22860685000
2023-08-03,GAS,69230,68620,69170,68620,66520.59375,451000,30947620000
2023-08-04,GAS,69510,68480,68620,69100,66988.09375,544800,37645680000
2023-08-07,GAS,69790,68830,69790,69510,67388.828125,351200,24411912000
2023-08-08,GAS,69850,69310,69510,69720,67589.1953125,529700,36930684000
2023-08-09,GAS,69850,69310,69850,69580,67455.6171875,371500,25848970000
2023-08-10,GAS,71440,69930,70210,70270,68123.4921875,771900,54241413000
2023-08-11,GAS,70270,69370,70130,69930,67789.546875,344200,24069906000
2023-08-14,GAS,70210,69230,70000,69310,67188.4609375,549300,38071983000
2023-08-15,GAS,69370,68970,69370,69170,67054.890625,326400,22577088000
2023-08-16,GAS,69850,68880,69170,69020,66921.3203125,403400,27842668000
2023-08-17,GAS,69580,68620,68880,68880,66787.7421875,416400,28681632000
2023-08-18,GAS,68830,67250,68830,67250,65184.82421875,905200,60874700000
2023-08-21,GAS,68480,67580,67930,68270,66186.6484375,451700,30837559000
2023-08-22,GAS,69580,68210,68540,69100,66988.09375,598300,41342530000
2023-08-23,GAS,70340,69100,69100,70210,68056.7109375,724300,50853103000
2023-08-24,GAS,70610,70210,70610,70550,68390.65625,553400,39042370000
2023-08-25,GAS,70550,69580,70550,69850,67722.765625,539600,37691060000
2023-08-28,GAS,71510,70130,70470,71100,68924.9453125,687500,48881250000
2023-08-29,GAS,72100,70950,72100,71310,69132.5546875,543100,38728461000
2023-08-30,GAS,71380,70520,71380,70880,68717.34375,426600,30237408000
2023-08-31,GAS,71030,70390,70880,70390,68232.9296875,573700,40382743000
2023-09-05,GAS,71530,70460,71530,71100,68924.953125,420600,29904660000
2023-09-06,GAS,72670,71170,71310,72450,70239.78125,547900,39695355000
2023-09-07,GAS,73660,71810,72380,73450,71208.6015625,911900,66979055000
2023-09-08,GAS,73740,72960,73450,72960,70724.1953125,548900,40047744000
2023-09-11,GAS,73880,72170,73880,72380,70170.578125,371800,26910884000
2023-09-12,GAS,73950,72170,72960,73310,71070.203125,588800,43164928000
2023-09-13,GAS,75880,73310,73600,75380,73077.046875,1296300,97715094000
2023-09-14,GAS,77030,74600,75380,75660,73353.8671875,552900,41832414000
2023-09-15,GAS,78310,75740,76390,78230,75845.1328125,793000,62036390000
2023-09-18,GAS,79880,77090,78450,77810,75429.9140625,469500,36531795000
2023-09-19,GAS,79240,76810,77810,78520,76121.921875,404100,31729932000
2023-09-20,GAS,78520,77370,78520,77810,75429.9140625,428400,33333804000
2023-09-21,GAS,77810,76030,77520,76030,73699.875,774100,58854823000
2023-09-22,GAS,77950,76070,77010,77860,75485.2734375,730800,56900088000
2023-09-25,GAS,78800,76230,77860,76670,74322.6875,507700,38925359000
2023-09-26,GAS,77260,76070,76670,76070,73741.390625,441600,33592512000
2023-09-27,GAS,76670,73660,76230,76150,73824.4296875,570500,43443575000
2023-09-28,GAS,78380,76150,76920,78380,75983.5234375,924000,72423120000
2023-09-29,GAS,78550,76670,78550,77690,75319.1875,596500,46342085000
2023-10-02,GAS,77520,76150,77520,76500,74156.6015625,289100,22116150000
2023-10-03,GAS,76070,73660,76070,73930,71665.34375,546000,40365780000
2023-10-04,GAS,74100,73500,73660,73500,71250.125,603600,44364600000
2023-10-05,GAS,73500,72120,73410,72120,69921.453125,589900,42543588000
2023-10-06,GAS,72120,71100,72040,72120,69921.453125,350400,25270848000
2023-10-09,GAS,74780,73240,74100,74180,71914.4609375,514800,38187864000
2023-10-10,GAS,75550,73160,74690,74010,71748.375,986100,72981261000
2023-10-11,GAS,74950,73240,74520,73660,71416.2109375,658700,48519842000
2023-10-12,GAS,74010,72810,74010,73660,71416.2109375,639900,47135034000
2023-10-13,GAS,73660,72300,72890,73500,71250.125,431800,31737300000
2023-10-16,GAS,75290,74100,74100,74440,72163.59375,874500,65097780000
2023-10-17,GAS,74440,72980,74270,72980,70751.875,454400,33162112000
2023-10-18,GAS,72890,69810,72810,71100,68924.953125,792800,56368080000
2023-10-19,GAS,71530,70150,71100,70150,68011.4921875,638800,44811820000
2023-10-20,GAS,71260,68530,70410,71260,69091.03125,812700,57913002000
2023-10-23,GAS,71360,68870,71360,69040,66931.9296875,467400,32269296000
2023-10-24,GAS,69650,68530,69380,69550,67430.1953125,348400,24231220000
2023-10-25,GAS,69730,68870,69380,68870,66765.8515625,329400,22685778000
2023-10-26,GAS,68530,64680,66640,64680,62696.7890625,1072900,69395172000
2023-10-27,GAS,67250,64760,65530,66470,64440.67578125,377800,25112366000
2023-10-30,GAS,66560,65530,66470,65620,63610.25,256600,16838092000
2023-10-31,GAS,66040,65099,65620,65620,63610.25,355200,23308224000
2023-11-01,GAS,66390,65360,66390,65870,63859.37890625,296600,19537042000
2023-11-02,GAS,67840,65870,66220,67840,65769.34375,444700,30168448000
2023-11-03,GAS,68270,67080,68020,67750,65686.3046875,455300,30846575000
2023-11-06,GAS,67750,66810,67750,67670,65603.2578125,415200,28096584000
2023-11-07,GAS,68870,67250,67670,67500,65437.1796875,309800,20911500000
2023-11-08,GAS,68530,66810,66900,68530,66433.6796875,504300,34559679000
2023-11-09,GAS,68870,67670,68530,68530,66433.6796875,628100,43043693000
2023-11-10,GAS,68530,67250,67670,67410,65354.14453125,525700,35437437000
2023-11-13,GAS,68100,67330,67670,67670,65603.2578125,306300,20727321000
2023-11-14,GAS,68270,67250,67930,67750,65686.3046875,445500,30182625000
2023-11-15,GAS,69130,68190,68190,68610,66516.7265625,823800,56520918000
2023-11-16,GAS,68530,67670,68440,68530,66433.6796875,652000,44681560000
2023-11-17,GAS,68270,67080,68190,67410,65354.14453125,778800,52498908000
2023-11-20,GAS,67580,66470,66560,67080,65021.97265625,572600,38410008000
2023-11-21,GAS,67750,67080,67500,67670,65603.2578125,379300,25667231000
2023-11-22,GAS,67930,67160,67670,67670,65603.2578125,481600,32589872000
2023-11-23,GAS,67840,65960,67750,65960,63942.421875,611500,40334540000
2023-11-24,GAS,66470,65099,66040,66390,64357.625,624900,41487111000
2023-11-27,GAS,66560,65530,66560,65790,63776.3359375,404100,26585739000
2023-11-28,GAS,65960,64930,65530,65960,63942.421875,526300,34714748000
2023-11-29,GAS,66810,65620,65700,66640,64606.76171875,596100,39724104000
2023-11-30,GAS,67080,65530,66730,65530,63527.2109375,465700,30517321000
2023-12-01,GAS,66730,65620,65960,66560,64523.71875,492700,32794112000
2023-12-04,GAS,67750,66560,66640,67670,65603.2578125,783500,53019445000
2023-12-05,GAS,68440,67410,67670,67670,65603.2578125,661500,44763705000
2023-12-06,GAS,68360,67580,67670,68360,66267.59375,480100,32819636000
2023-12-07,GAS,68100,66390,68020,66730,64689.8046875,856700,57167591000
2023-12-08,GAS,67410,66390,66900,66470,64440.67578125,884500,58792715000
2023-12-11,GAS,67330,66640,67330,67080,65021.97265625,694500,46587060000
2023-12-12,GAS,67160,66730,67080,66980,64938.921875,471100,31554278000
2023-12-13,GAS,66980,65790,66980,65870,63859.37890625,1119800,73761226000
2023-12-14,GAS,66560,65700,65870,65870,63859.37890625,403200,26558784000
2023-12-15,GAS,65870,65099,65870,65099,63112.00390625,806600,52508853400
2023-12-18,GAS,65180,64680,65099,64680,62696.7890625,615300,39797604000
2023-12-19,GAS,64590,63560,64239,64239,62281.578125,886500,56947873500
2023-12-20,GAS,64680,64069,64680,64410,62447.66796875,573700,36952017000
2023-12-21,GAS,64330,63730,64239,63990,62032.453125,727800,46571922000
2023-12-22,GAS,64410,63650,64160,63990,62032.453125,616600,39456234000
2023-12-25,GAS,65700,63990,63990,65530,63527.2109375,1056300,69219339000
2023-12-26,GAS,65700,64840,65700,65450,63444.171875,755000,49414750000
2023-12-27,GAS,65700,65180,65450,65360,63361.125,706400,46170304000
2023-12-28,GAS,65450,64760,65450,65099,63112.00390625,767200,49943952800
2023-12-29,GAS,65360,64680,65269,64680,62696.7890625,1035000,66943800000
2024-01-02,GAS,65360,64680,64930,64760,62779.8359375,693400,44904584000
2024-01-03,GAS,65099,64590,64680,65099,63112.00390625,569300,37060860700
2024-01-04,GAS,66300,65099,65099,65700,63693.29296875,1507700,99055890000
2024-01-05,GAS,66300,65960,65960,66130,64108.5078125,1077100,71228623000
2024-01-08,GAS,66640,65530,66220,65790,63776.3359375,1022900,67296591000
2024-01-09,GAS,65960,65010,65790,65010,63028.95703125,891500,57956415000
2024-01-10,GAS,65450,64680,65269,64680,62696.7890625,1027400,66452232000
2024-01-11,GAS,65180,64680,64840,65099,63112.00390625,494000,32158906000
2024-01-12,GAS,65180,64239,65180,64330,62364.62109375,809900,52100867000
2024-01-15,GAS,65010,64680,64680,64840,62862.8671875,441100,28600924000
2024-01-16,GAS,64840,64239,64680,64760,62779.8359375,457100,29601796000
2024-01-17,GAS,65099,64330,65099,64410,62447.66796875,831700,53569797000
2024-01-18,GAS,64760,64410,64410,64510,62530.70703125,413100,26649081000
2024-01-19,GAS,65700,64590,64680,65700,63693.29296875,1004200,65975940000
2024-01-22,GAS,65870,65269,65870,65360,63361.125,482700,31549272000
2024-01-23,GAS,65700,65099,65450,65180,63195.04296875,763000,49732340000
2024-01-24,GAS,65450,64840,65180,64930,62945.9140625,479600,31140428000
2024-01-25,GAS,65180,64590,64930,64590,62945.9140625,548000,35395320000
2024-01-26,GAS,65530,64410,65099,64410,62447.66796875,729000,46954890000
2024-01-29,GAS,65700,64510,64510,65620,63610.25,924600,60672252000
2024-01-30,GAS,65620,65180,65180,65450,63444.171875,504300,33006435000
2024-01-31,GAS,65530,64590,65530,64590,62613.75,595700,38476263000
2024-02-01,GAS,64840,64510,64680,64680,62696.7890625,514700,33290796000
2024-02-02,GAS,65010,64410,65010,64410,62696.7890625,675400,43502514000
2024-02-05,GAS,64930,64330,64410,64410,62447.66796875,638800,41145108000
2024-02-06,GAS,65010,64590,64680,64840,62862.8671875,796900,51670996000
2024-02-07,GAS,64930,64680,64840,64840,62862.8671875,474300,30753612000
2024-02-15,GAS,65099,64840,64930,64840,62862.8671875,549700,35642548000
2024-02-16,GAS,65960,64840,64840,65620,63610.25,1013500,66505870000
2024-02-19,GAS,68100,65960,66040,67930,65852.390625,2373000,161197890000
2024-02-20,GAS,68270,66980,68100,67330,65271.09375,1007300,67821509000
2024-02-21,GAS,67330,66390,67330,66560,64523.71875,1111900,74008064000
2024-02-22,GAS,67410,66390,66810,66730,64689.8046875,1037600,69239048000
2024-02-23,GAS,67080,65450,66900,65450,63444.171875,1955100,127961295000
2024-02-26,GAS,65790,64930,65530,65269,63278.0859375,1094800,71456501200
2024-02-27,GAS,66640,65269,65530,66470,64440.67578125,1154300,76726321000
2024-02-28,GAS,67840,66560,66810,66810,64772.84765625,1570600,104931786000
2024-02-29,GAS,67250,66130,67250,66300,64274.58984375,1255800,83259540000
2024-03-01,GAS,66640,66220,66640,66470,64440.67578125,991000,65871770000
2024-03-04,GAS,67250,66560,66640,66640,64606.76171875,1137700,75816328000
2024-03-05,GAS,67840,66640,66810,67670,65603.2578125,2069600,140049832000
2024-03-06,GAS,69900,68020,68020,68610,66516.7265625,2289000,157048290000
2024-03-07,GAS,69130,68190,68690,68870,66765.8515625,1247100,85887777000
2024-03-08,GAS,69900,68100,69380,68100,66018.4765625,2105800,143404980000
2024-03-11,GAS,68100,66640,68100,66640,64606.76171875,1478000,98493920000
2024-03-12,GAS,67250,66560,66640,66730,64689.8046875,1174600,78381058000
2024-03-13,GAS,67840,66810,67160,67670,65603.2578125,1230900,83295003000
2024-03-14,GAS,69730,68020,68270,69380,67264.1015625,3837000,266211060000
2024-03-15,GAS,71010,69130,69650,70500,68343.6484375,2398900,169122450000
2024-03-18,GAS,71010,68440,70500,68690,66599.765625,2494200,171326598000
2024-03-19,GAS,69380,68270,69380,68270,66184.5625,950400,64883808000
2024-03-20,GAS,69550,68190,68530,69380,67264.1015625,1462300,101454374000
2024-03-21,GAS,70150,68960,70150,69380,67264.1015625,938700,65127006000
2024-03-22,GAS,69810,68870,69380,68960,66848.8984375,1235000,85165600000
2024-03-25,GAS,69730,68610,68960,68870,66765.8515625,972900,67003623000
2024-03-26,GAS,69300,68530,68960,69130,67014.9765625,596500,41236045000
2024-03-27,GAS,69980,68610,69550,68790,66682.8203125,847300,58285767000
2024-03-28,GAS,69130,68440,68870,68790,66682.8203125,774800,53298492000
2024-03-29,GAS,69550,68690,69040,68690,66599.765625,616400,42340516000
2024-04-01,GAS,69130,68360,68690,69040,66931.9296875,747700,51621208000
2024-04-02,GAS,70760,68440,68870,70670,68509.734375,1742200,123121274000
2024-04-03,GAS,71440,70070,70670,70070,67928.4453125,1761700,123442319000
2024-04-04,GAS,70590,69470,70240,69810,67679.3125,751900,52490139000
2024-04-05,GAS,71260,68870,69380,69300,67181.0625,1384300,95931990000
2024-04-08,GAS,69380,68360,69380,68360,66267.59375,675700,46190852000
2024-04-09,GAS,68960,68100,68530,68440,66350.640625,623600,42679184000
2024-04-10,GAS,68960,67840,68440,67840,65769.34375,637900,43275136000
2024-04-11,GAS,67930,67330,67580,67500,65437.1796875,645500,43571250000
2024-04-12,GAS,68360,67500,67670,68270,66184.5625,360000,24577200000
2024-04-15,GAS,69040,63560,68440,65099,63112.00390625,1096500,71381053500
2024-04-16,GAS,65870,64239,65269,65099,63112.00390625,1116000,72650484000
2024-04-17,GAS,65530,64330,65269,64330,62364.62109375,650100,41820933000
2024-04-19,GAS,65269,63990,64330,64239,62281.578125,884100,56793699900
2024-04-22,GAS,64760,64160,64410,64239,62281.578125,820000,52675980000
2024-04-23,GAS,64680,63390,64680,63560,61617.2421875,474500,30159220000
2024-04-24,GAS,64239,63650,64239,63900,61949.4140625,852300,54461970000
2024-04-25,GAS,64160,63390,63900,63390,61451.15625,788500,49983015000
2024-04-26,GAS,63560,62960,63300,62960,61035.94921875,774000,48731040000
2024-05-02,GAS,63650,62530,62530,63300,61368.1171875,692000,43803600000
2024-05-03,GAS,63900,63300,63470,63560,61617.2421875,514700,32714332000
2024-05-06,GAS,64410,63820,63820,64069,62115.5,890300,57040630700
2024-05-07,GAS,65360,63990,64590,65360,63361.125,1496500,97811240000
2024-05-08,GAS,66470,64410,65450,66300,64274.58984375,1383100,91699530000
2024-05-09,GAS,66390,65180,66390,65180,63195.04296875,772400,50345032000
2024-05-10,GAS,65790,64160,65360,64680,62696.7890625,650900,42100212000
2024-05-13,GAS,65180,64239,65010,64410,62447.66796875,630700,40623387000
2024-05-14,GAS,65010,64160,64680,64410,62447.66796875,785300,50581173000
2024-05-15,GAS,64930,64160,64410,64680,62696.7890625,883300,57131844000
2024-05-16,GAS,65530,65010,65099,65010,63028.95703125,1116700,72596667000
2024-05-17,GAS,65269,64680,65269,64840,62862.8671875,965100,62577084000
2024-05-20,GAS,65790,65099,65180,65099,63112.00390625,1110600,72298949400
2024-05-21,GAS,66470,65099,65269,65700,63693.29296875,1696800,111479760000
2024-05-22,GAS,66220,65530,66220,65620,63610.25,832300,54615526000
2024-05-23,GAS,68440,65450,65620,68440,66350.640625,3989500,273041380000
2024-05-24,GAS,69810,66640,68960,67670,65603.2578125,2572800,174101376000
2024-05-27,GAS,69650,66900,67670,69380,67264.1015625,2133900,148049982000
2024-05-28,GAS,70590,69380,70240,70150,68011.4921875,2232700,156623905000
2024-05-29,GAS,72380,69470,71100,70410,68260.6171875,3691900,259946679000
2024-05-30,GAS,70500,68610,70150,69470,67347.1484375,2355400,163629638000
2024-05-31,GAS,69980,68610,69810,68610,66516.7265625,1429500,98077995000
2024-06-03,GAS,69980,68870,69300,68870,66516.7265625,1706000,117492220000
2024-06-04,GAS,70150,68790,68870,69210,67098.015625,1515300,104873913000
2024-06-05,GAS,70410,69040,69300,69040,66931.9296875,1781200,122974048000
2024-06-06,GAS,69810,68690,69810,68790,66682.8203125,1056200,72655998000
2024-06-07,GAS,69380,68790,68960,68790,66682.8203125,874000,60122460000
2024-06-10,GAS,69380,68790,69210,68790,66682.8203125,1115800,76755882000
2024-06-11,GAS,69900,68790,69130,68790,66682.8203125,2392700,164593833000
2024-06-12,GAS,69380,68610,68960,68870,66765.8515625,1336700,92058529000
2024-06-13,GAS,69380,68690,69380,68690,66599.765625,1403600,96413284000
2024-06-14,GAS,69040,67670,68690,67670,65603.2578125,2277200,154098124000
2024-06-17,GAS,67930,66470,67670,66470,64440.67578125,1251500,83187205000
2024-06-18,GAS,67670,66810,66810,66810,64772.84765625,938200,62681142000
2024-06-19,GAS,67500,66730,66980,66980,64938.921875,994100,66584818000
2024-06-20,GAS,67580,66810,67410,66810,64772.84765625,831500,55552515000
2024-06-21,GAS,67670,66730,66980,66730,64689.8046875,1053300,70286709000
2024-06-24,GAS,67160,65450,66730,65530,63527.2109375,1726600,113144098000
2024-06-25,GAS,66130,65360,65620,65360,63361.125,1018000,66536480000
2024-06-26,GAS,65870,65180,65530,65530,63527.2109375,1133800,74297914000
2024-06-27,GAS,66640,65530,65620,65530,63527.2109375,1010000,66185300000
2024-06-28,GAS,66130,65530,65620,65620,63610.25,660200,43322324000
2024-07-01,GAS,66560,65620,65700,66560,64523.71875,792100,52722176000
2024-07-02,GAS,67080,66470,66810,66980,64938.921875,876400,58701272000
2024-07-03,GAS,67250,66810,67250,66980,64938.921875,640700,42914086000
2024-07-04,GAS,68270,66980,67160,66980,64938.921875,1165700,78078586000
2024-07-05,GAS,67930,67160,67250,67330,65271.09375,752100,50638893000
2024-07-08,GAS,67750,67250,67410,67410,65354.14453125,793300,53476353000
2024-07-09,GAS,67670,67160,67670,67670,65603.2578125,1535400,103900518000
2024-07-10,GAS,68270,67250,67840,67250,65188.05859375,1121400,75414150000
2024-07-11,GAS,67580,66980,67330,66980,64938.921875,728000,48761440000
2024-07-12,GAS,68440,66560,67410,66810,64772.84765625,1232700,82356687000
2024-07-15,GAS,68020,67080,67670,67080,65021.97265625,1208600,81072888000
2024-07-16,GAS,67750,67080,67670,67080,65021.97265625,907800,60895224000
2024-07-17,GAS,67500,66040,67500,66810,64772.84765625,1573000,105092130000
2024-07-18,GAS,67330,66640,66900,66900,64855.890625,1131900,75724110000
2024-07-19,GAS,67160,66560,66900,66640,64606.76171875,663300,44202312000
2024-07-22,GAS,66640,65620,66640,65960,63942.421875,1142800,75379088000
2024-07-23,GAS,66220,65790,66040,65790,63776.3359375,656800,43210872000
2024-07-24,GAS,66300,65360,65700,65960,63942.421875,1006200,66368952000
2024-07-25,GAS,65960,65450,65870,65790,63776.3359375,490600,32276574000
2024-07-26,GAS,66130,65530,65620,66130,64108.5078125,545800,36093754000
2024-07-29,GAS,66390,65960,66390,65960,63942.421875,362200,23890712000
2024-07-30,GAS,66130,65790,65960,66130,64108.5078125,631600,41767708000
2024-07-31,GAS,68960,66300,66300,68440,66350.640625,3188600,218227784000
2024-08-01,GAS,69470,67410,68610,67580,65520.22265625,1422900,96159582000
2024-08-02,GAS,67580,66640,66900,67580,65520.22265625,1395600,94314648000
2024-08-05,GAS,67250,65450,66810,65530,63527.2109375,2101300,137698189000
2024-08-06,GAS,66810,65530,65790,66220,64191.55078125,888700,58849714000
2024-08-07,GAS,68100,66470,66470,68020,65935.4296875,1832200,124626244000
2024-08-08,GAS,70590,67580,68020,69980,67845.3984375,3931000,275091380000
2024-08-09,GAS,70410,69300,70240,69900,67762.359375,1243900,86948610000
2024-08-12,GAS,71360,69550,69900,70670,68509.734375,1889500,133530965000
2024-08-13,GAS,70500,69470,70500,69810,67679.3125,1731900,120903939000
2024-08-14,GAS,71360,70070,70150,70240,68094.53125,2298800,161467712000
2024-08-15,GAS,70840,69550,70240,69550,67430.1953125,1248000,86798400000
2024-08-16,GAS,71180,69380,69900,70760,68592.78125,2313100,163674956000
2024-08-19,GAS,72550,70760,70840,72380,70170.578125,3021100,218667218000
2024-08-20,GAS,73750,72380,72980,72380,70170.578125,2910000,210625800000
2024-08-21,GAS,73240,72300,72380,72810,70585.7890625,2170800,158055948000
2024-08-22,GAS,73160,72220,73070,72380,70170.578125,1300200,94108476000
2024-08-23,GAS,73160,72470,72550,72550,70336.6640625,891400,64671070000
2024-08-26,GAS,73070,71870,72980,72120,69921.453125,1215500,87661860000
2024-08-27,GAS,72380,71100,72380,71530,69340.1640625,1795300,128417809000
2024-08-28,GAS,72120,71360,71360,71780,69589.2890625,845500,60689990000
2024-08-29,GAS,72040,71440,71780,71440,69257.1171875,907700,64846088000
2024-08-30,GAS,71950,71360,71700,71360,69174.0703125,958100,68370016000
2024-09-04,GAS,72300,71010,71100,71870,69672.3203125,1377600,99008112000
2024-09-05,GAS,72640,71360,72300,71360,69174.0703125,900300,64245408000
2024-09-06,GAS,72380,71780,72380,72040,69838.40625,877900,63243916000
2024-09-09,GAS,73160,71700,71780,72550,70336.6640625,1968200,142792910000
2024-09-10,GAS,72980,71530,72470,72040,69838.40625,1905500,137272220000
2024-09-11,GAS,71950,71100,71950,71610,69423.203125,1490200,106713222000
2024-09-12,GAS,72120,71440,71780,71610,69423.203125,1759000,125961990000
2024-09-13,GAS,71630,69840,71630,69940,67905.3515625,2093200,146398408000
2024-09-16,GAS,69650,68340,69650,68340,66351.6640625,1863200,127331088000
2024-09-17,GAS,68900,68050,68340,68430,66443.0546875,764100,52287363000
2024-09-18,GAS,69180,68620,69000,68810,66808.625,777600,53506656000
2024-09-19,GAS,69090,68620,68710,69090,67082.8046875,980600,67749654000
2024-09-20,GAS,69470,68710,69280,68810,66808.625,998500,68706785000
2024-09-23,GAS,69000,68620,68810,68710,66717.234375,552300,37948533000
2024-09-24,GAS,69560,68710,68710,69370,67356.9921875,853100,59179547000
2024-09-25,GAS,69650,69180,69650,69470,67448.3828125,665000,46197550000
2024-09-26,GAS,70220,69470,69470,69650,67631.171875,1109800,77297570000
2024-09-27,GAS,69940,69180,69840,69180,67174.203125,536000,37080480000
2024-09-30,GAS,69280,68710,69180,68900,66900.015625,646900,44571410000
2024-10-01,GAS,69370,68710,69000,68710,66717.234375,1032300,70929333000
2024-10-02,GAS,69650,68620,69000,68620,66625.8359375,1053700,72304894000
2024-10-03,GAS,69090,68240,69090,68240,66260.2734375,793300,54134792000
2024-10-04,GAS,69370,68240,68530,69000,66991.4140625,867900,59885100000
2024-10-07,GAS,69370,68340,69180,68620,66625.8359375,580700,39847634000
2024-10-08,GAS,69090,68340,69090,68340,66351.6640625,637900,43594086000
2024-10-09,GAS,68620,68050,68340,68430,66443.0546875,547200,37444896000
2024-10-10,GAS,69280,68240,68900,69000,66991.4140625,1046200,72187800000
2024-10-11,GAS,69370,68900,69180,68900,66900.015625,603500,41581150000
2024-10-14,GAS,69280,68430,69280,68620,66625.8359375,526200,36107844000
2024-10-15,GAS,68710,68150,68430,68430,66443.0546875,596300,40804809000
2024-10-16,GAS,68430,67770,68340,67770,65803.3046875,758400,51396768000
2024-10-17,GAS,68050,67020,67770,67300,65346.33203125,739500,49768350000
2024-10-18,GAS,68050,67400,67400,67490,65529.1171875,322500,21765525000
2024-10-21,GAS,67490,67110,67490,67490,65529.1171875,469700,31700053000
2024-10-22,GAS,67680,67020,67490,67020,65072.1484375,545500,36559410000
2024-10-23,GAS,67020,66550,67020,66740,64797.97265625,667000,44515580000
2024-10-24,GAS,67020,66740,66740,66830,64889.36328125,413400,27627522000
2024-10-25,GAS,67210,66740,66830,66740,64797.97265625,322500,21523650000
2024-10-28,GAS,66830,66550,66740,66550,64615.1796875,311300,20717015000
2024-10-29,GAS,66930,66550,66550,66640,64706.578125,352000,23457280000
2024-10-30,GAS,67110,66450,66740,66450,64523.78515625,318400,21157680000
2024-10-31,GAS,66830,66360,66830,66360,64432.40234375,620100,41149836000
2024-11-01,GAS,66550,65890,66360,66080,64158.21484375,427300,28235984000
2024-11-04,GAS,66270,65800,66270,65800,63884.0390625,461700,30379860000
2024-11-05,GAS,65890,65330,65800,65510,63609.85546875,542000,35506420000
2024-11-06,GAS,66930,65800,65890,65980,64066.82421875,501500,33088970000
2024-11-07,GAS,66830,65980,66830,65980,64066.82421875,372800,24597344000
2024-11-08,GAS,66640,65890,66080,65890,63975.43359375,428800,28253632000
2024-11-11,GAS,66360,65890,65980,65980,64066.82421875,544200,35906316000
2024-11-12,GAS,66360,65700,65980,65700,63792.6484375,425500,27955350000
2024-11-13,GAS,65890,64010,65890,65420,63518.4609375,827600,54141592000
2024-11-14,GAS,66170,64950,65140,64950,63061.4921875,543800,35319810000
2024-11-15,GAS,65330,64569,64849,64569,62695.92578125,774000,49976406000
2024-11-18,GAS,65040,64290,64569,64950,63061.4921875,936700,60838665000
2024-11-19,GAS,65610,63910,65420,63910,62056.1640625,693100,44296021000
2024-11-20,GAS,64379,63540,63910,63630,61781.9921875,711800,45291834000
2024-11-21,GAS,64569,63820,63820,64200,62330.34765625,1167800,74972760000
2024-11-22,GAS,66450,64569,64569,65140,63244.28515625,1015100,66123614000
2024-11-25,GAS,66170,65230,65330,65230,63335.67578125,901200,58785276000
2024-11-26,GAS,65800,65330,65330,65510,63609.85546875,448200,29361582000
2024-11-27,GAS,65700,64950,65700,65230,63335.67578125,417500,27233525000
2024-11-28,GAS,65890,65230,65230,65230,63335.67578125,442900,28890367000
2024-11-29,GAS,65700,65140,65230,65510,63609.85546875,283000,18539330000
2024-12-02,GAS,65700,64950,65610,65140,63244.28515625,404200,26329588000
2024-12-03,GAS,65510,64670,65230,64670,62787.3203125,634300,41020181000
2024-12-04,GAS,65140,64480,64670,64569,62695.92578125,308300,19906622700
2024-12-05,GAS,65700,64480,64670,64849,62970.1015625,630900,40913234100
2024-12-06,GAS,65800,64950,65800,65140,63244.28515625,430800,28062312000
2024-12-09,GAS,65420,65140,65420,65230,63335.67578125,395900,25824557000
2024-12-10,GAS,65510,64950,65330,64950,63061.4921875,402500,26142375000
2024-12-11,GAS,65140,64569,64950,64670,62787.3203125,539000,34857130000
2024-12-12,GAS,64950,64480,64760,64480,62604.52734375,516000,33271680000
2024-12-13,GAS,64569,64200,64480,64379,62513.1328125,348000,22403892000
2024-12-16,GAS,64569,64099,64480,64099,62238.95703125,350100,22441059900
2024-12-17,GAS,64480,64010,64099,64010,62147.55859375,412900,26429729000
2024-12-18,GAS,64670,64290,64379,64480,62604.52734375,504100,32504368000
2024-12-19,GAS,64569,64010,64200,64480,62604.52734375,721400,46515872000
2024-12-20,GAS,64760,64379,64480,64569,62695.92578125,341700,22063227300
2024-12-23,GAS,65040,64480,64760,64480,62604.52734375,563700,36347376000
2024-12-24,GAS,64670,64200,64569,64200,62330.34765625,509800,32729160000
2024-12-25,GAS,64849,64290,64290,64379,62513.1328125,456300,29376137700
2024-12-26,GAS,65510,64480,64569,64480,62604.52734375,997100,64293008000
2024-12-27,GAS,64950,64480,64670,64480,62604.52734375,539900,34812752000
2024-12-30,GAS,64760,64200,64569,64200,62330.34765625,402400,25834080000
2024-12-31,GAS,64670,64099,64379,64099,62238.95703125,770800,49407509200
2025-01-02,GAS,64480,64010,64290,64099,62238.95703125,427800,27421552200
2025-01-03,GAS,64379,64010,64099,64010,62147.55859375,460500,29476605000
2025-01-06,GAS,64200,63350,64010,63540,61690.59375,673300,42781482000
2025-01-07,GAS,63910,62970,63630,63070,61233.625,683200,43089424000
2025-01-08,GAS,63250,62690,63070,63160,61325.0234375,521700,32950572000
2025-01-09,GAS,63540,62880,63250,63070,61233.625,369400,23298058000
2025-01-10,GAS,63540,62780,63070,62780,60959.4453125,422600,26530828000
2025-01-13,GAS,63160,62310,62780,62500,60685.265625,542400,33900000000
2025-01-14,GAS,63440,62600,62600,62970,61142.234375,397300,25017981000
2025-01-15,GAS,63440,62880,63250,62880,61050.8359375,395000,24837600000
2025-01-16,GAS,63350,62690,63160,62970,61050.8359375,493400,31069398000
2025-01-17,GAS,63250,62690,63250,62880,61050.8359375,321700,20228496000
2025-01-20,GAS,64200,62880,63250,63720,61873.3828125,662000,42182640000
2025-01-21,GAS,64099,63160,64010,63160,61325.0234375,349300,22061788000
2025-01-22,GAS,63540,62780,63540,62880,61050.8359375,313300,19700304000
2025-01-23,GAS,63250,62780,62880,63070,61233.625,317100,19999497000
2025-01-24,GAS,63910,62880,63070,63910,62056.1640625,432300,27628293000
2025-02-03,GAS,63820,62970,63820,63160,61325.0234375,463200,29255712000
2025-02-04,GAS,63350,62970,62970,63160,61325.0234375,398400,25162944000
2025-02-05,GAS,64099,63440,63540,63820,61964.7734375,652400,41636168000
2025-02-06,GAS,64200,63540,64200,63630,61781.9921875,539300,34315659000
2025-02-07,GAS,64010,63350,63630,63350,61507.8046875,818200,51832970000
2025-02-10,GAS,63630,62970,63250,63350,61507.8046875,732900,46429215000
2025-02-11,GAS,63910,62600,63350,63070,61233.625,671300,42338891000
2025-02-12,GAS,63540,63070,63070,63160,61325.0234375,344200,21739672000
2025-02-13,GAS,63160,62690,63160,62780,60959.4453125,650700,40850946000
2025-02-14,GAS,63910,63070,63350,63720,61873.3828125,1147200,73099584000
2025-02-17,GAS,64379,63540,63720,63820,61964.7734375,762900,48688278000
2025-02-18,GAS,64290,63720,64010,64010,62147.55859375,634400,40607944000
2025-02-19,GAS,64950,63910,64200,64670,62787.3203125,1389800,89878366000
2025-02-20,GAS,65230,64480,65140,64760,62878.7109375,601500,38953140000
2025-02-21,GAS,64760,64200,64569,64379,62513.1328125,767500,49410882500
2025-02-24,GAS,64760,63820,64200,64569,62695.92578125,1066000,68830554000
2025-02-25,GAS,65230,64290,64670,64670,62787.3203125,809600,52356832000
2025-02-26,GAS,64849,64379,64670,64379,62513.1328125,519300,33432014700
2025-02-27,GAS,64569,63910,64379,64010,62147.55859375,809600,51822496000
2025-02-28,GAS,64670,64010,64099,64010,62147.55859375,787600,50414276000
2025-03-03,GAS,64670,64099,64099,64569,62695.92578125,647800,41827798200
2025-03-04,GAS,65330,64290,64569,65040,63152.88671875,1445200,93995808000
2025-03-05,GAS,65230,64379,65140,64379,62513.1328125,740500,47672649500
2025-03-06,GAS,64480,64099,64290,64290,62421.7421875,829800,53347842000
2025-03-07,GAS,64379,63720,64290,63820,61964.7734375,1398100,89226742000
2025-03-10,GAS,64200,63250,64099,63820,61964.7734375,1420900,90681838000
2025-03-11,GAS,63720,63070,63630,63440,61599.203125,523600,33217184000
2025-03-12,GAS,64290,63440,63820,63910,62056.1640625,761300,48654683000
2025-03-13,GAS,64760,63820,63910,64290,62421.7421875,1088000,69947520000
2025-03-14,GAS,64290,63350,64200,63720,61873.3828125,942800,60075216000
2025-03-17,GAS,64379,63720,63820,64200,62330.34765625,1117200,71724240000
2025-03-18,GAS,65800,64099,64569,65040,63152.88671875,2797200,181929888000
2025-03-19,GAS,65700,64569,65040,64760,62878.7109375,703700,45571612000
2025-03-20,GAS,65040,64099,64670,64569,62695.92578125,750000,48426750000
2025-03-21,GAS,64569,63720,64480,63720,61873.3828125,1173400,74769048000
2025-03-24,GAS,64010,63070,64010,63250,61416.4140625,1195100,75590075000
2025-03-25,GAS,63630,63160,63540,63250,61416.4140625,767600,48550700000
2025-03-26,GAS,64200,63250,63350,63540,61690.59375,548300,34838982000
2025-03-27,GAS,64010,63160,63630,63250,61416.4140625,426500,26976125000
2025-03-28,GAS,63440,62880,63440,62880,61050.8359375,771800,48530784000
2025-03-31,GAS,62880,62120,62880,62880,61050.8359375,727900,45770352000
2025-04-01,GAS,63820,62780,62970,63540,61690.59375,870900,55336986000
2025-04-02,GAS,63630,63070,63250,63160,61325.0234375,254300,16061588000
2025-04-03,GAS,61560,58830,59770,58830,57120.921875,2014500,118513035000
2025-04-04,GAS,57230,54780,54780,55250,53647.97265625,2745000,151661250000
2025-04-08,GAS,52990,51390,52710,51390,49900.83203125,2632500,135284175000
2025-04-09,GAS,52710,47820,47820,47820,46427.8828125,2768600,132394452000
2025-04-10,GAS,51110,51110,51110,51110,49626.65234375,57500,2938825000
2025-04-11,GAS,54690,52520,54690,54690,53099.60546875,2256900,123429861000
2025-04-14,GAS,56290,55160,56290,55720,54104.93359375,1092600,60879672000
2025-04-15,GAS,55820,54690,55540,54780,53191.00390625,840700,46053546000
2025-04-16,GAS,55350,53750,54780,54690,53099.60546875,628800,34389072000
2025-04-17,GAS,54880,53650,53940,54690,53099.60546875,483900,26464491000
2025-04-18,GAS,55910,54880,54970,54970,53373.78515625,656600,36093302000
2025-04-21,GAS,55250,54410,54970,54690,53099.60546875,300000,16407000000
2025-04-22,GAS,54690,51110,53750,54120,52551.24609375,1110400,60094848000
2025-04-23,GAS,55160,54030,54690,54120,52551.24609375,698300,37791996000
2025-04-24,GAS,54590,53940,54120,54120,52551.24609375,410200,22200024000
2025-04-25,GAS,55070,54120,54220,55070,53465.18359375,913600,50311952000
2025-04-28,GAS,55070,54690,54970,54970,53373.78515625,271300,14913361000
2025-04-29,GAS,54970,54780,54970,54880,53282.39453125,310200,17023776000
2025-05-05,GAS,55070,54880,54970,55070,53465.18359375,658500,36263595000
2025-05-06,GAS,56290,55160,55350,56100,53465.18359375,899900,50484390000
2025-05-07,GAS,57890,56100,56100,56950,54470.51171875,884100,50349495000
2025-05-08,GAS,58080,57140,57420,57790,55293.05078125,861800,49803422000
2025-05-09,GAS,58360,57230,57980,57510,56115.59375,491700,28277667000
2025-05-12,GAS,58830,57420,57420,58640,56938.1328125,834300,48923352000
2025-05-13,GAS,58920,58170,58830,58360,56938.1328125,666800,38914448000
2025-05-14,GAS,58640,57980,58360,58270,56663.95703125,655600,38201812000
2025-05-15,GAS,58450,57790,58270,58360,56572.55859375,668800,39031168000
2025-05-16,GAS,58360,57790,58360,58170,56663.95703125,297500,17305575000
2025-05-19,GAS,57610,57140,57230,57140,55475.83984375,584300,33386902000
2025-05-20,GAS,57230,56480,57230,56950,55475.83984375,605100,34460445000
2025-05-21,GAS,57320,56670,56950,56760,55293.05078125,315100,17885076000
2025-05-22,GAS,57890,56850,56850,57420,55110.26171875,760400,43662168000
2025-05-23,GAS,59680,57510,57510,59300,55750.015625,1312500,77831250000
2025-05-26,GAS,59770,57890,59390,59300,57577.88671875,631800,37465740000
2025-05-27,GAS,60150,59210,59770,59960,57577.88671875,778400,46672864000
2025-05-28,GAS,60900,60240,60240,60340,58217.640625,1151600,69487544000
2025-05-29,GAS,60430,59960,60240,60240,58583.21484375,672900,40535496000
2025-05-30,GAS,61470,60240,60240,61180,58491.82421875,1361400,83290452000
2025-06-02,GAS,61750,60340,60900,61650,59862.72265625,723700,44616105000
2025-06-03,GAS,62030,61470,61650,61940,59862.72265625,743200,46033808000
2025-06-04,GAS,61940,60900,61940,61000,60136.90625,740200,45152200000
2025-06-05,GAS,61000,59770,61000,60050,59222.96875,805500,48370275000
2025-06-06,GAS,60050,59110,60050,59300,58309.03515625,871500,51679950000
2025-06-09,GAS,60050,59110,59390,59580,57852.06640625,553700,32989446000
2025-06-10,GAS,59870,59020,59580,59210,57852.06640625,427500,25312275000
2025-06-11,GAS,59580,58740,59300,58920,57486.49609375,489700,28853124000
2025-06-12,GAS,59770,58920,59770,59110,57212.3125,479700,28355067000
2025-06-13,GAS,62120,59960,60620,60620,57395.1015625,3697000,224112140000
2025-06-16,GAS,64849,61840,62120,64849,62970.1015625,3178200,206103091800
2025-06-17,GAS,65800,64200,65510,65230,62970.1015625,2768300,180576209000
2025-06-18,GAS,67110,65140,65890,66740,63335.67578125,2662500,177695250000
2025-06-19,GAS,68050,65980,66740,67580,64797.97265625,2684700,181432026000
2025-06-20,GAS,67770,65230,67770,65420,65620.5078125,1741900,113955098000
2025-06-23,GAS,69280,67400,69280,68340,66351.6640625,2938600,200823924000
2025-06-24,GAS,66270,64099,64099,65040,66351.6640625,2630300,171074712000
2025-06-25,GAS,64849,63540,64760,63540,63152.88671875,1723200,109492128000
2025-06-26,GAS,64480,63540,63720,64480,61690.59375,761500,49101520000
2025-06-27,GAS,64569,63630,64480,64010,62604.52734375,700400,44832604000
2025-06-30,GAS,64290,63350,64200,63820,61964.7734375,673500,42982770000
2025-07-01,GAS,63820,62500,63540,62500,61964.7734375,857400,53587500000
2025-07-02,GAS,63070,62310,62500,62500,60685.265625,563600,35225000000
2025-07-03,GAS,63540,62310,62970,62310,60685.265625,912600,56864106000
2025-07-04,GAS,62780,62310,62500,62500,60502.4765625,556000,34750000000
2025-07-07,GAS,62780,62500,62780,62600,60776.66015625,501100,31368860000
2025-07-08,GAS,63720,62780,63160,63720,60776.66015625,910200,57997944000
2025-07-09,GAS,64010,63630,63910,64010,61873.3828125,951700,60918317000
2025-07-10,GAS,64849,63630,64099,64379,62147.55859375,1136600,73173171400
2025-07-11,GAS,64480,63630,64099,63910,62513.1328125,686500,43874215000
2025-07-14,GAS,64569,63910,64480,64200,62330.34765625,770100,49440420000
2025-07-15,GAS,64480,63720,64200,63720,62330.34765625,801200,51052464000
2025-07-16,GAS,63910,63250,63720,63440,61873.3828125,525200,33318688000
2025-07-17,GAS,63910,63070,63540,63720,61599.203125,1392400,88723728000
2025-07-18,GAS,64480,63440,63910,64099,61873.3828125,902000,57817298000
2025-07-21,GAS,64200,63250,64200,63540,61690.59375,725600,46104624000
2025-07-22,GAS,63910,63160,63720,63910,61690.59375,653600,41771576000
2025-07-23,GAS,65230,63630,64099,64950,62056.1640625,1701700,110525415000
2025-07-24,GAS,66080,64950,65040,65040,63061.4921875,1234800,80311392000
2025-07-25,GAS,65890,64670,65040,64670,63152.88671875,1098700,71052929000
2025-07-28,GAS,65330,64290,65040,64849,62970.1015625,1177700,76372667300
2025-07-29,GAS,66360,64010,64849,64010,62970.1015625,2108400,134958684000
2025-07-30,GAS,64670,63250,64670,63910,62147.55859375,903500,57742685000
2025-07-31,GAS,65510,63630,65510,63720,62056.1640625,839700,53505684000
2025-08-01,GAS,64200,63350,64200,63630,61873.3828125,889400,56592522000
2025-08-04,GAS,64760,63540,63720,64010,62147.55859375,2046300,130983663000
2025-08-05,GAS,65330,63440,64379,63820,62147.55859375,2020900,128973838000
2025-08-06,GAS,65230,63820,63820,65230,61964.7734375,1299600,84772908000
2025-08-07,GAS,65800,64569,65800,65040,63335.67578125,977200,63557088000
2025-08-08,GAS,66740,64950,65330,66080,63152.88671875,2210600,146076448000
2025-08-11,GAS,67020,65980,66170,66270,64341.0078125,1228900,81439203000
2025-08-12,GAS,67110,65890,66270,66360,64341.0078125,1692600,112320936000
2025-08-13,GAS,66740,65230,66450,65890,64432.40234375,1887300,124354197000
2025-08-14,GAS,66170,65140,66080,65610,63975.43359375,1225100,80378811000
2025-08-15,GAS,67300,65330,65890,65610,63701.25390625,1676700,110008287000
2025-08-18,GAS,66930,65510,66930,65890,63975.43359375,1175100,77427339000
2025-08-19,GAS,66640,65700,66170,65800,63975.43359375,1326000,87250800000
2025-08-20,GAS,65980,63540,65890,64290,63884.0390625,1685400,108354366000
2025-08-21,GAS,65420,64010,64950,65230,62421.7421875,1060400,69169892000
2025-08-22,GAS,65040,64010,64950,64010,63335.67578125,1195000,76491950000
2025-08-25,GAS,65510,64480,64849,64670,62787.3203125,967000,62535890000
2025-08-26,GAS,65420,64670,64760,65420,62787.3203125,777700,50877134000
2025-08-27,GAS,65610,64670,65610,64849,63518.4609375,1390500,90172534500
2025-08-28,GAS,65500,64700,65500,64900,66942.6171875,768200,49856180000
2025-08-29,GAS,65000,63800,65000,63800,63056.25,1475500,94136900000
2025-09-03,GAS,64400,63400,64200,63800,61987.5,894200,57049960000
2025-09-04,GAS,64200,63800,63900,64200,61987.5,719500,46191900000
2025-09-05,GAS,65200,63600,64900,63800,62376.13671875,1217800,77695640000
2025-09-08,GAS,64200,62600,63800,62600,60821.59375,1293800,80991880000
2025-09-09,GAS,63100,61600,63000,62100,60821.59375,1258200,78134220000
2025-09-10,GAS,62500,61700,62100,61900,60335.796875,756900,46852110000
2025-09-11,GAS,62600,61300,62400,62000,60141.48046875,810900,50275800000
2025-09-12,GAS,62900,61700,62300,62500,60238.63671875,556100,34756250000
2025-09-15,GAS,63300,62600,62600,63200,61404.546875,651000,41143200000
2025-09-16,GAS,63600,62700,63600,62700,61404.546875,773700,48510990000
2025-09-17,GAS,64300,62800,62800,64000,60918.75,1489100,95302400000
2025-09-18,GAS,64099,62900,64000,63000,62181.8203125,731300,46071900000
2025-09-19,GAS,63300,62500,63300,62500,61210.23046875,658200,41137500000
2025-09-22,GAS,62500,61200,62400,61800,60044.3203125,883600,54606480000
2025-09-23,GAS,62000,61200,61900,61600,60044.3203125,544500,33541200000
2025-09-24,GAS,61700,61100,61600,61600,59850.0,558200,34385120000
2025-09-25,GAS,62300,61800,62000,61900,59850.0,550000,34045000000
2025-09-26,GAS,62400,61500,62300,61500,60141.48046875,265100,16303650000
2025-09-29,GAS,62000,61400,61600,61500,59752.84375,381300,23449950000
2025-09-30,GAS,61700,60400,61500,60400,59752.84375,647500,39109000000
2025-10-01,GAS,60900,60500,60500,60600,58684.09375,211700,12829020000
2025-10-02,GAS,61000,60300,60700,60300,58878.41015625,454300,27394290000
2025-10-03,GAS,60500,60000,60200,60100,58586.93359375,470400,28271040000
2025-10-06,GAS,61100,60200,61100,60800,59072.73046875,420400,25560320000
2025-10-07,GAS,61100,60600,61100,60900,59072.73046875,302600,18428340000
2025-10-08,GAS,61600,60900,61200,60900,59169.88671875,379300,23099370000
2025-10-09,GAS,61400,60600,60900,60900,59169.88671875,363100,22112790000
2025-10-10,GAS,61200,60600,60900,60900,59169.88671875,592500,36083250000
2025-10-13,GAS,60900,60100,60100,60600,58878.41015625,516900,31324140000
2025-10-14,GAS,60900,60000,60900,60000,58878.41015625,568000,34080000000
2025-10-15,GAS,60200,58800,60000,59000,58295.45703125,1271300,75006700000
2025-10-16,GAS,59200,58500,58800,58700,57323.8671875,956300,56134810000
2025-10-17,GAS,59200,58500,58700,58600,57032.38671875,320000,18752000000
2025-10-20,GAS,59500,57000,58600,57000,55380.68359375,604700,34467900000
2025-10-21,GAS,58800,56000,57300,56000,55380.68359375,837900,46922400000
2025-10-22,GAS,59000,57200,57200,59000,54409.09375,1023700,60398300000
2025-10-23,GAS,60700,59500,60000,59800,57323.8671875,554800,33177040000
2025-10-24,GAS,60800,59600,60400,59600,58101.13671875,643300,38340680000
2025-10-27,GAS,60200,59300,60200,59300,57615.34375,512900,30414970000
2025-10-28,GAS,60200,59100,59300,60000,57615.34375,660100,39606000000
2025-10-29,GAS,61200,60000,60100,60200,58295.45703125,639500,38497900000
2025-10-30,GAS,60800,59700,60200,59700,58489.7734375,460400,27485880000
2025-10-31,GAS,62300,59800,59800,61600,58003.98046875,1173700,72299920000
2025-11-03,GAS,62900,61500,62000,61500,59752.84375,1095100,67348650000
2025-11-04,GAS,62200,60100,62100,60500,58781.25,1008600,61020300000
2025-11-05,GAS,63600,60600,60700,63000,58781.25,1680600,105877800000
2025-11-06,GAS,63300,61700,63300,62100,60335.796875,626000,38874600000
2025-11-07,GAS,62900,61000,61800,62900,61113.0703125,1225100,77058790000
2025-11-10,GAS,62800,61000,62800,61200,59461.3671875,738300,45183960000
2025-11-11,GAS,62000,60900,61300,61100,59364.20703125,553500,33818850000
2025-11-12,GAS,62000,60600,61500,61900,60141.48046875,648800,40160720000
2025-11-13,GAS,63500,61400,61700,62900,61113.0703125,1158200,72850780000
2025-11-14,GAS,63400,62500,62900,62800,61015.91015625,496800,31199040000
2025-11-17,GAS,63800,62000,63200,63000,61210.23046875,689000,43407000000
2025-11-18,GAS,63400,62100,63400,62400,60627.2734375,749600,46775040000
2025-11-19,GAS,62800,62000,62500,62200,60432.95703125,380800,23685760000
2025-11-20,GAS,62300,61700,62200,62100,60335.796875,392000,24343200000
2025-11-21,GAS,61900,61000,61600,61900,60141.48046875,467300,28925870000
2025-11-24,GAS,62000,61000,61900,61000,59267.046875,390000,23790000000
2025-11-25,GAS,61400,60800,61000,60800,59072.73046875,405700,24666560000
2025-11-26,GAS,62000,60700,60800,62000,60238.63671875,529300,32816600000
2025-11-27,GAS,63100,61500,61900,63000,61210.23046875,1562200,98418600000
2025-11-28,GAS,63800,62500,63000,63400,61598.8671875,1243100,78812540000
2025-12-01,GAS,65800,63400,63400,65400,63542.046875,2743800,179444520000
2025-12-02,GAS,66100,64800,65400,66100,64222.16015625,1960300,129575830000
2025-12-03,GAS,66200,64300,66200,64500,62667.6171875,1151400,74265300000
2025-12-04,GAS,65000,64099,64599,65000,62667.6171875,1027400,66781000000
2025-12-05,GAS,65200,64000,65200,64000,62181.8203125,735600,47078400000
2025-12-08,GAS,65400,63600,64099,65400,63542.046875,1050700,68715780000
2025-12-09,GAS,65300,63600,65300,64000,62181.8203125,731000,46784000000
2025-12-10,GAS,64099,63400,63900,63500,61696.0234375,443900,28187650000
2025-12-11,GAS,63900,62500,63600,62600,60821.59375,470100,29428260000
2025-12-12,GAS,62900,61300,62600,61300,59558.5234375,598400,36681920000
2025-12-15,GAS,62400,61000,61300,62100,60335.796875,620600,38539260000
2025-12-16,GAS,64300,62100,62500,64300,62473.296875,870400,55966720000
2025-12-17,GAS,64800,62900,64200,62900,61113.0703125,532900,33519410000
2025-12-18,GAS,63800,62400,63600,63300,61113.0703125,625000,39562500000
2025-12-19,GAS,64000,63000,63600,64000,62181.8203125,658000,42112000000
2025-12-22,GAS,65300,64200,64300,65300,63444.88671875,1262800,82460840000
2025-12-23,GAS,66300,64599,65300,65300,63444.88671875,1512400,98759720000
2025-12-24,GAS,66100,64400,65400,66100,64222.16015625,1526800,100921480000
2025-12-25,GAS,69300,65500,66100,69200,64222.16015625,3702300,256199160000
2025-12-26,GAS,70900,68000,69000,70500,68497.1640625,2428400,171202200000
2025-12-29,GAS,75400,70200,70600,75100,72966.4765625,5613700,421588870000
2025-12-30,GAS,75700,73800,75100,74900,72772.1640625,1764400,132153560000
2025-12-31,GAS,75800,72400,74500,72400,70343.1875,1872800,135590720000
2026-01-05,GAS,77400,72800,73100,77400,75201.140625,5364200,415189080000
2026-01-06,GAS,82800,77800,77800,82800,80447.7265625,4730300,391668840000
2026-01-07,GAS,88500,85200,85200,88500,85985.796875,4173200,369328200000
2026-01-08,GAS,94600,90000,93500,91600,88997.7265625,6171100,565272760000
2026-01-09,GAS,98000,89800,90600,97100,94341.4765625,4592600,445941460000
2026-01-12,GAS,102500,94500,101000,97000,94244.3203125,5514400,534896800000
2026-01-13,GAS,103700,96000,97000,103700,100753.9765625,4960100,514362370000
2026-01-14,GAS,110900,100000,107000,107000,103960.2265625,4910800,525455600000
2026-01-15,GAS,107100,102300,106900,103000,100073.8671875,3558000,366474000000
2026-01-16,GAS,107200,99800,103200,99800,96964.7734375,4537900,452882420000
2026-01-19,GAS,106200,98100,100000,105800,102794.3203125,4498200,475909560000
2026-01-20,GAS,110800,104000,106000,104500,101531.25,3888800,406379600000
2026-01-21,GAS,110000,101000,101200,110000,106875.0,4569400,502634000000
2026-01-22,GAS,110500,104700,110500,104800,101822.7265625,4035100,422878480000
2026-01-23,GAS,106300,99200,104800,100800,97936.3671875,3428600,345602880000
2026-01-26,GAS,107800,100500,100500,107800,104737.5,6102800,657881840000
2026-01-27,GAS,115300,109000,109800,115300,112024.4375,5889900,679105470000
2026-01-28,GAS,122800,115000,121000,118000,114647.734375,7140900,842626200000
2026-01-29,GAS,118500,111300,118500,116800,113481.8203125,3705700,432825760000
2026-01-30,GAS,122000,115800,116800,117000,113676.140625,3644900,426453300000
2026-02-02,GAS,116800,110000,113900,114500,111247.1640625,5534800,633734600000
2026-02-03,GAS,121900,113100,115800,117000,113676.140625,3319000,388323000000
2026-02-04,GAS,120000,114300,117000,115800,112510.2265625,2275800,263537640000
2026-02-05,GAS,116800,112000,115800,112000,108818.1875,2555300,286193600000
2026-02-06,GAS,118800,109500,110000,115000,111732.9609375,3964600,455929000000
2026-02-09,GAS,117800,114500,117000,115700,112413.0703125,901300,104280410000
2026-02-10,GAS,119600,107700,115900,107700,104640.34375,6158900,663313530000
2026-02-11,GAS,107400,102000,105800,102000,99102.2734375,3230600,329521200000
2026-02-12,GAS,106200,101000,106200,101400,98519.3203125,2700300,273810420000
2026-02-13,GAS,103700,99700,101500,101600,98713.640625,2039200,207182720000
2026-02-23,GAS,108700,104900,104900,108700,105611.9375,956400,103960680000
2026-02-24,GAS,112400,107100,112000,110500,107360.796875,4780400,528234200000
2026-02-25,GAS,117500,108000,110500,110000,106875.0,3689100,405801000000
2026-02-26,GAS,111000,105500,111000,106000,102988.640625,3151900,334101400000
2026-02-27,GAS,111900,105500,106000,107900,104834.6640625,2827100,305044090000
2026-03-02,GAS,115400,112500,115300,115400,112121.59375,3660300,422398620000
2026-03-03,GAS,123400,111000,119900,123400,112121.59375,7680200,947736680000
2026-03-04,GAS,131500,121800,124000,128699,125043.75,4554900,586211075100
2026-03-05,GAS,126900,119700,126000,119700,116299.4375,5317800,636540660000
2026-03-06,GAS,118600,112000,118600,112100,108915.34375,4731500,530401150000
2026-03-09,GAS,116300,104300,116000,104300,101336.9375,5387400,561905820000
2026-03-10,GAS,107500,97000,104000,97000,94244.3203125,3885500,376893500000
2026-03-11,GAS,103000,93200,93300,103000,100073.8671875,4146800,427120400000
2026-03-12,GAS,103000,98700,103000,98700,95896.0234375,1736400,171382680000
2026-03-13,GAS,101300,91800,97900,91800,89192.046875,4442600,0
2026-03-16,GAS,91100,85400,91000,87900,85402.84375,5461400,0
2026-03-17,GAS,90400,86000,89000,86400,83945.453125,1712800,0
2026-03-18,GAS,92400,86400,86400,91700,89094.890625,2627100,0
2026-03-19,GAS,92400,87400,92300,88100,85597.1640625,2140100,0
2026-03-20,GAS,88800,82000,88100,82000,79670.453125,3150400,0
2026-03-23,GAS,83600,78500,78500,80500,78213.0703125,2980000,0
2026-03-24,GAS,82700,78800,82000,80700,78407.390625,1892400,0
2026-03-25,GAS,84700,81200,82000,82500,80156.25,2006800,0
2026-03-26,GAS,83000,79800,83000,80300,78018.75,1290400,0
2026-03-27,GAS,82600,79900,80400,82100,79767.6171875,2023700,0
2026-03-30,GAS,83200,80400,82100,80800,78504.546875,2027000,0
2026-03-31,GAS,81600,78100,81600,78300,76075.5703125,2432200,0
2026-04-01,GAS,81300,79600,80000,80000,77727.2734375,1876800,0
2026-04-02,GAS,81100,78700,80000,78700,76464.203125,1167900,0
2026-04-03,GAS,80900,79600,80000,79700,77435.796875,1931200,0
2026-04-06,GAS,80300,78100,80200,78500,76269.890625,1170800,0
2026-04-07,GAS,79400,75800,78500,77300,75103.9765625,1236400,0
2026-04-08,GAS,80400,78300,79000,79900,77630.1171875,1438600,0
2026-04-09,GAS,79900,78100,79900,78400,76172.7265625,1051600,0
2026-04-10,GAS,82400,78200,78600,80700,78407.390625,2856700,0
2026-04-13,GAS,82200,80600,81200,80700,78407.390625,948300,0
2026-04-14,GAS,81600,79100,81000,79300,77047.1640625,1205900,0
2026-04-15,GAS,80500,79100,79800,79200,76950.0,1038400,0
2026-04-16,GAS,80200,78100,79200,78400,76172.7265625,1169300,0
2026-04-17,GAS,80400,78100,78600,80100,77824.4375,1249000,0
2026-04-20,GAS,81300,79000,80000,79200,76950.0,1205300,0
2026-04-21,GAS,80100,78500,79300,78700,76464.203125,1356000,0
2026-04-22,GAS,79800,78100,79000,78100,75881.25,760600,0
2026-04-23,GAS,79500,75900,78100,77400,75201.140625,1488800,0
2026-04-24,GAS,80000,77500,77600,78300,76075.5703125,1193000,0
2026-04-28,GAS,78200,73100,78000,73500,71411.9375,1966400,0
2026-04-29,GAS,75400,73000,73500,75200,73063.640625,1268600,0
2026-05-04,GAS,79900,76200,77000,76500,74326.703125,1660000,0
2026-05-05,GAS,78300,76100,76700,77700,75492.6171875,1319800,0
2026-05-06,GAS,80500,77600,78000,79200,76950.0,2983000,0
2026-05-07,GAS,79000,76000,78400,76000,73840.9140625,2302900,0
2026-05-08,GAS,77300,74500,76900,74700,72577.84375,1415100,0
2026-05-11,GAS,75500,73400,75100,73600,71509.09375,1835100,0
2026-05-12,GAS,77100,73800,73900,76500,74326.703125,1557500,0
2026-05-13,GAS,81800,75700,76500,81800,79476.140625,6350300,0
2026-05-14,GAS,85800,83200,84500,83600,81225.0,4068100,0
2026-05-15,GAS,89400,82600,82800,89400,86860.2265625,4986200,0
2026-05-18,GAS,95500,90200,91700,93000,90357.9609375,4078700,0
2026-05-19,GAS,94200,86500,94100,86500,84042.6171875,5410100,0
2026-05-20,GAS,89700,81100,85600,89700,87151.703125,4912400,0
2026-05-21,GAS,89500,86200,89500,87300,84819.890625,1357100,0
2026-05-22,GAS,87800,84300,87100,84900,82488.0703125,1642900,0
2026-05-25,GAS,83500,81000,82300,82000,79670.453125,2341800,0
2026-05-26,GAS,84300,82300,83500,82500,80156.25,976400,0
2026-05-27,GAS,83700,81500,82500,81500,79184.6640625,902800,0
2026-05-28,GAS,83800,79500,81500,81700,79378.9765625,2476900,0
2026-05-29,GAS,87400,80200,81100,87400,84917.046875,3155800,0
2026-06-01,GAS,88200,84200,88000,84200,81807.953125,1357900,0
2026-06-02,GAS,85500,81800,85100,82200,79864.7734375,1514300,0
2026-06-03,GAS,85500,82200,82200,84500,82099.4375,1015900,0
2026-06-04,GAS,89200,85100,85800,85200,82779.546875,1871600,0
2026-06-05,GAS,87800,83800,85200,85000,82585.2265625,1317900,0
2026-06-08,GAS,85700,83300,83600,83900,81516.4765625,1058600,0
2026-06-09,GAS,84500,81900,84500,82400,80059.09375,906800,0
2026-06-10,GAS,83900,81900,82100,82500,80156.25,509100,0
2026-06-11,GAS,84500,82500,83300,82500,80156.25,530400,0
2026-06-12,GAS,87100,82000,82500,85100,82682.390625,1976800,0
2026-06-15,GAS,84300,81800,83300,82600,80253.4140625,1531900,0
2026-06-16,GAS,83700,79700,82600,81800,79476.140625,1617400,0
2026-06-17,GAS,82800,80000,81600,80900,78601.703125,1031800,0
2026-06-18,GAS,82600,80000,80000,81800,79476.140625,949100,0
2026-06-19,GAS,81800,80500,81700,81200,78893.1875,478800,0
2026-06-22,GAS,82600,81100,81600,81700,79378.9765625,702900,0
2026-06-23,GAS,82100,78700,81400,78900,76658.5234375,2252100,0
2026-06-24,GAS,80500,76400,78200,79300,77047.1640625,2046800,0
2026-06-25,GAS,79300,77500,78500,77500,75298.296875,868700,0
2026-06-26,GAS,78500,77000,77800,77000,74812.5,618600,0
2026-06-29,GAS,78700,77000,77200,77700,75492.6171875,606800,0
2026-06-30,GAS,78400,77100,77700,77400,75201.140625,510400,0
2026-07-01,GAS,79900,77500,77500,78000,75201.140625,741600,0
2026-07-02,GAS,78200,77300,78000,77300,75103.9765625,453500,0
2026-07-03,GAS,77700,75300,77400,75300,73160.796875,1649400,0
2026-07-06,GAS,75500,73000,75500,74000,71897.7265625,1615900,0
2026-07-07,GAS,75400,73300,74100,73800,71703.4140625,648400,0
2026-07-08,GAS,75900,74700,74800,74800,72675.0,648000,0
2026-07-09,GAS,78500,75100,75100,77000,74812.5,1998200,0
2026-07-10,GAS,77200,75200,77000,75200,73063.640625,512700,0
2026-07-13,GAS,77500,74500,76500,75400,73257.953125,909400,0
2026-07-14,GAS,78800,76000,76500,78500,76269.890625,2251800,0
2026-07-15,GAS,78800,77200,78800,77600,75395.453125,946200,0
2026-07-16,GAS,78000,75700,77600,77400,75201.140625,988000,0
2026-07-17,GAS,77400,76000,77400,76200,74035.2265625,569800,0
2026-07-20,GAS,77600,72000,76600,73100,71023.296875,870100,0
2026-07-21,GAS,74300,68000,73100,68000,66068.1875,4293300,0
2026-07-22,GAS,69000,64400,68000,64400,62570.45703125,2734100,0
2026-07-23,GAS,66800,64700,64700,66800,64902.2734375,1510800,0
2026-07-24,GAS,68800,67000,67000,67200,65290.91015625,1050700,0
2026-07-27,GAS,68500,66200,67000,66900,64999.43359375,850800,0
2026-07-28,GAS,67300,66100,66700,67000,65096.59375,619600,0
2026-07-29,GAS,68500,66900,66900,67900,65971.0234375,993000,0
2026-07-30,GAS,69300,68000,69000,68700,66748.296875,945900,0
2026-07-31,GAS,69800,68100,69800,68600,66651.140625,968600,0
2026-08-03,GAS,71200,68100,68600,71200,69177.2734375,1150500,0
2026-08-04,GAS,71200,69200,71200,69900,67914.203125,852900,0
2026-08-05,GAS,70500,68900,69800,70500,68497.1640625,1138300,0
2026-08-06,GAS,71400,69800,70500,69800,67817.046875,674200,0
2026-08-07,GAS,74600,70400,70500,74600,72480.6875,2114300,0
2026-08-10,GAS,79800,76100,76900,79800,77532.953125,2997200,0
2026-08-11,GAS,80600,77400,80500,77500,75298.296875,1554300,0
2026-08-12,GAS,80100,77200,77500,80000,77727.2734375,1433600,0
2026-08-13,GAS,80000,77600,79200,77900,75686.9375,1360200,0
2026-08-14,GAS,79200,74900,77800,76000,73840.9140625,1668000,0
2026-08-17,GAS,79200,76200,76200,79100,76852.84375,1109600,0
2026-08-18,GAS,84600,79300,79500,83500,81127.84375,3635900,0
2026-08-19,GAS,84500,82500,83400,83700,81322.1640625,1942100,0
2026-08-20,GAS,84400,82200,83900,83500,81127.84375,1112700,0
2026-08-21,GAS,83800,82000,83800,83500,81127.84375,1360800,0
2026-08-24,GAS,87600,82000,83800,85000,82585.2265625,2691300,0
2026-08-25,GAS,85400,82100,84200,83500,81127.84375,2125200,0
2026-08-26,GAS,86600,83000,83000,84100,81710.796875,1587700,0
2026-08-27,GAS,85400,82700,84100,84300,81905.1171875,1563900,0
2026-08-28,GAS,86400,84600,85200,85300,81807.953125,932900,0
2026-09-03,GAS,87500,82900,85300,84000,81613.640625,1869200,0
2026-09-04,GAS,84500,82400,84000,84000,81613.640625,1169700,0
2026-09-07,GAS,84400,82500,83700,82800,80447.7265625,1227800,0
2026-09-08,GAS,85500,82800,83600,84400,82002.2734375,1047600,0
2026-09-09,GAS,87600,85200,85300,85700,82002.2734375,2290400,0
2026-09-10,GAS,87500,84500,86400,84600,82196.59375,1143100,0
2026-09-11,GAS,86700,82900,85800,82900,80544.890625,1451400,0
2026-09-14,GAS,86800,84000,85100,85700,83265.34375,1634100,0
2026-09-15,GAS,91500,85300,86500,91400,88803.4140625,3733200,0
2026-09-16,GAS,93000,89400,91600,89400,86860.2265625,2653700,0
2026-09-17,GAS,90700,87500,89300,88600,86082.953125,2621500,0
2026-09-18,GAS,86200,84740,86000,85520,85500.0,1412000,0
2026-09-21,GAS,87170,84930,85030,86100,85500.0,1452700,0
