Date,code,high,low,open,close,adjust,volume_match,value_match
2015-12-18,HHV,6150,6150,6150,6150,6150.0,0,0
2015-12-21,HHV,8600,8600,8600,8600,8600.0,100,860000
2015-12-22,HHV,8600,8600,8600,8600,8600.0,0,0
2015-12-23,HHV,8600,8600,8600,8600,8600.0,0,0
2015-12-24,HHV,8600,8600,8600,8600,8600.0,0,0
2015-12-25,HHV,8600,8600,8600,8600,8600.0,0,0
2015-12-28,HHV,8600,8600,8600,8600,8600.0,0,0
2015-12-29,HHV,8600,8600,8600,8600,8600.0,0,0
2015-12-30,HHV,8600,8600,8600,8600,8600.0,0,0
2015-12-31,HHV,8600,8600,8600,8600,8600.0,0,0
2016-01-04,HHV,8600,8600,8600,8600,8600.0,0,0
2016-01-05,HHV,8600,8600,8600,8600,8600.0,0,0
2016-01-06,HHV,8600,8600,8600,8600,8600.0,0,0
2016-01-07,HHV,8600,8600,8600,8600,8600.0,0,0
2016-01-08,HHV,8600,8600,8600,8600,8600.0,0,0
2016-01-11,HHV,8600,8600,8600,8600,8600.0,0,0
2016-01-12,HHV,8600,8600,8600,8600,8600.0,0,0
2016-01-13,HHV,8600,8600,8600,8600,8600.0,0,0
2016-01-14,HHV,8600,8600,8600,8600,8600.0,0,0
2016-01-15,HHV,8600,8600,8600,8600,8600.0,0,0
2016-01-18,HHV,8600,8600,8600,8600,8600.0,0,0
2016-01-19,HHV,8600,8600,8600,8600,8600.0,0,0
2016-01-20,HHV,8600,8600,8600,8600,8600.0,0,0
2016-01-21,HHV,8600,8600,8600,8600,8600.0,0,0
2016-01-22,HHV,8600,8600,8600,8600,8600.0,0,0
2016-01-25,HHV,8600,8600,8600,8600,8600.0,0,0
2016-01-26,HHV,8600,8600,8600,8600,8600.0,0,0
2016-01-27,HHV,8600,8600,8600,8600,8600.0,0,0
2016-01-28,HHV,8600,8600,8600,8600,8600.0,0,0
2016-01-29,HHV,8600,8600,8600,8600,8600.0,0,0
2016-02-01,HHV,8600,8600,8600,8600,8600.0,0,0
2016-02-02,HHV,8600,8600,8600,8600,8600.0,0,0
2016-02-03,HHV,8600,8600,8600,8600,8600.0,0,0
2016-02-04,HHV,8600,8600,8600,8600,8600.0,0,0
2016-02-05,HHV,8600,8600,8600,8600,8600.0,0,0
2016-02-15,HHV,8600,8600,8600,8600,8600.0,0,0
2016-02-16,HHV,8600,8600,8600,8600,8600.0,0,0
2016-02-17,HHV,8600,8600,8600,8600,8600.0,0,0
2016-02-18,HHV,8600,8600,8600,8600,8600.0,0,0
2016-02-19,HHV,8600,8600,8600,8600,8600.0,0,0
2016-02-22,HHV,8600,8600,8600,8600,8600.0,0,0
2016-02-23,HHV,8600,8600,8600,8600,8600.0,0,0
2016-02-24,HHV,8600,8600,8600,8600,8600.0,0,0
2016-02-25,HHV,8600,8600,8600,8600,8600.0,0,0
2016-02-26,HHV,8600,8600,8600,8600,8600.0,0,0
2016-02-29,HHV,8600,8600,8600,8600,8600.0,0,0
2016-03-01,HHV,8600,8600,8600,8600,8600.0,0,0
2016-03-02,HHV,8600,8600,8600,8600,8600.0,0,0
2016-03-03,HHV,8600,8600,8600,8600,8600.0,0,0
2016-03-04,HHV,8600,8600,8600,8600,8600.0,0,0
2016-03-07,HHV,8600,8600,8600,8600,8600.0,0,0
2016-03-08,HHV,8600,8600,8600,8600,8600.0,0,0
2016-03-09,HHV,8600,8600,8600,8600,8600.0,0,0
2016-03-10,HHV,8600,8600,8600,8600,8600.0,0,0
2016-03-11,HHV,8600,8600,8600,8600,8600.0,0,0
2016-03-14,HHV,8600,8600,8600,8600,8600.0,0,0
2016-03-15,HHV,8600,8600,8600,8600,8600.0,0,0
2016-03-16,HHV,8600,8600,8600,8600,8600.0,0,0
2016-03-17,HHV,8600,8600,8600,8600,8600.0,0,0
2016-03-18,HHV,8600,8600,8600,8600,8600.0,0,0
2016-03-21,HHV,8600,8600,8600,8600,8600.0,0,0
2016-03-22,HHV,8600,8600,8600,8600,8600.0,0,0
2016-03-23,HHV,8600,8600,8600,8600,8600.0,0,0
2016-03-24,HHV,8600,8600,8600,8600,8600.0,0,0
2016-03-25,HHV,8600,8600,8600,8600,8600.0,0,0
2016-03-28,HHV,8600,8600,8600,8600,8600.0,0,0
2016-03-29,HHV,8600,8600,8600,8600,8600.0,0,0
2016-03-30,HHV,8600,8600,8600,8600,8600.0,0,0
2016-03-31,HHV,8600,8600,8600,8600,8600.0,0,0
2016-04-01,HHV,8600,8600,8600,8600,8600.0,0,0
2016-04-04,HHV,8600,8600,8600,8600,8600.0,0,0
2016-04-05,HHV,8600,8600,8600,8600,8600.0,0,0
2016-04-06,HHV,8600,8600,8600,8600,8600.0,0,0
2016-04-07,HHV,8600,8600,8600,8600,8600.0,0,0
2016-04-08,HHV,8600,8600,8600,8600,8600.0,0,0
2016-04-11,HHV,8600,8600,8600,8600,8600.0,0,0
2016-04-12,HHV,8600,8600,8600,8600,8600.0,0,0
2016-04-13,HHV,8600,8600,8600,8600,8600.0,0,0
2016-04-14,HHV,8600,8600,8600,8600,8600.0,0,0
2016-04-15,HHV,8600,8600,8600,8600,8600.0,0,0
2016-04-19,HHV,8189,8189,8189,8189,8189.0,500,4094500
2016-04-20,HHV,8189,8189,8189,8189,8189.0,0,0
2016-04-21,HHV,8189,8189,8189,8189,8189.0,100,818900
2016-04-22,HHV,7620,7620,7620,7620,7620.0,200,1524000
2016-04-25,HHV,7620,7620,7620,7620,7620.0,400,3048000
2016-04-26,HHV,7620,7620,7620,7620,7620.0,0,0
2016-04-27,HHV,7620,7620,7620,7620,7620.0,0,0
2016-04-28,HHV,7620,7620,7620,7620,7620.0,400,3048000
2016-04-29,HHV,7620,7620,7620,7620,7620.0,0,0
2016-05-04,HHV,7620,7620,7620,7620,7620.0,0,0
2016-05-05,HHV,7620,7620,7620,7620,7620.0,250,1905000
2016-05-06,HHV,7620,7620,7620,7620,7620.0,50,381000
2016-05-09,HHV,7620,7620,7620,7620,7620.0,0,0
2016-05-10,HHV,7620,7620,7620,7620,7620.0,0,0
2016-05-11,HHV,7620,7620,7620,7620,7620.0,0,0
2016-05-12,HHV,7620,7620,7620,7620,7620.0,0,0
2016-05-13,HHV,7620,7620,7620,7620,7620.0,0,0
2016-05-16,HHV,7620,7620,7620,7620,7620.0,0,0
2016-05-17,HHV,7620,7620,7620,7620,7620.0,0,0
2016-05-18,HHV,8119,8119,8119,8119,8119.0,250,2029750
2016-05-19,HHV,8119,8119,8119,8119,8119.0,0,0
2016-05-20,HHV,8119,8119,8119,8119,8119.0,0,0
2016-05-23,HHV,8119,8119,8119,8119,8119.0,0,0
2016-05-24,HHV,8119,8119,8119,8119,8119.0,0,0
2016-05-25,HHV,8119,8119,8119,8119,8119.0,0,0
2016-05-26,HHV,8119,8119,8119,8119,8119.0,0,0
2016-05-27,HHV,8119,8119,8119,8119,8119.0,0,0
2016-05-30,HHV,8119,8119,8119,8119,8119.0,0,0
2016-05-31,HHV,8119,8119,8119,8119,8119.0,0,0
2016-06-01,HHV,8119,8119,8119,8119,8119.0,0,0
2016-06-02,HHV,8119,8119,8119,8119,8119.0,0,0
2016-06-03,HHV,8119,8119,8119,8119,8119.0,0,0
2016-06-06,HHV,7020,7020,7020,7020,7020.0,100,702000
2016-06-07,HHV,7020,7020,7020,7020,7020.0,0,0
2016-06-08,HHV,7020,7020,7020,7020,7020.0,0,0
2016-06-09,HHV,7020,7020,7020,7020,7020.0,90,631800
2016-06-10,HHV,7020,7020,7020,7020,7020.0,0,0
2016-06-13,HHV,7020,7020,7020,7020,7020.0,0,0
2016-06-14,HHV,7020,7020,7020,7020,7020.0,0,0
2016-06-15,HHV,7020,7020,7020,7020,7020.0,0,0
2016-06-16,HHV,7020,7020,7020,7020,7020.0,0,0
2016-06-17,HHV,7020,7020,7020,7020,7020.0,0,0
2016-06-20,HHV,7020,7020,7020,7020,7020.0,0,0
2016-06-21,HHV,7020,7020,7020,7020,7020.0,0,0
2016-06-22,HHV,7020,7020,7020,7020,7020.0,0,0
2016-06-23,HHV,7020,7020,7020,7020,7020.0,0,0
2016-06-24,HHV,7020,7020,7020,7020,7020.0,0,0
2016-06-27,HHV,7020,7020,7020,7020,7020.0,0,0
2016-06-28,HHV,7020,7020,7020,7020,7020.0,0,0
2016-06-29,HHV,7020,7020,7020,7020,7020.0,0,0
2016-06-30,HHV,7020,7020,7020,7020,7020.0,0,0
2016-07-01,HHV,7020,7020,7020,7020,7020.0,0,0
2016-07-04,HHV,7020,7020,7020,7020,7020.0,0,0
2016-07-05,HHV,7020,7020,7020,7020,7020.0,0,0
2016-07-06,HHV,6150,6150,6150,6150,6150.0,100,615000
2016-07-07,HHV,6150,6150,6150,6150,6150.0,0,0
2016-07-08,HHV,6150,6150,6150,6150,6150.0,0,0
2016-07-11,HHV,6150,6150,6150,6150,6150.0,80,492000
2016-07-12,HHV,6150,6150,6150,6150,6150.0,0,0
2016-07-13,HHV,6150,6150,6150,6150,6150.0,0,0
2016-07-14,HHV,6150,6150,6150,6150,6150.0,0,0
2016-07-15,HHV,6150,6150,6150,6150,6150.0,0,0
2016-07-18,HHV,6150,6150,6150,6150,6150.0,0,0
2016-07-19,HHV,7020,7020,7020,7020,7020.0,100,702000
2016-07-20,HHV,8080,7020,8080,8080,8080.0,900,7272000
2016-07-21,HHV,8600,8600,8600,8600,8600.0,100,860000
2016-07-22,HHV,7320,7320,7320,7320,7320.0,300,2196000
2016-07-25,HHV,7320,7320,7320,7320,7320.0,0,0
2016-07-26,HHV,7320,7320,7320,7320,7320.0,0,0
2016-07-27,HHV,7320,7320,7320,7320,7320.0,0,0
2016-07-28,HHV,7620,7620,7620,7620,7620.0,100,762000
2016-07-29,HHV,7620,7620,7620,7620,7620.0,0,0
2016-08-01,HHV,8189,8189,8189,8189,8189.0,100,818900
2016-08-02,HHV,8189,8189,8189,8189,8189.0,0,0
2016-08-03,HHV,6960,6960,6960,6960,6960.0,100,696000
2016-08-04,HHV,5970,5970,5970,5970,5970.0,1000,5970000
2016-08-05,HHV,5970,5970,5970,5970,5970.0,0,0
2016-08-08,HHV,5970,5970,5970,5970,5970.0,0,0
2016-08-09,HHV,5970,5970,5970,5970,5970.0,0,0
2016-08-10,HHV,5970,5970,5970,5970,5970.0,0,0
2016-08-11,HHV,5970,5970,5970,5970,5970.0,0,0
2016-08-12,HHV,5970,5970,5970,5970,5970.0,0,0
2016-08-15,HHV,5970,5970,5970,5970,5970.0,0,0
2016-08-16,HHV,5970,5970,5970,5970,5970.0,0,0
2016-08-17,HHV,5970,5970,5970,5970,5970.0,0,0
2016-08-18,HHV,5100,5100,5100,5100,5100.0,100,510000
2016-08-19,HHV,5100,5100,5100,5100,5100.0,0,0
2016-08-22,HHV,5100,5100,5100,5100,5100.0,0,0
2016-08-23,HHV,5100,5100,5100,5100,5100.0,0,0
2016-08-24,HHV,5100,5100,5100,5100,5100.0,0,0
2016-08-25,HHV,5100,5100,5100,5100,5100.0,0,0
2016-08-26,HHV,5100,5100,5100,5100,5100.0,0,0
2016-08-29,HHV,5100,5100,5100,5100,5100.0,0,0
2016-08-30,HHV,5100,5100,5100,5100,5100.0,0,0
2016-08-31,HHV,5100,5100,5100,5100,5100.0,0,0
2016-09-01,HHV,4340,4340,4340,4340,4340.0,100,434000
2016-09-05,HHV,4340,4340,4340,4340,4340.0,0,0
2016-09-06,HHV,4340,4340,4340,4340,4340.0,0,0
2016-09-07,HHV,3690,3690,3690,3690,3690.0,300,1107000
2016-09-08,HHV,3690,3690,3690,3690,3690.0,0,0
2016-09-09,HHV,3690,3690,3690,3690,3690.0,0,0
2016-09-12,HHV,3690,3690,3690,3690,3690.0,0,0
2016-09-13,HHV,3690,3690,3690,3690,3690.0,0,0
2016-09-14,HHV,3690,3690,3690,3690,3690.0,0,0
2016-09-15,HHV,3690,3690,3690,3690,3690.0,0,0
2016-09-16,HHV,3690,3690,3690,3690,3690.0,0,0
2016-09-19,HHV,3690,3690,3690,3690,3690.0,0,0
2016-09-20,HHV,4210,4210,4210,4210,4210.0,100,421000
2016-09-21,HHV,4210,4210,4210,4210,4210.0,0,0
2016-09-22,HHV,3620,3620,3620,3620,3620.0,100,362000
2016-09-23,HHV,3100,3100,3100,3100,3100.0,100,310000
2016-09-26,HHV,3100,3100,3100,3100,3100.0,0,0
2016-09-27,HHV,3100,3100,3100,3100,3100.0,0,0
2016-09-28,HHV,3100,3100,3100,3100,3100.0,0,0
2016-09-29,HHV,3100,3100,3100,3100,3100.0,0,0
2016-09-30,HHV,2750,2750,2750,2750,2750.0,100,275000
2016-10-03,HHV,2750,2750,2750,2750,2750.0,0,0
2016-10-04,HHV,2750,2750,2750,2750,2750.0,0,0
2016-10-05,HHV,2750,2750,2750,2750,2750.0,0,0
2016-10-06,HHV,2750,2750,2750,2750,2750.0,0,0
2016-10-07,HHV,2750,2750,2750,2750,2750.0,0,0
2016-10-10,HHV,2750,2750,2750,2750,2750.0,0,0
2016-10-11,HHV,2750,2750,2750,2750,2750.0,0,0
2016-10-12,HHV,2330,2330,2330,2330,2330.0,100,233000
2016-10-13,HHV,2330,2330,2330,2330,2330.0,0,0
2016-10-14,HHV,2330,2330,2330,2330,2330.0,0,0
2016-10-17,HHV,2330,2330,2330,2330,2330.0,0,0
2016-10-18,HHV,2330,2330,2330,2330,2330.0,0,0
2016-10-19,HHV,2330,2330,2330,2330,2330.0,0,0
2016-10-20,HHV,2330,2330,2330,2330,2330.0,0,0
2016-10-21,HHV,2330,2330,2330,2330,2330.0,0,0
2016-10-24,HHV,2330,2330,2330,2330,2330.0,0,0
2016-10-25,HHV,2330,2330,2330,2330,2330.0,0,0
2016-10-26,HHV,2330,2330,2330,2330,2330.0,0,0
2016-10-27,HHV,2330,2330,2330,2330,2330.0,0,0
2016-10-28,HHV,2330,2330,2330,2330,2330.0,0,0
2016-10-31,HHV,2330,2330,2330,2330,2330.0,0,0
2016-11-01,HHV,2330,2330,2330,2330,2330.0,0,0
2016-11-02,HHV,2330,2330,2330,2330,2330.0,0,0
2016-11-03,HHV,2330,2330,2330,2330,2330.0,0,0
2016-11-04,HHV,2330,2330,2330,2330,2330.0,0,0
2016-11-07,HHV,2330,2330,2330,2330,2330.0,0,0
2016-11-08,HHV,2330,2330,2330,2330,2330.0,0,0
2016-11-09,HHV,2330,2330,2330,2330,2330.0,0,0
2016-11-10,HHV,2330,2330,2330,2330,2330.0,0,0
2016-11-11,HHV,2330,2330,2330,2330,2330.0,0,0
2016-11-14,HHV,2330,2330,2330,2330,2330.0,0,0
2016-11-15,HHV,2330,2330,2330,2330,2330.0,0,0
2016-11-16,HHV,2330,2330,2330,2330,2330.0,0,0
2016-11-17,HHV,2330,2330,2330,2330,2330.0,0,0
2016-11-18,HHV,2330,2330,2330,2330,2330.0,0,0
2016-11-21,HHV,2330,2330,2330,2330,2330.0,0,0
2016-11-22,HHV,2330,2330,2330,2330,2330.0,0,0
2016-11-23,HHV,2330,2330,2330,2330,2330.0,0,0
2016-11-24,HHV,2330,2330,2330,2330,2330.0,0,0
2016-11-25,HHV,2330,2330,2330,2330,2330.0,0,0
2016-11-28,HHV,3270,3270,3270,3270,3270.0,100,327000
2016-11-29,HHV,3270,3270,3270,3270,3270.0,0,0
2016-11-30,HHV,3270,3270,3270,3270,3270.0,0,0
2016-12-01,HHV,3740,3740,3740,3740,3740.0,100,374000
2016-12-02,HHV,3740,3740,3740,3740,3740.0,0,0
2016-12-05,HHV,4100,4100,4100,4100,4100.0,200,820000
2016-12-06,HHV,4680,4680,4680,4680,4680.0,100,468000
2016-12-07,HHV,4680,4680,4680,4680,4680.0,0,0
2016-12-08,HHV,4680,4680,4680,4680,4680.0,0,0
2016-12-09,HHV,4680,4680,4680,4680,4680.0,0,0
2016-12-12,HHV,5390,5390,5390,5390,5390.0,100,539000
2016-12-13,HHV,5390,5390,5390,5390,5390.0,0,0
2016-12-14,HHV,5280,5280,5280,5280,5280.0,100,528000
2016-12-15,HHV,5280,5280,5280,5280,5280.0,0,0
2016-12-16,HHV,5280,5280,5280,5280,5280.0,200,1056000
2016-12-19,HHV,5280,5280,5280,5280,5280.0,0,0
2016-12-20,HHV,5280,5280,5280,5280,5280.0,0,0
2016-12-21,HHV,5280,5280,5280,5280,5280.0,0,0
2016-12-22,HHV,5280,5280,5280,5280,5280.0,0,0
2016-12-23,HHV,5280,5280,5280,5280,5280.0,0,0
2016-12-26,HHV,5280,5280,5280,5280,5280.0,0,0
2016-12-27,HHV,5280,5280,5280,5280,5280.0,0,0
2016-12-28,HHV,5280,5280,5280,5280,5280.0,0,0
2016-12-29,HHV,5280,5280,5280,5280,5280.0,0,0
2016-12-30,HHV,5280,5280,5280,5280,5280.0,0,0
2017-01-03,HHV,5280,5280,5280,5280,5280.0,0,0
2017-01-04,HHV,5280,5280,5280,5280,5280.0,0,0
2017-01-05,HHV,5280,5280,5280,5280,5280.0,0,0
2017-01-06,HHV,5280,5280,5280,5280,5280.0,0,0
2017-01-09,HHV,5280,5280,5280,5280,5280.0,0,0
2017-01-10,HHV,5280,5280,5280,5280,5280.0,0,0
2017-01-11,HHV,5280,5280,5280,5280,5280.0,0,0
2017-01-12,HHV,5280,5280,5280,5280,5280.0,0,0
2017-01-13,HHV,5280,5280,5280,5280,5280.0,0,0
2017-01-16,HHV,5280,5280,5280,5280,5280.0,0,0
2017-01-17,HHV,5280,5280,5280,5280,5280.0,0,0
2017-01-18,HHV,5280,5280,5280,5280,5280.0,0,0
2017-01-19,HHV,5280,5280,5280,5280,5280.0,0,0
2017-01-20,HHV,5280,5280,5280,5280,5280.0,0,0
2017-01-23,HHV,5280,5280,5280,5280,5280.0,0,0
2017-01-24,HHV,5280,5280,5280,5280,5280.0,0,0
2017-01-25,HHV,5280,5280,5280,5280,5280.0,0,0
2017-02-02,HHV,5280,5280,5280,5280,5280.0,0,0
2017-02-03,HHV,5280,5280,5280,5280,5280.0,0,0
2017-02-06,HHV,5280,5280,5280,5280,5280.0,0,0
2017-02-07,HHV,5280,5280,5280,5280,5280.0,0,0
2017-02-08,HHV,5280,5280,5280,5280,5280.0,0,0
2017-02-09,HHV,5280,5280,5280,5280,5280.0,0,0
2017-02-10,HHV,5280,5280,5280,5280,5280.0,0,0
2017-02-13,HHV,5280,5280,5280,5280,5280.0,0,0
2017-02-14,HHV,5280,5280,5280,5280,5280.0,0,0
2017-02-15,HHV,5280,5280,5280,5280,5280.0,0,0
2017-02-16,HHV,5280,5280,5280,5280,5280.0,0,0
2017-02-17,HHV,5280,5280,5280,5280,5280.0,0,0
2017-02-20,HHV,5280,5280,5280,5280,5280.0,0,0
2017-02-21,HHV,5280,5280,5280,5280,5280.0,0,0
2017-02-22,HHV,5280,5280,5280,5280,5280.0,0,0
2017-02-23,HHV,5280,5280,5280,5280,5280.0,0,0
2017-02-24,HHV,5280,5280,5280,5280,5280.0,0,0
2017-02-27,HHV,5280,5280,5280,5280,5280.0,0,0
2017-02-28,HHV,5280,5280,5280,5280,5280.0,0,0
2017-03-01,HHV,5280,5280,5280,5280,5280.0,0,0
2017-03-02,HHV,5280,5280,5280,5280,5280.0,0,0
2017-03-03,HHV,5280,5280,5280,5280,5280.0,0,0
2017-03-06,HHV,5280,5280,5280,5280,5280.0,0,0
2017-03-07,HHV,5280,5280,5280,5280,5280.0,0,0
2017-03-08,HHV,5280,5280,5280,5280,5280.0,0,0
2017-03-09,HHV,5280,5280,5280,5280,5280.0,0,0
2017-03-10,HHV,5280,5280,5280,5280,5280.0,0,0
2017-03-13,HHV,5280,5280,5280,5280,5280.0,0,0
2017-03-14,HHV,5280,5280,5280,5280,5280.0,0,0
2017-03-15,HHV,5280,5280,5280,5280,5280.0,0,0
2017-03-16,HHV,5280,5280,5280,5280,5280.0,0,0
2017-03-17,HHV,5280,5280,5280,5280,5280.0,0,0
2017-03-20,HHV,5280,5280,5280,5280,5280.0,0,0
2017-03-21,HHV,5280,5280,5280,5280,5280.0,0,0
2017-03-22,HHV,5280,5280,5280,5280,5280.0,0,0
2017-03-23,HHV,5280,5280,5280,5280,5280.0,0,0
2017-03-24,HHV,5280,5280,5280,5280,5280.0,0,0
2017-03-27,HHV,5280,5280,5280,5280,5280.0,0,0
2017-03-28,HHV,5280,5280,5280,5280,5280.0,0,0
2017-03-29,HHV,5280,5280,5280,5280,5280.0,0,0
2017-03-30,HHV,6840,6840,6840,6840,6840.0,500,3420000
2017-03-31,HHV,6840,6840,6840,6840,6840.0,0,0
2017-04-03,HHV,6840,6840,6840,6840,6840.0,0,0
2017-04-04,HHV,6840,6840,6840,6840,6840.0,0,0
2017-04-05,HHV,6840,6840,6840,6840,6840.0,0,0
2017-04-07,HHV,6840,6840,6840,6840,6840.0,0,0
2017-04-10,HHV,6840,6840,6840,6840,6840.0,0,0
2017-04-11,HHV,6840,6840,6840,6840,6840.0,0,0
2017-04-12,HHV,6840,6840,6840,6840,6840.0,0,0
2017-04-13,HHV,6840,6840,6840,6840,6840.0,0,0
2017-04-14,HHV,6840,6840,6840,6840,6840.0,0,0
2017-04-17,HHV,6840,6840,6840,6840,6840.0,0,0
2017-04-18,HHV,6840,6840,6840,6840,6840.0,0,0
2017-04-19,HHV,6840,6840,6840,6840,6840.0,0,0
2017-04-20,HHV,6840,6840,6840,6840,6840.0,0,0
2017-04-21,HHV,6840,6840,6840,6840,6840.0,0,0
2017-04-24,HHV,6840,6840,6840,6840,6840.0,0,0
2017-04-25,HHV,6840,6840,6840,6840,6840.0,0,0
2017-04-26,HHV,6840,6840,6840,6840,6840.0,0,0
2017-04-27,HHV,6840,6840,6840,6840,6840.0,0,0
2017-04-28,HHV,6840,6840,6840,6840,6840.0,0,0
2017-05-03,HHV,6840,6840,6840,6840,6840.0,0,0
2017-05-04,HHV,6840,6840,6840,6840,6840.0,0,0
2017-05-05,HHV,6840,6840,6840,6840,6840.0,0,0
2017-05-08,HHV,6840,6840,6840,6840,6840.0,0,0
2017-05-09,HHV,6840,6840,6840,6840,6840.0,0,0
2017-05-10,HHV,6840,6840,6840,6840,6840.0,0,0
2017-05-11,HHV,6840,6840,6840,6840,6840.0,0,0
2017-05-12,HHV,6840,6840,6840,6840,6840.0,0,0
2017-05-15,HHV,6840,6840,6840,6840,6840.0,0,0
2017-05-16,HHV,6840,6840,6840,6840,6840.0,0,0
2017-05-17,HHV,6840,6840,6840,6840,6840.0,0,0
2017-05-18,HHV,6840,6840,6840,6840,6840.0,0,0
2017-05-19,HHV,6840,6840,6840,6840,6840.0,0,0
2017-05-22,HHV,6840,6840,6840,6840,6840.0,0,0
2017-05-23,HHV,6840,6840,6840,6840,6840.0,0,0
2017-05-24,HHV,6840,6840,6840,6840,6840.0,0,0
2017-05-25,HHV,6840,6840,6840,6840,6840.0,0,0
2017-05-26,HHV,6840,6840,6840,6840,6840.0,0,0
2017-05-29,HHV,6840,6840,6840,6840,6840.0,0,0
2017-05-30,HHV,6840,6840,6840,6840,6840.0,0,0
2017-05-31,HHV,6840,6840,6840,6840,6840.0,0,0
2017-06-01,HHV,6840,6840,6840,6840,6840.0,0,0
2017-06-02,HHV,6840,6840,6840,6840,6840.0,0,0
2017-06-05,HHV,6840,6840,6840,6840,6840.0,0,0
2017-06-06,HHV,6840,6840,6840,6840,6840.0,0,0
2017-06-07,HHV,6840,6840,6840,6840,6840.0,0,0
2017-06-08,HHV,6840,6840,6840,6840,6840.0,0,0
2017-06-09,HHV,6840,6840,6840,6840,6840.0,0,0
2017-06-12,HHV,6840,6840,6840,6840,6840.0,0,0
2017-06-13,HHV,6840,6840,6840,6840,6840.0,0,0
2017-06-14,HHV,6840,6840,6840,6840,6840.0,0,0
2017-06-15,HHV,6840,6840,6840,6840,6840.0,0,0
2017-06-16,HHV,6840,6840,6840,6840,6840.0,0,0
2017-06-19,HHV,6840,6840,6840,6840,6840.0,0,0
2017-06-20,HHV,6840,6840,6840,6840,6840.0,0,0
2017-06-21,HHV,6840,6840,6840,6840,6840.0,0,0
2017-06-22,HHV,6840,6840,6840,6840,6840.0,0,0
2017-06-23,HHV,6840,6840,6840,6840,6840.0,0,0
2017-06-26,HHV,6840,6840,6840,6840,6840.0,0,0
2017-06-27,HHV,6840,6840,6840,6840,6840.0,0,0
2017-06-28,HHV,6840,6840,6840,6840,6840.0,0,0
2017-06-29,HHV,6840,6840,6840,6840,6840.0,0,0
2017-06-30,HHV,6840,6840,6840,6840,6840.0,0,0
2017-07-03,HHV,6840,6840,6840,6840,6840.0,0,0
2017-07-04,HHV,6840,6840,6840,6840,6840.0,0,0
2017-07-05,HHV,6840,6840,6840,6840,6840.0,0,0
2017-07-06,HHV,6840,6840,6840,6840,6840.0,0,0
2017-07-07,HHV,6840,6840,6840,6840,6840.0,0,0
2017-07-10,HHV,6840,6840,6840,6840,6840.0,0,0
2017-07-11,HHV,6840,6840,6840,6840,6840.0,0,0
2017-07-12,HHV,6840,6840,6840,6840,6840.0,0,0
2017-07-13,HHV,6840,6840,6840,6840,6840.0,0,0
2017-07-14,HHV,6840,6840,6840,6840,6840.0,0,0
2017-07-17,HHV,6840,6840,6840,6840,6840.0,0,0
2017-07-18,HHV,6840,6840,6840,6840,6840.0,0,0
2017-07-19,HHV,6840,6840,6840,6840,6840.0,0,0
2017-07-20,HHV,6840,6840,6840,6840,6840.0,0,0
2017-07-21,HHV,6840,6840,6840,6840,6840.0,0,0
2017-07-24,HHV,6840,6840,6840,6840,6840.0,0,0
2017-07-25,HHV,6840,6840,6840,6840,6840.0,0,0
2017-07-26,HHV,6840,6840,6840,6840,6840.0,0,0
2017-07-27,HHV,6840,6840,6840,6840,6840.0,0,0
2017-07-28,HHV,6840,6840,6840,6840,6840.0,0,0
2017-07-31,HHV,6840,6840,6840,6840,6840.0,0,0
2017-08-01,HHV,6840,6840,6840,6840,6840.0,0,0
2017-08-02,HHV,6840,6840,6840,6840,6840.0,0,0
2017-08-03,HHV,6840,6840,6840,6840,6840.0,0,0
2017-08-04,HHV,6840,6840,6840,6840,6840.0,0,0
2017-08-07,HHV,6840,6840,6840,6840,6840.0,0,0
2017-08-08,HHV,6840,6840,6840,6840,6840.0,0,0
2017-08-09,HHV,6840,6840,6840,6840,6840.0,0,0
2017-08-10,HHV,6840,6840,6840,6840,6840.0,0,0
2017-08-11,HHV,6840,6840,6840,6840,6840.0,0,0
2017-08-14,HHV,6840,6840,6840,6840,6840.0,0,0
2017-08-15,HHV,6840,6840,6840,6840,6840.0,0,0
2017-08-16,HHV,6840,6840,6840,6840,6840.0,0,0
2017-08-18,HHV,6490,6490,6490,6490,6490.0,0,0
2017-08-21,HHV,6490,6490,6490,6490,6490.0,0,0
2017-08-22,HHV,6490,6490,6490,6490,6490.0,0,0
2017-08-23,HHV,6490,6490,6490,6490,6490.0,0,0
2017-08-24,HHV,6490,6490,6490,6490,6490.0,0,0
2017-08-25,HHV,6490,6490,6490,6490,6490.0,0,0
2017-08-28,HHV,6490,6490,6490,6490,6490.0,0,0
2017-08-29,HHV,6490,6490,6490,6490,6490.0,0,0
2017-08-30,HHV,6490,6490,6490,6490,6490.0,0,0
2017-08-31,HHV,6490,6490,6490,6490,6490.0,0,0
2017-09-01,HHV,6490,6490,6490,6490,6490.0,0,0
2017-09-05,HHV,6490,6490,6490,6490,6490.0,0,0
2017-09-06,HHV,6490,6490,6490,6490,6490.0,0,0
2017-09-07,HHV,6490,6490,6490,6490,6490.0,0,0
2017-09-08,HHV,6490,6490,6490,6490,6490.0,0,0
2017-09-11,HHV,6490,6490,6490,6490,6490.0,0,0
2017-09-12,HHV,6490,6490,6490,6490,6490.0,0,0
2017-09-13,HHV,6490,6490,6490,6490,6490.0,0,0
2017-09-14,HHV,6490,6490,6490,6490,6490.0,0,0
2017-09-15,HHV,6490,6490,6490,6490,6490.0,0,0
2017-09-18,HHV,6490,6490,6490,6490,6490.0,0,0
2017-09-19,HHV,6490,6490,6490,6490,6490.0,0,0
2017-09-20,HHV,6490,6490,6490,6490,6490.0,0,0
2017-09-21,HHV,6490,6490,6490,6490,6490.0,0,0
2017-09-22,HHV,6490,6490,6490,6490,6490.0,0,0
2017-09-25,HHV,6490,6490,6490,6490,6490.0,0,0
2017-09-26,HHV,6490,6490,6490,6490,6490.0,0,0
2017-09-27,HHV,6490,6490,6490,6490,6490.0,0,0
2017-09-28,HHV,6490,6490,6490,6490,6490.0,0,0
2017-09-29,HHV,6490,6490,6490,6490,6490.0,0,0
2017-10-02,HHV,6490,6490,6490,6490,6490.0,0,0
2017-10-03,HHV,6490,6490,6490,6490,6490.0,0,0
2017-10-04,HHV,6490,6490,6490,6490,6490.0,0,0
2017-10-05,HHV,6490,6490,6490,6490,6490.0,0,0
2017-10-06,HHV,6490,6490,6490,6490,6490.0,0,0
2017-10-09,HHV,6490,6490,6490,6490,6490.0,0,0
2017-10-10,HHV,6490,6490,6490,6490,6490.0,0,0
2017-10-11,HHV,6490,6490,6490,6490,6490.0,0,0
2017-10-12,HHV,6490,6490,6490,6490,6490.0,0,0
2017-10-13,HHV,6490,6490,6490,6490,6490.0,0,0
2017-10-16,HHV,6490,6490,6490,6490,6490.0,0,0
2017-10-17,HHV,6490,6490,6490,6490,6490.0,0,0
2017-10-18,HHV,6490,6490,6490,6490,6490.0,0,0
2017-10-19,HHV,6490,6490,6490,6490,6490.0,0,0
2017-10-20,HHV,6490,6490,6490,6490,6490.0,0,0
2017-10-23,HHV,6490,6490,6490,6490,6490.0,0,0
2017-10-24,HHV,6490,6490,6490,6490,6490.0,0,0
2017-10-25,HHV,6490,6490,6490,6490,6490.0,0,0
2017-10-26,HHV,6490,6490,6490,6490,6490.0,0,0
2017-10-27,HHV,6490,6490,6490,6490,6490.0,0,0
2017-10-30,HHV,6490,6490,6490,6490,6490.0,0,0
2017-10-31,HHV,6490,6490,6490,6490,6490.0,0,0
2017-11-01,HHV,6490,6490,6490,6490,6490.0,0,0
2017-11-02,HHV,6490,6490,6490,6490,6490.0,0,0
2017-11-03,HHV,6490,6490,6490,6490,6490.0,0,0
2017-11-06,HHV,6490,6490,6490,6490,6490.0,0,0
2017-11-07,HHV,6490,6490,6490,6490,6490.0,0,0
2017-11-08,HHV,6490,6490,6490,6490,6490.0,0,0
2017-11-09,HHV,6490,6490,6490,6490,6490.0,0,0
2017-11-10,HHV,6490,6490,6490,6490,6490.0,0,0
2017-11-13,HHV,6490,6490,6490,6490,6490.0,0,0
2017-11-14,HHV,6490,6490,6490,6490,6490.0,0,0
2017-11-15,HHV,6490,6490,6490,6490,6490.0,0,0
2017-11-16,HHV,6490,6490,6490,6490,6490.0,0,0
2017-11-17,HHV,6490,6490,6490,6490,6490.0,0,0
2017-11-20,HHV,6490,6490,6490,6490,6490.0,0,0
2017-11-21,HHV,6490,6490,6490,6490,6490.0,0,0
2017-11-22,HHV,6490,6490,6490,6490,6490.0,0,0
2017-11-23,HHV,6490,6490,6490,6490,6490.0,0,0
2017-11-24,HHV,6490,6490,6490,6490,6490.0,0,0
2017-11-27,HHV,6490,6490,6490,6490,6490.0,0,0
2017-11-28,HHV,6490,6490,6490,6490,6490.0,0,0
2017-11-29,HHV,6490,6490,6490,6490,6490.0,0,0
2017-11-30,HHV,6490,6490,6490,6490,6490.0,0,0
2017-12-01,HHV,6490,6490,6490,6490,6490.0,0,0
2017-12-04,HHV,6490,6490,6490,6490,6490.0,0,0
2017-12-05,HHV,6490,6490,6490,6490,6490.0,0,0
2017-12-06,HHV,6490,6490,6490,6490,6490.0,0,0
2017-12-07,HHV,6490,6490,6490,6490,6490.0,0,0
2017-12-08,HHV,6490,6490,6490,6490,6490.0,0,0
2017-12-11,HHV,6490,6490,6490,6490,6490.0,0,0
2017-12-12,HHV,6490,6490,6490,6490,6490.0,0,0
2017-12-13,HHV,6490,6490,6490,6490,6490.0,0,0
2017-12-14,HHV,6490,6490,6490,6490,6490.0,0,0
2017-12-15,HHV,6490,6490,6490,6490,6490.0,0,0
2017-12-18,HHV,6490,6490,6490,6490,6490.0,0,0
2017-12-19,HHV,6490,6490,6490,6490,6490.0,0,0
2017-12-20,HHV,6490,6490,6490,6490,6490.0,0,0
2017-12-21,HHV,6490,6490,6490,6490,6490.0,0,0
2017-12-22,HHV,6490,6490,6490,6490,6490.0,0,0
2017-12-25,HHV,6490,6490,6490,6490,6490.0,0,0
2017-12-26,HHV,6490,6490,6490,6490,6490.0,0,0
2017-12-27,HHV,6490,6490,6490,6490,6490.0,0,0
2017-12-28,HHV,6490,6490,6490,6490,6490.0,0,0
2017-12-29,HHV,6490,6490,6490,6490,6490.0,0,0
2018-01-02,HHV,6490,6490,6490,6490,6490.0,0,0
2018-01-03,HHV,6490,6490,6490,6490,6490.0,0,0
2018-01-04,HHV,6490,6490,6490,6490,6490.0,0,0
2018-01-05,HHV,6490,6490,6490,6490,6490.0,0,0
2018-01-08,HHV,6490,6490,6490,6490,6490.0,0,0
2018-01-09,HHV,6490,6490,6490,6490,6490.0,0,0
2018-01-10,HHV,6490,6490,6490,6490,6490.0,0,0
2018-01-11,HHV,6490,6490,6490,6490,6490.0,0,0
2018-01-12,HHV,6490,6490,6490,6490,6490.0,0,0
2018-01-15,HHV,6490,6490,6490,6490,6490.0,0,0
2018-01-16,HHV,6490,6490,6490,6490,6490.0,0,0
2018-01-17,HHV,6490,6490,6490,6490,6490.0,0,0
2018-01-18,HHV,6490,6490,6490,6490,6490.0,0,0
2018-01-19,HHV,6490,6490,6490,6490,6490.0,0,0
2018-01-22,HHV,6490,6490,6490,6490,6490.0,0,0
2018-01-23,HHV,5560,5560,5560,5560,5560.0,500,2780000
2018-01-24,HHV,5560,5560,5560,5560,5560.0,0,0
2018-01-25,HHV,5560,5560,5560,5560,5560.0,0,0
2018-01-26,HHV,5560,5560,5560,5560,5560.0,1520,8451200
2018-01-29,HHV,5560,5560,5560,5560,5560.0,0,0
2018-01-30,HHV,5560,5560,5560,5560,5560.0,0,0
2018-01-31,HHV,5560,5560,5560,5560,5560.0,0,0
2018-02-01,HHV,5560,5560,5560,5560,5560.0,0,0
2018-02-02,HHV,5560,5560,5560,5560,5560.0,0,0
2018-02-05,HHV,5560,5560,5560,5560,5560.0,0,0
2018-02-06,HHV,5560,5560,5560,5560,5560.0,0,0
2018-02-07,HHV,5560,5560,5560,5560,5560.0,0,0
2018-02-08,HHV,5560,5560,5560,5560,5560.0,0,0
2018-02-09,HHV,5560,5560,5560,5560,5560.0,0,0
2018-02-12,HHV,5560,5560,5560,5560,5560.0,0,0
2018-02-13,HHV,5560,5560,5560,5560,5560.0,0,0
2018-02-21,HHV,5560,5560,5560,5560,5560.0,0,0
2018-02-22,HHV,5560,5560,5560,5560,5560.0,0,0
2018-02-23,HHV,5560,5560,5560,5560,5560.0,0,0
2018-02-26,HHV,5560,5560,5560,5560,5560.0,0,0
2018-02-27,HHV,5560,5560,5560,5560,5560.0,0,0
2018-02-28,HHV,5560,5560,5560,5560,5560.0,0,0
2018-03-01,HHV,5560,5560,5560,5560,5560.0,0,0
2018-03-02,HHV,5560,5560,5560,5560,5560.0,0,0
2018-03-05,HHV,5560,5560,5560,5560,5560.0,0,0
2018-03-06,HHV,5560,5560,5560,5560,5560.0,0,0
2018-03-07,HHV,5560,5560,5560,5560,5560.0,0,0
2018-03-08,HHV,5560,5560,5560,5560,5560.0,0,0
2018-03-09,HHV,5560,5560,5560,5560,5560.0,0,0
2018-03-12,HHV,6380,6380,6380,6380,6380.0,100,638000
2018-03-13,HHV,6380,6380,6380,6380,6380.0,0,0
2018-03-14,HHV,6380,6380,6380,6380,6380.0,0,0
2018-03-15,HHV,6380,6380,6380,6380,6380.0,0,0
2018-03-16,HHV,6380,6380,6380,6380,6380.0,0,0
2018-03-19,HHV,6380,6380,6380,6380,6380.0,0,0
2018-03-20,HHV,6380,6380,6380,6380,6380.0,0,0
2018-03-21,HHV,6380,6380,6380,6380,6380.0,0,0
2018-03-22,HHV,6380,6380,6380,6380,6380.0,0,0
2018-03-23,HHV,6380,6380,6380,6380,6380.0,0,0
2018-03-26,HHV,6380,6380,6380,6380,6380.0,0,0
2018-03-27,HHV,6380,6380,6380,6380,6380.0,0,0
2018-03-28,HHV,6380,6380,6380,6380,6380.0,0,0
2018-03-29,HHV,6380,6380,6380,6380,6380.0,0,0
2018-03-30,HHV,6380,6380,6380,6380,6380.0,0,0
2018-04-02,HHV,6380,6380,6380,6380,6380.0,0,0
2018-04-03,HHV,6380,6380,6380,6380,6380.0,0,0
2018-04-04,HHV,6380,6380,6380,6380,6380.0,0,0
2018-04-05,HHV,6380,6380,6380,6380,6380.0,0,0
2018-04-06,HHV,6440,6440,6440,6440,6440.0,100,644000
2018-04-09,HHV,6440,6440,6440,6440,6440.0,0,0
2018-04-10,HHV,6440,6440,6440,6440,6440.0,0,0
2018-04-11,HHV,6440,6440,6440,6440,6440.0,0,0
2018-04-12,HHV,6440,6440,6440,6440,6440.0,0,0
2018-04-13,HHV,6440,6440,6440,6440,6440.0,0,0
2018-04-16,HHV,6440,6440,6440,6440,6440.0,0,0
2018-04-17,HHV,6440,6440,6440,6440,6440.0,0,0
2018-04-18,HHV,6440,6440,6440,6440,6440.0,0,0
2018-04-19,HHV,6440,6440,6440,6440,6440.0,0,0
2018-04-20,HHV,6440,6440,6440,6440,6440.0,0,0
2018-04-23,HHV,6440,6440,6440,6440,6440.0,0,0
2018-04-24,HHV,6440,6440,6440,6440,6440.0,0,0
2018-04-26,HHV,6440,6440,6440,6440,6440.0,0,0
2018-04-27,HHV,6440,6440,6440,6440,6440.0,0,0
2018-05-02,HHV,6440,6440,6440,6440,6440.0,2100,13524000
2018-05-03,HHV,6440,6440,6440,6440,6440.0,400,2576000
2018-05-04,HHV,6440,6440,6440,6440,6440.0,0,0
2018-05-07,HHV,6440,6440,6440,6440,6440.0,0,0
2018-05-08,HHV,6440,6440,6440,6440,6440.0,0,0
2018-05-09,HHV,6440,6440,6440,6440,6440.0,0,0
2018-05-10,HHV,6440,6440,6440,6440,6440.0,0,0
2018-05-11,HHV,6440,6440,6440,6440,6440.0,0,0
2018-05-14,HHV,6440,6440,6440,6440,6440.0,0,0
2018-05-15,HHV,6440,6440,6440,6440,6440.0,0,0
2018-05-16,HHV,6440,6440,6440,6440,6440.0,0,0
2018-05-17,HHV,6440,6440,6440,6440,6440.0,0,0
2018-05-18,HHV,6440,6440,6440,6440,6440.0,0,0
2018-05-21,HHV,6440,6440,6440,6440,6440.0,0,0
2018-05-22,HHV,6440,6440,6440,6440,6440.0,0,0
2018-05-23,HHV,6440,6440,6440,6440,6440.0,0,0
2018-05-24,HHV,6440,6440,6440,6440,6440.0,0,0
2018-05-25,HHV,6440,6440,6440,6440,6440.0,0,0
2018-05-28,HHV,6440,6440,6440,6440,6440.0,0,0
2018-05-29,HHV,6440,6440,6440,6440,6440.0,0,0
2018-05-30,HHV,6440,6440,6440,6440,6440.0,0,0
2018-05-31,HHV,6440,6440,6440,6440,6440.0,0,0
2018-06-01,HHV,6440,6440,6440,6440,6440.0,0,0
2018-06-04,HHV,6440,6440,6440,6440,6440.0,200,1288000
2018-06-05,HHV,6440,6440,6440,6440,6440.0,0,0
2018-06-06,HHV,6440,6440,6440,6440,6440.0,0,0
2018-06-07,HHV,6440,6440,6440,6440,6440.0,0,0
2018-06-08,HHV,6440,6440,6440,6440,6440.0,0,0
2018-06-11,HHV,6440,6440,6440,6440,6440.0,0,0
2018-06-12,HHV,6440,6440,6440,6440,6440.0,0,0
2018-06-13,HHV,6440,6440,6440,6440,6440.0,0,0
2018-06-14,HHV,6440,6440,6440,6440,6440.0,0,0
2018-06-15,HHV,6440,6440,6440,6440,6440.0,0,0
2018-06-18,HHV,6440,6440,6440,6440,6440.0,0,0
2018-06-19,HHV,6440,6440,6440,6440,6440.0,0,0
2018-06-20,HHV,6230,6230,6230,6230,6230.0,500,3115000
2018-06-21,HHV,6230,6230,6230,6230,6230.0,0,0
2018-06-22,HHV,6230,6230,6230,6230,6230.0,0,0
2018-06-25,HHV,6230,6230,6230,6230,6230.0,0,0
2018-06-26,HHV,6230,6230,6230,6230,6230.0,0,0
2018-06-27,HHV,6230,6230,6230,6230,6230.0,0,0
2018-06-28,HHV,6230,6230,6230,6230,6230.0,0,0
2018-06-29,HHV,6230,6230,6230,6230,6230.0,0,0
2018-07-02,HHV,6230,6230,6230,6230,6230.0,0,0
2018-07-03,HHV,6230,6230,6230,6230,6230.0,0,0
2018-07-04,HHV,6230,6230,6230,6230,6230.0,0,0
2018-07-05,HHV,6230,6230,6230,6230,6230.0,0,0
2018-07-06,HHV,6230,6230,6230,6230,6230.0,0,0
2018-07-09,HHV,6230,6230,6230,6230,6230.0,0,0
2018-07-10,HHV,6230,6230,6230,6230,6230.0,0,0
2018-07-11,HHV,6230,6230,6230,6230,6230.0,0,0
2018-07-12,HHV,6230,6230,6230,6230,6230.0,0,0
2018-07-13,HHV,6230,6230,6230,6230,6230.0,0,0
2018-07-16,HHV,6230,6230,6230,6230,6230.0,0,0
2018-07-17,HHV,6230,6230,6230,6230,6230.0,0,0
2018-07-18,HHV,6230,6230,6230,6230,6230.0,0,0
2018-07-19,HHV,6230,6230,6230,6230,6230.0,0,0
2018-07-20,HHV,6230,6230,6230,6230,6230.0,0,0
2018-07-23,HHV,6230,6230,6230,6230,6230.0,0,0
2018-07-24,HHV,6230,6230,6230,6230,6230.0,0,0
2018-07-25,HHV,6230,6230,6230,6230,6230.0,0,0
2018-07-26,HHV,6230,6230,6230,6230,6230.0,0,0
2018-07-27,HHV,6230,6230,6230,6230,6230.0,0,0
2018-07-30,HHV,6230,6230,6230,6230,6230.0,0,0
2018-07-31,HHV,6230,6230,6230,6230,6230.0,0,0
2018-08-01,HHV,6230,6230,6230,6230,6230.0,0,0
2018-08-02,HHV,6230,6230,6230,6230,6230.0,0,0
2018-08-03,HHV,6230,6230,6230,6230,6230.0,0,0
2018-08-06,HHV,6230,6230,6230,6230,6230.0,0,0
2018-08-07,HHV,6230,6230,6230,6230,6230.0,0,0
2018-08-08,HHV,6230,6230,6230,6230,6230.0,0,0
2018-08-09,HHV,6230,6230,6230,6230,6230.0,0,0
2018-08-10,HHV,6230,6230,6230,6230,6230.0,0,0
2018-08-13,HHV,6230,6230,6230,6230,6230.0,0,0
2018-08-14,HHV,6230,6230,6230,6230,6230.0,0,0
2018-08-15,HHV,6230,6230,6230,6230,6230.0,0,0
2018-08-16,HHV,6230,6230,6230,6230,6230.0,0,0
2018-08-17,HHV,6230,6230,6230,6230,6230.0,0,0
2018-08-20,HHV,6230,6230,6230,6230,6230.0,0,0
2018-08-21,HHV,6230,6230,6230,6230,6230.0,0,0
2018-08-22,HHV,6230,6230,6230,6230,6230.0,0,0
2018-08-23,HHV,6230,6230,6230,6230,6230.0,0,0
2018-08-24,HHV,6230,6230,6230,6230,6230.0,0,0
2018-08-27,HHV,6230,6230,6230,6230,6230.0,0,0
2018-08-28,HHV,6230,6230,6230,6230,6230.0,0,0
2018-08-29,HHV,6230,6230,6230,6230,6230.0,0,0
2018-08-30,HHV,6230,6230,6230,6230,6230.0,0,0
2018-08-31,HHV,6230,6230,6230,6230,6230.0,0,0
2018-09-04,HHV,6230,6230,6230,6230,6230.0,0,0
2018-09-05,HHV,6230,6230,6230,6230,6230.0,0,0
2018-09-06,HHV,6230,6230,6230,6230,6230.0,0,0
2018-09-07,HHV,6230,6230,6230,6230,6230.0,0,0
2018-09-10,HHV,6230,6230,6230,6230,6230.0,0,0
2018-09-11,HHV,6230,6230,6230,6230,6230.0,0,0
2018-09-12,HHV,6230,6230,6230,6230,6230.0,0,0
2018-09-13,HHV,6230,6230,6230,6230,6230.0,0,0
2018-09-14,HHV,6230,6230,6230,6230,6230.0,0,0
2018-09-17,HHV,6230,6230,6230,6230,6230.0,0,0
2018-09-18,HHV,6230,6230,6230,6230,6230.0,0,0
2018-09-19,HHV,6230,6230,6230,6230,6230.0,0,0
2018-09-20,HHV,6230,6230,6230,6230,6230.0,0,0
2018-09-21,HHV,6230,6230,6230,6230,6230.0,0,0
2018-09-24,HHV,6230,6230,6230,6230,6230.0,0,0
2018-09-25,HHV,6570,6570,6570,6570,6570.0,100,657000
2018-09-26,HHV,6570,6570,6570,6570,6570.0,0,0
2018-09-27,HHV,6570,6570,6570,6570,6570.0,0,0
2018-09-28,HHV,6570,6570,6570,6570,6570.0,0,0
2018-10-01,HHV,6570,6570,6570,6570,6570.0,0,0
2018-10-02,HHV,6570,6570,6570,6570,6570.0,0,0
2018-10-03,HHV,6570,6570,6570,6570,6570.0,0,0
2018-10-04,HHV,6570,6570,6570,6570,6570.0,0,0
2018-10-05,HHV,6570,6570,6570,6570,6570.0,0,0
2018-10-08,HHV,6570,6570,6570,6570,6570.0,0,0
2018-10-09,HHV,6570,6570,6570,6570,6570.0,0,0
2018-10-10,HHV,6570,6570,6570,6570,6570.0,0,0
2018-10-11,HHV,6570,6570,6570,6570,6570.0,0,0
2018-10-12,HHV,6570,6570,6570,6570,6570.0,20,131400
2018-10-15,HHV,6570,6570,6570,6570,6570.0,0,0
2018-10-16,HHV,6570,6570,6570,6570,6570.0,0,0
2018-10-17,HHV,6570,6570,6570,6570,6570.0,0,0
2018-10-18,HHV,6570,6570,6570,6570,6570.0,0,0
2018-10-19,HHV,6570,6570,6570,6570,6570.0,0,0
2018-10-22,HHV,6570,6570,6570,6570,6570.0,0,0
2018-10-23,HHV,6570,6570,6570,6570,6570.0,0,0
2018-10-24,HHV,6570,6570,6570,6570,6570.0,0,0
2018-10-25,HHV,6570,6570,6570,6570,6570.0,0,0
2018-10-26,HHV,6570,6570,6570,6570,6570.0,0,0
2018-10-29,HHV,6570,6570,6570,6570,6570.0,0,0
2018-10-30,HHV,6570,6570,6570,6570,6570.0,400,2628000
2018-10-31,HHV,6570,6570,6570,6570,6570.0,0,0
2018-11-01,HHV,6570,6570,6570,6570,6570.0,0,0
2018-11-02,HHV,6570,6570,6570,6570,6570.0,0,0
2018-11-05,HHV,6570,6570,6570,6570,6570.0,0,0
2018-11-06,HHV,6570,6570,6570,6570,6570.0,0,0
2018-11-07,HHV,6570,6570,6570,6570,6570.0,0,0
2018-11-08,HHV,6570,6570,6570,6570,6570.0,0,0
2018-11-09,HHV,6570,6570,6570,6570,6570.0,0,0
2018-11-12,HHV,6570,6570,6570,6570,6570.0,0,0
2018-11-13,HHV,6570,6570,6570,6570,6570.0,0,0
2018-11-14,HHV,6570,6570,6570,6570,6570.0,0,0
2018-11-15,HHV,6570,6570,6570,6570,6570.0,0,0
2018-11-16,HHV,6570,6570,6570,6570,6570.0,0,0
2018-11-19,HHV,6570,6570,6570,6570,6570.0,0,0
2018-11-20,HHV,6570,6570,6570,6570,6570.0,0,0
2018-11-21,HHV,6570,6570,6570,6570,6570.0,0,0
2018-11-22,HHV,6570,6570,6570,6570,6570.0,0,0
2018-11-23,HHV,6570,6570,6570,6570,6570.0,0,0
2018-11-26,HHV,6570,6570,6570,6570,6570.0,0,0
2018-11-27,HHV,6570,6570,6570,6570,6570.0,0,0
2018-11-28,HHV,6570,6570,6570,6570,6570.0,0,0
2018-11-29,HHV,6570,6570,6570,6570,6570.0,0,0
2018-11-30,HHV,6570,6570,6570,6570,6570.0,0,0
2018-12-03,HHV,6570,6570,6570,6570,6570.0,0,0
2018-12-04,HHV,6570,6570,6570,6570,6570.0,0,0
2018-12-05,HHV,6570,6570,6570,6570,6570.0,0,0
2018-12-06,HHV,6570,6570,6570,6570,6570.0,0,0
2018-12-07,HHV,6570,6570,6570,6570,6570.0,0,0
2018-12-10,HHV,6570,6570,6570,6570,6570.0,0,0
2018-12-11,HHV,6570,6570,6570,6570,6570.0,0,0
2018-12-12,HHV,6570,6570,6570,6570,6570.0,0,0
2018-12-13,HHV,6570,6570,6570,6570,6570.0,0,0
2018-12-14,HHV,6570,6570,6570,6570,6570.0,0,0
2018-12-17,HHV,6570,6570,6570,6570,6570.0,0,0
2018-12-18,HHV,6570,6570,6570,6570,6570.0,0,0
2018-12-19,HHV,6570,6570,6570,6570,6570.0,0,0
2018-12-20,HHV,6570,6570,6570,6570,6570.0,0,0
2018-12-21,HHV,6570,6570,6570,6570,6570.0,0,0
2018-12-24,HHV,6570,6570,6570,6570,6570.0,0,0
2018-12-25,HHV,6570,6570,6570,6570,6570.0,0,0
2018-12-26,HHV,6570,6570,6570,6570,6570.0,0,0
2018-12-27,HHV,6570,6570,6570,6570,6570.0,0,0
2018-12-28,HHV,6570,6570,6570,6570,6570.0,0,0
2019-01-02,HHV,6570,6570,6570,6570,6570.0,0,0
2019-01-03,HHV,6570,6570,6570,6570,6570.0,0,0
2019-01-04,HHV,6570,6570,6570,6570,6570.0,0,0
2019-01-07,HHV,6570,6570,6570,6570,6570.0,0,0
2019-01-08,HHV,6570,6570,6570,6570,6570.0,0,0
2019-01-09,HHV,6570,6570,6570,6570,6570.0,0,0
2019-01-10,HHV,6570,6570,6570,6570,6570.0,0,0
2019-01-11,HHV,6570,6570,6570,6570,6570.0,0,0
2019-01-14,HHV,6570,6570,6570,6570,6570.0,0,0
2019-01-15,HHV,6570,6570,6570,6570,6570.0,0,0
2019-01-16,HHV,6570,6570,6570,6570,6570.0,0,0
2019-01-17,HHV,6570,6570,6570,6570,6570.0,0,0
2019-01-18,HHV,6570,6570,6570,6570,6570.0,0,0
2019-01-21,HHV,6570,6570,6570,6570,6570.0,0,0
2019-01-22,HHV,6570,6570,6570,6570,6570.0,0,0
2019-01-23,HHV,6570,6570,6570,6570,6570.0,0,0
2019-01-24,HHV,6570,6570,6570,6570,6570.0,0,0
2019-01-25,HHV,6570,6570,6570,6570,6570.0,0,0
2019-01-28,HHV,6570,6570,6570,6570,6570.0,0,0
2019-01-29,HHV,6570,6570,6570,6570,6570.0,0,0
2019-01-30,HHV,6570,6570,6570,6570,6570.0,0,0
2019-01-31,HHV,6570,6570,6570,6570,6570.0,0,0
2019-02-01,HHV,6570,6570,6570,6570,6570.0,0,0
2019-02-11,HHV,6570,6570,6570,6570,6570.0,0,0
2019-02-12,HHV,6570,6570,6570,6570,6570.0,0,0
2019-02-13,HHV,6570,6570,6570,6570,6570.0,0,0
2019-02-14,HHV,6570,6570,6570,6570,6570.0,0,0
2019-02-15,HHV,6570,6570,6570,6570,6570.0,0,0
2019-02-18,HHV,6570,6570,6570,6570,6570.0,0,0
2019-02-19,HHV,6570,6570,6570,6570,6570.0,0,0
2019-02-20,HHV,6570,6570,6570,6570,6570.0,0,0
2019-02-21,HHV,6570,6570,6570,6570,6570.0,0,0
2019-02-22,HHV,6570,6570,6570,6570,6570.0,0,0
2019-02-25,HHV,6570,6570,6570,6570,6570.0,0,0
2019-02-26,HHV,6570,6570,6570,6570,6570.0,0,0
2019-02-27,HHV,6570,6570,6570,6570,6570.0,0,0
2019-02-28,HHV,6570,6570,6570,6570,6570.0,0,0
2019-03-01,HHV,6570,6570,6570,6570,6570.0,0,0
2019-03-04,HHV,6570,6570,6570,6570,6570.0,0,0
2019-03-05,HHV,6570,6570,6570,6570,6570.0,0,0
2019-03-06,HHV,6570,6570,6570,6570,6570.0,0,0
2019-03-07,HHV,6570,6570,6570,6570,6570.0,0,0
2019-03-08,HHV,6570,6570,6570,6570,6570.0,0,0
2019-03-11,HHV,6570,6570,6570,6570,6570.0,0,0
2019-03-12,HHV,6570,6570,6570,6570,6570.0,0,0
2019-03-13,HHV,6570,6570,6570,6570,6570.0,0,0
2019-03-14,HHV,6570,6570,6570,6570,6570.0,0,0
2019-03-15,HHV,6570,6570,6570,6570,6570.0,0,0
2019-03-18,HHV,6570,6570,6570,6570,6570.0,0,0
2019-03-19,HHV,6570,6570,6570,6570,6570.0,0,0
2019-03-20,HHV,6570,6570,6570,6570,6570.0,0,0
2019-03-21,HHV,6570,6570,6570,6570,6570.0,0,0
2019-03-22,HHV,6570,6570,6570,6570,6570.0,0,0
2019-03-25,HHV,6570,6570,6570,6570,6570.0,0,0
2019-03-26,HHV,6570,6570,6570,6570,6570.0,0,0
2019-03-27,HHV,6570,6570,6570,6570,6570.0,0,0
2019-03-28,HHV,6570,6570,6570,6570,6570.0,0,0
2019-03-29,HHV,6570,6570,6570,6570,6570.0,0,0
2019-04-01,HHV,6570,6570,6570,6570,6570.0,0,0
2019-04-02,HHV,6570,6570,6570,6570,6570.0,0,0
2019-04-03,HHV,6570,6570,6570,6570,6570.0,0,0
2019-04-04,HHV,6570,6570,6570,6570,6570.0,0,0
2019-04-05,HHV,7890,7890,7890,7890,7890.0,200,1578000
2019-04-08,HHV,7890,7890,7890,7890,7890.0,0,0
2019-04-09,HHV,7890,7890,7890,7890,7890.0,0,0
2019-04-10,HHV,7890,7890,7890,7890,7890.0,0,0
2019-04-11,HHV,7890,7890,7890,7890,7890.0,0,0
2019-04-12,HHV,7890,7890,7890,7890,7890.0,0,0
2019-04-16,HHV,7890,7890,7890,7890,7890.0,0,0
2019-04-17,HHV,7890,7890,7890,7890,7890.0,0,0
2019-04-18,HHV,7890,7890,7890,7890,7890.0,0,0
2019-04-19,HHV,7890,7890,7890,7890,7890.0,0,0
2019-04-22,HHV,7890,7890,7890,7890,7890.0,0,0
2019-04-23,HHV,7890,7890,7890,7890,7890.0,0,0
2019-04-24,HHV,7890,7890,7890,7890,7890.0,0,0
2019-04-25,HHV,7890,7890,7890,7890,7890.0,0,0
2019-04-26,HHV,7890,7890,7890,7890,7890.0,0,0
2019-05-02,HHV,7890,7890,7890,7890,7890.0,0,0
2019-05-03,HHV,7890,7890,7890,7890,7890.0,0,0
2019-05-06,HHV,7890,7890,7890,7890,7890.0,0,0
2019-05-07,HHV,7890,7890,7890,7890,7890.0,0,0
2019-05-08,HHV,7890,7890,7890,7890,7890.0,0,0
2019-05-09,HHV,7890,7890,7890,7890,7890.0,0,0
2019-05-10,HHV,7890,7890,7890,7890,7890.0,0,0
2019-05-13,HHV,7890,7890,7890,7890,7890.0,0,0
2019-05-14,HHV,7890,7890,7890,7890,7890.0,0,0
2019-05-15,HHV,7890,7890,7890,7890,7890.0,0,0
2019-05-16,HHV,7890,7890,7890,7890,7890.0,0,0
2019-05-17,HHV,7890,7890,7890,7890,7890.0,0,0
2019-05-20,HHV,7890,7890,7890,7890,7890.0,0,0
2019-05-21,HHV,7890,7890,7890,7890,7890.0,0,0
2019-05-22,HHV,7890,7890,7890,7890,7890.0,0,0
2019-05-23,HHV,7890,7890,7890,7890,7890.0,0,0
2019-05-24,HHV,7890,7890,7890,7890,7890.0,0,0
2019-05-27,HHV,7890,7890,7890,7890,7890.0,0,0
2019-05-28,HHV,7890,7890,7890,7890,7890.0,0,0
2019-05-29,HHV,7890,7890,7890,7890,7890.0,0,0
2019-05-30,HHV,7890,7890,7890,7890,7890.0,0,0
2019-05-31,HHV,7890,7890,7890,7890,7890.0,0,0
2019-06-03,HHV,7890,7890,7890,7890,7890.0,0,0
2019-06-04,HHV,7890,7890,7890,7890,7890.0,0,0
2019-06-05,HHV,7890,7890,7890,7890,7890.0,0,0
2019-06-06,HHV,7890,7890,7890,7890,7890.0,0,0
2019-06-07,HHV,7890,7890,7890,7890,7890.0,0,0
2019-06-10,HHV,7890,7890,7890,7890,7890.0,0,0
2019-06-11,HHV,7890,7890,7890,7890,7890.0,0,0
2019-06-12,HHV,7890,7890,7890,7890,7890.0,0,0
2019-06-13,HHV,7950,7890,7890,7950,7950.0,1600,12720000
2019-06-14,HHV,7890,7890,7890,7890,7890.0,0,0
2019-06-17,HHV,7890,7890,7890,7890,7890.0,0,0
2019-06-18,HHV,7890,7890,7890,7890,7890.0,0,0
2019-06-19,HHV,7890,7890,7890,7890,7890.0,0,0
2019-06-20,HHV,7890,7890,7890,7890,7890.0,0,0
2019-06-21,HHV,7890,7890,7890,7890,7890.0,0,0
2019-06-24,HHV,7890,7890,7890,7890,7890.0,0,0
2019-06-25,HHV,7890,7890,7890,7890,7890.0,0,0
2019-06-26,HHV,7890,7890,7890,7890,7890.0,1000,7890000
2019-06-27,HHV,7890,7890,7890,7890,7890.0,0,0
2019-06-28,HHV,7890,7890,7890,7890,7890.0,0,0
2019-07-01,HHV,7890,7890,7890,7890,7890.0,0,0
2019-07-02,HHV,7890,7890,7890,7890,7890.0,0,0
2019-07-03,HHV,7890,7890,7890,7890,7890.0,0,0
2019-07-04,HHV,7890,7890,7890,7890,7890.0,0,0
2019-07-05,HHV,7890,7890,7890,7890,7890.0,0,0
2019-07-08,HHV,7890,7890,7890,7890,7890.0,0,0
2019-07-09,HHV,7890,7890,7890,7890,7890.0,0,0
2019-07-10,HHV,7890,7890,7890,7890,7890.0,0,0
2019-07-11,HHV,7890,7890,7890,7890,7890.0,0,0
2019-07-12,HHV,7890,7890,7890,7890,7890.0,0,0
2019-07-15,HHV,7890,7890,7890,7890,7890.0,0,0
2019-07-16,HHV,7890,7890,7890,7890,7890.0,0,0
2019-07-17,HHV,7890,7890,7890,7890,7890.0,0,0
2019-07-18,HHV,7890,7890,7890,7890,7890.0,0,0
2019-07-19,HHV,7890,7890,7890,7890,7890.0,0,0
2019-07-22,HHV,7890,7890,7890,7890,7890.0,0,0
2019-07-23,HHV,7890,7890,7890,7890,7890.0,0,0
2019-07-24,HHV,7890,7890,7890,7890,7890.0,0,0
2019-07-25,HHV,7890,7890,7890,7890,7890.0,0,0
2019-07-26,HHV,7890,7890,7890,7890,7890.0,0,0
2019-07-29,HHV,7890,7890,7890,7890,7890.0,0,0
2019-07-30,HHV,7890,7890,7890,7890,7890.0,0,0
2019-07-31,HHV,7890,7890,7890,7890,7890.0,0,0
2019-08-01,HHV,7890,7890,7890,7890,7890.0,0,0
2019-08-02,HHV,7890,7890,7890,7890,7890.0,100,789000
2019-08-05,HHV,7890,7890,7890,7890,7890.0,0,0
2019-08-06,HHV,7890,7890,7890,7890,7890.0,0,0
2019-08-07,HHV,7890,7890,7890,7890,7890.0,0,0
2019-08-08,HHV,7890,7890,7890,7890,7890.0,0,0
2019-08-09,HHV,7890,7890,7890,7890,7890.0,0,0
2019-08-12,HHV,7890,7890,7890,7890,7890.0,0,0
2019-08-13,HHV,7890,7890,7890,7890,7890.0,0,0
2019-08-14,HHV,7890,7890,7890,7890,7890.0,0,0
2019-08-15,HHV,7890,7890,7890,7890,7890.0,0,0
2019-08-16,HHV,9070,8620,9070,8620,8620.0,400,3448000
2019-08-19,HHV,8770,8770,8770,8770,8770.0,0,0
2019-08-20,HHV,8770,8770,8770,8770,8770.0,0,0
2019-08-21,HHV,8770,8770,8770,8770,8770.0,0,0
2019-08-22,HHV,8770,8770,8770,8770,8770.0,0,0
2019-08-23,HHV,8770,8770,8770,8770,8770.0,0,0
2019-08-26,HHV,8770,8770,8770,8770,8770.0,0,0
2019-08-27,HHV,8770,8770,8770,8770,8770.0,0,0
2019-08-28,HHV,8770,8770,8770,8770,8770.0,0,0
2019-08-29,HHV,9430,9430,9430,9430,9430.0,100,943000
2019-08-30,HHV,10840,10840,10840,10840,10840.0,100,1084000
2019-09-03,HHV,10840,10840,10840,10840,10840.0,0,0
2019-09-04,HHV,10840,10840,10840,10840,10840.0,0,0
2019-09-05,HHV,10840,10840,10840,10840,10840.0,0,0
2019-09-06,HHV,10840,10840,10840,10840,10840.0,0,0
2019-09-09,HHV,10840,10840,10840,10840,10840.0,0,0
2019-09-10,HHV,10840,10840,10840,10840,10840.0,0,0
2019-09-11,HHV,9210,9210,9210,9210,9210.0,1400,12894000
2019-09-12,HHV,9210,9210,9210,9210,9210.0,0,0
2019-09-13,HHV,9760,7890,7890,7890,7890.0,1800200,14203578000
2019-09-16,HHV,7890,7890,7890,7890,7890.0,0,0
2019-09-17,HHV,7150,7150,7150,7150,7150.0,2100,15015000
2019-09-18,HHV,8100,8100,8100,8100,8100.0,200,1620000
2019-09-19,HHV,8100,8100,8100,8100,8100.0,0,0
2019-09-20,HHV,9140,9140,9140,9140,9140.0,400,3656000
2019-09-23,HHV,10250,9760,10250,10250,10250.0,1400100,14351025000
2019-09-24,HHV,10250,10250,10250,10250,10250.0,0,0
2019-09-25,HHV,10250,10250,10250,10250,10250.0,0,0
2019-09-26,HHV,10250,10250,10250,10250,10250.0,0,0
2019-09-27,HHV,10250,10250,10250,10250,10250.0,0,0
2019-09-30,HHV,10250,10250,10250,10250,10250.0,0,0
2019-10-01,HHV,10250,10250,10250,10250,10250.0,0,0
2019-10-02,HHV,8770,8770,8770,8770,8770.0,1000,8770000
2019-10-03,HHV,8770,8770,8770,8770,8770.0,0,0
2019-10-04,HHV,8770,8770,8770,8770,8770.0,0,0
2019-10-07,HHV,8840,8770,8840,8770,8770.0,1600,14032000
2019-10-08,HHV,9580,9580,9580,9580,9580.0,300,2874000
2019-10-09,HHV,9580,9580,9580,9580,9580.0,0,0
2019-10-10,HHV,9580,9580,9580,9580,9580.0,0,0
2019-10-11,HHV,9580,9580,9580,9580,9580.0,0,0
2019-10-14,HHV,9580,9580,9580,9580,9580.0,0,0
2019-10-15,HHV,8910,8910,8910,8910,8910.0,100,891000
2019-10-16,HHV,8840,7590,8840,7590,7590.0,1500,11385000
2019-10-17,HHV,8840,8470,8470,8470,8470.0,2255,19099850
2019-10-18,HHV,8770,8770,8770,8770,8770.0,0,0
2019-10-21,HHV,8770,8770,8770,8770,8770.0,100,877000
2019-10-22,HHV,8770,8770,8770,8770,8770.0,0,0
2019-10-23,HHV,8770,8770,8770,8770,8770.0,0,0
2019-10-24,HHV,9500,9500,9500,9500,9500.0,1000,9500000
2019-10-25,HHV,9580,9580,9580,9580,9580.0,1000,9580000
2019-10-28,HHV,10680,9580,9580,10680,10680.0,300,3204000
2019-10-29,HHV,11800,11710,11800,11800,11800.0,1446,17062800
2019-10-30,HHV,13560,10320,11940,13260,13260.0,9145,121262700
2019-10-31,HHV,14740,11800,13260,14740,14740.0,16000,235840000
2019-11-01,HHV,15030,12530,12530,13180,13180.0,11900,156842000
2019-11-04,HHV,13260,12530,12530,12530,12530.0,2302,28844060
2019-11-05,HHV,12530,11800,12530,11800,11800.0,2247,26514600
2019-11-06,HHV,13860,11800,11800,12530,12530.0,8630,108133900
2019-11-07,HHV,12530,11270,12530,11270,11270.0,2018,22742860
2019-11-08,HHV,10840,10840,10840,10840,10840.0,947,10265480
2019-11-11,HHV,10840,10680,10840,10680,10680.0,2105,22481400
2019-11-12,HHV,10760,10760,10760,10760,10760.0,2501,26910760
2019-11-13,HHV,10680,10680,10680,10680,10680.0,400,4272000
2019-11-14,HHV,10680,10680,10680,10680,10680.0,101,1078680
2019-11-15,HHV,10680,10680,10680,10680,10680.0,0,0
2019-11-18,HHV,10680,10680,10680,10680,10680.0,0,0
2019-11-19,HHV,10680,10680,10680,10680,10680.0,0,0
2019-11-20,HHV,10680,9430,9430,10680,10680.0,300,3204000
2019-11-21,HHV,10250,10250,10250,10250,10250.0,0,0
2019-11-22,HHV,10250,10250,10250,10250,10250.0,0,0
2019-11-25,HHV,9430,9350,9350,9430,9430.0,720,6789600
2019-11-26,HHV,8620,8620,8620,8620,8620.0,108,930960
2019-11-27,HHV,7800,7730,7730,7800,7800.0,700,5460000
2019-11-28,HHV,8840,7520,8840,7520,7520.0,200,1504000
2019-11-29,HHV,9350,9350,9350,9350,9350.0,100,935000
2019-12-02,HHV,9350,9350,9350,9350,9350.0,1200,11220000
2019-12-03,HHV,9350,9350,9350,9350,9350.0,0,0
2019-12-04,HHV,9350,9350,9350,9350,9350.0,0,0
2019-12-05,HHV,9350,9350,9350,9350,9350.0,0,0
2019-12-06,HHV,8170,8100,8170,8100,8100.0,605,4900500
2019-12-09,HHV,8100,8100,8100,8100,8100.0,64,518400
2019-12-10,HHV,9290,9290,9290,9290,9290.0,100,929000
2019-12-11,HHV,9290,9290,9290,9290,9290.0,0,0
2019-12-12,HHV,9290,9290,9290,9290,9290.0,0,0
2019-12-13,HHV,10390,10390,10390,10390,10390.0,100,1039000
2019-12-16,HHV,10390,10390,10390,10390,10390.0,0,0
2019-12-17,HHV,8840,8840,8840,8840,8840.0,264,2333760
2019-12-18,HHV,8840,8840,8840,8840,8840.0,0,0
2019-12-19,HHV,8840,8840,8840,8840,8840.0,0,0
2019-12-20,HHV,8840,8840,8840,8840,8840.0,0,0
2019-12-23,HHV,10160,9350,9350,10160,10160.0,600,6096000
2019-12-24,HHV,8410,8410,8410,8410,8410.0,200,1682000
2019-12-25,HHV,7800,7800,7800,7800,7800.0,164,1279200
2019-12-26,HHV,8910,8910,8910,8910,8910.0,100,891000
2019-12-27,HHV,8910,8910,8910,8910,8910.0,0,0
2019-12-30,HHV,9350,9350,9350,9350,9350.0,200,1870000
2019-12-31,HHV,9350,9350,9350,9350,9350.0,0,0
2020-01-02,HHV,9350,9350,9350,9350,9350.0,0,0
2020-01-03,HHV,9350,9350,9350,9350,9350.0,0,0
2020-01-06,HHV,8100,8039,8100,8100,8100.0,700,5670000
2020-01-07,HHV,8100,8100,8100,8100,8100.0,8,64800
2020-01-08,HHV,8100,8100,8100,8100,8100.0,0,0
2020-01-09,HHV,8100,8100,8100,8100,8100.0,0,0
2020-01-10,HHV,8100,8100,8100,8100,8100.0,0,0
2020-01-13,HHV,8100,8100,8100,8100,8100.0,0,0
2020-01-14,HHV,8100,8100,8100,8100,8100.0,0,0
2020-01-15,HHV,7150,7150,7150,7150,7150.0,400,2860000
2020-01-16,HHV,8170,8170,8170,8170,8170.0,900,7353000
2020-01-17,HHV,8170,8170,8170,8170,8170.0,0,0
2020-01-20,HHV,8170,8170,8170,8170,8170.0,0,0
2020-01-21,HHV,9350,9350,9350,9350,9350.0,100,935000
2020-01-22,HHV,9350,9350,9350,9350,9350.0,0,0
2020-01-30,HHV,8039,8039,8039,8039,8039.0,100,803900
2020-01-31,HHV,8039,8039,8039,8039,8039.0,0,0
2020-02-03,HHV,8039,8039,8039,8039,8039.0,0,0
2020-02-04,HHV,8990,8990,8990,8990,8990.0,210,1887900
2020-02-05,HHV,8990,8990,8990,8990,8990.0,0,0
2020-02-06,HHV,8990,8990,8990,8990,8990.0,112,1006880
2020-02-07,HHV,9950,9870,9870,9950,9950.0,300,2985000
2020-02-10,HHV,10250,9950,9950,10250,10250.0,300,3075000
2020-02-11,HHV,11640,11640,11640,11640,11640.0,100,1164000
2020-02-12,HHV,11640,11640,11640,11640,11640.0,10,116400
2020-02-13,HHV,11640,11640,11640,11640,11640.0,0,0
2020-02-14,HHV,11640,11640,11640,11640,11640.0,0,0
2020-02-17,HHV,13260,13260,13260,13260,13260.0,100,1326000
2020-02-18,HHV,13260,13260,13260,13260,13260.0,0,0
2020-02-19,HHV,13260,13260,13260,13260,13260.0,0,0
2020-02-20,HHV,13260,13260,13260,13260,13260.0,0,0
2020-02-21,HHV,13260,13260,13260,13260,13260.0,0,0
2020-02-24,HHV,13260,13260,13260,13260,13260.0,0,0
2020-02-25,HHV,13260,13260,13260,13260,13260.0,0,0
2020-02-26,HHV,11800,11800,11800,11800,11800.0,100,1180000
2020-02-27,HHV,11800,11800,11800,11800,11800.0,0,0
2020-02-28,HHV,11800,11800,11800,11800,11800.0,0,0
2020-03-02,HHV,11800,11800,11800,11800,11800.0,0,0
2020-03-03,HHV,11800,11800,11800,11800,11800.0,0,0
2020-03-04,HHV,11800,11800,11800,11800,11800.0,0,0
2020-03-05,HHV,13180,13180,13180,13180,13180.0,200,2636000
2020-03-06,HHV,13180,13180,13180,13180,13180.0,0,0
2020-03-09,HHV,12530,12530,12530,12530,12530.0,100,1253000
2020-03-10,HHV,12530,12530,12530,12530,12530.0,0,0
2020-03-11,HHV,12530,12530,12530,12530,12530.0,0,0
2020-03-12,HHV,12530,12530,12530,12530,12530.0,0,0
2020-03-13,HHV,12530,12530,12530,12530,12530.0,0,0
2020-03-16,HHV,10680,10680,10680,10680,10680.0,100,1068000
2020-03-17,HHV,12160,12160,12160,12160,12160.0,100,1216000
2020-03-18,HHV,10390,10390,10390,10390,10390.0,100,1039000
2020-03-19,HHV,9210,9210,9210,9210,9210.0,100,921000
2020-03-20,HHV,9210,9210,9210,9210,9210.0,0,0
2020-03-23,HHV,8039,8039,8039,8039,8039.0,200,1607800
2020-03-24,HHV,8039,8039,8039,8039,8039.0,0,0
2020-03-25,HHV,8039,8039,8039,8039,8039.0,0,0
2020-03-26,HHV,8039,6990,8039,6990,6990.0,300,2097000
2020-03-27,HHV,7660,7660,7660,7660,7660.0,0,0
2020-03-30,HHV,7660,7660,7660,7660,7660.0,0,0
2020-03-31,HHV,8690,8690,8690,8690,8690.0,207,1798830
2020-04-01,HHV,9950,9950,9950,9950,9950.0,300,2985000
2020-04-03,HHV,11350,11050,11050,11050,11050.0,3400,37570000
2020-04-06,HHV,12740,9580,9580,12670,12670.0,2300,29141000
2020-04-07,HHV,13630,11800,11800,13630,13630.0,1600,21808000
2020-04-08,HHV,14290,12450,14160,13630,13630.0,7500,102225000
2020-04-09,HHV,14220,14220,14220,14220,14220.0,0,0
2020-04-10,HHV,14220,14220,14220,14220,14220.0,200,2844000
2020-04-13,HHV,12160,12160,12160,12160,12160.0,7007,85205120
2020-04-14,HHV,12160,12160,12160,12160,12160.0,0,0
2020-04-15,HHV,10390,10390,10390,10390,10390.0,600,6234000
2020-04-16,HHV,11800,11800,11800,11800,11800.0,100,1180000
2020-04-17,HHV,11800,11800,11800,11800,11800.0,0,0
2020-04-20,HHV,11800,11800,11800,11800,11800.0,0,0
2020-04-21,HHV,11800,11800,11800,11800,11800.0,10,118000
2020-04-22,HHV,11800,11800,11800,11800,11800.0,0,0
2020-04-23,HHV,12670,10160,10160,12670,12670.0,600,7602000
2020-04-24,HHV,12220,12220,12220,12220,12220.0,0,0
2020-04-27,HHV,12220,12220,12220,12220,12220.0,0,0
2020-04-28,HHV,10530,10530,10530,10530,10530.0,100,1053000
2020-04-29,HHV,12090,11800,11800,12090,12090.0,400,4836000
2020-05-04,HHV,11940,11940,11940,12090,12090.0,100,1209000
2020-05-05,HHV,11800,11800,11800,11800,11800.0,500,5900000
2020-05-06,HHV,12380,12380,12380,12380,12380.0,200,2476000
2020-05-07,HHV,12380,12380,12380,12380,12380.0,0,0
2020-05-08,HHV,11800,11800,11800,11800,11800.0,110,1298000
2020-05-11,HHV,11800,11800,11800,11800,11800.0,30,354000
2020-05-12,HHV,10160,10160,10160,10160,10160.0,147,1493520
2020-05-13,HHV,10160,10160,10160,10160,10160.0,8,81280
2020-05-14,HHV,10160,10160,10160,10160,10160.0,0,0
2020-05-15,HHV,11640,11640,11640,11640,11640.0,500,5820000
2020-05-18,HHV,13260,13260,13260,13260,13260.0,100,1326000
2020-05-19,HHV,13260,13260,13260,13260,13260.0,47,623220
2020-05-20,HHV,13260,13260,13260,13260,13260.0,0,0
2020-05-21,HHV,13260,13260,13260,13260,13260.0,0,0
2020-05-22,HHV,13260,13260,13260,13260,13260.0,10,132600
2020-05-25,HHV,13260,13260,13260,13260,13260.0,0,0
2020-05-26,HHV,13260,13260,13260,13260,13260.0,0,0
2020-05-27,HHV,13260,13260,13260,13260,13260.0,0,0
2020-05-28,HHV,13260,13260,13260,13260,13260.0,0,0
2020-05-29,HHV,13260,13260,13260,13260,13260.0,0,0
2020-06-01,HHV,13260,13260,13260,13260,13260.0,0,0
2020-06-02,HHV,13260,13260,13260,13260,13260.0,0,0
2020-06-03,HHV,11800,11420,11800,11420,11420.0,200,2284000
2020-06-04,HHV,11640,11640,11640,11420,11420.0,47,536740
2020-06-05,HHV,12160,12160,12160,12160,12160.0,200,2432000
2020-06-08,HHV,12160,12160,12160,12160,12160.0,600,7296000
2020-06-09,HHV,12300,12300,12300,12300,12300.0,900,11070000
2020-06-10,HHV,12300,12300,12300,12300,12300.0,207,2546100
2020-06-11,HHV,12300,12300,12300,12300,12300.0,0,0
2020-06-12,HHV,12300,12300,12300,12300,12300.0,0,0
2020-06-15,HHV,12160,12160,12160,12160,12160.0,2000,24320000
2020-06-16,HHV,12160,11800,12160,11800,11800.0,4018,47412400
2020-06-17,HHV,11850,11850,11850,11850,11850.0,40,474000
2020-06-18,HHV,11850,11850,11850,11850,11850.0,37,438450
2020-06-19,HHV,11850,11850,11850,11850,11850.0,0,0
2020-06-22,HHV,11850,11850,11850,11850,11850.0,0,0
2020-06-23,HHV,12160,11940,12160,11940,11940.0,1700,20298000
2020-06-24,HHV,12090,12090,12090,12090,12090.0,140,1692600
2020-06-25,HHV,12160,12160,12160,12160,12160.0,300,3648000
2020-06-26,HHV,12160,12160,12160,12160,12160.0,0,0
2020-06-29,HHV,12160,12160,12160,12160,12160.0,0,0
2020-06-30,HHV,12160,12160,12160,12160,12160.0,0,0
2020-07-01,HHV,12160,12160,12160,12160,12160.0,300,3648000
2020-07-02,HHV,12160,12160,12160,12160,12160.0,0,0
2020-07-03,HHV,12160,12160,12160,12160,12160.0,0,0
2020-07-06,HHV,12160,12160,12160,12160,12160.0,0,0
2020-07-07,HHV,12160,12160,12160,12160,12160.0,0,0
2020-07-08,HHV,12160,12160,12160,12160,12160.0,0,0
2020-07-09,HHV,12160,12160,12160,12160,12160.0,0,0
2020-07-10,HHV,12160,12160,12160,12160,12160.0,0,0
2020-07-13,HHV,12160,12160,12160,12160,12160.0,0,0
2020-07-14,HHV,12160,12160,12160,12160,12160.0,0,0
2020-07-15,HHV,12160,12160,12160,12160,12160.0,0,0
2020-07-16,HHV,12160,12160,12160,12160,12160.0,0,0
2020-07-17,HHV,11050,11050,11050,11050,11050.0,100,1105000
2020-07-20,HHV,11050,11050,11050,11050,11050.0,0,0
2020-07-21,HHV,12530,12530,12530,12530,12530.0,100,1253000
2020-07-22,HHV,12530,12530,12530,12530,12530.0,0,0
2020-07-23,HHV,12530,12530,12530,12530,12530.0,0,0
2020-07-24,HHV,12530,12530,12530,12530,12530.0,0,0
2020-07-27,HHV,12530,12530,12530,12530,12530.0,0,0
2020-07-28,HHV,12530,12530,12530,12530,12530.0,0,0
2020-07-29,HHV,12530,12530,12530,12530,12530.0,0,0
2020-07-30,HHV,12530,12530,12530,12530,12530.0,0,0
2020-07-31,HHV,12530,12530,12530,12530,12530.0,0,0
2020-08-03,HHV,12530,12530,12530,12530,12530.0,0,0
2020-08-04,HHV,12530,12530,12530,12530,12530.0,0,0
2020-08-05,HHV,12530,12530,12530,12530,12530.0,0,0
2020-08-06,HHV,12530,12530,12530,12530,12530.0,0,0
2020-08-07,HHV,12530,12530,12530,12530,12530.0,0,0
2020-08-10,HHV,12530,12530,12530,12530,12530.0,0,0
2020-08-11,HHV,11050,11050,11050,11050,11050.0,100,1105000
2020-08-12,HHV,11940,11940,11940,11940,11940.0,100,1194000
2020-08-13,HHV,11940,11940,11940,11940,11940.0,0,0
2020-08-14,HHV,11940,11940,11940,11940,11940.0,0,0
2020-08-17,HHV,11940,11940,11940,11940,11940.0,0,0
2020-08-18,HHV,11940,11940,11940,11940,11940.0,0,0
2020-08-19,HHV,11940,11940,11940,11940,11940.0,0,0
2020-08-20,HHV,11940,11940,11940,11940,11940.0,0,0
2020-08-21,HHV,11940,11940,11940,11940,11940.0,0,0
2020-08-24,HHV,11940,11940,11940,11940,11940.0,0,0
2020-08-25,HHV,11940,11940,11940,11940,11940.0,0,0
2020-08-26,HHV,11940,11940,11940,11940,11940.0,1,11940
2020-08-27,HHV,11940,11940,11940,11940,11940.0,0,0
2020-08-28,HHV,13260,12300,12300,13260,13260.0,5000,66300000
2020-08-31,HHV,12670,12670,12670,13260,13260.0,61,808860
2020-09-01,HHV,12670,12670,12670,13260,13260.0,6,79560
2020-09-03,HHV,12670,12670,12670,12670,12670.0,0,0
2020-09-04,HHV,14360,14360,14360,14360,14360.0,135,1938600
2020-09-07,HHV,14360,14360,14360,14360,14360.0,100,1436000
2020-09-08,HHV,14360,14360,14360,14360,14360.0,0,0
2020-09-09,HHV,14360,14360,14360,14360,14360.0,0,0
2020-09-10,HHV,14360,14360,14360,14360,14360.0,0,0
2020-09-11,HHV,12300,12300,12300,12300,12300.0,1000,12300000
2020-09-14,HHV,12300,12300,12300,12300,12300.0,0,0
2020-09-15,HHV,12300,12300,12300,12300,12300.0,0,0
2020-09-16,HHV,12300,12300,12300,12300,12300.0,5,61500
2020-09-17,HHV,12300,12300,12300,12300,12300.0,0,0
2020-09-18,HHV,12300,11050,12300,11050,11050.0,2300,25415000
2020-09-21,HHV,11200,11200,11200,11050,11050.0,35,386750
2020-09-22,HHV,12820,9950,9950,12820,12820.0,1500,19230000
2020-09-23,HHV,11800,11800,11800,11800,11800.0,0,0
2020-09-24,HHV,11800,11800,11800,11800,11800.0,0,0
2020-09-25,HHV,11800,11800,11800,11800,11800.0,0,0
2020-09-28,HHV,11800,11800,11800,11800,11800.0,100,1180000
2020-09-29,HHV,11800,11800,11800,11800,11800.0,0,0
2020-09-30,HHV,12530,10680,10680,12530,12530.0,500,6265000
2020-10-01,HHV,12160,12160,12160,12160,12160.0,100,1216000
2020-10-02,HHV,12160,12160,12160,12160,12160.0,0,0
2020-10-05,HHV,12160,12160,12160,12160,12160.0,0,0
2020-10-06,HHV,12160,12160,12160,12160,12160.0,0,0
2020-10-07,HHV,12160,12160,12160,12160,12160.0,0,0
2020-10-08,HHV,12160,12160,12160,12160,12160.0,0,0
2020-10-09,HHV,12160,12160,12160,12160,12160.0,0,0
2020-10-12,HHV,12160,12160,12160,12160,12160.0,0,0
2020-10-13,HHV,12160,12160,12160,12160,12160.0,0,0
2020-10-14,HHV,12160,12160,12160,12160,12160.0,0,0
2020-10-15,HHV,12160,12160,12160,12160,12160.0,0,0
2020-10-16,HHV,12160,12160,12160,12160,12160.0,0,0
2020-10-19,HHV,12160,12160,12160,12160,12160.0,0,0
2020-10-20,HHV,12160,12160,12160,12160,12160.0,0,0
2020-10-21,HHV,12160,12160,12160,12160,12160.0,0,0
2020-10-22,HHV,12160,12160,12160,12160,12160.0,0,0
2020-10-23,HHV,12160,12160,12160,12160,12160.0,0,0
2020-10-26,HHV,12160,12160,12160,12160,12160.0,0,0
2020-10-27,HHV,12160,12160,12160,12160,12160.0,0,0
2020-10-28,HHV,12160,12160,12160,12160,12160.0,0,0
2020-10-29,HHV,12160,12160,12160,12160,12160.0,0,0
2020-10-30,HHV,12160,12160,12160,12160,12160.0,0,0
2020-11-02,HHV,11050,11050,11050,11050,11050.0,300,3315000
2020-11-03,HHV,11050,11050,11050,11050,11050.0,0,0
2020-11-04,HHV,11050,11050,11050,11050,11050.0,0,0
2020-11-05,HHV,11050,11050,11050,11050,11050.0,0,0
2020-11-06,HHV,11050,11050,11050,11050,11050.0,0,0
2020-11-09,HHV,11050,11050,11050,11050,11050.0,0,0
2020-11-10,HHV,11050,11050,11050,11050,11050.0,0,0
2020-11-11,HHV,11050,11050,11050,11050,11050.0,0,0
2020-11-12,HHV,11050,11050,11050,11050,11050.0,0,0
2020-11-13,HHV,11050,11050,11050,11050,11050.0,0,0
2020-11-16,HHV,11050,11050,11050,11050,11050.0,0,0
2020-11-17,HHV,11050,11050,11050,11050,11050.0,0,0
2020-11-18,HHV,11050,11050,11050,11050,11050.0,0,0
2020-11-19,HHV,11050,11050,11050,11050,11050.0,0,0
2020-11-20,HHV,11050,11050,11050,11050,11050.0,0,0
2020-11-23,HHV,11050,11050,11050,11050,11050.0,0,0
2020-11-24,HHV,10320,10320,10320,10320,10320.0,100,1032000
2020-11-25,HHV,11850,11800,11800,11850,11850.0,1300,15405000
2020-11-26,HHV,11850,11850,11850,11850,11850.0,0,0
2020-11-27,HHV,11850,11850,11850,11850,11850.0,0,0
2020-11-30,HHV,11850,11850,11850,11850,11850.0,0,0
2020-12-01,HHV,11850,11850,11850,11850,11850.0,0,0
2020-12-02,HHV,11850,11850,11850,11850,11850.0,0,0
2020-12-03,HHV,11850,11850,11850,11850,11850.0,0,0
2020-12-04,HHV,11850,11850,11850,11850,11850.0,0,0
2020-12-07,HHV,11850,11850,11850,11850,11850.0,0,0
2020-12-08,HHV,11850,11850,11850,11850,11850.0,0,0
2020-12-09,HHV,11850,11850,11850,11850,11850.0,0,0
2020-12-10,HHV,11850,11850,11850,11850,11850.0,0,0
2020-12-11,HHV,11850,11850,11850,11850,11850.0,0,0
2020-12-14,HHV,11850,11850,11850,11850,11850.0,0,0
2020-12-15,HHV,11850,11850,11850,11850,11850.0,0,0
2020-12-16,HHV,12530,12530,12530,12530,12530.0,300,3759000
2020-12-17,HHV,12530,12530,12530,12530,12530.0,0,0
2020-12-18,HHV,12890,12890,12890,12890,12890.0,900,11601000
2020-12-21,HHV,12890,12890,12890,12890,12890.0,200,2578000
2020-12-22,HHV,12890,12890,12890,12890,12890.0,0,0
2020-12-23,HHV,12890,12890,12890,12890,12890.0,100,1289000
2020-12-24,HHV,12890,12890,12890,12890,12890.0,0,0
2020-12-25,HHV,12890,12890,12890,12890,12890.0,200,2578000
2020-12-28,HHV,12890,12890,12890,12890,12890.0,0,0
2020-12-29,HHV,12890,12890,12890,12890,12890.0,0,0
2020-12-30,HHV,11050,11050,11050,11050,11050.0,1000,11050000
2020-12-31,HHV,12670,12530,12530,12530,12530.0,2800,35084000
2021-01-04,HHV,14360,13630,13630,14360,14360.0,1302,18696720
2021-01-05,HHV,15760,14360,15480,15480,15480.0,1800,27864000
2021-01-06,HHV,17540,16940,16940,17540,17540.0,7800,136812000
2021-01-07,HHV,17470,17470,17470,17470,17470.0,0,0
2021-01-08,HHV,17470,14880,17470,14880,14880.0,400,5952000
2021-01-11,HHV,14740,14290,14290,14520,14520.0,2700,39204000
2021-01-12,HHV,15480,15480,15480,15480,15480.0,500,7740000
2021-01-13,HHV,15480,15480,15480,15480,15480.0,160,2476800
2021-01-14,HHV,13180,13180,13180,13180,13180.0,200,2636000
2021-01-15,HHV,14000,14000,14000,14000,14000.0,100,1400000
2021-01-18,HHV,14000,14000,14000,14000,14000.0,0,0
2021-01-19,HHV,14000,14000,14000,14000,14000.0,0,0
2021-01-20,HHV,14000,14000,14000,14000,14000.0,0,0
2021-01-21,HHV,14740,14740,14740,14740,14740.0,200,2948000
2021-01-22,HHV,14740,14740,14740,14740,14740.0,3,44220
2021-01-25,HHV,13260,13260,13260,13260,13260.0,100,1326000
2021-01-26,HHV,12530,12530,12530,12530,12530.0,100,1253000
2021-01-27,HHV,12530,12530,12530,12530,12530.0,500,6265000
2021-01-28,HHV,12530,12530,12530,12530,12530.0,200,2506000
2021-01-29,HHV,12530,12530,12530,12530,12530.0,100,1253000
2021-02-01,HHV,12530,12530,12530,12530,12530.0,0,0
2021-02-02,HHV,12530,12530,12530,12530,12530.0,0,0
2021-02-03,HHV,14360,14360,14360,14360,14360.0,100,1436000
2021-02-04,HHV,14360,14360,14360,14360,14360.0,0,0
2021-02-05,HHV,14360,14360,14360,14360,14360.0,0,0
2021-02-08,HHV,12890,12890,12890,12890,12890.0,100,1289000
2021-02-09,HHV,14360,14360,14360,14360,14360.0,200,2872000
2021-02-17,HHV,14360,14360,14360,14360,14360.0,0,0
2021-02-18,HHV,14360,14360,14360,14360,14360.0,0,0
2021-02-19,HHV,14360,14360,14360,14360,14360.0,400,5744000
2021-02-22,HHV,14740,14360,14740,14360,14360.0,500,7180000
2021-02-23,HHV,14800,14520,14520,14800,14800.0,1100,16280000
2021-02-24,HHV,14590,14590,14590,14590,14590.0,800,11672000
2021-02-25,HHV,14590,14590,14590,14590,14590.0,0,0
2021-02-26,HHV,14590,14590,14590,14590,14590.0,0,0
2021-03-01,HHV,14740,14000,14740,14000,14000.0,1700,23800000
2021-03-02,HHV,14160,14160,14160,14160,14160.0,600,8496000
2021-03-03,HHV,14160,14160,14160,14160,14160.0,0,0
2021-03-04,HHV,12890,12160,12890,12530,12530.0,947,11865910
2021-03-05,HHV,12600,12600,12600,12600,12600.0,0,0
2021-03-08,HHV,12600,12600,12600,12600,12600.0,800,10080000
2021-03-09,HHV,12600,12600,12600,12600,12600.0,600,7560000
2021-03-10,HHV,12600,12600,12600,12600,12600.0,1020,12852000
2021-03-11,HHV,12600,12600,12600,12600,12600.0,0,0
2021-03-12,HHV,12600,12600,12600,12600,12600.0,0,0
2021-03-15,HHV,13560,12600,13560,12600,12600.0,2200,27720000
2021-03-16,HHV,13480,13480,13480,13480,13480.0,200,2696000
2021-03-17,HHV,13260,13260,13260,13260,13260.0,107,1418820
2021-03-18,HHV,13260,13260,13260,13260,13260.0,0,0
2021-03-19,HHV,13260,13260,13260,13260,13260.0,0,0
2021-03-22,HHV,13260,13260,13260,13260,13260.0,0,0
2021-03-23,HHV,12530,12530,12530,12530,12530.0,100,1253000
2021-03-24,HHV,14360,13260,13260,14360,14360.0,1300,18668000
2021-03-25,HHV,16059,15840,15840,16059,16059.0,1400,22482600
2021-03-26,HHV,18350,15480,15480,17310,17310.0,1400,24234000
2021-03-29,HHV,16210,16210,16210,16210,16210.0,500,8105000
2021-03-30,HHV,16210,16210,16210,16210,16210.0,500,8105000
2021-03-31,HHV,16210,16210,16210,16210,16210.0,0,0
2021-04-01,HHV,16210,16210,16210,16210,16210.0,0,0
2021-04-02,HHV,16210,15840,15840,16210,16210.0,300,4863000
2021-04-05,HHV,15980,15980,15980,15980,15980.0,0,0
2021-04-06,HHV,13630,13630,13630,13630,13630.0,100,1363000
2021-04-07,HHV,13630,13260,13630,13260,13260.0,1000,13260000
2021-04-08,HHV,13560,13560,13560,13560,13560.0,0,0
2021-04-09,HHV,13560,13560,13560,13560,13560.0,0,0
2021-04-12,HHV,13780,13700,13780,13700,13700.0,300,4110000
2021-04-13,HHV,15700,14360,14360,14740,14740.0,2400,35376000
2021-04-14,HHV,15170,14740,14740,15170,15170.0,1000,15170000
2021-04-15,HHV,14740,14430,14740,14430,14430.0,1300,18759000
2021-04-16,HHV,14520,14520,14520,14430,14430.0,7,101010
2021-04-19,HHV,14520,14520,14520,14520,14520.0,0,0
2021-04-20,HHV,14000,14000,14000,14000,14000.0,1000,14000000
2021-04-22,HHV,14000,14000,14000,14000,14000.0,700,9800000
2021-04-23,HHV,14360,14360,14360,14360,14360.0,420,6031200
2021-04-26,HHV,13630,12530,13260,13630,13630.0,1451,19777130
2021-04-27,HHV,13260,12670,12670,13260,13260.0,300,3978000
2021-04-28,HHV,13630,13260,13260,13630,13630.0,900,12267000
2021-04-29,HHV,13480,13480,13480,13480,13480.0,0,0
2021-05-04,HHV,13040,13040,13040,13040,13040.0,100,1304000
2021-05-05,HHV,13260,13110,13110,13110,13110.0,1500,19665000
2021-05-06,HHV,14000,13260,13260,14000,14000.0,1100,15400000
2021-05-07,HHV,14740,14000,14000,14740,14740.0,3200,47168000
2021-05-10,HHV,14740,14000,14000,14740,14740.0,200,2948000
2021-05-11,HHV,14740,14740,14740,14740,14740.0,100,1474000
2021-05-12,HHV,14740,14740,14740,14740,14740.0,100,1474000
2021-05-13,HHV,14740,14740,14740,14740,14740.0,0,0
2021-05-14,HHV,14740,14740,14740,14740,14740.0,1000,14740000
2021-05-17,HHV,14740,14740,14740,14740,14740.0,1207,17791180
2021-05-18,HHV,14740,14740,14740,14740,14740.0,2900,42746000
2021-05-19,HHV,14740,14740,14740,14740,14740.0,0,0
2021-05-20,HHV,14740,14740,14740,14740,14740.0,0,0
2021-05-21,HHV,14740,14740,14740,14740,14740.0,64,943360
2021-05-24,HHV,12530,12530,12530,12530,12530.0,200,2506000
2021-05-25,HHV,13260,12890,13260,12890,12890.0,1500,19335000
2021-05-26,HHV,12890,12890,12890,12890,12890.0,100,1289000
2021-05-27,HHV,12890,12890,12890,12890,12890.0,0,0
2021-05-28,HHV,14740,14740,14740,14740,14740.0,1000,14740000
2021-05-31,HHV,16580,16580,16580,16580,16580.0,1200,19896000
2021-06-01,HHV,14220,14220,14220,14220,14220.0,19400,275868000
2021-06-02,HHV,12820,12380,12820,12820,12820.0,44100,565362000
2021-06-03,HHV,12530,12530,12530,12530,12530.0,54700,685391000
2021-06-04,HHV,12530,12090,12530,12530,12530.0,12300,154119000
2021-06-07,HHV,12160,10680,12160,10680,10680.0,174964,1868615520
2021-06-08,HHV,12530,11270,11420,11270,11270.0,41800,471086000
2021-06-09,HHV,11570,11050,11050,11570,11570.0,8100,93717000
2021-06-10,HHV,12530,11050,11490,12010,12010.0,44100,529641000
2021-06-11,HHV,12220,11640,12090,12160,12160.0,17601,214028160
2021-06-14,HHV,12220,12010,12010,12160,12160.0,11800,143488000
2021-06-15,HHV,12220,11800,12220,12010,12010.0,22200,266622000
2021-06-16,HHV,13260,12090,12160,12090,12090.0,167910,2030031900
2021-06-17,HHV,13040,12530,12740,12980,12980.0,27622,358533560
2021-06-18,HHV,13630,12380,13260,13180,13180.0,245700,3238326000
2021-06-21,HHV,13260,12890,13260,13180,13180.0,48205,635341900
2021-06-22,HHV,13700,12530,13040,12740,12740.0,1160110,14779801400
2021-06-23,HHV,12980,12450,12670,12450,12450.0,1354900,16868505000
2021-06-24,HHV,12450,12090,12450,12300,12300.0,953500,11728050000
2021-06-25,HHV,13260,12160,12300,12740,12740.0,1927700,24558898000
2021-06-28,HHV,13410,12300,12740,13260,13260.0,4719009,62574059340
2021-06-29,HHV,14430,13260,13260,13780,13780.0,2238010,30839777800
2021-06-30,HHV,14000,12890,13860,13410,13410.0,1322400,17733384000
2021-07-01,HHV,14880,13480,13630,14660,14660.0,3808900,55838474000
2021-07-02,HHV,15980,14590,14740,15760,15760.0,3718846,58609012960
2021-07-05,HHV,15920,14000,15920,15540,15540.0,3616200,56195748000
2021-07-06,HHV,15540,14430,15540,14430,14430.0,3002930,43332279900
2021-07-07,HHV,14520,13700,13700,14160,14160.0,1958966,27738958560
2021-07-08,HHV,14660,14000,14220,14160,14160.0,1681480,23809756800
2021-07-09,HHV,14430,13700,14160,13860,13860.0,1477900,20483694000
2021-07-12,HHV,14000,12010,13920,12980,12980.0,3341530,43373059400
2021-07-13,HHV,13260,12740,12740,13040,13040.0,1402333,18286422320
2021-07-14,HHV,13260,12670,13040,12980,12980.0,965500,12532190000
2021-07-15,HHV,13180,12740,13040,13040,13040.0,774500,10099480000
2021-07-16,HHV,14000,13040,13260,13780,13780.0,2487300,34274994000
2021-07-19,HHV,13630,12600,13330,12980,12980.0,1950200,25313596000
2021-07-20,HHV,13180,12890,12890,13040,13040.0,1254600,16359984000
2021-07-21,HHV,13110,12820,12980,12890,12890.0,1755300,22625817000
2021-07-22,HHV,13260,12890,12980,13180,13180.0,1759400,23188892000
2021-07-23,HHV,13260,12890,13260,12980,12980.0,1046900,13588762000
2021-07-26,HHV,12980,12450,12980,12670,12670.0,2006300,25419821000
2021-07-27,HHV,12890,12670,12820,12820,12820.0,805200,10322664000
2021-07-28,HHV,12890,12670,12820,12820,12820.0,618900,7934298000
2021-07-29,HHV,13560,12820,12820,13110,13110.0,2618600,34329846000
2021-07-30,HHV,13260,12890,13110,12980,12980.0,1121900,14562262000
2021-08-02,HHV,13410,12980,13260,13110,13110.0,2904800,38081928000
2021-08-03,HHV,13110,12890,13110,13040,13040.0,1560800,20352832000
2021-08-04,HHV,13110,12890,13040,12980,12980.0,1372700,17817646000
2021-08-05,HHV,12980,12820,12980,12890,12890.0,1327900,17116631000
2021-08-06,HHV,14290,12820,12890,13860,13860.0,8592100,119086506000
2021-08-09,HHV,14520,13780,13780,14360,14360.0,3946100,56665996000
2021-08-10,HHV,14520,14160,14360,14160,14160.0,2643200,37427712000
2021-08-11,HHV,14160,13700,14160,13860,13860.0,3841400,53241804000
2021-08-12,HHV,14520,13700,13920,14430,14430.0,6770300,97695429000
2021-08-13,HHV,14880,14160,14360,14520,14520.0,4449300,64603836000
2021-08-16,HHV,15700,14520,14590,15390,15390.0,10567400,162632286000
2021-08-17,HHV,15610,14800,15480,14960,14960.0,6929500,103665320000
2021-08-18,HHV,15240,14740,14960,14880,14880.0,4949600,73650048000
2021-08-19,HHV,16059,14520,14960,15610,15610.0,14647400,228645914000
2021-08-20,HHV,15980,15240,15610,15480,15480.0,9602900,148652892000
2021-08-23,HHV,15840,15330,15610,15390,15390.0,5590900,86043951000
2021-08-24,HHV,15480,14290,15390,14360,14360.0,8941500,128399940000
2021-08-25,HHV,14590,13860,14590,14290,14290.0,5074100,72508889000
2021-08-26,HHV,14960,14160,14220,14740,14740.0,3037700,44775698000
2021-08-27,HHV,15610,14520,14960,15330,15330.0,6731300,103190829000
2021-08-30,HHV,16580,15330,15330,16360,16360.0,12912200,211243592000
2021-08-31,HHV,16580,15920,16280,16059,16059.0,12853800,206419174200
2021-09-01,HHV,16500,15840,16129,16430,16430.0,9509500,156241085000
2021-09-06,HHV,16940,16059,16280,16129,16129.0,13780600,222267297400
2021-09-07,HHV,16210,15330,16210,15480,15480.0,9702300,150191604000
2021-09-08,HHV,15840,15170,15480,15330,15330.0,5950000,91213500000
2021-09-09,HHV,15920,15170,15330,15610,15610.0,4591100,71667071000
2021-09-10,HHV,15760,15480,15540,15610,15610.0,3771000,58865310000
2021-09-13,HHV,15700,15030,15610,15170,15170.0,7045100,106874167000
2021-09-14,HHV,15840,14960,15240,15170,15170.0,5960800,90425336000
2021-09-15,HHV,15610,15030,15330,15330,15330.0,5847700,89645241000
2021-09-16,HHV,15480,15240,15480,15390,15390.0,3721100,57267729000
2021-09-17,HHV,15840,15240,15390,15700,15700.0,10069500,158091150000
2021-09-20,HHV,16210,15480,15700,15700,15700.0,9705500,152376350000
2021-09-21,HHV,15840,15110,15840,15610,15610.0,5433800,84821618000
2021-09-22,HHV,15980,15390,15480,15920,15920.0,7683400,122319728000
2021-09-23,HHV,16210,15480,15920,15610,15610.0,5379900,83980239000
2021-09-24,HHV,15840,15330,15840,15480,15480.0,5101400,78969672000
2021-09-27,HHV,15540,14520,15540,14590,14590.0,8986800,131117412000
2021-09-28,HHV,14740,14220,14590,14660,14660.0,3791000,55576060000
2021-09-29,HHV,15240,14520,14660,15110,15110.0,3750200,56665522000
2021-09-30,HHV,15110,14800,15030,15030,15030.0,1923900,28916217000
2021-10-01,HHV,15110,14590,14960,14740,14740.0,3048600,44936364000
2021-10-04,HHV,14740,14360,14740,14520,14520.0,3826600,55562232000
2021-10-05,HHV,14740,14430,14520,14660,14660.0,2278900,33408674000
2021-10-06,HHV,15330,14590,14590,15170,15170.0,5142400,78010208000
2021-10-07,HHV,15390,15030,15170,15240,15240.0,3147500,47967900000
2021-10-08,HHV,15330,14880,15240,15030,15030.0,2819600,42378588000
2021-10-11,HHV,15170,14590,15170,14800,14800.0,5109900,75626520000
2021-10-12,HHV,15030,14590,14740,15030,15030.0,4078100,61293843000
2021-10-13,HHV,15700,15030,15030,15110,15110.0,4965700,75031727000
2021-10-14,HHV,15240,14880,15170,14960,14960.0,3148000,47094080000
2021-10-15,HHV,15030,14740,14960,14880,14880.0,3332100,49581648000
2021-10-18,HHV,14880,14520,14880,14660,14660.0,4708000,69019280000
2021-10-19,HHV,14590,14360,14590,14520,14520.0,3050800,44297616000
2021-10-20,HHV,14800,14360,14430,14660,14660.0,2966900,43494754000
2021-10-21,HHV,14740,14430,14660,14590,14590.0,2209800,32240982000
2021-10-22,HHV,14960,14430,14590,14800,14800.0,4491900,66480120000
2021-10-25,HHV,14960,14520,14800,14520,14520.0,4012300,58258596000
2021-10-26,HHV,14660,14430,14520,14590,14590.0,2527900,36882061000
2021-10-27,HHV,15030,14430,14660,14880,14880.0,7705900,114663792000
2021-10-28,HHV,15760,14880,14880,15540,15540.0,16094200,250103868000
2021-10-29,HHV,15840,15170,15540,15390,15390.0,7071600,108831924000
2021-11-01,HHV,16500,15390,15390,16129,16129.0,16699700,269349461300
2021-11-02,HHV,16430,15920,16360,16059,16059.0,7821700,125608680300
2021-11-03,HHV,16210,15170,16059,15240,15240.0,13528900,206180436000
2021-11-04,HHV,15610,14880,15240,15240,15240.0,7283000,110992920000
2021-11-05,HHV,15390,15030,15170,15170,15170.0,6471800,98177206000
2021-11-08,HHV,15840,15170,15170,15760,15760.0,8748700,137879512000
2021-11-09,HHV,17090,15760,15760,16880,16880.0,26818700,452699656000
2021-11-10,HHV,17760,16880,17020,17390,17390.0,10415000,181116850000
2021-11-11,HHV,17470,16790,17310,17020,17020.0,10488200,178509164000
2021-11-12,HHV,17610,16650,17020,17390,17390.0,13792000,239842880000
2021-11-15,HHV,18350,17180,17240,17970,17970.0,12604700,226506459000
2021-11-16,HHV,18060,16940,18060,17390,17390.0,8597600,149512264000
2021-11-17,HHV,17540,16790,17470,17020,17020.0,15263800,259789876000
2021-11-18,HHV,18060,17020,17020,17470,17470.0,11966700,209058249000
2021-11-19,HHV,18120,16580,17680,16940,16940.0,14598700,247301978000
2021-11-22,HHV,17390,15840,17390,16129,16129.0,13338500,215136666500
2021-11-23,HHV,16940,15840,16360,16880,16880.0,6644100,112152408000
2021-11-24,HHV,17180,16360,16790,16650,16650.0,6734200,112124430000
2021-11-25,HHV,16940,16500,16790,16730,16730.0,10893000,182239890000
2021-11-26,HHV,17680,16280,16730,17310,17310.0,12581600,217787496000
2021-11-29,HHV,18060,16880,16880,17910,17910.0,13681100,245028501000
2021-11-30,HHV,19240,18060,18060,18790,18790.0,20344900,382280671000
2021-12-01,HHV,19240,18430,19080,18860,18860.0,12014400,226591584000
2021-12-02,HHV,19740,18560,18790,19240,19240.0,13557900,260853996000
2021-12-03,HHV,19440,18120,19240,18200,18200.0,13960800,254086560000
2021-12-06,HHV,18650,16940,18200,17610,17610.0,13602700,239543547000
2021-12-07,HHV,18650,17540,17610,18490,18490.0,11055100,204408799000
2021-12-08,HHV,18790,17680,18430,18270,18270.0,5973300,109132191000
2021-12-09,HHV,18930,17680,18350,18790,18790.0,9342900,175553091000
2021-12-10,HHV,19440,18560,18560,19380,19380.0,13477300,261190074000
2021-12-13,HHV,19970,19290,19380,19530,19530.0,9007500,175916475000
2021-12-14,HHV,20180,19020,19890,19530,19530.0,13681100,267191883000
2021-12-15,HHV,19740,18930,19740,19080,19080.0,8645100,164948508000
2021-12-16,HHV,19740,18930,19080,19610,19610.0,8388600,164500446000
2021-12-17,HHV,19670,19020,19380,19240,19240.0,8052400,154928176000
2021-12-20,HHV,19150,18650,19150,18790,18790.0,8024500,150780355000
2021-12-21,HHV,19380,18200,18790,18930,18930.0,8102500,153380325000
2021-12-22,HHV,19080,18710,18790,18860,18860.0,7582000,142996520000
2021-12-23,HHV,19740,18650,18930,19440,19440.0,12068100,234603864000
2021-12-24,HHV,19820,19020,19440,19290,19290.0,4550100,87771429000
2021-12-27,HHV,20620,19290,19290,19970,19970.0,17239400,344270818000
2021-12-28,HHV,20480,19670,20480,19740,19740.0,11697100,230900754000
2021-12-29,HHV,19890,19380,19740,19670,19670.0,6423500,126350245000
2021-12-30,HHV,20260,19610,19670,19890,19890.0,7908900,157308021000
2021-12-31,HHV,20110,19530,19970,19820,19820.0,6391800,126685476000
2022-01-04,HHV,20480,19610,19610,20410,20410.0,13924000,284188840000
2022-01-05,HHV,21070,20180,20410,20710,20710.0,17943700,371614027000
2022-01-06,HHV,21070,20560,20780,20620,20620.0,13249400,273202628000
2022-01-20,HHV,20590,19020,19150,20450,20445.046875,14086000,288058700000
2022-01-21,HHV,20810,19610,20810,19740,19745.126953125,8743500,172596690000
2022-01-24,HHV,19610,18380,19530,18380,18382.123046875,8196400,150649832000
2022-01-25,HHV,18430,17130,17180,17680,17682.203125,12476400,220582752000
2022-01-26,HHV,18310,16730,18310,17610,17608.52734375,7548300,132925563000
2022-01-27,HHV,17640,16790,17640,17090,17092.796875,3784400,64675396000
2022-01-28,HHV,17090,15920,16940,16650,16650.7421875,7255900,120810735000
2022-02-07,HHV,17390,16880,17020,17310,17313.82421875,3818100,66091311000
2022-02-08,HHV,17540,16790,17540,17390,17387.5,2940800,51140512000
2022-02-09,HHV,17910,16880,17310,17710,17719.041015625,4663700,82594127000
2022-02-10,HHV,18160,17610,17840,17970,17976.90625,3391600,60947052000
2022-02-11,HHV,18080,17680,18060,17950,17940.068359375,2470800,44350860000
2022-02-14,HHV,17790,17310,17540,17390,17387.5,3715500,64612545000
2022-02-15,HHV,17540,17180,17310,17470,17387.5,2218100,38750207000
2022-02-16,HHV,18120,17490,17610,17910,17903.23046875,3182600,57000366000
2022-02-17,HHV,18160,17870,17910,17970,17976.90625,3167100,56912787000
2022-02-18,HHV,18650,17680,17680,18650,18639.990234375,5065200,94465980000
2022-02-21,HHV,19080,18310,18650,18560,18566.314453125,4833200,89704192000
2022-02-22,HHV,18430,17640,18230,17950,17940.068359375,5578100,100126895000
2022-02-23,HHV,18200,17790,17950,17950,17940.068359375,3339300,59940435000
2022-02-24,HHV,17910,16690,17910,17130,17129.634765625,8959200,153471096000
2022-02-25,HHV,17580,17200,17390,17310,17313.82421875,3022500,52319475000
2022-02-28,HHV,17390,17020,17350,17050,17055.958984375,4152900,70806945000
2022-03-01,HHV,17470,17020,17050,17310,17313.82421875,3354300,58062933000
2022-03-02,HHV,17280,16900,17280,17020,17019.12109375,4930800,83922216000
2022-03-03,HHV,17240,16880,17180,17240,17240.1484375,3883800,66956712000
2022-03-04,HHV,17840,17470,17540,17610,17608.52734375,4651900,81919959000
2022-03-07,HHV,17760,17310,17540,17430,17424.337890625,4262100,74288403000
2022-03-08,HHV,17610,17130,17240,17130,17129.634765625,4645600,79579128000
2022-03-09,HHV,17470,16900,17130,17050,17055.958984375,4084600,69642430000
2022-03-10,HHV,17430,17050,17310,17090,17092.796875,2485300,42473777000
2022-03-11,HHV,17610,16990,17090,17180,17166.47265625,4551500,78194770000
2022-03-14,HHV,17540,17050,17180,17280,17276.986328125,4417500,76334400000
2022-03-15,HHV,18380,17280,17470,18160,18161.095703125,9828500,178485560000
2022-03-16,HHV,18450,17760,18450,18060,18050.58203125,4062900,73375974000
2022-03-17,HHV,18350,17680,18060,17840,17829.5546875,3571100,63708424000
2022-03-18,HHV,18080,17580,17910,17680,17682.203125,4565000,80709200000
2022-03-21,HHV,18120,17680,17790,18060,18050.58203125,4626100,83547366000
2022-03-22,HHV,18790,17970,18270,18080,18087.419921875,7459900,134874992000
2022-03-23,HHV,18160,17840,18080,17870,17866.392578125,3588600,64128282000
2022-03-24,HHV,18310,17710,17710,17970,17976.90625,3010300,54095091000
2022-03-25,HHV,18120,17840,18020,17840,17829.5546875,3296300,58805992000
2022-03-28,HHV,17680,17090,17680,17350,17350.662109375,5821800,101008230000
2022-03-29,HHV,17540,17350,17430,17490,17498.013671875,3653200,63894468000
2022-03-30,HHV,18200,17390,17490,17540,17534.8515625,4840700,84905878000
2022-03-31,HHV,17910,17430,17760,17610,17608.52734375,2567500,45213675000
2022-04-01,HHV,17710,17430,17580,17680,17682.203125,2501900,44233592000
2022-04-04,HHV,18120,17710,18020,18060,18050.58203125,4201500,75879090000
2022-04-05,HHV,18560,17910,18160,18350,18345.28515625,7574500,138992075000
2022-04-06,HHV,18710,18120,18230,18230,18234.771484375,7486700,136482541000
2022-04-07,HHV,18560,18200,18430,18230,18234.771484375,3982400,72599152000
2022-04-08,HHV,18430,17760,18200,17760,17755.87890625,4055400,72023904000
2022-04-12,HHV,17970,17090,17910,17090,17092.796875,4413600,75428424000
2022-04-13,HHV,17540,16790,17180,17430,17424.337890625,3363300,58622319000
2022-04-14,HHV,17640,17200,17640,17200,17203.310546875,1642900,28257880000
2022-04-15,HHV,17310,16940,17180,16940,16945.4453125,2437800,41296332000
2022-04-18,HHV,17020,15760,16940,15760,15766.6318359375,6622200,104365872000
2022-04-19,HHV,16059,14710,15880,14710,14698.33203125,4980800,73267568000
2022-04-20,HHV,14840,13700,14710,13700,13703.7080078125,4801600,65781920000
2022-04-21,HHV,13700,12740,12980,12980,12966.94921875,4286300,55636174000
2022-04-22,HHV,13700,12980,13410,13590,13593.1943359375,2933900,39871701000
2022-04-25,HHV,14040,12740,13860,12740,12745.921875,3664300,46683182000
2022-04-26,HHV,13260,12300,12740,13220,13224.814453125,2794700,36945934000
2022-04-27,HHV,13670,13260,13260,13520,13519.517578125,1741700,23547784000
2022-04-28,HHV,13890,13520,13560,13560,13556.35546875,1214100,16463196000
2022-04-29,HHV,13750,13380,13520,13630,13630.0322265625,1570700,21408641000
2022-05-04,HHV,14330,13630,13700,14110,14108.9248046875,1981300,27956143000
2022-05-05,HHV,14360,13450,14290,13810,13814.2216796875,1287200,17776232000
2022-05-06,HHV,13590,13150,13410,13150,13151.138671875,1895900,24931085000
2022-05-09,HHV,13040,12260,12890,12260,12267.0283203125,3125200,38314952000
2022-05-10,HHV,12200,11440,11490,12200,12193.3525390625,3081700,37596740000
2022-05-11,HHV,12380,12010,12380,12350,12340.7041015625,1012000,12498200000
2022-05-12,HHV,12300,11490,12300,11490,11493.4326171875,1725200,19822548000
2022-05-13,HHV,11490,10720,10980,10720,10719.8359375,2708000,29029760000
2022-05-16,HHV,11120,10100,10980,10100,10093.5908203125,1795600,18135560000
2022-05-17,HHV,10790,9870,10130,10790,10793.51171875,1900800,20509632000
2022-05-18,HHV,11390,10910,11050,10980,10977.701171875,1672200,18360756000
2022-05-19,HHV,11050,10530,10680,10910,10904.025390625,1146500,12508315000
2022-05-20,HHV,11350,10910,10910,11050,11051.376953125,1613300,17826965000
2022-05-23,HHV,11530,10760,11270,10980,10977.701171875,1491300,16374474000
2022-05-24,HHV,11050,10680,10910,11050,11051.376953125,905300,10003565000
2022-05-25,HHV,11810,11050,11170,11810,11824.9736328125,2538700,29982047000
2022-05-26,HHV,12120,11800,12010,11850,11861.8115234375,1943400,23029290000
2022-05-27,HHV,12160,11810,11900,11940,11935.4873046875,1482000,17695080000
2022-05-30,HHV,12090,11900,11970,11970,11972.3251953125,990100,11851497000
2022-05-31,HHV,12380,11810,11900,12010,12009.1630859375,1651200,19830912000
2022-06-01,HHV,12350,11900,12040,12040,12046.0009765625,1232900,14844116000
2022-06-02,HHV,12220,11800,12120,11900,11898.6494140625,1654900,19693310000
2022-06-03,HHV,11940,11440,11850,11610,11603.9462890625,1828900,21233529000
2022-06-06,HHV,11710,11390,11610,11390,11382.91796875,1421500,16190885000
2022-06-07,HHV,11390,10840,11120,11120,11125.052734375,1669900,18569288000
2022-06-08,HHV,11760,11200,11200,11570,11567.1083984375,1263400,14617538000
2022-06-09,HHV,11810,11530,11670,11610,11603.9462890625,803300,9326313000
2022-06-10,HHV,11850,11350,11420,11350,11346.080078125,1427500,16202125000
2022-06-13,HHV,11050,10570,10720,10570,10572.484375,2494100,26362637000
2022-06-14,HHV,10680,10060,10250,10200,10204.1044921875,1578200,16097640000
2022-06-15,HHV,10320,9500,10160,9540,9541.0224609375,2385600,22758624000
2022-06-16,HHV,9950,9660,9690,9660,9651.5361328125,1180300,11401698000
2022-06-17,HHV,9500,8990,9210,8990,8988.453125,2739000,24623610000
2022-06-20,HHV,9140,8360,9140,8360,8362.208984375,1995100,16679036000
2022-06-21,HHV,8440,7890,8100,7910,7920.15380859375,1465300,11590523000
2022-06-22,HHV,8470,7950,8260,8470,8472.72265625,1877000,15898190000
2022-06-23,HHV,8770,8470,8470,8620,8620.07421875,725200,6251224000
2022-06-24,HHV,9020,8620,8620,8690,8693.75,998800,8679572000
2022-06-27,HHV,8950,8550,8910,8910,8914.77734375,1115700,9940887000
2022-06-28,HHV,9210,8840,8840,9140,9135.8046875,1364300,12469702000
2022-06-29,HHV,9180,8950,9070,9020,9025.291015625,988900,8919878000
2022-06-30,HHV,9020,8580,8990,8580,8583.236328125,1050000,9009000000
2022-07-01,HHV,8660,8170,8550,8550,8546.3984375,955000,8165250000
2022-07-04,HHV,8910,8690,8820,8820,8804.263671875,870600,7678692000
2022-07-05,HHV,8840,8470,8840,8500,8509.560546875,721100,6129350000
2022-07-06,HHV,8470,8170,8440,8170,8178.01904296875,1148600,9384062000
2022-07-07,HHV,8470,8220,8470,8410,8399.046875,586500,4932465000
2022-07-08,HHV,8840,8470,8500,8840,8841.1015625,1136800,10049312000
2022-07-11,HHV,9140,8820,8910,8910,8914.77734375,1610000,14345100000
2022-07-12,HHV,9430,8910,8990,9430,9430.5087890625,1756000,16559080000
2022-07-13,HHV,10060,9350,9430,10060,10056.7529296875,3315400,33352924000
2022-07-14,HHV,10610,9870,10060,10130,10130.4287109375,2630600,26647978000
2022-07-15,HHV,10250,9900,10100,9900,9909.4013671875,2077500,20567250000
2022-07-18,HHV,10570,9950,9950,10570,10572.484375,3784600,40003222000
2022-07-19,HHV,10610,10250,10610,10390,10388.294921875,1834500,19060455000
2022-07-20,HHV,10760,10390,10530,10390,10388.294921875,1714300,17811577000
2022-07-21,HHV,10530,10160,10390,10200,10204.1044921875,1662900,16961580000
2022-07-22,HHV,10640,10200,10320,10470,10461.970703125,2054700,21512709000
2022-07-25,HHV,10720,10250,10470,10610,10609.322265625,2001200,21232732000
2022-07-26,HHV,11170,10530,10530,10840,10830.349609375,2811700,30478828000
2022-07-27,HHV,10910,10610,10720,10910,10904.025390625,1270200,13857882000
2022-07-28,HHV,11350,10910,11120,10940,10940.86328125,3205600,35069264000
2022-07-29,HHV,10980,10760,10940,10760,10756.673828125,2161300,23255588000
2022-08-01,HHV,11170,10760,10760,10910,10904.025390625,2002800,21850548000
2022-08-02,HHV,11230,10940,11120,11070,11051.376953125,1934300,21412701000
2022-08-03,HHV,11230,10910,11020,11200,11198.728515625,2141000,23979200000
2022-08-04,HHV,11570,11170,11390,11350,11346.080078125,2113400,23987090000
2022-08-05,HHV,11350,11020,11350,11350,11346.080078125,1974400,22409440000
2022-08-08,HHV,11610,11230,11350,11440,11456.5947265625,2651200,30329728000
2022-08-09,HHV,11610,11390,11490,11490,11493.4326171875,1672400,19215876000
2022-08-10,HHV,11710,11270,11420,11530,11530.2705078125,2302100,26543213000
2022-08-11,HHV,11710,11070,11710,11230,11235.56640625,2379700,26724031000
2022-08-12,HHV,11390,11070,11200,11350,11346.080078125,1390000,15776500000
2022-08-15,HHV,11530,11390,11390,11420,11419.7568359375,1859400,21234348000
2022-08-16,HHV,11670,11390,11420,11610,11603.9462890625,2160600,25084566000
2022-08-17,HHV,11810,11420,11710,11490,11493.4326171875,2073700,23826813000
2022-08-18,HHV,11490,11200,11420,11350,11346.080078125,1693000,19215550000
2022-08-19,HHV,11350,10940,11350,11050,11051.376953125,2334100,25791805000
2022-08-22,HHV,11020,10570,11020,10610,10609.322265625,2630300,27907483000
2022-08-23,HHV,11310,10390,10390,11310,11309.2421875,2130800,24099348000
2022-08-24,HHV,11390,11170,11390,11170,11161.890625,1414800,15803316000
2022-08-25,HHV,11350,11120,11200,11200,11198.728515625,1391600,15585920000
2022-08-26,HHV,11270,10910,11200,10940,10940.86328125,1715900,18771946000
2022-08-29,HHV,11020,10470,10680,10940,10940.86328125,2419100,26464954000
2022-08-30,HHV,11170,10870,11170,10910,10904.025390625,1342700,14648857000
2022-08-31,HHV,11050,10790,10790,11020,11014.5390625,964400,10627688000
2022-09-05,HHV,11170,11020,11050,11170,11161.890625,1224300,13675431000
2022-09-06,HHV,11530,11170,11170,11310,11309.2421875,3278600,37080966000
2022-09-07,HHV,11390,10910,11310,10910,10904.025390625,1866300,20361333000
2022-09-08,HHV,11050,10610,11050,10610,10609.322265625,1656200,17572282000
2022-09-09,HHV,10940,10390,10680,10840,10830.349609375,1290300,13986852000
2022-09-12,HHV,11050,10760,10910,10760,10756.673828125,559900,6024524000
2022-09-13,HHV,10910,10640,10760,10910,10904.025390625,782200,8533802000
2022-09-14,HHV,11270,10530,10530,10940,10940.86328125,2930100,32055294000
2022-09-15,HHV,11200,10910,11120,10940,10940.86328125,1091700,11943198000
2022-09-16,HHV,11200,10720,10790,11020,11014.5390625,2738600,30179372000
2022-09-19,HHV,11570,11050,11050,11570,11567.1083984375,8793700,101743109000
2022-09-20,HHV,11710,11200,11710,11530,11530.2705078125,2980900,34369777000
2022-09-21,HHV,12300,11310,11310,12090,12082.8388671875,8363800,101118342000
2022-09-22,HHV,12300,11810,11970,12260,12267.0283203125,5738300,70351558000
2022-09-23,HHV,12670,11800,12300,11940,11935.4873046875,5983800,71446572000
2022-09-26,HHV,12160,11530,11670,12160,12156.5146484375,6738900,81945024000
2022-09-27,HHV,12380,11970,12220,11970,11972.3251953125,2542600,30434922000
2022-09-28,HHV,11850,11170,11710,11170,11161.890625,6477900,72358143000
2022-09-29,HHV,11200,10390,11120,10390,10388.294921875,6493800,67470582000
2022-09-30,HHV,10320,9690,10060,10020,10019.9150390625,3863500,38712270000
2022-10-03,HHV,10100,9320,10060,9320,9319.9951171875,3055100,28473532000
2022-10-04,HHV,9580,8910,9580,8950,8951.615234375,2163200,19360640000
2022-10-05,HHV,9580,9020,9210,9430,9430.5087890625,1669400,15742442000
2022-10-06,HHV,9540,8820,9390,8820,8804.263671875,2452300,21629286000
2022-10-07,HHV,8550,8220,8470,8220,8214.857421875,3207400,26364828000
2022-10-10,HHV,8620,7890,7890,8470,8472.72265625,2178000,18447660000
2022-10-11,HHV,8550,7890,8550,7890,7883.31591796875,2158200,17028198000
2022-10-12,HHV,8220,7660,7660,7800,7809.6396484375,1816700,14170260000
2022-10-13,HHV,8170,7890,7890,8080,8067.50537109375,1428100,11539048000
2022-10-14,HHV,8410,8080,8290,8080,8067.50537109375,2640500,21335240000
2022-10-17,HHV,8260,7910,8080,8220,8214.857421875,2457400,20199828000
2022-10-18,HHV,8550,8170,8410,8170,8178.01904296875,5447200,44503624000
2022-10-19,HHV,8600,8420,8520,8520,8526.8447265625,2372300,20211996000
2022-10-20,HHV,8560,8330,8420,8420,8410.5693359375,1030200,8674284000
2022-10-21,HHV,8460,7830,8420,7830,7829.19384765625,3379300,26459919000
2022-10-24,HHV,7910,7290,7910,7290,7286.576171875,3925400,28616166000
2022-10-25,HHV,7590,6810,7220,7290,7286.576171875,2596500,18928485000
2022-10-26,HHV,7520,7140,7320,7210,7209.0595703125,854800,6163108000
2022-10-27,HHV,7710,7210,7220,7710,7712.91845703125,1429700,11022987000
2022-10-28,HHV,7990,7600,7750,7660,7658.65673828125,1352100,10357086000
2022-10-31,HHV,7740,7250,7660,7550,7557.884765625,1115200,8419760000
2022-11-01,HHV,7750,7520,7670,7520,7526.87841796875,1362500,10246000000
2022-11-02,HHV,7650,7500,7520,7520,7511.375,899100,6761232000
2022-11-03,HHV,8029,7460,7520,7910,7906.71044921875,1990600,15745646000
2022-11-04,HHV,7990,7520,7750,7520,7526.87841796875,1878100,14123312000
2022-11-07,HHV,7590,7000,7540,7000,7007.515625,2168400,15178800000
2022-11-08,HHV,6980,6710,6740,6930,6929.9990234375,1200300,8318079000
2022-11-09,HHV,7180,6900,6970,6930,6929.9990234375,807200,5593896000
2022-11-10,HHV,6970,6450,6780,6450,6449.39501953125,2231100,14390595000
2022-11-11,HHV,6590,6000,6460,6000,5999.7978515625,2872100,17232600000
2022-11-14,HHV,5690,5580,5660,5580,5581.20751953125,1316100,7343838000
2022-11-15,HHV,5500,5180,5180,5180,5193.62353515625,740100,3833718000
2022-11-16,HHV,5560,4830,4830,5560,5550.20068359375,7233800,40219928000
2022-11-17,HHV,5890,5620,5860,5730,5728.4892578125,1374400,7875312000
2022-11-18,HHV,6120,5350,5660,6110,6116.0732421875,3995300,24411283000
2022-11-21,HHV,6460,6210,6210,6430,6433.8916015625,2045200,13150636000
2022-11-22,HHV,6740,6120,6430,6220,6216.8447265625,3697000,22995340000
2022-11-23,HHV,6280,5820,6210,5820,5821.50927734375,1703000,9911460000
2022-11-24,HHV,5940,5570,5770,5860,5852.51611328125,1553400,9102924000
2022-11-25,HHV,6240,5980,6020,6240,6247.8515625,1515300,9455472000
2022-11-28,HHV,6690,6430,6430,6690,6681.9453125,3582500,23966925000
2022-11-29,HHV,6970,6430,6900,6860,6867.98583984375,3218300,22077538000
2022-11-30,HHV,6970,6590,6900,6910,6906.744140625,3074200,21242722000
2022-12-01,HHV,7340,6740,7130,6910,6906.744140625,4307700,29766207000
2022-12-02,HHV,7160,6670,6770,7130,7116.03955078125,3449800,24597074000
2022-12-05,HHV,7530,7140,7360,7340,7348.58984375,4162600,30553484000
2022-12-06,HHV,7340,6840,7340,6840,6836.97900390625,4647500,31788900000
2022-12-07,HHV,6830,6420,6550,6460,6472.650390625,2782800,17976888000
2022-12-08,HHV,6900,6580,6670,6670,6666.44189453125,2167300,14455891000
2022-12-09,HHV,7130,6610,6750,7130,7131.54248046875,4604800,32832224000
2022-12-12,HHV,7590,7050,7440,7130,7131.54248046875,4379700,31227261000
2022-12-13,HHV,7250,6740,7130,7130,7131.54248046875,2482400,17699512000
2022-12-14,HHV,7430,7210,7360,7210,7209.0595703125,2959500,21337995000
2022-12-15,HHV,7440,7160,7250,7230,7224.56298828125,1892800,13684944000
2022-12-16,HHV,7570,7050,7050,7510,7495.87158203125,4199400,31537494000
2022-12-19,HHV,7660,7290,7660,7290,7286.576171875,3778600,27545994000
2022-12-20,HHV,7290,6820,7290,7020,7023.01904296875,3581400,25141428000
2022-12-21,HHV,7130,6570,7130,6820,6821.4755859375,2435700,16611474000
2022-12-22,HHV,6980,6740,6900,6860,6867.98583984375,1349100,9254826000
2022-12-23,HHV,7010,6750,6880,6820,6821.4755859375,1096900,7480858000
2022-12-26,HHV,7050,6500,6930,6500,6503.65673828125,2607800,16950700000
2022-12-27,HHV,6670,6460,6510,6530,6743.958984375,545100,3559503000
2022-12-28,HHV,6820,6700,6790,6730,6720.70361328125,957500,6443975000
2022-12-29,HHV,7010,6730,6730,6930,6937.7509765625,2316000,16049880000
2022-12-30,HHV,7360,6970,7050,7300,7302.07958984375,3564400,26020120000
2023-01-03,HHV,7780,7610,7670,7780,7790.43505859375,2703300,21031674000
2023-01-04,HHV,8330,7990,8330,8130,8139.2607421875,11192500,90995025000
2023-01-05,HHV,8420,7990,8370,8220,8216.77734375,5046700,41483874000
2023-01-06,HHV,8460,7910,8300,7940,7945.46875,3698800,29368472000
2023-01-09,HHV,8170,7910,8130,7910,7906.71044921875,2719500,21511245000
2023-01-10,HHV,8460,7880,7910,8460,8449.328125,7352100,62198766000
2023-01-11,HHV,8690,8370,8600,8370,8371.810546875,6452300,54005751000
2023-01-12,HHV,8690,8260,8370,8520,8526.8447265625,4167700,35508804000
2023-01-13,HHV,8760,8460,8760,8490,8488.0859375,4736100,40209489000
2023-01-16,HHV,9070,8490,8490,9070,9069.4619140625,6671600,60511412000
2023-01-17,HHV,9690,9220,9340,9690,9689.595703125,5550700,53786283000
2023-01-18,HHV,10150,9690,9920,9800,9805.87109375,8378300,82107340000
2023-01-19,HHV,10000,9580,9760,9760,9767.11328125,6824500,66607120000
2023-01-27,HHV,10430,9920,10130,10350,10348.48828125,9752900,100942515000
2023-01-30,HHV,10820,9960,10390,10150,10154.6962890625,10452000,106087800000
2023-01-31,HHV,10580,10000,10130,10540,10542.2802734375,7924400,83523176000
2023-02-01,HHV,10690,9800,10650,9800,9805.87109375,9460600,92713880000
2023-02-02,HHV,9920,9270,9800,9460,9457.0458984375,8031800,75980828000
2023-02-03,HHV,10130,9540,9660,10130,10115.9384765625,9564400,96887372000
2023-02-06,HHV,10310,9850,10130,10040,10038.421875,5248200,52691928000
2023-02-07,HHV,10150,9340,10040,9340,9340.7705078125,9578300,89461322000
2023-02-08,HHV,9920,9070,9380,9660,9650.837890625,7237600,69915216000
2023-02-09,HHV,10040,9660,9800,9800,9805.87109375,5539500,54287100000
2023-02-10,HHV,9800,9460,9540,9490,9495.8037109375,4718700,44780463000
2023-02-13,HHV,9460,8910,9220,9100,9108.220703125,7130700,64889370000
2023-02-14,HHV,9490,9190,9300,9340,9340.7705078125,3522300,32898282000
2023-02-15,HHV,9960,9340,9380,9960,9960.904296875,12601600,125511936000
2023-02-16,HHV,10260,9960,10080,10190,10193.455078125,5849500,59606405000
2023-02-17,HHV,10580,9960,10240,10350,10348.48828125,11463500,118647225000
2023-02-20,HHV,10620,10350,10390,10540,10542.2802734375,8236900,86816926000
2023-02-21,HHV,11240,10390,10730,10540,10542.2802734375,14754400,155511376000
2023-02-22,HHV,11120,10150,10390,10350,10348.48828125,12433100,128682585000
2023-02-23,HHV,10510,9690,10390,10470,10464.763671875,12091000,126592770000
2023-02-24,HHV,10540,10040,10470,10040,10038.421875,3986400,40023456000
2023-02-27,HHV,10080,9610,9850,9740,9728.3544921875,6421900,62549306000
2023-02-28,HHV,10000,9460,9920,9460,9457.0458984375,4713300,44587818000
2023-03-01,HHV,10130,9270,9460,10130,10115.9384765625,6688300,67752479000
2023-03-02,HHV,10470,10080,10240,10080,10077.1796875,5704400,57500352000
2023-03-03,HHV,10430,10000,10240,10130,10115.9384765625,7637200,77364836000
2023-03-06,HHV,10540,10080,10310,10130,10115.9384765625,4494400,45528272000
2023-03-07,HHV,10350,10040,10150,10310,10309.73046875,5032800,51888168000
2023-03-08,HHV,10780,10150,10150,10780,10774.8310546875,12649900,136365922000
2023-03-09,HHV,10890,10540,10780,10620,10619.796875,6165200,65474424000
2023-03-10,HHV,10620,10310,10540,10310,10309.73046875,7880000,81242800000
2023-03-13,HHV,10310,10080,10150,10260,10270.9716796875,6942000,71224920000
2023-03-14,HHV,10390,9800,10240,9960,9960.904296875,7911300,78796548000
2023-03-15,HHV,10430,10150,10310,10430,10426.0048828125,5652900,58959747000
2023-03-16,HHV,10310,10130,10310,10130,10115.9384765625,4041300,40938369000
2023-03-17,HHV,10310,10080,10310,10080,10077.1796875,3388600,34157088000
2023-03-20,HHV,10390,9920,10040,9960,9960.904296875,5740900,57179364000
2023-03-21,HHV,10240,9880,10130,10130,10115.9384765625,3783000,38321790000
2023-03-22,HHV,10430,10080,10240,10130,10077.1796875,4584600,46441998000
2023-03-23,HHV,10150,10000,10000,10130,10154.6962890625,2245500,22746915000
2023-03-24,HHV,10390,10190,10310,10240,10193.455078125,5584500,57185280000
2023-03-27,HHV,10430,10190,10350,10310,10348.48828125,5275100,54386281000
2023-03-28,HHV,10850,10240,10240,10470,10503.5224609375,13402900,140328363000
2023-03-29,HHV,10650,10430,10510,10510,10542.2802734375,4427900,46537229000
2023-03-30,HHV,10820,10390,10690,10430,10348.48828125,6539900,68211157000
2023-03-31,HHV,10430,10240,10390,10430,10426.0048828125,5349600,55796328000
2023-04-03,HHV,10820,10430,10580,10730,10852.34765625,8529900,91525827000
2023-04-04,HHV,11240,10780,10970,10780,10774.8310546875,11917800,128473884000
2023-04-05,HHV,10850,10510,10780,10620,10619.796875,10054700,106780914000
2023-04-06,HHV,10970,10510,10620,10580,10464.763671875,13469800,142510484000
2023-04-07,HHV,10510,10350,10430,10350,10348.48828125,6425200,66500820000
2023-04-10,HHV,10510,10040,10470,10040,10038.421875,13270000,133230800000
2023-04-11,HHV,10150,10000,10000,10150,10232.2138671875,5284600,53638690000
2023-04-12,HHV,10390,10130,10240,10240,10193.455078125,5117300,52401152000
2023-04-13,HHV,10310,10150,10190,10150,10154.6962890625,2953800,29981070000
2023-04-14,HHV,10260,10040,10240,10040,9922.146484375,5004400,50244176000
2023-04-17,HHV,10000,9880,9920,9960,9960.904296875,2438500,24287460000
2023-04-18,HHV,10310,9960,10000,10240,10270.9716796875,3804600,38959104000
2023-04-19,HHV,10260,9960,10260,10000,9999.6630859375,2602900,26029000000
2023-04-20,HHV,10040,9880,9960,9960,9960.904296875,1997300,19893108000
2023-04-21,HHV,10080,9690,10080,9800,9805.87109375,3460100,33908980000
2023-04-24,HHV,10040,9800,9850,9920,9922.146484375,2792300,27699616000
2023-04-25,HHV,10000,9760,9920,9850,9805.87109375,1933200,19042020000
2023-04-26,HHV,9880,9690,9850,9850,9883.3876953125,2141100,21089835000
2023-04-27,HHV,10080,9800,9920,9960,9999.6630859375,3324700,33114012000
2023-04-28,HHV,10080,9920,10040,9960,9960.904296875,2481500,24715740000
2023-05-04,HHV,10240,9880,9920,10150,10154.6962890625,6848400,69511260000
2023-05-05,HHV,10260,10040,10190,10080,10038.421875,2290800,23091264000
2023-05-08,HHV,10150,10000,10130,10080,10077.1796875,3909600,39408768000
2023-05-09,HHV,10350,10130,10150,10240,10232.2138671875,7025200,71938048000
2023-05-10,HHV,10470,10150,10260,10390,10387.2470703125,8503000,88346170000
2023-05-11,HHV,10510,10310,10470,10390,10387.2470703125,5769700,59947183000
2023-05-12,HHV,10690,10310,10390,10540,10542.2802734375,11631400,122594956000
2023-05-15,HHV,10730,10310,10690,10310,10309.73046875,5661500,58370065000
2023-05-16,HHV,10620,10310,10350,10350,10348.48828125,7164800,74155680000
2023-05-17,HHV,10430,10130,10390,10150,10154.6962890625,5634900,57194235000
2023-05-18,HHV,10260,10130,10190,10190,10154.6962890625,3480200,35463238000
2023-05-19,HHV,10240,10080,10150,10190,10270.9716796875,3801200,38734228000
2023-05-22,HHV,10930,10350,10350,10820,10813.5888671875,15856400,171566248000
2023-05-23,HHV,10850,10620,10850,10650,10658.5556640625,7985700,85047705000
2023-05-24,HHV,11010,10620,10780,10820,10813.5888671875,12824200,138757844000
2023-05-25,HHV,11280,10690,10780,11070,11084.8974609375,12677500,140339925000
2023-05-26,HHV,11430,11120,11240,11170,11162.4150390625,11330400,126560568000
2023-05-29,HHV,11360,11120,11360,11200,11201.1728515625,8033300,89972960000
2023-05-30,HHV,11590,11120,11240,11560,11549.998046875,11622700,134358412000
2023-05-31,HHV,11590,11310,11560,11400,11394.96484375,7665500,87386700000
2023-06-01,HHV,11460,11200,11460,11360,11394.96484375,6600600,74982816000
2023-06-02,HHV,11560,11240,11400,11400,11394.96484375,9287200,105874080000
2023-06-05,HHV,11510,11170,11460,11200,11394.96484375,10249000,114788800000
2023-06-06,HHV,11400,11070,11200,11360,11356.20703125,9724100,110465776000
2023-06-07,HHV,12020,11620,11790,11850,11860.8408203125,10509200,124534020000
2023-06-08,HHV,11950,11410,11850,11410,11404.654296875,10154600,115863986000
2023-06-09,HHV,11530,11200,11430,11430,11446.1259765625,6366700,72771381000
2023-06-12,HHV,11790,11320,11430,11480,11487.59765625,6466400,74234272000
2023-06-13,HHV,11650,11410,11650,11430,11446.1259765625,4127300,47175039000
2023-06-14,HHV,11570,11320,11530,11320,11321.7119140625,3906400,44220448000
2023-06-15,HHV,11370,11240,11280,11280,11280.240234375,5088500,57398280000
2023-06-16,HHV,11620,11370,11480,11370,11363.1826171875,10550100,119954637000
2023-06-19,HHV,11690,11370,11430,11480,11487.59765625,11372800,130559744000
2023-06-20,HHV,12270,11480,11690,12270,12275.5556640625,14712000,180516240000
2023-06-21,HHV,12530,12200,12320,12400,12399.9697265625,14725400,182594960000
2023-06-22,HHV,12530,12270,12530,12400,12399.9697265625,11721300,145344120000
2023-06-23,HHV,12640,12320,12400,12360,12358.498046875,7953600,98306496000
2023-06-26,HHV,12480,11850,12360,12440,12441.44140625,10982900,136627276000
2023-06-27,HHV,12860,12360,12480,12640,12648.798828125,12676200,160227168000
2023-06-28,HHV,12770,12480,12690,12480,12482.9130859375,5968600,74488128000
2023-06-29,HHV,12990,12360,12480,12570,12565.85546875,12478100,156849717000
2023-06-30,HHV,12690,12530,12570,12640,12648.798828125,4474700,56560208000
2023-07-03,HHV,13180,12690,12740,12740,12731.7412109375,8143000,103741820000
2023-07-04,HHV,12860,12610,12860,12810,12814.6845703125,5861400,75084534000
2023-07-05,HHV,13110,12740,13020,12740,12731.7412109375,5972800,76093472000
2023-07-06,HHV,12810,12570,12740,12740,12731.7412109375,8055400,102625796000
2023-07-07,HHV,13060,12640,12740,12990,12980.5703125,7848500,101952015000
2023-07-10,HHV,13140,12900,13060,12940,12939.0986328125,6701300,86714822000
2023-07-11,HHV,13230,12770,13140,12860,12856.15625,6982600,89796236000
2023-07-12,HHV,13520,13020,13110,13180,13187.927734375,10566100,139261198000
2023-07-13,HHV,13360,13110,13310,13180,13187.927734375,5859700,77230846000
2023-07-14,HHV,13270,13020,13140,13140,13146.4560546875,8880800,116693712000
2023-07-17,HHV,13270,13020,13180,13060,13063.513671875,5936000,77524160000
2023-07-18,HHV,13230,12900,13060,13110,13104.9853515625,8586600,112570326000
2023-07-19,HHV,13140,12900,13110,12900,12897.6279296875,6060500,78180450000
2023-07-20,HHV,13020,12810,12900,12990,12980.5703125,5148300,66876417000
2023-07-21,HHV,13140,12990,12990,13140,13146.4560546875,4981900,65462166000
2023-07-24,HHV,13770,13180,13180,13560,13561.1708984375,14304800,193973088000
2023-07-25,HHV,13560,13310,13520,13390,13395.28515625,8282000,110895980000
2023-07-26,HHV,13480,13270,13440,13310,13312.341796875,6742000,89736020000
2023-07-27,HHV,13480,13060,13310,13180,13187.927734375,9460800,124693344000
2023-07-28,HHV,13440,13140,13270,13230,13229.3994140625,7325900,96921657000
2023-07-31,HHV,13600,13270,13520,13310,13312.341796875,5172500,68845975000
2023-08-01,HHV,13600,13180,13440,13310,13312.341796875,11266200,149953122000
2023-08-02,HHV,13390,13180,13310,13360,13353.8134765625,5698400,76130624000
2023-08-03,HHV,13650,13230,13440,13310,13312.341796875,8057600,107246656000
2023-08-04,HHV,13680,13270,13310,13560,13561.1708984375,10217900,138554724000
2023-08-07,HHV,13970,13520,13680,13650,13644.1142578125,10390500,141830325000
2023-08-08,HHV,13770,13440,13650,13480,13478.228515625,5677500,76532700000
2023-08-09,HHV,13480,13270,13440,13310,13312.341796875,7127800,94871018000
2023-08-10,HHV,13390,13180,13310,13180,13187.927734375,6588000,86829840000
2023-08-11,HHV,13270,12860,13180,13020,13022.0419921875,7714300,100440186000
2023-08-14,HHV,13480,13060,13110,13360,13353.8134765625,6374600,85164656000
2023-08-15,HHV,13600,13310,13440,13310,13312.341796875,5009100,66671121000
2023-08-16,HHV,13360,13140,13360,13180,13187.927734375,6156300,81140034000
2023-08-17,HHV,13440,13060,13180,13110,13104.9853515625,9692200,127064742000
2023-08-18,HHV,13140,12200,13060,12200,12192.6123046875,14273400,174135480000
2023-08-21,HHV,12440,11690,12360,11900,11902.3125,6526100,77660590000
2023-08-22,HHV,12020,11280,12020,11950,11943.783203125,6882900,82250655000
2023-08-23,HHV,12220,11950,12220,11950,11943.783203125,2833800,33863910000
2023-08-24,HHV,12200,11900,12070,12200,12192.6123046875,4483500,54698700000
2023-08-25,HHV,12530,12200,12200,12270,12275.5556640625,3859000,47349930000
2023-08-28,HHV,12360,12200,12320,12270,12275.5556640625,3247100,39841917000
2023-08-29,HHV,12570,12320,12320,12320,12317.02734375,4917000,60577440000
2023-08-30,HHV,12480,12270,12400,12400,12399.9697265625,3265900,40497160000
2023-08-31,HHV,12860,12480,12480,12640,12648.798828125,6138200,77586848000
2023-09-05,HHV,13060,12770,12940,12940,12939.0986328125,4882400,63178256000
2023-09-06,HHV,12940,12740,12940,12940,12939.0986328125,5860100,75829694000
2023-09-07,HHV,13440,13110,13110,13180,13187.927734375,12555800,165485444000
2023-09-08,HHV,13440,13110,13140,13180,13187.927734375,5241300,69080334000
2023-09-11,HHV,13440,12900,13360,12940,12939.0986328125,9386100,121456134000
2023-09-12,HHV,13440,12860,12990,13440,13436.7568359375,9830100,132116544000
2023-09-13,HHV,14350,13390,13520,14350,14349.12890625,36190900,519339415000
2023-09-14,HHV,14890,14300,14690,14640,14639.4296875,17839200,261165888000
2023-09-15,HHV,14840,14270,14690,14690,14680.900390625,16310700,239604183000
2023-09-18,HHV,14840,14350,14690,14840,14846.787109375,12509500,185640980000
2023-09-19,HHV,15260,14390,14940,14690,14846.787109375,16376500,240570785000
2023-09-20,HHV,14940,14430,14800,14940,14929.7294921875,8019000,119803860000
2023-09-21,HHV,15380,14600,15010,14640,14639.4296875,12880900,188576376000
2023-09-22,HHV,14300,13650,14180,13810,13810.0,16749200,231306452000
2023-09-25,HHV,14230,12860,13770,12860,12856.15625,12355000,158885300000
2023-09-26,HHV,13270,12530,12860,12530,12524.384765625,10907000,136664710000
2023-09-27,HHV,13180,12360,12690,13180,13187.927734375,6673100,87951458000
2023-09-28,HHV,13310,12940,13110,13180,13187.927734375,7092800,93483104000
2023-09-29,HHV,13440,13020,13440,13060,13063.513671875,5767500,75323550000
2023-10-02,HHV,13860,13110,13230,13680,13685.5859375,6760000,92476800000
2023-10-03,HHV,13930,13180,13440,13440,13436.7568359375,15064500,202466880000
2023-10-04,HHV,13970,13110,13110,13730,13727.056640625,7657800,105141594000
2023-10-05,HHV,14230,13680,13860,13680,13685.5859375,10947700,149764536000
2023-10-06,HHV,13930,13230,13770,13930,13934.4140625,11983400,166928762000
2023-10-09,HHV,14270,13890,14020,14230,14224.71484375,10155500,144512765000
2023-10-10,HHV,14430,13930,14350,13930,13934.4140625,11175700,155677501000
2023-10-11,HHV,14520,13890,13930,14470,14473.54296875,10679400,154530918000
2023-10-12,HHV,14690,14270,14600,14560,14556.486328125,11249300,163789808000
2023-10-13,HHV,14520,14150,14350,14470,14473.54296875,8156200,118020214000
2023-10-16,HHV,14520,13930,14520,13930,13934.4140625,9372400,130557532000
2023-10-17,HHV,14100,13020,14100,13020,13022.0419921875,12535800,163216116000
2023-10-18,HHV,13230,12160,13060,12440,12441.44140625,14235300,177087132000
2023-10-19,HHV,12530,11850,12440,12020,12026.7265625,8332400,100155448000
2023-10-20,HHV,12440,11650,12110,12440,12441.44140625,6786000,84417840000
2023-10-23,HHV,12530,11990,12440,12220,12234.083984375,4689900,57310578000
2023-10-24,HHV,12740,12020,12200,12690,12690.2705078125,6484500,82288305000
2023-10-25,HHV,12810,12440,12740,12440,12441.44140625,4041000,50270040000
2023-10-26,HHV,12200,11570,12110,11570,11570.5400390625,11424200,132177994000
2023-10-27,HHV,11810,11060,11740,11620,11612.01171875,4172200,48480964000
2023-10-30,HHV,11690,10830,11620,10830,10824.0537109375,3789200,41037036000
2023-10-31,HHV,11160,10370,10990,10530,10533.75390625,6780600,71399718000
2023-11-01,HHV,11200,10370,10620,11200,11197.296875,5774500,64674400000
2023-11-02,HHV,11950,11320,11430,11950,11943.783203125,7014400,83822080000
2023-11-03,HHV,12220,11850,12110,12020,12026.7265625,6644700,79869294000
2023-11-06,HHV,12270,11850,12200,12020,12026.7265625,4312900,51841058000
2023-11-07,HHV,12270,11740,11990,11900,11902.3125,5607300,66726870000
2023-11-08,HHV,12740,11950,12070,12740,12731.7412109375,7992900,101829546000
2023-11-09,HHV,13020,12610,12770,12690,12690.2705078125,9048200,114821658000
2023-11-10,HHV,12900,12480,12480,12610,12607.3271484375,7853500,99032635000
2023-11-13,HHV,12900,12570,12690,12770,12773.212890625,7832600,100022302000
2023-11-14,HHV,13110,12740,12940,12810,12814.6845703125,5275600,67580436000
2023-11-15,HHV,13180,12740,13140,12740,12731.7412109375,9813100,125018894000
2023-11-16,HHV,12940,12640,12740,12940,12939.0986328125,3683100,47659314000
2023-11-17,HHV,13230,12610,13060,12640,12648.798828125,10325100,130509264000
2023-11-20,HHV,12770,12360,12400,12610,12607.3271484375,6472000,81611920000
2023-11-21,HHV,12990,12690,12770,12810,12814.6845703125,4289700,54951057000
2023-11-22,HHV,13180,12860,12900,12940,12939.0986328125,8949700,115809118000
2023-11-23,HHV,13140,12110,13110,12110,12109.669921875,10888900,131864579000
2023-11-24,HHV,12400,11690,12200,12400,12399.9697265625,9040500,112102200000
2023-11-27,HHV,12640,12160,12570,12160,12151.140625,8993400,109359744000
2023-11-28,HHV,12750,12310,12540,12660,12664.8193359375,6094000,77150040000
2023-11-29,HHV,12840,12540,12710,12750,12753.3837890625,4474000,57043500000
2023-11-30,HHV,12890,12540,12750,12540,12531.9716796875,4360500,54680670000
2023-12-01,HHV,12980,12580,12580,12980,12974.796875,5877200,76286056000
2023-12-04,HHV,13820,13190,13190,13730,13727.6005859375,11288900,154996597000
2023-12-05,HHV,13820,13550,13820,13550,13550.470703125,6416500,86943575000
2023-12-06,HHV,14170,13730,13770,13990,13993.296875,10066200,140826138000
2023-12-07,HHV,14040,13550,13990,13900,13904.7314453125,11377900,158152810000
2023-12-08,HHV,14040,13730,13950,13860,13860.44921875,5689600,78857856000
2023-12-11,HHV,13900,13590,13900,13770,13771.8837890625,4461900,61440363000
2023-12-12,HHV,13900,13640,13820,13680,13683.318359375,3936400,53849952000
2023-12-13,HHV,13990,13380,13770,13550,13550.470703125,8073100,109390505000
2023-12-14,HHV,13820,13330,13820,13330,13329.0576171875,5059300,67440469000
2023-12-15,HHV,13640,13240,13380,13380,13373.3408203125,4990300,66770214000
2023-12-18,HHV,13500,13190,13460,13330,13329.0576171875,3637200,48483876000
2023-12-19,HHV,13500,13190,13290,13500,13506.1884765625,3435200,46375200000
2023-12-20,HHV,13640,13460,13500,13500,13506.1884765625,3117800,42090300000
2023-12-21,HHV,13640,13330,13380,13590,13594.7529296875,3861700,52480503000
2023-12-22,HHV,13680,13380,13640,13380,13373.3408203125,5200900,69588042000
2023-12-25,HHV,13550,13380,13460,13460,13461.9052734375,6101600,82127536000
2023-12-26,HHV,13990,13500,13500,13770,13771.8837890625,12843000,176848110000
2023-12-27,HHV,13900,13680,13900,13680,13683.318359375,5739400,78514992000
2023-12-28,HHV,13820,13640,13730,13640,13639.0361328125,4507600,61483664000
2023-12-29,HHV,13820,13640,13640,13680,13683.318359375,4724300,64628424000
2024-01-02,HHV,13990,13640,13900,13820,13816.166015625,9416500,130136030000
2024-01-03,HHV,14430,13770,13820,14350,14347.5576171875,18826000,270153100000
2024-01-04,HHV,14430,14040,14430,14130,14126.14453125,10793800,152516394000
2024-01-05,HHV,14350,14130,14220,14260,14258.9921875,8849500,126193870000
2024-01-08,HHV,14530,14260,14390,14260,14258.9921875,8169500,116497070000
2024-01-09,HHV,14300,13990,14300,14080,14081.861328125,10455000,147206400000
2024-01-10,HHV,14170,13820,14170,13820,13816.166015625,8730900,120661038000
2024-01-11,HHV,13990,13770,13860,13900,13904.7314453125,5868200,81567980000
2024-01-12,HHV,13820,13500,13730,13640,13639.0361328125,9213200,125668048000
2024-01-15,HHV,13770,13550,13680,13550,13550.470703125,3500900,47437195000
2024-01-16,HHV,13730,13420,13460,13730,13727.6005859375,3769900,51760727000
2024-01-17,HHV,13900,13640,13770,13640,13639.0361328125,4060000,55378400000
2024-01-18,HHV,13860,13640,13770,13820,13816.166015625,4167400,57593468000
2024-01-19,HHV,13990,13730,13860,13730,13727.6005859375,3718300,51052259000
2024-01-22,HHV,13820,13590,13820,13730,13727.6005859375,4025100,55264623000
2024-01-23,HHV,14130,13820,13820,13900,13904.7314453125,6308600,87689540000
2024-01-24,HHV,13950,13770,13900,13770,13771.8837890625,2352400,32392548000
2024-01-25,HHV,13820,13680,13770,13730,13771.8837890625,2378700,32659551000
2024-01-26,HHV,13860,13680,13820,13730,13727.6005859375,2281400,31323622000
2024-01-29,HHV,13820,13640,13730,13640,13639.0361328125,2987900,40754956000
2024-01-30,HHV,13860,13590,13680,13860,13860.44921875,3667700,50834322000
2024-01-31,HHV,14040,13640,13860,13640,13639.0361328125,5193600,70840704000
2024-02-01,HHV,13730,13590,13640,13640,13639.0361328125,4418200,60264248000
2024-02-02,HHV,13950,13640,13730,13640,13639.0361328125,4875200,66497728000
2024-02-05,HHV,13820,13590,13730,13730,13727.6005859375,4376200,60085226000
2024-02-06,HHV,13770,13640,13770,13730,13727.6005859375,3417800,46926394000
2024-02-07,HHV,13820,13640,13730,13770,13771.8837890625,5222000,71906940000
2024-02-15,HHV,14300,13860,13860,14170,14170.4267578125,14392100,203936057000
2024-02-16,HHV,14300,14040,14300,14080,14081.861328125,5051200,71120896000
2024-02-19,HHV,14170,13900,14130,14040,14037.5791015625,6502100,91289484000
2024-02-20,HHV,14130,13900,14080,13950,13949.013671875,7282500,101590875000
2024-02-21,HHV,13990,13820,13990,13820,13816.166015625,6223900,86014298000
2024-02-22,HHV,14040,13770,13820,13820,13816.166015625,5291600,73129912000
2024-02-23,HHV,13900,13460,13820,13460,13461.9052734375,10103700,135995802000
2024-02-26,HHV,13640,13330,13460,13640,13639.0361328125,6232300,85008572000
2024-02-27,HHV,13820,13640,13680,13820,13816.166015625,5624300,77727826000
2024-02-28,HHV,13860,13640,13860,13730,13727.6005859375,4456200,61183626000
2024-02-29,HHV,13820,13550,13770,13590,13594.7529296875,5302300,72058257000
2024-03-01,HHV,13950,13550,13640,13900,13904.7314453125,10184000,141557600000
2024-03-04,HHV,14040,13820,13990,13860,13860.44921875,6688700,92705382000
2024-03-05,HHV,14130,13860,13950,13900,13904.7314453125,8421000,117051900000
2024-03-06,HHV,13900,13590,13900,13680,13683.318359375,5892700,80612136000
2024-03-07,HHV,13730,13590,13590,13680,13683.318359375,5546300,75873384000
2024-03-08,HHV,13820,13420,13820,13460,13461.9052734375,8250300,111049038000
2024-03-11,HHV,13680,13380,13460,13420,13417.623046875,4271700,57326214000
2024-03-12,HHV,13460,13330,13420,13380,13373.3408203125,3442900,46066002000
2024-03-13,HHV,13550,13420,13550,13550,13550.470703125,4818500,65290675000
2024-03-14,HHV,13640,13460,13550,13460,13461.9052734375,5153200,69362072000
2024-03-15,HHV,13680,13420,13460,13460,13461.9052734375,5858500,78855410000
2024-03-18,HHV,13640,13020,13500,13330,13329.0576171875,9915600,132174948000
2024-03-19,HHV,13550,13240,13290,13330,13329.0576171875,12209900,162757967000
2024-03-20,HHV,13420,13240,13330,13420,13417.623046875,5989500,80379090000
2024-03-21,HHV,13730,13380,13460,13730,13727.6005859375,16971300,233015949000
2024-03-22,HHV,13990,13680,13860,13730,13727.6005859375,14815500,203416815000
2024-03-25,HHV,14080,13730,13900,13770,13771.8837890625,17469400,240553638000
2024-03-26,HHV,13820,13640,13820,13770,13771.8837890625,7322400,100829448000
2024-03-27,HHV,14080,13820,13860,13900,13904.7314453125,9734800,135313720000
2024-03-28,HHV,13990,13730,13990,13770,13771.8837890625,5748800,79160976000
2024-03-29,HHV,13820,13590,13770,13640,13639.0361328125,5851900,79819916000
2024-04-01,HHV,13950,13590,13680,13680,13639.0361328125,8406800,115005024000
2024-04-02,HHV,13770,13550,13680,13770,13771.8837890625,7134400,98240688000
2024-04-03,HHV,14350,13820,13820,13900,13904.7314453125,24821000,345011900000
2024-04-04,HHV,13990,13680,13860,13680,13683.318359375,7076100,96801048000
2024-04-05,HHV,13640,13420,13640,13420,13417.623046875,9184000,123249280000
2024-04-08,HHV,13500,13330,13460,13330,13329.0576171875,7840900,104519197000
2024-04-09,HHV,13460,13290,13380,13460,13461.9052734375,4473900,60218694000
2024-04-10,HHV,13550,13330,13500,13330,13329.0576171875,4939800,65847534000
2024-04-11,HHV,13380,13190,13240,13290,13284.775390625,7163000,95196270000
2024-04-12,HHV,13460,13330,13380,13380,13373.3408203125,4949700,66226986000
2024-04-15,HHV,13420,12440,13380,12440,12443.40625,12538500,155978940000
2024-04-16,HHV,12400,11690,12260,11910,11912.0146484375,12083800,143918058000
2024-04-17,HHV,12140,11640,12000,11640,11646.3193359375,6370300,74150292000
2024-04-19,HHV,11510,10940,11510,11060,11070.6455078125,9669800,106947988000
2024-04-22,HHV,11340,11060,11290,11250,11247.7763671875,6018600,67709250000
2024-04-23,HHV,11340,10760,11290,10850,10849.2333984375,5873300,63725305000
2024-04-24,HHV,11340,10940,10980,11290,11292.05859375,5373700,60669073000
2024-04-25,HHV,11460,11160,11340,11210,11203.494140625,3626500,40653065000
2024-04-26,HHV,11250,11060,11060,11210,11203.494140625,3034300,34014503000
2024-05-02,HHV,11610,11340,11390,11420,11424.90625,5260400,60073768000
2024-05-03,HHV,11610,11340,11510,11340,11336.341796875,3912300,44365482000
2024-05-06,HHV,11690,11290,11390,11690,11690.6025390625,8167100,95473399000
2024-05-07,HHV,11790,11560,11790,11610,11602.037109375,3434600,39875706000
2024-05-08,HHV,11510,11340,11510,11390,11380.6240234375,7681500,87492285000
2024-05-09,HHV,11640,11340,11460,11390,11380.6240234375,5924100,67475499000
2024-05-10,HHV,11510,11210,11420,11340,11336.341796875,4565100,51768234000
2024-05-13,HHV,11420,11210,11390,11290,11292.05859375,3379100,38150039000
2024-05-14,HHV,11420,11250,11340,11250,11247.7763671875,5061100,56937375000
2024-05-15,HHV,11460,11210,11290,11420,11424.90625,4834600,55211132000
2024-05-16,HHV,11860,11510,11510,11610,11602.037109375,8562100,99405981000
2024-05-17,HHV,11740,11560,11640,11640,11646.3193359375,4383300,51021612000
2024-05-20,HHV,11960,11690,11740,11860,11867.732421875,7293200,86497352000
2024-05-21,HHV,11860,11610,11860,11740,11734.884765625,5784500,67910030000
2024-05-22,HHV,11960,11640,11860,11740,11734.884765625,5535600,64987944000
2024-05-23,HHV,11960,11690,11740,11810,11823.4501953125,5495400,64900674000
2024-05-24,HHV,11810,11290,11790,11510,11513.4716796875,9032600,103965226000
2024-05-27,HHV,11560,11390,11460,11420,11424.90625,2910000,33232200000
2024-05-28,HHV,11610,11390,11390,11560,11557.7548828125,3747000,43315320000
2024-05-29,HHV,11790,11460,11560,11610,11602.037109375,5448100,63252441000
2024-05-30,HHV,11860,11420,11460,11690,11690.6025390625,7597300,88812437000
2024-05-31,HHV,11790,11560,11690,11690,11690.6025390625,2718800,31782772000
2024-06-03,HHV,11860,11740,11860,11810,11690.6025390625,5686000,67151660000
2024-06-04,HHV,11910,11690,11910,11690,11690.6025390625,4506400,52679816000
2024-06-05,HHV,11910,11740,11740,11810,11823.4501953125,8300900,98033629000
2024-06-06,HHV,12310,11860,11910,12040,12044.86328125,13594800,163681392000
2024-06-07,HHV,12220,11960,12190,12000,12000.580078125,4672700,56072400000
2024-06-10,HHV,12140,11790,12040,11810,11823.4501953125,6524100,77049621000
2024-06-11,HHV,11910,11640,11860,11690,11690.6025390625,4834300,56512967000
2024-06-12,HHV,11810,11690,11690,11790,11779.1669921875,3292700,38820933000
2024-06-13,HHV,11860,11740,11860,11740,11734.884765625,3689500,43314730000
2024-06-14,HHV,11960,11640,11790,11640,11646.3193359375,5149800,59943672000
2024-06-17,HHV,11690,11460,11640,11460,11469.189453125,4370900,50090514000
2024-06-18,HHV,11610,11460,11560,11510,11513.4716796875,2463100,28350281000
2024-06-19,HHV,11610,11390,11610,11460,11469.189453125,3015200,34554192000
2024-06-20,HHV,11510,11250,11420,11290,11292.05859375,3969900,44820171000
2024-06-21,HHV,11390,11160,11290,11160,11159.2109375,3333600,37202976000
2024-06-24,HHV,11420,11060,11250,11110,11114.9287109375,4579100,50873801000
2024-06-25,HHV,11250,11110,11160,11210,11203.494140625,2082800,23348188000
2024-06-26,HHV,11290,11060,11160,11060,11070.6455078125,2646900,29274714000
2024-06-27,HHV,11160,11030,11030,11110,11114.9287109375,1718800,19095868000
2024-06-28,HHV,11160,10810,11160,10810,10804.9501953125,3447600,37268556000
2024-07-01,HHV,10940,10710,10890,10890,10893.515625,1417100,15432219000
2024-07-02,HHV,11060,10890,10890,10940,10937.7978515625,1364800,14930912000
2024-07-03,HHV,11250,10940,11030,11160,11159.2109375,2234700,24939252000
2024-07-04,HHV,11250,11060,11160,11110,11114.9287109375,1710600,19004766000
2024-07-05,HHV,11250,11030,11110,11060,11070.6455078125,2140000,23668400000
2024-07-08,HHV,11250,11060,11110,11160,11159.2109375,2431600,27136656000
2024-07-09,HHV,11250,11110,11210,11250,11247.7763671875,3227800,36312750000
2024-07-10,HHV,11390,11210,11340,11250,11247.7763671875,2730600,30719250000
2024-07-11,HHV,11390,11210,11340,11210,11203.494140625,2789900,31274779000
2024-07-12,HHV,11250,11060,11250,11110,11114.9287109375,2285400,25390794000
2024-07-15,HHV,11210,11030,11210,11030,11026.36328125,1476900,16290207000
2024-07-16,HHV,11160,11030,11110,11030,11026.36328125,2346700,25884101000
2024-07-17,HHV,11110,10630,11060,10890,10893.515625,3000400,32674356000
2024-07-18,HHV,10940,10710,10940,10890,10893.515625,2395400,26085906000
2024-07-19,HHV,11110,10840,11060,10880,10880.23046875,2206600,24007808000
2024-07-22,HHV,10880,10510,10880,10740,10740.7412109375,2953200,31717368000
2024-07-23,HHV,10840,10460,10790,10510,10508.2568359375,1884900,19810299000
2024-07-24,HHV,10600,10230,10420,10560,10554.75390625,2688200,28387392000
2024-07-25,HHV,10510,10370,10460,10420,10415.263671875,1207400,12581108000
2024-07-26,HHV,10600,10460,10510,10560,10554.75390625,1374900,14518944000
2024-07-29,HHV,10690,10510,10600,10510,10508.2568359375,1103200,11594632000
2024-07-30,HHV,10560,10370,10510,10370,10368.7666015625,1589200,16480004000
2024-07-31,HHV,10560,10420,10460,10460,10461.7607421875,1857900,19433634000
2024-08-01,HHV,10560,9950,10510,10090,10089.787109375,3154300,31826887000
2024-08-02,HHV,10050,9670,10000,10000,9996.79296875,4306200,43062000000
2024-08-05,HHV,9900,9300,9760,9300,9299.3427734375,6716800,62466240000
2024-08-06,HHV,9530,9120,9340,9390,9392.3359375,2863600,26889204000
2024-08-07,HHV,9630,9300,9630,9340,9345.8388671875,2514400,23484496000
2024-08-08,HHV,10000,9340,9390,10000,9996.79296875,9456100,94561000000
2024-08-09,HHV,10270,9950,10270,10140,10136.283203125,3074400,31174416000
2024-08-12,HHV,10690,10090,10140,10560,10554.75390625,5958900,62925984000
2024-08-13,HHV,10600,10320,10600,10510,10508.2568359375,4370200,45930802000
2024-08-14,HHV,10600,10320,10600,10370,10368.7666015625,2732300,28333951000
2024-08-15,HHV,10930,10370,10370,10740,10740.7412109375,7258500,77956290000
2024-08-16,HHV,11060,10790,10840,11020,11019.720703125,6840300,75380106000
2024-08-19,HHV,11250,10880,11110,10880,10880.23046875,5246500,57081920000
2024-08-20,HHV,11350,10840,10930,11210,11205.7080078125,6432100,72103841000
2024-08-21,HHV,11530,11160,11160,11300,11298.701171875,5561200,62841560000
2024-08-22,HHV,11350,11060,11350,11110,11112.71484375,3407600,37858436000
2024-08-23,HHV,11210,10930,11020,11160,11159.2109375,5027900,56111364000
2024-08-26,HHV,11390,11110,11350,11110,11112.71484375,3461200,38453932000
2024-08-27,HHV,11110,10930,11060,11020,11019.720703125,3549900,39119898000
2024-08-28,HHV,11060,10790,11060,10930,10926.7275390625,3746500,40949245000
2024-08-29,HHV,11060,10880,10930,10880,10880.23046875,2453200,26690816000
2024-08-30,HHV,11060,10880,10880,10930,10926.7275390625,2765500,30226915000
2024-09-04,HHV,11620,10790,10840,11580,11577.681640625,12305400,142496532000
2024-09-05,HHV,11620,11250,11620,11300,11298.701171875,5074500,57341850000
2024-09-06,HHV,11620,11210,11210,11430,11438.19140625,6407800,73241154000
2024-09-09,HHV,11530,11210,11350,11250,11252.2041015625,4622500,52003125000
2024-09-10,HHV,11350,10980,11350,10980,10973.224609375,5405500,59352390000
2024-09-11,HHV,11060,10790,10840,10930,10926.7275390625,4938800,53981084000
2024-09-12,HHV,11060,10930,11060,10930,10926.7275390625,2488400,27198212000
2024-09-13,HHV,11060,10880,10930,11020,11019.720703125,3052400,33637448000
2024-09-16,HHV,11110,10790,10980,10790,10787.2373046875,3275700,35344803000
2024-09-17,HHV,11160,10740,10790,11160,11159.2109375,4494000,50153040000
2024-09-18,HHV,11210,11020,11160,11060,11066.2177734375,3028200,33491892000
2024-09-19,HHV,11430,11020,11060,11300,11298.701171875,5866100,66286930000
2024-09-20,HHV,11390,11210,11390,11210,11205.7080078125,3659500,41022995000
2024-09-23,HHV,11530,11160,11160,11250,11252.2041015625,6372700,71692875000
2024-09-24,HHV,11390,11210,11300,11300,11298.701171875,2811200,31766560000
2024-09-25,HHV,11530,11300,11300,11390,11391.6943359375,7088500,80738015000
2024-09-26,HHV,11620,11250,11430,11250,11252.2041015625,7788900,87625125000
2024-09-27,HHV,11430,11210,11300,11250,11252.2041015625,5037300,56669625000
2024-09-30,HHV,11430,11210,11250,11300,11298.701171875,5831300,65893690000
2024-10-01,HHV,11850,11350,11350,11620,11624.1787109375,12027300,139757226000
2024-10-02,HHV,11580,11350,11580,11350,11345.1982421875,5091000,57782850000
2024-10-03,HHV,11530,11060,11430,11110,11112.71484375,9773400,108582474000
2024-10-04,HHV,11210,11060,11110,11060,11066.2177734375,3597700,39790562000
2024-10-07,HHV,11160,10980,11110,10980,10973.224609375,3789000,41603220000
2024-10-08,HHV,11160,10980,11020,11060,11066.2177734375,2829300,31292058000
2024-10-09,HHV,11350,11110,11160,11210,11205.7080078125,4189000,46958690000
2024-10-10,HHV,11350,11110,11250,11110,11112.71484375,2871700,31904587000
2024-10-11,HHV,11300,11060,11110,11160,11159.2109375,3773900,42116724000
2024-10-14,HHV,11530,11210,11300,11390,11391.6943359375,7510600,85545734000
2024-10-15,HHV,11480,11160,11350,11210,11205.7080078125,4613900,51721819000
2024-10-16,HHV,11300,11060,11300,11110,11112.71484375,3029400,33656634000
2024-10-17,HHV,11160,10930,11110,11160,11159.2109375,4272900,47685564000
2024-10-18,HHV,11250,11060,11160,11060,11066.2177734375,3276100,36233666000
2024-10-21,HHV,11210,10980,11060,10980,10973.224609375,2660300,29210094000
2024-10-22,HHV,11060,10840,10980,10880,10880.23046875,3434600,37368448000
2024-10-23,HHV,11110,10790,10790,10980,10973.224609375,2871900,31533462000
2024-10-24,HHV,11060,10840,11020,10840,10833.734375,2262000,24520080000
2024-10-25,HHV,10880,10790,10880,10790,10787.2373046875,2317800,25009062000
2024-10-28,HHV,10880,10790,10840,10840,10833.734375,1469400,15928296000
2024-10-29,HHV,10980,10840,10880,10840,10833.734375,1654300,17932612000
2024-10-30,HHV,11110,10840,10840,10980,10973.224609375,3017000,33126660000
2024-10-31,HHV,11020,10880,11020,10880,10880.23046875,1737300,18901824000
2024-11-01,HHV,10930,10790,10880,10840,10833.734375,2432800,26371552000
2024-11-04,HHV,10840,10320,10840,10370,10368.7666015625,6919000,71750030000
2024-11-05,HHV,10510,10370,10420,10420,10415.263671875,1583800,16503196000
2024-11-06,HHV,10640,10420,10460,10640,10647.7470703125,1942500,20668200000
2024-11-07,HHV,10740,10560,10690,10600,10601.2509765625,1989600,21089760000
2024-11-08,HHV,10640,10510,10600,10510,10508.2568359375,1816800,19094568000
2024-11-11,HHV,10600,10370,10460,10560,10554.75390625,3325100,35113056000
2024-11-12,HHV,10740,10560,10600,10600,10601.2509765625,2571500,27257900000
2024-11-13,HHV,10640,10370,10640,10510,10508.2568359375,2203200,23155632000
2024-11-14,HHV,10560,10180,10560,10230,10229.27734375,2918100,29852163000
2024-11-15,HHV,10230,9950,10230,9950,9950.296875,3199600,31836020000
2024-11-18,HHV,10050,9860,9950,10000,9996.79296875,2361900,23619000000
2024-11-19,HHV,10140,9810,10000,9860,9857.302734375,1993400,19654924000
2024-11-20,HHV,10230,9810,9900,10050,10043.2900390625,3490300,35077515000
2024-11-21,HHV,10180,10050,10050,10140,10136.283203125,1210900,12278526000
2024-11-22,HHV,10420,10090,10090,10230,10229.27734375,4318400,44177232000
2024-11-25,HHV,10320,10140,10270,10230,10229.27734375,1485500,15196665000
2024-11-26,HHV,10370,10230,10230,10270,10275.7734375,1924000,19759480000
2024-11-27,HHV,10320,10140,10230,10180,10182.7802734375,1725900,17569662000
2024-11-28,HHV,10320,10140,10230,10180,10182.7802734375,1364500,13890610000
2024-11-29,HHV,10270,10140,10270,10180,10182.7802734375,1282700,13057886000
2024-12-02,HHV,10740,10230,10230,10560,10554.75390625,7101000,74986560000
2024-12-03,HHV,10600,10510,10600,10560,10554.75390625,1896400,20025984000
2024-12-04,HHV,10640,10320,10600,10320,10322.2705078125,2611400,26949648000
2024-12-05,HHV,10560,10180,10320,10560,10554.75390625,3846000,40613760000
2024-12-06,HHV,10690,10460,10640,10510,10508.2568359375,3140100,33002451000
2024-12-09,HHV,10640,10510,10560,10560,10554.75390625,2494300,26339808000
2024-12-10,HHV,10640,10560,10560,10560,10554.75390625,2062300,21777888000
2024-12-11,HHV,10690,10460,10560,10510,10508.2568359375,2111000,22186610000
2024-12-12,HHV,10600,10510,10600,10510,10508.2568359375,1417400,14896874000
2024-12-13,HHV,10510,10320,10510,10320,10322.2705078125,2482400,25618368000
2024-12-16,HHV,10420,10230,10320,10320,10322.2705078125,1631700,16839144000
2024-12-17,HHV,10370,10180,10320,10230,10229.27734375,2077100,21248733000
2024-12-18,HHV,10320,10180,10230,10270,10275.7734375,1885100,19359977000
2024-12-19,HHV,10230,10090,10180,10140,10136.283203125,2742500,27808950000
2024-12-20,HHV,10230,10090,10180,10140,10136.283203125,1225800,12429612000
2024-12-23,HHV,10370,10230,10320,10230,10229.27734375,2189100,22394493000
2024-12-24,HHV,10270,10090,10270,10180,10182.7802734375,1546300,15741334000
2024-12-25,HHV,10880,10180,10180,10880,10880.23046875,14071000,153092480000
2024-12-26,HHV,11110,10790,10880,10840,10833.734375,4004500,43408780000
2024-12-27,HHV,11060,10690,10880,10980,10973.224609375,5375800,59026284000
2024-12-30,HHV,11250,10980,11020,10980,10973.224609375,5640400,61931592000
2024-12-31,HHV,11020,10790,10980,10840,10833.734375,2288200,24804088000
2025-01-02,HHV,10930,10840,10840,10880,10880.23046875,1963600,21363968000
2025-01-03,HHV,11020,10640,10930,10640,10647.7470703125,4424100,47072424000
2025-01-06,HHV,11060,10690,10690,10790,10787.2373046875,5618400,60622536000
2025-01-07,HHV,10980,10510,10740,10600,10601.2509765625,4271800,45281080000
2025-01-08,HHV,10790,10560,10560,10740,10740.7412109375,2293000,24626820000
2025-01-09,HHV,10840,10560,10690,10600,10601.2509765625,2454700,26019820000
2025-01-10,HHV,10980,10600,10640,10740,10740.7412109375,7366100,79111914000
2025-01-13,HHV,11160,10640,10740,10980,10973.224609375,7302100,80177058000
2025-01-14,HHV,11160,10880,11060,10980,10973.224609375,4803000,52736940000
2025-01-15,HHV,11720,10880,10930,11620,11624.1787109375,22423000,260555260000
2025-01-16,HHV,11770,11480,11670,11720,11624.1787109375,8552900,100239988000
2025-01-17,HHV,11850,11580,11670,11720,11717.171875,9503900,111385708000
2025-01-20,HHV,11810,11480,11770,11530,11531.1845703125,6228300,71812299000
2025-01-21,HHV,11670,11350,11580,11530,11531.1845703125,10371200,119579936000
2025-01-22,HHV,11580,11350,11480,11430,11438.19140625,8132900,92959047000
2025-01-23,HHV,11620,11390,11430,11530,11531.1845703125,8456900,97508057000
2025-01-24,HHV,11580,11390,11530,11390,11391.6943359375,5676600,64656474000
2025-02-03,HHV,11720,11390,11390,11620,11624.1787109375,7813300,90790546000
2025-02-04,HHV,12040,11670,11670,11850,11856.662109375,14495700,171774045000
2025-02-05,HHV,11950,11770,11950,11810,11810.1650390625,6598300,77925923000
2025-02-06,HHV,11900,11670,11810,11810,11810.1650390625,6404500,75637145000
2025-02-07,HHV,12090,11670,11810,11670,11670.6748046875,12310200,143660034000
2025-02-10,HHV,11850,11580,11720,11670,11670.6748046875,6736600,78616122000
2025-02-11,HHV,12000,11670,11720,11810,11810.1650390625,6665600,78720736000
2025-02-12,HHV,12270,11810,11810,12090,12089.1455078125,16844200,203646378000
2025-02-13,HHV,12090,11950,12090,12090,12089.1455078125,5735900,69347031000
2025-02-14,HHV,12190,11900,12140,12000,11996.15234375,10737500,128850000000
2025-02-17,HHV,12220,11900,12000,11900,11903.158203125,9051700,107715230000
2025-02-18,HHV,12090,11900,12040,11900,11903.158203125,7475000,88952500000
2025-02-19,HHV,12190,11950,11950,12090,12089.1455078125,11307600,136708884000
2025-02-20,HHV,12190,11900,12190,11950,11949.6552734375,7344600,87767970000
2025-02-21,HHV,12320,11850,11950,12040,12042.6484375,11986200,144313848000
2025-02-24,HHV,12090,11900,12090,12000,11996.15234375,5581900,66982800000
2025-02-25,HHV,12190,12000,12040,12140,12135.642578125,9996000,121351440000
2025-02-26,HHV,12220,12000,12140,12000,11996.15234375,7381900,88582800000
2025-02-27,HHV,12040,11720,12040,11950,11949.6552734375,11188600,133703770000
2025-02-28,HHV,11950,11720,11950,11770,11763.66796875,7557000,88945890000
2025-03-03,HHV,11900,11720,11810,11810,11810.1650390625,6917500,81695675000
2025-03-04,HHV,12000,11770,11810,12000,11996.15234375,9864100,118369200000
2025-03-05,HHV,12040,11720,12000,11720,11717.171875,6780000,79461600000
2025-03-06,HHV,11900,11670,11770,11900,11903.158203125,5742400,68334560000
2025-03-07,HHV,12000,11810,11900,11810,11810.1650390625,6632500,78329825000
2025-03-10,HHV,12190,11810,11810,12090,12089.1455078125,14937100,180589539000
2025-03-11,HHV,12510,11900,12000,12220,12228.6357421875,22826400,278938608000
2025-03-12,HHV,12320,12040,12270,12040,12042.6484375,7468300,89918332000
2025-03-13,HHV,12090,11580,12040,11620,11624.1787109375,19285000,224091700000
2025-03-14,HHV,11720,11480,11620,11620,11624.1787109375,8415000,97782300000
2025-03-17,HHV,11770,11620,11770,11670,11670.6748046875,4409200,51455364000
2025-03-18,HHV,11850,11620,11770,11620,11624.1787109375,8376300,97332606000
2025-03-19,HHV,11810,11580,11670,11670,11670.6748046875,5510800,64311036000
2025-03-20,HHV,11770,11480,11720,11670,11670.6748046875,5122000,59773740000
2025-03-21,HHV,11720,11530,11620,11580,11577.681640625,2700400,31270632000
2025-03-24,HHV,11620,11390,11530,11480,11484.6884765625,4745700,54480636000
2025-03-25,HHV,11620,11430,11620,11480,11484.6884765625,4179000,47974920000
2025-03-26,HHV,11670,11430,11530,11530,11531.1845703125,4364900,50327297000
2025-03-27,HHV,11620,11480,11530,11480,11484.6884765625,1890700,21705236000
2025-03-28,HHV,11530,11250,11480,11250,11252.2041015625,6660600,74931750000
2025-03-31,HHV,11480,11110,11210,11350,11345.1982421875,6387600,72499260000
2025-04-01,HHV,11480,11300,11430,11390,11391.6943359375,1666100,18976879000
2025-04-02,HHV,11620,11390,11430,11390,11391.6943359375,3806200,43352618000
2025-04-03,HHV,11110,10600,10880,10600,10601.2509765625,11935900,126520540000
2025-04-04,HHV,10690,9900,9900,10420,10415.263671875,12230200,127438684000
2025-04-08,HHV,10320,9720,9950,9720,9717.8134765625,9479400,92139768000
2025-04-09,HHV,9950,9040,9040,9300,9299.3427734375,10225300,95095290000
2025-04-10,HHV,9950,9950,9950,9950,9950.296875,511400,5088430000
2025-04-11,HHV,10600,10180,10510,10600,10601.2509765625,12379000,131217400000
2025-04-14,HHV,10980,10690,10790,10840,10833.734375,7659300,83026812000
2025-04-15,HHV,11300,10600,10790,10980,10973.224609375,12952900,142222842000
2025-04-16,HHV,11110,10930,11060,11020,11019.720703125,5318700,58612074000
2025-04-17,HHV,11060,10840,10980,11020,11019.720703125,3434900,37852598000
2025-04-18,HHV,11210,10980,11060,11020,11019.720703125,7581300,83545926000
2025-04-21,HHV,11210,10880,11020,11060,11066.2177734375,6119000,67676140000
2025-04-22,HHV,11060,10320,10980,10880,10880.23046875,13634700,148345536000
2025-04-23,HHV,11390,11020,11250,11250,11252.2041015625,7988300,89868375000
2025-04-24,HHV,11300,10980,11300,11110,11112.71484375,3929600,43657856000
2025-04-25,HHV,11480,11020,11160,11060,11066.2177734375,7785400,86106524000
2025-04-28,HHV,11210,10980,11160,10980,10973.224609375,2704100,29691018000
2025-04-29,HHV,11110,10930,11110,10980,10973.224609375,3145100,34533198000
2025-05-05,HHV,11300,11210,11210,11250,11252.2041015625,4669600,52533000000
2025-05-06,HHV,11430,11250,11350,11250,11252.2041015625,6767400,76133250000
2025-05-07,HHV,11390,11160,11160,11300,11252.2041015625,5346500,60415450000
2025-05-08,HHV,11300,11250,11300,11300,11298.701171875,5571100,62953430000
2025-05-09,HHV,11620,11160,11350,11160,11298.701171875,8082300,90198468000
2025-05-12,HHV,11300,11060,11250,11210,11205.7080078125,4156900,46598849000
2025-05-13,HHV,11350,11160,11300,11300,11205.7080078125,5417100,61213230000
2025-05-14,HHV,11430,11210,11300,11300,11298.701171875,4966800,56124840000
2025-05-15,HHV,11580,11210,11350,11530,11298.701171875,17102300,197189519000
2025-05-16,HHV,11580,11300,11580,11350,11531.1845703125,6694300,75980305000
2025-05-19,HHV,11480,11250,11300,11300,11298.701171875,7670500,86676650000
2025-05-20,HHV,11480,11250,11350,11250,11298.701171875,6132500,68990625000
2025-05-21,HHV,11670,11210,11300,11580,11252.2041015625,15181100,175797138000
2025-05-22,HHV,11620,11350,11620,11390,11577.681640625,8481400,96603146000
2025-05-23,HHV,11530,11300,11390,11300,11391.6943359375,6478300,73204790000
2025-05-26,HHV,11390,10980,11390,11350,11345.1982421875,7346400,83381640000
2025-05-27,HHV,11810,11390,11390,11720,11345.1982421875,18455800,216301976000
2025-05-28,HHV,11810,11530,11810,11530,11717.171875,8238100,94985293000
2025-05-29,HHV,11620,11430,11580,11430,11531.1845703125,5908300,67531869000
2025-05-30,HHV,11480,11300,11430,11300,11438.19140625,5556200,62785060000
2025-06-02,HHV,11580,11250,11300,11530,11531.1845703125,6892700,79472831000
2025-06-03,HHV,11720,11530,11620,11580,11531.1845703125,8116500,93989070000
2025-06-04,HHV,11770,11580,11580,11670,11577.681640625,10381500,121152105000
2025-06-05,HHV,12220,11770,11770,11810,11670.6748046875,20296100,239696941000
2025-06-06,HHV,11810,11480,11770,11480,11810.1650390625,7807500,89630100000
2025-06-09,HHV,11530,11250,11480,11300,11298.701171875,8509400,96156220000
2025-06-10,HHV,11430,11210,11300,11300,11298.701171875,5766000,65155800000
2025-06-11,HHV,11390,11250,11390,11300,11298.701171875,3693700,41738810000
2025-06-12,HHV,11530,11350,11390,11430,11298.701171875,5289700,60461271000
2025-06-13,HHV,11390,11110,11300,11210,11438.19140625,10512500,117845125000
2025-06-16,HHV,11430,11110,11160,11350,11345.1982421875,4055600,46031060000
2025-06-17,HHV,11480,11350,11430,11430,11345.1982421875,5875800,67160394000
2025-06-18,HHV,11720,11430,11480,11430,11438.19140625,8149900,93153357000
2025-06-19,HHV,11480,11350,11480,11350,11438.19140625,2887100,32768585000
2025-06-20,HHV,11430,11300,11390,11350,11345.1982421875,4632100,52574335000
2025-06-23,HHV,11620,11160,11250,11480,11484.6884765625,8320300,95517044000
2025-06-24,HHV,11580,11390,11530,11530,11484.6884765625,5190700,59848771000
2025-06-25,HHV,11900,11580,11620,11580,11531.1845703125,16940000,196165200000
2025-06-26,HHV,11670,11430,11670,11530,11577.681640625,4445200,51253156000
2025-06-27,HHV,11620,11480,11580,11480,11531.1845703125,4692800,53873344000
2025-06-30,HHV,11580,11430,11530,11480,11484.6884765625,4610600,52929688000
2025-07-01,HHV,11950,11580,11670,11580,11484.6884765625,13463200,155903856000
2025-07-02,HHV,11670,11480,11530,11530,11577.681640625,6050900,69766877000
2025-07-03,HHV,11720,11480,11580,11530,11531.1845703125,10418200,120121846000
2025-07-04,HHV,11670,11530,11580,11620,11531.1845703125,7389000,85860180000
2025-07-07,HHV,11810,11620,11670,11810,11810.1650390625,11171500,131935415000
2025-07-08,HHV,11950,11720,11900,11810,11810.1650390625,8771300,103589053000
2025-07-09,HHV,12000,11770,11900,11850,11810.1650390625,14756600,174865710000
2025-07-10,HHV,12140,11810,11950,11900,11856.662109375,12606200,150013780000
2025-07-11,HHV,11950,11720,11900,11770,11903.158203125,9155600,107761412000
2025-07-14,HHV,12190,11620,11850,12090,12089.1455078125,14922200,180409398000
2025-07-15,HHV,12220,11950,12220,12000,12089.1455078125,13653900,163846800000
2025-07-16,HHV,12640,11950,11950,12460,11996.15234375,28520800,355369168000
2025-07-17,HHV,12930,12460,12600,12690,12461.119140625,29670500,376518645000
2025-07-18,HHV,12990,12500,12990,12600,13328.283203125,13050400,164435040000
2025-07-21,HHV,12790,12500,12740,12550,12547.1376953125,11544300,144880965000
2025-07-22,HHV,12690,12300,12350,12690,12547.1376953125,13348500,169392465000
2025-07-23,HHV,13280,12740,12790,12840,12693.6025390625,21384800,274580832000
2025-07-24,HHV,12940,12550,12890,12640,12840.0673828125,10941900,138305616000
2025-07-25,HHV,13080,12690,12740,12840,12644.78125,14981300,192359892000
2025-07-28,HHV,13180,12790,12940,13130,13132.9970703125,19319800,253668974000
2025-07-29,HHV,13280,12250,13280,12250,13132.9970703125,39381900,482428275000
2025-07-30,HHV,12450,11960,12300,12160,12254.208984375,15456300,187948608000
2025-07-31,HHV,12500,12060,12300,12500,12156.5654296875,11268400,140855000000
2025-08-01,HHV,12890,12400,12500,12500,12498.31640625,13248100,165601250000
2025-08-04,HHV,12790,12550,12600,12690,12693.6025390625,9694100,123018129000
2025-08-05,HHV,13180,12500,12890,12840,12693.6025390625,31983900,410673276000
2025-08-06,HHV,13040,12790,12990,12890,12840.0673828125,11117800,143308442000
2025-08-07,HHV,13570,12790,13040,13520,12888.888671875,30104900,407018248000
2025-08-08,HHV,13770,13130,13670,13380,13523.5693359375,17593700,235403706000
2025-08-11,HHV,14300,13620,13620,14300,14304.7138671875,21374700,305658210000
2025-08-12,HHV,14890,14010,14600,14700,14304.7138671875,32833700,482655390000
2025-08-13,HHV,15130,14300,14840,14650,14695.2861328125,20581700,301521905000
2025-08-14,HHV,14840,14260,14790,14450,14646.46484375,21046900,304127705000
2025-08-15,HHV,15040,14260,14550,14400,14451.1787109375,20291600,292199040000
2025-08-18,HHV,15380,14740,14790,15380,15378.7880859375,30827400,474125412000
2025-08-19,HHV,16400,15480,15960,15530,15378.7880859375,25459900,395392247000
2025-08-20,HHV,15530,14450,15480,15040,15525.2529296875,31023100,466587424000
2025-08-21,HHV,15280,14600,15280,14650,15037.037109375,18780700,275137255000
2025-08-22,HHV,15130,13960,14260,14740,14646.46484375,26680000,393263200000
2025-08-25,HHV,15130,13820,15090,13910,13914.1416015625,17659700,245646427000
2025-08-26,HHV,14700,13870,13870,14650,13914.1416015625,11149200,163335780000
2025-08-27,HHV,14740,14300,14740,14400,14646.46484375,9937300,143097120000
2025-08-28,HHV,14700,14350,14450,14500,14402.3564453125,8270200,119917900000
2025-08-29,HHV,14650,14450,14500,14450,14500.0,11102400,160429680000
2025-09-03,HHV,15130,14500,14500,14890,14890.572265625,13072400,194648036000
2025-09-04,HHV,15430,14940,15090,15230,14890.572265625,15704700,239182581000
2025-09-05,HHV,15820,14650,15380,14990,15232.3232421875,21652800,324575472000
2025-09-08,HHV,14990,14400,14890,14400,14402.3564453125,15361000,221198400000
2025-09-09,HHV,14550,14060,14450,14400,14402.3564453125,9248200,133174080000
2025-09-10,HHV,14600,14260,14450,14260,14402.3564453125,5603400,79904484000
2025-09-11,HHV,14350,13870,14260,14210,14255.892578125,9369400,133139174000
2025-09-12,HHV,14990,14350,14400,14790,14207.0703125,13107200,193855488000
2025-09-15,HHV,15380,14940,15040,15330,15329.966796875,15762000,241631460000
2025-09-16,HHV,15570,14840,15530,14890,15329.966796875,13155200,195880928000
2025-09-17,HHV,14940,14450,14840,14450,14890.572265625,10620400,153464780000
2025-09-18,HHV,14990,14350,14550,14790,14451.1787109375,9144900,135253071000
2025-09-19,HHV,14890,14650,14790,14740,14792.9296875,5464300,80543782000
2025-09-22,HHV,15090,14450,14790,14600,14597.6435546875,10248200,149623720000
2025-09-23,HHV,14840,14500,14700,14650,14597.6435546875,4570500,66957825000
2025-09-24,HHV,15040,14450,14700,15040,14646.46484375,9200100,138369504000
2025-09-25,HHV,16059,15090,15280,16059,15037.037109375,43551800,699398356200
2025-09-26,HHV,16940,16210,16309,16210,16062.2900390625,26749100,433602911000
2025-09-29,HHV,16940,15920,16360,16360,16355.21875,22310200,364994872000
2025-09-30,HHV,16450,15380,16450,15920,16355.21875,22931600,365071072000
2025-10-01,HHV,16010,15620,15920,15770,15915.8251953125,8670700,136736939000
2025-10-02,HHV,15820,15090,15820,15090,15769.3603515625,14063700,212221233000
2025-10-03,HHV,15040,14700,14940,14700,15085.8583984375,16017300,235454310000
2025-10-06,HHV,15480,14790,14840,15230,15232.3232421875,9542400,145330752000
2025-10-07,HHV,15570,15090,15330,15090,15232.3232421875,10807900,163091211000
2025-10-08,HHV,15430,14990,15380,15130,15085.8583984375,8058700,121928131000
2025-10-09,HHV,15380,15090,15230,15230,15134.6796875,9034200,137590866000
2025-10-10,HHV,15770,15280,15280,15430,15232.3232421875,9211500,142133445000
2025-10-13,HHV,15530,15090,15130,15380,15378.7880859375,10203500,156929830000
2025-10-14,HHV,15620,14990,15570,15040,15378.7880859375,13220600,198837824000
2025-10-15,HHV,15130,14890,15040,14990,15037.037109375,11091400,166260086000
2025-10-16,HHV,15570,14940,15040,15480,14988.2158203125,12691300,196461324000
2025-10-17,HHV,15920,15330,15570,15330,15476.4306640625,14598000,223787340000
2025-10-20,HHV,15670,14300,15230,14300,14304.7138671875,21209000,303288700000
2025-10-21,HHV,14740,13770,14350,14450,14304.7138671875,14625900,211344255000
2025-10-22,HHV,14700,13870,14650,14450,14451.1787109375,8754900,126508305000
2025-10-23,HHV,14840,14300,14450,14300,14451.1787109375,6496500,92899950000
2025-10-24,HHV,14400,13960,14300,14110,14304.7138671875,6215400,87699294000
2025-10-27,HHV,14400,14010,14300,14110,14109.427734375,4078700,57550457000
2025-10-28,HHV,14300,13870,14060,14260,14109.427734375,5815500,82929030000
2025-10-29,HHV,14740,14450,14500,14550,14255.892578125,6800400,98945820000
2025-10-30,HHV,14700,14450,14650,14600,14548.8212890625,4467900,65231340000
2025-10-31,HHV,14940,14400,14650,14450,14597.6435546875,5228100,75546045000
2025-11-03,HHV,14650,13770,14400,13770,13767.6767578125,7728500,106421445000
2025-11-04,HHV,14210,13180,13820,14060,14060.6064453125,13101300,184204278000
2025-11-05,HHV,14060,13770,13960,13770,14060.6064453125,3355900,46210743000
2025-11-06,HHV,14160,13770,13870,13910,13914.1416015625,4546900,63247379000
2025-11-07,HHV,13960,13570,13820,13570,13572.390625,5279700,71645529000
2025-11-10,HHV,13430,12890,13280,12890,12888.888671875,11905100,153456739000
2025-11-11,HHV,13180,12840,12990,13040,13035.353515625,3571000,46565840000
2025-11-12,HHV,13380,13080,13230,13330,13328.283203125,4368100,58226773000
2025-11-13,HHV,13470,13230,13330,13230,13230.6396484375,3691600,48839868000
2025-11-14,HHV,13470,13230,13280,13280,13279.4609375,4001200,53135936000
2025-11-17,HHV,14060,13520,13520,14060,14060.6064453125,7515200,105663712000
2025-11-18,HHV,14110,13820,14060,13960,13962.962890625,4923800,68736248000
2025-11-19,HHV,14350,13870,13960,13910,13914.1416015625,6847800,95252898000
2025-11-20,HHV,14060,13770,13960,13870,13865.3203125,2937400,40741738000
2025-11-21,HHV,13870,13670,13870,13770,13767.6767578125,4216800,58065336000
2025-11-24,HHV,13960,13720,13820,13720,13718.85546875,2916200,40010264000
2025-11-25,HHV,13820,13470,13820,13470,13474.7470703125,5221400,70332258000
2025-11-26,HHV,13870,13470,13470,13820,13816.498046875,3980900,55016038000
2025-11-27,HHV,13960,13670,13910,13670,13670.033203125,2560100,34996567000
2025-11-28,HHV,14010,13670,13770,13910,13914.1416015625,5243800,72941258000
2025-12-01,HHV,14260,13910,14110,13910,13914.1416015625,5774500,80323295000
2025-12-02,HHV,13960,13670,13870,13910,13914.1416015625,3190300,44377073000
2025-12-03,HHV,14110,13910,14010,14060,14060.6064453125,3526300,49579778000
2025-12-04,HHV,14260,14010,14060,14160,14158.2490234375,5097500,72180600000
2025-12-05,HHV,14160,13820,14160,14110,14109.427734375,6563100,92605341000
2025-12-08,HHV,14550,14160,14160,14300,14304.7138671875,8174700,116898210000
2025-12-09,HHV,14550,13910,14300,14450,14451.1787109375,7021000,101453450000
2025-12-10,HHV,14500,14060,14450,14060,14060.6064453125,3817500,53674050000
2025-12-11,HHV,14350,14060,14160,14060,14060.6064453125,2968300,41734298000
2025-12-12,HHV,14160,13380,14110,13380,13377.1044921875,6547100,87600198000
2025-12-15,HHV,13620,13180,13380,13180,13181.818359375,5392400,71071832000
2025-12-16,HHV,13720,13080,13280,13620,13621.2119140625,4517200,61524264000
2025-12-17,HHV,13910,13570,13620,13620,13621.2119140625,3765200,51282024000
2025-12-18,HHV,13770,13470,13620,13770,13621.2119140625,3029500,41716215000
2025-12-19,HHV,13870,13470,13820,13520,13523.5693359375,4296500,58088680000
2025-12-22,HHV,13770,13520,13620,13670,13670.033203125,5995900,81963953000
2025-12-23,HHV,13770,13380,13770,13380,13377.1044921875,9702800,129823464000
2025-12-24,HHV,13470,13180,13380,13180,13181.818359375,7406300,97615034000
2025-12-25,HHV,13550,13250,13350,13250,13500.0,3130400,41477800000
2025-12-26,HHV,13350,12950,13200,13050,13050.0,4784700,62440335000
2025-12-29,HHV,13200,12950,13100,13100,13100.0,3127400,40968940000
2025-12-30,HHV,13250,13050,13150,13100,13100.0,5103100,66850610000
2025-12-31,HHV,13250,13100,13200,13150,13150.0,2194400,28856360000
2026-01-05,HHV,13250,12500,13150,12500,12500.0,5907600,73845000000
2026-01-06,HHV,12750,12200,12700,12500,12500.0,6118200,76477500000
2026-01-07,HHV,12800,12500,12550,12750,12750.0,4145500,52855125000
2026-01-08,HHV,12950,12600,12850,12650,12650.0,4165900,52698635000
2026-01-09,HHV,12800,12350,12800,12400,12400.0,5164400,64038560000
2026-01-12,HHV,12950,12200,12200,12900,12900.0,7841500,101155350000
2026-01-13,HHV,13150,12850,13100,12850,12850.0,4871800,62602630000
2026-01-14,HHV,13200,12800,12850,12900,12900.0,7501800,96773220000
2026-01-15,HHV,13100,12750,12900,12850,12850.0,5491100,70560635000
2026-01-16,HHV,13100,12800,12900,12800,12800.0,4838800,61936640000
2026-01-19,HHV,13300,12850,12850,12950,12950.0,6449400,83519730000
2026-01-20,HHV,13150,12900,13150,12900,12900.0,4723300,60930570000
2026-01-21,HHV,12950,12600,12950,12650,12650.0,4896700,61943255000
2026-01-22,HHV,13000,12600,12750,12900,12900.0,5568800,71837520000
2026-01-23,HHV,13000,12650,12950,12700,12700.0,2494000,31673800000
2026-01-26,HHV,12750,12150,12700,12300,12300.0,6194100,76187430000
2026-01-27,HHV,12300,12000,12250,12100,12100.0,4519500,54685950000
2026-01-28,HHV,12300,12050,12150,12200,12200.0,2515500,30689100000
2026-01-29,HHV,12300,12100,12250,12200,12200.0,2463900,30059580000
2026-01-30,HHV,12300,12150,12200,12200,12200.0,4458200,54390040000
2026-02-02,HHV,12500,12200,12300,12350,12350.0,3900600,48172410000
2026-02-03,HHV,12450,12300,12450,12300,12300.0,3024700,37203810000
2026-02-04,HHV,12800,12250,12300,12500,12500.0,8425500,105318750000
2026-02-05,HHV,12650,12350,12650,12400,12400.0,3506300,43478120000
2026-02-06,HHV,12350,12050,12250,12050,12050.0,4918200,59264310000
2026-02-09,HHV,12200,12000,12200,12150,12150.0,2151000,26134650000
2026-02-10,HHV,12200,11950,12150,12000,12000.0,2793600,33523200000
2026-02-11,HHV,12300,12050,12100,12250,12250.0,2425000,29706250000
2026-02-12,HHV,12300,12150,12300,12200,12200.0,1730100,21107220000
2026-02-13,HHV,12250,12100,12150,12150,12150.0,2898000,35210700000
2026-02-23,HHV,12650,12250,12300,12550,12550.0,4412800,55380640000
2026-02-24,HHV,12600,12450,12550,12500,12500.0,3043800,38047500000
2026-02-25,HHV,12800,12550,12550,12600,12600.0,4882400,61518240000
2026-02-26,HHV,12650,12400,12600,12500,12500.0,2414600,30182500000
2026-02-27,HHV,12550,12350,12550,12500,12500.0,5065000,63312500000
2026-03-02,HHV,12350,12050,12100,12050,12050.0,7691600,92683780000
2026-03-03,HHV,12200,12000,12100,12050,12050.0,6004900,72359045000
2026-03-04,HHV,12150,11500,12100,11900,11900.0,8448000,100531200000
2026-03-05,HHV,12400,12000,12000,12000,12000.0,4754200,57050400000
2026-03-06,HHV,12000,11750,11800,11800,11800.0,3643100,42988580000
2026-03-09,HHV,11150,11000,11000,11000,11000.0,4837100,53208100000
2026-03-10,HHV,11300,10750,11200,11000,11000.0,7206100,79267100000
2026-03-11,HHV,11500,11050,11050,11350,11350.0,3982700,45203645000
2026-03-12,HHV,11950,11500,11550,11700,11700.0,6858700,80246790000
2026-03-13,HHV,12500,11550,11650,12500,12500.0,13039500,0
2026-03-16,HHV,12950,12200,12800,12350,12350.0,7330600,0
2026-03-17,HHV,12450,12050,12450,12200,12200.0,7210900,0
2026-03-18,HHV,12350,11850,12200,12200,12200.0,5704300,0
2026-03-19,HHV,12700,11800,11800,12200,12200.0,6263400,0
2026-03-20,HHV,12200,11950,12100,12000,12000.0,3291300,0
2026-03-23,HHV,11850,11200,11750,11250,11250.0,10817900,0
2026-03-24,HHV,11950,11450,11550,11650,11650.0,4316400,0
2026-03-25,HHV,12200,11700,11700,12100,12100.0,5447500,0
2026-03-26,HHV,12250,11900,12100,12050,12050.0,5351400,0
2026-03-27,HHV,12450,12000,12050,12200,12200.0,7486200,0
2026-03-30,HHV,12250,11900,11950,12100,12100.0,5342400,0
2026-03-31,HHV,12450,12100,12250,12300,12300.0,6071100,0
2026-04-01,HHV,12550,12300,12550,12300,12300.0,6437700,0
2026-04-02,HHV,12400,12100,12250,12100,12100.0,5221000,0
2026-04-03,HHV,12250,11800,12100,11850,11850.0,4673200,0
2026-04-06,HHV,12150,11650,12100,11750,11750.0,5515400,0
2026-04-07,HHV,12000,11650,11750,11800,11800.0,2811600,0
2026-04-08,HHV,12350,12000,12150,12250,12250.0,7375600,0
2026-04-09,HHV,13100,12050,12250,12900,12900.0,26653800,0
2026-04-10,HHV,13150,12700,13100,12750,12750.0,8332100,0
2026-04-13,HHV,13450,12600,12650,12900,12900.0,15379100,0
2026-04-14,HHV,13200,12850,13100,12950,12950.0,9116300,0
2026-04-15,HHV,13200,12900,13000,12900,12900.0,8388800,0
2026-04-16,HHV,12900,12600,12850,12700,12700.0,7134800,0
2026-04-17,HHV,12850,12600,12650,12700,12700.0,6367000,0
2026-04-20,HHV,12950,12700,12700,12750,12750.0,5301700,0
2026-04-21,HHV,12800,12600,12750,12600,12600.0,5740800,0
2026-04-22,HHV,12700,12450,12650,12550,12550.0,4050800,0
2026-04-23,HHV,13150,12250,12550,12900,12900.0,12119300,0
2026-04-24,HHV,13150,12600,12950,12700,12700.0,6995200,0
2026-04-28,HHV,12850,12500,12800,12500,12500.0,3425400,0
2026-04-29,HHV,12650,12500,12500,12500,12500.0,4614300,0
2026-05-04,HHV,12900,12600,12600,12700,12700.0,5316300,0
2026-05-05,HHV,12900,12550,12650,12600,12600.0,4629000,0
2026-05-06,HHV,12900,12550,12600,12900,12900.0,5455700,0
2026-05-07,HHV,12950,12550,12900,12550,12550.0,6675600,0
2026-05-08,HHV,12600,12100,12550,12350,12350.0,12143900,0
2026-05-11,HHV,12450,12100,12450,12150,12150.0,6030700,0
2026-05-12,HHV,12300,12150,12200,12300,12300.0,2706000,0
2026-05-13,HHV,12350,12100,12300,12250,12250.0,3966600,0
2026-05-14,HHV,12300,12150,12200,12200,12200.0,3166900,0
2026-05-15,HHV,12250,12050,12200,12050,12050.0,4366100,0
2026-05-18,HHV,12050,11900,12050,11950,11950.0,6101100,0
2026-05-19,HHV,12200,11850,11950,11900,11900.0,4108700,0
2026-05-20,HHV,11950,11500,11900,11800,11800.0,5898900,0
2026-05-21,HHV,11900,11700,11850,11750,11750.0,2076900,0
2026-05-22,HHV,11950,11750,11800,11950,11950.0,2952700,0
2026-05-25,HHV,12100,11850,11950,11850,11850.0,2306800,0
2026-05-26,HHV,11950,11800,11850,11900,11900.0,2114500,0
2026-05-27,HHV,12050,11900,11900,11950,11950.0,2356100,0
2026-05-28,HHV,12000,11800,11950,11800,11800.0,2143700,0
2026-05-29,HHV,11850,11650,11850,11650,11650.0,2648800,0
2026-06-01,HHV,11800,11700,11700,11750,11750.0,1376800,0
2026-06-02,HHV,11800,11600,11750,11600,11600.0,2577900,0
2026-06-03,HHV,11700,11500,11600,11650,11650.0,1672200,0
2026-06-04,HHV,11700,11600,11650,11600,11600.0,1809100,0
2026-06-05,HHV,11750,11550,11750,11550,11550.0,2580400,0
2026-06-08,HHV,11500,11250,11400,11350,11350.0,3943200,0
2026-06-09,HHV,11450,11250,11350,11350,11350.0,1499200,0
2026-06-10,HHV,11600,11350,11350,11550,11550.0,2699400,0
2026-06-11,HHV,11500,11350,11500,11450,11450.0,1323800,0
2026-06-12,HHV,11550,11400,11500,11400,11400.0,1647600,0
2026-06-15,HHV,11550,11450,11500,11500,11500.0,2575800,0
2026-06-16,HHV,11750,11600,11600,11750,11750.0,3552400,0
2026-06-17,HHV,11800,11650,11750,11700,11700.0,2063200,0
2026-06-18,HHV,11700,11500,11700,11500,11500.0,2242500,0
2026-06-19,HHV,11600,11450,11550,11450,11450.0,2570200,0
2026-06-22,HHV,11500,11350,11500,11400,11400.0,2270200,0
2026-06-23,HHV,11500,11300,11450,11300,11300.0,2869500,0
2026-06-24,HHV,11300,11100,11300,11200,11200.0,3886700,0
2026-06-25,HHV,11250,11100,11200,11100,11100.0,1818800,0
2026-06-26,HHV,11200,11100,11100,11150,11150.0,1740700,0
2026-06-29,HHV,11750,11150,11200,11600,11600.0,7464300,0
2026-06-30,HHV,11650,11400,11550,11400,11400.0,2704900,0
2026-07-01,HHV,11550,11400,11500,11450,11400.0,3050300,0
2026-07-02,HHV,11600,11400,11450,11400,11400.0,3345400,0
2026-07-03,HHV,11450,11300,11400,11300,11300.0,3253700,0
2026-07-06,HHV,11450,11050,11400,11100,11100.0,4000300,0
2026-07-07,HHV,10710,10570,10620,10670,11200.0,2451800,0
2026-07-08,HHV,10710,10620,10710,10670,11200.0,2810700,0
