Date,code,high,low,open,close,adjust,volume_match,value_match
2012-03-20,HT1,2310,2200,2200,2310,2249.998046875,128000,295680000
2012-03-21,HT1,2430,2310,2310,2430,2354.64892578125,1058110,2571207300
2012-03-22,HT1,2530,2430,2430,2530,2459.300048828125,1247630,3156503900
2012-03-23,HT1,2640,2580,2640,2640,2563.951171875,883730,2333047200
2012-03-26,HT1,2730,2700,2730,2730,2668.6025390625,983360,2684572800
2012-03-27,HT1,2840,2730,2840,2790,2720.92822265625,1351720,3771298800
2012-03-28,HT1,2840,2700,2730,2700,2616.276611328125,875270,2363229000
2012-03-29,HT1,2730,2580,2730,2580,2511.625732421875,778570,2008710600
2012-03-30,HT1,2580,2470,2530,2470,2406.974609375,1334750,3296832500
2012-04-03,HT1,2580,2430,2430,2580,2511.625732421875,478590,1234762200
2012-04-04,HT1,2640,2530,2580,2580,2511.625732421875,296890,765976200
2012-04-05,HT1,2580,2470,2470,2530,2459.300048828125,691670,1749925100
2012-04-06,HT1,2530,2430,2470,2470,2406.974609375,848230,2095128100
2012-04-09,HT1,2580,2430,2430,2580,2511.625732421875,210110,542083800
2012-04-10,HT1,2700,2530,2640,2640,2563.951171875,543430,1434655200
2012-04-11,HT1,2730,2580,2700,2700,2616.276611328125,616820,1665414000
2012-04-12,HT1,2790,2700,2730,2730,2668.6025390625,617690,1686293700
2012-04-13,HT1,2790,2640,2790,2700,2616.276611328125,631080,1703916000
2012-04-16,HT1,2730,2640,2640,2700,2616.276611328125,302540,816858000
2012-04-17,HT1,2790,2640,2730,2790,2720.92822265625,1155630,3224207700
2012-04-18,HT1,2840,2730,2790,2730,2668.6025390625,437490,1194347700
2012-04-19,HT1,2790,2640,2700,2640,2563.951171875,339570,896464800
2012-04-20,HT1,2730,2640,2640,2730,2668.6025390625,506930,1383918900
2012-04-23,HT1,2840,2730,2840,2790,2720.92822265625,483790,1349774100
2012-04-24,HT1,2840,2730,2730,2840,2773.253173828125,363690,1032879600
2012-04-25,HT1,2960,2790,2840,2960,2877.904541015625,715180,2116932800
2012-04-26,HT1,3010,2900,2960,2900,2825.5791015625,415960,1206284000
2012-04-27,HT1,3010,2900,2900,3010,2930.229736328125,916460,2758544600
2012-05-02,HT1,3110,3060,3060,3110,3034.88134765625,277310,862434100
2012-05-03,HT1,3230,3230,3230,3230,3139.531982421875,806370,2604575100
2012-05-04,HT1,3380,3380,3380,3380,3296.5087890625,150130,507439400
2012-05-07,HT1,3550,3550,3550,3550,3453.485595703125,20410,72455500
2012-05-08,HT1,3710,3710,3710,3710,3610.461669921875,50390,186946900
2012-05-09,HT1,3880,3710,3880,3880,3767.438232421875,1630000,6324400000
2012-05-10,HT1,4030,4030,4030,4030,3924.414306640625,47550,191626500
2012-05-11,HT1,4190,3980,4190,3980,3872.090087890625,2782040,11072519200
2012-05-14,HT1,4030,3820,3980,3820,3715.112548828125,1170240,4470316800
2012-05-15,HT1,3760,3650,3650,3650,3558.136474609375,232900,850085000
2012-05-16,HT1,3600,3490,3490,3490,3401.159912109375,899710,3139987900
2012-05-17,HT1,3650,3330,3380,3330,3244.182861328125,427060,1422109800
2012-05-18,HT1,3490,3170,3330,3330,3244.182861328125,298190,992972700
2012-05-21,HT1,3490,3330,3330,3490,3401.159912109375,448410,1564950900
2012-05-22,HT1,3650,3490,3600,3650,3558.136474609375,685480,2502002000
2012-05-23,HT1,3710,3490,3650,3490,3401.159912109375,350090,1221814100
2012-05-24,HT1,3490,3330,3490,3330,3244.182861328125,334240,1113019200
2012-05-25,HT1,3490,3330,3330,3490,3401.159912109375,299670,1045848300
2012-05-28,HT1,3650,3490,3650,3550,3453.485595703125,239600,850580000
2012-05-29,HT1,3600,3440,3440,3600,3505.81103515625,204500,736200000
2012-05-30,HT1,3650,3490,3490,3550,3453.485595703125,118160,419468000
2012-05-31,HT1,3490,3380,3440,3380,3296.5087890625,224440,758607200
2012-06-01,HT1,3440,3330,3330,3380,3296.5087890625,30120,101805600
2012-06-04,HT1,3380,3230,3280,3230,3139.531982421875,355430,1148038900
2012-06-05,HT1,3380,3060,3110,3380,3296.5087890625,150830,509805400
2012-06-06,HT1,3440,3330,3380,3380,3296.5087890625,142210,480669800
2012-06-07,HT1,3550,3440,3440,3550,3453.485595703125,382340,1357307000
2012-06-08,HT1,3710,3490,3550,3490,3401.159912109375,285640,996883600
2012-06-11,HT1,3550,3440,3550,3490,3401.159912109375,74590,260319100
2012-06-12,HT1,3550,3380,3490,3380,3296.5087890625,100480,339622400
2012-06-13,HT1,3440,3330,3380,3330,3244.182861328125,86940,289510200
2012-06-14,HT1,3380,3170,3330,3170,3087.206298828125,109330,346576100
2012-06-15,HT1,3280,3230,3230,3280,3191.85791015625,129650,425252000
2012-06-18,HT1,3440,3330,3440,3330,3244.182861328125,115640,385081200
2012-06-19,HT1,3440,3230,3440,3330,3244.182861328125,20670,68831100
2012-06-20,HT1,3330,3170,3330,3280,3191.85791015625,40730,133594400
2012-06-21,HT1,3280,3170,3230,3170,3087.206298828125,90580,287138600
2012-06-22,HT1,3170,3060,3170,3170,3087.206298828125,153290,485929300
2012-06-25,HT1,3170,3060,3110,3060,2982.555419921875,96140,294188400
2012-06-26,HT1,3060,2960,2960,2960,2877.904541015625,123930,366832800
2012-06-27,HT1,3010,2840,2840,2840,2773.253173828125,74530,211665200
2012-06-28,HT1,2790,2730,2790,2730,2668.6025390625,117310,320256300
2012-06-29,HT1,2840,2640,2730,2840,2773.253173828125,36440,103489600
2012-07-02,HT1,2840,2730,2790,2730,2668.6025390625,60740,165820200
2012-07-03,HT1,2700,2640,2700,2640,2563.951171875,110990,293013600
2012-07-04,HT1,2700,2640,2640,2640,2563.951171875,34870,92056800
2012-07-05,HT1,2580,2530,2580,2530,2459.300048828125,172700,436931000
2012-07-06,HT1,2580,2430,2470,2430,2354.64892578125,156700,380781000
2012-07-09,HT1,2470,2310,2370,2310,2249.998046875,94890,219195900
2012-07-10,HT1,2370,2260,2260,2310,2249.998046875,13250,30607500
2012-07-11,HT1,2430,2310,2310,2430,2354.64892578125,35040,85147200
2012-07-12,HT1,2530,2470,2530,2530,2459.300048828125,192320,486569600
2012-07-13,HT1,2640,2640,2640,2640,2563.951171875,92090,243117600
2012-07-16,HT1,2700,2530,2700,2640,2563.951171875,20750,54780000
2012-07-17,HT1,2730,2640,2640,2700,2616.276611328125,41000,110700000
2012-07-18,HT1,2700,2580,2580,2640,2563.951171875,123120,325036800
2012-07-19,HT1,2730,2580,2580,2730,2668.6025390625,54000,147420000
2012-07-20,HT1,2840,2700,2840,2700,2616.276611328125,122730,331371000
2012-07-23,HT1,2790,2580,2580,2640,2563.951171875,11810,31178400
2012-07-24,HT1,2700,2530,2580,2530,2459.300048828125,47180,119365400
2012-07-25,HT1,2640,2530,2580,2530,2459.300048828125,54200,137126000
2012-07-26,HT1,2640,2530,2640,2580,2511.625732421875,60380,155780400
2012-07-27,HT1,2640,2530,2580,2580,2511.625732421875,28530,73607400
2012-07-30,HT1,2580,2530,2580,2580,2511.625732421875,56490,145744200
2012-07-31,HT1,2640,2530,2580,2530,2459.300048828125,17430,44097900
2012-08-01,HT1,2530,2470,2470,2530,2459.300048828125,3830,9689900
2012-08-02,HT1,2640,2430,2580,2470,2406.974609375,7570,18697900
2012-08-03,HT1,2530,2470,2470,2470,2406.974609375,18900,46683000
2012-08-06,HT1,2580,2470,2470,2470,2406.974609375,22260,54982200
2012-08-07,HT1,2580,2470,2530,2580,2511.625732421875,157600,406608000
2012-08-08,HT1,2700,2640,2640,2700,2616.276611328125,63060,170262000
2012-08-09,HT1,2790,2700,2730,2700,2616.276611328125,184080,497016000
2012-08-10,HT1,2790,2700,2790,2700,2616.276611328125,34600,93420000
2012-08-13,HT1,2730,2700,2700,2730,2668.6025390625,37690,102893700
2012-08-14,HT1,2790,2730,2730,2730,2668.6025390625,39600,108108000
2012-08-15,HT1,2790,2700,2790,2790,2720.92822265625,40310,112464900
2012-08-16,HT1,2790,2700,2700,2730,2668.6025390625,55070,150341100
2012-08-17,HT1,2790,2700,2730,2730,2668.6025390625,67870,185285100
2012-08-20,HT1,2840,2790,2790,2790,2720.92822265625,51610,143991900
2012-08-21,HT1,2790,2700,2790,2700,2616.276611328125,89000,240300000
2012-08-22,HT1,2640,2580,2580,2580,2511.625732421875,200870,518244600
2012-08-23,HT1,2530,2470,2530,2470,2406.974609375,121510,300129700
2012-08-24,HT1,2580,2370,2370,2580,2511.625732421875,35580,91796400
2012-08-27,HT1,2580,2470,2470,2470,2406.974609375,37920,93662400
2012-08-28,HT1,2580,2370,2580,2530,2459.300048828125,32030,81035900
2012-08-29,HT1,2580,2530,2580,2530,2459.300048828125,12050,30486500
2012-08-30,HT1,2640,2640,2640,2640,2563.951171875,15610,41210400
2012-08-31,HT1,2730,2530,2700,2530,2459.300048828125,7720,19531600
2012-09-04,HT1,2640,2640,2640,2640,2563.951171875,23000,60720000
2012-09-05,HT1,2730,2580,2640,2580,2511.625732421875,81130,209315400
2012-09-06,HT1,2700,2530,2700,2640,2563.951171875,21010,55466400
2012-09-07,HT1,2700,2580,2580,2580,2511.625732421875,66860,172498800
2012-09-10,HT1,2640,2470,2640,2470,2406.974609375,66100,163267000
2012-09-11,HT1,2530,2430,2430,2530,2459.300048828125,8540,21606200
2012-09-12,HT1,2640,2580,2580,2580,2511.625732421875,1320,3405600
2012-09-13,HT1,2580,2530,2580,2530,2459.300048828125,15250,38582500
2012-09-14,HT1,2580,2470,2580,2580,2511.625732421875,44890,115816200
2012-09-17,HT1,2640,2470,2470,2470,2406.974609375,39910,98577700
2012-09-18,HT1,2470,2430,2470,2470,2406.974609375,40610,100306700
2012-09-19,HT1,2470,2370,2470,2370,2302.32373046875,23060,54652200
2012-09-20,HT1,2370,2260,2370,2260,2197.67236328125,31440,71054400
2012-09-21,HT1,2310,2160,2260,2310,2249.998046875,4530,10464300
2012-09-24,HT1,2310,2260,2260,2310,2249.998046875,110,254100
2012-09-25,HT1,2310,2260,2260,2310,2249.998046875,5520,12751200
2012-09-26,HT1,2370,2260,2260,2370,2302.32373046875,7740,18343800
2012-09-27,HT1,2370,2310,2310,2370,2302.32373046875,4790,11352300
2012-09-28,HT1,2370,2310,2310,2370,2302.32373046875,3790,8982300
2012-10-01,HT1,2310,2260,2310,2260,2197.67236328125,12260,27707600
2012-10-02,HT1,2260,2160,2260,2260,2197.67236328125,6410,14486600
2012-10-03,HT1,2260,2160,2260,2260,2197.67236328125,24920,56319200
2012-10-04,HT1,2260,2160,2160,2260,2197.67236328125,20,45200
2012-10-05,HT1,2260,2160,2160,2160,2093.021240234375,53500,115560000
2012-10-08,HT1,2200,2160,2160,2200,2145.3466796875,8500,18700000
2012-10-09,HT1,2260,2160,2200,2160,2093.021240234375,10810,23349600
2012-10-10,HT1,2260,2160,2160,2260,2197.67236328125,6470,14622200
2012-10-11,HT1,2370,2260,2260,2370,2302.32373046875,35840,84940800
2012-10-12,HT1,2370,2260,2310,2260,2197.67236328125,10100,22826000
2012-10-15,HT1,2200,2200,2200,2200,2145.3466796875,150,330000
2012-10-16,HT1,2310,2160,2160,2310,2249.998046875,10190,23538900
2012-10-17,HT1,2310,2260,2260,2310,2249.998046875,12710,29360100
2012-10-18,HT1,2310,2260,2260,2260,2197.67236328125,18000,40680000
2012-10-19,HT1,2200,2160,2200,2160,2093.021240234375,16500,35640000
2012-10-22,HT1,2160,2100,2160,2100,2040.69580078125,10210,21441000
2012-10-23,HT1,2160,2040,2100,2100,2040.69580078125,35810,75201000
2012-10-24,HT1,2160,2040,2040,2100,2040.69580078125,20160,42336000
2012-10-25,HT1,2160,2040,2100,2040,1988.37060546875,5210,10628400
2012-10-26,HT1,2100,1990,1990,1990,1936.0450439453125,20030,39859700
2012-10-29,HT1,2040,1930,1990,1990,1936.0450439453125,10110,20118900
2012-10-30,HT1,2040,1990,1990,1990,1936.0450439453125,10530,20954700
2012-10-31,HT1,1990,1990,1990,1990,1936.0450439453125,1040,2069600
2012-11-01,HT1,2040,1990,1990,2040,1988.37060546875,2830,5773200
2012-11-02,HT1,2040,1990,2040,1990,1936.0450439453125,19120,38048800
2012-11-05,HT1,1990,1930,1930,1930,1883.7191162109375,26530,51202900
2012-11-06,HT1,1990,1930,1930,1990,1936.0450439453125,9970,19840300
2012-11-07,HT1,2040,1990,2040,1990,1936.0450439453125,7850,15621500
2012-11-08,HT1,2040,2040,2040,2040,1988.37060546875,13710,27968400
2012-11-09,HT1,2100,2040,2040,2040,1988.37060546875,1310,2672400
2012-11-12,HT1,2100,2040,2100,2100,2040.69580078125,16870,35427000
2012-11-13,HT1,2160,2040,2100,2160,2093.021240234375,5630,12160800
2012-11-14,HT1,2160,2100,2160,2100,2040.69580078125,9020,18942000
2012-11-15,HT1,2100,2040,2040,2040,1988.37060546875,5800,11832000
2012-11-16,HT1,2100,1990,1990,2100,2040.69580078125,10020,21042000
2012-11-19,HT1,2100,2040,2100,2100,2040.69580078125,11220,23562000
2012-11-20,HT1,2040,2040,2040,2040,1988.37060546875,61300,125052000
2012-11-21,HT1,2100,1990,1990,2040,1988.37060546875,13030,26581200
2012-11-22,HT1,2100,2040,2040,2100,2040.69580078125,9870,20727000
2012-11-23,HT1,2100,2040,2040,2100,2040.69580078125,8840,18564000
2012-11-26,HT1,2100,2040,2040,2100,2040.69580078125,8060,16926000
2012-11-27,HT1,2100,2100,2100,2100,2040.69580078125,10220,21462000
2012-11-28,HT1,2160,2100,2100,2160,2093.021240234375,19670,42487200
2012-11-29,HT1,2160,2040,2160,2040,1988.37060546875,40900,83436000
2012-11-30,HT1,2100,1990,2040,2100,2040.69580078125,12520,26292000
2012-12-03,HT1,2040,2040,2040,2040,1988.37060546875,120,244800
2012-12-04,HT1,2100,2100,2100,2100,2040.69580078125,22480,47208000
2012-12-05,HT1,2160,2040,2040,2160,2093.021240234375,53600,115776000
2012-12-06,HT1,2200,2160,2160,2160,2093.021240234375,24030,51904800
2012-12-07,HT1,2160,2160,2160,2160,2093.021240234375,5780,12484800
2012-12-10,HT1,2200,2100,2160,2100,2040.69580078125,37720,79212000
2012-12-11,HT1,2160,2100,2160,2100,2040.69580078125,25970,54537000
2012-12-12,HT1,2160,2100,2160,2100,2040.69580078125,36100,75810000
2012-12-13,HT1,2160,2100,2160,2160,2093.021240234375,24070,51991200
2012-12-14,HT1,2200,2160,2160,2200,2145.3466796875,26020,57244000
2012-12-17,HT1,2160,2160,2160,2160,2093.021240234375,10020,21643200
2012-12-18,HT1,2160,2100,2100,2160,2093.021240234375,26310,56829600
2012-12-19,HT1,2200,2160,2160,2200,2145.3466796875,19950,43890000
2012-12-20,HT1,2200,2160,2160,2160,2093.021240234375,21770,47023200
2012-12-21,HT1,2160,2100,2160,2100,2040.69580078125,5540,11634000
2012-12-24,HT1,2160,2100,2160,2160,2093.021240234375,22280,48124800
2012-12-25,HT1,2200,2160,2160,2160,2093.021240234375,28450,61452000
2012-12-26,HT1,2260,2160,2160,2200,2145.3466796875,45950,101090000
2012-12-27,HT1,2310,2160,2310,2260,2197.67236328125,46080,104140800
2012-12-28,HT1,2310,2160,2310,2200,2145.3466796875,25270,55594000
2013-01-02,HT1,2310,2200,2200,2260,2197.67236328125,74110,167488600
2013-01-03,HT1,2310,2260,2310,2260,2197.67236328125,46520,105135200
2013-01-04,HT1,2370,2310,2310,2370,2302.32373046875,18290,43347300
2013-01-07,HT1,2370,2310,2370,2370,2302.32373046875,18450,43726500
2013-01-08,HT1,2430,2310,2430,2370,2302.32373046875,31010,73493700
2013-01-09,HT1,2430,2260,2370,2260,2197.67236328125,53520,120955200
2013-01-10,HT1,2370,2200,2260,2370,2302.32373046875,14660,34744200
2013-01-11,HT1,2430,2260,2430,2260,2197.67236328125,120320,271923200
2013-01-14,HT1,2310,2200,2260,2310,2249.998046875,8030,18549300
2013-01-15,HT1,2470,2260,2260,2470,2406.974609375,77130,190511100
2013-01-16,HT1,2640,2470,2470,2530,2459.300048828125,94050,237946500
2013-01-17,HT1,2580,2470,2580,2580,2511.625732421875,39960,103096800
2013-01-18,HT1,2580,2430,2580,2470,2406.974609375,94050,232303500
2013-01-21,HT1,2580,2430,2580,2430,2354.64892578125,43500,105705000
2013-01-22,HT1,2430,2260,2430,2260,2197.67236328125,207620,469221200
2013-01-23,HT1,2370,2260,2370,2260,2197.67236328125,58600,132436000
2013-01-24,HT1,2370,2370,2370,2370,2302.32373046875,136640,323836800
2013-01-25,HT1,2530,2530,2530,2530,2459.300048828125,354230,896201900
2013-01-28,HT1,2700,2700,2700,2700,2616.276611328125,253050,683235000
2013-01-29,HT1,2790,2640,2700,2730,2668.6025390625,204290,557711700
2013-01-30,HT1,2730,2580,2640,2580,2511.625732421875,354360,914248800
2013-01-31,HT1,2580,2430,2580,2530,2459.300048828125,202440,512173200
2013-02-01,HT1,2580,2430,2470,2580,2511.625732421875,37280,96182400
2013-02-04,HT1,2530,2470,2470,2470,2406.974609375,103560,255793200
2013-02-05,HT1,2640,2470,2470,2640,2563.951171875,198380,523723200
2013-02-06,HT1,2730,2640,2640,2700,2616.276611328125,254410,686907000
2013-02-07,HT1,2730,2700,2700,2700,2616.276611328125,44970,121419000
2013-02-08,HT1,2840,2700,2700,2840,2773.253173828125,321270,912406800
2013-02-18,HT1,3010,2840,2840,3010,2930.229736328125,215370,648263700
2013-02-19,HT1,3110,3010,3010,3110,3034.88134765625,130350,405388500
2013-02-20,HT1,3110,3060,3110,3110,3034.88134765625,74660,232192600
2013-02-21,HT1,3170,2960,3170,2960,2877.904541015625,125160,370473600
2013-02-22,HT1,3010,2790,2900,2790,2720.92822265625,264540,738066600
2013-02-25,HT1,2900,2790,2900,2840,2773.253173828125,24650,70006000
2013-02-26,HT1,2900,2700,2840,2700,2616.276611328125,127930,345411000
2013-02-27,HT1,2730,2580,2580,2700,2616.276611328125,51630,139401000
2013-02-28,HT1,2790,2640,2640,2700,2616.276611328125,33480,90396000
2013-03-01,HT1,2730,2640,2730,2640,2563.951171875,114480,302227200
2013-03-04,HT1,2640,2580,2640,2580,2511.625732421875,9140,23581200
2013-03-05,HT1,2700,2580,2640,2640,2563.951171875,42500,112200000
2013-03-06,HT1,2730,2700,2700,2730,2668.6025390625,12690,34643700
2013-03-07,HT1,2730,2640,2730,2640,2563.951171875,23790,62805600
2013-03-08,HT1,2700,2640,2640,2700,2616.276611328125,3110,8397000
2013-03-11,HT1,2730,2640,2640,2730,2668.6025390625,27830,75975900
2013-03-12,HT1,2730,2700,2730,2730,2668.6025390625,48070,131231100
2013-03-13,HT1,2730,2640,2640,2700,2616.276611328125,3700,9990000
2013-03-14,HT1,2730,2700,2700,2700,2616.276611328125,48640,131328000
2013-03-15,HT1,2730,2700,2700,2700,2616.276611328125,10140,27378000
2013-03-18,HT1,2700,2640,2700,2640,2563.951171875,25570,67504800
2013-03-19,HT1,2730,2640,2640,2730,2668.6025390625,24600,67158000
2013-03-20,HT1,2730,2640,2640,2700,2616.276611328125,26290,70983000
2013-03-21,HT1,2700,2640,2640,2700,2616.276611328125,8210,22167000
2013-03-22,HT1,2700,2640,2700,2640,2563.951171875,17300,45672000
2013-03-25,HT1,2640,2640,2640,2640,2563.951171875,31300,82632000
2013-03-26,HT1,2700,2580,2700,2580,2511.625732421875,11500,29670000
2013-03-27,HT1,2640,2580,2640,2580,2511.625732421875,11240,28999200
2013-03-28,HT1,2700,2580,2700,2640,2563.951171875,23860,62990400
2013-03-29,HT1,2700,2580,2580,2700,2616.276611328125,31090,83943000
2013-04-01,HT1,2840,2700,2730,2840,2773.253173828125,78760,223678400
2013-04-02,HT1,2840,2730,2790,2790,2720.92822265625,62070,173175300
2013-04-03,HT1,2790,2700,2700,2790,2720.92822265625,14210,39645900
2013-04-04,HT1,2840,2730,2840,2730,2668.6025390625,31060,84793800
2013-04-05,HT1,2790,2700,2790,2730,2668.6025390625,12510,34152300
2013-04-08,HT1,2730,2700,2700,2730,2668.6025390625,61150,166939500
2013-04-09,HT1,2730,2700,2730,2730,2668.6025390625,29780,81299400
2013-04-10,HT1,2730,2640,2700,2730,2668.6025390625,53370,145700100
2013-04-11,HT1,2700,2700,2700,2700,2616.276611328125,22330,60291000
2013-04-12,HT1,2700,2700,2700,2700,2616.276611328125,8630,23301000
2013-04-15,HT1,2700,2580,2580,2700,2616.276611328125,7220,19494000
2013-04-16,HT1,2700,2580,2580,2700,2616.276611328125,7530,20331000
2013-04-17,HT1,2700,2580,2700,2640,2563.951171875,11740,30993600
2013-04-18,HT1,2640,2580,2580,2580,2511.625732421875,10920,28173600
2013-04-22,HT1,2580,2580,2580,2580,2511.625732421875,4700,12126000
2013-04-23,HT1,2730,2530,2530,2730,2668.6025390625,26620,72672600
2013-04-24,HT1,2730,2730,2730,2730,2668.6025390625,0,0
2013-04-25,HT1,2640,2580,2580,2640,2563.951171875,4030,10639200
2013-04-26,HT1,2580,2530,2580,2580,2511.625732421875,1380,3560400
2013-05-02,HT1,2700,2580,2580,2700,2616.276611328125,4200,11340000
2013-05-03,HT1,2640,2530,2530,2580,2511.625732421875,4370,11274600
2013-05-06,HT1,2700,2640,2640,2700,2616.276611328125,8570,23139000
2013-05-07,HT1,2700,2640,2640,2700,2616.276611328125,46940,126738000
2013-05-08,HT1,2700,2640,2700,2700,2616.276611328125,22440,60588000
2013-05-09,HT1,2700,2640,2640,2700,2616.276611328125,5010,13527000
2013-05-10,HT1,2700,2580,2640,2700,2616.276611328125,18510,49977000
2013-05-13,HT1,2700,2640,2700,2640,2563.951171875,59800,157872000
2013-05-14,HT1,2700,2700,2700,2700,2616.276611328125,29500,79650000
2013-05-15,HT1,2730,2700,2700,2730,2668.6025390625,14520,39639600
2013-05-16,HT1,2730,2700,2700,2700,2616.276611328125,21280,57456000
2013-05-17,HT1,2730,2700,2730,2730,2668.6025390625,4210,11493300
2013-05-20,HT1,2730,2640,2730,2700,2616.276611328125,12810,34587000
2013-05-21,HT1,2730,2640,2730,2640,2563.951171875,13350,35244000
2013-05-22,HT1,2730,2700,2700,2700,2616.276611328125,31720,85644000
2013-05-23,HT1,2840,2640,2700,2840,2773.253173828125,126890,360367600
2013-05-24,HT1,2840,2790,2840,2790,2720.92822265625,30250,84397500
2013-05-27,HT1,2840,2700,2840,2730,2668.6025390625,43530,118836900
2013-05-28,HT1,2790,2730,2730,2790,2720.92822265625,14830,41375700
2013-05-29,HT1,2840,2730,2790,2840,2773.253173828125,125490,356391600
2013-05-30,HT1,2900,2840,2840,2900,2825.5791015625,88130,255577000
2013-05-31,HT1,3010,2900,2900,3010,2930.229736328125,109800,330498000
2013-06-03,HT1,3110,3010,3060,3060,2982.555419921875,135540,414752400
2013-06-04,HT1,3110,2900,3110,2900,2825.5791015625,134540,390166000
2013-06-05,HT1,3060,2900,3010,3010,2930.229736328125,79080,238030800
2013-06-06,HT1,3060,2960,3060,3010,2930.229736328125,69150,208141500
2013-06-07,HT1,3010,2960,2960,3010,2930.229736328125,131460,395694600
2013-06-10,HT1,3060,2840,3010,2960,2877.904541015625,247430,732392800
2013-06-11,HT1,2960,2900,2960,2900,2825.5791015625,31170,90393000
2013-06-12,HT1,2960,2840,2900,2960,2877.904541015625,22770,67399200
2013-06-13,HT1,2900,2840,2840,2900,2825.5791015625,44110,127919000
2013-06-14,HT1,2960,2840,2840,2900,2825.5791015625,14710,42659000
2013-06-17,HT1,2960,2790,2960,2790,2720.92822265625,11180,31192200
2013-06-18,HT1,2900,2700,2700,2840,2773.253173828125,36690,104199600
2013-06-19,HT1,2900,2900,2900,2900,2825.5791015625,40,116000
2013-06-20,HT1,2790,2730,2730,2730,2668.6025390625,12480,34070400
2013-06-21,HT1,2840,2730,2730,2840,2773.253173828125,5010,14228400
2013-06-24,HT1,2900,2790,2790,2840,2773.253173828125,5010,14228400
2013-06-25,HT1,2730,2700,2730,2730,2668.6025390625,21410,58449300
2013-06-26,HT1,2790,2640,2790,2640,2563.951171875,340,897600
2013-06-27,HT1,2790,2640,2640,2790,2720.92822265625,13780,38446200
2013-06-28,HT1,2790,2700,2790,2700,2616.276611328125,12680,34236000
2013-07-01,HT1,2700,2580,2700,2580,2511.625732421875,20400,52632000
2013-07-02,HT1,2730,2640,2640,2700,2616.276611328125,8300,22410000
2013-07-03,HT1,2840,2700,2840,2730,2668.6025390625,5420,14796600
2013-07-04,HT1,2790,2730,2730,2790,2720.92822265625,420,1171800
2013-07-05,HT1,2840,2790,2790,2790,2720.92822265625,7610,21231900
2013-07-08,HT1,2790,2640,2640,2730,2668.6025390625,500,1365000
2013-07-09,HT1,2730,2700,2700,2730,2668.6025390625,4980,13595400
2013-07-10,HT1,2730,2700,2700,2730,2668.6025390625,3900,10647000
2013-07-11,HT1,2700,2640,2700,2640,2563.951171875,11370,30016800
2013-07-12,HT1,2700,2640,2640,2700,2616.276611328125,4590,12393000
2013-07-15,HT1,2790,2700,2700,2730,2668.6025390625,4200,11466000
2013-07-16,HT1,2900,2730,2790,2900,2825.5791015625,71780,208162000
2013-07-17,HT1,3060,2900,2960,3060,2982.555419921875,262440,803066400
2013-07-18,HT1,3060,2900,2960,2960,2877.904541015625,238530,706048800
2013-07-19,HT1,2960,2840,2960,2960,2877.904541015625,21670,64143200
2013-07-22,HT1,2960,2960,2960,2960,2877.904541015625,121030,358248800
2013-07-23,HT1,2960,2790,2790,2900,2825.5791015625,20940,60726000
2013-07-24,HT1,2900,2840,2900,2840,2773.253173828125,13790,39163600
2013-07-25,HT1,2900,2730,2730,2730,2668.6025390625,30460,83155800
2013-07-26,HT1,2840,2730,2730,2840,2773.253173828125,2070,5878800
2013-07-29,HT1,2840,2700,2840,2840,2773.253173828125,26590,75515600
2013-07-30,HT1,2730,2700,2700,2700,2616.276611328125,68250,184275000
2013-07-31,HT1,2700,2640,2640,2700,2616.276611328125,12550,33885000
2013-08-01,HT1,2730,2700,2700,2700,2616.276611328125,10050,27135000
2013-08-02,HT1,2730,2640,2700,2640,2563.951171875,20010,52826400
2013-08-05,HT1,2730,2580,2730,2640,2563.951171875,2160,5702400
2013-08-06,HT1,2730,2640,2640,2730,2668.6025390625,1710,4668300
2013-08-07,HT1,2900,2640,2700,2900,2825.5791015625,17940,52026000
2013-08-08,HT1,2840,2730,2730,2730,2668.6025390625,1540,4204200
2013-08-09,HT1,2790,2700,2790,2700,2616.276611328125,3810,10287000
2013-08-12,HT1,2730,2640,2640,2730,2668.6025390625,13060,35653800
2013-08-13,HT1,2730,2700,2730,2700,2616.276611328125,5400,14580000
2013-08-14,HT1,2840,2640,2700,2700,2616.276611328125,7200,19440000
2013-08-15,HT1,2730,2700,2700,2730,2668.6025390625,7320,19983600
2013-08-16,HT1,2730,2700,2730,2700,2616.276611328125,6750,18225000
2013-08-19,HT1,2730,2700,2700,2730,2668.6025390625,15240,41605200
2013-08-20,HT1,2700,2640,2640,2700,2616.276611328125,9530,25731000
2013-08-21,HT1,2730,2640,2700,2640,2563.951171875,21230,56047200
2013-08-22,HT1,2790,2700,2790,2730,2668.6025390625,19960,54490800
2013-08-23,HT1,2730,2700,2700,2730,2668.6025390625,16060,43843800
2013-08-26,HT1,2730,2700,2730,2700,2616.276611328125,1810,4887000
2013-08-27,HT1,2730,2700,2700,2700,2616.276611328125,22560,60912000
2013-08-28,HT1,2700,2580,2640,2700,2616.276611328125,50520,136404000
2013-08-29,HT1,2700,2580,2640,2580,2511.625732421875,22600,58308000
2013-08-30,HT1,2580,2580,2580,2580,2511.625732421875,11520,29721600
2013-09-03,HT1,2640,2580,2580,2640,2563.951171875,77260,203966400
2013-09-04,HT1,2700,2640,2700,2640,2563.951171875,66680,176035200
2013-09-05,HT1,2700,2640,2640,2640,2563.951171875,46100,121704000
2013-09-06,HT1,2700,2640,2700,2700,2616.276611328125,7230,19521000
2013-09-09,HT1,2730,2640,2730,2640,2563.951171875,35140,92769600
2013-09-10,HT1,2730,2640,2640,2730,2668.6025390625,1060,2893800
2013-09-11,HT1,2700,2640,2640,2700,2616.276611328125,16140,43578000
2013-09-12,HT1,2700,2700,2700,2700,2616.276611328125,31800,85860000
2013-09-13,HT1,2730,2700,2700,2730,2668.6025390625,1010,2757300
2013-09-16,HT1,2700,2640,2700,2640,2563.951171875,2450,6468000
2013-09-17,HT1,2640,2530,2640,2580,2511.625732421875,15860,40918800
2013-09-18,HT1,2580,2580,2580,2580,2511.625732421875,24220,62487600
2013-09-19,HT1,2640,2580,2580,2640,2563.951171875,890,2349600
2013-09-20,HT1,2640,2580,2640,2580,2511.625732421875,25450,65661000
2013-09-23,HT1,2640,2580,2580,2640,2563.951171875,10510,27746400
2013-09-24,HT1,2640,2530,2640,2640,2563.951171875,16000,42240000
2013-09-25,HT1,2700,2580,2580,2700,2616.276611328125,38590,104193000
2013-09-26,HT1,2640,2640,2640,2640,2563.951171875,5540,14625600
2013-09-27,HT1,2700,2640,2640,2700,2616.276611328125,1820,4914000
2013-09-30,HT1,2700,2700,2700,2700,2616.276611328125,60,162000
2013-10-01,HT1,2700,2530,2640,2580,2511.625732421875,34950,90171000
2013-10-02,HT1,2640,2530,2530,2530,2459.300048828125,12150,30739500
2013-10-03,HT1,2580,2530,2580,2530,2459.300048828125,16510,41770300
2013-10-04,HT1,2530,2470,2530,2530,2459.300048828125,20790,52598700
2013-10-07,HT1,2700,2640,2700,2700,2616.276611328125,61050,164835000
2013-10-08,HT1,2700,2640,2640,2700,2616.276611328125,49910,134757000
2013-10-09,HT1,2730,2640,2730,2700,2616.276611328125,18180,49086000
2013-10-10,HT1,2730,2640,2640,2730,2668.6025390625,12840,35053200
2013-10-11,HT1,2700,2640,2640,2640,2563.951171875,15600,41184000
2013-10-14,HT1,2640,2640,2640,2640,2563.951171875,6700,17688000
2013-10-15,HT1,2640,2580,2580,2640,2563.951171875,3060,8078400
2013-10-16,HT1,2730,2580,2580,2700,2616.276611328125,80490,217323000
2013-10-17,HT1,2700,2700,2700,2700,2616.276611328125,25320,68364000
2013-10-18,HT1,2700,2640,2640,2640,2563.951171875,34270,90472800
2013-10-21,HT1,2730,2640,2640,2700,2616.276611328125,24500,66150000
2013-10-22,HT1,2700,2580,2700,2700,2616.276611328125,64500,174150000
2013-10-23,HT1,2700,2640,2640,2640,2563.951171875,42530,112279200
2013-10-24,HT1,2700,2640,2640,2700,2616.276611328125,67000,180900000
2013-10-25,HT1,2700,2640,2700,2700,2616.276611328125,49150,132705000
2013-10-28,HT1,2730,2700,2700,2700,2616.276611328125,15030,40581000
2013-10-29,HT1,2700,2700,2700,2700,2616.276611328125,15490,41823000
2013-10-30,HT1,2700,2700,2700,2700,2616.276611328125,3560,9612000
2013-10-31,HT1,2700,2640,2640,2700,2616.276611328125,16190,43713000
2013-11-01,HT1,2700,2640,2700,2640,2563.951171875,98000,258720000
2013-11-04,HT1,2640,2640,2640,2640,2563.951171875,15340,40497600
2013-11-05,HT1,2700,2580,2640,2700,2616.276611328125,98470,265869000
2013-11-06,HT1,2700,2640,2700,2700,2616.276611328125,35380,95526000
2013-11-07,HT1,2730,2640,2700,2640,2563.951171875,33400,88176000
2013-11-08,HT1,2700,2580,2580,2700,2616.276611328125,450,1215000
2013-11-11,HT1,2700,2640,2640,2640,2563.951171875,5830,15391200
2013-11-12,HT1,2700,2640,2640,2640,2563.951171875,15820,41764800
2013-11-13,HT1,2640,2580,2640,2580,2511.625732421875,11700,30186000
2013-11-14,HT1,2640,2530,2580,2580,2511.625732421875,22610,58333800
2013-11-15,HT1,2640,2580,2580,2640,2563.951171875,7830,20671200
2013-11-18,HT1,2790,2640,2700,2730,2668.6025390625,279180,762161400
2013-11-19,HT1,2790,2700,2700,2730,2668.6025390625,28290,77231700
2013-11-20,HT1,2730,2700,2730,2700,2616.276611328125,11800,31860000
2013-11-21,HT1,2730,2640,2700,2640,2563.951171875,130120,343516800
2013-11-22,HT1,2790,2640,2640,2790,2720.92822265625,203900,568881000
2013-11-25,HT1,2960,2790,2790,2960,2877.904541015625,316940,938142400
2013-11-26,HT1,3110,2960,3010,3010,2930.229736328125,228850,688838500
2013-11-27,HT1,3060,2960,2960,2960,2877.904541015625,73360,217145600
2013-11-28,HT1,2960,2840,2840,2960,2877.904541015625,43140,127694400
2013-11-29,HT1,2840,2790,2840,2840,2773.253173828125,48050,136462000
2013-12-02,HT1,2840,2790,2790,2840,2773.253173828125,26190,74379600
2013-12-03,HT1,2960,2730,2730,2840,2773.253173828125,67150,190706000
2013-12-04,HT1,2900,2840,2840,2840,2773.253173828125,24560,69750400
2013-12-05,HT1,2840,2700,2790,2790,2720.92822265625,81260,226715400
2013-12-06,HT1,2840,2730,2730,2790,2720.92822265625,36370,101472300
2013-12-09,HT1,2900,2730,2730,2900,2825.5791015625,43510,126179000
2013-12-10,HT1,2840,2790,2840,2840,2773.253173828125,40590,115275600
2013-12-11,HT1,2900,2730,2900,2730,2668.6025390625,21510,58722300
2013-12-12,HT1,2840,2700,2700,2840,2773.253173828125,39500,112180000
2013-12-13,HT1,2840,2790,2840,2790,2720.92822265625,8460,23603400
2013-12-16,HT1,2790,2730,2730,2790,2720.92822265625,6500,18135000
2013-12-17,HT1,2840,2790,2840,2840,2773.253173828125,8510,24168400
2013-12-18,HT1,2840,2730,2840,2840,2773.253173828125,23680,67251200
2013-12-19,HT1,2840,2790,2840,2840,2773.253173828125,2560,7270400
2013-12-20,HT1,2840,2790,2790,2790,2720.92822265625,22790,63584100
2013-12-23,HT1,2840,2730,2790,2790,2720.92822265625,26510,73962900
2013-12-24,HT1,2840,2790,2790,2840,2773.253173828125,27280,77475200
2013-12-25,HT1,2840,2730,2790,2790,2720.92822265625,38660,107861400
2013-12-26,HT1,2840,2790,2840,2790,2720.92822265625,28200,78678000
2013-12-27,HT1,2790,2790,2790,2790,2720.92822265625,31530,87968700
2013-12-30,HT1,2790,2730,2790,2730,2668.6025390625,15810,43161300
2013-12-31,HT1,2790,2700,2730,2700,2616.276611328125,29280,79056000
2014-01-02,HT1,2840,2840,2840,2840,2773.253173828125,32730,92953200
2014-01-03,HT1,3010,3010,3010,3010,2930.229736328125,28540,85905400
2014-01-06,HT1,3170,3110,3170,3170,3087.206298828125,313980,995316600
2014-01-07,HT1,3280,3010,3280,3060,2982.555419921875,103420,316465200
2014-01-08,HT1,3110,2960,3060,3110,3034.88134765625,22380,69601800
2014-01-09,HT1,3170,3010,3060,3060,2982.555419921875,37660,115239600
2014-01-10,HT1,3060,2960,2960,3010,2930.229736328125,66340,199683400
2014-01-13,HT1,3110,2960,3110,2960,2877.904541015625,30990,91730400
2014-01-14,HT1,3060,2900,2960,3060,2982.555419921875,102480,313588800
2014-01-15,HT1,3110,3010,3110,3110,3034.88134765625,101940,317033400
2014-01-16,HT1,3060,3010,3060,3060,2982.555419921875,12320,37699200
2014-01-17,HT1,3110,2960,3110,3060,2982.555419921875,71560,218973600
2014-01-20,HT1,3110,3010,3060,3060,2982.555419921875,132790,406337400
2014-01-21,HT1,3170,3060,3060,3110,3034.88134765625,100020,311062200
2014-01-22,HT1,3330,3110,3110,3330,3244.182861328125,231920,772293600
2014-01-23,HT1,3550,3280,3330,3550,3453.485595703125,292990,1040114500
2014-01-24,HT1,3760,3600,3760,3600,3505.81103515625,168930,608148000
2014-01-27,HT1,3600,3440,3490,3550,3453.485595703125,59070,209698500
2014-02-06,HT1,3550,3490,3550,3490,3401.159912109375,31660,110493400
2014-02-07,HT1,3710,3550,3600,3650,3558.136474609375,140600,513190000
2014-02-10,HT1,3760,3600,3710,3710,3610.461669921875,291940,1083097400
2014-02-11,HT1,3760,3650,3710,3650,3558.136474609375,92470,337515500
2014-02-12,HT1,3650,3490,3650,3650,3558.136474609375,259820,948343000
2014-02-13,HT1,3650,3490,3550,3650,3558.136474609375,326690,1192418500
2014-02-14,HT1,3880,3600,3650,3880,3767.438232421875,671470,2605303600
2014-02-17,HT1,4150,3880,3920,4150,4029.066162109375,268790,1115478500
2014-02-18,HT1,4420,4190,4190,4420,4290.693359375,420630,1859184600
2014-02-19,HT1,4670,4520,4670,4670,4290.693359375,609600,2846832000
2014-02-20,HT1,5000,4520,4830,4730,4604.6474609375,628860,2974507800
2014-02-21,HT1,4890,4470,4560,4620,4499.99609375,598450,2764839000
2014-02-24,HT1,4940,4620,4620,4940,4813.94921875,509270,2515793800
2014-02-25,HT1,5270,5210,5270,5270,5127.90234375,335270,1766872900
2014-02-26,HT1,5600,5270,5600,5540,5389.52978515625,927290,5137186600
2014-02-27,HT1,5480,5160,5330,5160,5023.25146484375,480620,2479999200
2014-02-28,HT1,5370,5050,5100,5370,5232.55322265625,283670,1523307900
2014-03-03,HT1,5370,5050,5370,5050,4918.60009765625,295030,1489901500
2014-03-04,HT1,5100,4830,4890,4940,4813.94921875,333010,1645069400
2014-03-05,HT1,5270,5100,5210,5270,5127.90234375,336620,1773987400
2014-03-06,HT1,5540,5330,5480,5330,5180.22705078125,782840,4172537200
2014-03-07,HT1,5330,5210,5210,5330,5180.22705078125,124360,662838800
2014-03-10,HT1,5480,5160,5370,5370,5232.55322265625,285810,1534799700
2014-03-11,HT1,5430,5270,5370,5370,5232.55322265625,465770,2501184900
2014-03-12,HT1,5480,5210,5480,5330,5180.22705078125,216220,1152452600
2014-03-13,HT1,5370,5210,5270,5370,5232.55322265625,323590,1737678300
2014-03-14,HT1,5370,5210,5370,5330,5180.22705078125,365590,1948594700
2014-03-17,HT1,5600,5330,5330,5480,5337.205078125,1315740,7210255200
2014-03-18,HT1,5860,5480,5540,5860,5703.4833984375,2769860,16231379600
2014-03-19,HT1,6240,5910,6080,6240,6069.7626953125,2107290,13149489600
2014-03-20,HT1,6500,6080,6450,6190,6017.4365234375,873340,5405974600
2014-03-21,HT1,6130,5970,6130,6080,5912.78515625,1055700,6418656000
2014-03-24,HT1,6390,6020,6290,6340,6174.41259765625,2200660,13952184400
2014-03-25,HT1,6770,6340,6450,6720,6540.6923828125,2884940,19386796800
2014-03-26,HT1,6770,6450,6770,6500,6331.38916015625,1767720,11490180000
2014-03-27,HT1,6450,6080,6450,6450,6279.06396484375,1292330,8335528500
2014-03-28,HT1,6550,6240,6550,6340,6174.41259765625,802940,5090639600
2014-03-31,HT1,6610,6290,6340,6390,6226.73876953125,552050,3527599500
2014-04-01,HT1,6390,5970,6390,6080,5912.78515625,1418390,8623811200
2014-04-02,HT1,6080,5700,6080,5860,5703.4833984375,913670,5354106200
2014-04-03,HT1,6240,5910,5910,6240,6069.7626953125,853510,5325902400
2014-04-04,HT1,6610,6240,6240,6500,6331.38916015625,1168120,7592780000
2014-04-07,HT1,6660,6390,6500,6450,6279.06396484375,685630,4422313500
2014-04-08,HT1,6500,6190,6450,6390,6226.73876953125,932490,5958611100
2014-04-10,HT1,6390,6130,6390,6130,5965.11083984375,1264120,7749055600
2014-04-11,HT1,6190,6080,6190,6080,5912.78515625,898000,5459840000
2014-04-14,HT1,6130,5910,6080,6020,5860.45947265625,792240,4769284800
2014-04-15,HT1,6020,5640,6020,5700,5546.50634765625,853280,4863696000
2014-04-16,HT1,5640,5330,5640,5370,5232.55322265625,1210990,6503016300
2014-04-17,HT1,5540,5370,5370,5480,5337.205078125,801670,4393151600
2014-04-18,HT1,5540,5100,5540,5100,4970.92578125,1012210,5162271000
2014-04-21,HT1,5100,4780,4940,4940,4813.94921875,702640,3471041600
2014-04-22,HT1,5270,4620,4940,5270,4813.94921875,840410,4428960700
2014-04-23,HT1,5430,5050,5270,5210,5075.57666015625,396050,2063420500
2014-04-24,HT1,5210,5000,5050,5210,5075.57666015625,252600,1316046000
2014-04-25,HT1,5270,5000,5050,5210,5075.57666015625,335010,1745402100
2014-04-28,HT1,5330,5100,5100,5160,5023.25146484375,422160,2178345600
2014-04-29,HT1,5370,5100,5100,5370,5232.55322265625,527100,2830527000
2014-05-05,HT1,5370,5100,5370,5160,5023.25146484375,168800,871008000
2014-05-06,HT1,5100,4830,5050,5100,4970.92578125,232050,1183455000
2014-05-07,HT1,5430,5050,5100,5370,5232.55322265625,646350,3470899500
2014-05-08,HT1,5270,5000,5270,5000,4866.2744140625,760500,3802500000
2014-05-09,HT1,5330,4890,4890,5330,5180.22705078125,1063050,5666056500
2014-05-12,HT1,5330,5000,5270,5050,4918.60009765625,392800,1983640000
2014-05-13,HT1,5330,4940,4940,5160,5023.25146484375,511490,2639288400
2014-05-14,HT1,5370,5100,5160,5330,5180.22705078125,312250,1664292500
2014-05-15,HT1,5430,5100,5430,5270,5127.90234375,632010,3330692700
2014-05-16,HT1,5270,5050,5210,5270,5127.90234375,478270,2520482900
2014-05-19,HT1,5330,5100,5100,5330,5180.22705078125,312570,1665998100
2014-05-20,HT1,5370,5160,5160,5270,5127.90234375,364450,1920651500
2014-05-21,HT1,5600,5210,5270,5600,5441.8564453125,1778860,9961616000
2014-05-22,HT1,5970,5860,5970,5970,5808.13427734375,1481350,8843659500
2014-05-23,HT1,6290,5970,6020,6080,5912.78515625,904070,5496745600
2014-05-26,HT1,6080,5750,5910,6020,5860.45947265625,799480,4812869600
2014-05-27,HT1,6290,5910,5910,6240,6069.7626953125,966040,6028089600
2014-05-28,HT1,6340,6190,6290,6240,6069.7626953125,877200,5473728000
2014-05-29,HT1,6290,5860,6080,6080,5912.78515625,1958240,11906099200
2014-05-30,HT1,6130,5750,5910,6080,5912.78515625,1159740,7051219200
2014-06-02,HT1,6080,5910,5910,5970,5860.45947265625,435090,2597487300
2014-06-03,HT1,6080,5970,5970,6020,5860.45947265625,229030,1378760600
2014-06-04,HT1,6020,5810,6020,5860,5703.4833984375,615290,3605599400
2014-06-05,HT1,5910,5750,5750,5860,5703.4833984375,282120,1653223200
2014-06-06,HT1,6130,5860,5860,6130,5965.11083984375,782100,4794273000
2014-06-09,HT1,6500,6290,6500,6500,6331.38916015625,2239880,14559220000
2014-06-10,HT1,6930,6390,6450,6930,6749.9931640625,1926940,13353694200
2014-06-11,HT1,7420,6990,6990,7420,7220.92333984375,1363740,10118950800
2014-06-12,HT1,7910,7690,7690,7910,7691.85400390625,1195840,9459094400
2014-06-13,HT1,8220,7470,8010,7530,7325.57421875,2679820,20179044600
2014-06-16,HT1,7800,7470,7640,7800,7587.20263671875,1943870,15162186000
2014-06-17,HT1,7850,7640,7800,7800,7587.20263671875,1121990,8751522000
2014-06-18,HT1,7960,7740,7740,7800,7587.20263671875,510640,3982992000
2014-06-19,HT1,7580,7260,7580,7420,7220.92333984375,1976330,14664368600
2014-06-20,HT1,7530,6930,7420,6990,6802.31982421875,1385050,9681499500
2014-06-23,HT1,7050,6770,6880,6990,6802.31982421875,592830,4143881700
2014-06-24,HT1,7200,6820,7150,7050,6854.6455078125,621070,4378543500
2014-06-25,HT1,7200,6990,7150,7050,6854.6455078125,873090,6155284500
2014-06-26,HT1,7090,6820,7050,7050,6854.6455078125,2469830,17412301500
2014-06-27,HT1,7090,6930,7090,6930,6749.9931640625,389990,2702630700
2014-06-30,HT1,7420,6930,6930,7420,7220.92333984375,1354170,10047941400
2014-07-01,HT1,7910,7420,7640,7420,7220.92333984375,2160990,16034545800
2014-07-02,HT1,7580,7260,7360,7470,7273.24951171875,1659250,12394597500
2014-07-03,HT1,7530,7260,7470,7360,7168.59912109375,1480460,10896185600
2014-07-04,HT1,7420,7310,7310,7420,7220.92333984375,881290,6539171800
2014-07-07,HT1,7420,7260,7310,7260,7063.94677734375,778610,5652708600
2014-07-08,HT1,7470,7090,7200,7470,7273.24951171875,948860,7087984200
2014-07-09,HT1,7580,7360,7580,7360,7168.59912109375,613620,4516243200
2014-07-10,HT1,7640,7310,7360,7470,7273.24951171875,2392960,17875411200
2014-07-11,HT1,7530,7310,7530,7420,7220.92333984375,695610,5161426200
2014-07-14,HT1,7470,7360,7420,7470,7273.24951171875,316940,2367541800
2014-07-15,HT1,7740,7470,7530,7640,7430.22509765625,1399160,10689582400
2014-07-16,HT1,8119,7800,7800,8119,7901.15478515625,3590360,29150132840
2014-07-17,HT1,8119,7910,8010,8070,7848.82861328125,698950,5640526500
2014-07-18,HT1,8330,7910,7960,8270,8058.13232421875,1764150,14589520500
2014-07-21,HT1,8440,8170,8220,8270,8058.13232421875,1878090,15531804300
2014-07-22,HT1,8490,8270,8330,8380,8162.783203125,1512300,12673074000
2014-07-23,HT1,8440,8010,8440,8170,7953.482421875,970590,7929720300
2014-07-24,HT1,8170,7960,8070,8119,7901.15478515625,851860,6916251340
2014-07-25,HT1,8170,7640,8070,7640,7430.22509765625,1075540,8217125600
2014-07-28,HT1,7530,7310,7530,7470,7273.24951171875,1105430,8257562100
2014-07-29,HT1,7580,7360,7530,7470,7273.24951171875,521570,3896127900
2014-07-30,HT1,7530,7310,7360,7310,7116.27294921875,667710,4880960100
2014-07-31,HT1,7580,7260,7310,7530,7325.57421875,503400,3790602000
2014-08-01,HT1,7530,7420,7530,7470,7273.24951171875,386490,2887080300
2014-08-04,HT1,7470,7360,7360,7420,7220.92333984375,409390,3037673800
2014-08-05,HT1,7740,7470,7470,7740,7534.87646484375,662520,5127904800
2014-08-06,HT1,7800,7690,7800,7690,7482.5517578125,399180,3069694200
2014-08-07,HT1,7850,7580,7740,7850,7639.52880859375,575620,4518617000
2014-08-08,HT1,8170,7910,7910,8010,7796.50439453125,858830,6879228300
2014-08-11,HT1,8070,7800,7960,7800,7587.20263671875,317130,2473614000
2014-08-12,HT1,7910,7690,7800,7800,7587.20263671875,455320,3551496000
2014-08-13,HT1,8010,7740,7800,7910,7691.85400390625,695190,5498952900
2014-08-14,HT1,8010,7690,8010,7800,7587.20263671875,581040,4532112000
2014-08-15,HT1,8010,7740,7850,7960,7744.18017578125,700860,5578845600
2014-08-18,HT1,8270,7960,8010,8170,7953.482421875,1181470,9652609900
2014-08-19,HT1,8380,8170,8220,8170,7953.482421875,1271980,10392076600
2014-08-20,HT1,8330,8070,8119,8170,7953.482421875,921700,7530289000
2014-08-21,HT1,8710,8170,8170,8490,8267.4345703125,2375970,20171985300
2014-08-22,HT1,8980,8540,8540,8980,8738.365234375,1409560,12657848800
2014-08-25,HT1,9030,8710,9030,8710,8476.7373046875,1419030,12359751300
2014-08-26,HT1,8760,8440,8710,8490,8267.4345703125,1561300,13255437000
2014-08-27,HT1,8650,8440,8650,8600,8372.0849609375,1019300,8765980000
2014-08-28,HT1,8710,8440,8710,8490,8267.4345703125,574520,4877674800
2014-08-29,HT1,8870,8540,8600,8810,8581.38671875,1353720,11926273200
2014-09-03,HT1,9140,8650,8810,9140,8895.341796875,1103430,10085350200
2014-09-04,HT1,9460,9030,9080,9460,9209.294921875,1215970,11503076200
2014-09-05,HT1,9630,9300,9460,9360,9104.6435546875,568630,5322376800
2014-09-08,HT1,9080,8920,8980,8920,8686.0390625,1511150,13479458000
2014-09-09,HT1,8980,8440,8920,8490,8267.4345703125,1329230,11285162700
2014-09-10,HT1,8490,8270,8440,8380,8162.783203125,933740,7824741200
2014-09-11,HT1,8540,8270,8440,8440,8215.1083984375,438550,3701362000
2014-09-12,HT1,8760,8270,8380,8760,8529.0625,520000,4555200000
2014-09-15,HT1,8810,8650,8760,8760,8529.0625,555660,4867581600
2014-09-16,HT1,8870,8540,8600,8870,8633.7138671875,806460,7153300200
2014-09-17,HT1,8870,8540,8710,8760,8529.0625,585530,5129242800
2014-09-18,HT1,8760,8380,8600,8490,8267.4345703125,375230,3185702700
2014-09-19,HT1,8600,8330,8330,8540,8319.759765625,277110,2366519400
2014-09-22,HT1,8600,8270,8540,8270,8058.13232421875,627070,5185868900
2014-09-23,HT1,8330,8170,8170,8220,8005.8076171875,899780,7396191600
2014-09-24,HT1,8220,7690,8220,7800,7587.20263671875,1763610,13756158000
2014-09-25,HT1,7910,7690,7740,7850,7639.52880859375,331770,2604394500
2014-09-26,HT1,8170,7740,7850,7960,7744.18017578125,456980,3637560800
2014-09-29,HT1,8119,7850,8010,8010,7796.50439453125,355710,2849237100
2014-09-30,HT1,8170,7910,7960,8010,7796.50439453125,382790,3066147900
2014-10-01,HT1,8330,8119,8119,8270,8058.13232421875,535730,4430487100
2014-10-02,HT1,8810,8330,8330,8810,8581.38671875,1338490,11792096900
2014-10-03,HT1,8980,8600,8870,8600,8372.0849609375,509320,4380152000
2014-10-06,HT1,9030,8600,8600,8870,8633.7138671875,936800,8309416000
2014-10-07,HT1,8980,8810,8870,8870,8633.7138671875,805860,7147978200
2014-10-08,HT1,9030,8870,8870,8920,8686.0390625,816130,7279879600
2014-10-09,HT1,9030,8870,8870,8920,8686.0390625,282340,2518472800
2014-10-10,HT1,8920,8650,8920,8650,8424.4111328125,390730,3379814500
2014-10-13,HT1,8810,8540,8810,8650,8424.4111328125,557010,4818136500
2014-10-14,HT1,8810,8540,8810,8540,8319.759765625,262300,2240042000
2014-10-15,HT1,8600,8440,8540,8600,8372.0849609375,540940,4652084000
2014-10-16,HT1,8540,8270,8540,8380,8162.783203125,421000,3527980000
2014-10-17,HT1,8650,8170,8220,8650,8424.4111328125,867540,7504221000
2014-10-20,HT1,8760,8600,8650,8710,8476.7373046875,543060,4730052600
2014-10-21,HT1,8760,8600,8710,8760,8529.0625,362360,3174273600
2014-10-22,HT1,8920,8600,8810,8600,8372.0849609375,419330,3606238000
2014-10-23,HT1,8760,8600,8600,8650,8424.4111328125,481300,4163245000
2014-10-24,HT1,8870,8650,8710,8810,8581.38671875,566750,4993067500
2014-10-27,HT1,8810,8650,8710,8760,8529.0625,227090,1989308400
2014-10-28,HT1,8870,8600,8650,8870,8633.7138671875,316570,2807975900
2014-10-29,HT1,9140,8810,8920,9140,8895.341796875,555930,5081200200
2014-10-30,HT1,9360,9030,9140,9030,8790.689453125,306610,2768688300
2014-10-31,HT1,9410,9030,9140,9360,9104.6435546875,811570,7596295200
2014-11-03,HT1,9630,9360,9360,9520,9261.6201171875,144100,1371832000
2014-11-04,HT1,9410,9140,9360,9250,8999.9921875,346740,3207345000
2014-11-05,HT1,9300,9030,9250,9190,8947.6650390625,467400,4295406000
2014-11-06,HT1,9300,9080,9190,9190,8947.6650390625,176430,1621391700
2014-11-07,HT1,9300,9140,9140,9300,9052.3173828125,135240,1257732000
2014-11-10,HT1,9460,9250,9300,9360,9104.6435546875,293330,2745568800
2014-11-11,HT1,9360,9140,9250,9190,8947.6650390625,179200,1646848000
2014-11-12,HT1,9300,9080,9300,9190,8947.6650390625,54250,498557500
2014-11-13,HT1,9460,9190,9190,9410,9156.96875,309660,2913900600
2014-11-14,HT1,9410,9250,9360,9360,9104.6435546875,152710,1429365600
2014-11-17,HT1,9460,9250,9250,9410,9156.96875,134080,1261692800
2014-11-18,HT1,9410,9190,9410,9190,8947.6650390625,108200,994358000
2014-11-19,HT1,9250,8980,9250,8980,8738.365234375,288860,2593962800
2014-11-20,HT1,9190,8920,8920,9140,8895.341796875,146050,1334897000
2014-11-21,HT1,9300,9080,9080,9250,8999.9921875,249800,2310650000
2014-11-24,HT1,9190,8980,9140,9030,8790.689453125,138700,1252461000
2014-11-25,HT1,9140,9030,9080,9030,8790.689453125,129430,1168752900
2014-11-26,HT1,9080,8760,9080,8760,8529.0625,254030,2225302800
2014-11-27,HT1,8870,8540,8870,8810,8581.38671875,261430,2303198300
2014-11-28,HT1,8760,8650,8710,8650,8424.4111328125,386790,3345733500
2014-12-01,HT1,8760,8600,8710,8600,8372.0849609375,168890,1452454000
2014-12-02,HT1,8710,8650,8710,8650,8424.4111328125,41940,362781000
2014-12-03,HT1,8870,8760,8760,8760,8529.0625,69090,605228400
2014-12-04,HT1,8920,8710,8870,8870,8633.7138671875,158550,1406338500
2014-12-05,HT1,9080,8870,8920,8980,8738.365234375,172270,1546984600
2014-12-08,HT1,9080,8870,9080,8980,8738.365234375,48600,436428000
2014-12-09,HT1,8980,8380,8920,8920,8686.0390625,123360,1100371200
2014-12-10,HT1,8920,8650,8760,8920,8686.0390625,31700,282764000
2014-12-11,HT1,8920,8760,8870,8920,8686.0390625,16210,144593200
2014-12-12,HT1,9030,8810,8920,9030,8790.689453125,260560,2352856800
2014-12-15,HT1,9140,8710,9030,9140,8895.341796875,329240,3009253600
2014-12-16,HT1,9190,8870,9140,9140,8895.341796875,481800,4403652000
2014-12-17,HT1,9190,8710,9140,8980,8738.365234375,258880,2324742400
2014-12-18,HT1,8980,8760,8870,8870,8633.7138671875,133110,1180685700
2014-12-19,HT1,8980,8710,8980,8760,8529.0625,83690,733124400
2014-12-22,HT1,8920,8710,8710,8920,8686.0390625,127900,1140868000
2014-12-23,HT1,9140,8920,9030,8920,8686.0390625,206590,1842782800
2014-12-24,HT1,9410,8980,8980,9360,9104.6435546875,552020,5166907200
2014-12-25,HT1,9410,9030,9410,9030,8790.689453125,72710,656571300
2014-12-26,HT1,9300,8920,8920,9190,8947.6650390625,227860,2094033400
2014-12-29,HT1,9300,8870,8870,9250,8999.9921875,275250,2546062500
2014-12-30,HT1,9300,9250,9250,9250,8999.9921875,59680,552040000
2014-12-31,HT1,9360,9140,9140,9360,9104.6435546875,61360,574329600
2015-01-05,HT1,9410,9080,9250,9360,9104.6435546875,136150,1274364000
2015-01-06,HT1,9410,9080,9080,9410,9156.96875,104600,984286000
2015-01-07,HT1,10050,9460,9460,10050,9784.8740234375,1237610,12437980500
2015-01-08,HT1,10530,9990,10210,9990,9732.548828125,625560,6249344400
2015-01-09,HT1,10700,9900,9950,10430,10151.1533203125,308670,3219428100
2015-01-12,HT1,10970,10260,10370,10260,9994.1767578125,910020,9336805200
2015-01-13,HT1,10320,9990,10210,10050,9784.8740234375,404100,4061205000
2015-01-14,HT1,10590,10050,10050,10370,10098.828125,483030,5009021100
2015-01-15,HT1,10480,10260,10480,10260,9994.1767578125,254570,2611888200
2015-01-16,HT1,10750,10260,10260,10370,10098.828125,588250,6100152500
2015-01-19,HT1,10810,10320,10370,10640,10360.4541015625,1191410,12676602400
2015-01-20,HT1,10970,10640,10640,10860,10569.7578125,788990,8568431400
2015-01-21,HT1,10970,10480,10970,10590,10308.130859375,336230,3560675700
2015-01-22,HT1,10750,10430,10750,10530,10255.8046875,247300,2604069000
2015-01-23,HT1,11020,10480,10530,11020,10726.7353515625,742430,8181578600
2015-01-26,HT1,11390,11020,11080,11390,11093.0126953125,654420,7453843800
2015-01-27,HT1,11620,11080,11450,11290,10988.3603515625,825980,9325314200
2015-01-28,HT1,11290,10910,11290,10970,10674.41015625,690040,7569738800
2015-01-29,HT1,11120,10640,10910,10750,10465.1064453125,782580,8412735000
2015-01-30,HT1,10590,9990,10590,9990,9732.548828125,1438770,14373312300
2015-02-02,HT1,10370,9790,9990,10160,9889.52734375,439990,4470298400
2015-02-03,HT1,10370,10050,10100,10160,9889.52734375,696070,7072071200
2015-02-04,HT1,10320,10050,10160,10320,10046.5029296875,622160,6420691200
2015-02-05,HT1,10640,10320,10320,10640,10360.4541015625,440310,4684898400
2015-02-06,HT1,10700,10480,10640,10590,10308.130859375,580240,6144741600
2015-02-09,HT1,10970,10430,10480,10750,10465.1064453125,467480,5025410000
2015-02-10,HT1,10970,10700,10750,10860,10569.7578125,367230,3988117800
2015-02-11,HT1,10970,10810,10810,10860,10569.7578125,146030,1585885800
2015-02-12,HT1,11120,10860,10860,10970,10674.41015625,394140,4323715800
2015-02-13,HT1,11020,10810,10970,11020,10726.7353515625,136360,1502687200
2015-02-24,HT1,11020,10810,11020,10860,10726.7353515625,166360,1806669600
2015-02-25,HT1,10860,10480,10860,10590,10308.130859375,378190,4005032100
2015-02-26,HT1,10750,10530,10590,10750,10465.1064453125,140370,1508977500
2015-02-27,HT1,10810,10370,10810,10480,10203.4794921875,83380,873822400
2015-03-02,HT1,10590,10210,10370,10590,10308.130859375,176830,1872629700
2015-03-03,HT1,10750,10480,10530,10640,10360.4541015625,407390,4334629600
2015-03-04,HT1,10750,10480,10640,10590,10308.130859375,211870,2243703300
2015-03-05,HT1,10750,10480,10750,10590,10308.130859375,274410,2906001900
2015-03-06,HT1,10700,10480,10640,10590,10308.130859375,264630,2802431700
2015-03-09,HT1,10970,10590,10640,10810,10517.4326171875,413800,4473178000
2015-03-10,HT1,11120,10700,10700,11120,10831.384765625,852990,9485248800
2015-03-11,HT1,11180,10910,11020,11080,10779.0595703125,361140,4001431200
2015-03-12,HT1,11560,11120,11120,11350,11040.6875,1204460,13670621000
2015-03-13,HT1,11670,11240,11450,11670,11354.642578125,687970,8028609900
2015-03-16,HT1,11720,11350,11560,11560,11249.990234375,557810,6448283600
2015-03-17,HT1,11560,11290,11560,11350,11040.6875,455710,5172308500
2015-03-18,HT1,11450,11120,11350,11180,10883.712890625,205000,2291900000
2015-03-19,HT1,11240,10640,11240,10700,10412.7822265625,955740,10226418000
2015-03-20,HT1,11240,10590,10590,11240,10936.0361328125,511260,5746562400
2015-03-23,HT1,11180,10910,11180,10910,10622.083984375,116000,1265560000
2015-03-24,HT1,10970,10700,10750,10970,10674.41015625,469110,5146136700
2015-03-25,HT1,11180,10910,11120,11080,10779.0595703125,470630,5214580400
2015-03-26,HT1,11180,11020,11180,11120,10831.384765625,171040,1901964800
2015-03-27,HT1,11290,11120,11180,11120,10831.384765625,386730,4300437600
2015-03-30,HT1,11350,11020,11020,11080,10779.0595703125,399820,4430005600
2015-03-31,HT1,11240,11080,11080,11120,10831.384765625,183700,2042744000
2015-04-01,HT1,11240,11020,11180,11120,10831.384765625,252600,2808912000
2015-04-02,HT1,11120,11020,11080,11080,10779.0595703125,73550,814934000
2015-04-03,HT1,11120,10970,11120,11080,10779.0595703125,54750,606630000
2015-04-06,HT1,11240,10970,11240,11020,10726.7353515625,62440,688088800
2015-04-07,HT1,11240,10910,10910,11240,10936.0361328125,177020,1989704800
2015-04-08,HT1,11620,11080,11240,11560,11249.990234375,525030,6069346800
2015-04-09,HT1,11670,11450,11560,11450,11145.33984375,123820,1417739000
2015-04-10,HT1,11820,11290,11450,11560,11249.990234375,277070,3202929200
2015-04-13,HT1,11620,11350,11560,11450,11145.33984375,127160,1455982000
2015-04-14,HT1,11510,11120,11390,11120,10831.384765625,336630,3743325600
2015-04-15,HT1,11180,10910,11120,11120,10831.384765625,275330,3061669600
2015-04-16,HT1,11350,11080,11120,11290,10988.3603515625,449960,5080048400
2015-04-17,HT1,11350,11120,11120,11290,10988.3603515625,123120,1390024800
2015-04-20,HT1,11290,11120,11290,11240,10936.0361328125,71550,804222000
2015-04-21,HT1,11450,11120,11180,11450,11145.33984375,378100,4329245000
2015-04-22,HT1,12040,11510,11510,11980,11668.5947265625,674400,8079312000
2015-04-23,HT1,11980,11620,11980,11620,11302.31640625,414810,4820092200
2015-04-24,HT1,11620,11290,11620,11450,11145.33984375,268850,3078332500
2015-04-27,HT1,11510,11350,11350,11450,11145.33984375,229120,2623424000
2015-05-04,HT1,11510,11020,11450,11120,10831.384765625,767170,8530930400
2015-05-05,HT1,11180,10700,11080,11120,10831.384765625,170200,1892624000
2015-05-06,HT1,11240,11080,11240,11240,10936.0361328125,426720,4796332800
2015-05-07,HT1,11620,11120,11240,11390,11093.0126953125,187710,2138016900
2015-05-08,HT1,11450,11290,11290,11390,11093.0126953125,144140,1641754600
2015-05-11,HT1,11350,11020,11080,11020,10726.7353515625,166440,1834168800
2015-05-12,HT1,11240,10910,11020,10910,10622.083984375,369700,4033427000
2015-05-13,HT1,11240,10910,11240,10970,10674.41015625,309400,3394118000
2015-05-14,HT1,11180,10970,10970,11180,10883.712890625,184010,2057231800
2015-05-15,HT1,11180,10860,11180,10860,10569.7578125,104180,1131394800
2015-05-18,HT1,11020,10700,10860,10750,10465.1064453125,420520,4520590000
2015-05-19,HT1,11240,10750,10750,11180,10883.712890625,482340,5392561200
2015-05-20,HT1,11450,11020,11020,11450,11145.33984375,347260,3976127000
2015-05-21,HT1,11450,11240,11290,11290,10988.3603515625,152560,1722402400
2015-05-22,HT1,11390,11180,11180,11390,11093.0126953125,432310,4924010900
2015-05-25,HT1,11560,11350,11450,11350,11040.6875,322980,3665823000
2015-05-26,HT1,11450,11240,11240,11240,10936.0361328125,80760,907742400
2015-05-27,HT1,11290,11180,11180,11240,10936.0361328125,75530,848957200
2015-05-28,HT1,11290,11120,11180,11180,10883.712890625,372150,4160637000
2015-05-29,HT1,11510,11180,11180,11350,11040.6875,484200,5495670000
2015-06-01,HT1,11510,11350,11510,11390,11093.0126953125,178090,2028445100
2015-06-02,HT1,11450,11180,11450,11240,10936.0361328125,187830,2111209200
2015-06-03,HT1,11450,11120,11120,11450,11145.33984375,513280,5877056000
2015-06-04,HT1,11930,11450,11510,11770,11459.29296875,745450,8773946500
2015-06-05,HT1,12040,11770,11930,11980,11668.5947265625,455180,5453056400
2015-06-08,HT1,12570,11880,11880,12300,11982.5478515625,203070,2497761000
2015-06-09,HT1,13070,12300,12300,12840,12505.8017578125,332260,4266218400
2015-06-10,HT1,12840,12250,12840,12250,11930.2216796875,558840,6845790000
2015-06-11,HT1,12530,12150,12530,12150,11825.5703125,332110,4035136500
2015-06-12,HT1,12300,12040,12090,12300,11982.5478515625,293700,3612510000
2015-06-15,HT1,12360,12090,12360,12090,11773.2451171875,63100,762879000
2015-06-16,HT1,12420,11820,12090,11820,11511.6181640625,238790,2822497800
2015-06-17,HT1,12040,11820,11820,11980,11668.5947265625,148720,1781665600
2015-06-18,HT1,12250,11930,11930,12090,11773.2451171875,83150,1005283500
2015-06-19,HT1,12250,11980,12200,11980,11668.5947265625,38150,457037000
2015-06-22,HT1,12200,11930,12200,11980,11668.5947265625,49520,593249600
2015-06-23,HT1,12250,11930,11930,12150,11825.5703125,274060,3329829000
2015-06-24,HT1,12150,11980,12150,12040,11720.9189453125,92110,1109004400
2015-06-25,HT1,12150,12040,12040,12040,11720.9189453125,127030,1529441200
2015-06-26,HT1,12300,11980,12040,12040,11720.9189453125,290590,3498703600
2015-06-29,HT1,12360,12040,12040,12360,12034.873046875,158190,1955228400
2015-06-30,HT1,12360,12090,12300,12250,11930.2216796875,136010,1666122500
2015-07-01,HT1,12420,12040,12250,12040,11720.9189453125,103280,1243491200
2015-07-02,HT1,12300,12040,12040,12150,11825.5703125,157700,1916055000
2015-07-03,HT1,12250,12090,12200,12200,11877.89453125,36410,444202000
2015-07-06,HT1,12200,11880,12150,11880,11563.9423828125,219620,2609085600
2015-07-07,HT1,11930,11290,11820,11290,10988.3603515625,511580,5775738200
2015-07-08,HT1,12040,11620,11670,11880,11563.9423828125,626100,7438068000
2015-07-09,HT1,11880,11180,11880,11290,10988.3603515625,357850,4040126500
2015-07-10,HT1,11560,11180,11290,11180,10883.712890625,244150,2729597000
2015-07-13,HT1,11510,11020,11180,11510,11197.6640625,359500,4137845000
2015-07-14,HT1,11720,11290,11510,11670,11354.642578125,245750,2867902500
2015-07-15,HT1,11670,11560,11670,11670,11354.642578125,340910,3978419700
2015-07-16,HT1,11450,11240,11450,11350,11040.6875,233540,2650679000
2015-07-17,HT1,11450,11240,11350,11290,10988.3603515625,159010,1795222900
2015-07-20,HT1,11450,11120,11450,11290,10988.3603515625,72040,813331600
2015-07-21,HT1,11450,11290,11350,11390,11093.0126953125,67870,773039300
2015-07-22,HT1,11880,11390,11390,11820,11511.6181640625,209140,2472034800
2015-07-23,HT1,12090,11820,12090,11820,11511.6181640625,309310,3656044200
2015-07-24,HT1,12200,11820,11820,12200,11877.89453125,377040,4599888000
2015-07-27,HT1,12800,12250,12300,12800,12453.4775390625,529430,6776704000
2015-07-28,HT1,12800,12530,12800,12570,12244.1767578125,234600,2948922000
2015-07-29,HT1,12740,12530,12530,12570,12244.1767578125,426490,5360979300
2015-07-30,HT1,12530,12250,12530,12250,11930.2216796875,84170,1031082500
2015-07-31,HT1,12250,11770,12200,11770,11459.29296875,341090,4014629300
2015-08-03,HT1,11930,11670,11770,11880,11563.9423828125,554230,6584252400
2015-08-04,HT1,12090,11880,11880,11980,11668.5947265625,211880,2538322400
2015-08-05,HT1,12530,11980,11980,12530,12191.8486328125,372380,4665921400
2015-08-06,HT1,12470,12200,12360,12200,11877.89453125,159390,1944558000
2015-08-07,HT1,12250,11930,11930,12040,11720.9189453125,20460,246338400
2015-08-10,HT1,12360,11980,12040,12360,12034.873046875,120570,1490245200
2015-08-11,HT1,12360,11930,12300,11930,11616.2685546875,148440,1770889200
2015-08-12,HT1,12150,11930,12150,12040,11720.9189453125,264620,3186024800
2015-08-13,HT1,11820,11770,11820,11820,11511.6181640625,179000,2115780000
2015-08-14,HT1,11930,11770,11770,11930,11616.2685546875,228360,2724334800
2015-08-17,HT1,11980,11770,11980,11770,11459.29296875,41770,491632900
2015-08-18,HT1,12150,11770,11820,12150,11825.5703125,172630,2097454500
2015-08-19,HT1,12300,11930,12150,12200,11877.89453125,108520,1323944000
2015-08-20,HT1,12300,11720,11980,12300,11982.5478515625,248590,3057657000
2015-08-21,HT1,12250,11670,11770,11980,11668.5947265625,118180,1415796400
2015-08-24,HT1,11670,11450,11670,11510,11197.6640625,150140,1728111400
2015-08-25,HT1,12200,10810,10810,11820,11511.6181640625,71320,843002400
2015-08-26,HT1,11980,11560,11820,11980,11668.5947265625,13550,162329000
2015-08-27,HT1,12040,11820,11980,11980,11668.5947265625,70120,840037600
2015-08-28,HT1,11980,11820,11980,11820,11511.6181640625,39530,467244600
2015-08-31,HT1,11980,11820,11930,11980,11668.5947265625,139810,1674923800
2015-09-01,HT1,12150,11930,12150,12040,11720.9189453125,33360,401654400
2015-09-03,HT1,12040,11980,12040,12040,11720.9189453125,45050,542402000
2015-09-04,HT1,12090,11820,12090,11820,11511.6181640625,27390,323749800
2015-09-07,HT1,11980,11290,11290,11820,11511.6181640625,49200,581544000
2015-09-08,HT1,12090,11720,11720,12090,11773.2451171875,38060,460145400
2015-09-09,HT1,12090,11820,12090,11820,11511.6181640625,7520,88886400
2015-09-10,HT1,12040,11720,11720,12040,11720.9189453125,31890,383955600
2015-09-11,HT1,12040,11820,11820,11980,11668.5947265625,21790,261044200
2015-09-14,HT1,11930,11770,11770,11930,11616.2685546875,1400,16702000
2015-09-15,HT1,11930,11620,11930,11670,11354.642578125,18750,218812500
2015-09-16,HT1,11880,11720,11720,11880,11563.9423828125,12760,151588800
2015-09-17,HT1,11820,11820,11820,11820,11511.6181640625,10,118200
2015-09-18,HT1,11980,11670,11980,11880,11563.9423828125,41190,489337200
2015-09-21,HT1,11880,11670,11880,11720,11406.966796875,29740,348552800
2015-09-22,HT1,11880,11720,11770,11880,11563.9423828125,26160,310780800
2015-09-23,HT1,11980,11720,11820,11720,11406.966796875,56720,664758400
2015-09-24,HT1,11880,11670,11670,11880,11563.9423828125,59490,706741200
2015-09-25,HT1,12040,11770,11980,11930,11616.2685546875,37300,444989000
2015-09-28,HT1,11980,11930,11930,11980,11668.5947265625,70190,840876200
2015-09-29,HT1,11980,11770,11880,11980,11668.5947265625,33590,402408200
2015-09-30,HT1,11980,11820,11980,11820,11511.6181640625,8020,94796400
2015-10-01,HT1,11820,11720,11820,11820,11511.6181640625,10880,128601600
2015-10-02,HT1,11820,11670,11720,11820,11511.6181640625,29400,347508000
2015-10-05,HT1,12040,11820,11820,12040,11720.9189453125,90440,1088897600
2015-10-06,HT1,12040,11880,11880,11980,11668.5947265625,68230,817395400
2015-10-07,HT1,12040,11930,11980,11930,11616.2685546875,25670,306243100
2015-10-08,HT1,12530,11930,11930,12530,12191.8486328125,305060,3822401800
2015-10-09,HT1,12960,12530,12530,12900,12558.1279296875,246910,3185139000
2015-10-12,HT1,13280,12900,13070,13230,12872.0830078125,140340,1856698200
2015-10-13,HT1,13340,12360,13170,13280,12924.40625,141220,1875401600
2015-10-14,HT1,13390,12840,13010,13230,12872.0830078125,67830,897390900
2015-10-15,HT1,13280,12960,13120,13230,12872.0830078125,144300,1909089000
2015-10-16,HT1,13700,13340,13340,13700,13343.01171875,129900,1779630000
2015-10-19,HT1,14020,13700,13870,13980,13604.6396484375,48910,683761800
2015-10-20,HT1,13980,13550,13980,13600,13238.3603515625,43530,592008000
2015-10-21,HT1,13920,13650,13650,13870,13499.986328125,106860,1482148200
2015-10-22,HT1,13980,13700,13980,13750,13395.3369140625,40490,556737500
2015-10-23,HT1,14140,13700,13980,13980,13604.6396484375,70380,983912400
2015-10-26,HT1,14460,13980,14460,14190,13813.9423828125,74340,1054884600
2015-10-27,HT1,14250,14080,14190,14250,13866.2666015625,197870,2819647500
2015-10-28,HT1,14350,14080,14250,14080,13709.291015625,34030,479142400
2015-10-29,HT1,14020,13700,14020,13870,13499.986328125,21530,298621100
2015-10-30,HT1,13870,13440,13700,13870,13499.986328125,128180,1777856600
2015-11-02,HT1,13870,13700,13810,13700,13343.01171875,95580,1309446000
2015-11-03,HT1,13750,13440,13700,13750,13395.3369140625,16530,227287500
2015-11-04,HT1,13750,13440,13750,13750,13395.3369140625,19810,272387500
2015-11-05,HT1,14410,13750,13750,14250,13866.2666015625,242950,3462037500
2015-11-06,HT1,14410,14250,14250,14410,14023.244140625,138150,1990741500
2015-11-09,HT1,14560,14410,14410,14410,14023.244140625,81410,1173118100
2015-11-10,HT1,14620,14350,14410,14620,14232.5458984375,79860,1167553200
2015-11-11,HT1,14730,14520,14620,14520,14127.8935546875,50870,738632400
2015-11-12,HT1,14620,14520,14520,14560,14180.2177734375,89360,1301081600
2015-11-13,HT1,15530,14520,14730,15530,15122.08203125,138830,2156029900
2015-11-16,HT1,15800,15060,15060,15800,15383.7080078125,58720,927776000
2015-11-17,HT1,15860,15590,15590,15860,15436.033203125,64500,1022970000
2015-11-18,HT1,15860,15470,15740,15590,15174.4052734375,42140,656962600
2015-11-19,HT1,16290,15530,15590,16129,15697.6572265625,58470,943062630
2015-11-20,HT1,16239,15860,15860,16070,15645.333984375,850,13659500
2015-11-23,HT1,16070,15330,16070,15330,14912.775390625,8670,132911100
2015-11-24,HT1,15330,14520,15330,15270,14860.4501953125,52840,806866800
2015-11-25,HT1,15060,14620,14620,14840,14441.8466796875,27860,413442400
2015-11-26,HT1,14730,14520,14560,14560,14180.2177734375,30510,444225600
2015-11-27,HT1,14460,13980,14250,13980,13604.6396484375,26160,365716800
2015-11-30,HT1,13920,13500,13500,13920,13552.3154296875,85160,1185427200
2015-12-01,HT1,14890,14080,14080,14350,13970.9189453125,35640,511434000
2015-12-02,HT1,15060,14730,14790,15000,14598.8251953125,35260,528900000
2015-12-03,HT1,14940,14520,14940,14840,14441.8466796875,3590,53275600
2015-12-04,HT1,14730,14520,14730,14680,14284.8720703125,75800,1112744000
2015-12-07,HT1,14730,14410,14730,14620,14232.5458984375,50070,732023400
2015-12-08,HT1,14790,14460,14620,14730,14337.1982421875,29410,433209300
2015-12-09,HT1,14730,14520,14730,14520,14127.8935546875,21600,313632000
2015-12-10,HT1,14560,14350,14520,14560,14180.2177734375,172210,2507377600
2015-12-11,HT1,14620,14560,14560,14560,14180.2177734375,70880,1032012800
2015-12-14,HT1,15160,14620,14620,15060,14651.1484375,11950,179967000
2015-12-15,HT1,15060,14520,15060,15000,14598.8251953125,9970,149550000
2015-12-16,HT1,15380,15060,15270,15330,14912.775390625,135840,2082427200
2015-12-17,HT1,15470,15160,15470,15160,14755.802734375,78040,1183086400
2015-12-18,HT1,15160,14680,14680,15060,14651.1484375,74890,1127843400
2015-12-21,HT1,15110,14620,15110,14790,14389.51953125,22410,331443900
2015-12-22,HT1,14790,14620,14620,14790,14389.51953125,26670,394449300
2015-12-23,HT1,14940,14680,14790,14940,14546.4990234375,55610,830813400
2015-12-24,HT1,15060,14680,15060,14840,14441.8466796875,1300,19292000
2015-12-25,HT1,15060,14290,14290,15060,14651.1484375,81090,1221215400
2015-12-28,HT1,14890,14790,14890,14890,14494.1748046875,690,10274100
2015-12-29,HT1,14520,14140,14520,14140,13761.615234375,75200,1063328000
2015-12-30,HT1,14790,14020,14020,14520,14127.8935546875,14860,215767200
2015-12-31,HT1,14520,14410,14410,14410,14023.244140625,2700,38907000
2016-01-04,HT1,14560,14080,14250,14460,14075.568359375,37800,546588000
2016-01-05,HT1,14620,14080,14460,14620,14232.5458984375,41040,600004800
2016-01-06,HT1,14410,14410,14410,14410,14023.244140625,1700,24497000
2016-01-07,HT1,14560,14290,14290,14410,14023.244140625,7650,110236500
2016-01-08,HT1,14350,14250,14350,14350,13970.9189453125,2010,28843500
2016-01-11,HT1,14250,14140,14140,14250,13866.2666015625,9420,134235000
2016-01-12,HT1,14890,14140,14250,14890,14494.1748046875,53570,797657300
2016-01-13,HT1,14890,14460,14890,14790,14389.51953125,270,3993300
2016-01-14,HT1,14790,14520,14790,14520,14127.8935546875,52550,763026000
2016-01-15,HT1,14290,14250,14290,14250,13866.2666015625,2370,33772500
2016-01-18,HT1,14250,13920,13920,14020,13656.962890625,7410,103888200
2016-01-19,HT1,13980,13070,13070,13980,13604.6396484375,283030,3956759400
2016-01-20,HT1,14140,13920,13980,13920,13552.3154296875,11570,161054400
2016-01-21,HT1,14250,13810,13920,13980,13604.6396484375,69810,975943800
2016-01-22,HT1,14250,13810,13980,13810,13447.6591796875,61390,847795900
2016-01-25,HT1,14250,13500,13500,13810,13447.6591796875,61410,848072100
2016-01-26,HT1,13810,13550,13810,13650,13290.6845703125,15490,211438500
2016-01-27,HT1,14020,13700,14020,13700,13343.01171875,1900,26030000
2016-01-28,HT1,13750,13500,13750,13500,13133.708984375,61240,826740000
2016-01-29,HT1,13870,13170,13870,13810,13447.6591796875,1000,13810000
2016-02-01,HT1,13980,13440,13810,13980,13604.6396484375,39850,557103000
2016-02-02,HT1,13980,13440,13980,13440,13081.384765625,9720,130636800
2016-02-03,HT1,13440,13170,13390,13170,12819.755859375,13030,171605100
2016-02-04,HT1,13600,13550,13550,13600,13238.3603515625,33010,448936000
2016-02-05,HT1,13600,13550,13600,13550,13186.03515625,5500,74525000
2016-02-15,HT1,13920,13920,13920,13920,13552.3154296875,10,139200
2016-02-16,HT1,14020,13230,13230,14020,13656.962890625,72350,1014347000
2016-02-17,HT1,14460,13980,14250,14460,14075.568359375,59670,862828200
2016-02-18,HT1,14460,14140,14460,14190,13813.9423828125,13620,193267800
2016-02-19,HT1,14410,14080,14190,14410,14023.244140625,25920,373507200
2016-02-22,HT1,14410,14250,14250,14350,13970.9189453125,21310,305798500
2016-02-23,HT1,14250,14190,14250,14190,13813.9423828125,16440,233283600
2016-02-24,HT1,14410,14080,14190,14080,13709.291015625,21940,308915200
2016-02-25,HT1,14250,13980,14080,13980,13604.6396484375,17020,237939600
2016-02-26,HT1,14410,14080,14080,14250,13866.2666015625,319920,4558860000
2016-02-29,HT1,14840,14350,14840,14410,14023.244140625,44090,635336900
2016-03-01,HT1,14520,13980,14350,13980,13604.6396484375,32010,447499800
2016-03-02,HT1,14250,13980,13980,14080,13709.291015625,37220,524057600
2016-03-03,HT1,14290,14080,14290,14290,13918.5908203125,66840,955143600
2016-03-04,HT1,14620,14020,14250,14410,14023.244140625,68310,984347100
2016-03-07,HT1,15060,14250,15060,14250,13866.2666015625,256160,3650280000
2016-03-08,HT1,14790,14290,14790,14410,14023.244140625,53840,775834400
2016-03-09,HT1,14410,14290,14410,14290,13918.5908203125,21250,303662500
2016-03-10,HT1,14520,14140,14140,14520,14127.8935546875,72090,1046746800
2016-03-11,HT1,14520,14250,14410,14250,13866.2666015625,307930,4388002500
2016-03-14,HT1,14190,14080,14080,14080,13709.291015625,74650,1051072000
2016-03-15,HT1,14190,13870,14020,13920,13552.3154296875,39880,555129600
2016-03-16,HT1,13920,13700,13700,13920,13552.3154296875,25610,356491200
2016-03-17,HT1,14250,13870,13980,14080,13709.291015625,39950,562496000
2016-03-18,HT1,14190,13810,14190,13870,13499.986328125,22830,316652100
2016-03-21,HT1,13980,13550,13870,13550,13186.03515625,94230,1276816500
2016-03-22,HT1,13550,13390,13550,13500,13133.708984375,75370,1017495000
2016-03-23,HT1,13500,13390,13390,13390,13029.0595703125,147160,1970472400
2016-03-24,HT1,13700,13340,13440,13340,12976.7314453125,149050,1988327000
2016-03-25,HT1,13390,13340,13340,13390,13029.0595703125,25620,343051800
2016-03-28,HT1,13550,13340,13340,13550,13186.03515625,62710,849720500
2016-03-29,HT1,13750,13440,13440,13700,13343.01171875,91960,1259852000
2016-03-30,HT1,14250,13550,13700,13980,13604.6396484375,124130,1735337400
2016-03-31,HT1,14080,13810,14080,13870,13499.986328125,99080,1374239600
2016-04-01,HT1,13870,13500,13700,13500,13133.708984375,28250,381375000
2016-04-04,HT1,13600,13170,13600,13170,12819.755859375,125170,1648488900
2016-04-05,HT1,13230,12840,12840,13230,12872.0830078125,76360,1010242800
2016-04-06,HT1,13700,13230,13600,13650,13290.6845703125,44570,608380500
2016-04-07,HT1,13810,13600,13650,13810,13447.6591796875,97810,1350756100
2016-04-08,HT1,13810,13600,13810,13810,13447.6591796875,45170,623797700
2016-04-11,HT1,13870,13550,13810,13650,13290.6845703125,97500,1330875000
2016-04-12,HT1,13700,13280,13280,13600,13238.3603515625,17300,235280000
2016-04-13,HT1,13750,13650,13700,13750,13395.3369140625,95010,1306387500
2016-04-14,HT1,13870,13750,13810,13870,13499.986328125,54360,753973200
2016-04-15,HT1,14840,13870,13870,14790,14389.51953125,176050,2603779500
2016-04-19,HT1,14790,14520,14790,14560,14180.2177734375,33480,487468800
2016-04-20,HT1,14560,14140,14560,14140,13761.615234375,28420,401858800
2016-04-21,HT1,14020,13500,13500,13980,13604.6396484375,16830,235283400
2016-04-22,HT1,14140,13700,13700,14020,13656.962890625,29800,417796000
2016-04-25,HT1,14290,14020,14020,14250,13866.2666015625,21200,302100000
2016-04-26,HT1,14190,14080,14080,14140,13761.615234375,53770,760307800
2016-04-27,HT1,14520,14140,14250,14520,14127.8935546875,69000,1001880000
2016-04-28,HT1,14890,13810,13810,14730,14337.1982421875,79120,1165437600
2016-04-29,HT1,14940,14520,14620,14790,14389.51953125,61440,908697600
2016-05-04,HT1,14890,14520,14730,14790,14389.51953125,69080,1021693200
2016-05-05,HT1,15000,14840,14940,14940,14546.4990234375,112500,1680750000
2016-05-06,HT1,15160,15000,15060,15160,14755.802734375,55970,848505200
2016-05-09,HT1,15330,14680,15160,15160,14755.802734375,17510,265451600
2016-05-10,HT1,15160,14790,15060,15160,14755.802734375,11560,175249600
2016-05-11,HT1,15330,14940,14940,15330,14912.775390625,34690,531797700
2016-05-12,HT1,15330,15060,15060,15330,14912.775390625,1610,24681300
2016-05-13,HT1,15330,15060,15110,15330,14912.775390625,36700,562611000
2016-05-16,HT1,15590,15160,15210,15590,15174.4052734375,37640,586807600
2016-05-17,HT1,15590,15590,15590,15590,15174.4052734375,100,1559000
2016-05-18,HT1,15640,15590,15590,15640,15226.7314453125,77640,1214289600
2016-05-19,HT1,15590,15590,15590,15590,15174.4052734375,1250,19487500
2016-05-20,HT1,15330,15060,15270,15060,14651.1484375,7460,112347600
2016-05-23,HT1,15060,14790,15060,15060,14651.1484375,12010,180870600
2016-05-24,HT1,15210,14790,14790,15210,14808.1279296875,14670,223130700
2016-05-25,HT1,15590,15060,15060,15530,15122.08203125,29260,454407800
2016-05-26,HT1,15640,15530,15530,15530,15122.08203125,16530,256710900
2016-05-27,HT1,15530,15530,15530,15530,15122.08203125,3300,51249000
2016-05-30,HT1,15800,15700,15740,15800,15383.7080078125,30270,478266000
2016-05-31,HT1,15860,15640,15740,15860,15436.033203125,35980,570642800
2016-06-01,HT1,15970,15800,15800,15970,15540.6845703125,28770,459456900
2016-06-02,HT1,15860,15640,15860,15860,15436.033203125,37100,588406000
2016-06-03,HT1,15970,15740,15740,15970,15540.6845703125,72260,1153992200
2016-06-06,HT1,15970,15700,15740,15740,15331.3798828125,46020,724354800
2016-06-07,HT1,16129,15740,16129,15740,15331.3798828125,24600,387204000
2016-06-08,HT1,16010,15740,15860,15860,15436.033203125,19410,307842600
2016-06-09,HT1,15860,15860,15860,15860,15436.033203125,6410,101662600
2016-06-10,HT1,15860,15590,15860,15740,15331.3798828125,18970,298587800
2016-06-13,HT1,15800,15060,15060,15800,15383.7080078125,6210,98118000
2016-06-14,HT1,15800,15160,15800,15160,14755.802734375,6310,95659600
2016-06-15,HT1,15530,15470,15530,15530,15122.08203125,5920,91937600
2016-06-16,HT1,15590,14790,15590,14790,14389.51953125,55810,825429900
2016-06-17,HT1,15060,14460,14790,15060,14651.1484375,16440,247586400
2016-06-20,HT1,15330,14940,15110,15110,14703.4736328125,37350,564358500
2016-06-21,HT1,15530,15060,15110,15470,15069.7529296875,22400,346528000
2016-06-22,HT1,15470,15210,15470,15380,14965.103515625,1990,30606200
2016-06-23,HT1,15530,15060,15530,15420,15017.4296875,15700,242094000
2016-06-24,HT1,16510,14890,15740,16510,16063.94140625,172540,2848635400
2016-06-27,HT1,17630,15800,16930,16880,16430.216796875,63870,1078125600
2016-06-28,HT1,16660,15970,15970,16070,15645.333984375,78620,1263423400
2016-06-29,HT1,16010,15590,15740,15970,15540.6845703125,111820,1785765400
2016-06-30,HT1,15970,15700,15970,15700,15279.0576171875,42830,672431000
2016-07-01,HT1,16290,15590,15740,16129,15697.6572265625,45230,729514670
2016-07-04,HT1,17250,16070,16129,17100,16639.51953125,90830,1553193000
2016-07-05,HT1,17570,16780,17570,17100,16639.51953125,57480,982908000
2016-07-06,HT1,18110,16930,17100,17840,17372.078125,129890,2317237600
2016-07-07,HT1,19080,17190,17840,19080,18575.5625,184150,3513582000
2016-07-08,HT1,20210,19080,19080,19350,18837.19140625,167790,3246736500
2016-07-11,HT1,19950,18880,19140,19350,18837.19140625,85400,1652490000
2016-07-12,HT1,19350,19140,19140,19350,18837.19140625,144050,2787367500
2016-07-13,HT1,19350,18440,19350,18440,17947.658203125,41240,760465600
2016-07-14,HT1,18280,17730,18280,18060,17581.37890625,101310,1829658600
2016-07-15,HT1,17790,16830,17730,16830,16377.8916015625,193200,3251556000
2016-07-18,HT1,17460,15700,16560,17460,17005.798828125,86040,1502258400
2016-07-19,HT1,17730,16560,17730,16560,16116.2646484375,31960,529257600
2016-07-20,HT1,17420,15970,16560,17190,16744.169921875,36880,633967200
2016-07-21,HT1,17310,16660,17190,17160,16691.845703125,71600,1228656000
2016-07-22,HT1,17160,16129,17160,16930,16482.54296875,50310,851748300
2016-07-25,HT1,16930,16930,16930,16930,16482.54296875,8100,137133000
2016-07-26,HT1,16830,16390,16390,16720,16273.240234375,2010,33607200
2016-07-27,HT1,16930,16560,16720,16830,16273.240234375,93310,1570407300
2016-07-28,HT1,16560,16390,16390,16560,16116.2646484375,1720,28483200
2016-07-29,HT1,16560,16340,16510,16340,15906.96484375,89100,1455894000
2016-08-01,HT1,15910,15210,15860,15700,15279.0576171875,261500,4105550000
2016-08-02,HT1,15700,15060,15700,15330,14912.775390625,178650,2738704500
2016-08-03,HT1,15380,15060,15060,15270,14860.4501953125,64600,986442000
2016-08-04,HT1,15380,15000,15380,15000,14598.8251953125,106230,1593450000
2016-08-05,HT1,15060,14250,15060,14250,13866.2666015625,86280,1229490000
2016-08-08,HT1,14840,14410,14520,14790,14389.51953125,55730,824246700
2016-08-09,HT1,15060,14790,14790,15000,14598.8251953125,41670,625050000
2016-08-10,HT1,15330,15000,15000,15110,14703.4736328125,81350,1229198500
2016-08-11,HT1,15330,14840,14840,15270,14860.4501953125,15460,236074200
2016-08-12,HT1,15530,14790,15530,14790,14389.51953125,21380,316210200
2016-08-15,HT1,15700,15060,15060,15530,15122.08203125,323010,5016345300
2016-08-16,HT1,15740,15470,15740,15530,15122.08203125,65030,1009915900
2016-08-17,HT1,15590,15380,15530,15470,15069.7529296875,49850,771179500
2016-08-18,HT1,15590,15210,15590,15330,14912.775390625,117500,1801275000
2016-08-19,HT1,15330,14940,15330,15110,14703.4736328125,37260,562998600
2016-08-22,HT1,15270,15060,15270,15110,14703.4736328125,67100,1013881000
2016-08-23,HT1,15590,15110,15210,15110,14703.4736328125,123750,1869862500
2016-08-24,HT1,15380,15060,15380,15110,14703.4736328125,32620,492888200
2016-08-25,HT1,15110,14940,15110,15000,14598.8251953125,66090,991350000
2016-08-26,HT1,15060,14790,14840,14840,14441.8466796875,63230,938333200
2016-08-29,HT1,14940,14560,14890,14560,14180.2177734375,53320,776339200
2016-08-30,HT1,14840,14560,14560,14560,14180.2177734375,216460,3151657600
2016-08-31,HT1,14890,14560,14560,14680,14284.8720703125,29290,429977200
2016-09-01,HT1,14730,14520,14730,14620,14232.5458984375,23780,347663600
2016-09-05,HT1,14790,14460,14790,14620,14232.5458984375,40550,592841000
2016-09-06,HT1,14790,14520,14560,14790,14389.51953125,56570,836670300
2016-09-07,HT1,15330,14680,14680,15330,14912.775390625,216770,3323084100
2016-09-08,HT1,15380,15060,15380,15110,14703.4736328125,162770,2459454700
2016-09-09,HT1,15330,14940,15110,15110,14703.4736328125,410230,6198575300
2016-09-12,HT1,15110,14680,14940,15060,14651.1484375,131990,1987769400
2016-09-13,HT1,15060,14790,15060,14840,14441.8466796875,153600,2279424000
2016-09-14,HT1,14940,14560,14840,14560,14180.2177734375,76750,1117480000
2016-09-15,HT1,15000,14520,14560,14890,14494.1748046875,104120,1550346800
2016-09-16,HT1,14890,14460,14890,14520,14127.8935546875,31950,463914000
2016-09-19,HT1,14840,14520,14840,14790,14389.51953125,43850,648541500
2016-09-20,HT1,14840,14520,14840,14730,14337.1982421875,15940,234796200
2016-09-21,HT1,14560,14460,14520,14520,14127.8935546875,63680,924633600
2016-09-22,HT1,14890,14680,14730,14790,14389.51953125,28110,415746900
2016-09-23,HT1,14940,14560,14560,14890,14494.1748046875,19560,291248400
2016-09-26,HT1,15060,14620,14620,15060,14651.1484375,110180,1659310800
2016-09-27,HT1,15160,14940,15110,15160,14755.802734375,181540,2752146400
2016-09-28,HT1,15470,15110,15110,15380,14965.103515625,149990,2306846200
2016-09-29,HT1,15610,15270,15380,15270,14860.4501953125,194350,2967724500
2016-09-30,HT1,15210,14940,15110,15060,14651.1484375,183250,2759745000
2016-10-03,HT1,15210,14840,15210,14970,14572.6611328125,38930,582782100
2016-10-04,HT1,15060,14730,14840,14940,14546.4990234375,158420,2366794800
2016-10-05,HT1,15470,14820,14820,15210,14808.1279296875,243650,3705916500
2016-10-06,HT1,15420,15110,15210,15330,14912.775390625,434600,6662418000
2016-10-07,HT1,15740,15420,15420,15640,15226.7314453125,389410,6090372400
2016-10-10,HT1,15970,15640,15700,15860,15436.033203125,344780,5468210800
2016-10-11,HT1,15800,15380,15800,15400,14991.2666015625,338330,5210282000
2016-10-12,HT1,15700,14560,15420,15380,14965.103515625,307030,4722121400
2016-10-13,HT1,15330,14560,14890,14560,14180.2177734375,253790,3695182400
2016-10-14,HT1,15060,14560,14680,14560,14180.2177734375,131980,1921628800
2016-10-17,HT1,14730,13700,14560,13700,13343.01171875,281030,3850111000
2016-10-18,HT1,13810,12770,13700,12840,12505.8017578125,612230,7861033200
2016-10-19,HT1,13730,12900,12900,13730,13369.173828125,165590,2273550700
2016-10-20,HT1,14620,14380,14520,14410,14023.244140625,280990,4049065900
2016-10-21,HT1,14410,14020,14410,14020,13656.962890625,196740,2758294800
2016-10-24,HT1,14080,13500,14020,13570,13212.1962890625,205710,2791484700
2016-10-25,HT1,13550,12960,13500,13390,13029.0595703125,344040,4606695600
2016-10-26,HT1,13900,13480,13480,13680,13311.615234375,92240,1261843200
2016-10-27,HT1,13730,13420,13680,13420,13060.4541015625,76790,1030521800
2016-10-28,HT1,13550,12900,13230,13420,13060.4541015625,133380,1789959600
2016-10-31,HT1,14120,13420,13420,14120,13751.1494140625,224390,3168386800
2016-11-01,HT1,15100,13870,14160,15100,14693.0087890625,306450,4627395000
2016-11-02,HT1,15470,14570,15230,14570,14190.685546875,259110,3775232700
2016-11-03,HT1,15100,14520,14520,15070,14661.615234375,173080,2608315600
2016-11-04,HT1,15070,14640,15070,14840,14441.8466796875,79180,1175031200
2016-11-07,HT1,14840,14520,14840,14640,14253.474609375,106590,1560477600
2016-11-08,HT1,14570,14380,14520,14570,14190.685546875,122490,1784679300
2016-11-09,HT1,14570,14280,14570,14280,13908.1279296875,130310,1860826800
2016-11-10,HT1,14840,14190,14840,14190,13813.9423828125,226040,3207507600
2016-11-11,HT1,14640,14190,14190,14640,14253.474609375,25830,378151200
2016-11-14,HT1,14640,14230,14640,14450,14065.1044921875,193920,2802144000
2016-11-15,HT1,14640,14350,14450,14570,14190.685546875,65380,952586600
2016-11-16,HT1,14740,14520,14640,14710,14316.265625,27690,407319900
2016-11-17,HT1,14780,14450,14520,14680,14284.8720703125,19800,290664000
2016-11-18,HT1,14970,14570,14740,14610,14222.080078125,24200,353562000
2016-11-21,HT1,14640,14610,14610,14640,14253.474609375,30480,446227200
2016-11-22,HT1,15100,14680,14780,14900,14504.638671875,57050,850045000
2016-11-23,HT1,14930,14810,14840,14900,14504.638671875,90440,1347556000
2016-11-24,HT1,14900,14550,14900,14570,14190.685546875,58260,848848200
2016-11-25,HT1,14610,14450,14520,14570,14190.685546875,57220,833695400
2016-11-28,HT1,14520,14190,14520,14260,13876.7314453125,59650,850609000
2016-11-29,HT1,14190,13870,14190,13930,13562.77734375,64920,904335600
2016-11-30,HT1,14190,13870,13870,14060,13688.357421875,67780,952986800
2016-12-01,HT1,14190,13990,13990,14120,13751.1494140625,69200,977104000
2016-12-02,HT1,14260,14120,14190,14160,13782.5458984375,28650,405684000
2016-12-05,HT1,14450,14160,14320,14160,13782.5458984375,58420,827227200
2016-12-06,HT1,14190,13990,14160,13990,13625.5673828125,66350,928236500
2016-12-07,HT1,14160,13870,13870,14160,13782.5458984375,27340,387134400
2016-12-08,HT1,14160,13990,13990,14060,13688.357421875,49010,689080600
2016-12-09,HT1,14060,14060,14060,14060,13688.357421875,60860,855691600
2016-12-12,HT1,14060,13730,13970,14060,13688.357421875,107180,1506950800
2016-12-13,HT1,13930,13420,13730,13480,13123.2451171875,210650,2839562000
2016-12-14,HT1,13480,13420,13420,13480,13123.2451171875,113240,1526475200
2016-12-15,HT1,13680,13550,13550,13610,13248.8271484375,18910,257365100
2016-12-16,HT1,13800,13480,13800,13680,13311.615234375,22610,309304800
2016-12-19,HT1,13680,13420,13420,13550,13186.03515625,14040,190242000
2016-12-20,HT1,13680,13290,13420,13480,13123.2451171875,89970,1212795600
2016-12-21,HT1,13480,12900,13230,13100,12746.501953125,245800,3219980000
2016-12-22,HT1,13420,13100,13100,13160,12809.2919921875,61040,803286400
2016-12-23,HT1,13420,13160,13230,13420,13060.4541015625,55910,750312200
2016-12-26,HT1,13420,13420,13420,13420,13060.4541015625,40050,537471000
2016-12-27,HT1,13420,13100,13420,13230,12872.0830078125,150740,1994290200
2016-12-28,HT1,13420,13100,13230,13230,12872.0830078125,67600,894348000
2016-12-29,HT1,13450,13100,13100,13420,13060.4541015625,27280,366097600
2016-12-30,HT1,13420,13230,13290,13230,12872.0830078125,22880,302702400
2017-01-03,HT1,13420,13100,13360,13160,12809.2919921875,39970,526005200
2017-01-04,HT1,13230,13100,13160,13100,12746.501953125,35820,469242000
2017-01-05,HT1,13160,13030,13030,13160,12809.2919921875,63230,832106800
2017-01-06,HT1,13230,13030,13100,13160,12809.2919921875,33740,444018400
2017-01-09,HT1,13420,13160,13160,13230,12872.0830078125,51610,682800300
2017-01-10,HT1,13230,13160,13230,13230,12872.0830078125,61670,815894100
2017-01-11,HT1,13230,13030,13230,13030,12683.7099609375,57600,750528000
2017-01-12,HT1,13390,13000,13390,13030,12683.7099609375,68250,889297500
2017-01-13,HT1,13330,13000,13330,13000,12652.3134765625,56540,735020000
2017-01-16,HT1,13030,12900,13030,12900,12558.1279296875,20780,268062000
2017-01-17,HT1,13100,12830,13100,12900,12558.1279296875,19260,248454000
2017-01-18,HT1,13160,12900,13030,13000,12652.3134765625,21980,285740000
2017-01-19,HT1,13160,13000,13160,13030,12683.7099609375,16500,214995000
2017-01-20,HT1,13100,12930,13030,13100,12746.501953125,37380,489678000
2017-01-23,HT1,13100,12900,13100,13030,12683.7099609375,22220,289526600
2017-01-24,HT1,13030,12780,13030,13030,12683.7099609375,23420,305162600
2017-01-25,HT1,13000,12830,13000,12900,12558.1279296875,30280,390612000
2017-02-02,HT1,13160,12900,12900,12900,12558.1279296875,15710,202659000
2017-02-03,HT1,13030,12450,13030,12450,12118.59375,82160,1022892000
2017-02-06,HT1,12450,11960,12450,11960,11647.6640625,100920,1207003200
2017-02-07,HT1,12190,11740,12060,11900,11584.8740234375,513320,6108508000
2017-02-08,HT1,11870,11550,11800,11870,11553.478515625,412810,4900054700
2017-02-09,HT1,12680,11990,11990,12680,12338.361328125,336740,4269863200
2017-02-10,HT1,13290,12830,12830,13160,12809.2919921875,609010,8014571600
2017-02-13,HT1,13550,13070,13160,13290,12934.87109375,407640,5417535600
2017-02-14,HT1,13420,13030,13290,13030,12683.7099609375,135760,1768952800
2017-02-15,HT1,13550,12900,12970,13330,12966.267578125,355790,4742680700
2017-02-16,HT1,13360,13030,13330,13070,12715.1044921875,227100,2968197000
2017-02-17,HT1,13260,12640,13070,13030,12683.7099609375,328930,4285957900
2017-02-20,HT1,13160,12520,12710,13030,12683.7099609375,240990,3140099700
2017-02-21,HT1,13290,12970,13230,13070,12715.1044921875,246150,3217180500
2017-02-22,HT1,13100,12900,12970,12970,12620.9208984375,180500,2341085000
2017-02-23,HT1,13030,12780,12900,12900,12558.1279296875,284870,3674823000
2017-02-24,HT1,12830,12640,12780,12710,12369.755859375,123130,1564982300
2017-02-27,HT1,12710,12320,12570,12320,11993.0126953125,129340,1593468800
2017-02-28,HT1,12570,12120,12380,12120,11804.640625,142590,1728190800
2017-03-01,HT1,12640,12090,12120,12640,12306.9658203125,124330,1571531200
2017-03-02,HT1,12780,12190,12780,12450,12118.59375,74550,928147500
2017-03-03,HT1,12320,12020,12020,12190,11867.4306640625,128090,1561417100
2017-03-06,HT1,12380,12160,12190,12160,11836.03515625,143460,1744473600
2017-03-07,HT1,12160,11930,12060,12160,11836.03515625,188470,2291795200
2017-03-08,HT1,12870,12160,12160,12540,12212.7802734375,437960,5492018400
2017-03-09,HT1,12810,12520,12810,12520,12181.3828125,56040,701620800
2017-03-10,HT1,13160,12570,12570,13000,12652.3134765625,483940,6291220000
2017-03-13,HT1,13480,13070,13070,13290,12934.87109375,607730,8076731700
2017-03-14,HT1,13480,13100,13480,13160,12809.2919921875,368750,4852750000
2017-03-15,HT1,14060,13100,13360,13990,13625.5673828125,883920,12366040800
2017-03-16,HT1,14970,13930,14120,14970,14567.4306640625,853470,12776445900
2017-03-17,HT1,16000,14970,15360,15030,14630.2197265625,970270,14583158100
2017-03-20,HT1,15470,14810,15100,14840,14441.8466796875,829150,12304586000
2017-03-21,HT1,15360,14640,14640,14640,14253.474609375,816980,11960587200
2017-03-22,HT1,15160,14570,14640,14900,14504.638671875,457950,6823455000
2017-03-23,HT1,15420,14900,14900,15130,14724.4072265625,500710,7575742300
2017-03-24,HT1,15330,14520,15330,14840,14441.8466796875,485190,7200219600
2017-03-27,HT1,14900,14190,14840,14900,14504.638671875,590790,8802771000
2017-03-28,HT1,15030,14380,15030,14380,14002.3134765625,282780,4066376400
2017-03-29,HT1,14450,13990,14380,14120,13751.1494140625,428180,6045901600
2017-03-30,HT1,14710,14060,14060,14520,14127.8935546875,214100,3108732000
2017-03-31,HT1,14780,14260,14780,14450,14065.1044921875,255160,3687062000
2017-04-03,HT1,14570,14190,14570,14450,14065.1044921875,163580,2363731000
2017-04-04,HT1,14520,14280,14520,14450,14065.1044921875,115180,1664351000
2017-04-05,HT1,15030,14320,14320,14840,14441.8466796875,475660,7058794400
2017-04-07,HT1,14900,14680,14840,14810,14410.451171875,191860,2841446600
2017-04-10,HT1,15360,14680,14680,15230,14818.591796875,585600,8918688000
2017-04-11,HT1,16000,15230,15230,16000,15572.0771484375,797140,12754240000
2017-04-12,HT1,16020,15360,16000,15360,14944.171875,451780,6939340800
2017-04-13,HT1,15680,15070,15420,15360,14944.171875,426850,6556416000
2017-04-14,HT1,15230,14550,15230,14840,14441.8466796875,611180,9069911200
2017-04-17,HT1,15290,14420,14810,14420,14033.7080078125,255200,3679984000
2017-04-18,HT1,14480,13990,14480,14380,14002.3134765625,655840,9430979200
2017-04-19,HT1,14710,14190,14380,14710,14316.265625,167580,2465101800
2017-04-20,HT1,14780,14320,14520,14450,14065.1044921875,516270,7460101500
2017-04-21,HT1,14900,14450,14450,14550,14159.2890625,255710,3720580500
2017-04-24,HT1,14780,14380,14550,14450,14065.1044921875,153030,2211283500
2017-04-25,HT1,14640,14320,14520,14320,13939.521484375,208610,2987295200
2017-04-26,HT1,14520,14120,14320,14450,14065.1044921875,161770,2337576500
2017-04-27,HT1,14780,14190,14520,14380,14002.3134765625,295820,4253891600
2017-04-28,HT1,14520,14230,14230,14260,14002.3134765625,119610,1705638600
2017-05-03,HT1,14380,14120,14230,14190,13813.9423828125,133530,1894790700
2017-05-04,HT1,14380,14020,14060,14190,13813.9423828125,357430,5071931700
2017-05-05,HT1,14320,14120,14320,14320,13939.521484375,132890,1902984800
2017-05-08,HT1,14480,14190,14190,14320,13939.521484375,159240,2280316800
2017-05-09,HT1,14450,14060,14450,14190,13813.9423828125,292030,4143905700
2017-05-10,HT1,14190,13990,14090,14020,13656.962890625,205710,2884054200
2017-05-11,HT1,14090,13680,13930,13800,13437.1953125,380560,5251728000
2017-05-12,HT1,13870,13450,13550,13870,13499.986328125,556590,7719903300
2017-05-15,HT1,14120,13450,14090,13480,13123.2451171875,329670,4443951600
2017-05-16,HT1,13970,13120,13480,13160,12809.2919921875,524480,6902156800
2017-05-17,HT1,13230,12680,13230,12830,12495.3388671875,535180,6866359400
2017-05-18,HT1,13700,12480,12900,13700,13343.01171875,1296030,17755611000
2017-05-19,HT1,14640,13360,13870,13360,12997.6640625,709090,9473442400
2017-05-22,HT1,14260,13360,13420,14060,13688.357421875,557180,7833950800
2017-05-23,HT1,14060,13550,14060,13550,13186.03515625,440140,5963897000
2017-05-24,HT1,13930,13360,13360,13450,13091.849609375,429350,5774757500
2017-05-25,HT1,13870,13290,13680,13550,13186.03515625,613950,8319022500
2017-05-26,HT1,13930,13480,13770,13730,13374.4052734375,368560,5060328800
2017-05-29,HT1,13680,13450,13550,13450,13091.849609375,279490,3759140500
2017-05-30,HT1,13680,13290,13450,13290,12934.87109375,571310,7592709900
2017-05-31,HT1,13360,12900,13260,12900,12558.1279296875,455060,5870274000
2017-06-01,HT1,13100,12900,13100,12970,12620.9208984375,320920,4162332400
2017-06-02,HT1,13610,12900,12970,13550,13186.03515625,437140,5923247000
2017-06-05,HT1,14060,13360,13550,13550,13186.03515625,504670,6838278500
2017-06-06,HT1,14190,13550,13610,14190,13813.9423828125,1037400,14720706000
2017-06-07,HT1,14520,14190,14320,14480,14096.5,1032310,14947848800
2017-06-08,HT1,15030,14260,14520,14570,14190.685546875,1086940,15836715800
2017-06-09,HT1,14710,14320,14570,14450,14065.1044921875,734050,10607022500
2017-06-12,HT1,14640,14190,14190,14320,13939.521484375,331100,4741352000
2017-06-13,HT1,14640,14260,14320,14640,14253.474609375,750330,10984831200
2017-06-14,HT1,14840,14520,14840,14520,14127.8935546875,476160,6913843200
2017-06-15,HT1,15360,14420,14520,15100,14693.0087890625,768550,11605105000
2017-06-16,HT1,15030,14570,15030,14640,14253.474609375,786230,11510407200
2017-06-19,HT1,15070,14520,14780,14640,14253.474609375,1363540,19962225600
2017-06-20,HT1,14810,14320,14640,14320,13939.521484375,1026180,14694897600
2017-06-21,HT1,14710,14190,14260,14640,14253.474609375,869500,12729480000
2017-06-22,HT1,15130,14640,14640,15030,14630.2197265625,1241290,18656588700
2017-06-23,HT1,15030,14780,14870,14840,14441.8466796875,823100,12214804000
2017-06-26,HT1,14840,14520,14780,14710,14316.265625,394860,5808390600
2017-06-27,HT1,14710,14320,14680,14380,14002.3134765625,933890,13429338200
2017-06-28,HT1,14480,14120,14450,14190,13813.9423828125,509970,7236474300
2017-06-29,HT1,14640,14090,14190,14380,14002.3134765625,766670,11024714600
2017-06-30,HT1,14640,14380,14380,14570,14190.685546875,566160,8248951200
2017-07-03,HT1,14570,14320,14450,14320,13939.521484375,616750,8831860000
2017-07-04,HT1,15290,14260,14280,15070,14661.615234375,2611780,39359524600
2017-07-05,HT1,15610,15070,15360,15290,14881.3818359375,1171240,17908259600
2017-07-06,HT1,15360,14970,15290,15130,14724.4072265625,924390,13986020700
2017-07-07,HT1,15230,14610,15160,14610,14222.080078125,1380390,20167497900
2017-07-10,HT1,14810,14320,14570,14420,14033.7080078125,1078440,15551104800
2017-07-11,HT1,14550,14280,14420,14380,14002.3134765625,662540,9527325200
2017-07-12,HT1,14480,14280,14380,14450,14065.1044921875,458220,6621279000
2017-07-13,HT1,14520,14280,14520,14320,14065.1044921875,344680,4935817600
2017-07-14,HT1,14520,14190,14350,14190,13813.9423828125,483960,6867392400
2017-07-17,HT1,14280,13550,14190,13550,13186.03515625,702000,9512100000
2017-07-18,HT1,13800,13230,13550,13420,13060.4541015625,353870,4748935400
2017-07-19,HT1,13680,13420,13420,13550,13186.03515625,370160,5015668000
2017-07-20,HT1,13480,13100,13420,13290,12934.87109375,592340,7872198600
2017-07-21,HT1,13360,12780,13230,12780,12432.546875,619210,7913503800
2017-07-24,HT1,12710,12060,12710,12060,11741.849609375,628630,7581277800
2017-07-25,HT1,12710,11990,12060,12280,11961.6171875,650860,7992560800
2017-07-26,HT1,12570,12120,12570,12190,11867.4306640625,549000,6692310000
2017-07-27,HT1,12250,12060,12190,12060,11741.849609375,452410,5456064600
2017-07-28,HT1,12060,11740,12020,11740,11427.8974609375,753230,8842920200
2017-07-31,HT1,12280,11740,11740,12160,11836.03515625,738930,8985388800
2017-08-01,HT1,12250,11930,12250,11990,11679.0595703125,474320,5687096800
2017-08-02,HT1,11990,11550,11990,11550,11239.525390625,717250,8284237500
2017-08-03,HT1,11930,11580,11620,11870,11553.478515625,1021810,12128884700
2017-08-04,HT1,11870,11650,11800,11680,11365.10546875,436890,5102875200
2017-08-07,HT1,11930,11480,11680,11740,11427.8974609375,1091760,12817262400
2017-08-08,HT1,11870,11580,11680,11620,11302.31640625,575040,6681964800
2017-08-09,HT1,11620,10810,11550,11290,10988.3603515625,607250,6855852500
2017-08-10,HT1,11420,11030,11230,11100,10799.990234375,542910,6026301000
2017-08-11,HT1,11160,10970,11100,11030,10737.19921875,447250,4933167500
2017-08-14,HT1,11420,10830,10970,11260,10956.966796875,439440,4948094400
2017-08-15,HT1,11420,11120,11230,11230,10925.5712890625,352880,3962842400
2017-08-16,HT1,11360,11120,11330,11230,10925.5712890625,421550,4734006500
2017-08-17,HT1,11620,11230,11230,11420,11113.9423828125,940650,10742223000
2017-08-18,HT1,11550,11290,11550,11420,11113.9423828125,160180,1829255600
2017-08-21,HT1,11550,11290,11420,11360,11051.15234375,369750,4200360000
2017-08-22,HT1,11360,11190,11260,11260,10956.966796875,134430,1513681800
2017-08-23,HT1,11260,10970,11260,11120,10831.384765625,400720,4456006400
2017-08-24,HT1,11120,10350,11120,10350,10077.8984375,3497500,36199125000
2017-08-25,HT1,10250,9650,10250,9680,9418.595703125,2014480,19500166400
2017-08-28,HT1,10250,9520,9520,9940,9669.7578125,735980,7315641200
2017-08-29,HT1,10060,9680,10060,9680,9418.595703125,1144920,11082825600
2017-08-30,HT1,9960,9680,9680,9780,9512.7822265625,802830,7851677400
2017-08-31,HT1,9910,9360,9910,9520,9261.6201171875,1048520,9981910400
2017-09-01,HT1,9740,9520,9520,9680,9418.595703125,632750,6125020000
2017-09-05,HT1,10350,9680,9740,10350,10077.8984375,1402580,14516703000
2017-09-06,HT1,10830,10540,10570,10640,10360.4541015625,2215660,23574622400
2017-09-07,HT1,10680,10450,10640,10520,10234.8740234375,714620,7517802400
2017-09-08,HT1,10570,10380,10520,10380,10109.294921875,664570,6898236600
2017-09-11,HT1,10420,10160,10350,10160,9889.52734375,927440,9422790400
2017-09-12,HT1,10230,10060,10120,10190,9920.9228515625,581970,5930274300
2017-09-13,HT1,10570,10190,10250,10420,10140.6884765625,569490,5934085800
2017-09-14,HT1,10540,10350,10540,10380,10109.294921875,501670,5207334600
2017-09-15,HT1,10730,10520,10730,10520,10243.1904296875,893240,9396884800
2017-09-18,HT1,10590,10310,10520,10350,10075.818359375,693020,7172757000
2017-09-19,HT1,10350,10040,10310,10140,9874.9716796875,621490,6301908600
2017-09-20,HT1,10310,10110,10140,10140,9874.9716796875,434620,4407046800
2017-09-21,HT1,10350,10210,10310,10310,10042.3427734375,197770,2039008700
2017-09-22,HT1,10380,10240,10310,10310,10042.3427734375,240640,2480998400
2017-09-25,HT1,10380,10280,10310,10310,10042.3427734375,277500,2861025000
2017-09-26,HT1,10280,10110,10280,10210,9941.9208984375,630800,6440468000
2017-09-27,HT1,10210,10110,10210,10140,9874.9716796875,375130,3803818200
2017-09-28,HT1,10240,10110,10140,10140,9874.9716796875,357880,3628903200
2017-09-29,HT1,10140,10040,10070,10110,9841.4970703125,266610,2695427100
2017-10-02,HT1,10210,10000,10210,10040,9774.548828125,163030,1636821200
2017-10-03,HT1,10110,9950,10110,9960,9707.599609375,318730,3174550800
2017-10-04,HT1,10180,9910,10180,10040,9774.548828125,173780,1744751200
2017-10-05,HT1,10210,9950,10040,10110,9841.4970703125,707010,7147871100
2017-10-06,HT1,10180,10040,10110,10110,9841.4970703125,184020,1860442200
2017-10-09,HT1,10280,10070,10110,10280,10008.8701171875,442830,4552292400
2017-10-10,HT1,10210,10110,10180,10210,9941.9208984375,380520,3885109200
2017-10-11,HT1,10210,10110,10210,10110,9841.4970703125,366780,3708145800
2017-10-12,HT1,10140,10040,10110,10110,9841.4970703125,302370,3056960700
2017-10-13,HT1,10110,10000,10040,10000,9741.0732421875,209740,2097400000
2017-10-16,HT1,10110,10000,10000,10070,9808.0234375,360980,3635068600
2017-10-17,HT1,10110,10040,10110,10110,9841.4970703125,219520,2219347200
2017-10-18,HT1,10180,10040,10110,10070,9808.0234375,149860,1509090200
2017-10-19,HT1,10660,10040,10110,10380,10109.29296875,871730,9048557400
2017-10-20,HT1,10450,10210,10450,10310,10042.3427734375,308220,3177748200
2017-10-23,HT1,10280,10110,10180,10140,9874.9716796875,292560,2966558400
2017-10-24,HT1,10180,9910,10180,10040,9774.548828125,238630,2395845200
2017-10-25,HT1,10070,9840,9950,9840,9573.7021484375,304220,2993524800
2017-10-26,HT1,9960,9560,9840,9600,9339.3798828125,290900,2792640000
2017-10-27,HT1,9730,9460,9490,9640,9372.8564453125,194960,1879414400
2017-10-30,HT1,9880,9390,9640,9420,9172.0078125,203630,1918194600
2017-10-31,HT1,9420,8940,9420,8940,8703.365234375,228660,2044220400
2017-11-01,HT1,9150,8800,8940,8870,8636.416015625,438040,3885414800
2017-11-02,HT1,9110,8870,8870,9080,8837.2626953125,242050,2197814000
2017-11-03,HT1,9250,8900,9180,9080,8837.2626953125,168580,1530706400
2017-11-06,HT1,9050,8900,9010,9050,8803.7890625,220590,1996339500
2017-11-07,HT1,9530,9010,9050,9490,9238.9560546875,392250,3722452500
2017-11-08,HT1,9910,9490,9560,9560,9305.9052734375,199020,1902631200
2017-11-09,HT1,9770,9530,9700,9600,9339.3798828125,139520,1339392000
2017-11-10,HT1,9600,9360,9460,9490,9238.9560546875,257500,2443675000
2017-11-13,HT1,9640,9080,9560,9220,8971.162109375,279300,2575146000
2017-11-14,HT1,9250,8870,8940,9150,8904.2119140625,320460,2932209000
2017-11-15,HT1,9390,9050,9150,9050,8803.7890625,288970,2615178500
2017-11-16,HT1,9290,9010,9250,9290,9038.109375,213470,1983136300
2017-11-17,HT1,9910,9290,9290,9910,9640.650390625,1420340,14075569400
2017-11-20,HT1,10180,9530,10040,9600,9339.3798828125,473530,4545888000
2017-11-21,HT1,9730,9560,9560,9700,9439.802734375,352230,3416631000
2017-11-22,HT1,9770,9490,9640,9700,9439.802734375,418570,4060129000
2017-11-23,HT1,10110,9560,9700,9950,9674.125,679090,6756945500
2017-11-24,HT1,10240,9910,10040,10070,9808.0234375,959130,9658439100
2017-11-27,HT1,10520,10180,10180,10380,10109.29296875,840030,8719511400
2017-11-28,HT1,10940,10550,10550,10620,10343.6142578125,1103440,11718532800
2017-11-29,HT1,11080,10660,10730,10830,10544.4619140625,1044540,11312368200
2017-11-30,HT1,11450,10730,10860,11350,11046.578125,1502290,17050991500
2017-12-01,HT1,11560,10970,11350,11390,11080.0537109375,1109490,12637091100
2017-12-04,HT1,12170,11140,11630,12030,11716.068359375,1958770,23564003100
2017-12-05,HT1,12490,12030,12030,12310,11983.8642578125,1897440,23357486400
2017-12-06,HT1,12170,11450,11960,11450,11147.0009765625,1159860,13280397000
2017-12-07,HT1,11630,11080,11140,11560,11247.42578125,422740,4886874400
2017-12-08,HT1,11690,11140,11560,11560,11247.42578125,287010,3317835600
2017-12-11,HT1,12100,11250,11560,11630,11314.375,567980,6605607400
2017-12-12,HT1,11690,11010,11690,11450,11147.0009765625,425450,4871402500
2017-12-13,HT1,11690,11390,11450,11390,11080.0537109375,350600,3993334000
2017-12-14,HT1,11490,11250,11390,11350,11046.578125,297280,3374128000
2017-12-15,HT1,11490,11180,11490,11180,10879.2060546875,312340,3491961200
2017-12-18,HT1,11420,11180,11280,11210,10912.6806640625,345940,3877987400
2017-12-19,HT1,11600,11210,11210,11520,11213.951171875,688330,7929561600
2017-12-20,HT1,11900,11560,11670,11630,11314.375,781250,9085937500
2017-12-21,HT1,11690,11280,11350,11280,10979.630859375,272080,3069062400
2017-12-22,HT1,11420,11210,11280,11210,10912.6806640625,153260,1718044600
2017-12-25,HT1,11140,10900,11140,10900,10611.41015625,459250,5005825000
2017-12-26,HT1,11140,10770,10770,10940,10644.884765625,282080,3085955200
2017-12-27,HT1,11100,10940,10940,11010,10711.8330078125,179610,1977506100
2017-12-28,HT1,11080,10900,11010,11010,10711.8330078125,163520,1800355200
2017-12-29,HT1,11010,10700,10940,10700,10410.5634765625,522660,5592462000
2018-01-02,HT1,10970,10730,10830,10900,10611.41015625,175160,1909244000
2018-01-03,HT1,11080,10730,11080,10940,10644.884765625,274280,3000623200
2018-01-04,HT1,11040,10860,11040,10940,10644.884765625,252990,2767710600
2018-01-05,HT1,11520,10940,11010,11420,11113.5283203125,1002020,11443068400
2018-01-08,HT1,11760,11420,11420,11630,11314.375,771040,8967195200
2018-01-09,HT1,11830,11490,11690,11730,11414.7978515625,669630,7854759900
2018-01-10,HT1,11690,11320,11690,11320,11013.103515625,677280,7666809600
2018-01-11,HT1,11350,11010,11350,11140,10845.732421875,546260,6085336400
2018-01-12,HT1,11420,11010,11250,11250,10946.154296875,424900,4780125000
2018-01-15,HT1,11350,11140,11350,11180,10879.2060546875,189970,2123864600
2018-01-16,HT1,11280,11010,11040,11040,10745.30859375,368370,4066804800
2018-01-17,HT1,11490,11010,11490,11490,11180.4765625,840510,9657459900
2018-01-18,HT1,11990,11560,11630,11830,11515.2216796875,1419880,16797180400
2018-01-19,HT1,11900,11630,11900,11690,11381.3251953125,719700,8413293000
2018-01-22,HT1,12240,11690,11830,11830,11381.3251953125,948270,11218034100
2018-01-25,HT1,11490,11010,11210,11010,10711.8330078125,2100290,23124192900
2018-01-26,HT1,11350,11010,11010,11140,10845.732421875,422730,4709212200
2018-01-29,HT1,11280,11010,11250,11010,10711.8330078125,244610,2693156100
2018-01-30,HT1,11010,10660,10800,10800,10510.986328125,573340,6192072000
2018-01-31,HT1,11140,10800,10800,11140,10845.732421875,268640,2992649600
2018-02-01,HT1,11280,10860,11280,10940,10644.884765625,221620,2424522800
2018-02-02,HT1,11040,10860,10860,10860,10577.935546875,133880,1453936800
2018-02-05,HT1,10860,10180,10860,10180,9908.4462890625,370200,3768636000
2018-02-06,HT1,9640,9490,9560,9490,9238.9560546875,724140,6872088600
2018-02-07,HT1,10140,9560,9560,10110,9841.4970703125,160480,1622452800
2018-02-08,HT1,10240,9420,10240,10040,9774.548828125,101930,1023377200
2018-02-09,HT1,9950,9420,9420,9950,9674.125,176680,1757966000
2018-02-12,HT1,10180,9800,10180,9960,9707.599609375,42580,424096800
2018-02-13,HT1,10380,9960,9960,10350,10075.818359375,73370,759379500
2018-02-21,HT1,10450,10240,10350,10350,10075.818359375,107920,1116972000
2018-02-22,HT1,10380,10040,10350,10040,9774.548828125,50700,509028000
2018-02-23,HT1,10350,10040,10040,10310,10042.3427734375,91980,948313800
2018-02-26,HT1,10450,10180,10380,10310,10042.3427734375,81920,844595200
2018-02-27,HT1,10310,10180,10310,10310,10042.3427734375,63840,658190400
2018-02-28,HT1,10900,10140,10140,10830,10042.3427734375,340310,3685557300
2018-03-01,HT1,10900,10590,10660,10800,10510.986328125,167640,1810512000
2018-03-02,HT1,10800,10420,10800,10450,10176.2421875,74780,781451000
2018-03-05,HT1,10660,10240,10450,10450,10176.2421875,177280,1852576000
2018-03-06,HT1,10310,9960,10280,10110,9841.4970703125,299530,3028248300
2018-03-07,HT1,10310,9770,9770,10240,9975.39453125,144930,1484083200
2018-03-08,HT1,10660,10140,10450,10240,9975.39453125,126550,1295872000
2018-03-09,HT1,10420,9910,10420,10140,9874.9716796875,532000,5394480000
2018-03-12,HT1,10180,9910,10180,9960,9707.599609375,86310,859647600
2018-03-13,HT1,10380,9960,10070,10310,10042.3427734375,115820,1194104200
2018-03-14,HT1,10660,10110,10110,10660,10377.087890625,392040,4179146400
2018-03-15,HT1,11010,10590,10700,10590,10310.138671875,278380,2948044200
2018-03-16,HT1,10730,10240,10660,10590,10310.138671875,208530,2208332700
2018-03-19,HT1,10730,10350,10730,10380,10109.29296875,99280,1030526400
2018-03-20,HT1,10520,10180,10310,10310,10042.3427734375,440630,4542895300
2018-03-21,HT1,10550,10310,10310,10520,10243.1904296875,141380,1487317600
2018-03-22,HT1,10550,10310,10520,10450,10176.2421875,360110,3763149500
2018-03-23,HT1,10450,10140,10140,10350,10075.818359375,317400,3285090000
2018-03-26,HT1,10550,10240,10350,10520,10243.1904296875,944880,9940137600
2018-03-27,HT1,10800,10310,10550,10450,10176.2421875,474530,4958838500
2018-03-28,HT1,10520,10310,10380,10310,10042.3427734375,50550,521170500
2018-03-29,HT1,10310,10040,10310,10110,9841.4970703125,346400,3502104000
2018-03-30,HT1,10310,10140,10310,10140,9874.9716796875,84740,859263600
2018-04-02,HT1,10180,10000,10140,10040,9774.548828125,404290,4059071600
2018-04-03,HT1,10040,9880,10040,9910,9640.650390625,402520,3988973200
2018-04-04,HT1,10110,9910,10110,9910,9640.650390625,196740,1949693400
2018-04-05,HT1,10140,9910,10040,10140,9874.9716796875,90790,920610600
2018-04-06,HT1,10240,9960,9960,10110,9841.4970703125,44850,453433500
2018-04-09,HT1,10240,9910,10070,9960,9707.599609375,143010,1424379600
2018-04-10,HT1,10070,9800,9910,9840,9573.7021484375,156730,1542223200
2018-04-11,HT1,10520,9840,9960,9840,9573.7021484375,141210,1389506400
2018-04-12,HT1,10000,9660,9910,9840,9573.7021484375,140290,1380453600
2018-04-13,HT1,9950,9560,9800,9560,9305.9052734375,173630,1659902800
2018-04-16,HT1,9770,9530,9560,9560,9305.9052734375,87150,833154000
2018-04-17,HT1,9640,8900,9640,9560,9305.9052734375,240100,2295356000
2018-04-18,HT1,9560,9490,9530,9560,9305.9052734375,198060,1893453600
2018-04-19,HT1,9490,9290,9420,9290,9038.109375,230670,2142924300
2018-04-20,HT1,9390,9220,9290,9320,9071.5849609375,124430,1159687600
2018-04-23,HT1,9420,9010,9390,9290,9038.109375,301520,2801120800
2018-04-24,HT1,9290,9010,9290,9080,8837.2626953125,92280,837902400
2018-04-26,HT1,9110,8800,9080,8830,8602.94140625,210940,1862600200
2018-04-27,HT1,9250,8830,8940,9080,8837.2626953125,247520,2247481600
2018-05-02,HT1,9150,8740,9150,8870,8636.416015625,230230,2042140100
2018-05-03,HT1,8870,8660,8870,8740,8502.5166015625,217970,1905057800
2018-05-04,HT1,9050,8740,9050,8900,8669.8916015625,114340,1017626000
2018-05-07,HT1,9290,8900,8900,9290,9038.109375,97890,909398100
2018-05-08,HT1,9390,9080,9390,9150,8904.2119140625,92770,848845500
2018-05-09,HT1,9220,9010,9220,9150,8904.2119140625,75440,690276000
2018-05-10,HT1,9250,8870,9250,9150,8904.2119140625,173190,1584688500
2018-05-11,HT1,9150,8770,9150,9080,8837.2626953125,7410,67282800
2018-05-14,HT1,9220,8830,9220,8870,8636.416015625,123080,1091719600
2018-05-15,HT1,9080,8870,9080,9010,8770.314453125,241680,2177536800
2018-05-16,HT1,9080,8900,9010,9010,8770.314453125,163770,1475567700
2018-05-17,HT1,9220,8940,9010,9010,8770.314453125,133400,1201934000
2018-05-18,HT1,9080,8870,8870,8980,8736.83984375,134700,1209606000
2018-05-21,HT1,8980,8870,8940,8900,8669.8916015625,61240,545036000
2018-05-22,HT1,8870,8590,8870,8590,8368.619140625,157140,1349832600
2018-05-23,HT1,8870,8590,8660,8870,8636.416015625,51080,453079600
2018-05-24,HT1,8870,8660,8870,8800,8569.4658203125,71810,631928000
2018-05-25,HT1,8870,8660,8800,8660,8435.568359375,144190,1248685400
2018-05-28,HT1,8800,8090,8420,8090,7866.50439453125,440060,3560085400
2018-05-29,HT1,8520,8119,8250,8250,8033.875,231050,1906162500
2018-05-30,HT1,8420,8090,8280,8250,8033.875,58280,480810000
2018-05-31,HT1,8520,8210,8520,8280,8067.349609375,43050,356454000
2018-06-01,HT1,8460,8150,8460,8150,7933.45166015625,149620,1219403000
2018-06-04,HT1,8420,8150,8180,8320,8100.82421875,195710,1628307200
2018-06-05,HT1,8390,8210,8320,8320,8100.82421875,121840,1013708800
2018-06-06,HT1,8390,8250,8350,8320,8100.82421875,194430,1617657600
2018-06-07,HT1,8500,8280,8350,8390,8167.7734375,113380,951258200
2018-06-08,HT1,8980,8460,8560,8980,8736.83984375,340680,3059306400
2018-06-11,HT1,9110,8770,9110,8870,8636.416015625,60030,532466100
2018-06-12,HT1,8940,8520,8940,8900,8669.8916015625,111760,994664000
2018-06-13,HT1,8900,8520,8900,8630,8402.0947265625,88210,761252300
2018-06-14,HT1,8660,8520,8590,8660,8435.568359375,61020,528433200
2018-06-15,HT1,8870,8560,8740,8740,8502.5166015625,94410,825143400
2018-06-18,HT1,8800,8460,8800,8460,8234.7216796875,107480,909280800
2018-06-19,HT1,8560,8010,8390,8250,8033.875,232770,1920352500
2018-06-20,HT1,8460,8180,8250,8210,8000.40185546875,77830,638984300
2018-06-21,HT1,8250,8119,8210,8119,7899.97802734375,117710,955687490
2018-06-22,HT1,8320,8050,8090,8050,7833.0283203125,100000,805000000
2018-06-25,HT1,8460,8119,8150,8210,8000.40185546875,16290,133740900
2018-06-26,HT1,8250,8119,8180,8150,7933.45166015625,30880,251672000
2018-06-27,HT1,8350,8119,8119,8210,8000.40185546875,54540,447773400
2018-06-28,HT1,8180,7920,7920,8010,7799.5537109375,127960,1024959600
2018-06-29,HT1,8250,7920,8250,7920,7699.13037109375,74750,592020000
2018-07-02,HT1,7940,7700,7940,7850,7632.18115234375,42260,331741000
2018-07-03,HT1,7980,7330,7670,7330,7130.06396484375,228530,1675124900
2018-07-04,HT1,7460,7290,7360,7460,7263.9619140625,54910,409628600
2018-07-05,HT1,7700,7260,7700,7290,7096.58935546875,68600,500094000
2018-07-06,HT1,7570,7330,7570,7530,7330.91162109375,77140,580864200
2018-07-09,HT1,7700,7530,7700,7530,7330.91162109375,78100,588093000
2018-07-10,HT1,7700,7360,7360,7570,7364.38623046875,48260,365328200
2018-07-11,HT1,7570,7500,7530,7570,7364.38623046875,78230,592201100
2018-07-12,HT1,7670,7500,7570,7500,7297.4365234375,31840,238800000
2018-07-13,HT1,7740,7500,7670,7530,7330.91162109375,46390,349316700
2018-07-16,HT1,7670,7500,7670,7640,7431.3349609375,58940,450301600
2018-07-17,HT1,7700,7500,7670,7700,7498.2841796875,104540,804958000
2018-07-18,HT1,7920,7640,7770,7850,7632.18115234375,75690,594166500
2018-07-19,HT1,7940,7610,7940,7700,7498.2841796875,59920,461384000
2018-07-20,HT1,7770,7640,7740,7670,7464.80908203125,129080,990043600
2018-07-23,HT1,8180,7850,8050,8090,7866.50439453125,445170,3601425300
2018-07-24,HT1,8250,8050,8150,8090,7866.50439453125,103760,839418400
2018-07-25,HT1,8590,8150,8150,8460,8234.7216796875,387050,3274443000
2018-07-26,HT1,8870,8280,8520,8320,8100.82421875,133470,1110470400
2018-07-27,HT1,8520,8119,8520,8119,7899.97802734375,50970,413825430
2018-07-30,HT1,8250,8090,8119,8250,8033.875,266300,2196975000
2018-07-31,HT1,8460,8180,8460,8250,8033.875,155550,1283287500
2018-08-01,HT1,8390,8150,8390,8150,7933.45166015625,94320,768708000
2018-08-02,HT1,8210,8010,8210,8119,7899.97802734375,120040,974604760
2018-08-03,HT1,8180,8050,8050,8119,7899.97802734375,216240,1755652560
2018-08-06,HT1,8250,8010,8250,8090,7866.50439453125,60480,489283200
2018-08-07,HT1,8250,7940,8250,8090,7866.50439453125,115000,930350000
2018-08-08,HT1,8150,7880,7880,8050,7833.0283203125,105040,845572000
2018-08-09,HT1,8250,8010,8010,8010,7799.5537109375,59910,479879100
2018-08-10,HT1,8150,8010,8150,8119,7899.97802734375,102850,835039150
2018-08-13,HT1,8250,8010,8180,8119,7899.97802734375,309660,2514129540
2018-08-14,HT1,8390,8119,8210,8350,8134.2998046875,377860,3155131000
2018-08-15,HT1,8420,8210,8420,8210,8000.40185546875,164900,1353829000
2018-08-16,HT1,8320,8150,8320,8180,7966.92626953125,78150,639267000
2018-08-17,HT1,8320,8150,8250,8180,7966.92626953125,153890,1258820200
2018-08-20,HT1,8320,8180,8320,8210,8000.40185546875,212170,1741915700
2018-08-21,HT1,8280,8180,8250,8210,8000.40185546875,172350,1414993500
2018-08-22,HT1,8740,8210,8320,8660,8435.568359375,1126870,9758694200
2018-08-23,HT1,8940,8740,8800,8800,8569.4658203125,738500,6498800000
2018-08-24,HT1,8830,8630,8800,8660,8435.568359375,285640,2473642400
2018-08-27,HT1,9220,8630,8660,9080,8837.2626953125,674150,6121282000
2018-08-28,HT1,9150,8940,9080,9010,8770.314453125,875800,7890958000
2018-08-29,HT1,9080,8830,8900,8870,8636.416015625,349240,3097758800
2018-08-30,HT1,9010,8800,8870,8800,8569.4658203125,340460,2996048000
2018-08-31,HT1,8870,8770,8800,8770,8535.9921875,198990,1745142300
2018-09-04,HT1,8900,8590,8770,8630,8402.0947265625,362350,3127080500
2018-09-05,HT1,8800,8560,8630,8560,8335.1455078125,300320,2570739200
2018-09-06,HT1,9010,8590,8590,8940,8703.365234375,610110,5454383400
2018-09-07,HT1,9180,8800,8940,9180,8937.6865234375,711360,6530284800
2018-09-10,HT1,9490,9220,9290,9250,9004.634765625,631460,5841005000
2018-09-11,HT1,9290,9110,9220,9250,9004.634765625,286400,2649200000
2018-09-12,HT1,9530,9250,9250,9460,9205.4814453125,487630,4612979800
2018-09-13,HT1,9730,9290,9460,9530,9272.4306640625,423940,4040148200
2018-09-14,HT1,9660,9490,9530,9640,9372.8564453125,276230,2662857200
2018-09-17,HT1,9840,9460,9640,9460,9205.4814453125,416310,3938292600
2018-09-18,HT1,9490,9220,9360,9420,9172.0078125,388490,3659575800
2018-09-19,HT1,9640,9290,9360,9420,9172.0078125,442000,4163640000
2018-09-20,HT1,9560,9290,9420,9420,9172.0078125,218760,2060719200
2018-09-21,HT1,9560,9320,9560,9390,9138.53125,286300,2688357000
2018-09-24,HT1,9460,9220,9360,9390,9138.53125,470040,4413675600
2018-09-25,HT1,9700,9250,9390,9700,9439.802734375,794480,7706456000
2018-09-26,HT1,10310,9840,9960,10310,10042.3427734375,1226230,12642431300
2018-09-27,HT1,10660,10310,10380,10450,10176.2421875,850710,8889919500
2018-09-28,HT1,10450,10240,10450,10310,10042.3427734375,540500,5572555000
2018-10-01,HT1,10520,10280,10380,10520,10243.1904296875,662780,6972445600
2018-10-02,HT1,10770,10490,10520,10730,10444.0380859375,772150,8285169500
2018-10-03,HT1,10770,10420,10730,10770,10477.513671875,486090,5235189300
2018-10-04,HT1,10800,10590,10800,10620,10343.6142578125,345950,3673989000
2018-10-05,HT1,10770,10590,10590,10770,10477.513671875,646060,6958066200
2018-10-08,HT1,10770,10590,10770,10660,10377.087890625,309620,3300549200
2018-10-09,HT1,10900,10700,10730,10900,10611.41015625,787870,8587783000
2018-10-10,HT1,11060,10490,11060,10490,10204.701171875,175200,1837848000
2018-10-11,HT1,10180,9760,10020,9760,9502.203125,546660,5335401600
2018-10-12,HT1,10180,9150,9350,10180,9908.9140625,360210,3666937800
2018-10-15,HT1,10180,9760,10180,9880,9613.123046875,183940,1817327200
2018-10-16,HT1,9950,9800,9880,9840,9576.1513671875,144940,1426209600
2018-10-17,HT1,9980,9840,9880,9880,9613.123046875,175730,1736212400
2018-10-18,HT1,9880,9540,9880,9620,9354.3095703125,132290,1272629800
2018-10-19,HT1,9620,9460,9620,9620,9354.3095703125,93630,900720600
2018-10-22,HT1,9840,9500,9720,9580,9317.3349609375,340920,3266013600
2018-10-23,HT1,9580,9110,9580,9190,8947.599609375,155540,1429412600
2018-10-24,HT1,9580,9040,9110,9040,8799.7060546875,183600,1659744000
2018-10-25,HT1,9420,8740,8960,9110,8873.6533203125,523910,4772820100
2018-10-26,HT1,9460,8740,9460,9000,8762.7314453125,149280,1343520000
2018-10-29,HT1,9040,8960,9000,9040,8799.7060546875,51410,464746400
2018-10-30,HT1,9270,8960,9040,8960,8725.759765625,61240,548710400
2018-10-31,HT1,9350,9000,9000,9230,8984.57421875,171070,1578976100
2018-11-01,HT1,9660,9230,9270,9500,9243.388671875,545600,5183200000
2018-11-02,HT1,9920,9500,9540,9840,9576.1513671875,449620,4424260800
2018-11-05,HT1,9920,9720,9880,9880,9613.123046875,97860,966856800
2018-11-06,HT1,9880,9500,9880,9500,9243.388671875,340780,3237410000
2018-11-07,HT1,9580,9350,9500,9580,9317.3349609375,126110,1208133800
2018-11-08,HT1,9950,9500,9500,9950,9687.0712890625,423310,4211934500
2018-11-09,HT1,10020,9720,10020,9800,9539.17578125,190270,1864646000
2018-11-12,HT1,9950,9660,9800,9950,9687.0712890625,156730,1559463500
2018-11-13,HT1,10020,9760,9760,9980,9724.0458984375,137810,1375343800
2018-11-14,HT1,10370,10020,10020,10250,9982.8603515625,574410,5887702500
2018-11-15,HT1,10330,10060,10250,10180,9908.9140625,169390,1724390200
2018-11-16,HT1,10250,9980,10250,10250,9982.8603515625,97000,994250000
2018-11-19,HT1,10330,10100,10330,10140,9871.9404296875,47150,478101000
2018-11-20,HT1,10220,9950,10220,10140,9871.9404296875,132520,1343752800
2018-11-21,HT1,10220,9880,9950,10220,9945.8857421875,310160,3169835200
2018-11-22,HT1,10410,10180,10250,10370,10093.779296875,461520,4785962400
2018-11-23,HT1,10410,10140,10370,10180,9908.9140625,43070,438452600
2018-11-26,HT1,10220,9920,10220,10020,9761.017578125,63250,633765000
2018-11-27,HT1,10140,9980,10020,10060,9797.9921875,248770,2502626200
2018-11-28,HT1,10180,9950,10180,9950,9687.0712890625,95680,952016000
2018-11-29,HT1,10180,9950,10060,9950,9687.0712890625,154090,1533195500
2018-11-30,HT1,10100,9950,10100,10100,9834.9658203125,119860,1210586000
2018-12-03,HT1,10790,10100,10100,10790,10500.490234375,1009930,10897144700
2018-12-04,HT1,11210,10860,11020,11100,10796.2783203125,617630,6855693000
2018-12-05,HT1,11250,10940,10940,11210,10907.19921875,389210,4363044100
2018-12-06,HT1,11250,10980,11100,11100,10796.2783203125,232950,2585745000
2018-12-07,HT1,11250,10710,11210,10710,10426.5419921875,232750,2492752500
2018-12-10,HT1,10980,10710,10710,10900,10611.4091796875,232330,2532397000
2018-12-11,HT1,11020,10670,11020,10790,10500.490234375,110570,1193050300
2018-12-12,HT1,11510,10710,10710,11510,10500.490234375,421320,4849393200
2018-12-13,HT1,11770,11510,11630,11590,11276.93359375,362780,4204620200
2018-12-14,HT1,11590,11250,11550,11250,10944.1708984375,292190,3287137500
2018-12-17,HT1,11390,10670,11250,10670,10389.568359375,239220,2552477400
2018-12-18,HT1,10550,10330,10410,10520,10241.6748046875,224730,2364159600
2018-12-19,HT1,10940,10330,10330,10940,10648.3837890625,162620,1779062800
2018-12-20,HT1,11060,10790,10790,11020,10722.3310546875,173940,1916818800
2018-12-21,HT1,11170,10630,11170,10860,10574.4365234375,56610,614784600
2018-12-24,HT1,11020,10630,10860,10630,10352.595703125,25040,266175200
2018-12-25,HT1,10550,9950,10330,10140,9871.9404296875,274920,2787688800
2018-12-26,HT1,10550,10100,10100,10250,9982.8603515625,146780,1504495000
2018-12-27,HT1,10710,10330,10710,10330,10056.8076171875,96200,993746000
2018-12-28,HT1,10590,10330,10590,10370,10093.779296875,64070,664405900
2019-01-02,HT1,10490,10250,10370,10330,10056.8076171875,70440,727645200
2019-01-03,HT1,10330,9660,10220,9760,9502.203125,257350,2511736000
2019-01-04,HT1,10100,9500,9500,10060,9797.9921875,195710,1968842600
2019-01-07,HT1,10630,10100,10630,10330,10056.8076171875,151360,1563548800
2019-01-08,HT1,10410,10180,10330,10250,9982.8603515625,106810,1094802500
2019-01-09,HT1,10550,10330,10330,10330,10056.8076171875,73400,758222000
2019-01-10,HT1,10550,10250,10550,10410,10130.75390625,42410,441488100
2019-01-11,HT1,10670,10290,10290,10630,10352.595703125,161570,1717489100
2019-01-14,HT1,10670,10490,10670,10550,10278.6474609375,43580,459769000
2019-01-15,HT1,10710,10550,10590,10630,10352.595703125,83740,890156200
2019-01-16,HT1,10790,10550,10550,10630,10352.595703125,107300,1140599000
2019-01-17,HT1,10750,10550,10630,10630,10352.595703125,72750,773332500
2019-01-18,HT1,10940,10330,10330,10750,10463.515625,334130,3591897500
2019-01-21,HT1,11470,10940,10940,11470,11166.013671875,810330,9294485100
2019-01-22,HT1,11770,11430,11670,11510,11202.9873046875,481920,5546899200
2019-01-23,HT1,11470,11020,11320,11280,10981.146484375,153250,1728660000
2019-01-24,HT1,11470,11280,11280,11360,11055.09375,274480,3118092800
2019-01-25,HT1,11430,11210,11210,11360,11055.09375,316890,3599870400
2019-01-28,HT1,11390,11210,11390,11320,11018.119140625,114430,1295347600
2019-01-29,HT1,12040,11390,11390,11740,11424.828125,556110,6528731400
2019-01-30,HT1,11850,11700,11700,11770,11461.80078125,161770,1904032900
2019-01-31,HT1,11850,11700,11740,11850,11535.7490234375,230340,2729529000
2019-02-01,HT1,11850,11700,11700,11740,11424.828125,124930,1466678200
2019-02-11,HT1,11930,11320,11700,11930,11609.6962890625,191720,2287219600
2019-02-12,HT1,11930,11670,11930,11670,11350.8828125,235060,2743150200
2019-02-13,HT1,11740,11430,11700,11550,11239.9609375,335600,3876180000
2019-02-14,HT1,11700,11470,11670,11590,11276.93359375,276180,3200926200
2019-02-15,HT1,12150,11590,11630,12000,11683.64453125,643030,7716360000
2019-02-18,HT1,12300,11890,12000,12260,11683.64453125,816360,10008573600
2019-02-19,HT1,12460,12040,12230,12230,11905.484375,731050,8940741500
2019-02-20,HT1,12230,12040,12230,12070,11757.58984375,277890,3354132300
2019-02-21,HT1,12230,12000,12070,12040,11720.6171875,465060,5599322400
2019-02-22,HT1,12070,11670,12040,11670,11350.8828125,540630,6309152100
2019-02-25,HT1,11930,11670,11670,11770,11461.80078125,374320,4405746400
2019-02-26,HT1,12380,11770,11770,12340,12016.4052734375,441660,5450084400
2019-02-27,HT1,12340,12110,12340,12150,11831.5380859375,252700,3070305000
2019-02-28,HT1,12380,11850,12380,12000,11683.64453125,175960,2111520000
2019-03-01,HT1,12230,12000,12000,12070,11757.58984375,93800,1132166000
2019-03-04,HT1,12460,12000,12000,12380,12053.3779296875,578570,7162696600
2019-03-05,HT1,12690,12300,12380,12460,12127.326171875,750010,9345124600
2019-03-06,HT1,12690,12190,12460,12540,12201.2724609375,302740,3796359600
2019-03-07,HT1,12690,12260,12690,12380,12053.3779296875,215680,2670118400
2019-03-08,HT1,12260,11960,12150,12070,12053.3779296875,226370,2732285900
2019-03-11,HT1,12070,11810,12040,11890,11572.7236328125,161150,1916073500
2019-03-12,HT1,12040,11770,11930,11930,11609.6962890625,369170,4404198100
2019-03-13,HT1,12070,11930,11930,11930,11609.6962890625,232190,2770026700
2019-03-14,HT1,12300,11850,11850,12300,11979.431640625,282840,3478932000
2019-03-15,HT1,12300,12190,12300,12260,11942.4580078125,129770,1590980200
2019-03-18,HT1,12260,12070,12260,12230,11905.484375,97300,1189979000
2019-03-19,HT1,12230,11960,12230,11960,11646.6708984375,187200,2238912000
2019-03-20,HT1,12070,11850,11960,11960,11646.6708984375,96920,1159163200
2019-03-21,HT1,11960,11700,11960,11700,11387.8544921875,296120,3464604000
2019-03-22,HT1,11850,11470,11770,11630,11313.9072265625,251150,2920874500
2019-03-25,HT1,11630,11060,11630,11470,11166.013671875,105380,1208708600
2019-03-26,HT1,11590,11430,11470,11430,11129.0400390625,118330,1352511900
2019-03-27,HT1,12000,11470,12000,11550,11239.9609375,65440,755832000
2019-03-28,HT1,11770,11390,11770,11470,11166.013671875,102000,1169940000
2019-03-29,HT1,11550,11360,11390,11550,11239.9609375,70510,814390500
2019-04-01,HT1,11590,11430,11470,11470,11166.013671875,192110,2203501700
2019-04-02,HT1,11700,11390,11470,11510,11202.9873046875,132420,1524154200
2019-04-03,HT1,11630,11390,11510,11550,11239.9609375,37700,435435000
2019-04-04,HT1,12260,11550,11630,12260,11942.4580078125,459950,5638987000
2019-04-05,HT1,12380,12110,12380,12300,11979.431640625,336840,4143132000
2019-04-08,HT1,12300,12110,12300,12300,11979.431640625,131670,1619541000
2019-04-09,HT1,12260,11850,12110,11850,11535.7490234375,155190,1839001500
2019-04-10,HT1,12070,11770,11850,12000,11683.64453125,160100,1921200000
2019-04-11,HT1,12110,11930,12000,12000,11683.64453125,109250,1311000000
2019-04-12,HT1,12500,11630,11670,12460,12127.326171875,524510,6535394600
2019-04-16,HT1,12420,12000,12150,12150,11831.5380859375,83710,1017076500
2019-04-17,HT1,12380,12110,12110,12150,11831.5380859375,249430,3030574500
2019-04-18,HT1,12190,11960,12070,12070,11757.58984375,116660,1408086200
2019-04-19,HT1,12420,12070,12150,12230,11905.484375,325870,3985390100
2019-04-22,HT1,12340,12230,12230,12260,11942.4580078125,62650,768089000
2019-04-23,HT1,12300,12040,12300,12070,11757.58984375,82940,1001085800
2019-04-24,HT1,12300,12070,12190,12070,11757.58984375,155470,1876522900
2019-04-25,HT1,12150,12000,12070,12150,11831.5380859375,8440,102546000
2019-04-26,HT1,12230,12070,12150,12230,11905.484375,33300,407259000
2019-05-02,HT1,12990,12230,12230,12990,12644.9560546875,982770,12766182300
2019-05-03,HT1,13300,12830,12990,12990,12644.9560546875,353730,4594952700
2019-05-06,HT1,12910,12540,12910,12610,12275.220703125,252380,3182511800
2019-05-07,HT1,13300,12570,12610,13070,12718.9033203125,422850,5526649500
2019-05-08,HT1,13530,12910,12910,13530,13162.5859375,811610,10981083300
2019-05-09,HT1,13530,13140,13530,13180,12829.82421875,390050,5140859000
2019-05-10,HT1,13380,13180,13180,13260,12903.7705078125,194460,2578539600
2019-05-13,HT1,13570,12910,13380,13530,13162.5859375,496520,6717915600
2019-05-14,HT1,13820,13380,13530,13630,13273.505859375,329130,4486041900
2019-05-15,HT1,13820,13410,13630,13410,13051.6640625,425890,5711184900
2019-05-16,HT1,13590,13300,13300,13570,13199.5595703125,369090,5008551300
2019-05-17,HT1,13590,13300,13570,13450,13088.63671875,233340,3138423000
2019-05-20,HT1,13670,12990,13670,13070,12718.9033203125,340910,4455693700
2019-05-21,HT1,13220,12460,13070,12460,12127.326171875,1057200,13172712000
2019-05-22,HT1,12770,12460,12540,12540,12201.2724609375,388410,4870661400
2019-05-23,HT1,12910,12380,12380,12910,12571.009765625,124800,1611168000
2019-05-24,HT1,12810,12540,12770,12810,12460.0888671875,169230,2167836300
2019-05-27,HT1,12830,12500,12610,12500,12164.298828125,138350,1729375000
2019-05-28,HT1,12910,12500,12500,12870,12534.0361328125,400780,5158038600
2019-05-29,HT1,13220,12690,12870,13070,12718.9033203125,263210,3440154700
2019-05-30,HT1,13070,12830,13070,12830,12497.0625,58390,749143700
2019-05-31,HT1,12910,12460,12830,12460,12127.326171875,201370,2509070200
2019-06-03,HT1,12460,12150,12300,12150,11831.5380859375,185930,2259049500
2019-06-04,HT1,12300,11700,12300,11740,11424.828125,324160,3805638400
2019-06-05,HT1,12000,11740,11770,11850,11535.7490234375,105490,1250056500
2019-06-06,HT1,12040,11810,11850,11810,11498.7763671875,49640,586248400
2019-06-07,HT1,12300,11850,11850,12230,11905.484375,81200,993076000
2019-06-10,HT1,12380,12070,12260,12230,11905.484375,93500,1143505000
2019-06-11,HT1,12230,11930,12150,12110,11794.564453125,137770,1668394700
2019-06-12,HT1,12150,11930,12150,11930,11609.6962890625,106300,1268159000
2019-06-13,HT1,12150,11850,11930,11960,11646.6708984375,55590,664856400
2019-06-14,HT1,12110,11770,11930,12040,11720.6171875,65160,784526400
2019-06-17,HT1,12150,11930,12000,11960,11646.6708984375,26910,321843600
2019-06-18,HT1,12150,11770,11930,11960,11646.6708984375,42610,509615600
2019-06-19,HT1,12110,11960,12040,12040,11720.6171875,65940,793917600
2019-06-20,HT1,12500,12070,12070,12420,12090.3515625,169460,2104693200
2019-06-21,HT1,12500,12260,12500,12260,11942.4580078125,109910,1347496600
2019-06-24,HT1,12380,12110,12260,12110,11794.564453125,40260,487548600
2019-06-25,HT1,12150,11930,12110,12040,11720.6171875,133160,1603246400
2019-06-26,HT1,12300,12000,12070,12190,11868.5107421875,156800,1911392000
2019-06-27,HT1,12420,12150,12190,12380,12053.3779296875,146450,1813051000
2019-06-28,HT1,12380,12150,12380,12150,11831.5380859375,100490,1220953500
2019-07-01,HT1,12380,12150,12150,12380,12053.3779296875,142980,1770092400
2019-07-02,HT1,12420,12150,12420,12190,11868.5107421875,91310,1113068900
2019-07-03,HT1,12190,11960,12190,12000,11683.64453125,224260,2691120000
2019-07-04,HT1,12150,11960,12000,12070,11757.58984375,107840,1301628800
2019-07-05,HT1,12150,11960,12000,11960,11646.6708984375,117530,1405658800
2019-07-08,HT1,12000,11930,11960,11930,11609.6962890625,102990,1228670700
2019-07-09,HT1,12150,11850,11930,12150,11609.6962890625,96660,1174419000
2019-07-10,HT1,12150,11930,12150,12000,11683.64453125,174880,2098560000
2019-07-11,HT1,12040,11960,12000,12040,11720.6171875,59210,712888400
2019-07-12,HT1,12110,11850,12000,11890,11572.7236328125,110460,1313369400
2019-07-15,HT1,12040,11770,12000,11930,11609.6962890625,81700,974681000
2019-07-16,HT1,12040,11810,11850,12000,11683.64453125,121500,1458000000
2019-07-17,HT1,12040,11960,12000,11960,11646.6708984375,78760,941969600
2019-07-18,HT1,11960,11770,11960,11850,11535.7490234375,108640,1287384000
2019-07-19,HT1,12000,11770,12000,11890,11572.7236328125,106120,1261766800
2019-07-22,HT1,12650,11810,11960,12300,11979.431640625,383210,4713483000
2019-07-23,HT1,12300,12000,12300,12070,11757.58984375,114190,1378273300
2019-07-24,HT1,12150,11930,12070,11960,11646.6708984375,105180,1257952800
2019-07-25,HT1,12000,11850,11960,12000,11646.6708984375,98990,1187880000
2019-07-26,HT1,12040,11890,11890,11930,11646.6708984375,37210,443915300
2019-07-29,HT1,12000,11850,11890,11930,11646.6708984375,61170,729758100
2019-07-30,HT1,12000,11850,11890,11960,11646.6708984375,109890,1314284400
2019-07-31,HT1,12070,11930,11930,12000,11683.64453125,214000,2568000000
2019-08-01,HT1,12040,11850,11850,11930,11609.6962890625,25940,309464200
2019-08-02,HT1,11930,11810,11890,11810,11498.7763671875,118190,1395823900
2019-08-05,HT1,11930,11770,11770,11770,11461.80078125,126500,1488905000
2019-08-06,HT1,11770,11250,11700,11470,11461.80078125,162230,1860778100
2019-08-07,HT1,11770,11390,11700,11470,11166.013671875,35780,410396600
2019-08-08,HT1,11550,11390,11390,11470,11166.013671875,43830,502730100
2019-08-09,HT1,11550,11470,11470,11550,11239.9609375,42630,492376500
2019-08-12,HT1,11630,11390,11630,11470,11166.013671875,32520,373004400
2019-08-13,HT1,11470,11320,11470,11390,11092.06640625,82830,943433700
2019-08-14,HT1,11550,11320,11390,11470,11166.013671875,38710,444003700
2019-08-15,HT1,11470,11250,11390,11470,11166.013671875,49120,563406400
2019-08-16,HT1,11510,11320,11320,11470,11166.013671875,42130,483231100
2019-08-19,HT1,11470,11360,11430,11470,11166.013671875,77580,889842600
2019-08-20,HT1,11850,11390,11390,11770,11461.80078125,133980,1576944600
2019-08-21,HT1,12340,11770,11770,12110,11794.564453125,401080,4857078800
2019-08-22,HT1,12230,11850,12150,12040,11720.6171875,86290,1038931600
2019-08-23,HT1,12040,11770,12040,11960,11646.6708984375,65920,788403200
2019-08-26,HT1,11850,11430,11700,11670,11350.8828125,107250,1251607500
2019-08-27,HT1,11850,11470,11630,11510,11202.9873046875,173010,1991345100
2019-08-28,HT1,11700,11470,11510,11510,11202.9873046875,51040,587470400
2019-08-29,HT1,11590,11390,11470,11590,11276.93359375,95760,1109858400
2019-08-30,HT1,11770,11470,11670,11630,11313.9072265625,97340,1132064200
2019-09-03,HT1,11770,11510,11550,11630,11313.9072265625,16250,188987500
2019-09-04,HT1,11770,11550,11550,11770,11461.80078125,119620,1407927400
2019-09-05,HT1,12000,11630,11700,11770,11461.80078125,74430,876041100
2019-09-06,HT1,11770,11670,11770,11770,11461.80078125,39780,468210600
2019-09-09,HT1,11770,11700,11700,11770,11461.80078125,36460,429134200
2019-09-10,HT1,11770,11470,11700,11770,11461.80078125,52200,614394000
2019-09-11,HT1,11770,11550,11550,11770,11461.80078125,46270,544597900
2019-09-12,HT1,11770,11670,11770,11770,11461.80078125,44680,525883600
2019-09-13,HT1,11770,11630,11770,11740,11424.828125,46570,546731800
2019-09-16,HT1,11700,11590,11590,11630,11313.9072265625,6810,79200300
2019-09-17,HT1,11930,11700,11700,11770,11461.80078125,210330,2475584100
2019-09-18,HT1,11960,11770,11770,11850,11535.7490234375,15830,187585500
2019-09-19,HT1,11960,11700,11960,11850,11535.7490234375,73030,865405500
2019-09-20,HT1,11850,11740,11740,11850,11535.7490234375,12220,144807000
2019-09-23,HT1,11850,11470,11770,11470,11166.013671875,137670,1579074900
2019-09-24,HT1,11630,11430,11470,11550,11239.9609375,45790,528874500
2019-09-25,HT1,11670,11430,11470,11590,11276.93359375,9670,112075300
2019-09-26,HT1,11630,11510,11550,11510,11202.9873046875,23560,271175600
2019-09-27,HT1,11630,11470,11590,11510,11202.9873046875,65210,750567100
2019-09-30,HT1,11630,11470,11550,11470,11166.013671875,139930,1604997100
2019-10-01,HT1,11550,11430,11470,11470,11166.013671875,45470,521540900
2019-10-02,HT1,11630,11280,11470,11320,11018.119140625,477230,5402243600
2019-10-03,HT1,12070,11470,11470,12070,11757.58984375,529900,6395893000
2019-10-04,HT1,12420,12110,12380,12230,11905.484375,133310,1630381300
2019-10-07,HT1,12230,11850,12230,11850,11535.7490234375,95450,1131082500
2019-10-08,HT1,11770,11470,11740,11550,11239.9609375,462350,5340142500
2019-10-09,HT1,11850,11430,11430,11850,11535.7490234375,144690,1714576500
2019-10-10,HT1,11930,11700,11770,11850,11535.7490234375,151650,1797052500
2019-10-11,HT1,12070,11810,11850,12070,11757.58984375,174720,2108870400
2019-10-14,HT1,12230,11960,12190,12040,11720.6171875,127500,1535100000
2019-10-15,HT1,12110,11770,12070,11770,11461.80078125,135650,1596600500
2019-10-16,HT1,12000,11700,11850,11850,11535.7490234375,40430,479095500
2019-10-17,HT1,11930,11700,11700,11930,11609.6962890625,29450,351338500
2019-10-18,HT1,12230,11770,11930,11770,11461.80078125,120710,1420756700
2019-10-21,HT1,12260,11770,11770,12150,11831.5380859375,248510,3019396500
2019-10-22,HT1,12300,12000,12300,12190,11868.5107421875,191520,2334628800
2019-10-23,HT1,12230,12040,12150,12150,11831.5380859375,168000,2041200000
2019-10-24,HT1,12690,12040,12040,12570,12238.24609375,477440,6001420800
2019-10-25,HT1,12690,12500,12690,12540,12201.2724609375,82590,1035678600
2019-10-28,HT1,12690,12420,12420,12690,12349.16796875,152100,1930149000
2019-10-29,HT1,12830,12540,12690,12810,12460.0888671875,165810,2124026100
2019-10-30,HT1,12910,12610,12610,12830,12497.0625,176540,2265008200
2019-10-31,HT1,12910,12770,12830,12870,12534.0361328125,192170,2473227900
2019-11-01,HT1,12870,12690,12870,12830,12497.0625,268130,3440107900
2019-11-04,HT1,12830,12420,12830,12610,12275.220703125,216610,2731452100
2019-11-05,HT1,12650,12500,12610,12540,12201.2724609375,85280,1069411200
2019-11-06,HT1,12770,12570,12570,12610,12275.220703125,260450,3284274500
2019-11-07,HT1,12730,12460,12610,12460,12127.326171875,149140,1858284400
2019-11-08,HT1,12570,12420,12500,12460,12127.326171875,344550,4293093000
2019-11-11,HT1,13120,12500,13120,12580,12247.00390625,331970,4176182600
2019-11-12,HT1,12750,12580,12580,12750,12406.5732421875,173060,2206515000
2019-11-13,HT1,12750,12580,12750,12750,12406.5732421875,488150,6223912500
2019-11-14,HT1,12750,12290,12750,12290,11967.755859375,173000,2126170000
2019-11-15,HT1,12460,12250,12290,12250,11927.8623046875,152780,1871555000
2019-11-18,HT1,12460,12250,12250,12370,12047.5400390625,125400,1551198000
2019-11-19,HT1,12460,12210,12290,12210,11887.9697265625,66100,807081000
2019-11-20,HT1,12370,12210,12370,12290,11967.755859375,30170,370789300
2019-11-21,HT1,12370,11560,12290,11560,11249.6904296875,672290,7771672400
2019-11-22,HT1,11880,11560,11560,11880,11568.8310546875,80340,954439200
2019-11-25,HT1,11880,11680,11800,11840,11528.9384765625,49240,583001600
2019-11-26,HT1,11880,11800,11800,11800,11489.0458984375,91340,1077812000
2019-11-27,HT1,11930,11760,11760,11800,11489.0458984375,137980,1628164000
2019-11-28,HT1,12040,11760,11880,11960,11648.6162109375,409440,4896902400
2019-11-29,HT1,12040,11880,12040,12040,11728.400390625,66680,802827200
2019-12-02,HT1,12040,11560,12040,11930,11608.7236328125,200290,2389459700
2019-12-03,HT1,12290,11800,11930,12250,11608.7236328125,304510,3730247500
2019-12-04,HT1,12250,11930,12250,12130,11608.7236328125,99120,1202325600
2019-12-05,HT1,12290,12040,12130,12130,11608.7236328125,59710,724282300
2019-12-06,HT1,12250,12040,12250,12130,11808.1845703125,95110,1153684300
2019-12-09,HT1,12500,12130,12130,12500,12167.2177734375,247500,3093750000
2019-12-10,HT1,12620,12370,12620,12540,12207.111328125,62710,786383400
2019-12-11,HT1,12540,12330,12540,12540,12207.111328125,31310,392627400
2019-12-12,HT1,12500,12370,12460,12500,12167.2177734375,33230,415375000
2019-12-13,HT1,12710,12330,12330,12660,12326.7890625,202450,2563017000
2019-12-16,HT1,12710,12460,12710,12500,12167.2177734375,43890,548625000
2019-12-17,HT1,12620,12330,12460,12540,12207.111328125,123370,1547059800
2019-12-18,HT1,12500,12040,12370,12290,11967.755859375,50310,618309900
2019-12-19,HT1,12370,12000,12290,12250,11927.8623046875,48880,598780000
2019-12-20,HT1,12290,11840,12130,12040,11728.400390625,93110,1121044400
2019-12-23,HT1,12170,11800,11960,12090,11768.29296875,157360,1902482400
2019-12-24,HT1,12090,11840,12000,12000,11688.5078125,40180,482160000
2019-12-25,HT1,12210,11880,12090,12000,11688.5078125,62520,750240000
2019-12-26,HT1,12130,11930,11930,12090,11768.29296875,195930,2368793700
2019-12-27,HT1,12130,11880,11880,12130,11808.1845703125,103170,1251452100
2019-12-30,HT1,12290,11930,11930,12290,11967.755859375,61140,751410600
2019-12-31,HT1,12330,12040,12040,12250,11927.8623046875,15670,191957500
2020-01-02,HT1,12210,12090,12130,12130,11808.1845703125,65520,794757600
2020-01-03,HT1,12370,11960,11960,11960,11648.6162109375,151970,1817561200
2020-01-06,HT1,12040,11930,11960,11960,11648.6162109375,139050,1663038000
2020-01-07,HT1,12040,11880,11960,11960,11648.6162109375,177140,2118594400
2020-01-08,HT1,11960,11480,11880,11480,11169.9052734375,87800,1007944000
2020-01-09,HT1,11840,11480,11480,11800,11489.0458984375,81070,956626000
2020-01-10,HT1,11960,11720,11720,11930,11608.7236328125,93860,1119749800
2020-01-13,HT1,12130,11800,11840,12040,11728.400390625,93740,1128629600
2020-01-14,HT1,12210,11930,11930,12130,11808.1845703125,81900,993447000
2020-01-15,HT1,12250,12040,12040,12250,11927.8623046875,57080,699230000
2020-01-16,HT1,12250,12170,12250,12210,11887.9697265625,53920,658363200
2020-01-17,HT1,12290,12040,12040,12250,11927.8623046875,151130,1851342500
2020-01-20,HT1,12460,12090,12090,12250,11927.8623046875,37670,461457500
2020-01-21,HT1,12460,12040,12040,12210,11887.9697265625,2240,27350400
2020-01-22,HT1,12250,11800,11800,12210,11887.9697265625,18030,220146300
2020-01-30,HT1,12210,11880,12000,12130,11808.1845703125,5840,70839200
2020-01-31,HT1,12090,11800,11880,12040,11728.400390625,24210,291488400
2020-02-03,HT1,11800,11230,11390,11390,11090.12109375,407560,4642108400
2020-02-04,HT1,11680,11230,11230,11650,11329.474609375,17220,200613000
2020-02-05,HT1,12130,11230,11230,11880,11568.8310546875,29350,348678000
2020-02-06,HT1,11960,11480,11480,11880,11568.8310546875,128850,1530738000
2020-02-07,HT1,12000,11800,11880,11840,11528.9384765625,24280,287475200
2020-02-10,HT1,11840,11520,11840,11760,11449.15234375,15860,186513600
2020-02-11,HT1,11880,11360,11360,11760,11449.15234375,15980,187924800
2020-02-12,HT1,11840,11650,11760,11760,11449.15234375,106720,1255027200
2020-02-13,HT1,11840,11650,11800,11760,11449.15234375,14240,167462400
2020-02-14,HT1,11800,11650,11650,11800,11489.0458984375,39650,467870000
2020-02-17,HT1,11720,11600,11650,11720,11409.259765625,16780,196661600
2020-02-18,HT1,11840,11680,11720,11680,11369.3671875,22620,264201600
2020-02-19,HT1,11960,11800,11960,11800,11489.0458984375,34190,403442000
2020-02-20,HT1,12040,11800,11800,12000,11688.5078125,29520,354240000
2020-02-21,HT1,12040,11880,12000,12040,11728.400390625,23010,277040400
2020-02-24,HT1,12040,11650,11880,11930,11608.7236328125,27920,333085600
2020-02-25,HT1,11930,11650,11930,11880,11568.8310546875,9710,115354800
2020-02-26,HT1,11960,11560,11880,11960,11648.6162109375,49330,589986800
2020-02-27,HT1,11880,11720,11880,11880,11568.8310546875,15810,187822800
2020-02-28,HT1,11800,11480,11800,11800,11489.0458984375,14910,175938000
2020-03-02,HT1,11720,11390,11720,11480,11169.9052734375,135090,1550833200
2020-03-03,HT1,11840,11360,11840,11560,11249.6904296875,59590,688860400
2020-03-04,HT1,11720,11320,11560,11560,11249.6904296875,85170,984565200
2020-03-05,HT1,11800,11190,11480,11230,10930.5498046875,168570,1893041100
2020-03-06,HT1,11560,11320,11320,11430,11130.0126953125,131440,1502359200
2020-03-09,HT1,11360,10650,11150,10650,10372.0546875,151490,1613368500
2020-03-10,HT1,10980,10080,10570,10980,10691.1943359375,33110,363547800
2020-03-11,HT1,11320,10410,10700,10490,10212.484375,121260,1272017400
2020-03-12,HT1,10650,9800,9840,10240,9973.1298828125,78670,805580800
2020-03-13,HT1,10240,9550,10240,10240,9973.1298828125,30870,316108800
2020-03-16,HT1,10240,9840,10080,10080,9813.55859375,26630,268430400
2020-03-17,HT1,10240,9670,9930,10160,9893.34375,77870,791159200
2020-03-18,HT1,10410,9840,9990,10080,9813.55859375,85770,864561600
2020-03-19,HT1,9930,9510,9840,9710,9454.5263671875,62120,603185200
2020-03-20,HT1,10080,9600,9600,9600,9334.8486328125,32320,310272000
2020-03-23,HT1,9510,8930,9420,8930,8696.5693359375,276070,2465305100
2020-03-24,HT1,9180,8310,9090,8930,8696.5693359375,182240,1627403200
2020-03-25,HT1,9180,8600,8690,8930,8696.5693359375,168390,1503722700
2020-03-26,HT1,8930,8600,8600,8930,8696.5693359375,17310,154578300
2020-03-27,HT1,8890,8770,8770,8890,8656.6767578125,14670,130416300
2020-03-30,HT1,8730,8270,8360,8600,8377.4287109375,67460,580156000
2020-03-31,HT1,8690,8080,8600,8200,7978.50390625,75780,621396000
2020-04-01,HT1,8690,8200,8200,8690,8457.2138671875,81760,710494400
2020-04-03,HT1,8980,8440,8440,8650,8417.322265625,90330,781354500
2020-04-06,HT1,9220,9060,9180,9220,8975.8154296875,66930,617094600
2020-04-07,HT1,9760,9020,9220,9220,8975.8154296875,6590,60759800
2020-04-08,HT1,9350,8850,9020,9180,8935.923828125,108770,998508600
2020-04-09,HT1,9800,9090,9090,9800,9534.3125,362720,3554656000
2020-04-10,HT1,10320,9840,10160,10080,9813.55859375,99730,1005278400
2020-04-13,HT1,10280,9930,10280,9990,9733.7744140625,74230,741557700
2020-04-14,HT1,9990,9470,9990,9930,9653.9892578125,215590,2140808700
2020-04-15,HT1,10240,9930,10080,10240,9973.1298828125,139170,1425100800
2020-04-16,HT1,10410,9990,10160,10240,9973.1298828125,70700,723968000
2020-04-17,HT1,10610,10160,10240,10570,10292.26953125,135590,1433186300
2020-04-20,HT1,11030,10650,10650,10900,10611.4091796875,214600,2339140000
2020-04-21,HT1,10810,10160,10810,10370,10092.8076171875,175970,1824808900
2020-04-22,HT1,10980,9990,10200,10980,10691.1943359375,107660,1182106800
2020-04-23,HT1,11150,10740,11100,10980,10691.1943359375,122200,1341756000
2020-04-24,HT1,10980,10650,10810,10860,10571.5166015625,62000,673320000
2020-04-27,HT1,10900,10650,10900,10740,10451.83984375,67960,729890400
2020-04-28,HT1,10740,10490,10610,10570,10292.26953125,57140,603969800
2020-04-29,HT1,10740,10530,10570,10570,10292.26953125,37790,399440300
2020-05-04,HT1,10650,10410,10410,10570,10292.26953125,69630,735989100
2020-05-05,HT1,10650,10490,10490,10570,10292.26953125,66910,707238700
2020-05-06,HT1,10940,10240,10570,10940,10651.302734375,206310,2257031400
2020-05-07,HT1,11480,10650,10900,11320,11010.3349609375,559690,6335690800
2020-05-08,HT1,11720,11190,11480,11320,11010.3349609375,195390,2211814800
2020-05-11,HT1,11320,11030,11100,11100,10810.8720703125,253120,2809632000
2020-05-12,HT1,11150,10900,11150,11070,10770.98046875,348700,3860109000
2020-05-13,HT1,11560,11030,11070,11560,11249.6904296875,413040,4774742400
2020-05-14,HT1,11840,11390,11560,11560,11249.6904296875,343640,3972478400
2020-05-15,HT1,11600,11100,11360,11320,11249.6904296875,198820,2250642400
2020-05-18,HT1,11430,11070,11390,11150,11249.6904296875,266220,2968353000
2020-05-19,HT1,11430,11150,11430,11230,11130.0126953125,261810,2940126300
2020-05-20,HT1,11230,11070,11230,11230,11130.0126953125,152870,1716730100
2020-05-21,HT1,11230,11100,11230,11150,10850.7666015625,274250,3057887500
2020-05-22,HT1,11390,11070,11150,11150,10850.7666015625,367490,4097513500
2020-05-25,HT1,11360,11070,11190,11270,10970.4423828125,177410,1999410700
2020-05-26,HT1,12040,11390,11390,12040,11728.400390625,844000,10161760000
2020-05-27,HT1,12290,11930,12290,12040,11728.400390625,675960,8138558400
2020-05-28,HT1,12040,11680,11720,11720,11409.259765625,183310,2148393200
2020-05-29,HT1,12130,11520,11650,12090,11768.29296875,307760,3720818400
2020-06-01,HT1,12170,11930,11930,12090,11768.29296875,324390,3921875100
2020-06-02,HT1,12460,11930,12090,11930,11608.7236328125,343400,4096762000
2020-06-03,HT1,12290,11960,12000,12210,11887.9697265625,317120,3872035200
2020-06-04,HT1,12420,11960,12290,11960,11648.6162109375,361780,4326888800
2020-06-05,HT1,12000,11480,11960,12000,11688.5078125,398280,4779360000
2020-06-08,HT1,12290,12000,12000,12130,11688.5078125,479570,5817184100
2020-06-09,HT1,12130,11960,12130,12130,11688.5078125,316270,3836355100
2020-06-10,HT1,12170,11880,11960,12170,11848.078125,354860,4318646200
2020-06-11,HT1,12210,11560,12170,11560,11249.6904296875,368490,4259744400
2020-06-12,HT1,11480,10980,11150,11230,10930.5498046875,327500,3677825000
2020-06-15,HT1,11800,10980,11800,11230,10930.5498046875,370050,4155661500
2020-06-16,HT1,11430,11150,11230,11320,11010.3349609375,157150,1778938000
2020-06-17,HT1,11390,11150,11390,11150,10850.7666015625,89730,1000489500
2020-06-18,HT1,11320,11070,11320,11150,10850.7666015625,75780,844947000
2020-06-19,HT1,11390,11070,11070,11230,10930.5498046875,190330,2137405900
2020-06-22,HT1,11430,11270,11430,11320,11010.3349609375,162160,1835651200
2020-06-23,HT1,11650,11320,11320,11390,11090.12109375,271490,3092271100
2020-06-24,HT1,11560,11270,11390,11390,11090.12109375,81000,922590000
2020-06-25,HT1,11390,11150,11390,11150,10850.7666015625,379820,4234993000
2020-06-26,HT1,11320,11150,11150,11230,10930.5498046875,69780,783629400
2020-06-29,HT1,11100,10810,11100,10980,10691.1943359375,206590,2268358200
2020-06-30,HT1,11150,10810,11030,10980,10691.1943359375,47780,524624400
2020-07-01,HT1,11150,10900,10900,11100,10810.8720703125,74240,824064000
2020-07-02,HT1,11150,11070,11100,11070,10770.98046875,55770,617373900
2020-07-03,HT1,11150,10980,11070,11100,10810.8720703125,50240,557664000
2020-07-06,HT1,11270,11070,11230,11190,10890.658203125,46410,519327900
2020-07-07,HT1,11560,11150,11190,11360,11050.2265625,184130,2091716800
2020-07-08,HT1,11430,11150,11390,11320,11010.3349609375,46900,530908000
2020-07-09,HT1,11480,11230,11320,11360,11050.2265625,93720,1064659200
2020-07-10,HT1,11480,11320,11390,11360,11050.2265625,200990,2283246400
2020-07-13,HT1,11520,11320,11390,11360,11050.2265625,379360,4309529600
2020-07-14,HT1,11480,11270,11360,11480,11169.9052734375,152290,1748289200
2020-07-15,HT1,11480,11320,11480,11360,11169.9052734375,138060,1568361600
2020-07-16,HT1,11390,11190,11360,11320,11010.3349609375,83490,945106800
2020-07-17,HT1,11390,11230,11230,11360,11050.2265625,255150,2898504000
2020-07-20,HT1,11800,11430,11480,11480,11169.9052734375,497680,5713366400
2020-07-21,HT1,11760,11430,11720,11600,11289.5830078125,425910,4940556000
2020-07-22,HT1,11680,11390,11680,11480,11169.9052734375,149370,1714767600
2020-07-23,HT1,11480,11230,11480,11360,11050.2265625,102970,1169739200
2020-07-24,HT1,11360,10650,11270,10650,10372.0546875,644590,6864883500
2020-07-27,HT1,10570,9990,10570,10080,9813.55859375,390190,3933115200
2020-07-28,HT1,10650,9990,10080,10650,10372.0546875,151790,1616563500
2020-07-29,HT1,10490,9930,10280,10030,9773.6669921875,875260,8778857800
2020-07-30,HT1,10370,10030,10120,10280,10013.0224609375,473670,4869327600
2020-07-31,HT1,10410,9950,10160,10280,10013.0224609375,101520,1043625600
2020-08-03,HT1,10570,10280,10280,10450,10172.591796875,158730,1658728500
2020-08-04,HT1,10650,10450,10570,10570,10292.26953125,306090,3235371300
2020-08-05,HT1,11230,10650,10650,11070,10770.98046875,755860,8367370200
2020-08-06,HT1,11320,11030,11150,11150,10850.7666015625,421770,4702735500
2020-08-07,HT1,11270,11030,11190,11070,10770.98046875,280780,3108234600
2020-08-10,HT1,11190,10980,11070,10980,10691.1943359375,398170,4371906600
2020-08-11,HT1,11150,10810,11150,10810,10531.6240234375,699700,7563757000
2020-08-12,HT1,11030,10860,11030,10980,10691.1943359375,255550,2805939000
2020-08-13,HT1,11390,10980,10980,11320,11010.3349609375,1318840,14929268800
2020-08-14,HT1,11720,11230,11320,11560,11249.6904296875,1547440,17888406400
2020-08-17,HT1,11880,11320,11560,11760,11449.15234375,553200,6505632000
2020-08-18,HT1,12130,11680,11760,11800,11489.0458984375,806540,9517172000
2020-08-19,HT1,11800,11520,11760,11720,11409.259765625,1107780,12983181600
2020-08-20,HT1,11800,11480,11800,11600,11289.5830078125,584820,6783912000
2020-08-21,HT1,12040,11680,11800,11960,11648.6162109375,1071820,12818967200
2020-08-24,HT1,12370,12090,12130,12170,11848.078125,897710,10925130700
2020-08-25,HT1,12460,12170,12290,12250,11927.8623046875,1096690,13434452500
2020-08-26,HT1,12290,12000,12170,12170,11848.078125,562440,6844894800
2020-08-27,HT1,12990,12130,12170,12950,12606.03515625,2137410,27679459500
2020-08-28,HT1,13120,12620,13040,12660,12326.7890625,1299280,16448884800
2020-08-31,HT1,13080,12580,12620,12750,12406.5732421875,1179040,15032760000
2020-09-01,HT1,12950,12580,12660,12790,12446.466796875,1301760,16649510400
2020-09-03,HT1,12950,12580,12870,12620,12286.8955078125,728400,9192408000
2020-09-04,HT1,12540,12330,12330,12420,12087.4326171875,1431740,17782210800
2020-09-07,HT1,12540,11880,12540,11880,11568.8310546875,1299830,15441980400
2020-09-08,HT1,12420,12000,12090,12420,12087.4326171875,1153250,14323365000
2020-09-09,HT1,12750,12170,12290,12660,12326.7890625,1347810,17063274600
2020-09-10,HT1,12790,12370,12710,12370,12047.5400390625,1340000,16575800000
2020-09-11,HT1,12660,12370,12370,12620,12047.5400390625,674600,8513452000
2020-09-14,HT1,12910,12710,12710,12910,12566.142578125,1611320,20802141200
2020-09-15,HT1,13040,12660,12950,12750,12406.5732421875,1129420,14400105000
2020-09-16,HT1,12870,12660,12750,12790,12446.466796875,522790,6686484100
2020-09-17,HT1,12830,12540,12830,12790,12446.466796875,1084980,13876894200
2020-09-18,HT1,12870,12660,12790,12750,12406.5732421875,720230,9182932500
2020-09-21,HT1,13240,12790,12830,13150,12805.498046875,2170790,28545888500
2020-09-22,HT1,13240,12870,13150,12950,12606.03515625,1472540,19069393000
2020-09-23,HT1,13320,12950,13120,13120,12765.60546875,873600,11461632000
2020-09-24,HT1,13120,12910,13080,12950,12606.03515625,677270,8770646500
2020-09-25,HT1,13040,12620,12950,12870,12526.25,1277760,16444771200
2020-09-28,HT1,12990,12750,12870,12830,12486.3583984375,704780,9042327400
2020-09-29,HT1,13120,12790,12910,12790,12446.466796875,1044530,13359538700
2020-09-30,HT1,12870,12620,12710,12790,12446.466796875,722690,9243205100
2020-10-01,HT1,13320,12870,12950,13200,12845.3916015625,1856170,24501444000
2020-10-02,HT1,13570,12990,13280,13410,13044.8525390625,2303790,30893823900
2020-10-05,HT1,14050,13530,13530,14050,13683.1337890625,2343250,32922662500
2020-10-06,HT1,14050,13760,14050,13760,13403.8857421875,1345580,18515180800
2020-10-07,HT1,13890,13600,13720,13690,13324.1015625,1119900,15331431000
2020-10-08,HT1,13720,13280,13720,13490,13124.638671875,1513280,20414147200
2020-10-09,HT1,13980,13570,13570,13930,13563.4580078125,1699000,23667070000
2020-10-12,HT1,14430,13850,14090,13930,13563.4580078125,1629620,22700606600
2020-10-13,HT1,13980,13720,13930,13810,13443.7783203125,643830,8891292300
2020-10-14,HT1,14220,13690,13810,13850,13483.6708984375,1159120,16053812000
2020-10-15,HT1,13930,13570,13760,13570,13204.423828125,1245140,16896549800
2020-10-16,HT1,14050,13490,13530,13930,13563.4580078125,1641150,22861219500
2020-10-19,HT1,14090,13760,14010,13890,13523.564453125,440540,6119100600
2020-10-20,HT1,13890,13650,13760,13810,13443.7783203125,611120,8439567200
2020-10-21,HT1,13720,13080,13600,13120,12765.60546875,3836220,50331206400
2020-10-22,HT1,13410,13080,13120,13280,12925.17578125,773310,10269556800
2020-10-23,HT1,13280,13040,13200,13120,12765.60546875,1149300,15078816000
2020-10-26,HT1,13120,12750,13080,12790,12446.466796875,1378370,17629352300
2020-10-27,HT1,12830,12330,12710,12370,12047.5400390625,1149310,14216964700
2020-10-28,HT1,12620,12130,12290,12130,11808.1845703125,1234900,14979337000
2020-10-29,HT1,12370,11880,11880,12290,11967.755859375,755690,9287430100
2020-10-30,HT1,12460,12130,12370,12370,12047.5400390625,439040,5430924800
2020-11-02,HT1,12500,12250,12500,12460,12127.3251953125,346250,4314275000
2020-11-03,HT1,13080,12460,12460,12790,12446.466796875,784870,10038487300
2020-11-04,HT1,13080,12790,12950,12990,12645.9287109375,894090,11614229100
2020-11-05,HT1,13040,12660,13040,12710,12366.6806640625,599870,7624347700
2020-11-06,HT1,12710,12580,12620,12620,12286.8955078125,341200,4305944000
2020-11-09,HT1,13320,12620,12620,13320,12965.068359375,1143020,15225026400
2020-11-10,HT1,13810,13410,13760,13410,13044.8525390625,1242910,16667423100
2020-11-11,HT1,13490,13320,13440,13370,13004.9609375,635060,8490752200
2020-11-12,HT1,13720,13320,13320,13600,13244.31640625,1030150,14010040000
2020-11-13,HT1,13720,13530,13600,13530,13164.53125,845400,11438262000
2020-11-16,HT1,13810,13440,13530,13490,13124.638671875,1264660,17060263400
2020-11-17,HT1,13720,13490,13490,13720,13363.9931640625,982250,13476470000
2020-11-18,HT1,13930,13760,13890,13930,13563.4580078125,1335270,18600311100
2020-11-19,HT1,14270,13930,13930,14220,13842.7041015625,1752170,24915857400
2020-11-20,HT1,14340,14140,14300,14220,13842.7041015625,1343830,19109262600
2020-11-23,HT1,14340,14090,14340,14140,13762.9189453125,1052360,14880370400
2020-11-24,HT1,14180,13850,14050,13930,13563.4580078125,1651050,22999126500
2020-11-25,HT1,14010,13810,13930,14010,13643.2421875,1069120,14978371200
2020-11-26,HT1,14090,13930,14010,13980,13603.349609375,728770,10188204600
2020-11-27,HT1,14280,13840,14280,14100,13732.0869140625,1064590,15010719000
2020-11-30,HT1,14150,13790,14100,13790,13431.6982421875,840700,11593253000
2020-12-01,HT1,14100,13490,13490,14100,13732.0869140625,1399290,19729989000
2020-12-02,HT1,14100,13890,14060,13930,13560.4365234375,759910,10585546300
2020-12-03,HT1,14100,13840,14010,13930,13560.4365234375,665990,9277240700
2020-12-04,HT1,14010,13840,13840,13980,13603.349609375,889400,12433812000
2020-12-07,HT1,14950,14010,14010,14950,14547.431640625,3380870,50544006500
2020-12-08,HT1,15350,14820,15350,15080,14676.16796875,1502960,22664636800
2020-12-09,HT1,15080,14820,14990,14990,14590.3427734375,1060430,15895845700
2020-12-10,HT1,14950,14550,14950,14550,14161.2158203125,1807670,26301598500
2020-12-11,HT1,14950,14460,14510,14950,14547.431640625,1284190,19198640500
2020-12-14,HT1,15130,14850,15080,14900,14504.517578125,1031090,15363241000
2020-12-15,HT1,14900,14630,14820,14730,14332.8662109375,909760,13400764800
2020-12-16,HT1,14850,14550,14820,14680,14289.953125,1554020,22813013600
2020-12-17,HT1,14950,14510,14630,14680,14289.953125,1267060,18600440800
2020-12-18,HT1,15300,14630,14730,15130,14719.0810546875,1920970,29064276100
2020-12-21,HT1,15170,14850,15040,14950,14547.431640625,1530960,22887852000
2020-12-22,HT1,15960,14820,14990,15780,15362.7724609375,2848710,44952643800
2020-12-23,HT1,15870,15420,15780,15510,15105.296875,1192140,18490091400
2020-12-24,HT1,15510,14460,15510,14850,14461.6044921875,1204840,17891874000
2020-12-25,HT1,15350,14550,14820,14990,14590.3427734375,1592820,23876371800
2020-12-28,HT1,15730,14990,15350,15350,14933.6435546875,1294730,19874105500
2020-12-29,HT1,15700,15130,15380,15560,15148.2099609375,1663170,25878925200
2020-12-30,HT1,15650,15260,15560,15300,14890.73046875,1105660,16916598000
2020-12-31,HT1,15420,15210,15300,15380,14976.5576171875,790460,12157274800
2021-01-04,HT1,16230,15380,15700,16000,15577.3369140625,2349500,37592000000
2021-01-05,HT1,16850,15870,16000,16580,16135.203125,2513100,41667198000
2021-01-06,HT1,16930,16490,16580,16660,16221.02734375,1590000,26489400000
2021-01-07,HT1,16850,16350,16660,16760,16306.8544921875,1556700,26090292000
2021-01-08,HT1,17110,16660,16800,16760,16306.8544921875,1631200,27338912000
2021-01-11,HT1,16880,16400,16880,16660,16221.02734375,1104100,18394306000
2021-01-12,HT1,16710,16450,16490,16620,16178.1171875,818800,13608456000
2021-01-13,HT1,17020,16580,16760,16760,16306.8544921875,1528200,25612632000
2021-01-14,HT1,16930,16490,16930,16620,16178.1171875,840400,13967448000
2021-01-15,HT1,16850,16540,16620,16620,16178.1171875,1236100,20543982000
2021-01-18,HT1,16660,16350,16660,16490,16049.3759765625,1058900,17461261000
2021-01-19,HT1,16490,15350,16490,15420,15019.470703125,2054700,31683474000
2021-01-20,HT1,15600,14550,15170,15260,14847.8212890625,1173600,17909136000
2021-01-21,HT1,15730,15260,15600,15560,15148.2099609375,1061100,16510716000
2021-01-22,HT1,16000,15560,15650,15650,15234.0341796875,659900,10327435000
2021-01-25,HT1,16129,15510,15650,15780,15362.7724609375,766600,12096948000
2021-01-26,HT1,15870,14990,15780,15300,14890.73046875,522900,8000370000
2021-01-27,HT1,15470,14990,15420,15170,14761.994140625,876200,13291954000
2021-01-28,HT1,14630,14100,14280,14100,13732.0869140625,2577900,36348390000
2021-01-29,HT1,14990,13570,13570,14770,14375.779296875,284100,4196157000
2021-02-01,HT1,14770,14010,14770,14100,13732.0869140625,411900,5807790000
2021-02-02,HT1,14550,13930,14100,14460,14075.3896484375,318500,4605510000
2021-02-03,HT1,14990,14550,14630,14990,14590.3427734375,344700,5167053000
2021-02-04,HT1,15080,14680,15080,14820,14418.69140625,278300,4124406000
2021-02-05,HT1,15210,14820,14820,15040,14633.25390625,432400,6503296000
2021-02-08,HT1,15260,14550,14990,14680,14289.953125,590700,8671476000
2021-02-09,HT1,15260,14590,14850,14990,14289.953125,463100,6941869000
2021-02-17,HT1,15420,14950,15260,15420,15019.470703125,1315100,20278842000
2021-02-18,HT1,15700,15260,15700,15350,14933.6435546875,693100,10639085000
2021-02-19,HT1,15350,15170,15170,15350,14933.6435546875,968600,14868010000
2021-02-22,HT1,15700,15260,15380,15560,15148.2099609375,1672000,26016320000
2021-02-23,HT1,16309,15210,15560,15870,15448.599609375,2010800,31911396000
2021-02-24,HT1,16129,15260,15870,15510,15448.599609375,1496700,23213817000
2021-02-25,HT1,15560,15130,15510,15350,15448.599609375,1319300,20251255000
2021-02-26,HT1,15560,14900,15170,15420,15019.470703125,1010400,15580368000
2021-03-01,HT1,15600,15350,15510,15600,15191.123046875,943400,14717040000
2021-03-02,HT1,15870,15380,15700,15600,15191.123046875,1700000,26520000000
2021-03-03,HT1,16040,15420,15650,15820,15405.685546875,1521600,24071712000
2021-03-04,HT1,15910,15080,15870,15350,14933.6435546875,1140800,17511280000
2021-03-05,HT1,15380,14950,15260,15260,14847.8212890625,1524500,23263870000
2021-03-08,HT1,15560,15130,15510,15260,14847.8212890625,1878600,28667436000
2021-03-09,HT1,16309,15210,15260,16309,15877.724609375,5542800,90397525200
2021-03-10,HT1,16620,16090,16490,16090,15663.1611328125,1705400,27439886000
2021-03-11,HT1,16580,15960,16129,16230,15791.9013671875,2506700,40683741000
2021-03-12,HT1,16710,16129,16400,16400,15963.55078125,2693600,44175040000
2021-03-15,HT1,16710,16350,16400,16450,16006.4638671875,1389400,22855630000
2021-03-16,HT1,16540,16230,16490,16350,15920.638671875,1663600,27199860000
2021-03-17,HT1,16350,16090,16309,16180,15748.9873046875,1548700,25057966000
2021-03-18,HT1,16400,16129,16309,16270,15834.814453125,800000,13016000000
2021-03-19,HT1,16540,16129,16309,16490,16049.3759765625,1134700,18711203000
2021-03-22,HT1,16660,16350,16580,16400,15963.55078125,1090800,17889120000
2021-03-23,HT1,17230,16620,16620,16980,16521.419921875,4132000,70161360000
2021-03-24,HT1,16980,16230,16660,16490,16049.3759765625,1608100,26517569000
2021-03-25,HT1,16620,16090,16450,16309,15877.724609375,1072000,17483248000
2021-03-26,HT1,16230,15210,15870,15870,15448.599609375,2142200,33996714000
2021-03-29,HT1,16230,15820,16040,16230,15791.9013671875,1078600,17505678000
2021-03-30,HT1,16309,16040,16230,16230,15791.9013671875,707500,11482725000
2021-03-31,HT1,16230,15960,16180,16180,15748.9873046875,939500,15201110000
2021-04-01,HT1,16490,15960,16230,16309,15877.724609375,1372100,22377578900
2021-04-02,HT1,16760,16309,16760,16400,15963.55078125,949600,15573440000
2021-04-05,HT1,16490,16180,16400,16309,15877.724609375,1029500,16790115500
2021-04-06,HT1,16350,16180,16230,16230,15791.9013671875,948900,15400647000
2021-04-07,HT1,16580,16000,16129,16490,16049.3759765625,1449500,23902255000
2021-04-08,HT1,16620,16309,16540,16450,16006.4638671875,842900,13865705000
2021-04-09,HT1,16450,16129,16400,16350,15920.638671875,838600,13711110000
2021-04-12,HT1,16540,16230,16309,16400,15963.55078125,1239300,20324520000
2021-04-13,HT1,16490,16040,16450,16090,15663.1611328125,948600,15262974000
2021-04-14,HT1,16230,15870,16090,16090,15663.1611328125,880900,14173681000
2021-04-15,HT1,16129,15870,16090,15870,15448.599609375,869100,13792617000
2021-04-16,HT1,15910,15130,15780,15420,15019.470703125,1193200,18399144000
2021-04-19,HT1,15510,15260,15420,15420,15019.470703125,655200,10103184000
2021-04-20,HT1,15700,14990,15510,15210,14804.9072265625,1006300,15305823000
2021-04-22,HT1,15130,14200,15130,14200,13817.9130859375,1783100,25320020000
2021-04-23,HT1,14900,13980,14200,14900,14504.517578125,1200100,17881490000
2021-04-26,HT1,15080,14280,15080,14420,14032.4765625,669400,9652748000
2021-04-27,HT1,14550,14100,14370,14370,13989.5634765625,306300,4401531000
2021-04-28,HT1,14510,14280,14420,14370,13989.5634765625,765800,11004546000
2021-04-29,HT1,14590,14370,14370,14420,14032.4765625,575800,8303036000
2021-05-04,HT1,14420,14100,14100,14280,13903.7373046875,546100,7798308000
2021-05-05,HT1,14730,14370,14550,14550,14161.2158203125,596600,8680530000
2021-05-06,HT1,14730,14420,14550,14420,14032.4765625,722800,10422776000
2021-05-07,HT1,14460,14060,14320,14150,13775.0,949400,13434010000
2021-05-10,HT1,14770,14010,14150,14680,14289.953125,1686400,24756352000
2021-05-11,HT1,14770,14150,14730,14370,13989.5634765625,1055700,15170409000
2021-05-12,HT1,14550,14240,14460,14510,14118.302734375,617200,8955572000
2021-05-13,HT1,14550,14240,14420,14280,13903.7373046875,1301400,18583992000
2021-05-14,HT1,14510,14240,14280,14240,13860.82421875,872900,12430096000
2021-05-17,HT1,14320,13670,14240,13670,13302.958984375,1593300,21780411000
2021-05-18,HT1,13750,13320,13670,13540,13174.220703125,1039400,14073476000
2021-05-19,HT1,13540,13180,13540,13180,12830.919921875,1557500,20527850000
2021-05-20,HT1,13320,13010,13050,13320,12959.6572265625,693500,9237420000
2021-05-21,HT1,13750,13050,13230,13540,13174.220703125,560800,7593232000
2021-05-24,HT1,13890,13490,13670,13840,13474.611328125,726300,10051992000
2021-05-25,HT1,13980,13750,13980,13790,13431.6982421875,494600,6820534000
2021-05-26,HT1,13750,13570,13750,13700,13345.8720703125,599600,8214520000
2021-05-27,HT1,13700,13410,13670,13490,13131.3076171875,667600,9005924000
2021-05-28,HT1,13570,13320,13490,13450,13088.3955078125,443500,5965075000
2021-05-31,HT1,13670,13360,13670,13490,13131.3076171875,465200,6275548000
2021-06-01,HT1,13890,13490,13490,13750,13388.78515625,508800,6996000000
2021-06-02,HT1,13980,13540,13570,13930,13560.4365234375,656300,9142259000
2021-06-03,HT1,14280,13930,14280,14200,13817.9130859375,944800,13416160000
2021-06-04,HT1,14240,13930,14200,14010,13646.263671875,642700,9004227000
2021-06-07,HT1,14280,13930,14010,14010,13646.263671875,901600,12631416000
2021-06-08,HT1,14200,13930,13980,13930,13646.263671875,747600,10414068000
2021-06-09,HT1,14010,13750,13890,13840,13474.611328125,486200,6729008000
2021-06-10,HT1,13930,13700,13930,13840,13474.611328125,372400,5154016000
2021-06-11,HT1,14100,13750,13930,13980,13603.349609375,573500,8017530000
2021-06-14,HT1,14550,14060,14100,14280,13903.7373046875,1251700,17874276000
2021-06-15,HT1,14510,14100,14320,14280,13903.7373046875,724100,10340148000
2021-06-16,HT1,15080,14280,14280,14850,14461.6044921875,1637900,24322815000
2021-06-17,HT1,14850,14510,14630,14820,14418.69140625,1148600,17022252000
2021-06-18,HT1,14850,14630,14820,14820,14418.69140625,913700,13541034000
2021-06-21,HT1,15420,14630,14630,15080,14676.16796875,1539400,23214152000
2021-06-22,HT1,15170,14850,15080,14850,14461.6044921875,850900,12635865000
2021-06-23,HT1,14850,14420,14850,14550,14161.2158203125,871500,12680325000
2021-06-24,HT1,14630,14320,14550,14320,13946.6513671875,785800,11252656000
2021-06-25,HT1,14420,14150,14370,14370,13989.5634765625,521600,7495392000
2021-06-28,HT1,14630,14240,14630,14370,13989.5634765625,414700,5959239000
2021-06-29,HT1,14420,14060,14420,14100,13732.0869140625,767100,10816110000
2021-06-30,HT1,14280,14060,14100,14100,13732.0869140625,359000,5061900000
2021-07-01,HT1,14240,13980,14200,14100,13732.0869140625,445200,6277320000
2021-07-02,HT1,14280,14100,14280,14280,13903.7373046875,606200,8656536000
2021-07-05,HT1,14370,13980,14320,14100,13903.7373046875,449000,6330900000
2021-07-06,HT1,14100,13670,14100,13670,13903.7373046875,318000,4347060000
2021-07-07,HT1,13670,13270,13670,13620,13903.7373046875,742900,10118298000
2021-07-08,HT1,13620,13410,13490,13410,13903.7373046875,356300,4777983000
2021-07-09,HT1,13570,13230,13410,13360,13002.5703125,429100,5732776000
2021-07-12,HT1,13270,12430,13270,12480,13002.5703125,1681800,20988864000
2021-07-13,HT1,12790,12520,12700,12700,12358.87890625,321700,4085590000
2021-07-14,HT1,12830,12520,12700,12650,12358.87890625,288700,3652055000
2021-07-15,HT1,12910,12560,12560,12870,12530.529296875,148300,1908621000
2021-07-16,HT1,13010,12790,12910,12790,12530.529296875,147300,1883967000
2021-07-19,HT1,12610,12340,12610,12340,12015.5771484375,409100,5048294000
2021-07-20,HT1,12910,12340,12700,12870,12530.529296875,384300,4945941000
2021-07-21,HT1,13280,12960,13060,13130,12788.0068359375,440200,5779826000
2021-07-22,HT1,13230,13010,13130,13230,12873.83203125,435600,5762988000
2021-07-23,HT1,13620,13130,13230,13230,12873.83203125,466700,6174441000
2021-07-26,HT1,13280,13060,13230,13230,12873.83203125,275300,3642219000
2021-07-27,HT1,13450,13180,13320,13320,12959.6572265625,450400,5999328000
2021-07-28,HT1,13450,13230,13280,13280,12916.7451171875,265400,3524512000
2021-07-29,HT1,13410,13280,13280,13280,12916.7451171875,215000,2855200000
2021-07-30,HT1,13840,13280,13410,13750,13388.78515625,640200,8802750000
2021-08-02,HT1,13980,13750,13750,13880,13517.5234375,598900,8312732000
2021-08-03,HT1,13880,13620,13880,13750,13388.78515625,503000,6916250000
2021-08-04,HT1,13880,13620,13750,13840,13388.78515625,502900,6960136000
2021-08-05,HT1,14370,13700,13750,14370,13989.5634765625,1078800,15502356000
2021-08-06,HT1,14510,14280,14370,14370,13989.5634765625,1063800,15286806000
2021-08-09,HT1,14510,14100,14100,14420,14032.4765625,709100,10225222000
2021-08-10,HT1,15380,14460,14460,15380,14032.4765625,6228000,95786640000
2021-08-11,HT1,16140,15600,15870,15600,15191.123046875,2388200,37255920000
2021-08-12,HT1,16670,15730,15960,16580,16135.203125,4156000,68906480000
2021-08-13,HT1,16309,15420,15960,16309,15877.724609375,4915100,80160365900
2021-08-16,HT1,17110,16450,16750,17070,16607.244140625,4289400,73220058000
2021-08-17,HT1,17720,16670,17070,17110,16607.244140625,3356100,57422871000
2021-08-18,HT1,17450,16710,17020,16930,16478.505859375,2977400,50407382000
2021-08-19,HT1,17640,16800,16930,17370,16907.630859375,4715200,81903024000
2021-08-20,HT1,17900,16400,17450,17190,16735.98046875,4674200,80349498000
2021-08-23,HT1,17540,16750,17020,16890,16435.59375,2189300,36977277000
2021-08-24,HT1,17280,15960,16890,16490,16049.3759765625,3299600,54410404000
2021-08-25,HT1,16670,15960,16580,16670,16221.02734375,1459700,24333199000
2021-08-26,HT1,17320,16620,16890,17160,16693.0703125,3046400,52276224000
2021-08-27,HT1,18340,17070,17320,18340,17851.712890625,8765800,160764772000
2021-08-30,HT1,19610,18610,18870,19040,18538.31640625,4128600,78608544000
2021-08-31,HT1,19350,18610,18870,18960,18452.494140625,3224200,61130832000
2021-09-01,HT1,19830,18570,18570,19830,19310.748046875,4350500,86270415000
2021-09-06,HT1,20100,18960,19830,19210,18709.970703125,4553000,87463130000
2021-09-07,HT1,19750,18790,18960,18870,18366.666015625,3868600,73000482000
2021-09-08,HT1,19350,18640,18690,18870,18366.666015625,2097900,39587373000
2021-09-09,HT1,19830,18960,19130,19580,19053.2734375,2589900,50710242000
2021-09-10,HT1,19580,18960,19580,19350,18838.70703125,2232800,43204680000
2021-09-13,HT1,19480,19000,19170,19350,18838.70703125,2411300,46658655000
2021-09-14,HT1,19390,18790,19350,19000,18495.404296875,2328700,44245300000
2021-09-15,HT1,20330,18740,18960,20330,19782.7890625,6633100,134850923000
2021-09-16,HT1,20900,20290,20850,20460,19911.52734375,2336200,47798652000
2021-09-17,HT1,20930,20190,20630,20550,19997.3515625,4325400,88886970000
2021-09-20,HT1,20770,19580,20630,19930,19396.572265625,6699300,133517049000
2021-09-21,HT1,20020,19000,19000,19790,19396.572265625,4555500,90153345000
2021-09-22,HT1,20150,19530,20150,19580,19396.572265625,3349300,65579294000
2021-09-23,HT1,20060,19480,19660,19580,19053.2734375,3175700,62180206000
2021-09-24,HT1,19610,18960,19530,19000,18495.404296875,2720500,51689500000
2021-09-27,HT1,19530,18690,19000,18830,18323.75390625,3097800,58331574000
2021-09-28,HT1,19210,18830,18830,19210,18709.970703125,1834900,35248429000
2021-09-29,HT1,20550,19390,19390,20550,19997.3515625,11745500,241370025000
2021-09-30,HT1,20900,20240,20900,20460,19911.52734375,3905700,79910622000
2021-10-01,HT1,21290,20190,20330,20900,20340.65625,5075600,106080040000
2021-10-04,HT1,21550,20360,20900,20900,20340.65625,5808600,121399740000
2021-10-05,HT1,21110,20680,20900,20680,20126.087890625,3607500,74603100000
2021-10-06,HT1,22080,20730,20730,22080,20126.087890625,6692000,147759360000
2021-10-07,HT1,22740,21740,22080,21820,21241.822265625,3618900,78964398000
2021-10-08,HT1,22310,21600,21960,22050,21241.822265625,3488500,76921425000
2021-10-11,HT1,22620,21770,22230,21910,21241.822265625,3106000,68052460000
2021-10-12,HT1,22310,21600,21770,21870,21284.734375,3555500,77758785000
2021-10-13,HT1,22130,21740,21870,21820,21241.822265625,3685800,80424156000
2021-10-14,HT1,22920,21910,22480,22050,21241.822265625,4642200,102360510000
2021-10-15,HT1,22480,21690,22400,21870,21284.734375,4326200,94613994000
2021-10-18,HT1,22350,21650,21770,21740,21284.734375,4202200,91355828000
2021-10-19,HT1,21740,21160,21740,21160,20598.1328125,5012200,106058152000
2021-10-20,HT1,22050,20980,21330,21500,20941.431640625,3084200,66310300000
2021-10-21,HT1,21330,20730,21070,20810,20254.830078125,5819600,121105876000
2021-10-22,HT1,21600,20810,20810,21380,20812.693359375,4774000,102068120000
2021-10-25,HT1,22000,21160,21740,21250,20812.693359375,3445100,73208375000
2021-10-26,HT1,21500,20770,20980,21500,20812.693359375,2168700,46627050000
2021-10-27,HT1,22480,21480,21740,22260,20812.693359375,7364200,163927092000
2021-10-28,HT1,22580,22050,22580,22050,21456.38671875,4216900,92982645000
2021-10-29,HT1,22400,21770,22050,21820,21241.822265625,3560900,77698838000
2021-11-01,HT1,21910,21160,21820,21160,21241.822265625,4692900,99301764000
2021-11-02,HT1,21870,21110,21160,21430,21284.734375,2904900,62252007000
2021-11-03,HT1,21960,19930,21690,20060,19525.310546875,5180500,103920830000
2021-11-04,HT1,21160,19970,20290,20850,20297.7421875,2899600,60456660000
2021-11-05,HT1,21290,20810,20850,21160,20598.1328125,1584300,33523788000
2021-11-08,HT1,22000,21160,21480,21740,21155.99609375,3120600,67841844000
2021-11-09,HT1,21910,21250,21910,21500,20941.431640625,2631900,56585850000
2021-11-10,HT1,22480,21250,21500,22480,21885.513671875,5289500,118907960000
2021-11-11,HT1,23100,22050,23100,22650,22057.166015625,5484000,124212600000
2021-11-12,HT1,23980,22650,22650,23980,23344.548828125,7471200,179159376000
2021-11-15,HT1,24460,23720,24250,24080,23430.373046875,5372800,129377024000
2021-11-16,HT1,24870,23100,23800,24420,23773.67578125,5193600,126827712000
2021-11-17,HT1,24160,23630,24080,23630,23001.24609375,2637200,62317036000
2021-11-18,HT1,24080,22960,23630,23370,22743.767578125,3535300,82619961000
2021-11-19,HT1,23980,21740,23370,22230,21628.037109375,5031300,111845799000
2021-11-22,HT1,22310,20680,22230,20680,20126.087890625,5510000,113946800000
2021-11-23,HT1,22050,20100,20100,22050,21456.38671875,2313600,51014880000
2021-11-24,HT1,22830,22000,22740,22000,21413.4765625,2504700,55103400000
2021-11-25,HT1,22400,21600,22050,21870,21284.734375,2676400,58532868000
2021-11-26,HT1,23150,21430,22050,22400,21799.689453125,4280400,95880960000
2021-11-29,HT1,23190,21600,21600,22830,22228.81640625,4184400,95529852000
2021-11-30,HT1,24080,23010,23370,23540,22915.421875,5005600,117831824000
2021-12-01,HT1,23540,23100,23370,23220,22615.03125,2419700,56185434000
2021-12-02,HT1,23720,23010,23010,23450,22829.595703125,2824000,66222800000
2021-12-03,HT1,23800,22480,23800,22480,21885.513671875,3030900,68134632000
2021-12-06,HT1,22880,22050,22230,22480,21885.513671875,2201200,49482976000
2021-12-07,HT1,22920,22480,22880,22790,22185.90234375,2111100,48111969000
2021-12-08,HT1,23270,22830,22920,22920,22314.642578125,2434900,55807908000
2021-12-09,HT1,23480,23010,23110,23200,22584.576171875,1724400,40006080000
2021-12-10,HT1,24400,23340,23340,23990,23349.39453125,3936700,94441433000
2021-12-13,HT1,24540,23570,24490,23570,22944.490234375,3407800,80321846000
2021-12-14,HT1,23110,22000,23110,22090,21504.8359375,7397300,163406357000
2021-12-15,HT1,22920,21300,21300,22330,21729.78515625,3863900,86280887000
2021-12-16,HT1,22470,21730,22190,21910,21324.87890625,2626900,57555379000
2021-12-17,HT1,22470,21490,21630,21910,21324.87890625,2729700,59807727000
2021-12-20,HT1,21860,21070,21810,21070,20515.072265625,3620700,76288149000
2021-12-21,HT1,21630,20530,21070,21350,20785.0078125,3318900,70858515000
2021-12-22,HT1,21770,20760,21770,20890,20335.1171875,2508200,52396298000
2021-12-23,HT1,21120,20200,20800,20430,19885.224609375,2314200,47279106000
2021-12-24,HT1,20980,20300,20760,20760,20200.150390625,1887400,39182424000
2021-12-27,HT1,21070,20380,21070,20430,19885.224609375,1450800,29639844000
2021-12-28,HT1,21530,20300,20530,21020,20470.083984375,3368500,70805870000
2021-12-29,HT1,21350,20840,20980,20890,20335.1171875,1316900,27510041000
2021-12-30,HT1,21120,20660,20800,20710,20155.16015625,1092300,22621533000
2021-12-31,HT1,21070,20620,20890,20660,20110.169921875,1323800,27349708000
2022-01-04,HT1,22090,20760,20760,22090,21504.8359375,3935700,86939613000
2022-01-05,HT1,22920,22140,22560,22190,21594.814453125,3077700,68294163000
2022-01-06,HT1,22190,21770,22190,21770,21189.91015625,1903000,41428310000
2022-01-07,HT1,22000,21350,21680,21730,21144.923828125,1960700,42606011000
2022-01-10,HT1,22140,21170,21450,21400,20695.03125,3182400,68103360000
2022-01-11,HT1,21910,20980,21170,21070,20515.072265625,2087000,43973090000
2022-01-12,HT1,21910,20660,21070,21730,21144.923828125,2281200,49570476000
2022-01-13,HT1,22330,20980,22330,21070,20515.072265625,1453200,30618924000
2022-01-14,HT1,21400,20480,20480,20800,20245.138671875,1008000,20966400000
2022-01-17,HT1,21170,19360,21170,19360,18850.47265625,3023600,58536896000
2022-01-18,HT1,19360,18120,18870,18490,17995.677734375,1574300,29108807000
2022-01-19,HT1,18950,18440,18490,18950,18445.5703125,739200,14007840000
2022-01-20,HT1,19780,18870,18950,19780,19255.376953125,867300,17155194000
2022-01-21,HT1,20150,19130,20150,19130,18625.529296875,1270200,24298926000
2022-01-24,HT1,18820,17840,18020,17840,17365.830078125,1948600,34763024000
2022-01-25,HT1,18490,17110,17110,18350,17860.7109375,828700,15206645000
2022-01-26,HT1,18590,17660,18590,17660,17185.873046875,1120400,19786264000
2022-01-27,HT1,17740,17230,17740,17560,17095.89453125,556000,9763360000
2022-01-28,HT1,17840,17280,17840,17460,17005.91796875,814000,14212440000
2022-02-07,HT1,18670,17740,17890,18670,18175.63671875,995400,18584118000
2022-02-08,HT1,19690,18390,18670,19500,18985.44140625,1323200,25802400000
2022-02-09,HT1,20060,19410,19500,20060,19525.310546875,1053800,21139228000
2022-02-10,HT1,20380,19410,20150,19870,19345.357421875,1291100,25654157000
2022-02-11,HT1,20060,19590,20060,19970,19435.33203125,588700,11756339000
2022-02-14,HT1,20330,19410,19410,19460,18940.453125,983700,19142802000
2022-02-15,HT1,19870,19410,19500,19820,18940.453125,628600,12458852000
2022-02-16,HT1,20150,19870,19920,20150,19615.291015625,712400,14354860000
2022-02-17,HT1,20300,19780,20150,19970,19435.33203125,498000,9945060000
2022-02-18,HT1,20250,19590,19690,20100,19570.30078125,834400,16771440000
2022-02-21,HT1,20930,19870,19870,20890,20335.1171875,1957800,40898442000
2022-02-22,HT1,20840,19870,20660,20760,20200.150390625,1320600,27415656000
2022-02-23,HT1,21070,20530,20760,20760,20200.150390625,833800,17309688000
2022-02-24,HT1,20800,19590,20620,20100,19570.30078125,1868800,37562880000
2022-02-25,HT1,20480,20150,20150,20200,19660.279296875,605700,12235140000
2022-02-28,HT1,21120,19970,20150,21020,20470.083984375,1600600,33644612000
2022-03-01,HT1,21530,20980,21260,21170,20605.052734375,2203300,46643861000
2022-03-02,HT1,21350,20530,21170,20530,19975.205078125,1088300,22342799000
2022-03-03,HT1,21630,20530,20570,21170,20605.052734375,2077300,43976441000
2022-03-04,HT1,21490,21170,21450,21170,20605.052734375,2099700,44450649000
2022-03-07,HT1,21530,20530,20530,21170,20605.052734375,1556200,32944754000
2022-03-08,HT1,21120,20430,21070,20570,20020.193359375,1553100,31947267000
2022-03-09,HT1,20800,19870,20620,20250,19705.26953125,1432300,29004075000
2022-03-10,HT1,21170,20430,20620,20980,20425.095703125,1134500,23801810000
2022-03-11,HT1,22420,20800,20980,22420,21819.759765625,8258200,185148844000
2022-03-14,HT1,23290,22420,23110,22560,21954.728515625,4111700,92759952000
2022-03-15,HT1,23290,21730,22370,22640,22044.70703125,2869600,64967744000
2022-03-16,HT1,23110,22190,22640,22640,22044.70703125,2989600,67684544000
2022-03-17,HT1,23520,22470,22690,22560,21954.728515625,3051300,68837328000
2022-03-18,HT1,22960,22000,22370,22000,21414.859375,2943600,64759200000
2022-03-21,HT1,22640,21960,22050,22470,21864.751953125,2886000,64848420000
2022-03-22,HT1,22730,22050,22730,22370,21774.771484375,2706500,60544405000
2022-03-23,HT1,22560,22000,22560,22190,21594.814453125,2775100,61579469000
2022-03-24,HT1,23060,22000,22000,22640,22044.70703125,3721300,84250232000
2022-03-25,HT1,22960,22560,22920,22920,22314.642578125,2599100,59571372000
2022-03-28,HT1,23940,22640,22730,23570,22944.490234375,5766600,135918762000
2022-03-29,HT1,23990,23340,23570,23570,22944.490234375,2397500,56509075000
2022-03-30,HT1,23800,22730,23570,22730,22134.68359375,2920300,66378419000
2022-03-31,HT1,22920,22090,22640,22090,21504.8359375,2269800,50139882000
2022-04-01,HT1,22560,21300,21730,22560,21954.728515625,2868200,64706592000
2022-04-04,HT1,23010,22190,22640,22370,21774.771484375,1716900,38407053000
2022-04-05,HT1,22920,22230,22370,22830,22224.6640625,1672600,38185458000
2022-04-06,HT1,24220,22640,22730,23760,23124.447265625,6678300,158676408000
2022-04-07,HT1,23990,23200,23900,23200,22584.576171875,1883200,43690240000
2022-04-08,HT1,24490,22960,23480,23570,22944.490234375,4184000,98616880000
2022-04-12,HT1,24910,23340,23570,23340,22719.54296875,4297000,100291980000
2022-04-13,HT1,23760,21810,23340,23290,22674.556640625,2401000,55919290000
2022-04-14,HT1,23670,22510,23200,22640,22044.70703125,2985900,67600776000
2022-04-15,HT1,22730,21530,22280,22050,21459.845703125,5096500,112377825000
2022-04-18,HT1,21910,20530,21630,20530,19975.205078125,3731900,76615907000
2022-04-19,HT1,21170,19970,20800,20330,19795.24609375,2337600,47523408000
2022-04-20,HT1,20760,19320,20530,19320,18805.484375,1772700,34248564000
2022-04-21,HT1,19220,17980,19000,18310,17815.72265625,2768300,50687573000
2022-04-22,HT1,18820,17110,18310,18440,17950.69140625,1842800,33981232000
2022-04-25,HT1,18540,17190,18540,17190,16735.98046875,1481500,25466985000
2022-04-26,HT1,17190,15990,16180,17190,16735.98046875,1859000,31956210000
2022-04-27,HT1,17330,16730,16960,17160,16690.9921875,1076400,18471024000
2022-04-28,HT1,17660,17110,17230,17190,16735.98046875,1063800,18286722000
2022-04-29,HT1,17660,16730,17110,17420,16960.927734375,1070600,18649852000
2022-05-04,HT1,18620,17560,17740,18590,18085.65625,1833200,34079188000
2022-05-05,HT1,18870,17980,18770,18390,17905.701171875,1249500,22978305000
2022-05-06,HT1,18160,17190,17700,17190,16735.98046875,1236600,21257154000
2022-05-09,HT1,16730,15990,16730,15990,15566.2626953125,2511500,40158885000
2022-05-10,HT1,16360,15070,15070,16219,15791.208984375,979700,15889754300
2022-05-11,HT1,16550,15570,16550,15900,15476.283203125,936000,14882400000
2022-05-12,HT1,16079,14790,15800,14790,14396.54296875,1642600,24294054000
2022-05-13,HT1,14880,13770,14320,13770,13406.78125,1612200,22199994000
2022-05-16,HT1,14520,13720,13860,13720,13361.7919921875,948500,13013420000
2022-05-17,HT1,14650,13720,13720,14650,14261.576171875,810400,11872360000
2022-05-18,HT1,15260,14650,14840,15120,14711.4677734375,755000,11415600000
2022-05-19,HT1,15160,14420,14600,14840,14441.5322265625,675900,10030356000
2022-05-20,HT1,15480,14840,15070,15160,14756.4560546875,923000,13992680000
2022-05-23,HT1,15430,14600,15430,14840,14441.5322265625,630100,9350684000
2022-05-24,HT1,14930,14370,14750,14750,14351.5537109375,694100,10237975000
2022-05-25,HT1,15430,14700,14980,15390,14981.4013671875,867600,13352364000
2022-05-26,HT1,15900,15390,15430,15710,15296.3271484375,868100,13637851000
2022-05-27,HT1,16129,15710,15710,15710,15296.3271484375,877900,13791809000
2022-05-30,HT1,15950,15620,15710,15750,15341.31640625,989000,15576750000
2022-05-31,HT1,15990,15620,15750,15750,15341.31640625,872200,13737150000
2022-06-01,HT1,16219,15750,15750,15990,15566.2626953125,790300,12636897000
2022-06-02,HT1,16460,15710,16270,15950,15566.2626953125,1232800,19663160000
2022-06-03,HT1,15990,15520,15900,15620,15206.3486328125,762900,11916498000
2022-06-06,HT1,15800,15300,15620,15480,15071.380859375,671600,10396368000
2022-06-07,HT1,15710,14980,15390,15350,14936.4130859375,1152100,17684735000
2022-06-08,HT1,16079,15430,15480,15800,15386.3046875,1504600,23772680000
2022-06-09,HT1,16410,15710,15710,16360,15926.1748046875,1129600,18480256000
2022-06-10,HT1,17280,16079,16180,16640,16196.1103515625,2298600,38248704000
2022-06-13,HT1,16180,15480,15520,15480,15071.380859375,1533700,23741676000
2022-06-14,HT1,15620,14790,14790,14840,14441.5322265625,767100,11383764000
2022-06-15,HT1,15120,13860,14790,14050,13676.7158203125,1564600,21982630000
2022-06-16,HT1,14790,14090,14600,14750,14351.5537109375,804300,11863425000
2022-06-17,HT1,14420,13770,14050,14000,13631.7275390625,1134200,15878800000
2022-06-20,HT1,14790,13450,14090,13500,13136.8447265625,1161900,15685650000
2022-06-21,HT1,14140,12940,12940,13630,13271.8134765625,640900,8735467000
2022-06-22,HT1,14140,13720,14140,13960,13586.7373046875,614400,8577024000
2022-06-23,HT1,14700,13770,13860,14560,14171.5966796875,440900,6419504000
2022-06-24,HT1,14700,14280,14600,14320,13946.6513671875,407300,5832536000
2022-06-27,HT1,14700,14050,14320,14700,14306.5654296875,573200,8426040000
2022-06-28,HT1,14790,14470,14790,14650,14261.576171875,623600,9135740000
2022-06-29,HT1,14650,14280,14370,14280,13901.662109375,643200,9184896000
2022-06-30,HT1,14650,13910,14650,14320,13946.6513671875,633900,9077448000
2022-07-01,HT1,14280,13450,14090,14000,13631.7275390625,417100,5839400000
2022-07-04,HT1,14790,14050,14050,14420,14036.62890625,631800,9110556000
2022-07-05,HT1,14700,13860,14700,13960,13586.7373046875,644400,8995824000
2022-07-06,HT1,14190,13770,13860,13810,13451.7705078125,536700,7411827000
2022-07-07,HT1,14140,13630,14140,13810,13451.7705078125,358900,4956409000
2022-07-08,HT1,14520,13910,14050,14240,13856.671875,421700,6005008000
2022-07-11,HT1,14600,14000,14000,14370,13991.6396484375,650800,9351996000
2022-07-12,HT1,14750,14320,14520,14750,13991.6396484375,741400,10935650000
2022-07-13,HT1,15260,14700,14790,14980,14576.5,918900,13765122000
2022-07-14,HT1,14980,14650,14750,14790,14396.54296875,562600,8320854000
2022-07-15,HT1,15210,14560,14790,14790,14396.54296875,704300,10416597000
2022-07-18,HT1,15350,14750,14880,14980,14576.5,666500,9984170000
2022-07-19,HT1,15070,14700,15070,14980,14576.5,431400,6462372000
2022-07-20,HT1,15260,14980,15210,15070,14666.478515625,758000,11423060000
2022-07-21,HT1,15570,14980,15160,15070,14666.478515625,1205200,18162364000
2022-07-22,HT1,15260,14840,14930,14840,14441.5322265625,597100,8860964000
2022-07-25,HT1,14930,14560,14790,14560,14171.5966796875,654600,9530976000
2022-07-26,HT1,14880,14470,14600,14600,14216.5859375,471100,6878060000
2022-07-27,HT1,14650,14320,14520,14600,14216.5859375,375800,5486680000
2022-07-28,HT1,15160,14750,14880,14880,14486.5224609375,715700,10649616000
2022-07-29,HT1,15070,14880,15020,14930,14531.5107421875,508800,7596384000
2022-08-01,HT1,15350,14790,14790,15260,14846.435546875,1309100,19976866000
2022-08-02,HT1,15570,15260,15260,15390,15026.392578125,955900,14711301000
2022-08-03,HT1,15520,15070,15070,15520,15116.3701171875,754800,11714496000
2022-08-04,HT1,15750,15300,15750,15430,15026.392578125,917500,14157025000
2022-08-05,HT1,15570,15300,15350,15520,15116.3701171875,803400,12468768000
2022-08-08,HT1,15950,15520,15570,15710,15296.3271484375,931500,14633865000
2022-08-09,HT1,15850,15480,15710,15520,15116.3701171875,591800,9184736000
2022-08-10,HT1,15800,15350,15620,15710,15296.3271484375,1226900,19274599000
2022-08-11,HT1,15950,15260,15900,15480,15071.380859375,855600,13244688000
2022-08-12,HT1,15570,15210,15350,15390,14981.4013671875,822800,12662892000
2022-08-15,HT1,15710,15390,15430,15430,15026.392578125,525800,8113094000
2022-08-16,HT1,16079,15620,15710,15670,15251.3388671875,1330600,20850502000
2022-08-17,HT1,15750,15430,15670,15430,15026.392578125,631800,9748674000
2022-08-18,HT1,15480,15070,15430,15160,14756.4560546875,836100,12675276000
2022-08-19,HT1,15300,14790,15070,14930,14531.5107421875,943100,14080483000
2022-08-22,HT1,15070,14700,14750,14790,14396.54296875,664100,9822039000
2022-08-23,HT1,15260,14790,14790,15260,14846.435546875,464600,7089796000
2022-08-24,HT1,15260,15070,15260,15120,14711.4677734375,443900,6711768000
2022-08-25,HT1,15260,15120,15120,15260,14846.435546875,352000,5371520000
2022-08-26,HT1,15430,15070,15260,15070,14666.478515625,381900,5755233000
2022-08-29,HT1,14980,14520,14790,14790,14396.54296875,856700,12670593000
2022-08-30,HT1,14980,14600,14790,14750,14351.5537109375,389400,5743650000
2022-08-31,HT1,14840,14520,14700,14750,14351.5537109375,288700,4258325000
2022-09-05,HT1,14980,14700,14750,14980,14576.5,312800,4685744000
2022-09-06,HT1,15160,14750,14980,14790,14396.54296875,519600,7684884000
2022-09-07,HT1,14790,14140,14790,14280,13901.662109375,835200,11926656000
2022-09-08,HT1,14420,14140,14370,14190,13811.6826171875,365300,5183607000
2022-09-09,HT1,14750,14140,14370,14320,13946.6513671875,332800,4765696000
2022-09-12,HT1,14600,14320,14370,14320,13946.6513671875,319000,4568080000
2022-09-13,HT1,14520,14240,14370,14240,13856.671875,282000,4015680000
2022-09-14,HT1,14370,13860,14050,14140,13766.6953125,443400,6269676000
2022-09-15,HT1,14370,14140,14320,14240,13856.671875,307500,4378800000
2022-09-16,HT1,14320,14090,14240,14140,13766.6953125,380300,5377442000
2022-09-19,HT1,14240,13860,14140,13860,13496.7587890625,535300,7419258000
2022-09-20,HT1,14090,13810,13860,14090,13721.705078125,317700,4476393000
2022-09-21,HT1,14280,13960,14090,14140,13766.6953125,335100,4738314000
2022-09-22,HT1,14470,14050,14140,14420,14036.62890625,626400,9032688000
2022-09-23,HT1,14760,14270,14760,14320,13943.052734375,426400,6106048000
2022-09-26,HT1,14320,13410,14130,13740,13381.587890625,689600,9475104000
2022-09-27,HT1,14370,13560,13790,14270,13896.263671875,752000,10731040000
2022-09-28,HT1,14320,13740,14130,13740,13381.587890625,539200,7408608000
2022-09-29,HT1,14180,13510,14130,13560,13194.431640625,511800,6940008000
2022-09-30,HT1,13460,12790,13460,13270,12913.7001953125,460600,6112162000
2022-10-03,HT1,13410,12350,13370,12350,12024.712890625,565500,6983925000
2022-10-04,HT1,12690,11540,12400,11540,11229.3037109375,545000,6289300000
2022-10-05,HT1,12010,11540,11870,11920,11603.6142578125,366400,4367488000
2022-10-06,HT1,11920,11100,11920,11100,10808.2041015625,501000,5561100000
2022-10-07,HT1,11100,10330,11100,10330,10059.5859375,872500,9012925000
2022-10-10,HT1,10810,9710,9710,10670,10387.1064453125,491000,5238970000
2022-10-11,HT1,10910,9950,10910,10040,9778.8525390625,261500,2625460000
2022-10-12,HT1,10720,9910,10040,10480,10199.951171875,306400,3211072000
2022-10-13,HT1,10620,10190,10380,10480,10199.951171875,191700,2009016000
2022-10-14,HT1,10860,10480,10770,10670,10387.1064453125,270700,2888369000
2022-10-17,HT1,10910,10380,10480,10670,10387.1064453125,239100,2551197000
2022-10-18,HT1,10910,10670,10670,10810,10527.47265625,264800,2862488000
2022-10-19,HT1,10960,10620,10860,10810,10527.47265625,144800,1565288000
2022-10-20,HT1,10960,10570,10810,10720,10433.8955078125,356000,3816320000
2022-10-21,HT1,10860,9990,10860,9990,9732.0625,425900,4254741000
2022-10-24,HT1,10380,9310,10090,9330,9077.0205078125,477400,4454142000
2022-10-25,HT1,9660,8700,9330,9150,8908.5810546875,795300,7276995000
2022-10-26,HT1,9570,9080,9140,9100,8861.7919921875,296200,2695420000
2022-10-27,HT1,9520,9130,9210,9480,9226.7451171875,311900,2956812000
2022-10-28,HT1,9760,9370,9480,9710,9451.3310546875,353100,3428601000
2022-10-31,HT1,9810,9430,9570,9620,9357.7529296875,408700,3931694000
2022-11-01,HT1,9810,9620,9810,9760,9498.119140625,330800,3228608000
2022-11-02,HT1,9860,9520,9760,9710,9451.3310546875,232200,2254662000
2022-11-03,HT1,9760,9480,9620,9710,9451.3310546875,288000,2796480000
2022-11-04,HT1,9810,9230,9620,9370,9114.451171875,240700,2255359000
2022-11-07,HT1,9420,8710,9380,8710,8478.1240234375,469000,4084990000
2022-11-08,HT1,8940,8170,8170,8750,8515.5556640625,312300,2732625000
2022-11-09,HT1,9040,8710,9040,8750,8515.5556640625,219300,1918875000
2022-11-10,HT1,8750,8140,8750,8140,7926.0166015625,788400,6417576000
2022-11-11,HT1,8430,8130,8210,8140,7916.6591796875,481400,3918596000
2022-11-14,HT1,8090,7600,7690,7720,7514.275390625,451000,3481720000
2022-11-15,HT1,7690,7180,7260,7180,6990.24169921875,815800,5857444000
2022-11-16,HT1,7680,6680,6680,7680,7476.8447265625,777800,5973504000
2022-11-17,HT1,8029,7700,8029,7980,7766.93505859375,229100,1828218000
2022-11-18,HT1,8170,7640,7980,8160,7944.732421875,327500,2672400000
2022-11-21,HT1,8440,8100,8100,8300,8085.09912109375,256200,2126460000
2022-11-22,HT1,8760,8290,8300,8630,8403.26171875,612600,5286738000
2022-11-23,HT1,8660,8380,8650,8400,8178.6767578125,288100,2420040000
2022-11-24,HT1,8380,8140,8180,8240,8028.95166015625,239700,1975128000
2022-11-25,HT1,8500,8370,8440,8470,8244.1796875,210200,1780394000
2022-11-28,HT1,9060,8520,8520,9060,8815.0029296875,833600,7552416000
2022-11-29,HT1,9660,9230,9510,9620,9357.7529296875,868700,8356894000
2022-11-30,HT1,9950,9420,9420,9810,9544.908203125,783400,7685154000
2022-12-01,HT1,10190,9760,9760,9860,9591.697265625,688300,6786638000
2022-12-02,HT1,9910,9590,9660,9910,9638.486328125,440500,4365355000
2022-12-05,HT1,10280,9910,10280,10090,9825.6416015625,471200,4754408000
2022-12-06,HT1,10280,9860,10090,9860,9591.697265625,1112200,10966292000
2022-12-07,HT1,9860,9620,9660,9660,9404.5419921875,410500,3965430000
2022-12-08,HT1,10140,9660,9660,9910,9638.486328125,353700,3505167000
2022-12-09,HT1,10380,9760,9910,10380,10106.373046875,707400,7342812000
2022-12-12,HT1,10860,10380,10570,10570,10293.5283203125,638200,6745774000
2022-12-13,HT1,10570,9990,10570,10380,10106.373046875,424200,4403196000
2022-12-14,HT1,10720,10190,10520,10230,9966.0068359375,478200,4891986000
2022-12-15,HT1,10330,10190,10330,10280,10012.7958984375,161900,1664332000
2022-12-16,HT1,10670,9990,10230,10520,10246.740234375,810900,8530668000
2022-12-19,HT1,10910,10520,10670,10670,10387.1064453125,786100,8387687000
2022-12-20,HT1,10670,9950,10570,9950,9685.275390625,1280800,12743960000
2022-12-21,HT1,10190,9580,9990,9990,9732.0625,539700,5391603000
2022-12-22,HT1,10280,9760,10230,9860,9591.697265625,185500,1829030000
2022-12-23,HT1,9950,9620,9860,9860,9591.697265625,153700,1515482000
2022-12-26,HT1,9910,9420,9860,9470,9217.38671875,374100,3542727000
2022-12-27,HT1,9990,9580,9620,9810,9544.908203125,382800,3755268000
2022-12-28,HT1,10190,9660,10090,10040,9778.8525390625,214000,2148560000
2022-12-29,HT1,10140,9860,9860,9910,9638.486328125,130600,1294246000
2022-12-30,HT1,10090,9860,10090,9950,9685.275390625,235300,2341235000
2023-01-03,HT1,10620,9990,9990,10620,10340.3173828125,662100,7031502000
2023-01-04,HT1,11250,10670,11150,10960,10667.837890625,845100,9262296000
2023-01-05,HT1,11250,10860,11010,11010,10714.6279296875,494000,5438940000
2023-01-06,HT1,11150,10480,10960,10670,10387.1064453125,443200,4728944000
2023-01-09,HT1,10960,10520,10670,10520,10246.740234375,365200,3841904000
2023-01-10,HT1,11250,10670,10670,11250,10948.5712890625,1461700,16444125000
2023-01-11,HT1,12010,11540,12010,11920,11603.6142578125,1200400,14308768000
2023-01-12,HT1,12590,11920,12010,12590,12258.65625,1783500,22454265000
2023-01-13,HT1,12930,12010,12790,12400,12071.501953125,1942600,24088240000
2023-01-16,HT1,12830,12400,12400,12830,12492.6005859375,1048000,13445840000
2023-01-17,HT1,13270,12540,12930,12930,12586.177734375,1310700,16947351000
2023-01-18,HT1,13410,12450,13410,12540,12211.8681640625,1409500,17675130000
2023-01-19,HT1,13270,12350,12590,12790,12445.8125,1216500,15559035000
2023-01-27,HT1,13370,12830,12830,13120,12773.3330078125,915500,12011360000
2023-01-30,HT1,13560,13170,13170,13270,12913.7001953125,1835300,24354431000
2023-01-31,HT1,13790,12980,13220,13790,13428.3759765625,1172500,16168775000
2023-02-01,HT1,13840,12830,13790,12830,12492.6005859375,1223700,15700071000
2023-02-02,HT1,12980,12300,12690,12690,12352.234375,880600,11174814000
2023-02-03,HT1,13270,12690,12790,13170,12820.12109375,647700,8530209000
2023-02-06,HT1,13220,12500,13030,12880,12539.3896484375,346600,4464208000
2023-02-07,HT1,13080,12010,13030,12500,12165.080078125,807300,10091250000
2023-02-08,HT1,12830,11680,12740,12690,12352.234375,566800,7192692000
2023-02-09,HT1,12980,12500,12790,12590,12258.65625,493600,6214424000
2023-02-10,HT1,13220,12590,12590,12930,12586.177734375,868400,11228412000
2023-02-13,HT1,13740,12590,12880,13740,13381.587890625,2257700,31020798000
2023-02-14,HT1,13940,13220,13940,13510,13147.6435546875,904800,12223848000
2023-02-15,HT1,14420,13410,13510,14370,13989.841796875,2425700,34857309000
2023-02-16,HT1,14470,14030,14470,14420,14036.6298828125,1359100,19598222000
2023-02-17,HT1,14710,14080,14470,14230,13849.474609375,1123900,15993097000
2023-02-20,HT1,14900,14230,14320,14850,14457.7294921875,2139500,31771575000
2023-02-21,HT1,15100,14420,14900,14420,14036.6298828125,1312500,18926250000
2023-02-22,HT1,14760,13560,14030,13560,13194.431640625,2138300,28995348000
2023-02-23,HT1,14470,13510,13650,14470,14083.4189453125,1688800,24436936000
2023-02-24,HT1,15100,14420,14710,14470,14083.4189453125,1331300,19263911000
2023-02-27,HT1,14660,13980,14030,14080,13709.1083984375,1059500,14917760000
2023-02-28,HT1,14420,13460,14320,13460,13100.85546875,1164300,15671478000
2023-03-01,HT1,14080,13460,13460,14030,13662.3193359375,838300,11761349000
2023-03-02,HT1,14230,13840,13940,13890,13521.9541015625,513100,7126959000
2023-03-03,HT1,14420,13840,13940,14080,13709.1083984375,1637500,23056000000
2023-03-06,HT1,14560,14030,14420,14080,13709.1083984375,667000,9391360000
2023-03-07,HT1,14900,14030,14080,14810,14410.939453125,2010400,29774024000
2023-03-08,HT1,15050,14610,14610,15000,14598.0947265625,1410400,21156000000
2023-03-09,HT1,15190,14810,15000,14810,14410.939453125,1847600,27362956000
2023-03-10,HT1,14710,14270,14560,14320,13943.052734375,1884100,26980312000
2023-03-13,HT1,14610,14130,14130,14320,13943.052734375,1038100,14865592000
2023-03-14,HT1,14520,13650,14320,13790,13428.3759765625,1709800,23578142000
2023-03-15,HT1,14520,13940,14370,14520,14130.20703125,876300,12723876000
2023-03-16,HT1,14420,14180,14420,14230,13849.474609375,696200,9906926000
2023-03-17,HT1,14420,14130,14420,14230,13849.474609375,406700,5787341000
2023-03-20,HT1,14610,14030,14080,14030,13662.3193359375,846100,11870783000
2023-03-21,HT1,14470,13940,14470,14270,13896.263671875,569400,8125338000
2023-03-22,HT1,15000,14320,14370,14660,14317.36328125,2493400,36553244000
2023-03-23,HT1,15050,14560,14710,14810,14457.7294921875,1068000,15817080000
2023-03-24,HT1,15050,14470,15000,14520,14223.78515625,1322100,19196892000
2023-03-27,HT1,14810,14520,14710,14610,14410.939453125,887700,12969297000
2023-03-28,HT1,15340,14900,15000,14900,14317.36328125,2271400,33843860000
2023-03-29,HT1,15240,14710,14710,14850,14551.3056640625,1175000,17448750000
2023-03-30,HT1,15140,14610,15100,14810,14364.150390625,1325100,19624731000
2023-03-31,HT1,14810,14520,14760,14660,14130.20703125,1194400,17509904000
2023-04-03,HT1,14900,14470,14660,14850,14551.3056640625,1230600,18274410000
2023-04-04,HT1,15190,14850,15050,15050,14598.0947265625,1757400,26448870000
2023-04-05,HT1,15000,14610,14900,14810,14457.7294921875,1302700,19292987000
2023-04-06,HT1,15140,14710,14810,14850,14364.150390625,1524800,22643280000
2023-04-07,HT1,14810,14560,14710,14710,14410.939453125,765000,11253150000
2023-04-10,HT1,14850,14130,14710,14180,13755.8974609375,2160800,30640144000
2023-04-11,HT1,14230,13940,13940,14230,13802.6865234375,1100900,15665807000
2023-04-12,HT1,14320,14130,14270,14130,13709.1083984375,532300,7521399000
2023-04-13,HT1,14230,14030,14080,14030,13662.3193359375,405500,5689165000
2023-04-14,HT1,14180,13940,14080,13940,13568.7421875,526300,7336622000
2023-04-17,HT1,14030,13890,13940,13980,13755.8974609375,130800,1828584000
2023-04-18,HT1,14320,14030,14180,14270,13849.474609375,682400,9737848000
2023-04-19,HT1,14370,14030,14370,14030,13662.3193359375,358400,5028352000
2023-04-20,HT1,14180,13940,13940,13940,13615.53125,559700,7802218000
2023-04-21,HT1,13840,13370,13740,13460,13147.6435546875,1942900,26151434000
2023-04-24,HT1,13510,13120,13220,13120,12820.12109375,750500,9846560000
2023-04-25,HT1,13460,13080,13410,13080,12726.544921875,527400,6898392000
2023-04-26,HT1,13170,12930,13170,13080,12679.755859375,585500,7658340000
2023-04-27,HT1,13370,13030,13030,13080,12679.755859375,394900,5165292000
2023-04-28,HT1,13270,13080,13080,13220,12866.9111328125,296400,3918408000
2023-05-04,HT1,13560,13120,13120,13460,13241.2216796875,850400,11446384000
2023-05-05,HT1,13600,13320,13560,13510,13241.2216796875,455800,6157858000
2023-05-08,HT1,13650,13460,13600,13510,13147.6435546875,255700,3454507000
2023-05-09,HT1,13690,13460,13560,13560,13147.6435546875,287700,3901212000
2023-05-10,HT1,13600,13410,13600,13560,13194.431640625,434700,5894532000
2023-05-11,HT1,13840,13650,13650,13690,13334.7978515625,598900,8198941000
2023-05-12,HT1,14080,13560,13690,13840,13521.9541015625,778100,10768904000
2023-05-15,HT1,14030,13560,13940,13650,13288.0087890625,480700,6561555000
2023-05-16,HT1,13890,13560,13890,13650,13288.0087890625,540200,7373730000
2023-05-17,HT1,13790,13560,13790,13560,13147.6435546875,311900,4229364000
2023-05-18,HT1,13600,13270,13560,13320,12913.7001953125,679100,9045612000
2023-05-19,HT1,13320,13080,13320,13320,12913.7001953125,414200,5517144000
2023-05-22,HT1,13890,13270,13270,13790,13475.1640625,844300,11642897000
2023-05-23,HT1,13980,13600,13980,13650,13288.0087890625,428400,5847660000
2023-05-24,HT1,13790,13560,13690,13690,13288.0087890625,695600,9522764000
2023-05-25,HT1,14030,13510,13510,13790,13428.3759765625,875900,12078661000
2023-05-26,HT1,13980,13740,13840,13790,13428.3759765625,704600,9716434000
2023-05-29,HT1,14030,13790,13980,14030,13662.3193359375,1283800,18011714000
2023-05-30,HT1,14660,14030,14230,14610,14223.78515625,2415900,35296299000
2023-05-31,HT1,14810,14420,14810,14520,14130.20703125,1125900,16348068000
2023-06-01,HT1,14520,14270,14470,14420,14036.6298828125,1050600,15149652000
2023-06-02,HT1,14810,14270,14520,14470,14083.4189453125,1803000,26089410000
2023-06-05,HT1,14610,14370,14470,14470,14083.4189453125,817400,11827778000
2023-06-06,HT1,14610,14270,14420,14470,14083.4189453125,872500,12625075000
2023-06-07,HT1,15000,14560,14560,15000,14598.0947265625,2035900,30538500000
2023-06-08,HT1,15000,14560,14900,14560,14176.9970703125,954600,13898976000
2023-06-09,HT1,14610,14230,14560,14420,14036.6298828125,1274400,18376848000
2023-06-12,HT1,14560,14320,14420,14560,14176.9970703125,574400,8363264000
2023-06-13,HT1,14660,14470,14610,14470,14083.4189453125,410300,5937041000
2023-06-14,HT1,14610,14270,14610,14320,13943.052734375,492300,7049736000
2023-06-15,HT1,14320,14080,14270,14130,13755.8974609375,633800,8955594000
2023-06-16,HT1,14470,14130,14130,14130,13755.8974609375,942700,13320351000
2023-06-19,HT1,14420,13980,14370,14270,13896.263671875,741200,10576924000
2023-06-20,HT1,14660,14270,14370,14610,14223.78515625,836100,12215421000
2023-06-21,HT1,15620,14420,14710,15620,15206.3486328125,4854100,75821042000
2023-06-22,HT1,15860,15470,15860,15620,15206.3486328125,1188900,18570618000
2023-06-23,HT1,15860,15420,15670,15570,15159.560546875,2257000,35141490000
2023-06-26,HT1,15670,15100,15670,15670,15253.1376953125,2024600,31725482000
2023-06-27,HT1,16050,15620,15860,15810,15393.5048828125,1288500,20371185000
2023-06-28,HT1,15860,15620,15860,15670,15253.1376953125,732600,11479842000
2023-06-29,HT1,16149,15380,15670,15570,15159.560546875,1251200,19481184000
2023-06-30,HT1,15570,15340,15470,15570,15159.560546875,820500,12775185000
2023-07-03,HT1,16100,15620,15670,15670,15253.1376953125,979900,15355033000
2023-07-04,HT1,15860,15470,15860,15760,15346.71484375,1101700,17362792000
2023-07-05,HT1,16540,16000,16000,16340,15908.1806640625,2569000,41977460000
2023-07-06,HT1,16250,15860,16250,16050,15627.4482421875,1142800,18341940000
2023-07-07,HT1,16540,15860,16050,16540,16095.3349609375,1084300,17934322000
2023-07-10,HT1,16630,16200,16540,16540,16095.3349609375,1409500,23313130000
2023-07-11,HT1,16630,16050,16580,16100,15674.236328125,2163500,34832350000
2023-07-12,HT1,16340,15960,16149,16100,15674.236328125,819600,13195560000
2023-07-13,HT1,16290,15810,16290,15960,15533.8701171875,1646700,26281332000
2023-07-14,HT1,16340,15960,15960,16340,15908.1806640625,1729800,28264932000
2023-07-17,HT1,16540,16149,16540,16290,15861.392578125,1271600,20714364000
2023-07-18,HT1,16390,16050,16250,16290,15861.392578125,1448300,23592807000
2023-07-19,HT1,16340,16000,16290,16050,15627.4482421875,1114700,17890935000
2023-07-20,HT1,16490,15960,16050,16340,15908.1806640625,2410000,39379400000
2023-07-21,HT1,16580,16340,16440,16440,16001.7578125,1691200,27803328000
2023-07-24,HT1,16970,16340,16540,16780,16329.279296875,2101100,35256458000
2023-07-25,HT1,16830,16390,16780,16440,16001.7578125,1187900,19529076000
2023-07-26,HT1,16440,16050,16440,16290,15861.392578125,1577600,25699104000
2023-07-27,HT1,16340,15380,16340,16050,15627.4482421875,2186900,35099745000
2023-07-28,HT1,16200,15810,16050,16050,15627.4482421875,1369900,21986895000
2023-07-31,HT1,16200,15960,16000,16200,15767.8154296875,1061400,17194680000
2023-08-01,HT1,16730,16149,16200,16149,15721.025390625,2319700,37460835300
2023-08-02,HT1,16440,16100,16149,16290,15861.392578125,1003000,16338870000
2023-08-03,HT1,16390,16149,16340,16250,15814.603515625,1062000,17257500000
2023-08-04,HT1,16390,16100,16340,16250,15814.603515625,1155700,18780125000
2023-08-07,HT1,16780,16250,16390,16630,16188.9140625,2176600,36196858000
2023-08-08,HT1,16830,16340,16830,16340,15908.1806640625,1364300,22292662000
2023-08-09,HT1,16440,16200,16340,16290,15861.392578125,1093500,17813115000
2023-08-10,HT1,16290,15710,16290,15760,15346.71484375,1678700,26456312000
2023-08-11,HT1,15860,15290,15760,15710,15299.9267578125,1521800,23907478000
2023-08-14,HT1,16149,15710,15760,15910,15487.0830078125,984500,15663395000
2023-08-15,HT1,16050,15380,16000,15570,15159.560546875,1856700,28908819000
2023-08-16,HT1,16000,15380,15620,15520,15112.771484375,1838500,28533520000
2023-08-17,HT1,15470,15050,15380,15140,14738.4609375,3324300,50329902000
2023-08-18,HT1,15140,14080,15140,14080,13709.1083984375,2095300,29501824000
2023-08-21,HT1,14180,13510,14080,13650,13288.0087890625,993400,13559910000
2023-08-22,HT1,13740,12790,13650,13460,13100.85546875,1507200,20286912000
2023-08-23,HT1,13740,13460,13650,13510,13147.6435546875,464200,6271342000
2023-08-24,HT1,14080,13650,13650,14080,13709.1083984375,1108900,15613312000
2023-08-25,HT1,14270,13740,14180,13740,13381.587890625,948800,13036512000
2023-08-28,HT1,14030,13740,14030,13790,13428.3759765625,377900,5211241000
2023-08-29,HT1,14030,13690,13940,13690,13334.7978515625,892100,12212849000
2023-08-30,HT1,14030,13690,13740,14030,13662.3193359375,686500,9631595000
2023-08-31,HT1,14560,14180,14180,14320,13943.052734375,1285200,18404064000
2023-09-05,HT1,14660,14470,14520,14520,14130.20703125,686400,9966528000
2023-09-06,HT1,14610,14270,14560,14520,14130.20703125,874100,12691932000
2023-09-07,HT1,15100,14520,14660,14520,14130.20703125,1464900,21270348000
2023-09-08,HT1,14710,14520,14710,14710,14317.36328125,848600,12482906000
2023-09-11,HT1,15000,14610,14900,14710,14317.36328125,1576700,23193257000
2023-09-12,HT1,14760,14520,14610,14760,14364.150390625,587400,8670024000
2023-09-13,HT1,15240,14810,14810,15050,14644.8837890625,1816900,27344345000
2023-09-14,HT1,15190,14900,15100,15190,14785.25,1315300,19979407000
2023-09-15,HT1,15240,14810,15190,14810,14410.939453125,558200,8266942000
2023-09-18,HT1,14850,14180,14810,14320,13943.052734375,887100,12703272000
2023-09-19,HT1,14520,13740,14520,14030,13662.3193359375,898400,12604552000
2023-09-20,HT1,14320,13790,13840,14270,13896.263671875,506700,7230609000
2023-09-21,HT1,14560,14130,14420,14230,13849.474609375,575200,8185096000
2023-09-22,HT1,14030,13460,14030,13740,13381.587890625,1093500,15024690000
2023-09-25,HT1,13940,12790,13940,12790,12445.8125,686100,8775219000
2023-09-26,HT1,13220,12590,12790,12980,12632.966796875,846900,10992762000
2023-09-27,HT1,13120,12590,12980,12980,12632.966796875,346400,4496272000
2023-09-28,HT1,13080,12740,13030,12930,12586.177734375,284700,3681171000
2023-09-29,HT1,13220,13030,13080,13120,12773.3330078125,281800,3697216000
2023-10-02,HT1,13560,13170,13170,13270,12913.7001953125,432100,5733967000
2023-10-03,HT1,13510,12830,13270,12830,12492.6005859375,575900,7388797000
2023-10-04,HT1,12980,12500,12500,12930,12586.177734375,307600,3977268000
2023-10-05,HT1,13370,12980,13080,13270,12913.7001953125,531800,7056986000
2023-10-06,HT1,13370,13030,13270,13370,13007.27734375,207300,2771601000
2023-10-09,HT1,13370,13170,13370,13270,12913.7001953125,250200,3320154000
2023-10-10,HT1,13650,13270,13270,13460,13100.85546875,473900,6378694000
2023-10-11,HT1,13510,13220,13460,13460,13100.85546875,266700,3589782000
2023-10-12,HT1,13650,13370,13510,13410,13054.0654296875,397600,5331816000
2023-10-13,HT1,13320,13030,13320,13270,12913.7001953125,318300,4223841000
2023-10-16,HT1,13320,13030,13220,13120,12773.3330078125,248400,3259008000
2023-10-17,HT1,13170,12980,13170,12980,12632.966796875,204500,2654410000
2023-10-18,HT1,13030,12160,13030,12300,11977.923828125,496100,6102030000
2023-10-19,HT1,12400,11680,12110,11730,11416.458984375,722500,8474925000
2023-10-20,HT1,11920,11540,11540,11920,11603.6142578125,386800,4610656000
2023-10-23,HT1,12010,11590,12010,11680,11369.6708984375,221800,2590624000
2023-10-24,HT1,11770,11640,11680,11730,11416.458984375,124900,1465077000
2023-10-25,HT1,11920,11730,11870,11770,11463.248046875,132500,1559525000
2023-10-26,HT1,11730,10960,11730,10960,10667.837890625,565000,6192400000
2023-10-27,HT1,11060,10570,10960,11060,10761.4169921875,271500,3002790000
2023-10-30,HT1,11060,10810,11060,10910,10621.0498046875,142100,1550311000
2023-10-31,HT1,10910,10670,10910,10720,10433.8955078125,277400,2973728000
2023-11-01,HT1,10860,10570,10860,10670,10387.1064453125,233400,2490378000
2023-11-02,HT1,11390,10720,10770,11350,11042.1484375,436100,4949735000
2023-11-03,HT1,11640,11250,11540,11300,10995.3603515625,244300,2760590000
2023-11-06,HT1,11590,11390,11540,11540,11229.3037109375,251900,2906926000
2023-11-07,HT1,11780,11440,11780,11440,11132.5,200700,2296008000
2023-11-08,HT1,12180,11290,11340,12130,11810.130859375,436000,5288680000
2023-11-09,HT1,12330,12080,12130,12180,11858.533203125,342000,4165560000
2023-11-10,HT1,12380,11930,11930,12230,11906.9345703125,502300,6143129000
2023-11-13,HT1,12430,12130,12230,12230,11906.9345703125,212800,2602544000
2023-11-14,HT1,12330,12080,12330,12180,11858.533203125,268500,3270330000
2023-11-15,HT1,12380,12230,12380,12280,11955.3369140625,381600,4686048000
2023-11-16,HT1,12280,12080,12130,12280,11955.3369140625,193800,2379864000
2023-11-17,HT1,12380,11440,12330,12030,11713.326171875,531900,6398757000
2023-11-20,HT1,11930,11780,11930,11880,11568.119140625,204000,2423520000
2023-11-21,HT1,12030,11830,12030,11880,11568.119140625,231500,2750220000
2023-11-22,HT1,11980,11830,11930,11980,11664.923828125,353400,4233732000
2023-11-23,HT1,12030,11830,12030,11830,11519.7177734375,280900,3323047000
2023-11-24,HT1,11780,11490,11780,11740,11422.9130859375,282100,3311854000
2023-11-27,HT1,11830,11440,11830,11590,11277.70703125,267000,3094530000
2023-11-28,HT1,11780,11540,11780,11590,11277.70703125,205400,2380586000
2023-11-29,HT1,11780,11640,11640,11780,11471.3154296875,197100,2321838000
2023-11-30,HT1,12130,11590,11780,12130,11810.130859375,797000,9667610000
2023-12-01,HT1,12280,11980,12130,12180,11858.533203125,254700,3102246000
2023-12-04,HT1,12780,12230,12230,12630,12294.1513671875,1016000,12832080000
2023-12-05,HT1,12930,12480,12630,12730,12390.95703125,532900,6783817000
2023-12-06,HT1,12930,12480,12730,12680,12342.5546875,432900,5489172000
2023-12-07,HT1,12780,12230,12680,12430,12100.54296875,573800,7132334000
2023-12-08,HT1,12730,12330,12530,12330,12003.7392578125,235500,2903715000
2023-12-11,HT1,12530,12330,12380,12430,12100.54296875,207000,2573010000
2023-12-12,HT1,12530,12330,12430,12380,12052.1416015625,201800,2498284000
2023-12-13,HT1,12580,11930,12380,12080,11761.7275390625,336200,4061296000
2023-12-14,HT1,12280,12030,12130,12030,11713.326171875,258200,3106146000
2023-12-15,HT1,12180,11780,12180,11980,11664.923828125,585700,7016686000
2023-12-18,HT1,12080,11880,11880,11880,11568.119140625,274900,3265812000
2023-12-19,HT1,11930,11830,11830,11930,11616.521484375,100800,1202544000
2023-12-20,HT1,12080,11880,11980,11930,11616.521484375,73300,874469000
2023-12-21,HT1,11980,11880,11980,11930,11616.521484375,80700,962751000
2023-12-22,HT1,12030,11830,11980,11930,11616.521484375,157000,1873010000
2023-12-25,HT1,12080,11880,11930,12030,11713.326171875,166700,2005401000
2023-12-26,HT1,12130,11980,12130,12030,11713.326171875,177300,2132919000
2023-12-27,HT1,12080,11980,12080,12030,11713.326171875,161100,1938033000
2023-12-28,HT1,12030,11930,12030,11930,11616.521484375,202100,2411053000
2023-12-29,HT1,12030,11930,12030,11930,11616.521484375,273100,3258083000
2024-01-02,HT1,12030,11880,11930,11930,11616.521484375,154500,1843185000
2024-01-03,HT1,12430,11880,11930,12330,12003.7392578125,548400,6761772000
2024-01-04,HT1,12430,12330,12430,12330,12003.7392578125,567100,6992343000
2024-01-05,HT1,12430,12230,12330,12380,12052.1416015625,236200,2924156000
2024-01-08,HT1,12980,12380,12380,12730,12390.95703125,853200,10861236000
2024-01-09,HT1,12930,12530,12930,12680,12342.5546875,256300,3249884000
2024-01-10,HT1,12780,12480,12680,12730,12390.95703125,426200,5425526000
2024-01-11,HT1,12730,12530,12730,12630,12294.1513671875,245700,3103191000
2024-01-12,HT1,12680,12330,12530,12480,12148.9453125,375800,4689984000
2024-01-15,HT1,12530,12230,12430,12230,11906.9345703125,227100,2777433000
2024-01-16,HT1,12380,12130,12130,12380,12052.1416015625,147200,1822336000
2024-01-17,HT1,12530,12330,12430,12380,12052.1416015625,221000,2735980000
2024-01-18,HT1,12580,12280,12280,12580,12245.75,199600,2510968000
2024-01-19,HT1,12630,12530,12630,12530,12197.34765625,214400,2686432000
2024-01-22,HT1,12580,12430,12530,12580,12245.75,187200,2354976000
2024-01-23,HT1,12730,12580,12580,12680,12342.5546875,215700,2735076000
2024-01-24,HT1,12930,12580,12680,12630,12294.1513671875,413000,5216190000
2024-01-25,HT1,12630,12430,12630,12530,12294.1513671875,83500,1046255000
2024-01-26,HT1,12630,12430,12530,12630,12294.1513671875,182300,2302449000
2024-01-29,HT1,12730,12580,12630,12680,12342.5546875,157400,1995832000
2024-01-30,HT1,12780,12580,12680,12730,12390.95703125,268300,3415459000
2024-01-31,HT1,12830,12480,12730,12480,12148.9453125,373600,4662528000
2024-02-01,HT1,12630,12430,12480,12480,12148.9453125,186900,2332512000
2024-02-02,HT1,12730,12480,12530,12480,12148.9453125,174000,2171520000
2024-02-05,HT1,12780,12430,12430,12680,12342.5546875,246000,3119280000
2024-02-06,HT1,12730,12580,12680,12680,12342.5546875,121000,1534280000
2024-02-07,HT1,13180,12630,12730,13080,12729.771484375,674100,8817228000
2024-02-15,HT1,13230,12980,13080,13030,12681.369140625,403600,5258908000
2024-02-16,HT1,13130,12930,13030,13080,12729.771484375,276500,3616620000
2024-02-19,HT1,13430,13080,13080,13380,13020.1845703125,720600,9641628000
2024-02-20,HT1,13530,13280,13480,13530,13165.3916015625,570100,7713453000
2024-02-21,HT1,13530,13330,13530,13430,13068.5869140625,437800,5879654000
2024-02-22,HT1,13480,13230,13330,13230,12874.9775390625,374000,4948020000
2024-02-23,HT1,13380,12930,13380,13030,12681.369140625,428800,5587264000
2024-02-26,HT1,13080,12930,12930,13030,12681.369140625,318000,4143540000
2024-02-27,HT1,13330,12980,13030,13330,12971.783203125,495200,6601016000
2024-02-28,HT1,13430,13230,13430,13330,12971.783203125,192000,2559360000
2024-02-29,HT1,13380,13080,13330,13180,12826.5751953125,230900,3043262000
2024-03-01,HT1,13380,13080,13180,13230,12874.9775390625,233400,3087882000
2024-03-04,HT1,13430,13230,13430,13330,12971.783203125,281500,3752395000
2024-03-05,HT1,13380,13130,13280,13180,12826.5751953125,245300,3233054000
2024-03-06,HT1,13230,13030,13180,13080,12729.771484375,292900,3831132000
2024-03-07,HT1,13180,13030,13080,13180,12826.5751953125,229300,3022174000
2024-03-08,HT1,13280,12980,13230,13030,12681.369140625,323600,4216508000
2024-03-11,HT1,13080,12930,12980,12980,12632.9677734375,207700,2695946000
2024-03-12,HT1,13080,12930,12980,12980,12632.9677734375,260300,3378694000
2024-03-13,HT1,13180,12980,13080,13180,12826.5751953125,272400,3590232000
2024-03-14,HT1,13920,13130,13230,13530,13165.3916015625,1038800,14054964000
2024-03-15,HT1,13720,13480,13530,13720,13359.0,430600,5907832000
2024-03-18,HT1,13770,12980,13720,13280,12923.380859375,639100,8487248000
2024-03-19,HT1,13480,13130,13280,13280,12923.380859375,179900,2389072000
2024-03-20,HT1,13480,13180,13180,13330,12971.783203125,159400,2124802000
2024-03-21,HT1,13430,13280,13330,13430,13068.5869140625,198400,2664512000
2024-03-22,HT1,13570,13330,13430,13380,13020.1845703125,304000,4067520000
2024-03-25,HT1,13720,13330,13330,13530,13165.3916015625,419400,5674482000
2024-03-26,HT1,13530,13430,13530,13430,13068.5869140625,231500,3109045000
2024-03-27,HT1,13570,13430,13430,13480,13116.9892578125,265600,3580288000
2024-03-28,HT1,13530,13380,13530,13480,13116.9892578125,234200,3157016000
2024-03-29,HT1,13480,13280,13480,13280,12923.380859375,244700,3249616000
2024-04-01,HT1,13380,13130,13380,13230,12874.9775390625,167500,2216025000
2024-04-02,HT1,13620,13080,13230,13480,13116.9892578125,374800,5052304000
2024-04-03,HT1,13570,13380,13570,13380,13020.1845703125,356800,4773984000
2024-04-04,HT1,13380,12830,13380,13180,12826.5751953125,801900,10569042000
2024-04-05,HT1,13180,12830,13180,12930,12584.5654296875,380300,4917279000
2024-04-08,HT1,13030,12680,12930,12730,12390.95703125,517700,6590321000
2024-04-09,HT1,12730,12430,12680,12630,12294.1513671875,464400,5865372000
2024-04-10,HT1,12780,12430,12580,12480,12148.9453125,387300,4833504000
2024-04-11,HT1,12630,12380,12480,12480,12148.9453125,611500,7631520000
2024-04-12,HT1,12530,12330,12530,12530,12197.34765625,275100,3447003000
2024-04-15,HT1,12530,11980,12480,11980,11664.923828125,407800,4885444000
2024-04-16,HT1,11930,11340,11930,11740,11422.9130859375,557600,6546224000
2024-04-17,HT1,11830,11340,11830,11590,11277.70703125,386000,4473740000
2024-04-19,HT1,11340,10790,11140,11240,10938.8916015625,564500,6344980000
2024-04-22,HT1,11340,10940,11190,11140,10842.0869140625,418100,4657634000
2024-04-23,HT1,11290,10840,11140,10990,10696.880859375,242600,2666174000
2024-04-24,HT1,11440,10940,10990,11340,11035.6953125,431300,4890942000
2024-04-25,HT1,11340,11090,11340,11140,10842.0869140625,64500,718530000
2024-04-26,HT1,11340,11040,11140,11190,10890.4892578125,105600,1181664000
2024-05-02,HT1,11190,10740,11190,10990,10696.880859375,502100,5518079000
2024-05-03,HT1,11090,10890,11090,10890,10600.076171875,155600,1694484000
2024-05-06,HT1,11440,10890,11090,11440,11132.5,261000,2985840000
2024-05-07,HT1,12080,11540,11540,12080,11761.7275390625,564900,6823992000
2024-05-08,HT1,12080,11440,12080,11830,11519.7177734375,227000,2685410000
2024-05-09,HT1,11980,11740,11740,11780,11471.3154296875,113200,1333496000
2024-05-10,HT1,11980,11640,11830,11930,11616.521484375,232600,2774918000
2024-05-13,HT1,12030,11780,11930,11880,11568.119140625,104900,1246212000
2024-05-14,HT1,11880,11690,11830,11880,11568.119140625,59600,708048000
2024-05-15,HT1,11880,11640,11640,11830,11519.7177734375,84100,994903000
2024-05-16,HT1,12130,11830,11930,11930,11616.521484375,177200,2113996000
2024-05-17,HT1,12080,11930,11930,11930,11616.521484375,215400,2569722000
2024-05-20,HT1,12030,11930,11980,12030,11713.326171875,149600,1799688000
2024-05-21,HT1,12080,11880,12030,11930,11616.521484375,76200,909066000
2024-05-22,HT1,12330,11930,11930,12130,11810.130859375,337800,4097514000
2024-05-23,HT1,12230,12080,12130,12080,11761.7275390625,206500,2494520000
2024-05-24,HT1,12130,11830,11930,11830,11519.7177734375,292500,3460275000
2024-05-27,HT1,11930,11740,11830,11880,11568.119140625,82100,975348000
2024-05-28,HT1,12130,11780,11780,12130,11810.130859375,254900,3091937000
2024-05-29,HT1,12430,11930,11980,12230,11906.9345703125,351000,4292730000
2024-05-30,HT1,12180,11880,12130,12180,11858.533203125,504200,6141156000
2024-05-31,HT1,12380,12030,12380,12080,11761.7275390625,146000,1763680000
2024-06-03,HT1,12380,12030,12330,12080,11761.7275390625,216100,2610488000
2024-06-04,HT1,12280,12030,12130,12130,11810.130859375,142600,1729738000
2024-06-05,HT1,12280,11880,12030,11880,11568.119140625,354500,4211460000
2024-06-06,HT1,12080,11830,11880,11930,11616.521484375,207900,2480247000
2024-06-07,HT1,12030,11740,12030,11830,11519.7177734375,385700,4562831000
2024-06-10,HT1,12030,11830,11830,11880,11568.119140625,240300,2854764000
2024-06-11,HT1,11980,11780,11980,11830,11519.7177734375,163500,1934205000
2024-06-12,HT1,11930,11740,11830,11830,11519.7177734375,168700,1995721000
2024-06-13,HT1,11980,11780,11830,11880,11568.119140625,181100,2151468000
2024-06-14,HT1,12680,11930,11930,12680,12342.5546875,1906200,24170616000
2024-06-17,HT1,12930,12580,12930,12630,12294.1513671875,657200,8300436000
2024-06-18,HT1,13330,12480,12630,12880,12536.1630859375,1161700,14962696000
2024-06-19,HT1,13030,12630,12880,12730,12390.95703125,376300,4790299000
2024-06-20,HT1,13030,12530,12630,12980,12632.9677734375,704200,9140516000
2024-06-21,HT1,13480,13080,13080,13180,12826.5751953125,1165200,15357336000
2024-06-24,HT1,13430,12730,13230,12930,12584.5654296875,512300,6624039000
2024-06-25,HT1,13030,12780,12930,12930,12584.5654296875,291600,3770388000
2024-06-26,HT1,13230,12680,12930,12880,12536.1630859375,405000,5216400000
2024-06-27,HT1,13080,12680,13080,12780,12439.359375,302900,3871062000
2024-06-28,HT1,12980,12630,12630,12730,12390.95703125,363300,4624809000
2024-07-01,HT1,12930,12680,12730,12930,12584.5654296875,223400,2888562000
2024-07-02,HT1,13280,12830,12930,12830,12487.7607421875,386200,4954946000
2024-07-03,HT1,12980,12780,12980,12830,12487.7607421875,186000,2386380000
2024-07-04,HT1,12930,12630,12830,12830,12487.7607421875,464100,5954403000
2024-07-05,HT1,12930,12680,12680,12830,12487.7607421875,281900,3616777000
2024-07-08,HT1,13570,12730,12930,13430,13068.5869140625,1842700,24747461000
2024-07-09,HT1,13570,13430,13530,13530,13165.3916015625,770900,10430277000
2024-07-10,HT1,13720,13280,13620,13380,13020.1845703125,649800,8694324000
2024-07-11,HT1,13530,13230,13530,13430,13068.5869140625,857500,11516225000
2024-07-12,HT1,14120,13380,13430,14020,13649.4130859375,1796000,25179920000
2024-07-15,HT1,14120,13820,14120,14070,13697.8154296875,568400,7997388000
2024-07-16,HT1,14470,13920,14070,14120,13746.216796875,980000,13837600000
2024-07-17,HT1,14420,13530,14420,14020,13649.4130859375,943000,13220860000
2024-07-18,HT1,14020,13480,13920,13820,13455.8046875,687500,9501250000
2024-07-19,HT1,13970,13480,13620,13720,13359.0,429100,5887252000
2024-07-22,HT1,13770,12930,13720,13530,13165.3916015625,854700,11564091000
2024-07-23,HT1,13570,12930,13570,12930,12584.5654296875,601000,7770930000
2024-07-24,HT1,12880,12480,12730,12730,12390.95703125,579800,7380854000
2024-07-25,HT1,12830,12480,12480,12830,12487.7607421875,412800,5296224000
2024-07-26,HT1,13030,12730,12830,13030,12681.369140625,213800,2785814000
2024-07-29,HT1,13130,12780,12980,12930,12584.5654296875,240700,3112251000
2024-07-30,HT1,12980,12730,12930,12980,12632.9677734375,314200,4078316000
2024-07-31,HT1,12980,12730,12930,12730,12390.95703125,374300,4764839000
2024-08-01,HT1,12780,12080,12780,12180,11858.533203125,894800,10898664000
2024-08-02,HT1,12230,11740,12030,12030,11713.326171875,715700,8609871000
2024-08-05,HT1,12230,11340,11740,11390,11084.09765625,635600,7239484000
2024-08-06,HT1,11780,11340,11440,11780,11471.3154296875,316200,3724836000
2024-08-07,HT1,11930,11490,11930,11740,11422.9130859375,163400,1918316000
2024-08-08,HT1,12080,11390,11740,11830,11519.7177734375,553700,6550271000
2024-08-09,HT1,11930,11780,11930,11930,11616.521484375,224700,2680671000
2024-08-12,HT1,11980,11740,11980,11880,11568.119140625,217900,2588652000
2024-08-13,HT1,11880,11540,11880,11640,11326.109375,343500,3998340000
2024-08-14,HT1,11740,11440,11640,11740,11422.9130859375,732800,8603072000
2024-08-15,HT1,11690,11440,11690,11440,11132.5,265800,3040752000
2024-08-16,HT1,11930,11540,11590,11740,11422.9130859375,532800,6255072000
2024-08-19,HT1,12280,11640,11740,12280,11955.3369140625,976700,11993876000
2024-08-20,HT1,12330,12080,12280,12280,11955.3369140625,305700,3753996000
2024-08-21,HT1,12380,12130,12280,12280,11955.3369140625,524100,6435948000
2024-08-22,HT1,12280,11740,12230,11830,11519.7177734375,1393000,16479190000
2024-08-23,HT1,11880,11690,11830,11740,11422.9130859375,742500,8716950000
2024-08-26,HT1,12180,11780,11830,11930,11616.521484375,546600,6520938000
2024-08-27,HT1,12130,11880,12030,12080,11761.7275390625,295000,3563600000
2024-08-28,HT1,12530,12080,12080,12330,12003.7392578125,860400,10608732000
2024-08-29,HT1,12330,12130,12330,12180,11858.533203125,161300,1964634000
2024-08-30,HT1,12280,11930,12180,12130,11810.130859375,280700,3404891000
2024-09-04,HT1,12030,11740,11740,11980,11664.923828125,370600,4439788000
2024-09-05,HT1,12080,11780,12030,11830,11519.7177734375,355500,4205565000
2024-09-06,HT1,11880,11780,11830,11880,11568.119140625,321800,3822984000
2024-09-09,HT1,12130,11830,11930,11830,11519.7177734375,403200,4769856000
2024-09-10,HT1,11930,11740,11930,11830,11519.7177734375,416200,4923646000
2024-09-11,HT1,11930,11690,11930,11880,11568.119140625,539400,6408072000
2024-09-12,HT1,11980,11780,11880,11930,11616.521484375,466600,5566538000
2024-09-13,HT1,11930,11740,11930,11830,11519.7177734375,354000,4187820000
2024-09-16,HT1,11930,11740,11830,11830,11519.7177734375,219300,2594319000
2024-09-17,HT1,11880,11690,11690,11880,11568.119140625,266100,3161268000
2024-09-18,HT1,11930,11830,11830,11880,11568.119140625,453300,5385204000
2024-09-19,HT1,12030,11880,11980,12030,11713.326171875,281000,3380430000
2024-09-20,HT1,12080,11930,12030,11930,11616.521484375,706400,8427352000
2024-09-23,HT1,12080,11930,11930,11980,11664.923828125,233600,2798528000
2024-09-24,HT1,12030,11830,11980,11980,11664.923828125,271800,3256164000
2024-09-25,HT1,12280,11980,11980,12030,11713.326171875,827700,9957231000
2024-09-26,HT1,12130,11980,12030,12030,11713.326171875,220700,2655021000
2024-09-27,HT1,12080,11880,12080,11930,11616.521484375,441600,5268288000
2024-09-30,HT1,12030,11830,11980,11930,11616.521484375,252000,3006360000
2024-10-01,HT1,11980,11830,11980,11980,11664.923828125,657200,7873256000
2024-10-02,HT1,11980,11780,11980,11830,11519.7177734375,521600,6170528000
2024-10-03,HT1,11930,11690,11830,11740,11422.9130859375,451000,5294740000
2024-10-04,HT1,11830,11690,11780,11830,11519.7177734375,312900,3701607000
2024-10-07,HT1,11830,11640,11780,11830,11519.7177734375,380500,4501315000
2024-10-08,HT1,11740,11590,11640,11690,11374.5107421875,491500,5745635000
2024-10-09,HT1,11690,11540,11690,11690,11374.5107421875,728600,8517334000
2024-10-10,HT1,11780,11540,11740,11540,11229.3037109375,380100,4386354000
2024-10-11,HT1,11640,11490,11540,11590,11277.70703125,483300,5601447000
2024-10-14,HT1,11690,11390,11690,11440,11132.5,552200,6317168000
2024-10-15,HT1,11490,11340,11490,11390,11084.09765625,471200,5366968000
2024-10-16,HT1,11440,11240,11340,11440,11132.5,220700,2524808000
2024-10-17,HT1,11440,11340,11440,11440,11132.5,289200,3308448000
2024-10-18,HT1,11540,11290,11490,11340,11035.6953125,403500,4575690000
2024-10-21,HT1,11690,11440,11440,11490,11180.9013671875,642600,7383474000
2024-10-22,HT1,11780,11490,11490,11740,11422.9130859375,806700,9470658000
2024-10-23,HT1,11830,11590,11780,11740,11422.9130859375,617100,7244754000
2024-10-24,HT1,11780,11590,11740,11590,11277.70703125,598000,6930820000
2024-10-25,HT1,11640,11440,11640,11440,11132.5,469200,5367648000
2024-10-28,HT1,11590,11340,11590,11440,11132.5,473600,5417984000
2024-10-29,HT1,11540,11340,11390,11540,11229.3037109375,420700,4854878000
2024-10-30,HT1,11690,11490,11540,11590,11277.70703125,383800,4448242000
2024-10-31,HT1,11590,11490,11490,11590,11277.70703125,123800,1434842000
2024-11-01,HT1,11640,11490,11490,11640,11326.109375,182300,2121972000
2024-11-04,HT1,11640,11490,11590,11590,11277.70703125,214900,2490691000
2024-11-05,HT1,11690,11540,11590,11640,11326.109375,176900,2059116000
2024-11-06,HT1,11780,11590,11640,11780,11471.3154296875,474400,5588432000
2024-11-07,HT1,11780,11640,11740,11740,11422.9130859375,251800,2956132000
2024-11-08,HT1,11740,11590,11740,11690,11374.5107421875,188900,2208241000
2024-11-11,HT1,11740,11540,11740,11690,11374.5107421875,150900,1764021000
2024-11-12,HT1,11780,11640,11640,11740,11422.9130859375,196700,2309258000
2024-11-13,HT1,11740,11490,11690,11740,11422.9130859375,219800,2580452000
2024-11-14,HT1,11830,11590,11640,11690,11374.5107421875,212600,2485294000
2024-11-15,HT1,11980,11490,11690,11780,11471.3154296875,532200,6269316000
2024-11-18,HT1,11780,11490,11690,11740,11422.9130859375,186800,2193032000
2024-11-19,HT1,11740,11540,11740,11540,11229.3037109375,83500,963590000
2024-11-20,HT1,11640,11440,11490,11540,11229.3037109375,131400,1516356000
2024-11-21,HT1,11590,11440,11490,11590,11277.70703125,112900,1308511000
2024-11-22,HT1,11590,11490,11590,11490,11180.9013671875,86600,995034000
2024-11-25,HT1,11640,11440,11440,11490,11180.9013671875,265100,3045999000
2024-11-26,HT1,11640,11440,11490,11490,11180.9013671875,116700,1340883000
2024-11-27,HT1,11590,11440,11440,11590,11277.70703125,307200,3560448000
2024-11-28,HT1,11640,11540,11540,11540,11229.3037109375,146100,1685994000
2024-11-29,HT1,11590,11490,11540,11540,11229.3037109375,180700,2085278000
2024-12-02,HT1,11830,11590,11590,11740,11422.9130859375,699500,8212130000
2024-12-03,HT1,11830,11690,11740,11780,11471.3154296875,269800,3178244000
2024-12-04,HT1,11830,11740,11780,11740,11422.9130859375,310800,3648792000
2024-12-05,HT1,11830,11640,11740,11830,11519.7177734375,278500,3294655000
2024-12-06,HT1,12080,11780,11980,11930,11616.521484375,507200,6050896000
2024-12-09,HT1,12030,11930,11980,11930,11616.521484375,222000,2648460000
2024-12-10,HT1,12130,11930,12030,12030,11713.326171875,269800,3245694000
2024-12-11,HT1,12080,11830,12080,11830,11519.7177734375,184700,2185001000
2024-12-12,HT1,11930,11780,11930,11830,11519.7177734375,136300,1612429000
2024-12-13,HT1,11830,11640,11780,11690,11374.5107421875,270300,3159807000
2024-12-16,HT1,11780,11540,11640,11590,11277.70703125,214200,2482578000
2024-12-17,HT1,11690,11490,11640,11690,11374.5107421875,179900,2103031000
2024-12-18,HT1,11740,11590,11640,11690,11374.5107421875,30300,354207000
2024-12-19,HT1,11640,11440,11490,11590,11277.70703125,156300,1811517000
2024-12-20,HT1,11640,11490,11640,11590,11277.70703125,103500,1199565000
2024-12-23,HT1,11690,11540,11590,11640,11326.109375,101800,1184952000
2024-12-24,HT1,11740,11590,11640,11640,11326.109375,185300,2156892000
2024-12-25,HT1,12080,11640,11640,11880,11568.119140625,700600,8323128000
2024-12-26,HT1,12030,11830,11880,11830,11519.7177734375,237500,2809625000
2024-12-27,HT1,11930,11640,11930,11640,11326.109375,415000,4830600000
2024-12-30,HT1,11740,11590,11640,11640,11326.109375,147100,1712244000
2024-12-31,HT1,11780,11640,11640,11640,11326.109375,167800,1953192000
2025-01-02,HT1,11780,11640,11780,11780,11471.3154296875,140100,1650378000
2025-01-03,HT1,11830,11690,11780,11690,11374.5107421875,152100,1778049000
2025-01-06,HT1,11980,11640,11640,11780,11471.3154296875,365800,4309124000
2025-01-07,HT1,11930,11690,11740,11690,11374.5107421875,372400,4353356000
2025-01-08,HT1,11780,11640,11640,11740,11422.9130859375,151500,1778610000
2025-01-09,HT1,11830,11690,11690,11690,11374.5107421875,118500,1385265000
2025-01-10,HT1,11880,11690,11690,11690,11374.5107421875,355900,4160471000
2025-01-13,HT1,11880,11640,11690,11830,11519.7177734375,352100,4165343000
2025-01-14,HT1,11880,11740,11830,11740,11422.9130859375,176200,2068588000
2025-01-15,HT1,12530,11780,11830,12530,12197.34765625,2099800,26310494000
2025-01-16,HT1,12880,12530,12880,12530,12197.34765625,1505400,18862662000
2025-01-17,HT1,12780,12480,12480,12530,12197.34765625,1505400,18862662000
2025-01-20,HT1,12630,12330,12530,12630,12294.1513671875,653300,8251179000
2025-01-21,HT1,12630,12380,12630,12530,12197.34765625,652200,8172066000
2025-01-22,HT1,12630,12280,12530,12280,11955.3369140625,795100,9763828000
2025-01-23,HT1,12480,12230,12230,12330,12003.7392578125,547600,6751908000
2025-01-24,HT1,12480,12280,12330,12430,12100.54296875,365800,4546894000
2025-02-03,HT1,12730,12330,12330,12430,12100.54296875,671200,8343016000
2025-02-04,HT1,12880,12430,12480,12530,12197.34765625,1232700,15445731000
2025-02-05,HT1,12630,12380,12580,12430,12100.54296875,779900,9694157000
2025-02-06,HT1,12480,12280,12430,12430,12100.54296875,609600,7577328000
2025-02-07,HT1,12730,12380,12530,12380,12052.1416015625,592100,7330198000
2025-02-10,HT1,12680,12180,12380,12180,11858.533203125,718400,8750112000
2025-02-11,HT1,12380,12180,12180,12230,11906.9345703125,778500,9521055000
2025-02-12,HT1,12630,12330,12330,12480,12148.9453125,906500,11313120000
2025-02-13,HT1,12630,12430,12430,12630,12294.1513671875,756700,9557121000
2025-02-14,HT1,12830,12530,12830,12530,12197.34765625,1178100,14761593000
2025-02-17,HT1,13330,12580,12680,12980,12632.9677734375,2193300,28469034000
2025-02-18,HT1,13130,12780,13030,12830,12487.7607421875,1011700,12980111000
2025-02-19,HT1,13030,12830,12880,12930,12584.5654296875,829900,10730607000
2025-02-20,HT1,13030,12830,13030,12880,12536.1630859375,809800,10430224000
2025-02-21,HT1,13080,12730,12730,12930,12584.5654296875,853700,11038341000
2025-02-24,HT1,13080,12830,12930,12930,12584.5654296875,612100,7914453000
2025-02-25,HT1,13030,12780,12930,12930,12584.5654296875,518800,6708084000
2025-02-26,HT1,13330,12730,12930,12830,12487.7607421875,887100,11381493000
2025-02-27,HT1,12930,12630,12880,12830,12487.7607421875,691000,8865530000
2025-02-28,HT1,12780,12630,12780,12730,12390.95703125,581200,7398676000
2025-03-03,HT1,12780,12480,12780,12480,12148.9453125,765800,9557184000
2025-03-04,HT1,12630,12430,12480,12530,12197.34765625,573500,7185955000
2025-03-05,HT1,12630,12430,12530,12430,12100.54296875,399100,4960813000
2025-03-06,HT1,12530,12330,12430,12480,12148.9453125,372100,4643808000
2025-03-07,HT1,12580,12380,12580,12430,12100.54296875,559700,6957071000
2025-03-10,HT1,12630,12430,12580,12530,12197.34765625,467300,5855269000
2025-03-11,HT1,12630,12330,12430,12580,12245.75,631900,7949302000
2025-03-12,HT1,12680,12480,12680,12530,12197.34765625,389800,4884194000
2025-03-13,HT1,12580,12330,12530,12380,12052.1416015625,478300,5921354000
2025-03-14,HT1,12430,12080,12330,12080,11761.7275390625,718900,8684312000
2025-03-17,HT1,12180,12080,12180,12080,11761.7275390625,363800,4394704000
2025-03-18,HT1,12180,12030,12080,12030,11713.326171875,431700,5193351000
2025-03-19,HT1,12130,11980,11980,12030,11713.326171875,228200,2745246000
2025-03-20,HT1,12180,11930,12130,12080,11761.7275390625,484500,5852760000
2025-03-21,HT1,12130,11880,12080,11930,11616.521484375,342200,4082446000
2025-03-24,HT1,12180,11930,12180,11980,11664.923828125,171100,2049778000
2025-03-25,HT1,12080,11980,11980,12030,11713.326171875,172300,2072769000
2025-03-26,HT1,12130,12030,12030,12080,11761.7275390625,174700,2110376000
2025-03-27,HT1,12080,11980,12080,12080,11761.7275390625,117900,1424232000
2025-03-28,HT1,12080,11930,12080,12030,11713.326171875,178200,2143746000
2025-03-31,HT1,11980,11880,11930,11880,11568.119140625,304900,3622212000
2025-04-01,HT1,11980,11830,11880,11930,11616.521484375,173700,2072241000
2025-04-02,HT1,11980,11880,11930,11880,11568.119140625,311700,3702996000
2025-04-03,HT1,11340,11090,11090,11090,10793.685546875,2072800,22987352000
2025-04-04,HT1,10790,10340,10340,10540,10261.2607421875,876500,9238310000
2025-04-08,HT1,10390,9810,10390,9810,9544.9091796875,1069300,10489833000
2025-04-09,HT1,9750,9120,9120,9250,9002.8037109375,999900,9249075000
2025-04-10,HT1,9900,9900,9900,9900,9632.033203125,83800,829620000
2025-04-11,HT1,10540,10040,10540,10540,10261.2607421875,1026300,10817202000
2025-04-14,HT1,10790,10440,10740,10640,10358.0654296875,382000,4064480000
2025-04-15,HT1,10840,10490,10840,10640,10358.0654296875,360700,3837848000
2025-04-16,HT1,10790,10490,10490,10690,10406.4677734375,188000,2009720000
2025-04-17,HT1,10690,10490,10640,10690,10406.4677734375,144200,1541498000
2025-04-18,HT1,10890,10690,10840,10790,10503.271484375,216200,2332798000
2025-04-21,HT1,10790,10540,10690,10740,10454.869140625,229100,2460534000
2025-04-22,HT1,10740,9990,10740,10440,10164.45703125,371000,3873240000
2025-04-23,HT1,10690,10540,10640,10640,10358.0654296875,127200,1353408000
2025-04-24,HT1,10790,10590,10640,10690,10406.4677734375,176100,1882509000
2025-04-25,HT1,11190,10790,10790,10840,10551.673828125,193600,2098624000
2025-04-28,HT1,10940,10590,10940,10590,10309.6630859375,254000,2689860000
2025-04-29,HT1,10790,10640,10740,10740,10454.869140625,113600,1220064000
2025-05-05,HT1,10790,10740,10740,10790,10454.869140625,235200,2537808000
2025-05-06,HT1,10940,10740,10790,10790,10503.271484375,468600,5056194000
2025-05-07,HT1,10890,10740,10790,10840,10503.271484375,204400,2215696000
2025-05-08,HT1,11040,10790,10890,11040,10551.673828125,427100,4715184000
2025-05-09,HT1,11140,10990,11140,10990,10745.283203125,168800,1855112000
2025-05-12,HT1,11040,10890,10990,10940,10745.283203125,252700,2764538000
2025-05-13,HT1,11140,10940,11090,11040,10648.4775390625,307100,3390384000
2025-05-14,HT1,11190,10990,11090,11140,10745.283203125,364500,4060530000
2025-05-15,HT1,11340,11140,11290,11340,10842.0869140625,216500,2455110000
2025-05-16,HT1,11390,11140,11390,11140,11035.6953125,121700,1355738000
2025-05-19,HT1,11240,10940,11090,10990,10696.880859375,177200,1947428000
2025-05-20,HT1,11140,10840,10940,10840,10696.880859375,250100,2711084000
2025-05-21,HT1,11140,10940,11140,11040,10551.673828125,234000,2583360000
2025-05-22,HT1,11140,10940,11090,10940,10745.283203125,319100,3490954000
2025-05-23,HT1,11090,10940,10990,10990,10648.4775390625,98900,1086911000
2025-05-26,HT1,11090,10790,10990,11040,10745.283203125,229200,2530368000
2025-05-27,HT1,11340,11190,11190,11340,10745.283203125,397100,4503114000
2025-05-28,HT1,11490,11290,11490,11340,11035.6953125,216000,2449440000
2025-05-29,HT1,11440,11190,11340,11240,11035.6953125,97400,1094776000
2025-05-30,HT1,11390,11090,11390,11240,10938.8916015625,125100,1406124000
2025-06-02,HT1,11440,11040,11040,11340,11035.6953125,154000,1746360000
2025-06-03,HT1,11440,11240,11440,11340,11035.6953125,144700,1640898000
2025-06-04,HT1,11440,11140,11440,11290,11035.6953125,242200,2734438000
2025-06-05,HT1,11540,11290,11290,11390,10987.29296875,163100,1857709000
2025-06-06,HT1,11440,11190,11390,11190,11084.09765625,125200,1400988000
2025-06-09,HT1,11240,11090,11240,11090,10793.685546875,172100,1908589000
2025-06-10,HT1,11240,11090,11090,11140,10793.685546875,166400,1853696000
2025-06-11,HT1,11880,11140,11340,11880,10842.0869140625,768200,9126216000
2025-06-12,HT1,12080,11740,12080,11880,11568.119140625,608500,7228980000
2025-06-13,HT1,11980,11440,11830,11540,11568.119140625,603500,6964390000
2025-06-16,HT1,11830,11440,11440,11590,11277.70703125,259400,3006446000
2025-06-17,HT1,11690,11540,11640,11590,11277.70703125,167100,1936689000
2025-06-18,HT1,11690,11540,11540,11590,11277.70703125,131300,1521767000
2025-06-19,HT1,11740,11590,11590,11640,11277.70703125,218700,2545668000
2025-06-20,HT1,11740,11490,11690,11490,11326.109375,256700,2949483000
2025-06-23,HT1,12030,11290,11490,11980,11664.923828125,786400,9421072000
2025-06-24,HT1,12280,11830,12280,11980,11664.923828125,413300,4951334000
2025-06-25,HT1,12180,11930,12130,12080,11664.923828125,329000,3974320000
2025-06-26,HT1,12130,11980,11980,12030,11761.7275390625,329000,3957870000
2025-06-27,HT1,12080,11880,12030,11930,11713.326171875,337700,4028761000
2025-06-30,HT1,11980,11780,11830,11930,11616.521484375,213400,2545862000
2025-07-01,HT1,12280,11930,11930,12130,11616.521484375,476900,5784797000
2025-07-02,HT1,12630,11930,12130,12580,11810.130859375,1016700,12790086000
2025-07-03,HT1,12630,12230,12530,12280,12245.75,907100,11139188000
2025-07-04,HT1,12630,12330,12330,12580,11955.3369140625,554200,6971836000
2025-07-07,HT1,12930,12530,12630,12930,12584.5654296875,990500,12807165000
2025-07-08,HT1,13130,12830,13130,12830,12584.5654296875,564700,7245101000
2025-07-09,HT1,12930,12680,12830,12730,12487.7607421875,912700,11618671000
2025-07-10,HT1,13030,12680,12680,13030,12390.95703125,984600,12829338000
2025-07-11,HT1,13230,12930,13230,13080,12681.369140625,1056300,13816404000
2025-07-14,HT1,13180,12980,13130,13180,12826.5751953125,864000,11387520000
2025-07-15,HT1,13230,12980,13180,13030,12826.5751953125,462700,6028981000
2025-07-16,HT1,13130,12930,13030,13080,12681.369140625,446200,5836296000
2025-07-17,HT1,13180,12780,13130,12980,12729.771484375,567400,7364852000
2025-07-18,HT1,13080,12830,13080,12930,12632.9677734375,312100,4035453000
2025-07-21,HT1,13670,13380,13530,13670,13310.59765625,2386200,32619354000
2025-07-22,HT1,14270,13670,13820,14070,13310.59765625,1731200,24357984000
2025-07-23,HT1,14220,13770,14220,13770,13697.8154296875,1263900,17403903000
2025-07-24,HT1,14170,13670,14170,13920,13407.4013671875,1247900,17370768000
2025-07-25,HT1,14720,13970,13970,14670,13552.609375,2443100,35840277000
2025-07-28,HT1,14920,14220,14870,14720,14327.04296875,1416900,20856768000
2025-07-29,HT1,14870,13920,14870,14070,14327.04296875,1684200,23696694000
2025-07-30,HT1,14220,13180,14070,14220,13697.8154296875,1224800,17416656000
2025-07-31,HT1,14320,13720,14320,14120,13843.021484375,538200,7599384000
2025-08-01,HT1,14220,13770,14170,13820,13746.216796875,495700,6850574000
2025-08-04,HT1,14170,13720,13920,14120,13746.216796875,577100,8148652000
2025-08-05,HT1,14520,13820,14520,13820,13746.216796875,1025500,14172410000
2025-08-06,HT1,14770,13820,13920,14620,13455.8046875,2062700,30156674000
2025-08-07,HT1,15610,14370,14820,15610,14230.2392578125,2552000,39836720000
2025-08-08,HT1,16660,15610,15610,16660,15198.283203125,3753900,62539974000
2025-08-11,HT1,17350,16010,17350,16309,15875.9130859375,1367600,22304188400
2025-08-12,HT1,17160,16110,16410,17060,15875.9130859375,2757600,47044656000
2025-08-13,HT1,17300,16309,17300,16910,16601.9453125,1841600,31141456000
2025-08-14,HT1,16910,16309,16860,16610,16456.73828125,1739500,28893095000
2025-08-15,HT1,16760,16010,16260,16210,16166.3251953125,1231000,19954510000
2025-08-18,HT1,17110,16410,16410,17060,16601.9453125,3124200,53298852000
2025-08-19,HT1,17800,17060,17750,17060,16601.9453125,1951700,33296002000
2025-08-20,HT1,17250,16210,17200,16610,16601.9453125,1869400,31050734000
2025-08-21,HT1,16510,16010,16410,16410,16166.3251953125,1066100,17494701000
2025-08-22,HT1,16360,15320,16360,15910,15972.7177734375,1553800,24720958000
2025-08-25,HT1,16360,15910,15910,16110,15682.3046875,1116600,17988426000
2025-08-26,HT1,17060,16059,16510,16860,15682.3046875,1318500,22229910000
2025-08-27,HT1,17350,16510,16810,17010,16408.337890625,1530100,26027001000
2025-08-28,HT1,17300,16810,17300,17300,16553.54296875,1044400,18068120000
2025-08-29,HT1,17800,16610,17110,17800,16843.955078125,1805400,32136120000
2025-09-03,HT1,17800,17400,17800,17550,17085.96875,608600,10680930000
2025-09-04,HT1,17650,17250,17550,17350,17085.96875,562800,9764580000
2025-09-05,HT1,18350,17010,17400,17010,16892.357421875,1879200,31965192000
2025-09-08,HT1,17300,16510,17300,17110,16650.34765625,1148100,19643991000
2025-09-09,HT1,17300,17010,17300,17110,16650.34765625,424400,7261484000
2025-09-10,HT1,18300,17250,17300,18300,16650.34765625,2522200,46156260000
2025-09-11,HT1,18650,17950,18300,18100,17812.0,1050100,19006810000
2025-09-12,HT1,18500,18100,18450,18250,17714.66796875,770100,14054325000
2025-09-15,HT1,19200,18350,18500,19050,17714.66796875,947300,18046065000
2025-09-16,HT1,19200,18550,19200,18600,18542.0,735600,13682160000
2025-09-17,HT1,18600,18050,18600,18050,18104.0,1538400,27768120000
2025-09-18,HT1,18150,17750,18050,18000,17568.66796875,649600,11692800000
2025-09-19,HT1,18300,17800,18000,17850,17520.0,272000,4855200000
2025-09-22,HT1,18300,17050,18300,17100,16644.0,1041200,17804520000
2025-09-23,HT1,17900,17300,17400,17600,16644.0,527300,9280480000
2025-09-24,HT1,17800,17400,17800,17750,17130.66796875,226100,4013275000
2025-09-25,HT1,18100,17650,17800,17850,17276.66796875,442800,7903980000
2025-09-26,HT1,18100,17600,17650,17650,17374.0,284500,5021425000
2025-09-29,HT1,17750,17200,17500,17200,16741.333984375,312000,5366400000
2025-09-30,HT1,17150,16600,17150,16900,16741.333984375,751000,12691900000
2025-10-01,HT1,16900,16650,16650,16800,16449.333984375,208100,3496080000
2025-10-02,HT1,17300,16700,16800,17000,16352.0,547500,9307500000
2025-10-03,HT1,17500,16800,17000,17450,16546.66796875,489600,8543520000
2025-10-06,HT1,18000,17000,17800,17950,17471.333984375,664000,11918800000
2025-10-07,HT1,18150,17550,18100,17650,17471.333984375,290000,5118500000
2025-10-08,HT1,17900,17250,17650,17450,17179.333984375,301800,5266410000
2025-10-09,HT1,18000,17600,17650,17900,16984.66796875,600700,10752530000
2025-10-10,HT1,18300,17900,18000,18150,17422.66796875,494200,8969730000
2025-10-13,HT1,18000,17600,17800,17900,17422.66796875,327700,5865830000
2025-10-14,HT1,17950,17450,17950,17500,17422.66796875,434600,7605500000
2025-10-15,HT1,17600,17100,17400,17150,17033.333984375,432000,7408800000
2025-10-16,HT1,17800,17000,17200,17750,16692.66796875,409000,7259750000
2025-10-17,HT1,17900,17600,17900,17650,17276.66796875,295300,5212045000
2025-10-20,HT1,18850,17650,17650,18000,17520.0,2097000,37746000000
2025-10-21,HT1,18800,18000,18250,18800,17520.0,1325200,24913760000
2025-10-22,HT1,20100,18900,19000,20100,18298.66796875,2771500,55707150000
2025-10-23,HT1,21000,18700,21000,18700,19564.0,1891100,35363570000
2025-10-24,HT1,18500,17400,18300,17400,18201.333984375,2582300,44932020000
2025-10-27,HT1,18450,17300,17300,17650,17179.333984375,829500,14640675000
2025-10-28,HT1,17550,16450,17400,17100,17179.333984375,1660000,28386000000
2025-10-29,HT1,17300,16900,17300,17200,16644.0,516700,8887240000
2025-10-30,HT1,17050,16750,17000,16750,16741.333984375,593100,9934425000
2025-10-31,HT1,17100,16700,16800,16850,16303.333984375,521100,8780535000
2025-11-03,HT1,17000,16000,16950,16100,15670.6669921875,611400,9843540000
2025-11-04,HT1,16300,15500,16100,16300,15865.333984375,599300,9768590000
2025-11-05,HT1,16300,15900,16300,16200,15865.333984375,218400,3538080000
2025-11-06,HT1,16200,15950,16000,15950,15524.6669921875,183000,2918850000
2025-11-07,HT1,16200,15700,16100,15900,15476.0,330100,5248590000
2025-11-10,HT1,16200,15900,16000,15900,15476.0,224000,3561600000
2025-11-11,HT1,16100,15750,16100,15850,15427.333984375,151000,2393350000
2025-11-12,HT1,16300,15850,16250,16149,15719.333984375,347900,5618237100
2025-11-13,HT1,16500,16149,16149,16350,15914.0,155800,2547330000
2025-11-14,HT1,16400,16000,16000,16200,15768.0,220800,3576960000
2025-11-17,HT1,16400,16149,16350,16250,15816.6669921875,535200,8697000000
2025-11-18,HT1,16400,16149,16400,16200,15768.0,142800,2313360000
2025-11-19,HT1,16400,16149,16250,16149,15719.333984375,306000,4941594000
2025-11-20,HT1,16300,15800,16300,16000,15573.333984375,280400,4486400000
2025-11-21,HT1,16100,15800,16000,15850,15427.333984375,224400,3556740000
2025-11-24,HT1,16100,15700,15800,15700,15281.333984375,209400,3287580000
2025-11-25,HT1,15850,15100,15800,15100,14697.333984375,499200,7537920000
2025-11-26,HT1,15500,15150,15500,15200,14794.6669921875,428800,6517760000
2025-11-27,HT1,15500,15300,15300,15300,14892.0,144900,2216970000
2025-11-28,HT1,15900,15250,15300,15750,15330.0,436800,6879600000
2025-12-01,HT1,15900,15550,15750,15600,15184.0,98100,1530360000
2025-12-02,HT1,15750,15500,15600,15750,15330.0,274200,4318650000
2025-12-03,HT1,16149,15600,15750,15600,15184.0,357400,5575440000
2025-12-04,HT1,15900,15650,15800,15700,15184.0,167500,2629750000
2025-12-05,HT1,15850,15300,15750,15300,14892.0,408500,6250050000
2025-12-08,HT1,15600,15300,15300,15450,15038.0,274700,4244115000
2025-12-09,HT1,15500,15100,15500,15200,14794.6669921875,388100,5899120000
2025-12-10,HT1,15450,15100,15450,15150,14746.0,282000,4272300000
2025-12-11,HT1,15300,14850,15150,14950,14551.333984375,489900,7324005000
2025-12-12,HT1,15100,14450,14800,14500,14113.333984375,343900,4986550000
2025-12-15,HT1,15000,14150,14500,14850,14454.0,436200,6477570000
2025-12-16,HT1,15600,14850,14850,15600,15184.0,385600,6015360000
2025-12-17,HT1,15750,15400,15750,15400,14989.333984375,116900,1800260000
2025-12-18,HT1,15400,15150,15400,15300,14989.333984375,162200,2481660000
2025-12-19,HT1,15500,15200,15300,15400,14989.333984375,199700,3075380000
2025-12-22,HT1,16000,15500,16000,15700,15281.333984375,232000,3642400000
2025-12-23,HT1,15700,15500,15700,15550,15135.333984375,138200,2149010000
2025-12-24,HT1,15650,15450,15550,15500,15086.6669921875,88000,1364000000
2025-12-25,HT1,15650,15200,15250,15500,15086.6669921875,158300,2453650000
2025-12-26,HT1,15500,15000,15300,15450,15038.0,162800,2515260000
2025-12-29,HT1,15500,15100,15450,15300,14892.0,97100,1485630000
2025-12-30,HT1,15600,14900,15050,15600,15184.0,270700,4222920000
2025-12-31,HT1,16500,15200,15500,16500,16060.0,349700,5770050000
2026-01-05,HT1,16000,15500,16000,15500,15086.6669921875,270300,4189650000
2026-01-06,HT1,15750,15250,15500,15600,15184.0,154300,2407080000
2026-01-07,HT1,15900,15250,15400,15700,15281.333984375,224900,3530930000
2026-01-08,HT1,16200,15750,16000,15800,15378.6669921875,514100,8122780000
2026-01-09,HT1,16900,15850,15850,16500,16060.0,1314400,21687600000
2026-01-12,HT1,16900,16300,16550,16500,16060.0,468700,7733550000
2026-01-13,HT1,16650,16200,16600,16300,15865.333984375,535400,8727020000
2026-01-14,HT1,17100,16000,16350,16100,15670.6669921875,988700,15918070000
2026-01-15,HT1,16800,16200,16200,16700,16254.6669921875,634900,10602830000
2026-01-16,HT1,17250,16800,17250,16850,16400.66796875,723500,12190975000
2026-01-19,HT1,17300,16900,16900,17050,16595.333984375,485500,8277775000
2026-01-20,HT1,17350,16800,17200,16800,16352.0,506100,8502480000
2026-01-21,HT1,16900,16149,16700,16300,15865.333984375,1097300,17885990000
2026-01-22,HT1,16900,16300,16600,16300,15865.333984375,900900,14684670000
2026-01-23,HT1,16700,16300,16300,16450,16011.333984375,730300,12013435000
2026-01-26,HT1,16700,15500,16350,15500,15086.6669921875,1307900,20272450000
2026-01-27,HT1,15750,14750,15500,15000,14600.0,1105200,16578000000
2026-01-28,HT1,15450,14700,15000,14850,14454.0,778900,11566665000
2026-01-29,HT1,15250,14650,14850,14850,14454.0,818000,12147300000
2026-01-30,HT1,15150,14750,15150,14850,14454.0,825700,12261645000
2026-02-02,HT1,15000,14450,14900,14800,14405.333984375,1781600,26367680000
2026-02-03,HT1,15200,14800,14800,15100,14697.333984375,812100,12262710000
2026-02-04,HT1,15850,15100,15100,15700,15281.333984375,679600,10669720000
2026-02-05,HT1,15700,15250,15700,15550,15135.333984375,592100,9207155000
2026-02-06,HT1,15400,15000,15400,15300,14892.0,635000,9715500000
2026-02-09,HT1,15400,15100,15350,15100,14697.333984375,117100,1768210000
2026-02-10,HT1,15200,15000,15200,15000,14600.0,155800,2337000000
2026-02-11,HT1,15550,15000,15000,15400,14989.333984375,400300,6164620000
2026-02-12,HT1,15500,15250,15450,15300,14892.0,86600,1324980000
2026-02-13,HT1,15500,15250,15450,15400,14989.333984375,281000,4327400000
2026-02-23,HT1,16149,15500,15550,16100,15670.6669921875,733500,11809350000
2026-02-24,HT1,16500,16000,16149,16500,16060.0,859200,14176800000
2026-02-25,HT1,16700,16300,16500,16600,16157.333984375,701900,11651540000
2026-02-26,HT1,16700,16300,16600,16500,16060.0,787400,12992100000
2026-02-27,HT1,17050,16300,16700,17050,16595.333984375,1716000,29257800000
2026-03-02,HT1,18050,16400,16500,18000,17520.0,2355900,42406200000
2026-03-03,HT1,18050,17300,18050,17500,17520.0,1038100,18166750000
2026-03-04,HT1,18100,17000,18000,17500,17033.333984375,1648000,28840000000
2026-03-05,HT1,17650,17200,17500,17500,17033.333984375,485100,8489250000
2026-03-06,HT1,17500,17000,17500,17100,16644.0,850200,14538420000
2026-03-09,HT1,16100,15950,15950,15950,15524.6669921875,301100,4802545000
2026-03-10,HT1,16200,14850,16200,15600,15184.0,1439100,22449960000
2026-03-11,HT1,16650,15800,15850,16500,16060.0,851600,14051400000
2026-03-12,HT1,16650,16000,16550,16450,16011.333984375,369700,6081565000
2026-03-13,HT1,17600,15600,16200,16900,16449.333984375,943300,0
2026-03-16,HT1,17250,16450,17250,16450,16011.333984375,656500,0
2026-03-17,HT1,16800,16100,16450,16200,15768.0,342200,0
2026-03-18,HT1,16450,15700,16149,16200,15768.0,563600,0
2026-03-19,HT1,16300,15800,16200,15900,15476.0,383700,0
2026-03-20,HT1,15900,15350,15800,15550,15135.333984375,699400,0
2026-03-23,HT1,15400,14500,15200,14500,14113.333984375,1293900,0
2026-03-24,HT1,14900,14450,14800,14450,14064.6669921875,336400,0
2026-03-25,HT1,15100,14550,14550,14900,14502.6669921875,599800,0
2026-03-26,HT1,15100,14600,15100,14700,14308.0,306300,0
2026-03-27,HT1,15100,14650,14650,15050,14648.6669921875,311600,0
2026-03-30,HT1,15100,14700,14950,15100,14697.333984375,335100,0
2026-03-31,HT1,15300,15050,15100,15250,14843.333984375,304200,0
2026-04-01,HT1,15500,15250,15350,15400,14989.333984375,194600,0
2026-04-02,HT1,15400,14900,15400,15150,14746.0,303700,0
2026-04-03,HT1,15250,14800,15250,14950,14551.333984375,206000,0
2026-04-06,HT1,14900,14600,14900,14600,14210.6669921875,227700,0
2026-04-07,HT1,14800,14500,14600,14600,14210.6669921875,256000,0
2026-04-08,HT1,15300,14900,15300,15100,14697.333984375,384200,0
2026-04-09,HT1,15700,14900,15000,15550,15135.333984375,597900,0
2026-04-10,HT1,15850,15300,15850,15350,14940.6669921875,410500,0
2026-04-13,HT1,15550,15000,15200,15050,14648.6669921875,488200,0
2026-04-14,HT1,15650,15150,15350,15600,15184.0,373600,0
2026-04-15,HT1,16050,15400,16050,15400,14989.333984375,514100,0
2026-04-16,HT1,15550,15200,15400,15200,14794.6669921875,362400,0
2026-04-17,HT1,15600,15100,15300,15100,14697.333984375,627800,0
2026-04-20,HT1,15450,15100,15200,15100,14697.333984375,203100,0
2026-04-21,HT1,15550,15150,15300,15300,14892.0,447700,0
2026-04-22,HT1,15500,15250,15400,15250,14843.333984375,321600,0
2026-04-23,HT1,15350,14900,15250,15100,14697.333984375,465700,0
2026-04-24,HT1,15300,15000,15000,15050,14648.6669921875,244200,0
2026-04-28,HT1,15150,14750,15050,14750,14356.6669921875,256800,0
2026-04-29,HT1,15000,14600,15000,14800,14405.333984375,281000,0
2026-05-04,HT1,15000,14650,15000,14650,14259.333984375,210400,0
2026-05-05,HT1,14750,14500,14750,14550,14162.0,412200,0
2026-05-06,HT1,15000,14600,14600,14750,14356.6669921875,308800,0
2026-05-07,HT1,15000,14700,14900,14700,14308.0,330800,0
2026-05-08,HT1,14850,14350,14850,14400,14016.0,657100,0
2026-05-11,HT1,14550,14200,14550,14350,13967.333984375,242200,0
2026-05-12,HT1,14450,14200,14350,14300,13918.6669921875,136000,0
2026-05-13,HT1,14350,14250,14250,14350,13967.333984375,143000,0
2026-05-14,HT1,14450,14100,14400,14200,13821.333984375,412100,0
2026-05-15,HT1,14250,13800,14250,13800,13432.0,545300,0
2026-05-18,HT1,13900,13650,13850,13900,13529.333984375,250800,0
2026-05-19,HT1,14050,13800,13900,13950,13578.0,245900,0
2026-05-20,HT1,14100,13500,14000,13850,13480.6669921875,380300,0
2026-05-21,HT1,13900,13600,13800,13850,13480.6669921875,168300,0
2026-05-22,HT1,14000,13700,14000,13800,13432.0,175800,0
2026-05-25,HT1,13950,13800,13800,13950,13578.0,131700,0
2026-05-26,HT1,14000,13800,14000,13950,13578.0,113700,0
2026-05-27,HT1,14000,13800,13950,13900,13529.333984375,138700,0
2026-05-28,HT1,13950,13750,13950,13800,13432.0,96700,0
2026-05-29,HT1,13700,13600,13600,13600,13237.333984375,121100,0
2026-06-01,HT1,13800,13550,13600,13800,13432.0,87500,0
2026-06-02,HT1,14250,13750,14250,13750,13383.333984375,193000,0
2026-06-03,HT1,13800,13650,13750,13700,13334.6669921875,69000,0
2026-06-04,HT1,13850,13500,13700,13500,13140.0,398600,0
2026-06-05,HT1,13800,13550,13650,13700,13334.6669921875,95100,0
2026-06-08,HT1,13650,13400,13650,13550,13188.6669921875,205300,0
2026-06-09,HT1,13800,13350,13600,13800,13432.0,86300,0
2026-06-10,HT1,13950,13550,13550,13950,13578.0,136800,0
2026-06-11,HT1,13950,13750,13950,13750,13383.333984375,39000,0
2026-06-12,HT1,13800,13300,13750,13600,13237.333984375,156600,0
2026-06-15,HT1,13750,13550,13550,13650,13286.0,147300,0
2026-06-16,HT1,13850,13650,13650,13800,13432.0,87900,0
2026-06-17,HT1,13900,13750,13800,13850,13480.6669921875,64100,0
2026-06-18,HT1,13950,13650,13900,13650,13286.0,147700,0
2026-06-19,HT1,14000,13650,14000,13850,13480.6669921875,221800,0
2026-06-22,HT1,13900,13750,13900,13750,13383.333984375,81700,0
2026-06-23,HT1,13800,13650,13750,13700,13334.6669921875,218500,0
2026-06-24,HT1,13800,13550,13700,13700,13334.6669921875,111800,0
2026-06-25,HT1,13750,13600,13700,13750,13383.333984375,150600,0
2026-06-26,HT1,13750,13550,13600,13650,13286.0,251700,0
2026-06-29,HT1,13650,13400,13400,13550,13188.6669921875,117900,0
2026-06-30,HT1,13650,13350,13650,13350,12994.0,324300,0
2026-07-01,HT1,13600,13500,13500,13600,12994.0,82500,0
2026-07-02,HT1,13650,13450,13600,13450,13091.333984375,100400,0
2026-07-03,HT1,13500,13350,13500,13350,12994.0,86600,0
2026-07-06,HT1,13500,13050,13350,13200,12848.0,244100,0
2026-07-07,HT1,13300,12950,13050,13250,12896.6669921875,198500,0
2026-07-08,HT1,13300,13000,13250,13000,12653.333984375,160000,0
2026-07-09,HT1,13300,13000,13000,13300,12945.333984375,219700,0
2026-07-10,HT1,13350,13100,13300,13100,12750.6669921875,59600,0
2026-07-13,HT1,13250,12500,13250,12650,12312.6669921875,479900,0
2026-07-14,HT1,12800,12500,12600,12700,12361.333984375,206200,0
2026-07-15,HT1,12850,12650,12700,12700,12361.333984375,148500,0
2026-07-16,HT1,12800,12450,12700,12750,12410.0,149300,0
2026-07-17,HT1,12750,12500,12750,12500,12166.6669921875,106100,0
2026-07-20,HT1,12550,12000,12500,12050,11728.6669921875,250000,0
2026-07-21,HT1,12350,12000,12000,12200,11874.6669921875,159200,0
2026-07-22,HT1,12250,12000,12050,12200,11874.6669921875,102900,0
2026-07-23,HT1,12300,11850,12000,12300,11972.0,164900,0
2026-07-24,HT1,12300,12100,12300,12200,11874.6669921875,49400,0
2026-07-27,HT1,12300,11650,12300,11650,11339.333984375,94900,0
2026-07-28,HT1,12000,11450,11450,11900,11582.6669921875,181600,0
2026-07-29,HT1,12100,11850,12000,11950,11631.333984375,41600,0
2026-07-30,HT1,12350,11750,11750,12300,11972.0,216100,0
2026-07-31,HT1,12350,12150,12300,12200,11874.6669921875,85500,0
2026-08-03,HT1,12500,12200,12200,12450,12118.0,204400,0
2026-08-04,HT1,13300,12450,12450,13200,12848.0,430500,0
2026-08-05,HT1,14000,13050,13400,13200,12848.0,251100,0
2026-08-06,HT1,13250,12750,13250,13050,12702.0,144100,0
2026-08-07,HT1,13150,12800,12800,12950,12604.6669921875,446400,0
2026-08-10,HT1,13300,13050,13200,13300,12945.333984375,214300,0
2026-08-11,HT1,13350,13200,13350,13250,12896.6669921875,101300,0
2026-08-12,HT1,13650,13250,13250,13300,12945.333984375,312900,0
2026-08-13,HT1,13350,13000,13350,13250,12896.6669921875,260100,0
2026-08-14,HT1,13300,12800,13300,13000,12653.333984375,221700,0
2026-08-17,HT1,13100,12750,13000,12800,12458.6669921875,120800,0
2026-08-18,HT1,13100,12700,12900,12800,12458.6669921875,187600,0
2026-08-19,HT1,13000,12800,12800,12850,12507.333984375,252900,0
2026-08-20,HT1,13000,12700,13000,12800,12458.6669921875,75700,0
2026-08-21,HT1,12950,12600,12800,12900,12556.0,371100,0
2026-08-24,HT1,13050,12800,13050,12900,12556.0,205600,0
2026-08-25,HT1,12950,12700,12950,12850,12507.333984375,167700,0
2026-08-26,HT1,12850,12650,12850,12800,12458.6669921875,113400,0
2026-08-27,HT1,12850,12650,12800,12750,12410.0,109800,0
2026-08-28,HT1,12800,12600,12800,12600,12264.0,117200,0
2026-09-03,HT1,12750,12500,12600,12600,12264.0,70400,0
2026-09-04,HT1,12750,12400,12450,12500,12166.6669921875,172000,0
2026-09-07,HT1,12600,12300,12450,12400,12069.333984375,86900,0
2026-09-08,HT1,12400,12000,12400,12200,11874.6669921875,223000,0
2026-09-09,HT1,12350,12100,12150,12100,11874.6669921875,88900,0
2026-09-10,HT1,12200,11900,12100,12050,11728.6669921875,403100,0
2026-09-11,HT1,12200,12000,12100,12100,11777.333984375,382400,0
2026-09-14,HT1,11870,11630,11780,11680,11680.0,264800,0
2026-09-15,HT1,11830,11630,11680,11680,11680.0,201000,0
2026-09-16,HT1,12100,11750,11900,11800,11800.0,237300,0
2026-09-17,HT1,11950,11800,11900,11800,11800.0,106600,0
2026-09-18,HT1,11950,11800,11950,11800,11800.0,118900,0
