Date,code,high,low,open,close,adjust,volume_match,value_match
2012-03-20,MBB,2230,2170,2180,2230,1685.3634033203125,3748430,8358998900
2012-03-21,MBB,2320,2230,2240,2270,1717.1629638671875,8486760,19264945200
2012-03-22,MBB,2270,2210,2240,2210,1674.7637939453125,5042930,11144875300
2012-03-23,MBB,2270,2210,2230,2230,1695.963623046875,6886300,15356449000
2012-03-26,MBB,2270,2170,2270,2170,1642.96484375,4345740,9430255800
2012-03-27,MBB,2170,2070,2140,2070,1568.7664794921875,6171100,12774177000
2012-03-28,MBB,2110,2009,2029,2110,1600.565673828125,3287320,6936245200
2012-03-29,MBB,2120,2029,2120,2060,1558.16650390625,2667660,5495379600
2012-03-30,MBB,2070,2009,2029,2029,1536.9671630859375,2563210,5200753090
2012-04-03,MBB,2120,2029,2029,2120,1611.1654052734375,4560310,9667857200
2012-04-04,MBB,2140,2070,2120,2080,1579.3660888671875,2466650,5130632000
2012-04-05,MBB,2150,2060,2080,2140,1621.7652587890625,3033670,6492053800
2012-04-06,MBB,2170,2110,2140,2110,1600.565673828125,2553500,5387885000
2012-04-09,MBB,2150,2090,2120,2140,1621.7652587890625,1622410,3471957400
2012-04-10,MBB,2150,2070,2140,2080,1579.3660888671875,3968660,8254812800
2012-04-11,MBB,2140,2080,2140,2140,1621.7652587890625,3865700,8272598000
2012-04-12,MBB,2230,2140,2150,2210,1674.7637939453125,10227410,22602576100
2012-04-13,MBB,2230,2170,2230,2170,1642.96484375,2991900,6492423000
2012-04-16,MBB,2230,2170,2190,2210,1674.7637939453125,2489500,5501795000
2012-04-17,MBB,2270,2190,2230,2230,1685.3634033203125,5193950,11582508500
2012-04-18,MBB,2270,2190,2230,2190,1664.1641845703125,5574540,12208242600
2012-04-19,MBB,2210,2150,2190,2150,1632.364990234375,2800080,6020172000
2012-04-20,MBB,2210,2120,2150,2150,1632.364990234375,2357050,5067657500
2012-04-23,MBB,2180,2140,2140,2150,1632.364990234375,3371380,7248467000
2012-04-24,MBB,2170,2120,2150,2170,1642.96484375,2730600,5925402000
2012-04-25,MBB,2210,2170,2190,2180,1653.5645751953125,2559560,5579840800
2012-04-26,MBB,2190,2140,2190,2140,1621.7652587890625,2627460,5622764400
2012-04-27,MBB,2150,2110,2140,2140,1621.7652587890625,2734350,5851509000
2012-05-02,MBB,2170,2110,2150,2120,1611.1654052734375,2289580,4853909600
2012-05-03,MBB,2120,2090,2120,2110,1600.565673828125,1401710,2957608100
2012-05-04,MBB,2140,2110,2110,2120,1611.1654052734375,2052660,4351639200
2012-05-07,MBB,2140,2090,2120,2090,1589.9658203125,2862670,5982980300
2012-05-08,MBB,2190,2090,2090,2190,1664.1641845703125,7551530,16537850700
2012-05-09,MBB,2230,2170,2190,2180,1653.5645751953125,2460860,5364674800
2012-05-10,MBB,2210,2150,2180,2190,1664.1641845703125,2364650,5178583500
2012-05-11,MBB,2190,2150,2190,2170,1642.96484375,1958130,4249142100
2012-05-14,MBB,2170,2090,2150,2090,1589.9658203125,3790900,7922981000
2012-05-15,MBB,2110,2070,2090,2070,1568.7664794921875,2627100,5438097000
2012-05-16,MBB,2090,2060,2070,2080,1579.3660888671875,1931580,4017686400
2012-05-17,MBB,2140,2080,2110,2080,1579.3660888671875,1635510,3401860800
2012-05-18,MBB,2080,2009,2070,2029,1536.3900146484375,2633250,5342864250
2012-05-21,MBB,2120,2060,2060,2120,1611.5982666015625,1287600,2729712000
2012-05-22,MBB,2120,2070,2120,2080,1579.3660888671875,750510,1561060800
2012-05-23,MBB,2080,2029,2060,2029,1536.3900146484375,1315030,2668195870
2012-05-24,MBB,2060,2000,2029,2000,1514.902099609375,1236660,2473320000
2012-05-25,MBB,2090,2029,2060,2090,1590.1099853515625,1856780,3880670200
2012-05-28,MBB,2120,2070,2110,2090,1590.1099853515625,1263630,2640986700
2012-05-29,MBB,2090,2070,2070,2080,1579.3660888671875,957050,1990664000
2012-05-30,MBB,2120,2070,2080,2110,1600.8541259765625,2073200,4374452000
2012-05-31,MBB,2090,2070,2090,2080,1579.3660888671875,1058710,2202116800
2012-06-01,MBB,2120,2080,2090,2090,1590.1099853515625,1352760,2827268400
2012-06-04,MBB,2080,2029,2070,2029,1547.134033203125,2608460,5292565340
2012-06-05,MBB,2070,2029,2029,2070,1568.6220703125,667870,1382490900
2012-06-06,MBB,2080,2060,2060,2070,1568.6220703125,784940,1624825800
2012-06-07,MBB,2110,2070,2080,2090,1590.1099853515625,1587310,3317477900
2012-06-08,MBB,2120,2070,2120,2070,1568.6220703125,740140,1532089800
2012-06-11,MBB,2090,2060,2070,2070,1568.6220703125,1233020,2552351400
2012-06-12,MBB,2070,2029,2070,2029,1536.3900146484375,1167320,2368492280
2012-06-13,MBB,2060,2029,2029,2029,1536.3900146484375,606570,1230730530
2012-06-14,MBB,2060,2029,2029,2029,1536.3900146484375,869930,1765087970
2012-06-15,MBB,2070,2029,2029,2029,1547.134033203125,688370,1396702730
2012-06-18,MBB,2080,2060,2070,2070,1568.6220703125,1348410,2791208700
2012-06-19,MBB,2070,2029,2060,2029,1547.134033203125,632180,1282693220
2012-06-20,MBB,2060,2029,2029,2029,1547.134033203125,245320,497754280
2012-06-21,MBB,2070,2029,2029,2029,1547.134033203125,897460,1820946340
2012-06-22,MBB,2029,2009,2029,2029,1536.3900146484375,1033550,2097072950
2012-06-25,MBB,2029,2000,2029,2000,1514.902099609375,1396050,2792100000
2012-06-26,MBB,2009,1970,2000,2000,1514.902099609375,1113560,2227120000
2012-06-27,MBB,2009,1970,1970,1970,1504.158203125,935260,1842462200
2012-06-28,MBB,2000,1970,1970,1970,1493.4141845703125,587950,1158261500
2012-06-29,MBB,1970,1970,1970,1970,1504.158203125,527300,1038781000
2012-07-02,MBB,1970,1950,1970,1950,1482.6702880859375,411320,802074000
2012-07-03,MBB,1950,1910,1930,1930,1471.9263916015625,684000,1320120000
2012-07-04,MBB,1950,1910,1930,1910,1450.4383544921875,469580,896897800
2012-07-05,MBB,1910,1880,1910,1910,1450.4383544921875,659740,1260103400
2012-07-06,MBB,1930,1900,1900,1930,1461.1822509765625,547100,1055903000
2012-07-09,MBB,1930,1850,1910,1850,1407.4622802734375,495120,915972000
2012-07-10,MBB,1880,1850,1850,1850,1396.7183837890625,311900,577015000
2012-07-11,MBB,1850,1850,1850,1850,1396.7183837890625,266880,493728000
2012-07-12,MBB,1880,1850,1850,1880,1418.2061767578125,174340,327759200
2012-07-13,MBB,1950,1880,1880,1950,1482.6702880859375,1836480,3581136000
2012-07-16,MBB,2000,1950,1970,1970,1504.158203125,2039960,4018721200
2012-07-17,MBB,2029,1970,1970,2029,1536.3900146484375,1214720,2464666880
2012-07-18,MBB,2029,2000,2029,2009,1525.6461181640625,746460,1499638140
2012-07-19,MBB,2060,1970,2009,2060,1557.8780517578125,1036800,2135808000
2012-07-20,MBB,2080,2029,2060,2029,1536.3900146484375,1167570,2368999530
2012-07-23,MBB,2029,2000,2029,2000,1514.902099609375,757940,1515880000
2012-07-24,MBB,2000,1930,1970,1950,1482.6702880859375,977000,1905150000
2012-07-25,MBB,1970,1930,1930,1950,1482.6702880859375,991480,1933386000
2012-07-26,MBB,1970,1950,1950,1970,1493.4141845703125,386960,762311200
2012-07-27,MBB,2000,1970,1970,2000,1514.902099609375,1181950,2363900000
2012-07-30,MBB,2000,1970,1970,2000,1514.902099609375,372670,745340000
2012-07-31,MBB,2009,1970,1970,1970,1504.158203125,341290,672341300
2012-08-01,MBB,1970,1950,1970,1950,1482.6702880859375,445630,868978500
2012-08-02,MBB,1970,1950,1950,1950,1482.6702880859375,348530,679633500
2012-08-03,MBB,1970,1950,1950,1970,1493.4141845703125,501940,988821800
2012-08-06,MBB,2009,1970,1970,2000,1514.902099609375,1007280,2014560000
2012-08-07,MBB,2000,1970,1970,1970,1504.158203125,494380,973928600
2012-08-08,MBB,2000,1970,1970,1970,1504.158203125,715510,1409554700
2012-08-09,MBB,2009,1970,1970,1970,1504.158203125,641570,1263892900
2012-08-10,MBB,2009,1970,1970,1970,1504.158203125,604450,1190766500
2012-08-13,MBB,2029,1970,1970,2029,1536.3900146484375,1031280,2092467120
2012-08-14,MBB,2120,2029,2029,2080,1579.3660888671875,22578090,46962427200
2012-08-15,MBB,2120,2060,2090,2070,1568.6220703125,1811600,3750012000
2012-08-16,MBB,2080,2060,2070,2070,1568.6220703125,458790,949695300
2012-08-17,MBB,2070,2029,2060,2070,1568.6220703125,1217340,2519893800
2012-08-20,MBB,2110,2070,2070,2110,1600.8541259765625,2443510,5155806100
2012-08-21,MBB,2080,2009,2080,2009,1525.6461181640625,3237850,6504840650
2012-08-22,MBB,2029,1930,1930,1970,1493.4141845703125,2197070,4328227900
2012-08-23,MBB,1950,1880,1950,1880,1428.9501953125,7323800,13768744000
2012-08-24,MBB,1970,1850,1850,1970,1493.4141845703125,2708820,5336375400
2012-08-27,MBB,1950,1880,1950,1900,1439.6942138671875,3254300,6183170000
2012-08-28,MBB,1930,1880,1910,1930,1461.1822509765625,623760,1203856800
2012-08-29,MBB,1970,1930,1930,1970,1493.4141845703125,826820,1628835400
2012-08-30,MBB,2000,1950,1970,1970,1504.158203125,1010360,1990409200
2012-08-31,MBB,1970,1930,1950,1930,1471.9263916015625,808190,1559806700
2012-09-04,MBB,1970,1930,1970,1950,1482.6702880859375,495100,965445000
2012-09-05,MBB,1970,1930,1970,1950,1482.6702880859375,709730,1383973500
2012-09-06,MBB,1970,1930,1950,1930,1471.9263916015625,607920,1173285600
2012-09-07,MBB,1930,1910,1930,1930,1471.9263916015625,426160,822488800
2012-09-10,MBB,1930,1880,1930,1880,1428.9501953125,808070,1519171600
2012-09-11,MBB,1910,1880,1900,1910,1450.4383544921875,496560,948429600
2012-09-12,MBB,1930,1900,1910,1900,1439.6942138671875,212280,403332000
2012-09-13,MBB,1930,1900,1900,1930,1461.1822509765625,343370,662704100
2012-09-14,MBB,1950,1930,1930,1950,1482.6702880859375,432290,842965500
2012-09-17,MBB,1970,1930,1930,1930,1471.9263916015625,565550,1091511500
2012-09-18,MBB,1930,1880,1930,1900,1439.6942138671875,879070,1670233000
2012-09-19,MBB,1910,1880,1900,1910,1450.4383544921875,500370,955706700
2012-09-20,MBB,1900,1820,1900,1850,1407.4622802734375,1506930,2787820500
2012-09-21,MBB,1900,1880,1880,1900,1439.6942138671875,767240,1457756000
2012-09-24,MBB,1900,1880,1900,1880,1428.9501953125,278620,523805600
2012-09-25,MBB,1900,1880,1880,1880,1428.9501953125,238450,448286000
2012-09-26,MBB,1900,1880,1880,1900,1439.6942138671875,311770,592363000
2012-09-27,MBB,1900,1880,1900,1880,1428.9501953125,393620,740005600
2012-09-28,MBB,1880,1880,1880,1880,1418.2061767578125,325970,612823600
2012-10-01,MBB,1880,1850,1850,1850,1396.7183837890625,447580,828023000
2012-10-02,MBB,1880,1850,1850,1880,1418.2061767578125,390840,734779200
2012-10-03,MBB,1880,1880,1880,1880,1418.2061767578125,408390,767773200
2012-10-04,MBB,1880,1880,1880,1880,1418.2061767578125,399370,750815600
2012-10-05,MBB,1880,1880,1880,1880,1418.2061767578125,259300,487484000
2012-10-08,MBB,1880,1880,1880,1880,1428.9501953125,316440,594907200
2012-10-09,MBB,1900,1880,1900,1880,1418.2061767578125,437740,822951200
2012-10-10,MBB,1880,1850,1850,1880,1418.2061767578125,497840,935939200
2012-10-11,MBB,1900,1850,1880,1850,1407.4622802734375,1730230,3200925500
2012-10-12,MBB,1880,1850,1850,1850,1407.4622802734375,796930,1474320500
2012-10-15,MBB,1880,1850,1880,1850,1396.7183837890625,535660,990971000
2012-10-16,MBB,1880,1850,1850,1850,1407.4622802734375,1950110,3607703500
2012-10-17,MBB,1880,1850,1850,1850,1407.4622802734375,598300,1106855000
2012-10-18,MBB,1850,1820,1850,1850,1396.7183837890625,1345790,2489711500
2012-10-19,MBB,1850,1820,1850,1820,1385.974365234375,656940,1195630800
2012-10-22,MBB,1820,1800,1820,1800,1364.486572265625,810510,1458918000
2012-10-23,MBB,1820,1780,1800,1800,1364.486572265625,393350,708030000
2012-10-24,MBB,1820,1780,1800,1780,1353.742431640625,296490,527752200
2012-10-25,MBB,1800,1770,1780,1780,1353.742431640625,473240,842367200
2012-10-26,MBB,1800,1770,1780,1770,1342.9981689453125,295650,523300500
2012-10-29,MBB,1820,1770,1780,1800,1364.486572265625,368390,663102000
2012-10-30,MBB,1800,1780,1800,1780,1353.742431640625,311190,553918200
2012-10-31,MBB,1800,1770,1780,1800,1364.486572265625,386190,695142000
2012-11-01,MBB,1880,1820,1820,1880,1418.2061767578125,4204300,7904084000
2012-11-02,MBB,1850,1820,1820,1850,1396.7183837890625,2012910,3723883500
2012-11-05,MBB,1850,1820,1820,1820,1385.974365234375,1434880,2611481600
2012-11-06,MBB,1850,1820,1850,1850,1396.7183837890625,880410,1628758500
2012-11-07,MBB,1880,1850,1850,1850,1407.4622802734375,1644630,3042565500
2012-11-08,MBB,1900,1850,1850,1900,1439.6942138671875,2239520,4255088000
2012-11-09,MBB,1910,1880,1900,1900,1439.6942138671875,2741870,5209553000
2012-11-12,MBB,1930,1880,1900,1930,1461.1822509765625,2697560,5206290800
2012-11-13,MBB,1950,1910,1930,1930,1461.1822509765625,1422330,2745096900
2012-11-14,MBB,1930,1900,1910,1900,1437.9891357421875,2492410,4735579000
2012-11-15,MBB,1900,1870,1900,1870,1414.795654296875,483800,904706000
2012-11-16,MBB,1880,1870,1870,1880,1426.3922119140625,459130,863164400
2012-11-19,MBB,1900,1840,1900,1840,1391.602294921875,1766160,3249734400
2012-11-20,MBB,1870,1840,1840,1850,1403.19873046875,523960,969326000
2012-11-21,MBB,1870,1850,1870,1850,1403.19873046875,1230140,2275759000
2012-11-22,MBB,1870,1840,1870,1850,1403.19873046875,696940,1289339000
2012-11-23,MBB,1870,1850,1850,1850,1403.19873046875,319780,591593000
2012-11-26,MBB,1880,1840,1850,1840,1391.602294921875,809140,1488817600
2012-11-27,MBB,1870,1840,1840,1850,1403.19873046875,593940,1098789000
2012-11-28,MBB,1870,1840,1850,1850,1403.19873046875,306910,567783500
2012-11-29,MBB,1870,1850,1870,1870,1414.795654296875,405440,758172800
2012-11-30,MBB,1880,1850,1870,1870,1414.795654296875,632680,1183111600
2012-12-03,MBB,1870,1850,1870,1870,1414.795654296875,426210,797012700
2012-12-04,MBB,1880,1850,1870,1870,1414.795654296875,396150,740800500
2012-12-05,MBB,1900,1870,1870,1880,1426.3922119140625,1519840,2857299200
2012-12-06,MBB,1900,1870,1880,1880,1426.3922119140625,856290,1609825200
2012-12-07,MBB,1900,1870,1880,1870,1414.795654296875,761280,1423593600
2012-12-10,MBB,1900,1850,1870,1880,1426.3922119140625,965460,1815064800
2012-12-11,MBB,1880,1870,1880,1880,1426.3922119140625,625520,1175977600
2012-12-12,MBB,1910,1880,1880,1900,1439.201171875,1028020,1953238000
2012-12-13,MBB,1910,1880,1910,1880,1427.50048828125,679410,1277290800
2012-12-14,MBB,1950,1880,1880,1910,1450.9019775390625,1361880,2601190800
2012-12-17,MBB,1910,1900,1910,1900,1439.201171875,427310,811889000
2012-12-18,MBB,1910,1880,1910,1880,1427.50048828125,354780,666986400
2012-12-19,MBB,1910,1880,1900,1900,1439.201171875,731270,1389413000
2012-12-20,MBB,1910,1880,1910,1900,1439.201171875,1156600,2197540000
2012-12-21,MBB,1900,1880,1880,1900,1439.201171875,564080,1071752000
2012-12-24,MBB,1910,1880,1900,1900,1439.201171875,567730,1078687000
2012-12-25,MBB,1910,1880,1900,1880,1427.50048828125,507470,954043600
2012-12-26,MBB,1910,1880,1880,1910,1450.9019775390625,540300,1031973000
2012-12-27,MBB,1930,1910,1910,1930,1462.6031494140625,2897410,5592001300
2012-12-28,MBB,1930,1910,1930,1930,1462.6031494140625,1108450,2139308500
2013-01-02,MBB,2029,1930,1930,2029,1532.8076171875,3467810,7036186490
2013-01-03,MBB,2029,1950,2029,1980,1509.406005859375,2020300,4000194000
2013-01-04,MBB,2029,1950,1980,2000,1521.107177734375,1401390,2802780000
2013-01-07,MBB,2029,1980,2000,2029,1532.8076171875,1625590,3298322110
2013-01-08,MBB,2110,2000,2000,2090,1591.31201171875,5318350,11115351500
2013-01-09,MBB,2190,2050,2150,2060,1567.9105224609375,4792010,9871540600
2013-01-10,MBB,2140,2050,2060,2140,1626.4141845703125,2494950,5339193000
2013-01-11,MBB,2210,2140,2150,2150,1638.115234375,3715250,7987787500
2013-01-14,MBB,2150,2080,2120,2140,1626.4141845703125,2037060,4359308400
2013-01-15,MBB,2230,2150,2150,2190,1661.5169677734375,3057300,6695487000
2013-01-16,MBB,2230,2190,2210,2230,1684.91845703125,4070240,9076635200
2013-01-17,MBB,2230,2180,2210,2180,1649.8160400390625,2785960,6073392800
2013-01-18,MBB,2190,2120,2180,2180,1649.8160400390625,4014940,8752569200
2013-01-21,MBB,2230,2140,2180,2150,1638.115234375,2241840,4819956000
2013-01-22,MBB,2150,2080,2140,2090,1591.31201171875,1691970,3536217300
2013-01-23,MBB,2120,2060,2110,2090,1591.31201171875,912980,1908128200
2013-01-24,MBB,2120,2090,2110,2120,1614.713623046875,690290,1463414800
2013-01-25,MBB,2150,2120,2140,2140,1626.4141845703125,1045450,2237263000
2013-01-28,MBB,2210,2140,2140,2150,1638.115234375,3581900,7701085000
2013-01-29,MBB,2190,2120,2150,2150,1638.115234375,1889520,4062468000
2013-01-30,MBB,2190,2140,2150,2180,1649.8160400390625,2153660,4694978800
2013-01-31,MBB,2180,2140,2150,2140,1626.4141845703125,1224200,2619788000
2013-02-01,MBB,2140,2110,2140,2140,1626.4141845703125,582500,1246550000
2013-02-04,MBB,2150,2110,2140,2110,1603.0128173828125,692890,1461997900
2013-02-05,MBB,2120,2080,2120,2110,1603.0128173828125,1047720,2210689200
2013-02-06,MBB,2150,2110,2140,2140,1626.4141845703125,708940,1517131600
2013-02-07,MBB,2150,2120,2140,2140,1626.4141845703125,626850,1341459000
2013-02-08,MBB,2210,2140,2150,2180,1649.8160400390625,1154240,2516243200
2013-02-18,MBB,2210,2150,2190,2210,1673.2176513671875,2183370,4825247700
2013-02-19,MBB,2230,2180,2210,2190,1661.5169677734375,3043840,6666009600
2013-02-20,MBB,2190,2150,2180,2180,1649.8160400390625,810230,1766301400
2013-02-21,MBB,2190,2110,2180,2110,1603.0128173828125,1295440,2733378400
2013-02-22,MBB,2150,2080,2120,2110,1603.0128173828125,2559730,5401030300
2013-02-25,MBB,2120,2090,2120,2090,1591.31201171875,635190,1327547100
2013-02-26,MBB,2090,2029,2090,2029,1544.5086669921875,1210770,2456652330
2013-02-27,MBB,2050,2000,2029,2029,1544.5086669921875,894980,1815914420
2013-02-28,MBB,2080,2050,2060,2060,1567.9105224609375,658650,1356819000
2013-03-01,MBB,2080,2050,2060,2050,1556.2093505859375,347490,712354500
2013-03-04,MBB,2060,2000,2060,2029,1532.8076171875,653150,1325241350
2013-03-05,MBB,2029,2000,2029,2029,1532.8076171875,545480,1106778920
2013-03-06,MBB,2029,2029,2029,2029,1532.8076171875,391390,794130310
2013-03-07,MBB,2029,2000,2029,2029,1532.8076171875,363780,738109620
2013-03-08,MBB,2029,2029,2029,2029,1532.8076171875,414720,841466880
2013-03-11,MBB,2050,2000,2000,2029,1544.5086669921875,353380,717008020
2013-03-12,MBB,2050,2029,2029,2029,1544.5086669921875,237010,480893290
2013-03-13,MBB,2029,2000,2029,2029,1532.8076171875,273610,555154690
2013-03-14,MBB,2029,2000,2029,2000,1521.107177734375,204060,408120000
2013-03-15,MBB,2029,2000,2000,2000,1521.107177734375,249840,499680000
2013-03-18,MBB,2029,2000,2000,2000,1521.107177734375,326950,653900000
2013-03-19,MBB,2029,1980,2000,2000,1521.107177734375,349100,698200000
2013-03-20,MBB,2029,2000,2000,2029,1532.8076171875,329070,667683030
2013-03-21,MBB,2029,2029,2029,2029,1532.8076171875,239210,485357090
2013-03-22,MBB,2029,2000,2029,2000,1521.107177734375,502930,1005860000
2013-03-25,MBB,2029,1980,2000,2029,1532.8076171875,735850,1493039650
2013-03-26,MBB,2029,2000,2029,2029,1532.8076171875,195680,397034720
2013-03-27,MBB,2029,2000,2029,2000,1521.107177734375,180740,361480000
2013-03-28,MBB,2000,1980,2000,1980,1509.406005859375,322200,637956000
2013-03-29,MBB,2000,1970,1980,1980,1509.406005859375,215300,426294000
2013-04-01,MBB,2029,1980,2000,2029,1532.8076171875,506730,1028155170
2013-04-02,MBB,2050,2029,2029,2029,1544.5086669921875,951800,1931202200
2013-04-03,MBB,2050,2029,2029,2029,1532.8076171875,344920,699842680
2013-04-04,MBB,2029,2000,2029,2000,1521.107177734375,875350,1750700000
2013-04-05,MBB,2029,1980,2000,2000,1521.107177734375,794100,1588200000
2013-04-08,MBB,2029,2029,2029,2029,1544.5086669921875,465270,944032830
2013-04-09,MBB,2060,2029,2050,2060,1567.9105224609375,734400,1512864000
2013-04-10,MBB,2060,2000,2060,2000,1521.107177734375,507900,1015800000
2013-04-11,MBB,2029,2000,2029,2029,1532.8076171875,411490,834913210
2013-04-12,MBB,2029,1980,2029,2000,1521.107177734375,644140,1288280000
2013-04-15,MBB,2029,1970,2029,1980,1509.406005859375,744860,1474822800
2013-04-16,MBB,2000,1970,1980,1980,1509.406005859375,771030,1526639400
2013-04-17,MBB,2000,1980,1980,1980,1509.406005859375,266240,527155200
2013-04-18,MBB,1980,1970,1980,1970,1497.7052001953125,331530,653114100
2013-04-22,MBB,1980,1970,1980,1970,1497.7052001953125,334160,658295200
2013-04-23,MBB,2000,1970,1970,1980,1509.406005859375,287080,568418400
2013-04-24,MBB,2000,1970,2000,1970,1497.7052001953125,579230,1141083100
2013-04-25,MBB,2000,1970,1980,1980,1509.406005859375,360390,713572200
2013-04-26,MBB,2000,1980,1980,1980,1509.406005859375,299830,593663400
2013-05-02,MBB,2000,1970,1980,1970,1497.7052001953125,367220,723423400
2013-05-03,MBB,2000,1970,1970,2000,1521.107177734375,648040,1296080000
2013-05-06,MBB,2029,1980,2000,2029,1532.8076171875,618290,1254510410
2013-05-07,MBB,2029,1980,2029,2000,1521.107177734375,398980,797960000
2013-05-08,MBB,2000,1980,2000,2000,1521.107177734375,541270,1082540000
2013-05-09,MBB,2000,1980,1980,2000,1521.107177734375,470480,940960000
2013-05-10,MBB,2029,1980,2000,2000,1521.107177734375,377840,755680000
2013-05-13,MBB,2029,1980,2000,1980,1509.406005859375,315920,625521600
2013-05-14,MBB,1980,1970,1980,1970,1521.2911376953125,428420,843987400
2013-05-15,MBB,2029,1970,1980,2000,1545.0616455078125,558920,1117840000
2013-05-16,MBB,2029,1980,1980,2000,1545.0616455078125,314270,628540000
2013-05-17,MBB,2029,1980,1980,2000,1545.0616455078125,390120,780240000
2013-05-20,MBB,2000,1980,1980,2000,1545.0616455078125,425970,851940000
2013-05-21,MBB,2029,2000,2000,2000,1545.0616455078125,606810,1213620000
2013-05-22,MBB,2029,2000,2029,2029,1556.9464111328125,581020,1178889580
2013-05-23,MBB,2029,2000,2029,2000,1545.0616455078125,458260,916520000
2013-05-24,MBB,2029,2000,2000,2000,1545.0616455078125,392650,785300000
2013-05-27,MBB,2050,2029,2029,2029,1568.8316650390625,865170,1755429930
2013-05-28,MBB,2050,2029,2029,2029,1568.8316650390625,249690,506621010
2013-05-29,MBB,2050,2029,2029,2029,1568.8316650390625,736870,1495109230
2013-05-30,MBB,2029,2029,2029,2029,1568.8316650390625,266880,541499520
2013-05-31,MBB,2090,2050,2050,2060,1592.60205078125,1646700,3392202000
2013-06-03,MBB,2060,2050,2050,2050,1580.7166748046875,568890,1166224500
2013-06-04,MBB,2050,2029,2050,2029,1556.9464111328125,519760,1054593040
2013-06-05,MBB,2029,2000,2029,2029,1568.8316650390625,465310,944113990
2013-06-06,MBB,2050,2029,2029,2029,1568.8316650390625,765270,1552732830
2013-06-07,MBB,2060,2029,2029,2060,1592.60205078125,1191780,2455066800
2013-06-10,MBB,2090,2060,2090,2060,1592.60205078125,860780,1773206800
2013-06-11,MBB,2080,2050,2060,2050,1580.7166748046875,664780,1362799000
2013-06-12,MBB,2060,2029,2050,2050,1580.7166748046875,753660,1545003000
2013-06-13,MBB,2050,2029,2050,2029,1568.8316650390625,487010,988143290
2013-06-14,MBB,2050,2029,2050,2029,1568.8316650390625,410920,833756680
2013-06-17,MBB,2029,2000,2029,2000,1545.0616455078125,1028200,2056400000
2013-06-18,MBB,2029,1980,2000,2000,1545.0616455078125,616320,1232640000
2013-06-19,MBB,2029,2000,2000,2029,1556.9464111328125,505280,1025213120
2013-06-20,MBB,2029,2000,2029,2000,1545.0616455078125,765110,1530220000
2013-06-21,MBB,2029,2000,2000,2000,1545.0616455078125,536240,1072480000
2013-06-24,MBB,2029,2000,2029,2029,1556.9464111328125,703510,1427421790
2013-06-25,MBB,2029,1980,2000,2000,1545.0616455078125,1774740,3549480000
2013-06-26,MBB,2029,1980,2000,2000,1545.0616455078125,520020,1040040000
2013-06-27,MBB,2029,2000,2000,2029,1568.8316650390625,531550,1078514950
2013-06-28,MBB,2029,2000,2029,2029,1568.8316650390625,362810,736141490
2013-07-01,MBB,2029,2000,2000,2000,1545.0616455078125,281300,562600000
2013-07-02,MBB,2029,2000,2000,2029,1556.9464111328125,509220,1033207380
2013-07-03,MBB,2029,2000,2000,2029,1556.9464111328125,831040,1686180160
2013-07-04,MBB,2029,2000,2029,2029,1556.9464111328125,346810,703677490
2013-07-05,MBB,2029,2029,2029,2029,1556.9464111328125,380890,772825810
2013-07-08,MBB,2029,2000,2029,2029,1556.9464111328125,410890,833695810
2013-07-09,MBB,2029,2000,2000,2029,1556.9464111328125,294970,598494130
2013-07-10,MBB,2029,2000,2029,2029,1556.9464111328125,344340,698665860
2013-07-11,MBB,2029,2029,2029,2029,1556.9464111328125,359890,730216810
2013-07-12,MBB,2029,2029,2029,2029,1556.9464111328125,289690,587781010
2013-07-15,MBB,2029,2000,2029,2029,1568.8316650390625,287300,582931700
2013-07-16,MBB,2029,2029,2029,2029,1568.8316650390625,312920,634914680
2013-07-17,MBB,2029,2029,2029,2029,1568.8316650390625,178290,361750410
2013-07-18,MBB,2029,2029,2029,2029,1556.9464111328125,175410,355906890
2013-07-19,MBB,2029,2029,2029,2029,1568.8316650390625,382790,776680910
2013-07-22,MBB,2029,2029,2029,2029,1556.9464111328125,267870,543508230
2013-07-23,MBB,2029,2029,2029,2029,1556.9464111328125,129910,263587390
2013-07-24,MBB,2029,2029,2029,2029,1556.9464111328125,514010,1042926290
2013-07-25,MBB,2029,2000,2029,2000,1545.0616455078125,357750,715500000
2013-07-26,MBB,2029,2000,2029,2000,1545.0616455078125,589750,1179500000
2013-07-29,MBB,2029,2000,2029,2029,1556.9464111328125,391190,793724510
2013-07-30,MBB,2029,2000,2029,2029,1556.9464111328125,481030,976009870
2013-07-31,MBB,2029,2029,2029,2029,1556.9464111328125,336780,683326620
2013-08-01,MBB,2029,2029,2029,2029,1556.9464111328125,755430,1532767470
2013-08-02,MBB,2029,2000,2029,2029,1556.9464111328125,265440,538577760
2013-08-05,MBB,2029,2029,2029,2029,1556.9464111328125,637810,1294116490
2013-08-06,MBB,2029,2029,2029,2029,1568.8316650390625,222960,452385840
2013-08-07,MBB,2029,2029,2029,2029,1556.9464111328125,278990,566070710
2013-08-08,MBB,2029,2029,2029,2029,1568.8316650390625,140320,284709280
2013-08-09,MBB,2029,2029,2029,2029,1556.9464111328125,286160,580618640
2013-08-12,MBB,2029,2029,2029,2029,1556.9464111328125,95720,194215880
2013-08-13,MBB,2029,2029,2029,2029,1556.9464111328125,201820,409492780
2013-08-14,MBB,2029,2029,2029,2029,1556.9464111328125,470840,955334360
2013-08-15,MBB,2029,2029,2029,2029,1568.8316650390625,494890,1004131810
2013-08-16,MBB,2029,2029,2029,2029,1556.9464111328125,365900,742411100
2013-08-19,MBB,2050,2029,2029,2029,1568.8316650390625,837490,1699267210
2013-08-20,MBB,2050,2029,2029,2029,1568.8316650390625,142260,288645540
2013-08-21,MBB,2029,2029,2029,2029,1568.8316650390625,411140,834203060
2013-08-22,MBB,2029,2029,2029,2029,1568.8316650390625,207500,421017500
2013-08-23,MBB,2029,2029,2029,2029,1556.9464111328125,444480,901849920
2013-08-26,MBB,2029,2000,2029,2029,1556.9464111328125,468960,951519840
2013-08-27,MBB,2029,2000,2029,2029,1556.9464111328125,302180,613123220
2013-08-28,MBB,2029,1980,2029,2029,1556.9464111328125,361880,734254520
2013-08-29,MBB,2029,2000,2000,2000,1545.0616455078125,104780,209560000
2013-08-30,MBB,2029,2000,2000,2029,1556.9464111328125,110370,223940730
2013-09-03,MBB,2029,2000,2029,2000,1545.0616455078125,205090,410180000
2013-09-04,MBB,2029,1980,2000,2000,1545.0616455078125,70550,141100000
2013-09-05,MBB,2029,1980,2000,2000,1545.0616455078125,236130,472260000
2013-09-06,MBB,2029,2000,2000,2029,1556.9464111328125,158270,321129830
2013-09-09,MBB,2029,1980,2000,1980,1533.17626953125,354850,702603000
2013-09-10,MBB,2029,1980,2000,2000,1545.0616455078125,196180,392360000
2013-09-11,MBB,2029,2000,2000,2000,1545.0616455078125,312830,625660000
2013-09-12,MBB,2029,1980,2000,2000,1545.0616455078125,564020,1128040000
2013-09-13,MBB,2029,1980,2000,2000,1545.0616455078125,519100,1038200000
2013-09-16,MBB,2029,1980,2000,2000,1545.0616455078125,211310,422620000
2013-09-17,MBB,2029,2000,2000,2000,1545.0616455078125,230080,460160000
2013-09-18,MBB,2029,1980,2000,2000,1545.0616455078125,250620,501240000
2013-09-19,MBB,2029,2000,2000,2000,1545.0616455078125,222000,444000000
2013-09-20,MBB,2029,1980,2000,2029,1556.9464111328125,347410,704894890
2013-09-23,MBB,2029,1980,2029,2029,1556.9464111328125,183980,373295420
2013-09-24,MBB,2029,2029,2029,2029,1568.8316650390625,341050,691990450
2013-09-25,MBB,2090,2029,2029,2080,1604.48681640625,1416110,2945508800
2013-09-26,MBB,2090,2060,2090,2080,1604.48681640625,425120,884249600
2013-09-27,MBB,2090,2060,2080,2060,1592.60205078125,430700,887242000
2013-09-30,MBB,2080,2060,2060,2080,1604.48681640625,369960,769516800
2013-10-01,MBB,2120,2080,2080,2110,1628.257080078125,1298020,2738822200
2013-10-02,MBB,2140,2110,2110,2120,1640.1422119140625,1210410,2566069200
2013-10-03,MBB,2140,2110,2140,2110,1628.257080078125,956610,2018447100
2013-10-04,MBB,2120,2090,2110,2110,1628.257080078125,611030,1289273300
2013-10-07,MBB,2120,2090,2090,2110,1628.257080078125,631380,1332211800
2013-10-08,MBB,2150,2120,2120,2140,1652.027099609375,1641820,3513494800
2013-10-09,MBB,2150,2120,2140,2120,1640.1422119140625,1080610,2290893200
2013-10-10,MBB,2140,2110,2120,2110,1628.257080078125,525210,1108193100
2013-10-11,MBB,2120,2090,2110,2110,1628.257080078125,651400,1374454000
2013-10-14,MBB,2120,2110,2120,2120,1640.1422119140625,483400,1024808000
2013-10-15,MBB,2120,2110,2120,2120,1640.1422119140625,1616780,3427573600
2013-10-16,MBB,2160,2120,2150,2120,1649.1507568359375,626990,1329218800
2013-10-17,MBB,2160,2120,2150,2160,1674.71875,454070,980791200
2013-10-18,MBB,2160,2120,2150,2160,1674.71875,147730,319096800
2013-10-21,MBB,2160,2120,2160,2120,1649.1507568359375,449440,952812800
2013-10-22,MBB,2150,2110,2120,2120,1649.1507568359375,440790,934474800
2013-10-23,MBB,2150,2120,2120,2120,1649.1507568359375,180660,382999200
2013-10-24,MBB,2150,2120,2120,2120,1649.1507568359375,392840,832820800
2013-10-25,MBB,2120,2110,2120,2120,1649.1507568359375,61500,130380000
2013-10-28,MBB,2120,2110,2120,2110,1636.3663330078125,222460,469390600
2013-10-29,MBB,2110,2090,2110,2090,1623.58251953125,182460,381341400
2013-10-30,MBB,2110,2090,2090,2110,1636.3663330078125,58240,122886400
2013-10-31,MBB,2110,2090,2110,2090,1623.58251953125,80540,168328600
2013-11-01,MBB,2110,2090,2090,2090,1623.58251953125,146390,305955100
2013-11-04,MBB,2110,2060,2090,2110,1636.3663330078125,497390,1049492900
2013-11-05,MBB,2110,2090,2110,2090,1623.58251953125,138690,289862100
2013-11-06,MBB,2120,2090,2090,2110,1636.3663330078125,427090,901159900
2013-11-07,MBB,2120,2090,2110,2090,1623.58251953125,364380,761554200
2013-11-08,MBB,2110,2090,2090,2090,1623.58251953125,258040,539303600
2013-11-11,MBB,2110,2090,2090,2110,1636.3663330078125,276310,583014100
2013-11-12,MBB,2120,2090,2120,2090,1623.58251953125,728900,1523401000
2013-11-13,MBB,2110,2080,2110,2090,1623.58251953125,214960,449266400
2013-11-14,MBB,2110,2080,2090,2090,1623.58251953125,196350,410371500
2013-11-15,MBB,2110,2080,2090,2090,1623.58251953125,399970,835937300
2013-11-18,MBB,2120,2080,2090,2110,1636.3663330078125,595990,1257538900
2013-11-19,MBB,2110,2090,2110,2110,1636.3663330078125,273860,577844600
2013-11-20,MBB,2120,2090,2090,2120,1649.1507568359375,213020,451602400
2013-11-21,MBB,2150,2110,2110,2110,1636.3663330078125,757430,1598177300
2013-11-22,MBB,2120,2110,2120,2120,1649.1507568359375,147460,312615200
2013-11-25,MBB,2120,2110,2120,2110,1636.3663330078125,357430,754177300
2013-11-26,MBB,2120,2090,2110,2110,1636.3663330078125,351830,742361300
2013-11-27,MBB,2120,2110,2120,2110,1636.3663330078125,177180,373849800
2013-11-28,MBB,2120,2090,2110,2110,1636.3663330078125,283310,597784100
2013-11-29,MBB,2110,2090,2110,2090,1623.58251953125,191910,401091900
2013-12-02,MBB,2110,2090,2110,2090,1623.58251953125,92730,193805700
2013-12-03,MBB,2120,2090,2110,2110,1636.3663330078125,380570,803002700
2013-12-04,MBB,2120,2090,2120,2090,1623.58251953125,210470,439882300
2013-12-05,MBB,2110,2090,2110,2110,1636.3663330078125,314300,663173000
2013-12-06,MBB,2110,2090,2110,2110,1636.3663330078125,271550,572970500
2013-12-09,MBB,2110,2080,2110,2090,1623.58251953125,770850,1611076500
2013-12-10,MBB,2110,2080,2090,2090,1623.58251953125,297450,621670500
2013-12-11,MBB,2090,2060,2090,2060,1598.01416015625,338200,696692000
2013-12-12,MBB,2090,2060,2080,2080,1610.7982177734375,236130,491150400
2013-12-13,MBB,2090,2080,2080,2090,1623.58251953125,347200,725648000
2013-12-16,MBB,2090,2080,2080,2090,1623.58251953125,467350,976761500
2013-12-17,MBB,2110,2080,2090,2090,1623.58251953125,219210,458148900
2013-12-18,MBB,2110,2060,2080,2080,1610.7982177734375,435950,906776000
2013-12-19,MBB,2090,2080,2090,2080,1610.7982177734375,410650,854152000
2013-12-20,MBB,2080,2060,2080,2080,1610.7982177734375,677370,1408929600
2013-12-23,MBB,2090,2060,2080,2060,1598.01416015625,376080,774724800
2013-12-24,MBB,2080,2060,2060,2080,1610.7982177734375,226370,470849600
2013-12-25,MBB,2080,2060,2080,2060,1598.01416015625,198460,408827600
2013-12-26,MBB,2080,2060,2060,2060,1598.01416015625,665910,1371774600
2013-12-27,MBB,2080,2060,2060,2060,1598.01416015625,240310,495038600
2013-12-30,MBB,2080,2040,2060,2060,1598.01416015625,579910,1194614600
2013-12-31,MBB,2090,2040,2060,2090,1623.58251953125,488350,1020651500
2014-01-02,MBB,2090,2060,2080,2060,1598.01416015625,125070,257644200
2014-01-03,MBB,2080,2060,2080,2060,1598.01416015625,213140,439068400
2014-01-06,MBB,2080,2060,2060,2060,1598.01416015625,270860,557971600
2014-01-07,MBB,2150,2090,2090,2110,1636.3663330078125,1520860,3209014600
2014-01-08,MBB,2110,2090,2110,2090,1623.58251953125,646350,1350871500
2014-01-09,MBB,2110,2090,2090,2090,1623.58251953125,421950,881875500
2014-01-10,MBB,2120,2090,2090,2090,1623.58251953125,738190,1542817100
2014-01-13,MBB,2110,2080,2110,2080,1610.7982177734375,550390,1144811200
2014-01-14,MBB,2110,2090,2090,2090,1623.58251953125,732220,1530339800
2014-01-15,MBB,2110,2090,2110,2110,1636.3663330078125,480610,1014087100
2014-01-16,MBB,2110,2090,2090,2090,1623.58251953125,443860,927667400
2014-01-17,MBB,2230,2110,2110,2180,1687.5030517578125,3089980,6736156400
2014-01-20,MBB,2240,2190,2190,2190,1700.287109375,1613130,3532754700
2014-01-21,MBB,2260,2190,2230,2260,1751.423583984375,2699220,6100237200
2014-01-22,MBB,2290,2240,2240,2260,1751.423583984375,2948250,6663045000
2014-01-23,MBB,2270,2240,2260,2260,1751.423583984375,1427710,3226624600
2014-01-24,MBB,2270,2240,2260,2260,1751.423583984375,1470880,3324188800
2014-01-27,MBB,2270,2240,2240,2270,1764.2073974609375,552560,1254311200
2014-02-06,MBB,2270,2240,2270,2260,1751.423583984375,578490,1307387400
2014-02-07,MBB,2290,2260,2260,2260,1751.423583984375,1376620,3111161200
2014-02-10,MBB,2290,2260,2260,2270,1764.2073974609375,1300900,2953043000
2014-02-11,MBB,2290,2260,2270,2260,1751.423583984375,2417270,5463030200
2014-02-12,MBB,2320,2260,2270,2310,1789.7757568359375,3141110,7255964100
2014-02-13,MBB,2420,2330,2330,2420,1879.2647705078125,6852050,16581961000
2014-02-14,MBB,2480,2420,2450,2440,1892.0489501953125,2633010,6424544400
2014-02-17,MBB,2440,2370,2440,2390,1853.6962890625,3242230,7748929700
2014-02-18,MBB,2410,2370,2390,2410,1866.4803466796875,3244690,7819702900
2014-02-19,MBB,2480,2410,2420,2480,1866.4803466796875,4012400,9950752000
2014-02-20,MBB,2570,2440,2490,2480,1917.6171875,6659500,16515560000
2014-02-21,MBB,2510,2440,2480,2450,1904.8326416015625,2006960,4917052000
2014-02-24,MBB,2480,2440,2480,2480,1917.6171875,2315390,5742167200
2014-02-25,MBB,2530,2440,2450,2510,1943.1854248046875,3627860,9105928600
2014-02-26,MBB,2550,2510,2530,2530,1968.753662109375,4147670,10493605100
2014-02-27,MBB,2630,2530,2530,2570,1994.321533203125,6217030,15977767100
2014-02-28,MBB,2580,2530,2570,2550,1981.5379638671875,2717910,6930670500
2014-03-03,MBB,2550,2480,2550,2480,1917.6171875,2970530,7366914400
2014-03-04,MBB,2480,2410,2450,2480,1917.6171875,2458690,6097551200
2014-03-05,MBB,2510,2480,2480,2490,1930.4012451171875,2329420,5800255800
2014-03-06,MBB,2510,2480,2490,2490,1930.4012451171875,1170540,2914644600
2014-03-07,MBB,2510,2450,2490,2480,1917.6171875,1660070,4116973600
2014-03-10,MBB,2510,2450,2480,2490,1930.4012451171875,2597570,6467949300
2014-03-11,MBB,2530,2480,2490,2510,1943.1854248046875,2396710,6015742100
2014-03-12,MBB,2530,2490,2510,2490,1930.4012451171875,2247380,5595976200
2014-03-13,MBB,2510,2480,2480,2490,1930.4012451171875,1741220,4335637800
2014-03-14,MBB,2530,2480,2490,2490,1930.4012451171875,2641560,6577484400
2014-03-17,MBB,2530,2490,2510,2490,1930.4012451171875,1838780,4578562200
2014-03-18,MBB,2530,2480,2510,2530,1955.96923828125,2915090,7375177700
2014-03-19,MBB,2630,2530,2530,2630,2045.4581298828125,7541750,19834802500
2014-03-20,MBB,2700,2600,2630,2620,2032.6741943359375,5565430,14581426600
2014-03-21,MBB,2740,2620,2630,2700,2096.594482421875,6834590,18453393000
2014-03-24,MBB,2780,2720,2720,2770,2147.730712890625,5382190,14908666300
2014-03-25,MBB,2780,2690,2780,2690,2083.810302734375,4870630,13101994700
2014-03-26,MBB,2700,2580,2700,2600,2019.889892578125,5142690,13370994000
2014-03-27,MBB,2630,2570,2600,2630,2045.4581298828125,2811080,7393140400
2014-03-28,MBB,2670,2620,2630,2660,2058.242431640625,1645610,4377322600
2014-03-31,MBB,2670,2620,2670,2620,2032.6741943359375,2106550,5519161000
2014-04-01,MBB,2620,2530,2600,2550,1981.5379638671875,3333740,8501037000
2014-04-02,MBB,2580,2510,2550,2550,1981.5379638671875,2530180,6451959000
2014-04-03,MBB,2600,2550,2570,2600,2019.889892578125,976870,2539862000
2014-04-04,MBB,2600,2550,2570,2570,1994.321533203125,776860,1996530200
2014-04-07,MBB,2620,2570,2580,2580,2007.10595703125,1281930,3307379400
2014-04-08,MBB,2620,2570,2580,2580,2007.10595703125,1251680,3229334400
2014-04-10,MBB,2600,2530,2580,2550,1981.5379638671875,1957110,4990630500
2014-04-11,MBB,2550,2530,2550,2550,1981.5379638671875,1323020,3373701000
2014-04-14,MBB,2570,2530,2570,2530,1968.753662109375,1580460,3998563800
2014-04-15,MBB,2530,2450,2530,2450,1904.8326416015625,2769040,6784148000
2014-04-16,MBB,2450,2320,2450,2410,1866.4803466796875,3098770,7468035700
2014-04-17,MBB,2440,2390,2440,2410,1866.4803466796875,1516390,3654499900
2014-04-18,MBB,2410,2290,2410,2290,1776.9915771484375,3591990,8225657100
2014-04-21,MBB,2330,2260,2290,2290,1776.9915771484375,1287910,2949313900
2014-04-22,MBB,2370,2290,2310,2370,1776.9915771484375,914490,2167341300
2014-04-23,MBB,2390,2330,2370,2330,1815.343994140625,794260,1850625800
2014-04-24,MBB,2360,2310,2330,2310,1789.7757568359375,838630,1937235300
2014-04-25,MBB,2330,2310,2310,2320,1802.559814453125,660720,1532870400
2014-04-28,MBB,2330,2310,2320,2310,1789.7757568359375,432590,999282900
2014-04-29,MBB,2320,2290,2310,2310,1789.7757568359375,352540,814367400
2014-05-05,MBB,2310,2240,2310,2270,1764.2073974609375,648040,1471050800
2014-05-06,MBB,2260,2190,2260,2240,1738.6392822265625,1852700,4150048000
2014-05-07,MBB,2270,2230,2260,2260,1751.423583984375,396380,895818800
2014-05-08,MBB,2210,2110,2210,2120,1649.1507568359375,6621720,14038046400
2014-05-09,MBB,2210,2150,2150,2190,1700.287109375,880850,1929061500
2014-05-12,MBB,2160,2080,2160,2120,1649.1507568359375,3245630,6880735600
2014-05-13,MBB,2160,2120,2120,2150,1661.9349365234375,1240040,2666086000
2014-05-14,MBB,2190,2120,2150,2190,1700.287109375,1187200,2599968000
2014-05-15,MBB,2230,2110,2180,2150,1661.9349365234375,1908310,4102866500
2014-05-16,MBB,2180,2120,2150,2160,1674.71875,569040,1229126400
2014-05-19,MBB,2180,2120,2160,2180,1687.5030517578125,782650,1706177000
2014-05-20,MBB,2180,2150,2150,2180,1687.5030517578125,524770,1143998600
2014-05-21,MBB,2230,2150,2180,2210,1713.0711669921875,1335510,2951477100
2014-05-22,MBB,2240,2190,2230,2210,1713.0711669921875,1439000,3180190000
2014-05-23,MBB,2230,2190,2210,2210,1713.0711669921875,508410,1123586100
2014-05-26,MBB,2210,2160,2180,2190,1700.287109375,795420,1741969800
2014-05-27,MBB,2230,2180,2190,2230,1725.855224609375,1013080,2259168400
2014-05-28,MBB,2260,2230,2240,2230,1725.855224609375,1560640,3480227200
2014-05-29,MBB,2290,2230,2230,2260,1751.423583984375,2629400,5942444000
2014-05-30,MBB,2270,2240,2240,2270,1764.2073974609375,723650,1642685500
2014-06-02,MBB,2270,2210,2260,2210,1713.0711669921875,581000,1284010000
2014-06-03,MBB,2230,2210,2210,2210,1713.0711669921875,417720,923161200
2014-06-04,MBB,2230,2180,2230,2190,1700.287109375,845820,1852345800
2014-06-05,MBB,2210,2160,2180,2190,1700.287109375,369090,808307100
2014-06-06,MBB,2230,2190,2190,2230,1725.855224609375,467340,1042168200
2014-06-09,MBB,2260,2190,2230,2230,1725.855224609375,1624440,3622501200
2014-06-10,MBB,2260,2210,2230,2230,1725.855224609375,1015020,2263494600
2014-06-11,MBB,2260,2210,2230,2240,1738.6392822265625,983710,2203510400
2014-06-12,MBB,2310,2240,2240,2260,1751.423583984375,1982880,4481308800
2014-06-13,MBB,2290,2260,2270,2270,1764.2073974609375,264600,600642000
2014-06-16,MBB,2270,2240,2270,2240,1738.6392822265625,669990,1500777600
2014-06-17,MBB,2260,2240,2240,2240,1738.6392822265625,527160,1180838400
2014-06-18,MBB,2260,2240,2260,2240,1738.6392822265625,785740,1760057600
2014-06-19,MBB,2240,2190,2230,2230,1725.855224609375,727000,1621210000
2014-06-20,MBB,2240,2230,2230,2230,1725.855224609375,383890,856074700
2014-06-23,MBB,2240,2210,2230,2230,1725.855224609375,525630,1172154900
2014-06-24,MBB,2270,2230,2240,2260,1751.423583984375,834790,1886625400
2014-06-25,MBB,2360,2260,2270,2360,1828.1279296875,3372220,7958439200
2014-06-26,MBB,2360,2320,2360,2330,1815.343994140625,1106370,2577842100
2014-06-27,MBB,2330,2310,2310,2310,1789.7757568359375,742690,1715613900
2014-06-30,MBB,2310,2270,2310,2270,1764.2073974609375,916070,2079478900
2014-07-01,MBB,2310,2270,2270,2290,1776.9915771484375,665770,1524613300
2014-07-02,MBB,2310,2270,2290,2290,1776.9915771484375,880150,2015543500
2014-07-03,MBB,2330,2290,2290,2310,1789.7757568359375,2153180,4973845800
2014-07-04,MBB,2320,2290,2320,2320,1802.559814453125,1186850,2753492000
2014-07-07,MBB,2360,2310,2320,2330,1815.343994140625,2111560,4919934800
2014-07-08,MBB,2330,2290,2320,2310,1789.7757568359375,1235560,2854143600
2014-07-09,MBB,2320,2310,2320,2310,1789.7757568359375,829520,1916191200
2014-07-10,MBB,2310,2260,2310,2290,1776.9915771484375,1341170,3071279300
2014-07-11,MBB,2290,2260,2290,2290,1776.9915771484375,656130,1502537700
2014-07-14,MBB,2290,2270,2290,2290,1776.9915771484375,192510,440847900
2014-07-15,MBB,2320,2290,2320,2310,1789.7757568359375,2059270,4756913700
2014-07-16,MBB,2330,2310,2330,2310,1789.7757568359375,3648470,8427965700
2014-07-17,MBB,2310,2290,2310,2290,1776.9915771484375,789300,1807497000
2014-07-18,MBB,2310,2270,2290,2310,1789.7757568359375,1117290,2580939900
2014-07-21,MBB,2310,2290,2310,2290,1776.9915771484375,1119410,2563448900
2014-07-22,MBB,2290,2270,2290,2270,1764.2073974609375,621310,1410373700
2014-07-23,MBB,2290,2270,2290,2290,1776.9915771484375,1360370,3115247300
2014-07-24,MBB,2310,2270,2270,2270,1764.2073974609375,802810,1822378700
2014-07-25,MBB,2310,2270,2290,2270,1764.2073974609375,878970,1995261900
2014-07-28,MBB,2290,2230,2270,2240,1738.6392822265625,1671430,3744003200
2014-07-29,MBB,2260,2230,2230,2240,1738.6392822265625,1431610,3206806400
2014-07-30,MBB,2260,2210,2240,2230,1725.855224609375,700320,1561713600
2014-07-31,MBB,2240,2230,2230,2240,1738.6392822265625,500800,1121792000
2014-08-01,MBB,2240,2210,2240,2230,1725.855224609375,685330,1528285900
2014-08-04,MBB,2240,2210,2230,2230,1725.855224609375,534420,1191756600
2014-08-05,MBB,2260,2230,2240,2260,1751.423583984375,496230,1121479800
2014-08-06,MBB,2270,2240,2260,2240,1738.6392822265625,1214560,2720614400
2014-08-07,MBB,2270,2240,2240,2270,1764.2073974609375,487940,1107623800
2014-08-08,MBB,2270,2260,2270,2260,1751.423583984375,705790,1595085400
2014-08-11,MBB,2270,2240,2260,2270,1764.2073974609375,1010680,2294243600
2014-08-12,MBB,2270,2260,2260,2270,1764.2073974609375,855180,1941258600
2014-08-13,MBB,2270,2240,2260,2260,1751.423583984375,1092510,2469072600
2014-08-14,MBB,2270,2240,2260,2270,1764.2073974609375,1775270,4029862900
2014-08-15,MBB,2270,2260,2260,2260,1751.423583984375,860100,1943826000
2014-08-18,MBB,2260,2240,2260,2260,1751.423583984375,1048380,2369338800
2014-08-19,MBB,2290,2260,2260,2260,1751.423583984375,1511720,3416487200
2014-08-20,MBB,2270,2260,2260,2270,1764.2073974609375,896570,2035213900
2014-08-21,MBB,2290,2260,2270,2260,1751.423583984375,1256740,2840232400
2014-08-22,MBB,2290,2260,2270,2270,1764.2073974609375,915930,2079161100
2014-08-25,MBB,2310,2270,2290,2290,1776.9915771484375,1591520,3644580800
2014-08-26,MBB,2290,2270,2290,2290,1776.9915771484375,1441620,3301309800
2014-08-27,MBB,2290,2270,2290,2270,1764.2073974609375,1066870,2421794900
2014-08-28,MBB,2290,2260,2270,2290,1776.9915771484375,879100,2013139000
2014-08-29,MBB,2360,2270,2290,2310,1789.7757568359375,2305480,5325658800
2014-09-03,MBB,2390,2330,2360,2360,1828.1279296875,2041490,4817916400
2014-09-04,MBB,2360,2320,2330,2330,1815.343994140625,1161280,2705782400
2014-09-05,MBB,2360,2320,2330,2330,1815.343994140625,1062560,2475764800
2014-09-08,MBB,2360,2320,2360,2320,1802.559814453125,1400480,3249113600
2014-09-09,MBB,2330,2270,2320,2290,1776.9915771484375,3348570,7668225300
2014-09-10,MBB,2330,2290,2320,2320,1803.9661865234375,1992660,4622971200
2014-09-11,MBB,2330,2310,2320,2320,1803.9661865234375,648110,1503615200
2014-09-12,MBB,2330,2310,2310,2320,1803.9661865234375,1193580,2769105600
2014-09-15,MBB,2330,2310,2320,2310,1790.7984619140625,692730,1600206300
2014-09-16,MBB,2310,2270,2310,2310,1790.7984619140625,1272580,2939659800
2014-09-17,MBB,2320,2310,2310,2320,1803.9661865234375,1661530,3854749600
2014-09-18,MBB,2320,2290,2310,2310,1790.7984619140625,1172170,2707712700
2014-09-19,MBB,2310,2270,2310,2290,1777.6309814453125,587840,1346153600
2014-09-22,MBB,2310,2270,2290,2270,1764.4635009765625,385040,874040800
2014-09-23,MBB,2310,2270,2270,2290,1777.6309814453125,594530,1361473700
2014-09-24,MBB,2310,2290,2290,2310,1790.7984619140625,399700,923307000
2014-09-25,MBB,2310,2290,2290,2310,1790.7984619140625,924500,2135595000
2014-09-26,MBB,2320,2290,2310,2310,1790.7984619140625,743090,1716537900
2014-09-29,MBB,2320,2290,2310,2290,1777.6309814453125,720550,1650059500
2014-09-30,MBB,2320,2290,2290,2310,1790.7984619140625,506940,1171031400
2014-10-01,MBB,2320,2290,2310,2310,1790.7984619140625,1116460,2579022600
2014-10-02,MBB,2330,2310,2310,2320,1803.9661865234375,1497020,3473086400
2014-10-03,MBB,2330,2310,2320,2310,1790.7984619140625,951560,2198103600
2014-10-06,MBB,2360,2310,2320,2330,1817.1336669921875,1210030,2819369900
2014-10-07,MBB,2360,2320,2330,2320,1803.9661865234375,244930,568237600
2014-10-08,MBB,2330,2310,2320,2320,1803.9661865234375,850870,1974018400
2014-10-09,MBB,2330,2310,2330,2320,1803.9661865234375,506090,1174128800
2014-10-10,MBB,2320,2310,2320,2320,1803.9661865234375,390090,905008800
2014-10-13,MBB,2390,2330,2360,2380,1843.468994140625,3493510,8314553800
2014-10-14,MBB,2390,2330,2390,2330,1817.1336669921875,709110,1652226300
2014-10-15,MBB,2380,2330,2330,2380,1843.468994140625,1238560,2947772800
2014-10-16,MBB,2360,2320,2360,2360,1830.3013916015625,1622410,3828887600
2014-10-17,MBB,2380,2310,2330,2380,1843.468994140625,1417160,3372840800
2014-10-20,MBB,2380,2330,2360,2330,1817.1336669921875,669830,1560703900
2014-10-21,MBB,2380,2330,2360,2360,1830.3013916015625,687720,1623019200
2014-10-22,MBB,2390,2360,2380,2360,1830.3013916015625,1330620,3140263200
2014-10-23,MBB,2380,2330,2360,2330,1817.1336669921875,950980,2215783400
2014-10-24,MBB,2360,2330,2330,2360,1830.3013916015625,684000,1614240000
2014-10-27,MBB,2360,2320,2330,2360,1830.3013916015625,880090,2077012400
2014-10-28,MBB,2360,2330,2330,2360,1830.3013916015625,965920,2279571200
2014-10-29,MBB,2410,2330,2410,2390,1858.033447265625,693260,1656891400
2014-10-30,MBB,2390,2330,2390,2330,1816.435302734375,1607720,3745987600
2014-10-31,MBB,2380,2320,2330,2380,1844.16748046875,1745330,4153885400
2014-11-03,MBB,2380,2360,2380,2360,1830.3016357421875,567520,1339347200
2014-11-04,MBB,2360,2330,2360,2360,1830.3016357421875,157210,371015600
2014-11-05,MBB,2360,2320,2360,2330,1816.435302734375,382670,891621100
2014-11-06,MBB,2360,2320,2330,2330,1816.435302734375,282990,659366700
2014-11-07,MBB,2380,2320,2330,2360,1830.3016357421875,771530,1820810800
2014-11-10,MBB,2380,2330,2380,2330,1816.435302734375,593510,1382878300
2014-11-11,MBB,2360,2330,2360,2360,1830.3016357421875,448120,1057563200
2014-11-12,MBB,2380,2330,2360,2360,1830.3016357421875,655920,1547971200
2014-11-13,MBB,2360,2330,2360,2360,1830.3016357421875,254930,601634800
2014-11-14,MBB,2360,2330,2360,2360,1830.3016357421875,924730,2182362800
2014-11-17,MBB,2380,2330,2360,2360,1830.3016357421875,1190880,2810476800
2014-11-18,MBB,2360,2330,2360,2330,1816.435302734375,556570,1296808100
2014-11-19,MBB,2360,2320,2330,2320,1802.569580078125,890200,2065264000
2014-11-20,MBB,2330,2310,2330,2310,1788.703857421875,1298520,2999581200
2014-11-21,MBB,2320,2280,2310,2310,1788.703857421875,1829610,4226399100
2014-11-24,MBB,2310,2270,2270,2270,1760.9720458984375,823180,1868618600
2014-11-25,MBB,2310,2270,2280,2280,1774.837646484375,616160,1404844800
2014-11-26,MBB,2310,2270,2280,2270,1760.9720458984375,796700,1808509000
2014-11-27,MBB,2280,2250,2270,2250,1747.10595703125,457370,1029082500
2014-11-28,MBB,2280,2250,2280,2280,1774.837646484375,359060,818656800
2014-12-01,MBB,2280,2270,2270,2270,1760.9720458984375,327030,742358100
2014-12-02,MBB,2280,2250,2270,2270,1760.9720458984375,349130,792525100
2014-12-03,MBB,2320,2270,2280,2310,1788.703857421875,593850,1371793500
2014-12-04,MBB,2410,2280,2310,2380,1844.16748046875,2000810,4761927800
2014-12-05,MBB,2390,2330,2390,2380,1844.16748046875,720610,1715051800
2014-12-08,MBB,2360,2320,2360,2330,1816.435302734375,558640,1301631200
2014-12-09,MBB,2330,2280,2330,2310,1788.703857421875,1427680,3297940800
2014-12-10,MBB,2320,2280,2310,2310,1788.703857421875,1252100,2892351000
2014-12-11,MBB,2380,2280,2310,2330,1816.435302734375,1505680,3508234400
2014-12-12,MBB,2360,2320,2330,2320,1802.569580078125,1018370,2362618400
2014-12-15,MBB,2330,2310,2310,2320,1802.569580078125,357340,829028800
2014-12-16,MBB,2320,2280,2320,2280,1774.837646484375,733210,1671718800
2014-12-17,MBB,2320,2230,2310,2270,1760.9720458984375,1527770,3468037900
2014-12-18,MBB,2310,2270,2270,2280,1774.837646484375,479680,1093670400
2014-12-19,MBB,2310,2270,2310,2270,1760.9720458984375,607190,1378321300
2014-12-22,MBB,2310,2270,2270,2280,1774.837646484375,344370,785163600
2014-12-23,MBB,2320,2280,2280,2310,1788.703857421875,1077860,2489856600
2014-12-24,MBB,2360,2310,2320,2320,1802.569580078125,697550,1618316000
2014-12-25,MBB,2330,2320,2320,2320,1802.569580078125,460540,1068452800
2014-12-26,MBB,2320,2310,2320,2310,1788.703857421875,405990,937836900
2014-12-29,MBB,2320,2280,2320,2280,1774.837646484375,678590,1547185200
2014-12-30,MBB,2310,2270,2310,2280,1774.837646484375,631620,1440093600
2014-12-31,MBB,2330,2280,2310,2330,1816.435302734375,759120,1768749600
2015-01-05,MBB,2330,2320,2330,2320,1802.569580078125,338650,785668000
2015-01-06,MBB,2410,2320,2320,2390,1858.033447265625,2865710,6849046900
2015-01-07,MBB,2470,2390,2410,2410,1871.8992919921875,2235000,5386350000
2015-01-08,MBB,2470,2410,2410,2430,1885.764892578125,853040,2072887200
2015-01-09,MBB,2570,2430,2430,2550,1982.82666015625,6690100,17059755000
2015-01-12,MBB,2630,2530,2580,2530,1968.9608154296875,6457090,16336437700
2015-01-13,MBB,2610,2520,2520,2580,2010.5584716796875,4780930,12334799400
2015-01-14,MBB,2610,2520,2570,2550,1982.82666015625,3092460,7885773000
2015-01-15,MBB,2610,2530,2550,2550,1982.82666015625,4482110,11429380500
2015-01-16,MBB,2550,2510,2530,2510,1941.2286376953125,2857070,7171245700
2015-01-19,MBB,2570,2490,2550,2510,1941.2286376953125,2836560,7119765600
2015-01-20,MBB,2550,2510,2510,2520,1955.0946044921875,2257840,5689756800
2015-01-21,MBB,2530,2490,2530,2490,1927.363037109375,1816290,4522562100
2015-01-22,MBB,2580,2470,2490,2570,1996.6927490234375,6014660,15457676200
2015-01-23,MBB,2660,2580,2610,2610,2024.4241943359375,7613160,19870347600
2015-01-26,MBB,2640,2580,2630,2610,2024.4241943359375,1644100,4291101000
2015-01-27,MBB,2630,2520,2580,2550,1982.82666015625,5627480,14350074000
2015-01-28,MBB,2700,2520,2530,2660,2066.02197265625,8560780,22771674800
2015-01-29,MBB,2680,2580,2680,2640,2052.156005859375,5333100,14079384000
2015-01-30,MBB,2630,2520,2610,2530,1968.9608154296875,3655070,9247327100
2015-02-02,MBB,2550,2510,2520,2510,1941.2286376953125,2831770,7107742700
2015-02-03,MBB,2520,2380,2510,2380,1844.16748046875,4790370,11401080600
2015-02-04,MBB,2430,2330,2380,2410,1871.8992919921875,3785470,9122982700
2015-02-05,MBB,2450,2410,2410,2430,1885.764892578125,1044340,2537746200
2015-02-06,MBB,2470,2410,2430,2470,1913.496826171875,1218610,3009966700
2015-02-09,MBB,2510,2450,2470,2490,1927.363037109375,2101760,5233382400
2015-02-10,MBB,2530,2490,2510,2510,1941.2286376953125,1683640,4225936400
2015-02-11,MBB,2520,2510,2510,2520,1955.0946044921875,815550,2055186000
2015-02-12,MBB,2520,2490,2520,2510,1941.2286376953125,1168750,2933562500
2015-02-13,MBB,2530,2490,2520,2490,1927.363037109375,1071360,2667686400
2015-02-24,MBB,2550,2510,2510,2530,1927.363037109375,1363550,3449781500
2015-02-25,MBB,2580,2520,2570,2520,1955.0946044921875,2674400,6739488000
2015-02-26,MBB,2550,2520,2530,2550,1982.82666015625,1405810,3584815500
2015-02-27,MBB,2550,2510,2550,2520,1955.0946044921875,883710,2226949200
2015-03-02,MBB,2530,2490,2510,2510,1941.2286376953125,1396710,3505742100
2015-03-03,MBB,2530,2510,2510,2520,1955.0946044921875,1280240,3226204800
2015-03-04,MBB,2520,2490,2520,2520,1955.0946044921875,1161150,2926098000
2015-03-05,MBB,2520,2490,2510,2490,1927.363037109375,1523640,3793863600
2015-03-06,MBB,2520,2490,2510,2510,1941.2286376953125,1162530,2917950300
2015-03-09,MBB,2520,2490,2510,2490,1927.363037109375,1529560,3808604400
2015-03-10,MBB,2510,2490,2490,2490,1927.363037109375,837490,2085350100
2015-03-11,MBB,2510,2470,2490,2490,1927.363037109375,824160,2052158400
2015-03-12,MBB,2510,2470,2490,2490,1927.363037109375,1310200,3262398000
2015-03-13,MBB,2520,2490,2490,2490,1927.363037109375,710190,1768373100
2015-03-16,MBB,2490,2470,2490,2470,1913.496826171875,966100,2386267000
2015-03-17,MBB,2490,2450,2470,2470,1913.496826171875,961980,2376090600
2015-03-18,MBB,2470,2430,2470,2450,1899.6309814453125,1156620,2833719000
2015-03-19,MBB,2470,2430,2450,2430,1885.764892578125,424960,1032652800
2015-03-20,MBB,2470,2430,2430,2450,1899.6309814453125,664200,1627290000
2015-03-23,MBB,2470,2430,2450,2450,1899.6309814453125,510730,1251288500
2015-03-24,MBB,2450,2430,2430,2430,1885.764892578125,1140270,2770856100
2015-03-25,MBB,2470,2430,2430,2430,1885.764892578125,1210870,2942414100
2015-03-26,MBB,2490,2430,2430,2450,1899.6309814453125,398710,976839500
2015-03-27,MBB,2470,2450,2450,2450,1899.6309814453125,981990,2405875500
2015-03-30,MBB,2470,2430,2470,2430,1885.764892578125,349140,848410200
2015-03-31,MBB,2470,2430,2430,2450,1899.6309814453125,418840,1026158000
2015-04-01,MBB,2450,2410,2450,2410,1871.8992919921875,902740,2175603400
2015-04-02,MBB,2430,2390,2430,2430,1885.764892578125,931300,2263059000
2015-04-03,MBB,2430,2410,2430,2410,1871.8992919921875,607180,1463303800
2015-04-06,MBB,2430,2390,2410,2410,1871.8992919921875,492520,1186973200
2015-04-07,MBB,2450,2390,2410,2430,1885.764892578125,971130,2359845900
2015-04-08,MBB,2430,2410,2410,2430,1885.764892578125,458930,1115199900
2015-04-09,MBB,2470,2410,2430,2450,1899.6309814453125,606680,1486366000
2015-04-10,MBB,2470,2430,2450,2450,1899.6309814453125,953060,2334997000
2015-04-13,MBB,2470,2430,2450,2450,1899.6309814453125,419360,1027432000
2015-04-14,MBB,2470,2430,2450,2430,1885.764892578125,886440,2154049200
2015-04-15,MBB,2450,2410,2430,2450,1899.6309814453125,606310,1485459500
2015-04-16,MBB,2470,2410,2450,2450,1899.6309814453125,771020,1888999000
2015-04-17,MBB,2470,2430,2450,2450,1899.6309814453125,619720,1518314000
2015-04-20,MBB,2450,2410,2450,2430,1885.764892578125,287530,698697900
2015-04-21,MBB,2450,2410,2430,2410,1871.8992919921875,517430,1247006300
2015-04-22,MBB,2450,2410,2410,2410,1871.8992919921875,377740,910353400
2015-04-23,MBB,2430,2410,2430,2430,1885.764892578125,191450,465223500
2015-04-24,MBB,2450,2410,2430,2430,1885.764892578125,386230,938538900
2015-04-27,MBB,2490,2430,2450,2470,1913.496826171875,1172480,2896025600
2015-05-04,MBB,2450,2390,2450,2390,1858.033447265625,939140,2244544600
2015-05-05,MBB,2430,2390,2390,2410,1871.8992919921875,794890,1915684900
2015-05-06,MBB,2430,2380,2410,2390,1858.033447265625,861210,2058291900
2015-05-07,MBB,2410,2380,2380,2390,1858.033447265625,427070,1020697300
2015-05-08,MBB,2410,2390,2390,2410,1871.8992919921875,230590,555721900
2015-05-11,MBB,2410,2380,2380,2380,1844.16748046875,265120,630985600
2015-05-12,MBB,2380,2330,2380,2330,1816.435302734375,416320,970025600
2015-05-13,MBB,2360,2330,2360,2360,1830.3016357421875,199790,471504400
2015-05-14,MBB,2380,2330,2360,2360,1830.3016357421875,272720,643619200
2015-05-15,MBB,2360,2330,2360,2330,1816.435302734375,168090,391649700
2015-05-18,MBB,2330,2310,2330,2310,1788.703857421875,665030,1536219300
2015-05-19,MBB,2330,2310,2310,2320,1802.569580078125,406220,942430400
2015-05-20,MBB,2360,2320,2330,2360,1830.3016357421875,481570,1136505200
2015-05-21,MBB,2390,2360,2380,2380,1844.16748046875,402930,958973400
2015-05-22,MBB,2410,2360,2380,2390,1858.033447265625,582350,1391816500
2015-05-25,MBB,2410,2380,2380,2380,1844.16748046875,560390,1333728200
2015-05-26,MBB,2410,2380,2380,2390,1858.033447265625,642840,1536387600
2015-05-27,MBB,2410,2380,2380,2390,1858.033447265625,636360,1520900400
2015-05-28,MBB,2550,2380,2390,2490,1927.363037109375,6532720,16266472800
2015-05-29,MBB,2530,2470,2490,2470,1913.496826171875,3528390,8715123300
2015-06-01,MBB,2580,2470,2510,2530,1968.9608154296875,4766000,12057980000
2015-06-02,MBB,2570,2490,2520,2490,1927.363037109375,2960160,7370798400
2015-06-03,MBB,2510,2470,2490,2470,1913.496826171875,1422140,3512685800
2015-06-04,MBB,2520,2450,2490,2470,1913.496826171875,2219100,5481177000
2015-06-05,MBB,2520,2450,2490,2490,1927.363037109375,2603520,6482764800
2015-06-08,MBB,2520,2490,2510,2510,1941.2286376953125,4005280,10053252800
2015-06-09,MBB,2520,2470,2490,2470,1913.496826171875,1549350,3826894500
2015-06-10,MBB,2490,2450,2470,2490,1927.363037109375,1093830,2723636700
2015-06-11,MBB,2510,2470,2490,2470,1913.496826171875,1891530,4672079100
2015-06-12,MBB,2510,2470,2510,2490,1927.363037109375,1052160,2619878400
2015-06-15,MBB,2640,2510,2510,2640,2052.156005859375,10382520,27409852800
2015-06-16,MBB,2770,2680,2740,2700,2093.753662109375,8532080,23036616000
2015-06-17,MBB,2740,2660,2700,2720,2107.619873046875,4878730,13270145600
2015-06-18,MBB,2720,2680,2700,2700,2093.753662109375,4673440,12618288000
2015-06-19,MBB,2750,2680,2720,2680,2079.88818359375,4363330,11693724400
2015-06-22,MBB,2820,2680,2720,2810,2176.949462890625,6794820,19093444200
2015-06-23,MBB,2870,2790,2810,2820,2190.815185546875,6489080,18299205600
2015-06-24,MBB,2840,2790,2820,2790,2163.08349609375,3338520,9314470800
2015-06-25,MBB,2810,2750,2790,2750,2135.351806640625,4039880,11109670000
2015-06-26,MBB,2790,2720,2750,2720,2107.619873046875,5201080,14146937600
2015-06-29,MBB,2770,2680,2700,2770,2149.217529296875,3907980,10825104600
2015-06-30,MBB,2770,2700,2740,2700,2093.753662109375,4701830,12694941000
2015-07-01,MBB,2720,2640,2700,2660,2066.02197265625,3537860,9410707600
2015-07-02,MBB,2750,2660,2660,2740,2121.48583984375,5131340,14059871600
2015-07-03,MBB,2840,2740,2770,2750,2135.351806640625,9896640,27215760000
2015-07-06,MBB,2770,2720,2770,2750,2135.351806640625,4328390,11903072500
2015-07-07,MBB,2840,2720,2750,2770,2149.217529296875,6168850,17087714500
2015-07-08,MBB,2870,2750,2770,2820,2190.815185546875,16042930,45241062600
2015-07-09,MBB,2840,2790,2820,2820,2190.815185546875,5568890,15704269800
2015-07-10,MBB,2930,2820,2820,2920,2260.14501953125,16772130,48974619600
2015-07-13,MBB,3020,2920,2950,2980,2315.608642578125,9721200,28969176000
2015-07-14,MBB,3020,2920,3000,2980,2315.608642578125,7986420,23799531600
2015-07-15,MBB,2980,2870,2970,2870,2232.413330078125,7944920,22801920400
2015-07-16,MBB,2890,2840,2860,2840,2204.681396484375,5268310,14962000400
2015-07-17,MBB,2890,2840,2840,2860,2218.546875,4155830,11885673800
2015-07-20,MBB,2870,2810,2840,2840,2204.681396484375,5719650,16243806000
2015-07-21,MBB,2890,2820,2840,2840,2204.681396484375,4006940,11379709600
2015-07-22,MBB,2870,2820,2820,2860,2218.546875,5171140,14789460400
2015-07-23,MBB,2970,2860,2860,2890,2246.279296875,9755160,28192412400
2015-07-24,MBB,2930,2890,2920,2920,2260.14501953125,6142180,17935165600
2015-07-27,MBB,2950,2890,2930,2890,2246.279296875,5475600,15824484000
2015-07-28,MBB,2890,2860,2890,2860,2218.546875,6832320,19540435200
2015-07-29,MBB,2870,2820,2860,2840,2204.681396484375,4013810,11399220400
2015-07-30,MBB,2860,2820,2840,2840,2204.681396484375,3051100,8665124000
2015-07-31,MBB,2870,2820,2860,2820,2190.815185546875,2643300,7454106000
2015-08-03,MBB,2820,2750,2810,2770,2149.217529296875,5563670,15411365900
2015-08-04,MBB,2810,2770,2790,2790,2163.08349609375,2999870,8369637300
2015-08-05,MBB,2840,2810,2810,2840,2204.681396484375,2505010,7114228400
2015-08-06,MBB,2920,2820,2860,2860,2218.546875,13304270,38050212200
2015-08-07,MBB,2870,2840,2840,2860,2218.546875,1336630,3822761800
2015-08-10,MBB,2890,2860,2860,2870,2232.413330078125,2288610,6568310700
2015-08-11,MBB,2920,2860,2870,2870,2232.413330078125,4899680,14062081600
2015-08-12,MBB,2870,2810,2860,2820,2190.815185546875,3626180,10225827600
2015-08-13,MBB,2820,2750,2820,2770,2149.217529296875,4965980,13755764600
2015-08-14,MBB,2790,2720,2750,2750,2135.351806640625,3542210,9741077500
2015-08-17,MBB,2830,2660,2810,2700,2099.43896484375,4842570,13074939000
2015-08-18,MBB,2740,2680,2700,2720,2113.720947265625,2443130,6645313600
2015-08-19,MBB,2750,2660,2700,2750,2142.284423828125,2417070,6646942500
2015-08-20,MBB,2750,2680,2740,2680,2085.156982421875,1756080,4706294400
2015-08-21,MBB,2680,2570,2660,2640,2056.59326171875,4448320,11743564800
2015-08-24,MBB,2600,2460,2600,2480,1928.056396484375,5688150,14106612000
2015-08-25,MBB,2540,2420,2420,2500,1942.3380126953125,3739510,9348775000
2015-08-26,MBB,2600,2520,2520,2580,2013.74755859375,3691840,9524947200
2015-08-27,MBB,2660,2580,2620,2600,2028.029296875,2748060,7144956000
2015-08-28,MBB,2680,2600,2620,2680,2085.156982421875,2720170,7290055600
2015-08-31,MBB,2680,2600,2680,2600,2028.029296875,1860280,4836728000
2015-09-01,MBB,2660,2600,2620,2640,2056.59326171875,1685090,4448637600
2015-09-03,MBB,2640,2580,2620,2600,2028.029296875,1475180,3835468000
2015-09-04,MBB,2660,2600,2600,2620,2042.3115234375,1371600,3593592000
2015-09-07,MBB,2660,2620,2640,2640,2056.59326171875,1152370,3042256800
2015-09-08,MBB,2770,2640,2640,2750,2142.284423828125,6009720,16526730000
2015-09-09,MBB,2830,2770,2790,2810,2185.13037109375,2777480,7804718800
2015-09-10,MBB,2830,2770,2770,2810,2185.13037109375,2399020,6741246200
2015-09-11,MBB,2830,2770,2810,2790,2170.848388671875,1990610,5553801900
2015-09-14,MBB,2900,2830,2830,2840,2213.694091796875,3392490,9634671600
2015-09-15,MBB,2870,2830,2870,2840,2213.69384765625,2173550,6172882000
2015-09-16,MBB,2830,2790,2830,2810,2184.178466796875,2147220,6033688200
2015-09-17,MBB,2830,2790,2790,2790,2169.42041015625,809320,2258002800
2015-09-18,MBB,2870,2810,2840,2830,2198.93603515625,1237350,3501700500
2015-09-21,MBB,2900,2870,2900,2900,2257.968017578125,5144260,14918354000
2015-09-22,MBB,2920,2870,2900,2870,2243.2099609375,4902560,14070347200
2015-09-23,MBB,2900,2870,2870,2900,2257.968017578125,2763120,8013048000
2015-09-24,MBB,2920,2870,2900,2920,2272.725830078125,3722660,10870167200
2015-09-25,MBB,2900,2870,2900,2870,2243.2099609375,1136030,3260406100
2015-09-28,MBB,2900,2830,2870,2840,2213.69384765625,1307150,3712306000
2015-09-29,MBB,2840,2790,2810,2840,2213.69384765625,2167970,6157034800
2015-09-30,MBB,2870,2840,2870,2840,2213.69384765625,1035490,2940791600
2015-10-01,MBB,2920,2870,2900,2870,2243.2099609375,2619760,7518711200
2015-10-02,MBB,2900,2870,2900,2870,2243.2099609375,1032200,2962414000
2015-10-05,MBB,2920,2870,2870,2870,2243.2099609375,2541890,7295224300
2015-10-06,MBB,2960,2900,2900,2940,2287.48388671875,3536140,10396251600
2015-10-07,MBB,2960,2920,2960,2920,2272.725830078125,1786280,5215937600
2015-10-08,MBB,2900,2840,2870,2870,2228.4521484375,9337620,26798969400
2015-10-09,MBB,2870,2830,2870,2830,2198.93603515625,2824500,7993335000
2015-10-12,MBB,2840,2790,2810,2810,2184.178466796875,2679050,7528130500
2015-10-13,MBB,2830,2790,2790,2810,2184.178466796875,1590810,4470176100
2015-10-14,MBB,2830,2790,2810,2790,2169.42041015625,1437730,4011266700
2015-10-15,MBB,2810,2750,2790,2790,2169.42041015625,2858560,7975382400
2015-10-16,MBB,2810,2770,2770,2790,2169.42041015625,2432880,6787735200
2015-10-19,MBB,2790,2770,2770,2770,2154.662353515625,1423060,3941876200
2015-10-20,MBB,2770,2730,2770,2730,2125.146240234375,1762510,4811652300
2015-10-21,MBB,2730,2680,2730,2690,2095.630615234375,2075190,5582261100
2015-10-22,MBB,2730,2690,2690,2720,2110.388427734375,1411620,3839606400
2015-10-23,MBB,2750,2720,2720,2730,2125.146240234375,736810,2011491300
2015-10-26,MBB,2730,2690,2720,2690,2095.630615234375,1303210,3505634900
2015-10-27,MBB,2720,2660,2690,2680,2080.872802734375,1501170,4023135600
2015-10-28,MBB,2690,2660,2680,2660,2066.11474609375,784850,2087701000
2015-10-29,MBB,2680,2630,2660,2660,2066.11474609375,1213650,3228309000
2015-10-30,MBB,2750,2680,2680,2730,2125.146240234375,2162260,5902969800
2015-11-02,MBB,2770,2720,2750,2730,2125.146240234375,1288050,3516376500
2015-11-03,MBB,2750,2690,2730,2730,2125.146240234375,1352090,3691205700
2015-11-04,MBB,2770,2690,2730,2690,2095.630615234375,1370210,3685864900
2015-11-05,MBB,2730,2690,2690,2690,2095.630615234375,675030,1815830700
2015-11-06,MBB,2720,2680,2690,2690,2095.630615234375,669700,1801493000
2015-11-09,MBB,2750,2690,2690,2750,2139.904541015625,1673120,4601080000
2015-11-10,MBB,2750,2720,2730,2720,2110.388427734375,1140750,3102840000
2015-11-11,MBB,2750,2720,2720,2730,2125.146240234375,1822830,4976325900
2015-11-12,MBB,2770,2730,2730,2770,2154.662353515625,3101940,8592373800
2015-11-13,MBB,2840,2770,2770,2830,2198.93603515625,4236680,11989804400
2015-11-16,MBB,2830,2790,2810,2810,2184.178466796875,1992040,5597632400
2015-11-17,MBB,2810,2770,2790,2770,2154.662353515625,1190090,3296549300
2015-11-18,MBB,2810,2750,2750,2810,2184.178466796875,1379800,3877238000
2015-11-19,MBB,2810,2770,2810,2790,2169.42041015625,1132620,3160009800
2015-11-20,MBB,2810,2770,2770,2770,2154.662353515625,1155950,3201981500
2015-11-23,MBB,2790,2750,2770,2770,2154.662353515625,1210690,3353611300
2015-11-24,MBB,2770,2720,2770,2730,2125.146240234375,708920,1935351600
2015-11-25,MBB,2750,2720,2730,2730,2125.146240234375,766440,2092381200
2015-11-26,MBB,2750,2720,2730,2730,2125.146240234375,624860,1705867800
2015-11-27,MBB,2750,2720,2730,2720,2110.388427734375,1400280,3808761600
2015-11-30,MBB,2720,2680,2720,2680,2080.872802734375,1122050,3007094000
2015-12-01,MBB,2720,2680,2690,2690,2095.630615234375,691030,1858870700
2015-12-02,MBB,2720,2690,2690,2720,2110.388427734375,301570,820270400
2015-12-03,MBB,2720,2690,2720,2720,2110.388427734375,105650,287368000
2015-12-04,MBB,2720,2680,2690,2690,2095.630615234375,663540,1784922600
2015-12-07,MBB,2690,2660,2680,2680,2080.872802734375,377080,1010574400
2015-12-08,MBB,2680,2630,2680,2680,2080.872802734375,1294930,3470412400
2015-12-09,MBB,2690,2660,2680,2660,2066.11474609375,864210,2298798600
2015-12-10,MBB,2680,2630,2660,2660,2066.11474609375,351980,936266800
2015-12-11,MBB,2680,2630,2630,2660,2066.11474609375,438700,1166942000
2015-12-14,MBB,2690,2660,2660,2690,2095.630615234375,624120,1678882800
2015-12-15,MBB,2690,2660,2690,2680,2080.872802734375,355420,952525600
2015-12-16,MBB,2720,2660,2660,2680,2080.872802734375,287090,769401200
2015-12-17,MBB,2720,2680,2690,2690,2095.630615234375,747840,2011689600
2015-12-18,MBB,2690,2680,2690,2680,2080.872802734375,328350,879978000
2015-12-21,MBB,2690,2660,2680,2660,2066.11474609375,789650,2100469000
2015-12-22,MBB,2680,2660,2660,2660,2066.11474609375,320960,853753600
2015-12-23,MBB,2680,2630,2660,2660,2066.11474609375,491010,1306086600
2015-12-24,MBB,2680,2660,2660,2660,2066.11474609375,345610,919322600
2015-12-25,MBB,2680,2660,2660,2660,2066.11474609375,167650,445949000
2015-12-28,MBB,2660,2630,2660,2660,2066.11474609375,499740,1329308400
2015-12-29,MBB,2660,2630,2660,2660,2066.11474609375,619500,1647870000
2015-12-30,MBB,2680,2630,2660,2660,2066.11474609375,861420,2291377200
2015-12-31,MBB,2770,2630,2660,2770,2154.662353515625,2573830,7129509100
2016-01-04,MBB,2730,2660,2690,2680,2080.872802734375,532510,1427126800
2016-01-05,MBB,2690,2660,2660,2660,2066.11474609375,400260,1064691600
2016-01-06,MBB,2680,2660,2660,2680,2080.872802734375,251050,672814000
2016-01-07,MBB,2680,2630,2680,2630,2051.35693359375,601470,1581866100
2016-01-08,MBB,2630,2600,2620,2620,2036.5985107421875,646260,1693201200
2016-01-11,MBB,2630,2600,2620,2600,2021.8408203125,420860,1094236000
2016-01-12,MBB,2630,2600,2600,2630,2051.35693359375,467350,1229130500
2016-01-13,MBB,2660,2620,2630,2620,2036.5985107421875,379460,994185200
2016-01-14,MBB,2620,2570,2600,2620,2036.5985107421875,458130,1200300600
2016-01-15,MBB,2620,2570,2600,2600,2021.8408203125,184170,478842000
2016-01-18,MBB,2570,2490,2570,2530,1962.80859375,1449410,3667007300
2016-01-19,MBB,2560,2510,2510,2560,1992.3245849609375,462500,1184000000
2016-01-20,MBB,2570,2530,2560,2530,1977.566650390625,698530,1767280900
2016-01-21,MBB,2560,2510,2530,2530,1962.80859375,913700,2311661000
2016-01-22,MBB,2570,2510,2530,2570,2007.0826416015625,1056680,2715667600
2016-01-25,MBB,2690,2600,2600,2690,2095.630615234375,2057470,5534594300
2016-01-26,MBB,2690,2630,2690,2680,2080.872802734375,2260550,6058274000
2016-01-27,MBB,2720,2680,2690,2690,2095.630615234375,1354930,3644761700
2016-01-28,MBB,2770,2720,2720,2750,2139.904541015625,2905770,7990867500
2016-01-29,MBB,2750,2720,2750,2730,2125.146240234375,910630,2486019900
2016-02-01,MBB,2750,2720,2730,2730,2125.146240234375,1100900,3005457000
2016-02-02,MBB,2730,2690,2720,2730,2125.146240234375,1005280,2744414400
2016-02-03,MBB,2730,2720,2720,2720,2110.388427734375,430430,1170769600
2016-02-04,MBB,2770,2720,2730,2750,2139.904541015625,687940,1891835000
2016-02-05,MBB,2810,2750,2750,2790,2169.42041015625,1556380,4342300200
2016-02-15,MBB,2870,2810,2840,2840,2213.69384765625,2888150,8202346000
2016-02-16,MBB,2840,2810,2840,2840,2213.69384765625,709220,2014184800
2016-02-17,MBB,2840,2830,2840,2830,2198.93603515625,1166010,3299808300
2016-02-18,MBB,2870,2830,2840,2830,2198.93603515625,2149910,6084245300
2016-02-19,MBB,2960,2830,2870,2940,2287.48388671875,19280170,56683699800
2016-02-22,MBB,2980,2940,2960,2940,2287.48388671875,8789450,25840983000
2016-02-23,MBB,2960,2900,2940,2900,2257.968017578125,6181160,17925364000
2016-02-24,MBB,2920,2840,2870,2900,2257.968017578125,6150650,17836885000
2016-02-25,MBB,2920,2870,2900,2870,2228.4521484375,1948280,5591563600
2016-02-26,MBB,2870,2830,2870,2840,2213.69384765625,2332800,6625152000
2016-02-29,MBB,2840,2770,2840,2770,2154.662353515625,1841140,5099957800
2016-03-01,MBB,2870,2750,2790,2870,2228.4521484375,2895210,8309252700
2016-03-02,MBB,2870,2830,2870,2840,2213.69384765625,3284990,9329371600
2016-03-03,MBB,2870,2830,2870,2840,2213.69384765625,1442570,4096898800
2016-03-04,MBB,2870,2830,2840,2840,2213.69384765625,2484770,7056746800
2016-03-07,MBB,2840,2810,2830,2810,2184.178466796875,1340280,3766186800
2016-03-08,MBB,2810,2790,2810,2810,2184.178466796875,983480,2763578800
2016-03-09,MBB,2840,2810,2810,2830,2204.433837890625,2562210,7251054300
2016-03-10,MBB,2840,2810,2830,2840,2219.228515625,942020,2675336800
2016-03-11,MBB,2840,2810,2840,2830,2204.433837890625,521390,1475533700
2016-03-14,MBB,2830,2790,2810,2790,2174.843994140625,1047150,2921548500
2016-03-15,MBB,2810,2770,2810,2790,2174.843994140625,1392220,3884293800
2016-03-16,MBB,2790,2770,2790,2790,2174.843994140625,865420,2414521800
2016-03-17,MBB,2810,2770,2790,2810,2189.638671875,1405990,3950831900
2016-03-18,MBB,2810,2790,2790,2810,2189.638671875,178560,501753600
2016-03-21,MBB,2810,2770,2790,2790,2174.843994140625,905900,2527461000
2016-03-22,MBB,2810,2770,2790,2770,2160.04931640625,793030,2196693100
2016-03-23,MBB,2790,2770,2790,2770,2160.04931640625,163970,454196900
2016-03-24,MBB,2790,2750,2770,2750,2145.254150390625,993310,2731602500
2016-03-25,MBB,2770,2750,2750,2770,2160.04931640625,1182470,3275441900
2016-03-28,MBB,2770,2750,2770,2770,2160.04931640625,997270,2762437900
2016-03-29,MBB,2770,2750,2770,2750,2145.254150390625,477670,1313592500
2016-03-30,MBB,2770,2720,2750,2730,2130.459228515625,1120520,3059019600
2016-03-31,MBB,2750,2720,2730,2720,2115.664306640625,726580,1976297600
2016-04-01,MBB,2720,2660,2720,2680,2086.074462890625,891250,2388550000
2016-04-04,MBB,2690,2660,2680,2680,2086.074462890625,433560,1161940800
2016-04-05,MBB,2720,2680,2680,2690,2100.869140625,1346100,3621009000
2016-04-06,MBB,2750,2690,2690,2750,2145.254150390625,1164720,3202980000
2016-04-07,MBB,2770,2720,2730,2750,2145.254150390625,752910,2070502500
2016-04-08,MBB,2750,2720,2750,2730,2130.459228515625,802720,2191425600
2016-04-11,MBB,2750,2720,2730,2750,2145.254150390625,362830,997782500
2016-04-12,MBB,2750,2720,2750,2730,2130.459228515625,690290,1884491700
2016-04-13,MBB,2730,2690,2720,2730,2130.459228515625,646590,1765190700
2016-04-14,MBB,2750,2720,2720,2750,2145.254150390625,322470,886792500
2016-04-15,MBB,2750,2720,2730,2720,2115.664306640625,114010,310107200
2016-04-19,MBB,2730,2690,2720,2730,2130.459228515625,449390,1226834700
2016-04-20,MBB,2750,2720,2730,2750,2145.254150390625,666740,1833535000
2016-04-21,MBB,2770,2720,2730,2770,2160.04931640625,578270,1601807900
2016-04-22,MBB,2840,2750,2770,2830,2204.433837890625,1772530,5016259900
2016-04-25,MBB,2840,2790,2810,2830,2204.433837890625,1110890,3143818700
2016-04-26,MBB,2840,2790,2790,2830,2204.433837890625,806090,2281234700
2016-04-27,MBB,2830,2790,2790,2790,2174.843994140625,1021140,2848980600
2016-04-28,MBB,2810,2790,2810,2810,2189.638671875,765550,2151195500
2016-04-29,MBB,2870,2830,2830,2870,2234.023193359375,2274370,6527441900
2016-05-04,MBB,2870,2830,2870,2870,2234.023193359375,1662640,4771776800
2016-05-05,MBB,2870,2840,2840,2870,2234.023193359375,1051560,3017977200
2016-05-06,MBB,2900,2840,2870,2900,2263.61279296875,2218380,6433302000
2016-05-09,MBB,2920,2870,2900,2900,2263.61279296875,1338960,3882984000
2016-05-10,MBB,2900,2830,2840,2870,2248.818115234375,536500,1539755000
2016-05-11,MBB,2900,2870,2870,2900,2263.61279296875,1009960,2928884000
2016-05-12,MBB,2900,2870,2900,2870,2234.023193359375,323970,929793900
2016-05-13,MBB,2870,2870,2870,2870,2234.023193359375,305860,877818200
2016-05-16,MBB,2870,2840,2870,2840,2219.228515625,323540,918853600
2016-05-17,MBB,2870,2840,2840,2840,2219.228515625,503250,1429230000
2016-05-18,MBB,2940,2840,2870,2900,2263.61279296875,3482360,10098844000
2016-05-19,MBB,2980,2870,2900,2960,2307.99755859375,5671620,16787995200
2016-05-20,MBB,3020,2940,2960,2980,2322.7919921875,4827930,14387231400
2016-05-23,MBB,2980,2920,2980,2920,2278.407470703125,1439500,4203340000
2016-05-24,MBB,2960,2870,2900,2940,2293.202880859375,2236940,6576603600
2016-05-25,MBB,2940,2870,2940,2870,2248.818115234375,578150,1659290500
2016-05-26,MBB,2900,2870,2870,2900,2263.61279296875,769830,2232507000
2016-05-27,MBB,2940,2870,2900,2920,2278.407470703125,2244640,6554348800
2016-05-30,MBB,2960,2920,2920,2960,2307.99755859375,2200360,6513065600
2016-05-31,MBB,2980,2920,2960,2960,2307.99755859375,929600,2751616000
2016-06-01,MBB,2980,2940,2980,2960,2307.99755859375,3260700,9651672000
2016-06-02,MBB,2960,2940,2940,2960,2307.99755859375,2942460,8709681600
2016-06-03,MBB,2960,2920,2960,2920,2278.407470703125,377530,1102387600
2016-06-06,MBB,2940,2900,2920,2900,2263.61279296875,1163570,3374353000
2016-06-07,MBB,2940,2900,2900,2940,2293.202880859375,1630160,4792670400
2016-06-08,MBB,2960,2920,2940,2920,2278.407470703125,1536150,4485558000
2016-06-09,MBB,2960,2900,2920,2940,2293.202880859375,1437310,4225691400
2016-06-10,MBB,3020,2920,2940,2920,2278.407470703125,4844400,14145648000
2016-06-13,MBB,2920,2900,2920,2900,2263.61279296875,86100,249690000
2016-06-14,MBB,2920,2900,2900,2900,2263.61279296875,86120,249748000
2016-06-15,MBB,2920,2870,2920,2900,2263.61279296875,290950,843755000
2016-06-16,MBB,2920,2870,2920,2870,2248.818115234375,248630,713568100
2016-06-17,MBB,2900,2870,2870,2870,2248.818115234375,207250,594807500
2016-06-20,MBB,2900,2870,2900,2870,2234.023193359375,73780,211748600
2016-06-21,MBB,2870,2870,2870,2870,2234.023193359375,128320,368278400
2016-06-22,MBB,2870,2840,2870,2840,2219.228515625,258250,733430000
2016-06-23,MBB,2870,2840,2870,2840,2219.228515625,135800,385672000
2016-06-24,MBB,2870,2720,2870,2830,2204.433837890625,1158300,3277989000
2016-06-27,MBB,2830,2770,2770,2830,2204.433837890625,298250,844047500
2016-06-28,MBB,2840,2810,2830,2830,2204.433837890625,77680,219834400
2016-06-29,MBB,2870,2840,2840,2840,2219.228515625,270460,768106400
2016-06-30,MBB,2840,2830,2840,2830,2204.433837890625,197840,559887200
2016-07-01,MBB,2840,2810,2830,2840,2219.228515625,266490,756831600
2016-07-04,MBB,2870,2830,2830,2840,2219.228515625,675550,1918562000
2016-07-05,MBB,2900,2840,2840,2870,2248.818115234375,714190,2049725300
2016-07-06,MBB,2870,2870,2870,2870,2234.023193359375,151690,435350300
2016-07-07,MBB,2870,2870,2870,2870,2234.023193359375,282910,811951700
2016-07-08,MBB,2900,2870,2900,2870,2234.023193359375,244820,702633400
2016-07-11,MBB,2870,2840,2870,2870,2248.818115234375,271860,780238200
2016-07-12,MBB,2870,2840,2870,2840,2219.228515625,547160,1553934400
2016-07-13,MBB,2900,2840,2870,2900,2263.61279296875,694230,2013267000
2016-07-14,MBB,2990,2900,2900,2940,2293.202880859375,811590,2386074600
2016-07-15,MBB,2960,2900,2920,2940,2293.202880859375,188540,554307600
2016-07-18,MBB,2960,2900,2940,2940,2293.202880859375,336030,987928200
2016-07-19,MBB,2920,2870,2900,2870,2248.818115234375,411690,1181550300
2016-07-20,MBB,2900,2870,2870,2870,2234.023193359375,210730,604795100
2016-07-21,MBB,2900,2870,2870,2870,2248.818115234375,252560,724847200
2016-07-22,MBB,2870,2840,2870,2870,2248.818115234375,510450,1464991500
2016-07-25,MBB,2870,2840,2870,2840,2219.228515625,291070,826638800
2016-07-26,MBB,2900,2870,2900,2870,2234.023193359375,170970,490683900
2016-07-27,MBB,2900,2870,2870,2870,2234.023193359375,181100,519757000
2016-07-28,MBB,2870,2870,2870,2870,2234.023193359375,205210,588952700
2016-07-29,MBB,2870,2840,2870,2840,2219.228515625,384340,1091525600
2016-08-01,MBB,2870,2840,2870,2840,2219.228515625,361240,1025921600
2016-08-02,MBB,2870,2830,2840,2830,2204.433837890625,235060,665219800
2016-08-03,MBB,2840,2810,2840,2830,2204.433837890625,116370,329327100
2016-08-04,MBB,2830,2810,2830,2810,2189.638671875,364470,1024160700
2016-08-05,MBB,2810,2790,2790,2810,2189.638671875,166710,468455100
2016-08-08,MBB,2830,2810,2810,2810,2189.638671875,90900,255429000
2016-08-09,MBB,2830,2810,2810,2810,2189.638671875,144450,405904500
2016-08-10,MBB,2840,2810,2830,2830,2204.433837890625,210330,595233900
2016-08-11,MBB,2840,2830,2840,2840,2219.228515625,242300,688132000
2016-08-12,MBB,2870,2830,2870,2830,2204.433837890625,75350,213240500
2016-08-15,MBB,2840,2810,2840,2830,2204.433837890625,54990,155621700
2016-08-16,MBB,2830,2810,2830,2810,2189.638671875,140970,396125700
2016-08-17,MBB,2840,2810,2810,2830,2204.433837890625,238470,674870100
2016-08-18,MBB,2840,2810,2810,2830,2204.433837890625,394730,1117085900
2016-08-19,MBB,2840,2810,2830,2810,2189.638671875,121050,340150500
2016-08-22,MBB,2830,2810,2810,2810,2189.638671875,141770,398373700
2016-08-23,MBB,2830,2810,2810,2810,2189.638671875,102320,287519200
2016-08-24,MBB,2830,2810,2810,2810,2189.638671875,140110,393709100
2016-08-25,MBB,2830,2810,2810,2830,2204.433837890625,62590,177129700
2016-08-26,MBB,2830,2810,2830,2830,2204.433837890625,138190,391077700
2016-08-29,MBB,2830,2810,2810,2810,2189.638671875,130930,367913300
2016-08-30,MBB,2830,2810,2830,2810,2189.638671875,118860,333996600
2016-08-31,MBB,2830,2810,2810,2810,2189.638671875,116320,326859200
2016-09-01,MBB,2810,2790,2810,2810,2189.638671875,126170,354537700
2016-09-05,MBB,2810,2790,2810,2790,2174.843994140625,104740,292224600
2016-09-06,MBB,2810,2790,2810,2790,2174.843994140625,180810,504459900
2016-09-07,MBB,2810,2790,2790,2810,2189.638671875,67690,190208900
2016-09-08,MBB,2830,2810,2810,2830,2204.433837890625,196110,554991300
2016-09-09,MBB,2830,2810,2830,2830,2204.433837890625,240610,680926300
2016-09-12,MBB,2830,2810,2830,2830,2204.433837890625,254020,718876600
2016-09-13,MBB,2830,2810,2810,2810,2197.035888671875,154740,434819400
2016-09-14,MBB,2810,2790,2810,2810,2189.638671875,138360,388791600
2016-09-15,MBB,2810,2810,2810,2810,2197.035888671875,163050,458170500
2016-09-16,MBB,2810,2790,2810,2790,2182.240966796875,120300,335637000
2016-09-19,MBB,2810,2790,2810,2790,2182.240966796875,242090,675431100
2016-09-20,MBB,2810,2790,2790,2790,2182.240966796875,133130,371432700
2016-09-21,MBB,2790,2790,2790,2790,2174.843994140625,201250,561487500
2016-09-22,MBB,2810,2790,2790,2790,2182.240966796875,332620,928009800
2016-09-23,MBB,2810,2790,2790,2790,2182.240966796875,210620,587629800
2016-09-26,MBB,2790,2790,2790,2790,2182.240966796875,106840,298083600
2016-09-27,MBB,2810,2790,2790,2790,2174.843994140625,426860,1190939400
2016-09-28,MBB,2810,2780,2790,2790,2174.843994140625,965580,2693968200
2016-09-29,MBB,2810,2790,2810,2810,2189.638671875,200950,564669500
2016-09-30,MBB,2830,2790,2810,2830,2204.433837890625,91610,259256300
2016-10-03,MBB,2830,2790,2830,2810,2189.638671875,296270,832518700
2016-10-04,MBB,2810,2790,2810,2790,2182.240966796875,502400,1401696000
2016-10-05,MBB,2810,2790,2790,2790,2182.240966796875,361860,1009589400
2016-10-06,MBB,2830,2790,2810,2830,2204.433837890625,610850,1728705500
2016-10-07,MBB,2840,2830,2840,2830,2211.8310546875,464580,1314761400
2016-10-10,MBB,2830,2810,2830,2810,2197.035888671875,278230,781826300
2016-10-11,MBB,2810,2790,2810,2810,2189.638671875,322790,907039900
2016-10-12,MBB,2810,2810,2810,2810,2189.638671875,461500,1296815000
2016-10-13,MBB,2810,2810,2810,2810,2189.638671875,380570,1069401700
2016-10-14,MBB,2870,2810,2810,2810,2197.035888671875,704440,1979476400
2016-10-17,MBB,2840,2810,2810,2840,2219.228515625,477660,1356554400
2016-10-18,MBB,2840,2830,2830,2840,2219.228515625,121190,344179600
2016-10-19,MBB,2870,2830,2840,2840,2219.228515625,619660,1759834400
2016-10-20,MBB,2840,2830,2840,2840,2219.228515625,277890,789207600
2016-10-21,MBB,2840,2830,2840,2830,2211.8310546875,179200,507136000
2016-10-24,MBB,2900,2820,2870,2850,2229.215087890625,490200,1397070000
2016-10-25,MBB,2870,2840,2840,2840,2221.447509765625,213730,606993200
2016-10-26,MBB,2870,2830,2840,2830,2213.68017578125,113940,322450200
2016-10-27,MBB,2840,2820,2830,2830,2213.68017578125,180870,511862100
2016-10-28,MBB,2840,2830,2830,2830,2213.68017578125,160650,454639500
2016-10-31,MBB,2840,2830,2840,2840,2221.447509765625,264490,751151600
2016-11-01,MBB,2840,2820,2840,2840,2221.447509765625,110090,312655600
2016-11-02,MBB,2840,2810,2840,2820,2205.9130859375,170280,480189600
2016-11-03,MBB,2820,2790,2820,2790,2182.611328125,90350,252076500
2016-11-04,MBB,2780,2760,2780,2760,2159.3095703125,234450,647082000
2016-11-07,MBB,2780,2750,2760,2780,2167.076416015625,83300,231574000
2016-11-08,MBB,2810,2760,2810,2780,2174.843994140625,87410,242999800
2016-11-09,MBB,2780,2600,2780,2750,2143.774658203125,268320,737880000
2016-11-10,MBB,2760,2750,2750,2750,2151.541748046875,216490,595347500
2016-11-11,MBB,2780,2750,2760,2750,2143.774658203125,86660,238315000
2016-11-14,MBB,2760,2720,2750,2740,2136.00732421875,95380,261341200
2016-11-15,MBB,2750,2720,2740,2720,2128.23974609375,174910,475755200
2016-11-16,MBB,2720,2700,2700,2700,2112.705322265625,162280,438156000
2016-11-17,MBB,2720,2690,2700,2700,2104.938232421875,160330,432891000
2016-11-18,MBB,2700,2690,2700,2690,2097.1708984375,188030,505800700
2016-11-21,MBB,2700,2660,2690,2660,2081.63623046875,251460,668883600
2016-11-22,MBB,2690,2660,2690,2660,2081.63623046875,250560,666489600
2016-11-23,MBB,2700,2660,2680,2680,2089.403564453125,390540,1046647200
2016-11-24,MBB,2690,2640,2690,2680,2089.403564453125,248790,666757200
2016-11-25,MBB,2680,2640,2680,2660,2073.868896484375,128770,342528200
2016-11-28,MBB,2660,2620,2660,2630,2050.567138671875,128710,338507300
2016-11-29,MBB,2640,2620,2630,2640,2066.101318359375,55920,147628800
2016-11-30,MBB,2660,2630,2640,2660,2073.868896484375,65710,174788600
2016-12-01,MBB,2660,2630,2660,2630,2058.334228515625,149550,393316500
2016-12-02,MBB,2660,2630,2640,2640,2066.101318359375,69980,184747200
2016-12-05,MBB,2640,2630,2630,2630,2050.567138671875,260110,684089300
2016-12-06,MBB,2640,2600,2600,2640,2066.101318359375,173330,457591200
2016-12-07,MBB,2660,2620,2630,2620,2042.7996826171875,147960,387655200
2016-12-08,MBB,2630,2600,2600,2620,2042.7996826171875,107320,281178400
2016-12-09,MBB,2640,2600,2640,2640,2066.101318359375,120820,318964800
2016-12-12,MBB,2630,2620,2620,2630,2050.567138671875,135750,357022500
2016-12-13,MBB,2630,2600,2630,2630,2050.567138671875,220190,579099700
2016-12-14,MBB,2630,2620,2630,2630,2050.567138671875,149550,393316500
2016-12-15,MBB,2630,2620,2630,2620,2042.7996826171875,97740,256078800
2016-12-16,MBB,2630,2620,2620,2620,2042.7996826171875,203090,532095800
2016-12-19,MBB,2660,2620,2620,2630,2058.334228515625,252470,663996100
2016-12-20,MBB,2640,2630,2630,2640,2066.101318359375,159480,421027200
2016-12-21,MBB,2640,2630,2640,2640,2066.101318359375,170610,450410400
2016-12-22,MBB,2640,2630,2640,2630,2058.334228515625,207470,545646100
2016-12-23,MBB,2630,2630,2630,2630,2050.567138671875,72020,189412600
2016-12-26,MBB,2630,2620,2630,2620,2042.7996826171875,161870,424099400
2016-12-27,MBB,2630,2620,2630,2630,2058.334228515625,137630,361966900
2016-12-28,MBB,2660,2630,2640,2640,2066.101318359375,248630,656383200
2016-12-29,MBB,2660,2640,2640,2660,2081.63623046875,159830,425147800
2016-12-30,MBB,2780,2640,2680,2780,2174.843994140625,1305800,3630124000
2017-01-03,MBB,2760,2700,2700,2740,2136.00732421875,354170,970425800
2017-01-04,MBB,2760,2700,2760,2700,2112.705322265625,408430,1102761000
2017-01-05,MBB,2700,2690,2700,2690,2097.1708984375,491670,1322592300
2017-01-06,MBB,2750,2690,2700,2740,2136.00732421875,510600,1399044000
2017-01-09,MBB,2750,2720,2740,2720,2128.23974609375,282940,769596800
2017-01-10,MBB,2740,2720,2740,2720,2128.23974609375,264760,720147200
2017-01-11,MBB,2750,2720,2720,2740,2136.00732421875,298930,819068200
2017-01-12,MBB,2780,2750,2750,2750,2151.541748046875,624630,1717732500
2017-01-13,MBB,2760,2740,2760,2740,2136.00732421875,238250,652805000
2017-01-16,MBB,2740,2700,2740,2720,2120.472900390625,162840,442924800
2017-01-17,MBB,2810,2750,2750,2810,2198.1455078125,2058150,5783401500
2017-01-18,MBB,2820,2780,2820,2780,2174.843994140625,436170,1212552600
2017-01-19,MBB,2810,2750,2810,2760,2159.3095703125,401040,1106870400
2017-01-20,MBB,2780,2750,2780,2760,2159.3095703125,461340,1273298400
2017-01-23,MBB,2780,2750,2750,2750,2143.774658203125,399380,1098295000
2017-01-24,MBB,2810,2750,2750,2810,2190.378173828125,459610,1291504100
2017-01-25,MBB,2810,2780,2810,2810,2198.1455078125,677410,1903522100
2017-02-02,MBB,2820,2790,2810,2820,2198.1455078125,379300,1069626000
2017-02-03,MBB,2840,2810,2820,2810,2198.1455078125,603770,1696593700
2017-02-06,MBB,2810,2780,2810,2810,2190.378173828125,257350,723153500
2017-02-07,MBB,2820,2780,2810,2780,2174.843994140625,671750,1867465000
2017-02-08,MBB,2810,2780,2810,2810,2198.1455078125,366590,1030117900
2017-02-09,MBB,2830,2810,2810,2830,2213.68017578125,550440,1557745200
2017-02-10,MBB,2830,2810,2830,2810,2198.1455078125,212660,597574600
2017-02-13,MBB,2870,2830,2830,2870,2236.982177734375,938710,2694097700
2017-02-14,MBB,2870,2840,2870,2840,2221.447509765625,577900,1641236000
2017-02-15,MBB,2870,2840,2840,2870,2252.516845703125,534490,1533986300
2017-02-16,MBB,2960,2890,2890,2900,2268.051513671875,940230,2726667000
2017-02-17,MBB,2930,2890,2900,2930,2291.353271484375,504390,1477862700
2017-02-20,MBB,2930,2920,2930,2920,2275.81884765625,558160,1629827200
2017-02-21,MBB,2930,2900,2920,2920,2275.81884765625,627760,1833059200
2017-02-22,MBB,2930,2870,2920,2920,2275.81884765625,940560,2746435200
2017-02-23,MBB,2960,2900,2950,2930,2300.11572265625,667670,1956273100
2017-02-24,MBB,2950,2890,2890,2930,2292.016845703125,354590,1038948700
2017-02-27,MBB,2930,2890,2890,2920,2283.917724609375,290650,848698000
2017-02-28,MBB,2920,2870,2920,2890,2267.7197265625,434370,1255329300
2017-03-01,MBB,2920,2860,2920,2870,2259.620849609375,265700,762559000
2017-03-02,MBB,2890,2840,2870,2870,2251.521728515625,201630,578678100
2017-03-03,MBB,2870,2830,2840,2840,2235.323974609375,173460,492626400
2017-03-06,MBB,2900,2870,2870,2870,2259.620849609375,267720,768356400
2017-03-07,MBB,2870,2870,2870,2870,2259.620849609375,264120,758024400
2017-03-08,MBB,2920,2860,2870,2920,2283.917724609375,576870,1684460400
2017-03-09,MBB,3040,2900,2920,3000,2356.808837890625,2206040,6618120000
2017-03-10,MBB,3080,2970,3000,2970,2332.511474609375,1217530,3616064100
2017-03-13,MBB,3040,2960,2970,3040,2381.10595703125,902800,2744512000
2017-03-14,MBB,3050,3000,3040,3020,2373.006591796875,759180,2292723600
2017-03-15,MBB,3020,2990,3020,2990,2348.70947265625,355820,1063901800
2017-03-16,MBB,3020,2980,2990,2990,2348.70947265625,635060,1898829400
2017-03-17,MBB,3020,2980,2980,2990,2348.70947265625,736360,2201716400
2017-03-20,MBB,3170,3020,3020,3110,2437.798828125,3093190,9619820900
2017-03-21,MBB,3180,3110,3130,3180,2494.49169921875,3512830,11170799400
2017-03-22,MBB,3200,3170,3180,3180,2494.49169921875,2632970,8372844600
2017-03-23,MBB,3180,3140,3170,3180,2494.49169921875,1778350,5655153000
2017-03-24,MBB,3260,3180,3180,3230,2534.98681640625,2046070,6608806100
2017-03-27,MBB,3260,3180,3230,3180,2502.590576171875,1025710,3261757800
2017-03-28,MBB,3200,3170,3180,3170,2486.392578125,1252120,3969220400
2017-03-29,MBB,3170,3120,3170,3170,2478.2939453125,1310100,4153017000
2017-03-30,MBB,3240,3150,3150,3210,2518.788818359375,940860,3020160600
2017-03-31,MBB,3210,3150,3210,3170,2486.392578125,492910,1562524700
2017-04-03,MBB,3180,3120,3140,3180,2502.590576171875,1053100,3348858000
2017-04-04,MBB,3200,3170,3180,3180,2502.590576171875,1077960,3427912800
2017-04-05,MBB,3220,3180,3200,3180,2494.49169921875,906800,2883624000
2017-04-07,MBB,3180,3150,3170,3170,2486.392578125,395600,1254052000
2017-04-10,MBB,3170,3150,3150,3170,2478.2939453125,336270,1065975900
2017-04-11,MBB,3240,3150,3170,3230,2534.98681640625,1291140,4170382200
2017-04-12,MBB,3230,3170,3230,3170,2486.392578125,613140,1943653800
2017-04-13,MBB,3210,3170,3200,3200,2510.689697265625,479970,1535904000
2017-04-14,MBB,3180,3120,3180,3140,2462.095947265625,1070820,3362374800
2017-04-17,MBB,3180,3120,3180,3120,2445.897705078125,976370,3046274400
2017-04-18,MBB,3140,3080,3120,3140,2462.095947265625,521880,1638703200
2017-04-19,MBB,3120,3080,3120,3100,2429.69970703125,254420,788702000
2017-04-20,MBB,3120,3080,3080,3100,2429.69970703125,365920,1134352000
2017-04-21,MBB,3140,3100,3120,3120,2445.897705078125,297740,928948800
2017-04-24,MBB,3110,3080,3100,3080,2421.600830078125,645890,1989341200
2017-04-25,MBB,3080,3060,3080,3080,2413.501953125,758000,2334640000
2017-04-26,MBB,3170,3080,3100,3110,2437.798828125,779060,2422876600
2017-04-27,MBB,3180,3110,3140,3140,2462.095947265625,1341720,4213000800
2017-04-28,MBB,3280,3140,3140,3260,2462.095947265625,2269460,7398439600
2017-05-03,MBB,3470,3260,3260,3470,2721.263427734375,4157830,14427670100
2017-05-04,MBB,3470,3410,3470,3410,2672.669921875,2198570,7497123700
2017-05-05,MBB,3510,3390,3390,3450,2705.065673828125,2259900,7796655000
2017-05-08,MBB,3460,3390,3450,3390,2656.4716796875,1798200,6095898000
2017-05-09,MBB,3450,3390,3390,3430,2696.966796875,1147100,3934553000
2017-05-10,MBB,3560,3430,3430,3490,2737.462158203125,3075660,10734053400
2017-05-11,MBB,3510,3460,3490,3490,2737.462158203125,967050,3375004500
2017-05-12,MBB,3490,3450,3490,3450,2705.065673828125,1151560,3972882000
2017-05-15,MBB,3450,3410,3450,3410,2672.669921875,1878850,6406878500
2017-05-16,MBB,3460,3410,3410,3410,2672.669921875,1524400,5198204000
2017-05-17,MBB,3430,3410,3410,3420,2680.7685546875,982720,3360902400
2017-05-18,MBB,3600,3430,3430,3560,2786.055908203125,4708440,16762046400
2017-05-19,MBB,3670,3580,3580,3670,2875.144775390625,3450580,12663628600
2017-05-22,MBB,3850,3680,3690,3780,2964.23388671875,3030910,11456839800
2017-05-23,MBB,3770,3630,3720,3630,2850.847900390625,3328940,12084052200
2017-05-24,MBB,3880,3630,3630,3880,3045.223876953125,6046650,23461002000
2017-05-25,MBB,4070,3930,3930,3950,3093.8173828125,5165180,20402461000
2017-05-26,MBB,4050,3930,3930,4019,3150.5107421875,2157830,8672318770
2017-05-29,MBB,4050,3960,4019,3980,3110.015869140625,2785230,11085215400
2017-05-30,MBB,4030,3900,3980,3930,3077.619384765625,3230310,12695118300
2017-05-31,MBB,3980,3880,3930,3900,3053.32275390625,2081840,8119176000
2017-06-01,MBB,3960,3900,3930,3950,3093.8173828125,1197560,4730362000
2017-06-02,MBB,3980,3900,3980,3930,3077.619384765625,962630,3783135900
2017-06-05,MBB,4019,3940,3980,3950,3093.8173828125,1883840,7441168000
2017-06-06,MBB,4019,3950,3950,4010,3142.411376953125,1494260,5991982600
2017-06-07,MBB,4200,4070,4070,4190,3280.094482421875,5870170,24596012300
2017-06-08,MBB,4230,4120,4190,4140,3247.69873046875,2318370,9598051800
2017-06-09,MBB,4200,4130,4140,4140,3247.69873046875,1527200,6322608000
2017-06-12,MBB,4170,4100,4140,4100,3215.302734375,1751690,7181929000
2017-06-13,MBB,4150,4019,4080,4110,3223.401611328125,3093530,12714408300
2017-06-14,MBB,4230,4120,4130,4200,3296.292724609375,2980340,12517428000
2017-06-15,MBB,4230,4130,4200,4150,3255.797607421875,1653670,6862730500
2017-06-16,MBB,4200,4130,4140,4180,3271.99560546875,1845630,7714733400
2017-06-19,MBB,4300,4170,4180,4290,3361.08447265625,2811560,12061592400
2017-06-20,MBB,4440,4320,4320,4420,3466.371826171875,3609770,15955183400
2017-06-21,MBB,4530,4290,4420,4530,3547.361572265625,4909800,22241394000
2017-06-22,MBB,4610,4470,4470,4490,3514.9658203125,2404840,10797731600
2017-06-23,MBB,4470,4380,4440,4440,3482.569580078125,2162290,9600567600
2017-06-26,MBB,4530,4390,4410,4490,3514.9658203125,1959590,8798559100
2017-06-27,MBB,4520,4440,4490,4490,3514.9658203125,1212530,5444259700
2017-06-28,MBB,4510,4440,4450,4510,3531.163330078125,1070020,4825790200
2017-06-29,MBB,4630,4520,4530,4610,3612.154052734375,2200730,10145365300
2017-06-30,MBB,4710,4610,4610,4610,3612.154052734375,2209720,10186809200
2017-07-03,MBB,4660,4590,4640,4590,3604.054443359375,1489400,6836346000
2017-07-04,MBB,4590,4510,4580,4540,3563.5595703125,2803570,12728207800
2017-07-05,MBB,4540,4440,4530,4500,3523.065185546875,3363150,15134175000
2017-07-06,MBB,4530,4490,4530,4510,3531.163330078125,1754800,7914148000
2017-07-07,MBB,4530,4410,4500,4420,3466.371826171875,3173960,14028903200
2017-07-10,MBB,4420,4260,4410,4290,3361.08447265625,3314790,14220449100
2017-07-11,MBB,4380,4230,4290,4380,3433.975341796875,3201390,14022088200
2017-07-12,MBB,4440,4410,4420,4410,3450.173828125,1480640,6529622400
2017-07-13,MBB,4420,4360,4410,4410,3450.173828125,817410,3604778100
2017-07-14,MBB,4440,4370,4410,4390,3442.07470703125,798560,3505678400
2017-07-17,MBB,4420,4250,4350,4260,3336.78759765625,2596150,11059599000
2017-07-18,MBB,4300,4130,4250,4280,3352.9853515625,1387350,5937858000
2017-07-19,MBB,4320,4230,4320,4230,3320.58935546875,639030,2703096900
2017-07-20,MBB,4290,4180,4230,4290,3369.18359375,851450,3652720500
2017-07-21,MBB,4320,4200,4290,4200,3288.19384765625,1073920,4510464000
2017-07-24,MBB,4280,4180,4220,4280,3352.9853515625,1455550,6229754000
2017-07-25,MBB,4570,4260,4260,4570,3579.757080078125,3568050,16305988500
2017-07-26,MBB,4680,4530,4590,4570,3579.757080078125,3812770,17424358900
2017-07-27,MBB,4640,4540,4570,4590,3595.955322265625,2184450,10026625500
2017-07-28,MBB,4860,4590,4590,4860,3806.52978515625,6617260,32159883600
2017-07-31,MBB,4980,4830,4860,4920,3855.1240234375,4983080,24516753600
2017-08-01,MBB,4890,4820,4880,4890,3838.926025390625,2723330,13317083700
2017-08-02,MBB,4960,4740,4820,4860,3806.52978515625,4344820,21115825200
2017-08-03,MBB,4890,4710,4820,4860,3806.52978515625,7586260,36869223600
2017-08-04,MBB,4920,4790,4920,4820,3774.1337890625,1501290,7236217800
2017-08-07,MBB,4910,4790,4820,4890,3838.926025390625,3758120,18377206800
2017-08-08,MBB,4890,4770,4890,4820,3774.1337890625,3473580,16742655600
2017-08-09,MBB,4820,4540,4820,4640,3636.45068359375,7408710,34376414400
2017-08-10,MBB,4680,4570,4610,4650,3644.5498046875,3338290,15523048500
2017-08-11,MBB,4680,4590,4630,4630,3628.351806640625,3122840,14458749200
2017-08-14,MBB,4800,4620,4630,4790,3757.935546875,3384150,16210078500
2017-08-15,MBB,4820,4730,4820,4730,3709.341552734375,1457860,6895677800
2017-08-16,MBB,4730,4640,4730,4710,3685.044921875,1780090,8384223900
2017-08-17,MBB,4710,4560,4710,4560,3571.658447265625,3710630,16920472800
2017-08-18,MBB,4630,4490,4530,4630,3628.351806640625,2005430,9285140900
2017-08-21,MBB,4640,4570,4630,4590,3595.955322265625,1153860,5296217400
2017-08-22,MBB,4610,4490,4610,4540,3563.5595703125,1805920,8198876800
2017-08-23,MBB,4580,4510,4540,4540,3563.5595703125,888120,4032064800
2017-08-24,MBB,4710,4530,4530,4710,3693.143798828125,4126940,19437887400
2017-08-25,MBB,4790,4710,4730,4740,3717.440673828125,3125910,14816813400
2017-08-28,MBB,4820,4710,4710,4760,3733.638671875,2172800,10342528000
2017-08-29,MBB,4830,4730,4740,4740,3717.440673828125,4206280,19937767200
2017-08-30,MBB,4830,4740,4780,4790,3757.935546875,2376480,11383339200
2017-08-31,MBB,4960,4790,4820,4910,3847.0244140625,6772570,33253318700
2017-09-01,MBB,4940,4800,4940,4850,3798.43017578125,3641190,17659771500
2017-09-05,MBB,4890,4800,4830,4830,3782.232421875,2828120,13659819600
2017-09-06,MBB,4830,4760,4820,4830,3782.232421875,2406130,11621607900
2017-09-07,MBB,4880,4790,4820,4790,3757.935546875,2913730,13956766700
2017-09-08,MBB,4820,4710,4790,4710,3685.044921875,4304960,20276361600
2017-09-11,MBB,4730,4640,4670,4640,3636.45068359375,3864890,17933089600
2017-09-12,MBB,4770,4630,4630,4740,3725.539306640625,6404130,30355576200
2017-09-13,MBB,4820,4740,4770,4740,3725.539306640625,1494240,7082697600
2017-09-14,MBB,4830,4770,4780,4770,3741.737060546875,2064800,9849096000
2017-09-15,MBB,4770,4730,4770,4730,3709.341552734375,1879360,8889372800
2017-09-18,MBB,4820,4730,4740,4740,3725.539306640625,2637410,12501323400
2017-09-19,MBB,4820,4730,4740,4730,3709.341552734375,2567700,12145221000
2017-09-20,MBB,4740,4730,4730,4740,3717.440673828125,1510880,7161571200
2017-09-21,MBB,4800,4730,4740,4780,3749.836669921875,2165830,10352667400
2017-09-22,MBB,4830,4740,4790,4740,3717.440673828125,3779620,17915398800
2017-09-25,MBB,4770,4730,4740,4730,3709.341552734375,2393350,11320545500
2017-09-26,MBB,4740,4680,4730,4710,3685.044921875,2963140,13956389400
2017-09-27,MBB,4710,4680,4710,4690,3676.94580078125,1835200,8607088000
2017-09-28,MBB,4710,4640,4710,4660,3652.6484375,6510940,30340980400
2017-09-29,MBB,4800,4710,4710,4710,3699.21728515625,2598600,12239406000
2017-10-02,MBB,4800,4660,4710,4680,3673.7060546875,1981130,9271688400
2017-10-03,MBB,4710,4590,4710,4670,3665.2021484375,1621060,7570350200
2017-10-04,MBB,4860,4670,4680,4860,3809.76904296875,3487740,16950416400
2017-10-05,MBB,4930,4790,4890,4790,3758.745849609375,4216170,20195454300
2017-10-06,MBB,5030,4790,4790,5000,3928.82421875,7227750,36138750000
2017-10-09,MBB,5120,5000,5080,5030,3945.83251953125,5612750,28232132500
2017-10-10,MBB,5130,5000,5000,5060,3971.34423828125,5285620,26745237200
2017-10-11,MBB,5130,5010,5060,5040,3962.840576171875,3981470,20066608800
2017-10-12,MBB,5090,5000,5070,5000,3928.82421875,4122730,20613650000
2017-10-13,MBB,5060,5000,5000,5060,3971.34423828125,3369480,17049568800
2017-10-16,MBB,5130,5000,5120,5000,3928.82421875,3933190,19665950000
2017-10-17,MBB,5080,5000,5000,5080,3988.352783203125,5036910,25587502800
2017-10-18,MBB,5120,5000,5100,5000,3928.82421875,4593560,22967800000
2017-10-19,MBB,5010,4890,5000,4890,3843.784912109375,6304060,30826853400
2017-10-20,MBB,4950,4870,4890,4880,3826.77685546875,3763540,18366075200
2017-10-23,MBB,4880,4770,4860,4810,3775.753173828125,3002430,14441688300
2017-10-24,MBB,4840,4790,4790,4840,3801.264892578125,2053320,9938068800
2017-10-25,MBB,4930,4870,4880,4920,3860.793212890625,3460260,17024479200
2017-10-26,MBB,4930,4830,4910,4880,3826.77685546875,3024690,14760487200
2017-10-27,MBB,4980,4880,4880,4980,3911.816650390625,3100630,15441137400
2017-10-30,MBB,5030,4890,5000,4890,3843.784912109375,3708080,18132511200
2017-10-31,MBB,4970,4870,4890,4890,3843.784912109375,3314330,16207073700
2017-11-01,MBB,4950,4890,4910,4910,3852.28857421875,2467440,12115130400
2017-11-02,MBB,4970,4810,4940,4870,3818.273193359375,3923110,19105545700
2017-11-03,MBB,4910,4840,4880,4910,3852.28857421875,1705220,8372630200
2017-11-06,MBB,4960,4890,4920,4960,3894.808349609375,2712810,13455537600
2017-11-07,MBB,5070,4940,4960,5040,3954.33642578125,6773700,34139448000
2017-11-08,MBB,5180,5040,5060,5160,4047.879638671875,8313850,42899466000
2017-11-09,MBB,5180,5080,5180,5090,3996.85595703125,5204980,26493348200
2017-11-10,MBB,5190,5040,5080,5100,4005.35986328125,6496980,33134598000
2017-11-13,MBB,5120,4990,5100,4990,3920.320556640625,6356660,31719733400
2017-11-14,MBB,5070,4920,5010,5000,3928.82421875,4351390,21756950000
2017-11-15,MBB,5030,4950,5000,4960,3894.808349609375,3676850,18237176000
2017-11-16,MBB,5060,4950,4960,5040,3962.840576171875,5243540,26427441600
2017-11-17,MBB,5150,5040,5090,5120,4013.8642578125,5474220,28028006400
2017-11-20,MBB,5190,5090,5130,5150,4039.376220703125,4037860,20794979000
2017-11-21,MBB,5350,5130,5180,5190,4081.895751953125,9429430,48938741700
2017-11-22,MBB,5280,5180,5210,5240,4115.9111328125,11311110,59270216400
2017-11-23,MBB,5460,5240,5380,5350,4200.9501953125,11421730,61106255500
2017-11-24,MBB,5430,5280,5350,5370,4209.45458984375,4241180,22775136600
2017-11-27,MBB,5420,5280,5380,5280,4149.9267578125,5856930,30924590400
2017-11-28,MBB,5320,5220,5280,5250,4124.4150390625,6224740,32679885000
2017-11-29,MBB,5420,5250,5280,5420,4251.97412109375,5515500,29894010000
2017-11-30,MBB,5570,5430,5430,5550,4354.02197265625,7774150,43146532500
2017-12-01,MBB,5570,5500,5550,5520,4337.013671875,4492440,24798268800
2017-12-04,MBB,5620,5550,5590,5600,4396.54150390625,4978480,27879488000
2017-12-05,MBB,5620,5390,5600,5390,4234.966796875,7829340,42200142600
2017-12-06,MBB,5420,5280,5420,5390,4234.966796875,5999460,32337089400
2017-12-07,MBB,5460,5330,5420,5350,4200.9501953125,2460940,13166029000
2017-12-08,MBB,5430,5320,5380,5390,4234.966796875,2545200,13718628000
2017-12-11,MBB,5370,5190,5340,5190,4081.895751953125,3737190,19396016100
2017-12-12,MBB,5300,4840,5240,5190,4081.895751953125,7834550,40661314500
2017-12-13,MBB,5240,5040,5220,5040,3954.33642578125,2439940,12297297600
2017-12-14,MBB,5240,5040,5070,5190,4081.895751953125,2937360,15244898400
2017-12-15,MBB,5250,5180,5210,5250,4124.4150390625,2556090,13419472500
2017-12-18,MBB,5350,5250,5260,5350,4200.9501953125,4584260,24525791000
2017-12-19,MBB,5370,5280,5340,5320,4175.43896484375,3594180,19121037600
2017-12-20,MBB,5430,5280,5330,5390,4234.966796875,5306880,28604083200
2017-12-21,MBB,5490,5380,5420,5400,4243.470703125,5668610,30610494000
2017-12-22,MBB,5480,5370,5400,5480,4294.494140625,4447860,24374272800
2017-12-25,MBB,5550,5390,5480,5420,4251.97412109375,4188750,22703025000
2017-12-26,MBB,5430,5340,5350,5420,4251.97412109375,5104630,27667094600
2017-12-27,MBB,5500,5390,5420,5430,4268.98291015625,7020370,38120609100
2017-12-28,MBB,5550,5430,5460,5550,4362.525390625,10502260,58287543000
2017-12-29,MBB,5600,5500,5580,5500,4320.005859375,4708670,25897685000
2018-01-02,MBB,5760,5490,5520,5760,4515.5966796875,7863840,45295718400
2018-01-03,MBB,5820,5680,5770,5700,4473.0771484375,7574260,43173282000
2018-01-04,MBB,5760,5670,5730,5710,4481.58154296875,6492090,37069833900
2018-01-05,MBB,5730,5620,5730,5670,4447.5654296875,9788120,55498640400
2018-01-08,MBB,5940,5640,5650,5940,4668.66796875,9182660,54545000400
2018-01-09,MBB,6070,5770,5980,6000,4711.1875,8889960,53339760000
2018-01-10,MBB,6080,5910,5960,6020,4719.69091796875,6605410,39764568200
2018-01-11,MBB,6150,5960,6020,6090,4787.72314453125,9781190,59567447100
2018-01-12,MBB,6240,5940,5960,5960,4677.171875,10971780,65391808800
2018-01-15,MBB,6160,5940,6030,6130,4813.2353515625,6344120,38889455600
2018-01-16,MBB,6180,6030,6180,6180,4855.7548828125,6076720,37554129600
2018-01-17,MBB,6310,6060,6060,6060,4760.203125,9349180,56656030800
2018-01-18,MBB,6180,5940,6020,6180,4864.44189453125,5475130,33836303400
2018-01-19,MBB,6260,6130,6260,6140,4829.6953125,6430290,39481980600
2018-01-22,MBB,6230,6150,6210,6180,4829.6953125,5134220,31729479600
2018-01-25,MBB,6630,6270,6300,6570,5159.78271484375,17433490,114538029300
2018-01-26,MBB,7000,6570,6630,6970,5472.49658203125,8715830,60749335100
2018-01-29,MBB,7420,7050,7050,7320,5750.46435546875,8185590,59918518800
2018-01-30,MBB,7330,7030,7090,7250,5698.34619140625,7215080,52309330000
2018-01-31,MBB,7230,7040,7080,7050,5541.98828125,8488990,59847379500
2018-02-01,MBB,7050,6760,7050,6790,5333.51220703125,5756850,39089011500
2018-02-02,MBB,6980,6760,6790,6850,5385.6318359375,5404660,37021921000
2018-02-05,MBB,6730,6380,6700,6400,5038.1708984375,6608550,42294720000
2018-02-06,MBB,6400,5970,5970,6140,4829.6953125,10584350,64987909000
2018-02-07,MBB,6520,6370,6490,6450,5072.91748046875,4905570,31640926500
2018-02-08,MBB,6440,6260,6400,6260,4916.560546875,1965110,12301588600
2018-02-09,MBB,6400,6020,6030,6380,5020.798828125,4283380,27327964400
2018-02-12,MBB,6830,6520,6630,6830,5368.25927734375,4292020,29314496600
2018-02-13,MBB,7050,6900,6900,6970,5472.49658203125,5007700,34903669000
2018-02-21,MBB,7160,6940,7000,7000,5507.24267578125,4516560,31615920000
2018-02-22,MBB,7120,6850,6850,6970,5481.18310546875,5999410,41815887700
2018-02-23,MBB,7290,6950,6980,7290,5733.09228515625,8690160,63351266400
2018-02-26,MBB,7420,7180,7380,7190,5654.9130859375,8537260,61382899400
2018-02-27,MBB,7270,7110,7230,7250,5698.34619140625,4861880,35248630000
2018-02-28,MBB,7600,7140,7150,7600,5698.34619140625,11967370,90952012000
2018-03-01,MBB,7720,7370,7520,7490,5889.44873046875,7906380,59218786200
2018-03-02,MBB,7560,7340,7360,7560,5941.56787109375,4677470,35361673200
2018-03-05,MBB,7730,7180,7630,7180,5646.22607421875,5883620,42244391600
2018-03-06,MBB,7600,7190,7290,7520,5906.8212890625,6902530,51907025600
2018-03-07,MBB,7590,7180,7540,7290,5733.09228515625,8143710,59367645900
2018-03-08,MBB,7400,7280,7340,7300,5741.7783203125,3877190,28303487000
2018-03-09,MBB,7480,7340,7430,7400,5819.95703125,4015360,29713664000
2018-03-12,MBB,7580,7460,7520,7480,5872.076171875,6581200,49227376000
2018-03-13,MBB,7670,7430,7480,7670,6028.4326171875,6110910,46870679700
2018-03-14,MBB,7820,7670,7760,7690,6045.80615234375,8140500,62600445000
2018-03-15,MBB,8039,7640,7690,7940,6245.59521484375,7349130,58352092200
2018-03-16,MBB,8050,7810,7960,7960,6254.28173828125,5954490,47397740400
2018-03-19,MBB,8100,7890,7960,7930,6236.9091796875,9871700,78282581000
2018-03-20,MBB,8119,7840,7840,8039,6323.77392578125,8627040,69352774560
2018-03-21,MBB,8189,8070,8080,8130,6393.265625,6529480,53084672400
2018-03-22,MBB,8150,7930,8130,7960,6254.28173828125,7030500,55962780000
2018-03-23,MBB,7840,7610,7730,7840,6167.41650390625,9918700,77762608000
2018-03-26,MBB,7910,7760,7760,7910,6219.53564453125,4676310,36989612100
2018-03-27,MBB,8039,7890,8039,7910,6219.53564453125,4895660,38724670600
2018-03-28,MBB,7930,7780,7870,7820,6150.04443359375,4044330,31626660600
2018-03-29,MBB,7890,7630,7890,7780,6115.2978515625,3430140,26686489200
2018-03-30,MBB,7820,7590,7810,7670,6028.4326171875,4708770,36116265900
2018-04-02,MBB,7940,7670,7670,7910,6219.53564453125,4871610,38534435100
2018-04-03,MBB,8109,7910,8000,8109,6375.892578125,9812670,79570941030
2018-04-04,MBB,8280,8070,8180,8070,6341.146484375,7140830,57626498100
2018-04-05,MBB,8150,8050,8150,8109,6375.892578125,4124940,33449138460
2018-04-06,MBB,8189,8080,8150,8080,6358.52001953125,4481390,36209631200
2018-04-09,MBB,8180,7960,8100,8130,6393.265625,7916060,64357567800
2018-04-10,MBB,8260,7930,8150,8080,6349.83349609375,8566280,69215542400
2018-04-11,MBB,8100,7780,8100,7780,6115.2978515625,9924560,77213076800
2018-04-12,MBB,7810,7630,7720,7690,6045.80615234375,7914280,60860813200
2018-04-13,MBB,7810,7320,7760,7320,5750.46435546875,7119030,52111299600
2018-04-16,MBB,7530,7320,7360,7430,5837.32958984375,6959530,51709307900
2018-04-17,MBB,7630,7420,7490,7630,5993.6865234375,4365500,33308765000
2018-04-18,MBB,7670,7430,7660,7430,5846.0166015625,3062200,22752146000
2018-04-19,MBB,7430,7000,7430,7050,5541.98828125,8814380,62141379000
2018-04-20,MBB,7290,7000,7180,7260,5707.0322265625,5581890,40524521400
2018-04-23,MBB,7290,6760,7280,6760,5316.14013671875,8281130,55980438800
2018-04-24,MBB,6880,6540,6700,6750,5307.453125,6262180,42269715000
2018-04-26,MBB,6810,6300,6790,6300,4951.30615234375,7325480,46150524000
2018-04-27,MBB,6630,6300,6300,6610,5194.5283203125,5014890,33148422900
2018-05-02,MBB,6680,6180,6630,6480,5090.291015625,4913120,31837017600
2018-05-03,MBB,6680,6210,6370,6680,5255.333984375,6600090,44088601200
2018-05-04,MBB,6830,6660,6730,6790,5333.51220703125,4187970,28436316300
2018-05-07,MBB,7150,6790,6850,7120,5594.10791015625,5165000,36774800000
2018-05-08,MBB,7140,6940,7080,6970,5472.49658203125,5258130,36649166100
2018-05-09,MBB,7050,6840,6940,6900,5420.3779296875,3695630,25499847000
2018-05-10,MBB,6910,6510,6850,6530,5133.7236328125,5568600,36362958000
2018-05-11,MBB,6750,6390,6480,6750,5307.453125,3364830,22712602500
2018-05-14,MBB,6850,6660,6830,6850,5385.6318359375,2874420,19689777000
2018-05-15,MBB,6970,6790,6820,6850,5385.6318359375,4372350,29950597500
2018-05-16,MBB,6850,6660,6790,6700,5264.0205078125,2470240,16550608000
2018-05-17,MBB,6730,6580,6700,6610,5194.5283203125,3596050,23769890500
2018-05-18,MBB,6700,6340,6630,6700,5264.0205078125,3843160,25749172000
2018-05-21,MBB,6760,6540,6760,6540,5142.4091796875,2709380,17719345200
2018-05-22,MBB,6530,6180,6450,6370,5003.42529296875,5478700,34899319000
2018-05-23,MBB,6520,6270,6300,6480,5090.291015625,3373680,21861446400
2018-05-24,MBB,6570,6370,6480,6460,5081.60400390625,3477030,22461613800
2018-05-25,MBB,6530,6240,6460,6240,4899.1875,3662460,22853750400
2018-05-28,MBB,6240,5800,6090,5810,4569.1005859375,8792650,51085296500
2018-05-29,MBB,6210,5810,5920,6210,4881.81494140625,6324560,39275517600
2018-05-30,MBB,6270,6060,6180,6080,4786.26318359375,3887350,23635088000
2018-05-31,MBB,6440,6060,6060,6430,5055.54443359375,4835220,31090464600
2018-06-01,MBB,6570,6340,6380,6460,5081.60400390625,6566120,42417135200
2018-06-04,MBB,6730,6400,6430,6730,5290.08056640625,6752680,45445536400
2018-06-05,MBB,6810,6580,6710,6730,5290.08056640625,5432150,36558369500
2018-06-06,MBB,6790,6610,6660,6750,5307.453125,7349580,49609665000
2018-06-07,MBB,6940,6760,6810,6830,5368.25927734375,9375250,64032957500
2018-06-08,MBB,6850,6630,6710,6790,5342.19921875,4837090,32843841100
2018-06-11,MBB,6880,6680,6710,6700,5264.0205078125,5690700,38127690000
2018-06-12,MBB,6660,6330,6630,6510,5116.349609375,11024280,71768062800
2018-06-13,MBB,6570,6370,6490,6520,5125.0361328125,4113320,26818846400
2018-06-14,MBB,6540,6330,6520,6330,4968.67919921875,3076350,19473295500
2018-06-15,MBB,6520,6260,6260,6490,5107.6640625,3783790,24556797100
2018-06-18,MBB,6550,6160,6510,6180,4864.44189453125,5709530,35284895400
2018-06-19,MBB,6110,5770,6080,6080,4777.576171875,8201500,49865120000
2018-06-20,MBB,6240,6050,6140,6160,4847.06787109375,4821720,29701795200
2018-06-21,MBB,6160,5970,6160,5990,4708.08447265625,2531790,15165422100
2018-06-22,MBB,6160,5880,5940,6160,4847.06787109375,3260850,20086836000
2018-06-25,MBB,6330,6190,6240,6240,4899.1875,3920670,24464980800
2018-06-26,MBB,6210,6080,6130,6160,4847.06787109375,2518670,15515007200
2018-06-27,MBB,6210,6030,6180,6030,4742.83056640625,2268810,13680924300
2018-06-28,MBB,6030,5810,5940,5850,4603.8466796875,5509580,32231043000
2018-06-29,MBB,5940,5770,5850,5790,4551.7275390625,3536370,20475582300
2018-07-02,MBB,5780,5460,5660,5490,4317.19140625,5980920,32835250800
2018-07-03,MBB,5550,5180,5500,5180,4073.97021484375,6589280,34132470400
2018-07-04,MBB,5310,5170,5300,5280,4152.1484375,3296640,17406259200
2018-07-05,MBB,5330,4980,5280,4980,3917.61328125,4551160,22664776800
2018-07-06,MBB,5330,4980,5040,5330,4186.4599609375,5396790,28764890700
2018-07-09,MBB,5560,5300,5480,5370,4217.470703125,4211630,22616453100
2018-07-10,MBB,5510,5370,5460,5420,4258.818359375,3230360,17508551200
2018-07-11,MBB,5280,5070,5200,5100,4010.73193359375,5391670,27497517000
2018-07-12,MBB,5420,5090,5130,5310,4176.123046875,3513360,18655941600
2018-07-13,MBB,5550,5380,5440,5480,4300.166015625,5879910,32221906800
2018-07-16,MBB,5690,5530,5610,5630,4424.2099609375,6714400,37802072000
2018-07-17,MBB,5910,5520,5530,5880,4620.61083984375,6053540,35594815200
2018-07-18,MBB,6090,5890,5900,6080,4775.66552734375,6039310,36719004800
2018-07-19,MBB,6080,5910,6050,5940,4672.2958984375,7108670,42225499800
2018-07-20,MBB,6180,5780,5890,6120,4817.01318359375,8819980,53978277600
2018-07-23,MBB,6240,6010,6110,6010,4723.98046875,5955890,35794898900
2018-07-24,MBB,6060,5830,5980,5940,4723.98046875,4719580,28034305200
2018-07-25,MBB,6030,5780,6000,5780,4548.25244140625,5504560,31816356800
2018-07-26,MBB,5910,5690,5780,5910,4651.62255859375,4373190,25845552900
2018-07-27,MBB,6110,5900,5960,6050,4754.99072265625,7217640,43666722000
2018-07-30,MBB,6180,6080,6120,6180,4858.36083984375,4117610,25446829800
2018-07-31,MBB,6280,6050,6090,6170,4848.02392578125,6223030,38396095100
2018-08-01,MBB,6210,6030,6120,6080,4775.66552734375,4816740,29285779200
2018-08-02,MBB,6060,5890,6060,6030,4744.654296875,5106090,30789722700
2018-08-03,MBB,6170,6030,6090,6080,4775.66552734375,4463490,27138019200
2018-08-06,MBB,6120,5980,6030,6010,4723.98046875,3458140,20783421400
2018-08-07,MBB,6110,5940,6000,6000,4713.6435546875,4094050,24564300000
2018-08-08,MBB,6180,6010,6050,6120,4817.01318359375,5287700,32360724000
2018-08-09,MBB,6270,6080,6220,6080,4786.0029296875,6673750,40576400000
2018-08-10,MBB,6110,6030,6080,6110,4806.6767578125,4502690,27511435900
2018-08-13,MBB,6400,6060,6080,6400,5034.0888671875,12961940,82956416000
2018-08-14,MBB,6450,6270,6400,6270,4930.71923828125,6323050,39645523500
2018-08-15,MBB,6370,6120,6280,6120,4817.01318359375,10837570,66325928400
2018-08-16,MBB,6240,6000,6050,6240,4899.70849609375,7552020,47124604800
2018-08-17,MBB,6300,6150,6280,6150,4837.68701171875,4898520,30125898000
2018-08-20,MBB,6190,6030,6150,6030,4734.3173828125,5175120,31205973600
2018-08-21,MBB,6170,6010,6010,6170,4848.02392578125,5127320,31635564400
2018-08-22,MBB,6240,6120,6240,6150,4837.68701171875,5422380,33347637000
2018-08-23,MBB,6190,6120,6150,6170,4848.02392578125,3718100,22940677000
2018-08-24,MBB,6240,6050,6180,6180,4858.36083984375,6570400,40605072000
2018-08-27,MBB,6360,6190,6240,6280,4941.05615234375,11328550,71143294000
2018-08-28,MBB,6370,6270,6330,6280,4941.05615234375,6161990,38697297200
2018-08-29,MBB,6300,6220,6280,6240,4910.044921875,4080410,25461758400
2018-08-30,MBB,6360,6220,6240,6330,4982.404296875,6520160,41272612800
2018-08-31,MBB,6420,6240,6370,6240,4899.70849609375,6531540,40756809600
2018-09-04,MBB,6240,6080,6210,6080,4775.66552734375,6862680,41725094400
2018-09-05,MBB,6090,5940,6050,5980,4703.30712890625,7095770,42432704600
2018-09-06,MBB,6030,5880,5980,5900,4641.28564453125,4313740,25451066000
2018-09-07,MBB,6010,5890,5900,6010,4723.98046875,3703440,22257674400
2018-09-10,MBB,6030,5930,6010,5960,4682.6328125,2735620,16304295200
2018-09-11,MBB,6050,5940,5960,6050,4754.99072265625,3731660,22576543000
2018-09-12,MBB,6090,5980,6080,5980,4703.30712890625,3318140,19842477200
2018-09-13,MBB,6080,5980,6030,6000,4713.6435546875,3451510,20709060000
2018-09-14,MBB,6030,5890,6000,5940,4672.2958984375,10570970,62791561800
2018-09-17,MBB,5940,5780,5910,5810,4568.9267578125,8461690,49162418900
2018-09-18,MBB,5820,5710,5730,5810,4568.9267578125,5675280,32973376800
2018-09-19,MBB,5930,5810,5810,5890,4630.9482421875,5657510,33322733900
2018-09-20,MBB,5970,5880,5890,5940,4672.2958984375,4036940,23979423600
2018-09-21,MBB,6060,5930,5970,6030,4744.654296875,8952940,53986228200
2018-09-24,MBB,6150,6080,6080,6090,4796.33984375,6826500,41573385000
2018-09-25,MBB,6120,6030,6090,6030,4734.3173828125,5973420,36019722600
2018-09-26,MBB,6110,6000,6010,6050,4754.99072265625,5566750,33678837500
2018-09-27,MBB,6080,6030,6080,6050,4754.99072265625,4363390,26398509500
2018-09-28,MBB,6150,6030,6050,6080,4775.66552734375,7395590,44965187200
2018-10-01,MBB,6150,6030,6080,6080,4775.66552734375,5220190,31738755200
2018-10-02,MBB,6080,6010,6080,6030,4734.3173828125,4892350,29500870500
2018-10-03,MBB,6080,6030,6030,6080,4775.66552734375,3420120,20794329600
2018-10-04,MBB,6390,6090,6110,6310,4961.72998046875,21454340,135376885400
2018-10-05,MBB,6370,6240,6310,6240,4899.70849609375,7423070,46319956800
2018-10-08,MBB,6270,6180,6210,6240,4910.044921875,5122700,31965648000
2018-10-09,MBB,6270,6060,6240,6060,4765.328125,12851160,77878029600
2018-10-10,MBB,6030,5900,6030,5980,4703.30712890625,11204970,67005720600
2018-10-11,MBB,5830,5590,5780,5590,4393.19921875,10786560,60296870400
2018-10-12,MBB,5780,5520,5520,5730,4506.9052734375,8482230,48603177900
2018-10-15,MBB,5760,5600,5760,5600,4403.5361328125,4251170,23806552000
2018-10-16,MBB,5760,5600,5600,5730,4496.568359375,3525870,20203235100
2018-10-17,MBB,5810,5670,5780,5690,4475.8935546875,7054300,40138967000
2018-10-18,MBB,5690,5560,5690,5560,4372.52490234375,4181130,23247082800
2018-10-19,MBB,5610,5440,5480,5520,4341.51416015625,4184120,23096342400
2018-10-22,MBB,5710,5550,5670,5550,4362.18798828125,3925760,21787968000
2018-10-23,MBB,5680,5480,5550,5630,4424.2099609375,7564000,42585320000
2018-10-24,MBB,5680,5530,5630,5530,4351.85107421875,3211900,17761807000
2018-10-25,MBB,5530,5350,5370,5520,4341.51416015625,5386150,29731548000
2018-10-26,MBB,5640,5490,5580,5530,4351.85107421875,5230060,28922231800
2018-10-29,MBB,5600,5510,5520,5590,4393.19921875,3861530,21585952700
2018-10-30,MBB,5710,5560,5590,5610,4413.87255859375,5457910,30618875100
2018-10-31,MBB,5760,5650,5710,5760,4527.578125,5037930,29018476800
2018-11-01,MBB,5760,5650,5730,5650,4444.8837890625,2787460,15749149000
2018-11-02,MBB,5820,5670,5710,5730,4506.9052734375,4290860,24586627800
2018-11-05,MBB,5780,5670,5710,5750,4517.24169921875,3077230,17694072500
2018-11-06,MBB,5780,5650,5780,5650,4444.8837890625,3581010,20232706500
2018-11-07,MBB,5690,5610,5690,5650,4444.8837890625,2783650,15727622500
2018-11-08,MBB,5730,5630,5730,5630,4424.2099609375,2147700,12091551000
2018-11-09,MBB,5640,5480,5640,5490,4320.83984375,4471580,24548974200
2018-11-12,MBB,5510,5380,5380,5480,4300.166015625,1643350,9005558000
2018-11-13,MBB,5440,5370,5380,5400,4248.4814453125,2827250,15267150000
2018-11-14,MBB,5440,5280,5400,5330,4186.4599609375,3922210,20905379300
2018-11-15,MBB,5490,5330,5330,5380,4227.8076171875,3299020,17748727600
2018-11-16,MBB,5610,5440,5440,5590,4393.19921875,5174300,28924337000
2018-11-19,MBB,5610,5520,5590,5600,4403.5361328125,3227780,18075568000
2018-11-20,MBB,5580,5490,5530,5550,4362.18798828125,3828300,21247065000
2018-11-21,MBB,5610,5490,5490,5610,4413.87255859375,5091520,28563427200
2018-11-22,MBB,5630,5560,5600,5580,4382.86181640625,4180020,23324511600
2018-11-23,MBB,5580,5510,5580,5510,4331.1767578125,4104800,22617448000
2018-11-26,MBB,5510,5480,5510,5480,4300.166015625,2628870,14406207600
2018-11-27,MBB,5520,5400,5510,5430,4269.15478515625,4043460,21955987800
2018-11-28,MBB,5480,5420,5440,5480,4310.5029296875,2219320,12161873600
2018-11-29,MBB,5550,5480,5480,5490,4320.83984375,4283920,23518720800
2018-11-30,MBB,5780,5480,5480,5670,4455.22021484375,19573090,110979420300
2018-12-03,MBB,5830,5690,5690,5820,4579.263671875,10288180,59877207600
2018-12-04,MBB,5830,5760,5810,5780,4548.25244140625,7706990,44546402200
2018-12-05,MBB,5890,5670,5710,5830,4589.6005859375,12889350,75144910500
2018-12-06,MBB,5940,5800,5830,5910,4651.62255859375,16303360,96352857600
2018-12-07,MBB,6030,5910,5930,5910,4651.62255859375,11401520,67382983200
2018-12-10,MBB,5900,5780,5860,5810,4568.9267578125,7878260,45772690600
2018-12-11,MBB,5860,5760,5820,5850,4599.93798828125,8853930,51795490500
2018-12-12,MBB,5930,5850,5850,5910,4599.93798828125,6202910,36659198100
2018-12-13,MBB,5960,5830,5940,5830,4589.6005859375,6756620,39391094600
2018-12-14,MBB,5820,5710,5810,5730,4506.9052734375,8480850,48595270500
2018-12-17,MBB,5710,5590,5680,5590,4393.19921875,9396020,52523751800
2018-12-18,MBB,5600,5480,5490,5600,4403.5361328125,8851800,49570080000
2018-12-19,MBB,5600,5490,5600,5560,4372.52490234375,6094820,33887199200
2018-12-20,MBB,5590,5490,5530,5510,4331.1767578125,3789140,20878161400
2018-12-21,MBB,5510,5430,5480,5510,4331.1767578125,4783190,26355376900
2018-12-24,MBB,5530,5380,5490,5380,4227.8076171875,4256860,22901906800
2018-12-25,MBB,5280,5090,5220,5180,4072.75341796875,10259870,53146126600
2018-12-26,MBB,5230,5160,5190,5160,4052.080078125,2698340,13923434400
2018-12-27,MBB,5280,5140,5250,5180,4072.75341796875,5295110,27428669800
2018-12-28,MBB,5230,5120,5230,5120,4072.75341796875,5398870,27642214400
2019-01-02,MBB,5180,5090,5130,5090,4000.39501953125,3645490,18555544100
2019-01-03,MBB,5100,4870,5100,4870,3824.6669921875,8560650,41690365500
2019-01-04,MBB,4970,4740,4830,4890,3845.34130859375,6057970,29623473300
2019-01-07,MBB,5070,4970,4990,4980,3917.69970703125,4139200,20613216000
2019-01-08,MBB,5020,4930,4990,4950,3897.025390625,3172190,15702340500
2019-01-09,MBB,5120,4980,4990,5090,4000.39501953125,5914110,30102819900
2019-01-10,MBB,5130,5070,5090,5090,4000.39501953125,2885650,14687958500
2019-01-11,MBB,5120,5040,5090,5070,3979.72119140625,3326770,16866723900
2019-01-14,MBB,5080,4970,5040,4990,3928.0361328125,4754200,23723458000
2019-01-15,MBB,5180,4990,4990,5130,4031.40576171875,5908240,30309271200
2019-01-16,MBB,5190,5090,5160,5120,4021.06884765625,2505890,12830156800
2019-01-17,MBB,5250,5120,5120,5190,4083.09033203125,6675580,34646260200
2019-01-18,MBB,5230,5160,5220,5190,4083.09033203125,3041270,15784191300
2019-01-21,MBB,5550,5340,5380,5520,4341.51416015625,9970870,55039202400
2019-01-22,MBB,5530,5420,5520,5420,4258.818359375,5700760,30898119200
2019-01-23,MBB,5480,5380,5400,5440,4279.4921875,2458540,13374457600
2019-01-24,MBB,5580,5440,5460,5580,4382.86181640625,4912140,27409741200
2019-01-25,MBB,5600,5530,5580,5560,4372.52490234375,3310930,18408770800
2019-01-28,MBB,5580,5510,5550,5530,4351.85107421875,2873640,15891229200
2019-01-29,MBB,5610,5480,5520,5600,4403.5361328125,3966560,22212736000
2019-01-30,MBB,5750,5580,5600,5730,4506.9052734375,6716410,38485029300
2019-01-31,MBB,5820,5750,5780,5760,4527.578125,7340190,42279494400
2019-02-01,MBB,5780,5710,5730,5750,4517.24169921875,3947520,22698240000
2019-02-11,MBB,5810,5760,5780,5800,4558.58935546875,4238890,24585562000
2019-02-12,MBB,5820,5710,5820,5780,4548.25244140625,8163220,47183411600
2019-02-13,MBB,5810,5780,5780,5780,4548.25244140625,7793680,45047470400
2019-02-14,MBB,5810,5780,5780,5810,4568.9267578125,5052420,29354560200
2019-02-15,MBB,5820,5780,5810,5800,4558.58935546875,4795580,27814364000
2019-02-18,MBB,5830,5800,5810,5810,4558.58935546875,6665490,38726496900
2019-02-19,MBB,5810,5760,5810,5780,4537.91552734375,13646940,78879313200
2019-02-20,MBB,5800,5730,5730,5800,4558.58935546875,9694170,56226186000
2019-02-21,MBB,5810,5780,5780,5810,4568.9267578125,7998970,46474015700
2019-02-22,MBB,6030,5780,5810,5910,4651.62255859375,7449760,44028081600
2019-02-25,MBB,6000,5900,5940,5900,4641.28564453125,4963740,29286066000
2019-02-26,MBB,5900,5800,5900,5800,4558.58935546875,6790020,39382116000
2019-02-27,MBB,5830,5780,5800,5800,4558.58935546875,11767870,68253646000
2019-02-28,MBB,5800,5650,5780,5650,4444.8837890625,5837530,32982044500
2019-03-01,MBB,5750,5670,5690,5730,4506.9052734375,2610160,14956216800
2019-03-04,MBB,5820,5730,5730,5820,4579.263671875,3669110,21354220200
2019-03-05,MBB,5890,5800,5800,5820,4579.263671875,4786880,27859641600
2019-03-06,MBB,5860,5780,5820,5820,4579.263671875,2290120,13328498400
2019-03-07,MBB,5860,5810,5820,5830,4589.6005859375,3164810,18450842300
2019-03-08,MBB,5810,5730,5780,5750,4589.6005859375,3277410,18845107500
2019-03-11,MBB,5780,5730,5780,5730,4506.9052734375,1529570,8764436100
2019-03-12,MBB,5940,5710,5780,5930,4661.958984375,6797420,40308700600
2019-03-13,MBB,6000,5910,5930,5940,4672.2958984375,6024410,35784995400
2019-03-14,MBB,6000,5910,5970,5910,4651.62255859375,3449490,20386485900
2019-03-15,MBB,5970,5880,5910,5910,4651.62255859375,3224510,19056854100
2019-03-18,MBB,6000,5910,5940,5980,4703.30712890625,4746380,28383352400
2019-03-19,MBB,6060,5940,6010,5960,4682.6328125,6440360,38384545600
2019-03-20,MBB,6030,5910,5970,6030,4744.654296875,7979570,48116807100
2019-03-21,MBB,6120,6000,6080,6000,4713.6435546875,7803030,46818180000
2019-03-22,MBB,6080,5980,6030,6030,4734.3173828125,4103480,24743984400
2019-03-25,MBB,5930,5800,5890,5820,4579.263671875,6612290,38483527800
2019-03-26,MBB,5910,5820,5860,5820,4579.263671875,4295110,24997540200
2019-03-27,MBB,5940,5830,5830,5890,4630.9482421875,2467890,14535872100
2019-03-28,MBB,5910,5860,5860,5890,4630.9482421875,1745830,10282938700
2019-03-29,MBB,5930,5880,5900,5890,4630.9482421875,2490290,14667808100
2019-04-01,MBB,5930,5860,5900,5890,4630.9482421875,1776460,10463349400
2019-04-02,MBB,5940,5880,5930,5900,4641.28564453125,3130520,18470068000
2019-04-03,MBB,5930,5880,5880,5910,4651.62255859375,3310860,19567182600
2019-04-04,MBB,5980,5930,5940,5960,4682.6328125,3205590,19105316400
2019-04-05,MBB,6050,5980,6040,5980,4703.8701171875,2881150,17229277000
2019-04-08,MBB,6040,5960,5980,6040,4746.3427734375,3341370,20181874800
2019-04-09,MBB,6070,5970,6050,6020,4725.1064453125,2979710,17937854200
2019-04-10,MBB,6000,5910,5960,5930,4661.396484375,2369220,14049474600
2019-04-11,MBB,5960,5900,5930,5940,4672.01513671875,1402860,8332988400
2019-04-12,MBB,5970,5900,5970,5910,4650.7783203125,1062400,6278784000
2019-04-16,MBB,5850,5770,5770,5810,4565.83251953125,2831820,16452874200
2019-04-17,MBB,5880,5810,5850,5810,4565.83251953125,2736060,15896508600
2019-04-18,MBB,5900,5780,5810,5820,4576.45068359375,3913100,22774242000
2019-04-19,MBB,5850,5790,5830,5830,4587.0693359375,1796860,10475693800
2019-04-22,MBB,5850,5720,5850,5780,4544.595703125,2986120,17259773600
2019-04-23,MBB,5790,5730,5760,5760,4523.35986328125,2007220,11561587200
2019-04-24,MBB,5810,5760,5770,5810,4565.83251953125,1572500,9136225000
2019-04-25,MBB,5830,5780,5810,5810,4565.83251953125,1119690,6505398900
2019-04-26,MBB,5880,5780,5810,5880,4629.5419921875,2171040,12765715200
2019-05-02,MBB,5970,5880,5900,5910,4650.7783203125,2927500,17301525000
2019-05-03,MBB,5980,5850,5910,5970,4693.25146484375,3621700,21621549000
2019-05-06,MBB,5880,5770,5880,5810,4565.83251953125,3476990,20201311900
2019-05-07,MBB,5850,5790,5850,5790,4555.21435546875,1289310,7465104900
2019-05-08,MBB,5790,5700,5700,5760,4523.35986328125,2565890,14779526400
2019-05-09,MBB,5790,5610,5760,5670,4459.65087890625,4125520,23391698400
2019-05-10,MBB,5730,5610,5670,5640,4438.4140625,3157000,17805480000
2019-05-13,MBB,5770,5630,5660,5740,4512.74169921875,2834730,16271350200
2019-05-14,MBB,5760,5670,5670,5760,4523.35986328125,1522450,8769312000
2019-05-15,MBB,5830,5740,5740,5790,4555.21435546875,2589070,14990715300
2019-05-16,MBB,5810,5760,5810,5760,4523.35986328125,1557280,8969932800
2019-05-17,MBB,5780,5700,5760,5730,4502.12353515625,1490020,8537814600
2019-05-20,MBB,5770,5680,5680,5720,4491.50537109375,2578400,14748448000
2019-05-21,MBB,5780,5720,5730,5760,4523.35986328125,2361180,13600396800
2019-05-22,MBB,5900,5740,5820,5820,4576.45068359375,4816550,28032321000
2019-05-23,MBB,5880,5810,5810,5850,4597.6875,1844140,10788219000
2019-05-24,MBB,5850,5770,5850,5770,4533.978515625,2667900,15393783000
2019-05-27,MBB,5780,5740,5770,5760,4523.35986328125,1485860,8558553600
2019-05-28,MBB,5780,5730,5760,5770,4533.978515625,1653300,9539541000
2019-05-29,MBB,5770,5720,5770,5730,4502.12353515625,1497840,8582623200
2019-05-30,MBB,5770,5700,5700,5720,4491.50537109375,1292040,7390468800
2019-05-31,MBB,5730,5630,5700,5630,4427.79541015625,2357400,13272162000
2019-06-03,MBB,5610,5490,5590,5490,4321.6142578125,2176820,11950741800
2019-06-04,MBB,5530,5480,5520,5490,4321.6142578125,1469890,8069696100
2019-06-05,MBB,5560,5480,5530,5480,4300.37744140625,1775340,9728863200
2019-06-06,MBB,5530,5430,5480,5460,4289.75927734375,1801840,9838046400
2019-06-07,MBB,5550,5490,5490,5550,4364.0859375,1054870,5854528500
2019-06-10,MBB,5630,5530,5610,5560,4374.70458984375,1591790,8850352400
2019-06-11,MBB,5610,5560,5560,5590,4395.94091796875,1066350,5960896500
2019-06-12,MBB,5610,5560,5580,5560,4374.70458984375,875510,4867835600
2019-06-13,MBB,5580,5510,5530,5560,4374.70458984375,866620,4818407200
2019-06-14,MBB,5660,5550,5560,5590,4395.94091796875,1524350,8521116500
2019-06-17,MBB,5630,5580,5610,5590,4395.94091796875,1361110,7608604900
2019-06-18,MBB,5610,5560,5590,5560,4374.70458984375,736810,4096663600
2019-06-19,MBB,5610,5560,5580,5580,4385.32275390625,1271670,7095918600
2019-06-20,MBB,5760,5580,5580,5760,4523.35986328125,2947050,16975008000
2019-06-21,MBB,5790,5730,5760,5760,4523.35986328125,2152330,12397420800
2019-06-24,MBB,5770,5730,5760,5760,4523.35986328125,1509130,8692588800
2019-06-25,MBB,5760,5680,5740,5700,4480.88720703125,1327160,7564812000
2019-06-26,MBB,5730,5630,5680,5630,4427.79541015625,2787110,15691429300
2019-06-27,MBB,5670,5560,5630,5560,4374.70458984375,2134180,11866040800
2019-06-28,MBB,5640,5510,5590,5640,4438.4140625,2436860,13743890400
2019-07-01,MBB,5730,5660,5670,5720,4491.50537109375,2287500,13084500000
2019-07-02,MBB,5760,5670,5720,5720,4491.50537109375,2059740,11781712800
2019-07-03,MBB,5720,5640,5700,5670,4459.65087890625,1836080,10410573600
2019-07-04,MBB,5760,5680,5720,5720,4491.50537109375,2990860,17107719200
2019-07-05,MBB,5780,5730,5730,5760,4523.35986328125,2644580,15232780800
2019-07-08,MBB,5780,5670,5740,5700,4480.88720703125,2397440,13665408000
2019-07-09,MBB,5740,5670,5700,5730,4480.88720703125,1687150,9667369500
2019-07-10,MBB,5790,5700,5760,5700,4480.88720703125,2550800,14539560000
2019-07-11,MBB,5790,5700,5730,5780,4544.595703125,2732500,15793850000
2019-07-12,MBB,5880,5770,5790,5770,4533.978515625,5292040,30535070800
2019-07-15,MBB,5810,5740,5790,5790,4555.21435546875,2869250,16612957500
2019-07-16,MBB,5930,5820,5820,5880,4618.923828125,4957340,29149159200
2019-07-17,MBB,6000,5850,5880,5970,4693.25146484375,8006500,47798805000
2019-07-18,MBB,6000,5910,5910,6000,4714.48828125,5142150,30852900000
2019-07-19,MBB,6070,6000,6050,6000,4714.48828125,4650480,27902880000
2019-07-22,MBB,6100,5980,6030,6000,4714.48828125,5785830,34714980000
2019-07-23,MBB,6150,5980,6030,6130,4820.66943359375,7265310,44536350300
2019-07-24,MBB,6210,6100,6150,6100,4799.4326171875,5461810,33317041000
2019-07-25,MBB,6150,6040,6080,6050,4799.4326171875,5063140,30631997000
2019-07-26,MBB,6070,6000,6050,6040,4799.4326171875,4449350,26874074000
2019-07-29,MBB,6080,6030,6050,6070,4799.4326171875,4606870,27963700900
2019-07-30,MBB,6100,5900,6070,5900,4799.4326171875,4153160,24503644000
2019-07-31,MBB,6000,5880,5900,6000,4714.48828125,3870500,23223000000
2019-08-01,MBB,5980,5910,5970,5940,4672.01513671875,1936680,11503879200
2019-08-02,MBB,5970,5850,5850,5930,4661.396484375,3510760,20818806800
2019-08-05,MBB,5930,5850,5910,5880,4629.5419921875,3202810,18832522800
2019-08-06,MBB,5830,5760,5810,5770,4629.5419921875,3904110,22526714700
2019-08-07,MBB,5820,5740,5810,5760,4523.35986328125,1722650,9922464000
2019-08-08,MBB,5880,5760,5790,5830,4587.0693359375,3137090,18289234700
2019-08-09,MBB,5880,5790,5850,5790,4587.0693359375,1671670,9678969300
2019-08-12,MBB,5930,5810,5830,5910,4650.7783203125,4088380,24162325800
2019-08-13,MBB,6030,5850,5880,6000,4714.48828125,4397540,26385240000
2019-08-14,MBB,6100,6030,6080,6030,4735.724609375,3081920,18583977600
2019-08-15,MBB,6030,5900,5940,6030,4735.724609375,3102350,18707170500
2019-08-16,MBB,6100,6020,6030,6050,4735.724609375,4197650,25395782500
2019-08-19,MBB,6100,5960,6070,5960,4735.724609375,2745720,16364491200
2019-08-20,MBB,6040,5960,5970,5980,4703.8701171875,2713290,16225474200
2019-08-21,MBB,6130,6000,6030,6080,4778.19677734375,6149430,37388534400
2019-08-22,MBB,6180,6090,6130,6090,4788.81494140625,4777090,29092478100
2019-08-23,MBB,6150,6080,6130,6120,4810.05126953125,2872280,17578353600
2019-08-26,MBB,6290,6040,6070,6290,4948.08837890625,14681280,92345251200
2019-08-27,MBB,6410,6260,6350,6290,4948.08837890625,11416330,71808715700
2019-08-28,MBB,6330,6230,6290,6310,4958.70703125,4764090,30061407900
2019-08-29,MBB,6330,6210,6330,6310,4958.70703125,4840040,30540652400
2019-08-30,MBB,6330,6240,6310,6240,4905.6162109375,3983320,24855916800
2019-09-03,MBB,6330,6150,6260,6150,4841.90625,8721400,53636610000
2019-09-04,MBB,6210,6120,6260,6210,4884.37890625,3301830,20504364300
2019-09-05,MBB,6240,6100,6230,6100,4799.4326171875,3610490,22023989000
2019-09-06,MBB,6130,6080,6100,6100,4799.4326171875,3080740,18792514000
2019-09-09,MBB,6150,6090,6130,6100,4799.4326171875,2038830,12436863000
2019-09-10,MBB,6180,6090,6100,6090,4788.81494140625,4816100,29330049000
2019-09-11,MBB,6130,6090,6120,6120,4810.05126953125,1890210,11568085200
2019-09-12,MBB,6240,6130,6130,6240,4905.6162109375,4676890,29183793600
2019-09-13,MBB,6350,6200,6240,6290,4948.08837890625,7475360,47020014400
2019-09-16,MBB,6390,6280,6290,6330,4969.3251953125,4657200,29480076000
2019-09-17,MBB,6330,6240,6290,6290,4948.08837890625,4455690,28026290100
2019-09-18,MBB,6450,6370,6440,6370,5295.46435546875,6704310,42706454700
2019-09-19,MBB,6410,6360,6380,6410,5331.8173828125,2917900,18703739000
2019-09-20,MBB,6480,6410,6410,6420,5343.935546875,4001720,25691042400
2019-09-23,MBB,6490,6410,6420,6420,5343.935546875,3819650,24522153000
2019-09-24,MBB,6450,6380,6440,6450,5368.1708984375,3809440,24570888000
2019-09-25,MBB,6450,6390,6420,6450,5368.1708984375,3578550,23081647500
2019-09-26,MBB,6580,6450,6450,6580,5477.23095703125,4386550,28863499000
2019-09-27,MBB,6630,6550,6580,6620,5501.46630859375,4304970,28498901400
2019-09-30,MBB,6710,6630,6630,6650,5525.70166015625,6427610,42743606500
2019-10-01,MBB,6710,6630,6670,6710,5586.291015625,3865580,25938041800
2019-10-02,MBB,6740,6650,6690,6700,5574.17333984375,5625300,37689510000
2019-10-03,MBB,6690,6600,6650,6690,5562.0556640625,6146570,41120553300
2019-10-04,MBB,6700,6600,6700,6600,5489.3486328125,4861060,32082996000
2019-10-07,MBB,6650,6530,6620,6530,5428.759765625,5131450,33508368500
2019-10-08,MBB,6620,6510,6510,6620,5501.46630859375,4917580,32554379600
2019-10-09,MBB,6670,6580,6600,6670,5549.9375,3678530,24535795100
2019-10-10,MBB,6690,6630,6670,6630,5513.583984375,3055770,20259755100
2019-10-11,MBB,6670,6620,6650,6630,5513.583984375,2300530,15252513900
2019-10-14,MBB,6930,6700,6700,6830,5683.232421875,11798280,80582252400
2019-10-15,MBB,6870,6790,6870,6800,5658.9970703125,3774100,25663880000
2019-10-16,MBB,6880,6790,6830,6790,5646.87939453125,2938290,19950989100
2019-10-17,MBB,6790,6730,6790,6760,5622.6435546875,5315090,35930008400
2019-10-18,MBB,6800,6690,6780,6700,5574.17333984375,4079020,27329434000
2019-10-21,MBB,6700,6580,6670,6600,5489.3486328125,4882340,32223444000
2019-10-22,MBB,6690,6600,6600,6660,5537.8203125,2107600,14036616000
2019-10-23,MBB,6670,6650,6670,6670,5549.9375,1503790,10030279300
2019-10-24,MBB,6710,6660,6670,6690,5562.0556640625,3636850,24330526500
2019-10-25,MBB,6780,6660,6690,6760,5622.6435546875,3751120,25357571200
2019-10-28,MBB,6820,6700,6780,6700,5574.17333984375,2085490,13972783000
2019-10-29,MBB,6730,6660,6700,6660,5537.8203125,2922370,19462984200
2019-10-30,MBB,6730,6650,6660,6710,5586.291015625,3617120,24270875200
2019-10-31,MBB,6740,6670,6700,6700,5574.17333984375,1785050,11959835000
2019-11-01,MBB,6760,6660,6700,6690,5562.0556640625,4031340,26969664600
2019-11-04,MBB,6820,6690,6700,6790,5646.87939453125,7129260,48407675400
2019-11-05,MBB,6820,6760,6790,6780,5634.76171875,3211270,21772410600
2019-11-06,MBB,6970,6780,6790,6870,5707.46826171875,10894700,74846589000
2019-11-07,MBB,6910,6820,6880,6850,5695.3505859375,6014090,41196516500
2019-11-08,MBB,6890,6800,6870,6820,5671.115234375,7115080,48524845600
2019-11-11,MBB,6950,6800,6910,6830,5683.232421875,13607900,92941957000
2019-11-12,MBB,6850,6790,6830,6790,5646.87939453125,4429160,30073996400
2019-11-13,MBB,6830,6740,6800,6780,5634.76171875,4652680,31545170400
2019-11-14,MBB,6780,6660,6780,6690,5562.0556640625,7294520,48800338800
2019-11-15,MBB,6690,6620,6690,6630,5513.583984375,5963420,39537474600
2019-11-18,MBB,6660,6580,6620,6580,5477.23095703125,3809480,25066378400
2019-11-19,MBB,6630,6550,6580,6630,5513.583984375,2524600,16738098000
2019-11-20,MBB,6650,6570,6620,6580,5477.23095703125,2087190,13733710200
2019-11-21,MBB,6600,6440,6570,6530,5428.759765625,6245670,40784225100
2019-11-22,MBB,6620,6440,6580,6510,5416.6416015625,5202380,33867493800
2019-11-25,MBB,6550,6470,6510,6530,5428.759765625,3690920,24101707600
2019-11-26,MBB,6620,6530,6570,6600,5489.3486328125,2953980,19496268000
2019-11-27,MBB,6650,6540,6600,6580,5477.23095703125,1598060,10515234800
2019-11-28,MBB,6600,6440,6570,6440,5356.05322265625,2977410,19174520400
2019-11-29,MBB,6470,6380,6450,6450,5368.1708984375,1973140,12726753000
2019-12-02,MBB,6510,6240,6450,6240,5186.40478515625,3459040,21584409600
2019-12-03,MBB,6330,6150,6240,6280,5186.40478515625,3265060,20504576800
2019-12-04,MBB,6470,6240,6330,6470,5186.40478515625,3015290,19508926300
2019-12-05,MBB,6480,6360,6470,6370,5186.40478515625,1745780,11120618600
2019-12-06,MBB,6380,6330,6360,6370,5295.46435546875,1331500,8481655000
2019-12-09,MBB,6370,6240,6370,6250,5198.52197265625,4157170,25982312500
2019-12-10,MBB,6250,6150,6240,6150,5113.6982421875,4244930,26106319500
2019-12-11,MBB,6360,6150,6180,6360,5283.34716796875,3506380,22300576800
2019-12-12,MBB,6420,6330,6360,6360,5283.34716796875,2760040,17553854400
2019-12-13,MBB,6390,6290,6380,6360,5283.34716796875,2491410,15845367600
2019-12-16,MBB,6360,6240,6360,6240,5186.40478515625,4771820,29776156800
2019-12-17,MBB,6240,6120,6240,6130,5101.580078125,6055610,37120889300
2019-12-18,MBB,6190,6120,6120,6120,5089.46240234375,3190310,19524697200
2019-12-19,MBB,6160,6030,6150,6030,5016.755859375,4783220,28842816600
2019-12-20,MBB,6150,6030,6030,6120,5089.46240234375,1926570,11790608400
2019-12-23,MBB,6190,6130,6160,6130,5101.580078125,1848030,11328423900
2019-12-24,MBB,6130,6030,6120,6050,5028.87353515625,2362950,14295847500
2019-12-25,MBB,6150,6050,6050,6120,5089.46240234375,3010810,18426157200
2019-12-26,MBB,6130,6080,6120,6080,5053.109375,2145180,13042694400
2019-12-27,MBB,6080,6060,6080,6080,5065.2265625,2376720,14450457600
2019-12-30,MBB,6190,6080,6120,6100,5077.3447265625,3432230,20936603000
2019-12-31,MBB,6130,6060,6120,6060,5040.9912109375,2192910,13289034600
2020-01-02,MBB,6190,6060,6080,6180,5137.93310546875,2849190,17607994200
2020-01-03,MBB,6270,6180,6250,6190,5150.05078125,3476230,21517863700
2020-01-06,MBB,6180,6100,6160,6100,5077.3447265625,2609270,15916547000
2020-01-07,MBB,6160,6080,6120,6120,5089.46240234375,2684180,16427181600
2020-01-08,MBB,6120,6030,6060,6030,5016.755859375,4163950,25108618500
2020-01-09,MBB,6160,6050,6100,6130,5101.580078125,3298470,20219621100
2020-01-10,MBB,6310,6160,6160,6240,5186.40478515625,8593950,53626248000
2020-01-13,MBB,6290,6190,6250,6210,5162.1689453125,2921820,18144502200
2020-01-14,MBB,6310,6190,6210,6270,5210.64013671875,4557920,28578158400
2020-01-15,MBB,6290,6250,6270,6250,5198.52197265625,3625930,22662062500
2020-01-16,MBB,6450,6270,6280,6410,5331.8173828125,8169550,52366815500
2020-01-17,MBB,6480,6380,6420,6410,5331.8173828125,4776330,30616275300
2020-01-20,MBB,6440,6370,6410,6410,5331.8173828125,4308990,27620625900
2020-01-21,MBB,6580,6420,6440,6570,5465.11328125,5239140,34421149800
2020-01-22,MBB,6580,6510,6570,6530,5428.759765625,4991520,32594625600
2020-01-30,MBB,6440,6180,6380,6190,5150.05078125,8995010,55679111900
2020-01-31,MBB,6280,6060,6130,6060,5040.9912109375,8065490,48876869400
2020-02-03,MBB,6060,5680,5870,5930,4931.93115234375,14421110,85517182300
2020-02-04,MBB,6280,5870,6030,6160,5125.81494140625,9461800,58284688000
2020-02-05,MBB,6290,6130,6240,6160,5125.81494140625,7177000,44210320000
2020-02-06,MBB,6410,6080,6160,6360,5283.34716796875,12119010,77076903600
2020-02-07,MBB,6360,6240,6330,6240,5186.40478515625,8050600,50235744000
2020-02-10,MBB,6210,6100,6150,6120,5089.46240234375,6111600,37402992000
2020-02-11,MBB,6210,6130,6150,6180,5137.93310546875,4331600,26769288000
2020-02-12,MBB,6380,6210,6250,6310,5246.99365234375,10980490,69286891900
2020-02-13,MBB,6330,6230,6280,6240,5186.40478515625,6581630,41069371200
2020-02-14,MBB,6380,6280,6290,6330,5271.2294921875,9083550,57498871500
2020-02-17,MBB,6470,6360,6410,6390,5319.69970703125,9693630,61942295700
2020-02-18,MBB,6440,6330,6420,6330,5271.2294921875,5400900,34187697000
2020-02-19,MBB,6360,6270,6330,6290,5234.87548828125,4586120,28846694800
2020-02-20,MBB,6380,6290,6360,6310,5246.99365234375,6104470,38519205700
2020-02-21,MBB,6330,6160,6330,6180,5137.93310546875,8795360,54355324800
2020-02-24,MBB,6060,5850,6030,5850,4871.34228515625,12138250,71008762500
2020-02-25,MBB,6060,5780,5820,6060,5040.9912109375,11926410,72274044600
2020-02-26,MBB,6080,5930,5930,5980,4968.2841796875,5079630,30376187400
2020-02-27,MBB,6080,5960,5990,6080,5065.2265625,4046120,24600409600
2020-02-28,MBB,6050,5930,5980,5940,4944.04931640625,7020070,41699215800
2020-03-02,MBB,6060,5960,5980,6030,5016.755859375,4996110,30126543300
2020-03-03,MBB,6160,6060,6130,6080,5065.2265625,5788700,35195296000
2020-03-04,MBB,6080,6000,6060,6050,5065.2265625,3856070,23329223500
2020-03-05,MBB,6100,6030,6080,6030,5004.63818359375,4512210,27208626300
2020-03-06,MBB,6030,5940,5980,6030,5004.63818359375,3822460,23049433800
2020-03-09,MBB,5800,5610,5700,5610,4665.34033203125,12282460,68904600600
2020-03-10,MBB,5700,5470,5510,5580,4641.1044921875,7083800,39527604000
2020-03-11,MBB,5680,5220,5670,5300,4410.8671875,7990830,42351399000
2020-03-12,MBB,5130,4940,5070,4940,4107.92333984375,15483860,76490268400
2020-03-13,MBB,5220,4600,4620,4980,4144.27685546875,11673000,58131540000
2020-03-16,MBB,5040,4780,5000,4790,3986.7451171875,4256130,20386862700
2020-03-17,MBB,4870,4590,4660,4870,4047.33447265625,9350190,45535425300
2020-03-18,MBB,4940,4810,4940,4810,3998.863037109375,5287310,25431961100
2020-03-19,MBB,4780,4660,4730,4690,3901.921142578125,3879280,18193823200
2020-03-20,MBB,4740,4650,4710,4660,3877.685546875,4348520,20264103200
2020-03-23,MBB,4540,4340,4430,4340,3611.094970703125,9616920,41737432800
2020-03-24,MBB,4370,4210,4370,4310,3586.859130859375,7412520,31947961200
2020-03-25,MBB,4560,4380,4460,4560,3792.861328125,6925670,31581055200
2020-03-26,MBB,4530,4380,4520,4380,3647.44775390625,4627510,20268493800
2020-03-27,MBB,4410,4230,4400,4260,3538.387939453125,5378700,22913262000
2020-03-30,MBB,4110,3970,4080,3970,3296.03271484375,7287180,28930104600
2020-03-31,MBB,4110,3830,4019,3950,3283.9150390625,5690150,22476092500
2020-04-01,MBB,4170,3890,3930,4150,3453.56396484375,6406330,26586269500
2020-04-03,MBB,4350,4150,4170,4290,3574.741455078125,5151710,22100835900
2020-04-06,MBB,4590,4410,4430,4590,3817.0966796875,7996310,36703062900
2020-04-07,MBB,4730,4580,4710,4650,3865.56787109375,12576310,58479841500
2020-04-08,MBB,4620,4490,4520,4580,3804.97900390625,4976890,22794156200
2020-04-09,MBB,4690,4580,4660,4600,3829.21435546875,7173300,32997180000
2020-04-10,MBB,4650,4500,4600,4530,3768.625732421875,8220670,37239635100
2020-04-13,MBB,4680,4520,4530,4590,3817.0966796875,6297620,28906075800
2020-04-14,MBB,4660,4520,4660,4630,3853.449951171875,7022430,32513850900
2020-04-15,MBB,4810,4630,4660,4770,3962.51025390625,10310960,49183279200
2020-04-16,MBB,4810,4660,4730,4810,3998.863037109375,4540410,21839372100
2020-04-17,MBB,5000,4830,4870,4950,4120.041015625,7574590,37494220500
2020-04-20,MBB,5000,4830,4950,4860,4035.21630859375,10896580,52957378800
2020-04-21,MBB,4790,4560,4780,4560,3792.861328125,10667070,48641839200
2020-04-22,MBB,4710,4440,4440,4690,3901.921142578125,5228620,24522227800
2020-04-23,MBB,4790,4680,4780,4710,3914.0390625,3568320,16806787200
2020-04-24,MBB,4710,4630,4660,4680,3889.803466796875,2664100,12467988000
2020-04-27,MBB,4730,4580,4690,4580,3804.97900390625,4853010,22226785800
2020-04-28,MBB,4650,4540,4600,4600,3829.21435546875,2897820,13329972000
2020-04-29,MBB,4690,4620,4650,4650,3865.56787109375,2734790,12716773500
2020-05-04,MBB,4680,4620,4650,4620,3841.332275390625,2266940,10473262800
2020-05-05,MBB,4650,4560,4630,4600,3829.21435546875,2512680,11558328000
2020-05-06,MBB,4660,4580,4630,4650,3865.56787109375,3827470,17797735500
2020-05-07,MBB,4770,4650,4650,4740,3950.392333984375,6237880,29567551200
2020-05-08,MBB,4950,4780,4780,4830,4023.098388671875,12648540,61092448200
2020-05-11,MBB,4950,4810,4890,4890,4071.56982421875,13871460,67831439400
2020-05-12,MBB,5010,4830,4890,5010,4168.51220703125,11943010,59834480100
2020-05-13,MBB,5150,4950,5070,5100,4241.21923828125,10535970,53733447000
2020-05-14,MBB,5120,4980,5040,5040,4192.74755859375,7371050,37150092000
2020-05-15,MBB,5090,4940,5070,4940,4192.74755859375,8051150,39772681000
2020-05-18,MBB,4980,4890,4940,4960,4192.74755859375,4693050,23277528000
2020-05-19,MBB,5100,5030,5070,5070,4241.21923828125,9169410,46488908700
2020-05-20,MBB,5070,5000,5030,5040,4241.21923828125,4064620,20485684800
2020-05-21,MBB,5150,5030,5050,5130,4265.4541015625,8733490,44802803700
2020-05-22,MBB,5150,5010,5100,5030,4180.62939453125,7705210,38757206300
2020-05-25,MBB,5090,5010,5030,5040,4192.74755859375,4244600,21392784000
2020-05-26,MBB,5130,5050,5070,5130,4265.4541015625,9158970,46985516100
2020-05-27,MBB,5190,5040,5190,5040,4192.74755859375,10811090,54487893600
2020-05-28,MBB,5100,5030,5050,5040,4192.74755859375,3439560,17335382400
2020-05-29,MBB,5040,5000,5040,5010,4168.51220703125,4370270,21895052700
2020-06-01,MBB,5250,5030,5030,5190,4326.04296875,17148300,88999677000
2020-06-02,MBB,5340,5220,5240,5220,4338.16064453125,14019730,73182990600
2020-06-03,MBB,5280,5220,5240,5250,4374.513671875,4396970,23084092500
2020-06-04,MBB,5340,5240,5280,5240,4362.396484375,8631510,45229112400
2020-06-05,MBB,5240,5190,5230,5220,4338.16064453125,6864850,35834517000
2020-06-08,MBB,5340,5250,5280,5280,4338.16064453125,8114180,42842870400
2020-06-09,MBB,5300,5250,5280,5280,4338.16064453125,5953860,31436380800
2020-06-10,MBB,5490,5230,5250,5430,4507.80908203125,10294970,55901687100
2020-06-11,MBB,5490,5100,5450,5100,4241.21923828125,9855080,50260908000
2020-06-12,MBB,5150,4980,4980,5150,4277.57177734375,10033880,51674482000
2020-06-15,MBB,5180,4920,5160,4950,4120.041015625,9023320,44665434000
2020-06-16,MBB,5100,5000,5030,5070,4216.98291015625,5876970,29796237900
2020-06-17,MBB,5100,5030,5070,5040,4192.74755859375,2160720,10890028800
2020-06-18,MBB,5070,5010,5050,5040,4192.74755859375,2294180,11562667200
2020-06-19,MBB,5100,5040,5070,5100,4241.21923828125,3111870,15870537000
2020-06-22,MBB,5180,5090,5120,5100,4241.21923828125,2622880,13376688000
2020-06-23,MBB,5150,5090,5100,5100,4241.21923828125,3682810,18782331000
2020-06-24,MBB,5190,5100,5130,5120,4253.33642578125,5739200,29384704000
2020-06-25,MBB,5090,5040,5070,5050,4204.865234375,2709130,13681106500
2020-06-26,MBB,5100,5030,5090,5050,4204.865234375,1999300,10096465000
2020-06-29,MBB,5040,4880,5010,4920,4083.6875,5960860,29327431200
2020-06-30,MBB,4980,4830,4950,4830,4023.098388671875,3399510,16419633300
2020-07-01,MBB,4920,4830,4860,4920,4095.8056640625,2067570,10172444400
2020-07-02,MBB,4940,4880,4920,4920,4083.6875,1628160,8010547200
2020-07-03,MBB,4940,4890,4920,4920,4083.6875,1241470,6108032400
2020-07-06,MBB,5000,4920,4920,4950,4120.041015625,2970930,14706103500
2020-07-07,MBB,5010,4950,5000,4980,4144.27685546875,3562940,17743441200
2020-07-08,MBB,5010,4960,4960,5000,4156.39404296875,1816440,9082200000
2020-07-09,MBB,5100,5010,5030,5090,4229.10107421875,3777860,19229307400
2020-07-10,MBB,5070,5010,5070,5030,4229.10107421875,2151820,10823654600
2020-07-13,MBB,5070,5000,5030,5010,4168.51220703125,2322950,11637979500
2020-07-14,MBB,5010,4950,5000,5000,4156.39404296875,3552800,17764000000
2020-07-15,MBB,5070,5010,5040,5040,4156.39404296875,2941050,14822892000
2020-07-16,MBB,5100,5040,5100,5100,4241.21923828125,3783960,19298196000
2020-07-17,MBB,5120,5070,5100,5100,4241.21923828125,3957050,20180955000
2020-07-20,MBB,5120,5010,5100,5010,4168.51220703125,3056310,15312113100
2020-07-21,MBB,5040,5000,5040,5040,4192.74755859375,3066900,15457176000
2020-07-22,MBB,5070,5000,5070,5000,4156.39404296875,2724680,13623400000
2020-07-23,MBB,5010,4940,5000,4960,4132.15869140625,3208620,15914755200
2020-07-24,MBB,4950,4780,4950,4810,3998.863037109375,8288120,39865857200
2020-07-27,MBB,4690,4480,4630,4480,3720.154541015625,9988390,44747987200
2020-07-28,MBB,4770,4520,4630,4740,3950.392333984375,6476500,30698610000
2020-07-29,MBB,4630,4480,4630,4560,3792.861328125,4891540,22305422400
2020-07-30,MBB,4630,4580,4600,4620,3841.332275390625,2740330,12660324600
2020-07-31,MBB,4630,4520,4580,4590,3817.0966796875,2822800,12956652000
2020-08-03,MBB,4730,4580,4580,4730,3926.156982421875,4195230,19843437900
2020-08-04,MBB,4810,4730,4740,4780,3974.627685546875,2557000,12222460000
2020-08-05,MBB,4830,4730,4780,4830,4010.98095703125,2939150,14196094500
2020-08-06,MBB,4830,4770,4810,4770,3962.51025390625,3050260,14549740200
2020-08-07,MBB,4790,4740,4770,4740,3950.392333984375,2043440,9685905600
2020-08-10,MBB,4830,4770,4810,4790,3986.7451171875,3695170,17699864300
2020-08-11,MBB,4830,4780,4830,4810,3998.863037109375,3279300,15773433000
2020-08-12,MBB,4920,4810,4810,4920,4083.6875,5592880,27516969600
2020-08-13,MBB,4950,4890,4940,4940,4107.92333984375,2730880,13490547200
2020-08-14,MBB,5010,4920,4920,5000,4156.39404296875,5684510,28422550000
2020-08-17,MBB,5010,4920,5000,4980,4144.27685546875,3857910,19212391800
2020-08-18,MBB,5000,4920,4980,4950,4120.041015625,2714080,13434696000
2020-08-19,MBB,4960,4920,4950,4960,4132.15869140625,3899030,19339188800
2020-08-20,MBB,5000,4940,4960,4960,4132.15869140625,4196330,20813796800
2020-08-21,MBB,5040,4950,4960,5040,4192.74755859375,5135520,25883020800
2020-08-24,MBB,5190,5070,5070,5190,4313.92431640625,8344270,43306761300
2020-08-25,MBB,5340,5190,5220,5250,4374.513671875,12351760,64846740000
2020-08-26,MBB,5280,5220,5240,5220,4338.16064453125,5231990,27310987800
2020-08-27,MBB,5240,5180,5220,5220,4338.16064453125,3597610,18779524200
2020-08-28,MBB,5280,5220,5240,5220,4338.16064453125,6040590,31531879800
2020-08-31,MBB,5300,5220,5240,5230,4350.2783203125,3916140,20481412200
2020-09-01,MBB,5280,5220,5250,5280,4386.6318359375,5064400,26740032000
2020-09-03,MBB,5340,5280,5300,5300,4410.8671875,4950930,26239929000
2020-09-04,MBB,5280,5190,5190,5250,4374.513671875,5064490,26588572500
2020-09-07,MBB,5280,5160,5280,5160,4289.689453125,7654310,39496239600
2020-09-08,MBB,5190,5120,5190,5190,4313.92431640625,3480610,18064365900
2020-09-09,MBB,5190,5130,5130,5180,4301.8076171875,3715080,19244114400
2020-09-10,MBB,5240,5190,5220,5190,4313.92431640625,3129160,16240340400
2020-09-11,MBB,5220,5150,5190,5190,4313.92431640625,2230940,11578578600
2020-09-14,MBB,5320,5230,5240,5280,4398.74951171875,4580680,24185990400
2020-09-15,MBB,5320,5250,5280,5280,4386.6318359375,3695340,19511395200
2020-09-16,MBB,5280,5240,5250,5280,4386.6318359375,2613980,13801814400
2020-09-17,MBB,5380,5250,5250,5280,4386.6318359375,7410540,39127651200
2020-09-18,MBB,5480,5280,5300,5470,4544.16259765625,11784520,64461324400
2020-09-21,MBB,5610,5490,5530,5550,4616.86962890625,10816030,60028966500
2020-09-22,MBB,5610,5530,5550,5600,4653.22265625,9969810,55830936000
2020-09-23,MBB,5650,5570,5620,5600,4653.22265625,6764910,37883496000
2020-09-24,MBB,5730,5600,5640,5710,4750.1650390625,12357250,70559897500
2020-09-25,MBB,5760,5640,5740,5710,4750.1650390625,6504900,37142979000
2020-09-28,MBB,5850,5730,5760,5820,4847.10693359375,8664740,50428786800
2020-09-29,MBB,5840,5730,5820,5730,4762.283203125,7980230,45726717900
2020-09-30,MBB,5770,5700,5730,5760,4786.5185546875,4772210,27487929600
2020-10-01,MBB,5820,5740,5800,5780,4810.75341796875,7966350,46045503000
2020-10-02,MBB,5820,5730,5800,5780,4810.75341796875,10888220,62933911600
2020-10-05,MBB,5950,5850,5850,5920,4933.1435546875,10749710,63638283200
2020-10-06,MBB,6000,5920,6000,5970,4974.94970703125,7113210,42465863700
2020-10-07,MBB,5950,5880,5940,5880,4905.2724609375,7245090,42601129200
2020-10-08,MBB,5980,5880,5980,5900,4919.2080078125,6874020,40556718000
2020-10-09,MBB,5920,5860,5900,5860,4891.3369140625,3873190,22696893400
2020-10-12,MBB,5940,5830,5900,5860,4891.3369140625,4828180,28293134800
2020-10-13,MBB,5880,5800,5880,5850,4877.4013671875,4053540,23713209000
2020-10-14,MBB,5940,5820,5820,5900,4919.2080078125,4923620,29049358000
2020-10-15,MBB,5920,5860,5920,5880,4905.2724609375,4262410,25062970800
2020-10-16,MBB,5980,5920,5940,5970,4974.94970703125,9150340,54627529800
2020-10-19,MBB,6130,6030,6030,6100,5086.4326171875,10589820,64597902000
2020-10-20,MBB,6270,6100,6120,6250,5211.85205078125,10529370,65808562500
2020-10-21,MBB,6370,6200,6330,6200,5170.04541015625,9500440,58902728000
2020-10-22,MBB,6280,6150,6240,6280,5239.72265625,7256230,45569124400
2020-10-23,MBB,6360,6240,6360,6300,5253.65869140625,6605720,41616036000
2020-10-26,MBB,6300,6150,6280,6150,5128.2392578125,8875780,54586047000
2020-10-27,MBB,6150,5980,6150,5980,4988.884765625,9536450,57027971000
2020-10-28,MBB,6000,5850,5940,5860,4891.3369140625,6840230,40083747800
2020-10-29,MBB,5980,5850,5850,5950,4961.0146484375,6240080,37128476000
2020-10-30,MBB,6000,5880,5980,5950,4961.0146484375,5736540,34132413000
2020-11-02,MBB,6030,5950,6000,6030,5016.755859375,3692210,22264026300
2020-11-03,MBB,6130,6030,6050,6100,5086.4326171875,3590520,21902172000
2020-11-04,MBB,6220,6080,6220,6170,5142.1748046875,4685210,28907745700
2020-11-05,MBB,6200,6080,6180,6120,5100.3681640625,6789020,41548802400
2020-11-06,MBB,6150,6000,6120,6030,5016.755859375,3992580,24075257400
2020-11-09,MBB,6120,6030,6050,6100,5086.4326171875,3710450,22633745000
2020-11-10,MBB,6180,6050,6150,6050,5044.626953125,6776330,40996796500
2020-11-11,MBB,6130,6030,6080,6100,5086.4326171875,9353320,57055252000
2020-11-12,MBB,6250,6100,6120,6250,5211.85205078125,10547260,65920375000
2020-11-13,MBB,6450,6280,6280,6450,5379.0771484375,16110590,103913305500
2020-11-16,MBB,6550,6360,6520,6370,5309.39990234375,20068100,127833797000
2020-11-17,MBB,6530,6380,6400,6530,5448.75439453125,9945750,64945747500
2020-11-18,MBB,6690,6500,6570,6570,5476.62548828125,11311450,74316226500
2020-11-19,MBB,6630,6480,6600,6520,5434.81884765625,13407160,87414683200
2020-11-20,MBB,6520,6430,6500,6450,5379.0771484375,7118600,45914970000
2020-11-23,MBB,6480,6370,6450,6420,5351.2060546875,9013500,57866670000
2020-11-24,MBB,6520,6420,6480,6470,5393.01220703125,8564990,55415485300
2020-11-25,MBB,6550,6450,6550,6500,5420.88330078125,6517830,42365895000
2020-11-26,MBB,6520,6420,6430,6520,5434.81884765625,12419270,80973640400
2020-11-27,MBB,6690,6480,6520,6690,5574.17333984375,15975030,106872950700
2020-11-30,MBB,6890,6750,6820,6800,5671.72119140625,18510250,125869700000
2020-12-01,MBB,6970,6700,6700,6970,5811.0751953125,20421100,142335067000
2020-12-02,MBB,7150,6970,6980,7140,5950.43017578125,18071190,129028296600
2020-12-03,MBB,7210,6970,7210,7020,5852.8818359375,22447130,157578852600
2020-12-04,MBB,7080,6970,7020,7000,5838.9462890625,18416060,128912420000
2020-12-07,MBB,7030,6960,7000,6980,5825.0107421875,8253270,57607824600
2020-12-08,MBB,7210,6960,6980,7140,5950.43017578125,16402560,117114278400
2020-12-09,MBB,7270,7140,7180,7150,5964.365234375,12895210,92200751500
2020-12-10,MBB,7210,7020,7180,7030,5866.8173828125,13602560,95625996800
2020-12-11,MBB,7180,6970,7080,7180,5992.236328125,8637130,62014593400
2020-12-14,MBB,7330,7220,7220,7300,6089.78466796875,14023310,102370163000
2020-12-15,MBB,7300,7150,7300,7180,5992.236328125,13083510,93939601800
2020-12-16,MBB,7490,7180,7240,7430,6201.26806640625,19503010,144907364300
2020-12-17,MBB,7460,7290,7390,7390,6159.4609375,16719990,123560726100
2020-12-18,MBB,7730,7400,7530,7730,6438.169921875,17502170,135291774100
2020-12-21,MBB,7930,7710,7790,7780,6479.97607421875,26924800,209474944000
2020-12-22,MBB,7930,7690,7820,7760,6466.041015625,22805050,176967188000
2020-12-23,MBB,7810,7660,7790,7660,6382.4287109375,13833600,105965376000
2020-12-24,MBB,7740,7390,7710,7620,6354.5576171875,16011380,122006715600
2020-12-25,MBB,7740,7560,7620,7730,6438.169921875,12807670,99003289100
2020-12-28,MBB,7850,7630,7850,7710,6424.234375,16589830,127907589300
2020-12-29,MBB,7710,7630,7710,7680,6396.36376953125,10912210,83805772800
2020-12-30,MBB,7740,7660,7660,7660,6382.4287109375,12801190,98057115400
2020-12-31,MBB,7730,7680,7710,7690,6410.29931640625,14034660,107926535400
2021-01-04,MBB,8140,7730,7820,8010,6675.07275390625,42370800,339390108000
2021-01-05,MBB,8410,8010,8080,8410,7009.52294921875,34044900,286317609000
2021-01-06,MBB,8690,8360,8530,8460,7051.3291015625,22063300,186655518000
2021-01-07,MBB,8680,8440,8530,8670,7218.55419921875,18918200,164020794000
2021-01-08,MBB,9130,8690,8750,8890,7413.650390625,25861800,229911402000
2021-01-11,MBB,9090,8750,9030,8810,7343.97314453125,23381600,205991896000
2021-01-12,MBB,8860,8590,8810,8740,7288.2314453125,16552100,144665354000
2021-01-13,MBB,8890,8670,8740,8690,7246.4248046875,18649800,162066762000
2021-01-14,MBB,8830,8650,8790,8830,7357.908203125,20138800,177825604000
2021-01-15,MBB,9090,8880,8990,8940,7455.45654296875,19922700,178108938000
2021-01-18,MBB,8980,8750,8940,8750,7302.1669921875,13838300,121085125000
2021-01-19,MBB,8750,8150,8750,8150,6800.4912109375,22184900,180806935000
2021-01-20,MBB,8280,7660,8150,8150,6800.4912109375,23198100,189064515000
2021-01-21,MBB,8630,8150,8360,8630,7190.68359375,14714600,126986998000
2021-01-22,MBB,8680,8460,8590,8560,7134.94189453125,12400500,106148280000
2021-01-25,MBB,8630,8410,8490,8430,7023.45849609375,10924900,92096907000
2021-01-26,MBB,8560,7930,8410,8560,7134.94189453125,19797100,169463176000
2021-01-27,MBB,8440,7980,8290,8029,6689.0078125,22798000,183045142000
2021-01-28,MBB,7690,7480,7530,7480,6229.13818359375,20362200,152309256000
2021-01-29,MBB,7850,7130,7130,7840,6535.71826171875,19607700,153724368000
2021-02-01,MBB,7850,7340,7690,7360,6131.59033203125,16163000,118959680000
2021-02-02,MBB,7820,7340,7560,7810,6507.84765625,14396700,112438227000
2021-02-03,MBB,8140,7820,7930,8109,6758.68505859375,19837900,160865531100
2021-02-04,MBB,8140,7960,8130,8039,6702.943359375,11089600,89149294400
2021-02-05,MBB,8290,8039,8090,8280,6898.03955078125,11885000,98407800000
2021-02-08,MBB,8430,7980,8290,7990,6661.13671875,22263700,177886963000
2021-02-09,MBB,8280,7960,8029,8280,6661.13671875,15933800,131931864000
2021-02-17,MBB,8630,8360,8410,8630,7190.68359375,18470000,159396100000
2021-02-18,MBB,8790,8560,8690,8750,7302.1669921875,23346000,204277500000
2021-02-19,MBB,9160,8630,8670,8980,7483.32763671875,30003300,269429634000
2021-02-22,MBB,9080,8790,8980,8920,7441.521484375,19791100,176536612000
2021-02-23,MBB,9190,8890,8940,9160,7636.61767578125,31587900,289345164000
2021-02-24,MBB,9300,8990,9250,9030,7636.61767578125,19888900,179596767000
2021-02-25,MBB,9180,8980,9130,9130,7636.61767578125,17887600,163313788000
2021-02-26,MBB,9300,8920,8960,9250,7706.29443359375,22352200,206757850000
2021-03-01,MBB,9520,9330,9370,9480,7901.3896484375,22065400,209179992000
2021-03-02,MBB,9600,9350,9580,9390,7831.71337890625,14005100,131507889000
2021-03-03,MBB,9490,9330,9350,9350,7803.84228515625,16468900,153984215000
2021-03-04,MBB,9430,8990,9350,9080,7566.93994140625,23153000,210229240000
2021-03-05,MBB,9190,8960,9060,9130,7622.681640625,19035300,173792289000
2021-03-08,MBB,9310,9110,9260,9230,7692.35888671875,14809500,136691685000
2021-03-09,MBB,9220,9030,9090,9130,7608.74658203125,12179900,111202487000
2021-03-10,MBB,9390,9060,9160,9340,7789.90625,21590100,201651534000
2021-03-11,MBB,9530,9390,9440,9440,7873.51904296875,16459200,155374848000
2021-03-12,MBB,9520,9410,9490,9440,7873.51904296875,16339100,154241104000
2021-03-15,MBB,9660,9430,9490,9660,8054.6806640625,23273400,224821044000
2021-03-16,MBB,9740,9480,9730,9580,7985.00244140625,12749900,122144042000
2021-03-17,MBB,9690,9580,9580,9690,8082.55078125,14185100,137453619000
2021-03-18,MBB,9820,9690,9790,9760,8138.29248046875,13051200,127379712000
2021-03-19,MBB,9820,9690,9690,9760,8138.29248046875,9917000,96789920000
2021-03-22,MBB,9780,9530,9760,9580,7985.00244140625,15628700,149722946000
2021-03-23,MBB,9600,9440,9580,9480,7901.3896484375,15105300,143198244000
2021-03-24,MBB,9410,9160,9350,9230,7692.35888671875,16076400,148385172000
2021-03-25,MBB,9350,9190,9260,9220,7678.42333984375,13199800,121702156000
2021-03-26,MBB,9280,8940,9130,9190,7664.48828125,14311100,131519009000
2021-03-29,MBB,9460,9190,9250,9440,7873.51904296875,16883500,159380240000
2021-03-30,MBB,9600,9340,9440,9460,7887.455078125,13184900,124729154000
2021-03-31,MBB,9550,9390,9480,9410,7845.64892578125,10510400,98902864000
2021-04-01,MBB,9760,9430,9440,9760,8138.29248046875,19588200,191180832000
2021-04-02,MBB,9930,9780,9900,9900,8249.7763671875,17890400,177114960000
2021-04-05,MBB,10170,9970,10110,10170,8472.744140625,26102300,265460391000
2021-04-06,MBB,10520,10200,10260,10490,8751.4521484375,33236600,348651934000
2021-04-07,MBB,10710,10520,10530,10640,8862.935546875,23620400,251321056000
2021-04-08,MBB,10640,10370,10640,10430,8695.7109375,22368700,233305541000
2021-04-09,MBB,10520,10310,10400,10490,8737.515625,16904800,177331352000
2021-04-12,MBB,10620,10490,10570,10580,8821.1298828125,16624100,175882978000
2021-04-13,MBB,10640,10330,10640,10400,8667.83984375,22558600,234609440000
2021-04-14,MBB,10490,10230,10290,10450,8709.64453125,15096700,157760515000
2021-04-15,MBB,10450,10220,10450,10230,8528.4853515625,18900600,193353138000
2021-04-16,MBB,10240,9970,10170,10100,8417.0009765625,17708300,178853830000
2021-04-19,MBB,10290,10010,10190,10200,8500.6142578125,13993700,142735740000
2021-04-20,MBB,10370,10070,10260,10200,8500.6142578125,12942400,132012480000
2021-04-22,MBB,10200,9760,10170,9760,8138.29248046875,13234000,129163840000
2021-04-23,MBB,10130,9730,9760,10130,8444.8720703125,16710100,169273313000
2021-04-26,MBB,10130,9860,10130,9900,8249.7763671875,14253600,141110640000
2021-04-27,MBB,10010,9760,9900,9900,8249.7763671875,10054300,99537570000
2021-04-28,MBB,10290,9900,9900,10110,8430.935546875,17389600,175808856000
2021-04-29,MBB,10340,10150,10200,10150,8458.8076171875,18937600,192216640000
2021-05-04,MBB,10490,9900,9900,10450,8709.64453125,24397100,254949695000
2021-05-05,MBB,10830,10530,10550,10600,8835.064453125,25875400,274279240000
2021-05-06,MBB,10730,10490,10600,10570,8807.193359375,18915500,199936835000
2021-05-07,MBB,10600,10430,10460,10570,8807.193359375,24764800,261763936000
2021-05-10,MBB,11180,10550,10570,11100,9253.1279296875,36389900,403927890000
2021-05-11,MBB,11170,10940,11100,10940,9113.7744140625,20385100,223012994000
2021-05-12,MBB,11100,10850,10880,11100,9253.1279296875,21106000,234276600000
2021-05-13,MBB,11300,10970,10970,11020,9183.4501953125,26896800,296402736000
2021-05-14,MBB,11170,10980,11170,11030,9197.3857421875,21651900,238820457000
2021-05-17,MBB,11200,10970,11200,11000,9169.5146484375,19181800,210999800000
2021-05-18,MBB,11200,10890,10980,11130,9280.9990234375,23037800,256410714000
2021-05-19,MBB,11540,11170,11270,11540,9615.4482421875,29370700,338937878000
2021-05-20,MBB,11620,11450,11600,11540,9615.4482421875,17314900,199813946000
2021-05-21,MBB,11780,11450,11500,11580,9657.25390625,19882300,230237034000
2021-05-24,MBB,11700,11500,11630,11620,9685.125,20486500,238053130000
2021-05-25,MBB,11980,11620,11630,11980,9977.76953125,22789800,273021804000
2021-05-26,MBB,12530,12230,12290,12530,10451.5751953125,33671000,421897630000
2021-05-27,MBB,12620,12050,12530,12200,10172.865234375,28188800,343903360000
2021-05-28,MBB,12600,12110,12230,12600,10507.3173828125,26378900,332374140000
2021-05-31,MBB,12800,12370,12710,12710,10590.9287109375,30395700,386329347000
2021-06-01,MBB,12980,12740,12900,12770,10646.6708984375,16331400,208551978000
2021-06-02,MBB,12930,12580,12670,12880,10730.2841796875,23682500,305030600000
2021-06-03,MBB,13760,13320,13380,13760,11468.861328125,29087000,400237120000
2021-06-04,MBB,14280,13740,13780,13890,11580.34375,32896100,456926829000
2021-06-07,MBB,13880,13040,13880,13290,11078.6689453125,30845500,409936695000
2021-06-08,MBB,13350,12410,13200,12470,11078.6689453125,29808700,371714489000
2021-06-09,MBB,12970,12290,12410,12890,10744.21875,30626600,394776874000
2021-06-10,MBB,13020,12600,12880,12670,10563.05859375,15556800,197104656000
2021-06-11,MBB,13350,12620,12770,13180,10981.12109375,24998200,329476276000
2021-06-14,MBB,13340,13010,13180,13130,10953.2509765625,24587000,322827310000
2021-06-15,MBB,13350,12920,13130,13130,10953.2509765625,24890500,326812265000
2021-06-16,MBB,13220,12920,13130,12930,10786.0244140625,20702200,267679446000
2021-06-17,MBB,13380,12670,12710,13340,11120.4755859375,25763900,343690426000
2021-06-18,MBB,13710,13520,13710,13560,11301.6357421875,26023700,352881372000
2021-06-21,MBB,13690,13410,13510,13590,11329.505859375,18818600,255744774000
2021-06-22,MBB,14190,13680,13710,14040,11705.763671875,35453700,497769948000
2021-06-23,MBB,14190,13880,14130,14010,11677.892578125,23680200,331759602000
2021-06-24,MBB,14290,13940,14190,14040,11705.763671875,22472700,315516708000
2021-06-25,MBB,14110,13800,14040,14080,11733.634765625,18753300,264046464000
2021-06-28,MBB,14480,14200,14240,14400,12012.34375,18609500,267976800000
2021-06-29,MBB,14640,14200,14440,14530,12109.8916015625,18304800,265968744000
2021-06-30,MBB,14860,14490,14540,14490,12082.0205078125,25995400,376673346000
2021-07-01,MBB,14620,14290,14510,14530,12109.8916015625,24500700,355995171000
2021-07-02,MBB,14640,14490,14640,14530,12109.8916015625,17761000,258067330000
2021-07-05,MBB,14560,14130,14540,14400,12109.8916015625,26337400,379258560000
2021-07-06,MBB,14530,13410,14480,13410,12109.8916015625,18361900,246233079000
2021-07-07,MBB,14080,13200,13710,14080,12109.8916015625,31637800,445460224000
2021-07-08,MBB,14280,13910,14080,14080,12109.8916015625,20529400,289053952000
2021-07-09,MBB,14240,13780,13930,13980,11663.95703125,38065300,532152894000
2021-07-12,MBB,14360,13040,14260,13450,11663.95703125,34531800,464452710000
2021-07-13,MBB,13810,13220,13590,13450,11212.44921875,12555900,168876855000
2021-07-14,MBB,13480,12770,13450,13020,11212.44921875,19970400,260014608000
2021-07-15,MBB,13290,12870,12900,13220,11024.3203125,16136300,213321886000
2021-07-16,MBB,13360,13070,13310,13130,11024.3203125,11304900,148433337000
2021-07-19,MBB,12950,12230,12630,12250,10215.3681640625,22151000,271349750000
2021-07-20,MBB,12590,11960,12500,12590,10497.5615234375,15529300,195513887000
2021-07-21,MBB,12900,12590,12680,12630,10535.1875,12249700,154713711000
2021-07-22,MBB,12870,12410,12630,12790,10666.876953125,10204100,130510439000
2021-07-23,MBB,12830,12530,12680,12530,10441.1240234375,11795300,147795109000
2021-07-26,MBB,12480,12090,12320,12290,10234.181640625,15985300,196459337000
2021-07-27,MBB,12530,12320,12370,12370,10309.4326171875,11596100,143443757000
2021-07-28,MBB,12580,12340,12380,12450,10384.6845703125,6161800,76714410000
2021-07-29,MBB,12830,12550,12590,12830,10685.689453125,15121000,194002430000
2021-07-30,MBB,13180,12830,12870,13040,10873.8173828125,18953900,247158856000
2021-08-02,MBB,13130,12900,13040,13000,10836.1923828125,12580000,163540000000
2021-08-03,MBB,13270,13000,13040,13220,11024.3203125,19320400,255415688000
2021-08-04,MBB,13480,13290,13310,13410,11024.3203125,17409900,233466759000
2021-08-05,MBB,13530,13270,13360,13530,11287.7001953125,16668600,225526158000
2021-08-06,MBB,13590,13360,13530,13380,11156.01171875,13684700,183101286000
2021-08-09,MBB,13500,13130,13220,13500,11250.07421875,12853800,173526300000
2021-08-10,MBB,13640,13310,13560,13380,11250.07421875,13799700,184639986000
2021-08-11,MBB,13640,13310,13410,13410,11174.8232421875,19532900,261936189000
2021-08-12,MBB,13530,13310,13450,13310,11099.5712890625,9741900,129664689000
2021-08-13,MBB,13410,13130,13310,13360,11137.1982421875,11259600,150428256000
2021-08-16,MBB,14080,13310,13360,13980,11663.95703125,31956200,446747676000
2021-08-17,MBB,14360,13980,14190,14080,11663.95703125,18478900,260182912000
2021-08-18,MBB,14150,13980,13980,14040,11701.5830078125,12459700,174934188000
2021-08-19,MBB,14040,13680,13900,14040,11701.5830078125,21080600,295971624000
2021-08-20,MBB,13980,13290,13980,13500,11250.07421875,31892200,430544700000
2021-08-23,MBB,13440,12890,13310,12900,10760.94140625,21997900,283772910000
2021-08-24,MBB,12980,12680,12900,12890,10742.12890625,13980800,180212512000
2021-08-25,MBB,12900,12580,12730,12900,10760.94140625,18341200,236601480000
2021-08-26,MBB,12920,12630,12900,12680,10572.8125,12762500,161828500000
2021-08-27,MBB,12650,12290,12530,12630,10535.1875,18602200,234945786000
2021-08-30,MBB,13040,12630,12680,12830,10685.689453125,15842100,203254143000
2021-08-31,MBB,12950,12590,12900,12590,10497.5615234375,10363400,130475206000
2021-09-01,MBB,12730,12500,12590,12590,10497.5615234375,12748600,160504874000
2021-09-06,MBB,12790,12500,12620,12770,10648.064453125,17330200,221306654000
2021-09-07,MBB,13020,12790,12870,12900,10760.94140625,20389000,263018100000
2021-09-08,MBB,13000,12730,13000,12770,10760.94140625,9354500,119456965000
2021-09-09,MBB,12870,12630,12730,12830,10685.689453125,10496000,134663680000
2021-09-10,MBB,12830,12730,12830,12730,10610.4375,8476400,107904572000
2021-09-13,MBB,12770,12530,12620,12590,10497.5615234375,13797800,173714302000
2021-09-14,MBB,12630,12450,12500,12450,10384.6845703125,9569500,119140275000
2021-09-15,MBB,12450,12290,12410,12380,10328.24609375,11950800,147950904000
2021-09-16,MBB,12550,12410,12410,12550,10459.935546875,9774200,122666210000
2021-09-17,MBB,12630,12480,12630,12580,10478.7490234375,9716700,122236086000
2021-09-20,MBB,12870,12680,12710,12750,10629.251953125,16664500,212472375000
2021-09-21,MBB,12680,12480,12590,12630,10629.251953125,9451000,119366130000
2021-09-22,MBB,12710,12500,12630,12630,10629.251953125,9303300,117500679000
2021-09-23,MBB,12730,12550,12630,12590,10497.5615234375,11792100,148462539000
2021-09-24,MBB,13020,12590,12630,12950,10798.5673828125,29129100,377221845000
2021-09-27,MBB,13090,12630,13040,12630,10535.1875,9316400,117666132000
2021-09-28,MBB,12680,12550,12630,12630,10535.1875,7390700,93344541000
2021-09-29,MBB,12730,12530,12630,12550,10459.935546875,11106600,139387830000
2021-09-30,MBB,12710,12530,12550,12580,10478.7490234375,6644600,83589068000
2021-10-01,MBB,12620,12290,12590,12380,10328.24609375,13536400,167580632000
2021-10-04,MBB,12410,12140,12380,12230,10196.5556640625,12211300,149344199000
2021-10-05,MBB,12370,12200,12200,12370,10309.4326171875,9463100,117058547000
2021-10-06,MBB,12440,12250,12410,12410,10309.4326171875,10037200,124561652000
2021-10-07,MBB,12590,12440,12590,12480,10403.4970703125,6438000,80346240000
2021-10-08,MBB,12550,12440,12480,12500,10403.4970703125,8061000,100762500000
2021-10-11,MBB,13000,12530,12550,13000,10403.4970703125,25214700,327791100000
2021-10-12,MBB,13160,12890,13160,12980,10817.3798828125,14875500,193083990000
2021-10-13,MBB,13130,12900,13130,12900,10760.94140625,9776700,126119430000
2021-10-14,MBB,13000,12870,12980,12870,10760.94140625,10690200,137582874000
2021-10-15,MBB,12980,12790,12980,12830,10685.689453125,8189500,105071285000
2021-10-18,MBB,12980,12790,12980,12830,10685.689453125,8332600,106907258000
2021-10-19,MBB,12870,12680,12870,12730,10610.4375,7689400,97886062000
2021-10-20,MBB,12870,12550,12870,12730,10610.4375,8937900,113779467000
2021-10-21,MBB,12870,12590,12870,12590,10497.5615234375,10195600,128362604000
2021-10-22,MBB,12710,12580,12710,12590,10497.5615234375,7578900,95418351000
2021-10-25,MBB,12630,12450,12620,12450,10497.5615234375,8955400,111494730000
2021-10-26,MBB,12620,12450,12500,12620,10497.5615234375,6836900,86281678000
2021-10-27,MBB,12830,12620,12630,12830,10497.5615234375,10268000,131738440000
2021-10-28,MBB,12920,12790,12920,12870,10723.314453125,8781900,113023053000
2021-10-29,MBB,12900,12730,12870,12870,10723.314453125,10694500,137638215000
2021-11-01,MBB,12950,12770,12900,12830,10723.314453125,10652400,136670292000
2021-11-02,MBB,12870,12750,12770,12830,10723.314453125,8603100,110377773000
2021-11-03,MBB,13310,12830,12830,13160,10967.8818359375,27447000,361202520000
2021-11-04,MBB,13250,13020,13190,13040,10873.8173828125,10790900,140713336000
2021-11-05,MBB,13070,12900,13070,12920,10779.7548828125,8074100,104317372000
2021-11-08,MBB,13000,12830,12920,12870,10723.314453125,13607500,175128525000
2021-11-09,MBB,13070,12870,12900,12900,10760.94140625,12363700,159491730000
2021-11-10,MBB,13000,12890,13000,12900,10760.94140625,10597900,136712910000
2021-11-11,MBB,12900,12630,12900,12680,10572.8125,12862000,163090160000
2021-11-12,MBB,12890,12630,12630,12890,10742.12890625,9475500,122139195000
2021-11-15,MBB,13090,12840,12950,12900,10760.94140625,12611200,162684480000
2021-11-16,MBB,13070,12870,13000,12920,10779.7548828125,13885700,179403244000
2021-11-17,MBB,12950,12830,12920,12950,10798.5673828125,6930400,89748680000
2021-11-18,MBB,12950,12770,12950,12770,10648.064453125,9336200,119223274000
2021-11-19,MBB,13070,12630,12730,12770,10648.064453125,18272600,233341102000
2021-11-22,MBB,13310,12830,12840,13180,10986.6943359375,23448500,309051230000
2021-11-23,MBB,13270,13020,13250,13040,10873.8173828125,9852000,128470080000
2021-11-24,MBB,13950,12980,13040,13950,11626.3310546875,43004800,599916960000
2021-11-25,MBB,14190,13880,14130,13950,11626.3310546875,20691000,288639450000
2021-11-26,MBB,14070,13600,14040,13680,11400.5771484375,16768600,229394448000
2021-11-29,MBB,13520,13270,13410,13450,11212.44921875,17093500,229907575000
2021-11-30,MBB,13640,13040,13600,13090,10911.443359375,20624000,269968160000
2021-12-01,MBB,13310,13000,13090,13310,11099.5712890625,10550600,140428486000
2021-12-02,MBB,13410,13130,13380,13130,10949.0693359375,7310900,95992117000
2021-12-03,MBB,13270,12770,13220,12770,10648.064453125,12442600,158892002000
2021-12-06,MBB,12890,12190,12770,12410,10347.0576171875,16336900,202740929000
2021-12-07,MBB,12730,12480,12500,12710,10591.6259765625,7763200,98670272000
2021-12-08,MBB,12950,12650,12730,12830,10685.689453125,7357500,94396725000
2021-12-09,MBB,12900,12680,12680,12890,10742.12890625,4588800,59149632000
2021-12-10,MBB,12950,12750,12920,12790,10666.876953125,6326300,80913377000
2021-12-13,MBB,12870,12770,12790,12830,10685.689453125,8861000,113686630000
2021-12-14,MBB,12900,12730,12790,12750,10629.251953125,6132200,78185550000
2021-12-15,MBB,12920,12730,12750,12870,10723.314453125,6405100,82433637000
2021-12-16,MBB,13000,12730,13000,12750,10629.251953125,5655800,72111450000
2021-12-17,MBB,12830,12680,12770,12730,10610.4375,7073400,90044382000
2021-12-20,MBB,12750,12590,12730,12590,10497.5615234375,7451700,93816903000
2021-12-21,MBB,12730,12580,12680,12620,10516.375,6370000,80389400000
2021-12-22,MBB,12650,12440,12620,12480,10403.4970703125,8662500,108108000000
2021-12-23,MBB,12580,12230,12550,12320,10271.8076171875,10142300,124953136000
2021-12-24,MBB,12710,12290,12290,12710,10591.6259765625,6812300,86584333000
2021-12-27,MBB,12830,12590,12770,12710,10591.6259765625,3867300,49153383000
2021-12-28,MBB,12830,12650,12790,12770,10648.064453125,6286100,80273497000
2021-12-29,MBB,13020,12750,12840,12770,10648.064453125,9231900,117891363000
2021-12-30,MBB,12980,12770,12900,12840,10704.501953125,4948800,63542592000
2021-12-31,MBB,13250,12870,12950,13040,10873.8173828125,12992800,169426112000
2022-01-04,MBB,13270,13110,13180,13130,10949.0693359375,9072900,119127177000
2022-01-05,MBB,13160,12920,13130,12950,10798.5673828125,9114900,118037955000
2022-01-06,MBB,12900,12710,12870,12790,10666.876953125,10895000,139347050000
2022-01-07,MBB,13020,12770,12790,12900,10760.94140625,9526200,122887980000
2022-01-10,MBB,12980,12710,12890,12730,10572.8125,7768900,98898097000
2022-01-11,MBB,12870,12590,12750,12590,10497.5615234375,6839700,86111823000
2022-01-12,MBB,13180,12650,12730,13180,10986.6943359375,15289300,201512974000
2022-01-13,MBB,13930,13340,13410,13410,11174.8232421875,34751600,466018956000
2022-01-14,MBB,13600,13190,13310,13380,11156.01171875,9472300,126739374000
2022-01-17,MBB,13880,13310,13410,13310,11099.5712890625,29430300,391717293000
2022-01-18,MBB,13700,13310,13410,13500,11250.07421875,14337200,193552200000
2022-01-19,MBB,13900,13360,13640,13360,11137.1982421875,12387700,165499672000
2022-01-20,MBB,13770,13190,13410,13640,11362.951171875,15630500,213200020000
2022-01-21,MBB,14580,13590,13640,14360,11964.962890625,50936100,731442396000
2022-01-24,MBB,14890,14280,14370,14490,12077.83984375,32125900,465504291000
2022-01-25,MBB,14760,14400,14440,14710,12265.96875,19837800,291814038000
2022-01-26,MBB,15300,14800,14880,15030,12529.34765625,27716900,416585007000
2022-01-27,MBB,15050,14690,14890,14890,12416.470703125,17661500,262979735000
2022-01-28,MBB,15440,14990,15030,15210,12679.8505859375,24027200,365453712000
2022-02-07,MBB,15570,15140,15480,15260,12717.4755859375,16801200,256386312000
2022-02-08,MBB,15420,15030,15170,15260,12717.4755859375,18663100,284798906000
2022-02-09,MBB,15420,15030,15260,15030,12529.34765625,21085800,316919574000
2022-02-10,MBB,15440,14920,14990,15240,12698.6630859375,23693800,361093512000
2022-02-11,MBB,15420,15210,15240,15320,12773.9140625,14162900,216975628000
2022-02-14,MBB,15260,14440,15120,14440,12040.2138671875,27316300,394447372000
2022-02-15,MBB,14850,14410,14510,14760,12040.2138671875,20740800,306134208000
2022-02-16,MBB,14920,14550,14880,14730,12284.78125,9311000,137151030000
2022-02-17,MBB,14990,14710,14730,14990,12491.7216796875,9334800,139928652000
2022-02-18,MBB,14920,14690,14850,14730,12284.78125,12480500,183837765000
2022-02-21,MBB,14850,14370,14710,14730,12284.78125,18822600,277256898000
2022-02-22,MBB,15530,14490,14670,15530,12943.2294921875,37458400,581728952000
2022-02-23,MBB,15750,15420,15610,15510,12924.416015625,17315400,268561854000
2022-02-24,MBB,15710,14990,15340,15340,12792.7275390625,29813600,457340624000
2022-02-25,MBB,15750,15390,15550,15390,12830.3525390625,16805000,258628950000
2022-02-28,MBB,15710,15340,15360,15530,12943.2294921875,12769600,198311888000
2022-03-01,MBB,15750,15280,15610,15340,12792.7275390625,16319400,250339596000
2022-03-02,MBB,15260,14630,15260,14670,12228.341796875,51622400,757300608000
2022-03-03,MBB,15030,14260,14850,14940,12454.095703125,29987400,448011756000
2022-03-04,MBB,15030,14710,14890,14850,12378.845703125,11201100,166336335000
2022-03-07,MBB,14730,14440,14540,14540,12115.4658203125,18840300,273937962000
2022-03-08,MBB,14440,13980,14360,13980,11663.95703125,25634800,358374504000
2022-03-09,MBB,14130,13650,13980,13880,11569.8935546875,24112200,334677336000
2022-03-10,MBB,14340,13980,14130,14010,11682.76953125,11866200,166245462000
2022-03-11,MBB,14310,14010,14010,14190,11833.271484375,11264100,159837579000
2022-03-14,MBB,14440,14080,14220,14280,11908.5244140625,15981400,228214392000
2022-03-15,MBB,14400,14150,14400,14260,11889.7119140625,8699100,124049166000
2022-03-16,MBB,14630,14400,14510,14490,12077.83984375,11226300,162669087000
2022-03-17,MBB,14790,14540,14640,14580,12134.2783203125,9614200,140175036000
2022-03-18,MBB,14690,14440,14670,14490,12077.83984375,9945300,144107397000
2022-03-21,MBB,14580,14360,14580,14540,12115.4658203125,11691900,170000226000
2022-03-22,MBB,14760,14540,14540,14640,12209.5283203125,11007000,161142480000
2022-03-23,MBB,14760,14510,14670,14510,12096.6513671875,9099900,132039549000
2022-03-24,MBB,14610,14440,14460,14460,12059.0263671875,8114800,117340008000
2022-03-25,MBB,14540,14360,14460,14360,11964.962890625,8093200,116218352000
2022-03-28,MBB,14410,14040,14360,14220,11852.0859375,12952600,184185972000
2022-03-29,MBB,14440,14220,14280,14440,12040.2138671875,7209800,104109512000
2022-03-30,MBB,15070,14360,14400,14730,12284.78125,30137100,443919483000
2022-03-31,MBB,14940,14730,14730,14880,12397.6572265625,12822600,190800288000
2022-04-01,MBB,15120,14800,14890,15030,12529.34765625,16261600,244411848000
2022-04-04,MBB,15240,14890,15240,14890,12416.470703125,12192900,181552281000
2022-04-05,MBB,14990,14730,14880,14730,12284.78125,9967500,146821275000
2022-04-06,MBB,15120,14670,14730,15050,12548.1591796875,16787300,252648865000
2022-04-07,MBB,15530,15120,15140,15210,12679.8505859375,24107500,366675075000
2022-04-08,MBB,15340,14940,15240,14990,12491.7216796875,11429800,171332702000
2022-04-12,MBB,15000,14540,14990,14550,12134.2783203125,15344600,223263930000
2022-04-13,MBB,14800,14540,14550,14710,12265.96875,13561000,199482310000
2022-04-14,MBB,14850,14580,14760,14580,12153.0908203125,7906600,115278228000
2022-04-15,MBB,14610,14130,14580,14180,11814.4599609375,15110600,214268308000
2022-04-18,MBB,14130,13600,14130,13680,11400.5771484375,17892400,244768032000
2022-04-19,MBB,13930,13220,13770,13220,11024.3203125,12751000,168568220000
2022-04-20,MBB,13560,13160,13270,13310,11099.5712890625,13037400,173527794000
2022-04-21,MBB,13790,13130,13310,13530,11287.7001953125,12604800,170542944000
2022-04-22,MBB,13900,13450,13680,13530,11287.7001953125,11431400,154666842000
2022-04-25,MBB,13770,12590,13640,12680,10572.8125,16198700,205399516000
2022-04-26,MBB,13290,12190,12630,13250,11043.1337890625,14781200,195850900000
2022-04-27,MBB,13440,13040,13110,13410,11174.8232421875,7174300,96207363000
2022-04-28,MBB,13500,13270,13450,13290,11080.7587890625,6266100,83276469000
2022-04-29,MBB,13500,13220,13250,13450,11212.44921875,8486800,114147460000
2022-05-04,MBB,13480,13040,13450,13040,10873.8173828125,7874800,102687392000
2022-05-05,MBB,13220,12750,13220,13090,10911.443359375,6904400,90378596000
2022-05-06,MBB,13000,12630,12870,12630,10535.1875,8851900,111799497000
2022-05-09,MBB,12550,11800,12450,11820,9857.9248046875,15746400,186122448000
2022-05-10,MBB,12200,11330,11640,12200,10177.7431640625,10841700,132268740000
2022-05-11,MBB,12410,12050,12200,12410,10347.0576171875,5764300,71534963000
2022-05-12,MBB,12320,11570,12190,11570,9650.984375,10183600,117824252000
2022-05-13,MBB,11820,10880,11730,10880,9067.7861328125,16132200,175518336000
2022-05-16,MBB,11430,11060,11380,11110,9255.916015625,7382400,82018464000
2022-05-17,MBB,11870,11090,11120,11870,9895.5498046875,8100400,96151748000
2022-05-18,MBB,12410,11920,12090,12020,10027.2412109375,8675300,104277106000
2022-05-19,MBB,12200,11730,11820,12070,10064.8662109375,6247500,75407325000
2022-05-20,MBB,12290,12000,12090,12190,10158.9306640625,5044800,61496112000
2022-05-23,MBB,12230,11780,12190,11870,9895.5498046875,6270000,74424900000
2022-05-24,MBB,12110,11800,11960,12110,10102.4912109375,6690500,81021955000
2022-05-25,MBB,12750,12190,12190,12650,10554.0,10916300,138091195000
2022-05-26,MBB,12770,12480,12770,12480,10403.4970703125,7260800,90614784000
2022-05-27,MBB,12710,12440,12500,12630,10535.1875,8373900,105762357000
2022-05-30,MBB,12750,12590,12750,12680,10572.8125,7937900,100652572000
2022-05-31,MBB,12630,12410,12630,12530,10441.1240234375,5285900,66232327000
2022-06-01,MBB,12630,12440,12450,12450,10384.6845703125,3928700,48912315000
2022-06-02,MBB,12580,12290,12440,12290,10384.6845703125,6488000,79737520000
2022-06-03,MBB,12370,12020,12290,12370,10309.4326171875,5169400,63945478000
2022-06-06,MBB,12440,12140,12370,12290,10252.9931640625,6941900,85315951000
2022-06-07,MBB,12320,11920,12320,12170,10140.1171875,5525200,67241684000
2022-06-08,MBB,12680,12170,12290,12620,10516.375,11821100,149182282000
2022-06-09,MBB,12710,12410,12710,12550,10459.935546875,4534900,56912995000
2022-06-10,MBB,12630,12380,12410,12410,10347.0576171875,4691800,58225238000
2022-06-13,MBB,12090,11550,12090,11570,9650.984375,16114100,186440137000
2022-06-14,MBB,11690,11280,11280,11510,9594.544921875,8736900,100561719000
2022-06-15,MBB,11510,10920,11390,11240,9368.791015625,15590400,175236096000
2022-06-16,MBB,11470,11240,11280,11240,9368.791015625,7121300,80043412000
2022-06-17,MBB,10880,10470,10670,10520,8766.7802734375,20939500,220283540000
2022-06-20,MBB,10670,9860,10520,10160,8465.775390625,9673800,98285808000
2022-06-21,MBB,10340,9940,10160,10130,8446.9619140625,6250400,63316552000
2022-06-22,MBB,10790,10220,10220,10580,8823.21875,10465500,110724990000
2022-06-23,MBB,10850,10490,10490,10850,9048.9736328125,5639300,61186405000
2022-06-24,MBB,10920,10700,10920,10700,8917.2822265625,3852800,41224960000
2022-06-27,MBB,10920,10660,10740,10880,9067.7861328125,5586500,60781120000
2022-06-28,MBB,11380,10670,10700,11140,9293.541015625,12393600,138064704000
2022-06-29,MBB,11330,10990,11090,11140,9293.541015625,8574900,95524386000
2022-06-30,MBB,11240,10920,11170,10920,9105.412109375,7182100,78428532000
2022-07-01,MBB,11010,10580,10720,10920,9105.412109375,7556500,82516980000
2022-07-04,MBB,11120,10880,10990,11110,9255.916015625,6320300,70218533000
2022-07-05,MBB,11640,11060,11120,11480,9575.7314453125,16498500,189402780000
2022-07-06,MBB,11540,11220,11280,11240,9368.791015625,7476900,84040356000
2022-07-07,MBB,11430,11060,11240,11330,9444.04296875,6572600,74467558000
2022-07-08,MBB,11420,11260,11420,11300,9425.2294921875,5547300,62684490000
2022-07-11,MBB,11300,10970,11240,11010,9180.6630859375,8268700,91038387000
2022-07-12,MBB,11380,10990,11060,11300,9180.6630859375,5855800,66170540000
2022-07-13,MBB,11630,11330,11420,11420,9519.2939453125,9654300,110252106000
2022-07-14,MBB,11540,11350,11350,11510,9594.544921875,7275700,83743307000
2022-07-15,MBB,11600,11470,11510,11480,9575.7314453125,8095200,92932896000
2022-07-18,MBB,11600,11470,11510,11470,9556.919921875,6138000,70402860000
2022-07-19,MBB,11470,11280,11430,11380,9481.6689453125,4745500,54003790000
2022-07-20,MBB,11570,11470,11510,11540,9613.359375,6881800,79415972000
2022-07-21,MBB,11630,11510,11510,11550,9632.1708984375,6680900,77164395000
2022-07-22,MBB,11690,11540,11550,11540,9613.359375,7085100,81762054000
2022-07-25,MBB,11540,11380,11480,11390,9500.48046875,3635800,41411762000
2022-07-26,MBB,11480,11330,11390,11350,9462.85546875,3588300,40727205000
2022-07-27,MBB,11330,11170,11280,11240,9368.791015625,5741100,64529964000
2022-07-28,MBB,11630,11330,11390,11540,9613.359375,9334500,107720130000
2022-07-29,MBB,11630,11510,11600,11570,9650.984375,7417700,85822789000
2022-08-01,MBB,11960,11570,11600,11960,9970.8017578125,12000800,143529568000
2022-08-02,MBB,12110,11870,11940,12070,10046.0537109375,8566700,103400069000
2022-08-03,MBB,12140,11820,12000,12140,10121.3046875,9891300,120080382000
2022-08-04,MBB,12290,12090,12170,12170,10140.1171875,11190600,136189602000
2022-08-05,MBB,12170,11990,12140,12170,10140.1171875,7492000,91177640000
2022-08-08,MBB,12290,12090,12190,12230,10196.5556640625,9053800,110727974000
2022-08-09,MBB,12450,12290,12370,12340,10290.619140625,10603300,130844722000
2022-08-10,MBB,12380,12230,12370,12290,10234.181640625,6366700,78246743000
2022-08-11,MBB,12410,12070,12380,12090,10083.6796875,11230700,135779163000
2022-08-12,MBB,12230,12050,12090,12200,10177.7431640625,4450800,54299760000
2022-08-15,MBB,12450,12290,12320,12340,10290.619140625,8106400,100032976000
2022-08-16,MBB,12370,12250,12320,12290,10252.9931640625,7037900,86495791000
2022-08-17,MBB,12580,12320,12320,12530,10441.1240234375,15404600,193019638000
2022-08-18,MBB,12580,12440,12500,12480,10403.4970703125,9052200,112971456000
2022-08-19,MBB,12500,12410,12500,12450,10384.6845703125,9125100,113607495000
2022-08-22,MBB,12700,12450,12620,12510,10429.8349609375,10635300,133047603000
2022-08-23,MBB,12590,12350,12350,12570,10474.984375,5629900,70767843000
2022-08-24,MBB,12670,12530,12590,12620,10520.13671875,7255700,91566934000
2022-08-25,MBB,12810,12590,12670,12810,10678.1640625,11501700,147336777000
2022-08-26,MBB,12940,12780,12870,12780,10655.587890625,10033100,128223018000
2022-08-29,MBB,12730,12410,12480,12670,10565.287109375,11961500,151552205000
2022-08-30,MBB,12940,12700,12750,12810,10678.1640625,9244300,118419483000
2022-08-31,MBB,12970,12750,12810,12870,10723.314453125,6925400,89129898000
2022-09-05,MBB,12940,12750,12830,12780,10655.587890625,6379400,81528732000
2022-09-06,MBB,12940,12750,12780,12810,10678.1640625,6889300,88251933000
2022-09-07,MBB,12890,12450,12830,12450,10384.6845703125,17408600,216737070000
2022-09-08,MBB,12590,12320,12510,12350,10294.3837890625,7960500,98312175000
2022-09-09,MBB,12430,12050,12430,12290,10249.2333984375,8649500,106302355000
2022-09-12,MBB,12450,12240,12450,12240,10204.0810546875,3013100,36880344000
2022-09-13,MBB,12320,12190,12270,12210,10181.505859375,5164700,63060987000
2022-09-14,MBB,12160,11920,11940,12140,10113.7802734375,6826100,82868854000
2022-09-15,MBB,12210,11940,12160,11990,10000.90234375,3587600,43015324000
2022-09-16,MBB,12110,11780,12050,11810,9842.8759765625,7015700,82855417000
2022-09-19,MBB,11810,11380,11750,11380,9481.6689453125,8312000,94590560000
2022-09-20,MBB,11560,11350,11560,11560,9639.6962890625,5166100,59720116000
2022-09-21,MBB,11480,11350,11480,11480,9571.970703125,4024600,46202408000
2022-09-22,MBB,11510,11300,11380,11510,9594.544921875,5328700,61333337000
2022-09-23,MBB,11560,11380,11480,11380,9481.6689453125,3718800,42319944000
2022-09-26,MBB,11330,10790,11150,10880,9075.3115234375,10186800,110832384000
2022-09-27,MBB,11030,10830,11030,10940,9120.462890625,3977700,43516038000
2022-09-28,MBB,10970,10810,10830,10810,9007.583984375,3502300,37859863000
2022-09-29,MBB,10970,10730,10940,10730,8939.857421875,4316000,46310680000
2022-09-30,MBB,10830,10460,10670,10830,9030.16015625,7530200,81552066000
2022-10-03,MBB,10790,10070,10790,10130,8443.19921875,9067500,91853775000
2022-10-04,MBB,10400,10020,10400,10190,8488.3505859375,8395600,85551164000
2022-10-05,MBB,10530,10320,10340,10400,8668.953125,5029100,52302640000
2022-10-06,MBB,10370,9780,10370,9800,8172.29443359375,7524400,73739120000
2022-10-07,MBB,9640,9130,9510,9180,7653.0615234375,41168300,377924994000
2022-10-10,MBB,9430,8960,9180,9340,7788.513671875,11369000,106186460000
2022-10-11,MBB,9370,8690,9370,8690,7246.70361328125,19396700,168557323000
2022-10-12,MBB,9290,8740,8740,9290,7743.36279296875,12285200,114129508000
2022-10-13,MBB,9510,9210,9290,9430,7856.23974609375,6810300,64221129000
2022-10-14,MBB,9910,9530,9690,9640,8036.8427734375,12143100,117059484000
2022-10-17,MBB,9640,9260,9580,9480,7901.3896484375,9748400,92414832000
2022-10-18,MBB,9850,9450,9730,9510,7923.9658203125,9558200,90898482000
2022-10-19,MBB,9640,9340,9580,9480,7901.3896484375,5589900,52992252000
2022-10-20,MBB,9480,9290,9450,9290,7743.36279296875,6782800,63012212000
2022-10-21,MBB,9340,8720,9340,8720,7269.279296875,13740600,119818032000
2022-10-24,MBB,8910,8370,8830,8440,7043.52490234375,17418100,147008764000
2022-10-25,MBB,9020,8400,8530,8880,7404.73193359375,16036100,142400568000
2022-10-26,MBB,9100,8800,8880,8880,7404.73193359375,7264900,64512312000
2022-10-27,MBB,9480,8930,8930,9480,7901.3896484375,13098100,124169988000
2022-10-28,MBB,9830,9430,9640,9560,7969.1171875,13950700,133368692000
2022-10-31,MBB,9690,9210,9580,9580,7991.6923828125,12195900,116836722000
2022-11-01,MBB,9970,9670,9750,9750,8127.14404296875,20853600,203322600000
2022-11-02,MBB,9850,9640,9750,9690,8081.99267578125,10212800,98962032000
2022-11-03,MBB,9750,9530,9560,9560,7969.1171875,8904700,85128932000
2022-11-04,MBB,9690,8930,9390,9690,8081.99267578125,24980500,242061045000
2022-11-07,MBB,9610,9180,9530,9180,7653.0615234375,11584700,106347546000
2022-11-08,MBB,9450,8990,9070,9320,7765.9384765625,8719400,81264808000
2022-11-09,MBB,9510,9150,9370,9180,7653.0615234375,8437500,77456250000
2022-11-10,MBB,9150,8560,9130,8560,7133.82666015625,20036100,171509016000
2022-11-11,MBB,9040,8640,8800,8670,7224.1279296875,11973100,103806777000
2022-11-14,MBB,8640,8180,8640,8230,6862.92138671875,12028900,98997847000
2022-11-15,MBB,8230,7660,8130,7660,6388.8388671875,23481100,179865226000
2022-11-16,MBB,8180,7150,7280,8180,6817.77099609375,26090000,213416200000
2022-11-17,MBB,8620,8180,8320,8500,7088.67529296875,14823700,126001450000
2022-11-18,MBB,8770,8130,8400,8500,7088.67529296875,12899700,109647450000
2022-11-21,MBB,8720,8440,8620,8500,7088.67529296875,10728100,91188850000
2022-11-22,MBB,8910,8440,8500,8560,7133.82666015625,13394200,114654352000
2022-11-23,MBB,8720,8500,8560,8500,7088.67529296875,7371600,62658600000
2022-11-24,MBB,8580,8340,8470,8500,7088.67529296875,6351200,53985200000
2022-11-25,MBB,8770,8530,8560,8770,7314.43017578125,9855300,86430981000
2022-11-28,MBB,9320,8880,8910,9320,7765.9384765625,15454800,144038736000
2022-11-29,MBB,9450,9100,9320,9320,7765.9384765625,15129300,141005076000
2022-11-30,MBB,9510,9180,9370,9430,7856.23974609375,13189800,124379814000
2022-12-01,MBB,9970,9450,9580,9640,8036.8427734375,27681100,266845804000
2022-12-02,MBB,10190,9510,9640,10190,8488.3505859375,16329100,166393529000
2022-12-05,MBB,10460,10160,10280,10280,8578.65234375,19932400,204905072000
2022-12-06,MBB,10320,9580,10280,9580,7991.6923828125,22074300,211471794000
2022-12-07,MBB,9690,9340,9560,9370,7811.08837890625,12155000,113892350000
2022-12-08,MBB,10020,9510,9580,9800,8172.29443359375,13815500,135391900000
2022-12-09,MBB,9910,9610,9850,9850,8217.4453125,9428700,92872695000
2022-12-12,MBB,9970,9560,9850,9580,7991.6923828125,12469800,119460684000
2022-12-13,MBB,9750,9480,9610,9750,8127.14404296875,7967900,77687025000
2022-12-14,MBB,9970,9750,9940,9830,8194.87109375,10436100,102586863000
2022-12-15,MBB,10400,9750,9750,10260,8556.0771484375,24163100,247913406000
2022-12-16,MBB,10340,10130,10130,10190,8488.3505859375,11673800,118956022000
2022-12-19,MBB,10430,9940,10190,9940,8285.171875,14375300,142890482000
2022-12-20,MBB,9990,9430,9910,9530,7946.5400390625,18204000,173484120000
2022-12-21,MBB,9690,9260,9670,9580,7991.6923828125,8645000,82819100000
2022-12-22,MBB,9910,9580,9690,9750,8127.14404296875,7706500,75138375000
2022-12-23,MBB,9730,9530,9730,9610,8014.267578125,4508000,43321880000
2022-12-26,MBB,9610,9100,9580,9100,7585.3349609375,9429800,85811180000
2022-12-27,MBB,9370,9130,9180,9340,7788.513671875,5626400,52550576000
2022-12-28,MBB,9530,9230,9370,9450,7878.814453125,4608400,43549380000
2022-12-29,MBB,9530,9370,9370,9430,7856.23974609375,4182700,39442861000
2022-12-30,MBB,9510,9260,9510,9260,7720.78759765625,4128900,38233614000
2023-01-03,MBB,9750,9320,9320,9750,8127.14404296875,7538000,73495500000
2023-01-04,MBB,9880,9730,9800,9730,8104.56884765625,7750200,75409446000
2023-01-05,MBB,9880,9640,9750,9850,8217.4453125,7746900,76306965000
2023-01-06,MBB,10160,9750,9780,9880,8240.021484375,10917100,107860948000
2023-01-09,MBB,10020,9850,10020,9880,8240.021484375,5950900,58794892000
2023-01-10,MBB,9940,9800,9850,9850,8217.4453125,6400600,63045910000
2023-01-11,MBB,9990,9850,9880,9880,8240.021484375,6466400,63888032000
2023-01-12,MBB,9970,9830,9910,9880,8240.021484375,7333700,72456956000
2023-01-13,MBB,10040,9880,9970,9880,8240.021484375,7999500,79035060000
2023-01-16,MBB,10040,9850,9910,10020,8352.8974609375,6246800,62592936000
2023-01-17,MBB,10510,10070,10130,10510,8759.255859375,18897600,198613776000
2023-01-18,MBB,10580,10400,10560,10580,8826.9814453125,9911300,104861554000
2023-01-19,MBB,10700,10510,10560,10620,8849.556640625,11064200,117501804000
2023-01-27,MBB,10880,10640,10790,10670,8894.70703125,9203700,98203479000
2023-01-30,MBB,10730,10430,10730,10430,8691.529296875,12664300,132088649000
2023-01-31,MBB,10580,10160,10400,10580,8826.9814453125,14967100,158351918000
2023-02-01,MBB,10810,10230,10670,10230,8533.5009765625,15740700,161027361000
2023-02-02,MBB,10340,10040,10340,10260,8556.0771484375,12208800,125262288000
2023-02-03,MBB,10340,10070,10260,10070,8398.0478515625,10022600,100927582000
2023-02-06,MBB,10230,10020,10070,10130,8443.19921875,6636100,67223693000
2023-02-07,MBB,10220,9940,10220,9940,8285.171875,7675200,76291488000
2023-02-08,MBB,10130,9880,10020,9970,8307.7470703125,5590000,55732300000
2023-02-09,MBB,10130,9940,9970,9990,8330.3232421875,6332800,63264672000
2023-02-10,MBB,10070,9910,10040,9910,8262.5966796875,5991700,59377747000
2023-02-13,MBB,9850,9610,9850,9750,8127.14404296875,9869700,96229575000
2023-02-14,MBB,9830,9640,9750,9670,8059.41845703125,6596300,63786221000
2023-02-15,MBB,9880,9610,9610,9750,8127.14404296875,6518300,63553425000
2023-02-16,MBB,9940,9780,9800,9880,8240.021484375,4742200,46852936000
2023-02-17,MBB,9970,9800,9880,9800,8172.29443359375,4793200,46973360000
2023-02-20,MBB,10230,9800,9800,10230,8533.5009765625,8602000,87998460000
2023-02-21,MBB,10340,10070,10280,10070,8398.0478515625,6951800,70004626000
2023-02-22,MBB,10020,9880,9970,9880,8240.021484375,9875600,97570928000
2023-02-23,MBB,9850,9580,9750,9830,8194.87109375,16330000,160523900000
2023-02-24,MBB,9880,9580,9830,9580,7991.6923828125,10072300,96492634000
2023-02-27,MBB,9480,9340,9450,9340,7788.513671875,8046000,75149640000
2023-02-28,MBB,9560,9290,9390,9340,7788.513671875,6163100,57563354000
2023-03-01,MBB,9560,9210,9290,9560,7969.1171875,6320200,60421112000
2023-03-02,MBB,9580,9390,9560,9430,7856.23974609375,3836100,36174423000
2023-03-03,MBB,9480,9290,9480,9290,7743.36279296875,4741300,44046677000
2023-03-06,MBB,9580,9370,9430,9370,7811.08837890625,6831800,64013966000
2023-03-07,MBB,9530,9390,9430,9430,7856.23974609375,6173500,58216105000
2023-03-08,MBB,9530,9320,9370,9530,7946.5400390625,7409200,70609676000
2023-03-09,MBB,9730,9530,9560,9640,8036.8427734375,8058600,77684904000
2023-03-10,MBB,9640,9530,9640,9610,8014.267578125,5294100,50876301000
2023-03-13,MBB,9530,9390,9390,9480,7901.3896484375,8529600,80860608000
2023-03-14,MBB,9510,9320,9480,9320,7765.9384765625,8471100,78950652000
2023-03-15,MBB,9670,9480,9530,9640,8036.8427734375,6281500,60553660000
2023-03-16,MBB,9580,9430,9580,9450,7878.814453125,5752900,54364905000
2023-03-17,MBB,9580,9450,9580,9450,7878.814453125,4267500,40327875000
2023-03-20,MBB,9530,9370,9530,9370,7811.08837890625,5987700,56104749000
2023-03-21,MBB,9480,9320,9450,9390,7833.6640625,8042400,75518136000
2023-03-22,MBB,9510,9390,9480,9430,7856.23974609375,5027900,47413097000
2023-03-23,MBB,9450,9370,9370,9430,7856.23974609375,3505500,33056865000
2023-03-24,MBB,9730,9530,9580,9640,8014.267578125,15656500,150928660000
2023-03-27,MBB,9750,9580,9640,9640,8104.56884765625,7446300,71782332000
2023-03-28,MBB,9910,9750,9780,9780,8127.14404296875,11800300,115406934000
2023-03-29,MBB,9970,9800,9830,9880,8262.5966796875,9648600,95328168000
2023-03-30,MBB,10020,9880,9970,9910,8240.021484375,8802700,87234757000
2023-03-31,MBB,9970,9830,9910,9910,8240.021484375,9923100,98337921000
2023-04-03,MBB,10130,9970,10020,10100,8443.19921875,19395600,195895560000
2023-04-04,MBB,10190,10070,10160,10160,8465.775390625,10539600,107082336000
2023-04-05,MBB,10220,10070,10160,10160,8488.3505859375,9635300,97894648000
2023-04-06,MBB,10230,10040,10220,10130,8352.8974609375,10867600,110088788000
2023-04-07,MBB,10070,9940,10020,10070,8398.0478515625,8317000,83752190000
2023-04-10,MBB,10280,10070,10130,10070,8398.0478515625,13106100,131978427000
2023-04-11,MBB,10190,9990,10070,10160,8465.775390625,6307800,64087248000
2023-04-12,MBB,10190,10040,10190,10100,8443.19921875,7727200,78044720000
2023-04-13,MBB,10160,10020,10130,10020,8375.4736328125,5779300,57908586000
2023-04-14,MBB,10130,9940,10070,9970,8262.5966796875,6694200,66741174000
2023-04-17,MBB,9940,9830,9850,9880,8240.021484375,5389300,53246284000
2023-04-18,MBB,9970,9780,9940,9830,8194.87109375,5551400,54570262000
2023-04-19,MBB,9910,9830,9880,9830,8172.29443359375,3847700,37822891000
2023-04-20,MBB,9850,9780,9800,9830,8194.87109375,3123200,30701056000
2023-04-21,MBB,9880,9780,9830,9780,8149.71923828125,3445700,33698946000
2023-04-24,MBB,9910,9750,9780,9830,8240.021484375,4894100,48109003000
2023-04-25,MBB,9970,9830,9970,9850,8240.021484375,4316700,42519495000
2023-04-26,MBB,9910,9800,9880,9910,8285.171875,4487900,44475089000
2023-04-27,MBB,9990,9910,9970,9940,8307.7470703125,3042400,30241456000
2023-04-28,MBB,10040,9940,10020,9970,8330.3232421875,2812300,28038631000
2023-05-04,MBB,9990,9830,9940,9850,8217.4453125,5832800,57453080000
2023-05-05,MBB,9880,9800,9850,9830,8172.29443359375,3681100,36185213000
2023-05-08,MBB,9910,9830,9850,9880,8240.021484375,3883200,38366016000
2023-05-09,MBB,9940,9850,9910,9910,8262.5966796875,4395400,43558414000
2023-05-10,MBB,10020,9880,9910,9990,8352.8974609375,6554100,65475459000
2023-05-11,MBB,10100,9990,10070,9990,8352.8974609375,7199000,71918010000
2023-05-12,MBB,10100,9970,10040,10100,8420.6240234375,6708400,67754840000
2023-05-15,MBB,10340,10130,10160,10190,8510.9267578125,17462000,177937780000
2023-05-16,MBB,10260,10130,10220,10190,8488.3505859375,6642900,67691151000
2023-05-17,MBB,10190,9990,10160,9990,8330.3232421875,8628500,86198715000
2023-05-18,MBB,10100,9990,10040,10070,8398.0478515625,6659500,67061165000
2023-05-19,MBB,10130,10040,10070,10100,8420.6240234375,3793700,38316370000
2023-05-22,MBB,10230,10100,10130,10190,8510.9267578125,7663000,78085970000
2023-05-23,MBB,10280,10130,10230,10160,8465.775390625,7049600,71623936000
2023-05-24,MBB,10220,10040,10190,10070,8465.775390625,5545300,55841171000
2023-05-25,MBB,10070,9990,10070,9990,8330.3232421875,4734100,47293659000
2023-05-26,MBB,10020,9970,10020,9990,8330.3232421875,3904600,39006954000
2023-05-29,MBB,10160,10020,10070,10160,8465.775390625,5967700,60631832000
2023-05-30,MBB,10220,10100,10190,10160,8465.775390625,6586200,66915792000
2023-05-31,MBB,10220,10070,10190,10070,8398.0478515625,6883600,69317852000
2023-06-01,MBB,10190,10040,10070,10190,8488.3505859375,8436200,85964878000
2023-06-02,MBB,10750,10320,10340,10670,8894.70703125,32990200,352005434000
2023-06-05,MBB,10880,10700,10790,10730,8939.857421875,19459500,208800435000
2023-06-06,MBB,11090,10730,10790,11090,9233.33984375,22794800,252794332000
2023-06-07,MBB,11130,10970,11090,11030,9188.1884765625,13438700,148228861000
2023-06-08,MBB,11090,10830,11030,10830,9030.16015625,13684000,148197720000
2023-06-09,MBB,10970,10830,10880,10970,9143.037109375,10356300,113608611000
2023-06-12,MBB,11050,10830,11000,11030,9188.1884765625,8998800,99256764000
2023-06-13,MBB,11050,10910,11050,11000,9165.61328125,10597200,116569200000
2023-06-14,MBB,11220,10970,11160,10970,9142.466796875,10935300,119960241000
2023-06-15,MBB,11030,10910,10970,10940,9119.3212890625,9499700,103926718000
2023-06-16,MBB,11220,10940,11030,10940,9119.3212890625,13940800,152512352000
2023-06-19,MBB,11000,10850,10940,10850,9049.8857421875,7035800,76338430000
2023-06-20,MBB,10910,10800,10880,10910,9096.1767578125,5486900,59862079000
2023-06-21,MBB,11030,10910,10940,11030,9188.7578125,6046900,66697307000
2023-06-22,MBB,11300,11050,11160,11050,9188.7578125,14809200,163641660000
2023-06-23,MBB,11270,11130,11180,11220,9350.77734375,12309000,138106980000
2023-06-26,MBB,11410,11090,11220,11220,9350.77734375,10578300,118688526000
2023-06-27,MBB,11270,11110,11240,11160,9304.4853515625,10740400,119862864000
2023-06-28,MBB,11550,11160,11220,11490,9582.2314453125,20851400,239582586000
2023-06-29,MBB,11490,11270,11490,11270,9397.0673828125,14003400,157818318000
2023-06-30,MBB,11330,11180,11270,11220,9350.77734375,6684900,75004578000
2023-07-03,MBB,11300,11160,11270,11220,9350.77734375,9793600,109884192000
2023-07-04,MBB,11300,11160,11220,11300,9420.212890625,6877800,77719140000
2023-07-05,MBB,11470,11270,11390,11330,9443.3583984375,12998200,147269606000
2023-07-06,MBB,11410,11180,11360,11220,9350.77734375,15187700,170405994000
2023-07-07,MBB,11360,11160,11220,11360,9466.50390625,11916900,135375984000
2023-07-10,MBB,11580,11410,11430,11520,9605.376953125,16787800,193395456000
2023-07-11,MBB,11770,11520,11520,11770,9813.6865234375,17352800,204242456000
2023-07-12,MBB,11830,11600,11770,11660,9721.1044921875,13112300,152889418000
2023-07-13,MBB,11800,11600,11690,11720,9767.3955078125,17942000,210280240000
2023-07-14,MBB,11980,11750,11910,11910,9928.2568359375,18525700,220641087000
2023-07-17,MBB,12030,11810,11980,11880,9901.638671875,11006300,130754844000
2023-07-18,MBB,11910,11780,11880,11880,9901.638671875,7522800,89370864000
2023-07-19,MBB,11940,11750,11880,11750,9795.1708984375,11684700,137295225000
2023-07-20,MBB,11810,11690,11750,11780,9821.7880859375,6450600,75988068000
2023-07-21,MBB,11910,11750,11840,11910,9928.2568359375,8385700,99873687000
2023-07-24,MBB,11980,11840,11910,11980,9981.490234375,8951300,107236574000
2023-07-25,MBB,12200,11940,11980,12000,10008.1083984375,9542500,114510000000
2023-07-26,MBB,12030,11910,12000,11980,9981.490234375,5932000,71065360000
2023-07-27,MBB,12000,11810,11980,11880,9901.638671875,9462200,112410936000
2023-07-28,MBB,11940,11840,11840,11940,9954.8740234375,7023300,83858202000
2023-07-31,MBB,12070,11940,12030,12030,10034.7265625,9975800,120008874000
2023-08-01,MBB,12350,12030,12070,12030,10034.7265625,14322700,172302081000
2023-08-02,MBB,12100,11980,12030,12070,10061.34375,6157300,74318611000
2023-08-03,MBB,12200,12000,12100,12030,10034.7265625,11080500,133298415000
2023-08-04,MBB,12230,12000,12030,12140,10114.5771484375,14888400,180745176000
2023-08-07,MBB,12380,12170,12230,12350,10300.8994140625,15213700,187889195000
2023-08-08,MBB,12450,12230,12450,12260,10221.046875,9235400,113226004000
2023-08-09,MBB,12290,12140,12260,12230,10194.4296875,10704200,130912366000
2023-08-10,MBB,12260,12070,12260,12070,10061.34375,9206500,111122455000
2023-08-11,MBB,12170,11910,12140,12070,10061.34375,8673900,104693973000
2023-08-14,MBB,12200,11980,12100,12100,10087.9599609375,8091000,97901100000
2023-08-15,MBB,12140,12000,12100,12100,10087.9599609375,5612500,67911250000
2023-08-16,MBB,12260,12000,12070,12140,10114.5771484375,9752400,118394136000
2023-08-17,MBB,12140,12030,12140,12030,10034.7265625,7913000,95193390000
2023-08-18,MBB,12000,11430,12000,11560,9635.466796875,22006600,254396296000
2023-08-21,MBB,11720,11400,11490,11590,9662.0830078125,9217300,106828507000
2023-08-22,MBB,11690,11330,11690,11630,9688.701171875,8055700,93687791000
2023-08-23,MBB,11690,11490,11690,11490,9582.2314453125,5796400,66600636000
2023-08-24,MBB,11720,11490,11560,11660,9715.318359375,6694700,78060202000
2023-08-25,MBB,11630,11560,11630,11560,9635.466796875,4769800,55138888000
2023-08-28,MBB,11690,11530,11660,11630,9688.701171875,7012700,81557701000
2023-08-29,MBB,11720,11590,11660,11660,9715.318359375,9455200,110247632000
2023-08-30,MBB,11810,11660,11690,11750,9795.1708984375,6958400,81761200000
2023-08-31,MBB,11840,11750,11750,11810,9848.4052734375,6532600,77150006000
2023-09-05,MBB,12290,11840,11880,12230,10194.4296875,21471900,262601337000
2023-09-06,MBB,12290,12070,12260,12290,10247.6640625,13817100,169812159000
2023-09-07,MBB,12520,12230,12290,12320,10274.28125,22260900,274254288000
2023-09-08,MBB,12350,12200,12320,12200,10167.8125,11166600,136232520000
2023-09-11,MBB,12350,11980,12350,11980,9981.490234375,15039500,180173210000
2023-09-12,MBB,12290,11980,12030,12290,10247.6640625,10919700,134203113000
2023-09-13,MBB,12350,12070,12320,12170,10141.1953125,13465900,163880003000
2023-09-14,MBB,12350,12140,12200,12230,10194.4296875,14933100,182631813000
2023-09-15,MBB,12590,12200,12260,12380,10327.5166015625,26331800,325987684000
2023-09-18,MBB,12380,12140,12380,12230,10194.4296875,11785300,144134219000
2023-09-19,MBB,12260,12070,12230,12140,10114.5771484375,11543100,140133234000
2023-09-20,MBB,12260,12100,12170,12260,10221.046875,8913100,109274606000
2023-09-21,MBB,12350,12030,12260,12100,10087.9599609375,12591900,152361990000
2023-09-22,MBB,12000,11690,11980,11940,9954.8740234375,18963000,226418220000
2023-09-25,MBB,11980,11560,11940,11560,9635.466796875,13427000,155216120000
2023-09-26,MBB,11780,11560,11590,11660,9715.318359375,11092100,129333886000
2023-09-27,MBB,11810,11590,11590,11810,9848.4052734375,8671600,102411596000
2023-09-28,MBB,11840,11630,11720,11810,9848.4052734375,6705800,79195498000
2023-09-29,MBB,11910,11810,11810,11810,9848.4052734375,4152200,49037482000
2023-10-02,MBB,11940,11750,11840,11880,9901.638671875,4522900,53732052000
2023-10-03,MBB,11810,11490,11750,11530,9608.8486328125,11258300,129808199000
2023-10-04,MBB,11660,11460,11530,11590,9662.0830078125,7412300,85908557000
2023-10-05,MBB,11690,11490,11630,11530,9608.8486328125,7416600,85513398000
2023-10-06,MBB,11630,11460,11530,11590,9662.0830078125,4861600,56345944000
2023-10-09,MBB,11690,11490,11590,11690,9741.935546875,11157200,130427668000
2023-10-10,MBB,11840,11720,11750,11780,9821.7880859375,7369700,86815066000
2023-10-11,MBB,11810,11690,11750,11810,9848.4052734375,4804600,56742326000
2023-10-12,MBB,11840,11720,11810,11720,9768.552734375,5444000,63803680000
2023-10-13,MBB,11810,11660,11690,11780,9821.7880859375,5817700,68532506000
2023-10-16,MBB,11780,11630,11780,11630,9688.701171875,5461500,63517245000
2023-10-17,MBB,11780,11560,11690,11560,9635.466796875,5442800,62918768000
2023-10-18,MBB,11630,11240,11560,11330,9449.14453125,10950900,124073697000
2023-10-19,MBB,11430,11240,11330,11270,9395.91015625,5647000,63641690000
2023-10-20,MBB,11490,11180,11270,11460,9555.6142578125,5181500,59379990000
2023-10-23,MBB,11490,11300,11460,11370,9475.76171875,3717700,42270249000
2023-10-24,MBB,11490,11330,11370,11430,9528.9970703125,4385200,50122836000
2023-10-25,MBB,11530,11370,11460,11370,9475.76171875,4493500,51091095000
2023-10-26,MBB,11270,10880,11270,10980,9156.3544921875,12351800,135622764000
2023-10-27,MBB,11180,10950,11020,11140,9289.4404296875,9068900,101027546000
2023-10-30,MBB,11140,10850,11020,10850,9049.8857421875,3338400,36221640000
2023-10-31,MBB,11050,10820,10980,10920,9103.1201171875,6590100,71963892000
2023-11-01,MBB,11050,10920,10980,10980,9156.3544921875,5320800,58422384000
2023-11-02,MBB,11330,11050,11090,11300,9422.5283203125,6927200,78277360000
2023-11-03,MBB,11400,11120,11370,11120,9262.82421875,11866000,131949920000
2023-11-06,MBB,11490,11210,11240,11460,9555.6142578125,8669400,99351324000
2023-11-07,MBB,11490,11300,11460,11370,9475.76171875,4536900,51584553000
2023-11-08,MBB,11750,11300,11370,11720,9768.552734375,10717500,125609100000
2023-11-09,MBB,11810,11660,11750,11720,9768.552734375,9726700,113996924000
2023-11-10,MBB,11750,11460,11630,11490,9582.2314453125,12805000,147129450000
2023-11-13,MBB,11590,11400,11490,11560,9635.466796875,6653200,76910992000
2023-11-14,MBB,11910,11590,11590,11780,9821.7880859375,13834400,162969232000
2023-11-15,MBB,11980,11780,11940,11840,9875.021484375,13588700,160890208000
2023-11-16,MBB,11840,11720,11780,11810,9848.4052734375,5071800,59897958000
2023-11-17,MBB,11880,11430,11880,11630,9688.701171875,13289500,154556885000
2023-11-20,MBB,11660,11330,11330,11490,9582.2314453125,8981200,103193988000
2023-11-21,MBB,11660,11460,11630,11560,9635.466796875,5856100,67696516000
2023-11-22,MBB,11590,11460,11590,11530,9608.8486328125,7610300,87746759000
2023-11-23,MBB,11590,11430,11560,11430,9528.9970703125,7027300,80322039000
2023-11-24,MBB,11490,11240,11430,11400,9502.3798828125,8018700,91413180000
2023-11-27,MBB,11460,11210,11400,11240,9369.29296875,7109700,79913028000
2023-11-28,MBB,11430,11140,11240,11400,9502.3798828125,6648000,75787200000
2023-11-29,MBB,11430,11300,11370,11400,9502.3798828125,5445800,62082120000
2023-11-30,MBB,11460,11330,11400,11370,9475.76171875,5666600,64429242000
2023-12-01,MBB,11400,11300,11400,11370,9475.76171875,4410300,50145111000
2023-12-04,MBB,11560,11370,11370,11530,9608.8486328125,17334900,199871397000
2023-12-05,MBB,11560,11460,11530,11530,9608.8486328125,6116600,70524398000
2023-12-06,MBB,11590,11490,11530,11560,9635.466796875,7014600,81088776000
2023-12-07,MBB,11720,11530,11590,11660,9715.318359375,13916000,162260560000
2023-12-08,MBB,11720,11590,11660,11630,9688.701171875,7469400,86869122000
2023-12-11,MBB,11660,11530,11630,11590,9662.0830078125,4875100,56502409000
2023-12-12,MBB,11660,11560,11590,11660,9715.318359375,4876200,56856492000
2023-12-13,MBB,11720,11530,11660,11530,9608.8486328125,7175500,82733515000
2023-12-14,MBB,11630,11490,11590,11530,9608.8486328125,5301300,61123989000
2023-12-15,MBB,11630,11490,11530,11530,9608.8486328125,5540900,63886577000
2023-12-18,MBB,11590,11460,11530,11490,9582.2314453125,5275400,60614346000
2023-12-19,MBB,11630,11460,11490,11590,9662.0830078125,5896500,68340435000
2023-12-20,MBB,11630,11530,11590,11590,9662.0830078125,3086000,35766740000
2023-12-21,MBB,11590,11490,11560,11590,9662.0830078125,3981300,46143267000
2023-12-22,MBB,11780,11560,11590,11690,9741.935546875,8546800,99912092000
2023-12-25,MBB,11840,11690,11720,11750,9795.1708984375,6586700,77393725000
2023-12-26,MBB,11810,11690,11750,11780,9821.7880859375,4260100,50183978000
2023-12-27,MBB,11810,11720,11810,11750,9795.1708984375,5784500,67967875000
2023-12-28,MBB,11880,11720,11750,11840,9875.021484375,9880100,116980384000
2023-12-29,MBB,12030,11840,11880,11910,9928.2568359375,13814600,164531886000
2024-01-02,MBB,12140,11910,11940,12030,10034.7265625,13785400,165838362000
2024-01-03,MBB,12260,11940,11980,12230,10194.4296875,13854700,169442981000
2024-01-04,MBB,13060,12230,12230,12830,10700.158203125,49414900,633993167000
2024-01-05,MBB,13090,12830,12830,13090,10913.09765625,22517200,294750148000
2024-01-08,MBB,13310,13030,13160,13220,11019.5654296875,20147300,266347306000
2024-01-09,MBB,13340,13090,13250,13310,11099.41796875,19794000,263458140000
2024-01-10,MBB,13500,13190,13310,13340,11126.0341796875,24684700,329293898000
2024-01-11,MBB,13480,13090,13340,13190,10992.9482421875,24683900,325580641000
2024-01-12,MBB,13770,13030,13090,13640,11365.5908203125,45903400,626122376000
2024-01-15,MBB,13980,13670,13740,13700,11418.8271484375,25082400,343628880000
2024-01-16,MBB,13740,13500,13700,13740,11445.443359375,17491400,240331836000
2024-01-17,MBB,13920,13600,13790,13740,11445.443359375,20484100,281451534000
2024-01-18,MBB,13890,13600,13670,13860,11551.912109375,23623500,327421710000
2024-01-19,MBB,14140,13860,13920,14080,11738.2333984375,21610300,304273024000
2024-01-22,MBB,14400,14050,14240,14110,11764.8505859375,29129500,411017245000
2024-01-23,MBB,14280,13980,14110,14020,11684.9990234375,15904700,222983894000
2024-01-24,MBB,14140,13920,13950,13980,11658.3818359375,12689700,177402006000
2024-01-25,MBB,14020,13860,14020,13980,11658.3818359375,14697100,205465458000
2024-01-26,MBB,14140,13980,13980,14050,11711.6162109375,9493000,133376650000
2024-01-29,MBB,14340,14050,14050,14140,11791.46875,15667000,221531380000
2024-01-30,MBB,14210,13950,14140,14110,11764.8505859375,14352700,202516597000
2024-01-31,MBB,14210,13830,14210,13890,11578.529296875,27845100,386768439000
2024-02-01,MBB,14020,13790,13860,13980,11658.3818359375,11396700,159325866000
2024-02-02,MBB,14050,13890,13980,13890,11658.3818359375,15083600,209511204000
2024-02-05,MBB,14790,13890,13890,14660,12217.3447265625,37093300,543787778000
2024-02-06,MBB,14790,14660,14690,14720,12270.580078125,11519300,169564096000
2024-02-07,MBB,15140,14750,14750,15000,12510.1357421875,21181800,317727000000
2024-02-15,MBB,15450,15030,15140,15420,12856.16015625,24091300,371487846000
2024-02-16,MBB,15390,15140,15390,15330,12776.30859375,16165200,247812516000
2024-02-19,MBB,15390,15070,15330,15290,12749.69140625,20952600,320365254000
2024-02-20,MBB,15390,15100,15240,15240,12696.45703125,20313600,309579264000
2024-02-21,MBB,15450,15140,15240,15330,12776.30859375,24984200,383007786000
2024-02-22,MBB,15390,15240,15330,15290,12749.69140625,14943900,228492231000
2024-02-23,MBB,15780,15170,15330,15260,12723.0732421875,49051800,748530468000
2024-02-26,MBB,15360,15100,15260,15330,12776.30859375,21383500,327809055000
2024-02-27,MBB,15610,15240,15360,15480,12909.39453125,22906700,354595716000
2024-02-28,MBB,15680,15420,15550,15580,12989.248046875,19275500,300312290000
2024-02-29,MBB,15680,15290,15640,15420,12856.16015625,24034500,370611990000
2024-03-01,MBB,15420,15200,15390,15330,12776.30859375,20474600,313875618000
2024-03-04,MBB,15610,15170,15390,15450,12882.7783203125,31949800,493624410000
2024-03-05,MBB,15740,15390,15450,15710,13095.716796875,22768900,357699419000
2024-03-06,MBB,16059,15550,15710,15710,13095.716796875,29870100,469259271000
2024-03-07,MBB,15840,15550,15780,15580,12989.248046875,19759000,307845220000
2024-03-08,MBB,15640,15070,15640,15070,12563.37109375,49382200,744189754000
2024-03-11,MBB,15070,14560,15030,14660,12217.3447265625,34911300,511799658000
2024-03-12,MBB,14850,14530,14630,14750,12297.197265625,19120400,282025900000
2024-03-13,MBB,15240,14750,14750,15240,12696.45703125,15265200,232641648000
2024-03-14,MBB,15290,14940,15290,14970,12483.5185546875,18358800,274831236000
2024-03-15,MBB,15240,14790,14970,15200,12669.83984375,18886100,287068720000
2024-03-18,MBB,15200,14310,15170,14820,12350.431640625,31782600,471018132000
2024-03-19,MBB,14910,14660,14820,14820,12350.431640625,13605300,201630546000
2024-03-20,MBB,15580,14750,14820,15420,12856.16015625,39357200,606888024000
2024-03-21,MBB,15810,15390,15520,15810,13175.568359375,30974800,489711588000
2024-03-22,MBB,16410,15870,15960,15990,13335.271484375,41534600,664138254000
2024-03-25,MBB,16190,15710,15990,15780,13148.951171875,21215200,334775856000
2024-03-26,MBB,16129,15710,15780,16129,13441.7412109375,15606500,251717238500
2024-03-27,MBB,16219,15960,16129,16149,13468.3583984375,11404900,184177730100
2024-03-28,MBB,16410,16090,16379,16290,13574.828125,15988900,260459181000
2024-03-29,MBB,16320,16059,16320,16219,13521.59375,11652100,188985409900
2024-04-01,MBB,16129,15780,16090,15900,13255.419921875,19236200,305855580000
2024-04-02,MBB,15840,15450,15710,15840,13202.1865234375,28974400,458954496000
2024-04-03,MBB,15840,15450,15840,15450,12882.7783203125,22559800,348548910000
2024-04-04,MBB,15480,15200,15450,15200,12669.83984375,27793500,422461200000
2024-04-05,MBB,15170,14880,15030,14910,12430.2841796875,25376700,378366597000
2024-04-08,MBB,15200,14790,14940,15000,12510.1357421875,24714800,370722000000
2024-04-09,MBB,15330,14940,15000,15330,12776.30859375,15734800,241214484000
2024-04-10,MBB,15550,15200,15520,15200,12669.83984375,21078100,320387120000
2024-04-11,MBB,15240,14940,15000,15170,12643.22265625,9011600,136705972000
2024-04-12,MBB,15780,15170,15240,15740,13122.333984375,23911200,376362288000
2024-04-15,MBB,15990,14690,15610,14940,12456.9013671875,47595100,711070794000
2024-04-16,MBB,15260,14720,14940,15260,12723.0732421875,32717500,499269050000
2024-04-17,MBB,15360,14750,15330,14750,12297.197265625,23979900,353703525000
2024-04-19,MBB,14880,14430,14430,14490,12084.2587890625,28182700,408367323000
2024-04-22,MBB,14720,14400,14560,14430,12031.0244140625,17581500,253701045000
2024-04-23,MBB,14490,13890,14430,14050,11711.6162109375,31998000,449571900000
2024-04-24,MBB,14460,14020,14180,14400,12004.4072265625,18650800,268571520000
2024-04-25,MBB,14430,14140,14430,14210,11844.703125,13003200,184775472000
2024-04-26,MBB,14340,14050,14050,14210,11844.703125,13332200,189450562000
2024-05-02,MBB,14400,14180,14240,14310,11924.5556640625,11078300,158530473000
2024-05-03,MBB,14560,14240,14430,14310,11924.5556640625,11857800,169685118000
2024-05-06,MBB,14660,14400,14400,14630,12190.7275390625,16199300,236995759000
2024-05-07,MBB,14720,14460,14690,14530,12110.875,9604700,139556291000
2024-05-08,MBB,14490,14240,14310,14400,12004.4072265625,21437700,308702880000
2024-05-09,MBB,14560,14280,14430,14460,12057.642578125,15643200,226200672000
2024-05-10,MBB,14630,14370,14530,14430,12031.0244140625,11418400,164767512000
2024-05-13,MBB,14690,14430,14430,14460,12057.642578125,14003500,202490610000
2024-05-14,MBB,14820,14490,14630,14590,12164.1103515625,16668300,243190497000
2024-05-15,MBB,14720,14560,14660,14630,12190.7275390625,15300500,223846315000
2024-05-16,MBB,15030,14690,14790,14940,12456.9013671875,31430700,469574658000
2024-05-17,MBB,14970,14790,14970,14850,12377.0498046875,15465900,229668615000
2024-05-20,MBB,15070,14940,15070,14970,12483.5185546875,17925500,268344735000
2024-05-21,MBB,15070,14850,14970,15070,12563.37109375,16402300,247182661000
2024-05-22,MBB,15100,14820,15070,14820,12350.431640625,20042500,297029850000
2024-05-23,MBB,14910,14690,14820,14880,12404.837890625,13080600,194639328000
2024-05-24,MBB,15210,14460,14720,14650,12214.4140625,36358800,532656420000
2024-05-27,MBB,14750,14580,14750,14650,12214.4140625,7993800,117109170000
2024-05-28,MBB,14850,14580,14820,14750,12296.0244140625,13107300,193332675000
2024-05-29,MBB,14790,14550,14750,14550,12132.802734375,17108200,248924310000
2024-05-30,MBB,14460,14160,14430,14260,11887.9697265625,28814000,410887640000
2024-05-31,MBB,14360,14190,14260,14190,11833.5634765625,14933500,211906365000
2024-06-03,MBB,14880,14330,14330,14750,11833.5634765625,24703500,364376625000
2024-06-04,MBB,14880,14690,14850,14690,12241.6181640625,9038600,132777034000
2024-06-05,MBB,14820,14490,14720,14490,12078.396484375,13657100,197891379000
2024-06-06,MBB,14750,14550,14620,14580,12160.0068359375,10011500,145967670000
2024-06-07,MBB,14790,14550,14720,14650,12214.4140625,8474500,124151425000
2024-06-10,MBB,14940,14690,14720,14790,12323.228515625,13347000,197402130000
2024-06-11,MBB,14820,14650,14790,14720,12268.8212890625,10558200,155416704000
2024-06-12,MBB,15080,14620,14720,15080,12568.060546875,25203000,380061240000
2024-06-13,MBB,15470,15110,15140,15370,12812.892578125,38953200,598710684000
2024-06-14,MBB,15660,15080,15660,15080,12568.060546875,25524200,384904936000
2024-06-17,MBB,15270,14980,15270,15180,12649.6708984375,17057500,258932850000
2024-06-18,MBB,15370,15180,15330,15180,12649.6708984375,11960200,181555836000
2024-06-19,MBB,15300,15040,15270,15210,12676.875,13277700,201953817000
2024-06-20,MBB,15300,15110,15270,15180,12649.6708984375,13693800,207871884000
2024-06-21,MBB,15240,15080,15180,15140,12622.4677734375,10133400,153419676000
2024-06-24,MBB,15140,14720,15080,14790,12323.228515625,25433000,376154070000
2024-06-25,MBB,14910,14690,14820,14750,12296.0244140625,8882600,131018350000
2024-06-26,MBB,14790,14580,14750,14690,12241.6181640625,11084000,162823960000
2024-06-27,MBB,14750,14620,14650,14690,12241.6181640625,6168000,90607920000
2024-06-28,MBB,14720,14490,14720,14490,12078.396484375,9571200,138686688000
2024-07-01,MBB,14650,14460,14520,14650,12214.4140625,4131300,60523545000
2024-07-02,MBB,14910,14650,14690,14820,12350.4326171875,9933300,147211506000
2024-07-03,MBB,14980,14750,14880,14940,12459.24609375,7022000,104908680000
2024-07-04,MBB,15010,14750,14940,14880,12404.837890625,5713700,85019856000
2024-07-05,MBB,14910,14750,14880,14880,12404.837890625,6230800,92714304000
2024-07-08,MBB,14980,14750,14880,14820,12350.4326171875,7042600,104371332000
2024-07-09,MBB,15110,14790,14880,15110,12595.2646484375,13428600,202906146000
2024-07-10,MBB,15400,15110,15110,15210,12676.875,19192200,291913362000
2024-07-11,MBB,15330,15080,15300,15080,12568.060546875,7698300,116090364000
2024-07-12,MBB,15140,14940,14980,15010,12513.6533203125,7369600,110617696000
2024-07-15,MBB,15140,14980,15040,15040,12540.8564453125,4409400,66317376000
2024-07-16,MBB,15630,15040,15080,15370,12812.892578125,24769400,380705678000
2024-07-17,MBB,16410,15370,15540,15990,13329.7607421875,72360096,1157037935040
2024-07-18,MBB,16320,15730,16050,16250,13547.3896484375,30072900,488684625000
2024-07-19,MBB,16740,16190,16250,16580,13819.42578125,45583300,755771114000
2024-07-22,MBB,16810,16079,16510,16440,13710.611328125,33806600,555780504000
2024-07-23,MBB,16540,15540,16540,15600,13003.3173828125,47896200,747180720000
2024-07-24,MBB,15830,15440,15540,15630,13030.521484375,25838700,403858881000
2024-07-25,MBB,15730,15330,15570,15630,13030.521484375,20386600,318642558000
2024-07-26,MBB,15890,15570,15600,15860,13220.947265625,12160400,192863944000
2024-07-29,MBB,15960,15730,15960,15730,13112.1328125,9503000,149482190000
2024-07-30,MBB,15990,15570,15730,15990,13329.7607421875,19571700,312951483000
2024-07-31,MBB,16250,15790,15990,15930,13275.3544921875,20396300,324913059000
2024-08-01,MBB,16020,15180,15930,15270,12731.2822265625,32341200,493850124000
2024-08-02,MBB,15540,15010,15010,15540,12948.9111328125,23767000,369339180000
2024-08-05,MBB,15370,14880,15040,14980,12486.44921875,31221800,467702564000
2024-08-06,MBB,15330,15010,15140,15270,12731.2822265625,16963800,259037226000
2024-08-07,MBB,15330,15140,15270,15240,12704.0791015625,10207600,155563824000
2024-08-08,MBB,15330,15010,15210,15040,12540.8564453125,10204400,153474176000
2024-08-09,MBB,15330,15140,15140,15300,12758.486328125,8470400,129597120000
2024-08-12,MBB,15470,15240,15330,15470,12894.50390625,10231700,158284399000
2024-08-13,MBB,15500,15270,15440,15400,12840.09765625,6721200,103506480000
2024-08-14,MBB,15500,15270,15500,15270,12731.2822265625,6574600,100394142000
2024-08-15,MBB,15370,15180,15270,15180,12649.6708984375,7883800,119676084000
2024-08-16,MBB,15730,15240,15270,15690,13084.927734375,21005900,329582571000
2024-08-19,MBB,15830,15630,15730,15690,13084.927734375,8940400,140274876000
2024-08-20,MBB,15990,15690,15730,15830,13193.7431640625,16378100,259265323000
2024-08-21,MBB,16190,15690,15830,16149,13465.779296875,21525300,347612069700
2024-08-22,MBB,16250,15930,16219,15930,13275.3544921875,13070300,208209879000
2024-08-23,MBB,16079,15860,15930,16020,13356.9658203125,9573700,153370674000
2024-08-26,MBB,16190,15860,16120,15960,13302.5576171875,10218000,163079280000
2024-08-27,MBB,15990,15860,15890,15930,13275.3544921875,10098000,160861140000
2024-08-28,MBB,16120,15890,15960,16079,13411.3720703125,12094000,194459426000
2024-08-29,MBB,16440,16079,16079,16219,13520.185546875,22617900,366839720100
2024-08-30,MBB,16320,16190,16219,16219,13520.185546875,8869300,143851176700
2024-09-04,MBB,16050,15890,15960,15930,13275.3544921875,15149200,241326756000
2024-09-05,MBB,16120,15600,15930,15630,13030.521484375,16458100,257240103000
2024-09-06,MBB,15690,15500,15600,15660,13057.724609375,14681100,229906026000
2024-09-09,MBB,15630,15500,15600,15630,13030.521484375,7767200,121401336000
2024-09-10,MBB,15790,15440,15690,15500,12921.70703125,12381300,191910150000
2024-09-11,MBB,15690,15330,15500,15600,13003.3173828125,9689000,151148400000
2024-09-12,MBB,15760,15630,15660,15660,13057.724609375,5629000,88150140000
2024-09-13,MBB,15690,15570,15690,15600,13003.3173828125,4397400,68599440000
2024-09-16,MBB,15830,15570,15600,15600,13003.3173828125,8418300,131325480000
2024-09-17,MBB,15830,15540,15660,15830,13193.7431640625,8279900,131070817000
2024-09-18,MBB,16050,15760,15860,15930,13275.3544921875,13554500,215923185000
2024-09-19,MBB,15990,15890,15930,15930,13275.3544921875,6720200,107052786000
2024-09-20,MBB,16320,16020,16020,16149,13465.779296875,26323600,425099816400
2024-09-23,MBB,16580,16190,16190,16190,13492.9833984375,18841400,305042266000
2024-09-24,MBB,16510,16190,16250,16480,13737.8154296875,17579900,289716752000
2024-09-25,MBB,16900,16540,16580,16810,14009.8515625,32046100,538694941000
2024-09-26,MBB,16940,16640,16810,16780,13982.6474609375,26475400,444257212000
2024-09-27,MBB,17070,16710,16780,16780,13982.6474609375,18136400,304328792000
2024-09-30,MBB,16840,16610,16610,16780,13982.6474609375,14401600,241658848000
2024-10-01,MBB,17070,16740,16810,16740,13955.4443359375,18768300,314181342000
2024-10-02,MBB,16870,16640,16680,16780,13982.6474609375,12817100,215070938000
2024-10-03,MBB,17040,16580,16740,16640,13873.833984375,20995600,349366784000
2024-10-04,MBB,16640,16379,16640,16379,13656.2041015625,18601300,304670692700
2024-10-07,MBB,16580,16320,16510,16440,13710.611328125,10186200,167461128000
2024-10-08,MBB,16640,16379,16440,16440,13710.611328125,11968400,196760496000
2024-10-09,MBB,16740,16480,16510,16710,13928.240234375,14336900,239569599000
2024-10-10,MBB,16940,16640,16780,16640,13873.833984375,12327300,205126272000
2024-10-11,MBB,16710,16540,16640,16680,13901.037109375,6485000,108169800000
2024-10-14,MBB,17040,16640,16740,16870,14064.2587890625,15572800,262713136000
2024-10-15,MBB,17040,16740,16940,16740,13955.4443359375,15413000,258013620000
2024-10-16,MBB,16740,16580,16740,16640,13873.833984375,10829400,180201216000
2024-10-17,MBB,16900,16540,16680,16900,14091.4619140625,11681000,197408900000
2024-10-18,MBB,17100,16780,16970,16810,14009.8515625,18478000,310615180000
2024-10-21,MBB,16900,16680,16810,16680,13901.037109375,9410500,156967140000
2024-10-22,MBB,16740,16410,16640,16480,13737.8154296875,20327200,334992256000
2024-10-23,MBB,16540,16410,16480,16480,13737.8154296875,11634500,191736560000
2024-10-24,MBB,16580,16120,16480,16120,13438.576171875,16246700,261896804000
2024-10-25,MBB,16190,16020,16190,16079,13411.3720703125,10606300,170538697700
2024-10-28,MBB,16219,16079,16149,16190,13492.9833984375,3872900,62702251000
2024-10-29,MBB,16379,16219,16250,16320,13601.7958984375,5342200,87184704000
2024-10-30,MBB,16410,16120,16320,16320,13601.7958984375,6320000,103142400000
2024-10-31,MBB,16440,16190,16320,16350,13629.0009765625,6662200,108926970000
2024-11-01,MBB,16350,16050,16290,16050,13384.1689453125,9317300,149542665000
2024-11-04,MBB,16149,15930,16120,15960,13302.5576171875,11901500,189947940000
2024-11-05,MBB,16050,15930,16020,15960,13302.5576171875,6496400,103682544000
2024-11-06,MBB,16250,15990,16079,16219,13520.185546875,6561400,106419346600
2024-11-07,MBB,16320,16190,16320,16190,13492.9833984375,4721700,76444323000
2024-11-08,MBB,16250,15930,16219,16020,13356.9658203125,7681300,123054426000
2024-11-11,MBB,16050,15630,16020,15860,13220.947265625,17138000,271808680000
2024-11-12,MBB,15890,15730,15860,15730,13112.1328125,8810800,138593884000
2024-11-13,MBB,15830,15570,15730,15760,13139.3359375,10658900,167984264000
2024-11-14,MBB,15730,15540,15730,15540,12948.9111328125,8429800,130999092000
2024-11-15,MBB,15540,15330,15470,15330,12785.689453125,11785200,180667116000
2024-11-18,MBB,15440,15080,15330,15270,12731.2822265625,15027600,229471452000
2024-11-19,MBB,15400,15110,15330,15110,12595.2646484375,7581900,114562509000
2024-11-20,MBB,15470,15110,15110,15370,12812.892578125,9713500,149296495000
2024-11-21,MBB,15660,15270,15400,15660,13057.724609375,6580200,103045932000
2024-11-22,MBB,15790,15600,15630,15660,13057.724609375,7345500,115030530000
2024-11-25,MBB,15690,15600,15660,15630,13030.521484375,4808800,75161544000
2024-11-26,MBB,15790,15660,15690,15730,13112.1328125,4436300,69782999000
2024-11-27,MBB,15830,15600,15660,15730,13112.1328125,4073600,64077728000
2024-11-28,MBB,15830,15660,15790,15660,13057.724609375,6587200,103155552000
2024-11-29,MBB,15760,15630,15690,15760,13139.3359375,4338100,68368456000
2024-12-02,MBB,15860,15690,15790,15760,13139.3359375,4110300,64778328000
2024-12-03,MBB,15790,15630,15760,15630,13030.521484375,6576600,102792258000
2024-12-04,MBB,15660,15540,15600,15570,12976.1142578125,6135700,95532849000
2024-12-05,MBB,16050,15540,15570,16020,13356.9658203125,10559800,169167996000
2024-12-06,MBB,16050,15890,16050,15890,13248.150390625,6119000,97230910000
2024-12-09,MBB,16020,15830,15930,15930,13275.3544921875,5848600,93168198000
2024-12-10,MBB,15990,15830,15930,15830,13193.7431640625,5009700,79303551000
2024-12-11,MBB,15930,15730,15830,15860,13220.947265625,5623000,89180780000
2024-12-12,MBB,16020,15860,15930,15860,13220.947265625,5748500,91171210000
2024-12-13,MBB,15890,15790,15830,15830,13193.7431640625,4396300,69593429000
2024-12-16,MBB,15890,15660,15830,15730,13112.1328125,5691600,89528868000
2024-12-17,MBB,15790,15690,15690,15760,13139.3359375,3867900,60958104000
2024-12-18,MBB,15790,15690,15760,15790,13166.5390625,3778700,59665673000
2024-12-19,MBB,15690,15540,15540,15570,12976.1142578125,10456300,162804591000
2024-12-20,MBB,15660,15540,15570,15660,13057.724609375,4123400,64572444000
2024-12-23,MBB,15760,15660,15660,15690,13084.927734375,3290600,51629514000
2024-12-24,MBB,15690,15570,15690,15600,13003.3173828125,3479800,54284880000
2024-12-25,MBB,16190,15630,15630,15960,13302.5576171875,14819900,236525604000
2024-12-26,MBB,16250,15960,15990,16250,13547.3896484375,19904600,323449750000
2024-12-27,MBB,16510,16320,16350,16350,13629.0009765625,16701900,273076065000
2024-12-30,MBB,16410,16190,16410,16190,13492.9833984375,11064900,179140731000
2024-12-31,MBB,16379,16190,16190,16379,13656.2041015625,11241300,184121252700
2025-01-02,MBB,16610,16350,16410,16440,13710.611328125,12435800,204444552000
2025-01-03,MBB,16440,16120,16440,16120,13438.576171875,11035600,177893872000
2025-01-06,MBB,16250,15930,16120,15930,13275.3544921875,14555800,231873894000
2025-01-07,MBB,16290,15910,16290,16250,13546.0302734375,11801300,191771125000
2025-01-08,MBB,16290,16100,16100,16210,13514.7451171875,6536100,105950181000
2025-01-09,MBB,16290,16100,16210,16140,13452.177734375,4367500,70491450000
2025-01-10,MBB,16140,15870,16100,15870,13233.1884765625,8681700,137778579000
2025-01-13,MBB,16140,15720,15870,16140,13452.177734375,7871600,127047624000
2025-01-14,MBB,16140,15870,16059,15990,13327.041015625,5736000,91718640000
2025-01-15,MBB,16140,15990,16100,16020,13358.32421875,4726200,75713724000
2025-01-16,MBB,16210,16020,16140,16059,13358.32421875,7329100,117698016900
2025-01-17,MBB,16140,16020,16140,16140,13452.177734375,4483700,72366918000
2025-01-20,MBB,16470,16140,16140,16400,13671.1669921875,8238800,135116320000
2025-01-21,MBB,16550,16320,16470,16400,13671.1669921875,6770200,111031280000
2025-01-22,MBB,16470,16320,16470,16360,13639.8818359375,5961800,97535048000
2025-01-23,MBB,16700,16360,16440,16660,13890.1552734375,13735100,228826766000
2025-01-24,MBB,16850,16550,16550,16810,14015.291015625,9798300,164709423000
2025-02-03,MBB,16700,16470,16550,16550,13796.302734375,9087900,150404745000
2025-02-04,MBB,16960,16590,16660,16850,14046.576171875,11057300,186315505000
2025-02-05,MBB,16930,16740,16890,16890,14077.861328125,7229500,122106255000
2025-02-06,MBB,17230,16930,16930,16960,14140.4287109375,10756200,182425152000
2025-02-07,MBB,17260,16810,17040,17080,14234.28125,14192900,242414732000
2025-02-10,MBB,17450,16850,17040,17190,14328.1318359375,19336200,332389278000
2025-02-11,MBB,17260,17150,17260,17260,14390.7021484375,7739300,133580318000
2025-02-12,MBB,17300,17040,17260,17040,14202.9970703125,7185700,122444328000
2025-02-13,MBB,17190,16960,17150,17190,14328.1318359375,7458100,128204739000
2025-02-14,MBB,17260,17110,17260,17150,14296.849609375,8160100,139945715000
2025-02-17,MBB,17190,16960,17190,17000,14171.7119140625,8679000,147543000000
2025-02-18,MBB,17230,16960,17000,17040,14202.9970703125,10082500,171805800000
2025-02-19,MBB,17230,17040,17110,17150,14296.849609375,9166500,157205475000
2025-02-20,MBB,17260,17150,17260,17150,14296.849609375,10831800,185765370000
2025-02-21,MBB,17380,17110,17190,17190,14328.1318359375,20513900,352633941000
2025-02-24,MBB,17300,17110,17110,17260,14390.7021484375,13460200,232323052000
2025-02-25,MBB,17680,17300,17300,17560,14640.974609375,37696200,661945272000
2025-02-26,MBB,17680,17410,17640,17410,14515.837890625,8376800,145840088000
2025-02-27,MBB,17450,17230,17410,17410,14515.837890625,12766600,222266506000
2025-02-28,MBB,17380,17230,17340,17260,14390.7021484375,11052800,190771328000
2025-03-03,MBB,17340,17230,17260,17340,14453.26953125,9195600,159451704000
2025-03-04,MBB,17710,17150,17300,17560,14640.974609375,21367000,375204520000
2025-03-05,MBB,18090,17490,17560,17680,14734.826171875,30355700,536688776000
2025-03-06,MBB,18090,17640,17790,18090,15078.951171875,25919100,468876519000
2025-03-07,MBB,18690,18090,18200,18390,15329.224609375,47416100,871982079000
2025-03-10,MBB,18690,18350,18580,18390,15329.224609375,19419600,357126444000
2025-03-11,MBB,18610,18130,18160,18610,15516.9306640625,26519300,493524173000
2025-03-12,MBB,18760,18460,18690,18460,15391.79296875,30957600,571477296000
2025-03-13,MBB,18540,18160,18500,18240,15204.0888671875,23064100,420689184000
2025-03-14,MBB,18350,18130,18200,18240,15204.0888671875,19724000,359765760000
2025-03-17,MBB,18350,18090,18310,18240,15204.0888671875,25601900,466978656000
2025-03-18,MBB,18310,17940,18310,17940,14953.8154296875,26614000,477455160000
2025-03-19,MBB,18010,17790,17940,17900,14922.5322265625,20386000,364909400000
2025-03-20,MBB,18280,17940,18010,18200,15172.8046875,21142600,384795320000
2025-03-21,MBB,18390,18160,18240,18240,15204.0888671875,15567500,283951200000
2025-03-24,MBB,18310,17980,18240,18310,15266.6572265625,15571400,285112334000
2025-03-25,MBB,18430,18130,18390,18160,15141.5205078125,12739400,231347504000
2025-03-26,MBB,18310,18010,18130,18010,15016.3837890625,18277300,329174173000
2025-03-27,MBB,18090,17940,18010,17940,14953.8154296875,12425800,222918852000
2025-03-28,MBB,18090,17860,18010,17940,14953.8154296875,13037100,233885574000
2025-03-31,MBB,18090,17860,17900,18090,15078.951171875,18699200,338268528000
2025-04-01,MBB,18460,18010,18130,18460,15391.79296875,13919500,256953970000
2025-04-02,MBB,18500,18280,18460,18280,15235.3720703125,9787900,178922812000
2025-04-03,MBB,17790,17000,17710,17000,14171.7119140625,86268096,1466557632000
2025-04-04,MBB,16850,15840,15840,16850,14046.576171875,73116896,1232019697600
2025-04-08,MBB,16440,15690,15870,15690,13076.7685546875,64519700,1012314093000
2025-04-09,MBB,16059,14600,14600,15500,12920.34765625,61224500,948979750000
2025-04-10,MBB,16550,16550,16550,16550,13796.302734375,1687200,27923160000
2025-04-11,MBB,17640,16810,16890,17600,14672.2587890625,78951400,1389544640000
2025-04-14,MBB,17680,17380,17640,17600,14672.2587890625,31682100,557604960000
2025-04-15,MBB,17560,17190,17260,17260,14390.7021484375,29512300,509382298000
2025-04-16,MBB,17450,17080,17260,17190,14328.1318359375,21897000,376409430000
2025-04-17,MBB,17260,16960,17040,17260,14390.7021484375,21573500,372358610000
2025-04-18,MBB,17600,17300,17340,17450,14547.1220703125,31562900,550772605000
2025-04-21,MBB,17640,17110,17640,17230,14359.4169921875,37143800,639987674000
2025-04-22,MBB,17380,16170,17150,17340,14453.26953125,45375000,786802500000
2025-04-23,MBB,17790,17340,17600,17560,14640.974609375,33860600,594592136000
2025-04-24,MBB,17560,17300,17560,17450,14547.1220703125,18099100,315829295000
2025-04-25,MBB,17830,17490,17640,17680,14734.826171875,40711200,719774016000
2025-04-28,MBB,17900,17680,17860,17790,14828.6787109375,23070500,410424195000
2025-04-29,MBB,17830,17680,17790,17680,14734.826171875,13178800,233001184000
2025-05-05,MBB,17710,17640,17680,17680,14734.826171875,18857200,333395296000
2025-05-06,MBB,17790,17640,17710,17680,14734.826171875,22793600,402990848000
2025-05-07,MBB,17710,17410,17680,17450,14734.826171875,21893400,382039830000
2025-05-08,MBB,17710,17410,17490,17680,14547.1220703125,21016400,371569952000
2025-05-09,MBB,17790,17560,17790,17640,14734.826171875,15034800,265213872000
2025-05-12,MBB,17940,17530,17560,17860,14891.248046875,34696600,619681276000
2025-05-13,MBB,18390,18010,18050,18390,14891.248046875,40093100,737312109000
2025-05-14,MBB,18540,18280,18390,18390,15329.224609375,29669300,545618427000
2025-05-15,MBB,19100,18460,18460,18800,15329.224609375,69083104,1298762355200
2025-05-16,MBB,18880,18500,18880,18500,15673.3515625,28984500,536213250000
2025-05-19,MBB,18690,18280,18390,18460,15391.79296875,25291500,466881090000
2025-05-20,MBB,18840,18390,18540,18650,15391.79296875,31383600,585304140000
2025-05-21,MBB,19180,18650,18910,18800,15548.21484375,30367300,570905240000
2025-05-22,MBB,19030,18390,19030,18500,15673.3515625,25760800,476574800000
2025-05-23,MBB,18690,18430,18690,18500,15423.078125,14495200,268161200000
2025-05-26,MBB,18610,18010,18540,18610,15516.9306640625,18250000,339632500000
2025-05-27,MBB,18760,18500,18760,18580,15516.9306640625,17946800,333451544000
2025-05-28,MBB,18650,18430,18650,18460,15485.6455078125,14351800,264934228000
2025-05-29,MBB,18580,18350,18580,18390,15391.79296875,12766600,234777774000
2025-05-30,MBB,18500,18280,18500,18280,15329.224609375,17609800,321907144000
2025-06-02,MBB,18540,18130,18350,18460,15391.79296875,19184300,354142178000
2025-06-03,MBB,18610,18500,18500,18540,15391.79296875,19246400,356828256000
2025-06-04,MBB,18610,18390,18580,18430,15454.3623046875,13482700,248486161000
2025-06-05,MBB,18500,18310,18430,18310,15360.509765625,9996800,183041408000
2025-06-06,MBB,18310,18130,18280,18130,15266.6572265625,17960800,325629304000
2025-06-09,MBB,18240,18090,18130,18200,15172.8046875,13040400,237335280000
2025-06-10,MBB,18430,18090,18240,18160,15172.8046875,12938200,234957712000
2025-06-11,MBB,18240,18130,18160,18200,15141.5205078125,6168900,112273980000
2025-06-12,MBB,18540,18240,18240,18540,15172.8046875,22542900,417945366000
2025-06-13,MBB,18760,18310,18350,18650,15454.3623046875,42299700,788889405000
2025-06-16,MBB,18910,18610,18650,18840,15704.634765625,21119300,397887612000
2025-06-17,MBB,19060,18650,18950,18760,15704.634765625,21975100,412252876000
2025-06-18,MBB,18990,18690,18840,18800,15642.0673828125,26189800,492368240000
2025-06-19,MBB,18910,18730,18910,18840,15673.3515625,15184600,286077864000
2025-06-20,MBB,19630,18880,18910,19360,15704.634765625,51151100,990285296000
2025-06-23,MBB,19590,19140,19180,19440,16205.1806640625,23682000,460378080000
2025-06-24,MBB,19810,19440,19590,19440,16205.1806640625,25984200,505132848000
2025-06-25,MBB,19550,19210,19510,19210,16205.1806640625,20995000,403313950000
2025-06-26,MBB,19440,19140,19290,19440,16017.4765625,19444400,377999136000
2025-06-27,MBB,19590,19290,19440,19290,16205.1806640625,12786100,246643869000
2025-06-30,MBB,19440,19290,19330,19360,16142.6123046875,10723800,207612768000
2025-07-01,MBB,19630,19360,19440,19510,16142.6123046875,22344100,435933391000
2025-07-02,MBB,19740,19510,19550,19550,16267.7490234375,13995700,273615935000
2025-07-03,MBB,19780,19480,19630,19480,16299.033203125,25567500,498054900000
2025-07-04,MBB,19550,19400,19510,19510,16236.4638671875,14976200,292185662000
2025-07-07,MBB,19890,19590,19590,19810,16518.0234375,18585900,368186679000
2025-07-08,MBB,20040,19780,19890,19810,16518.0234375,16109400,319127214000
2025-07-09,MBB,20120,19810,19930,19960,16518.0234375,25280500,504598780000
2025-07-10,MBB,20040,19810,20040,19850,16643.158203125,14412300,286084155000
2025-07-11,MBB,20190,19850,19890,20040,16549.306640625,21424900,429354996000
2025-07-14,MBB,20190,19810,20080,20120,16768.294921875,15049300,302791916000
2025-07-15,MBB,20340,19960,20120,19960,16768.294921875,19323000,385687080000
2025-07-16,MBB,20080,19850,19890,20040,16643.158203125,17617700,353058708000
2025-07-17,MBB,20190,19930,20080,20080,16705.728515625,17340900,348205272000
2025-07-18,MBB,20450,19960,20120,20420,16737.009765625,25167700,513924434000
2025-07-21,MBB,20750,20190,20490,20230,16862.1484375,17949400,363116362000
2025-07-22,MBB,20380,20000,20190,20380,16862.1484375,15464600,315168548000
2025-07-23,MBB,20720,20340,20420,20570,16987.283203125,27191300,559325041000
2025-07-24,MBB,21350,20680,20680,21320,17143.705078125,40005000,852906600000
2025-07-25,MBB,21650,21320,21390,21350,17769.388671875,18105800,386558830000
2025-07-28,MBB,21580,21280,21350,21580,17988.376953125,24900200,537346316000
2025-07-29,MBB,21650,20150,21620,20150,17988.376953125,48988900,987126335000
2025-07-30,MBB,20900,20150,20420,20570,16799.578125,32104800,660395736000
2025-07-31,MBB,20870,20230,20750,20600,17143.705078125,24970800,514398480000
2025-08-01,MBB,20750,20300,20600,20380,17174.990234375,17890700,364612466000
2025-08-04,MBB,20870,20300,20340,20870,17393.9765625,21243200,443345584000
2025-08-05,MBB,22290,20750,21690,22290,17393.9765625,71103904,1584906020160
2025-08-06,MBB,23230,22670,22890,22970,18582.7734375,30385100,697945747000
2025-08-07,MBB,23230,22780,23190,23080,19145.890625,26980700,622714556000
2025-08-08,MBB,23270,22780,23230,22930,19239.7421875,25592900,586845197000
2025-08-11,MBB,24360,23040,23120,23870,19896.708984375,48669700,1161745739000
2025-08-12,MBB,24320,23760,24240,24320,20272.119140625,56623400,1377081088000
2025-08-13,MBB,25800,24700,25400,25800,21571.90625,79609904,2053935523200
2025-08-14,MBB,27600,27600,27600,27600,21571.90625,40320900,1112856840000
2025-08-15,MBB,29500,27700,29500,28250,23076.921875,117471296,3318564112000
2025-08-18,MBB,28600,27650,28550,27800,23244.146484375,51031700,1418681260000
2025-08-19,MBB,29400,27900,28350,28200,23244.146484375,54011900,1523135580000
2025-08-20,MBB,28300,26850,28200,27800,23578.59375,77393200,2151530960000
2025-08-21,MBB,28700,27750,28050,28200,23244.146484375,57150300,1611638460000
2025-08-22,MBB,28000,26900,27750,26900,23578.59375,72899696,1961001822400
2025-08-25,MBB,27300,25800,27150,26200,21906.35546875,56190300,1472185860000
2025-08-26,MBB,27600,26100,26200,27550,21906.35546875,40433700,1113948435000
2025-08-27,MBB,28250,27400,28200,27400,23035.115234375,39077600,1070726240000
2025-08-28,MBB,27550,26700,27400,27200,22909.69921875,32467000,883102400000
2025-08-29,MBB,28200,27200,27450,27750,22742.474609375,55715700,1546110675000
2025-09-03,MBB,28800,27500,27800,28450,23787.625,46653600,1327294920000
2025-09-04,MBB,28600,28100,28450,28250,23787.625,28054200,792531150000
2025-09-05,MBB,28650,27400,28500,27400,23620.400390625,66550600,1823486440000
2025-09-08,MBB,27250,26700,27200,26700,22324.4140625,62869000,1678602300000
2025-09-09,MBB,27000,26300,26700,26650,22324.4140625,32840700,875204655000
2025-09-10,MBB,27550,26800,27000,26950,22282.607421875,28898300,778809185000
2025-09-11,MBB,26950,26050,26800,26700,22533.4453125,31166200,832137540000
2025-09-12,MBB,27000,26600,26900,26600,22324.4140625,19231800,511565880000
2025-09-15,MBB,26850,26550,26750,26850,22324.4140625,21483300,576826605000
2025-09-16,MBB,27850,27050,27100,27500,22449.83203125,51366800,1412587000000
2025-09-17,MBB,27550,27000,27400,27000,22993.310546875,15819100,427115700000
2025-09-18,MBB,27100,26600,26950,26800,22575.251953125,17716200,474794160000
2025-09-19,MBB,26950,26500,26950,26650,22408.025390625,14481700,385937305000
2025-09-22,MBB,26600,26100,26550,26150,21864.548828125,26372700,689646105000
2025-09-23,MBB,26550,26150,26450,26350,21864.548828125,10100400,266145540000
2025-09-24,MBB,26800,25900,26350,26800,22031.771484375,22752100,609756280000
2025-09-25,MBB,27000,26400,27000,26550,22408.025390625,15489700,411251535000
2025-09-26,MBB,26700,26250,26500,26250,22198.99609375,12945900,339829875000
2025-09-29,MBB,26350,26100,26250,26150,21864.548828125,16253000,425015950000
2025-09-30,MBB,26600,26050,26200,26200,21864.548828125,19759800,517706760000
2025-10-01,MBB,26600,26150,26250,26400,21906.35546875,11544600,304777440000
2025-10-02,MBB,27350,26450,26500,26800,22073.578125,44086100,1181507480000
2025-10-03,MBB,26800,26400,26700,26550,22408.025390625,14509500,385227225000
2025-10-06,MBB,27500,26650,26950,27350,22867.892578125,38982400,1066168640000
2025-10-07,MBB,27550,26850,27500,26850,22867.892578125,22188300,595755855000
2025-10-08,MBB,27300,26850,27200,26850,22449.83203125,32173000,863845050000
2025-10-09,MBB,27400,26850,27000,27350,22449.83203125,38667700,1057561595000
2025-10-10,MBB,27750,27200,27400,27450,22867.892578125,56780900,1558635705000
2025-10-13,MBB,27400,27000,27150,27350,22867.892578125,46449900,1270404765000
2025-10-14,MBB,27700,27050,27500,27050,22867.892578125,49401300,1336305165000
2025-10-15,MBB,27650,27100,27150,27250,22617.0546875,31486300,858001675000
2025-10-16,MBB,27550,27150,27300,27200,22784.28125,26482800,720332160000
2025-10-17,MBB,27800,27100,27250,27100,22742.474609375,43529100,1179638610000
2025-10-20,MBB,27100,25250,26950,25250,21112.0390625,74530200,1881887550000
2025-10-21,MBB,26000,24800,25350,25300,21112.0390625,51668400,1307210520000
2025-10-22,MBB,25650,24800,25600,25450,21153.845703125,29596300,753225835000
2025-10-23,MBB,25700,25200,25500,25200,21279.263671875,19904800,501600960000
2025-10-24,MBB,25150,24350,25150,24400,21070.232421875,46363100,1131259640000
2025-10-27,MBB,24650,23800,24550,23800,19899.666015625,52326000,1245358800000
2025-10-28,MBB,24000,23150,23800,24000,19899.666015625,49519800,1188475200000
2025-10-29,MBB,24600,24050,24200,24350,20066.888671875,24107400,587015190000
2025-10-30,MBB,24400,23850,24400,23950,20359.53125,24498600,586741470000
2025-10-31,MBB,24100,23600,23800,23600,20025.083984375,19849200,468441120000
2025-11-03,MBB,24000,23100,23700,23100,19314.380859375,29961200,692103720000
2025-11-04,MBB,24350,23200,23500,24000,20066.888671875,38226500,917436000000
2025-11-05,MBB,24100,23800,24000,23900,20066.888671875,12417500,296778250000
2025-11-06,MBB,24100,23600,24000,23700,19816.052734375,10717900,254014230000
2025-11-07,MBB,23750,23150,23750,23300,19481.603515625,21326700,496912110000
2025-11-10,MBB,23600,23050,23300,23100,19314.380859375,17025200,393282120000
2025-11-11,MBB,23350,23000,23150,23200,19397.9921875,15211100,352897520000
2025-11-12,MBB,23800,23200,23350,23700,19816.052734375,17528300,415420710000
2025-11-13,MBB,23800,23500,23750,23500,19648.830078125,19631300,461335550000
2025-11-14,MBB,23650,23300,23450,23500,19648.830078125,16560800,389178800000
2025-11-17,MBB,23950,23600,23600,23800,19899.666015625,16843400,400872920000
2025-11-18,MBB,23950,23700,23800,23700,19816.052734375,19492900,461981730000
2025-11-19,MBB,23800,23400,23750,23500,19648.830078125,16581700,389669950000
2025-11-20,MBB,23700,23300,23700,23350,19523.41015625,13622300,318080705000
2025-11-21,MBB,23250,23000,23250,23200,19397.9921875,26669000,618720800000
2025-11-24,MBB,23400,23050,23250,23150,19356.1875,10531000,243792650000
2025-11-25,MBB,23300,22800,23200,22850,19105.349609375,18502700,422786695000
2025-11-26,MBB,23450,22850,22900,23250,19439.798828125,21635300,503020725000
2025-11-27,MBB,23650,23300,23350,23500,19648.830078125,22892300,537969050000
2025-11-28,MBB,23500,23250,23500,23250,19439.798828125,11759400,273406050000
2025-12-01,MBB,23400,23200,23300,23200,19397.9921875,7796300,180874160000
2025-12-02,MBB,23600,23000,23200,23550,19690.634765625,19166400,451368720000
2025-12-03,MBB,24600,23550,23550,24550,20526.755859375,56674900,1391368795000
2025-12-04,MBB,26000,24800,24800,25700,21488.29296875,80906200,2079289340000
2025-12-05,MBB,25800,25100,25800,25150,21028.42578125,29444500,740529175000
2025-12-08,MBB,25550,24850,25000,25300,21153.845703125,22616800,572205040000
2025-12-09,MBB,25200,24350,25050,24700,20652.173828125,34378900,849158830000
2025-12-10,MBB,25450,24600,24700,25150,21028.42578125,25865300,650512295000
2025-12-11,MBB,25300,24700,25250,24850,20777.591796875,15190600,377486410000
2025-12-12,MBB,24950,24000,24900,24000,20066.888671875,21849200,524380800000
2025-12-15,MBB,24200,23650,24000,23750,19857.859375,16023100,380548625000
2025-12-16,MBB,24750,23500,23850,24450,20443.142578125,21422000,523767900000
2025-12-17,MBB,24700,24350,24550,24400,20401.3359375,9524600,232400240000
2025-12-18,MBB,24700,24250,24300,24650,20401.3359375,12957300,319397445000
2025-12-19,MBB,24700,24500,24650,24700,20652.173828125,10343600,255486920000
2025-12-22,MBB,25400,24650,24850,25250,21112.0390625,26664100,673268525000
2025-12-23,MBB,25650,24900,25350,25100,20986.623046875,21996200,552104620000
2025-12-24,MBB,25550,24950,25100,25300,21153.845703125,24794700,627305910000
2025-12-25,MBB,25550,25000,25250,25000,21153.845703125,17926700,448167500000
2025-12-26,MBB,25000,24200,24700,24850,20777.591796875,24369500,605582075000
2025-12-29,MBB,25000,24700,24850,24850,20777.591796875,11448200,284487770000
2025-12-30,MBB,25200,24850,24900,25000,20903.009765625,12056900,301422500000
2025-12-31,MBB,25300,24950,25000,25300,21153.845703125,23824800,602767440000
2026-01-05,MBB,25750,24000,25350,25350,21195.65234375,36858500,934362975000
2026-01-06,MBB,26750,25000,25450,26650,22282.607421875,72144096,1922640158400
2026-01-07,MBB,26850,26450,26750,26700,22324.4140625,33897900,905073930000
2026-01-08,MBB,27150,26500,26750,26600,22240.802734375,47534900,1264428340000
2026-01-09,MBB,27700,26700,26750,27300,22826.0859375,66065300,1803582690000
2026-01-12,MBB,28200,27550,27550,28200,23578.59375,56968300,1606506060000
2026-01-13,MBB,28300,27450,28250,27550,23035.115234375,45769000,1260935950000
2026-01-14,MBB,27950,26850,27600,27150,22700.66796875,45126300,1225179045000
2026-01-15,MBB,27550,26800,27050,27250,22784.28125,34596800,942762800000
2026-01-16,MBB,27700,27050,27400,27050,22617.0546875,20359500,550724475000
2026-01-19,MBB,27600,27150,27200,27500,22993.310546875,27218600,748511500000
2026-01-20,MBB,28000,27100,27750,27400,22909.69921875,28109000,770186600000
2026-01-21,MBB,27500,26900,27300,27000,22575.251953125,27066700,730800900000
2026-01-22,MBB,27450,26900,27150,26950,22533.4453125,17506700,471805565000
2026-01-23,MBB,27100,26650,26950,26950,22533.4453125,23036800,620841760000
2026-01-26,MBB,26850,26000,26750,26100,21822.7421875,31708000,827578800000
2026-01-27,MBB,26600,26100,26150,26500,22157.189453125,19201000,508826500000
2026-01-28,MBB,26750,26200,26550,26550,22198.99609375,17954900,476702595000
2026-01-29,MBB,26950,26300,26900,26700,22324.4140625,19308300,515531610000
2026-01-30,MBB,27200,26600,26750,27200,22742.474609375,28064600,763357120000
2026-02-02,MBB,27600,26950,27200,27300,22826.0859375,25977600,709188480000
2026-02-03,MBB,28100,27500,27500,27700,23160.53515625,50769200,1406306840000
2026-02-04,MBB,28100,27550,27850,27800,23244.146484375,25733700,715396860000
2026-02-05,MBB,27900,27050,27850,27050,22617.0546875,25285900,683983595000
2026-02-06,MBB,28100,26450,27000,27350,22867.892578125,49957800,1366345830000
2026-02-09,MBB,28100,27400,27800,27600,23076.921875,25413800,701420880000
2026-02-10,MBB,28500,27500,27800,27850,23285.951171875,51318500,1429220225000
2026-02-11,MBB,29500,28050,28100,29000,24247.490234375,104577296,3032741584000
2026-02-12,MBB,29300,28300,29300,28350,23704.01171875,27983900,793343565000
2026-02-13,MBB,28600,28300,28600,28300,23662.20703125,21371900,604824770000
2026-02-23,MBB,28850,28300,28800,28350,23704.01171875,19036000,539670600000
2026-02-24,MBB,28500,28150,28500,28250,23620.400390625,27187100,768035575000
2026-02-25,MBB,29300,28300,28500,28750,24038.4609375,28088400,807541500000
2026-02-26,MBB,29100,28450,28900,28800,24080.267578125,16056700,462432960000
2026-02-27,MBB,28850,28500,28750,28500,23829.431640625,14848500,423182250000
2026-03-02,MBB,28200,27600,28000,27650,23118.728515625,51175400,1414999810000
2026-03-03,MBB,27850,27000,27750,27050,23118.728515625,42244700,1142719135000
2026-03-04,MBB,27400,26350,27100,26950,22533.4453125,42105200,1134735140000
2026-03-05,MBB,27550,27000,27450,27050,22617.0546875,17308700,468200335000
2026-03-06,MBB,27150,26650,27100,26700,22324.4140625,22166600,591848220000
2026-03-09,MBB,25650,24850,24900,24850,20777.591796875,73057296,1815473805600
2026-03-10,MBB,26550,25600,26100,26550,22198.99609375,37844500,1004771475000
2026-03-11,MBB,27000,26450,26550,26800,22408.025390625,22212600,595297680000
2026-03-12,MBB,26800,26000,26500,26250,21948.16015625,19075600,500734500000
2026-03-13,MBB,26500,25800,26200,26150,21864.548828125,17314700,0
2026-03-16,MBB,26500,26100,26150,26100,21822.7421875,12448200,0
2026-03-17,MBB,26750,26250,26400,26350,22031.771484375,9514500,0
2026-03-18,MBB,26900,25750,26700,26300,21989.96484375,14929500,0
2026-03-19,MBB,26500,25900,26050,26400,22073.578125,19724200,0
2026-03-20,MBB,26350,25950,26300,25950,21697.322265625,13305900,0
2026-03-23,MBB,25650,24850,25600,25000,20903.009765625,21672100,0
2026-03-24,MBB,26000,25400,25750,25600,21404.681640625,13041100,0
2026-03-25,MBB,26250,25850,25950,26000,21739.12890625,13825500,0
2026-03-26,MBB,26350,25700,26350,25800,21571.90625,13683600,0
2026-03-27,MBB,26200,25600,25750,26150,21864.548828125,12866700,0
2026-03-30,MBB,26100,25650,25800,25750,21530.099609375,11214500,0
2026-03-31,MBB,26700,25950,25950,26450,22115.384765625,20965700,0
2026-04-01,MBB,27100,26500,27000,26500,22157.189453125,18947700,0
2026-04-02,MBB,26550,25900,26500,26300,21989.96484375,23391700,0
2026-04-03,MBB,26450,25950,26300,25950,21697.322265625,10974700,0
2026-04-06,MBB,26000,25600,26000,25650,21446.48828125,11655100,0
2026-04-07,MBB,25800,25450,25750,25600,21404.681640625,15315200,0
2026-04-08,MBB,26650,26100,26450,26600,22240.802734375,33405300,0
2026-04-09,MBB,26700,26350,26500,26500,22157.189453125,14977100,0
2026-04-10,MBB,27100,26650,26800,26700,22324.4140625,30327300,0
2026-04-13,MBB,26650,26250,26350,26450,22115.384765625,15029500,0
2026-04-14,MBB,26800,26500,26700,26700,22324.4140625,16255100,0
2026-04-15,MBB,26850,26600,26700,26600,22240.802734375,11553900,0
2026-04-16,MBB,26600,26200,26500,26300,21989.96484375,12841800,0
2026-04-17,MBB,26600,26300,26300,26450,22115.384765625,8604100,0
2026-04-20,MBB,26600,26350,26450,26350,22031.771484375,13276300,0
2026-04-21,MBB,26600,26300,26400,26300,21989.96484375,13041700,0
2026-04-22,MBB,26400,26100,26350,26200,21906.35546875,8424700,0
2026-04-23,MBB,27000,26150,26200,26400,22073.578125,15289400,0
2026-04-24,MBB,26400,26200,26400,26200,21906.35546875,9074600,0
2026-04-28,MBB,26250,26000,26200,26000,21739.12890625,12572800,0
2026-04-29,MBB,26150,25850,26000,26050,21780.935546875,13290000,0
2026-05-04,MBB,26400,26050,26150,26100,21822.7421875,10177100,0
2026-05-05,MBB,26100,25750,26000,25950,21697.322265625,12314500,0
2026-05-06,MBB,26150,25850,26000,26050,21780.935546875,16164500,0
2026-05-07,MBB,26300,26000,26150,26100,21822.7421875,16786200,0
2026-05-08,MBB,26550,26050,26100,26150,21864.548828125,22204000,0
2026-05-11,MBB,26350,25950,26200,26000,21739.12890625,16618800,0
2026-05-12,MBB,26100,25900,26000,25900,21655.517578125,11264200,0
2026-05-13,MBB,26000,25750,25900,25800,21571.90625,12652300,0
2026-05-14,MBB,26100,25800,25850,25850,21613.712890625,13084300,0
2026-05-15,MBB,26050,25600,26050,25650,21446.48828125,22577500,0
2026-05-18,MBB,25650,25400,25650,25500,21321.068359375,18793500,0
2026-05-19,MBB,25600,25050,25550,25050,20944.81640625,30322900,0
2026-05-20,MBB,25300,24500,25100,24600,20568.5625,38940600,0
2026-05-21,MBB,24900,24600,24700,24800,20735.78515625,18632200,0
2026-05-22,MBB,24900,24500,24850,24650,20610.3671875,14993300,0
2026-05-25,MBB,25000,24750,24800,24800,20735.78515625,10183000,0
2026-05-26,MBB,25550,24800,24800,25500,21321.068359375,18673500,0
2026-05-27,MBB,25650,25300,25550,25400,21237.458984375,12599300,0
2026-05-28,MBB,25600,25000,25400,25000,20903.009765625,9614600,0
2026-05-29,MBB,25200,24850,25000,25000,20903.009765625,8171700,0
2026-06-01,MBB,25150,24900,25100,25100,20986.623046875,5172200,0
2026-06-02,MBB,25150,24650,25100,24650,20610.3671875,12839400,0
2026-06-03,MBB,25200,24650,24650,25200,21070.232421875,14476800,0
2026-06-04,MBB,25200,24900,25050,25000,20903.009765625,8558000,0
2026-06-05,MBB,25150,25000,25050,25000,20903.009765625,8343500,0
2026-06-08,MBB,24900,24550,24900,24600,20568.5625,12089800,0
2026-06-09,MBB,24850,24550,24650,24650,20610.3671875,9759500,0
2026-06-10,MBB,24850,24650,24650,24700,20652.173828125,9375900,0
2026-06-11,MBB,24750,24550,24650,24750,20693.978515625,4549700,0
2026-06-12,MBB,25200,24850,25000,24850,20777.591796875,20423200,0
2026-06-15,MBB,25350,25050,25050,25200,21070.232421875,15663000,0
2026-06-16,MBB,25300,25100,25250,25100,20986.623046875,11650300,0
2026-06-17,MBB,25300,25100,25150,25200,21070.232421875,11616400,0
2026-06-18,MBB,25300,25150,25200,25250,21112.0390625,6966700,0
2026-06-19,MBB,25250,25000,25250,25000,20903.009765625,7101000,0
2026-06-22,MBB,25100,24800,25050,24800,20735.78515625,7728200,0
2026-06-23,MBB,25300,24750,24950,24800,20735.78515625,18566900,0
2026-06-24,MBB,24950,24650,24850,24800,20735.78515625,12609600,0
2026-06-25,MBB,24900,24700,24800,24700,20652.173828125,7581600,0
2026-06-26,MBB,24800,24650,24700,24750,20693.978515625,6906000,0
2026-06-29,MBB,25250,24800,24850,25100,20986.623046875,15811500,0
2026-06-30,MBB,25250,25050,25100,25200,21070.232421875,13531800,0
2026-07-01,MBB,25750,25300,25300,25750,21070.232421875,21333400,0
2026-07-02,MBB,25900,25600,25800,25650,21446.48828125,9990900,0
2026-07-03,MBB,25800,25400,25800,25600,21404.681640625,13552000,0
2026-07-06,MBB,25800,25250,25700,25300,21153.845703125,12882800,0
2026-07-07,MBB,24760,24330,24420,24760,21530.099609375,12368800,0
2026-07-08,MBB,25140,24710,24760,25000,21739.12890625,20204000,0
2026-07-09,MBB,25000,24600,24950,24600,21391.3046875,11216900,0
2026-07-10,MBB,25000,24550,24600,24650,21434.783203125,10507600,0
2026-07-13,MBB,24650,24000,24600,24450,21260.869140625,16165400,0
2026-07-14,MBB,24550,24000,24000,24550,21347.826171875,12268700,0
2026-07-15,MBB,24450,23950,24250,23950,20826.087890625,12725100,0
2026-07-16,MBB,24250,23500,23950,24150,21000.0,14637000,0
2026-07-17,MBB,24100,23750,24050,23750,20652.173828125,10399600,0
2026-07-20,MBB,23700,22800,23600,22800,19826.087890625,20670900,0
2026-07-21,MBB,23050,22600,22700,22700,19739.130859375,11291200,0
2026-07-22,MBB,23200,22350,22800,22350,19434.783203125,21154000,0
2026-07-23,MBB,22700,21600,22300,22050,19173.912109375,20982400,0
2026-07-24,MBB,22100,21700,22050,21900,19043.478515625,10335400,0
2026-07-27,MBB,22200,21650,21950,21650,18826.087890625,13775200,0
2026-07-28,MBB,22150,21350,21500,22150,19260.869140625,17345000,0
2026-07-29,MBB,22200,21950,22200,22100,19217.390625,8827700,0
2026-07-30,MBB,22600,22050,22050,22500,19565.216796875,11202100,0
2026-07-31,MBB,23150,22500,22850,22500,19565.216796875,12050200,0
2026-08-03,MBB,24050,22750,22750,24000,20869.564453125,22735100,0
2026-08-04,MBB,24450,24000,24100,24400,21217.390625,16987000,0
2026-08-05,MBB,24500,24050,24500,24300,21130.435546875,14039700,0
2026-08-06,MBB,24350,23800,24300,23900,20782.609375,9531400,0
2026-08-07,MBB,20280,19870,19910,20120,21000.0,9472600,0
2026-08-10,MBB,20370,19950,20120,20200,21086.95703125,28450200,0
2026-08-11,MBB,20550,20350,20500,20350,20350.0,18715600,0
2026-08-12,MBB,20500,20350,20400,20450,20450.0,8937200,0
2026-08-13,MBB,20550,20150,20500,20150,20150.0,11662400,0
2026-08-14,MBB,20250,20000,20150,20000,20000.0,11904400,0
2026-08-17,MBB,20200,19900,20000,19900,19900.0,7655700,0
2026-08-18,MBB,20050,19850,19900,19950,19950.0,7081200,0
2026-08-19,MBB,20000,19850,19950,19950,19950.0,5046400,0
2026-08-20,MBB,20350,20000,20000,20300,20300.0,10904100,0
2026-08-21,MBB,20850,20100,20300,20850,20850.0,15698000,0
2026-08-24,MBB,21200,20750,21050,20750,20750.0,11070400,0
2026-08-25,MBB,20950,20650,20750,20650,20650.0,10212100,0
2026-08-26,MBB,21200,20500,20650,21050,21050.0,18747100,0
2026-08-27,MBB,21200,20850,21050,21050,21050.0,7612900,0
2026-08-28,MBB,21050,20850,21050,20950,21050.0,1624700,0
