Date,code,high,low,open,close,adjust,volume_match,value_match
2020-12-23,MSB,6820,6430,6820,6450,5243.533203125,30431340,196282143000
2020-12-24,MSB,6630,6410,6630,6560,5336.06640625,7683250,50402120000
2020-12-25,MSB,7020,6560,6560,7020,5706.1982421875,9311200,65364624000
2020-12-28,MSB,7210,7020,7210,7110,5783.30908203125,8600300,61148133000
2020-12-29,MSB,7210,7020,7150,7210,5860.41943359375,9680050,69793160500
2020-12-30,MSB,7210,7050,7210,7170,5829.5751953125,6435250,46140742500
2020-12-31,MSB,7170,7030,7120,7120,5798.73095703125,8721150,62094588000
2021-01-04,MSB,7170,6980,7120,7120,5798.73095703125,10019300,71337416000
2021-01-05,MSB,7120,7000,7120,7120,5798.73095703125,6425700,45750984000
2021-01-06,MSB,7370,7120,7150,7360,5983.796875,13781900,101434784000
2021-01-07,MSB,7580,7320,7360,7580,6168.86279296875,10025000,75989500000
2021-01-08,MSB,7850,7580,7580,7820,6353.9287109375,9146300,71524066000
2021-01-11,MSB,7870,7770,7820,7850,6353.9287109375,8229200,64599220000
2021-01-12,MSB,7850,7730,7850,7770,6323.08447265625,5232000,40652640000
2021-01-13,MSB,7720,7480,7720,7540,6138.0185546875,6368000,48014720000
2021-01-14,MSB,7540,7210,7540,7540,6138.0185546875,5747400,43335396000
2021-01-15,MSB,7600,7460,7540,7600,6184.28515625,6096800,46335680000
2021-01-18,MSB,7600,7430,7600,7430,6045.4853515625,3836200,28502966000
2021-01-19,MSB,7470,6920,7460,7020,5706.1982421875,2760800,19380816000
2021-01-20,MSB,7050,6620,7020,7020,5706.1982421875,2122300,14898546000
2021-01-21,MSB,7050,6920,7030,7020,5706.1982421875,5980900,41985918000
2021-01-22,MSB,7110,6960,7030,7050,5737.04248046875,6146500,43332825000
2021-01-25,MSB,7050,6940,7050,6980,5675.35400390625,2317700,16177546000
2021-01-26,MSB,6980,6630,6980,6900,5613.6650390625,2076500,14327850000
2021-01-27,MSB,6810,6450,6790,6600,5366.91064453125,2240000,14784000000
2021-01-28,MSB,6410,6140,6140,6140,5120.619140625,1906300,11704682000
2021-01-29,MSB,6450,5720,5720,6410,5341.88037109375,3033900,19447299000
2021-02-01,MSB,6370,6030,6370,6290,5247.05419921875,1864400,11727076000
2021-02-02,MSB,6370,6070,6070,6270,5231.24951171875,1491900,9354213000
2021-02-03,MSB,6630,6220,6220,6630,5531.53271484375,3625100,24034413000
2021-02-04,MSB,6630,6480,6630,6560,5468.3154296875,1112200,7296032000
2021-02-05,MSB,6600,6410,6560,6600,5499.92431640625,2465500,16272300000
2021-02-08,MSB,6570,6350,6560,6450,5373.4892578125,1467300,9464085000
2021-02-09,MSB,6620,6410,6450,6600,5373.4892578125,1715400,11321640000
2021-02-17,MSB,6820,6600,6630,6820,5689.57666015625,2077100,14165822000
2021-02-18,MSB,6820,6690,6790,6750,5626.359375,1880300,12692025000
2021-02-19,MSB,7020,6650,6730,7020,5847.62060546875,4718300,33122466000
2021-02-22,MSB,7150,7000,7000,7120,5942.44677734375,5623500,40039320000
2021-02-23,MSB,7210,7000,7120,7210,6005.6640625,5946800,42876428000
2021-02-24,MSB,7240,6980,7220,7180,6005.6640625,2317700,16641086000
2021-02-25,MSB,7170,7000,7170,7090,6005.6640625,1531300,10856917000
2021-02-26,MSB,7110,6870,6980,7110,5926.642578125,2349300,16703523000
2021-03-01,MSB,7180,7070,7110,7180,5989.85986328125,3239900,23262482000
2021-03-02,MSB,7220,7070,7210,7180,5989.85986328125,2391700,17172406000
2021-03-03,MSB,7660,7070,7180,7660,6384.96923828125,5598100,42881446000
2021-03-04,MSB,7700,7340,7700,7430,6195.31689453125,3571700,26537731000
2021-03-05,MSB,7510,7300,7460,7510,6258.5341796875,1846600,13867966000
2021-03-08,MSB,7540,7400,7520,7510,6258.5341796875,2667300,20031423000
2021-03-09,MSB,7510,7400,7430,7510,6258.5341796875,2822800,21199228000
2021-03-10,MSB,7570,7430,7510,7570,6305.947265625,2986000,22604020000
2021-03-11,MSB,7960,7540,7580,7960,6637.83935546875,8762500,69749500000
2021-03-12,MSB,7980,7820,7960,7890,6574.6220703125,4610100,36373689000
2021-03-15,MSB,8150,7910,7940,8150,6795.88330078125,11402000,92926300000
2021-03-16,MSB,8310,7960,8150,8310,6922.318359375,6608200,54914142000
2021-03-17,MSB,8570,8230,8270,8420,7017.14453125,11731200,98776704000
2021-03-18,MSB,8530,7960,8420,8530,7111.970703125,11309900,96473447000
2021-03-19,MSB,8520,8270,8460,8520,7096.16650390625,6436100,54835572000
2021-03-22,MSB,8470,8189,8470,8350,6953.92724609375,5063200,42277720000
2021-03-23,MSB,8310,8060,8310,8150,6795.88330078125,6249400,50932610000
2021-03-24,MSB,8530,8039,8150,8350,6953.92724609375,6169500,51515325000
2021-03-25,MSB,8350,8130,8130,8250,6874.9052734375,5718400,47176800000
2021-03-26,MSB,8270,7920,8250,8250,6874.9052734375,4614500,38069625000
2021-03-29,MSB,8230,8070,8189,8210,6843.29638671875,6127400,50305954000
2021-03-30,MSB,8230,8070,8210,8210,6843.29638671875,3757300,30847433000
2021-03-31,MSB,8360,8070,8210,8290,6906.51416015625,6208800,51470952000
2021-04-01,MSB,8400,8290,8290,8400,7001.34033203125,5410400,45447360000
2021-04-02,MSB,8570,8270,8460,8570,7143.57958984375,8235700,70579949000
2021-04-05,MSB,8650,8530,8590,8650,7206.79736328125,6408700,55435255000
2021-04-06,MSB,8670,8550,8650,8620,7190.99267578125,6024100,51927742000
2021-04-07,MSB,8610,8490,8610,8610,7175.1884765625,4460400,38404044000
2021-04-08,MSB,8620,8350,8610,8360,6969.7314453125,4592700,38394972000
2021-04-09,MSB,8360,8250,8360,8360,6969.7314453125,6552600,54779736000
2021-04-12,MSB,8830,8290,8370,8830,7364.8408203125,10339600,91298668000
2021-04-13,MSB,8830,8530,8830,8620,7190.99267578125,5651300,48714206000
2021-04-14,MSB,8680,8460,8570,8680,7238.40576171875,4611600,40028688000
2021-04-15,MSB,8680,8400,8680,8570,7143.57958984375,4711500,40377555000
2021-04-16,MSB,8550,8230,8430,8400,7001.34033203125,4800500,40324200000
2021-04-19,MSB,8470,8270,8400,8470,7064.5576171875,4472300,37880381000
2021-04-20,MSB,8720,8320,8620,8490,7080.3623046875,8192700,69556023000
2021-04-22,MSB,8520,8150,8520,8150,6795.88330078125,3962500,32294375000
2021-04-23,MSB,8350,7960,8000,8310,6922.318359375,3599100,29908521000
2021-04-26,MSB,8350,8119,8320,8230,6859.1005859375,2819900,23207777000
2021-04-27,MSB,8250,8060,8150,8060,6716.861328125,6336300,51070578000
2021-04-28,MSB,8230,8060,8070,8189,6827.4921875,3178800,26031193200
2021-04-29,MSB,8250,8100,8210,8230,6859.1005859375,3835500,31566165000
2021-05-04,MSB,8230,7960,8039,8189,6827.4921875,2921400,23923344600
2021-05-05,MSB,8460,8230,8230,8460,7048.75341796875,16356000,138371760000
2021-05-06,MSB,8620,8430,8530,8490,7080.3623046875,10988100,93288969000
2021-05-07,MSB,8520,8350,8490,8420,7017.14453125,4094300,34474006000
2021-05-10,MSB,8620,8310,8350,8570,7143.57958984375,8456800,72474776000
2021-05-11,MSB,8850,8610,8610,8710,7254.21044921875,13380100,116540671000
2021-05-12,MSB,8800,8610,8710,8800,7333.232421875,7042000,61969600000
2021-05-13,MSB,8870,8650,8770,8820,7349.03662109375,10390700,91645974000
2021-05-14,MSB,8970,8770,8830,8870,7396.44970703125,11371400,100864318000
2021-05-17,MSB,8970,8670,8910,8800,7333.232421875,7568400,66601920000
2021-05-18,MSB,8850,8570,8800,8720,7270.0146484375,6124600,53406512000
2021-05-19,MSB,8830,8670,8720,8820,7349.03662109375,8526600,75204612000
2021-05-20,MSB,9420,8820,8820,9420,7854.77685546875,22779300,214581006000
2021-05-21,MSB,9670,9380,9420,9460,7886.38525390625,10045500,95030430000
2021-05-24,MSB,9620,9400,9500,9480,7902.18994140625,9504400,90101712000
2021-05-25,MSB,9480,9350,9380,9440,7870.5810546875,10987400,103721056000
2021-05-26,MSB,9620,9480,9480,9570,7981.2119140625,10557800,101038146000
2021-05-27,MSB,10050,9600,9600,9740,8123.451171875,11178900,108882486000
2021-05-28,MSB,10170,9670,9800,10120,8439.5390625,9092700,92018124000
2021-05-31,MSB,10430,9930,10150,10410,8676.6044921875,11145300,116022573000
2021-06-01,MSB,10750,10230,10510,10620,8850.453125,13815600,146721672000
2021-06-02,MSB,10620,10230,10410,10510,8755.6259765625,9966900,104752119000
2021-06-03,MSB,11150,10430,10620,10960,9134.931640625,17838400,195508864000
2021-06-04,MSB,11680,10710,10960,11520,9609.0625,14704200,169392384000
2021-06-07,MSB,11370,10730,11370,10960,9134.931640625,10186200,111640752000
2021-06-08,MSB,11000,10200,10730,10200,9134.931640625,9546900,97378380000
2021-06-09,MSB,10730,9780,10230,10620,8850.453125,13619700,144641214000
2021-06-10,MSB,10730,10230,10620,10270,8565.9736328125,4809300,49391511000
2021-06-11,MSB,10650,10200,10320,10620,8850.453125,7618800,80911656000
2021-06-14,MSB,10650,10430,10620,10580,8818.84375,7562400,80010192000
2021-06-15,MSB,10620,10350,10580,10540,8787.2353515625,4771600,50292664000
2021-06-16,MSB,10570,10230,10570,10350,8629.19140625,5584100,57795435000
2021-06-17,MSB,10430,10050,10050,10430,8692.4091796875,4754100,49585263000
2021-06-18,MSB,10600,10390,10470,10600,8834.6484375,6309400,66879640000
2021-06-21,MSB,10600,10410,10600,10540,8787.2353515625,4210500,44378670000
2021-06-22,MSB,10880,10520,10620,10770,8976.8876953125,11162500,120220125000
2021-06-23,MSB,10920,10620,10880,10770,8976.8876953125,5455500,58755735000
2021-06-24,MSB,10820,10540,10810,10750,8961.0830078125,3799500,40844625000
2021-06-25,MSB,10770,10580,10750,10750,8961.0830078125,5347400,57484550000
2021-06-28,MSB,11490,10850,10850,11490,9577.4541015625,26626300,305936187000
2021-06-29,MSB,11760,11430,11490,11490,9577.4541015625,15280600,175574094000
2021-06-30,MSB,11600,11340,11580,11460,9545.845703125,8707900,99792534000
2021-07-01,MSB,11770,11420,11460,11760,9798.7158203125,19224500,226080120000
2021-07-02,MSB,11980,11730,11820,11820,9846.12890625,10115300,119562846000
2021-07-05,MSB,11930,11570,11870,11910,9846.12890625,10529900,125411109000
2021-07-06,MSB,12100,11090,11970,11090,9846.12890625,13448600,149144974000
2021-07-07,MSB,11660,10850,11420,11660,9846.12890625,14672400,171080184000
2021-07-08,MSB,11760,11270,11720,11420,9846.12890625,8075400,92221068000
2021-07-09,MSB,11460,10770,11420,11180,9324.583984375,12047800,134694404000
2021-07-12,MSB,11150,10410,11150,10620,9324.583984375,13397100,142277202000
2021-07-13,MSB,10770,10350,10620,10620,8850.453125,7645900,81199458000
2021-07-14,MSB,10660,10210,10620,10510,8850.453125,7539400,79239094000
2021-07-15,MSB,10790,10370,10450,10790,8992.6923828125,6092400,65736996000
2021-07-16,MSB,11000,10580,10790,10940,8992.6923828125,19445200,212730488000
2021-07-19,MSB,10580,10180,10540,10180,8486.9521484375,9009300,91714674000
2021-07-20,MSB,10620,9930,10180,10620,8850.453125,15134100,160724142000
2021-07-21,MSB,10670,10430,10620,10580,8818.84375,16353100,173015798000
2021-07-22,MSB,10770,10400,10580,10620,8850.453125,9514700,101046114000
2021-07-23,MSB,10850,10540,10540,10670,8897.8662109375,15100400,161121268000
2021-07-26,MSB,10670,10430,10520,10660,8882.0615234375,4695500,50054030000
2021-07-27,MSB,10850,10660,10670,10770,8976.8876953125,5421500,58389555000
2021-07-28,MSB,10790,10620,10770,10770,8976.8876953125,3719600,40060092000
2021-07-29,MSB,11070,10790,10810,11070,9229.7578125,7240000,80146800000
2021-07-30,MSB,11280,11070,11070,11250,9371.9970703125,10009300,112604625000
2021-08-02,MSB,11250,10940,11250,11060,9371.9970703125,6332700,70039662000
2021-08-03,MSB,11070,10820,11060,11070,9229.7578125,7024600,77762322000
2021-08-04,MSB,11300,11100,11180,11250,9229.7578125,8324500,93650625000
2021-08-05,MSB,11320,11130,11250,11300,9419.41015625,5782000,65336600000
2021-08-06,MSB,11370,11120,11370,11250,9371.9970703125,6125200,68908500000
2021-08-09,MSB,11300,11040,11170,11300,9419.41015625,8060300,91081390000
2021-08-10,MSB,11470,11270,11370,11370,9419.41015625,7059400,80265378000
2021-08-11,MSB,11970,11320,11370,11770,9798.7158203125,16270000,191497900000
2021-08-12,MSB,11790,11610,11770,11790,9830.32421875,8479600,99974484000
2021-08-13,MSB,11770,11320,11770,11620,9688.0849609375,6202000,72067240000
2021-08-16,MSB,12100,11420,11650,11950,9956.7587890625,16130200,192755890000
2021-08-17,MSB,12100,11770,12070,11910,9956.7587890625,9270800,110415228000
2021-08-18,MSB,11930,11650,11830,11680,9735.498046875,8741400,102099552000
2021-08-19,MSB,11680,11320,11650,11420,9514.236328125,9937300,113483966000
2021-08-20,MSB,11520,10620,11420,10770,8976.8876953125,16878500,181781445000
2021-08-23,MSB,10770,10240,10770,10240,8976.8876953125,9662000,98938880000
2021-08-24,MSB,10580,10050,10280,10470,8724.017578125,7471100,78222417000
2021-08-25,MSB,10620,10450,10600,10580,8818.84375,3608000,38172640000
2021-08-26,MSB,10640,10480,10520,10580,8818.84375,3653000,38648740000
2021-08-27,MSB,10620,10280,10480,10620,8850.453125,4210700,44717634000
2021-08-30,MSB,10810,10580,10760,10730,8945.279296875,4093000,43917890000
2021-08-31,MSB,10810,10620,10770,10730,8945.279296875,5173500,55511655000
2021-09-01,MSB,10850,10670,10730,10850,9040.10546875,6053100,65676135000
2021-09-06,MSB,11020,10790,11000,10960,9134.931640625,4914000,53857440000
2021-09-07,MSB,11180,11000,11020,11150,9292.9755859375,7553600,84222640000
2021-09-08,MSB,11210,10850,11180,10940,9292.9755859375,4650100,50872094000
2021-09-09,MSB,11040,10880,10920,11040,9198.1494140625,2837000,31320480000
2021-09-10,MSB,11120,10880,11040,11000,9166.5400390625,3682600,40508600000
2021-09-13,MSB,11000,10770,11000,10920,9103.322265625,3163400,34544328000
2021-09-14,MSB,10880,10660,10880,10770,8976.8876953125,2866100,30867897000
2021-09-15,MSB,10910,10620,10690,10820,9024.30078125,6658400,72043888000
2021-09-16,MSB,10920,10790,10870,10870,9055.9091796875,4645900,50500933000
2021-09-17,MSB,11100,10910,10920,11100,9245.5625,5662800,62857080000
2021-09-20,MSB,11300,11070,11270,11170,9308.779296875,6379500,71259015000
2021-09-21,MSB,11070,10870,11000,10880,9308.779296875,3332800,36260864000
2021-09-22,MSB,11000,10850,10880,11000,9308.779296875,2806700,30873700000
2021-09-23,MSB,11060,10850,11040,11000,9166.5400390625,3077000,33847000000
2021-09-24,MSB,11370,11000,11020,11370,9482.6279296875,14502400,164892288000
2021-09-27,MSB,11520,11180,11520,11180,9324.583984375,4542000,50779560000
2021-09-28,MSB,11250,11040,11150,11250,9371.9970703125,3816100,42931125000
2021-09-29,MSB,11210,10960,11180,11180,9324.583984375,4374500,48906910000
2021-09-30,MSB,11210,11000,11210,11120,9261.3662109375,3480100,38698712000
2021-10-01,MSB,11120,10720,11060,10920,9103.322265625,6496000,70936320000
2021-10-04,MSB,10920,10430,10880,10770,8976.8876953125,5739500,61814415000
2021-10-05,MSB,10850,10620,10760,10850,9040.10546875,5387700,58456545000
2021-10-06,MSB,10920,10430,10870,10430,9040.10546875,6582500,68655475000
2021-10-07,MSB,10970,10770,10850,10950,9122.2880859375,6081400,66591330000
2021-10-08,MSB,10970,10800,10950,10920,9122.2880859375,2402900,26239668000
2021-10-11,MSB,11070,10820,10900,11070,9122.2880859375,6244500,69126615000
2021-10-12,MSB,11100,10970,11100,11070,9225.0166015625,3987400,44140518000
2021-10-13,MSB,11100,10870,10990,10950,9122.2880859375,2652000,29039400000
2021-10-14,MSB,10970,10800,10970,10850,9122.2880859375,3600700,39067595000
2021-10-15,MSB,10970,10770,10900,10870,9060.6513671875,3588200,39003734000
2021-10-18,MSB,10920,10750,10900,10850,9060.6513671875,2868500,31123225000
2021-10-19,MSB,10870,10720,10850,10800,8999.013671875,2292000,24753600000
2021-10-20,MSB,11040,10800,10950,10950,9122.2880859375,6872500,75253875000
2021-10-21,MSB,11270,11020,11020,11270,9389.3818359375,12660300,142681581000
2021-10-22,MSB,11320,11170,11270,11290,9409.927734375,5082800,57384812000
2021-10-25,MSB,11320,11220,11290,11290,9409.927734375,5060000,57127400000
2021-10-26,MSB,11220,10920,11220,11190,9409.927734375,4332400,48479556000
2021-10-27,MSB,11240,10990,11120,11170,9409.927734375,5521800,61678506000
2021-10-28,MSB,11290,11120,11190,11190,9327.7451171875,7045600,78840264000
2021-10-29,MSB,11290,11070,11240,11290,9409.927734375,8428800,95161152000
2021-11-01,MSB,11590,11370,11390,11570,9409.927734375,10233100,118396967000
2021-11-02,MSB,11590,11440,11570,11590,9656.4755859375,6928400,80300156000
2021-11-03,MSB,12320,11590,11590,12300,10252.30078125,26474900,325641270000
2021-11-04,MSB,12350,12080,12320,12230,10190.6640625,8494900,103892627000
2021-11-05,MSB,12230,12010,12210,12120,10108.4814453125,9070200,109930824000
2021-11-08,MSB,12500,11880,12060,12400,10334.484375,21392900,265271960000
2021-11-09,MSB,12600,12260,12520,12300,10252.30078125,9589500,117950850000
2021-11-10,MSB,12320,12100,12320,12100,10087.935546875,7253500,87767350000
2021-11-11,MSB,12100,11590,12100,11630,9697.5673828125,13850300,161078989000
2021-11-12,MSB,11980,11420,11630,11880,9903.0244140625,10643600,126445968000
2021-11-15,MSB,12080,11860,12030,11930,9944.115234375,8143900,97156727000
2021-11-16,MSB,12080,11730,11930,11830,9861.9326171875,7498700,88709621000
2021-11-17,MSB,11830,11660,11830,11680,9738.6591796875,7282400,85058432000
2021-11-18,MSB,11930,11630,11680,11730,9779.75,8356300,98019399000
2021-11-19,MSB,12420,11680,11830,12120,10108.4814453125,21606600,261871992000
2021-11-22,MSB,12970,12230,12320,12940,10786.4892578125,29139900,377070306000
2021-11-23,MSB,13220,12670,13020,13040,10868.671875,11098000,144717920000
2021-11-24,MSB,13900,12940,13070,13900,11587.771484375,18292500,254265750000
2021-11-25,MSB,13900,13610,13810,13710,11423.4052734375,11173400,153187314000
2021-11-26,MSB,13810,13460,13710,13680,11402.8603515625,10632100,145447128000
2021-11-29,MSB,13610,13170,13460,13410,11176.857421875,10077700,135141957000
2021-11-30,MSB,13660,12820,13610,12820,10683.7607421875,14855000,190441100000
2021-12-01,MSB,13320,12600,12770,13320,11094.6748046875,10364100,138049812000
2021-12-02,MSB,13320,12920,13320,12920,10765.943359375,5148900,66523788000
2021-12-03,MSB,13120,12320,12990,12320,10272.8466796875,7588700,93492784000
2021-12-06,MSB,12470,11540,12320,11830,9861.9326171875,18680500,220990315000
2021-12-07,MSB,12150,11810,12080,12060,10046.84375,4953000,59733180000
2021-12-08,MSB,12570,11930,12060,12270,10231.755859375,14039400,172263438000
2021-12-09,MSB,12350,12210,12270,12300,10252.30078125,4608800,56688240000
2021-12-10,MSB,12470,12270,12320,12320,10272.8466796875,7901600,97347712000
2021-12-13,MSB,12350,12120,12320,12150,10129.02734375,9748000,118438200000
2021-12-14,MSB,12570,12030,12080,12210,10170.1181640625,6940000,84737400000
2021-12-15,MSB,12550,12120,12180,12420,10355.029296875,7001400,86957388000
2021-12-16,MSB,12790,12400,12520,12740,10622.1240234375,9098200,115911068000
2021-12-17,MSB,12940,12620,12770,12900,10745.3974609375,6534700,84297630000
2021-12-20,MSB,12920,12700,12820,12920,10765.943359375,7162500,92539500000
2021-12-21,MSB,13070,12720,12820,13070,10889.2177734375,10647300,139160211000
2021-12-22,MSB,13380,12870,13290,13170,10971.400390625,11308000,148926360000
2021-12-23,MSB,13230,12400,13170,12990,10827.580078125,9154000,118910460000
2021-12-24,MSB,13370,12820,12970,13370,11135.765625,10502500,140418425000
2021-12-27,MSB,13560,13070,13370,13460,11217.9482421875,6668300,89755318000
2021-12-28,MSB,13630,13320,13580,13560,11300.1318359375,8129000,110229240000
2021-12-29,MSB,13780,13540,13710,13730,11443.951171875,8929800,122606154000
2021-12-30,MSB,14050,13630,13730,14050,11711.044921875,14673800,206166890000
2021-12-31,MSB,14300,14050,14250,14300,11916.501953125,17747900,253794970000
2022-01-04,MSB,14320,14010,14300,14010,11669.9541015625,9008800,126213288000
2022-01-05,MSB,14050,13660,14010,13660,11382.314453125,11076900,151310454000
2022-01-06,MSB,13730,13410,13410,13630,11361.7685546875,9183000,125164290000
2022-01-07,MSB,13660,13370,13520,13370,11135.765625,5665400,75746398000
2022-01-10,MSB,13560,13070,13370,13090,10827.580078125,5311600,69528844000
2022-01-11,MSB,13320,12870,13070,13120,10930.30859375,6528700,85656544000
2022-01-12,MSB,13810,12970,12970,13810,11505.5888671875,9864100,136223221000
2022-01-13,MSB,14150,13610,13900,13810,11505.5888671875,10938700,151063447000
2022-01-14,MSB,13830,13220,13520,13220,11012.4921875,4069500,53798790000
2022-01-17,MSB,13520,12620,13320,12770,10642.6689453125,7395700,94443089000
2022-01-18,MSB,12870,12500,12720,12500,10416.6669921875,6090900,76136250000
2022-01-19,MSB,12820,12570,12570,12820,10683.7607421875,3684900,47240418000
2022-01-20,MSB,13070,12600,12820,12990,10827.580078125,2837400,36857826000
2022-01-21,MSB,13290,12920,13070,13190,10991.9462890625,5430900,71633571000
2022-01-24,MSB,13230,12620,13190,12770,10642.6689453125,4352700,55583979000
2022-01-25,MSB,13320,12720,12770,13320,11094.6748046875,5218200,69506424000
2022-01-26,MSB,13630,13340,13370,13560,11300.1318359375,9153600,124122816000
2022-01-27,MSB,13560,13170,13560,13430,11197.4033203125,4176900,56095767000
2022-01-28,MSB,13540,13320,13320,13380,11156.3115234375,5011100,67048518000
2022-02-07,MSB,13560,13380,13560,13480,11238.494140625,4829300,65098964000
2022-02-08,MSB,13860,13430,13480,13730,11443.951171875,19892100,273118533000
2022-02-09,MSB,13830,13610,13810,13680,11402.8603515625,7803000,106745040000
2022-02-10,MSB,13710,13460,13680,13580,11320.6767578125,5966000,81018280000
2022-02-11,MSB,13760,13460,13560,13580,11320.6767578125,5409700,73463726000
2022-02-14,MSB,13730,12920,13410,12920,10765.943359375,11732800,151587776000
2022-02-15,MSB,13220,12870,13020,13170,10765.943359375,5663400,74586978000
2022-02-16,MSB,13290,13020,13290,13230,11033.037109375,4518100,59774463000
2022-02-17,MSB,13370,13070,13220,13320,11094.6748046875,3776200,50298984000
2022-02-18,MSB,13320,13070,13190,13320,11094.6748046875,6902300,91938636000
2022-02-21,MSB,13320,13070,13320,13320,11094.6748046875,5818200,77498424000
2022-02-22,MSB,13320,13070,13170,13320,11094.6748046875,5855900,78000588000
2022-02-23,MSB,13660,13370,13410,13460,11217.9482421875,9718900,130816394000
2022-02-24,MSB,13520,12790,13460,13170,10971.400390625,8536700,112428339000
2022-02-25,MSB,13370,13170,13170,13270,11053.5830078125,6164800,81806896000
2022-02-28,MSB,13270,13040,13270,13140,10950.8544921875,5517700,72502578000
2022-03-01,MSB,13140,12940,13070,13070,10889.2177734375,6215500,81236585000
2022-03-02,MSB,13020,12570,12970,12570,10478.3037109375,11783400,148117338000
2022-03-03,MSB,12870,12500,12620,12820,10683.7607421875,6329500,81144190000
2022-03-04,MSB,12920,12700,12820,12820,10683.7607421875,3706900,47522458000
2022-03-07,MSB,12720,12550,12720,12620,10519.3955078125,4328200,54621884000
2022-03-08,MSB,12600,12300,12350,12400,10334.484375,6324500,78423800000
2022-03-09,MSB,12550,12080,12400,12320,10272.8466796875,4265700,52553424000
2022-03-10,MSB,12570,12400,12500,12520,10437.2119140625,1905600,23858112000
2022-03-11,MSB,12520,12370,12500,12500,10416.6669921875,3095200,38690000000
2022-03-14,MSB,12500,12320,12420,12500,10416.6669921875,2739300,34241250000
2022-03-15,MSB,12570,12450,12520,12520,10437.2119140625,2737800,34277256000
2022-03-16,MSB,12650,12470,12570,12520,10437.2119140625,2204700,27602844000
2022-03-17,MSB,12650,12500,12620,12650,10539.9404296875,3434600,43447690000
2022-03-18,MSB,12770,12620,12700,12720,10601.578125,3986400,50707008000
2022-03-21,MSB,12770,12600,12720,12770,10642.6689453125,2653800,33889026000
2022-03-22,MSB,12820,12700,12770,12820,10683.7607421875,3839700,49224954000
2022-03-23,MSB,12870,12720,12870,12790,10663.21484375,2857000,36541030000
2022-03-24,MSB,12770,12570,12720,12700,10581.0322265625,3059500,38855650000
2022-03-25,MSB,12700,12550,12670,12650,10539.9404296875,3459900,43767735000
2022-03-28,MSB,12570,12320,12550,12420,10355.029296875,3106200,38579004000
2022-03-29,MSB,12570,12370,12420,12470,10396.12109375,2812100,35066887000
2022-03-30,MSB,12570,12350,12350,12520,10437.2119140625,2873400,35974968000
2022-03-31,MSB,12600,12370,12570,12520,10437.2119140625,1711000,21421720000
2022-04-01,MSB,12720,12400,12470,12720,10601.578125,3840600,48852432000
2022-04-04,MSB,12870,12570,12820,12790,10663.21484375,4044200,51725318000
2022-04-05,MSB,12790,12570,12720,12700,10581.0322265625,2622300,33303210000
2022-04-06,MSB,12770,12570,12670,12720,10601.578125,2748400,34959648000
2022-04-07,MSB,12970,12720,12790,12820,10683.7607421875,6520000,83586400000
2022-04-08,MSB,12820,12600,12770,12650,10539.9404296875,2435600,30810340000
2022-04-12,MSB,12740,12300,12550,12500,10416.6669921875,2397700,29971250000
2022-04-13,MSB,12500,12270,12400,12400,10334.484375,2493700,30921880000
2022-04-14,MSB,12550,12370,12470,12420,10355.029296875,1759800,21856716000
2022-04-15,MSB,12520,12080,12420,12080,10067.3896484375,2761500,33358920000
2022-04-18,MSB,12080,11340,12080,11770,9800.2958984375,3914800,46077196000
2022-04-19,MSB,11830,11340,11780,11340,9451.01953125,2067700,23447718000
2022-04-20,MSB,11590,11190,11290,11340,9451.01953125,3056600,34661844000
2022-04-21,MSB,11440,10950,11100,11340,9451.01953125,1909800,21657132000
2022-04-22,MSB,11570,11140,11340,11390,9492.1103515625,2556000,29112840000
2022-04-25,MSB,11540,10700,11540,10850,9040.10546875,3027500,32848375000
2022-04-26,MSB,11070,10480,10750,11040,9204.470703125,1728500,19082640000
2022-04-27,MSB,11320,10920,10950,11240,9368.8359375,896700,10078908000
2022-04-28,MSB,11340,11070,11340,11070,9225.0166015625,1060700,11741949000
2022-04-29,MSB,11290,11020,11100,11290,9409.927734375,2568300,28996107000
2022-05-04,MSB,11290,11070,11290,11240,9368.8359375,903500,10155340000
2022-05-05,MSB,11340,11040,11340,11240,9368.8359375,1034800,11631152000
2022-05-06,MSB,11170,10920,11070,11040,9204.470703125,1171900,12937776000
2022-05-09,MSB,11020,10280,10550,10280,8567.5546875,2456900,25256932000
2022-05-10,MSB,10350,9790,9960,10330,8608.6455078125,1981700,20470961000
2022-05-11,MSB,10400,10180,10350,10350,8629.19140625,976600,10107810000
2022-05-12,MSB,10310,9640,10280,9640,8033.3662109375,1479900,14266236000
2022-05-13,MSB,9620,8970,9390,8970,7478.63232421875,2657500,23837775000
2022-05-16,MSB,9370,8870,8870,9000,7499.17822265625,1624900,14624100000
2022-05-17,MSB,9620,8770,8870,9590,7992.27490234375,1849600,17737664000
2022-05-18,MSB,9860,9470,9590,9670,8053.912109375,2024900,19580783000
2022-05-19,MSB,9710,9370,9420,9670,8053.912109375,1002600,9695142000
2022-05-20,MSB,9770,9570,9670,9570,7971.72900390625,1030200,9859014000
2022-05-23,MSB,9710,9240,9570,9370,7807.36376953125,766400,7181168000
2022-05-24,MSB,9420,9050,9420,9370,7807.36376953125,1109600,10396952000
2022-05-25,MSB,9770,9390,9420,9770,8136.0947265625,1935500,18909835000
2022-05-26,MSB,9860,9710,9790,9730,8115.548828125,1179700,11478481000
2022-05-27,MSB,10160,9690,9790,10160,8464.826171875,2873600,29195776000
2022-05-30,MSB,10260,10020,10260,10210,8505.9169921875,1365700,13943797000
2022-05-31,MSB,10130,9930,10130,10110,8423.734375,1687600,17061636000
2022-06-01,MSB,10130,9910,10060,10060,8382.642578125,1224200,12315452000
2022-06-02,MSB,10110,9670,10020,9710,8382.642578125,1712700,16630317000
2022-06-03,MSB,9770,9520,9710,9670,8053.912109375,1085000,10491950000
2022-06-06,MSB,9820,9670,9790,9770,8136.0947265625,1049500,10253615000
2022-06-07,MSB,9770,9420,9670,9620,8012.8203125,624800,6010576000
2022-06-08,MSB,9930,9620,9640,9930,8279.9140625,1078900,10713477000
2022-06-09,MSB,10020,9840,10020,9880,8238.8232421875,390300,3856164000
2022-06-10,MSB,9930,9690,9790,9690,8074.45751953125,1152100,11163849000
2022-06-13,MSB,9520,9020,9270,9020,7519.7236328125,2323300,20956166000
2022-06-14,MSB,9170,8620,9020,8850,7375.90380859375,1421500,12580275000
2022-06-15,MSB,8920,8280,8870,8570,7149.9013671875,1302700,11164139000
2022-06-16,MSB,8870,8460,8620,8510,7088.26416015625,803600,6838636000
2022-06-17,MSB,8330,7920,8330,7920,6595.16748046875,1760500,13943160000
2022-06-20,MSB,8039,7370,7930,7400,6163.7080078125,1928500,14270900000
2022-06-21,MSB,7450,6870,7200,7400,6163.7080078125,2164300,16015820000
2022-06-22,MSB,7920,7400,7570,7920,6595.16748046875,1364000,10802880000
2022-06-23,MSB,8130,7720,7930,8130,6780.0791015625,742200,6034086000
2022-06-24,MSB,8210,8070,8130,8160,6800.62451171875,1386900,11317104000
2022-06-27,MSB,8310,8070,8130,8310,6923.89892578125,1328500,11039835000
2022-06-28,MSB,8570,8039,8310,8480,7067.71875,1666100,14128528000
2022-06-29,MSB,8560,8330,8380,8510,7088.26416015625,729900,6211449000
2022-06-30,MSB,8480,8330,8480,8380,6985.53564453125,1735400,14542652000
2022-07-01,MSB,8380,8090,8280,8380,6985.53564453125,1153800,9668844000
2022-07-04,MSB,8480,8360,8410,8430,7026.62744140625,572200,4823646000
2022-07-05,MSB,8620,8430,8480,8530,7108.81005859375,1664900,14201597000
2022-07-06,MSB,8460,8210,8430,8380,6985.53564453125,1127400,9447612000
2022-07-07,MSB,8380,8070,8280,8280,6903.35302734375,1103600,9137808000
2022-07-08,MSB,8410,8160,8380,8280,6903.35302734375,858600,7109208000
2022-07-11,MSB,8230,8039,8180,8130,6780.0791015625,784700,6379611000
2022-07-12,MSB,8280,8070,8130,8230,6780.0791015625,805100,6625973000
2022-07-13,MSB,8510,8160,8160,8480,7067.71875,2002800,16983744000
2022-07-14,MSB,8530,8410,8430,8510,7088.26416015625,1490400,12683304000
2022-07-15,MSB,8650,8510,8530,8620,7190.99267578125,2250100,19395862000
2022-07-18,MSB,8770,8570,8730,8680,7232.083984375,1307800,11351704000
2022-07-19,MSB,8680,8480,8600,8680,7232.083984375,1765400,15323672000
2022-07-20,MSB,8920,8620,8710,8870,7396.44970703125,3125800,27725846000
2022-07-21,MSB,9150,8900,9120,8970,7478.63232421875,2392700,21462519000
2022-07-22,MSB,9100,8970,9020,9020,7519.7236328125,2580700,23277914000
2022-07-25,MSB,9000,8820,8970,8950,7458.0869140625,1438000,12870100000
2022-07-26,MSB,9050,8870,9050,8920,7437.541015625,775800,6920136000
2022-07-27,MSB,8920,8770,8920,8920,7437.541015625,845000,7537400000
2022-07-28,MSB,9200,8920,9050,9120,7601.90673828125,2358000,21504960000
2022-07-29,MSB,9170,8970,9150,9170,7642.998046875,2795100,25631067000
2022-08-01,MSB,9270,9150,9200,9220,7684.08935546875,1543800,14233836000
2022-08-02,MSB,9240,9100,9220,9150,7704.63525390625,1408400,12886860000
2022-08-03,MSB,9270,9100,9220,9270,7725.1806640625,3226400,29908728000
2022-08-04,MSB,9370,9150,9290,9270,7725.1806640625,3501700,32460759000
2022-08-05,MSB,9320,9150,9240,9270,7725.1806640625,1719000,15935130000
2022-08-08,MSB,9350,9170,9320,9270,7725.1806640625,2243000,20792610000
2022-08-09,MSB,9440,9220,9270,9370,7807.36376953125,3043300,28515721000
2022-08-10,MSB,9420,9270,9390,9350,7786.81787109375,1652300,15449005000
2022-08-11,MSB,9440,9120,9420,9170,7642.998046875,2299900,21090083000
2022-08-12,MSB,9270,9150,9220,9270,7725.1806640625,1457500,13511025000
2022-08-15,MSB,9470,9270,9270,9470,7889.54638671875,2853300,27020751000
2022-08-16,MSB,9520,9420,9520,9490,7910.09228515625,1187100,11265579000
2022-08-17,MSB,9540,9470,9520,9520,7930.6376953125,3090700,29423464000
2022-08-18,MSB,9540,9420,9520,9520,7930.6376953125,1378100,13119512000
2022-08-19,MSB,9520,9350,9470,9490,7910.09228515625,1462000,13874380000
2022-08-22,MSB,9470,9240,9470,9370,7807.36376953125,1302700,12206299000
2022-08-23,MSB,9370,9170,9290,9370,7807.36376953125,2348500,22005445000
2022-08-24,MSB,9420,9320,9370,9420,7848.455078125,1288800,12140496000
2022-08-25,MSB,9490,9420,9470,9470,7889.54638671875,1634300,15476821000
2022-08-26,MSB,9570,9440,9470,9520,7930.6376953125,1535300,14616056000
2022-08-29,MSB,9390,9200,9390,9350,7786.81787109375,1497500,14001625000
2022-08-30,MSB,9470,9270,9370,9350,7786.81787109375,1652500,15450875000
2022-08-31,MSB,9370,9220,9350,9370,7807.36376953125,1363900,12779743000
2022-09-05,MSB,9440,9290,9440,9320,7766.27197265625,1486100,13850452000
2022-09-06,MSB,9440,9320,9370,9420,7848.455078125,2544700,23971074000
2022-09-07,MSB,9420,9220,9420,9220,7684.08935546875,2043600,18841992000
2022-09-08,MSB,9270,9020,9220,9020,7519.7236328125,1835500,16556210000
2022-09-09,MSB,9120,8770,9070,9050,7540.26953125,1933000,17493650000
2022-09-12,MSB,9120,8870,9120,8870,7396.44970703125,1211000,10741570000
2022-09-13,MSB,8950,8710,8950,8850,7375.90380859375,2083600,18439860000
2022-09-14,MSB,8750,8600,8680,8750,7293.72119140625,2091300,18298875000
2022-09-15,MSB,8770,8650,8770,8650,7211.53857421875,1350500,11681825000
2022-09-16,MSB,8850,8600,8620,8730,7273.17578125,2010100,17548173000
2022-09-19,MSB,8770,8480,8730,8560,7129.35546875,935300,8006168000
2022-09-20,MSB,8730,8480,8620,8680,7232.083984375,1180600,10247608000
2022-09-21,MSB,8680,8570,8600,8680,7232.083984375,396700,3443356000
2022-09-22,MSB,8680,8560,8600,8620,7190.99267578125,808500,6969270000
2022-09-23,MSB,8710,8600,8620,8650,7211.53857421875,670700,5801555000
2022-09-26,MSB,8600,8280,8600,8430,7026.62744140625,1245600,10500408000
2022-09-27,MSB,8460,8360,8430,8380,6985.53564453125,719600,6030248000
2022-09-28,MSB,8410,8160,8410,8360,6964.990234375,885900,7406124000
2022-09-29,MSB,8620,8260,8410,8330,6944.4443359375,851200,7090496000
2022-09-30,MSB,8330,7980,8310,8160,6800.62451171875,964700,7871952000
2022-10-03,MSB,8180,7740,8180,7890,6574.6220703125,995700,7856073000
2022-10-04,MSB,8090,7820,8039,7890,6574.6220703125,1311500,10347735000
2022-10-05,MSB,7980,7840,7920,7960,6636.25927734375,1111200,8845152000
2022-10-06,MSB,7980,7690,7960,7770,6471.8935546875,927300,7205121000
2022-10-07,MSB,7690,7220,7690,7220,6019.88818359375,2853400,20601548000
2022-10-10,MSB,7310,6920,7310,7120,5929.4873046875,4258500,30320520000
2022-10-11,MSB,7210,6630,7050,6630,5528.84619140625,1876300,12439869000
2022-10-12,MSB,7080,6170,6350,7080,5902.77783203125,5698000,40341840000
2022-10-13,MSB,7340,6670,7120,7340,6116.453125,7426400,54509776000
2022-10-14,MSB,7570,7180,7430,7530,6276.70947265625,3509200,26424276000
2022-10-17,MSB,7500,7050,7370,7430,6196.5810546875,2992800,22236504000
2022-10-18,MSB,7530,7270,7470,7500,6250.0,2502100,18765750000
2022-10-19,MSB,7500,7150,7500,7470,6223.29052734375,2454000,18331380000
2022-10-20,MSB,7600,7270,7270,7470,6223.29052734375,2888100,21574107000
2022-10-21,MSB,7430,6960,7430,7050,5876.068359375,5352300,37733715000
2022-10-24,MSB,7150,6570,7050,7020,5849.35888671875,3333700,23402574000
2022-10-25,MSB,7310,6700,6920,7050,5876.068359375,1721100,12133755000
2022-10-26,MSB,7210,6920,7120,7050,5876.068359375,1401900,9883395000
2022-10-27,MSB,7530,6980,7050,7530,6276.70947265625,4197000,31603410000
2022-10-28,MSB,7850,7500,7620,7850,6543.80322265625,3780700,29678495000
2022-10-31,MSB,7950,7620,7880,7950,6623.931640625,2489800,19793910000
2022-11-01,MSB,8109,7850,7980,8109,6757.478515625,3631900,29451077100
2022-11-02,MSB,8140,7950,8070,8109,6757.478515625,1858900,15073820100
2022-11-03,MSB,8140,7850,7880,8109,6757.478515625,2068600,16774277400
2022-11-04,MSB,8270,7660,8070,8270,6891.02587890625,7672300,63449921000
2022-11-07,MSB,8270,7760,8070,7820,6517.09423828125,2035100,15914482000
2022-11-08,MSB,7980,7600,7600,7880,6570.5126953125,2365000,18636200000
2022-11-09,MSB,8039,7690,8039,7880,6570.5126953125,1480000,11662400000
2022-11-10,MSB,7820,7340,7820,7340,6116.453125,3126300,22947042000
2022-11-11,MSB,7690,7050,7470,7370,6143.16259765625,1602200,11808214000
2022-11-14,MSB,7370,6980,7370,7240,6036.32470703125,1845100,13358524000
2022-11-15,MSB,7240,6790,7120,7050,5876.068359375,3399600,23967180000
2022-11-16,MSB,7500,6730,6790,7470,6223.29052734375,2661700,19882899000
2022-11-17,MSB,7690,7500,7570,7660,6383.546875,1233200,9446312000
2022-11-18,MSB,7690,7270,7660,7660,6383.546875,1648500,12627510000
2022-11-21,MSB,7690,7570,7660,7600,6330.12841796875,736700,5598920000
2022-11-22,MSB,7820,7570,7620,7660,6383.546875,2537400,19436484000
2022-11-23,MSB,7760,7570,7660,7690,6410.25634765625,851900,6551111000
2022-11-24,MSB,7690,7530,7660,7620,6356.83740234375,752600,5734812000
2022-11-25,MSB,7820,7690,7690,7820,6517.09423828125,2105100,16461882000
2022-11-28,MSB,8210,7880,7950,8210,6837.60693359375,3587100,29450091000
2022-11-29,MSB,8330,7880,8330,8270,6891.02587890625,3177100,26274617000
2022-11-30,MSB,8370,8210,8300,8330,6944.4443359375,2378900,19816237000
2022-12-01,MSB,8620,8300,8400,8560,7131.41015625,3652800,31267968000
2022-12-02,MSB,8870,8400,8460,8870,7398.50439453125,3158900,28019443000
2022-12-05,MSB,8970,8720,8970,8940,7451.9228515625,3900200,34867788000
2022-12-06,MSB,8870,8460,8780,8460,7051.2822265625,2681000,22681260000
2022-12-07,MSB,8520,8020,8460,8330,6944.4443359375,1830400,15247232000
2022-12-08,MSB,8680,8330,8330,8650,7211.53857421875,1950600,16872690000
2022-12-09,MSB,8720,8400,8620,8560,7131.41015625,951600,8145696000
2022-12-12,MSB,8620,8210,8560,8210,6837.60693359375,1460100,11987421000
2022-12-13,MSB,8400,7980,8210,8210,6837.60693359375,2063800,16943798000
2022-12-14,MSB,8400,8210,8400,8330,6944.4443359375,1520300,12664099000
2022-12-15,MSB,8370,8170,8270,8330,6944.4443359375,3225900,26871747000
2022-12-16,MSB,8490,8210,8270,8430,7024.57275390625,5127400,43223982000
2022-12-19,MSB,8520,8300,8520,8330,6944.4443359375,2339500,19488035000
2022-12-20,MSB,8330,7880,8330,8039,6704.06005859375,2073700,16670474300
2022-12-21,MSB,8109,7760,8039,7920,6597.22216796875,2455800,19449936000
2022-12-22,MSB,8070,7880,8020,8039,6704.06005859375,1110500,8927309500
2022-12-23,MSB,8070,7920,8020,8070,6730.76904296875,1326700,10706469000
2022-12-26,MSB,8039,7690,8039,7690,6410.25634765625,1373200,10559908000
2022-12-27,MSB,7820,7570,7620,7820,6517.09423828125,1276600,9983012000
2022-12-28,MSB,7950,7660,7880,7950,6623.931640625,842000,6693900000
2022-12-29,MSB,7950,7790,7920,7880,6570.5126953125,797300,6282724000
2022-12-30,MSB,8020,7760,7850,8020,6677.3505859375,1660900,13320418000
2023-01-03,MSB,8170,7950,8020,8170,6810.8974609375,1917400,15665158000
2023-01-04,MSB,8230,8039,8170,8170,6810.8974609375,1423300,11628361000
2023-01-05,MSB,8210,8039,8210,8109,6757.478515625,1667200,13519324800
2023-01-06,MSB,8370,8070,8140,8210,6837.60693359375,3874200,31807182000
2023-01-09,MSB,8330,8170,8330,8210,6837.60693359375,1474400,12104824000
2023-01-10,MSB,8400,8140,8140,8330,6944.4443359375,2735300,22785049000
2023-01-11,MSB,8430,8270,8400,8370,6971.15380859375,2313900,19367343000
2023-01-12,MSB,8460,8300,8370,8460,7051.2822265625,2128700,18008802000
2023-01-13,MSB,8520,8370,8490,8460,7051.2822265625,2652200,22437612000
2023-01-16,MSB,8490,8370,8460,8490,7077.9912109375,1565200,13288548000
2023-01-17,MSB,8560,8460,8520,8520,7104.70068359375,2645700,22541364000
2023-01-18,MSB,8650,8370,8520,8590,7158.11962890625,2118300,18196197000
2023-01-19,MSB,8620,8460,8490,8620,7184.8291015625,1998500,17227070000
2023-01-27,MSB,8750,8620,8620,8720,7264.95703125,1942400,16937728000
2023-01-30,MSB,8750,8520,8750,8620,7184.8291015625,2764000,23825680000
2023-01-31,MSB,8650,8460,8590,8650,7211.53857421875,2167300,18747145000
2023-02-01,MSB,8750,8330,8650,8330,6944.4443359375,2386200,19877046000
2023-02-02,MSB,8400,8170,8370,8270,6891.02587890625,2129900,17614273000
2023-02-03,MSB,8270,7790,8270,7790,6490.384765625,9567500,74530825000
2023-02-06,MSB,8230,7850,7980,8230,6864.31640625,1693400,13936682000
2023-02-07,MSB,8300,7950,8300,8070,6730.76904296875,2063300,16650831000
2023-02-08,MSB,8140,7920,8109,8140,6784.18798828125,2483400,20214876000
2023-02-09,MSB,8140,7980,8109,8109,6757.478515625,1872100,15180858900
2023-02-10,MSB,8109,7980,8070,8039,6704.06005859375,1356800,10907315200
2023-02-13,MSB,7980,7720,7950,7820,6517.09423828125,1435500,11225610000
2023-02-14,MSB,7880,7820,7820,7850,6543.80322265625,727400,5710090000
2023-02-15,MSB,7920,7820,7880,7880,6570.5126953125,1042500,8214900000
2023-02-16,MSB,7980,7820,7920,7950,6623.931640625,1366600,10864470000
2023-02-17,MSB,8020,7880,7950,8020,6677.3505859375,1111700,8915834000
2023-02-20,MSB,8330,8020,8039,8330,6944.4443359375,2276200,18960746000
2023-02-21,MSB,8370,8210,8330,8270,6891.02587890625,1592800,13172456000
2023-02-22,MSB,8170,7980,8140,7980,6650.64111328125,2029500,16195410000
2023-02-23,MSB,8020,7790,7950,8020,6677.3505859375,1813300,14542666000
2023-02-24,MSB,8039,7720,8039,7820,6517.09423828125,1535600,12008392000
2023-02-27,MSB,7820,7570,7620,7690,6410.25634765625,2395300,18419857000
2023-02-28,MSB,7760,7570,7760,7720,6436.9658203125,889600,6867712000
2023-03-01,MSB,7950,7660,7760,7950,6623.931640625,2761500,21953925000
2023-03-02,MSB,7980,7820,7950,7920,6597.22216796875,897300,7106616000
2023-03-03,MSB,7980,7690,7920,7760,6463.67529296875,1230600,9549456000
2023-03-06,MSB,7880,7720,7880,7820,6517.09423828125,1508500,11796470000
2023-03-07,MSB,7850,7720,7820,7820,6517.09423828125,1182400,9246368000
2023-03-08,MSB,7880,7690,7720,7880,6570.5126953125,1714500,13510260000
2023-03-09,MSB,7980,7820,7880,7950,6623.931640625,2258100,17951895000
2023-03-10,MSB,7920,7790,7920,7880,6570.5126953125,1323200,10426816000
2023-03-13,MSB,7820,7690,7690,7760,6463.67529296875,1744800,13539648000
2023-03-14,MSB,7790,7600,7760,7690,6410.25634765625,1450900,11157421000
2023-03-15,MSB,7880,7690,7760,7850,6543.80322265625,1935000,15189750000
2023-03-16,MSB,7850,7690,7790,7720,6436.9658203125,1283400,9907848000
2023-03-17,MSB,7820,7720,7760,7790,6490.384765625,740400,5767716000
2023-03-20,MSB,7790,7570,7760,7660,6383.546875,1583400,12128844000
2023-03-21,MSB,7690,7620,7690,7690,6410.25634765625,852300,6554187000
2023-03-22,MSB,7790,7690,7690,7690,6436.9658203125,418700,3219803000
2023-03-23,MSB,7720,7620,7690,7720,6463.67529296875,685800,5294376000
2023-03-24,MSB,7790,7720,7760,7760,6490.384765625,1057100,8203096000
2023-03-27,MSB,7820,7720,7790,7760,6490.384765625,698700,5421912000
2023-03-28,MSB,7850,7760,7790,7790,6517.09423828125,1800400,14025116000
2023-03-29,MSB,7820,7720,7820,7790,6517.09423828125,1110800,8653132000
2023-03-30,MSB,8070,7920,7950,8020,6677.3505859375,3672100,29450242000
2023-03-31,MSB,8109,7920,7980,8070,6730.76904296875,3426400,27651048000
2023-04-03,MSB,8210,8039,8210,8140,6784.18798828125,1964700,15992658000
2023-04-04,MSB,8210,8039,8140,8210,6810.8974609375,2909600,23887816000
2023-04-05,MSB,8170,8020,8170,8070,6757.478515625,2920500,23568435000
2023-04-06,MSB,8140,8039,8109,8039,6677.3505859375,3083800,24790668200
2023-04-07,MSB,8109,7950,8020,7980,6677.3505859375,1387100,11069058000
2023-04-10,MSB,8109,7920,8039,7950,6597.22216796875,2822000,22434900000
2023-04-11,MSB,7980,7850,7920,7980,6677.3505859375,2052900,16382142000
2023-04-12,MSB,8039,7950,8020,7980,6677.3505859375,1956000,15608880000
2023-04-13,MSB,8039,7920,8020,7950,6650.64111328125,1126100,8952495000
2023-04-14,MSB,8270,7950,8020,8109,6784.18798828125,5721600,46396454400
2023-04-17,MSB,8170,8039,8140,8140,6784.18798828125,1653300,13457862000
2023-04-18,MSB,8140,7980,8140,8020,6704.06005859375,1793500,14383870000
2023-04-19,MSB,8070,7850,8070,7850,6597.22216796875,2907800,22826230000
2023-04-20,MSB,7950,7820,7950,7850,6597.22216796875,1767900,13878015000
2023-04-21,MSB,7980,7760,7950,7880,6597.22216796875,2564800,20210624000
2023-04-24,MSB,7920,7790,7850,7820,6517.09423828125,2913500,22783570000
2023-04-25,MSB,7920,7660,7880,7660,6383.546875,3098600,23735276000
2023-04-26,MSB,7690,7530,7690,7600,6330.12841796875,2706400,20568640000
2023-04-27,MSB,7660,7530,7660,7570,6276.70947265625,2900300,21955271000
2023-04-28,MSB,7620,7500,7530,7600,6276.70947265625,3081800,23421680000
2023-05-04,MSB,7720,7570,7600,7690,6410.25634765625,2335900,17963071000
2023-05-05,MSB,7720,7620,7690,7620,6356.83740234375,1808400,13780008000
2023-05-08,MSB,7760,7660,7690,7760,6490.384765625,2847300,22095048000
2023-05-09,MSB,7790,7690,7760,7760,6463.67529296875,1937000,15031120000
2023-05-10,MSB,7850,7690,7760,7820,6543.80322265625,2146000,16781720000
2023-05-11,MSB,7880,7790,7850,7820,6490.384765625,1239700,9694454000
2023-05-12,MSB,7850,7690,7790,7850,6543.80322265625,2931700,23013845000
2023-05-15,MSB,7950,7790,7850,7850,6543.80322265625,3085500,24221175000
2023-05-16,MSB,7850,7760,7850,7820,6463.67529296875,1529300,11959126000
2023-05-17,MSB,7820,7690,7820,7690,6410.25634765625,1598100,12289389000
2023-05-18,MSB,7790,7690,7720,7760,6436.9658203125,1713300,13295208000
2023-05-19,MSB,7760,7660,7720,7720,6463.67529296875,2294800,17715856000
2023-05-22,MSB,7790,7720,7760,7790,6490.384765625,2745000,21383550000
2023-05-23,MSB,7820,7720,7820,7760,6490.384765625,1394900,10824424000
2023-05-24,MSB,7790,7690,7790,7690,6490.384765625,1714800,13186812000
2023-05-25,MSB,7720,7620,7720,7660,6383.546875,1712100,13114686000
2023-05-26,MSB,7690,7600,7660,7600,6330.12841796875,1456600,11070160000
2023-05-29,MSB,7690,7620,7660,7660,6383.546875,1313200,10059112000
2023-05-30,MSB,7760,7620,7690,7690,6410.25634765625,2076600,15969054000
2023-05-31,MSB,7720,7660,7720,7690,6410.25634765625,1917300,14744037000
2023-06-01,MSB,7920,7660,7690,7880,6570.5126953125,4706700,37088796000
2023-06-02,MSB,8170,7950,7980,8140,6784.18798828125,8977500,73076850000
2023-06-05,MSB,8230,8020,8210,8109,6757.478515625,6202700,50297694300
2023-06-06,MSB,8210,8039,8070,8210,6837.60693359375,6547200,53752512000
2023-06-07,MSB,8400,8170,8210,8330,6944.4443359375,8018900,66797437000
2023-06-08,MSB,8330,8109,8330,8140,6784.18798828125,6087100,49548994000
2023-06-09,MSB,8400,8070,8109,8400,6997.86328125,7633900,64124760000
2023-06-12,MSB,8460,8270,8430,8400,6997.86328125,5918200,49712880000
2023-06-13,MSB,8430,8270,8430,8400,6997.86328125,6454200,54215280000
2023-06-14,MSB,8520,8270,8400,8270,6891.02587890625,5095400,42138958000
2023-06-15,MSB,8330,8170,8300,8300,6917.73486328125,4428500,36756550000
2023-06-16,MSB,8370,8210,8330,8270,6891.02587890625,6198200,51259114000
2023-06-19,MSB,8300,8140,8300,8210,6837.60693359375,3045300,25001913000
2023-06-20,MSB,8270,8140,8210,8270,6891.02587890625,2958500,24466795000
2023-06-21,MSB,8300,8210,8270,8300,6917.73486328125,3892000,32303600000
2023-06-22,MSB,8400,8300,8330,8370,6917.73486328125,6452200,54004914000
2023-06-23,MSB,8430,8270,8370,8330,6944.4443359375,5534900,46105717000
2023-06-26,MSB,8370,8140,8330,8210,6837.60693359375,4858100,39885001000
2023-06-27,MSB,8230,8140,8230,8210,6837.60693359375,5211300,42784773000
2023-06-28,MSB,8330,8170,8210,8300,6917.73486328125,5718500,47463550000
2023-06-29,MSB,8330,8140,8300,8170,6810.8974609375,4963200,40549344000
2023-06-30,MSB,8170,8020,8170,8070,6730.76904296875,8445700,68156799000
2023-07-03,MSB,8109,8039,8109,8109,6757.478515625,3871400,31393182600
2023-07-04,MSB,8140,8039,8109,8140,6784.18798828125,3397100,27652394000
2023-07-05,MSB,8210,8109,8140,8140,6784.18798828125,3963600,32263704000
2023-07-06,MSB,8170,7980,8140,8070,6730.76904296875,4531700,36570819000
2023-07-07,MSB,8109,8020,8070,8109,6757.478515625,3442500,27915232500
2023-07-10,MSB,8210,8140,8170,8170,6810.8974609375,5272100,43073057000
2023-07-11,MSB,8370,8210,8210,8330,6944.4443359375,11512700,95900791000
2023-07-12,MSB,8400,8270,8400,8300,6917.73486328125,3427500,28448250000
2023-07-13,MSB,8370,8230,8330,8300,6917.73486328125,5493500,45596050000
2023-07-14,MSB,8370,8070,8330,8140,6784.18798828125,8648700,70400418000
2023-07-17,MSB,8230,8140,8210,8210,6837.60693359375,4443800,36483598000
2023-07-18,MSB,8270,8170,8210,8270,6891.02587890625,5208800,43076776000
2023-07-19,MSB,8330,8210,8270,8230,6864.31640625,6041600,49722368000
2023-07-20,MSB,8520,8210,8230,8460,7051.2822265625,22545100,190731546000
2023-07-21,MSB,8620,8460,8590,8490,7077.9912109375,18768700,159346263000
2023-07-24,MSB,8720,8460,8520,8720,7264.95703125,22384600,195193712000
2023-07-25,MSB,8850,8650,8780,8650,7211.53857421875,29413500,254426775000
2023-07-26,MSB,8720,8560,8650,8590,7158.11962890625,19698900,169213551000
2023-07-27,MSB,8650,8490,8590,8590,7158.11962890625,20227300,173752507000
2023-07-28,MSB,8820,8560,8650,8780,7318.3759765625,31275000,274594500000
2023-07-31,MSB,8940,8780,8850,8820,7345.08544921875,10658500,94007970000
2023-08-01,MSB,9170,8820,8850,8970,7478.63232421875,19944000,178897680000
2023-08-02,MSB,9070,8910,9010,9040,7532.05126953125,10235300,92527112000
2023-08-03,MSB,9130,8970,9040,9010,7505.341796875,11042100,99489321000
2023-08-04,MSB,9230,8970,9010,9230,7692.3076171875,12831600,118435668000
2023-08-07,MSB,9550,9290,9360,9390,7825.8544921875,12380500,116252895000
2023-08-08,MSB,9390,9170,9390,9230,7692.3076171875,13866500,127987795000
2023-08-09,MSB,9170,9010,9130,9100,7585.47021484375,11307500,102898250000
2023-08-10,MSB,9100,9010,9040,9100,7585.47021484375,8079300,73521630000
2023-08-11,MSB,9230,8970,9100,9230,7692.3076171875,10987800,101417394000
2023-08-14,MSB,9270,9130,9230,9230,7692.3076171875,7068000,65237640000
2023-08-15,MSB,9230,9040,9200,9040,7532.05126953125,5223400,47219536000
2023-08-16,MSB,9130,8970,9040,9070,7558.7607421875,9350000,84804500000
2023-08-17,MSB,9100,9010,9070,9010,7505.341796875,8386000,75557860000
2023-08-18,MSB,8970,8460,8940,8520,7104.70068359375,18526800,157848336000
2023-08-21,MSB,8750,8520,8520,8680,7238.248046875,7808100,67774308000
2023-08-22,MSB,8750,8490,8720,8750,7291.66650390625,7908900,69202875000
2023-08-23,MSB,8850,8680,8820,8680,7238.248046875,3284300,28507724000
2023-08-24,MSB,8750,8650,8680,8750,7291.66650390625,3646000,31902500000
2023-08-25,MSB,8750,8650,8750,8680,7238.248046875,4771100,41413148000
2023-08-28,MSB,8820,8680,8680,8780,7318.3759765625,5237800,45987884000
2023-08-29,MSB,9010,8820,8820,8940,7451.9228515625,7304200,65299548000
2023-08-30,MSB,8970,8820,8940,8970,7478.63232421875,5037300,45184581000
2023-08-31,MSB,9100,8940,8970,8970,7478.63232421875,7481100,67105467000
2023-09-05,MSB,9580,8970,9070,9550,7959.40185546875,24325900,232312345000
2023-09-06,MSB,9550,9390,9550,9550,7959.40185546875,13377900,127758945000
2023-09-07,MSB,9810,9580,9620,9620,8012.8203125,17704500,170317290000
2023-09-08,MSB,9650,9420,9550,9460,7879.2734375,10996100,104023106000
2023-09-11,MSB,9520,9010,9520,9130,7612.1796875,16704600,152512998000
2023-09-12,MSB,9360,9100,9130,9360,7799.1455078125,9529800,89198928000
2023-09-13,MSB,9460,9230,9460,9360,7799.1455078125,11419600,106887456000
2023-09-14,MSB,9710,9360,9390,9480,7905.98291015625,22396500,212318820000
2023-09-15,MSB,9680,9480,9580,9520,7932.6923828125,10387100,98885192000
2023-09-18,MSB,9520,9170,9520,9290,7745.7265625,12404200,115235018000
2023-09-19,MSB,9550,9170,9390,9550,7745.7265625,11811000,112795050000
2023-09-20,MSB,9840,9480,9550,9680,8066.2392578125,21526200,208373616000
2023-09-21,MSB,9710,9420,9680,9520,7932.6923828125,12886800,122682336000
2023-09-22,MSB,9360,8940,9360,9230,7692.3076171875,17520500,161714215000
2023-09-25,MSB,9290,8590,9230,8650,7211.53857421875,15135600,130922940000
2023-09-26,MSB,8850,8650,8650,8650,7211.53857421875,7848000,67885200000
2023-09-27,MSB,8820,8560,8650,8820,7345.08544921875,6068100,53520642000
2023-09-28,MSB,8850,8650,8780,8750,7291.66650390625,4977000,43548750000
2023-09-29,MSB,8850,8720,8820,8820,7345.08544921875,3243400,28606788000
2023-10-02,MSB,9040,8820,8850,8970,7478.63232421875,6239800,55971006000
2023-10-03,MSB,8910,8560,8910,8650,7211.53857421875,7304300,63182195000
2023-10-04,MSB,8870,8560,8590,8850,7371.794921875,4065100,35976135000
2023-10-05,MSB,8910,8720,8850,8720,7264.95703125,3089100,26936952000
2023-10-06,MSB,8870,8680,8720,8870,7398.50439453125,3515300,31180711000
2023-10-09,MSB,8910,8820,8870,8910,7425.2138671875,2941100,26205201000
2023-10-10,MSB,9040,8910,8940,8940,7451.9228515625,4990400,44614176000
2023-10-11,MSB,8970,8850,8970,8970,7478.63232421875,4229200,37935924000
2023-10-12,MSB,9040,8940,9010,9010,7505.341796875,6480600,58390206000
2023-10-13,MSB,9010,8850,8910,8940,7451.9228515625,3743600,33467784000
2023-10-16,MSB,8940,8750,8940,8780,7318.3759765625,3599800,31606244000
2023-10-17,MSB,8850,8650,8820,8650,7211.53857421875,5752000,49754800000
2023-10-18,MSB,8720,8300,8680,8430,7024.57275390625,7453400,62832162000
2023-10-19,MSB,8460,8109,8430,8109,6757.478515625,7363400,59709810600
2023-10-20,MSB,8330,8039,8070,8330,6944.4443359375,5562100,46332293000
2023-10-23,MSB,8330,8070,8330,8210,6837.60693359375,3899100,32011611000
2023-10-24,MSB,8370,8210,8210,8330,6944.4443359375,3724900,31028417000
2023-10-25,MSB,8490,8330,8400,8370,6971.15380859375,4751900,39773403000
2023-10-26,MSB,8300,7790,8140,7820,6517.09423828125,13538900,105874198000
2023-10-27,MSB,8039,7760,7980,7880,6570.5126953125,6531500,51468220000
2023-10-30,MSB,8070,7850,7850,7920,6597.22216796875,3532100,27974232000
2023-10-31,MSB,7950,7720,7920,7850,6543.80322265625,4269600,33516360000
2023-11-01,MSB,8070,7790,7880,8070,6730.76904296875,4519000,36468330000
2023-11-02,MSB,8330,8039,8109,8330,6944.4443359375,6174100,51430253000
2023-11-03,MSB,8590,8270,8370,8520,7104.70068359375,13445800,114558216000
2023-11-06,MSB,8560,8370,8560,8520,7104.70068359375,5632400,47988048000
2023-11-07,MSB,8490,8270,8460,8270,6891.02587890625,4434500,36673315000
2023-11-08,MSB,8560,8210,8270,8560,7131.41015625,6377400,54590544000
2023-11-09,MSB,8620,8430,8590,8460,7051.2822265625,6534500,55281870000
2023-11-10,MSB,8460,8330,8400,8430,7024.57275390625,6600000,55638000000
2023-11-13,MSB,8490,8300,8430,8430,7024.57275390625,4260000,35911800000
2023-11-14,MSB,8780,8430,8460,8650,7211.53857421875,13968900,120830985000
2023-11-15,MSB,8780,8590,8780,8650,7211.53857421875,5207100,45041415000
2023-11-16,MSB,8650,8520,8620,8620,7184.8291015625,4020500,34656710000
2023-11-17,MSB,8650,8400,8650,8400,6997.86328125,8083200,67898880000
2023-11-20,MSB,8430,8210,8210,8330,6944.4443359375,4407500,36714475000
2023-11-21,MSB,8430,8270,8370,8330,6944.4443359375,3781500,31499895000
2023-11-22,MSB,8370,8270,8330,8370,6971.15380859375,2389300,19998441000
2023-11-23,MSB,8430,8230,8400,8230,6864.31640625,4272300,35161029000
2023-11-24,MSB,8270,8039,8230,8230,6864.31640625,5019700,41312131000
2023-11-27,MSB,8230,8109,8230,8140,6784.18798828125,2945100,23973114000
2023-11-28,MSB,8210,8020,8140,8170,6810.8974609375,2909100,23767347000
2023-11-29,MSB,8230,8140,8170,8210,6837.60693359375,1785200,14656492000
2023-11-30,MSB,8270,8140,8230,8210,6837.60693359375,2356200,19344402000
2023-12-01,MSB,8210,8070,8210,8210,6837.60693359375,1611700,13232057000
2023-12-04,MSB,8330,8210,8210,8330,6944.4443359375,4632200,38586226000
2023-12-05,MSB,8370,8210,8370,8270,6891.02587890625,2955300,24440331000
2023-12-06,MSB,8330,8210,8270,8330,6944.4443359375,3900500,32491165000
2023-12-07,MSB,8490,8270,8370,8330,6944.4443359375,6952700,57915991000
2023-12-08,MSB,8430,8300,8330,8370,6971.15380859375,4288800,35897256000
2023-12-11,MSB,8430,8300,8400,8300,6917.73486328125,2559200,21241360000
2023-12-12,MSB,8330,8270,8330,8300,6917.73486328125,2280500,18928150000
2023-12-13,MSB,8330,8140,8330,8170,6810.8974609375,4403800,35979046000
2023-12-14,MSB,8270,8109,8210,8210,6837.60693359375,2470000,20278700000
2023-12-15,MSB,8210,8109,8210,8140,6784.18798828125,2158900,17573446000
2023-12-18,MSB,8170,8039,8140,8140,6784.18798828125,2539900,20674786000
2023-12-19,MSB,8140,8020,8109,8109,6757.478515625,2744600,22255961400
2023-12-20,MSB,8140,8020,8140,8039,6704.06005859375,2818800,22660333200
2023-12-21,MSB,8109,8020,8039,8070,6730.76904296875,2304900,18600543000
2023-12-22,MSB,8140,8020,8070,8070,6730.76904296875,2554300,20613201000
2023-12-25,MSB,8170,8070,8070,8140,6784.18798828125,3385700,27559598000
2023-12-26,MSB,8170,8070,8140,8140,6784.18798828125,2680300,21817642000
2023-12-27,MSB,8210,8109,8140,8210,6837.60693359375,5116000,42002360000
2023-12-28,MSB,8230,8140,8140,8210,6837.60693359375,2740100,22496221000
2023-12-29,MSB,8370,8170,8210,8330,6944.4443359375,6731800,56075894000
2024-01-02,MSB,8370,8270,8330,8330,6944.4443359375,4515700,37615781000
2024-01-03,MSB,8370,8210,8300,8370,6971.15380859375,6680700,55917459000
2024-01-04,MSB,8850,8370,8370,8620,7184.8291015625,22665100,195373162000
2024-01-05,MSB,8720,8590,8680,8680,7238.248046875,7243200,62870976000
2024-01-08,MSB,8820,8590,8720,8720,7264.95703125,8588600,74892592000
2024-01-09,MSB,8910,8680,8750,8850,7371.794921875,12395600,109701060000
2024-01-10,MSB,8940,8780,8850,8870,7398.50439453125,12406100,110042107000
2024-01-11,MSB,9100,8850,8870,8910,7425.2138671875,13250100,118058391000
2024-01-12,MSB,8970,8750,8850,8940,7451.9228515625,9395300,83993982000
2024-01-15,MSB,9070,8780,9010,8780,7318.3759765625,4833900,42441642000
2024-01-16,MSB,8910,8750,8780,8910,7425.2138671875,4577500,40785525000
2024-01-17,MSB,8940,8850,8910,8850,7371.794921875,5400900,47797965000
2024-01-18,MSB,8870,8780,8870,8870,7398.50439453125,4358300,38658121000
2024-01-19,MSB,9010,8870,8870,9010,7505.341796875,8768900,79007789000
2024-01-22,MSB,9100,8970,9070,9040,7532.05126953125,5958000,53860320000
2024-01-23,MSB,9100,8910,9100,8940,7451.9228515625,4494500,40180830000
2024-01-24,MSB,8970,8850,8970,8870,7398.50439453125,4641000,41165670000
2024-01-25,MSB,8870,8820,8870,8820,7398.50439453125,3630700,32022774000
2024-01-26,MSB,8910,8820,8820,8870,7398.50439453125,2694000,23895780000
2024-01-29,MSB,8940,8850,8910,8870,7398.50439453125,3770000,33439900000
2024-01-30,MSB,9070,8850,8870,8910,7425.2138671875,6390000,56934900000
2024-01-31,MSB,8940,8680,8910,8720,7264.95703125,5579300,48651496000
2024-02-01,MSB,8780,8650,8720,8650,7211.53857421875,5697500,49283375000
2024-02-02,MSB,8720,8620,8650,8650,7211.53857421875,5418200,46867430000
2024-02-05,MSB,8910,8680,8720,8910,7425.2138671875,6076800,54144288000
2024-02-06,MSB,8970,8870,8970,8940,7451.9228515625,4200800,37555152000
2024-02-07,MSB,9040,8910,8910,9040,7532.05126953125,7464100,67475464000
2024-02-15,MSB,9650,9100,9100,9650,8039.52978515625,35348400,341112060000
2024-02-16,MSB,9840,9620,9770,9740,8119.658203125,10820600,105392644000
2024-02-19,MSB,10190,9710,9770,10000,8333.3330078125,23243600,232436000000
2024-02-20,MSB,10030,9810,10000,10000,8333.3330078125,10469100,104691000000
2024-02-21,MSB,10350,9870,9970,10160,8466.8798828125,22893800,232601008000
2024-02-22,MSB,10160,9900,10160,10070,8386.751953125,14005200,141032364000
2024-02-23,MSB,10320,9810,10070,9870,8226.49609375,24973400,246487458000
2024-02-26,MSB,9970,9810,9810,9970,8306.6240234375,10716400,106842508000
2024-02-27,MSB,10030,9870,10000,9930,8279.9140625,10235700,101640501000
2024-02-28,MSB,10120,9810,10000,10120,8440.1708984375,17548100,177586772000
2024-02-29,MSB,10540,10160,10290,10190,8493.58984375,19144100,195078379000
2024-03-01,MSB,10260,10000,10190,10100,8413.4619140625,10551000,106565100000
2024-03-04,MSB,10100,9900,10100,9970,8306.6240234375,12982700,129437519000
2024-03-05,MSB,10070,9930,9970,10070,8386.751953125,7318200,73694274000
2024-03-06,MSB,10190,9870,10070,9930,8279.9140625,8755300,86940129000
2024-03-07,MSB,10000,9810,9970,9840,8199.7861328125,10279900,101154216000
2024-03-08,MSB,9900,9520,9840,9520,7932.6923828125,22194800,211294496000
2024-03-11,MSB,9550,9360,9520,9420,7852.56396484375,9212200,86778924000
2024-03-12,MSB,9480,9360,9420,9420,7852.56396484375,8452900,79626318000
2024-03-13,MSB,9620,9390,9460,9580,7986.111328125,6676800,63963744000
2024-03-14,MSB,9650,9420,9650,9420,7852.56396484375,8052300,75852666000
2024-03-15,MSB,9480,9270,9420,9420,7852.56396484375,10181900,95913498000
2024-03-18,MSB,9520,8870,9460,9100,7585.47021484375,17244600,156925860000
2024-03-19,MSB,9200,9010,9130,9200,7665.59814453125,6360700,58518440000
2024-03-20,MSB,9480,9170,9200,9480,7905.98291015625,10665000,101104200000
2024-03-21,MSB,9580,9390,9550,9550,7959.40185546875,8616800,82290440000
2024-03-22,MSB,9870,9550,9620,9650,8039.52978515625,14603000,140918950000
2024-03-25,MSB,9650,9420,9620,9460,7879.2734375,9029400,85418124000
2024-03-26,MSB,9520,9390,9390,9480,7905.98291015625,5484000,51988320000
2024-03-27,MSB,9550,9460,9550,9460,7879.2734375,5056500,47834490000
2024-03-28,MSB,9650,9460,9520,9550,7959.40185546875,5537300,52881215000
2024-03-29,MSB,9480,9320,9480,9320,7772.43603515625,8241300,76808916000
2024-04-01,MSB,9360,9200,9320,9230,7772.43603515625,6227400,57478902000
2024-04-02,MSB,9390,9100,9200,9360,7799.1455078125,6663200,62367552000
2024-04-03,MSB,9580,9320,9390,9320,7772.43603515625,12351600,115116912000
2024-04-04,MSB,9360,9230,9360,9230,7692.3076171875,4895000,45180850000
2024-04-05,MSB,9230,9100,9200,9100,7585.47021484375,5761300,52427830000
2024-04-08,MSB,9230,9100,9100,9100,7585.47021484375,3993000,36336300000
2024-04-09,MSB,9270,9130,9130,9270,7719.01708984375,3959600,36705492000
2024-04-10,MSB,9360,9200,9320,9200,7665.59814453125,3781700,34791640000
2024-04-11,MSB,9230,9100,9130,9200,7665.59814453125,2494900,22953080000
2024-04-12,MSB,9460,9170,9200,9390,7825.8544921875,6020100,56528739000
2024-04-15,MSB,9460,8850,9390,8850,7371.794921875,12403700,109772745000
2024-04-16,MSB,8970,8520,8910,8720,7264.95703125,11950900,104211848000
2024-04-17,MSB,8820,8460,8750,8460,7051.2822265625,7897800,66815388000
2024-04-19,MSB,8680,8400,8400,8620,7184.8291015625,9235800,79612596000
2024-04-22,MSB,8720,8620,8650,8680,7238.248046875,3539400,30721992000
2024-04-23,MSB,8870,8650,8720,8720,7264.95703125,7195800,62747376000
2024-04-24,MSB,8870,8750,8780,8820,7345.08544921875,5129000,45237780000
2024-04-25,MSB,8850,8590,8850,8680,7238.248046875,6244200,54199656000
2024-04-26,MSB,8750,8620,8650,8720,7264.95703125,3373000,29412560000
2024-05-02,MSB,8750,8650,8720,8720,7264.95703125,2135400,18620688000
2024-05-03,MSB,8820,8650,8780,8680,7238.248046875,4510300,39149404000
2024-05-06,MSB,8970,8720,8780,8970,7478.63232421875,5594700,50184459000
2024-05-07,MSB,9170,8910,9040,9070,7558.7607421875,6248900,56677523000
2024-05-08,MSB,9100,8910,9040,9070,7558.7607421875,4631600,42008612000
2024-05-09,MSB,9130,8970,9070,9070,7558.7607421875,4028600,36539402000
2024-05-10,MSB,9100,8870,9100,9040,7532.05126953125,4635300,41903112000
2024-05-13,MSB,9010,8910,8970,8940,7451.9228515625,2637900,23582826000
2024-05-14,MSB,9070,8910,9010,8970,7478.63232421875,3465700,31087329000
2024-05-15,MSB,9040,8910,9010,9040,7532.05126953125,3261500,29483960000
2024-05-16,MSB,9200,9040,9070,9200,7665.59814453125,7184300,66095560000
2024-05-17,MSB,9230,9130,9200,9170,7638.888671875,4058000,37211860000
2024-05-20,MSB,9320,9170,9230,9270,7719.01708984375,5601600,51926832000
2024-05-21,MSB,9270,9100,9270,9230,7692.3076171875,4464000,41202720000
2024-05-22,MSB,9270,9100,9270,9170,7638.888671875,4967600,45552892000
2024-05-23,MSB,9170,9040,9170,9170,7638.888671875,3521900,32295823000
2024-05-24,MSB,9290,8970,9130,9130,7612.1796875,7761800,70865234000
2024-05-27,MSB,9170,9070,9070,9170,7638.888671875,1566000,14360220000
2024-05-28,MSB,9200,9100,9200,9200,7665.59814453125,3018500,27770200000
2024-05-29,MSB,9200,9100,9200,9100,7585.47021484375,3051000,27764100000
2024-05-30,MSB,9100,8940,9070,9100,7585.47021484375,4803800,43714580000
2024-05-31,MSB,9170,9040,9100,9170,7638.888671875,3158300,28961611000
2024-06-03,MSB,9580,9200,9230,9460,7638.888671875,12733800,120461748000
2024-06-04,MSB,9580,9420,9480,9460,7879.2734375,6019600,56945416000
2024-06-05,MSB,9550,9360,9520,9420,7852.56396484375,4825000,45451500000
2024-06-06,MSB,9520,9390,9460,9480,7905.98291015625,5939700,56308356000
2024-06-07,MSB,9620,9460,9550,9480,7905.98291015625,3918700,37149276000
2024-06-10,MSB,9710,9520,9580,9550,7959.40185546875,7026500,67103075000
2024-06-11,MSB,9620,9420,9620,9520,7932.6923828125,5060400,48175008000
2024-06-12,MSB,9580,9460,9550,9580,7986.111328125,4360700,41775506000
2024-06-13,MSB,9810,9550,9620,9740,8119.658203125,9859900,96035426000
2024-06-14,MSB,9770,9480,9770,9480,7905.98291015625,4989000,47295720000
2024-06-17,MSB,9480,9320,9480,9480,7905.98291015625,4629100,43883868000
2024-06-18,MSB,9520,9320,9480,9360,7799.1455078125,7523400,70419024000
2024-06-19,MSB,9390,9230,9360,9360,7799.1455078125,5198700,48659832000
2024-06-20,MSB,9390,9230,9320,9270,7719.01708984375,4155400,38520558000
2024-06-21,MSB,9320,9230,9270,9270,7719.01708984375,4553400,42210018000
2024-06-24,MSB,9270,9070,9270,9070,7558.7607421875,5643900,51190173000
2024-06-25,MSB,9170,9040,9070,9130,7612.1796875,1755700,16029541000
2024-06-26,MSB,9200,9010,9100,9130,7612.1796875,2579800,23553574000
2024-06-27,MSB,9420,9200,9200,9290,7745.7265625,5501900,51112651000
2024-06-28,MSB,9360,9100,9360,9170,7638.888671875,2372600,21756742000
2024-07-01,MSB,9290,9100,9170,9290,7745.7265625,3815900,35449711000
2024-07-02,MSB,9460,9200,9290,9420,7852.56396484375,4104600,38665332000
2024-07-03,MSB,9460,9360,9420,9460,7879.2734375,3526000,33355960000
2024-07-04,MSB,9520,9390,9460,9460,7879.2734375,4275400,40445284000
2024-07-05,MSB,9480,9360,9460,9390,7825.8544921875,2901600,27246024000
2024-07-08,MSB,9390,9270,9360,9320,7772.43603515625,3419600,31870672000
2024-07-09,MSB,9390,9230,9270,9320,7772.43603515625,3672800,34230496000
2024-07-10,MSB,9390,9200,9320,9230,7692.3076171875,7745200,71488196000
2024-07-11,MSB,9290,9200,9270,9200,7665.59814453125,3146900,28951480000
2024-07-12,MSB,9290,9170,9200,9270,7719.01708984375,4043100,37479537000
2024-07-15,MSB,9390,9230,9290,9360,7799.1455078125,3901800,36520848000
2024-07-16,MSB,9460,9320,9360,9360,7799.1455078125,5668000,53052480000
2024-07-17,MSB,9680,9320,9420,9480,7905.98291015625,15604600,147931608000
2024-07-18,MSB,9550,9390,9520,9460,7879.2734375,4077400,38572204000
2024-07-19,MSB,9650,9390,9460,9580,7986.111328125,13050600,125024748000
2024-07-22,MSB,9740,9480,9620,9620,8012.8203125,11462700,110271174000
2024-07-23,MSB,9680,9070,9680,9270,7719.01708984375,8865700,82185039000
2024-07-24,MSB,9360,9100,9230,9360,7799.1455078125,5949300,55685448000
2024-07-25,MSB,9390,9200,9290,9320,7772.43603515625,3918400,36519488000
2024-07-26,MSB,9420,9270,9360,9420,7852.56396484375,2758000,25980360000
2024-07-29,MSB,9460,9320,9460,9420,7852.56396484375,2265000,21336300000
2024-07-30,MSB,9390,9230,9360,9390,7825.8544921875,3446800,32365452000
2024-07-31,MSB,9520,9360,9390,9390,7825.8544921875,7081300,66493407000
2024-08-01,MSB,9420,9200,9360,9270,7719.01708984375,7748700,71830449000
2024-08-02,MSB,9320,9100,9170,9290,7745.7265625,5398000,50147420000
2024-08-05,MSB,9200,8680,9130,8720,7264.95703125,11813400,103012848000
2024-08-06,MSB,8970,8750,8750,8970,7478.63232421875,4400800,39475176000
2024-08-07,MSB,8970,8870,8940,8970,7478.63232421875,1642300,14731431000
2024-08-08,MSB,8970,8820,8940,8910,7425.2138671875,3085700,27493587000
2024-08-09,MSB,9040,8910,8940,9040,7532.05126953125,3657400,33062896000
2024-08-12,MSB,9360,9100,9130,9360,7799.1455078125,5875800,54997488000
2024-08-13,MSB,9390,9270,9360,9270,7719.01708984375,2711400,25134678000
2024-08-14,MSB,9320,9230,9320,9270,7719.01708984375,2164300,20063061000
2024-08-15,MSB,9290,9170,9290,9270,7719.01708984375,1783000,16528410000
2024-08-16,MSB,9460,9230,9270,9420,7852.56396484375,6598100,62154102000
2024-08-19,MSB,9550,9390,9550,9480,7905.98291015625,5435600,51529488000
2024-08-20,MSB,9520,9390,9480,9480,7905.98291015625,5404000,51229920000
2024-08-21,MSB,9620,9420,9480,9620,8012.8203125,10436100,100395282000
2024-08-22,MSB,9710,9550,9680,9620,8012.8203125,6082800,58516536000
2024-08-23,MSB,9620,9480,9580,9550,7959.40185546875,6055500,57830025000
2024-08-26,MSB,9650,9520,9620,9550,7959.40185546875,10264500,98025975000
2024-08-27,MSB,9550,9480,9550,9520,7932.6923828125,12136400,115538528000
2024-08-28,MSB,9830,9580,9710,9830,8194.4443359375,16077100,158037893000
2024-08-29,MSB,9830,9620,9790,9620,8020.83349609375,8539300,82148066000
2024-08-30,MSB,9670,9580,9670,9670,8055.5556640625,3550600,34334302000
2024-09-04,MSB,9580,9460,9580,9460,7881.9443359375,4719900,44650254000
2024-09-05,MSB,9580,9420,9500,9460,7881.9443359375,3855900,36476814000
2024-09-06,MSB,9500,9330,9420,9500,7916.66650390625,3949700,37522150000
2024-09-09,MSB,9500,9370,9420,9500,7916.66650390625,1913200,18175400000
2024-09-10,MSB,9500,9370,9460,9460,7881.9443359375,2799400,26482324000
2024-09-11,MSB,9460,9290,9420,9420,7847.22216796875,3464900,32639358000
2024-09-12,MSB,9500,9370,9460,9460,7881.9443359375,1668200,15781172000
2024-09-13,MSB,9580,9370,9460,9500,7916.66650390625,4714700,44789650000
2024-09-16,MSB,9540,9370,9500,9500,7916.66650390625,1900000,18050000000
2024-09-17,MSB,9540,9370,9460,9540,7951.388671875,1824100,17401914000
2024-09-18,MSB,9580,9460,9540,9500,7916.66650390625,3237000,30751500000
2024-09-19,MSB,9580,9460,9500,9580,7986.111328125,2542500,24357150000
2024-09-20,MSB,9750,9580,9670,9620,8020.83349609375,6842800,65827736000
2024-09-23,MSB,9710,9540,9620,9540,7951.388671875,3195900,30488886000
2024-09-24,MSB,9670,9500,9540,9670,8055.5556640625,4539100,43893097000
2024-09-25,MSB,10080,9670,9710,9960,8298.611328125,22353300,222638868000
2024-09-26,MSB,10620,9960,9960,10500,8750.0,36403300,382234650000
2024-09-27,MSB,10620,10370,10620,10500,8750.0,12526900,131532450000
2024-09-30,MSB,10960,10460,10500,10870,9062.5,24823700,269833619000
2024-10-01,MSB,10920,10750,10870,10830,9027.77734375,12957800,140332974000
2024-10-02,MSB,10870,10710,10710,10870,9062.5,13510800,146862396000
2024-10-03,MSB,11120,10670,10870,10710,8923.611328125,23996700,257004657000
2024-10-04,MSB,10750,10540,10750,10540,8784.72265625,13367900,140897666000
2024-10-07,MSB,10830,10500,10580,10830,9027.77734375,14566000,157749780000
2024-10-08,MSB,11000,10670,10870,10670,8888.888671875,14023400,149629678000
2024-10-09,MSB,10790,10620,10670,10750,8958.3330078125,10751000,115573250000
2024-10-10,MSB,10920,10580,10830,10580,8819.4443359375,21014000,222328120000
2024-10-11,MSB,10620,10500,10580,10580,8819.4443359375,8905800,94223364000
2024-10-14,MSB,10710,10460,10670,10580,8819.4443359375,10907600,115402408000
2024-10-15,MSB,10790,10540,10670,10620,8854.1669921875,11328900,120312918000
2024-10-16,MSB,10580,10460,10540,10580,8819.4443359375,11599900,122726942000
2024-10-17,MSB,11000,10500,10580,11000,9166.6669921875,23891900,262810900000
2024-10-18,MSB,11000,10790,10960,10870,9062.5,25467300,276829551000
2024-10-21,MSB,10830,10670,10790,10670,8888.888671875,12533600,133733512000
2024-10-22,MSB,10920,10500,10670,10620,8854.1669921875,19818500,210472470000
2024-10-23,MSB,10790,10500,10620,10710,8923.611328125,11897500,127422225000
2024-10-24,MSB,10750,10290,10710,10290,8576.388671875,16337500,168112875000
2024-10-25,MSB,10370,10080,10330,10210,8506.9443359375,16566300,169141923000
2024-10-28,MSB,10290,10170,10250,10290,8576.388671875,6033400,62083686000
2024-10-29,MSB,10370,10250,10290,10290,8576.388671875,5992800,61665912000
2024-10-30,MSB,10290,10080,10290,10210,8506.9443359375,11969000,122203490000
2024-10-31,MSB,10330,10080,10120,10290,8576.388671875,10304000,106028160000
2024-11-01,MSB,10250,10040,10210,10040,8368.0556640625,9673300,97119932000
2024-11-04,MSB,10040,9750,10040,9790,8159.72216796875,15181800,148629822000
2024-11-05,MSB,9920,9790,9790,9830,8194.4443359375,5819900,57209617000
2024-11-06,MSB,10080,9870,9870,10040,8368.0556640625,8656200,86908248000
2024-11-07,MSB,10080,9960,10080,9960,8298.611328125,6113900,60894444000
2024-11-08,MSB,10040,9830,10000,10000,8333.3330078125,6527800,65278000000
2024-11-11,MSB,9960,9670,9960,9710,8090.27783203125,15842100,153826791000
2024-11-12,MSB,9790,9670,9710,9750,8125.0,6875200,67033200000
2024-11-13,MSB,9750,9540,9670,9750,8125.0,9990700,97409325000
2024-11-14,MSB,9750,9500,9750,9670,8055.5556640625,7200500,69628835000
2024-11-15,MSB,9620,9420,9580,9420,7847.22216796875,8751500,82439130000
2024-11-18,MSB,9620,9290,9420,9420,7847.22216796875,7189400,67724148000
2024-11-19,MSB,9500,9330,9460,9330,7777.77783203125,3964500,36988785000
2024-11-20,MSB,9540,9250,9290,9420,7847.22216796875,6382300,60121266000
2024-11-21,MSB,9580,9420,9420,9580,7986.111328125,5046600,48346428000
2024-11-22,MSB,9620,9460,9580,9540,7951.388671875,7392500,70524450000
2024-11-25,MSB,9540,9420,9540,9500,7916.66650390625,4338900,41219550000
2024-11-26,MSB,9620,9500,9500,9500,7916.66650390625,6410200,60896900000
2024-11-27,MSB,9540,9460,9500,9460,7881.9443359375,4028400,38108664000
2024-11-28,MSB,9620,9460,9500,9500,7916.66650390625,4404000,41838000000
2024-11-29,MSB,9580,9460,9500,9580,7986.111328125,4948500,47406630000
2024-12-02,MSB,9670,9500,9620,9580,7986.111328125,4031000,38616980000
2024-12-03,MSB,9580,9500,9580,9500,7916.66650390625,3450700,32781650000
2024-12-04,MSB,9500,9370,9500,9370,7812.5,5761100,53981507000
2024-12-05,MSB,9710,9330,9420,9670,8055.5556640625,8270600,79976702000
2024-12-06,MSB,9710,9580,9670,9620,8020.83349609375,5771100,55517982000
2024-12-09,MSB,9710,9580,9620,9670,8055.5556640625,6293300,60856211000
2024-12-10,MSB,9750,9540,9670,9580,7986.111328125,4796200,45947596000
2024-12-11,MSB,9670,9540,9580,9620,8020.83349609375,6526900,62788778000
2024-12-12,MSB,9750,9620,9620,9620,8020.83349609375,4539400,43669028000
2024-12-13,MSB,9670,9540,9620,9620,8020.83349609375,5467700,52599274000
2024-12-16,MSB,9710,9540,9620,9620,8020.83349609375,3094700,29771014000
2024-12-17,MSB,9670,9540,9620,9540,7951.388671875,3399900,32435046000
2024-12-18,MSB,9580,9500,9580,9580,7986.111328125,4529200,43389736000
2024-12-19,MSB,9540,9370,9500,9420,7847.22216796875,8925300,84076326000
2024-12-20,MSB,9460,9370,9420,9420,7847.22216796875,2271100,21393762000
2024-12-23,MSB,9500,9420,9460,9460,7881.9443359375,2692800,25473888000
2024-12-24,MSB,9460,9370,9460,9460,7881.9443359375,3571700,33788282000
2024-12-25,MSB,9750,9420,9420,9580,7986.111328125,10305100,98722858000
2024-12-26,MSB,9670,9540,9580,9620,8020.83349609375,3702800,35620936000
2024-12-27,MSB,9920,9620,9620,9750,8125.0,11468400,111816900000
2024-12-30,MSB,9790,9620,9790,9750,8125.0,3579100,34896225000
2024-12-31,MSB,9750,9620,9750,9710,8090.27783203125,3878400,37659264000
2025-01-02,MSB,9710,9580,9670,9620,8020.83349609375,2622300,25226526000
2025-01-03,MSB,9620,9420,9580,9420,7847.22216796875,6481700,61057614000
2025-01-06,MSB,9500,9250,9420,9330,7777.77783203125,5701500,53194995000
2025-01-07,MSB,9420,9250,9330,9250,7708.33349609375,4769900,44121575000
2025-01-08,MSB,9330,9210,9250,9330,7777.77783203125,2659100,24809403000
2025-01-09,MSB,9330,9210,9330,9250,7708.33349609375,2811600,26007300000
2025-01-10,MSB,9250,9040,9210,9040,7534.72216796875,8297000,75004880000
2025-01-13,MSB,9040,8920,9040,9040,7534.72216796875,5140600,46471024000
2025-01-14,MSB,9080,8960,9040,8960,7465.27783203125,1764000,15805440000
2025-01-15,MSB,9080,8960,9000,9080,7569.4443359375,2927800,26584424000
2025-01-16,MSB,9170,9040,9080,9040,7569.4443359375,3132800,28320512000
2025-01-17,MSB,9120,9000,9080,9080,7569.4443359375,3067200,27850176000
2025-01-20,MSB,9210,9120,9120,9170,7638.888671875,2331600,21380772000
2025-01-21,MSB,9250,9080,9170,9120,7604.16650390625,2740400,24992448000
2025-01-22,MSB,9170,9040,9120,9040,7534.72216796875,3159400,28560976000
2025-01-23,MSB,9210,9040,9080,9210,7673.611328125,5173700,47649777000
2025-01-24,MSB,9290,9170,9210,9290,7743.0556640625,2670700,24810803000
2025-02-03,MSB,9420,9290,9370,9290,7743.0556640625,6121400,56867806000
2025-02-04,MSB,9460,9290,9330,9370,7812.5,5557500,52073775000
2025-02-05,MSB,9460,9370,9370,9460,7881.9443359375,5751900,54412974000
2025-02-06,MSB,9540,9370,9500,9460,7881.9443359375,5921600,56018336000
2025-02-07,MSB,9540,9370,9460,9460,7881.9443359375,7003300,66251218000
2025-02-10,MSB,9500,9370,9420,9420,7847.22216796875,5982500,56355150000
2025-02-11,MSB,9620,9370,9460,9500,7916.66650390625,11251200,106886400000
2025-02-12,MSB,9620,9460,9540,9500,7916.66650390625,5647700,53653150000
2025-02-13,MSB,9500,9420,9500,9460,7881.9443359375,4011500,37948790000
2025-02-14,MSB,9580,9420,9500,9500,7916.66650390625,6692300,63576850000
2025-02-17,MSB,9580,9460,9540,9500,7916.66650390625,5754600,54668700000
2025-02-18,MSB,9670,9500,9500,9540,7951.388671875,7391100,70511094000
2025-02-19,MSB,9620,9500,9540,9580,7986.111328125,7068900,67720062000
2025-02-20,MSB,9670,9580,9620,9620,8020.83349609375,4632900,44568498000
2025-02-21,MSB,9670,9540,9620,9620,8020.83349609375,6494300,62475166000
2025-02-24,MSB,9710,9580,9580,9620,8020.83349609375,5029800,48386676000
2025-02-25,MSB,9710,9580,9670,9620,8020.83349609375,6873800,66125956000
2025-02-26,MSB,9670,9500,9620,9540,7951.388671875,7633300,72821682000
2025-02-27,MSB,9580,9420,9540,9500,7916.66650390625,7381000,70119500000
2025-02-28,MSB,9500,9420,9500,9460,7881.9443359375,5946000,56249160000
2025-03-03,MSB,9500,9420,9460,9460,7881.9443359375,4777400,45194204000
2025-03-04,MSB,9540,9370,9460,9500,7916.66650390625,7666400,72830800000
2025-03-05,MSB,9620,9420,9500,9420,7847.22216796875,8374800,78890616000
2025-03-06,MSB,9540,9420,9460,9540,7951.388671875,5446400,51958656000
2025-03-07,MSB,9920,9540,9580,9870,8229.1669921875,27765700,274047459000
2025-03-10,MSB,9960,9750,9960,9830,8194.4443359375,9706500,95414895000
2025-03-11,MSB,9790,9670,9750,9790,8159.72216796875,9251000,90567290000
2025-03-12,MSB,9870,9670,9830,9710,8090.27783203125,8618700,83687577000
2025-03-13,MSB,9710,9500,9710,9500,7916.66650390625,11120800,105647600000
2025-03-14,MSB,9750,9460,9500,9670,8055.5556640625,9775900,94532953000
2025-03-17,MSB,10330,9710,9750,10080,8402.77734375,29992900,302328432000
2025-03-18,MSB,10120,9870,10080,10000,8333.3330078125,8535600,85356000000
2025-03-19,MSB,10080,9870,9960,10080,8402.77734375,10847500,109342800000
2025-03-20,MSB,10170,9790,10120,9870,8229.1669921875,9317100,91959777000
2025-03-21,MSB,9960,9830,9870,9830,8194.4443359375,6333000,62253390000
2025-03-24,MSB,9920,9670,9830,9920,8263.888671875,7243200,71852544000
2025-03-25,MSB,10080,9790,10000,9920,8263.888671875,6872000,68170240000
2025-03-26,MSB,9960,9790,9920,9830,8194.4443359375,4747000,46663010000
2025-03-27,MSB,9870,9750,9790,9830,8194.4443359375,3955600,38883548000
2025-03-28,MSB,9960,9790,9830,9870,8229.1669921875,6429500,63459165000
2025-03-31,MSB,10210,9790,9830,10170,8472.22265625,22255100,226334367000
2025-04-01,MSB,10210,10040,10170,10170,8472.22265625,6935300,70532001000
2025-04-02,MSB,10250,10040,10210,10040,8368.0556640625,6274100,62991964000
2025-04-03,MSB,9750,9370,9670,9370,7812.5,23727700,222328549000
2025-04-04,MSB,9170,8750,8750,9120,7604.16650390625,23920300,218153136000
2025-04-08,MSB,8870,8500,8750,8500,7083.33349609375,15391300,130826050000
2025-04-09,MSB,8580,7920,7920,8330,6944.4443359375,16468500,137182605000
2025-04-10,MSB,8920,8920,8920,8920,7430.5556640625,1363700,12164204000
2025-04-11,MSB,9250,8830,9000,9210,7673.611328125,17391900,160179399000
2025-04-14,MSB,9290,9120,9250,9250,7708.33349609375,8113300,75048025000
2025-04-15,MSB,9250,9040,9170,9040,7534.72216796875,8821100,79742744000
2025-04-16,MSB,9170,9000,9040,9040,7534.72216796875,6345900,57366936000
2025-04-17,MSB,9120,8960,9000,9080,7569.4443359375,4262300,38701684000
2025-04-18,MSB,9370,9120,9120,9290,7743.0556640625,12208900,113420681000
2025-04-21,MSB,9420,9250,9290,9290,7743.0556640625,9842400,91435896000
2025-04-22,MSB,9370,8790,9250,9250,7708.33349609375,21057700,194783725000
2025-04-23,MSB,9540,9370,9370,9460,7881.9443359375,9641800,91211428000
2025-04-24,MSB,9500,9330,9500,9460,7881.9443359375,5005000,47347300000
2025-04-25,MSB,9460,9370,9460,9420,7847.22216796875,6097200,57435624000
2025-04-28,MSB,9500,9330,9460,9370,7812.5,2432400,22791588000
2025-04-29,MSB,9370,9330,9370,9330,7777.77783203125,2328400,21723972000
2025-05-05,MSB,9370,9330,9330,9370,7812.5,3341600,31310792000
2025-05-06,MSB,9460,9330,9370,9370,7812.5,4937800,46267186000
2025-05-07,MSB,9420,9290,9370,9330,7812.5,8951100,83513763000
2025-05-08,MSB,9500,9330,9330,9460,7777.77783203125,8400300,79466838000
2025-05-09,MSB,9500,9370,9500,9420,7881.9443359375,3417900,32196618000
2025-05-12,MSB,9540,9370,9460,9500,7916.66650390625,8577200,81483400000
2025-05-13,MSB,9580,9500,9580,9540,7916.66650390625,6961400,66411756000
2025-05-14,MSB,9670,9540,9540,9620,7951.388671875,10997400,105794988000
2025-05-15,MSB,10000,9670,9670,10000,8020.83349609375,21065200,210652000000
2025-05-16,MSB,10040,9750,10000,9790,8333.3330078125,9433700,92355923000
2025-05-19,MSB,9870,9670,9750,9710,8090.27783203125,6592700,64015117000
2025-05-20,MSB,9960,9670,9750,9870,8090.27783203125,12940000,127717800000
2025-05-21,MSB,10040,9750,9960,9870,8229.1669921875,12521800,123590166000
2025-05-22,MSB,9870,9710,9870,9710,8229.1669921875,7875200,76468192000
2025-05-23,MSB,9790,9670,9710,9670,8090.27783203125,4063400,39293078000
2025-05-26,MSB,9750,9580,9710,9710,8090.27783203125,7938700,77084777000
2025-05-27,MSB,9920,9710,9790,9750,8090.27783203125,5597700,54577575000
2025-05-28,MSB,9830,9670,9830,9710,8125.0,6681500,64877365000
2025-05-29,MSB,9830,9710,9750,9750,8090.27783203125,4852200,47308950000
2025-05-30,MSB,9790,9620,9750,9620,8125.0,5157400,49614188000
2025-06-02,MSB,9670,9580,9620,9620,8020.83349609375,5758200,55393884000
2025-06-03,MSB,9920,9670,9710,9830,8020.83349609375,9297100,91390493000
2025-06-04,MSB,9920,9750,9830,9790,8194.4443359375,6214600,60840934000
2025-06-05,MSB,9790,9670,9790,9710,8159.72216796875,4966700,48226657000
2025-06-06,MSB,9790,9670,9710,9670,8090.27783203125,7665300,74123451000
2025-06-09,MSB,9710,9580,9670,9620,8020.83349609375,4386400,42197168000
2025-06-10,MSB,9750,9620,9750,9710,8020.83349609375,4864600,47235266000
2025-06-11,MSB,9790,9670,9710,9710,8090.27783203125,4386300,42590973000
2025-06-12,MSB,10000,9710,9750,9920,8090.27783203125,14121100,140081312000
2025-06-13,MSB,10000,9750,9790,9960,8263.888671875,20335900,202545564000
2025-06-16,MSB,10250,9960,9960,10170,8472.22265625,17042600,173323242000
2025-06-17,MSB,10330,10080,10250,10170,8472.22265625,13318200,135446094000
2025-06-18,MSB,10210,10040,10170,10080,8472.22265625,8735700,88055856000
2025-06-19,MSB,10170,10000,10080,10040,8402.77734375,6414200,64398568000
2025-06-20,MSB,10250,10040,10120,10040,8368.0556640625,14233900,142908356000
2025-06-23,MSB,10080,9920,10000,10000,8333.3330078125,10080100,100801000000
2025-06-24,MSB,10120,10000,10120,10000,8333.3330078125,6453600,64536000000
2025-06-25,MSB,10120,10000,10040,10000,8333.3330078125,6432800,64328000000
2025-06-26,MSB,10080,9960,10040,10000,8333.3330078125,4491700,44917000000
2025-06-27,MSB,10080,9960,10040,10000,8333.3330078125,6023400,60234000000
2025-06-30,MSB,10080,9960,10040,10000,8333.3330078125,4040800,40408000000
2025-07-01,MSB,10330,10000,10040,10210,8333.3330078125,14309300,146097953000
2025-07-02,MSB,10290,10120,10210,10210,8506.9443359375,5519100,56350011000
2025-07-03,MSB,10290,10080,10210,10120,8506.9443359375,14767200,149444064000
2025-07-04,MSB,10210,10080,10120,10120,8437.5,8362900,84632548000
2025-07-07,MSB,10500,10170,10170,10420,8680.5556640625,22820900,237793778000
2025-07-08,MSB,10620,10460,10460,10580,8680.5556640625,14077000,148934660000
2025-07-09,MSB,10830,10540,10670,10750,8819.4443359375,22359300,240362475000
2025-07-10,MSB,10870,10670,10830,10710,8958.3330078125,8296900,88859799000
2025-07-11,MSB,10830,10540,10710,10750,8923.611328125,15512300,166757225000
2025-07-14,MSB,10830,10620,10790,10790,8993.0556640625,7287500,78632125000
2025-07-15,MSB,11120,10790,10830,10960,8993.0556640625,16853600,184715456000
2025-07-16,MSB,11000,10870,10920,11000,9131.9443359375,9050300,99553300000
2025-07-17,MSB,11170,10870,11120,11040,9166.6669921875,12995100,143465904000
2025-07-18,MSB,11120,10870,11040,11040,9201.388671875,13781800,152151072000
2025-07-21,MSB,11120,10960,11040,11080,9236.111328125,11592300,128442684000
2025-07-22,MSB,11170,11000,11040,11170,9236.111328125,9568500,106880145000
2025-07-23,MSB,11420,11170,11210,11330,9305.5556640625,13847400,156891042000
2025-07-24,MSB,11580,11290,11330,11460,9444.4443359375,15930100,182558946000
2025-07-25,MSB,11750,11460,11500,11750,9548.611328125,19992300,234909525000
2025-07-28,MSB,12370,11870,11920,12250,10208.3330078125,16923600,207314100000
2025-07-29,MSB,12330,11420,12290,11500,10208.3330078125,38514900,442921350000
2025-07-30,MSB,11750,11330,11500,11670,9583.3330078125,17471100,203887737000
2025-07-31,MSB,11670,11170,11670,11500,9722.22265625,22146700,254687050000
2025-08-01,MSB,11580,11120,11420,11250,9583.3330078125,15430600,173594250000
2025-08-04,MSB,11790,11120,11210,11750,9791.6669921875,18746900,220276075000
2025-08-05,MSB,12170,11500,11960,11830,9791.6669921875,36967800,437329074000
2025-08-06,MSB,12250,11790,11870,12080,9861.111328125,19004900,229579192000
2025-08-07,MSB,12790,12290,12290,12790,10069.4443359375,39960800,511098632000
2025-08-08,MSB,13250,12620,13040,12830,10659.72265625,27559900,353593517000
2025-08-11,MSB,13000,12580,12870,12790,10659.72265625,20187200,258194288000
2025-08-12,MSB,12870,12540,12790,12830,10659.72265625,15023800,192755354000
2025-08-13,MSB,13210,12620,12920,12920,10694.4443359375,20320500,262540860000
2025-08-14,MSB,13460,12960,13080,13460,10763.888671875,41725500,561625230000
2025-08-15,MSB,13710,13170,13620,13210,11215.27734375,24048400,317679364000
2025-08-18,MSB,13330,12870,13330,13040,10868.0556640625,20457900,266771016000
2025-08-19,MSB,13250,13000,13120,13120,10868.0556640625,23972800,314523136000
2025-08-20,MSB,13790,13000,13290,13620,10937.5,41219500,561409590000
2025-08-21,MSB,14540,13750,13830,14540,11354.1669921875,32859700,477780038000
2025-08-22,MSB,15420,14330,15420,15000,12118.0556640625,69789400,1046841000000
2025-08-25,MSB,15170,13960,15080,13960,11631.9443359375,36087500,503781500000
2025-08-26,MSB,14920,13420,13620,14920,11631.9443359375,39854000,594621680000
2025-08-27,MSB,15290,14670,15120,14830,12430.5556640625,33097000,490828510000
2025-08-28,MSB,14960,14540,14870,14620,12361.111328125,22786700,333141554000
2025-08-29,MSB,14830,14540,14710,14750,12187.5,22126300,326362925000
2025-09-03,MSB,15040,14790,14790,14830,12361.111328125,30333600,449847288000
2025-09-04,MSB,15420,14830,15000,15420,12361.111328125,35181600,542500272000
2025-09-05,MSB,15620,14750,15540,14750,12847.22265625,38897500,573738125000
2025-09-08,MSB,15200,13800,14800,13850,11541.6669921875,35498900,491659765000
2025-09-09,MSB,14150,13700,14000,14000,11541.6669921875,13676900,191476600000
2025-09-10,MSB,14150,13650,14100,13750,11666.6669921875,8922200,122680250000
2025-09-11,MSB,13750,13050,13750,13550,11458.3330078125,16654100,225663055000
2025-09-12,MSB,13950,13500,13650,13850,11291.6669921875,12269000,169925650000
2025-09-15,MSB,13900,13600,13850,13750,11458.3330078125,8736100,120121375000
2025-09-16,MSB,14100,13800,13850,14000,11458.3330078125,19302600,270236400000
2025-09-17,MSB,14200,13800,14000,13950,11666.6669921875,12673800,176799510000
2025-09-18,MSB,14050,13550,14050,13600,11625.0,10731000,145941600000
2025-09-19,MSB,13800,13450,13800,13500,11333.3330078125,6205300,83771550000
2025-09-22,MSB,13550,13000,13500,13100,10916.6669921875,11920000,156152000000
2025-09-23,MSB,13300,13100,13100,13100,10916.6669921875,4882900,63965990000
2025-09-24,MSB,13450,13000,13100,13450,10916.6669921875,7521300,101161485000
2025-09-25,MSB,13500,13300,13500,13300,11208.3330078125,4256700,56614110000
2025-09-26,MSB,13350,13100,13350,13100,11083.3330078125,6317900,82764490000
2025-09-29,MSB,13200,13050,13100,13150,10958.3330078125,5932600,78013690000
2025-09-30,MSB,13200,13000,13150,13150,10958.3330078125,7960300,104677945000
2025-10-01,MSB,13350,13150,13150,13250,10958.3330078125,4409500,58425875000
2025-10-02,MSB,13600,13300,13300,13300,11041.6669921875,11279700,150020010000
2025-10-03,MSB,13350,13100,13300,13100,11083.3330078125,7572600,99201060000
2025-10-06,MSB,13550,13150,13150,13550,11291.6669921875,10117000,137085350000
2025-10-07,MSB,13750,13350,13650,13400,11291.6669921875,9657100,129405140000
2025-10-08,MSB,13750,13400,13650,13600,11166.6669921875,10248200,139375520000
2025-10-09,MSB,13800,13550,13650,13700,11333.3330078125,11674100,159935170000
2025-10-10,MSB,13800,13550,13700,13700,11416.6669921875,10665400,146115980000
2025-10-13,MSB,13600,13400,13450,13450,11208.3330078125,9756000,131218200000
2025-10-14,MSB,13650,13250,13500,13250,11208.3330078125,11744900,155619925000
2025-10-15,MSB,13450,13200,13300,13250,11041.6669921875,6344000,84058000000
2025-10-16,MSB,13300,13100,13250,13250,11041.6669921875,18764800,248633600000
2025-10-17,MSB,13250,13050,13250,13050,11041.6669921875,13130400,171351720000
2025-10-20,MSB,13100,12200,13050,12200,10166.6669921875,22715600,277130320000
2025-10-21,MSB,12550,12050,12250,12350,10166.6669921875,12312200,152055670000
2025-10-22,MSB,12700,12250,12700,12450,10291.6669921875,6595800,82117710000
2025-10-23,MSB,12550,12350,12450,12400,10375.0,3918900,48594360000
2025-10-24,MSB,12400,12100,12350,12300,10333.3330078125,7556200,92941260000
2025-10-27,MSB,12400,12100,12400,12100,10083.3330078125,5850700,70793470000
2025-10-28,MSB,12200,11900,12100,12200,10083.3330078125,7686800,93778960000
2025-10-29,MSB,12650,12100,12150,12550,10166.6669921875,9907700,124341635000
2025-10-30,MSB,12650,12250,12600,12350,10458.3330078125,4412800,54498080000
2025-10-31,MSB,12350,12050,12350,12050,10291.6669921875,9062000,109197100000
2025-11-03,MSB,12300,12000,12150,12000,10000.0,6722000,80664000000
2025-11-04,MSB,12350,11850,12000,12300,10250.0,8089700,99503310000
2025-11-05,MSB,12300,12150,12300,12200,10250.0,3269400,39886680000
2025-11-06,MSB,12250,12100,12200,12100,10083.3330078125,2872000,34751200000
2025-11-07,MSB,12200,12000,12100,12100,10083.3330078125,6560700,79384470000
2025-11-10,MSB,12150,11950,12050,12000,10000.0,3921600,47059200000
2025-11-11,MSB,12150,11950,12050,12100,10083.3330078125,4956800,59977280000
2025-11-12,MSB,12200,12050,12150,12200,10166.6669921875,4064600,49588120000
2025-11-13,MSB,12250,12100,12250,12100,10083.3330078125,4409500,53354950000
2025-11-14,MSB,12150,12000,12100,12050,10041.6669921875,4853200,58481060000
2025-11-17,MSB,12400,12100,12100,12400,10333.3330078125,6174900,76568760000
2025-11-18,MSB,12400,12250,12400,12300,10250.0,4943900,60809970000
2025-11-19,MSB,12350,12150,12300,12150,10125.0,5779700,70223355000
2025-11-20,MSB,12250,12100,12200,12150,10125.0,3283300,39892095000
2025-11-21,MSB,12200,12050,12150,12150,10125.0,7080700,86030505000
2025-11-24,MSB,12200,12100,12150,12150,10125.0,1695200,20596680000
2025-11-25,MSB,12200,12000,12150,12050,10041.6669921875,4718900,56862745000
2025-11-26,MSB,12200,12050,12100,12200,10166.6669921875,2634700,32143340000
2025-11-27,MSB,13050,12350,12400,13050,10875.0,23219600,303015780000
2025-11-28,MSB,13700,13050,13400,13150,10958.3330078125,23116700,303984605000
2025-12-01,MSB,13300,12900,13250,12900,10750.0,10423600,134464440000
2025-12-02,MSB,12900,12550,12850,12700,10583.3330078125,12083700,153462990000
2025-12-03,MSB,13150,12750,12850,13050,10875.0,10138100,132302205000
2025-12-04,MSB,13200,12950,13100,12950,10791.6669921875,7740700,100242065000
2025-12-05,MSB,13400,12900,13050,13150,10958.3330078125,11944200,157066230000
2025-12-08,MSB,13250,12950,13250,13000,10833.3330078125,4479600,58234800000
2025-12-09,MSB,13000,12650,13000,12800,10666.6669921875,9466100,121166080000
2025-12-10,MSB,12900,12750,12800,12800,10666.6669921875,3078300,39402240000
2025-12-11,MSB,12950,12750,12850,12800,10666.6669921875,3805800,48714240000
2025-12-12,MSB,12850,12400,12850,12400,10333.3330078125,8358500,103645400000
2025-12-15,MSB,12500,12200,12300,12250,10208.3330078125,5841100,71553475000
2025-12-16,MSB,12600,12200,12250,12500,10416.6669921875,3269400,40867500000
2025-12-17,MSB,12550,12400,12500,12450,10375.0,2611200,32509440000
2025-12-18,MSB,12500,12350,12400,12500,10375.0,2962500,37031250000
2025-12-19,MSB,12850,12500,12550,12700,10583.3330078125,5507700,69947790000
2025-12-22,MSB,12950,12700,12750,12900,10750.0,6400000,82560000000
2025-12-23,MSB,13000,12500,12950,12600,10500.0,10065700,126827820000
2025-12-24,MSB,12750,12400,12500,12600,10500.0,6042200,76131720000
2025-12-25,MSB,12600,12400,12550,12400,10500.0,6846300,84894120000
2025-12-26,MSB,12400,12150,12400,12300,10250.0,8374700,103008810000
2025-12-29,MSB,12400,12250,12300,12300,10250.0,1778400,21874320000
2025-12-30,MSB,12500,12300,12300,12500,10416.6669921875,5698600,71232500000
2025-12-31,MSB,12550,12250,12550,12400,10333.3330078125,4949500,61373800000
2026-01-05,MSB,12450,12250,12400,12300,10250.0,5454400,67089120000
2026-01-06,MSB,12450,12200,12300,12400,10333.3330078125,4765200,59088480000
2026-01-07,MSB,12700,12400,12400,12600,10500.0,8025300,101118780000
2026-01-08,MSB,12900,12500,12600,12650,10541.6669921875,14636400,185150460000
2026-01-09,MSB,12850,12500,12700,12500,10416.6669921875,7926600,99082500000
2026-01-12,MSB,12950,12500,12550,12900,10750.0,13536800,174624720000
2026-01-13,MSB,13000,12800,13000,12850,10708.3330078125,12761800,163989130000
2026-01-14,MSB,12900,12550,12850,12600,10500.0,11806700,148764420000
2026-01-15,MSB,12700,12500,12650,12600,10500.0,8609300,108477180000
2026-01-16,MSB,12750,12550,12600,12550,10458.3330078125,6054000,75977700000
2026-01-19,MSB,12650,12500,12600,12650,10541.6669921875,5227500,66127875000
2026-01-20,MSB,12800,12550,12700,12550,10458.3330078125,5285700,66335535000
2026-01-21,MSB,12600,12400,12450,12500,10416.6669921875,5947700,74346250000
2026-01-22,MSB,12600,12500,12500,12600,10500.0,5185900,65342340000
2026-01-23,MSB,12650,12450,12600,12450,10375.0,3759800,46809510000
2026-01-26,MSB,12500,12200,12450,12250,10208.3330078125,8587800,105200550000
2026-01-27,MSB,12300,12150,12300,12200,10166.6669921875,4256500,51929300000
2026-01-28,MSB,12300,12100,12250,12150,10125.0,4659500,56612925000
2026-01-29,MSB,12250,12100,12150,12150,10125.0,2956200,35917830000
2026-01-30,MSB,12400,12200,12200,12400,10333.3330078125,5283700,65517880000
2026-02-02,MSB,12350,12150,12350,12200,10166.6669921875,4904400,59833680000
2026-02-03,MSB,12300,12150,12250,12200,10166.6669921875,4097300,49987060000
2026-02-04,MSB,12250,12100,12200,12200,10166.6669921875,7026500,85723300000
2026-02-05,MSB,12250,12100,12200,12100,10083.3330078125,2506600,30329860000
2026-02-06,MSB,12100,11900,12100,12000,10000.0,7040300,84483600000
2026-02-09,MSB,12050,11850,12000,11850,9875.0,2634300,31216455000
2026-02-10,MSB,11950,11800,11900,11800,9833.3330078125,3360000,39648000000
2026-02-11,MSB,12100,11800,11850,12000,10000.0,3456100,41473200000
2026-02-12,MSB,12100,11950,12050,12100,10083.3330078125,1993200,24117720000
2026-02-13,MSB,12100,12000,12050,12050,10041.6669921875,2101700,25325485000
2026-02-23,MSB,12200,12050,12100,12100,10083.3330078125,3269700,39563370000
2026-02-24,MSB,12200,12050,12100,12150,10125.0,4032600,48996090000
2026-02-25,MSB,12300,12150,12150,12200,10166.6669921875,5532800,67500160000
2026-02-26,MSB,12350,12150,12250,12200,10166.6669921875,4738200,57806040000
2026-02-27,MSB,12250,12050,12200,12200,10166.6669921875,6703300,81780260000
2026-03-02,MSB,12000,11800,11800,11900,9916.6669921875,8030400,95561760000
2026-03-03,MSB,11950,11600,11900,11650,9916.6669921875,7676900,89435885000
2026-03-04,MSB,11700,11350,11650,11650,9708.3330078125,12381700,144246805000
2026-03-05,MSB,11750,11600,11700,11600,9666.6669921875,3865000,44834000000
2026-03-06,MSB,11650,11450,11550,11600,9666.6669921875,3705300,42981480000
2026-03-09,MSB,11000,10800,10800,10800,9000.0,9199000,99349200000
2026-03-10,MSB,11250,10900,11000,11000,9166.6669921875,7714700,84861700000
2026-03-11,MSB,11450,11000,11100,11450,9541.6669921875,5658100,64785245000
2026-03-12,MSB,11400,11150,11150,11250,9375.0,3337600,37548000000
2026-03-13,MSB,11300,11100,11200,11250,9375.0,4299600,0
2026-03-16,MSB,11300,11200,11250,11250,9375.0,2802300,0
2026-03-17,MSB,11550,11300,11300,11350,9458.3330078125,4142700,0
2026-03-18,MSB,11500,11300,11400,11350,9458.3330078125,3005500,0
2026-03-19,MSB,11300,11150,11200,11200,9333.3330078125,1967400,0
2026-03-20,MSB,11350,11150,11300,11250,9375.0,3971600,0
2026-03-23,MSB,11250,10900,11250,10950,9125.0,6750600,0
2026-03-24,MSB,11300,11100,11200,11250,9375.0,2798300,0
2026-03-25,MSB,11450,11250,11350,11300,9416.6669921875,4478300,0
2026-03-26,MSB,11350,11250,11300,11300,9416.6669921875,3768800,0
2026-03-27,MSB,11400,11250,11300,11350,9458.3330078125,6612900,0
2026-03-30,MSB,11350,11200,11300,11350,9458.3330078125,7126200,0
2026-03-31,MSB,11700,11300,11350,11550,9625.0,11297900,0
2026-04-01,MSB,11750,11550,11700,11600,9666.6669921875,7957900,0
2026-04-02,MSB,11600,11400,11550,11400,9500.0,5560400,0
2026-04-03,MSB,11600,11400,11450,11500,9583.3330078125,7449500,0
2026-04-06,MSB,11600,11450,11550,11500,9583.3330078125,5832200,0
2026-04-07,MSB,11600,11450,11500,11550,9625.0,4532600,0
2026-04-08,MSB,12250,11650,11800,12200,10166.6669921875,19869900,0
2026-04-09,MSB,12200,11950,12100,12100,10083.3330078125,6878100,0
2026-04-10,MSB,12900,12150,12150,12750,10625.0,34694900,0
2026-04-13,MSB,12800,12550,12650,12800,10666.6669921875,10942500,0
2026-04-14,MSB,13100,12650,12900,12700,10583.3330078125,10225400,0
2026-04-15,MSB,12950,12550,12750,12550,10458.3330078125,13069700,0
2026-04-16,MSB,12750,12550,12600,12650,10541.6669921875,10953200,0
2026-04-17,MSB,12750,12600,12700,12650,10541.6669921875,8991300,0
2026-04-20,MSB,12700,12450,12650,12450,10375.0,14655100,0
2026-04-21,MSB,12650,12400,12450,12450,10375.0,9829200,0
2026-04-22,MSB,12800,12400,12450,12750,10625.0,14152400,0
2026-04-23,MSB,12900,12600,12800,12600,10500.0,14550200,0
2026-04-24,MSB,12800,12600,12700,12600,10500.0,7110000,0
2026-04-28,MSB,12650,12500,12600,12500,10416.6669921875,4096700,0
2026-04-29,MSB,12600,12500,12500,12500,10416.6669921875,5034100,0
2026-05-04,MSB,12650,12500,12550,12550,10458.3330078125,4245100,0
2026-05-05,MSB,12900,12550,12600,12700,10583.3330078125,9907700,0
2026-05-06,MSB,12800,12650,12750,12750,10625.0,4496900,0
2026-05-07,MSB,13200,12650,12800,13000,10833.3330078125,21728900,0
2026-05-08,MSB,13700,12950,13000,13500,11250.0,35803500,0
2026-05-11,MSB,13900,13400,13600,13500,11250.0,18547600,0
2026-05-12,MSB,13550,13250,13500,13400,11166.6669921875,8968900,0
2026-05-13,MSB,13650,13400,13500,13600,11333.3330078125,17675800,0
2026-05-14,MSB,13900,13600,13800,13850,11541.6669921875,18235600,0
2026-05-15,MSB,13900,13750,13900,13900,11583.3330078125,15716100,0
2026-05-18,MSB,13900,13600,13800,13900,11583.3330078125,15810900,0
2026-05-19,MSB,14450,13800,13900,14450,12041.6669921875,32080100,0
2026-05-20,MSB,14400,13600,14300,14400,12000.0,25839000,0
2026-05-21,MSB,14450,14100,14350,14450,12041.6669921875,15130900,0
2026-05-22,MSB,14450,14150,14400,14400,12000.0,17598200,0
2026-05-25,MSB,14700,14250,14350,14450,12041.6669921875,11001000,0
2026-05-26,MSB,14750,14450,14450,14650,12208.3330078125,16191000,0
2026-05-27,MSB,15200,14600,14650,15000,12500.0,30671800,0
2026-05-28,MSB,15150,14700,15000,15100,12583.3330078125,28816700,0
2026-05-29,MSB,15300,14800,14900,15300,12750.0,31819800,0
2026-06-01,MSB,15000,14250,14950,14250,11875.0,26544600,0
2026-06-02,MSB,14500,14150,14200,14300,11916.6669921875,8921600,0
2026-06-03,MSB,14750,14250,14300,14500,12083.3330078125,7303100,0
2026-06-04,MSB,14700,14350,14500,14550,12125.0,5669600,0
2026-06-05,MSB,14850,14500,14700,14800,12333.3330078125,7520500,0
2026-06-08,MSB,14700,14150,14700,14200,11833.3330078125,9853600,0
2026-06-09,MSB,14600,14200,14200,14500,12083.3330078125,5825500,0
2026-06-10,MSB,14700,14500,14500,14600,12166.6669921875,4148600,0
2026-06-11,MSB,14800,14400,14550,14600,12166.6669921875,5893300,0
2026-06-12,MSB,15150,14650,14750,15000,12500.0,25116600,0
2026-06-15,MSB,15450,15050,15200,15400,12833.3330078125,15120800,0
2026-06-16,MSB,15450,15100,15400,15100,12583.3330078125,7728100,0
2026-06-17,MSB,15550,15050,15050,15550,12958.3330078125,19643800,0
2026-06-18,MSB,15900,15550,15550,15700,13083.3330078125,11982500,0
2026-06-19,MSB,15800,15450,15600,15800,13166.6669921875,16381300,0
2026-06-22,MSB,15650,15450,15650,15550,12958.3330078125,6206800,0
2026-06-23,MSB,15800,15450,15550,15500,12916.6669921875,9200100,0
2026-06-24,MSB,15800,15450,15500,15550,12958.3330078125,6189000,0
2026-06-25,MSB,15750,15550,15650,15750,13125.0,3763200,0
2026-06-26,MSB,15900,15700,15750,15900,13250.0,7266700,0
2026-06-29,MSB,16149,15850,15900,16000,13333.3330078125,7691600,0
2026-06-30,MSB,16200,15900,16000,16200,13500.0,10596600,0
2026-07-01,MSB,16149,15950,16100,16000,13500.0,5144100,0
2026-07-02,MSB,16149,15900,16000,15950,13291.6669921875,8180700,0
2026-07-03,MSB,16050,15800,15950,16000,13333.3330078125,7252500,0
2026-07-06,MSB,16050,15650,16000,15800,13166.6669921875,10792400,0
2026-07-07,MSB,16149,15750,15800,16149,13458.3330078125,6053900,0
2026-07-08,MSB,16149,16000,16149,16000,13333.3330078125,4764100,0
2026-07-09,MSB,16100,15900,15900,16000,13333.3330078125,2317500,0
2026-07-10,MSB,16050,15800,16050,15800,13166.6669921875,2826500,0
2026-07-13,MSB,16000,15450,15800,16000,13333.3330078125,10459600,0
2026-07-14,MSB,16200,15850,15900,16200,13500.0,7768000,0
2026-07-15,MSB,16450,16149,16149,16300,13583.3330078125,10960800,0
2026-07-16,MSB,16400,16100,16300,16350,13625.0,8284800,0
2026-07-17,MSB,16450,16200,16300,16350,13625.0,5619700,0
2026-07-20,MSB,16300,15900,16250,16149,13458.3330078125,9869300,0
2026-07-21,MSB,16200,15950,16050,16100,13416.6669921875,3916500,0
2026-07-22,MSB,16250,15350,16200,15900,13250.0,21176000,0
2026-07-23,MSB,16100,15500,15800,16050,13375.0,6826200,0
2026-07-24,MSB,16100,15850,16050,15950,13291.6669921875,2777500,0
2026-07-27,MSB,16000,15650,15950,15800,13166.6669921875,4632600,0
2026-07-28,MSB,15900,15500,15600,15900,13250.0,3716500,0
2026-07-29,MSB,15900,15650,15900,15850,13208.3330078125,3566700,0
2026-07-30,MSB,15950,15650,15850,15750,13125.0,6474500,0
2026-07-31,MSB,16100,15650,15650,15950,13291.6669921875,8586100,0
2026-08-03,MSB,16149,15950,16100,16100,13416.6669921875,8618500,0
2026-08-04,MSB,16200,16050,16149,16200,13500.0,5145000,0
2026-08-05,MSB,16300,16000,16200,16149,13458.3330078125,6719100,0
2026-08-06,MSB,16149,15950,16149,16149,13458.3330078125,3858700,0
2026-08-07,MSB,16200,16000,16149,16200,13500.0,5841900,0
2026-08-10,MSB,16250,16100,16200,16250,13541.6669921875,5423700,0
2026-08-11,MSB,16300,16200,16200,16250,13541.6669921875,4645200,0
2026-08-12,MSB,16250,16050,16149,16050,13375.0,4129600,0
2026-08-13,MSB,16200,15950,16100,16149,13458.3330078125,9599900,0
2026-08-14,MSB,16200,15950,16149,16149,13458.3330078125,9029400,0
2026-08-17,MSB,16149,15850,16149,16100,13416.6669921875,5325700,0
2026-08-18,MSB,16000,15750,15950,15750,13125.0,2486500,0
2026-08-19,MSB,15900,15550,15750,15550,12958.3330078125,5179000,0
2026-08-20,MSB,15800,15550,15750,15750,13125.0,3112800,0
2026-08-21,MSB,15900,15650,15650,15900,13250.0,4690100,0
2026-08-24,MSB,16000,15800,15950,15950,13291.6669921875,4315100,0
2026-08-25,MSB,15950,15600,15900,15600,13000.0,4767800,0
2026-08-26,MSB,13000,12120,12960,12790,12791.6669921875,8724400,0
2026-08-27,MSB,13080,12120,12670,13080,13083.3330078125,13851000,0
2026-08-28,MSB,13350,13150,13200,13200,13350.0,1780800,0
