Date,code,high,low,open,close,adjust,volume_match,value_match
2012-03-20,PHR,6380,6280,6340,6380,3268.3583984375,20080,128110400
2012-03-21,PHR,6450,6350,6380,6380,3268.3583984375,40470,258198600
2012-03-22,PHR,6380,6270,6380,6270,3208.93212890625,69940,438523800
2012-03-23,PHR,6380,6230,6270,6230,3185.163330078125,171720,1069815600
2012-03-26,PHR,6310,6230,6230,6270,3208.93212890625,63190,396201300
2012-03-27,PHR,6380,6150,6380,6200,3173.278564453125,65680,407216000
2012-03-28,PHR,6230,6120,6120,6200,3173.278564453125,39810,246822000
2012-03-29,PHR,6170,6030,6170,6030,3090.084228515625,108280,652928400
2012-03-30,PHR,6050,5920,6030,5920,3030.658935546875,43480,257401600
2012-04-03,PHR,6080,5960,6030,5990,3066.3134765625,7590,45464100
2012-04-04,PHR,6120,5920,6120,5920,3030.658935546875,29940,177244800
2012-04-05,PHR,6000,5900,5900,5940,3042.543701171875,60660,360320400
2012-04-06,PHR,6230,6080,6100,6230,3185.163330078125,53500,333305000
2012-04-09,PHR,6490,6380,6450,6490,3327.7822265625,86150,559113500
2012-04-10,PHR,6490,6380,6490,6380,3268.3583984375,84600,539748000
2012-04-11,PHR,6520,6410,6470,6520,3339.66748046875,91340,595536800
2012-04-12,PHR,6730,6490,6520,6660,3410.977783203125,197810,1317414600
2012-04-13,PHR,6840,6620,6690,6710,3434.74658203125,111490,748097900
2012-04-16,PHR,6840,6620,6710,6840,3506.056396484375,148700,1017108000
2012-04-17,PHR,6940,6840,6920,6870,3517.94189453125,78430,538814100
2012-04-18,PHR,6940,6730,6940,6730,3446.63232421875,56590,380850700
2012-04-19,PHR,7050,6490,6640,6490,3327.7822265625,331550,2151759500
2012-04-20,PHR,6810,6540,6540,6810,3494.171630859375,173490,1181466900
2012-04-23,PHR,7050,6840,6840,6890,3529.82666015625,131410,905414900
2012-04-24,PHR,7030,6770,6960,7030,3601.1357421875,78430,551362900
2012-04-25,PHR,7380,6990,6990,7380,3779.41015625,304090,2244184200
2012-04-26,PHR,7720,7650,7720,7720,3957.684326171875,519260,4008687200
2012-04-27,PHR,8100,7720,7910,8100,4147.84375,390080,3159648000
2012-05-02,PHR,8490,8119,8420,8440,4326.1171875,360770,3044898800
2012-05-03,PHR,8440,8029,8440,8140,4171.61279296875,400820,3262674800
2012-05-04,PHR,8540,8189,8220,8540,4373.6572265625,841900,7189826000
2012-05-07,PHR,8960,8810,8960,8960,4587.5859375,912500,8176000000
2012-05-08,PHR,9390,8960,9280,9050,4635.12548828125,500490,4529434500
2012-05-09,PHR,9030,8610,9030,8810,4516.27587890625,435120,3833407200
2012-05-10,PHR,8830,8380,8810,8440,4326.1171875,955960,8068302400
2012-05-11,PHR,8510,8160,8420,8240,4219.1533203125,357490,2945717600
2012-05-14,PHR,8240,7850,8140,7850,4017.109375,490780,3852623000
2012-05-15,PHR,7890,7520,7700,7520,3850.7197265625,309230,2325409600
2012-05-16,PHR,7650,7230,7520,7380,3779.41015625,200910,1482715800
2012-05-17,PHR,7610,7260,7260,7350,3767.525390625,108360,796446000
2012-05-18,PHR,7310,7000,7310,7050,3613.021484375,354060,2496123000
2012-05-21,PHR,7400,7050,7050,7400,3791.294921875,167560,1239944000
2012-05-22,PHR,7750,7350,7570,7650,3922.029052734375,429380,3284757000
2012-05-23,PHR,7570,7280,7540,7280,3731.869873046875,224980,1637854400
2012-05-24,PHR,7280,6940,7210,7030,3601.1357421875,264480,1859294400
2012-05-25,PHR,7380,7230,7280,7380,3779.41015625,206640,1525003200
2012-05-28,PHR,7650,7180,7630,7400,3791.294921875,219280,1622672000
2012-05-29,PHR,7400,7130,7400,7350,3767.525390625,186290,1369231500
2012-05-30,PHR,7610,7280,7280,7350,3767.525390625,182810,1343653500
2012-05-31,PHR,7350,7050,7350,7110,3636.791015625,180190,1281150900
2012-06-01,PHR,7210,7030,7110,7050,3613.021484375,73630,519091500
2012-06-04,PHR,7050,6710,7050,6710,3434.74658203125,313880,2106134800
2012-06-05,PHR,6870,6710,6770,6870,3517.94189453125,158160,1086559200
2012-06-06,PHR,7160,6810,6810,7160,3660.560791015625,179740,1286938400
2012-06-07,PHR,7500,7180,7310,7500,3838.834716796875,300390,2252925000
2012-06-08,PHR,7800,7500,7610,7500,3838.834716796875,314330,2357475000
2012-06-11,PHR,7630,7350,7350,7500,3838.834716796875,83920,629400000
2012-06-12,PHR,7500,7180,7500,7180,3684.33056640625,190270,1366138600
2012-06-13,PHR,7350,7000,7350,7310,3743.754638671875,110430,807243300
2012-06-14,PHR,7180,7030,7180,7080,3624.90625,89800,635784000
2012-06-15,PHR,7420,7050,7080,7340,3755.640380859375,161140,1182767600
2012-06-18,PHR,7520,7310,7500,7340,3755.640380859375,88370,648635800
2012-06-19,PHR,7340,7170,7340,7210,3696.215576171875,37630,271312300
2012-06-20,PHR,7340,7180,7230,7280,3731.869873046875,50110,364800800
2012-06-21,PHR,7310,7180,7210,7310,3743.754638671875,57880,423102800
2012-06-22,PHR,7230,7110,7130,7180,3684.33056640625,106500,764670000
2012-06-25,PHR,7210,6920,7170,6920,3541.711181640625,108430,750335600
2012-06-26,PHR,6990,6690,6990,6690,3422.8623046875,146200,978078000
2012-06-27,PHR,7000,6690,6760,6730,3446.63232421875,153050,1030026500
2012-06-28,PHR,6800,6640,6730,6800,3482.286376953125,25750,175100000
2012-06-29,PHR,7000,6770,6890,6990,3577.3662109375,61410,429255900
2012-07-02,PHR,6990,6800,6990,6800,3482.286376953125,34300,233240000
2012-07-03,PHR,7000,6640,6870,6710,3434.74658203125,61730,414208300
2012-07-04,PHR,6840,6640,6810,6660,3410.977783203125,28020,186613200
2012-07-05,PHR,6870,6660,6710,6840,3506.056396484375,95130,650689200
2012-07-06,PHR,7050,6840,6920,6870,3517.94189453125,70490,484266300
2012-07-09,PHR,6960,6640,6960,6660,3410.977783203125,92440,615650400
2012-07-10,PHR,6730,6620,6710,6620,3387.20654296875,88330,584744600
2012-07-11,PHR,6770,6690,6730,6690,3422.8623046875,70150,469303500
2012-07-12,PHR,6770,6690,6770,6760,3458.516845703125,25840,174678400
2012-07-13,PHR,7080,6760,6760,6990,3577.3662109375,129080,902269200
2012-07-16,PHR,6990,6840,6870,6890,3529.82666015625,62070,427662300
2012-07-17,PHR,6990,6920,6960,6960,3565.481201171875,42570,296287200
2012-07-18,PHR,7050,6890,6960,6940,3553.59619140625,36150,250881000
2012-07-19,PHR,7110,6890,6960,7110,3636.791015625,157560,1120251600
2012-07-20,PHR,7400,7160,7180,7170,3672.446044921875,358620,2571305400
2012-07-23,PHR,7260,7080,7080,7160,3660.560791015625,117390,840512400
2012-07-24,PHR,7130,6940,7130,6960,3565.481201171875,99690,693842400
2012-07-25,PHR,6990,6870,6960,6940,3553.59619140625,67910,471295400
2012-07-26,PHR,6960,6840,6960,6870,3517.94189453125,84750,582232500
2012-07-27,PHR,6920,6730,6870,6770,3470.4013671875,146890,994445300
2012-07-30,PHR,6800,6660,6760,6770,3470.4013671875,78800,533476000
2012-07-31,PHR,7110,6800,6800,6920,3541.711181640625,109910,760577200
2012-08-01,PHR,6840,6730,6800,6800,3482.286376953125,76380,519384000
2012-08-02,PHR,6870,6770,6810,6770,3470.4013671875,29750,201407500
2012-08-03,PHR,6810,6770,6800,6810,3494.171630859375,25840,175970400
2012-08-06,PHR,7050,6810,6840,6990,3577.3662109375,59050,412759500
2012-08-07,PHR,6990,6870,6990,6920,3541.711181640625,38390,265658800
2012-08-08,PHR,6940,6870,6940,6920,3541.711181640625,32190,222754800
2012-08-09,PHR,7050,6960,7050,6990,3577.3662109375,41320,288826800
2012-08-10,PHR,6960,6890,6940,6890,3529.82666015625,50040,344775600
2012-08-13,PHR,6940,6840,6890,6840,3506.056396484375,38800,265392000
2012-08-14,PHR,6960,6810,6890,6810,3494.171630859375,53120,361747200
2012-08-15,PHR,6890,6800,6890,6810,3494.171630859375,38920,265045200
2012-08-16,PHR,6840,6770,6840,6810,3494.171630859375,33460,227862600
2012-08-17,PHR,6890,6800,6840,6810,3494.171630859375,49870,339614700
2012-08-20,PHR,6890,6800,6840,6800,3482.286376953125,134950,917660000
2012-08-21,PHR,6810,6470,6810,6470,3315.89697265625,238400,1542448000
2012-08-22,PHR,6470,6230,6270,6310,3232.703369140625,118670,748807700
2012-08-23,PHR,6170,6000,6150,6000,3078.198486328125,174590,1047540000
2012-08-24,PHR,6270,5800,5800,6120,3137.62353515625,116280,711633600
2012-08-27,PHR,6120,5820,6120,5820,2983.119140625,223710,1301992200
2012-08-28,PHR,6050,5800,6050,5960,3054.42822265625,67100,399916000
2012-08-29,PHR,6230,5960,5960,6230,3185.163330078125,34640,215807200
2012-08-30,PHR,6240,6150,6230,6200,3173.278564453125,77350,479570000
2012-08-31,PHR,6200,6100,6200,6150,3149.50830078125,41150,253072500
2012-09-04,PHR,6340,6120,6150,6340,3244.58740234375,67220,426174800
2012-09-05,PHR,6310,6120,6270,6280,3220.81787109375,32400,203472000
2012-09-06,PHR,6350,6200,6340,6340,3244.58740234375,88740,562611600
2012-09-07,PHR,6490,6310,6340,6490,3327.7822265625,119170,773413300
2012-09-10,PHR,6340,6230,6270,6270,3208.93212890625,86640,543232800
2012-09-11,PHR,6310,6270,6270,6310,3232.703369140625,29930,188858300
2012-09-12,PHR,6410,6310,6310,6340,3244.58740234375,42870,271795800
2012-09-13,PHR,6340,6310,6340,6340,3244.58740234375,13390,84892600
2012-09-14,PHR,6410,6340,6380,6340,3244.58740234375,13920,88252800
2012-09-17,PHR,6350,6310,6310,6350,3256.472412109375,16590,105346500
2012-09-18,PHR,6380,6150,6350,6150,3149.50830078125,31700,194955000
2012-09-19,PHR,6230,6150,6150,6150,3149.50830078125,41880,257562000
2012-09-20,PHR,6150,6080,6150,6100,3125.73876953125,89890,548329000
2012-09-21,PHR,6310,6150,6150,6270,3208.93212890625,34060,213556200
2012-09-24,PHR,6270,6170,6170,6270,3208.93212890625,24010,150542700
2012-09-25,PHR,6270,6200,6270,6200,3173.278564453125,20700,128340000
2012-09-26,PHR,6310,6200,6310,6200,3173.278564453125,15460,95852000
2012-09-27,PHR,6340,6230,6340,6230,3185.163330078125,53560,333678800
2012-09-28,PHR,6280,6200,6230,6270,3208.93212890625,42500,266475000
2012-10-01,PHR,6270,6200,6270,6270,3208.93212890625,24540,153865800
2012-10-02,PHR,6270,6200,6270,6230,3185.163330078125,13740,85600200
2012-10-03,PHR,6470,6270,6310,6470,3315.89697265625,71810,464610700
2012-10-04,PHR,6470,6280,6470,6280,3220.81787109375,55120,346153600
2012-10-05,PHR,6470,6340,6470,6350,3256.472412109375,32760,208026000
2012-10-08,PHR,6540,6410,6450,6520,3339.66748046875,58730,382919600
2012-10-09,PHR,6590,6490,6590,6520,3339.66748046875,64940,423408800
2012-10-10,PHR,6570,6490,6520,6570,3363.4375,38170,250776900
2012-10-11,PHR,6800,6570,6710,6570,3363.4375,43470,285597900
2012-10-12,PHR,6730,6540,6540,6620,3387.20654296875,69590,460685800
2012-10-15,PHR,6640,6450,6640,6450,3304.012451171875,42510,274189500
2012-10-16,PHR,6570,6450,6450,6570,3363.4375,3520,23126400
2012-10-17,PHR,6800,6570,6620,6710,3434.74658203125,185510,1244772100
2012-10-18,PHR,6800,6730,6770,6800,3482.286376953125,92140,626552000
2012-10-19,PHR,6840,6660,6800,6770,3470.4013671875,122170,827090900
2012-10-22,PHR,6760,6660,6690,6690,3422.8623046875,61660,412505400
2012-10-23,PHR,6730,6640,6730,6640,3399.091796875,15310,101658400
2012-10-24,PHR,6710,6590,6710,6590,3375.322509765625,32070,211341300
2012-10-25,PHR,6590,6490,6590,6520,3339.66748046875,43010,280425200
2012-10-26,PHR,6710,6490,6520,6520,3339.66748046875,22690,147938800
2012-10-29,PHR,6690,6520,6520,6690,3422.8623046875,17920,119884800
2012-10-30,PHR,6620,6570,6570,6570,3363.4375,35790,235140300
2012-10-31,PHR,6840,6570,6570,6590,3375.322509765625,81600,537744000
2012-11-01,PHR,6800,6590,6800,6620,3387.20654296875,2840,18800800
2012-11-02,PHR,6570,6340,6340,6380,3268.3583984375,35080,223810400
2012-11-05,PHR,6570,6380,6380,6380,3268.3583984375,14080,89830400
2012-11-06,PHR,6490,6410,6430,6490,3327.7822265625,10310,66911900
2012-11-07,PHR,6640,6490,6490,6640,3399.091796875,28550,189572000
2012-11-08,PHR,6640,6540,6640,6570,3363.4375,3620,23783400
2012-11-09,PHR,6690,6490,6590,6490,3327.7822265625,38930,252655700
2012-11-12,PHR,6590,6490,6490,6570,3363.4375,10750,70627500
2012-11-13,PHR,6740,6470,6510,6590,3375.98779296875,21300,140367000
2012-11-14,PHR,6670,6590,6590,6620,3388.537109375,46880,310345600
2012-11-15,PHR,6690,6570,6620,6690,3426.1875,1520,10168800
2012-11-16,PHR,6690,6510,6690,6590,3375.98779296875,37760,248838400
2012-11-19,PHR,6620,6480,6620,6620,3388.537109375,48800,323056000
2012-11-20,PHR,6620,6570,6620,6620,3388.537109375,64390,426261800
2012-11-21,PHR,6620,6570,6570,6570,3363.4375,43530,285992100
2012-11-22,PHR,6620,6590,6620,6590,3375.98779296875,73210,482453900
2012-11-23,PHR,6670,6620,6620,6620,3388.537109375,50580,334839600
2012-11-26,PHR,6710,6590,6710,6590,3375.98779296875,48780,321460200
2012-11-27,PHR,6620,6590,6590,6620,3388.537109375,6900,45678000
2012-11-28,PHR,6620,6590,6590,6620,3388.537109375,18350,121477000
2012-11-29,PHR,6620,6590,6620,6590,3375.98779296875,47100,310389000
2012-11-30,PHR,6640,6620,6640,6620,3388.537109375,26970,178541400
2012-12-03,PHR,6590,6570,6590,6570,3363.4375,34140,224299800
2012-12-04,PHR,6620,6570,6620,6570,3363.4375,5720,37580400
2012-12-05,PHR,6860,6620,6710,6810,3488.938232421875,62740,427259400
2012-12-06,PHR,6760,6690,6710,6760,3463.837646484375,10820,73143200
2012-12-07,PHR,6810,6620,6810,6690,3426.1875,22890,153134100
2012-12-10,PHR,6740,6670,6740,6710,3438.738525390625,48500,325435000
2012-12-11,PHR,6760,6690,6690,6760,3463.837646484375,31520,213075200
2012-12-12,PHR,6830,6760,6760,6830,3501.488037109375,54050,369161500
2012-12-13,PHR,6880,6780,6860,6860,3514.0380859375,53760,368793600
2012-12-14,PHR,6910,6860,6880,6880,3526.589111328125,28920,198969600
2012-12-17,PHR,6910,6880,6880,6910,3539.13916015625,49580,342597800
2012-12-18,PHR,6910,6860,6910,6910,3539.13916015625,59680,412388800
2012-12-19,PHR,7110,6910,6910,7110,3639.541015625,77210,548963100
2012-12-20,PHR,7110,6940,7110,7060,3614.439697265625,3680,25980800
2012-12-21,PHR,7060,6940,7060,6940,3551.689208984375,26000,180440000
2012-12-24,PHR,6980,6940,6940,6980,3576.78955078125,2010,14029800
2012-12-25,PHR,6980,6940,6980,6960,3564.240234375,25850,179916000
2012-12-26,PHR,7030,6940,6940,7030,3601.890380859375,6550,46046500
2012-12-27,PHR,7170,7030,7030,7030,3601.890380859375,53440,375683200
2012-12-28,PHR,7080,6880,7080,6880,3526.589111328125,12490,85931200
2013-01-02,PHR,7030,6940,6940,7000,3526.589111328125,4600,32200000
2013-01-03,PHR,6940,6880,6880,6880,3526.589111328125,7730,53182400
2013-01-04,PHR,7000,6880,6880,7000,3589.33935546875,14600,102200000
2013-01-07,PHR,7110,7030,7060,7110,3639.541015625,38940,276863400
2013-01-08,PHR,7450,7250,7350,7370,3777.592529296875,142610,1051035700
2013-01-09,PHR,7550,7250,7550,7250,3714.8408203125,82040,594790000
2013-01-10,PHR,7570,7140,7250,7570,3877.9931640625,65620,496743400
2013-01-11,PHR,7620,7350,7620,7370,3777.592529296875,106750,786747500
2013-01-14,PHR,7450,7350,7370,7450,3815.24169921875,14360,106982000
2013-01-15,PHR,7570,7400,7570,7450,3815.24169921875,98480,733676000
2013-01-16,PHR,7650,7330,7400,7570,3877.9931640625,165730,1254576100
2013-01-17,PHR,7590,7420,7590,7470,3827.7919921875,56550,422428500
2013-01-18,PHR,7470,7350,7470,7420,3802.692138671875,55990,415445800
2013-01-21,PHR,7420,7170,7420,7270,3727.390869140625,41540,301995800
2013-01-22,PHR,7270,7060,7270,7110,3639.541015625,52100,370431000
2013-01-23,PHR,7190,7060,7110,7110,3639.541015625,74690,531045900
2013-01-24,PHR,7370,7140,7370,7330,3752.492431640625,58800,431004000
2013-01-25,PHR,7400,7220,7400,7350,3765.0419921875,16630,122230500
2013-01-28,PHR,7500,7400,7470,7420,3802.692138671875,155350,1152697000
2013-01-29,PHR,7450,7400,7450,7400,3790.141357421875,90940,672956000
2013-01-30,PHR,7590,7370,7450,7470,3827.7919921875,86650,647275500
2013-01-31,PHR,7500,7370,7420,7470,3827.7919921875,19620,146561400
2013-02-01,PHR,7500,7420,7470,7470,3827.7919921875,59550,444838500
2013-02-04,PHR,7500,7420,7420,7420,3802.692138671875,46800,347256000
2013-02-05,PHR,7470,7420,7420,7470,3827.7919921875,105060,784798200
2013-02-06,PHR,7740,7470,7470,7720,3953.29345703125,196220,1514818400
2013-02-07,PHR,7720,7570,7720,7570,3877.9931640625,53580,405600600
2013-02-08,PHR,7850,7570,7570,7720,3953.29345703125,48450,374034000
2013-02-18,PHR,7720,7570,7590,7660,3928.192626953125,33440,256150400
2013-02-19,PHR,7620,7450,7590,7500,3840.34228515625,122700,920250000
2013-02-20,PHR,7550,7400,7550,7400,3790.141357421875,50930,376882000
2013-02-21,PHR,7720,7270,7400,7270,3727.390869140625,112950,821146500
2013-02-22,PHR,7370,7140,7270,7350,3765.0419921875,63460,466431000
2013-02-25,PHR,7350,7110,7350,7330,3752.492431640625,8830,64723900
2013-02-26,PHR,7330,7170,7330,7170,3677.19091796875,124950,895891500
2013-02-27,PHR,7220,7140,7170,7220,3702.29052734375,42780,308871600
2013-02-28,PHR,7250,7190,7220,7220,3702.29052734375,23900,172558000
2013-03-01,PHR,7270,7170,7220,7170,3664.640380859375,30340,217537800
2013-03-04,PHR,7300,7110,7220,7140,3652.09033203125,92130,657808200
2013-03-05,PHR,7110,7030,7110,7060,3614.439697265625,45370,320312200
2013-03-06,PHR,7170,7030,7030,7030,3601.890380859375,57330,403029900
2013-03-07,PHR,7170,7060,7080,7080,3626.990478515625,117480,831758400
2013-03-08,PHR,7220,7110,7110,7110,3639.541015625,46940,333743400
2013-03-11,PHR,7220,7080,7220,7190,3689.74072265625,6880,49467200
2013-03-12,PHR,7350,7220,7250,7330,3752.492431640625,63060,462229800
2013-03-13,PHR,7450,7300,7300,7330,3752.492431640625,50220,368112600
2013-03-14,PHR,7350,7080,7270,7300,3739.94140625,14660,107018000
2013-03-15,PHR,7420,7300,7330,7350,3765.0419921875,66340,487599000
2013-03-18,PHR,7400,7300,7350,7350,3765.0419921875,58630,430930500
2013-03-19,PHR,7420,7350,7350,7400,3790.141357421875,31970,236578000
2013-03-20,PHR,7500,7350,7350,7500,3840.34228515625,39990,299925000
2013-03-21,PHR,7690,7550,7550,7650,3915.643798828125,90200,690030000
2013-03-22,PHR,7890,7690,7720,7740,3965.84423828125,200930,1555198200
2013-03-25,PHR,7870,7590,7870,7590,3890.54248046875,88680,673081200
2013-03-26,PHR,7790,7690,7740,7690,3940.744873046875,107150,823983500
2013-03-27,PHR,7740,7660,7740,7690,3940.744873046875,81620,627657800
2013-03-28,PHR,7740,7660,7690,7720,3953.29345703125,37070,286180400
2013-03-29,PHR,7690,7570,7690,7650,3915.643798828125,25050,191632500
2013-04-01,PHR,7660,7620,7650,7660,3928.192626953125,72360,554277600
2013-04-02,PHR,7790,7660,7720,7690,3940.744873046875,105820,813755800
2013-04-03,PHR,7890,7790,7790,7820,4003.494873046875,161040,1259332800
2013-04-04,PHR,8280,7850,7850,8080,4141.5458984375,297980,2407678400
2013-04-05,PHR,8500,8130,8210,8380,4292.1474609375,175540,1471025200
2013-04-08,PHR,8500,8280,8500,8380,4292.1474609375,201580,1689240400
2013-04-09,PHR,8380,8210,8380,8340,4267.0478515625,199940,1667499600
2013-04-10,PHR,8450,8340,8450,8400,4306.43505859375,279310,2346204000
2013-04-11,PHR,8660,8280,8280,8540,4372.08203125,173180,1478957200
2013-04-12,PHR,8610,8400,8450,8540,4372.08203125,138310,1181167400
2013-04-15,PHR,8540,8200,8540,8450,4332.69384765625,89600,757120000
2013-04-16,PHR,8510,8020,8400,8450,4332.69384765625,142240,1201928000
2013-04-17,PHR,8450,8310,8360,8430,4319.5654296875,62950,530668500
2013-04-18,PHR,8400,8230,8400,8360,4280.17626953125,131900,1102684000
2013-04-22,PHR,8360,7970,8360,7970,4083.23681640625,15630,124571100
2013-04-23,PHR,8080,7950,7970,7950,4070.10595703125,19730,156853500
2013-04-24,PHR,8020,7740,8020,7740,3965.0703125,8420,65170800
2013-04-25,PHR,7740,7660,7690,7690,3938.81298828125,11280,86743200
2013-04-26,PHR,7820,7640,7820,7690,3938.81298828125,7980,61366200
2013-05-02,PHR,7690,7430,7690,7430,3807.5185546875,19150,142284500
2013-05-03,PHR,7920,7560,7560,7920,4056.977783203125,28420,225086400
2013-05-06,PHR,8020,7720,7920,8020,4109.494140625,15990,128239800
2013-05-07,PHR,8050,7950,8020,8020,4109.494140625,14750,118295000
2013-05-08,PHR,8020,7990,7990,8020,4109.494140625,7070,56701400
2013-05-09,PHR,7740,7640,7690,7640,3912.553955078125,30450,232638000
2013-05-10,PHR,7560,7190,7520,7190,3689.35498046875,87540,629412600
2013-05-13,PHR,7430,7350,7430,7430,3807.5185546875,65410,485996300
2013-05-14,PHR,7520,7380,7430,7380,3781.260009765625,41150,303687000
2013-05-15,PHR,7430,7380,7430,7380,3781.260009765625,23580,174020400
2013-05-16,PHR,7490,7340,7490,7380,3781.260009765625,46570,343686600
2013-05-17,PHR,7410,7310,7410,7410,3794.390625,36500,270465000
2013-05-20,PHR,7410,7170,7170,7190,3689.35498046875,70170,504522300
2013-05-21,PHR,7310,7250,7250,7310,3741.871826171875,24700,180557000
2013-05-22,PHR,7430,7310,7430,7380,3781.260009765625,7480,55202400
2013-05-23,PHR,7380,7340,7350,7380,3781.260009765625,24420,180219600
2013-05-24,PHR,7520,7380,7380,7520,3846.907470703125,46280,348025600
2013-05-27,PHR,7640,7520,7520,7640,3912.553955078125,88550,676522000
2013-05-28,PHR,7720,7640,7640,7720,3951.942138671875,43040,332268800
2013-05-29,PHR,7760,7690,7760,7690,3938.81298828125,67240,517075600
2013-05-30,PHR,7720,7660,7720,7690,3938.81298828125,63430,487776700
2013-05-31,PHR,7880,7820,7820,7880,4030.7177734375,39800,313624000
2013-06-03,PHR,7820,7690,7820,7690,3938.81298828125,17630,135574700
2013-06-04,PHR,7690,7660,7690,7690,3938.81298828125,17760,136574400
2013-06-05,PHR,7760,7560,7560,7580,3886.29443359375,3120,23649600
2013-06-06,PHR,7660,7380,7380,7660,3925.6845703125,16480,126236800
2013-06-07,PHR,7690,7490,7690,7690,3938.81298828125,2170,16687300
2013-06-10,PHR,7690,7560,7690,7660,3925.6845703125,4230,32401800
2013-06-11,PHR,7640,7490,7640,7640,3912.553955078125,550,4202000
2013-06-12,PHR,7640,7430,7430,7640,3912.553955078125,10700,81748000
2013-06-13,PHR,7560,7410,7560,7430,3807.5185546875,33810,251208300
2013-06-14,PHR,7640,7430,7640,7430,3807.5185546875,4270,31726100
2013-06-17,PHR,7410,7310,7350,7350,3768.131103515625,17330,127375500
2013-06-18,PHR,7350,7190,7190,7310,3741.871826171875,3920,28655200
2013-06-19,PHR,7520,7250,7280,7250,3715.61328125,15810,114622500
2013-06-20,PHR,7560,7280,7280,7560,3873.166259765625,10500,79380000
2013-06-21,PHR,7540,7340,7540,7410,3794.390625,3440,25490400
2013-06-24,PHR,7350,7310,7310,7340,3755.001220703125,5250,38535000
2013-06-25,PHR,7430,7220,7310,7250,3715.61328125,41520,301020000
2013-06-26,PHR,7280,6970,6970,7280,3728.743408203125,11720,85321600
2013-06-27,PHR,7310,7190,7250,7310,3741.871826171875,8500,62135000
2013-06-28,PHR,7310,7250,7310,7310,3741.871826171875,6700,48977000
2013-07-01,PHR,7340,7310,7310,7340,3755.001220703125,410,3009400
2013-07-02,PHR,7350,7170,7350,7340,3755.001220703125,7350,53949000
2013-07-03,PHR,7350,7220,7220,7340,3755.001220703125,22950,168453000
2013-07-04,PHR,7410,7280,7340,7380,3781.260009765625,27380,202064400
2013-07-05,PHR,7560,7380,7460,7520,3846.907470703125,25020,188150400
2013-07-08,PHR,7560,7540,7560,7560,3873.166259765625,44480,336268800
2013-07-09,PHR,7560,7540,7560,7560,3873.166259765625,41600,314496000
2013-07-10,PHR,7580,7490,7490,7560,3873.166259765625,38300,289548000
2013-07-11,PHR,7610,7560,7560,7580,3886.29443359375,18810,142579800
2013-07-12,PHR,7690,7610,7660,7690,3938.81298828125,75930,583901700
2013-07-15,PHR,7720,7660,7690,7660,3925.6845703125,40550,310613000
2013-07-16,PHR,7720,7660,7660,7660,3925.6845703125,119320,913991200
2013-07-17,PHR,7720,7660,7690,7690,3938.81298828125,110840,852359600
2013-07-18,PHR,7760,7580,7760,7580,3886.29443359375,55000,416900000
2013-07-19,PHR,7580,7430,7580,7430,3807.5185546875,65570,487185100
2013-07-22,PHR,7640,7430,7430,7460,3820.64794921875,3720,27751200
2013-07-23,PHR,7460,7220,7460,7460,3820.64794921875,29980,223650800
2013-07-24,PHR,7380,7280,7350,7310,3741.871826171875,12710,92910100
2013-07-25,PHR,7310,7310,7310,7310,3741.871826171875,36880,269592800
2013-07-26,PHR,7310,7280,7310,7310,3741.871826171875,41560,303803600
2013-07-29,PHR,7280,7280,7280,7280,3728.743408203125,1900,13832000
2013-07-30,PHR,7280,7170,7170,7280,3728.743408203125,1010,7352800
2013-07-31,PHR,7280,7250,7280,7250,3715.61328125,58190,421877500
2013-08-01,PHR,7250,7190,7250,7220,3702.48388671875,74700,539334000
2013-08-02,PHR,7340,7310,7310,7310,3741.871826171875,3720,27193200
2013-08-05,PHR,7430,7310,7310,7350,3768.131103515625,19100,140385000
2013-08-06,PHR,7350,7280,7350,7280,3728.743408203125,84090,612175200
2013-08-07,PHR,7310,7250,7250,7280,3728.743408203125,55000,400400000
2013-08-08,PHR,7310,7280,7280,7280,3728.743408203125,91770,668085600
2013-08-09,PHR,7540,7280,7280,7540,3860.036376953125,55330,417188200
2013-08-12,PHR,7520,7410,7430,7490,3833.778076171875,13440,100665600
2013-08-13,PHR,7460,7340,7340,7350,3768.131103515625,24340,178899000
2013-08-14,PHR,7430,7340,7410,7430,3807.5185546875,29970,222677100
2013-08-15,PHR,7490,7350,7350,7490,3833.778076171875,23070,172794300
2013-08-16,PHR,7540,7460,7460,7540,3860.036376953125,16970,127953800
2013-08-19,PHR,7580,7410,7410,7540,3860.036376953125,10630,80150200
2013-08-20,PHR,7560,7520,7540,7540,3860.036376953125,45560,343522400
2013-08-21,PHR,7540,7460,7540,7460,3820.64794921875,25730,191945800
2013-08-22,PHR,7460,7430,7430,7430,3807.5185546875,22350,166060500
2013-08-23,PHR,7460,7430,7460,7430,3807.5185546875,14690,109146700
2013-08-26,PHR,7460,7430,7430,7460,3820.64794921875,3350,24991000
2013-08-27,PHR,7540,7460,7520,7460,3820.64794921875,6980,52070800
2013-08-28,PHR,7490,7430,7430,7490,3833.778076171875,36640,274433600
2013-08-29,PHR,7690,7560,7690,7690,3938.81298828125,1000,7690000
2013-08-30,PHR,7560,7520,7520,7560,3873.166259765625,11830,89434800
2013-09-03,PHR,7580,7560,7560,7560,3873.166259765625,19050,144018000
2013-09-04,PHR,7660,7560,7640,7610,3899.42431640625,15600,118716000
2013-09-05,PHR,7640,7560,7640,7560,3873.166259765625,380,2872800
2013-09-06,PHR,7580,7560,7560,7560,3873.166259765625,7100,53676000
2013-09-09,PHR,7580,7520,7580,7560,3873.166259765625,17580,132904800
2013-09-10,PHR,7560,7520,7520,7560,3873.166259765625,10000,75600000
2013-09-11,PHR,7560,7540,7560,7540,3860.036376953125,19850,149669000
2013-09-12,PHR,7540,7540,7540,7540,3860.036376953125,0,0
2013-09-13,PHR,7560,7520,7560,7560,3873.166259765625,17180,129880800
2013-09-16,PHR,7690,7560,7690,7560,3873.166259765625,4400,33264000
2013-09-17,PHR,7580,7560,7580,7580,3886.29443359375,1370,10384600
2013-09-18,PHR,7560,7560,7560,7560,3873.166259765625,5500,41580000
2013-09-19,PHR,7580,7560,7580,7560,3873.166259765625,7740,58514400
2013-09-20,PHR,7540,7430,7430,7520,3846.907470703125,10100,75952000
2013-09-23,PHR,7540,7520,7520,7540,3860.036376953125,15850,119509000
2013-09-24,PHR,7560,7540,7540,7540,3860.036376953125,42100,317434000
2013-09-25,PHR,7820,7540,7540,7690,3938.81298828125,24050,184944500
2013-09-26,PHR,7660,7560,7560,7660,3925.6845703125,1800,13788000
2013-09-27,PHR,7660,7660,7660,7660,3925.6845703125,0,0
2013-09-30,PHR,7640,7580,7580,7640,3912.553955078125,1730,13217200
2013-10-01,PHR,7660,7640,7640,7660,3925.6845703125,10590,81119400
2013-10-02,PHR,7820,7690,7690,7820,4004.46044921875,16450,128639000
2013-10-03,PHR,7640,7640,7640,7640,3912.553955078125,9400,71816000
2013-10-04,PHR,7690,7610,7610,7690,3938.81298828125,29690,228316100
2013-10-07,PHR,7920,7610,7610,7690,3938.81298828125,31910,245387900
2013-10-08,PHR,7880,7820,7880,7820,4004.46044921875,40,312800
2013-10-09,PHR,7900,7740,7900,7740,3965.0703125,500,3870000
2013-10-10,PHR,7740,7640,7640,7690,3938.81298828125,33610,258460900
2013-10-11,PHR,7660,7640,7640,7660,3925.6845703125,19790,151591400
2013-10-14,PHR,7850,7640,7640,7690,3938.81298828125,2910,22377900
2013-10-15,PHR,7760,7640,7640,7760,3978.201416015625,31300,242888000
2013-10-16,PHR,7900,7690,7720,7880,4030.7177734375,40400,318352000
2013-10-17,PHR,8050,7880,8050,7990,4096.365234375,16650,133033500
2013-10-18,PHR,8119,8080,8080,8080,4135.7529296875,67450,544996000
2013-10-21,PHR,8200,8080,8080,8080,4135.7529296875,32210,260256800
2013-10-22,PHR,8080,8050,8080,8080,4135.7529296875,82360,665468800
2013-10-23,PHR,8100,7990,7990,8080,4135.7529296875,42120,340329600
2013-10-24,PHR,8100,8050,8100,8100,4148.88330078125,62320,504792000
2013-10-25,PHR,8200,8100,8200,8200,4201.39990234375,57450,471090000
2013-10-28,PHR,8200,8150,8200,8200,4201.39990234375,51880,425416000
2013-10-29,PHR,8610,8340,8340,8610,4408.025390625,160820,1384660200
2013-10-30,PHR,8630,8560,8630,8610,4408.025390625,48070,413882700
2013-10-31,PHR,8590,8410,8410,8590,4394.25146484375,33080,284157200
2013-11-01,PHR,8520,8490,8490,8490,4352.92626953125,13170,111813300
2013-11-04,PHR,8410,8390,8410,8390,4297.82666015625,5200,43628000
2013-11-05,PHR,8410,8390,8390,8410,4311.60009765625,6850,57608500
2013-11-06,PHR,8460,8310,8360,8460,4339.1513671875,23310,197202600
2013-11-07,PHR,8460,8360,8360,8460,4339.1513671875,8920,75463200
2013-11-08,PHR,8460,8410,8460,8460,4339.1513671875,20660,174783600
2013-11-11,PHR,8490,8410,8460,8490,4352.92626953125,8120,68938800
2013-11-12,PHR,8490,8410,8410,8490,4352.92626953125,10540,89484600
2013-11-13,PHR,8390,8360,8360,8390,4297.82666015625,9200,77188000
2013-11-14,PHR,8610,8410,8410,8610,4408.025390625,6810,58634100
2013-11-15,PHR,8610,8460,8460,8610,4408.025390625,36270,312284700
2013-11-18,PHR,8610,8460,8460,8610,4408.025390625,20110,173147100
2013-11-19,PHR,8630,8490,8520,8610,4408.025390625,18760,161523600
2013-11-20,PHR,8870,8610,8870,8630,4421.802734375,42090,363236700
2013-11-21,PHR,8870,8750,8870,8820,4518.22705078125,78400,691488000
2013-11-22,PHR,8870,8750,8870,8810,4504.45263671875,105500,929455000
2013-11-25,PHR,8870,8750,8820,8840,4532.0029296875,75360,666182400
2013-11-26,PHR,8960,8840,8840,8930,4573.32666015625,39430,352109900
2013-11-27,PHR,8990,8870,8990,8870,4545.7763671875,2330,20667100
2013-11-28,PHR,8960,8750,8960,8750,4476.90234375,21990,192412500
2013-11-29,PHR,8750,8630,8750,8660,4435.57666015625,8590,74389400
2013-12-02,PHR,8610,8440,8610,8610,4408.025390625,29020,249862200
2013-12-03,PHR,8610,8460,8610,8460,4339.1513671875,9900,83754000
2013-12-04,PHR,8610,8460,8610,8610,4408.025390625,9250,79642500
2013-12-05,PHR,8660,8610,8610,8660,4435.57666015625,9510,82356600
2013-12-06,PHR,8780,8690,8750,8720,4463.126953125,10880,94873600
2013-12-09,PHR,8870,8810,8870,8870,4545.7763671875,42940,380877800
2013-12-10,PHR,8780,8660,8660,8780,4490.6767578125,12560,110276800
2013-12-11,PHR,8810,8460,8810,8460,4339.1513671875,10300,87138000
2013-12-12,PHR,8560,8410,8460,8410,4311.60009765625,20010,168284100
2013-12-13,PHR,8460,8200,8460,8460,4339.1513671875,16300,137898000
2013-12-16,PHR,8170,8119,8119,8119,4160.07470703125,1820,14776580
2013-12-17,PHR,8690,8170,8690,8200,4201.39990234375,15510,127182000
2013-12-18,PHR,8340,8260,8340,8340,4270.275390625,1920,16012800
2013-12-19,PHR,8340,8260,8260,8310,4256.5009765625,7680,63820800
2013-12-20,PHR,8310,8260,8260,8280,4242.7255859375,5690,47113200
2013-12-23,PHR,8280,8280,8280,8280,4242.7255859375,0,0
2013-12-24,PHR,8340,8280,8340,8340,4270.275390625,19400,161796000
2013-12-25,PHR,8460,8280,8280,8460,4339.1513671875,8620,72925200
2013-12-26,PHR,8310,8230,8230,8260,4228.95068359375,7200,59472000
2013-12-27,PHR,8340,8260,8260,8280,4242.7255859375,34170,282927600
2013-12-30,PHR,8230,8200,8230,8230,4215.17578125,17700,145671000
2013-12-31,PHR,8119,8070,8070,8119,4160.07470703125,2100,17049900
2014-01-02,PHR,8200,8119,8119,8200,4201.39990234375,3800,31160000
2014-01-03,PHR,8340,8200,8200,8340,4270.275390625,4850,40449000
2014-01-06,PHR,8340,8200,8200,8340,4270.275390625,3530,29440200
2014-01-07,PHR,8460,8170,8170,8390,4297.82666015625,6110,51262900
2014-01-08,PHR,8390,8230,8230,8390,4297.82666015625,1010,8473900
2014-01-09,PHR,8340,8230,8230,8340,4270.275390625,1190,9924600
2014-01-10,PHR,8610,8340,8340,8590,4394.25146484375,23280,199975200
2014-01-13,PHR,8560,8280,8560,8340,4270.275390625,42290,352698600
2014-01-14,PHR,8340,8200,8200,8340,4270.275390625,3210,26771400
2014-01-15,PHR,8390,8310,8340,8340,4270.275390625,12110,100997400
2014-01-16,PHR,8360,8340,8340,8340,4270.275390625,5480,45703200
2014-01-17,PHR,8340,8340,8340,8340,4270.275390625,3850,32109000
2014-01-20,PHR,8340,8200,8310,8280,4242.7255859375,20430,169160400
2014-01-21,PHR,8340,8310,8340,8340,4270.275390625,5950,49623000
2014-01-22,PHR,8460,8360,8410,8440,4325.37744140625,7660,64650400
2014-01-23,PHR,8440,8280,8280,8440,4325.37744140625,13370,112842800
2014-01-24,PHR,8560,8440,8440,8560,4380.47607421875,10900,93304000
2014-01-27,PHR,8560,8460,8560,8460,4339.1513671875,20200,170892000
2014-02-06,PHR,8230,8230,8230,8230,4215.17578125,30,246900
2014-02-07,PHR,8720,8340,8720,8340,4270.275390625,1010,8423400
2014-02-10,PHR,8390,8360,8360,8390,4297.82666015625,2060,17283400
2014-02-11,PHR,8610,8340,8610,8460,4339.1513671875,5400,45684000
2014-02-12,PHR,8460,8280,8340,8390,4297.82666015625,8710,73076900
2014-02-13,PHR,8460,8230,8230,8410,4311.60009765625,9280,78044800
2014-02-14,PHR,8610,8460,8460,8490,4352.92626953125,6040,51279600
2014-02-17,PHR,8590,8340,8520,8460,4339.1513671875,14520,122839200
2014-02-18,PHR,8560,8440,8440,8460,4339.1513671875,4190,35447400
2014-02-19,PHR,8630,8460,8460,8630,4339.1513671875,26530,228953900
2014-02-20,PHR,8610,8460,8610,8490,4352.92626953125,5460,46355400
2014-02-21,PHR,8610,8230,8230,8490,4352.92626953125,10700,90843000
2014-02-24,PHR,8610,7930,7930,8610,4408.025390625,9320,80245200
2014-02-25,PHR,8610,8460,8460,8590,4394.25146484375,5510,47330900
2014-02-26,PHR,8560,8340,8340,8560,4380.47607421875,11810,101093600
2014-02-27,PHR,8490,8460,8460,8490,4352.92626953125,12470,105870300
2014-02-28,PHR,8520,8460,8460,8520,4366.70068359375,8330,70971600
2014-03-03,PHR,8560,8340,8340,8560,4380.47607421875,2390,20458400
2014-03-04,PHR,8410,8340,8340,8410,4311.60009765625,6880,57860800
2014-03-05,PHR,8590,8070,8590,8390,4297.82666015625,17150,143888500
2014-03-06,PHR,8340,8310,8340,8340,4270.275390625,9400,78396000
2014-03-07,PHR,8460,8340,8340,8460,4339.1513671875,6030,51013800
2014-03-10,PHR,8460,8070,8440,8460,4339.1513671875,11760,99489600
2014-03-11,PHR,8410,8340,8340,8410,4311.60009765625,12740,107143400
2014-03-12,PHR,8590,8410,8590,8490,4352.92626953125,1220,10357800
2014-03-13,PHR,8390,8280,8390,8280,4242.7255859375,7010,58042800
2014-03-14,PHR,8460,8280,8280,8460,4339.1513671875,1680,14212800
2014-03-17,PHR,8460,7960,7960,8460,4339.1513671875,4860,41115600
2014-03-18,PHR,8460,8280,8460,8340,4270.275390625,21610,180227400
2014-03-19,PHR,8340,8200,8200,8340,4270.275390625,5140,42867600
2014-03-20,PHR,8340,8260,8340,8260,4228.95068359375,26210,216494600
2014-03-21,PHR,8340,8260,8340,8310,4256.5009765625,11550,95980500
2014-03-24,PHR,8410,8280,8310,8410,4311.60009765625,14180,119253800
2014-03-25,PHR,8460,8340,8390,8410,4311.60009765625,13970,117487700
2014-03-26,PHR,8460,8340,8460,8360,4284.05078125,19960,166865600
2014-03-27,PHR,8460,8200,8460,8310,4256.5009765625,6200,51522000
2014-03-28,PHR,8310,8230,8230,8310,4256.5009765625,8710,72380100
2014-03-31,PHR,8360,8230,8260,8360,4284.05078125,21660,181077600
2014-04-01,PHR,8390,8340,8390,8340,4270.275390625,14900,124266000
2014-04-02,PHR,8200,8090,8200,8200,4201.39990234375,6300,51660000
2014-04-03,PHR,8170,7930,7930,8170,4187.62451171875,12070,98611900
2014-04-04,PHR,8230,8070,8070,8230,4215.17578125,5670,46664100
2014-04-07,PHR,8230,8070,8070,8170,4187.62451171875,6420,52451400
2014-04-08,PHR,8170,8090,8090,8170,4187.62451171875,11230,91749100
2014-04-10,PHR,8170,8070,8170,8070,4132.52490234375,19610,158252700
2014-04-11,PHR,8070,8070,8070,8070,4132.52490234375,3230,26066100
2014-04-14,PHR,8390,7990,8390,8010,4104.974609375,1880,15058800
2014-04-15,PHR,7990,7930,7990,7930,4063.6484375,7490,59395700
2014-04-16,PHR,7930,7930,7930,7930,4063.6484375,2670,21173100
2014-04-17,PHR,7890,7800,7860,7800,3994.774169921875,26590,207402000
2014-04-18,PHR,8340,7540,8340,7540,3857.022705078125,10500,79170000
2014-04-21,PHR,8039,7480,7540,7510,3843.248779296875,10240,76902400
2014-04-22,PHR,8010,7510,7540,7930,3843.248779296875,8750,69387500
2014-04-23,PHR,7930,7540,7540,7660,3925.898193359375,4610,35312600
2014-04-24,PHR,7770,7540,7770,7660,3925.898193359375,7500,57450000
2014-04-25,PHR,7800,7690,7690,7800,3994.774169921875,1510,11778000
2014-04-28,PHR,8170,7770,7770,8010,4104.974609375,2570,20585700
2014-04-29,PHR,8010,8010,8010,8010,4104.974609375,0,0
2014-05-05,PHR,7800,7800,7800,7800,3994.774169921875,100,780000
2014-05-06,PHR,8310,7560,8310,7560,3870.79833984375,4020,30391200
2014-05-07,PHR,7770,7560,7770,7560,3870.79833984375,20,151200
2014-05-08,PHR,7560,7140,7540,7170,3664.172607421875,42850,307234500
2014-05-09,PHR,7640,7510,7510,7610,3898.348388671875,7510,57151100
2014-05-12,PHR,7800,7320,7370,7320,3746.822509765625,6320,46262400
2014-05-13,PHR,7540,7370,7370,7540,3857.022705078125,7950,59943000
2014-05-14,PHR,7930,7170,7420,7400,3788.1474609375,2360,17464000
2014-05-15,PHR,7740,7370,7370,7740,3967.22314453125,3830,29644200
2014-05-16,PHR,7540,7540,7540,7540,3857.022705078125,80,603200
2014-05-19,PHR,7610,7350,7350,7540,3857.022705078125,8550,64467000
2014-05-20,PHR,7640,7400,7400,7640,3912.1240234375,8300,63412000
2014-05-21,PHR,7660,7420,7420,7640,3912.1240234375,3590,27427600
2014-05-22,PHR,7640,7540,7540,7640,3912.1240234375,210,1604400
2014-05-23,PHR,7800,7400,7400,7800,3994.774169921875,8440,65832000
2014-05-26,PHR,8230,7990,7990,8230,4212.6708984375,6310,51931300
2014-05-27,PHR,7940,7680,7680,7940,4067.40576171875,8590,68204600
2014-05-28,PHR,7940,7650,7650,7940,4067.40576171875,4220,33506800
2014-05-29,PHR,8109,7940,7940,7940,4067.40576171875,7700,61138000
2014-05-30,PHR,7940,7650,7650,7650,3922.140625,7700,58905000
2014-06-02,PHR,7940,7430,7430,7680,3994.774169921875,1370,10521600
2014-06-03,PHR,7800,7600,7600,7800,3994.774169921875,1130,8814000
2014-06-04,PHR,7910,7680,7680,7910,4052.880126953125,5650,44691500
2014-06-05,PHR,8020,7540,7540,7890,4038.35302734375,7180,56650200
2014-06-06,PHR,7830,7800,7800,7830,4009.2998046875,1900,14877000
2014-06-09,PHR,7990,7860,7990,7860,4023.826416015625,7210,56670600
2014-06-10,PHR,7940,7680,7680,7890,4038.35302734375,18160,143282400
2014-06-11,PHR,7940,7710,7710,7800,3994.774169921875,5640,43992000
2014-06-12,PHR,7740,7680,7710,7710,3951.19482421875,2920,22513200
2014-06-13,PHR,7710,7680,7680,7710,3951.19482421875,7540,58133400
2014-06-16,PHR,7890,7740,7740,7740,3965.720947265625,12450,96363000
2014-06-17,PHR,7800,7740,7740,7770,3980.24755859375,5030,39083100
2014-06-18,PHR,7890,7710,7710,7770,3980.24755859375,5600,43512000
2014-06-19,PHR,7800,7710,7710,7740,3965.720947265625,220,1702800
2014-06-20,PHR,7940,7680,7710,7680,3936.667724609375,12480,95846400
2014-06-23,PHR,7890,7400,7400,7680,3936.667724609375,8850,67968000
2014-06-24,PHR,7890,7600,7890,7680,3936.667724609375,11620,89241600
2014-06-25,PHR,7890,7520,7520,7680,3936.667724609375,27540,211507200
2014-06-26,PHR,7940,7680,7680,7770,3980.24755859375,7860,61072200
2014-06-27,PHR,7860,7220,7220,7860,4023.826416015625,12540,98564400
2014-06-30,PHR,7710,7520,7520,7710,3951.19482421875,3590,27678900
2014-07-01,PHR,7970,7540,7540,7710,3951.19482421875,25020,192904200
2014-07-02,PHR,7650,7600,7600,7630,3907.615478515625,930,7095900
2014-07-03,PHR,7680,7520,7520,7580,3878.562744140625,13040,98843200
2014-07-04,PHR,7830,7580,7650,7580,3878.562744140625,13540,102633200
2014-07-07,PHR,7650,7580,7580,7600,3893.0888671875,7390,56164000
2014-07-08,PHR,7650,7630,7650,7650,3922.140625,480,3672000
2014-07-09,PHR,7710,7680,7680,7680,3936.667724609375,7010,53836800
2014-07-10,PHR,7710,7680,7680,7680,3936.667724609375,23970,184089600
2014-07-11,PHR,7770,7680,7770,7680,3936.667724609375,2510,19276800
2014-07-14,PHR,7770,7650,7650,7770,3980.24755859375,5000,38850000
2014-07-15,PHR,8260,7800,8260,7890,4038.35302734375,150,1183500
2014-07-16,PHR,7940,7460,7940,7460,3820.45654296875,9640,71914400
2014-07-17,PHR,7830,7520,7630,7830,4009.2998046875,1440,11275200
2014-07-18,PHR,7860,7740,7740,7770,3980.24755859375,11630,90365100
2014-07-21,PHR,7830,7740,7770,7800,3994.774169921875,8350,65130000
2014-07-22,PHR,7940,7600,7600,7770,3980.24755859375,7270,56487900
2014-07-23,PHR,8280,7800,7830,7800,3994.774169921875,18530,144534000
2014-07-24,PHR,8160,7860,8160,7890,4038.35302734375,8770,69195300
2014-07-25,PHR,8260,7890,7890,7940,4067.40576171875,23660,187860400
2014-07-28,PHR,8260,7860,7860,8020,4110.98583984375,29870,239557400
2014-07-29,PHR,8280,8080,8080,8130,4169.09130859375,20360,165526800
2014-07-30,PHR,8160,8109,8109,8109,4154.564453125,15010,121716090
2014-07-31,PHR,8160,7940,8109,7940,4067.40576171875,35370,280837800
2014-08-01,PHR,8200,8200,8200,8200,4198.14501953125,200,1640000
2014-08-04,PHR,8130,7970,7970,8130,4169.09130859375,1700,13821000
2014-08-05,PHR,8570,8020,8020,8230,4212.6708984375,4660,38351800
2014-08-06,PHR,8060,7830,7990,7970,4081.932373046875,510,4064700
2014-08-07,PHR,8160,7680,7680,7890,4038.35302734375,11880,93733200
2014-08-08,PHR,8230,7680,7680,7890,4038.35302734375,22440,177051600
2014-08-11,PHR,8310,7740,7740,7910,4052.880126953125,42640,337282400
2014-08-12,PHR,8340,7830,7830,8080,4140.03857421875,14840,119907200
2014-08-13,PHR,8280,8080,8080,8280,4241.72412109375,21460,177688800
2014-08-14,PHR,8280,7970,8230,8230,4212.6708984375,12960,106660800
2014-08-15,PHR,8640,7970,7970,8640,4430.5673828125,10990,94953600
2014-08-18,PHR,8800,8280,8280,8800,4503.19921875,10590,93192000
2014-08-19,PHR,8510,8370,8370,8510,4357.935546875,250,2127500
2014-08-20,PHR,9020,8260,8260,9020,4619.41064453125,22490,202859800
2014-08-21,PHR,9620,8740,8740,9620,4924.4658203125,67230,646752600
2014-08-22,PHR,9510,8960,9220,9510,4866.36083984375,19760,187917600
2014-08-25,PHR,9480,8840,8870,9450,4837.30810546875,74800,706860000
2014-08-26,PHR,9300,8800,8870,8800,4503.19921875,41840,368192000
2014-08-27,PHR,8640,8230,8640,8470,4343.41015625,9510,80549700
2014-08-28,PHR,8800,8080,8230,8640,4430.5673828125,3470,29980800
2014-08-29,PHR,8640,8540,8640,8640,4430.5673828125,150,1296000
2014-09-03,PHR,8640,8260,8260,8620,4416.041015625,1790,15429800
2014-09-04,PHR,8470,8260,8260,8440,4328.88232421875,510,4304400
2014-09-05,PHR,8740,8280,8280,8740,4474.14697265625,450,3933000
2014-09-08,PHR,8710,8260,8260,8710,4459.6201171875,12400,108004000
2014-09-09,PHR,8420,8280,8370,8420,4314.35546875,4290,36121800
2014-09-10,PHR,8510,8370,8370,8510,4357.935546875,3670,31231700
2014-09-11,PHR,8540,8310,8400,8540,4372.4619140625,13340,113923600
2014-09-12,PHR,8540,8540,8540,8540,4372.4619140625,0,0
2014-09-15,PHR,8310,8310,8310,8310,4256.25048828125,1460,12132600
2014-09-16,PHR,8310,8310,8310,8310,4256.25048828125,0,0
2014-09-17,PHR,8740,8230,8510,8510,4357.935546875,10850,92333500
2014-09-18,PHR,8510,8310,8510,8440,4328.88232421875,2110,17808400
2014-09-19,PHR,8440,8370,8440,8370,4285.30224609375,430,3599100
2014-09-22,PHR,8510,8340,8370,8340,4270.77685546875,5470,45619800
2014-09-23,PHR,8340,8310,8340,8340,4270.77685546875,6350,52959000
2014-09-24,PHR,8340,8310,8310,8310,4256.25048828125,4710,39140100
2014-09-25,PHR,8340,8310,8340,8310,4256.25048828125,4210,34985100
2014-09-26,PHR,8260,8230,8230,8230,4212.6708984375,1900,15637000
2014-09-29,PHR,8230,8230,8230,8230,4212.6708984375,0,0
2014-09-30,PHR,8230,8230,8230,8230,4212.6708984375,1150,9464500
2014-10-01,PHR,8440,8230,8230,8440,4328.88232421875,1600,13504000
2014-10-02,PHR,8440,8230,8440,8440,4328.88232421875,1230,10381200
2014-10-03,PHR,8440,8260,8260,8440,4328.88232421875,1320,11140800
2014-10-06,PHR,8440,8260,8310,8440,4328.88232421875,2810,23716400
2014-10-07,PHR,8510,8420,8420,8510,4357.935546875,110,936100
2014-10-08,PHR,8510,8510,8510,8510,4357.935546875,1000,8510000
2014-10-09,PHR,8440,8370,8370,8440,4328.88232421875,180,1519200
2014-10-10,PHR,8470,8440,8470,8440,4328.88232421875,20,168800
2014-10-13,PHR,8370,8060,8060,8370,4285.30224609375,50,418500
2014-10-14,PHR,8340,8130,8130,8340,4270.77685546875,90,750600
2014-10-15,PHR,8230,8080,8080,8230,4212.6708984375,8120,66827600
2014-10-16,PHR,8080,8080,8080,8080,4140.03857421875,1000,8080000
2014-10-17,PHR,8370,8370,8370,8370,4285.30224609375,10,83700
2014-10-20,PHR,8370,8370,8370,8370,4285.30224609375,0,0
2014-10-21,PHR,8230,7970,7970,8230,4212.6708984375,630,5184900
2014-10-22,PHR,8230,8230,8230,8230,4212.6708984375,0,0
2014-10-23,PHR,8440,8230,8440,8440,4328.88232421875,510,4304400
2014-10-24,PHR,8230,8080,8230,8080,4140.03857421875,3230,26098400
2014-10-27,PHR,8230,7740,7860,7740,3965.720947265625,16090,124536600
2014-10-28,PHR,8080,7650,7650,8080,4140.03857421875,12050,97364000
2014-10-29,PHR,8160,7970,8160,8130,4169.09130859375,860,6991800
2014-10-30,PHR,8200,7680,8200,8060,4125.51220703125,920,7415200
2014-10-31,PHR,8020,7710,7710,8020,4110.98583984375,1410,11308200
2014-11-03,PHR,8160,7540,7940,8109,4154.564453125,16420,133149780
2014-11-04,PHR,8109,8109,8109,8109,4154.564453125,0,0
2014-11-05,PHR,8109,8109,8109,8109,4154.564453125,10,81090
2014-11-06,PHR,7940,7680,7680,7940,4067.40576171875,1620,12862800
2014-11-07,PHR,7890,7770,7890,7770,3980.24755859375,130,1010100
2014-11-10,PHR,8020,8020,8020,8020,4110.98583984375,20,160400
2014-11-11,PHR,7890,7890,7890,7890,4038.35302734375,10,78900
2014-11-12,PHR,7830,7770,7830,7800,3994.774169921875,5300,41340000
2014-11-13,PHR,7800,7740,7800,7740,3965.720947265625,5350,41409000
2014-11-14,PHR,7740,7710,7740,7740,3965.720947265625,1680,13003200
2014-11-17,PHR,7740,7740,7740,7740,3965.720947265625,1200,9288000
2014-11-18,PHR,7650,7650,7650,7650,3922.140625,1010,7726500
2014-11-19,PHR,7650,7650,7650,7650,3922.140625,2800,21420000
2014-11-20,PHR,7740,7650,7740,7650,3922.140625,400,3060000
2014-11-21,PHR,7650,7650,7650,7650,3922.140625,0,0
2014-11-24,PHR,7650,7650,7650,7650,3922.140625,0,0
2014-11-25,PHR,7650,7650,7650,7650,3922.140625,600,4590000
2014-11-26,PHR,7990,7260,7520,7990,4096.458984375,2210,17657900
2014-11-27,PHR,7970,7970,7970,7970,4081.932373046875,100,797000
2014-11-28,PHR,7830,7650,7650,7800,3994.774169921875,2040,15912000
2014-12-01,PHR,7540,7520,7520,7520,3849.50927734375,1200,9024000
2014-12-02,PHR,7800,7650,7650,7650,3922.140625,100,765000
2014-12-03,PHR,7830,7650,7650,7830,4009.2998046875,2000,15660000
2014-12-04,PHR,7800,7600,7650,7800,3994.774169921875,2690,20982000
2014-12-05,PHR,7650,7650,7650,7650,3922.140625,3300,25245000
2014-12-08,PHR,7650,7650,7650,7650,3922.140625,3110,23791500
2014-12-09,PHR,7650,7170,7650,7650,3922.140625,1710,13081500
2014-12-10,PHR,7630,7320,7320,7630,3907.615478515625,1160,8850800
2014-12-11,PHR,7630,7630,7630,7630,3907.615478515625,10,76300
2014-12-12,PHR,7630,7630,7630,7630,3907.615478515625,0,0
2014-12-15,PHR,7630,7630,7630,7630,3907.615478515625,0,0
2014-12-16,PHR,7520,7430,7520,7520,3849.50927734375,1320,9926400
2014-12-17,PHR,7400,7350,7400,7350,3762.350341796875,4350,31972500
2014-12-18,PHR,7350,7350,7350,7350,3762.350341796875,100,735000
2014-12-19,PHR,6950,6830,6830,6830,3500.874755859375,1260,8605800
2014-12-22,PHR,6830,6830,6830,6830,3500.874755859375,0,0
2014-12-23,PHR,7290,6830,7290,7290,3733.298095703125,8930,65099700
2014-12-24,PHR,7350,7290,7290,7350,3762.350341796875,1600,11760000
2014-12-25,PHR,7350,6860,7350,7090,3631.6123046875,7020,49771800
2014-12-26,PHR,7220,7090,7090,7220,3704.244873046875,4690,33861800
2014-12-29,PHR,7650,6830,7220,7650,3922.140625,6100,46665000
2014-12-30,PHR,7160,7160,7160,7160,3660.665283203125,10,71600
2014-12-31,PHR,7600,7000,7320,7600,3893.0888671875,6820,51832000
2015-01-05,PHR,7630,7630,7630,7630,3907.615478515625,10,76300
2015-01-06,PHR,7350,7220,7350,7220,3704.244873046875,1620,11696400
2015-01-07,PHR,7600,7220,7220,7350,3762.350341796875,4560,33516000
2015-01-08,PHR,7220,6890,6890,7090,3631.6123046875,2080,14747200
2015-01-09,PHR,7090,7090,7090,7090,3631.6123046875,2260,16023400
2015-01-12,PHR,7220,7030,7030,7220,3704.244873046875,5630,40648600
2015-01-13,PHR,7220,7220,7220,7220,3704.244873046875,0,0
2015-01-14,PHR,7190,6830,6830,7090,3631.6123046875,610,4324900
2015-01-15,PHR,7220,7090,7220,7090,3631.6123046875,9000,63810000
2015-01-16,PHR,7090,7090,7090,7090,3631.6123046875,0,0
2015-01-19,PHR,7370,7370,7370,7370,3776.877197265625,6000,44220000
2015-01-20,PHR,7370,6920,7370,6920,3544.45361328125,1510,10449200
2015-01-21,PHR,7220,6980,7090,6980,3573.506591796875,1060,7398800
2015-01-22,PHR,7090,6980,7090,6980,3573.506591796875,2990,20870200
2015-01-23,PHR,7220,7090,7090,7220,3704.244873046875,2050,14801000
2015-01-26,PHR,7220,7220,7220,7220,3704.244873046875,4000,28880000
2015-01-27,PHR,7350,7170,7220,7350,3762.350341796875,3930,28885500
2015-01-28,PHR,7520,7170,7170,7520,3849.50927734375,3010,22635200
2015-01-29,PHR,7090,7090,7090,7090,3631.6123046875,5500,38995000
2015-01-30,PHR,7090,7090,7090,7090,3631.6123046875,7300,51757000
2015-02-02,PHR,7160,7090,7090,7160,3660.665283203125,4030,28854800
2015-02-03,PHR,7130,6700,7130,6700,3428.2421875,18560,124352000
2015-02-04,PHR,6720,6520,6720,6520,3341.083740234375,33040,215420800
2015-02-05,PHR,6520,6220,6520,6520,3341.083740234375,27380,178517600
2015-02-06,PHR,6520,6120,6520,6120,3137.71337890625,41470,253796400
2015-02-09,PHR,6520,6120,6120,6150,3152.239501953125,26850,165127500
2015-02-10,PHR,6150,5810,6120,5840,2992.44921875,30050,175492000
2015-02-11,PHR,5910,5840,5840,5840,2992.44921875,20020,116916800
2015-02-12,PHR,5910,5840,5840,5840,2992.44921875,32910,192194400
2015-02-13,PHR,5980,5980,5980,5980,3065.080322265625,10,59800
2015-02-24,PHR,6150,5980,5980,6150,3065.080322265625,1070,6580500
2015-02-25,PHR,6150,6120,6120,6120,3137.71337890625,2950,18054000
2015-02-26,PHR,6410,6090,6120,6410,3282.977783203125,9110,58395100
2015-02-27,PHR,6240,6120,6240,6120,3137.71337890625,7640,46756800
2015-03-02,PHR,6380,6120,6120,6270,3210.345458984375,13130,82325100
2015-03-03,PHR,6350,6240,6240,6350,3253.925048828125,1680,10668000
2015-03-04,PHR,6380,6270,6270,6380,3268.451904296875,7140,45553200
2015-03-05,PHR,6440,6380,6380,6380,3268.451904296875,34300,218834000
2015-03-06,PHR,6410,6330,6330,6380,3268.451904296875,47230,301327400
2015-03-09,PHR,6460,6380,6460,6410,3282.977783203125,23470,150442700
2015-03-10,PHR,6460,6350,6350,6440,3297.50439453125,79920,514684800
2015-03-11,PHR,6440,6270,6350,6440,3297.50439453125,25660,165250400
2015-03-12,PHR,6440,6380,6410,6440,3297.50439453125,19100,123004000
2015-03-13,PHR,6770,6380,6770,6380,3268.451904296875,12040,76815200
2015-03-16,PHR,6410,6350,6410,6350,3253.925048828125,20520,130302000
2015-03-17,PHR,6410,6350,6410,6350,3253.925048828125,11510,73088500
2015-03-18,PHR,6410,6240,6410,6290,3224.872314453125,7910,49753900
2015-03-19,PHR,6290,6270,6290,6270,3210.345458984375,20410,127970700
2015-03-20,PHR,6270,6270,6270,6270,3210.345458984375,0,0
2015-03-23,PHR,6520,6270,6520,6270,3210.345458984375,5150,32290500
2015-03-24,PHR,5950,5950,5950,5950,3050.554931640625,60,357000
2015-03-25,PHR,6090,6040,6040,6090,3123.18701171875,37960,231176400
2015-03-26,PHR,6490,6120,6120,6490,3326.557373046875,2900,18821000
2015-03-27,PHR,6490,6240,6490,6380,3268.451904296875,4200,26796000
2015-03-30,PHR,6380,6070,6380,6070,3108.6611328125,26650,161765500
2015-03-31,PHR,6240,5930,5930,5950,3050.554931640625,3810,22669500
2015-04-01,PHR,6040,5930,6010,6040,3094.134521484375,12710,76768400
2015-04-02,PHR,6040,5950,5950,6040,3094.134521484375,10010,60460400
2015-04-03,PHR,6010,5910,5910,5950,3050.554931640625,7020,41769000
2015-04-06,PHR,6350,5930,6350,5930,3036.0283203125,7570,44890100
2015-04-07,PHR,5930,5930,5930,5930,3036.0283203125,4410,26151300
2015-04-08,PHR,6070,5950,5950,5950,3050.554931640625,11210,66699500
2015-04-09,PHR,6070,5950,5950,6010,3079.608154296875,16900,101569000
2015-04-10,PHR,6010,5980,6010,6010,3079.608154296875,10740,64547400
2015-04-13,PHR,6070,6010,6070,6010,3079.608154296875,22600,135826000
2015-04-14,PHR,6010,5950,6010,6010,3079.608154296875,2540,15265400
2015-04-15,PHR,6090,5910,6010,6090,3123.18701171875,10800,65772000
2015-04-16,PHR,6220,6010,6070,6010,3079.608154296875,11120,66831200
2015-04-17,PHR,6010,5950,6010,5950,3050.554931640625,55640,331058000
2015-04-20,PHR,5980,5980,5980,5980,3065.080322265625,500,2990000
2015-04-21,PHR,6090,5840,5950,6040,3094.134521484375,4480,27059200
2015-04-22,PHR,6190,6040,6040,6190,3166.765625,2440,15103600
2015-04-23,PHR,6190,6010,6090,6150,3152.239501953125,22950,141142500
2015-04-24,PHR,6190,5980,5980,6010,3079.608154296875,4910,29509100
2015-04-27,PHR,6350,6190,6350,6270,3210.345458984375,10410,65270700
2015-05-04,PHR,6240,6090,6240,6090,3123.18701171875,9990,60839100
2015-05-05,PHR,6350,6090,6120,6350,3253.925048828125,7730,49085500
2015-05-06,PHR,6540,6320,6540,6380,3269.8759765625,5230,33367400
2015-05-07,PHR,6470,6170,6380,6170,3158.22119140625,1130,6972100
2015-05-08,PHR,6470,6240,6320,6470,3317.72705078125,10220,66123400
2015-05-11,PHR,6380,6240,6350,6240,3190.122314453125,10150,63336000
2015-05-12,PHR,6240,6240,6240,6240,3190.122314453125,210,1310400
2015-05-13,PHR,6170,6100,6170,6100,3126.320068359375,850,5185000
2015-05-14,PHR,6240,5980,6100,6240,3190.122314453125,3000,18720000
2015-05-15,PHR,6040,6040,6040,6040,3094.419189453125,3510,21200400
2015-05-18,PHR,6040,5940,5980,5940,3046.56689453125,2550,15147000
2015-05-19,PHR,5980,5940,5940,5980,3062.517578125,120,717600
2015-05-20,PHR,6040,5980,5980,6000,3078.468017578125,270,1620000
2015-05-21,PHR,6070,6000,6070,6000,3078.468017578125,110,660000
2015-05-22,PHR,6000,6000,6000,6000,3078.468017578125,3510,21060000
2015-05-25,PHR,6100,5940,5940,5940,3046.56689453125,6480,38491200
2015-05-26,PHR,6130,6000,6000,6100,3126.320068359375,3110,18971000
2015-05-27,PHR,6500,6170,6170,6500,3333.677978515625,9310,60515000
2015-05-28,PHR,6470,6290,6470,6290,3222.023681640625,2410,15158900
2015-05-29,PHR,6420,6420,6420,6420,3285.826416015625,3000,19260000
2015-06-01,PHR,6420,6420,6420,6420,3285.826416015625,10,64200
2015-06-02,PHR,6420,6240,6420,6240,3190.122314453125,2010,12542400
2015-06-03,PHR,6240,6240,6240,6240,3190.122314453125,0,0
2015-06-04,PHR,6350,6290,6290,6320,3237.974609375,2950,18644000
2015-06-05,PHR,6380,6380,6380,6380,3269.8759765625,8400,53592000
2015-06-08,PHR,6420,6380,6380,6380,3269.8759765625,21100,134618000
2015-06-09,PHR,6380,6240,6380,6260,3206.0732421875,2720,17027200
2015-06-10,PHR,6420,6240,6240,6420,3285.826416015625,12850,82497000
2015-06-11,PHR,6700,6320,6420,6320,3237.974609375,60040,379452800
2015-06-12,PHR,6420,6290,6420,6290,3222.023681640625,24060,151337400
2015-06-15,PHR,6290,6290,6290,6290,3222.023681640625,0,0
2015-06-16,PHR,6290,6240,6290,6240,3190.122314453125,1760,10982400
2015-06-17,PHR,6240,6240,6240,6240,3190.122314453125,700,4368000
2015-06-18,PHR,6380,6240,6380,6240,3190.122314453125,1560,9734400
2015-06-19,PHR,6290,6200,6290,6200,3174.172607421875,120,744000
2015-06-22,PHR,6240,6240,6240,6240,3190.122314453125,200,1248000
2015-06-23,PHR,6240,6200,6240,6240,3190.122314453125,13650,85176000
2015-06-24,PHR,6240,5920,5920,6240,3190.122314453125,14000,87360000
2015-06-25,PHR,6240,6170,6240,6170,3158.22119140625,35080,216443600
2015-06-26,PHR,6240,6240,6240,6240,3190.122314453125,20730,129355200
2015-06-29,PHR,6240,6200,6240,6200,3174.172607421875,10800,66960000
2015-06-30,PHR,6240,6200,6200,6240,3190.122314453125,11970,74692800
2015-07-01,PHR,6170,6170,6170,6170,3158.22119140625,170,1048900
2015-07-02,PHR,6240,6240,6240,6240,3190.122314453125,200,1248000
2015-07-03,PHR,6260,6240,6240,6240,3190.122314453125,1860,11606400
2015-07-06,PHR,6380,6240,6380,6240,3190.122314453125,930,5803200
2015-07-07,PHR,6240,6200,6240,6240,3190.122314453125,1970,12292800
2015-07-08,PHR,6240,6200,6240,6200,3174.172607421875,900,5580000
2015-07-09,PHR,6170,6130,6130,6130,3142.271240234375,1240,7601200
2015-07-10,PHR,6240,6130,6240,6200,3174.172607421875,10110,62682000
2015-07-13,PHR,6610,6240,6240,6570,3365.5791015625,24650,161950500
2015-07-14,PHR,6350,6260,6350,6350,3253.925048828125,6180,39243000
2015-07-15,PHR,6670,6350,6670,6610,3381.5302734375,8830,58366300
2015-07-16,PHR,6670,6240,6610,6260,3206.0732421875,46330,290025800
2015-07-17,PHR,6540,6240,6260,6240,3190.122314453125,61560,384134400
2015-07-20,PHR,6380,6170,6240,6170,3158.22119140625,44700,275799000
2015-07-21,PHR,6240,6170,6200,6170,3158.22119140625,17930,110628100
2015-07-22,PHR,6380,6170,6380,6240,3190.122314453125,18700,116688000
2015-07-23,PHR,6200,6200,6200,6200,3174.172607421875,3300,20460000
2015-07-24,PHR,6470,6200,6470,6200,3174.172607421875,16700,103540000
2015-07-27,PHR,6470,6130,6130,6290,3222.023681640625,3500,22015000
2015-07-28,PHR,6200,6070,6200,6100,3126.320068359375,14250,86925000
2015-07-29,PHR,6170,6000,6070,6170,3158.22119140625,16510,101866700
2015-07-30,PHR,6170,6040,6170,6040,3094.419189453125,1520,9180800
2015-07-31,PHR,6070,6040,6070,6040,3094.419189453125,2800,16912000
2015-08-03,PHR,6200,6040,6040,6070,3110.369384765625,1260,7648200
2015-08-04,PHR,6170,6000,6070,6170,3158.22119140625,3810,23507700
2015-08-05,PHR,6170,6000,6040,6000,3078.468017578125,7400,44400000
2015-08-06,PHR,6040,5980,6000,5980,3062.517578125,6000,35880000
2015-08-07,PHR,6070,6070,6070,6070,3110.369384765625,20,121400
2015-08-10,PHR,6070,6000,6070,6000,3078.468017578125,18860,113160000
2015-08-11,PHR,6040,6040,6040,6040,3094.419189453125,200,1208000
2015-08-12,PHR,6040,6040,6040,6040,3094.419189453125,10,60400
2015-08-13,PHR,5980,5920,5980,5920,3030.615966796875,4040,23916800
2015-08-14,PHR,5920,5920,5920,5920,3030.615966796875,1800,10656000
2015-08-17,PHR,5920,5920,5920,5920,3030.615966796875,1470,8702400
2015-08-18,PHR,6070,5890,5890,6070,3110.369384765625,1800,10926000
2015-08-19,PHR,5920,5920,5920,5920,3030.615966796875,4160,24627200
2015-08-20,PHR,5920,5860,5920,5860,2998.71484375,2360,13829600
2015-08-21,PHR,5860,5670,5860,5700,2918.96240234375,4570,26049000
2015-08-24,PHR,5700,5530,5700,5530,2839.209228515625,910,5032300
2015-08-25,PHR,5530,5530,5530,5530,2839.209228515625,7980,44129400
2015-08-26,PHR,5600,5530,5530,5530,2839.209228515625,5000,27650000
2015-08-27,PHR,5630,5380,5600,5420,2775.40673828125,38260,207369200
2015-08-28,PHR,5790,5450,5450,5450,2791.357421875,4270,23271500
2015-08-31,PHR,5450,5450,5450,5450,2791.357421875,470,2561500
2015-09-01,PHR,5490,5450,5450,5490,2807.307861328125,1500,8235000
2015-09-03,PHR,5490,5450,5490,5490,2807.307861328125,3730,20477700
2015-09-04,PHR,5790,5520,5600,5520,2823.25830078125,420,2318400
2015-09-07,PHR,5730,5380,5380,5420,2775.40673828125,2600,14092000
2015-09-08,PHR,5420,5420,5420,5420,2775.40673828125,0,0
2015-09-09,PHR,5700,5420,5420,5700,2918.96240234375,1910,10887000
2015-09-10,PHR,5700,5600,5700,5600,2871.11083984375,1030,5768000
2015-09-11,PHR,5920,5600,5730,5600,2871.11083984375,2110,11816000
2015-09-14,PHR,5520,5450,5450,5450,2791.357421875,1500,8175000
2015-09-15,PHR,5490,5490,5490,5490,2807.307861328125,1000,5490000
2015-09-16,PHR,5360,5360,5360,5360,2743.506103515625,1090,5842400
2015-09-17,PHR,5450,5450,5450,5450,2791.357421875,10,54500
2015-09-18,PHR,5450,5450,5450,5450,2791.357421875,0,0
2015-09-21,PHR,5490,5450,5450,5490,2807.307861328125,130,713700
2015-09-22,PHR,5600,5530,5600,5530,2839.209228515625,930,5142900
2015-09-23,PHR,5530,5530,5530,5530,2839.209228515625,30,165900
2015-09-24,PHR,5530,5530,5530,5530,2839.209228515625,570,3152100
2015-09-25,PHR,5600,5530,5530,5600,2871.11083984375,3760,21056000
2015-09-28,PHR,5600,5600,5600,5600,2871.11083984375,2050,11480000
2015-09-29,PHR,5670,5490,5520,5600,2871.11083984375,3530,19768000
2015-09-30,PHR,5670,5530,5530,5670,2903.01171875,3890,22056300
2015-10-01,PHR,5670,5670,5670,5670,2903.01171875,0,0
2015-10-02,PHR,5760,5760,5760,5760,2903.01171875,6150,35424000
2015-10-05,PHR,5890,5600,5820,5890,3014.666015625,5320,31334800
2015-10-06,PHR,6040,5730,6000,5730,2934.912841796875,3750,21487500
2015-10-07,PHR,5760,5760,5760,5760,2950.863525390625,160,921600
2015-10-08,PHR,5700,5600,5600,5700,2918.96240234375,220,1254000
2015-10-09,PHR,5700,5700,5700,5700,2918.96240234375,0,0
2015-10-12,PHR,6000,5860,5860,6000,3078.468017578125,4640,27840000
2015-10-13,PHR,5760,5600,5730,5700,2918.96240234375,541200,3084840000
2015-10-14,PHR,5630,5630,5630,5630,2887.060791015625,146030,822148900
2015-10-15,PHR,6000,5530,6000,5530,2839.209228515625,229160,1267254800
2015-10-16,PHR,5700,5520,5520,5530,2839.209228515625,165670,916155100
2015-10-19,PHR,5670,5560,5560,5670,2903.01171875,10000,56700000
2015-10-20,PHR,5860,5560,5600,5560,2855.159912109375,34300,190708000
2015-10-21,PHR,5560,5560,5560,5560,2855.159912109375,50,278000
2015-10-22,PHR,5600,5560,5600,5560,2855.159912109375,30150,167634000
2015-10-23,PHR,5600,5600,5600,5600,2871.11083984375,71900,402640000
2015-10-26,PHR,5600,5530,5600,5560,2855.159912109375,50300,279668000
2015-10-27,PHR,5600,5530,5560,5600,2871.11083984375,129860,727216000
2015-10-28,PHR,5820,5560,5820,5560,2855.159912109375,2050,11398000
2015-10-29,PHR,5730,5600,5600,5700,2918.96240234375,91570,521949000
2015-10-30,PHR,5730,5700,5700,5700,2918.96240234375,82400,469680000
2015-11-02,PHR,5730,5700,5730,5700,2918.96240234375,22150,126255000
2015-11-03,PHR,5700,5670,5670,5700,2918.96240234375,21000,119700000
2015-11-04,PHR,5700,5600,5700,5700,2918.96240234375,82100,467970000
2015-11-05,PHR,5980,5700,5980,5700,2918.96240234375,55010,313557000
2015-11-06,PHR,5630,5630,5630,5630,2887.060791015625,500,2815000
2015-11-09,PHR,5630,5630,5630,5630,2887.060791015625,6040,34005200
2015-11-10,PHR,5820,5670,5820,5670,2903.01171875,600,3402000
2015-11-11,PHR,5730,5670,5730,5670,2903.01171875,1100,6237000
2015-11-12,PHR,5700,5670,5670,5700,2918.96240234375,78000,444600000
2015-11-13,PHR,5730,5730,5730,5730,2934.912841796875,4860,27847800
2015-11-16,PHR,5730,5730,5730,5730,2934.912841796875,0,0
2015-11-17,PHR,5730,5730,5730,5730,2934.912841796875,0,0
2015-11-18,PHR,5700,5560,5560,5630,2887.060791015625,9610,54104300
2015-11-19,PHR,5600,5600,5600,5600,2871.11083984375,10050,56280000
2015-11-20,PHR,5600,5600,5600,5600,2871.11083984375,2000,11200000
2015-11-23,PHR,5630,5530,5530,5600,2871.11083984375,9950,55720000
2015-11-24,PHR,5600,5600,5600,5600,2871.11083984375,14000,78400000
2015-11-25,PHR,5630,5600,5600,5630,2887.060791015625,3450,19423500
2015-11-26,PHR,5630,5630,5630,5630,2887.060791015625,50,281500
2015-11-27,PHR,5630,5630,5630,5630,2887.060791015625,5000,28150000
2015-11-30,PHR,5790,5670,5790,5670,2903.01171875,5210,29540700
2015-12-01,PHR,5670,5670,5670,5670,2903.01171875,1000,5670000
2015-12-02,PHR,5670,5670,5670,5670,2903.01171875,0,0
2015-12-03,PHR,5920,5820,5820,5920,3030.615966796875,7060,41795200
2015-12-04,PHR,5760,5600,5760,5630,2887.060791015625,3610,20324300
2015-12-07,PHR,5890,5730,5790,5730,2934.912841796875,26740,153220200
2015-12-08,PHR,5890,5760,5790,5760,2950.863525390625,14240,82022400
2015-12-09,PHR,5760,5700,5760,5700,2918.96240234375,3840,21888000
2015-12-10,PHR,5700,5600,5700,5600,2871.11083984375,19650,110040000
2015-12-11,PHR,5820,5760,5820,5760,2950.863525390625,300,1728000
2015-12-14,PHR,5630,5630,5630,5630,2887.060791015625,990,5573700
2015-12-15,PHR,5670,5630,5630,5630,2887.060791015625,5490,30908700
2015-12-16,PHR,5760,5630,5760,5630,2887.060791015625,33540,188830200
2015-12-17,PHR,5630,5630,5630,5630,2887.060791015625,0,0
2015-12-18,PHR,5920,5600,5600,5630,2887.060791015625,18350,103310500
2015-12-21,PHR,5770,5740,5770,5740,2939.236572265625,200,1148000
2015-12-22,PHR,5740,5510,5740,5510,2817.49365234375,24970,137584700
2015-12-23,PHR,5800,5510,5510,5800,2974.0205078125,4610,26738000
2015-12-24,PHR,5800,5600,5800,5600,2869.668701171875,53280,298368000
2015-12-25,PHR,5770,5600,5770,5600,2869.668701171875,200,1120000
2015-12-28,PHR,5710,5560,5560,5710,2921.844970703125,7040,40198400
2015-12-29,PHR,5840,5530,5840,5530,2834.885498046875,2010,11115300
2015-12-30,PHR,5670,5470,5530,5670,2904.453369140625,1800,10206000
2015-12-31,PHR,5710,5530,5710,5530,2834.885498046875,230,1271900
2016-01-04,PHR,5530,5530,5530,5530,2834.885498046875,510,2820300
2016-01-05,PHR,5560,5560,5560,5560,2852.277099609375,1000,5560000
2016-01-06,PHR,5530,5530,5530,5530,2834.885498046875,500,2765000
2016-01-07,PHR,5530,5530,5530,5530,2834.885498046875,1000,5530000
2016-01-08,PHR,5560,5530,5560,5530,2834.885498046875,490,2709700
2016-01-11,PHR,5560,5510,5560,5510,2817.49365234375,710,3912100
2016-01-12,PHR,5510,5470,5510,5470,2800.100830078125,6200,33914000
2016-01-13,PHR,5530,5470,5530,5470,2800.100830078125,2720,14878400
2016-01-14,PHR,5510,5440,5470,5440,2782.708740234375,3360,18278400
2016-01-15,PHR,5470,5360,5470,5360,2747.92578125,15570,83455200
2016-01-18,PHR,5330,5190,5330,5300,2713.142333984375,2250,11925000
2016-01-19,PHR,5600,5260,5440,5260,2695.749755859375,5180,27246800
2016-01-20,PHR,5260,5090,5090,5230,2678.35791015625,6240,32635200
2016-01-21,PHR,5440,5440,5440,5440,2782.708740234375,10,54400
2016-01-22,PHR,5440,5090,5090,5120,2626.181884765625,4730,24217600
2016-01-25,PHR,5440,5160,5440,5160,2643.573974609375,7010,36171600
2016-01-26,PHR,5160,5090,5120,5120,2626.181884765625,5750,29440000
2016-01-27,PHR,5400,5160,5400,5160,2643.573974609375,210,1083600
2016-01-28,PHR,5400,5120,5120,5160,2643.573974609375,14940,77090400
2016-01-29,PHR,5400,5160,5160,5400,2765.3173828125,500,2700000
2016-02-01,PHR,5400,5190,5400,5360,2747.92578125,1960,10505600
2016-02-02,PHR,5360,5330,5360,5360,2747.92578125,1090,5842400
2016-02-03,PHR,5330,5230,5330,5230,2678.35791015625,4850,25365500
2016-02-04,PHR,5260,5190,5260,5190,2660.9658203125,4660,24185400
2016-02-05,PHR,5260,5230,5260,5260,2695.749755859375,4340,22828400
2016-02-15,PHR,5360,5190,5360,5190,2660.9658203125,20,103800
2016-02-16,PHR,5440,5190,5440,5190,2660.9658203125,40,207600
2016-02-17,PHR,5400,5160,5160,5190,2660.9658203125,5210,27039900
2016-02-18,PHR,5300,5160,5160,5300,2713.142333984375,560,2968000
2016-02-19,PHR,5330,5330,5330,5330,2730.534423828125,5000,26650000
2016-02-22,PHR,5190,5190,5190,5190,2660.9658203125,200,1038000
2016-02-23,PHR,5400,5190,5190,5400,2765.3173828125,820,4428000
2016-02-24,PHR,5300,5190,5190,5190,2660.9658203125,4960,25742400
2016-02-25,PHR,5190,5190,5190,5190,2660.9658203125,0,0
2016-02-26,PHR,5400,5400,5400,5400,2765.3173828125,6420,34668000
2016-02-29,PHR,5440,5400,5400,5440,2782.708740234375,3550,19312000
2016-03-01,PHR,5470,5440,5440,5440,2782.708740234375,25950,141168000
2016-03-02,PHR,5630,5470,5470,5630,2887.060791015625,2780,15651400
2016-03-03,PHR,5710,5530,5530,5710,2921.844970703125,2490,14217900
2016-03-04,PHR,6080,5710,5710,6080,3113.15625,343340,2087507200
2016-03-07,PHR,6480,6450,6480,6480,3321.859375,255210,1653760800
2016-03-08,PHR,6930,6760,6930,6930,3547.954345703125,152180,1054607400
2016-03-09,PHR,6930,6510,6930,6510,3339.2509765625,218640,1423346400
2016-03-10,PHR,6960,6660,6660,6790,3478.38623046875,490580,3331038200
2016-03-11,PHR,6790,6660,6760,6790,3478.38623046875,164050,1113899500
2016-03-14,PHR,6760,6510,6690,6660,3408.81884765625,84680,563968800
2016-03-15,PHR,6550,6320,6480,6320,3234.899658203125,113890,719784800
2016-03-16,PHR,6380,6040,6180,6250,3200.1162109375,82970,518562500
2016-03-17,PHR,6660,6380,6590,6450,3304.467041015625,218650,1410292500
2016-03-18,PHR,6550,6450,6450,6450,3304.467041015625,133170,858946500
2016-03-21,PHR,6380,6280,6350,6320,3234.899658203125,68020,429886400
2016-03-22,PHR,6510,6220,6220,6480,3321.859375,103770,672429600
2016-03-23,PHR,6660,6320,6450,6320,3234.899658203125,41590,262848800
2016-03-24,PHR,6380,6220,6350,6250,3200.1162109375,58230,363937500
2016-03-25,PHR,6280,6040,6110,6250,3200.1162109375,79340,495875000
2016-03-28,PHR,6320,6150,6320,6280,3217.5078125,32160,201964800
2016-03-29,PHR,6450,6110,6110,6250,3200.1162109375,20750,129687500
2016-03-30,PHR,6350,6110,6110,6220,3182.72412109375,54730,340420600
2016-03-31,PHR,6150,5800,6080,5800,2974.0205078125,257770,1495066000
2016-04-01,PHR,5880,5630,5800,5630,2887.060791015625,93970,529051100
2016-04-04,PHR,5740,5470,5630,5600,2869.668701171875,32560,182336000
2016-04-05,PHR,5710,5560,5600,5710,2921.844970703125,116740,666585400
2016-04-06,PHR,5910,5630,5840,5770,2956.628662109375,203590,1174714300
2016-04-07,PHR,5880,5630,5880,5770,2956.628662109375,32410,187005700
2016-04-08,PHR,5740,5630,5710,5740,2939.236572265625,56100,322014000
2016-04-11,PHR,6110,5710,5840,6110,3130.54833984375,327960,2003835600
2016-04-12,PHR,6510,6040,6040,6450,3304.467041015625,750890,4843240500
2016-04-13,PHR,6760,6480,6590,6550,3356.642822265625,458080,3000424000
2016-04-14,PHR,6480,6320,6450,6320,3234.899658203125,203810,1288079200
2016-04-15,PHR,6420,6250,6320,6320,3234.899658203125,58230,368013600
2016-04-19,PHR,6280,6110,6280,6150,3147.93994140625,126560,778344000
2016-04-20,PHR,6280,6110,6280,6150,3147.93994140625,110250,678037500
2016-04-21,PHR,6510,6280,6280,6380,3269.683349609375,352320,2247801600
2016-04-22,PHR,6450,6280,6320,6380,3269.683349609375,98870,630790600
2016-04-25,PHR,6480,6350,6380,6480,3321.859375,161030,1043474400
2016-04-26,PHR,6790,6420,6450,6720,3443.6025390625,975780,6557241600
2016-04-27,PHR,6930,6690,6820,6720,3443.6025390625,830790,5582908800
2016-04-28,PHR,6860,6590,6660,6660,3408.81884765625,219200,1459872000
2016-04-29,PHR,6720,6480,6480,6660,3408.81884765625,205890,1371227400
2016-05-04,PHR,6590,6350,6590,6350,3252.2919921875,189220,1201547000
2016-05-05,PHR,6630,6250,6320,6590,3374.03515625,168810,1112457900
2016-05-06,PHR,6590,6420,6590,6420,3287.07568359375,101550,651951000
2016-05-09,PHR,6480,6220,6480,6220,3182.72412109375,133690,831551800
2016-05-10,PHR,6280,6110,6180,6180,3165.33251953125,119600,739128000
2016-05-11,PHR,6510,6280,6380,6450,3304.467041015625,207550,1338697500
2016-05-12,PHR,6450,6320,6420,6320,3234.899658203125,49220,311070400
2016-05-13,PHR,6250,5970,6250,5970,3060.980224609375,427810,2554025700
2016-05-16,PHR,6250,5970,5970,6180,3165.33251953125,118340,731341200
2016-05-17,PHR,6350,6180,6220,6280,3217.5078125,216700,1360876000
2016-05-18,PHR,6350,6250,6250,6320,3234.899658203125,266510,1684343200
2016-05-19,PHR,6320,6080,6320,6280,3217.5078125,291070,1827919600
2016-05-20,PHR,6420,6280,6320,6420,3287.07568359375,166060,1066105200
2016-05-23,PHR,6480,6320,6380,6320,3234.899658203125,124870,789178400
2016-05-24,PHR,6420,6250,6250,6380,3269.683349609375,59720,381013600
2016-05-25,PHR,6380,6320,6380,6320,3234.899658203125,111450,704364000
2016-05-26,PHR,6380,6250,6320,6350,3252.2919921875,137640,874014000
2016-05-27,PHR,6380,6280,6350,6350,3252.2919921875,4130,26225500
2016-05-30,PHR,6380,6250,6380,6350,3252.2919921875,116430,739330500
2016-05-31,PHR,6550,6320,6350,6550,3356.642822265625,595530,3900721500
2016-06-01,PHR,6550,6450,6510,6450,3304.467041015625,113160,729882000
2016-06-02,PHR,6550,6320,6480,6380,3269.683349609375,106690,680682200
2016-06-03,PHR,6450,6280,6380,6280,3217.5078125,175020,1099125600
2016-06-06,PHR,6450,6250,6250,6380,3269.683349609375,80620,514355600
2016-06-07,PHR,6480,6350,6380,6450,3304.467041015625,107790,695245500
2016-06-08,PHR,6510,6380,6450,6510,3339.2509765625,241240,1570472400
2016-06-09,PHR,6960,6510,6510,6820,3495.778564453125,771400,5260948000
2016-06-10,PHR,6960,6820,6860,6820,3495.778564453125,686840,4684248800
2016-06-13,PHR,6890,6660,6820,6660,3408.81884765625,270560,1801929600
2016-06-14,PHR,6690,6550,6550,6690,3426.21142578125,285520,1910128800
2016-06-15,PHR,6930,6660,6690,6890,3530.5625,213900,1473771000
2016-06-16,PHR,7370,6860,6890,7370,3774.0498046875,450010,3316573700
2016-06-17,PHR,7370,6990,7370,7220,3704.482666015625,231450,1671069000
2016-06-20,PHR,7580,7190,7260,7300,3739.26611328125,272260,1987498000
2016-06-21,PHR,7370,7220,7340,7220,3704.482666015625,285480,2061165600
2016-06-22,PHR,7260,7170,7190,7190,3687.090087890625,135820,976545800
2016-06-23,PHR,7510,7140,7140,7260,3721.8740234375,258900,1879614000
2016-06-24,PHR,7260,6790,7260,6860,3513.17041015625,542400,3720864000
2016-06-27,PHR,6860,6420,6860,6820,3495.778564453125,96770,659971400
2016-06-28,PHR,6890,6690,6760,6720,3443.6025390625,105200,706944000
2016-06-29,PHR,7060,6690,6690,7060,3617.521728515625,98800,697528000
2016-06-30,PHR,7140,6930,7140,7060,3617.521728515625,105650,745889000
2016-07-01,PHR,7060,6890,7060,6990,3582.73828125,149160,1042628400
2016-07-04,PHR,7060,6890,6990,6990,3582.73828125,158420,1107355800
2016-07-05,PHR,6990,6890,6990,6960,3565.346435546875,157290,1094738400
2016-07-06,PHR,6960,6790,6890,6930,3547.954345703125,92820,643242600
2016-07-07,PHR,6960,6890,6960,6930,3547.954345703125,168240,1165903200
2016-07-08,PHR,7100,6760,6860,6890,3530.5625,166800,1149252000
2016-07-11,PHR,6860,6550,6860,6550,3356.642822265625,68040,445662000
2016-07-12,PHR,6690,6510,6630,6590,3374.03515625,74130,488516700
2016-07-13,PHR,6760,6590,6590,6590,3374.03515625,81500,537085000
2016-07-14,PHR,6630,6510,6590,6510,3339.2509765625,72260,470412600
2016-07-15,PHR,6820,6550,6550,6790,3478.38623046875,95780,650346200
2016-07-18,PHR,6720,6630,6720,6630,3391.427001953125,32230,213684900
2016-07-19,PHR,6720,6510,6630,6630,3391.427001953125,28930,191805900
2016-07-20,PHR,6660,6450,6660,6510,3339.2509765625,24430,159039300
2016-07-21,PHR,6690,6510,6510,6660,3408.81884765625,89750,597735000
2016-07-22,PHR,6660,6450,6660,6590,3374.03515625,97950,645490500
2016-07-25,PHR,6690,6450,6450,6690,3426.21142578125,70490,471578100
2016-07-26,PHR,6690,6480,6480,6690,3426.21142578125,46000,307740000
2016-07-27,PHR,6690,6550,6550,6690,3426.21142578125,1320,8830800
2016-07-28,PHR,6590,6510,6590,6590,3374.03515625,9970,65702300
2016-07-29,PHR,6660,6510,6660,6590,3374.03515625,4060,26755400
2016-08-01,PHR,6590,6550,6590,6590,3374.03515625,11210,73873900
2016-08-02,PHR,6630,6550,6590,6550,3356.642822265625,21790,142724500
2016-08-03,PHR,6550,6450,6550,6480,3321.859375,12070,78213600
2016-08-04,PHR,6630,6480,6550,6480,3321.859375,53880,349142400
2016-08-05,PHR,6480,6450,6450,6480,3321.859375,19390,125647200
2016-08-08,PHR,6480,6450,6480,6480,3321.859375,3120,20217600
2016-08-09,PHR,6590,6380,6590,6380,3269.683349609375,57850,369083000
2016-08-10,PHR,6450,6280,6380,6320,3234.899658203125,85510,540423200
2016-08-11,PHR,6450,6350,6350,6450,3304.467041015625,8940,57663000
2016-08-12,PHR,6520,6380,6450,6520,3340.19189453125,20810,135681200
2016-08-15,PHR,6660,6520,6520,6560,3358.05322265625,65340,428630400
2016-08-16,PHR,6630,6480,6590,6480,3322.329345703125,24740,160315200
2016-08-17,PHR,6560,6420,6560,6420,3286.605712890625,92490,593785800
2016-08-18,PHR,6520,6310,6420,6450,3304.467529296875,10390,67015500
2016-08-19,PHR,6450,6350,6450,6420,3286.605712890625,64910,416722200
2016-08-22,PHR,6420,6380,6420,6380,3268.74365234375,5910,37705800
2016-08-23,PHR,6350,6270,6310,6270,3215.15771484375,50760,318265200
2016-08-24,PHR,6380,6270,6270,6270,3215.15771484375,6080,38121600
2016-08-25,PHR,6270,6210,6270,6240,3197.295654296875,19350,120744000
2016-08-26,PHR,6240,6140,6240,6140,3143.70947265625,92440,567581600
2016-08-29,PHR,6240,6100,6140,6180,3161.571533203125,25150,155427000
2016-08-30,PHR,6270,6180,6210,6180,3161.571533203125,140340,867301200
2016-08-31,PHR,6270,6180,6180,6270,3215.15771484375,50890,319080300
2016-09-01,PHR,6270,6140,6270,6270,3215.15771484375,14040,88030800
2016-09-05,PHR,6270,6180,6180,6240,3197.295654296875,11370,70948800
2016-09-06,PHR,6270,6180,6270,6180,3161.571533203125,16820,103947600
2016-09-07,PHR,6240,6100,6180,6240,3197.295654296875,21810,136094400
2016-09-08,PHR,6240,6140,6180,6240,3197.295654296875,12930,80683200
2016-09-09,PHR,6270,6240,6270,6270,3215.15771484375,32150,201580500
2016-09-12,PHR,6350,6210,6350,6210,3179.433349609375,4670,29000700
2016-09-13,PHR,6240,6180,6180,6240,3197.295654296875,4950,30888000
2016-09-14,PHR,6240,6180,6240,6180,3161.571533203125,8880,54878400
2016-09-15,PHR,6240,6180,6210,6190,3170.50244140625,12610,78055900
2016-09-16,PHR,6210,6180,6180,6210,3179.433349609375,4570,28379700
2016-09-19,PHR,6210,6140,6140,6210,3179.433349609375,16670,103520700
2016-09-20,PHR,6310,6210,6270,6270,3215.15771484375,75980,476394600
2016-09-21,PHR,6380,6270,6270,6380,3268.74365234375,72750,464145000
2016-09-22,PHR,6590,6380,6380,6520,3340.19189453125,100660,656303200
2016-09-23,PHR,6520,6380,6520,6420,3286.605712890625,45790,293971800
2016-09-26,PHR,6520,6350,6520,6380,3268.74365234375,67350,429693000
2016-09-27,PHR,6350,6180,6350,6270,3215.15771484375,62340,390871800
2016-09-28,PHR,6420,6210,6350,6270,3215.15771484375,37410,234560700
2016-09-29,PHR,6380,6240,6380,6270,3215.15771484375,30210,189416700
2016-09-30,PHR,6270,6180,6270,6180,3161.571533203125,26450,163461000
2016-10-03,PHR,6270,6140,6180,6180,3161.571533203125,21880,135218400
2016-10-04,PHR,6270,6180,6180,6270,3215.15771484375,21780,136560600
2016-10-05,PHR,6350,6180,6270,6270,3215.15771484375,49970,313311900
2016-10-06,PHR,6500,6270,6310,6440,3295.53662109375,70250,452410000
2016-10-07,PHR,6560,6360,6450,6560,3358.05322265625,165060,1082793600
2016-10-10,PHR,6560,6440,6440,6560,3358.05322265625,19160,125689600
2016-10-11,PHR,6950,6630,6630,6950,3554.535888671875,544510,3784344500
2016-10-12,PHR,7000,6870,6950,6910,3536.673095703125,274210,1894791100
2016-10-13,PHR,6910,6800,6910,6910,3536.673095703125,186880,1291340800
2016-10-14,PHR,7080,6830,6830,7080,3625.983154296875,503880,3567470400
2016-10-17,PHR,7460,7120,7120,7250,3715.29248046875,451380,3272505000
2016-10-18,PHR,7460,7250,7250,7290,3733.155029296875,260890,1901888100
2016-10-19,PHR,7330,6980,7330,7040,3608.12109375,304590,2144313600
2016-10-20,PHR,7170,6960,7170,6960,3563.4658203125,170780,1188628800
2016-10-21,PHR,7000,6830,7000,6830,3500.94921875,136100,929563000
2016-10-24,PHR,7080,6810,6830,6890,3527.741943359375,112830,777398700
2016-10-25,PHR,7170,6980,7040,7160,3661.707275390625,325690,2331940400
2016-10-26,PHR,7160,6910,7160,7160,3661.707275390625,52290,374396400
2016-10-27,PHR,7550,7210,7230,7410,3795.671875,545170,4039709700
2016-10-28,PHR,7850,7420,7460,7850,4018.94677734375,783120,6147492000
2016-10-31,PHR,7950,7640,7950,7640,3911.774658203125,518490,3961263600
2016-11-01,PHR,7640,7460,7640,7520,3849.2578125,350770,2637790400
2016-11-02,PHR,7770,7360,7420,7540,3858.18896484375,494520,3728680800
2016-11-03,PHR,7670,7360,7360,7640,3911.774658203125,317580,2426311200
2016-11-04,PHR,7650,7540,7650,7650,3920.70556640625,123600,945540000
2016-11-07,PHR,8000,7740,7740,7950,4072.532470703125,794640,6317388000
2016-11-08,PHR,8210,8020,8090,8119,4161.84228515625,670410,5443058790
2016-11-09,PHR,8300,7710,8189,8060,4126.11865234375,770640,6211358400
2016-11-10,PHR,8610,8260,8260,8610,4411.91162109375,794660,6842022600
2016-11-11,PHR,9210,8800,8890,8990,4608.39208984375,1263330,11357336700
2016-11-14,PHR,9170,8550,8550,9140,4679.84130859375,793850,7255789000
2016-11-15,PHR,9550,9140,9210,9370,4804.875,993830,9312187100
2016-11-16,PHR,9770,9370,9530,9630,4929.90771484375,651750,6276352500
2016-11-17,PHR,9770,9100,9770,9240,4733.42626953125,1110070,10257046800
2016-11-18,PHR,9170,8970,9140,9140,4679.84130859375,581880,5318383200
2016-11-21,PHR,9630,9140,9530,9140,4679.84130859375,1070070,9780439800
2016-11-22,PHR,9510,9240,9390,9240,4733.42626953125,783280,7237507200
2016-11-23,PHR,9350,8970,9140,9210,4715.564453125,495340,4562081400
2016-11-24,PHR,9570,9310,9450,9350,4787.01220703125,556710,5205238500
2016-11-25,PHR,9350,9030,9350,9060,4644.11669921875,366050,3316413000
2016-11-28,PHR,9060,8580,9060,8830,4528.013671875,547120,4831069600
2016-11-29,PHR,8970,8680,8930,8680,4447.63427734375,351920,3054665600
2016-11-30,PHR,8720,8160,8470,8580,4394.04833984375,1061220,9105267600
2016-12-01,PHR,8930,8580,8930,8700,4456.56591796875,520130,4525131000
2016-12-02,PHR,8580,8300,8530,8370,4286.87744140625,374210,3132137700
2016-12-05,PHR,8640,8300,8370,8610,4411.91162109375,341380,2939281800
2016-12-06,PHR,8800,8370,8720,8550,4376.1865234375,252580,2159559000
2016-12-07,PHR,8550,8280,8550,8340,4269.01513671875,504930,4211116200
2016-12-08,PHR,8470,8230,8340,8230,4215.42919921875,156960,1291780800
2016-12-09,PHR,8640,8160,8189,8370,4286.87744140625,549320,4597808400
2016-12-12,PHR,8950,8640,8640,8820,4519.08203125,902890,7963489800
2016-12-13,PHR,9140,8720,8930,8970,4590.53076171875,486150,4360765500
2016-12-14,PHR,9390,9140,9170,9360,4795.943359375,729100,6824376000
2016-12-15,PHR,9660,9350,9410,9370,4804.875,1296700,12150079000
2016-12-16,PHR,9530,9330,9330,9370,4804.875,605620,5674659400
2016-12-19,PHR,9770,9240,9350,9590,4912.0458984375,577820,5541293800
2016-12-20,PHR,9530,8950,9490,9350,4787.01220703125,1264080,11819148000
2016-12-21,PHR,9410,8990,9350,9060,4644.11669921875,439560,3982413600
2016-12-22,PHR,9300,8970,9060,8990,4608.39208984375,446540,4014394600
2016-12-23,PHR,9060,8760,8990,8820,4519.08203125,384570,3391907400
2016-12-26,PHR,8970,8580,8820,8580,4394.04833984375,586140,5029081200
2016-12-27,PHR,8700,8440,8640,8700,4456.56591796875,337300,2934510000
2016-12-28,PHR,8890,8700,8890,8720,4465.49658203125,436600,3807152000
2016-12-29,PHR,8930,8680,8720,8930,4572.6689453125,407120,3635581600
2016-12-30,PHR,8930,8810,8930,8810,4510.15185546875,378470,3334320700
2017-01-03,PHR,9260,8820,8890,9260,4742.357421875,348330,3225535800
2017-01-04,PHR,9370,9220,9220,9310,4769.150390625,467540,4352797400
2017-01-05,PHR,9490,9210,9240,9410,4822.73583984375,656800,6180488000
2017-01-06,PHR,9450,9190,9390,9190,4706.63330078125,549450,5049445500
2017-01-09,PHR,9240,9010,9210,9060,4644.11669921875,400380,3627442800
2017-01-10,PHR,9490,9220,9220,9490,4858.4599609375,895620,8499433800
2017-01-11,PHR,10110,9590,9630,10040,5144.2509765625,2110000,21184400000
2017-01-12,PHR,10180,9980,10110,10040,5144.2509765625,904300,9079172000
2017-01-13,PHR,10110,9810,10040,9830,5037.080078125,589820,5797930600
2017-01-16,PHR,10110,9850,10040,9940,5090.666015625,1563840,15544569600
2017-01-17,PHR,10040,9770,9940,9870,5054.94140625,638040,6297454800
2017-01-18,PHR,9920,9700,9920,9700,4965.6318359375,364480,3535456000
2017-01-19,PHR,9900,9630,9630,9640,4938.83984375,418480,4034147200
2017-01-20,PHR,9640,9410,9630,9550,4894.18408203125,866080,8271064000
2017-01-23,PHR,9700,9510,9550,9540,4885.2529296875,456810,4357967400
2017-01-24,PHR,10010,9660,9700,9980,5108.5283203125,753810,7523023800
2017-01-25,PHR,10040,9830,9940,9960,5099.59765625,612340,6098906400
2017-02-02,PHR,10600,10240,10280,10360,5099.59765625,1422530,14737410800
2017-02-03,PHR,10360,10070,10250,10220,5233.5615234375,1152030,11773746600
2017-02-06,PHR,10280,10060,10070,10240,5242.4921875,753620,7717068800
2017-02-07,PHR,10490,10150,10180,10380,5313.94091796875,1950710,20248369800
2017-02-08,PHR,10710,10490,10530,10600,5430.04443359375,1238620,13129372000
2017-02-09,PHR,10650,10490,10570,10490,5376.45849609375,495030,5192864700
2017-02-10,PHR,10950,10440,10440,10880,5572.94091796875,1716530,18675846400
2017-02-13,PHR,11360,11050,11190,11230,5751.55810546875,1066320,11974773600
2017-02-14,PHR,11170,10740,10950,10740,5501.4921875,2754580,29584189200
2017-02-15,PHR,11130,10810,10880,10980,5626.525390625,1211150,13298427000
2017-02-16,PHR,11730,11010,11110,11130,5697.97412109375,1300320,14472561600
2017-02-17,PHR,11430,10950,11170,11170,5715.83447265625,1999800,22337766000
2017-02-20,PHR,11070,10880,10880,11030,5653.318359375,973330,10735829900
2017-02-21,PHR,11430,11090,11170,11130,5697.97412109375,1224050,13623676500
2017-02-22,PHR,11030,10810,11010,10880,5572.94091796875,1029860,11204876800
2017-02-23,PHR,11130,10550,10980,10550,5403.2509765625,1356570,14311813500
2017-02-24,PHR,10550,10250,10470,10250,5251.42431640625,1073100,10999275000
2017-02-27,PHR,10570,10320,10320,10450,5349.6650390625,551020,5758159000
2017-02-28,PHR,10460,9940,10400,9940,5090.666015625,979830,9739510200
2017-03-01,PHR,10360,9940,10110,10320,5287.14794921875,792190,8175400800
2017-03-02,PHR,10740,10420,10600,10570,5412.181640625,552980,5844998600
2017-03-03,PHR,10710,10440,10490,10670,5465.767578125,362300,3865741000
2017-03-06,PHR,11010,10740,10810,10980,5626.525390625,848860,9320482800
2017-03-07,PHR,10950,10670,10950,10800,5528.28515625,908830,9815364000
2017-03-08,PHR,10600,10400,10460,10440,5340.734375,751400,7844616000
2017-03-09,PHR,10570,10320,10320,10450,5349.6650390625,696530,7278738500
2017-03-10,PHR,10600,10450,10570,10450,5349.6650390625,345470,3610161500
2017-03-13,PHR,10460,10200,10460,10360,5305.00927734375,396160,4104217600
2017-03-14,PHR,10570,10360,10440,10360,5305.00927734375,333970,3459929200
2017-03-15,PHR,10440,10250,10440,10320,5287.14794921875,394040,4066492800
2017-03-16,PHR,10670,10360,10420,10580,5421.11279296875,687310,7271739800
2017-03-17,PHR,10880,10580,10670,10620,5438.97509765625,430040,4567024800
2017-03-20,PHR,10620,10380,10620,10380,5313.94091796875,475640,4937143200
2017-03-21,PHR,10460,10110,10460,10150,5197.837890625,882780,8960217000
2017-03-22,PHR,10070,9530,9980,9530,4876.32177734375,1589050,15143646500
2017-03-23,PHR,9790,9590,9590,9660,4947.7705078125,320390,3094967400
2017-03-24,PHR,9660,9140,9660,9240,4733.42626953125,649680,6003043200
2017-03-27,PHR,9060,8760,8760,9060,4644.11669921875,1113870,10091662200
2017-03-28,PHR,9490,9310,9350,9330,4778.08154296875,361910,3376620300
2017-03-29,PHR,9510,9240,9490,9330,4778.08154296875,397160,3705502800
2017-03-30,PHR,9390,9140,9330,9350,4787.01220703125,366790,3429486500
2017-03-31,PHR,9430,9190,9410,9310,4769.150390625,194830,1813867300
2017-04-03,PHR,9310,9140,9310,9140,4679.84130859375,436350,3988239000
2017-04-04,PHR,9060,8910,9060,8990,4608.39208984375,567970,5106050300
2017-04-05,PHR,9410,9140,9140,9350,4787.01220703125,319570,2987979500
2017-04-07,PHR,9260,9080,9260,9140,4679.84130859375,264130,2414148200
2017-04-10,PHR,9660,9410,9490,9590,4912.0458984375,585090,5611013100
2017-04-11,PHR,9700,9390,9590,9530,4876.32177734375,466870,4449271100
2017-04-12,PHR,9530,9310,9530,9310,4769.150390625,279540,2602517400
2017-04-13,PHR,9490,9210,9210,9310,4769.150390625,208610,1942159100
2017-04-14,PHR,9350,8980,9350,8990,4608.39208984375,558510,5021004900
2017-04-17,PHR,9140,8850,9060,8850,4536.94482421875,426010,3770188500
2017-04-18,PHR,8850,8550,8850,8820,4519.08203125,318720,2811110400
2017-04-19,PHR,8680,8440,8580,8680,4447.63427734375,408520,3545953600
2017-04-20,PHR,8910,8580,8720,8760,4483.35888671875,424020,3714415200
2017-04-21,PHR,9030,8820,8970,8820,4519.08203125,243070,2143877400
2017-04-24,PHR,8850,8640,8760,8720,4465.49658203125,233100,2032632000
2017-04-25,PHR,8850,8680,8800,8680,4447.63427734375,372740,3235383200
2017-04-26,PHR,8950,8700,8810,8950,4581.599609375,341600,3057320000
2017-04-27,PHR,8950,8800,8930,8830,4528.013671875,173370,1530857100
2017-04-28,PHR,8890,8720,8830,8830,4528.013671875,229730,2028515900
2017-05-03,PHR,8870,8760,8810,8810,4510.15185546875,335140,2952583400
2017-05-04,PHR,9350,8820,8820,9240,4733.42626953125,662810,6124364400
2017-05-05,PHR,9350,9140,9170,9240,4733.42626953125,485170,4482970800
2017-05-08,PHR,9240,9060,9240,9100,4661.978515625,425950,3876145000
2017-05-09,PHR,9100,8970,9100,9030,4626.25390625,387240,3496777200
2017-05-10,PHR,9410,9030,9030,9310,4769.150390625,751970,7000840700
2017-05-11,PHR,9830,9310,9310,9770,5001.35498046875,1590930,15543386100
2017-05-12,PHR,10060,9680,9900,9730,4983.494140625,918670,8938659100
2017-05-15,PHR,9980,9770,9830,9830,5037.080078125,573030,5632884900
2017-05-16,PHR,10070,9770,9940,9900,5072.80419921875,777880,7701012000
2017-05-17,PHR,10240,9900,9940,10220,5233.5615234375,829270,8475139400
2017-05-18,PHR,10570,10150,10170,10460,5358.59619140625,1471050,15387183000
2017-05-19,PHR,10950,10320,10420,10850,5555.078125,1330580,14436793000
2017-05-22,PHR,11300,10810,10830,10920,5590.80078125,1617940,17667904800
2017-05-23,PHR,10940,10630,10880,10630,5447.90576171875,939470,9986566100
2017-05-24,PHR,11360,10810,10810,11360,5823.0078125,1533440,17419878400
2017-05-25,PHR,12080,11470,11510,11820,6055.21337890625,1491760,17632603200
2017-05-26,PHR,12340,11690,12340,11740,6017.4873046875,992230,11648780200
2017-05-29,PHR,11860,11430,11780,11610,5942.03173828125,1379630,16017504300
2017-05-30,PHR,12050,11610,11610,12030,6158.962890625,1609400,19361082000
2017-05-31,PHR,12300,11760,12300,11820,6055.21435546875,1052650,12442323000
2017-06-01,PHR,12150,11710,11710,12010,6149.5322265625,709470,8520734700
2017-06-02,PHR,12070,11890,12010,12070,6177.8271484375,537540,6488107800
2017-06-05,PHR,12890,12080,12080,12820,6564.529296875,1449770,18586051400
2017-06-06,PHR,13070,12710,12790,12750,6526.8037109375,677230,8634682500
2017-06-07,PHR,13000,12610,12710,12920,6621.12255859375,755290,9758346800
2017-06-08,PHR,12960,12520,12820,12640,6479.64453125,683280,8636659200
2017-06-09,PHR,12890,12150,12620,12490,6394.7578125,445000,5558050000
2017-06-12,PHR,12620,12150,12440,12150,6224.9853515625,706150,8579722500
2017-06-13,PHR,12340,11820,12150,12050,6168.3955078125,789000,9507450000
2017-06-14,PHR,12710,12010,12080,12520,6413.6220703125,907450,11361274000
2017-06-15,PHR,12830,12520,12710,12560,6432.48583984375,348610,4378541600
2017-06-16,PHR,12680,12410,12580,12620,6470.212890625,336940,4252182800
2017-06-19,PHR,12710,12410,12710,12520,6413.6220703125,380240,4760604800
2017-06-20,PHR,12820,12490,12520,12790,6545.66650390625,584300,7473197000
2017-06-21,PHR,13400,12790,12890,13400,6866.3486328125,946160,12678544000
2017-06-22,PHR,13630,13310,13590,13400,6866.3486328125,414560,5555104000
2017-06-23,PHR,13400,13070,13330,13270,6790.89453125,488250,6479077500
2017-06-26,PHR,13330,12910,13180,13070,6696.57666015625,472710,6178319700
2017-06-27,PHR,13340,12710,12960,12710,6507.939453125,984920,12518333200
2017-06-28,PHR,12890,12710,12790,12820,6564.529296875,434700,5572854000
2017-06-29,PHR,12890,12750,12820,12850,6583.3955078125,386430,4965625500
2017-06-30,PHR,13110,12850,12850,12850,6583.3955078125,542590,6972281500
2017-07-03,PHR,13070,12850,12960,12870,6592.82666015625,480530,6184421100
2017-07-04,PHR,12870,12560,12870,12710,6507.939453125,357880,4548654800
2017-07-05,PHR,12890,12590,12730,12890,6602.2578125,377970,4872033300
2017-07-06,PHR,13220,12890,13070,13110,6715.4384765625,675590,8856984900
2017-07-07,PHR,13360,12920,13170,13110,6715.4384765625,1056780,13854385800
2017-07-10,PHR,13040,12620,12920,12620,6470.212890625,468490,5912343800
2017-07-11,PHR,12790,12370,12590,12750,6526.8037109375,571560,7287390000
2017-07-12,PHR,13110,12580,12580,12920,6621.12255859375,659620,8522290400
2017-07-13,PHR,13040,12790,13040,12920,6621.12255859375,183770,2374308400
2017-07-14,PHR,13070,12820,12920,12820,6564.529296875,335840,4305468800
2017-07-17,PHR,12890,12590,12890,12850,6583.3955078125,479420,6160547000
2017-07-18,PHR,12960,12610,12790,12710,6507.939453125,321060,4080672600
2017-07-19,PHR,12870,12580,12710,12580,6441.91748046875,201130,2530215400
2017-07-20,PHR,12750,12580,12580,12590,6451.34814453125,234380,2950844200
2017-07-21,PHR,12790,12590,12590,12590,6451.34814453125,194220,2445229800
2017-07-24,PHR,12710,12490,12710,12710,6507.939453125,161020,2046564200
2017-07-25,PHR,13440,12580,12580,13440,6885.2119140625,852010,11451014400
2017-07-26,PHR,13800,13400,13550,13800,7073.84716796875,1418610,19576818000
2017-07-27,PHR,13890,13690,13850,13760,7054.984375,551810,7592905600
2017-07-28,PHR,14360,13710,13710,14220,7281.34716796875,907970,12911333400
2017-07-31,PHR,14530,14110,14220,14250,7300.21044921875,468130,6670852500
2017-08-01,PHR,14480,14110,14220,14280,7319.07470703125,385160,5500084800
2017-08-02,PHR,14340,14080,14280,14280,7319.07470703125,349440,4990003200
2017-08-03,PHR,14920,14260,14280,14630,7498.2783203125,457150,6688104500
2017-08-04,PHR,14730,14510,14550,14630,7498.2783203125,234800,3435124000
2017-08-07,PHR,14960,14730,14730,14840,7602.0283203125,750230,11133413200
2017-08-08,PHR,14980,14610,14770,14730,7545.43798828125,598820,8820618600
2017-08-09,PHR,14840,13850,14840,14360,7356.802734375,1012490,14539356400
2017-08-10,PHR,14710,14280,14360,14700,7526.57421875,504810,7420707000
2017-08-11,PHR,14660,14390,14660,14550,7451.119140625,253190,3683914500
2017-08-14,PHR,14700,14440,14660,14600,7479.41552734375,103440,1510224000
2017-08-15,PHR,15360,14600,14600,15360,7866.1181640625,847160,13012377600
2017-08-16,PHR,15420,15140,15360,15390,7884.98193359375,246670,3796251300
2017-08-17,PHR,15720,15140,15420,15140,7752.9375,448970,6797405800
2017-08-18,PHR,15170,14840,15020,14960,7658.619140625,307660,4602593600
2017-08-21,PHR,15060,14660,14960,14800,7583.16455078125,424570,6283636000
2017-08-22,PHR,14730,14460,14730,14550,7451.119140625,556650,8099257500
2017-08-23,PHR,14730,14530,14550,14580,7469.98291015625,253340,3693697200
2017-08-24,PHR,14800,14580,14600,14700,7526.57421875,178920,2630124000
2017-08-25,PHR,14880,14580,14730,14580,7469.98291015625,303910,4431007800
2017-08-28,PHR,14800,14440,14580,14680,7517.1416015625,270830,3975784400
2017-08-29,PHR,15020,14680,14700,14960,7658.619140625,443150,6629524000
2017-08-30,PHR,15390,14900,14900,15270,7818.9599609375,513860,7846642200
2017-08-31,PHR,15390,15080,15270,15170,7771.80126953125,387360,5876251200
2017-09-01,PHR,15290,15020,15250,15040,7705.77978515625,153870,2314204800
2017-09-05,PHR,15420,15100,15170,15250,7809.52783203125,395540,6031985000
2017-09-06,PHR,15410,15170,15200,15200,7790.6640625,430960,6550592000
2017-09-07,PHR,15360,15100,15290,15100,7734.0732421875,733480,11075548000
2017-09-08,PHR,15170,14730,15100,14730,7545.43798828125,493160,7264246800
2017-09-11,PHR,14770,14180,14730,14360,7356.802734375,911230,13085262800
2017-09-12,PHR,14920,14180,14360,14660,7507.71044921875,888150,13020279000
2017-09-13,PHR,15020,14700,14730,14980,7677.4814453125,427840,6409043200
2017-09-14,PHR,15250,14840,14840,15160,7762.36767578125,573150,8688954000
2017-09-15,PHR,15230,14980,15160,15230,7800.09619140625,555940,8466966200
2017-09-18,PHR,15660,15060,15120,15660,8017.02685546875,608710,9532398600
2017-09-19,PHR,15660,15390,15620,15390,7884.98193359375,399110,6142302900
2017-09-20,PHR,15760,15250,15390,15580,7979.30029296875,354940,5529965200
2017-09-21,PHR,15690,15440,15580,15580,7979.30029296875,324180,5050724400
2017-09-22,PHR,15890,15510,15580,15840,8111.3447265625,776060,12292790400
2017-09-25,PHR,15980,15690,15800,15880,8130.20947265625,293690,4663797200
2017-09-26,PHR,15880,15690,15880,15710,8045.322265625,347160,5453883600
2017-09-27,PHR,15740,15420,15740,15420,7903.845703125,457410,7053262200
2017-09-28,PHR,15360,14920,15290,15100,7734.0732421875,1461840,22073784000
2017-09-29,PHR,15460,15100,15100,15460,7922.7099609375,265810,4109422600
2017-10-02,PHR,15510,15200,15460,15200,7790.6640625,157440,2393088000
2017-10-03,PHR,15360,14960,15200,15020,7696.34619140625,223090,3350811800
2017-10-04,PHR,15200,14980,15100,15060,7715.21044921875,154240,2322854400
2017-10-05,PHR,15290,15060,15060,15060,7715.21044921875,536020,8072461200
2017-10-06,PHR,15580,15160,15250,15440,7913.27783203125,589050,9094932000
2017-10-09,PHR,15460,15290,15360,15290,7828.390625,133640,2043355600
2017-10-10,PHR,15460,15310,15440,15460,7922.7099609375,376020,5813269200
2017-10-11,PHR,15720,15460,15660,15460,7922.7099609375,476100,7360506000
2017-10-12,PHR,15580,15350,15350,15390,7884.98193359375,262870,4045569300
2017-10-13,PHR,15440,15360,15390,15390,7884.98193359375,218990,3370256100
2017-10-16,PHR,15690,15390,15390,15660,8017.02685546875,394920,6184447200
2017-10-17,PHR,15690,15420,15620,15420,7903.845703125,278080,4287993600
2017-10-18,PHR,15660,15230,15420,15390,7884.98193359375,596460,9179519400
2017-10-19,PHR,15390,15170,15270,15230,7800.09619140625,197840,3013103200
2017-10-20,PHR,15390,15180,15290,15180,7781.2314453125,236470,3589614600
2017-10-23,PHR,15250,14800,15250,14860,7611.45947265625,392550,5833293000
2017-10-24,PHR,14920,14750,14800,14840,7602.0283203125,187490,2782351600
2017-10-25,PHR,15000,14700,14840,14770,7564.3017578125,268230,3961757100
2017-10-26,PHR,14860,14700,14840,14700,7526.57421875,210140,3089058000
2017-10-27,PHR,14880,14680,14700,14840,7602.0283203125,118210,1754236400
2017-10-30,PHR,15060,14840,14920,14900,7630.3251953125,205960,3068804000
2017-10-31,PHR,15170,14880,14880,15060,7715.21044921875,195410,2942874600
2017-11-01,PHR,15230,14660,15100,14840,7602.0283203125,150780,2237575200
2017-11-02,PHR,14880,14280,14660,14360,7356.802734375,595430,8550374800
2017-11-03,PHR,14480,14180,14180,14410,7375.6650390625,244730,3526559300
2017-11-06,PHR,14730,14410,14410,14660,7507.71044921875,162080,2376092800
2017-11-07,PHR,14730,14630,14730,14660,7507.71044921875,114760,1682381600
2017-11-08,PHR,14730,14460,14730,14480,7413.39111328125,208170,3014301600
2017-11-09,PHR,14550,14360,14550,14390,7366.23291015625,240100,3455039000
2017-11-10,PHR,14430,14320,14360,14320,7337.93701171875,246370,3528018400
2017-11-13,PHR,14360,14030,14250,14030,7187.02880859375,344260,4829967800
2017-11-14,PHR,14130,13830,14030,13980,7158.7333984375,304240,4253275200
2017-11-15,PHR,14490,13980,14000,14410,7375.6650390625,284190,4095177900
2017-11-16,PHR,14770,14430,14430,14770,7564.3017578125,171250,2529362500
2017-11-17,PHR,14770,14480,14770,14610,7488.8466796875,207710,3034643100
2017-11-20,PHR,14980,14480,14610,14700,7526.57421875,209810,3084207000
2017-11-21,PHR,14730,14510,14610,14700,7526.57421875,154630,2273061000
2017-11-22,PHR,14700,14480,14700,14580,7469.98291015625,267410,3898837800
2017-11-23,PHR,15080,14440,14580,14920,7639.75537109375,458290,6837686800
2017-11-24,PHR,15560,14920,14920,15560,7969.8681640625,494060,7687573600
2017-11-27,PHR,16070,15460,15760,15540,7960.43603515625,734350,11411799000
2017-11-28,PHR,15540,15170,15540,15330,7847.25537109375,300530,4607124900
2017-11-29,PHR,15540,15170,15290,15370,7875.55029296875,280350,4308979500
2017-11-30,PHR,15740,15350,15350,15690,8035.890625,774210,12147354900
2017-12-01,PHR,16390,15690,15690,16390,8394.2978515625,921570,15104532300
2017-12-04,PHR,16460,16100,16390,16370,8384.8681640625,502510,8226088700
2017-12-05,PHR,16370,15840,16370,15840,8111.3447265625,367320,5818348800
2017-12-06,PHR,15900,15420,15820,15580,7979.30029296875,307090,4784462200
2017-12-07,PHR,16129,15540,15540,16129,8262.25390625,302030,4871441870
2017-12-08,PHR,16200,15840,16070,15840,8111.3447265625,150860,2389622400
2017-12-11,PHR,15980,15460,15540,15460,7922.7099609375,231990,3586565400
2017-12-12,PHR,15510,14730,15460,15390,7884.98193359375,722210,11114811900
2017-12-13,PHR,15420,14960,14980,15270,7818.9599609375,157780,2409300600
2017-12-14,PHR,15410,15040,15100,15390,7884.98193359375,109170,1680126300
2017-12-15,PHR,15290,15020,15250,15250,7809.52783203125,144950,2210487500
2017-12-18,PHR,15360,15020,15120,15200,7790.6640625,260670,3962184000
2017-12-19,PHR,15390,15100,15250,15290,7828.390625,169610,2593336900
2017-12-20,PHR,15710,15290,15290,15690,8035.890625,293010,4597326900
2017-12-21,PHR,15840,15710,15720,15820,8101.91357421875,252660,3997081200
2017-12-22,PHR,15840,15580,15820,15660,8017.02685546875,584190,9148415400
2017-12-25,PHR,15840,15290,15780,15290,7828.390625,146190,2235245100
2017-12-26,PHR,15640,15170,15290,15510,7941.57275390625,238680,3701926800
2017-12-27,PHR,15800,15460,15660,15800,8092.48193359375,411810,6506598000
2017-12-28,PHR,16120,15670,15690,16120,8252.8203125,863520,13919942400
2017-12-29,PHR,16129,15940,15980,15960,8177.36767578125,242390,3868544400
2018-01-02,PHR,17010,15960,15960,16950,8677.25390625,532430,9024688500
2018-01-03,PHR,17050,16540,16950,16760,8582.935546875,735510,12327147600
2018-01-04,PHR,17500,16760,16760,17310,8865.8896484375,531360,9197841600
2018-01-05,PHR,17680,16830,17200,17310,8865.8896484375,720320,12468739200
2018-01-08,PHR,18050,17160,17160,17890,9167.7060546875,292900,5239981000
2018-01-09,PHR,17970,17380,17890,17680,9054.5244140625,299830,5300994400
2018-01-10,PHR,17860,17380,17680,17640,9035.662109375,410540,7241925600
2018-01-11,PHR,17860,17420,17680,17640,9035.662109375,400680,7067995200
2018-01-12,PHR,18200,17460,17530,17530,8979.0693359375,283610,4971683300
2018-01-15,PHR,18520,17530,17710,18340,9394.0693359375,1171960,21493746400
2018-01-16,PHR,18900,18180,18740,18740,9601.568359375,939440,17605105600
2018-01-17,PHR,18780,17680,18010,18010,9601.568359375,426720,7685227200
2018-01-18,PHR,18340,17310,17680,18300,9375.205078125,1007790,18442557000
2018-01-19,PHR,18970,18120,18160,18520,9488.388671875,447140,8281032800
2018-01-22,PHR,19700,18520,18520,19150,9488.388671875,496620,9510273000
2018-01-25,PHR,19150,18480,19150,18480,9469.5244140625,475100,8779848000
2018-01-26,PHR,18780,17890,18480,18200,9318.615234375,423900,7714980000
2018-01-29,PHR,18160,16950,18160,16950,8677.25390625,799400,13549830000
2018-01-30,PHR,17680,16950,16950,17240,8828.162109375,302500,5215100000
2018-01-31,PHR,17930,16860,17160,17420,8922.478515625,335700,5847894000
2018-02-01,PHR,17420,17060,17160,17060,8743.275390625,41870,714302200
2018-02-02,PHR,17310,16910,17030,16980,8696.1171875,122460,2079370800
2018-02-05,PHR,16950,16020,16950,16020,8205.6640625,156710,2510494200
2018-02-06,PHR,16020,14920,14920,15980,8186.798828125,809310,12932773800
2018-02-07,PHR,16390,14920,16390,16020,8205.6640625,114420,1833008400
2018-02-08,PHR,15840,15330,15460,15800,8092.48193359375,53440,844352000
2018-02-09,PHR,15820,14840,14840,15820,8101.91357421875,210210,3325522200
2018-02-12,PHR,16760,15390,15660,16760,8582.935546875,183560,3076465600
2018-02-13,PHR,17500,16270,16270,17340,8884.751953125,102150,1771281000
2018-02-21,PHR,17860,16980,16980,17010,8714.9794921875,74000,1258740000
2018-02-22,PHR,16980,16580,16950,16760,8582.935546875,94850,1589686000
2018-02-23,PHR,16950,16580,16760,16950,8677.25390625,62900,1066155000
2018-02-26,PHR,17310,16800,16800,16950,8677.25390625,99890,1693135500
2018-02-27,PHR,16760,15900,16760,16680,8545.2080078125,50230,837836400
2018-02-28,PHR,17640,16580,16680,17640,8545.2080078125,372570,6572134800
2018-03-01,PHR,18200,17640,18010,17890,9167.7060546875,673960,12057144400
2018-03-02,PHR,18120,17640,17680,18120,9280.88671875,376920,6829790400
2018-03-05,PHR,18420,17310,18120,17680,9054.5244140625,534100,9442888000
2018-03-06,PHR,18480,17500,17930,18420,9431.7978515625,423330,7797738600
2018-03-07,PHR,18780,18340,18420,18610,9526.115234375,339160,6311767600
2018-03-08,PHR,19150,18610,18610,18970,9714.7509765625,562710,10674608700
2018-03-09,PHR,19480,18050,19150,18610,9526.115234375,568250,10575132500
2018-03-12,PHR,18640,18050,18420,18120,9280.88671875,268320,4861958400
2018-03-13,PHR,18120,17680,18120,17860,9148.841796875,295890,5284595400
2018-03-14,PHR,18420,17860,17860,18340,9394.0693359375,350890,6435322600
2018-03-15,PHR,18480,17970,18480,17970,9205.43359375,275280,4946781600
2018-03-16,PHR,18010,17680,17970,17830,9129.9794921875,234170,4175251100
2018-03-19,PHR,17860,17120,17830,17240,8828.162109375,426810,7358204400
2018-03-20,PHR,17240,16980,16980,17050,8733.84375,118490,2020254500
2018-03-21,PHR,17500,16950,17000,17310,8865.8896484375,132450,2292709500
2018-03-22,PHR,17310,16860,17310,17200,8809.298828125,183070,3148804000
2018-03-23,PHR,17010,16500,16640,16830,8620.6611328125,270150,4546624500
2018-03-26,PHR,17240,16540,16950,16580,8488.6162109375,198680,3294114400
2018-03-27,PHR,16950,16390,16950,16390,8394.2978515625,189590,3107380100
2018-03-28,PHR,16720,16360,16390,16390,8394.2978515625,354050,5802879500
2018-03-29,PHR,16680,16309,16309,16560,8479.1845703125,105830,1752544800
2018-03-30,PHR,17050,16460,16460,17010,8714.9794921875,127860,2174898600
2018-04-02,PHR,17710,17120,17120,17660,9045.09375,440250,7774815000
2018-04-03,PHR,17680,17340,17640,17500,8960.2080078125,314430,5502525000
2018-04-04,PHR,17600,16860,17420,16950,8677.25390625,366400,6210480000
2018-04-05,PHR,17240,16720,16720,17050,8733.84375,114470,1951713500
2018-04-06,PHR,17120,16860,16950,16950,8677.25390625,164960,2796072000
2018-04-09,PHR,17140,16200,16950,16560,8479.1845703125,521880,8642332800
2018-04-10,PHR,16760,16309,16760,16309,8356.572265625,270410,4410116690
2018-04-11,PHR,16560,15510,16309,15760,8073.6181640625,410390,6467746400
2018-04-12,PHR,15720,15390,15460,15620,7998.1630859375,267360,4176163200
2018-04-13,PHR,15820,15360,15660,15690,8035.890625,176500,2769285000
2018-04-16,PHR,16200,15460,15620,16149,8271.6865234375,160980,2599666020
2018-04-17,PHR,16200,15800,15800,15920,8158.5048828125,43150,686948000
2018-04-18,PHR,16100,15660,16100,15840,8111.3447265625,121010,1916798400
2018-04-19,PHR,15800,15460,15660,15460,7922.7099609375,310360,4798165600
2018-04-20,PHR,15580,15350,15460,15360,7866.1181640625,274890,4222310400
2018-04-23,PHR,15290,14730,15290,14800,7583.16455078125,531350,7863980000
2018-04-24,PHR,14970,14550,14730,14920,7639.75537109375,221770,3308808400
2018-04-26,PHR,15020,14730,14840,14880,7620.89111328125,147520,2195097600
2018-04-27,PHR,15020,14770,14770,15020,7696.34619140625,96350,1447177000
2018-05-02,PHR,15620,14880,14880,15020,7696.34619140625,67690,1016703800
2018-05-03,PHR,15160,14840,15100,15100,7734.0732421875,60880,919288000
2018-05-04,PHR,15460,14730,15020,14800,7583.16455078125,393040,5816992000
2018-05-07,PHR,14900,14730,14770,14800,7583.16455078125,354010,5239348000
2018-05-08,PHR,15660,14820,14980,15170,7771.80126953125,392820,5959079400
2018-05-09,PHR,15390,15020,15390,15200,7790.6640625,833600,12670720000
2018-05-10,PHR,15660,15170,15290,15350,7856.6865234375,417960,6415686000
2018-05-11,PHR,15520,15290,15390,15510,7941.57275390625,317070,4917755700
2018-05-14,PHR,16170,15580,15580,16170,8281.1171875,518070,8377191900
2018-05-15,PHR,16460,16129,16200,16390,8394.2978515625,383400,6283926000
2018-05-16,PHR,16460,16200,16440,16290,8347.140625,355530,5791583700
2018-05-17,PHR,16580,16149,16360,16309,8356.572265625,306040,4991206360
2018-05-18,PHR,16500,15920,16500,16390,8394.2978515625,207560,3401908400
2018-05-21,PHR,16480,16020,16460,16129,8262.25390625,72760,1173546040
2018-05-22,PHR,16360,15510,16360,15690,8035.890625,415730,6522803700
2018-05-23,PHR,15690,15420,15460,15690,8035.890625,108260,1698599400
2018-05-24,PHR,15900,15540,15840,15900,8149.072265625,72350,1150365000
2018-05-25,PHR,16070,15510,16070,15510,7941.57275390625,319040,4948310400
2018-05-28,PHR,15390,14460,15390,14480,7413.39111328125,375170,5432461600
2018-05-29,PHR,15290,14610,14610,15290,7828.390625,116180,1776392200
2018-05-30,PHR,15420,14920,15290,15200,7790.6640625,63980,972496000
2018-05-31,PHR,15720,15100,15290,15720,8054.75439453125,95450,1500474000
2018-06-01,PHR,15840,15360,15760,15660,8017.02685546875,177320,2776831200
2018-06-04,PHR,16270,15800,15800,16100,8243.3916015625,258570,4162977000
2018-06-05,PHR,16239,15940,16190,15940,8167.93603515625,249220,3972566800
2018-06-06,PHR,17050,16360,16460,16950,8677.25390625,459110,7781914500
2018-06-07,PHR,17560,17050,17120,17310,8865.8896484375,459340,7951175400
2018-06-08,PHR,17430,17050,17310,17240,8828.162109375,202260,3486962400
2018-06-11,PHR,17240,16800,17160,16810,8611.2314453125,325260,5467620600
2018-06-12,PHR,16810,16129,16810,16309,8356.572265625,449770,7335298930
2018-06-13,PHR,16580,16219,16580,16390,8394.2978515625,311680,5108435200
2018-06-14,PHR,17100,16520,16520,16750,8570.0107421875,257040,4305420000
2018-06-15,PHR,16840,16129,16840,16450,8420.8232421875,193310,3179949500
2018-06-18,PHR,16320,15350,16070,15540,7956.68359375,220750,3430455000
2018-06-19,PHR,15440,14510,14960,14550,7442.81396484375,344730,5015821500
2018-06-20,PHR,15020,14550,14550,14960,7658.30810546875,111270,1664599200
2018-06-21,PHR,14910,14630,14910,14630,7492.5439453125,66230,968944900
2018-06-22,PHR,14870,14630,14830,14630,7492.5439453125,72740,1064186200
2018-06-25,PHR,15020,14710,14830,14910,7625.15478515625,96960,1445673600
2018-06-26,PHR,14910,14380,14910,14710,7525.697265625,122790,1806240900
2018-06-27,PHR,14730,14000,14710,14000,7161.0166015625,178050,2492700000
2018-06-28,PHR,14250,13480,14000,13600,6962.09814453125,75660,1028976000
2018-06-29,PHR,13860,13080,13080,13480,6895.7919921875,384820,5187373600
2018-07-02,PHR,13400,12570,13150,12690,6497.95751953125,164140,2082936600
2018-07-03,PHR,12770,12170,12770,12250,6265.8876953125,330280,4045930000
2018-07-04,PHR,12340,11860,12310,12310,6299.04150390625,206160,2537829600
2018-07-05,PHR,12270,11990,12080,12060,6166.4287109375,169180,2040310800
2018-07-06,PHR,12890,11750,11750,12620,6464.8046875,232870,2938819400
2018-07-09,PHR,12830,12500,12690,12620,6464.8046875,177460,2239545200
2018-07-10,PHR,13150,12620,12620,13120,6713.451171875,75950,996464000
2018-07-11,PHR,13020,12500,12500,12860,6580.83984375,251200,3230432000
2018-07-12,PHR,12960,12620,12860,12960,6630.56884765625,67050,868968000
2018-07-13,PHR,13080,12890,12960,12960,6630.56884765625,67850,879336000
2018-07-16,PHR,13150,12890,12960,12890,6597.4169921875,38050,490464500
2018-07-17,PHR,13020,12690,12690,13020,6663.72265625,160390,2088277800
2018-07-18,PHR,13480,12960,13150,13120,6713.451171875,408130,5354665600
2018-07-19,PHR,13290,12980,13020,13020,6663.72265625,271330,3532716600
2018-07-20,PHR,13220,12890,12890,12980,6647.1455078125,159530,2070699400
2018-07-23,PHR,13150,12890,12890,12980,6647.1455078125,167340,2172073200
2018-07-24,PHR,13080,12890,13080,12920,6647.1455078125,217870,2814880400
2018-07-25,PHR,13080,12920,12920,12960,6630.56884765625,199420,2584483200
2018-07-26,PHR,13290,13020,13080,13290,6796.33349609375,202230,2687636700
2018-07-27,PHR,14190,13250,13340,14190,7260.47265625,368360,5227028400
2018-07-30,PHR,15160,14350,14570,15160,7757.7666015625,427390,6479232400
2018-07-31,PHR,16160,15220,15480,16070,8221.904296875,873100,14030717000
2018-08-01,PHR,16070,15350,16070,15540,7956.68359375,446920,6945136800
2018-08-02,PHR,15480,15160,15290,15220,7790.9189453125,327620,4986376400
2018-08-03,PHR,15620,15350,15480,15350,7857.22509765625,237860,3651151000
2018-08-06,PHR,15350,14830,15350,15130,7741.1884765625,254340,3848164200
2018-08-07,PHR,15290,14960,15290,15160,7757.7666015625,171050,2593118000
2018-08-08,PHR,15330,15090,15330,15290,7824.07177734375,162440,2483707600
2018-08-09,PHR,15740,15290,15480,15290,7824.07177734375,346460,5297373400
2018-08-10,PHR,15620,15350,15410,15540,7956.68359375,216480,3364099200
2018-08-13,PHR,15840,15290,15620,15680,8022.98681640625,486190,7623459200
2018-08-14,PHR,15880,15480,15480,15880,8122.447265625,361160,5735220800
2018-08-15,PHR,16320,15740,15930,15780,8072.71728515625,355210,5605213800
2018-08-16,PHR,15780,15350,15540,15780,8072.71728515625,246980,3897344400
2018-08-17,PHR,16190,15520,15540,15740,8056.14208984375,364930,5743998200
2018-08-20,PHR,15840,15480,15650,15480,7923.529296875,212580,3290738400
2018-08-21,PHR,15880,15480,15650,15800,8089.2958984375,159710,2523418000
2018-08-22,PHR,16070,15740,15880,15880,8122.447265625,237830,3776740400
2018-08-23,PHR,16840,15800,15800,16840,8619.7392578125,532360,8964942400
2018-08-24,PHR,17100,16610,16980,16840,8619.7392578125,227250,3826890000
2018-08-27,PHR,16810,16420,16640,16520,8453.9755859375,220200,3637704000
2018-08-28,PHR,16640,16320,16520,16640,8520.2822265625,391050,6507072000
2018-08-29,PHR,16640,16250,16450,16320,8354.517578125,502570,8201942400
2018-08-30,PHR,16640,16320,16320,16490,8437.3994140625,181590,2994419100
2018-08-31,PHR,16640,16360,16520,16360,8371.09375,101910,1667247600
2018-09-04,PHR,16520,15880,16360,16190,8288.212890625,160410,2597037900
2018-09-05,PHR,16290,15880,15880,16160,8271.6357421875,404440,6535750400
2018-09-06,PHR,16160,15890,16160,15890,8139.02490234375,71550,1136929500
2018-09-07,PHR,16190,15680,15880,16190,8288.212890625,178050,2882629500
2018-09-10,PHR,16290,15960,16190,15960,8172.177734375,225560,3599937600
2018-09-11,PHR,15960,15540,15960,15880,8122.447265625,123100,1954828000
2018-09-12,PHR,16129,15710,15780,16129,8255.0576171875,86270,1391448830
2018-09-13,PHR,16190,15800,16129,16100,8238.4814453125,112260,1807386000
2018-09-14,PHR,16710,16100,16100,16670,8536.8583984375,600850,10016169500
2018-09-17,PHR,17490,16710,16710,17360,8884.962890625,922830,16020328800
2018-09-18,PHR,17620,17030,17360,17550,8984.421875,608430,10677946500
2018-09-19,PHR,17620,17160,17550,17160,8785.50390625,548670,9415177200
2018-09-20,PHR,17490,17100,17160,17330,8868.38671875,302190,5236952700
2018-09-21,PHR,17360,17100,17330,17100,8752.3505859375,701170,11990007000
2018-09-24,PHR,17160,16910,16980,17010,8702.6220703125,207190,3524301900
2018-09-25,PHR,18180,17010,17010,17490,8951.2685546875,573980,10038910200
2018-09-26,PHR,18070,17490,17820,17780,9100.455078125,495710,8813723800
2018-09-27,PHR,17780,17330,17780,17420,8918.1162109375,515370,8977745400
2018-09-28,PHR,17460,17160,17360,17230,8818.6572265625,520380,8966147400
2018-10-01,PHR,17550,17270,17490,17460,8934.693359375,847110,14790540600
2018-10-02,PHR,17690,17300,17300,17360,8884.962890625,457980,7950532800
2018-10-03,PHR,17490,17300,17360,17360,8884.962890625,302140,5245150400
2018-10-04,PHR,17940,17460,17460,17910,9166.7626953125,446050,7988755500
2018-10-05,PHR,18650,17880,17910,18430,9431.984375,793960,14632682800
2018-10-08,PHR,19310,17880,18140,18790,9614.3251953125,1077740,20250734600
2018-10-09,PHR,18850,18460,18650,18460,9448.560546875,560300,10343138000
2018-10-10,PHR,18650,18070,18650,18140,9282.796875,739420,13413078800
2018-10-11,PHR,17880,16980,17490,17100,8752.3505859375,1174670,20086857000
2018-10-12,PHR,18240,16910,16910,17940,9183.337890625,614830,11030050200
2018-10-15,PHR,18430,17650,17910,18250,9349.1025390625,491040,8961480000
2018-10-16,PHR,18980,18010,18070,18980,9713.78515625,658710,12502315800
2018-10-17,PHR,19560,18790,19110,18850,9647.478515625,352820,6650657000
2018-10-18,PHR,19110,18650,18920,18850,9647.478515625,337570,6363194500
2018-10-19,PHR,19010,18210,18210,18920,9680.6318359375,334860,6335551200
2018-10-22,PHR,19050,18650,18790,18650,9548.0185546875,300230,5599289500
2018-10-23,PHR,18650,18070,18460,18600,9514.8671875,431990,8035014000
2018-10-24,PHR,18920,18140,18330,18210,9315.9501953125,300160,5465913600
2018-10-25,PHR,18250,17520,18250,18250,9349.1025390625,553700,10105025000
2018-10-26,PHR,18710,18180,18250,18180,9299.3740234375,109180,1984892400
2018-10-29,PHR,18210,17880,17980,18210,9315.9501953125,263080,4790686800
2018-10-30,PHR,18100,17750,17820,17880,9150.185546875,294550,5266554000
2018-10-31,PHR,18710,17490,17490,18460,9448.560546875,343510,6341194600
2018-11-01,PHR,18460,18140,18460,18290,9365.6796875,66060,1208237400
2018-11-02,PHR,19430,18010,18010,18710,9581.1728515625,259240,4850380400
2018-11-05,PHR,19310,18460,18460,19310,9879.5458984375,78860,1522786600
2018-11-06,PHR,19230,18790,19170,18980,9713.78515625,48520,920909600
2018-11-07,PHR,19230,18710,18850,18920,9680.6318359375,110530,2091227600
2018-11-08,PHR,19050,18790,18920,18790,9614.3251953125,82170,1543974300
2018-11-09,PHR,18790,18400,18400,18710,9581.1728515625,39670,742225700
2018-11-12,PHR,18710,18460,18710,18530,9481.7138671875,86770,1607848100
2018-11-13,PHR,18920,18140,18360,18920,9680.6318359375,962000,18201040000
2018-11-14,PHR,20080,18920,19050,19980,10227.6533203125,1146700,22911066000
2018-11-15,PHR,20340,19940,20080,19980,10227.6533203125,255830,5111483400
2018-11-16,PHR,20600,19880,20080,20080,10277.3837890625,451570,9067525600
2018-11-19,PHR,20080,19630,20020,19880,10177.921875,442330,8793520400
2018-11-20,PHR,20660,19690,19880,20660,10575.7568359375,714790,14767561400
2018-11-21,PHR,20850,20340,20660,20730,10608.9111328125,295440,6124471200
2018-11-22,PHR,21020,20340,20730,20730,10608.9111328125,349930,7254048900
2018-11-23,PHR,20730,20140,20730,20140,10310.53515625,331390,6674194600
2018-11-26,PHR,20730,19830,20140,20730,10608.9111328125,297470,6166553100
2018-11-27,PHR,20790,20340,20730,20700,10592.3330078125,254160,5261112000
2018-11-28,PHR,20660,20080,20470,20400,10443.1474609375,172110,3511044000
2018-11-29,PHR,20660,19430,20280,19690,10078.46484375,251210,4946324900
2018-11-30,PHR,20400,18790,19590,20400,10443.1474609375,352150,7183860000
2018-12-03,PHR,21110,20400,20730,20990,10741.521484375,962230,20197207700
2018-12-04,PHR,21110,20700,20990,20990,10741.521484375,396750,8327782500
2018-12-05,PHR,20920,20400,20790,20660,10575.7568359375,249270,5149918200
2018-12-06,PHR,20920,20470,20600,20760,10625.4853515625,197250,4094910000
2018-12-07,PHR,20920,20300,20600,20790,10642.064453125,445200,9255708000
2018-12-10,PHR,20730,20280,20600,20540,10509.453125,111080,2281583200
2018-12-11,PHR,20500,20250,20250,20280,10376.8388671875,121400,2461992000
2018-12-12,PHR,20540,20140,20140,20540,10376.8388671875,252170,5179571800
2018-12-13,PHR,21080,20460,21080,20740,10620.59375,204220,4235522800
2018-12-14,PHR,20800,20260,20800,20330,10411.662109375,107110,2177546300
2018-12-17,PHR,21010,20090,20130,20740,10620.59375,138300,2868342000
2018-12-18,PHR,20740,20060,20060,20740,10620.59375,394330,8178404200
2018-12-19,PHR,21420,20330,20540,21420,10968.8076171875,542840,11627632800
2018-12-20,PHR,22090,21380,21420,22090,11317.0244140625,635300,14033777000
2018-12-21,PHR,22580,21660,22060,22410,11473.7216796875,486470,10901792700
2018-12-24,PHR,22410,21620,22410,22260,11404.080078125,214820,4781893200
2018-12-25,PHR,22030,21080,21210,21620,11073.2734375,193910,4192334200
2018-12-26,PHR,22030,21320,21620,21620,11073.2734375,115840,2504460800
2018-12-27,PHR,22250,21620,21760,22090,11317.0244140625,193370,4271543300
2018-12-28,PHR,23010,21760,22090,22750,11317.0244140625,894040,20339410000
2019-01-02,PHR,23210,22470,22780,23130,11839.3505859375,292750,6771307500
2019-01-03,PHR,23090,22430,22970,23090,11821.9375,224650,5187168500
2019-01-04,PHR,23560,22430,22750,23560,12065.6904296875,230000,5418800000
2019-01-07,PHR,25160,23460,23760,23800,12187.56640625,596060,14186228000
2019-01-08,PHR,24130,22580,24000,23800,12187.56640625,660350,15716330000
2019-01-09,PHR,24000,23390,23800,24000,12292.029296875,202560,4861440000
2019-01-10,PHR,24610,23840,23840,23880,12222.38671875,149120,3560985600
2019-01-11,PHR,24610,23460,23880,24470,12535.78125,254120,6218316400
2019-01-14,PHR,25020,24470,24470,24810,12709.8876953125,206650,5126986500
2019-01-15,PHR,25020,24470,25020,24810,12709.8876953125,402480,9985528800
2019-01-16,PHR,24810,24380,24610,24470,12535.78125,356810,8731140700
2019-01-17,PHR,24430,22970,24410,23590,12083.0986328125,1018660,24030189400
2019-01-18,PHR,24470,23090,23660,24470,12535.78125,251870,6163258900
2019-01-21,PHR,24590,24040,24470,24550,12570.6005859375,243250,5971787500
2019-01-22,PHR,24550,24130,24430,24130,12361.673828125,129390,3122180700
2019-01-23,PHR,24810,23930,24100,24610,12605.4248046875,579260,14255588600
2019-01-24,PHR,24610,24210,24550,24410,12500.9609375,102680,2506418800
2019-01-25,PHR,24550,24130,24410,24210,12396.494140625,89600,2169216000
2019-01-28,PHR,24130,23130,24000,23720,12152.7431640625,593970,14088968400
2019-01-29,PHR,24470,23460,23800,24410,12500.9609375,192150,4690381500
2019-01-30,PHR,24470,24130,24470,24410,12500.9609375,155750,3801857500
2019-01-31,PHR,24410,23800,24410,24130,12361.673828125,117050,2824416500
2019-02-01,PHR,24170,23530,23530,24170,12379.0830078125,132030,3191165100
2019-02-11,PHR,24810,23800,24130,24790,12692.4765625,229310,5684594900
2019-02-12,PHR,25700,24810,24880,25560,13092.92578125,655160,16745889600
2019-02-13,PHR,25980,25540,25600,25800,13214.8017578125,446890,11529762000
2019-02-14,PHR,25800,25350,25800,25560,13092.92578125,294290,7522052400
2019-02-15,PHR,26070,25350,25430,25980,13301.85546875,412380,10713632400
2019-02-18,PHR,27190,25980,25980,26850,13301.85546875,970030,26045305500
2019-02-19,PHR,27330,26850,26990,27060,13859.00390625,651500,17629590000
2019-02-20,PHR,27400,26760,27190,27140,13893.82421875,307320,8340664800
2019-02-21,PHR,27190,26390,27140,26990,13824.1806640625,487580,13159784200
2019-02-22,PHR,27540,26390,26930,27540,14102.7548828125,867960,23903618400
2019-02-25,PHR,29240,27540,27880,29240,14973.29296875,660270,19306294800
2019-02-26,PHR,29850,28960,29170,29850,15286.689453125,630560,18822216000
2019-02-27,PHR,30590,29570,29850,30590,15669.7255859375,509330,15580404700
2019-02-28,PHR,30670,29920,30590,29920,15321.513671875,638580,19106313600
2019-03-01,PHR,31280,30190,30250,30870,15809.0126953125,579660,17894104200
2019-03-04,PHR,31480,30870,30950,31280,16017.94140625,543450,16999116000
2019-03-05,PHR,31620,30950,31280,31070,15913.478515625,538880,16743001600
2019-03-06,PHR,31070,29720,31000,31070,15913.478515625,892940,27743645800
2019-03-07,PHR,31070,30430,31070,30430,15582.673828125,718830,21873996900
2019-03-08,PHR,32229,29920,30430,32229,15582.673828125,906910,29228802390
2019-03-11,PHR,33660,32229,32770,33320,17062.58984375,784180,26128877600
2019-03-12,PHR,33520,33110,33390,33410,17114.82421875,385470,12878552700
2019-03-13,PHR,34060,32950,32980,33930,17375.986328125,688950,23376073500
2019-03-14,PHR,34610,33320,34000,33320,17062.58984375,854690,28478270800
2019-03-15,PHR,33520,32980,33450,33450,17132.234375,640790,21434425500
2019-03-18,PHR,34880,33320,33520,34880,17863.486328125,1114290,38866435200
2019-03-19,PHR,36370,34880,35080,36040,18455.455078125,945590,34079063600
2019-03-20,PHR,36710,35630,35690,36710,18803.671875,866100,31794531000
2019-03-21,PHR,38700,36710,36710,38220,19569.744140625,950820,36340340400
2019-03-22,PHR,39780,35630,38220,36170,18525.099609375,1888930,68322598100
2019-03-25,PHR,36990,33660,34540,33660,17236.69921875,1251890,42138617400
2019-03-26,PHR,34330,31350,34000,32580,16679.556640625,944050,30757149000
2019-03-27,PHR,34260,32580,33250,34260,17550.09375,645280,22107292800
2019-03-28,PHR,35360,33450,33860,35360,18107.236328125,350560,12395801600
2019-03-29,PHR,36310,35360,35360,35770,18316.16796875,524400,18757788000
2019-04-01,PHR,35970,35220,35970,35690,18281.345703125,753260,26883849400
2019-04-02,PHR,36110,35430,36110,35490,18176.884765625,269990,9581945100
2019-04-03,PHR,35770,34810,35360,35690,18281.345703125,417290,14893080100
2019-04-04,PHR,36590,35560,35560,36240,18559.921875,338950,12283548000
2019-04-05,PHR,36440,35690,36370,35970,18420.63671875,189230,6806603100
2019-04-08,PHR,36240,35360,36240,35560,18211.703125,322650,11473434000
2019-04-09,PHR,35430,34000,35360,34610,17724.201171875,1224850,42392058500
2019-04-10,PHR,35020,34060,34330,35020,17933.1328125,249900,8751498000
2019-04-11,PHR,35020,34260,35020,34880,17863.486328125,112320,3917721600
2019-04-12,PHR,34880,34210,34410,34880,17863.486328125,209790,7317475200
2019-04-16,PHR,34680,34140,34410,34330,17584.912109375,361240,12401369200
2019-04-17,PHR,34610,33660,34410,34330,17584.912109375,480670,16501401100
2019-04-18,PHR,34480,33860,34330,34000,17410.806640625,222580,7567720000
2019-04-19,PHR,34330,33790,34000,34000,17410.806640625,113590,3862060000
2019-04-22,PHR,34000,32430,34000,32980,16888.482421875,324190,10691786200
2019-04-23,PHR,33520,32630,33520,33320,17062.58984375,250700,8353324000
2019-04-24,PHR,34480,33320,33320,34480,17654.55859375,269540,9293739200
2019-04-25,PHR,34610,34000,34410,34210,17515.271484375,279930,9576405300
2019-04-26,PHR,35360,34000,34000,35360,18107.236328125,291840,10319462400
2019-05-02,PHR,35430,35020,35360,35080,17967.953125,360630,12650900400
2019-05-03,PHR,35150,34260,35080,34410,17619.734375,277170,9537419700
2019-05-06,PHR,34410,33450,33730,34410,17619.734375,868630,29889558300
2019-05-07,PHR,36040,34410,34540,35290,18072.41796875,335610,11843676900
2019-05-08,PHR,35290,34810,34960,35150,18002.775390625,95380,3352607000
2019-05-09,PHR,35220,34680,35220,35020,17933.1328125,145540,5096810800
2019-05-10,PHR,35020,33730,34810,34740,17793.845703125,175200,6086448000
2019-05-13,PHR,36780,34680,34740,36780,18838.494140625,1188060,43696846800
2019-05-14,PHR,38280,36710,36850,37740,19325.99609375,474460,17906120400
2019-05-15,PHR,38280,37600,37740,37670,19291.171875,391030,14730100100
2019-05-16,PHR,38280,37070,37400,37870,19395.638671875,496290,18794502300
2019-05-17,PHR,39030,37810,38070,37870,19395.638671875,759200,28750904000
2019-05-20,PHR,40450,37870,37870,40380,20684.0390625,829580,33498440400
2019-05-21,PHR,40790,39850,40790,39980,20475.107421875,305970,12232680600
2019-05-22,PHR,40330,39160,39160,39160,20057.25,338780,13266624800
2019-05-23,PHR,40790,38620,38900,40790,20892.96875,550000,22434500000
2019-05-24,PHR,41480,40250,40790,40250,20614.396484375,557880,22454670000
2019-05-27,PHR,41880,40250,40250,41880,21450.11328125,800660,33531640800
2019-05-28,PHR,42840,41820,41880,42160,21589.404296875,618000,26054880000
2019-05-29,PHR,42020,39440,41480,39440,20196.53515625,1367560,53936566400
2019-05-30,PHR,40250,38410,39440,39500,20231.357421875,609350,24069325000
2019-05-31,PHR,40120,37870,39700,38010,19465.283203125,715300,27188553000
2019-06-03,PHR,38070,36710,38010,36710,18803.671875,864810,31747175100
2019-06-04,PHR,37740,36710,36710,37400,19151.88671875,362560,13559744000
2019-06-05,PHR,38700,37740,38010,38490,19709.033203125,913440,35158305600
2019-06-06,PHR,39100,38150,38750,38410,19674.21484375,718310,27590287100
2019-06-07,PHR,39500,38620,38900,39440,20196.53515625,297400,11729456000
2019-06-10,PHR,40190,39500,40040,39780,20370.64453125,269580,10723892400
2019-06-11,PHR,40250,38700,40040,38700,19813.49609375,439470,17007489000
2019-06-12,PHR,39570,38410,38410,38620,19778.677734375,302280,11674053600
2019-06-13,PHR,39570,38820,39100,39100,20022.4296875,190920,7464972000
2019-06-14,PHR,39300,38070,39300,38070,19500.103515625,396540,15096277800
2019-06-17,PHR,38410,37400,38070,37940,19430.458984375,429580,16298265200
2019-06-18,PHR,38280,37870,38070,38070,19500.103515625,153270,5834988900
2019-06-19,PHR,39850,38220,39850,39850,20405.46484375,399630,15925255500
2019-06-20,PHR,40330,39910,39910,39980,20475.107421875,389590,15575808200
2019-06-21,PHR,40120,39570,40040,40040,20509.9296875,416810,16689072400
2019-06-24,PHR,40040,38700,39980,38750,19848.3203125,573230,22212662500
2019-06-25,PHR,39300,38550,38750,39030,19987.60546875,140140,5469664200
2019-06-26,PHR,39440,38950,39440,39370,20161.712890625,182540,7186599800
2019-06-27,PHR,39850,39160,39640,39160,20057.25,283890,11117132400
2019-06-28,PHR,41610,38820,39100,41610,21310.828125,395930,16474647300
2019-07-01,PHR,40660,40120,40450,40330,20649.216796875,308850,12455920500
2019-07-02,PHR,41080,40190,40330,40450,20718.861328125,468310,18943139500
2019-07-03,PHR,40930,40040,40450,40450,20718.861328125,404710,16370519500
2019-07-04,PHR,41750,40250,40250,41480,20718.861328125,922400,38261152000
2019-07-05,PHR,41820,41200,41550,41200,20718.861328125,555300,22878360000
2019-07-08,PHR,40450,39570,39780,39850,20405.46484375,607450,24206882500
2019-07-09,PHR,40530,39500,39780,40530,20405.46484375,1111380,45044231400
2019-07-10,PHR,41610,40530,40790,40660,20823.32421875,430010,17484206600
2019-07-11,PHR,41330,40380,40790,40660,20823.32421875,503470,20471090200
2019-07-12,PHR,41000,40530,40790,40590,20788.505859375,281240,11415531600
2019-07-15,PHR,41610,40590,40790,41330,21171.541015625,477440,19732595200
2019-07-16,PHR,42370,41480,41480,42080,21554.580078125,451350,18992808000
2019-07-17,PHR,42160,41610,42160,41820,21415.291015625,285070,11921627400
2019-07-18,PHR,43850,41670,41750,43790,22425.123046875,1006890,44091713100
2019-07-19,PHR,45970,44200,44880,44200,22634.048828125,775010,34255442000
2019-07-22,PHR,45890,44200,44200,45890,23504.58984375,944470,43341728300
2019-07-23,PHR,47520,46380,46440,47460,24305.486328125,1185960,56285661600
2019-07-24,PHR,48600,46570,47520,47930,24549.236328125,992290,47560459700
2019-07-25,PHR,48140,46770,47930,46770,24549.236328125,731890,34230495300
2019-07-26,PHR,47330,46440,46440,46930,24549.236328125,657120,30838641600
2019-07-29,PHR,47190,46380,46570,46640,24549.236328125,363620,16959236800
2019-07-30,PHR,47330,45890,46640,45890,24549.236328125,532880,24453863200
2019-07-31,PHR,47330,45420,45630,47330,24235.841796875,440800,20863064000
2019-08-01,PHR,49300,47600,47600,49090,25141.201171875,892670,43821170300
2019-08-02,PHR,50390,48960,48960,50310,25767.9921875,794670,39979847700
2019-08-05,PHR,51530,49360,50990,51410,26325.138671875,584510,30049659100
2019-08-06,PHR,52090,50450,50790,51200,26325.138671875,719900,36858880000
2019-08-07,PHR,51610,49980,50790,51410,26325.138671875,590390,30351949900
2019-08-08,PHR,51880,51130,51410,51130,26185.8515625,232050,11864716500
2019-08-09,PHR,52150,51200,51200,51200,26185.8515625,334520,17127424000
2019-08-12,PHR,51200,49300,51200,49300,25245.673828125,660450,32560185000
2019-08-13,PHR,49300,47390,49300,47600,24375.1328125,786510,37437876000
2019-08-14,PHR,48750,46570,47670,47050,24096.55859375,515280,24243924000
2019-08-15,PHR,48960,45890,46440,48960,25071.5625,965550,47273328000
2019-08-16,PHR,49640,48680,49430,48680,25071.5625,256200,12471816000
2019-08-19,PHR,49230,48600,48960,48820,25071.5625,176390,8611359800
2019-08-20,PHR,50520,49150,49640,50390,25071.5625,615840,31032177600
2019-08-21,PHR,50990,49640,50520,49710,25454.6015625,519950,25846714500
2019-08-22,PHR,50110,49150,49710,49710,25454.6015625,411940,20477537400
2019-08-23,PHR,50310,49090,49710,49090,25141.201171875,228090,11196938100
2019-08-26,PHR,49090,48140,49090,48140,24653.705078125,710580,34207321200
2019-08-27,PHR,48960,48140,48140,48270,24723.34765625,427860,20652802200
2019-08-28,PHR,48960,48010,48750,48560,24862.63671875,195860,9510961600
2019-08-29,PHR,48890,47670,48890,47670,24409.951171875,258740,12334135800
2019-08-30,PHR,48270,46930,48200,46930,24026.9140625,330770,15523036100
2019-09-03,PHR,46930,43660,46930,43660,22355.478515625,660630,28843105800
2019-09-04,PHR,42960,41200,46930,42760,21902.796875,731860,31294333600
2019-09-05,PHR,43590,42490,42760,42760,21902.796875,208660,8922301600
2019-09-06,PHR,43040,40510,42960,40510,20744.47265625,594400,24079144000
2019-09-09,PHR,40580,37690,40510,37690,19305.345703125,718840,27093079600
2019-09-10,PHR,38380,35090,36330,36540,18708.638671875,2003920,73223236800
2019-09-11,PHR,38250,37080,37900,37900,19410.65234375,534180,20245422000
2019-09-12,PHR,38860,37690,38320,37690,19305.345703125,738510,27834441900
2019-09-13,PHR,38250,37010,37500,37630,19270.24609375,621860,23400591800
2019-09-16,PHR,38180,37080,37690,37080,18989.443359375,700450,25972686000
2019-09-17,PHR,38040,36460,37140,37970,19445.748046875,534140,20281295800
2019-09-18,PHR,38660,37900,38380,38380,19656.35546875,552790,21216080200
2019-09-19,PHR,38940,38040,38730,38040,19480.849609375,258640,9838665600
2019-09-20,PHR,38250,37220,37840,37220,19059.642578125,320090,11913749800
2019-09-23,PHR,37840,36870,37220,36950,18919.2421875,348190,12865620500
2019-09-24,PHR,38250,36870,36870,38180,19551.0546875,363960,13895992800
2019-09-25,PHR,39670,38590,38590,39670,20323.265625,645890,25622456300
2019-09-26,PHR,40100,39550,40100,39620,20288.1640625,340580,13493779600
2019-09-27,PHR,41400,39620,39620,41400,21200.783203125,671930,27817902000
2019-09-30,PHR,42840,41610,41740,41810,21411.388671875,955740,39959489400
2019-10-01,PHR,42490,41610,42150,42080,21551.787109375,422700,17787216000
2019-10-02,PHR,42150,40640,41810,40640,20814.67578125,606000,24627840000
2019-10-03,PHR,41740,39750,39750,41260,21130.580078125,347620,14342801200
2019-10-04,PHR,42220,41470,41740,41670,21341.185546875,370290,15429984300
2019-10-07,PHR,42020,40430,42020,40920,20955.078125,272960,11169523200
2019-10-08,PHR,41470,40380,40920,40430,20709.375,394220,15938314600
2019-10-09,PHR,41740,40510,40720,41670,21341.185546875,317310,13222307700
2019-10-10,PHR,43250,41670,42080,42910,21972.994140625,624710,26806306100
2019-10-11,PHR,43520,42490,43190,42840,21937.896484375,358600,15362424000
2019-10-14,PHR,43120,41610,43120,41610,21306.083984375,375970,15644111700
2019-10-15,PHR,41260,40430,41130,41130,21060.380859375,415550,17091571500
2019-10-16,PHR,41740,40380,41060,40640,20814.67578125,348860,14177670400
2019-10-17,PHR,41810,40720,40840,41740,21376.28515625,277260,11572832400
2019-10-18,PHR,42020,41130,41740,41130,21060.380859375,186450,7668688500
2019-10-21,PHR,41610,40720,41400,41130,21060.380859375,236690,9735059700
2019-10-22,PHR,41130,40510,41130,41060,21025.28125,225500,9259030000
2019-10-23,PHR,41130,40430,41060,40510,20744.47265625,367690,14895121900
2019-10-24,PHR,42490,40580,40580,42490,21762.39453125,1142470,48543550300
2019-10-25,PHR,43040,42490,42760,42630,21832.595703125,354110,15095709300
2019-10-28,PHR,42840,41540,42490,41610,21306.083984375,342880,14267236800
2019-10-29,PHR,42080,40780,42080,41130,21060.380859375,349760,14385628800
2019-10-30,PHR,41400,40310,41130,40430,20709.375,684250,27664227500
2019-10-31,PHR,41060,40230,40430,40380,20674.2734375,503180,20318408400
2019-11-01,PHR,40840,40160,40160,40230,20604.0703125,288530,11607561900
2019-11-04,PHR,40380,39070,40230,39620,20288.1640625,813730,32239982600
2019-11-05,PHR,39670,38940,39420,39200,20077.560546875,466330,18280136000
2019-11-06,PHR,40580,39270,39420,40430,20709.375,312750,12644482500
2019-11-07,PHR,40780,39750,40430,39830,20393.46875,238980,9518573400
2019-11-08,PHR,40380,39480,39830,39890,20428.568359375,170200,6789278000
2019-11-11,PHR,40160,39620,40100,39670,20323.265625,412430,16361098100
2019-11-12,PHR,39750,38990,39670,38990,19972.259765625,405630,15815513700
2019-11-13,PHR,39200,37690,38990,37690,19305.345703125,828350,31220511500
2019-11-14,PHR,38450,37690,37690,37900,19410.65234375,338030,12811337000
2019-11-15,PHR,38660,37900,37900,38660,19796.755859375,336900,13024554000
2019-11-18,PHR,39200,38660,38940,38730,19831.857421875,243870,9445085100
2019-11-19,PHR,39960,38520,38730,39620,20288.1640625,357220,14153056400
2019-11-20,PHR,41260,39420,39620,40980,20990.177734375,827370,33905622600
2019-11-21,PHR,41260,40030,41130,40230,20604.0703125,649680,26136626400
2019-11-22,PHR,40510,39420,40310,39750,20358.3671875,367880,14623230000
2019-11-25,PHR,39750,38730,39270,39070,20007.359375,400670,15654176900
2019-11-26,PHR,39670,38590,38940,38660,19796.755859375,310580,12007022800
2019-11-27,PHR,38780,38450,38660,38520,19726.556640625,277470,10688144400
2019-11-28,PHR,39200,38380,38590,38940,19937.158203125,187440,7298913600
2019-11-29,PHR,39140,38730,38940,38940,19937.158203125,273750,10659825000
2019-12-02,PHR,38990,36330,38990,37010,18954.33984375,571820,21163058200
2019-12-03,PHR,38040,35650,35900,37430,18954.33984375,862410,32280006300
2019-12-04,PHR,37900,37010,37550,37690,18954.33984375,168630,6355664700
2019-12-05,PHR,38040,37350,37690,37630,18954.33984375,210950,7938048500
2019-12-06,PHR,37770,37140,37630,37140,19024.544921875,237940,8837091600
2019-12-09,PHR,37430,36870,37290,36870,18884.142578125,306550,11302498500
2019-12-10,PHR,37550,36330,36870,36870,18884.142578125,579180,21354366600
2019-12-11,PHR,37350,35090,37290,35300,18076.826171875,540470,19078591000
2019-12-12,PHR,35900,35300,35300,35650,18252.328125,699310,24930401500
2019-12-13,PHR,36330,35300,35650,35490,18182.126953125,522720,18551332800
2019-12-16,PHR,35700,35300,35570,35700,18287.427734375,200550,7159635000
2019-12-17,PHR,35900,35490,35700,35700,18287.427734375,149370,5332509000
2019-12-18,PHR,36600,35570,35650,35900,18392.73046875,311030,11165977000
2019-12-19,PHR,36050,34890,35570,35020,17936.423828125,483430,16929718600
2019-12-20,PHR,35900,32610,35020,32650,16725.451171875,1411640,46090046000
2019-12-23,PHR,33170,30430,32830,30710,15725.08203125,945750,29043982500
2019-12-24,PHR,30850,28870,30120,29380,15047.92578125,1425810,41890297800
2019-12-25,PHR,31300,29530,30050,30420,15574.603515625,342670,10424021400
2019-12-26,PHR,30990,29690,30080,29780,15254.833984375,362430,10793165400
2019-12-27,PHR,30420,29380,29380,29720,15217.2177734375,520590,15471934800
2019-12-30,PHR,30080,28130,29720,28280,14483.62890625,708280,20030158400
2019-12-31,PHR,28580,27720,27850,28060,14370.7685546875,644450,18083267000
2020-01-02,PHR,28870,27850,28060,28470,14577.6796875,381360,10857319200
2020-01-03,PHR,29890,28470,28470,29600,15160.787109375,591930,17521128000
2020-01-06,PHR,29690,28540,29690,28720,14709.34765625,403240,11581052800
2020-01-07,PHR,29010,28430,29010,28640,14671.7275390625,294820,8443644800
2020-01-08,PHR,28500,27290,28500,27550,14107.4306640625,599230,16508786500
2020-01-09,PHR,28940,28130,28210,28640,14671.7275390625,341570,9782564800
2020-01-10,PHR,29380,28280,28970,28580,14634.1083984375,445810,12741249800
2020-01-13,PHR,28470,28030,28470,28170,14427.19921875,227930,6420788100
2020-01-14,PHR,28430,27850,28170,28390,14540.05859375,299190,8494004100
2020-01-15,PHR,28430,28130,28390,28390,14540.05859375,115650,3283303500
2020-01-16,PHR,29820,28430,28580,29460,15085.5458984375,381300,11233098000
2020-01-17,PHR,30420,29380,29530,29500,15104.3564453125,176820,5216190000
2020-01-20,PHR,29820,28870,29690,28870,14784.5888671875,240610,6946410700
2020-01-21,PHR,29010,28540,29010,28600,14652.919921875,232700,6655220000
2020-01-22,PHR,29380,28500,28500,29380,15047.92578125,222560,6538812800
2020-01-30,PHR,29010,28430,29010,28640,14671.7275390625,136110,3898190400
2020-01-31,PHR,28640,26710,28430,26710,13674.8046875,412930,11029360300
2020-02-03,PHR,26070,24860,25710,25050,12828.357421875,1337560,33505878000
2020-02-04,PHR,26040,24390,25050,24390,12489.78125,495830,12093293700
2020-02-05,PHR,24970,24390,24390,24720,12659.0693359375,696600,17219952000
2020-02-06,PHR,26440,24720,24720,26440,13543.1337890625,526270,13914578800
2020-02-07,PHR,28280,26440,27110,28280,14483.62890625,553880,15663726400
2020-02-10,PHR,28210,27550,27910,27990,14333.150390625,271640,7603203600
2020-02-11,PHR,28940,27800,27990,28580,14634.1083984375,243290,6953228200
2020-02-12,PHR,29200,28640,28640,29010,14859.828125,408190,11841591900
2020-02-13,PHR,30050,28940,29090,29530,15123.166015625,321740,9500982200
2020-02-14,PHR,29980,29380,29530,29530,15123.166015625,195540,5774296200
2020-02-17,PHR,29820,28940,29530,29010,14859.828125,245050,7108900500
2020-02-18,PHR,31030,28720,28720,31030,15894.3740234375,687970,21347709100
2020-02-19,PHR,32910,31030,31590,32240,16515.099609375,778880,25111091200
2020-02-20,PHR,34490,31810,32689,34490,17662.505859375,1162040,40078759600
2020-02-21,PHR,35260,34450,34490,34670,17756.5546875,695560,24115065200
2020-02-24,PHR,36280,32840,33790,35260,18057.51171875,1145220,40380457200
2020-02-25,PHR,35630,33280,34960,33280,17041.7734375,759120,25263513600
2020-02-26,PHR,34380,32320,32549,32950,16872.486328125,580610,19131099500
2020-02-27,PHR,33530,32800,33060,33280,17041.7734375,406130,13516006400
2020-02-28,PHR,35260,32030,32800,34670,17756.5546875,1151440,39920424800
2020-03-02,PHR,34900,34160,34740,34380,17606.07421875,587390,20194468200
2020-03-03,PHR,34900,34230,34530,34530,17681.314453125,762450,26327398500
2020-03-04,PHR,34530,34160,34160,34230,17681.314453125,327040,11194579200
2020-03-05,PHR,35550,34300,34300,35040,17944.650390625,886400,31059456000
2020-03-06,PHR,35410,34670,35120,35150,18001.083984375,274480,9647972000
2020-03-09,PHR,34160,32729,33060,32729,16759.62890625,959210,31393984090
2020-03-10,PHR,33790,31260,31590,32770,16778.435546875,772370,25310564900
2020-03-11,PHR,33460,31220,33350,32689,16740.822265625,683620,22346854180
2020-03-12,PHR,31510,30420,30850,30420,15574.603515625,1203210,36601648200
2020-03-13,PHR,30810,28360,28360,30120,15424.1240234375,606470,18266876400
2020-03-16,PHR,30490,29380,30120,30490,15612.2236328125,429260,13088137400
2020-03-17,PHR,31140,29380,29460,31070,15913.18359375,311860,9689490200
2020-03-18,PHR,31670,30630,31070,30630,15687.4619140625,419050,12835501500
2020-03-19,PHR,30380,29750,29750,30120,15424.1240234375,265330,7991739600
2020-03-20,PHR,30340,29530,29890,30340,15536.986328125,262160,7953934400
2020-03-23,PHR,29380,28240,29380,28240,14464.8203125,511120,14434028800
2020-03-24,PHR,28360,26810,27110,27320,13994.5712890625,386200,10550984000
2020-03-25,PHR,28640,27850,28360,28580,14634.1083984375,296130,8463395400
2020-03-26,PHR,28360,27630,28360,27670,14163.8603515625,348010,9629436700
2020-03-27,PHR,27630,26070,27470,27110,13881.712890625,262280,7110410800
2020-03-30,PHR,25710,25230,25330,25230,12922.408203125,416950,10519648500
2020-03-31,PHR,25670,23510,25230,24240,12414.5390625,512140,12414273600
2020-04-01,PHR,25560,23880,23880,25330,12978.837890625,194510,4926938300
2020-04-03,PHR,26810,25330,25330,26710,13674.8046875,476740,12733725400
2020-04-06,PHR,28540,27180,27180,28540,14615.2978515625,893590,25503058600
2020-04-07,PHR,29380,28280,29380,29310,15010.3076171875,736370,21583004700
2020-04-08,PHR,29750,28060,28640,29750,15236.025390625,520820,15494395000
2020-04-09,PHR,30450,29600,29600,29890,15311.2666015625,1030490,30801346100
2020-04-10,PHR,31300,29420,29980,30780,15762.703125,661330,20355737400
2020-04-13,PHR,30990,30150,30560,30150,15442.935546875,394240,11886336000
2020-04-14,PHR,30300,29310,30150,30050,15386.5068359375,627900,18868395000
2020-04-15,PHR,32030,30490,30490,31360,16063.6611328125,653720,20500659200
2020-04-16,PHR,31670,31070,31220,31480,16120.0908203125,488500,15377980000
2020-04-17,PHR,32689,31730,31950,32549,16665.578125,1097400,35719272600
2020-04-20,PHR,33060,31590,33020,32110,16439.857421875,618920,19873521200
2020-04-21,PHR,31550,29980,31260,30190,15461.7470703125,1074660,32443985400
2020-04-22,PHR,31670,29460,29460,30850,15800.3212890625,877050,27056992500
2020-04-23,PHR,31590,30850,31550,30850,15800.3212890625,406400,12537440000
2020-04-24,PHR,31910,30780,30850,31670,16214.1416015625,834020,26413413400
2020-04-27,PHR,33860,31810,32030,33680,17248.689453125,2937820,98945777600
2020-04-28,PHR,34080,32990,33940,33680,17248.689453125,733400,24700912000
2020-04-29,PHR,33720,33200,33200,33200,17248.689453125,479530,15920396000
2020-05-04,PHR,32870,31670,32320,31810,16289.3779296875,1462030,46507174300
2020-05-05,PHR,32590,31730,31950,32360,16571.53125,798780,25848520800
2020-05-06,PHR,33130,32180,32600,32990,16891.296875,981900,32392881000
2020-05-07,PHR,33390,32990,33060,33200,17004.158203125,1114050,36986460000
2020-05-08,PHR,33650,32360,33350,32430,16609.146484375,2183120,70798581600
2020-05-11,PHR,33020,32240,32840,32840,16816.05859375,1412250,46378290000
2020-05-12,PHR,33860,32320,32840,33790,17305.115234375,2222720,75105708800
2020-05-13,PHR,34900,33200,33790,34230,17530.83203125,1884490,64506092700
2020-05-14,PHR,33940,32400,33790,32689,16740.822265625,3482550,113841076950
2020-05-15,PHR,33060,32280,32770,32320,16740.822265625,1616980,52260793600
2020-05-18,PHR,32770,31510,32180,32729,16740.822265625,1396460,45704739340
2020-05-19,PHR,33280,32689,33060,32729,17041.7734375,1296630,42437403270
2020-05-20,PHR,33350,32590,32590,33280,17041.7734375,1117340,37185075200
2020-05-21,PHR,34080,33350,33420,33790,17305.115234375,1803250,60931817500
2020-05-22,PHR,34120,33390,33790,33420,17117.017578125,1173980,39234411600
2020-05-25,PHR,35740,33420,33420,35740,18302.0390625,3142600,112316524000
2020-05-26,PHR,38120,36400,37030,37680,19524.68359375,2889580,108879374400
2020-05-27,PHR,37830,35990,37760,35990,18433.7109375,2373900,85436661000
2020-05-28,PHR,37310,35630,36070,36730,18809.908203125,2435010,89437917300
2020-05-29,PHR,37470,36430,36870,37390,19148.486328125,1194140,44648894600
2020-06-01,PHR,38940,37470,37470,38940,19938.501953125,1763310,68663291400
2020-06-02,PHR,39300,37310,39220,37530,19223.7265625,2005520,75267165600
2020-06-03,PHR,40110,37530,37530,40030,20502.796875,2900680,116114220400
2020-06-04,PHR,41130,39150,40550,39450,20201.84375,1807500,71305875000
2020-06-05,PHR,40250,38940,39150,40110,20540.421875,869090,34859199900
2020-06-08,PHR,40840,39740,40110,40180,20540.421875,1701560,68368680800
2020-06-09,PHR,40770,39300,40030,39450,20540.421875,1190660,46971537000
2020-06-10,PHR,39740,38270,39380,39220,20088.982421875,1417920,55610822400
2020-06-11,PHR,39960,36730,39220,36730,18809.908203125,2363420,86808416600
2020-06-12,PHR,37310,35260,35260,37250,19073.248046875,1913100,71262975000
2020-06-15,PHR,38040,35670,37390,35880,18377.27734375,1222390,43859353200
2020-06-16,PHR,37310,36180,36730,36870,18885.146484375,959000,35358330000
2020-06-17,PHR,37530,36470,37030,36730,18809.908203125,684390,25137644700
2020-06-18,PHR,38040,36370,36660,37760,19336.583984375,896160,33839001600
2020-06-19,PHR,38410,37980,38040,38410,19675.162109375,865480,33243086800
2020-06-22,PHR,39220,38210,38410,38640,19788.0234375,856220,33084340800
2020-06-23,PHR,38940,37470,38410,38270,19599.923828125,1245440,47662988800
2020-06-24,PHR,38410,37160,38270,37160,19035.625,929620,34544679200
2020-06-25,PHR,37610,36370,36730,37160,19035.625,626690,23287800400
2020-06-26,PHR,37830,36870,37760,37470,19186.107421875,493250,18482077500
2020-06-29,PHR,37310,36430,37100,36510,18697.048828125,584580,21343015800
2020-06-30,PHR,37100,35780,37100,36510,18697.048828125,646710,23611382100
2020-07-01,PHR,37830,36430,36510,37830,19374.20703125,821540,31078858200
2020-07-02,PHR,39220,37760,38040,38720,19825.642578125,1444430,55928329600
2020-07-03,PHR,39450,38640,38940,38640,19788.0234375,889420,34367188800
2020-07-06,PHR,39090,38640,38720,38720,19825.642578125,583920,22609382400
2020-07-07,PHR,40030,38780,39150,38940,19938.501953125,1455000,56657700000
2020-07-08,PHR,39670,38570,38940,39670,20314.701171875,1123750,44579162500
2020-07-09,PHR,40030,39300,40030,39450,20201.84375,1252690,49418620500
2020-07-10,PHR,39300,38270,39300,38860,20201.84375,1339580,52056078800
2020-07-13,PHR,38940,38120,38860,38340,19637.544921875,907450,34791633000
2020-07-14,PHR,38940,38120,38270,38940,19938.501953125,587370,22872187800
2020-07-15,PHR,39220,38640,38940,38720,19938.501953125,496050,19207056000
2020-07-16,PHR,38940,38340,38940,38640,19788.0234375,391220,15116740800
2020-07-17,PHR,40030,38340,38640,39450,20201.84375,2220270,87589651500
2020-07-20,PHR,40400,38940,39740,39220,20088.982421875,1395410,54727980200
2020-07-21,PHR,40250,38940,39380,40250,20615.658203125,1907660,76783315000
2020-07-22,PHR,40990,39670,40620,39890,20427.55859375,1561650,62294218500
2020-07-23,PHR,40180,39220,39820,40030,20502.796875,814140,32590024200
2020-07-24,PHR,40700,37470,40250,38720,19825.642578125,3233330,125194537600
2020-07-27,PHR,38410,36040,38270,36040,18452.521484375,2669980,96226079200
2020-07-28,PHR,37980,36430,37030,37830,19374.20703125,1368150,51757114500
2020-07-29,PHR,37250,35260,36870,37250,19073.248046875,2593410,96604522500
2020-07-30,PHR,37610,37030,37310,37100,18998.0078125,911760,33826296000
2020-07-31,PHR,37470,36370,36590,36730,18809.908203125,1017640,37377917200
2020-08-03,PHR,37910,36730,36730,37830,19374.20703125,981510,37130523300
2020-08-04,PHR,38410,37760,37830,38040,19487.064453125,825130,31387945200
2020-08-05,PHR,39300,37680,38040,38940,19938.501953125,1878560,73151126400
2020-08-06,PHR,39090,38410,38940,38720,19825.642578125,869730,33675945600
2020-08-07,PHR,39150,38640,38720,38860,19900.8828125,944690,36710653400
2020-08-10,PHR,40250,38860,39220,39670,20314.701171875,2348110,93149523700
2020-08-11,PHR,40110,39300,39960,39450,20201.84375,1284760,50683782000
2020-08-12,PHR,39590,39000,39450,39380,20164.22265625,972130,38282479400
2020-08-13,PHR,39670,39090,39450,39450,20201.84375,1022060,40320267000
2020-08-14,PHR,40400,39380,39520,39670,20314.701171875,1835810,72826582700
2020-08-17,PHR,39890,39150,39670,39670,20314.701171875,746150,29599770500
2020-08-18,PHR,39890,39520,39820,39740,20352.3203125,845550,33602157000
2020-08-19,PHR,42080,39740,39740,42080,21556.15625,4381730,184383198400
2020-08-20,PHR,42830,41650,42080,42310,21669.015625,2485510,105161928100
2020-08-21,PHR,43490,42170,42170,43260,22158.07421875,2241600,96971616000
2020-08-24,PHR,43340,42600,43340,42960,22007.59375,1930640,82940294400
2020-08-25,PHR,43340,42600,43130,42680,21857.111328125,1152780,49200650400
2020-08-26,PHR,44010,42390,42680,42960,22007.59375,1718370,73821175200
2020-08-27,PHR,43560,42900,42960,43260,22158.07421875,716960,31015689600
2020-08-28,PHR,43700,42600,43420,42600,21819.49609375,1443570,61496082000
2020-08-31,PHR,42600,41290,42460,41510,21255.197265625,2269640,94212756400
2020-09-01,PHR,42390,41350,41430,42310,21669.015625,930280,39360146800
2020-09-03,PHR,42830,42080,42830,42310,21669.015625,980640,41490878400
2020-09-04,PHR,42760,41650,41870,42600,21819.49609375,1280320,54541632000
2020-09-07,PHR,43050,41870,42600,41870,21443.294921875,974090,40785148300
2020-09-08,PHR,42310,41650,41870,42240,21631.39453125,597820,25251916800
2020-09-09,PHR,43340,41720,42020,42830,21932.3515625,1139550,48806926500
2020-09-10,PHR,43560,42830,43260,42960,22007.59375,1134500,48738120000
2020-09-11,PHR,43260,42760,42900,42960,22007.59375,628720,27009811200
2020-09-14,PHR,43700,42830,42960,43650,22346.169921875,1321220,57671253000
2020-09-15,PHR,44010,43490,44010,43490,22270.93359375,817690,35561338100
2020-09-16,PHR,43650,43050,43490,43050,22045.212890625,559130,24070546500
2020-09-17,PHR,43260,42240,43050,42600,21819.49609375,1039960,44302296000
2020-09-18,PHR,42760,42390,42680,42530,21781.873046875,577420,24557672600
2020-09-21,PHR,42830,42170,42600,42240,21631.39453125,1154580,48769459200
2020-09-22,PHR,42830,41870,41950,42240,21631.39453125,704290,29749209600
2020-09-23,PHR,43050,42080,42240,42960,22007.59375,954060,40986417600
2020-09-24,PHR,43340,42600,42900,42960,22007.59375,661940,28436942400
2020-09-25,PHR,43130,42390,43130,42680,21857.111328125,672330,28695044400
2020-09-28,PHR,42830,42240,42830,42600,21819.49609375,722690,30786594000
2020-09-29,PHR,42760,41580,42600,41720,21368.052734375,1495930,62410199600
2020-09-30,PHR,43420,41580,41650,42830,21932.3515625,1767490,75701596700
2020-10-01,PHR,43340,42760,42830,42830,21932.3515625,656760,28129030800
2020-10-02,PHR,42960,41650,42830,42460,21744.25390625,892530,37896823800
2020-10-05,PHR,43340,42390,42390,43130,22082.830078125,1078280,46506216400
2020-10-06,PHR,43700,42900,43340,43130,22082.830078125,906020,39076642600
2020-10-07,PHR,43340,42830,43130,43050,22045.212890625,708270,30491023500
2020-10-08,PHR,43050,42240,43050,42680,21857.111328125,676930,28891372400
2020-10-09,PHR,42960,42310,42960,42460,21744.25390625,669920,28444803200
2020-10-12,PHR,42170,40920,42020,41130,21067.099609375,3054660,125638165800
2020-10-13,PHR,41510,40770,40770,41350,21179.95703125,762820,31542607000
2020-10-14,PHR,41720,40840,41430,40840,20916.619140625,705660,28819154400
2020-10-15,PHR,40990,39670,40840,40030,20502.796875,1906510,76317595300
2020-10-16,PHR,41350,39450,40030,40620,20803.76171875,933370,37913489400
2020-10-19,PHR,41210,40400,40990,40620,20803.76171875,385320,15651698400
2020-10-20,PHR,40700,39820,40400,40400,20690.896484375,905300,36574120000
2020-10-21,PHR,40840,39890,40110,39890,20427.55859375,547030,21821026700
2020-10-22,PHR,40250,39820,39890,40180,20578.04296875,361140,14510605200
2020-10-23,PHR,40920,40250,40470,40770,20878.998046875,587880,23967867600
2020-10-26,PHR,42170,40920,40920,41510,21255.197265625,1545180,64140421800
2020-10-27,PHR,42020,41130,41210,41130,21067.099609375,657770,27054080100
2020-10-28,PHR,41870,40470,41510,40550,20766.13671875,626470,25403358500
2020-10-29,PHR,40770,39890,40110,40250,20615.658203125,638600,25703650000
2020-10-30,PHR,40770,40110,40620,40470,20728.51953125,351170,14211849900
2020-11-02,PHR,41720,40470,40470,41350,21179.95703125,546190,22584956500
2020-11-03,PHR,42080,41070,41580,41950,21480.9140625,813470,34125066500
2020-11-04,PHR,42760,41870,42240,42600,21819.49609375,1103600,47013360000
2020-11-05,PHR,42460,41510,42170,41720,21368.052734375,640740,26731672800
2020-11-06,PHR,42080,41430,41720,41950,21480.9140625,425240,17838818000
2020-11-09,PHR,42460,41950,42170,42460,21744.25390625,841330,35722871800
2020-11-10,PHR,45180,42530,42960,44660,22872.84765625,3130900,139825994000
2020-11-11,PHR,45690,44380,44660,45480,23286.66796875,1635830,74397548400
2020-11-12,PHR,45910,44810,45910,45030,23060.943359375,854720,38488041600
2020-11-13,PHR,45690,44660,45030,45100,23098.56640625,1329260,59949626000
2020-11-16,PHR,45840,44810,45620,44890,22985.7109375,1470050,65990544500
2020-11-17,PHR,46130,44950,44950,45910,23512.38671875,1219730,55997804300
2020-11-18,PHR,47160,45840,45910,46430,23775.724609375,1379770,64062721100
2020-11-19,PHR,47010,46210,46500,46940,24039.060546875,1275430,59868684200
2020-11-20,PHR,47820,46940,47010,47450,24302.40234375,1183520,56158024000
2020-11-23,PHR,48120,47450,47670,47750,24452.880859375,1484070,70864342500
2020-11-24,PHR,48040,44440,48040,47610,24377.640625,2178220,103705054200
2020-11-25,PHR,48040,46270,47750,46270,23700.486328125,1180000,54598600000
2020-11-26,PHR,46790,45910,45910,45990,23550.001953125,748170,34408338300
2020-11-27,PHR,46790,45910,46270,46640,23888.5859375,734100,34238424000
2020-11-30,PHR,47820,46570,46940,46570,23850.96484375,851600,39659012000
2020-12-01,PHR,47380,45910,46210,46640,23888.5859375,875900,40851976000
2020-12-02,PHR,47310,46640,46640,46940,24039.060546875,1097820,51531670800
2020-12-03,PHR,48480,47010,47160,47820,24490.501953125,1252550,59896941000
2020-12-04,PHR,48480,47520,47900,47970,24565.740234375,925430,44392877100
2020-12-07,PHR,48480,47750,48480,48040,24603.359375,811830,39000313200
2020-12-08,PHR,48040,47450,47900,47750,24452.880859375,796490,38032397500
2020-12-09,PHR,48520,47670,48520,47980,24570.2578125,812700,38993346000
2020-12-10,PHR,47750,46220,47600,46220,23670.388671875,1729470,79936103400
2020-12-11,PHR,47510,46070,46290,47360,24257.259765625,1117960,52946585600
2020-12-14,PHR,47750,47140,47750,47670,24413.7578125,520080,24792213600
2020-12-15,PHR,49280,47300,47670,48820,25000.625,1956140,95498754800
2020-12-16,PHR,49500,48660,49050,48820,25000.625,763090,37254053800
2020-12-17,PHR,48820,47750,48820,48050,24609.380859375,828490,39808944500
2020-12-18,PHR,48970,47980,48140,48820,25000.625,876460,42788777200
2020-12-21,PHR,49740,48660,49280,49050,25118.001953125,932060,45717543000
2020-12-22,PHR,50800,48900,48970,50570,25900.4921875,1296050,65541248500
2020-12-23,PHR,51190,48740,51190,50340,25783.1171875,527470,26552839800
2020-12-24,PHR,49660,47210,49350,48900,25039.75,1039870,50849643000
2020-12-25,PHR,49280,47360,48140,49200,25196.248046875,782780,38512776000
2020-12-28,PHR,49660,48280,49050,49200,25196.248046875,789540,38845368000
2020-12-29,PHR,49350,48660,49200,48900,25039.75,812040,39708756000
2020-12-30,PHR,48900,48370,48900,48820,25000.625,789950,38565359000
2020-12-31,PHR,48820,47980,48820,48140,24648.50390625,625570,30114939800
2021-01-04,PHR,48900,48140,48140,48580,24883.251953125,915300,44465274000
2021-01-05,PHR,49580,48280,48520,49110,25157.125,1671400,82082454000
2021-01-06,PHR,50260,49050,49500,49580,25391.869140625,878200,43541156000
2021-01-07,PHR,49810,48970,49810,49200,25196.248046875,685800,33741360000
2021-01-08,PHR,50650,49200,49200,50030,25626.62109375,1720800,86091624000
2021-01-11,PHR,51940,50570,50570,51720,26487.359375,1669000,86320680000
2021-01-12,PHR,53790,52710,53480,53400,27348.1015625,1408500,75213900000
2021-01-13,PHR,53320,52180,53090,53090,27191.6015625,1114900,59190041000
2021-01-14,PHR,53090,52110,53090,52940,27113.353515625,762500,40366750000
2021-01-15,PHR,53710,52260,52940,53710,27504.6015625,1181600,63463736000
2021-01-18,PHR,55000,52790,54320,53860,27582.8515625,1201000,64685860000
2021-01-19,PHR,53860,50120,53860,51570,26409.111328125,1096500,56546505000
2021-01-20,PHR,51940,48140,51570,51480,26369.98828125,903900,46532772000
2021-01-21,PHR,51800,50030,51480,51720,26487.359375,1225800,63398376000
2021-01-22,PHR,51570,49970,51190,50340,25783.1171875,1161800,58485012000
2021-01-25,PHR,50730,49500,50420,49970,25587.4921875,894800,44713156000
2021-01-26,PHR,49880,46530,49880,48900,25039.75,826200,40401180000
2021-01-27,PHR,48200,45540,46600,47900,24531.12890625,1409700,67524630000
2021-01-28,PHR,45370,44610,44610,44610,22848.771484375,1530400,68271144000
2021-01-29,PHR,44610,41560,41560,44610,22848.771484375,1783700,79570857000
2021-02-01,PHR,44610,42020,44610,43010,22027.154296875,858500,36924085000
2021-02-02,PHR,44150,41950,41950,43690,22379.27734375,520000,22718800000
2021-02-03,PHR,45000,43470,43930,44850,22966.146484375,862900,38701065000
2021-02-04,PHR,45460,44310,45080,44690,22887.8984375,1097100,49029399000
2021-02-05,PHR,45370,44310,44690,44770,22927.0234375,779800,34911646000
2021-02-08,PHR,44920,42020,44770,43850,22457.5234375,821600,36027160000
2021-02-09,PHR,44230,42780,43550,44150,22457.5234375,819300,36172095000
2021-02-17,PHR,46680,44230,44470,46530,23826.884765625,788500,36688905000
2021-02-18,PHR,47600,46000,46530,47300,24218.134765625,1085400,51339420000
2021-02-19,PHR,47300,46530,46600,46970,24061.63671875,636500,29896405000
2021-02-22,PHR,47670,46600,47210,47360,24257.259765625,1197500,56713600000
2021-02-23,PHR,47440,46830,47360,47360,24257.259765625,921900,43661184000
2021-02-24,PHR,47830,46290,47510,46970,24257.259765625,987200,46368784000
2021-02-25,PHR,47140,46000,47060,46600,24257.259765625,949200,44232720000
2021-02-26,PHR,46680,45840,45840,46600,23866.01171875,735100,34255660000
2021-03-01,PHR,47440,46380,46600,47060,24100.76171875,717900,33784374000
2021-03-02,PHR,48370,46970,47210,48280,24726.751953125,2225100,107427828000
2021-03-03,PHR,49200,48280,48280,48580,24883.251953125,1082500,52587850000
2021-03-04,PHR,48580,46680,48200,48580,24883.251953125,908900,44154362000
2021-03-05,PHR,48050,47060,47360,47980,24570.2578125,863300,41421134000
2021-03-08,PHR,48520,47140,48050,47440,24296.384765625,964400,45751136000
2021-03-09,PHR,47210,46380,47060,46970,24061.63671875,808600,37979942000
2021-03-10,PHR,48140,46380,46380,47980,24570.2578125,1040000,49899200000
2021-03-11,PHR,48660,47360,48520,47750,24452.8828125,721600,34456400000
2021-03-12,PHR,48050,47360,48050,47360,24257.259765625,670300,31745408000
2021-03-15,PHR,47830,47060,47360,47140,24139.884765625,670300,31597942000
2021-03-16,PHR,47360,46600,47140,46920,24022.509765625,565300,26523876000
2021-03-17,PHR,47360,46760,46760,46970,24061.63671875,370900,17421173000
2021-03-18,PHR,47510,47060,47210,47060,24100.76171875,721100,33934966000
2021-03-19,PHR,47980,46920,46970,47980,24570.2578125,1118700,53675226000
2021-03-22,PHR,48520,47440,48140,47510,24335.5078125,465200,22101652000
2021-03-23,PHR,47900,46830,47510,46970,24061.63671875,624500,29332765000
2021-03-24,PHR,46830,44690,46530,45080,23083.521484375,796000,35883680000
2021-03-25,PHR,45460,44540,45080,44690,22887.8984375,555300,24816357000
2021-03-26,PHR,44690,42630,44310,44230,22653.1484375,950500,42040615000
2021-03-29,PHR,45080,44010,44610,45000,23044.39453125,609600,27432000000
2021-03-30,PHR,45370,44920,45080,45080,23083.521484375,353100,15917748000
2021-03-31,PHR,45080,44470,45080,44610,22848.771484375,498300,22229163000
2021-04-01,PHR,45460,44540,44540,45370,23240.017578125,381400,17304118000
2021-04-02,PHR,46220,45150,46220,45690,23396.515625,508300,23224227000
2021-04-05,PHR,46450,45300,46450,45540,23318.267578125,469000,21358260000
2021-04-06,PHR,45540,45150,45460,45150,23122.64453125,380200,17166030000
2021-04-07,PHR,46600,44850,45150,46220,23670.388671875,509700,23558334000
2021-04-08,PHR,46140,45460,46070,45610,23357.392578125,252000,11493720000
2021-04-09,PHR,46140,45610,45690,45610,23357.392578125,360700,16451527000
2021-04-12,PHR,45760,45150,45610,45460,23279.142578125,384400,17474824000
2021-04-13,PHR,45150,44310,45080,44390,22731.400390625,895700,39760123000
2021-04-14,PHR,44230,43470,44230,43770,22418.40234375,1125700,49271889000
2021-04-15,PHR,44080,42330,43930,42630,21831.533203125,1106400,47165832000
2021-04-16,PHR,42630,40940,42550,41100,21049.041015625,1122700,46142970000
2021-04-19,PHR,42780,41100,41630,41950,21479.408203125,555600,23307420000
2021-04-20,PHR,42630,41180,42170,41410,21205.5390625,534500,22133645000
2021-04-22,PHR,41630,39500,41410,39500,20227.423828125,666600,26330700000
2021-04-23,PHR,40110,38040,39720,40110,20540.419921875,646200,25919082000
2021-04-26,PHR,40870,39340,40870,39660,20305.671875,384100,15233406000
2021-04-27,PHR,40030,38210,39720,38210,19562.306640625,652100,24916741000
2021-04-28,PHR,40260,38350,38890,39660,20305.671875,389400,15443604000
2021-04-29,PHR,41100,39660,39720,40730,20853.419921875,393000,16006890000
2021-05-04,PHR,40260,38890,39720,38950,19953.552734375,605200,23572540000
2021-05-05,PHR,40110,38950,38950,39660,20305.671875,926600,36748956000
2021-05-06,PHR,39660,38950,39660,39130,20031.80078125,896300,35072219000
2021-05-07,PHR,38950,38080,38950,38210,19562.306640625,648100,24763901000
2021-05-10,PHR,39880,37820,38210,39570,20266.546875,879900,34817643000
2021-05-11,PHR,40490,39130,39660,39880,20423.046875,753900,30065532000
2021-05-12,PHR,41790,39810,39880,41790,21401.1640625,1274000,53240460000
2021-05-13,PHR,42480,41260,41630,41260,21127.291015625,735800,30359108000
2021-05-14,PHR,41410,40030,41260,40030,20501.294921875,664300,26591929000
2021-05-17,PHR,40790,38590,39960,38660,19797.05078125,904000,34948640000
2021-05-18,PHR,39720,38420,38660,38950,19953.552734375,603000,23486850000
2021-05-19,PHR,39340,38890,38950,38950,19953.552734375,329300,12826235000
2021-05-20,PHR,39040,38500,38950,38500,19718.802734375,686900,26445650000
2021-05-21,PHR,39880,38270,38420,39340,20149.173828125,537100,21129514000
2021-05-24,PHR,41790,40400,40490,41710,21362.037109375,1292200,53897662000
2021-05-25,PHR,42250,41260,42170,41710,21362.037109375,1060100,44216771000
2021-05-26,PHR,42090,40940,42020,40940,20970.791015625,1010900,41386246000
2021-05-27,PHR,41710,40350,40940,40490,20736.044921875,797000,32270530000
2021-05-28,PHR,41490,40350,40490,41030,21009.91796875,468400,19218452000
2021-05-31,PHR,41860,40260,41100,41560,21283.787109375,750100,31174156000
2021-06-01,PHR,42400,41030,41630,41030,21009.91796875,762600,31289478000
2021-06-02,PHR,41630,40110,41030,40350,20657.796875,817600,32990160000
2021-06-03,PHR,41030,40190,40640,40940,20970.791015625,1070500,43826270000
2021-06-04,PHR,42400,41030,41260,42330,21675.03125,1087100,46016943000
2021-06-07,PHR,44310,42780,42780,43470,22261.90234375,1402900,60984063000
2021-06-08,PHR,43930,42020,43550,42400,22261.90234375,901500,38223600000
2021-06-09,PHR,42400,41630,41710,42020,21518.53515625,770700,32384814000
2021-06-10,PHR,42250,40870,42020,41180,21088.1640625,758700,31243266000
2021-06-11,PHR,42020,41260,41260,41410,21205.5390625,641700,26572797000
2021-06-14,PHR,42170,41410,42020,41790,21401.1640625,637100,26624409000
2021-06-15,PHR,43690,41860,42170,43240,22144.529296875,1384300,59857132000
2021-06-16,PHR,43930,42400,43550,43310,22183.654296875,919500,39823545000
2021-06-17,PHR,45460,42940,43310,45460,23279.142578125,1999300,90888178000
2021-06-18,PHR,46220,44850,46220,45080,23083.521484375,1096500,49430220000
2021-06-21,PHR,45230,44150,44850,44470,22770.525390625,958700,42633389000
2021-06-22,PHR,44920,43850,44540,43850,22457.5234375,975000,42753750000
2021-06-23,PHR,44150,42780,43850,43310,22183.654296875,854000,36986740000
2021-06-24,PHR,44310,42710,43240,43930,22496.654296875,652500,28664325000
2021-06-25,PHR,44150,43310,43930,43550,22301.029296875,441200,19214260000
2021-06-28,PHR,44230,43400,43690,43850,22457.5234375,817900,35864915000
2021-06-29,PHR,44310,43550,43850,43690,22379.27734375,497000,21713930000
2021-06-30,PHR,43770,43240,43690,43240,22144.529296875,473500,20474140000
2021-07-01,PHR,43690,42780,43240,43310,22183.654296875,907500,39303825000
2021-07-02,PHR,43550,42780,43550,42860,21948.90625,839400,35976684000
2021-07-05,PHR,42860,40570,42710,41100,21948.90625,1335500,54889050000
2021-07-06,PHR,41630,38270,41100,38660,21948.90625,1584500,61256770000
2021-07-07,PHR,39810,38500,38950,39810,21948.90625,880800,35064648000
2021-07-08,PHR,40030,38740,39880,39570,21948.90625,762800,30183996000
2021-07-09,PHR,39340,38500,39190,38800,19875.302734375,815300,31633640000
2021-07-12,PHR,38740,36370,38660,36750,19875.302734375,1346600,49487550000
2021-07-13,PHR,37580,36670,37440,37510,19210.18359375,460500,17273355000
2021-07-14,PHR,37690,36130,37690,36670,19210.18359375,600700,22027669000
2021-07-15,PHR,37580,36440,36670,37580,19249.30859375,373200,14024856000
2021-07-16,PHR,37820,37290,37510,37820,19249.30859375,345300,13059246000
2021-07-19,PHR,37440,36130,36740,36250,18564.626953125,715800,25947750000
2021-07-20,PHR,37580,35980,36670,37580,19249.30859375,730000,27433400000
2021-07-21,PHR,38010,37440,37740,37440,19171.060546875,428200,16031808000
2021-07-22,PHR,38120,37290,37290,38010,19464.494140625,477200,18138372000
2021-07-23,PHR,38210,37510,38120,37580,19249.30859375,294400,11063552000
2021-07-26,PHR,37400,36670,37060,37290,19092.8125,458200,17086278000
2021-07-27,PHR,37820,36670,37820,37290,19092.8125,474200,17682918000
2021-07-28,PHR,37440,37060,37060,37200,19053.685546875,257400,9575280000
2021-07-29,PHR,37580,37060,37580,37200,19053.685546875,376900,14020680000
2021-07-30,PHR,38120,37360,37580,38040,19484.056640625,742900,28259916000
2021-08-02,PHR,39430,38010,38120,38960,19953.552734375,882000,34362720000
2021-08-03,PHR,39340,38580,38960,38800,19875.302734375,316300,12272440000
2021-08-04,PHR,39190,38660,38960,38890,19875.302734375,457500,17792175000
2021-08-05,PHR,38890,38010,38500,38340,19640.552734375,953700,36564858000
2021-08-06,PHR,38800,38210,38430,38660,19797.05078125,479900,18552934000
2021-08-09,PHR,40630,38500,38500,40630,20814.291015625,1193800,48504094000
2021-08-10,PHR,40860,40110,40730,40630,20814.291015625,703400,28579142000
2021-08-11,PHR,40800,40110,40630,40490,20736.044921875,567500,22978075000
2021-08-12,PHR,41560,39800,40400,41030,21009.91796875,917800,37657334000
2021-08-13,PHR,41180,40180,40800,40940,20970.791015625,588000,24072720000
2021-08-16,PHR,42020,40490,41030,41560,21283.787109375,1243700,51688172000
2021-08-17,PHR,41710,40860,41630,40940,21283.787109375,603100,24690914000
2021-08-18,PHR,41030,40400,40940,40580,20775.16796875,563200,22854656000
2021-08-19,PHR,41400,40180,40490,40730,20853.419921875,642200,26156806000
2021-08-20,PHR,41030,38580,40730,39190,20070.92578125,941800,36909142000
2021-08-23,PHR,39030,37670,38740,38210,19562.306640625,794500,30357845000
2021-08-24,PHR,38660,37820,38210,38580,19757.9296875,608600,23479788000
2021-08-25,PHR,38660,37970,38580,38430,19679.6796875,316300,12155409000
2021-08-26,PHR,38740,37820,38430,38210,19562.306640625,333400,12739214000
2021-08-27,PHR,38430,37820,38210,38270,19601.4296875,426900,16337463000
2021-08-30,PHR,39880,38740,38740,39720,20344.796875,638000,25341360000
2021-08-31,PHR,40860,39570,39570,40490,20736.044921875,910000,36845900000
2021-09-01,PHR,40730,39720,40490,40400,20696.91796875,467900,18903160000
2021-09-06,PHR,42630,40490,40630,42330,21675.03125,1742800,73772724000
2021-09-07,PHR,42470,41260,42470,41780,21401.1640625,1056800,44153104000
2021-09-08,PHR,41950,41100,41710,41400,21401.1640625,763900,31625460000
2021-09-09,PHR,42020,41180,41260,41860,21440.287109375,591100,24743446000
2021-09-10,PHR,43100,42020,42170,43000,22027.154296875,1678800,72188400000
2021-09-13,PHR,43390,42020,43390,42090,21557.66015625,829800,34926282000
2021-09-14,PHR,42630,41320,42090,41630,21322.912109375,479500,19961585000
2021-09-15,PHR,41710,41030,41630,41180,21088.1640625,586500,24152070000
2021-09-16,PHR,41560,40630,41400,41100,21049.041015625,716000,29427600000
2021-09-17,PHR,41490,41030,41100,41100,21049.041015625,716900,29464590000
2021-09-20,PHR,41320,40110,41260,40180,20579.544921875,688100,27647858000
2021-09-21,PHR,39720,38960,39570,39430,20579.544921875,959600,37837028000
2021-09-22,PHR,40260,38960,39430,40180,20579.544921875,425100,17080518000
2021-09-23,PHR,41030,40110,40940,40180,20579.544921875,419300,16847474000
2021-09-24,PHR,40260,39570,40180,39570,20266.546875,266100,10529577000
2021-09-27,PHR,39880,38960,39720,38960,19953.552734375,422800,16472288000
2021-09-28,PHR,39340,38580,38740,39030,19992.673828125,405700,15834471000
2021-09-29,PHR,40350,38960,39120,40030,20501.294921875,328000,13129840000
2021-09-30,PHR,40580,39960,40490,40110,20540.419921875,218600,8768046000
2021-10-01,PHR,40180,39430,39880,39430,20188.296875,350900,13835987000
2021-10-04,PHR,40030,38960,39430,39720,20344.796875,228600,9079992000
2021-10-05,PHR,40260,39720,40260,40260,20618.669921875,265300,10680978000
2021-10-06,PHR,40860,40110,40400,40800,20618.669921875,420700,17164560000
2021-10-07,PHR,41490,40730,40940,41180,21088.1640625,701200,28875416000
2021-10-08,PHR,41320,40730,41180,40860,21088.1640625,327500,13381650000
2021-10-11,PHR,41320,40730,41100,41100,21088.1640625,339900,13969890000
2021-10-12,PHR,41180,40730,41180,40800,20892.541015625,346400,14133120000
2021-10-13,PHR,41260,40180,41030,40260,20618.669921875,725700,29216682000
2021-10-14,PHR,41630,40260,40860,41490,20618.669921875,921900,38249631000
2021-10-15,PHR,42550,41490,41630,42020,21518.53515625,760000,31935200000
2021-10-18,PHR,42170,41710,42170,41950,21518.53515625,546800,22938260000
2021-10-19,PHR,41710,41180,41710,41320,21166.4140625,478400,19767488000
2021-10-20,PHR,43390,41260,41260,42930,21988.03125,1876900,80575317000
2021-10-21,PHR,44700,42930,42930,44700,22887.8984375,1873400,83740980000
2021-10-22,PHR,45000,43690,44700,44470,22770.525390625,1074900,47800803000
2021-10-25,PHR,45080,43550,44470,44700,22770.525390625,1263800,56491860000
2021-10-26,PHR,45080,43770,44610,45000,22770.525390625,797700,35896500000
2021-10-27,PHR,46600,45300,45300,46600,22770.525390625,1905100,88777660000
2021-10-28,PHR,47760,46220,46370,46980,24061.63671875,1493200,70150536000
2021-10-29,PHR,46980,46220,46980,46600,23866.01171875,977400,45546840000
2021-11-01,PHR,46980,45150,46760,45460,23866.01171875,1276200,58016052000
2021-11-02,PHR,47830,45230,45300,47830,24492.005859375,1381900,66096277000
2021-11-03,PHR,50570,47600,48140,48520,24844.12890625,2828400,137233968000
2021-11-04,PHR,51030,47520,48520,50650,25939.619140625,1762200,89255430000
2021-11-05,PHR,52570,50650,51110,52180,26722.109375,1533600,80023248000
2021-11-08,PHR,53860,51560,51940,52180,26722.109375,1812800,94591904000
2021-11-09,PHR,53630,51560,52180,53630,27465.478515625,1368700,73403381000
2021-11-10,PHR,55390,53090,53480,55000,28169.71875,1090300,59966500000
2021-11-11,PHR,55160,53550,55000,53550,27426.3515625,793500,42491925000
2021-11-12,PHR,53710,52400,53630,53030,27152.478515625,1138900,60395867000
2021-11-15,PHR,55000,52570,53030,53630,27465.478515625,1070600,57416278000
2021-11-16,PHR,54240,52110,53400,53480,27387.2265625,1204000,64389920000
2021-11-17,PHR,57220,53480,54090,57220,29304.33203125,1573700,90047114000
2021-11-18,PHR,61190,58440,58750,59060,30243.322265625,685100,40462006000
2021-11-19,PHR,59600,54930,59060,56460,28913.0859375,1127600,63664296000
2021-11-22,PHR,56150,52570,55000,52570,26917.734375,1244700,65433879000
2021-11-23,PHR,53400,50420,50960,52790,27035.107421875,929000,49041910000
2021-11-24,PHR,55160,53320,53480,54320,27817.595703125,1259100,68394312000
2021-11-25,PHR,55550,54020,55460,54630,27974.09765625,860700,47020041000
2021-11-26,PHR,54930,52710,54930,54020,27661.099609375,1054100,56942482000
2021-11-29,PHR,54020,52180,52330,53790,27543.7265625,680200,36587958000
2021-11-30,PHR,57540,53930,53930,56460,28913.0859375,1703300,96168318000
2021-12-01,PHR,56920,55390,55460,56000,28678.33984375,565100,31645600000
2021-12-02,PHR,56530,55390,56000,55770,28560.966796875,457700,25525929000
2021-12-03,PHR,56150,52180,56150,52180,26722.109375,1223600,63847448000
2021-12-06,PHR,53510,48800,53110,50370,26805.876953125,859800,43308126000
2021-12-07,PHR,52110,49980,51550,52020,27685.443359375,470200,24459804000
2021-12-08,PHR,53450,51930,52400,51930,27643.5625,428200,22236426000
2021-12-09,PHR,53750,52020,52020,53510,28481.24609375,364900,19525799000
2021-12-10,PHR,57070,53670,53670,56590,30114.7265625,912500,51638375000
2021-12-13,PHR,58480,56670,57070,57540,30617.337890625,920300,52954062000
2021-12-14,PHR,58160,56750,58160,57070,30366.03125,551800,31491226000
2021-12-15,PHR,59490,56270,57070,57540,30617.337890625,867100,49892934000
2021-12-16,PHR,58920,57850,58680,58680,31224.48046875,390900,22938012000
2021-12-17,PHR,59650,57450,58100,59480,31658.15234375,595500,35420340000
2021-12-20,PHR,59480,57610,59480,58010,30877.54296875,587300,34069273000
2021-12-21,PHR,59480,57850,57850,58420,31094.37890625,449700,26271474000
2021-12-22,PHR,59480,57850,59480,59480,31658.15234375,658700,39179476000
2021-12-23,PHR,62570,59480,60300,61110,32525.501953125,1077400,65839914000
2021-12-24,PHR,61840,59650,61840,59980,31918.359375,301900,18107962000
2021-12-27,PHR,59980,57780,59980,58680,31224.48046875,591100,34685748000
2021-12-28,PHR,59900,58190,58500,58420,31094.37890625,571000,33357820000
2021-12-29,PHR,59160,57050,58680,57690,30704.068359375,525700,30327633000
2021-12-30,PHR,58680,57610,57610,57690,30704.068359375,370500,21374145000
2021-12-31,PHR,58260,57610,57690,58100,30920.908203125,323400,18789540000
2022-01-04,PHR,60210,58100,58420,58750,31267.84375,475900,27959125000
2022-01-05,PHR,59900,57780,58920,59480,31658.15234375,865700,51491836000
2022-01-06,PHR,63640,59570,59900,63640,33869.890625,1893600,120508704000
2022-01-07,PHR,63890,61930,63400,63560,33826.515625,463800,29479128000
2022-01-10,PHR,66000,62500,63560,63560,33696.41796875,694800,44161488000
2022-01-11,PHR,65190,61530,62980,63970,34043.35546875,767500,49096975000
2022-01-12,PHR,67960,63150,63150,66820,35561.2109375,988200,66031524000
2022-01-13,PHR,69270,63560,68040,64379,34260.19140625,1046800,67391937200
2022-01-14,PHR,66000,61290,63560,64700,34433.66015625,429200,27769240000
2022-01-17,PHR,66820,60300,64379,60300,32091.826171875,896300,54046890000
2022-01-18,PHR,62740,59480,59480,60300,32091.826171875,577300,34811190000
2022-01-19,PHR,64459,60550,61530,64459,34303.55859375,728400,46951935600
2022-01-20,PHR,67400,64780,65190,66730,35517.84375,650800,43427884000
2022-01-21,PHR,67640,64950,67400,65030,34607.12890625,527000,34270810000
2022-01-24,PHR,64950,60550,63810,60550,32221.927734375,1186300,71830465000
2022-01-25,PHR,64780,60210,60300,64780,34477.03125,841900,54538282000
2022-01-26,PHR,66410,63560,65190,63720,33913.2578125,644600,41073912000
2022-01-27,PHR,64950,62920,63320,64379,34260.19140625,451900,29092870100
2022-01-28,PHR,64379,61290,64379,63890,33999.98828125,530600,33900034000
2022-02-07,PHR,67230,63560,64290,65349,34780.6015625,414500,27087160500
2022-02-08,PHR,67460,64610,65190,65349,34780.6015625,508500,33229966500
2022-02-09,PHR,66000,64379,64379,65190,34693.8671875,402300,26225937000
2022-02-10,PHR,67400,64550,65280,67140,35734.68359375,815300,54739242000
2022-02-11,PHR,69270,67140,67550,68770,36602.03125,932500,64128025000
2022-02-14,PHR,70730,67640,68040,68940,36688.765625,662000,45638280000
2022-02-15,PHR,69090,67460,68690,68770,36688.765625,518600,35664122000
2022-02-16,PHR,70080,66410,70080,66410,35344.375,860900,57172369000
2022-02-17,PHR,67640,65349,66000,66660,35474.4765625,689200,45942072000
2022-02-18,PHR,67310,65770,66500,66000,35127.54296875,638100,42114600000
2022-02-21,PHR,67060,65600,65920,66000,35127.54296875,424100,27990600000
2022-02-22,PHR,68040,63970,65190,68040,36211.71875,1315000,89472600000
2022-02-23,PHR,69270,67400,67710,67640,35994.88671875,551800,37323752000
2022-02-24,PHR,68450,65190,67640,67230,35778.046875,617900,41541417000
2022-02-25,PHR,68770,66410,68040,66730,35517.84375,767100,51188583000
2022-02-28,PHR,67310,65349,66730,65430,34823.96875,667100,43648353000
2022-03-01,PHR,66090,64860,65190,65430,34823.96875,374000,24470820000
2022-03-02,PHR,66180,64379,65680,64379,34260.19140625,696800,44859287200
2022-03-03,PHR,66500,64950,64950,66410,35344.375,532000,35330120000
2022-03-04,PHR,68280,66410,66820,66410,35344.375,530700,35243787000
2022-03-07,PHR,67460,65190,66410,66410,35344.375,803200,53340512000
2022-03-08,PHR,66570,64050,65600,64050,34086.7265625,875800,56094990000
2022-03-09,PHR,65190,62570,64200,63970,34043.35546875,642700,41113519000
2022-03-10,PHR,64550,62980,63970,63470,33783.15625,433300,27501551000
2022-03-11,PHR,62920,60550,62920,60710,32308.6640625,1484800,90142208000
2022-03-14,PHR,61040,59410,60380,60620,32265.29296875,579200,35111104000
2022-03-15,PHR,62100,59900,60620,61610,32785.703125,329600,20306656000
2022-03-16,PHR,62180,60620,61930,60620,32265.29296875,482100,29224902000
2022-03-17,PHR,61930,60950,61690,61840,32915.8046875,269000,16634960000
2022-03-18,PHR,62500,61690,62340,62340,33176.01171875,213700,13322058000
2022-03-21,PHR,63810,62340,63150,62830,33436.21484375,440000,27645200000
2022-03-22,PHR,62920,61690,62920,61770,32872.4375,622100,38427117000
2022-03-23,PHR,63560,60950,61440,62980,33522.94921875,449100,28284318000
2022-03-24,PHR,63970,62740,62740,62830,33436.21484375,312200,19615526000
2022-03-25,PHR,63890,62570,63240,63240,33653.046875,468400,29621616000
2022-03-28,PHR,65099,62340,63150,64950,34563.76171875,904800,58766760000
2022-03-29,PHR,66250,64950,65030,65600,34910.703125,540900,35483040000
2022-03-30,PHR,65770,63640,64860,64780,34477.03125,422100,27343638000
2022-03-31,PHR,66820,64050,64200,65830,35040.80859375,1090900,71813947000
2022-04-01,PHR,65920,64860,65519,65830,35040.80859375,796100,52407263000
2022-04-04,PHR,69670,66000,66180,69270,36862.234375,1416700,98134809000
2022-04-05,PHR,69760,68040,68450,68450,36428.5625,602600,41247970000
2022-04-06,PHR,68370,66180,68280,67140,35734.68359375,703100,47206134000
2022-04-07,PHR,66820,63470,66820,63470,33783.15625,1171900,74380493000
2022-04-08,PHR,65099,63470,63560,64200,34173.45703125,532500,34186500000
2022-04-12,PHR,64459,62740,64379,62740,33392.84765625,306100,19204714000
2022-04-13,PHR,66570,63400,63400,66180,35214.2734375,759400,50257092000
2022-04-14,PHR,67060,65349,67060,65770,34997.4375,342200,22506494000
2022-04-15,PHR,70320,63560,66180,70320,37426.01171875,2882100,202669272000
2022-04-18,PHR,73910,69270,70490,71300,37946.41796875,1727600,123177880000
2022-04-19,PHR,73260,69670,71630,69670,37079.07421875,963800,67147946000
2022-04-20,PHR,69760,64860,69270,64860,34520.3984375,2295800,148905588000
2022-04-21,PHR,64780,60380,60710,60380,32135.197265625,1865200,112620776000
2022-04-22,PHR,61770,56220,60300,56220,29923.458984375,1921700,108037974000
2022-04-25,PHR,57280,52320,56220,52320,27841.828125,1532200,80164704000
2022-04-26,PHR,55910,50930,52070,55910,29749.990234375,878300,49105753000
2022-04-27,PHR,57850,55420,55490,57610,30660.703125,559800,32250078000
2022-04-28,PHR,58260,55570,55570,56380,30010.197265625,625300,35254414000
2022-04-29,PHR,57850,56060,56060,57050,30357.130859375,538300,30710015000
2022-05-04,PHR,57280,55090,57280,55650,29619.888671875,557200,31008180000
2022-05-05,PHR,56880,55000,56220,56220,29923.458984375,458900,25799358000
2022-05-06,PHR,56060,53790,55000,53790,28622.44140625,424800,22849992000
2022-05-09,PHR,53370,50030,52570,50030,26627.541015625,1085300,54297559000
2022-05-10,PHR,51750,48490,49710,51580,27451.525390625,487200,25129776000
2022-05-11,PHR,52320,50520,51990,51580,27451.525390625,221300,11414654000
2022-05-12,PHR,51490,48000,50930,48000,25543.359375,379600,18220800000
2022-05-13,PHR,48490,44650,48490,44650,23765.30078125,812500,36278125000
2022-05-16,PHR,47760,44650,45230,44820,23852.03125,298600,13383252000
2022-05-17,PHR,47910,44010,44820,47910,25499.9921875,379200,18167472000
2022-05-18,PHR,49860,48080,48080,48810,25977.033203125,344500,16815045000
2022-05-19,PHR,49710,47270,47270,48580,25846.9296875,366100,17785138000
2022-05-20,PHR,50210,48900,49550,49130,26150.501953125,291700,14331221000
2022-05-23,PHR,50440,48810,50120,49130,26150.501953125,294600,14473698000
2022-05-24,PHR,49470,47670,49130,49380,26280.603515625,193400,9550092000
2022-05-25,PHR,51990,49630,49710,51900,27624.990234375,485200,25181880000
2022-05-26,PHR,52390,50930,52150,51260,27278.052734375,435400,22318604000
2022-05-27,PHR,52570,51260,51260,51580,27451.525390625,344400,17764152000
2022-05-30,PHR,53700,51580,51990,52970,28188.765625,503000,26643910000
2022-05-31,PHR,54600,52890,52890,53790,28622.44140625,540400,29068116000
2022-06-01,PHR,53860,52230,53790,53470,28448.970703125,245600,13132232000
2022-06-02,PHR,55420,53120,53370,54600,28448.970703125,575700,31433220000
2022-06-03,PHR,55830,53790,54200,55420,29489.78515625,631100,34975562000
2022-06-06,PHR,57360,55830,55830,56220,29923.458984375,540900,30409398000
2022-06-07,PHR,57050,54690,56320,57050,30357.130859375,705000,40220250000
2022-06-08,PHR,60870,57360,57360,59900,31874.986328125,1093500,65500650000
2022-06-09,PHR,60300,58500,60210,59480,31658.15234375,453100,26950388000
2022-06-10,PHR,60620,57050,58680,57050,30357.130859375,752100,42907305000
2022-06-13,PHR,54600,53060,54200,53060,28232.134765625,1055900,56026054000
2022-06-14,PHR,53940,49710,51340,53790,28622.44140625,479400,25786926000
2022-06-15,PHR,53940,50520,53470,52150,27755.08984375,411800,21475370000
2022-06-16,PHR,54930,52970,52970,53790,28622.44140625,661100,35560569000
2022-06-17,PHR,53790,51010,51010,53620,28535.701171875,351900,18868878000
2022-06-20,PHR,54690,51750,53790,52570,27971.927734375,378700,19908259000
2022-06-21,PHR,52970,49790,51260,50520,26887.748046875,454900,22981548000
2022-06-22,PHR,51340,49060,50520,49950,26584.17578125,372400,18601380000
2022-06-23,PHR,53120,48810,49710,53120,28275.501953125,437600,23245312000
2022-06-24,PHR,53790,52570,52970,52890,28145.400390625,260600,13783134000
2022-06-27,PHR,55980,52800,52800,55980,29793.357421875,721100,40367178000
2022-06-28,PHR,57050,55330,56220,57050,30357.130859375,315800,18016390000
2022-06-29,PHR,56880,55250,56470,56880,30270.396484375,376500,21415320000
2022-06-30,PHR,56630,52970,56220,52970,28188.765625,894900,47402853000
2022-07-01,PHR,53370,50120,52970,52800,28102.033203125,547400,28902720000
2022-07-04,PHR,53790,50520,52890,50520,26887.748046875,350500,17707260000
2022-07-05,PHR,51660,50210,50760,50210,26714.275390625,315100,15821171000
2022-07-06,PHR,50930,49220,49710,50030,26627.541015625,444300,22228329000
2022-07-07,PHR,50440,49300,49710,50270,26757.64453125,180000,9048600000
2022-07-08,PHR,51990,50440,50440,51900,27624.990234375,220000,11418000000
2022-07-11,PHR,51750,50120,51750,51180,27234.6875,278800,14268984000
2022-07-12,PHR,54270,50610,51010,54020,27234.6875,519100,28041782000
2022-07-13,PHR,54200,52640,54020,53370,28405.603515625,330400,17633448000
2022-07-14,PHR,52150,50520,51340,52150,27755.08984375,848300,44238845000
2022-07-15,PHR,52390,50930,51840,52150,27755.08984375,421200,21965580000
2022-07-18,PHR,52890,51490,51990,51840,27581.623046875,354400,18372096000
2022-07-19,PHR,54270,51840,51840,53860,28665.8046875,631200,33996432000
2022-07-20,PHR,54690,52970,54200,52970,28188.765625,431400,22851258000
2022-07-21,PHR,54930,52480,52480,54200,28839.27734375,615600,33365520000
2022-07-22,PHR,55250,53540,53940,53790,28622.44140625,475600,25582524000
2022-07-25,PHR,54020,53060,53700,53790,28622.44140625,253500,13635765000
2022-07-26,PHR,54200,52150,54200,53290,28362.234375,426000,22701540000
2022-07-27,PHR,53290,52150,53120,53290,28362.234375,278600,14846594000
2022-07-28,PHR,56220,53620,54270,55090,29316.318359375,1156900,63733621000
2022-07-29,PHR,55490,54350,55490,54510,29012.748046875,416500,22703415000
2022-08-01,PHR,55650,54750,55000,55420,29489.78515625,542800,30081976000
2022-08-02,PHR,56320,54600,55570,55420,29663.255859375,629100,34864722000
2022-08-03,PHR,57450,55570,55570,56880,30270.396484375,1262000,71782560000
2022-08-04,PHR,57200,55910,57050,56220,29923.458984375,593900,33389058000
2022-08-05,PHR,57200,55650,56060,56790,30227.03125,629700,35760663000
2022-08-08,PHR,58500,56380,56720,57050,30357.130859375,1001100,57112755000
2022-08-09,PHR,57540,55980,57050,56060,29836.724609375,742500,41624550000
2022-08-10,PHR,57200,56060,56220,56470,30053.564453125,559100,31572377000
2022-08-11,PHR,57050,54600,56880,55170,29359.681640625,710200,39181734000
2022-08-12,PHR,56630,54840,54840,55910,29749.990234375,496600,27764906000
2022-08-15,PHR,56790,55830,56140,56220,29923.458984375,467100,26260362000
2022-08-16,PHR,56880,55910,56220,55910,29749.990234375,462800,25875148000
2022-08-17,PHR,56220,55000,55830,55330,29446.416015625,878600,48612938000
2022-08-18,PHR,55420,54110,55420,54200,28839.27734375,600800,32563360000
2022-08-19,PHR,54510,53470,54110,53470,28448.970703125,557200,29793484000
2022-08-22,PHR,54930,52800,52970,54840,29186.220703125,617500,33863700000
2022-08-23,PHR,55250,54510,54600,55090,29316.318359375,418900,23077201000
2022-08-24,PHR,56880,54750,55170,56720,30183.666015625,1362300,77269656000
2022-08-25,PHR,57780,56720,56720,56720,30183.666015625,1600900,90803048000
2022-08-26,PHR,57540,55830,57050,56560,30096.931640625,634400,35881664000
2022-08-29,PHR,55570,53620,55090,55490,29533.15234375,918000,50939820000
2022-08-30,PHR,59080,55420,55910,57610,30660.703125,2499000,143967390000
2022-08-31,PHR,58190,56880,57610,57540,30617.337890625,583800,33591852000
2022-09-05,PHR,59820,57200,57540,58750,31267.84375,1499600,88101500000
2022-09-06,PHR,59240,57610,58420,57690,30704.068359375,700200,40394538000
2022-09-07,PHR,58420,53940,57610,53940,28709.173828125,2035600,109800264000
2022-09-08,PHR,55000,52970,54600,54200,28839.27734375,1094300,59311060000
2022-09-09,PHR,55420,53290,54600,55420,29489.78515625,648000,35912160000
2022-09-12,PHR,55830,54430,55570,54600,29056.115234375,477300,26060580000
2022-09-13,PHR,55170,54430,54600,54840,29186.220703125,416600,22846344000
2022-09-14,PHR,54600,53540,53620,54510,29012.748046875,690400,37633704000
2022-09-15,PHR,55650,54350,54430,55000,29272.947265625,544400,29942000000
2022-09-16,PHR,54930,52970,54600,53370,28405.603515625,956500,51048405000
2022-09-19,PHR,52890,49710,52720,49710,26454.076171875,1299700,64608087000
2022-09-20,PHR,50930,49710,50120,50930,27104.583984375,654600,33338778000
2022-09-21,PHR,51660,50520,50520,51180,27234.6875,313000,16019340000
2022-09-22,PHR,51750,50120,50360,51340,27321.419921875,318000,16326120000
2022-09-23,PHR,51990,50690,51010,50690,26974.48046875,254300,12890467000
2022-09-26,PHR,50520,47270,49860,48900,26020.3984375,1020300,49892670000
2022-09-27,PHR,48980,48400,48730,48900,26020.3984375,364100,17804490000
2022-09-28,PHR,48810,45790,48810,47670,25369.888671875,683100,32563377000
2022-09-29,PHR,48230,44900,48080,44900,23895.40234375,465000,20878500000
2022-09-30,PHR,45070,42780,44410,44900,23895.40234375,618800,27784120000
2022-10-03,PHR,44820,41800,44570,41800,22247.44140625,362300,15144140000
2022-10-04,PHR,43020,40090,43020,41970,22334.17578125,686000,28791420000
2022-10-05,PHR,43600,42380,43110,42780,22767.84765625,447300,19135494000
2022-10-06,PHR,42860,40660,42710,40660,21640.298828125,415200,16882032000
2022-10-07,PHR,39930,37860,38950,37860,20144.123046875,1263200,47824752000
2022-10-10,PHR,39120,37000,37000,38780,20642.849609375,404600,15690388000
2022-10-11,PHR,38720,36100,38300,36100,19211.728515625,602800,21761080000
2022-10-12,PHR,38140,36100,36100,37290,19840.5546875,579900,21624471000
2022-10-13,PHR,37890,36420,37400,37110,19753.8203125,319200,11845512000
2022-10-14,PHR,38380,37560,37560,38300,20382.646484375,539000,20643700000
2022-10-17,PHR,39440,37730,38300,39360,20946.423828125,632500,24895200000
2022-10-18,PHR,40410,39280,39930,39600,21076.5234375,483700,19154520000
2022-10-19,PHR,39890,38630,39600,38630,20556.1171875,349100,13485733000
2022-10-20,PHR,38950,37730,38630,38180,20317.59375,387600,14798568000
2022-10-21,PHR,38050,35520,38050,35520,18908.158203125,726200,25794624000
2022-10-24,PHR,36260,33040,35520,33040,17585.453125,793200,26207328000
2022-10-25,PHR,34150,30760,32180,31170,16588.005859375,1064700,33186699000
2022-10-26,PHR,32110,30310,31210,30550,16262.7509765625,589000,17993950000
2022-10-27,PHR,32670,30550,30550,32670,17390.30078125,557800,18223326000
2022-10-28,PHR,33890,33080,33890,33300,17715.5546875,571200,19020960000
2022-10-31,PHR,33410,32180,33410,32930,17520.404296875,518800,17084084000
2022-11-01,PHR,33820,32960,33740,32960,17542.0859375,341100,11242656000
2022-11-02,PHR,33740,32840,32840,33410,17780.60546875,573600,19163976000
2022-11-03,PHR,33450,32880,32880,33410,17780.60546875,545200,18215132000
2022-11-04,PHR,33410,31130,33040,31300,16653.056640625,700700,21931910000
2022-11-07,PHR,31890,30550,31370,30840,16414.53515625,653300,20147772000
2022-11-08,PHR,32960,30800,30800,32960,17542.0859375,729100,24031136000
2022-11-09,PHR,34190,33040,33940,33410,17780.60546875,462500,15452125000
2022-11-10,PHR,33570,31090,32720,31130,16566.322265625,775900,24153767000
2022-11-11,PHR,32430,30640,31940,30950,16479.587890625,577500,17873625000
2022-11-14,PHR,30800,28810,30800,28810,15330.3515625,894500,25770545000
2022-11-15,PHR,27540,26810,27010,26810,14267.8505859375,913400,24488254000
2022-11-16,PHR,28680,24940,24940,28680,15265.298828125,1568600,44987448000
2022-11-17,PHR,29900,28680,29090,28680,15265.298828125,634600,18200328000
2022-11-18,PHR,30230,27790,28560,30150,16045.9130859375,825800,24897870000
2022-11-21,PHR,31130,29990,30400,29990,15959.1796875,621600,18641784000
2022-11-22,PHR,31210,29580,30110,30550,16262.7509765625,890500,27204775000
2022-11-23,PHR,32180,30230,30230,31370,16696.423828125,1092400,34268588000
2022-11-24,PHR,32180,30800,30800,31370,16696.423828125,749800,23521226000
2022-11-25,PHR,33210,31530,32070,33160,17650.50390625,713200,23649712000
2022-11-28,PHR,35370,33500,33500,34640,18431.1171875,853900,29579096000
2022-11-29,PHR,35040,33410,35040,34470,18344.3828125,833400,28727298000
2022-11-30,PHR,35820,34300,34750,34720,18474.484375,714100,24793552000
2022-12-01,PHR,36260,34300,35450,35040,18647.951171875,983900,34475856000
2022-12-02,PHR,37500,34100,34960,37500,19948.97265625,1227500,46031250000
2022-12-05,PHR,39520,37310,38300,37560,19992.341796875,792300,29758788000
2022-12-06,PHR,37560,35520,37240,35520,18908.158203125,1017200,36130944000
2022-12-07,PHR,36920,35370,36350,36670,19515.30078125,893000,32746310000
2022-12-08,PHR,37890,36710,37080,37000,19688.76953125,710200,26277400000
2022-12-09,PHR,37500,36420,37450,36830,19602.03125,467800,17229074000
2022-12-12,PHR,37890,36420,36950,37080,19732.134765625,776900,28807452000
2022-12-13,PHR,37500,36380,37360,37500,19948.97265625,586600,21997500000
2022-12-14,PHR,38990,37650,37890,37970,20209.177734375,854600,32449162000
2022-12-15,PHR,38720,37890,38300,38020,20230.859375,589400,22408988000
2022-12-16,PHR,38690,37790,38020,37790,20112.275390625,630800,23837932000
2022-12-19,PHR,37790,35660,37490,35660,18973.84375,844700,30122002000
2022-12-20,PHR,35660,33740,35300,34310,18262.322265625,1065100,36543581000
2022-12-21,PHR,34850,34190,34310,34760,18499.498046875,536000,18631360000
2022-12-22,PHR,36550,34850,34900,36400,19377.0390625,443400,16139760000
2022-12-23,PHR,36990,35870,36370,36010,19163.5859375,279900,10079199000
2022-12-26,PHR,36280,34090,36280,34090,18143.740234375,282000,9613380000
2022-12-27,PHR,35390,34310,34450,35390,18831.5390625,221900,7853041000
2022-12-28,PHR,36500,35390,36500,36140,19234.734375,236100,8532654000
2022-12-29,PHR,36190,35470,36190,35470,18878.974609375,185000,6561950000
2022-12-30,PHR,36100,35120,36100,35120,18689.236328125,71500,2511080000
2023-01-03,PHR,36550,35120,35560,36550,19448.189453125,431200,15760360000
2023-01-04,PHR,37310,36370,36550,36900,19637.927734375,355100,13103190000
2023-01-05,PHR,37700,36550,36900,37080,19732.798828125,356900,13233852000
2023-01-06,PHR,37700,36630,37080,36900,19637.927734375,371700,13715730000
2023-01-09,PHR,37340,36370,36900,36450,19400.755859375,228500,8328825000
2023-01-10,PHR,36850,35560,36450,35660,18973.84375,402000,14335320000
2023-01-11,PHR,36400,35560,35660,35740,19021.279296875,300100,10725574000
2023-01-12,PHR,36190,35660,35740,35910,19116.146484375,192600,6916266000
2023-01-13,PHR,36280,35660,36100,35660,18973.84375,271200,9670992000
2023-01-16,PHR,36100,35660,35660,35960,19139.86328125,209400,7530024000
2023-01-17,PHR,37700,36010,36010,37700,20064.83984375,743000,28011100000
2023-01-18,PHR,38020,37440,37880,37970,20207.14453125,498900,18943233000
2023-01-19,PHR,38760,37970,38330,38760,20634.0546875,788300,30554508000
2023-01-27,PHR,41270,39490,39490,40780,21701.33203125,787200,32102016000
2023-01-30,PHR,41760,39670,41710,39850,21203.26953125,758600,30230210000
2023-01-31,PHR,40560,39400,40560,40560,21582.748046875,580200,23532912000
2023-02-01,PHR,41050,37750,40910,38860,20681.490234375,683200,26549152000
2023-02-02,PHR,39170,37700,38950,38730,20610.337890625,508200,19682586000
2023-02-03,PHR,39040,38330,39040,38730,20610.337890625,342100,13249533000
2023-02-06,PHR,39130,37520,38690,38760,20634.0546875,221100,8569836000
2023-02-07,PHR,39170,37340,38760,37340,19875.099609375,474300,17710362000
2023-02-08,PHR,37880,36630,37260,37040,19709.08203125,399900,14812296000
2023-02-09,PHR,37700,37040,37040,37440,19922.537109375,268800,10063872000
2023-02-10,PHR,37750,36850,37440,37120,19756.515625,450100,16707712000
2023-02-13,PHR,36950,35660,36950,36100,19211.017578125,785500,28356550000
2023-02-14,PHR,36900,35790,36190,36230,19282.16796875,285800,10354534000
2023-02-15,PHR,37040,36190,36280,36810,19590.494140625,511100,18813591000
2023-02-16,PHR,37610,37210,37260,37520,19969.970703125,509700,19123944000
2023-02-17,PHR,37880,36630,37610,37520,19969.970703125,592500,22230600000
2023-02-20,PHR,38760,37440,37440,38760,20634.0546875,836800,32434368000
2023-02-21,PHR,39210,38330,39210,38500,20491.751953125,466700,17967950000
2023-02-22,PHR,38200,36990,37610,36990,19685.36328125,625800,23148342000
2023-02-23,PHR,36950,36100,36810,36630,19495.625,672900,24648327000
2023-02-24,PHR,36950,36100,36950,36140,19234.734375,195500,7065370000
2023-02-27,PHR,36450,35560,35560,36100,19211.017578125,525000,18952500000
2023-02-28,PHR,36550,35840,36450,35910,19116.146484375,306100,10992051000
2023-03-01,PHR,36770,35690,35870,36550,19448.189453125,369200,13494260000
2023-03-02,PHR,36770,36280,36590,36400,19377.0390625,381000,13868400000
2023-03-03,PHR,36550,35960,36550,36100,19211.017578125,359500,12977950000
2023-03-06,PHR,36950,36190,36230,36190,19258.44921875,251300,9094547000
2023-03-07,PHR,36400,36010,36370,36230,19282.16796875,224400,8130012000
2023-03-08,PHR,36400,35840,36100,36400,19377.0390625,288200,10490480000
2023-03-09,PHR,37390,36370,36630,37340,19875.099609375,863300,32235622000
2023-03-10,PHR,36990,36400,36950,36550,19448.189453125,485200,17734060000
2023-03-13,PHR,36590,35960,36190,36100,19211.017578125,397800,14360580000
2023-03-14,PHR,36370,35200,36280,35200,18736.669921875,1145800,40332160000
2023-03-15,PHR,36400,35660,35790,36010,19163.5859375,359200,12934792000
2023-03-16,PHR,36010,35470,35840,35470,18878.974609375,220000,7803400000
2023-03-17,PHR,36190,35430,36190,35430,18855.2578125,196500,6961995000
2023-03-20,PHR,35610,34490,35430,34590,18404.626953125,618100,21380079000
2023-03-21,PHR,35070,34630,34760,35070,18665.521484375,278800,9777516000
2023-03-22,PHR,35390,35070,35200,35120,18689.236328125,60700,2131784000
2023-03-23,PHR,35120,34670,34670,35030,18546.93359375,54100,1895123000
2023-03-24,PHR,35390,34760,35120,35250,18736.669921875,331300,11678325000
2023-03-27,PHR,35510,35030,35200,35510,18878.974609375,105800,3756958000
2023-03-28,PHR,36050,35340,35560,35340,18807.822265625,122000,4311480000
2023-03-29,PHR,35610,35250,35390,35560,18926.40625,155400,5526024000
2023-03-30,PHR,35870,35390,35870,35390,18736.669921875,181100,6409129000
2023-03-31,PHR,35910,34980,35390,35870,19044.99609375,404100,14495067000
2023-04-03,PHR,36630,36230,36500,36500,19400.755859375,322600,11774900000
2023-04-04,PHR,36720,36370,36450,36720,19519.341796875,450900,16557048000
2023-04-05,PHR,37970,36680,36720,37700,20159.708984375,1096600,41341820000
2023-04-06,PHR,37970,37340,37880,37340,19851.384765625,557100,20802114000
2023-04-07,PHR,37440,36630,37160,37080,19709.08203125,348000,12903840000
2023-04-10,PHR,37880,36990,37340,37080,19685.36328125,340100,12610908000
2023-04-11,PHR,37210,36550,36990,36810,19732.798828125,283700,10442997000
2023-04-12,PHR,38590,37160,37310,37790,20254.578125,981000,37071990000
2023-04-13,PHR,38240,37490,38240,37490,19946.251953125,187200,7018128000
2023-04-14,PHR,37700,36550,37490,36550,19068.712890625,474400,17339320000
2023-04-17,PHR,38020,35910,36100,36500,19448.189453125,319100,11647150000
2023-04-18,PHR,36720,36100,36550,36280,19305.884765625,240400,8721712000
2023-04-19,PHR,36500,35870,36370,35870,19068.712890625,319400,11456878000
2023-04-20,PHR,36100,35660,35840,35740,19021.279296875,178600,6383164000
2023-04-21,PHR,36550,35030,35740,35790,19021.279296875,351400,12576606000
2023-04-24,PHR,36140,35560,35660,35740,18997.560546875,120900,4320966000
2023-04-25,PHR,36450,35690,36450,35690,18997.560546875,260200,9286538000
2023-04-26,PHR,36320,35470,35660,35870,19258.44921875,341000,12231670000
2023-04-27,PHR,36630,36230,36450,36550,19377.0390625,264900,9682095000
2023-04-28,PHR,36850,36400,36450,36850,19566.775390625,266100,9805785000
2023-05-04,PHR,37310,36550,36900,36550,19566.775390625,474000,17324700000
2023-05-05,PHR,36770,36400,36450,36450,19400.755859375,181600,6619320000
2023-05-08,PHR,37310,36500,36500,37160,19827.666015625,481200,17881392000
2023-05-09,PHR,37790,37160,37520,37390,19875.099609375,391000,14619490000
2023-05-10,PHR,37880,37310,37340,37610,20112.275390625,521500,19613615000
2023-05-11,PHR,37920,37340,37880,37340,19898.818359375,334600,12493964000
2023-05-12,PHR,37840,37120,37390,37610,20064.83984375,413600,15555496000
2023-05-15,PHR,37970,37260,37790,37260,19756.515625,466800,17392968000
2023-05-16,PHR,37310,36850,37160,36990,19756.515625,243200,8995968000
2023-05-17,PHR,37610,36810,37120,37260,19827.666015625,386700,14408442000
2023-05-18,PHR,37310,36990,37260,37160,19685.36328125,171500,6372940000
2023-05-19,PHR,38730,36990,36990,38590,20491.751953125,1158300,44698797000
2023-05-22,PHR,39040,38410,38590,38500,20562.904296875,554600,21352100000
2023-05-23,PHR,39440,38500,38730,38730,20634.0546875,661900,25635387000
2023-05-24,PHR,39800,38410,39130,38760,20634.0546875,576300,22337388000
2023-05-25,PHR,41270,39170,40110,40860,21748.76953125,1796100,73388646000
2023-05-26,PHR,41760,40820,41000,41000,21819.919921875,913500,37453500000
2023-05-29,PHR,41710,40780,41050,41000,21819.919921875,885500,36305500000
2023-05-30,PHR,41580,40410,41130,40820,21725.05078125,853100,34823542000
2023-05-31,PHR,42740,40820,41000,42340,22531.4375,1214300,51413462000
2023-06-01,PHR,42560,41940,42340,42340,22531.4375,372900,15788586000
2023-06-02,PHR,42510,41580,42390,41760,22223.11328125,717400,29958624000
2023-06-05,PHR,42210,41580,42060,41580,22128.244140625,493600,20523888000
2023-06-06,PHR,42110,41090,41580,41890,22294.267578125,753400,31559926000
2023-06-07,PHR,42510,41710,42160,42430,22578.873046875,1007700,42756711000
2023-06-08,PHR,43850,41090,42510,41090,21867.35546875,983100,40395579000
2023-06-09,PHR,41800,40510,41540,41180,21914.7890625,715900,29480762000
2023-06-12,PHR,41620,40600,41050,41180,21914.7890625,489000,20137020000
2023-06-13,PHR,41540,40910,41540,41310,21985.94140625,582700,24071337000
2023-06-14,PHR,41710,41000,41450,41050,21843.638671875,271700,11153285000
2023-06-15,PHR,41270,40780,41270,41000,21819.919921875,371300,15223300000
2023-06-16,PHR,42510,41090,41090,41180,21914.7890625,795700,32766926000
2023-06-19,PHR,41350,40780,41270,40910,21772.486328125,441700,18069947000
2023-06-20,PHR,42160,40820,41050,41800,22246.83203125,509400,21292920000
2023-06-21,PHR,43140,41850,42210,42740,22744.89453125,1616800,69102032000
2023-06-22,PHR,43410,42560,43410,42780,22744.89453125,1053200,45055896000
2023-06-23,PHR,43050,41940,42700,42020,22365.419921875,929100,39040782000
2023-06-26,PHR,42780,41270,42340,42510,22626.310546875,826900,35151519000
2023-06-27,PHR,42830,42110,42780,42290,22507.720703125,468500,19812865000
2023-06-28,PHR,42700,42110,42340,42560,22650.025390625,560500,23854880000
2023-06-29,PHR,42700,41490,42560,41490,22080.80859375,658000,27300420000
2023-06-30,PHR,41850,41350,41450,41350,22009.65625,422600,17474510000
2023-07-03,PHR,42250,41400,41400,42250,22484.005859375,522600,22079850000
2023-07-04,PHR,43640,41850,42510,43140,22958.3515625,851000,36712140000
2023-07-05,PHR,44430,43190,43410,44120,23480.1328125,1003800,44287656000
2023-07-06,PHR,44430,43490,43490,43990,23408.978515625,719500,31650805000
2023-07-07,PHR,46080,43660,43660,45460,24191.65234375,846100,38463706000
2023-07-10,PHR,45810,45290,45460,45460,24191.65234375,504600,22939116000
2023-07-11,PHR,46250,45100,45550,45290,24096.783203125,631800,28614222000
2023-07-12,PHR,46960,45460,46000,45550,24239.0859375,599400,27302670000
2023-07-13,PHR,46080,45460,45810,45720,24333.953125,411800,18827496000
2023-07-14,PHR,45900,45010,45900,45720,24333.953125,587300,26851356000
2023-07-17,PHR,47060,45550,45810,46250,24618.564453125,695600,32171500000
2023-07-18,PHR,46440,45550,46440,45720,24333.953125,502900,22992588000
2023-07-19,PHR,46610,45640,46000,45720,24333.953125,544800,24908256000
2023-07-20,PHR,45900,44750,45460,45460,24191.65234375,786200,35740652000
2023-07-21,PHR,45900,45010,45810,45640,24286.51953125,359900,16425836000
2023-07-24,PHR,46790,45720,45720,46440,24713.431640625,712500,33088500000
2023-07-25,PHR,46530,45810,46350,45900,24428.82421875,358000,16432200000
2023-07-26,PHR,46350,45550,46080,46350,24665.994140625,340400,15777540000
2023-07-27,PHR,47060,45640,46610,47060,25045.4765625,588600,27699516000
2023-07-28,PHR,47600,46610,46890,46790,24903.169921875,387200,18117088000
2023-07-31,PHR,47150,46080,46890,46530,24760.8671875,322200,14991966000
2023-08-01,PHR,47860,46170,46530,46790,24903.169921875,964400,45124276000
2023-08-02,PHR,47240,46350,46790,46890,24950.603515625,241900,11342691000
2023-08-03,PHR,47680,46350,47150,46610,24808.298828125,520000,24237200000
2023-08-04,PHR,46790,46080,46530,46790,24903.169921875,532300,24906317000
2023-08-07,PHR,47770,46790,47240,47150,25092.908203125,722800,34080020000
2023-08-08,PHR,47330,46530,47150,46710,24855.734375,443500,20715885000
2023-08-09,PHR,46710,45550,46610,45550,24239.0859375,556900,25366795000
2023-08-10,PHR,45900,44120,45550,45010,23954.4765625,745600,33559456000
2023-08-11,PHR,45190,44210,45010,45190,24049.34765625,372400,16828756000
2023-08-14,PHR,45640,44920,45360,45290,24096.783203125,417200,18894988000
2023-08-15,PHR,45640,45010,45460,45190,24049.34765625,302800,13683532000
2023-08-16,PHR,45720,45010,45190,45720,24333.953125,371900,17003268000
2023-08-17,PHR,45900,45100,45810,45360,24049.34765625,268400,12174624000
2023-08-18,PHR,45100,42060,45100,42060,22389.134765625,1302000,54762120000
2023-08-21,PHR,42510,41350,41620,41890,22294.267578125,416500,17447185000
2023-08-22,PHR,42780,41450,42020,42700,22721.177734375,555300,23711310000
2023-08-23,PHR,43310,42430,43310,42650,22697.4609375,170300,7263295000
2023-08-24,PHR,43100,42600,42740,43100,22934.634765625,298000,12843800000
2023-08-25,PHR,43450,42740,43230,42870,22816.046875,393500,16869345000
2023-08-28,PHR,43660,42920,43000,43660,23242.958984375,327900,14316114000
2023-08-29,PHR,44300,43660,43810,44040,23432.69921875,355800,15669432000
2023-08-30,PHR,44920,43660,44040,44840,23859.609375,455300,20415652000
2023-08-31,PHR,45720,44920,45010,45360,24144.212890625,389400,17663184000
2023-09-05,PHR,46170,45460,45640,45550,24239.0859375,400600,18247330000
2023-09-06,PHR,45900,45010,45900,45720,24333.953125,405100,18521172000
2023-09-07,PHR,46530,45900,46000,45900,24428.82421875,544400,24987960000
2023-09-08,PHR,47150,46090,46320,46320,24650.6796875,450000,20844000000
2023-09-11,PHR,46780,45120,46320,45120,24009.76171875,547900,24721248000
2023-09-12,PHR,46090,44700,45210,45580,24256.26953125,344800,15715984000
2023-09-13,PHR,46270,45440,46130,45630,24280.919921875,310200,14154426000
2023-09-14,PHR,45900,45120,45630,45260,24083.71484375,477600,21616176000
2023-09-15,PHR,46270,45160,45160,46040,24502.775390625,475800,21905832000
2023-09-18,PHR,47340,46040,46130,46510,24749.283203125,552100,25678171000
2023-09-19,PHR,46590,45390,46510,46220,24601.37890625,299900,13861378000
2023-09-20,PHR,49290,46000,46220,49290,26228.322265625,1439700,70962813000
2023-09-21,PHR,49660,48630,49290,48820,25981.81640625,537900,26260278000
2023-09-22,PHR,48630,46590,48170,47250,25143.6953125,872500,41225625000
2023-09-25,PHR,47990,43960,46880,44010,23418.146484375,937000,41237370000
2023-09-26,PHR,45020,43260,44010,43260,23023.736328125,553100,23927106000
2023-09-27,PHR,44470,42710,43260,44470,23664.65234375,476700,21198849000
2023-09-28,PHR,44840,43820,44470,44190,23516.75,243200,10747008000
2023-09-29,PHR,44930,43820,44930,43910,23368.845703125,304700,13379377000
2023-10-02,PHR,44840,43590,43910,44470,23664.65234375,136400,6065708000
2023-10-03,PHR,44280,42800,43640,43170,22974.43359375,410400,17716968000
2023-10-04,PHR,44190,42610,42610,43640,23220.939453125,239600,10456144000
2023-10-05,PHR,45260,43540,44010,44140,23492.099609375,445800,19677612000
2023-10-06,PHR,44970,43640,43820,44970,23935.810546875,187200,8418384000
2023-10-09,PHR,45210,44700,44930,44890,23886.5078125,286000,12838540000
2023-10-10,PHR,45340,44930,45340,44930,23911.16015625,334800,15042564000
2023-10-11,PHR,46130,44890,45120,45850,24404.173828125,326700,14979195000
2023-10-12,PHR,46880,45760,46180,45760,24354.875,380300,17402528000
2023-10-13,PHR,47060,45530,45580,47060,25045.091796875,537100,25275926000
2023-10-16,PHR,48450,47150,47710,47340,25192.99609375,679000,32143860000
2023-10-17,PHR,48080,45390,47520,45390,24157.66796875,561300,25477407000
2023-10-18,PHR,46220,42980,46220,44380,23615.3515625,663100,29428378000
2023-10-19,PHR,44470,43300,44470,43350,23073.037109375,345500,14977425000
2023-10-20,PHR,44090,42150,43080,44090,23467.44921875,460400,20299036000
2023-10-23,PHR,44380,43220,44090,43400,23097.6875,190100,8250340000
2023-10-24,PHR,44840,43490,43490,44510,23689.3046875,359600,16005796000
2023-10-25,PHR,44930,44470,44560,44840,23861.857421875,208300,9340172000
2023-10-26,PHR,44330,41730,44010,41920,22308.865234375,765900,32106528000
2023-10-27,PHR,42430,40390,42430,41550,22111.658203125,319300,13266915000
2023-10-30,PHR,42050,40770,41550,40770,21692.599609375,297400,12124998000
2023-10-31,PHR,40800,38730,40770,38730,20607.96875,462400,17908752000
2023-11-01,PHR,39880,38730,39000,39880,21224.234375,234100,9335908000
2023-11-02,PHR,42150,40300,40300,41680,22185.61328125,374200,15596656000
2023-11-03,PHR,42150,41130,42150,41500,22087.009765625,181100,7515650000
2023-11-06,PHR,41970,41090,41600,41410,22037.708984375,258400,10700344000
2023-11-07,PHR,42150,41310,41410,41360,22013.056640625,208600,8627696000
2023-11-08,PHR,43030,41410,41410,42980,22875.830078125,320600,13779388000
2023-11-09,PHR,43860,43080,43080,43490,23146.990234375,403300,17539517000
2023-11-10,PHR,43820,42800,43260,42800,22777.228515625,279000,11941200000
2023-11-13,PHR,43080,42610,43080,42710,22727.927734375,229700,9810487000
2023-11-14,PHR,43450,42800,42800,43030,22900.48046875,139000,5981170000
2023-11-15,PHR,45210,43170,45210,43490,23146.990234375,395100,17182899000
2023-11-16,PHR,43640,43080,43490,43640,23220.939453125,120200,5245528000
2023-11-17,PHR,44560,42660,43720,43080,22925.134765625,367600,15836208000
2023-11-20,PHR,44010,42020,42020,43640,23220.939453125,373200,16286448000
2023-11-21,PHR,44010,43350,44010,43590,23196.2890625,184500,8042355000
2023-11-22,PHR,44010,43350,43960,43670,23245.59375,258300,11279961000
2023-11-23,PHR,44140,43350,43960,43350,23073.037109375,299800,12996330000
2023-11-24,PHR,43300,42570,43300,43030,22900.48046875,471400,20284342000
2023-11-27,PHR,43540,42800,43030,42800,22777.228515625,232100,9933880000
2023-11-28,PHR,42980,42390,42800,42940,22851.181640625,237500,10198250000
2023-11-29,PHR,43450,42940,42940,43350,23073.037109375,114500,4963575000
2023-11-30,PHR,44470,43350,43350,43670,23245.59375,320500,13996235000
2023-12-01,PHR,44090,43640,43820,43860,23344.193359375,116600,5114076000
2023-12-04,PHR,44930,44280,44380,44650,23763.255859375,535700,23919005000
2023-12-05,PHR,45120,44330,44890,44840,23861.857421875,357800,16043752000
2023-12-06,PHR,45020,44510,44840,44840,23861.857421875,237700,10658468000
2023-12-07,PHR,45260,43960,45020,44750,23812.55859375,419400,18768150000
2023-12-08,PHR,44750,44280,44750,44510,23689.3046875,178100,7927231000
2023-12-11,PHR,44650,44380,44600,44600,23738.60546875,241500,10770900000
2023-12-12,PHR,45020,44560,44650,44560,23713.953125,251500,11206840000
2023-12-13,PHR,44790,43910,44510,43910,23368.845703125,349500,15346545000
2023-12-14,PHR,44840,43820,44840,43910,23368.845703125,198700,8724917000
2023-12-15,PHR,44190,43820,43910,43820,23319.544921875,122400,5363568000
2023-12-18,PHR,44470,43590,43820,43720,23270.2421875,144300,6308796000
2023-12-19,PHR,44010,43350,43540,44010,23418.146484375,165100,7266051000
2023-12-20,PHR,44330,43720,43720,44140,23492.099609375,129500,5716130000
2023-12-21,PHR,44230,43720,44140,44090,23467.44921875,121600,5361344000
2023-12-22,PHR,44560,44010,44190,44010,23418.146484375,169600,7464096000
2023-12-25,PHR,44420,44050,44090,44050,23442.796875,247400,10897970000
2023-12-26,PHR,45160,44140,44190,45120,24009.76171875,660200,29788224000
2023-12-27,PHR,46040,45300,45440,45850,24404.173828125,404500,18546325000
2023-12-28,PHR,46000,45440,45760,45760,24354.875,292100,13366496000
2023-12-29,PHR,46780,45760,46000,46040,24502.775390625,424500,19543980000
2024-01-02,PHR,46590,45300,46590,45580,24256.26953125,194600,8869868000
2024-01-03,PHR,46320,45390,45390,46320,24650.6796875,334200,15480144000
2024-01-04,PHR,46320,45760,46270,46040,24502.775390625,383100,17637924000
2024-01-05,PHR,46130,45480,46040,46090,24527.427734375,264600,12195414000
2024-01-08,PHR,46270,45580,46270,45850,24404.173828125,269800,12370330000
2024-01-09,PHR,46090,45070,46090,45900,24428.82421875,229200,10520280000
2024-01-10,PHR,45950,45210,45670,45670,24305.5703125,371000,16943570000
2024-01-11,PHR,45950,45210,45670,45900,24428.82421875,193100,8863290000
2024-01-12,PHR,45670,44420,45670,44560,23713.953125,465300,20733768000
2024-01-15,PHR,44930,44230,44890,44470,23664.65234375,214800,9552156000
2024-01-16,PHR,44840,44050,44470,44840,23861.857421875,98800,4430192000
2024-01-17,PHR,45300,44840,44930,44930,23911.16015625,240100,10787693000
2024-01-18,PHR,45120,44930,44930,44930,23911.16015625,88500,3976305000
2024-01-19,PHR,45850,44930,44930,45340,24133.017578125,253600,11498224000
2024-01-22,PHR,45340,44510,45340,45260,24083.71484375,146900,6648694000
2024-01-23,PHR,45340,44840,45260,44930,23911.16015625,155100,6968643000
2024-01-24,PHR,45210,44650,45210,44650,23763.255859375,169300,7559245000
2024-01-25,PHR,44750,44470,44510,44600,23763.255859375,124800,5566080000
2024-01-26,PHR,45210,44700,44700,45120,24009.76171875,117900,5319648000
2024-01-29,PHR,46270,45020,45120,46220,24601.37890625,505800,23378076000
2024-01-30,PHR,47800,46040,46320,47710,25390.201171875,888900,42409419000
2024-01-31,PHR,48170,46780,47800,47430,25242.298828125,421400,19987002000
2024-02-01,PHR,50020,46780,47250,50020,26622.734375,1265000,63275300000
2024-02-02,PHR,50120,49380,50120,49660,26622.734375,412400,20479784000
2024-02-05,PHR,50490,49100,49660,49290,26228.322265625,581200,28647348000
2024-02-06,PHR,50300,49000,49190,49290,26228.322265625,360400,17764116000
2024-02-07,PHR,49840,49190,49840,49660,26425.529296875,212800,10567648000
2024-02-15,PHR,51420,49380,49840,50020,26622.734375,843100,42171862000
2024-02-16,PHR,52340,50120,50120,51230,27263.65234375,512000,26229760000
2024-02-19,PHR,53730,51420,51790,52060,27707.365234375,874300,45516058000
2024-02-20,PHR,52250,51130,52060,51870,27608.76171875,511300,26521131000
2024-02-21,PHR,52620,51600,52250,52250,27805.96875,435500,22754875000
2024-02-22,PHR,53090,51970,52620,52250,27805.96875,348600,18214350000
2024-02-23,PHR,52620,50950,52340,51040,27165.05078125,564600,28817184000
2024-02-26,PHR,52430,51040,51040,51600,27460.859375,727100,37518360000
2024-02-27,PHR,52620,51790,52530,52250,27805.96875,430900,22514525000
2024-02-28,PHR,53270,52060,52250,52620,28003.171875,433200,22794984000
2024-02-29,PHR,52990,51230,52990,51600,27460.859375,750000,38700000000
2024-03-01,PHR,52340,51420,51500,52250,27805.96875,566400,29594400000
2024-03-04,PHR,53090,52060,52530,52340,27855.26953125,891700,46671578000
2024-03-05,PHR,52430,51790,52340,51870,27608.76171875,433900,22506393000
2024-03-06,PHR,51870,50950,51870,51130,27214.349609375,545700,27901641000
2024-03-07,PHR,51690,50860,51130,51040,27165.05078125,495400,25285216000
2024-03-08,PHR,52430,50760,51420,52060,27707.365234375,835200,43480512000
2024-03-11,PHR,55670,52060,52060,54470,28989.19921875,1827100,99522137000
2024-03-12,PHR,57250,53910,54470,55860,29728.71875,1026500,57340290000
2024-03-13,PHR,56700,55300,55670,55580,29580.81640625,1074400,59715152000
2024-03-14,PHR,55770,54290,55400,54560,29038.501953125,1395600,76143936000
2024-03-15,PHR,58180,54560,54560,56780,30221.732421875,1318400,74858752000
2024-03-18,PHR,57620,53730,57530,56040,29827.322265625,1484600,83196984000
2024-03-19,PHR,59750,55580,56140,59750,31799.376953125,1790600,106988350000
2024-03-20,PHR,59750,57810,59750,59280,31552.8671875,601600,35662848000
2024-03-21,PHR,59470,58080,59380,59200,31503.572265625,746300,44180960000
2024-03-22,PHR,59750,57900,58830,59280,31552.8671875,1321500,78338520000
2024-03-25,PHR,60030,57620,58830,57900,30813.3515625,430000,24897000000
2024-03-26,PHR,60030,57710,58370,59380,31602.169921875,670800,39832104000
2024-03-27,PHR,59750,58450,59380,59380,31602.169921875,327500,19446950000
2024-03-28,PHR,59650,58830,59380,58920,31355.666015625,550300,32423676000
2024-03-29,PHR,61050,59100,59280,59200,31503.572265625,952600,56393920000
2024-04-01,PHR,59280,58270,58830,58830,31306.36328125,685200,40310316000
2024-04-02,PHR,59840,57620,58740,59650,31750.078125,877600,52348840000
2024-04-03,PHR,59570,58450,59570,59100,31454.26953125,737000,43556700000
2024-04-04,PHR,59100,58000,58080,58000,30862.650390625,507100,29411800000
2024-04-05,PHR,57900,56040,57900,56040,29827.322265625,806300,45185052000
2024-04-08,PHR,56040,55210,55770,55400,29482.21484375,384300,21290220000
2024-04-09,PHR,55860,54660,55400,55860,29728.71875,900900,50324274000
2024-04-10,PHR,56140,55030,56140,55030,29285.0078125,234300,12893529000
2024-04-11,PHR,55770,53830,53910,54560,29038.501953125,600400,32757824000
2024-04-12,PHR,55670,54470,55400,55580,29580.81640625,353800,19664204000
2024-04-15,PHR,56140,51690,55030,51870,27608.76171875,702500,36438675000
2024-04-16,PHR,52060,50020,51870,51870,27608.76171875,759600,39400452000
2024-04-17,PHR,52530,50300,52530,50300,26770.638671875,298400,15009520000
2024-04-19,PHR,51320,48820,49100,51040,27165.05078125,553600,28255744000
2024-04-22,PHR,51130,50020,50490,50210,26721.3359375,460000,23096600000
2024-04-23,PHR,50490,49290,49660,49470,26326.923828125,180800,8944176000
2024-04-24,PHR,52250,49560,49560,51870,27608.76171875,478900,24840543000
2024-04-25,PHR,52800,50580,51040,52800,28101.7734375,589300,31115040000
2024-04-26,PHR,53540,51690,51970,52340,27855.26953125,424300,22207862000
2024-05-02,PHR,53730,52340,52800,53730,28594.791015625,256800,13797864000
2024-05-03,PHR,54200,53170,54200,53540,28496.185546875,395600,21180424000
2024-05-06,PHR,54930,53540,53540,54290,28890.595703125,415700,22568353000
2024-05-07,PHR,55490,54290,54290,54930,29235.708984375,314500,17275485000
2024-05-08,PHR,54930,53360,54740,54560,29038.501953125,425600,23220736000
2024-05-09,PHR,55490,53730,55120,54560,29038.501953125,276300,15074928000
2024-05-10,PHR,55030,53830,54470,55030,29285.0078125,178800,9839364000
2024-05-13,PHR,55120,53730,55030,54200,28841.294921875,225600,12227520000
2024-05-14,PHR,55860,54200,54200,55770,29679.419921875,597300,33311421000
2024-05-15,PHR,56510,55770,56140,56140,29876.625,407500,22877050000
2024-05-16,PHR,56880,56140,56230,56510,30073.83203125,418400,23643784000
2024-05-17,PHR,56970,55770,56510,55960,29778.021484375,528400,29569264000
2024-05-20,PHR,56780,55490,56700,55580,29580.81640625,439600,24432968000
2024-05-21,PHR,56330,55400,55490,56330,29975.228515625,360800,20323864000
2024-05-22,PHR,56780,55300,56510,55400,29482.21484375,351700,19484180000
2024-05-23,PHR,55670,54740,54740,55670,29630.12109375,472600,26309642000
2024-05-24,PHR,56880,54930,55490,55770,29679.419921875,694600,38737842000
2024-05-27,PHR,57810,55580,55580,57250,30468.23828125,1016400,58188900000
2024-05-28,PHR,57900,57070,57440,57620,30665.4453125,596900,34393378000
2024-05-29,PHR,58640,56510,57620,56700,30172.43359375,1026900,58225230000
2024-05-30,PHR,57620,55580,56410,57620,30665.4453125,632300,36433126000
2024-05-31,PHR,57620,57250,57620,57530,30616.142578125,463800,26682414000
2024-06-03,PHR,59010,57440,57900,58450,30616.142578125,1028800,60133360000
2024-06-04,PHR,59200,57900,58270,57900,30813.3515625,492100,28492590000
2024-06-05,PHR,58920,57620,58550,57900,30813.3515625,413100,23918490000
2024-06-06,PHR,58000,56510,58000,56970,30320.337890625,248100,14134257000
2024-06-07,PHR,58550,56970,56970,57620,30665.4453125,276700,15943454000
2024-06-10,PHR,60030,57900,58550,59280,31552.8671875,755100,44762328000
2024-06-11,PHR,59750,58270,59280,58370,31059.857421875,226800,13238316000
2024-06-12,PHR,58370,57440,58270,57810,30764.048828125,239200,13828152000
2024-06-13,PHR,58370,57440,58370,57810,30764.048828125,275000,15897750000
2024-06-14,PHR,58450,56510,57810,56510,30073.83203125,332400,18783924000
2024-06-17,PHR,56700,55030,56700,55030,29285.0078125,452600,24906578000
2024-06-18,PHR,56780,55120,55490,56410,30024.52734375,367600,20736316000
2024-06-19,PHR,56700,56140,56410,56230,29925.92578125,138300,7776609000
2024-06-20,PHR,56700,55860,56510,56230,29925.92578125,149500,8406385000
2024-06-21,PHR,56970,56040,56230,56410,30024.52734375,179500,10125595000
2024-06-24,PHR,56780,54660,56780,54660,29087.802734375,302300,16523718000
2024-06-25,PHR,55210,54560,54660,54660,29087.802734375,135900,7428294000
2024-06-26,PHR,56230,54660,54660,56140,29876.625,240400,13496056000
2024-06-27,PHR,56510,55860,55960,56230,29925.92578125,135500,7619165000
2024-06-28,PHR,56140,54840,56140,56140,29876.625,265500,14905170000
2024-07-01,PHR,56140,55400,56140,56040,29827.322265625,98400,5514336000
2024-07-02,PHR,56510,55960,56230,56510,30073.83203125,142700,8063977000
2024-07-03,PHR,57710,56510,56510,57250,30468.23828125,700600,40109350000
2024-07-04,PHR,57440,57070,57440,57160,30418.939453125,178400,10197344000
2024-07-05,PHR,57440,56140,57160,56880,30271.033203125,422300,24020424000
2024-07-08,PHR,58180,56510,57160,58080,30911.951171875,445900,25897872000
2024-07-09,PHR,60030,58180,58640,59380,31602.169921875,904600,53715148000
2024-07-10,PHR,59200,58000,59200,58000,30862.650390625,280400,16263200000
2024-07-11,PHR,58080,56510,57900,56510,30073.83203125,644400,36415044000
2024-07-12,PHR,57340,55860,56510,56780,30221.732421875,307200,17442816000
2024-07-15,PHR,57250,56330,57250,57250,30468.23828125,164900,9440525000
2024-07-16,PHR,57530,56600,57160,57250,30468.23828125,285700,16356325000
2024-07-17,PHR,57440,53270,57250,54100,28791.99609375,477100,25811110000
2024-07-18,PHR,55120,53730,54010,55120,29334.306640625,316100,17423432000
2024-07-19,PHR,55300,53640,55300,53830,28644.08984375,225600,12144048000
2024-07-22,PHR,53730,52620,53640,53360,28397.583984375,449500,23985320000
2024-07-23,PHR,53730,52430,53730,52430,27904.5703125,152700,8006061000
2024-07-24,PHR,52620,51130,51420,52530,27953.87109375,184200,9676026000
2024-07-25,PHR,52530,51690,52430,51970,27658.0625,62200,3232534000
2024-07-26,PHR,53360,51970,51970,53360,28397.583984375,97800,5218608000
2024-07-29,PHR,54010,53360,53360,54010,28742.693359375,176500,9532765000
2024-07-30,PHR,54010,52990,54010,53090,28249.681640625,146000,7751140000
2024-07-31,PHR,53540,52530,53540,52900,28151.076171875,154700,8183630000
2024-08-01,PHR,53540,50210,53540,50210,26721.3359375,311900,15660499000
2024-08-02,PHR,51420,49840,50210,51420,27362.2578125,178200,9163044000
2024-08-05,PHR,51230,49660,50210,49750,26474.83203125,140500,6989875000
2024-08-06,PHR,51420,49750,50020,51130,27214.349609375,234900,12010437000
2024-08-07,PHR,51130,50300,51130,50950,27115.74609375,83000,4228850000
2024-08-08,PHR,50860,50300,50860,50670,26967.845703125,78600,3982662000
2024-08-09,PHR,51870,50950,51790,51690,27510.158203125,136000,7029840000
2024-08-12,PHR,52340,51500,52250,51600,27460.859375,53000,2734800000
2024-08-13,PHR,51790,51040,51600,51500,27411.556640625,94600,4871900000
2024-08-14,PHR,54560,50950,54560,51420,27362.2578125,60700,3121194000
2024-08-15,PHR,51870,51040,51420,51320,27312.953125,50500,2591660000
2024-08-16,PHR,53640,51420,51420,53540,28496.185546875,156000,8352240000
2024-08-19,PHR,53640,53090,53170,53170,28298.98046875,76200,4051554000
2024-08-20,PHR,53540,52900,53170,53170,28298.98046875,99000,5263830000
2024-08-21,PHR,53730,52990,53170,53360,28397.583984375,57300,3057528000
2024-08-22,PHR,53460,52800,53460,53090,28249.681640625,93700,4974533000
2024-08-23,PHR,53270,52430,52900,52530,27953.87109375,104400,5484132000
2024-08-26,PHR,52900,52060,52710,52060,27707.365234375,166800,8683608000
2024-08-27,PHR,52990,51600,52160,52530,27953.87109375,240000,12607200000
2024-08-28,PHR,53910,52620,52620,53910,28693.392578125,676400,36464724000
2024-08-29,PHR,54660,53730,54010,54660,29087.802734375,412800,22563648000
2024-08-30,PHR,55120,54560,54660,55120,29334.306640625,490400,27030848000
2024-09-04,PHR,55030,53830,55030,54380,28939.8984375,270900,14731542000
2024-09-05,PHR,54930,52800,54740,52800,28101.7734375,261400,13801920000
2024-09-06,PHR,55120,52710,53360,52900,28151.076171875,172600,9130540000
2024-09-09,PHR,54010,52250,53730,54010,28742.693359375,163700,8841437000
2024-09-10,PHR,54470,50300,54470,53460,28446.8828125,142500,7618050000
2024-09-11,PHR,53730,52530,53270,53540,28496.185546875,117600,6296304000
2024-09-12,PHR,54660,52990,53360,53730,28594.791015625,69000,3707370000
2024-09-13,PHR,53830,53090,53830,53640,28545.486328125,57400,3078936000
2024-09-16,PHR,54100,53170,53540,53640,28545.486328125,149600,8024544000
2024-09-17,PHR,53910,53540,53910,53910,28693.392578125,177900,9590589000
2024-09-18,PHR,55030,54100,54100,54930,29235.708984375,427500,23482575000
2024-09-19,PHR,54930,54380,54930,54930,29235.708984375,223200,12260376000
2024-09-20,PHR,55400,54290,55400,54290,28890.595703125,198600,10781994000
2024-09-23,PHR,54660,54470,54660,54660,29087.802734375,124900,6827034000
2024-09-24,PHR,55770,54470,54660,55770,29679.419921875,383400,21382218000
2024-09-25,PHR,56040,55300,56040,55580,29580.81640625,153400,8525972000
2024-09-26,PHR,56330,55400,56040,55960,29778.021484375,259800,14538408000
2024-09-27,PHR,55770,54660,55770,55210,29383.609375,209500,11566495000
2024-09-30,PHR,55580,54660,54740,55580,29580.81640625,157400,8748292000
2024-10-01,PHR,56330,55210,55490,55580,29580.81640625,189400,10526852000
2024-10-02,PHR,56330,55210,55580,55670,29630.12109375,216300,12041421000
2024-10-03,PHR,56040,53830,56040,54380,28939.8984375,102200,5557636000
2024-10-04,PHR,55030,53830,54380,53910,28693.392578125,140400,7568964000
2024-10-07,PHR,53910,52990,53910,53640,28545.486328125,219500,11773980000
2024-10-08,PHR,54290,53090,53730,54010,28742.693359375,96200,5195762000
2024-10-09,PHR,54560,53730,54010,54380,28939.8984375,101300,5508694000
2024-10-10,PHR,54740,53830,54380,53910,28693.392578125,75500,4070205000
2024-10-11,PHR,54380,53730,54010,54380,28939.8984375,103900,5650082000
2024-10-14,PHR,55490,54380,54380,55490,29531.513671875,207200,11497528000
2024-10-15,PHR,55490,54200,55490,54660,29087.802734375,114600,6264036000
2024-10-16,PHR,54660,53270,54660,53730,28594.791015625,190600,10240938000
2024-10-17,PHR,53730,53090,53640,53640,28545.486328125,122000,6544080000
2024-10-18,PHR,54380,53640,53640,53640,28545.486328125,79100,4242924000
2024-10-21,PHR,53460,52340,52900,52430,27904.5703125,140100,7345443000
2024-10-22,PHR,52900,51230,52530,51500,27411.556640625,194400,10011600000
2024-10-23,PHR,52160,51500,51500,52060,27707.365234375,121700,6335702000
2024-10-24,PHR,52160,51500,52060,51690,27510.158203125,92200,4765818000
2024-10-25,PHR,51790,50950,51690,51230,27263.65234375,111400,5707022000
2024-10-28,PHR,51230,50860,51230,50950,27115.74609375,102600,5227470000
2024-10-29,PHR,51790,50950,50950,51600,27460.859375,57900,2987640000
2024-10-30,PHR,51870,51230,51870,51420,27362.2578125,34900,1794558000
2024-10-31,PHR,52800,51130,51420,52800,28101.7734375,77000,4065600000
2024-11-01,PHR,52060,51230,51870,51320,27312.953125,50300,2581396000
2024-11-04,PHR,51790,50670,51420,50670,26967.845703125,84100,4261347000
2024-11-05,PHR,50860,50390,50670,50490,26869.240234375,101400,5119686000
2024-11-06,PHR,52430,50490,50490,52340,27855.26953125,418200,21888588000
2024-11-07,PHR,52530,51790,52530,51790,27559.458984375,86000,4453940000
2024-11-08,PHR,52160,51600,51690,51790,27559.458984375,77300,4003367000
2024-11-11,PHR,52710,51970,51970,52340,27855.26953125,322400,16874416000
2024-11-12,PHR,52800,51790,52340,52160,27756.666015625,217100,11323936000
2024-11-13,PHR,52620,51870,52060,52620,28003.171875,194000,10208280000
2024-11-14,PHR,52710,51870,52340,52060,27707.365234375,210400,10953424000
2024-11-15,PHR,51690,50950,51690,51040,27165.05078125,168700,8610448000
2024-11-18,PHR,51790,50860,51790,51230,27263.65234375,134400,6885312000
2024-11-19,PHR,51970,51230,51600,51230,27263.65234375,155100,7945773000
2024-11-20,PHR,51870,50950,51230,51230,27263.65234375,143800,7366874000
2024-11-21,PHR,51790,51230,51320,51790,27559.458984375,62500,3236875000
2024-11-22,PHR,52990,51790,51790,52990,28200.37890625,221500,11737285000
2024-11-25,PHR,53090,52430,52990,52990,28200.37890625,145800,7725942000
2024-11-26,PHR,53090,52430,52430,52800,28101.7734375,82600,4361280000
2024-11-27,PHR,53090,52430,53090,52620,28003.171875,84400,4441128000
2024-11-28,PHR,53090,52340,52900,52340,27855.26953125,204100,10682594000
2024-11-29,PHR,52900,52250,52530,52250,27805.96875,149300,7800925000
2024-12-02,PHR,53170,52430,52710,52710,28052.474609375,133900,7057869000
2024-12-03,PHR,53540,52800,52800,53460,28446.8828125,244000,13044240000
2024-12-04,PHR,53730,52530,53460,52800,28101.7734375,186300,9836640000
2024-12-05,PHR,53730,52800,53170,53730,28594.791015625,266700,14329791000
2024-12-06,PHR,54560,53460,53460,54100,28791.99609375,221500,11983150000
2024-12-09,PHR,55400,54200,54560,55030,29285.0078125,554300,30503129000
2024-12-10,PHR,55120,54560,55120,54740,29137.103515625,168600,9229164000
2024-12-11,PHR,54740,53830,54740,54290,28890.595703125,304900,16553021000
2024-12-12,PHR,54660,54200,54290,54470,28989.19921875,380800,20742176000
2024-12-13,PHR,53890,53100,53400,53500,28469.681640625,316400,16927400000
2024-12-16,PHR,53890,53200,53200,53300,28365.775390625,178100,9492730000
2024-12-17,PHR,53500,53010,53400,53100,28261.873046875,149200,7922520000
2024-12-18,PHR,53100,52420,53100,52910,28157.966796875,140400,7428564000
2024-12-19,PHR,52810,51840,52810,52230,27794.3046875,200800,10487784000
2024-12-20,PHR,52810,52030,52320,52520,27950.158203125,164900,8660548000
2024-12-23,PHR,52810,52320,52710,52320,27846.255859375,113200,5922624000
2024-12-24,PHR,52620,52030,52230,52320,27846.255859375,95200,4980864000
2024-12-25,PHR,53100,52320,52620,52620,28002.11328125,198000,10418760000
2024-12-26,PHR,53010,52230,52320,52620,28002.11328125,130300,6856386000
2024-12-27,PHR,52620,52130,52620,52130,27742.349609375,108300,5645679000
2024-12-30,PHR,52130,51350,51930,51540,27430.640625,182100,9385434000
2024-12-31,PHR,51930,51150,51930,51930,27638.447265625,108200,5618826000
2025-01-02,PHR,52230,51640,51840,51740,27534.544921875,72500,3751150000
2025-01-03,PHR,52320,51350,52030,51350,27326.736328125,106300,5458505000
2025-01-06,PHR,51350,50080,50960,50660,26963.07421875,187000,9473420000
2025-01-07,PHR,50760,49790,50660,49790,26495.505859375,141100,7025369000
2025-01-08,PHR,50570,49100,49790,50570,26911.12109375,104700,5294679000
2025-01-09,PHR,50660,50080,50570,50270,26755.265625,31500,1583505000
2025-01-10,PHR,50270,48810,50180,48810,25975.984375,91700,4475877000
2025-01-13,PHR,48910,48220,48810,48520,25820.12890625,99900,4847148000
2025-01-14,PHR,49590,48810,48810,49200,26183.79296875,152500,7503000000
2025-01-15,PHR,49980,48910,49590,49400,26287.697265625,29100,1437540000
2025-01-16,PHR,49790,49200,49790,49590,26287.697265625,56100,2781999000
2025-01-17,PHR,50180,49790,49790,50080,26651.359375,50800,2544064000
2025-01-20,PHR,50470,50080,50270,50270,26755.265625,74800,3760196000
2025-01-21,PHR,50470,50080,50470,50080,26651.359375,44600,2233568000
2025-01-22,PHR,50080,49590,50080,49590,26391.6015625,88000,4363920000
2025-01-23,PHR,51640,49590,49690,51150,27222.83203125,144000,7365600000
2025-01-24,PHR,51450,50470,51450,50760,27015.0234375,77700,3944052000
2025-02-03,PHR,51640,50760,51250,51250,27274.783203125,164400,8425500000
2025-02-04,PHR,51250,50860,51250,51150,27222.83203125,81800,4184070000
2025-02-05,PHR,52030,51050,51050,51540,27430.640625,174800,9009192000
2025-02-06,PHR,51540,51150,51250,51250,27274.783203125,81900,4197375000
2025-02-07,PHR,51640,50860,51540,50860,27066.9765625,117400,5970964000
2025-02-10,PHR,51250,50080,50660,50080,26651.359375,112000,5608960000
2025-02-11,PHR,50270,49690,50180,50180,26703.3125,122900,6167122000
2025-02-12,PHR,50660,50180,50470,50270,26755.265625,44100,2216907000
2025-02-13,PHR,51640,50180,50270,51540,27430.640625,301100,15518694000
2025-02-14,PHR,53400,51740,51840,53100,28261.873046875,620100,32927310000
2025-02-17,PHR,56130,53590,53690,54470,28989.19921875,862100,46958587000
2025-02-18,PHR,55450,54370,54470,55350,29456.767578125,434600,24055110000
2025-02-19,PHR,56520,55150,55550,56520,30080.189453125,825900,46679868000
2025-02-20,PHR,60430,56620,56620,60130,32002.412109375,1611500,96899495000
2025-02-21,PHR,60910,59060,60330,60910,32418.029296875,864500,52656695000
2025-02-24,PHR,64330,60520,60520,63840,33976.5859375,1113600,71092224000
2025-02-25,PHR,64040,62670,63940,63350,33716.828125,605700,38371095000
2025-02-26,PHR,65010,63060,63840,63060,33560.9765625,851800,53714508000
2025-02-27,PHR,64330,61500,63060,64330,34236.34765625,1000400,64355732000
2025-02-28,PHR,64920,62960,64330,64530,34340.25,1226100,79120233000
2025-03-03,PHR,64430,62180,64430,62480,33249.2578125,699100,43679768000
2025-03-04,PHR,65010,62380,63060,64430,34288.3046875,1125200,72496636000
2025-03-05,PHR,64920,63550,64430,63940,34028.5390625,489000,31266660000
2025-03-06,PHR,65990,63060,64530,63350,33716.828125,1222000,77413700000
2025-03-07,PHR,64920,63260,63750,63450,33768.77734375,798600,50671170000
2025-03-10,PHR,64430,62480,64230,62960,33509.01953125,1141800,71887728000
2025-03-11,PHR,64530,62570,62570,63260,33664.875,1555500,98400930000
2025-03-12,PHR,63750,61700,63350,62670,33353.1640625,846900,53075223000
2025-03-13,PHR,64430,62570,62870,63750,33924.63671875,1170500,74619375000
2025-03-14,PHR,67160,62180,63840,62280,33145.359375,2102100,130918788000
2025-03-17,PHR,62770,60430,62670,61010,32469.982421875,1074400,65549144000
2025-03-18,PHR,62280,60130,61010,60820,32366.078125,967800,58861596000
2025-03-19,PHR,63060,60230,60720,62770,33405.1171875,742500,46606725000
2025-03-20,PHR,63350,61890,63350,62280,33145.359375,513300,31968324000
2025-03-21,PHR,63260,62090,62380,62480,33249.2578125,497300,31071304000
2025-03-24,PHR,63160,61500,63160,62960,33509.01953125,476600,30006736000
2025-03-25,PHR,66770,61500,63450,65310,34755.8671875,2261500,147698565000
2025-03-26,PHR,66380,64530,65400,65500,34859.76953125,559500,36647250000
2025-03-27,PHR,67360,64230,65890,65400,34807.8203125,1288900,84294060000
2025-03-28,PHR,66480,64920,65890,66380,35327.33984375,720400,47820152000
2025-03-31,PHR,66280,61790,66190,61790,32885.59765625,1789400,110567026000
2025-04-01,PHR,61790,60330,61790,60520,32210.22265625,1043600,63158672000
2025-04-02,PHR,61600,60620,61400,61500,32729.7421875,367900,22625850000
2025-04-03,PHR,57400,57200,57200,57200,30443.853515625,598300,34222760000
2025-04-04,PHR,53200,53200,53200,53200,28313.822265625,113800,6054160000
2025-04-08,PHR,49490,49490,49490,49490,26339.6484375,393100,19454519000
2025-04-09,PHR,46080,46080,46080,46080,24521.330078125,698400,32182272000
2025-04-10,PHR,49300,47930,49300,49300,26235.744140625,1846500,91032450000
2025-04-11,PHR,49100,45880,47350,47930,25508.416015625,1755800,84155494000
2025-04-14,PHR,50470,47590,50470,47830,25456.466796875,962100,46017243000
2025-04-15,PHR,47830,44510,47830,44510,23690.09765625,1547500,68879225000
2025-04-16,PHR,44810,42370,44760,42510,22625.083984375,939600,39942396000
2025-04-17,PHR,43150,41100,41880,42510,22625.083984375,789500,33561645000
2025-04-18,PHR,44320,43050,43780,43540,23170.578125,548700,23890398000
2025-04-21,PHR,44420,42460,44420,42850,22806.9140625,469600,20122360000
2025-04-22,PHR,42320,39880,42270,39880,21222.380859375,1156500,46121220000
2025-04-23,PHR,41050,38070,41050,40710,21663.970703125,1139300,46380903000
2025-04-24,PHR,42510,40900,41490,41880,22287.396484375,778300,32595204000
2025-04-25,PHR,43150,41780,41980,42020,22365.322265625,628200,26396964000
2025-04-28,PHR,42660,41830,42660,42270,22495.203125,348700,14739549000
2025-04-29,PHR,42610,41930,42070,42370,22547.154296875,370000,15676900000
2025-05-05,PHR,43830,43730,43730,43830,23326.435546875,372100,16309143000
2025-05-06,PHR,44420,43540,44420,43730,23326.435546875,502900,21991817000
2025-05-07,PHR,44810,43200,43730,43880,23274.482421875,720600,31619928000
2025-05-08,PHR,46320,43930,44030,45780,23352.41015625,1385900,63446502000
2025-05-09,PHR,46370,45000,46270,45200,24365.474609375,552100,24954920000
2025-05-12,PHR,46560,45150,45250,46560,24781.08984375,724500,33732720000
2025-05-13,PHR,47540,46660,47540,47050,24781.08984375,577700,27180785000
2025-05-14,PHR,47050,46270,47050,46320,25040.849609375,819400,37954608000
2025-05-15,PHR,46470,45440,46420,45880,24651.208984375,645800,29629304000
2025-05-16,PHR,46080,45200,46080,45200,24417.42578125,690900,31228680000
2025-05-19,PHR,45540,44610,45200,45100,24001.810546875,422100,19036710000
2025-05-20,PHR,45880,44760,45100,45340,24001.810546875,521500,23644810000
2025-05-21,PHR,45640,44470,45640,44560,24131.689453125,445200,19838112000
2025-05-22,PHR,45100,44270,44510,44470,23716.07421875,472400,21007628000
2025-05-23,PHR,44510,44030,44510,44220,23664.12109375,391700,17320974000
2025-05-26,PHR,47300,43730,44660,47300,25170.728515625,1112200,52607060000
2025-05-27,PHR,48760,47930,48030,48130,25170.728515625,1206900,58088097000
2025-05-28,PHR,49300,47980,48810,48220,25612.3203125,832000,40119040000
2025-05-29,PHR,51150,49100,49100,51150,25664.275390625,1554800,79528020000
2025-05-30,PHR,51740,49880,51740,50080,27222.83203125,874900,43814992000
2025-06-02,PHR,50180,47830,49980,49790,26495.505859375,567300,28245867000
2025-06-03,PHR,50570,49590,49690,49590,26495.505859375,618900,30691251000
2025-06-04,PHR,50960,49590,49590,50080,26391.6015625,497600,24919808000
2025-06-05,PHR,51250,49400,50570,49400,26651.359375,562600,27792440000
2025-06-06,PHR,50270,49100,49590,49490,26287.697265625,554300,27432307000
2025-06-09,PHR,50080,49000,49000,49690,26443.55078125,474500,23577905000
2025-06-10,PHR,50370,49300,49690,49980,26443.55078125,690800,34526184000
2025-06-11,PHR,51150,49880,49980,50080,26599.41015625,386700,19365936000
2025-06-12,PHR,52130,49980,49980,51450,26651.359375,731800,37651110000
2025-06-13,PHR,51050,49490,50760,49790,27378.6875,1118100,55670199000
2025-06-16,PHR,50470,49790,49790,50470,26859.16796875,308200,15554854000
2025-06-17,PHR,52710,50570,50660,51450,26859.16796875,672000,34574400000
2025-06-18,PHR,51930,50270,51540,50470,27378.6875,480100,24230647000
2025-06-19,PHR,53980,51450,51450,53980,26859.16796875,1289000,69580220000
2025-06-20,PHR,56030,54280,55350,54370,28729.439453125,890400,48411048000
2025-06-23,PHR,58080,53690,54180,57690,30703.61328125,1394400,80442936000
2025-06-24,PHR,60040,56810,58080,58960,30703.61328125,1098400,64761664000
2025-06-25,PHR,60230,58180,59060,59940,31378.990234375,727600,43612344000
2025-06-26,PHR,60430,58670,60040,59060,31898.5078125,447800,26447068000
2025-06-27,PHR,59550,57600,58960,59550,31430.94140625,711700,42381735000
2025-06-30,PHR,60230,58570,60230,59550,31690.703125,348000,20723400000
2025-07-01,PHR,59550,57690,59160,59550,31690.703125,777900,46323945000
2025-07-02,PHR,63350,59060,60130,62090,31690.703125,1097800,68162402000
2025-07-03,PHR,61400,57990,59550,58570,33041.453125,1070600,62705042000
2025-07-04,PHR,60430,57890,58670,58180,31171.181640625,533100,31015758000
2025-07-07,PHR,59550,58280,59350,58960,31378.990234375,267900,15795384000
2025-07-08,PHR,61110,60040,60040,61010,31378.990234375,944800,57642248000
2025-07-09,PHR,61400,60040,61400,60040,32469.982421875,391600,23511664000
2025-07-10,PHR,60430,58860,59650,60040,31950.462890625,518200,31112728000
2025-07-11,PHR,60040,58960,59250,59350,31950.462890625,198200,11763170000
2025-07-14,PHR,60820,58860,59550,59940,31898.5078125,319900,19174806000
2025-07-15,PHR,60330,58670,60330,58670,31898.5078125,400900,23520803000
2025-07-16,PHR,58960,57890,58670,58770,31223.13671875,625300,36748881000
2025-07-17,PHR,59940,58180,59650,58570,31275.0859375,306400,17945848000
2025-07-18,PHR,61500,58570,59060,60720,31171.181640625,1119100,67951752000
2025-07-21,PHR,62180,60820,61400,60820,32366.078125,436000,26517520000
2025-07-22,PHR,61700,59450,60820,60040,32366.078125,686100,41193444000
2025-07-23,PHR,63450,59550,60520,63350,31950.462890625,868000,54987800000
2025-07-24,PHR,64230,62180,63450,63350,33716.828125,655300,41513255000
2025-07-25,PHR,63450,58960,62960,60040,33716.828125,840800,50481632000
2025-07-28,PHR,61110,59650,60910,60130,32002.412109375,660200,39697826000
2025-07-29,PHR,63060,59450,60430,60040,32002.412109375,1239200,74401568000
2025-07-30,PHR,60910,59840,60040,60520,31950.462890625,351000,21242520000
2025-07-31,PHR,63260,61300,61400,62480,32210.22265625,798000,49859040000
2025-08-01,PHR,62870,60330,62670,61110,33249.2578125,503500,30768885000
2025-08-04,PHR,62090,59740,62090,60040,31950.462890625,786600,47227464000
2025-08-05,PHR,61210,58570,60330,59160,31950.462890625,1314900,77789484000
2025-08-06,PHR,60040,59160,60040,60040,31482.89453125,818500,49142740000
2025-08-07,PHR,61990,60230,61210,60520,31950.462890625,508800,30792576000
2025-08-08,PHR,61110,59450,60720,60720,32210.22265625,772400,46900128000
2025-08-11,PHR,62870,60130,60720,61110,32521.931640625,1947900,119036169000
2025-08-12,PHR,61790,60520,61790,61300,32521.931640625,629600,38594480000
2025-08-13,PHR,62870,61110,61790,62280,32625.83984375,1274800,79394544000
2025-08-14,PHR,62570,60520,62480,60520,33145.359375,1306400,79063328000
2025-08-15,PHR,60520,59550,60520,59650,32210.22265625,1116000,66569400000
2025-08-18,PHR,60720,59650,59650,60520,32210.22265625,378000,22876560000
2025-08-19,PHR,61210,59160,61210,59350,32210.22265625,807300,47913255000
2025-08-20,PHR,59650,57010,59350,57890,31586.798828125,861300,49860657000
2025-08-21,PHR,59350,56230,57890,57010,30807.51953125,707100,40311771000
2025-08-22,PHR,57010,53590,57010,54180,30339.951171875,1388900,75250602000
2025-08-25,PHR,55250,54080,55150,54570,29041.150390625,646000,35252220000
2025-08-26,PHR,55740,54570,54670,55350,29041.150390625,330500,18293175000
2025-08-27,PHR,56600,55300,55400,56000,30185.76171875,541500,30324000000
2025-08-28,PHR,56400,55600,56000,56000,29813.09765625,278100,15573600000
2025-08-29,PHR,56200,55500,56100,55500,29813.09765625,436500,24225750000
2025-09-03,PHR,56000,55100,55500,55900,29759.859375,189500,10593050000
2025-09-04,PHR,56900,56000,56000,56500,29759.859375,329600,18622400000
2025-09-05,PHR,58200,56600,56900,56600,30079.28515625,604800,34231680000
2025-09-08,PHR,57200,55600,56700,55600,29600.146484375,365700,20332920000
2025-09-09,PHR,56300,55100,55800,55400,29600.146484375,374000,20719600000
2025-09-10,PHR,55800,55200,55600,55300,29493.669921875,262400,14510720000
2025-09-11,PHR,57000,54300,55400,57000,29440.43359375,550600,31384200000
2025-09-12,PHR,58700,57000,57800,58400,30345.47265625,443600,25906240000
2025-09-15,PHR,59000,57900,58400,58900,31356.990234375,331900,19548910000
2025-09-16,PHR,59000,58000,59000,58500,31356.990234375,179900,10524150000
2025-09-17,PHR,58800,57100,58500,57400,31144.0390625,236900,13598060000
2025-09-18,PHR,57400,56800,57400,56900,30558.423828125,86900,4944610000
2025-09-19,PHR,57300,56400,56800,56400,30292.236328125,80700,4551480000
2025-09-22,PHR,56900,56200,56500,56600,30132.5234375,175400,9927640000
2025-09-23,PHR,57400,56600,56600,56900,30132.5234375,106500,6059850000
2025-09-24,PHR,57000,56000,56900,56600,30292.236328125,155700,8812620000
2025-09-25,PHR,57300,56600,56600,56600,30132.5234375,94000,5320400000
2025-09-26,PHR,57100,56400,57100,56400,30132.5234375,93300,5262120000
2025-09-29,PHR,56300,54900,56300,55400,29493.669921875,199400,11046760000
2025-09-30,PHR,55600,54000,55600,55300,29493.669921875,283200,15660960000
2025-10-01,PHR,57200,56300,57200,56500,29440.43359375,222000,12543000000
2025-10-02,PHR,56500,55700,56500,56000,30079.28515625,128800,7212800000
2025-10-03,PHR,56000,54900,56000,54900,29813.09765625,116500,6395850000
2025-10-06,PHR,56300,54900,54900,56300,29972.810546875,61800,3479340000
2025-10-07,PHR,56300,55200,56300,55300,29972.810546875,130500,7216650000
2025-10-08,PHR,56100,55000,56100,55300,29440.43359375,96400,5330920000
2025-10-09,PHR,55900,55000,55800,55300,29440.43359375,131300,7260890000
2025-10-10,PHR,55600,54400,55600,54500,29440.43359375,369100,20115950000
2025-10-13,PHR,55600,54300,54400,55000,29280.71875,204600,11253000000
2025-10-14,PHR,55500,54300,55100,54300,29280.71875,187400,10175820000
2025-10-15,PHR,54300,53100,54300,53300,28908.056640625,354300,18884190000
2025-10-16,PHR,53900,53000,53400,53300,28375.6796875,145600,7760480000
2025-10-17,PHR,53600,52300,53200,52300,28375.6796875,162900,8519670000
2025-10-20,PHR,52600,48650,52500,48650,25900.126953125,330900,16098285000
2025-10-21,PHR,51000,48650,49750,50200,25900.126953125,356600,17901320000
2025-10-22,PHR,51300,50000,50200,50600,26725.3125,160000,8096000000
2025-10-23,PHR,51800,51000,51800,51000,26938.263671875,115200,5875200000
2025-10-24,PHR,52500,50700,51700,52000,27151.21484375,182900,9510800000
2025-10-27,PHR,54000,52800,53000,53000,28215.966796875,234900,12449700000
2025-10-28,PHR,54000,53000,53000,54000,28215.966796875,175000,9450000000
2025-10-29,PHR,56800,54500,54500,55900,28748.34375,357100,19961890000
2025-10-30,PHR,56700,55500,55900,56500,29759.859375,203300,11486450000
2025-10-31,PHR,57100,55800,56500,55900,30079.28515625,219100,12247690000
2025-11-03,PHR,56800,55500,56800,55500,29546.91015625,144800,8036400000
2025-11-04,PHR,55500,53900,55500,55300,29440.43359375,265300,14671090000
2025-11-05,PHR,55500,54800,55300,54900,29440.43359375,91200,5006880000
2025-11-06,PHR,56500,55000,55000,55800,29706.62109375,137000,7644600000
2025-11-07,PHR,56000,54100,55500,54100,28801.580078125,128000,6924800000
2025-11-10,PHR,54900,54100,54100,54200,28854.818359375,62000,3360400000
2025-11-11,PHR,54900,54000,54200,54000,28748.34375,108400,5853600000
2025-11-12,PHR,55400,54600,54600,55400,29493.669921875,83400,4620360000
2025-11-13,PHR,56900,55500,55500,56500,30079.28515625,274300,15497950000
2025-11-14,PHR,57400,56400,56400,57100,30398.7109375,382100,21817910000
2025-11-17,PHR,57900,56600,57100,57300,30505.1875,299900,17184270000
2025-11-18,PHR,57600,56400,57300,56500,30079.28515625,179500,10141750000
2025-11-19,PHR,57500,56300,56600,56400,30026.048828125,121900,6875160000
2025-11-20,PHR,57300,56100,56400,56500,30079.28515625,96500,5452250000
2025-11-21,PHR,56600,55300,56400,56100,29866.333984375,142400,7988640000
2025-11-24,PHR,56700,55700,56700,55700,29653.384765625,95900,5341630000
2025-11-25,PHR,56800,55000,55700,55200,29387.1953125,194400,10730880000
2025-11-26,PHR,55800,55200,55200,55600,29600.146484375,49600,2757760000
2025-11-27,PHR,57000,55700,56000,56600,30132.5234375,309800,17534680000
2025-11-28,PHR,56900,55500,56900,55600,29600.146484375,251200,13966720000
2025-12-01,PHR,56200,55200,56100,55200,29387.1953125,216200,11934240000
2025-12-02,PHR,57300,55100,55600,57000,30345.47265625,314100,17903700000
2025-12-03,PHR,58400,56800,57400,58000,30877.8515625,704700,40872600000
2025-12-04,PHR,59500,58200,58800,58200,30984.326171875,856400,49842480000
2025-12-05,PHR,58500,57700,58100,58000,30877.8515625,322100,18681800000
2025-12-08,PHR,58400,57100,58000,57200,30451.94921875,252500,14443000000
2025-12-09,PHR,57500,56200,57200,57000,30345.47265625,223500,12739500000
2025-12-10,PHR,57600,56600,57000,57100,30398.7109375,136000,7765600000
2025-12-11,PHR,57400,56200,57000,56200,29919.572265625,127600,7171120000
2025-12-12,PHR,57100,54500,56300,54500,29014.53125,454800,24786600000
2025-12-15,PHR,56800,54300,54400,56000,29813.09765625,297500,16660000000
2025-12-16,PHR,57700,55300,56400,57000,30345.47265625,227800,12984600000
2025-12-17,PHR,58400,57100,57100,57600,30664.900390625,250500,14428800000
2025-12-18,PHR,57900,56800,57800,57000,30664.900390625,104800,5973600000
2025-12-19,PHR,57900,56600,57000,57800,30771.375,211800,12242040000
2025-12-22,PHR,58500,57600,57800,58000,30877.8515625,197400,11449200000
2025-12-23,PHR,58300,56600,58000,56700,30185.76171875,262000,14855400000
2025-12-24,PHR,57200,56300,57200,56300,29972.810546875,174600,9829980000
2025-12-25,PHR,56700,55700,56500,56000,29972.810546875,259600,14537600000
2025-12-26,PHR,56500,54600,55500,55900,29759.859375,271100,15154490000
2025-12-29,PHR,57400,55900,55900,56200,29919.572265625,97500,5479500000
2025-12-30,PHR,60100,56500,56500,59000,31410.2265625,1500500,88529500000
2025-12-31,PHR,59400,58300,59000,58500,31144.0390625,150700,8815950000
2026-01-05,PHR,58800,56000,58400,56800,30238.998046875,664000,37715200000
2026-01-06,PHR,59900,56800,56800,58300,31037.5625,730400,42582320000
2026-01-07,PHR,60700,58500,59000,60000,31942.603515625,1433500,86010000000
2026-01-08,PHR,61700,58400,61000,58400,31090.802734375,1067300,62330320000
2026-01-09,PHR,62400,58600,58600,62400,33220.30859375,1903200,118759680000
2026-01-12,PHR,65800,62400,63900,62800,33433.26171875,1017600,63905280000
2026-01-13,PHR,65000,61000,63100,63500,33805.921875,1302900,82734150000
2026-01-14,PHR,66500,62300,63600,63500,33805.921875,2066700,131235450000
2026-01-15,PHR,67900,63700,63800,67900,36148.37890625,2265300,153813870000
2026-01-16,PHR,69500,65600,69500,66000,35136.8671875,917100,60528600000
2026-01-19,PHR,69600,65500,65500,68100,36254.85546875,1205800,82114980000
2026-01-20,PHR,68400,66000,68000,66000,35136.8671875,1227100,80988600000
2026-01-21,PHR,65300,61500,65099,62600,33326.78125,1573700,98513620000
2026-01-22,PHR,65000,62800,63000,64000,34072.109375,840400,53785600000
2026-01-23,PHR,64000,62200,64000,62200,33113.83203125,793200,49337040000
2026-01-26,PHR,64000,61100,62200,62500,33273.546875,667100,41693750000
2026-01-27,PHR,64200,62200,63000,64000,34072.109375,595800,38131200000
2026-01-28,PHR,64800,62300,64099,62700,33380.01953125,643800,40366260000
2026-01-29,PHR,63400,61500,63400,62000,33007.359375,799000,49538000000
2026-01-30,PHR,64900,62200,63100,64300,34231.82421875,763700,49105910000
2026-02-02,PHR,65000,62500,64300,63500,33805.921875,957700,60813950000
2026-02-03,PHR,67900,64000,64200,67900,36148.37890625,2256300,153202770000
2026-02-04,PHR,68700,66300,68600,67000,35669.2421875,1301600,87207200000
2026-02-05,PHR,66800,63100,66600,63100,33592.97265625,1273900,80383090000
2026-02-06,PHR,63000,58800,62000,58800,31303.751953125,1759300,103446840000
2026-02-09,PHR,60000,58400,59500,58500,31144.0390625,428500,25067250000
2026-02-10,PHR,59300,57200,58500,57800,30771.375,598900,34616420000
2026-02-11,PHR,59200,58000,58000,58000,30877.8515625,706000,40948000000
2026-02-12,PHR,59200,58700,59100,59000,31410.2265625,269200,15882800000
2026-02-13,PHR,60400,58500,59000,60400,32155.5546875,483000,29173200000
2026-02-23,PHR,62200,60600,60600,61500,32741.169921875,628000,38622000000
2026-02-24,PHR,63200,61600,61600,63200,33646.20703125,1168100,73823920000
2026-02-25,PHR,64599,63100,63700,63700,33912.3984375,931600,59342920000
2026-02-26,PHR,63900,62700,63700,63700,33912.3984375,569200,36258040000
2026-02-27,PHR,64800,63100,63900,63100,33592.97265625,454000,28647400000
2026-03-02,PHR,67500,60600,60600,67400,35882.19140625,1881900,126840060000
2026-03-03,PHR,69500,62700,67800,69000,35882.19140625,1239500,85525500000
2026-03-04,PHR,69900,64200,68900,65900,35083.625,1395900,91989810000
2026-03-05,PHR,65900,62000,65900,62000,33007.359375,800100,49606200000
2026-03-06,PHR,63300,61200,61700,61200,32581.45703125,415700,25440840000
2026-03-09,PHR,58000,57000,57000,57000,30345.47265625,482400,27496800000
2026-03-10,PHR,59000,56600,58300,58200,30984.326171875,506100,29455020000
2026-03-11,PHR,61000,57800,57800,60300,32102.31640625,254300,15334290000
2026-03-12,PHR,62400,59600,59600,61500,32741.169921875,460600,28326900000
2026-03-13,PHR,61900,60200,60200,61400,32687.9296875,388300,0
2026-03-16,PHR,62500,60900,61000,62200,33113.83203125,515500,0
2026-03-17,PHR,62700,60700,62500,61000,32474.982421875,239500,0
2026-03-18,PHR,62200,61000,62000,62000,33007.359375,224300,0
2026-03-19,PHR,61500,60600,61500,61000,32474.982421875,206200,0
2026-03-20,PHR,61100,58500,61100,58500,31144.0390625,240300,0
2026-03-23,PHR,59000,56000,57100,56800,30238.998046875,313400,0
2026-03-24,PHR,58600,57600,58100,57800,30771.375,113000,0
2026-03-25,PHR,59500,58000,58000,59500,31676.4140625,132800,0
2026-03-26,PHR,60800,59000,59500,60500,32208.791015625,178000,0
2026-03-27,PHR,63500,60300,60800,61800,32900.87890625,500200,0
2026-03-30,PHR,63000,61200,61200,62500,33273.546875,224600,0
2026-03-31,PHR,62900,61800,62500,61900,32954.12109375,240900,0
2026-04-01,PHR,62700,62100,62500,62200,33113.83203125,120500,0
2026-04-02,PHR,63200,61900,62000,63000,33539.734375,290500,0
2026-04-03,PHR,63600,62000,63000,62800,33433.26171875,175300,0
2026-04-06,PHR,62700,60600,62700,60600,32262.03125,247400,0
2026-04-07,PHR,61400,60000,61400,60500,32208.791015625,218900,0
2026-04-08,PHR,63000,61500,61600,63000,33539.734375,314700,0
2026-04-09,PHR,63900,62500,63200,63500,33805.921875,336500,0
2026-04-10,PHR,64000,62700,63600,62700,33380.01953125,240100,0
2026-04-13,PHR,63600,62000,62500,62300,33167.0703125,341900,0
2026-04-14,PHR,63000,62000,62500,62300,33167.0703125,129800,0
2026-04-15,PHR,62800,61700,62800,61800,32900.87890625,130800,0
2026-04-16,PHR,62000,61200,62000,61500,32741.169921875,139900,0
2026-04-17,PHR,62900,61200,62200,61900,32954.12109375,222400,0
2026-04-20,PHR,62600,61400,61900,62000,33007.359375,121700,0
2026-04-21,PHR,62800,62000,62000,62000,33007.359375,181500,0
2026-04-22,PHR,62400,60800,62400,61500,32741.169921875,143700,0
2026-04-23,PHR,61500,59500,61500,60700,32315.267578125,181200,0
2026-04-24,PHR,61400,60300,60900,60700,32315.267578125,70800,0
2026-04-28,PHR,62200,61000,61000,61200,32581.45703125,88800,0
2026-04-29,PHR,62000,60700,61200,61400,32687.9296875,126700,0
2026-05-04,PHR,64000,61800,61900,64000,34072.109375,620800,0
2026-05-05,PHR,64500,62600,64500,63800,33965.63671875,183000,0
2026-05-06,PHR,64400,63100,63100,64200,34178.5859375,271900,0
2026-05-07,PHR,65900,64200,64200,64700,34444.77734375,580200,0
2026-05-08,PHR,65099,63800,64800,63900,34018.875,217600,0
2026-05-11,PHR,64200,62600,63900,62700,33380.01953125,206700,0
2026-05-12,PHR,64800,62600,62800,64800,34498.01171875,353300,0
2026-05-13,PHR,67800,65200,65500,65800,35030.38671875,705100,0
2026-05-14,PHR,67200,65800,66000,66700,35509.52734375,320200,0
2026-05-15,PHR,71300,66600,66600,71300,37958.4609375,1928400,0
2026-05-18,PHR,71700,69700,71000,70300,37426.08203125,465700,0
2026-05-19,PHR,70800,65400,70800,65400,34817.4375,1016100,0
2026-05-20,PHR,69900,62200,63900,69900,37213.1328125,1899100,0
2026-05-21,PHR,74700,69500,74500,69500,37000.1796875,1857700,0
2026-05-22,PHR,70500,66800,70000,67000,35669.2421875,725700,0
2026-05-25,PHR,68100,65400,66400,66300,35296.57421875,390400,0
2026-05-26,PHR,68400,65400,66900,68100,36254.85546875,353400,0
2026-05-27,PHR,68600,66800,68400,67500,35935.4296875,226900,0
2026-05-28,PHR,70700,67200,68500,67200,35775.71484375,809500,0
2026-05-29,PHR,68300,67000,67300,67300,35828.95703125,166100,0
2026-06-01,PHR,68900,67700,68800,67800,36095.14453125,374100,0
2026-06-02,PHR,69200,67500,68000,68500,36467.8046875,323200,0
2026-06-03,PHR,69700,67200,68600,67200,35775.71484375,552100,0
2026-06-04,PHR,68900,66000,67500,66200,35243.33984375,772800,0
2026-06-05,PHR,67700,64500,66300,64500,34338.296875,1048600,0
2026-06-08,PHR,65099,63200,64099,63200,33646.20703125,670200,0
2026-06-09,PHR,63900,62100,63900,63000,33539.734375,321700,0
2026-06-10,PHR,63900,62800,63200,63900,34018.875,153400,0
2026-06-11,PHR,65200,63300,63400,64500,34338.296875,232200,0
2026-06-12,PHR,65099,63600,65099,63600,33859.16015625,150700,0
2026-06-15,PHR,64700,63600,64200,64200,34178.5859375,281400,0
2026-06-16,PHR,65500,64200,65099,64599,34391.5390625,558300,0
2026-06-17,PHR,65200,64599,65200,64900,34551.25,242500,0
2026-06-18,PHR,65900,64700,65000,65099,34657.7265625,352400,0
2026-06-19,PHR,65000,64000,65000,65000,34604.484375,252400,0
2026-06-22,PHR,65200,64000,65200,64200,34178.5859375,368900,0
2026-06-23,PHR,65000,64000,64200,64000,34072.109375,224900,0
2026-06-24,PHR,64400,63400,64000,63600,33859.16015625,218000,0
2026-06-25,PHR,63600,62000,63600,62000,33007.359375,539200,0
2026-06-26,PHR,62300,60600,62000,60800,32368.505859375,475100,0
2026-06-29,PHR,62000,60500,60800,62000,33007.359375,189800,0
2026-06-30,PHR,63500,62200,62500,63000,33539.734375,351900,0
2026-07-01,PHR,63500,62800,63300,63500,33539.734375,191100,0
2026-07-02,PHR,66400,63400,64000,65099,34657.7265625,525900,0
2026-07-03,PHR,65600,63800,65600,63800,33965.63671875,358600,0
2026-07-06,PHR,65000,62000,64000,62900,33486.49609375,286000,0
2026-07-07,PHR,64200,62000,62800,63900,34018.875,318300,0
2026-07-08,PHR,64000,63200,63800,63800,33965.63671875,106100,0
2026-07-09,PHR,65000,63500,63600,63800,33965.63671875,230800,0
2026-07-10,PHR,64099,63200,63900,63200,33646.20703125,110600,0
2026-07-13,PHR,63200,61300,63200,61600,32794.40625,211700,0
2026-07-14,PHR,62900,61600,61600,62900,33486.49609375,228200,0
2026-07-15,PHR,62900,61000,62600,61900,32954.12109375,159400,0
2026-07-16,PHR,62000,60200,61900,61600,32794.40625,341500,0
2026-07-17,PHR,61600,60600,61600,60900,32421.7421875,262700,0
2026-07-20,PHR,61200,58500,61000,58500,31144.0390625,636600,0
2026-07-21,PHR,60400,58200,58200,58400,31090.802734375,274600,0
2026-07-22,PHR,58800,56800,58700,57800,30771.375,305800,0
2026-07-23,PHR,57900,54400,57900,57000,30345.47265625,569100,0
2026-07-24,PHR,56900,55000,56100,55200,29387.1953125,253800,0
2026-07-27,PHR,57300,55400,56000,57000,30345.47265625,489600,0
2026-07-28,PHR,57000,55000,55200,55000,29280.71875,731000,0
2026-07-29,PHR,56300,55000,55600,56100,29866.333984375,129100,0
2026-07-30,PHR,57200,55800,56200,57200,30451.94921875,221300,0
2026-07-31,PHR,57500,56500,57500,56800,30238.998046875,209400,0
2026-08-03,PHR,59500,56700,56900,59500,31676.4140625,550500,0
2026-08-04,PHR,60300,59000,59000,59800,31836.12890625,227100,0
2026-08-05,PHR,59800,58100,59800,58200,30984.326171875,388400,0
2026-08-06,PHR,59300,57400,58700,57900,30824.611328125,128400,0
2026-08-07,PHR,60200,57800,57900,58600,31197.275390625,571400,0
2026-08-10,PHR,59900,58600,59300,59800,31836.12890625,172200,0
2026-08-11,PHR,60000,58600,59900,58700,31250.513671875,248500,0
2026-08-12,PHR,59500,58200,58600,58500,31144.0390625,200700,0
2026-08-13,PHR,59600,58600,58600,59000,31410.2265625,220800,0
2026-08-14,PHR,59100,58200,58800,58300,31037.5625,221800,0
2026-08-17,PHR,62300,59200,59800,61300,32634.693359375,754700,0
2026-08-18,PHR,61800,60100,61800,60600,32262.03125,172000,0
2026-08-19,PHR,61000,58800,60400,60000,31942.603515625,540400,0
2026-08-20,PHR,60600,59800,60100,60000,31942.603515625,99500,0
2026-08-21,PHR,61200,59800,60200,61200,32581.45703125,310900,0
2026-08-24,PHR,61800,60400,61300,60800,32368.505859375,537300,0
2026-08-25,PHR,62200,60500,61900,60900,32421.7421875,514100,0
2026-08-26,PHR,62500,61500,61500,61500,32741.169921875,718500,0
2026-08-27,PHR,62100,61400,61900,61700,32847.64453125,372200,0
2026-08-28,PHR,62500,61700,61900,61700,32847.64453125,304600,0
2026-09-03,PHR,62200,61300,62000,61300,32634.693359375,542800,0
2026-09-04,PHR,61800,61300,61700,61800,32900.87890625,317700,0
2026-09-07,PHR,63000,61800,62300,61900,32954.12109375,791000,0
2026-09-08,PHR,62600,61400,62600,62000,33007.359375,334400,0
2026-09-09,PHR,33810,33270,33700,33320,33007.359375,413000,0
2026-09-10,PHR,33430,32780,33320,32780,32155.5546875,538900,0
2026-09-11,PHR,33900,32450,33350,32800,32155.5546875,878700,0
