Date,code,high,low,open,close,adjust,volume_match,value_match
2017-04-21,PLX,36450,32369,36450,34410,31846.927734375,4820970,165889577700
2017-04-24,PLX,34820,33770,34410,34060,31521.296875,1757390,59856703400
2017-04-25,PLX,34060,31700,33850,31770,29404.6796875,2533550,80490883500
2017-04-26,PLX,31310,30320,30320,31030,28720.845703125,1743790,54109803700
2017-04-27,PLX,32290,31030,31030,32290,29893.12890625,825430,26653134700
2017-04-28,PLX,33060,32439,32439,32820,29893.12890625,781910,25662286200
2017-05-03,PLX,32940,32369,32820,32900,30446.701171875,521490,17157021000
2017-05-04,PLX,33420,32860,32900,33420,30935.158203125,2947740,98513470800
2017-05-05,PLX,33420,33060,33140,33140,30674.650390625,1274310,42230633400
2017-05-08,PLX,33420,32780,33060,33420,30935.158203125,1414880,47285289600
2017-05-09,PLX,33420,33000,33420,33000,30544.39453125,864620,28532460000
2017-05-10,PLX,33350,33000,33000,33140,30674.650390625,2706150,89681811000
2017-05-11,PLX,34980,33140,33140,34190,31651.552734375,3351200,114577528000
2017-05-12,PLX,34410,34060,34190,34190,31651.552734375,1272460,43505407400
2017-05-15,PLX,34610,33770,33950,34260,31716.677734375,2429190,83224049400
2017-05-16,PLX,36580,34260,34540,35950,33279.7109375,3627190,130397480500
2017-05-17,PLX,36580,35530,35890,35890,33214.5859375,1642560,58951478400
2017-05-18,PLX,37280,35740,35740,37280,34517.12109375,3077950,114745976000
2017-05-19,PLX,39890,37490,37850,39890,36926.8046875,4369030,174280606700
2017-05-22,PLX,42640,41510,42070,42640,39466.74609375,3062670,130592248800
2017-05-23,PLX,45390,42640,42920,42640,39466.74609375,2839240,121065193600
2017-05-24,PLX,42700,40440,42640,41510,38424.7265625,1789900,74298749000
2017-05-25,PLX,42280,41230,41510,41510,38424.7265625,684100,28396991000
2017-05-26,PLX,41440,40520,40940,40880,37838.58203125,1237030,50569786400
2017-05-29,PLX,42560,40810,40810,42280,39141.11328125,967250,40895330000
2017-05-30,PLX,43690,42280,42280,42920,39727.25390625,1067000,45795640000
2017-05-31,PLX,43410,42500,43270,43060,39857.5078125,714650,30772829000
2017-06-01,PLX,43480,43060,43060,43060,39857.5078125,522880,22515212800
2017-06-02,PLX,43060,42000,42700,42000,38880.61328125,1244790,52281180000
2017-06-05,PLX,43480,41650,42000,42990,39792.3828125,665100,28592649000
2017-06-06,PLX,43270,42780,42990,43270,40052.890625,554760,24004465200
2017-06-07,PLX,43480,42920,43190,42990,39792.3828125,626820,26946991800
2017-06-08,PLX,43130,42780,42990,42990,39792.3828125,325680,14000983200
2017-06-09,PLX,44610,42920,42920,44050,40769.28125,1104760,48664678000
2017-06-12,PLX,45390,43830,44050,44320,41029.78515625,830860,36823715200
2017-06-13,PLX,44820,44110,44470,44320,41029.78515625,422580,18728745600
2017-06-14,PLX,44320,43560,44180,44320,41029.78515625,848170,37590894400
2017-06-15,PLX,44540,43690,43980,44180,40899.53125,546160,24129348800
2017-06-16,PLX,44320,43830,43910,43910,40639.02734375,369590,16228696900
2017-06-19,PLX,44900,43830,43830,44900,41550.796875,797760,35819424000
2017-06-20,PLX,46020,44950,45030,46020,42592.82421875,1506260,69318085200
2017-06-21,PLX,47140,45310,46090,47070,43569.7265625,980190,46137543300
2017-06-22,PLX,49100,47490,47570,48890,45263.01953125,1121960,54852624400
2017-06-23,PLX,50650,48970,49040,50240,46500.421875,1825360,91706086400
2017-06-26,PLX,51570,50090,50650,50520,46760.9375,1137940,57488728800
2017-06-27,PLX,50380,48400,50160,48400,44807.12890625,1547410,74894644000
2017-06-28,PLX,49040,47350,48120,48270,44676.87890625,1212630,58533650100
2017-06-29,PLX,49380,47780,48400,48890,45263.01953125,980940,47958156600
2017-06-30,PLX,49330,48550,49180,48550,44937.38671875,846590,41101944500
2017-07-03,PLX,48970,48190,48770,48480,44872.2578125,1235890,59915947200
2017-07-04,PLX,48270,47280,48120,47630,44090.73828125,983220,46830768600
2017-07-05,PLX,48830,47350,47570,48400,44807.12890625,493040,23863136000
2017-07-06,PLX,50090,47850,48400,49950,46239.9140625,1697930,84811603500
2017-07-07,PLX,49950,48830,49740,48890,45263.01953125,1345800,65796162000
2017-07-10,PLX,48830,47980,48190,48400,44807.12890625,1149130,55617892000
2017-07-11,PLX,48400,47850,48400,48400,44807.12890625,669300,32394120000
2017-07-12,PLX,49100,48400,49040,48400,44807.12890625,905250,43814100000
2017-07-13,PLX,49380,48550,48550,49380,44807.12890625,1069020,52788207600
2017-07-14,PLX,49950,49260,49820,49260,45588.65234375,766980,37781434800
2017-07-17,PLX,49530,48270,49260,48340,44742.00390625,613290,29646438600
2017-07-18,PLX,48690,47980,48060,48480,44872.2578125,796070,38593473600
2017-07-19,PLX,49180,48400,48400,48770,45132.7578125,998340,48689041800
2017-07-20,PLX,49060,47880,48900,48030,44739.33203125,583230,28012536900
2017-07-21,PLX,48390,47880,48030,48030,44739.33203125,615940,29583598200
2017-07-24,PLX,48030,46190,47290,46190,43031.73046875,1064220,49156321800
2017-07-25,PLX,47660,44720,45460,47580,44329.50390625,1548220,73664307600
2017-07-26,PLX,47810,47140,47810,47360,44124.59375,328670,15565811200
2017-07-27,PLX,46990,46050,46990,46050,42895.11328125,883020,40663071000
2017-07-28,PLX,47070,45530,45970,47070,43851.37109375,505210,23780234700
2017-07-31,PLX,46920,46050,46920,46050,42895.11328125,291180,13408839000
2017-08-01,PLX,46700,45610,45610,46190,43031.73046875,420960,19444142400
2017-08-02,PLX,46560,45530,46050,46340,43168.3359375,347480,16102223200
2017-08-03,PLX,46340,45970,46190,46190,43031.73046875,331860,15328613400
2017-08-04,PLX,46850,45970,46050,46630,43441.546875,515090,24018646700
2017-08-07,PLX,48980,46560,46630,48980,45627.29296875,1648590,80747938200
2017-08-08,PLX,50580,48980,48980,49490,46105.421875,1347990,66712025100
2017-08-09,PLX,49860,48030,49490,48250,44944.2421875,699190,33735917500
2017-08-10,PLX,48390,47510,47660,47810,44534.421875,283290,13544094900
2017-08-11,PLX,48320,47070,47660,47290,44056.29296875,186140,8802560600
2017-08-14,PLX,48540,47070,47290,48390,45080.84765625,264910,12818994900
2017-08-15,PLX,48610,48030,48610,48610,45285.76953125,269720,13111089200
2017-08-16,PLX,48900,48030,48610,48470,45149.16015625,578890,28058798300
2017-08-17,PLX,48610,48250,48470,48250,44944.2421875,202030,9747947500
2017-08-18,PLX,48690,48180,48250,48470,45149.16015625,287630,13941426100
2017-08-21,PLX,49790,48980,49120,49360,45968.81640625,1445250,71337540000
2017-08-22,PLX,49710,48610,49640,48900,45558.984375,211800,10357020000
2017-08-23,PLX,48980,48540,48610,48900,45558.984375,103940,5082666000
2017-08-24,PLX,49710,48690,48840,49570,46173.7265625,865230,42889451100
2017-08-25,PLX,50150,49360,49570,49490,46105.421875,501000,24794490000
2017-08-28,PLX,50230,49360,49490,50080,46651.859375,939860,47068188800
2017-08-29,PLX,50370,49710,49930,49860,46446.94140625,544800,27163728000
2017-08-30,PLX,49860,49120,49640,49120,45763.8984375,357560,17563347200
2017-08-31,PLX,49640,48840,49120,48980,45627.29296875,403980,19786940400
2017-09-01,PLX,49200,48540,48980,48980,45627.29296875,237100,11613158000
2017-09-05,PLX,49790,49060,49490,49120,45763.8984375,807400,39659488000
2017-09-06,PLX,49360,48770,49120,49120,45763.8984375,525730,25823857600
2017-09-07,PLX,49360,48980,49120,48980,45627.29296875,580970,28455910600
2017-09-08,PLX,49790,48770,48980,49060,45695.59375,743570,36479544200
2017-09-11,PLX,49570,49060,49570,49120,45763.8984375,484390,23793236800
2017-09-12,PLX,49490,49060,49060,49490,46105.421875,647000,32020030000
2017-09-13,PLX,50740,49490,49640,50370,46925.0703125,2785080,140284479600
2017-09-14,PLX,50740,50150,50370,50150,46720.1484375,709380,35575407000
2017-09-15,PLX,50150,49640,50080,50080,46651.859375,3548190,177693355200
2017-09-18,PLX,49860,48690,49790,48690,45354.078125,1266740,61677570600
2017-09-19,PLX,48840,45390,48540,47810,44534.421875,1325010,63348728100
2017-09-20,PLX,47810,46700,47810,46920,43714.765625,1065660,50000767200
2017-09-21,PLX,47660,46480,46480,47070,43851.37109375,479010,22547000700
2017-09-22,PLX,47510,47070,47070,47360,44124.59375,340680,16134604800
2017-09-25,PLX,47740,47220,47360,47580,44329.50390625,358140,17040301200
2017-09-26,PLX,47880,47220,47660,47220,43987.984375,648770,30634919400
2017-09-27,PLX,47510,47220,47290,47510,44261.20703125,252960,12018129600
2017-09-28,PLX,47510,46770,47510,46850,43646.4609375,442750,20742837500
2017-09-29,PLX,46850,46050,46850,46260,43100.02734375,611130,28270873800
2017-10-02,PLX,46260,45460,45820,45460,42348.6796875,331260,15059079600
2017-10-03,PLX,45970,43630,45390,44140,41119.20703125,459660,20289392400
2017-10-04,PLX,44510,43700,44210,44290,41255.81640625,332820,14740597800
2017-10-05,PLX,45750,44290,44290,45020,41938.85546875,254450,11455339000
2017-10-06,PLX,45680,44940,45020,45230,42143.76953125,129560,5859998800
2017-10-09,PLX,45100,44360,45100,44880,41802.24609375,174990,7853551200
2017-10-10,PLX,45310,44430,44720,45310,42212.0703125,213840,9689090400
2017-10-11,PLX,45460,45230,45460,45310,42212.0703125,226180,10248215800
2017-10-12,PLX,45310,44510,45310,44650,41597.33203125,276780,12358227000
2017-10-13,PLX,44650,44290,44430,44650,41597.33203125,360640,16102576000
2017-10-16,PLX,44880,44210,44430,44650,41597.33203125,258220,11529523000
2017-10-17,PLX,45460,44430,44430,45460,42348.6796875,398400,18111264000
2017-10-18,PLX,46400,45160,45460,46050,42895.11328125,516960,23806008000
2017-10-19,PLX,46560,45820,46050,46400,43236.63671875,416860,19342304000
2017-10-20,PLX,46920,46190,46400,46400,43236.63671875,326490,15149136000
2017-10-23,PLX,46190,45460,46050,45750,42621.8984375,228920,10473090000
2017-10-24,PLX,46120,44590,45530,45610,42485.2890625,298110,13596797100
2017-10-25,PLX,45680,44360,45610,45610,42485.2890625,101350,4622573500
2017-10-26,PLX,45680,44590,45680,45460,42348.6796875,150610,6846730600
2017-10-27,PLX,45890,45230,45460,45890,42758.50390625,265120,12166356800
2017-10-30,PLX,46340,45460,46190,45460,42348.6796875,475770,21628504200
2017-10-31,PLX,45460,44720,45460,44880,41802.24609375,205440,9220147200
2017-11-01,PLX,45100,44000,45100,44590,41529.03515625,386030,17213077700
2017-11-02,PLX,44590,41640,44070,41640,38796.85546875,708070,29484034800
2017-11-03,PLX,42520,41570,41640,41930,39070.07421875,356150,14933369500
2017-11-06,PLX,42000,39230,41870,40180,37430.76953125,590070,23709012600
2017-11-07,PLX,41710,39300,39300,41050,38250.421875,417220,17126881000
2017-11-08,PLX,41710,40980,40980,41710,38865.1640625,197170,8223960700
2017-11-09,PLX,42820,41350,41710,42670,39753.11328125,399080,17028743600
2017-11-10,PLX,42670,41870,42520,42520,39616.5078125,147190,6258518800
2017-11-13,PLX,42170,39590,42170,40620,37840.59765625,580360,23574223200
2017-11-14,PLX,41050,39670,40330,40540,37772.2890625,462250,18739615000
2017-11-15,PLX,42170,40760,40840,41710,38865.1640625,445550,18583890500
2017-11-16,PLX,42170,41640,41710,41930,39070.07421875,260240,10911863200
2017-11-17,PLX,41790,40760,41790,40760,37977.20703125,486410,19826071600
2017-11-20,PLX,42230,41280,41280,42090,39206.6875,578810,24362112900
2017-11-21,PLX,45020,42390,42390,44360,41324.12109375,1242580,55120848800
2017-11-22,PLX,45750,44000,44360,45390,42280.375,536080,24332671200
2017-11-23,PLX,45460,44290,45390,44360,41324.12109375,569880,25279876800
2017-11-24,PLX,44430,43340,44360,44140,41119.20703125,485810,21443653400
2017-11-27,PLX,45230,43630,43850,44720,41665.640625,599940,26829316800
2017-11-28,PLX,44800,43850,44720,44070,41050.90234375,387960,17097397200
2017-11-29,PLX,45530,43700,44070,45310,42212.0703125,1305540,59154017400
2017-11-30,PLX,45970,45390,45460,45460,42348.6796875,714320,32472987200
2017-12-01,PLX,47810,45460,45460,47810,44534.421875,1338940,64014721400
2017-12-04,PLX,48690,47290,47810,48540,45217.46484375,750070,36408397800
2017-12-05,PLX,49790,48030,48470,48770,45422.37890625,1170480,57084309600
2017-12-06,PLX,49360,47660,48390,48390,45080.84765625,710670,34389321300
2017-12-07,PLX,48770,46850,48390,47220,43987.984375,661200,31221864000
2017-12-08,PLX,49060,46630,47430,48320,45012.546875,533660,25786451200
2017-12-11,PLX,48250,47220,47290,47220,43987.984375,306410,14468680200
2017-12-12,PLX,47950,44720,47140,46990,43783.07421875,778430,36578425700
2017-12-13,PLX,47660,45390,47660,45680,42553.59375,649540,29670987200
2017-12-14,PLX,47580,45460,45680,47510,44261.20703125,370260,17591052600
2017-12-15,PLX,47660,46990,47510,47660,44397.8125,340040,16206306400
2017-12-18,PLX,48610,47660,47660,48320,45012.546875,428870,20722998400
2017-12-19,PLX,49790,47880,48030,49120,45763.8984375,1286100,63173232000
2017-12-20,PLX,51990,49410,49410,51330,47813.02734375,2730440,140153485200
2017-12-21,PLX,52060,50740,51330,51100,47608.11328125,923560,47193916000
2017-12-22,PLX,51100,50000,51100,50580,47129.984375,894560,45246844800
2017-12-25,PLX,52710,50440,50820,52710,49110.80859375,1751990,92347392900
2017-12-26,PLX,53890,52710,52710,53670,49998.765625,1344510,72159851700
2017-12-27,PLX,54480,52790,54260,53670,49998.765625,1163520,62446118400
2017-12-28,PLX,54630,52940,53540,54260,50545.203125,1381580,74964530800
2017-12-29,PLX,56090,53540,54180,55000,51228.2421875,1458000,80190000000
2018-01-02,PLX,56090,54180,55140,55000,51228.2421875,1142760,62851800000
2018-01-03,PLX,55580,54480,55060,55140,51364.859375,1096830,60479206200
2018-01-04,PLX,57630,55290,55290,57630,53687.19921875,1439440,82954927200
2018-01-05,PLX,58220,56600,57410,57920,53960.4140625,1368060,79238035200
2018-01-08,PLX,61810,57630,57630,61590,57375.63671875,1164450,71718475500
2018-01-09,PLX,62320,60480,61590,60940,56760.890625,1278870,77934337800
2018-01-10,PLX,63060,60860,60940,62320,58058.67578125,1428940,89051540800
2018-01-11,PLX,65120,61370,61960,64680,60244.40234375,1057380,68391338400
2018-01-12,PLX,66870,63060,63570,63570,59219.8515625,1928010,122563595700
2018-01-15,PLX,66720,63060,63570,66360,61815.4296875,1470780,97600960800
2018-01-16,PLX,67960,65190,66720,66720,62156.93359375,1556760,103867027200
2018-01-17,PLX,67670,63200,63200,63200,62156.93359375,1459300,92227760000
2018-01-18,PLX,64000,60120,62320,63640,59288.15234375,2552170,162420098800
2018-01-19,PLX,67380,63640,64160,67380,62771.67578125,2791600,188098008000
2018-01-22,PLX,69210,65990,67380,68260,62771.67578125,1527840,104290358400
2018-01-25,PLX,70010,68040,69060,68260,63591.33203125,2924920,199655039200
2018-01-26,PLX,69060,65990,68850,68180,63523.01953125,1662110,113322659800
2018-01-29,PLX,68180,66420,68180,67310,62703.3671875,1706230,114846341300
2018-01-30,PLX,66660,63640,65990,65630,61132.375,1593930,104609625900
2018-01-31,PLX,68180,62400,64530,64890,60449.3203125,1946140,126285024600
2018-02-01,PLX,65990,64370,65120,64959,60517.62890625,723200,46978348800
2018-02-02,PLX,64959,63350,63780,64370,59971.19140625,992010,63855683700
2018-02-05,PLX,64080,59910,64080,59910,55804.62890625,1590460,95284458600
2018-02-06,PLX,58650,55720,55720,55720,51911.29296875,1071710,59715681200
2018-02-07,PLX,58800,56890,58730,58580,54575.16015625,1566120,91743309600
2018-02-08,PLX,58060,56460,57550,56530,52662.62890625,459780,25991363400
2018-02-09,PLX,54840,52640,53540,53600,49930.4609375,770290,41287544000
2018-02-12,PLX,57120,53600,53600,57120,53209.05859375,750900,42891408000
2018-02-13,PLX,58140,57190,57920,57330,53413.98828125,546150,31310779500
2018-02-21,PLX,59240,57710,58800,58430,54438.546875,803170,46929223100
2018-02-22,PLX,58580,55720,57920,56820,52935.85546875,622310,35359654200
2018-02-23,PLX,60780,57330,57480,60780,56624.2890625,2058340,125105905200
2018-02-26,PLX,65040,62320,62320,64890,60449.3203125,2159560,140133848400
2018-02-27,PLX,65630,63420,65630,64440,60039.5,845450,54480798000
2018-02-28,PLX,66720,63060,63060,65920,60039.5,1820920,120035046400
2018-03-01,PLX,65840,63120,65120,63940,59561.37109375,1258110,80443553400
2018-03-02,PLX,63780,62540,63060,63780,59424.76171875,849060,54153046800
2018-03-05,PLX,64890,60940,64160,60940,56760.890625,1014150,61802301000
2018-03-06,PLX,63780,60860,61960,63490,59151.5390625,838820,53256681800
2018-03-07,PLX,63490,60860,63120,61070,56897.5,833790,50919555300
2018-03-08,PLX,62470,60480,61070,62320,58058.67578125,676110,42135175200
2018-03-09,PLX,63060,61450,62610,61590,57375.63671875,552480,34027243200
2018-03-12,PLX,62540,60420,62540,60420,56282.7578125,507620,30670400400
2018-03-13,PLX,61070,58430,60780,59760,55668.015625,932770,55742335200
2018-03-14,PLX,60860,59530,59910,59530,55463.1171875,511470,30447809100
2018-03-15,PLX,60120,58890,59400,59470,55394.80859375,665400,39571338000
2018-03-16,PLX,62400,59530,59530,60860,56692.58984375,2039440,124120318400
2018-03-19,PLX,63420,61960,62320,63270,58946.63671875,1156350,73162264500
2018-03-20,PLX,63940,62690,63060,62690,58400.1953125,922890,57855974100
2018-03-21,PLX,64290,62760,63200,63700,59356.46484375,1797680,114512216000
2018-03-22,PLX,65120,63640,64530,63700,59356.46484375,1293360,82387032000
2018-03-23,PLX,63350,61520,62320,62400,58126.9765625,1182670,73798608000
2018-03-26,PLX,63060,60860,62400,60860,56692.58984375,1121370,68246578200
2018-03-27,PLX,61590,58890,61230,60120,56009.55078125,1269680,76333161600
2018-03-28,PLX,61370,59100,59470,60780,56624.2890625,500520,30421605600
2018-03-29,PLX,61070,59830,60780,60350,56214.453125,374820,22620387000
2018-03-30,PLX,61520,59760,60780,61370,57170.72265625,501160,30756189200
2018-04-02,PLX,62540,61070,61300,62240,57990.37109375,770760,47972102400
2018-04-03,PLX,62610,60780,61960,60860,56692.58984375,778980,47408722800
2018-04-04,PLX,61230,60050,60860,60480,56351.0625,937700,56712096000
2018-04-05,PLX,60860,59530,60480,59690,55599.71875,532380,31777762200
2018-04-06,PLX,60860,59240,60120,60860,56692.58984375,891780,54273730800
2018-04-09,PLX,61960,60710,60860,61150,56965.8046875,761600,46571840000
2018-04-10,PLX,61150,59610,60780,60860,56692.58984375,557070,33903280200
2018-04-11,PLX,61520,57920,60940,57920,53960.4140625,1006130,58275049600
2018-04-12,PLX,58650,56970,57920,58650,54643.46484375,950990,55775563500
2018-04-13,PLX,59240,55000,58650,56090,52252.8046875,948810,53218752900
2018-04-16,PLX,56380,55000,56090,56240,52389.41796875,557830,31372359200
2018-04-17,PLX,56380,53820,56240,54260,50545.203125,692890,37596211400
2018-04-18,PLX,54770,51910,54260,52640,49042.5078125,1160450,61086088000
2018-04-19,PLX,52640,48980,52640,48980,45627.29296875,1255730,61505655400
2018-04-20,PLX,50880,48390,48980,50880,47403.203125,733140,37302163200
2018-04-23,PLX,52060,47360,51330,47360,44124.59375,683680,32379084800
2018-04-24,PLX,46920,44070,45890,45460,42348.6796875,1222150,55558939000
2018-04-26,PLX,46120,42310,46120,42310,39411.59375,909200,38468252000
2018-04-27,PLX,45230,42230,42310,45230,42143.76953125,1112190,50304353700
2018-05-02,PLX,48390,46190,46560,48390,45080.84765625,837650,40533883500
2018-05-03,PLX,50230,46920,48390,48540,45217.46484375,788130,38255830200
2018-05-04,PLX,48540,47290,48390,47950,44671.02734375,632690,30337485500
2018-05-07,PLX,49060,47290,47660,48770,45422.37890625,492350,24011909500
2018-05-08,PLX,50440,48470,48470,50000,46583.55078125,643400,32170000000
2018-05-09,PLX,50740,48980,50440,49640,46242.03125,615370,30546966800
2018-05-10,PLX,49860,46920,49860,46920,43714.765625,552890,25941598800
2018-05-11,PLX,47580,45460,46920,46920,43714.765625,672780,31566837600
2018-05-14,PLX,48470,46990,47950,48390,45080.84765625,408200,19752798000
2018-05-15,PLX,51760,48390,48390,51760,48222.8515625,1275590,66024538400
2018-05-16,PLX,52060,50230,52060,50580,47129.984375,728550,36850059000
2018-05-17,PLX,50820,49860,50300,49860,46446.94140625,852580,42509638800
2018-05-18,PLX,50580,47660,49280,50580,47129.984375,825630,41760365400
2018-05-21,PLX,50660,48390,50660,48390,45080.84765625,542820,26267059800
2018-05-22,PLX,48390,45020,47290,45460,42348.6796875,955310,43428392600
2018-05-23,PLX,46400,44140,44720,46400,43236.63671875,614660,28520224000
2018-05-24,PLX,47290,45460,46630,46190,43031.73046875,382870,17684765300
2018-05-25,PLX,46560,43630,46190,43630,40641.0703125,618290,26975992700
2018-05-28,PLX,43260,41050,43260,41050,38250.421875,976740,40095177000
2018-05-29,PLX,43920,41350,41790,43920,40914.29296875,678390,29794888800
2018-05-30,PLX,44360,42900,43630,42900,39958.03125,490400,21038160000
2018-05-31,PLX,45820,42520,42520,45460,42348.6796875,849930,38637817800
2018-06-01,PLX,46190,44650,46120,45820,42690.203125,686660,31462761200
2018-06-04,PLX,46560,45160,45820,46050,42895.11328125,386910,17817205500
2018-06-05,PLX,48770,46050,46050,48110,44807.62890625,765440,36825318400
2018-06-06,PLX,49490,47510,48390,49280,45900.5078125,547500,26980800000
2018-06-07,PLX,49410,48390,49120,49060,45695.59375,637220,31262013200
2018-06-08,PLX,50230,48250,48980,50000,46583.55078125,781580,39079000000
2018-06-11,PLX,50150,48540,48770,48610,45285.76953125,584970,28435391700
2018-06-12,PLX,48390,45610,47660,47510,44261.20703125,927160,44049371600
2018-06-13,PLX,49120,47290,47580,49120,45763.8984375,496570,24391518400
2018-06-14,PLX,50080,48900,49120,48900,45558.984375,594110,29051979000
2018-06-15,PLX,49360,48180,48690,49360,45968.81640625,476310,23510661600
2018-06-18,PLX,49280,47290,48980,47290,44056.29296875,517670,24480614300
2018-06-19,PLX,46920,44000,46560,45820,42690.203125,1282720,58774230400
2018-06-20,PLX,46850,45100,46120,46850,43646.4609375,305680,14321108000
2018-06-21,PLX,46770,45820,46770,45890,42758.50390625,259740,11919468600
2018-06-22,PLX,46480,45390,45820,46480,43304.9453125,308340,14331643200
2018-06-25,PLX,48330,47330,48330,47400,44165.3046875,383240,18165576000
2018-06-26,PLX,47020,46180,47020,46640,43448.33984375,221360,10324230400
2018-06-27,PLX,47720,46030,46950,46030,42874.76171875,331450,15256643500
2018-06-28,PLX,46030,44630,45790,45410,42301.18359375,410520,18641713200
2018-06-29,PLX,46100,45020,45410,45020,41942.69921875,149200,6716984000
2018-07-02,PLX,45170,43030,44940,45020,41942.69921875,488920,22011178400
2018-07-03,PLX,45020,42330,45020,42420,39505.0078125,446650,18946893000
2018-07-04,PLX,43480,41710,43250,42800,39863.48828125,319770,13686156000
2018-07-05,PLX,43100,40640,43100,40640,37855.98046875,498150,20244816000
2018-07-06,PLX,43170,39870,40790,41880,39003.12890625,683880,28640894400
2018-07-09,PLX,43790,42330,42710,42330,39433.3125,358880,15191390400
2018-07-10,PLX,43480,42330,42330,42330,39433.3125,301320,12754875600
2018-07-11,PLX,41560,40100,40410,41560,38716.34375,406410,16890399600
2018-07-12,PLX,42100,40640,40640,41180,38357.85546875,139300,5736374000
2018-07-13,PLX,42180,41410,41560,41560,38716.34375,266960,11094857600
2018-07-16,PLX,42330,41180,41560,41880,39003.12890625,227950,9546546000
2018-07-17,PLX,42250,40790,41480,41560,38716.34375,308540,12822922400
2018-07-18,PLX,43870,42010,42180,43870,40867.24609375,771000,33823770000
2018-07-19,PLX,44790,43710,44250,44330,41297.42578125,408530,18110134900
2018-07-20,PLX,44170,43170,43570,43170,40221.9765625,480790,20755704300
2018-07-23,PLX,45110,43100,43480,44020,41010.64453125,628000,27644560000
2018-07-24,PLX,44490,43330,43870,43870,41010.64453125,376550,16519248500
2018-07-25,PLX,44630,43790,44170,43790,40795.55078125,436720,19123968800
2018-07-26,PLX,43710,42870,43710,43100,40150.27734375,407460,17561526000
2018-07-27,PLX,44100,43100,43100,43640,40652.15234375,287950,12566138000
2018-07-30,PLX,44630,43950,44170,44630,41584.21875,668090,29816856700
2018-07-31,PLX,47630,44400,44630,46570,43376.63671875,1559950,72646871500
2018-08-01,PLX,48180,46640,46950,47180,43950.21484375,747160,35251008800
2018-08-02,PLX,47570,46720,47330,47490,44237.0078125,951560,45189584400
2018-08-03,PLX,49260,47720,47720,48180,44882.2734375,1312750,63248295000
2018-08-06,PLX,49570,47570,48180,49180,45814.3359375,701070,34478622600
2018-08-07,PLX,49260,48030,49180,48180,44882.2734375,763020,36762303600
2018-08-08,PLX,49100,48180,48640,48480,45169.0625,560540,27174979200
2018-08-09,PLX,49480,47720,49180,48410,45097.3671875,848730,41087019300
2018-08-10,PLX,49180,47800,48410,49180,45814.3359375,665110,32710109800
2018-08-13,PLX,51170,48480,49180,51170,47678.45703125,1369790,70092154300
2018-08-14,PLX,50950,50100,50870,50490,47033.1796875,628640,31740033600
2018-08-15,PLX,50570,48260,50490,48330,45025.66796875,733050,35428306500
2018-08-16,PLX,50020,46950,47400,49720,46316.2109375,1441710,71681821200
2018-08-17,PLX,50180,49260,49950,49400,46029.42578125,530720,26217568000
2018-08-20,PLX,51170,49260,49260,50410,46961.48828125,1133600,57144776000
2018-08-21,PLX,51100,49870,50180,50630,47176.57421875,753180,38133503400
2018-08-22,PLX,51560,50410,51170,50490,47033.1796875,681810,34424586900
2018-08-23,PLX,51260,50340,50870,50720,47248.2734375,535200,27145344000
2018-08-24,PLX,52570,50410,50410,52340,48753.90234375,2117990,110855596600
2018-08-27,PLX,53330,52340,52340,52950,49327.484375,893630,47317708500
2018-08-28,PLX,53410,52410,52950,53100,49470.875,859970,45664407000
2018-08-29,PLX,53100,51560,53100,51800,48252.03125,1403870,72720466000
2018-08-30,PLX,52950,51330,51950,52950,49327.484375,971010,51414979500
2018-08-31,PLX,53640,52180,53100,52180,48610.515625,465030,24265265400
2018-09-04,PLX,52950,51720,52180,51870,48323.73046875,735330,38141567100
2018-09-05,PLX,52260,51030,51640,51560,48036.9375,1307880,67434292800
2018-09-06,PLX,52030,51260,51420,51640,48108.640625,924700,47751508000
2018-09-07,PLX,52260,51420,51490,52180,48610.515625,592540,30918737200
2018-09-10,PLX,54110,52180,52180,53500,49829.36328125,1877740,100459090000
2018-09-11,PLX,54110,53250,53500,53870,50187.8515625,734210,39551892700
2018-09-12,PLX,55340,54110,54650,54650,50904.8125,1294740,70757541000
2018-09-13,PLX,55340,53500,54490,53720,50044.45703125,1349440,72491916800
2018-09-14,PLX,54420,53030,53410,54330,50618.03125,1147060,62319769800
2018-09-17,PLX,55340,53560,53870,54790,51048.2109375,871820,47767017800
2018-09-18,PLX,55040,53950,54260,54960,51191.6015625,613920,33741043200
2018-09-19,PLX,55640,54420,55410,54420,50689.7265625,887800,48314076000
2018-09-20,PLX,54960,54330,54720,54870,51119.8984375,701700,38502279000
2018-09-21,PLX,55190,54260,55100,54490,50761.4296875,1786260,97333307400
2018-09-24,PLX,56260,54650,54870,56190,52338.75390625,1223920,68772064800
2018-09-25,PLX,56870,56110,56410,56260,52410.44921875,842810,47416490600
2018-09-26,PLX,56260,55410,56260,55410,51621.7890625,1070320,59306431200
2018-09-27,PLX,55790,55040,55410,55490,51693.48046875,786580,43647324200
2018-09-28,PLX,55950,54650,55410,54650,50904.8125,798310,43627641500
2018-10-01,PLX,55870,54560,54650,55100,51335.0,905790,49909029000
2018-10-02,PLX,55720,54260,55490,54650,50904.8125,640350,34995127500
2018-10-03,PLX,54720,54260,54650,54420,50689.7265625,461970,25140407400
2018-10-04,PLX,55190,54420,55190,55040,51263.30078125,501260,27589350400
2018-10-05,PLX,54960,53100,54650,53100,49470.875,761890,40456359000
2018-10-08,PLX,53100,51170,52950,51420,47893.546875,1448090,74460787800
2018-10-09,PLX,52090,51560,51950,51640,48108.640625,547390,28267219600
2018-10-10,PLX,52090,51420,52090,51560,48036.9375,431240,22234734400
2018-10-11,PLX,50020,48030,48110,48410,45097.3671875,1631410,78976558100
2018-10-12,PLX,49570,47720,47720,49400,46029.42578125,808250,39927550000
2018-10-15,PLX,49570,47720,49570,48260,44953.97265625,556180,26841246800
2018-10-16,PLX,49100,48110,48260,48800,45455.8515625,392600,19158880000
2018-10-17,PLX,49950,48560,49640,48800,45455.8515625,832180,40610384000
2018-10-18,PLX,48860,47800,48800,48480,45169.0625,208850,10125048000
2018-10-19,PLX,48030,46790,47800,47720,44452.09375,480870,22947116400
2018-10-22,PLX,48330,46480,47720,46480,43304.9453125,458870,21328277600
2018-10-23,PLX,46570,43790,46570,44630,41584.21875,753750,33639862500
2018-10-24,PLX,45020,42940,44170,42940,40006.8828125,669070,28729865800
2018-10-25,PLX,44100,41100,41100,44100,41082.33984375,1015970,44804277000
2018-10-26,PLX,45330,44400,45330,44400,41369.125,746900,33162360000
2018-10-29,PLX,44400,43410,43870,43870,40867.24609375,368560,16168727200
2018-10-30,PLX,44940,43030,43100,44020,41010.64453125,521300,22947626000
2018-10-31,PLX,45940,44400,44400,45790,42659.66796875,758610,34736751900
2018-11-01,PLX,46180,44630,45640,44710,41655.9140625,420040,18779988400
2018-11-02,PLX,46790,44940,45020,46250,43089.8515625,653960,30245650000
2018-11-05,PLX,47260,45490,45790,46950,43735.12109375,515190,24188170500
2018-11-06,PLX,47490,46400,47330,46400,43233.24609375,542890,25190096000
2018-11-07,PLX,46570,45170,46400,45790,42659.66796875,681890,31223743100
2018-11-08,PLX,46400,45710,46180,45710,42587.97265625,363900,16633869000
2018-11-09,PLX,45870,43870,45790,43870,40867.24609375,630020,27638977400
2018-11-12,PLX,44570,42870,43570,44490,41440.81640625,410770,18275157300
2018-11-13,PLX,44100,43410,43480,43480,40508.76171875,333320,14492753600
2018-11-14,PLX,43870,42180,43170,42330,39433.3125,787180,33321329400
2018-11-15,PLX,43170,42180,43100,42330,39433.3125,481290,20373005700
2018-11-16,PLX,43710,42710,43100,43410,40437.06640625,412310,17898377100
2018-11-19,PLX,45410,43950,44020,45410,42301.18359375,461690,20965342900
2018-11-20,PLX,45410,44630,44790,45020,41942.69921875,374070,16840631400
2018-11-21,PLX,44790,43870,43870,44630,41584.21875,341850,15256765500
2018-11-22,PLX,45170,44400,45170,44630,41584.21875,280490,12518268700
2018-11-23,PLX,45710,44330,44630,44790,41727.61328125,482860,21627299400
2018-11-26,PLX,44710,44250,44710,44710,41655.9140625,188040,8407268400
2018-11-27,PLX,45250,44330,44790,44710,41655.9140625,262840,11751576400
2018-11-28,PLX,44940,44330,44630,44880,41799.30859375,214830,9641570400
2018-11-29,PLX,45330,44170,45330,44170,41154.03515625,318590,14072120300
2018-11-30,PLX,44630,44020,44170,44630,41584.21875,210900,9412467000
2018-12-03,PLX,47110,45110,45560,46950,43735.12109375,992630,46603978500
2018-12-04,PLX,47490,46400,46950,46720,43520.03515625,603600,28200192000
2018-12-05,PLX,47630,45940,46330,46790,43591.73046875,853640,39941815600
2018-12-06,PLX,47260,46100,46950,46570,43376.63671875,496010,23099185700
2018-12-07,PLX,47180,46570,46570,47020,43806.8203125,379550,17846441000
2018-12-10,PLX,47570,46950,47180,47260,44021.91015625,508290,24021785400
2018-12-11,PLX,47330,46640,47180,46870,43663.4296875,279840,13116100800
2018-12-12,PLX,47260,46790,47260,47110,43663.4296875,314290,14806201900
2018-12-13,PLX,47630,46950,47180,46950,43735.12109375,402150,18880942500
2018-12-14,PLX,47400,46100,46950,46180,43018.15234375,643270,29706208600
2018-12-17,PLX,46100,43870,46030,43870,40867.24609375,612200,26857214000
2018-12-18,PLX,44250,43250,43790,43710,40723.84765625,766910,33521636100
2018-12-19,PLX,43710,42710,43330,42940,40006.8828125,749450,32181383000
2018-12-20,PLX,43480,42710,42710,43030,40078.58203125,303240,13048417200
2018-12-21,PLX,43950,42330,42940,43950,40938.9453125,400060,17582637000
2018-12-24,PLX,43950,43330,43870,43570,40580.45703125,241060,10502984200
2018-12-25,PLX,43100,42100,43100,42550,39648.40234375,594180,25282359000
2018-12-26,PLX,43100,42490,42550,42490,39576.70703125,185570,7884869300
2018-12-27,PLX,43710,43100,43710,43250,40293.671875,254840,11021830000
2018-12-28,PLX,43410,40790,43250,40790,40293.671875,580760,23689200400
2019-01-02,PLX,42710,41560,41560,41880,39003.12890625,380020,15915237600
2019-01-03,PLX,42330,40410,41880,41250,38429.5546875,450490,18582712500
2019-01-04,PLX,42490,40790,40790,42250,39361.61328125,302070,12762457500
2019-01-07,PLX,42870,42420,42710,42490,39576.70703125,187920,7984720800
2019-01-08,PLX,42710,41020,42710,41630,38788.0390625,352050,14655841500
2019-01-09,PLX,42490,41560,42250,41710,38859.73828125,343920,14344903200
2019-01-10,PLX,42550,41880,42180,42420,39505.0078125,280830,11912808600
2019-01-11,PLX,43100,42330,42640,42550,39648.40234375,337760,14371688000
2019-01-14,PLX,42710,41630,42550,42250,39361.61328125,125040,5282940000
2019-01-15,PLX,42940,42010,42250,42550,39648.40234375,230330,9800541500
2019-01-16,PLX,43330,42640,43100,42710,39791.79296875,252480,10783420800
2019-01-17,PLX,42870,42100,42710,42100,39218.21875,197100,8297910000
2019-01-18,PLX,42490,41880,42100,41880,39003.12890625,188280,7885166400
2019-01-21,PLX,43030,41790,42330,42550,39648.40234375,273200,11624660000
2019-01-22,PLX,42330,41100,42330,41180,38357.85546875,729490,30040398200
2019-01-23,PLX,41480,40790,40790,40940,38142.765625,486420,19914034800
2019-01-24,PLX,41410,40870,40940,40940,38142.765625,653530,26755518200
2019-01-25,PLX,41480,40940,40940,41410,38572.94921875,169160,7004915600
2019-01-28,PLX,41710,41100,41560,41180,38357.85546875,516670,21276470600
2019-01-29,PLX,41250,40870,41100,41180,38357.85546875,311730,12837041400
2019-01-30,PLX,41330,41020,41180,41020,38214.45703125,452470,18560319400
2019-01-31,PLX,42010,41020,41560,41480,38644.6484375,911200,37796576000
2019-02-01,PLX,41710,41180,41250,41180,38357.85546875,1199400,49391292000
2019-02-11,PLX,42800,41710,41940,42800,39863.48828125,746520,31951056000
2019-02-12,PLX,43330,42640,43100,42870,39935.18359375,957300,41039451000
2019-02-13,PLX,44100,42870,42870,43950,40938.9453125,1941970,85349581500
2019-02-14,PLX,44170,43570,43870,43640,40652.15234375,1004440,43833761600
2019-02-15,PLX,44330,43480,43640,43640,40652.15234375,1351010,58958076400
2019-02-18,PLX,45410,43870,43870,45410,40652.15234375,2268090,102993966900
2019-02-19,PLX,45410,44250,45250,44400,41369.125,1293550,57433620000
2019-02-20,PLX,44400,43570,44400,43710,40723.84765625,927820,40555012200
2019-02-21,PLX,44940,43790,43790,44880,41799.30859375,1723040,77330035200
2019-02-22,PLX,45410,44490,44490,45020,41942.69921875,1129680,50858193600
2019-02-25,PLX,45710,45110,45410,45110,42014.3984375,1366700,61651837000
2019-02-26,PLX,45020,43870,44940,43870,40867.24609375,1456500,63896655000
2019-02-27,PLX,44330,43410,44250,43640,40652.15234375,1784860,77891290400
2019-02-28,PLX,44250,43330,43870,43480,40508.76171875,2532900,110130492000
2019-03-01,PLX,45170,43480,43870,45110,42014.3984375,2076360,93664599600
2019-03-04,PLX,46790,45110,45110,46480,43304.9453125,3433740,159600235200
2019-03-05,PLX,46640,45490,46100,45710,42587.97265625,2693520,123120799200
2019-03-06,PLX,47330,45710,45790,47330,44093.609375,3156200,149382946000
2019-03-07,PLX,47720,46870,47330,46950,43735.12109375,1802470,84625966500
2019-03-08,PLX,47330,46330,46480,46570,43735.12109375,2534770,118044238900
2019-03-11,PLX,46720,46030,46570,46480,43304.9453125,2131290,99062359200
2019-03-12,PLX,47720,46790,47110,47720,44452.09375,2858810,136422413200
2019-03-13,PLX,48330,47400,47720,47570,44308.6953125,2346380,111617296600
2019-03-14,PLX,48110,46950,48110,47110,43878.51953125,1532650,72203141500
2019-03-15,PLX,48180,46870,47110,48030,44738.87890625,2274270,109233188100
2019-03-18,PLX,48720,47490,48030,48110,44810.58203125,1714570,82487962700
2019-03-19,PLX,48330,47570,48110,47800,44523.7890625,1816150,86811970000
2019-03-20,PLX,47720,46790,47490,47490,44237.0078125,1699650,80716378500
2019-03-21,PLX,47870,44630,47720,45790,42659.66796875,2115260,96857755400
2019-03-22,PLX,46100,45330,46100,45410,42301.18359375,1606140,72934817400
2019-03-25,PLX,45020,44170,44570,44630,41584.21875,1861980,83100167400
2019-03-26,PLX,45330,44250,45330,44400,41369.125,1212450,53832780000
2019-03-27,PLX,45410,44630,45330,45250,42157.7890625,621860,28139165000
2019-03-28,PLX,45940,44630,44940,45790,42659.66796875,836530,38304708700
2019-03-29,PLX,46180,45640,45790,45710,42587.97265625,1256540,57436443400
2019-04-01,PLX,46950,45940,45940,46950,43735.12109375,1200470,56362066500
2019-04-02,PLX,47490,46330,47330,46400,43233.24609375,655270,30404528000
2019-04-03,PLX,47020,46330,46400,46790,43591.73046875,829910,38831488900
2019-04-04,PLX,47020,46640,46790,46790,43591.73046875,608720,28482008800
2019-04-05,PLX,47330,46640,46790,47260,44021.91015625,773290,36545685400
2019-04-08,PLX,48260,47330,47720,48180,44882.2734375,1412570,68057622600
2019-04-09,PLX,48480,47570,48480,47570,44308.6953125,1635520,77801686400
2019-04-10,PLX,47570,46720,47180,46950,43735.12109375,830410,38987749500
2019-04-11,PLX,47180,46640,47180,46790,43591.73046875,607620,28430539800
2019-04-12,PLX,47020,46400,46570,46950,43735.12109375,424050,19909147500
2019-04-16,PLX,47110,46330,46330,46950,43735.12109375,775260,36398457000
2019-04-17,PLX,47800,47020,47180,47020,43806.8203125,1350850,63516967000
2019-04-18,PLX,47110,46030,46950,46570,43376.63671875,538860,25094710200
2019-04-19,PLX,46950,46480,46640,46720,43520.03515625,457310,21365523200
2019-04-22,PLX,47110,46330,46640,46570,43376.63671875,488510,22749910700
2019-04-23,PLX,47400,46570,46570,47180,43950.21484375,757150,35722337000
2019-04-24,PLX,47630,47260,47260,47570,44308.6953125,790290,37594095300
2019-04-25,PLX,47490,47110,47110,47330,44093.609375,354690,16787477700
2019-04-26,PLX,48030,47180,47180,47940,44667.1875,1410390,67614096600
2019-05-02,PLX,48330,47720,48330,48110,44810.58203125,443010,21313211100
2019-05-03,PLX,48110,47400,48110,47400,44165.3046875,332640,15767136000
2019-05-06,PLX,47180,46570,46790,46950,43735.12109375,1048040,49205478000
2019-05-07,PLX,47490,46950,47180,47110,43878.51953125,417000,19644870000
2019-05-08,PLX,47180,46570,46950,46870,43663.4296875,415580,19478234600
2019-05-09,PLX,47110,46570,46870,46640,43448.33984375,536070,25002304800
2019-05-10,PLX,47490,46720,47020,47180,43950.21484375,327390,15446260200
2019-05-13,PLX,47330,46790,47330,46790,43591.73046875,257440,12045617600
2019-05-14,PLX,48030,46790,46790,48030,44738.87890625,1070900,51435327000
2019-05-15,PLX,50020,48260,48260,49570,46172.82421875,1828520,90639736400
2019-05-16,PLX,50020,49260,49570,49570,46172.82421875,837330,41506448100
2019-05-17,PLX,50410,49570,49870,49870,46459.60546875,768370,38318611900
2019-05-20,PLX,51170,49640,49870,50950,47463.36328125,1066800,54353460000
2019-05-21,PLX,51030,50180,50950,50490,47033.1796875,736610,37191438900
2019-05-22,PLX,51170,50490,51030,51030,47535.0625,988930,50465097900
2019-05-23,PLX,51950,50180,50800,51950,48395.4296875,1139760,59210532000
2019-05-24,PLX,51560,50410,51170,50800,47319.9765625,1466210,74483468000
2019-05-27,PLX,51100,50570,50800,50800,47319.9765625,653220,33183576000
2019-05-28,PLX,51870,50720,51100,51870,48323.73046875,760700,39457509000
2019-05-29,PLX,51640,51170,51640,51420,47893.546875,534840,27501472800
2019-05-30,PLX,52210,51740,52060,51890,48341.140625,701090,36379560100
2019-05-31,PLX,51740,50370,51650,50530,47072.94140625,1037660,52432959800
2019-06-03,PLX,50050,48050,48050,49090,45730.125,1010070,49584336300
2019-06-04,PLX,49820,49090,49650,49820,46401.53125,385590,19210093800
2019-06-05,PLX,50450,49570,50450,49650,46252.33203125,289450,14371192500
2019-06-06,PLX,49890,48450,48450,49400,46028.52734375,347040,17143776000
2019-06-07,PLX,50050,48920,50050,49970,46550.73828125,329820,16481105400
2019-06-10,PLX,50530,49820,49970,49970,46550.73828125,277790,13881166300
2019-06-11,PLX,50370,49730,49730,49970,46550.73828125,371780,18577846600
2019-06-12,PLX,49970,49490,49970,49490,46103.12890625,276490,13683490100
2019-06-13,PLX,49650,49010,49090,49250,45879.33203125,188640,9290520000
2019-06-14,PLX,49730,49170,49570,49170,45804.73046875,138480,6809061600
2019-06-17,PLX,49650,48920,49650,49090,45730.125,204660,10046759400
2019-06-18,PLX,49250,48610,48920,48850,45506.32421875,210760,10295626000
2019-06-19,PLX,49650,49010,49250,49250,45879.33203125,207820,10235135000
2019-06-20,PLX,51160,49250,49570,50850,47371.33984375,839620,42694677000
2019-06-21,PLX,51250,50210,50450,50450,46998.33984375,501900,25320855000
2019-06-24,PLX,50450,49820,50450,50050,46625.33984375,489060,24477453000
2019-06-25,PLX,49970,49400,49970,49570,46177.73046875,589610,29226967700
2019-06-26,PLX,50370,49570,49570,50290,46849.140625,296970,14934621300
2019-06-27,PLX,50370,49570,50130,49570,46177.73046875,217100,10761647000
2019-06-28,PLX,50050,47640,49890,47640,44387.3203125,597200,28450608000
2019-07-01,PLX,50690,49340,49650,50690,47222.14453125,784510,39766811900
2019-07-02,PLX,51490,50690,50780,51420,47893.546875,2425770,124733093400
2019-07-03,PLX,51570,51090,51330,51250,47744.34375,1463210,74989512500
2019-07-04,PLX,51570,51160,51250,51490,47744.34375,1755450,90388120500
2019-07-05,PLX,51810,51490,51740,51650,47744.34375,2258300,116641195000
2019-07-08,PLX,51890,51090,51890,51160,47669.73828125,1660650,84958854000
2019-07-09,PLX,51330,50850,51160,51250,47669.73828125,1514430,77614537500
2019-07-10,PLX,51420,51090,51160,51250,47744.34375,1606680,82342350000
2019-07-11,PLX,51810,51330,51330,51740,48191.94921875,920080,47604939200
2019-07-12,PLX,51890,51570,51890,51650,48117.34765625,3474210,179442946500
2019-07-15,PLX,51980,51650,51890,51740,48191.94921875,446330,23093114200
2019-07-16,PLX,51740,51330,51650,51490,47968.14453125,2151300,110770437000
2019-07-17,PLX,51740,51330,51570,51490,47968.14453125,2686790,138342817100
2019-07-18,PLX,51570,51330,51490,51420,47893.546875,2228450,114586899000
2019-07-19,PLX,51570,51330,51420,51330,47818.9453125,1465170,75207176100
2019-07-22,PLX,51650,51090,51250,51420,47893.546875,1367300,70306566000
2019-07-23,PLX,51650,51330,51420,51420,47893.546875,1450530,74586252600
2019-07-24,PLX,53020,51650,51650,52850,49236.34765625,2628590,138920981500
2019-07-25,PLX,53250,52370,53250,52610,49236.34765625,1070900,56340049000
2019-07-26,PLX,53170,52450,52610,52690,49236.34765625,859570,45290743300
2019-07-29,PLX,52610,51420,52610,51810,49236.34765625,1297120,67203787200
2019-07-30,PLX,52370,51570,51810,51740,49236.34765625,878760,45467042400
2019-07-31,PLX,52450,51740,51740,52450,48863.3515625,1004830,52703333500
2019-08-01,PLX,52450,51890,52210,52060,48490.34765625,525830,27374709800
2019-08-02,PLX,52300,50850,51330,52060,48490.34765625,960480,50002588800
2019-08-05,PLX,52060,50530,52060,50530,47072.94140625,1319140,66656144200
2019-08-06,PLX,49970,49010,49250,49090,47072.94140625,1304750,64050177500
2019-08-07,PLX,49970,49010,49250,49650,46252.33203125,797090,39575518500
2019-08-08,PLX,50130,49170,49250,49820,46401.53125,457730,22804108600
2019-08-09,PLX,50050,49650,49820,49820,46401.53125,347730,17323908600
2019-08-12,PLX,50050,49490,49820,49970,46550.73828125,383980,19187480600
2019-08-13,PLX,50850,49650,49970,50600,47147.53515625,691380,34983828000
2019-08-14,PLX,50930,49970,50690,49970,46550.73828125,267530,13368474100
2019-08-15,PLX,49570,48850,48920,49250,45879.33203125,462000,22753500000
2019-08-16,PLX,49970,49250,49250,49970,45879.33203125,399760,19976007200
2019-08-19,PLX,50450,49970,49970,50130,45879.33203125,150370,7538048100
2019-08-20,PLX,50210,49890,50130,50050,45879.33203125,689610,34514980500
2019-08-21,PLX,50600,49970,50050,50130,46699.93359375,562620,28204140600
2019-08-22,PLX,50290,50050,50290,50130,46699.93359375,125060,6269257800
2019-08-23,PLX,50370,49490,50370,49650,46252.33203125,192970,9580960500
2019-08-26,PLX,49250,48450,49170,48690,45357.125,594700,28955943000
2019-08-27,PLX,49090,48450,48850,49010,45655.5234375,569790,27925407900
2019-08-28,PLX,49340,48690,49340,48850,45506.32421875,279140,13635989000
2019-08-29,PLX,49010,48610,49010,48850,45506.32421875,401390,19607901500
2019-08-30,PLX,49490,48920,49010,49250,45879.33203125,266590,13129557500
2019-09-03,PLX,49340,48610,49170,48610,45282.52734375,191130,9290829300
2019-09-04,PLX,48690,47960,49170,48610,45282.52734375,339310,16493859100
2019-09-05,PLX,49010,48610,48690,48850,45506.32421875,203850,9958072500
2019-09-06,PLX,49010,48530,49010,48530,45207.921875,121490,5895909700
2019-09-09,PLX,49730,48450,48530,49570,46177.73046875,384500,19059665000
2019-09-10,PLX,50370,49570,49570,49650,46252.33203125,512930,25466974500
2019-09-11,PLX,49890,48780,49730,49250,45879.33203125,151290,7451032500
2019-09-12,PLX,49650,49090,49570,49250,45879.33203125,124610,6137042500
2019-09-13,PLX,49890,48850,48850,49490,46103.12890625,183100,9061619000
2019-09-16,PLX,50600,49890,50450,50130,46699.93359375,485880,24357164400
2019-09-17,PLX,50290,49650,50210,50050,46625.33984375,143200,7167160000
2019-09-18,PLX,49970,49010,49970,49090,45730.125,405970,19929067300
2019-09-19,PLX,49250,48780,49090,48920,45580.9296875,216260,10579439200
2019-09-20,PLX,49250,48920,48920,49010,45655.5234375,312880,15334248800
2019-09-23,PLX,49490,49010,49010,49340,45953.9296875,283030,13964700200
2019-09-24,PLX,49340,48780,49340,48780,45431.7265625,356990,17413972200
2019-09-25,PLX,48780,48210,48780,48210,44909.5234375,426000,20537460000
2019-09-26,PLX,48530,48050,48210,48530,45207.921875,353370,17149046100
2019-09-27,PLX,49010,48290,48360,48450,45133.3203125,338900,16419705000
2019-09-30,PLX,48780,48290,48690,48450,45133.3203125,328980,15939081000
2019-10-01,PLX,48780,48210,48450,48530,45207.921875,259680,12602270400
2019-10-02,PLX,48690,48130,48530,48130,44834.91796875,318030,15306783900
2019-10-03,PLX,48130,47320,48050,48050,44760.3203125,286780,13779779000
2019-10-04,PLX,47640,46440,47640,46440,43268.3125,1596720,74151676800
2019-10-07,PLX,47090,46440,46440,46610,43417.51171875,514690,23989700900
2019-10-08,PLX,46760,46370,46610,46690,43492.11328125,350280,16354573200
2019-10-09,PLX,46610,46210,46610,46280,43119.109375,391020,18096405600
2019-10-10,PLX,46610,45570,46210,45570,42447.703125,559760,25508263200
2019-10-11,PLX,46850,45640,45640,46850,43641.31640625,485200,22731620000
2019-10-14,PLX,47400,46930,47260,46930,43715.9140625,242490,11380055700
2019-10-15,PLX,47090,46850,46930,46930,43715.9140625,184230,8645913900
2019-10-16,PLX,47000,46440,46930,46530,43342.9140625,267570,12450032100
2019-10-17,PLX,46850,45960,46530,46130,42969.91015625,251210,11588317300
2019-10-18,PLX,46610,46210,46440,46370,43193.7109375,132570,6147270900
2019-10-21,PLX,46370,45890,45890,46050,42895.30859375,127700,5880585000
2019-10-22,PLX,46280,45890,45890,46050,42895.30859375,113800,5240490000
2019-10-23,PLX,46440,45720,46130,45800,42671.51171875,158830,7274414000
2019-10-24,PLX,46050,45800,45800,46050,42895.30859375,91820,4228311000
2019-10-25,PLX,46280,46050,46280,46280,43119.109375,79760,3691292800
2019-10-28,PLX,46690,46130,46130,46440,43268.3125,176010,8173904400
2019-10-29,PLX,46930,46280,46280,46690,43492.11328125,221780,10354908200
2019-10-30,PLX,47880,46530,46610,47490,44238.12109375,440360,20912696400
2019-10-31,PLX,47640,47170,47490,47490,44238.12109375,173690,8248538100
2019-11-01,PLX,47640,46850,47260,47580,44312.71484375,217150,10331997000
2019-11-04,PLX,48210,47640,47640,47730,44461.921875,415000,19807950000
2019-11-05,PLX,47960,47640,47810,47810,44536.5234375,185570,8872101700
2019-11-06,PLX,47810,47400,47810,47400,44163.51953125,103730,4916802000
2019-11-07,PLX,47580,47090,47580,47170,43939.71875,265630,12529767100
2019-11-08,PLX,47400,47090,47090,47260,44014.31640625,207400,9801724000
2019-11-11,PLX,47580,47090,47260,47320,44088.91796875,152130,7198791600
2019-11-12,PLX,48130,47260,47320,47730,44461.921875,695520,33197169600
2019-11-13,PLX,48130,47640,47880,47730,44461.921875,470780,22470329400
2019-11-14,PLX,48450,47730,47730,48130,44834.91796875,467570,22504144100
2019-11-15,PLX,48210,47960,48130,47960,44685.72265625,253570,12161217200
2019-11-18,PLX,48610,47400,48610,47400,44163.51953125,205630,9746862000
2019-11-19,PLX,48050,47400,47730,48050,44760.3203125,219050,10525352500
2019-11-20,PLX,48050,47640,47810,47810,44536.5234375,306300,14644203000
2019-11-21,PLX,47960,47580,47810,47810,44536.5234375,130770,6252113700
2019-11-22,PLX,47810,46610,47640,46760,43566.71484375,321550,15035678000
2019-11-25,PLX,47320,46760,46760,47260,44014.31640625,271420,12827309200
2019-11-26,PLX,47810,47320,47490,47400,44163.51953125,198130,9391362000
2019-11-27,PLX,47580,46930,47490,46930,43715.9140625,147990,6945170700
2019-11-28,PLX,47320,46280,47090,46440,43268.3125,133830,6215065200
2019-11-29,PLX,46850,45960,46610,46130,42969.91015625,96980,4473687400
2019-12-02,PLX,46530,45400,46280,45400,42298.50390625,136100,6178940000
2019-12-03,PLX,45400,44760,45400,44760,42298.50390625,225720,10103227200
2019-12-04,PLX,45640,44670,44760,45640,42298.50390625,113620,5185616800
2019-12-05,PLX,45640,45090,45640,45090,42298.50390625,88040,3969723600
2019-12-06,PLX,45570,45090,45570,45160,42074.703125,19860,896877600
2019-12-09,PLX,45570,45090,45160,45090,42000.09765625,81150,3659053500
2019-12-10,PLX,45090,43480,45090,44530,41477.8984375,222890,9925291700
2019-12-11,PLX,44670,43480,44670,43800,40806.4921875,208350,9125730000
2019-12-12,PLX,44360,43890,43890,44200,41179.5,125260,5536492000
2019-12-13,PLX,44610,44200,44290,44360,41328.69921875,127970,5676749200
2019-12-16,PLX,45000,44440,44760,45000,41925.5,120880,5439600000
2019-12-17,PLX,45090,44440,45000,44530,41477.8984375,67180,2991525400
2019-12-18,PLX,44530,44290,44290,44530,41477.8984375,121920,5429097600
2019-12-19,PLX,44920,44120,44850,44360,41328.69921875,60710,2693095600
2019-12-20,PLX,45570,44360,44360,45570,42447.703125,205110,9346862700
2019-12-23,PLX,45890,44850,45570,44920,41850.90625,155940,7004824800
2019-12-24,PLX,45400,44920,44920,44920,41850.90625,88060,3955655200
2019-12-25,PLX,45570,44760,45570,44920,41850.90625,113790,5111446800
2019-12-26,PLX,44920,44670,44760,44760,41701.703125,73400,3285384000
2019-12-27,PLX,45320,44530,44670,45160,42074.703125,68050,3073138000
2019-12-30,PLX,45400,44760,45400,44850,41776.30078125,102990,4619101500
2019-12-31,PLX,45160,44440,45160,44850,41776.30078125,75980,3407703000
2020-01-02,PLX,45720,44360,44920,45240,42149.3046875,380760,17225582400
2020-01-03,PLX,46530,45320,45320,45720,42596.90625,586600,26819352000
2020-01-06,PLX,46440,45720,46440,45890,42746.109375,497990,22852761100
2020-01-07,PLX,46050,45160,46050,45240,42149.3046875,290780,13154887200
2020-01-08,PLX,45640,44530,45640,44610,41552.49609375,237220,10582384200
2020-01-09,PLX,45090,44610,44610,45000,41925.5,128140,5766300000
2020-01-10,PLX,45240,44610,45000,44610,41552.49609375,135340,6037517400
2020-01-13,PLX,45000,44530,44610,44760,41701.703125,166780,7465072800
2020-01-14,PLX,44670,44200,44670,44440,41403.30078125,94530,4200913200
2020-01-15,PLX,44440,43800,44440,44360,41328.69921875,176290,7820224400
2020-01-16,PLX,44920,44200,44440,44610,41552.49609375,176180,7859389800
2020-01-17,PLX,45490,44850,44850,45000,41925.5,128190,5768550000
2020-01-20,PLX,45160,44610,45000,44850,41776.30078125,265570,11910814500
2020-01-21,PLX,45640,45090,45160,45570,42447.703125,605240,27580786800
2020-01-22,PLX,46210,45570,45570,45890,42746.109375,392620,18017331800
2020-01-30,PLX,45490,44360,44850,44360,41328.69921875,314560,13953881600
2020-01-31,PLX,44610,42440,44610,42440,39538.28515625,672920,28558724800
2020-02-03,PLX,41160,39480,39680,40840,38046.27734375,594560,24281830400
2020-02-04,PLX,41640,40040,41470,40600,37822.4765625,578180,23474108000
2020-02-05,PLX,41640,40690,40690,41240,38419.2734375,186410,7687548400
2020-02-06,PLX,41890,41000,41240,41640,38792.28125,547380,22792903200
2020-02-07,PLX,42040,41410,41890,41470,38643.08203125,345610,14332446700
2020-02-10,PLX,41470,40600,41080,41320,38493.875,357180,14758677600
2020-02-11,PLX,42280,41240,41320,42280,39389.0859375,427820,18088229600
2020-02-12,PLX,42510,42280,42280,42370,39463.6875,637550,27012993500
2020-02-13,PLX,43080,42280,42280,42680,39762.08984375,506100,21600348000
2020-02-14,PLX,43010,42600,42680,42680,39762.08984375,612290,26132537200
2020-02-17,PLX,42760,42200,42680,42510,39612.88671875,371440,15789914400
2020-02-18,PLX,42440,42120,42440,42280,39389.0859375,254370,10754763600
2020-02-19,PLX,42680,42280,42370,42370,39463.6875,337410,14296061700
2020-02-20,PLX,42840,42510,42680,42600,39687.48828125,292760,12471576000
2020-02-21,PLX,42760,42280,42760,42280,39389.0859375,288010,12177062800
2020-02-24,PLX,41640,40280,41240,40510,37747.87109375,441450,17883139500
2020-02-25,PLX,40840,40130,40370,40690,37897.0703125,282590,11498587100
2020-02-26,PLX,40600,40130,40600,40130,37374.87109375,290260,11648133800
2020-02-27,PLX,41000,40130,40130,41000,38195.4765625,238530,9779730000
2020-02-28,PLX,41720,40200,40200,41320,38493.875,290640,12009244800
2020-03-02,PLX,41320,40690,41320,40690,37897.0703125,135280,5504543200
2020-03-03,PLX,41240,40280,40840,40280,37524.06640625,241940,9745343200
2020-03-04,PLX,40510,40200,40280,40280,37524.06640625,149030,6002928400
2020-03-05,PLX,40690,40280,40600,40280,37524.06640625,165440,6663923200
2020-03-06,PLX,40200,39720,40200,39810,37076.46484375,167080,6651454800
2020-03-09,PLX,38440,37040,37040,37040,34502.7421875,262470,9721888800
2020-03-10,PLX,36030,34480,34480,35070,32675.037109375,518640,18188704800
2020-03-11,PLX,35880,32630,35880,32750,30511.619140625,385470,12624142500
2020-03-12,PLX,32040,30470,32040,30470,28385.501953125,465400,14180738000
2020-03-13,PLX,30430,28340,28340,28950,26968.095703125,845640,24481278000
2020-03-16,PLX,30580,29070,29070,29470,27452.998046875,632180,18630344600
2020-03-17,PLX,31510,29230,29630,31510,29355.310546875,535980,16888729800
2020-03-18,PLX,33710,32040,32750,33710,31406.818359375,880510,29681992100
2020-03-19,PLX,33480,32100,33390,32100,29914.81640625,510280,16379988000
2020-03-20,PLX,33240,32100,32830,32509,30287.82421875,381290,12395356610
2020-03-23,PLX,31720,30280,31310,30280,28199.001953125,585750,17736510000
2020-03-24,PLX,30350,28340,30280,30030,27975.203125,1147220,34451016600
2020-03-25,PLX,32100,30830,30830,32100,29914.81640625,469810,15080901000
2020-03-26,PLX,32830,31230,32040,31590,29429.908203125,418920,13233682800
2020-03-27,PLX,31720,30510,31230,31630,29467.2109375,713230,22559464900
2020-03-30,PLX,31580,29610,29610,30200,28131.3671875,728950,22014290000
2020-03-31,PLX,31580,29950,30360,30800,28681.419921875,383160,11801328000
2020-04-01,PLX,32900,30360,30800,32810,30567.3203125,595360,19533761600
2020-04-03,PLX,34070,33150,33910,33650,31353.111328125,851510,28653311500
2020-04-06,PLX,34620,33650,34420,33830,31510.2734375,1924660,65111247800
2020-04-07,PLX,33240,32130,32980,32770,30528.03125,1194700,39150319000
2020-04-08,PLX,32729,32049,32390,32390,30174.42578125,941540,30496480600
2020-04-09,PLX,34590,32900,32900,33740,31431.69140625,1936030,65321652200
2020-04-10,PLX,35010,33410,33830,34380,32021.03515625,1638300,56324754000
2020-04-13,PLX,34920,34040,34500,34040,31706.720703125,1328310,45215672400
2020-04-14,PLX,34040,32900,34040,33410,31117.37890625,1122090,37489026900
2020-04-15,PLX,34120,33020,33410,33650,31353.111328125,1210150,40721547500
2020-04-16,PLX,34920,33610,33740,34590,32217.48828125,1953570,67573986300
2020-04-17,PLX,35120,34540,35090,34920,32531.802734375,1594470,55678892400
2020-04-20,PLX,37200,34920,34920,37030,34496.28125,2466850,91347455500
2020-04-21,PLX,36190,34460,35010,34460,32099.61328125,2649020,91285229200
2020-04-22,PLX,34420,32729,32900,34330,31981.740234375,1125610,38642191300
2020-04-23,PLX,35090,34160,35090,34330,31981.740234375,1233190,42335412700
2020-04-24,PLX,35010,34250,34590,34880,32492.51171875,1094050,38160464000
2020-04-27,PLX,34880,33860,34880,33910,31588.857421875,1102230,37376619300
2020-04-28,PLX,34160,32950,33910,33500,31195.955078125,1226410,41084735000
2020-04-29,PLX,34250,33500,34000,34000,31195.955078125,707440,24052960000
2020-05-04,PLX,34880,33740,34880,33830,31510.2734375,883050,29873581500
2020-05-05,PLX,34280,33310,33310,34070,31746.0078125,545090,18571216300
2020-05-06,PLX,35670,34500,34760,35380,32963.984375,1700870,60176780600
2020-05-07,PLX,35760,35090,35430,35470,33042.5625,1269830,45040870100
2020-05-08,PLX,37920,35600,35600,36950,34417.70703125,2375610,87778789500
2020-05-11,PLX,37530,36820,37370,37370,34810.59765625,1344010,50225653700
2020-05-12,PLX,38810,36610,37370,38420,35792.83984375,1799500,69136790000
2020-05-13,PLX,39230,37620,38420,38500,35871.41796875,1755200,67575200000
2020-05-14,PLX,38630,37820,38470,38470,35832.12890625,995730,38305733100
2020-05-15,PLX,38760,37530,38710,37530,35832.12890625,1240110,46541328300
2020-05-18,PLX,38370,37530,37530,38260,35832.12890625,851610,32582598600
2020-05-19,PLX,40070,39050,40070,39470,37325.13671875,1378600,54413342000
2020-05-20,PLX,39520,38890,38890,39520,37325.13671875,738990,29204884800
2020-05-21,PLX,40070,39230,39650,39650,36932.2421875,1019750,40433087500
2020-05-22,PLX,39550,38960,39550,39140,36460.765625,795930,31152700200
2020-05-25,PLX,39470,38370,39140,39100,36421.47265625,625220,24446102000
2020-05-26,PLX,39650,39140,39650,39550,36932.2421875,626270,24768978500
2020-05-27,PLX,40200,39550,39650,39550,36853.66015625,958690,37916189500
2020-05-28,PLX,39650,39260,39550,39470,36775.0859375,458950,18114756500
2020-05-29,PLX,39520,38840,39470,38930,36264.3203125,806010,31377969300
2020-06-01,PLX,39390,38930,38930,39050,36382.18359375,817190,31911269500
2020-06-02,PLX,39730,38930,39470,39140,36460.765625,1306180,51123885200
2020-06-03,PLX,39650,39230,39550,39390,36696.49609375,508870,20044389300
2020-06-04,PLX,39980,39550,39650,39780,37050.109375,868580,34552112400
2020-06-05,PLX,39820,38290,39820,39650,36932.2421875,586880,23269792000
2020-06-08,PLX,40570,39890,39980,40480,36932.2421875,1541960,62418540800
2020-06-09,PLX,40570,39980,40480,40150,36932.2421875,670760,26931014000
2020-06-10,PLX,40230,39310,40150,40230,37482.29296875,690860,27793297800
2020-06-11,PLX,40480,37450,40480,37450,34889.1796875,997810,37367984500
2020-06-12,PLX,38130,36190,36190,38130,35517.80859375,1063220,40540578600
2020-06-15,PLX,38370,36950,38370,37120,34574.86328125,638070,23685158400
2020-06-16,PLX,38130,37200,37200,37370,34810.59765625,1056690,39488505300
2020-06-17,PLX,38680,37370,37370,38590,35950.0,2149680,82956151200
2020-06-18,PLX,39820,38470,38470,39390,36696.49609375,1266690,49894919100
2020-06-19,PLX,39820,38710,39820,38810,36146.4453125,1795970,69701595700
2020-06-22,PLX,39050,38040,38810,38810,36146.4453125,1997120,77508227200
2020-06-23,PLX,39230,38040,38710,39010,36342.890625,2106770,82185097700
2020-06-24,PLX,39010,38290,39010,38710,36067.86328125,1882350,72865768500
2020-06-25,PLX,38710,37780,38290,38680,36028.57421875,1579880,61109758400
2020-06-26,PLX,38960,38220,38810,38630,35989.2890625,1794130,69307241900
2020-06-29,PLX,38500,37320,38500,37530,34967.7578125,2141710,80378376300
2020-06-30,PLX,38130,37120,37530,37530,34967.7578125,1473030,55282815900
2020-07-01,PLX,38130,37120,37620,38040,35439.23046875,1510610,57463604400
2020-07-02,PLX,38470,37490,38290,38370,35753.546875,1347150,51690145500
2020-07-03,PLX,38960,38130,38370,38760,36107.15625,599290,23228480400
2020-07-06,PLX,39230,38590,38760,39140,36460.765625,810350,31717099000
2020-07-07,PLX,39470,38810,39470,39230,36539.34375,583010,22871482300
2020-07-08,PLX,39230,38810,39230,39230,36539.34375,467240,18329825200
2020-07-09,PLX,39390,38960,39230,39260,36578.63671875,678930,26654791800
2020-07-10,PLX,39230,38930,39140,39100,36578.63671875,340000,13294000000
2020-07-13,PLX,39230,39010,39050,39140,36460.765625,580920,22737208800
2020-07-14,PLX,39140,38590,39050,39140,36460.765625,425960,16672074400
2020-07-15,PLX,39310,39010,39230,39190,36460.765625,468770,18371096300
2020-07-16,PLX,39890,39310,39310,39520,36814.37109375,878460,34716739200
2020-07-17,PLX,40740,39470,39520,40070,37325.13671875,1335770,53524303900
2020-07-20,PLX,39860,39100,39730,39140,36460.765625,574960,22503934400
2020-07-21,PLX,39230,38420,39190,38710,36067.86328125,439810,17025045100
2020-07-22,PLX,39140,37960,39140,38220,35596.39453125,720410,27534070200
2020-07-23,PLX,38930,38000,38220,38810,36146.4453125,368860,14315456600
2020-07-24,PLX,38810,37080,38630,38290,35674.97265625,876920,33577266800
2020-07-27,PLX,37030,35650,35850,35650,33199.7265625,1119400,39906610000
2020-07-28,PLX,37960,35510,35670,36770,34260.546875,552420,20312483400
2020-07-29,PLX,36700,34620,36260,35050,32649.673828125,399820,14013691000
2020-07-30,PLX,35850,35250,35430,35600,33160.43359375,173730,6184788000
2020-07-31,PLX,35940,34590,35250,35600,33160.43359375,359580,12801048000
2020-08-03,PLX,37230,35430,35430,36900,34378.4140625,528550,19503495000
2020-08-04,PLX,37530,36350,36900,37530,34967.7578125,382000,14336460000
2020-08-05,PLX,37780,37200,37280,37490,34928.46875,234150,8778283500
2020-08-06,PLX,37780,37160,37450,37620,35046.33984375,432920,16286450400
2020-08-07,PLX,37720,37370,37620,37620,35046.33984375,221640,8338096800
2020-08-10,PLX,38290,37620,37620,38130,35517.80859375,310330,11832882900
2020-08-11,PLX,38590,38080,38130,38550,35910.7109375,549990,21202114500
2020-08-12,PLX,39230,38550,38550,39230,36539.34375,660600,25915338000
2020-08-13,PLX,39650,39100,39230,39310,36617.921875,380300,14949593000
2020-08-14,PLX,39340,38930,38960,39310,36617.921875,509440,20026086400
2020-08-17,PLX,39230,38760,39010,38960,36303.609375,225870,8799895200
2020-08-18,PLX,39010,38760,39010,38840,36185.73828125,88390,3433067600
2020-08-19,PLX,39650,38710,38840,39650,36932.2421875,562910,22319381500
2020-08-20,PLX,39780,39050,39650,39100,36421.47265625,429540,16795014000
2020-08-21,PLX,39520,39100,39100,39260,36578.63671875,548520,21534895200
2020-08-24,PLX,40990,39550,39550,40920,38110.9296875,1037310,42446725200
2020-08-25,PLX,42590,41330,41330,42510,39603.9296875,1227490,52180599900
2020-08-26,PLX,43440,42510,42510,43360,40389.73046875,1298440,56300358400
2020-08-27,PLX,44700,43360,43360,44540,41489.83984375,3326890,148179680600
2020-08-28,PLX,44700,43870,44540,44110,41096.9375,3804130,167800174300
2020-08-31,PLX,44790,43870,43950,44290,41254.09375,3631670,160846664300
2020-09-01,PLX,44700,43950,44700,44620,41568.4140625,2076920,92672170400
2020-09-03,PLX,45210,44190,44960,44790,43401.08984375,2055830,92080625700
2020-09-04,PLX,44790,43590,43850,44360,42984.57421875,2920060,129533861600
2020-09-07,PLX,44620,43670,44280,43930,42568.05078125,2220460,97544807800
2020-09-08,PLX,44540,43670,44280,44020,42651.359375,1444420,63583368400
2020-09-09,PLX,43850,43410,43670,43760,42401.453125,1610170,70461039200
2020-09-10,PLX,44020,42990,43930,43070,41735.01953125,1510640,65063264800
2020-09-11,PLX,43240,42730,43070,42730,41735.01953125,1431590,61171840700
2020-09-14,PLX,42990,42680,42910,42810,41485.109375,1309320,56051989200
2020-09-15,PLX,42910,42130,42810,42550,41235.19921875,1658590,70573004500
2020-09-16,PLX,43670,42730,42730,43670,42318.14453125,221840,9687752800
2020-09-17,PLX,43930,42860,43850,42990,41651.72265625,210810,9062721900
2020-09-18,PLX,43500,42990,42990,43340,41984.9296875,518560,22474390400
2020-09-21,PLX,43760,43240,43760,43590,42234.84375,473020,20618941800
2020-09-22,PLX,43590,43160,43590,43340,41984.9296875,170700,7398138000
2020-09-23,PLX,44450,43160,43340,44360,42984.57421875,583370,25878293200
2020-09-24,PLX,44540,43850,44450,44450,43067.87890625,273970,12177966500
2020-09-25,PLX,44450,43760,44280,44360,42984.57421875,178820,7932455200
2020-09-28,PLX,44450,43850,44450,44100,42734.66015625,177110,7810551000
2020-09-29,PLX,44360,43500,44020,43500,42151.5390625,244710,10644885000
2020-09-30,PLX,43670,42990,43500,43240,41901.625,178430,7715313200
2020-10-01,PLX,43850,43410,43850,43670,42318.14453125,145990,6375383300
2020-10-02,PLX,43670,43160,43500,43500,42151.5390625,232550,10115925000
2020-10-05,PLX,43590,43160,43500,43160,41818.32421875,256340,11063634400
2020-10-06,PLX,43670,43070,43670,43160,41818.32421875,245460,10594053600
2020-10-07,PLX,43240,42910,42990,42910,41568.4140625,485060,20813924600
2020-10-08,PLX,43160,42810,42990,42810,41485.109375,137770,5897933700
2020-10-09,PLX,43160,42780,42810,42780,41443.45703125,218150,9332457000
2020-10-12,PLX,42990,42350,42810,42430,41110.2421875,282010,11965684300
2020-10-13,PLX,42910,42350,42390,42430,41110.2421875,167150,7092174500
2020-10-14,PLX,42550,42300,42430,42550,41235.19921875,678810,28883365500
2020-10-15,PLX,43500,42810,42910,42810,41485.109375,460270,19704158700
2020-10-16,PLX,43160,42640,42640,42940,41610.0703125,251320,10791680800
2020-10-19,PLX,42990,42390,42990,42430,41110.2421875,678150,28773904500
2020-10-20,PLX,42550,41830,42130,42210,40901.98828125,571730,24132723300
2020-10-21,PLX,42550,41880,42210,42040,40735.37890625,287910,12103736400
2020-10-22,PLX,42480,41740,42130,42480,41151.89453125,179460,7623460800
2020-10-23,PLX,42730,42210,42730,42550,41235.19921875,238360,10142218000
2020-10-26,PLX,42990,42300,42550,42990,41651.72265625,266000,11435340000
2020-10-27,PLX,42990,42390,42550,42480,41151.89453125,163610,6950152800
2020-10-28,PLX,42300,40840,41950,40840,39569.1328125,247080,10090747200
2020-10-29,PLX,41690,40580,40670,41440,40152.2578125,211090,8747569600
2020-10-30,PLX,42130,40490,41440,42130,40818.68359375,523960,22074434800
2020-11-02,PLX,41880,41480,41690,41570,40277.21484375,122440,5089830800
2020-11-03,PLX,41950,41520,41880,41520,40235.5625,80450,3340284000
2020-11-04,PLX,42250,41620,41620,41950,40652.078125,199140,8353923000
2020-11-05,PLX,42250,41880,42040,41880,40568.76953125,255810,10713322800
2020-11-06,PLX,41950,41270,41920,41520,40235.5625,147850,6138732000
2020-11-09,PLX,41880,41520,41520,41690,40402.16015625,266160,11096210400
2020-11-10,PLX,42910,38820,42910,41990,40693.7265625,1107700,46512323000
2020-11-11,PLX,42640,41570,42130,41990,40693.7265625,512860,21534991400
2020-11-12,PLX,42210,41650,41990,41790,40485.47265625,356940,14916522600
2020-11-13,PLX,41950,41320,41520,41950,40652.078125,459050,19257147500
2020-11-16,PLX,42390,41400,42130,41400,40110.60546875,896740,37125036000
2020-11-17,PLX,41790,41400,41620,41620,40318.86328125,468290,19490229800
2020-11-18,PLX,41920,41570,41790,41620,40318.86328125,485750,20216915000
2020-11-19,PLX,44190,41790,41880,43590,42234.84375,1877310,81831942900
2020-11-20,PLX,43930,43500,43760,43500,42151.5390625,705480,30688380000
2020-11-23,PLX,44100,42910,43590,43590,42234.84375,776920,33865942800
2020-11-24,PLX,43760,42640,43670,43160,41818.32421875,886820,38275151200
2020-11-25,PLX,43850,43160,43850,43340,41984.9296875,694950,30119133000
2020-11-26,PLX,44890,43160,43240,44190,42817.97265625,1630020,72030583800
2020-11-27,PLX,44620,43760,44190,44100,42734.66015625,627770,27684657000
2020-11-30,PLX,44360,43670,44190,43670,42318.14453125,515420,22508391400
2020-12-01,PLX,43670,42550,42990,43500,42151.5390625,907360,39470160000
2020-12-02,PLX,44190,42990,43500,43760,42401.453125,632830,27692640800
2020-12-03,PLX,44100,43240,44100,43500,42151.5390625,688180,29935830000
2020-12-04,PLX,44360,43500,43760,43670,42318.14453125,901290,39359334300
2020-12-07,PLX,44190,43850,44190,44100,42734.66015625,534840,23586444000
2020-12-08,PLX,44190,43500,44100,43590,42234.84375,768990,33520274100
2020-12-09,PLX,45570,43590,43760,44960,43567.6953125,1540750,69272120000
2020-12-10,PLX,45570,44360,44960,44360,42984.57421875,906890,40229640400
2020-12-11,PLX,45570,44450,45150,45570,44150.82421875,1131390,51557442300
2020-12-14,PLX,46860,45740,45820,46860,45400.37109375,1162870,54492088200
2020-12-15,PLX,47290,46000,46420,46340,44900.55078125,1249090,57882830600
2020-12-16,PLX,46420,46000,46250,46170,44733.9453125,651030,30058055100
2020-12-17,PLX,46170,44540,45910,44960,43567.6953125,1365140,61376694400
2020-12-18,PLX,46250,44960,44960,46250,44817.25,839990,38849537500
2020-12-21,PLX,46510,45740,46420,46420,44983.85546875,838750,38934775000
2020-12-22,PLX,46250,45570,45740,45740,44983.85546875,640360,29290066400
2020-12-23,PLX,46690,45650,45650,45650,44234.125,866960,39576724000
2020-12-24,PLX,46250,42550,45910,45310,43900.90625,833500,37765885000
2020-12-25,PLX,45740,44700,45390,45650,44234.125,394190,17994773500
2020-12-28,PLX,47620,45650,46250,47120,45650.2890625,1758050,82839316000
2020-12-29,PLX,47880,46510,47290,47030,45566.98046875,1165010,54790420300
2020-12-30,PLX,47720,46860,47200,47200,45733.58203125,456950,21568040000
2020-12-31,PLX,47290,46860,46940,46940,45483.671875,566460,26589632400
2021-01-04,PLX,48060,46940,47290,47200,45733.58203125,1330000,62776000000
2021-01-05,PLX,47800,46940,47290,47370,45900.19140625,746800,35375916000
2021-01-06,PLX,48760,47460,48060,47550,46066.796875,691800,32895090000
2021-01-07,PLX,48400,47460,47720,47800,46316.7109375,755500,36112900000
2021-01-08,PLX,49610,47970,48230,48320,46816.53125,1314800,63531136000
2021-01-11,PLX,50300,48910,49780,49270,47732.87109375,1140700,56202289000
2021-01-12,PLX,49780,48840,49360,49270,47732.87109375,656300,32335901000
2021-01-13,PLX,49870,48910,49780,49010,47482.95703125,792700,38850227000
2021-01-14,PLX,49180,48150,48660,48320,46816.53125,1187700,57389664000
2021-01-15,PLX,48660,47550,48320,48150,46649.921875,1236000,59513400000
2021-01-18,PLX,49180,47720,48150,48230,46733.2265625,1240800,59843784000
2021-01-19,PLX,48580,45150,48580,45570,44150.82421875,805900,36724863000
2021-01-20,PLX,46420,44700,45740,45820,44400.73046875,1368100,62686342000
2021-01-21,PLX,47290,46000,46690,47200,45733.58203125,961300,45373360000
2021-01-22,PLX,47970,46690,47290,46690,45233.765625,990800,46260452000
2021-01-25,PLX,47120,46340,47120,46340,44900.55078125,906400,42002576000
2021-01-26,PLX,46860,44790,46340,45210,43817.60546875,1198900,54202269000
2021-01-27,PLX,45490,43500,45210,43590,42234.84375,1168700,50943633000
2021-01-28,PLX,42810,40580,41880,40580,39319.22265625,1593800,64676404000
2021-01-29,PLX,43410,39120,39120,42130,40818.68359375,734900,30961337000
2021-02-01,PLX,42990,41360,42130,41690,40402.16015625,693200,28899508000
2021-02-02,PLX,43070,41440,41690,42730,41401.8046875,1078600,46088578000
2021-02-03,PLX,44020,42910,42910,43410,42068.234375,707800,30725598000
2021-02-04,PLX,44100,43240,43850,44100,42734.66015625,364700,16083270000
2021-02-05,PLX,44890,44100,44100,44890,43484.39453125,570400,25605256000
2021-02-08,PLX,46420,43070,45390,44700,43317.7890625,2088700,93364890000
2021-02-09,PLX,45650,43670,44280,45570,43317.7890625,1327100,60475947000
2021-02-17,PLX,47970,45650,46690,47880,46400.015625,1271200,60865056000
2021-02-18,PLX,48400,47720,48060,48230,46733.2265625,1304600,62920858000
2021-02-19,PLX,48400,47460,47800,48320,46816.53125,1466000,70837120000
2021-02-22,PLX,49870,48230,48320,49180,47649.56640625,2133700,104935366000
2021-02-23,PLX,49780,48400,49780,48840,47316.3515625,1314000,64175760000
2021-02-24,PLX,49870,48400,49870,49270,47316.3515625,1965900,96859893000
2021-02-25,PLX,50730,49270,49870,50210,47316.3515625,2473000,124169330000
2021-02-26,PLX,50040,49010,49010,50040,48482.59765625,1319300,66017772000
2021-03-01,PLX,50820,50040,50120,50730,49149.02734375,5292000,268463160000
2021-03-02,PLX,51240,50300,51160,50380,48815.8125,3858000,194366040000
2021-03-03,PLX,50470,49950,50380,50300,48732.5078125,4286300,215600890000
2021-03-04,PLX,50630,48150,50300,49690,48149.3828125,4348500,216076965000
2021-03-05,PLX,50300,49430,49950,49870,48315.9921875,4894700,244098689000
2021-03-08,PLX,50890,49780,50890,50210,48649.203125,3852200,193418962000
2021-03-09,PLX,49870,48580,49870,48660,47149.75,4097200,199369752000
2021-03-10,PLX,48660,47800,48580,47970,46483.3203125,4298000,206175060000
2021-03-11,PLX,49010,47550,48230,47800,46316.7109375,2905500,138882900000
2021-03-12,PLX,48580,47800,48320,47800,46316.7109375,2127200,101680160000
2021-03-15,PLX,49870,47460,47460,49090,47566.26171875,4551600,223438044000
2021-03-16,PLX,49870,48320,49010,49690,48149.3828125,4964600,246690974000
2021-03-17,PLX,49780,49180,49180,49690,48149.3828125,4739600,235510724000
2021-03-18,PLX,49780,49430,49690,49610,48066.078125,3442900,170802269000
2021-03-19,PLX,49010,47800,48760,48400,46899.83203125,4493400,217480560000
2021-03-22,PLX,48840,48150,48400,48150,46649.921875,963700,46402155000
2021-03-23,PLX,49520,47970,48150,49180,47649.56640625,1753800,86251884000
2021-03-24,PLX,48840,48150,48840,48400,46899.83203125,1694900,82033160000
2021-03-25,PLX,48580,47970,48230,48320,46816.53125,889500,42980640000
2021-03-26,PLX,48150,45570,48060,48060,46566.62109375,1148200,55182492000
2021-03-29,PLX,48660,47800,48580,47800,46316.7109375,662600,31672280000
2021-03-30,PLX,48230,47620,47800,47720,46233.40625,969300,46254996000
2021-03-31,PLX,48760,47370,47720,47370,45900.19140625,935900,44333583000
2021-04-01,PLX,48480,47370,47370,48400,46899.83203125,679900,32907160000
2021-04-02,PLX,49010,48480,48660,48580,47066.44140625,1046700,50848686000
2021-04-05,PLX,49430,47800,49430,48060,46566.62109375,1662400,79894944000
2021-04-06,PLX,48150,47550,47620,47970,46483.3203125,1105900,53050023000
2021-04-07,PLX,47970,47550,47720,47970,46483.3203125,1256900,60293493000
2021-04-08,PLX,48400,47800,48150,48060,46566.62109375,740900,35607654000
2021-04-09,PLX,48400,47880,48060,48060,46566.62109375,749700,36030582000
2021-04-12,PLX,48150,47720,47720,48060,46566.62109375,1616600,77693796000
2021-04-13,PLX,48230,47200,48150,47200,45733.58203125,1443600,68137920000
2021-04-14,PLX,47720,46760,47200,47460,45983.5,844600,40084716000
2021-04-15,PLX,48320,46250,47800,46760,45317.0703125,2122700,99257452000
2021-04-16,PLX,46940,44700,46940,45390,43984.21484375,1472100,66818619000
2021-04-19,PLX,45740,45150,45390,45150,43734.3046875,1408700,63602805000
2021-04-20,PLX,46420,45150,45570,45490,44067.515625,1359900,61861851000
2021-04-22,PLX,45490,43850,44790,43850,42484.75,1485700,65147945000
2021-04-23,PLX,44190,43340,43850,43850,42484.75,2184900,95807865000
2021-04-26,PLX,44700,42680,44700,42940,41610.0703125,1127800,48427732000
2021-04-27,PLX,42990,41790,42940,41790,40485.47265625,2050800,85702932000
2021-04-28,PLX,43160,41880,41950,42990,41651.72265625,1396000,60014040000
2021-04-29,PLX,43500,42640,43410,43240,41901.625,1037100,44844204000
2021-05-04,PLX,42990,42130,42990,42680,41360.15625,1098200,46871176000
2021-05-05,PLX,44890,43160,43410,43760,42401.453125,1453500,63605160000
2021-05-06,PLX,44540,42550,42550,43670,42318.14453125,1035200,45207184000
2021-05-07,PLX,43760,43070,43500,43590,42234.84375,1861800,81155862000
2021-05-10,PLX,46000,43590,43670,45820,44400.73046875,2939400,134683308000
2021-05-11,PLX,46170,45570,46000,45570,44150.82421875,1711900,78011283000
2021-05-12,PLX,46090,45390,45390,45820,44400.73046875,2193100,100487842000
2021-05-13,PLX,46690,45740,45910,46420,44983.85546875,2040100,94701442000
2021-05-14,PLX,47200,46420,46610,47120,45650.2890625,2380600,112173872000
2021-05-17,PLX,47800,46340,47720,46420,44983.85546875,2314100,107420522000
2021-05-18,PLX,46760,46000,46420,46420,44983.85546875,2399700,111394074000
2021-05-19,PLX,47550,46510,46860,46610,45150.46484375,2808800,130918168000
2021-05-20,PLX,47120,46000,46940,46760,45317.0703125,1480900,69246884000
2021-05-21,PLX,49360,46250,46690,49360,47816.16796875,2248400,110981024000
2021-05-24,PLX,48660,47800,48660,48400,46899.83203125,3111800,150611120000
2021-05-25,PLX,48480,47800,48400,48320,46816.53125,3987700,192685664000
2021-05-26,PLX,48150,47370,48150,47550,46066.796875,4817200,229057860000
2021-05-27,PLX,47460,46250,47290,46340,44900.55078125,4228500,195948690000
2021-05-28,PLX,47290,46250,46860,47120,45650.2890625,4141900,195166328000
2021-05-31,PLX,47290,46510,46610,46940,45483.671875,4350300,204203082000
2021-06-01,PLX,47800,46860,47290,47030,45566.98046875,2062500,96999375000
2021-06-02,PLX,48150,47030,47290,47460,45983.5,4807300,228154458000
2021-06-03,PLX,48060,47370,48060,47620,46150.1015625,4369300,208066066000
2021-06-04,PLX,49430,46940,47620,49180,47649.56640625,5913000,290801340000
2021-06-07,PLX,49870,47290,49690,48660,47149.75,6463900,314533374000
2021-06-08,PLX,48480,46940,48150,47030,47149.75,5831000,274231930000
2021-06-09,PLX,47200,45650,46940,46250,44817.25,4049700,187298625000
2021-06-10,PLX,46250,44890,46170,45150,43734.3046875,3102600,140082390000
2021-06-11,PLX,46610,45210,45570,46420,44983.85546875,5131500,238204230000
2021-06-14,PLX,47620,46510,47120,47290,45816.890625,6387700,302074333000
2021-06-15,PLX,47720,46420,47200,47120,45650.2890625,7003300,329995496000
2021-06-16,PLX,48840,47370,47370,48150,46649.921875,4148100,199731015000
2021-06-17,PLX,49090,47290,47720,48760,47233.046875,3096600,150990216000
2021-06-18,PLX,48910,48320,48580,48580,47066.44140625,2319300,112671594000
2021-06-21,PLX,50820,48910,49090,50380,48815.8125,6573200,331157816000
2021-06-22,PLX,51160,50300,50980,50380,48815.8125,3673900,185091082000
2021-06-23,PLX,50640,49410,50470,49600,48050.41015625,2790000,138384000000
2021-06-24,PLX,49940,48800,49340,49150,47625.1796875,2592500,127421375000
2021-06-25,PLX,49940,48880,49150,49600,48050.41015625,1839500,91239200000
2021-06-28,PLX,50470,49770,50470,50110,48560.6796875,2439700,122253367000
2021-06-29,PLX,50030,48720,49670,49340,47795.2734375,2488400,122777656000
2021-06-30,PLX,49500,48110,49070,48110,46604.64453125,2339900,112572589000
2021-07-01,PLX,49150,47390,48180,48720,47199.95703125,2307300,112411656000
2021-07-02,PLX,49410,48540,49340,48620,47114.91015625,1266800,61591816000
2021-07-05,PLX,48880,47230,48620,47840,47114.91015625,2150300,102870352000
2021-07-06,PLX,48720,45380,48720,45380,47114.91015625,1650600,74904228000
2021-07-07,PLX,46690,44760,45380,46690,47114.91015625,2287100,106784699000
2021-07-08,PLX,46520,45560,45730,45900,47114.91015625,1593300,73132470000
2021-07-09,PLX,46420,43710,45470,44600,43202.84375,2491500,111120900000
2021-07-12,PLX,44860,42400,44860,43580,43202.84375,2701900,117748802000
2021-07-13,PLX,44930,43750,43890,44760,43372.93359375,1200100,53716476000
2021-07-14,PLX,45470,43980,45030,44670,43372.93359375,1160000,51817200000
2021-07-15,PLX,45130,43980,44060,44670,43287.890625,1030800,46045836000
2021-07-16,PLX,45200,44670,44760,44860,43287.890625,1041300,46712718000
2021-07-19,PLX,43980,42560,43440,43010,41672.03515625,1312400,56446324000
2021-07-20,PLX,43370,41950,42830,43320,41969.6953125,1878300,81367956000
2021-07-21,PLX,44320,43670,43890,43890,42522.484375,1131300,49652757000
2021-07-22,PLX,44930,43890,43890,44670,43287.890625,784100,35025747000
2021-07-23,PLX,44670,43980,44410,44060,42692.57421875,967000,42606020000
2021-07-26,PLX,43890,43270,43540,43800,42437.4375,1069300,46835340000
2021-07-27,PLX,44670,43890,44320,44150,42777.6171875,975000,43046250000
2021-07-28,PLX,44600,43890,44060,44320,42947.7109375,464600,20591072000
2021-07-29,PLX,44760,43840,44320,44760,43372.93359375,1719000,76942440000
2021-07-30,PLX,45380,44600,44930,45030,43628.0703125,1306000,58809180000
2021-08-02,PLX,45640,44860,45200,45200,43798.1640625,860600,38899120000
2021-08-03,PLX,45290,44670,45200,44930,43543.02734375,1243400,55865962000
2021-08-04,PLX,46420,44760,45200,45900,43543.02734375,2070900,95054310000
2021-08-05,PLX,46420,45560,45990,45990,44563.5625,806900,37109331000
2021-08-06,PLX,46780,46170,46350,46420,44988.78515625,1720900,79884178000
2021-08-09,PLX,46620,45640,46170,46420,44988.78515625,1710100,79382842000
2021-08-10,PLX,47300,46090,46350,47230,44988.78515625,4106100,193931103000
2021-08-11,PLX,47490,46870,47230,46870,45414.015625,2800700,131268809000
2021-08-12,PLX,47130,46520,46520,46520,45073.8359375,2153600,100185472000
2021-08-13,PLX,46520,45560,46170,46420,44988.78515625,2831900,131456798000
2021-08-16,PLX,46250,44760,46250,45730,44308.4296875,1051300,48075949000
2021-08-17,PLX,46090,45290,45810,45290,44308.4296875,1354100,61327189000
2021-08-18,PLX,45560,45030,45290,45290,43883.20703125,1016100,46019169000
2021-08-19,PLX,45470,44860,45290,45200,43798.1640625,1008500,45584200000
2021-08-20,PLX,45380,43440,45380,43540,42182.3046875,1982900,86335466000
2021-08-23,PLX,43800,42560,43370,42560,41246.8125,1795400,76412224000
2021-08-24,PLX,43270,42560,43010,42830,41501.9453125,1279500,54800985000
2021-08-25,PLX,43750,43010,43140,43490,42139.78515625,1156100,50278789000
2021-08-26,PLX,43980,42750,43580,42750,41416.90234375,754100,32237775000
2021-08-27,PLX,43440,42610,42610,43440,42097.2578125,797100,34626024000
2021-08-30,PLX,43980,43370,43800,43490,42139.78515625,831900,36179331000
2021-08-31,PLX,43890,43440,43890,43620,42267.34375,1101500,48047430000
2021-09-01,PLX,44860,43620,43710,44600,43202.84375,1320900,58912140000
2021-09-06,PLX,45560,44600,44930,44860,43457.98046875,1375400,61700444000
2021-09-07,PLX,45130,43980,44860,44240,42862.6640625,1205400,53326896000
2021-09-08,PLX,44320,43270,44240,43270,42862.6640625,915600,39618012000
2021-09-09,PLX,44600,43440,43440,44410,43032.75390625,746700,33160947000
2021-09-10,PLX,44760,44320,44670,44320,42947.7109375,702400,31130368000
2021-09-13,PLX,44860,44150,44600,44150,42777.6171875,1201200,53032980000
2021-09-14,PLX,44600,43980,44600,43980,42607.52734375,648500,28521030000
2021-09-15,PLX,44670,43980,43980,44670,43287.890625,847800,37871226000
2021-09-16,PLX,45470,44600,45030,44760,43372.93359375,1014800,45422448000
2021-09-17,PLX,45030,44500,45030,44500,43117.80078125,893600,39765200000
2021-09-20,PLX,45030,43890,44500,43890,42522.484375,1142300,50135547000
2021-09-21,PLX,43890,43270,43440,43540,42522.484375,981600,42738864000
2021-09-22,PLX,44410,43540,43710,43980,42522.484375,553000,24320940000
2021-09-23,PLX,44670,43890,44320,44060,42692.57421875,919700,40521982000
2021-09-24,PLX,44670,43750,44320,43890,42522.484375,951000,41739390000
2021-09-27,PLX,44670,43980,44410,43980,42607.52734375,1496700,65824866000
2021-09-28,PLX,45290,43980,44060,44860,43457.98046875,2247200,100809392000
2021-09-29,PLX,46090,44760,45130,45640,44223.38671875,2210600,100891784000
2021-09-30,PLX,45990,45200,45900,45290,43883.20703125,969100,43890539000
2021-10-01,PLX,45900,44930,45030,45560,44138.33984375,2380900,108473804000
2021-10-04,PLX,47580,46350,46520,47230,45754.19140625,3732500,176285975000
2021-10-05,PLX,47840,47050,47840,47300,45839.2421875,1392800,65879440000
2021-10-06,PLX,47840,46960,47580,47300,45839.2421875,1460000,69058000000
2021-10-07,PLX,47840,46090,46960,47390,45924.28515625,2783100,131891109000
2021-10-08,PLX,47660,46960,47660,47300,45924.28515625,975300,46131690000
2021-10-11,PLX,48540,47750,48540,48180,45924.28515625,1873000,90241140000
2021-10-12,PLX,48620,47580,48180,48280,46774.73828125,2970900,143435052000
2021-10-13,PLX,48360,47230,48010,47230,45754.19140625,1768800,83540424000
2021-10-14,PLX,47660,47130,47300,47300,45754.19140625,1634100,77292930000
2021-10-15,PLX,47660,46870,47660,47050,45584.1015625,1830000,86101500000
2021-10-18,PLX,48180,47130,47230,47750,45584.1015625,2103700,100451675000
2021-10-19,PLX,48360,47390,47660,48110,46604.64453125,1198600,57664646000
2021-10-20,PLX,48180,46690,48180,47300,45839.2421875,1183600,55984280000
2021-10-21,PLX,47750,46960,47750,46960,45499.05859375,1128500,52994360000
2021-10-22,PLX,47300,46250,46960,46420,44988.78515625,1576000,73157920000
2021-10-25,PLX,48110,46520,46870,47490,44988.78515625,1068200,50728818000
2021-10-26,PLX,48980,47660,48110,47920,44988.78515625,2374600,113790832000
2021-10-27,PLX,48540,47920,48450,48540,44988.78515625,2084200,101167068000
2021-10-28,PLX,48540,47920,48360,48110,46604.64453125,1387500,66752625000
2021-10-29,PLX,48360,47490,48110,47490,46009.33203125,2289600,108733104000
2021-11-01,PLX,48110,47130,47300,47300,46009.33203125,1823500,86251550000
2021-11-02,PLX,48110,47300,47390,47660,46604.64453125,1890500,90101230000
2021-11-03,PLX,48010,46520,47840,46520,45073.8359375,1957500,91062900000
2021-11-04,PLX,46960,46090,46520,46250,44818.69921875,1526500,70600625000
2021-11-05,PLX,48280,46420,46420,47300,45839.2421875,2295000,108553500000
2021-11-08,PLX,48720,47660,47840,48010,46519.59765625,2207100,105962871000
2021-11-09,PLX,48110,47580,47920,47840,46349.5078125,1074200,51389728000
2021-11-10,PLX,51160,48110,48450,51160,49581.21484375,7387900,377964964000
2021-11-11,PLX,53090,51520,52750,52490,50856.89453125,5714300,299943607000
2021-11-12,PLX,52660,51350,52570,52660,51026.98828125,2450800,129059128000
2021-11-15,PLX,54240,51970,52750,52750,51112.0234375,3128700,165038925000
2021-11-16,PLX,53020,51600,52490,51600,50006.44140625,2612300,134794680000
2021-11-17,PLX,54510,51350,51440,54510,52812.92578125,4711400,256818414000
2021-11-18,PLX,54770,53360,54600,53550,51877.43359375,2574800,137880540000
2021-11-19,PLX,54240,49940,54240,52130,50516.71484375,5024900,261948037000
2021-11-22,PLX,51700,48800,51160,49070,47540.140625,3031200,148740984000
2021-11-23,PLX,50030,48800,49070,50030,48475.6328125,2507800,125465234000
2021-11-24,PLX,51160,49670,50640,50030,48475.6328125,2281600,114148448000
2021-11-25,PLX,51790,50030,50300,50910,49326.08203125,2036100,103657851000
2021-11-26,PLX,51350,49670,50910,49860,48305.546875,2760500,137638530000
2021-11-29,PLX,48620,47390,48620,48180,46689.6875,2717900,130948422000
2021-11-30,PLX,49770,47490,48720,47490,46009.33203125,2727300,129519477000
2021-12-01,PLX,48360,47390,47390,47660,46179.421875,1844900,87927934000
2021-12-02,PLX,49070,47660,47660,48720,47199.95703125,1186100,57786792000
2021-12-03,PLX,48720,46780,48720,46780,45328.96875,1645400,76971812000
2021-12-06,PLX,47230,44860,46870,45380,43968.25390625,2038600,92511668000
2021-12-07,PLX,46960,45730,45990,46960,45499.05859375,989900,46485704000
2021-12-08,PLX,48110,47130,47390,47230,45754.19140625,1106400,52255272000
2021-12-09,PLX,47750,46960,46960,47490,46009.33203125,1421300,67497537000
2021-12-10,PLX,47300,46520,47230,46780,45328.96875,1440600,67391268000
2021-12-13,PLX,47580,46780,46870,47130,45669.15234375,1307500,61622475000
2021-12-14,PLX,48110,46960,47130,47840,46349.5078125,1045000,49992800000
2021-12-15,PLX,48880,47390,47750,47920,46434.55859375,1358400,65094528000
2021-12-16,PLX,48360,47660,48110,48180,46689.6875,1206700,58138806000
2021-12-17,PLX,48360,47660,48180,47660,46179.421875,1023600,48784776000
2021-12-20,PLX,47580,46170,47580,46520,45073.8359375,1492900,69449708000
2021-12-21,PLX,46870,46170,46520,46520,45073.8359375,858300,39928116000
2021-12-22,PLX,47230,46350,46780,46350,44903.74609375,884600,41001210000
2021-12-23,PLX,47230,45470,46520,46350,44903.74609375,1667200,77274720000
2021-12-24,PLX,47300,46420,46870,46520,45073.8359375,597000,27772440000
2021-12-27,PLX,47490,46690,46780,47490,46009.33203125,972100,46165029000
2021-12-28,PLX,48010,47130,48010,47230,45754.19140625,888300,41954409000
2021-12-29,PLX,47580,47130,47300,47390,45924.28515625,668600,31684954000
2021-12-30,PLX,48110,47390,47750,47390,45924.28515625,551000,26111890000
2021-12-31,PLX,47920,47130,47490,47300,45839.2421875,872900,41288170000
2022-01-04,PLX,49500,47390,47750,49070,47540.140625,2734500,134181915000
2022-01-05,PLX,50110,48800,49150,48880,47370.046875,1640600,80192528000
2022-01-06,PLX,49770,48450,48880,48720,47199.95703125,1242900,60554088000
2022-01-07,PLX,49770,48880,49070,49410,47880.31640625,1521100,75157551000
2022-01-10,PLX,49940,48540,49770,48540,46774.73828125,1308200,63500028000
2022-01-11,PLX,48540,47390,48180,47490,46009.33203125,1115000,52951350000
2022-01-12,PLX,49150,47130,49150,48110,46604.64453125,1388500,66800735000
2022-01-13,PLX,48720,47490,48280,47580,46094.375,1055200,50206416000
2022-01-14,PLX,48280,47130,47390,48280,46774.73828125,884000,42679520000
2022-01-17,PLX,49600,46960,49150,47050,45584.1015625,1814400,85367520000
2022-01-18,PLX,47750,46420,46780,47390,45924.28515625,1129000,53503310000
2022-01-19,PLX,47920,47130,47840,47490,46009.33203125,1004200,47689458000
2022-01-20,PLX,47840,46960,47490,47490,46009.33203125,669600,31799304000
2022-01-21,PLX,48450,46960,47490,48110,46604.64453125,1281700,61662587000
2022-01-24,PLX,48980,47660,48110,47660,46179.421875,1088400,51873144000
2022-01-25,PLX,47840,47050,47490,47750,46264.46484375,977300,46666075000
2022-01-26,PLX,50210,47580,48110,50030,48475.6328125,4913800,245837414000
2022-01-27,PLX,50910,50030,50910,50030,48475.6328125,1932200,96667966000
2022-01-28,PLX,50470,48800,50030,49240,47710.23046875,1430900,70457516000
2022-02-07,PLX,52660,49770,50210,51520,49921.3984375,3957700,203900704000
2022-02-08,PLX,52050,50990,50990,51600,50006.44140625,1986900,102524040000
2022-02-09,PLX,53460,51090,51600,52130,50516.71484375,2814400,146714672000
2022-02-10,PLX,53280,52130,52570,53090,51452.20703125,3213700,170615333000
2022-02-11,PLX,53460,52050,53360,52130,50516.71484375,2724600,142033398000
2022-02-14,PLX,54330,52490,52840,52840,51197.07421875,3147700,166324468000
2022-02-15,PLX,53020,51160,52930,51790,51197.07421875,2402200,124409938000
2022-02-16,PLX,51870,50640,51160,51790,50176.53125,1851300,95878827000
2022-02-17,PLX,53280,51090,51520,52660,51026.98828125,2257800,118895748000
2022-02-18,PLX,53020,52050,52400,52490,50856.89453125,1749200,91815508000
2022-02-21,PLX,53280,52490,53190,52570,50941.9375,2326000,122277820000
2022-02-22,PLX,55730,52660,53190,54420,52727.8828125,5660600,308049852000
2022-02-23,PLX,56530,54770,54950,54850,53153.109375,4311700,236496745000
2022-02-24,PLX,57830,54420,54950,55650,53918.51171875,5798300,322675395000
2022-02-25,PLX,55910,53980,55380,54770,53068.0625,3042900,166659633000
2022-02-28,PLX,55730,54510,55290,54680,52983.01953125,2428900,132812252000
2022-03-01,PLX,55120,53550,54770,53810,52132.56640625,3577800,192521418000
2022-03-02,PLX,56260,53980,55290,53980,52302.65234375,5368100,289770038000
2022-03-03,PLX,55650,53890,54770,55120,53408.23828125,3080600,169802672000
2022-03-04,PLX,54770,53620,54600,53620,51962.48046875,2848300,152725846000
2022-03-07,PLX,56340,54240,55120,55560,53833.46484375,6669400,370551864000
2022-03-08,PLX,55290,53810,54850,53810,52132.56640625,2878000,154865180000
2022-03-09,PLX,56090,53810,54420,55290,53578.328125,3721600,205767264000
2022-03-10,PLX,54420,53460,54420,53810,52132.56640625,2906400,156393384000
2022-03-11,PLX,54150,50470,53810,50910,49326.08203125,5639500,287106945000
2022-03-14,PLX,50910,48980,50470,49070,47540.140625,3858900,189356223000
2022-03-15,PLX,49940,47840,48540,49150,47625.1796875,2592000,127396800000
2022-03-16,PLX,49600,48620,49500,49340,47795.2734375,1634500,80646230000
2022-03-17,PLX,49500,48800,49500,48980,47455.08984375,1490400,72999792000
2022-03-18,PLX,49860,49070,49500,49070,47540.140625,1514600,74321422000
2022-03-21,PLX,49860,48880,49150,49150,47625.1796875,1400300,68824745000
2022-03-22,PLX,50380,49600,49670,49860,48305.546875,1998000,99620280000
2022-03-23,PLX,50030,49150,49860,49150,47625.1796875,1522600,74835790000
2022-03-24,PLX,49770,49070,49770,49150,47625.1796875,1447000,71120050000
2022-03-25,PLX,50030,48880,49150,49150,47625.1796875,1417700,69679955000
2022-03-28,PLX,49860,48800,49150,49150,47625.1796875,1764000,86700600000
2022-03-29,PLX,49670,49070,49070,49500,47965.36328125,1586400,78526800000
2022-03-30,PLX,49410,48280,49340,48280,46774.73828125,2248900,108576892000
2022-03-31,PLX,48800,47750,48280,48450,46944.828125,1938200,93905790000
2022-04-01,PLX,48800,47840,48280,48360,46859.77734375,1340600,64831416000
2022-04-04,PLX,49500,48540,48620,49340,47795.2734375,1692600,83512884000
2022-04-05,PLX,49940,49240,49500,49240,47710.23046875,926100,45601164000
2022-04-06,PLX,49410,48800,48880,49150,47625.1796875,1262500,62051875000
2022-04-07,PLX,50380,48980,49150,49670,48135.45703125,3131500,155541605000
2022-04-08,PLX,50300,49340,49670,49340,47795.2734375,1558900,76916126000
2022-04-12,PLX,49340,47920,49340,47920,46434.55859375,1465200,70212384000
2022-04-13,PLX,48280,47300,48110,48010,46519.59765625,1274500,61188745000
2022-04-14,PLX,48620,47750,48180,48010,46519.59765625,1030400,49469504000
2022-04-15,PLX,48880,47840,48110,48010,46519.59765625,1178200,56565382000
2022-04-18,PLX,48720,46420,48010,46420,44988.78515625,1985100,92148342000
2022-04-19,PLX,47390,44760,46690,44760,43372.93359375,1352700,60546852000
2022-04-20,PLX,45900,44600,44760,45030,43628.0703125,1732500,78014475000
2022-04-21,PLX,45380,43980,45130,44150,42777.6171875,2002500,88410375000
2022-04-22,PLX,44760,42830,44320,43980,42607.52734375,2086000,91742280000
2022-04-25,PLX,44240,40910,44060,40910,39630.95703125,2303200,94223912000
2022-04-26,PLX,41950,39150,39500,41950,40651.49609375,2044300,85758385000
2022-04-27,PLX,42400,41070,41510,42400,41076.72265625,593900,25181360000
2022-04-28,PLX,42490,41680,42490,41950,40651.49609375,609700,25576915000
2022-04-29,PLX,42560,41610,41880,42130,40821.58984375,871300,36707869000
2022-05-04,PLX,43270,42130,42130,42700,41374.3828125,779900,33301730000
2022-05-05,PLX,43440,41560,43100,41780,40481.40625,1542400,64441472000
2022-05-06,PLX,41250,40200,40820,40200,38950.6015625,1026300,41257260000
2022-05-09,PLX,40160,37390,40160,37390,36229.16015625,2497600,93385264000
2022-05-10,PLX,37740,35370,35370,37470,36314.19921875,1181500,44270805000
2022-05-11,PLX,37780,36330,37780,36430,35293.66015625,1273100,46379033000
2022-05-12,PLX,37090,33880,36430,33880,32827.359375,2073500,70250180000
2022-05-13,PLX,34230,32520,33880,32780,31764.296875,2015800,66077924000
2022-05-16,PLX,35060,33610,33610,34320,33252.58203125,1598100,54846792000
2022-05-17,PLX,36700,34320,34320,36700,35548.79296875,1495800,54895860000
2022-05-18,PLX,36950,36120,36950,36330,35208.61328125,1216200,44184546000
2022-05-19,PLX,36170,35280,35280,35550,34443.2109375,1367000,48596850000
2022-05-20,PLX,36600,35500,35650,35550,34443.2109375,1106000,39318300000
2022-05-23,PLX,35990,35150,35990,35330,34230.6015625,1090900,38541497000
2022-05-24,PLX,35550,34320,35550,35110,34017.98828125,770900,27066299000
2022-05-25,PLX,36430,35110,35650,36330,35208.61328125,1234100,44834853000
2022-05-26,PLX,38010,36330,36550,37350,36186.63671875,1650500,61646175000
2022-05-27,PLX,37710,37300,37440,37390,36229.16015625,1051000,39296890000
2022-05-30,PLX,38270,37570,37660,38090,36909.515625,1268600,48320974000
2022-05-31,PLX,39410,37710,38010,38630,37419.78515625,2119400,81872422000
2022-06-01,PLX,39360,38530,38630,39060,37845.01171875,1321500,51617790000
2022-06-02,PLX,38960,38190,38630,38190,37845.01171875,1442600,55092894000
2022-06-03,PLX,38880,37920,38270,38190,36994.5625,1338800,51128772000
2022-06-06,PLX,39680,38800,38800,39410,38185.1875,1695100,66803891000
2022-06-07,PLX,41120,38450,39410,40990,39716.0,1631000,66854690000
2022-06-08,PLX,42040,41070,41390,41120,39843.56640625,2041700,83954704000
2022-06-09,PLX,41390,40820,41070,41170,39886.08984375,814300,33524731000
2022-06-10,PLX,40990,39500,40550,39500,38270.23828125,1655600,65396200000
2022-06-13,PLX,39100,36860,38090,36860,35718.88671875,1678400,61865824000
2022-06-14,PLX,38450,36820,36860,37820,36654.3828125,1377300,52089486000
2022-06-15,PLX,38400,35990,38190,35990,34868.44140625,930800,33499492000
2022-06-16,PLX,37220,36700,37040,36910,35761.40625,817400,30170234000
2022-06-17,PLX,36860,35650,35650,36770,35633.84375,1109100,40781607000
2022-06-20,PLX,36510,34460,36510,34460,33380.1484375,1238300,42671818000
2022-06-21,PLX,35550,33790,34460,34230,33167.53515625,533000,18244590000
2022-06-22,PLX,35460,34320,35460,34670,33592.76171875,516600,17910522000
2022-06-23,PLX,36080,34270,34670,35720,34613.3046875,394200,14080824000
2022-06-24,PLX,36250,35550,35860,35810,34698.34765625,524800,18793088000
2022-06-27,PLX,36430,35650,35990,36430,35293.66015625,556400,20269652000
2022-06-28,PLX,37140,36250,36510,36700,35548.79296875,561600,20610720000
2022-06-29,PLX,36700,35860,36250,35990,34868.44140625,437200,15734828000
2022-06-30,PLX,36250,35200,35900,35370,34273.12109375,636800,22523616000
2022-07-01,PLX,35720,34580,35110,35650,34528.2578125,539300,19226045000
2022-07-04,PLX,36170,35370,36080,35420,34315.6484375,212300,7519666000
2022-07-05,PLX,35860,35110,35810,35240,34145.5546875,313200,11037168000
2022-07-06,PLX,35200,33530,34410,33530,32487.181640625,571200,19152336000
2022-07-07,PLX,34940,33530,34940,34230,33167.53515625,419400,14356062000
2022-07-08,PLX,34990,34060,34580,34540,33465.1953125,253600,8759344000
2022-07-11,PLX,35200,34410,34620,34670,33592.76171875,317000,10990390000
2022-07-12,PLX,35500,34760,34760,35460,33592.76171875,455900,16166214000
2022-07-13,PLX,35460,34890,35330,35060,33975.46484375,363900,12758334000
2022-07-14,PLX,35460,34890,35020,35200,34103.0390625,218100,7677120000
2022-07-15,PLX,35240,34890,35240,34940,33847.8984375,349400,12208036000
2022-07-18,PLX,35650,35110,35460,35330,34230.6015625,402900,14234457000
2022-07-19,PLX,36950,35460,35500,36950,35803.93359375,1069900,39532805000
2022-07-20,PLX,38270,37040,37970,37610,36441.76953125,914800,34405628000
2022-07-21,PLX,37470,36860,37300,37170,36016.54296875,396100,14723037000
2022-07-22,PLX,37220,36700,36860,36700,35548.79296875,471800,17315060000
2022-07-25,PLX,36700,35720,36700,36080,34953.48046875,470100,16961208000
2022-07-26,PLX,36510,35810,36250,35860,34740.87109375,247700,8882522000
2022-07-27,PLX,36330,35370,35860,36250,35123.57421875,350200,12694750000
2022-07-28,PLX,36860,36290,36510,36430,35293.66015625,694400,25296992000
2022-07-29,PLX,36480,36080,36480,36080,34953.48046875,443300,15994264000
2022-08-01,PLX,36700,35240,35550,36700,35548.79296875,1113400,40861780000
2022-08-02,PLX,36290,35950,36120,35990,34868.44140625,889100,31998709000
2022-08-03,PLX,36380,35720,35860,35900,34783.390625,1442600,51789340000
2022-08-04,PLX,37140,35990,36210,36950,35803.93359375,1511100,55835145000
2022-08-05,PLX,37140,36430,36510,36550,35421.234375,1453000,53107150000
2022-08-08,PLX,37350,36600,36600,37250,36101.5859375,1603600,59734100000
2022-08-09,PLX,37970,36910,37570,36950,35803.93359375,1639000,60561050000
2022-08-10,PLX,36950,36510,36910,36820,35676.36328125,1192600,43911532000
2022-08-11,PLX,37300,36430,37300,36730,35591.3203125,1382000,50760860000
2022-08-12,PLX,37220,36550,36550,36820,35676.36328125,690900,25438938000
2022-08-15,PLX,37220,36650,36860,36950,35803.93359375,1526200,56393090000
2022-08-16,PLX,37970,36770,36770,37970,36781.953125,2545400,96648838000
2022-08-17,PLX,38190,37390,38190,37440,36271.6796875,1560700,58432608000
2022-08-18,PLX,37520,36990,37390,37220,36059.06640625,1375600,51199832000
2022-08-19,PLX,38090,37140,37220,37470,36314.19921875,1495800,56047626000
2022-08-22,PLX,37920,37090,37220,37170,36016.54296875,988200,36731394000
2022-08-23,PLX,38710,36950,37090,38630,37419.78515625,3993800,154280494000
2022-08-24,PLX,38960,38350,38800,38450,37249.6953125,1409200,54183740000
2022-08-25,PLX,38960,38400,38530,38530,37334.74609375,946800,36480204000
2022-08-26,PLX,38800,38040,38530,38190,36994.5625,1933400,73836546000
2022-08-29,PLX,37870,36600,37440,37660,36484.29296875,2361900,88949154000
2022-08-30,PLX,38190,37040,37920,37090,35931.49609375,1821500,67559435000
2022-08-31,PLX,37250,36860,36860,37040,35888.9765625,1095000,40558800000
2022-09-05,PLX,37390,36770,36950,36770,35633.84375,1257000,46219890000
2022-09-06,PLX,37140,36430,37140,36430,35293.66015625,1498300,54583069000
2022-09-07,PLX,36380,35110,36380,35110,34017.98828125,2462800,86468908000
2022-09-08,PLX,35460,34840,35280,34940,33847.8984375,1169900,40876306000
2022-09-09,PLX,35280,34840,35110,35280,34188.078125,650000,22932000000
2022-09-12,PLX,35990,35330,35370,35330,34230.6015625,467200,16506176000
2022-09-13,PLX,35550,35110,35460,35200,34103.0390625,538200,18944640000
2022-09-14,PLX,34940,34410,34580,34580,33507.71875,1068200,36938356000
2022-09-15,PLX,34940,34500,34720,34500,33422.671875,722800,24936600000
2022-09-16,PLX,34670,34230,34500,34360,33295.10546875,692900,23808044000
2022-09-19,PLX,34620,33270,34360,33350,32317.087890625,1122400,37432040000
2022-09-20,PLX,33610,32920,33560,33350,32317.087890625,1325700,44212095000
2022-09-21,PLX,33610,33080,33300,33270,32232.04296875,699500,23272365000
2022-09-22,PLX,33300,32479,33010,32970,31934.388671875,1460000,48136200000
2022-09-23,PLX,33040,32560,32970,32650,31636.73046875,1750100,57140765000
2022-09-26,PLX,32390,31340,32299,31690,30701.232421875,1477500,46821975000
2022-09-27,PLX,31990,30890,31740,31070,30105.919921875,1338700,41593409000
2022-09-28,PLX,31070,30550,30580,30630,29680.693359375,718100,21995403000
2022-09-29,PLX,31430,30150,30890,30150,29212.9453125,945300,28500795000
2022-09-30,PLX,29880,28490,29580,28870,27979.794921875,2003200,57832384000
2022-10-03,PLX,30150,28390,28870,28390,27512.046875,1340100,38045439000
2022-10-04,PLX,29230,28090,28710,28090,27214.390625,1241000,34859690000
2022-10-05,PLX,29230,28440,28440,28970,28064.83984375,987500,28607875000
2022-10-06,PLX,29390,28260,29230,28260,27384.48046875,899200,25411392000
2022-10-07,PLX,28710,27470,28260,27900,28091.17578125,1371800,38273220000
2022-10-10,PLX,29670,27830,28090,29390,29592.90625,1485100,43647089000
2022-10-11,PLX,30100,28970,29540,28970,29151.220703125,1433300,41522701000
2022-10-12,PLX,30050,28790,29230,29760,29946.255859375,1434300,42684768000
2022-10-13,PLX,29830,29230,29830,29580,29769.58203125,513400,15186372000
2022-10-14,PLX,30050,29440,29930,29580,29769.58203125,1056100,31239438000
2022-10-17,PLX,29540,28710,29490,28870,29062.8828125,879900,25402713000
2022-10-18,PLX,29580,29060,29060,29190,29372.064453125,626300,18281697000
2022-10-19,PLX,29670,29010,29670,29190,29372.064453125,651300,19011447000
2022-10-20,PLX,29810,29060,29490,29390,29592.90625,932400,27403236000
2022-10-21,PLX,29580,27650,29580,27650,27826.166015625,1845900,51039135000
2022-10-24,PLX,28260,25720,27730,25720,25882.751953125,1452100,37348012000
2022-10-25,PLX,25980,23970,25540,24580,24734.369140625,1631100,40092438000
2022-10-26,PLX,24970,24230,24360,24360,24513.525390625,627300,15281028000
2022-10-27,PLX,25620,24490,24580,25540,25706.076171875,668500,17073490000
2022-10-28,PLX,25980,25190,25890,25460,25617.740234375,593800,15118148000
2022-10-31,PLX,25460,24360,25460,25020,25176.0546875,855100,21394602000
2022-11-01,PLX,25890,25410,25460,25540,25706.076171875,787900,20122966000
2022-11-02,PLX,26080,25590,25620,25720,25882.751953125,579400,14902168000
2022-11-03,PLX,25940,25360,25410,25670,25838.580078125,595500,15286485000
2022-11-04,PLX,25670,25070,25670,25280,25441.064453125,1051200,26574336000
2022-11-07,PLX,25890,25020,25460,25320,25485.236328125,686300,17377116000
2022-11-08,PLX,25890,24850,25190,25850,26015.2578125,757800,19589130000
2022-11-09,PLX,26630,25990,26350,26440,25529.40234375,666500,17622260000
2022-11-10,PLX,26440,24700,26090,24700,23851.0,1090300,26930410000
2022-11-11,PLX,25350,24650,25080,24890,24027.673828125,528600,13156854000
2022-11-14,PLX,24700,23340,24610,24250,23409.3125,793600,19244800000
2022-11-15,PLX,23790,22550,23340,22550,21775.078125,1349000,30419950000
2022-11-16,PLX,23880,21000,21000,23790,22967.62890625,2378400,56582136000
2022-11-17,PLX,24200,23420,23790,23470,22658.451171875,1225600,28764832000
2022-11-18,PLX,23880,22100,23420,22970,22172.595703125,1124000,25818280000
2022-11-21,PLX,23560,22550,22550,23140,22349.271484375,778900,18023746000
2022-11-22,PLX,24430,22970,23140,23980,23144.302734375,1832900,43952942000
2022-11-23,PLX,25160,23980,23980,24380,23541.8203125,1551400,37823132000
2022-11-24,PLX,25300,24380,24800,25160,24292.685546875,1305800,32853928000
2022-11-25,PLX,25850,25250,25250,25850,24955.212890625,1244800,32178080000
2022-11-28,PLX,26850,25610,25610,26850,25926.919921875,1208300,32442855000
2022-11-29,PLX,27350,26310,27090,27090,26147.763671875,1819100,49279419000
2022-11-30,PLX,27220,26590,27090,27000,26059.42578125,966100,26084700000
2022-12-01,PLX,28360,27450,27450,28360,27384.48046875,1604800,45512128000
2022-12-02,PLX,28790,27450,28270,28790,27781.99609375,1048800,30194952000
2022-12-05,PLX,29510,28860,28910,29320,28312.01953125,888100,26039092000
2022-12-06,PLX,29190,27450,29190,27630,26677.783203125,1086600,30022758000
2022-12-07,PLX,27630,26630,27630,26710,25794.4140625,727600,19434196000
2022-12-08,PLX,28360,26810,26810,27270,26324.4375,1028900,28058103000
2022-12-09,PLX,27860,27310,27860,27820,26854.45703125,643100,17891042000
2022-12-12,PLX,28820,27820,27820,28460,27472.818359375,859500,24461370000
2022-12-13,PLX,28910,28000,28000,28740,27737.830078125,897600,25797024000
2022-12-14,PLX,29010,28090,28820,28690,27693.658203125,472600,13558894000
2022-12-15,PLX,28740,28270,28640,28590,27605.32421875,369400,10561146000
2022-12-16,PLX,28550,27900,28360,28360,27384.48046875,1115600,31638416000
2022-12-19,PLX,28410,27820,28360,27820,26854.45703125,490800,13654056000
2022-12-20,PLX,27820,26850,27820,26850,25926.919921875,997800,26790930000
2022-12-21,PLX,27400,26590,26900,27000,26059.42578125,606600,16378200000
2022-12-22,PLX,28640,26900,26900,28050,27075.30078125,608700,17074035000
2022-12-23,PLX,28360,27500,28090,28270,27296.14453125,465800,13168166000
2022-12-26,PLX,28550,27630,28550,27630,26677.783203125,752600,20794338000
2022-12-27,PLX,28190,27680,27730,28000,27031.130859375,422800,11838400000
2022-12-28,PLX,29190,28050,28270,28820,27826.166015625,734700,21174054000
2022-12-29,PLX,29240,28690,29190,28690,27693.658203125,748400,21471596000
2022-12-30,PLX,29190,28790,29190,29010,28002.841796875,512600,14870526000
2023-01-03,PLX,30200,29140,29140,30150,29107.052734375,744300,22440645000
2023-01-04,PLX,32259,29870,30100,32259,31138.806640625,1544600,49827251400
2023-01-05,PLX,32759,31790,32210,32759,31624.65625,970500,31792609500
2023-01-06,PLX,32850,32110,32479,32110,31006.298828125,901900,28960009000
2023-01-09,PLX,32670,31760,31760,32479,31359.6484375,544200,17675071800
2023-01-10,PLX,34000,32110,32110,33720,32552.197265625,965800,32566776000
2023-01-11,PLX,35050,33500,33860,34080,32905.54296875,1601300,54572304000
2023-01-12,PLX,34130,33500,34080,33950,32773.04296875,605700,20563515000
2023-01-13,PLX,34310,33400,33950,33900,32728.873046875,682200,23126580000
2023-01-16,PLX,34040,33400,33900,33670,32508.029296875,424300,14286181000
2023-01-17,PLX,34260,33530,33670,34170,32993.8828125,605000,20672850000
2023-01-18,PLX,34860,34130,34130,34760,33568.07421875,629800,21891848000
2023-01-19,PLX,34860,34410,34540,34760,33568.07421875,447700,15562052000
2023-01-27,PLX,35410,34760,35130,34860,33656.41015625,477900,16659594000
2023-01-30,PLX,34910,33900,34760,33900,32728.873046875,687000,23289300000
2023-01-31,PLX,34220,33500,34220,33670,32508.029296875,741100,24952837000
2023-02-01,PLX,34500,32950,33950,33170,32022.173828125,1294200,42928614000
2023-02-02,PLX,33570,33020,33170,33120,31978.0078125,525300,17397936000
2023-02-03,PLX,34130,33020,33400,34130,32949.71484375,800900,27334717000
2023-02-06,PLX,35500,33860,34130,35500,34274.765625,1442200,51198100000
2023-02-07,PLX,36600,35550,35680,35680,34451.44140625,1467200,52349696000
2023-02-08,PLX,35680,34040,35680,34040,32861.37890625,730100,24852604000
2023-02-09,PLX,35230,34170,34410,34680,33479.734375,454900,15775932000
2023-02-10,PLX,35600,34130,34760,35050,33833.0859375,852700,29887135000
2023-02-13,PLX,34960,33860,34910,34680,33479.734375,463500,16074180000
2023-02-14,PLX,35050,34040,34960,34760,33568.07421875,210000,7299600000
2023-02-15,PLX,35680,34500,34730,35460,34230.6015625,680500,24130530000
2023-02-16,PLX,36000,35460,35460,35680,34451.44140625,716200,25554016000
2023-02-17,PLX,35960,35320,35920,35320,34098.09375,416200,14700184000
2023-02-20,PLX,36050,35050,35050,36050,34804.7890625,696000,25090800000
2023-02-21,PLX,37710,36150,36600,37150,35864.8359375,1820900,67646435000
2023-02-22,PLX,37150,34960,36600,34960,33744.74609375,860900,30097064000
2023-02-23,PLX,35410,34310,35130,35090,33877.25390625,1362200,47799598000
2023-02-24,PLX,35230,34360,35010,34500,33303.0625,386600,13337700000
2023-02-27,PLX,34310,33810,34130,33900,32728.873046875,726700,24635130000
2023-02-28,PLX,34590,34000,34000,34130,32949.71484375,240700,8215091000
2023-03-01,PLX,35600,34130,34310,35360,34142.265625,495100,17506736000
2023-03-02,PLX,35870,32900,35550,35360,34142.265625,381900,13503984000
2023-03-03,PLX,35650,34860,35600,35500,34274.765625,372100,13209550000
2023-03-06,PLX,35960,35410,35870,35600,34363.109375,600600,21381360000
2023-03-07,PLX,36100,35650,35680,35680,34451.44140625,684200,24412256000
2023-03-08,PLX,35960,35320,35600,35600,34363.109375,413500,14720600000
2023-03-09,PLX,36420,35180,35650,35680,34451.44140625,663800,23684384000
2023-03-10,PLX,35680,34760,35680,34910,33700.578125,653500,22813685000
2023-03-13,PLX,35050,34310,34760,34810,33612.2421875,651000,22661310000
2023-03-14,PLX,35130,33810,34860,33950,32773.04296875,781700,26538715000
2023-03-15,PLX,34590,33860,34590,34460,33258.890625,724600,24969716000
2023-03-16,PLX,34170,33220,34170,33260,32110.51171875,1372800,45659328000
2023-03-17,PLX,33770,31940,33400,32390,31271.30859375,5502500,178225975000
2023-03-20,PLX,33260,32350,32479,32390,31271.30859375,1315900,42622001000
2023-03-21,PLX,33020,31610,32479,31760,30652.94921875,1550500,49243880000
2023-03-22,PLX,32259,31610,32259,31710,30652.94921875,1159800,36777258000
2023-03-23,PLX,32800,31560,31610,32759,31668.826171875,1897100,62147098900
2023-03-24,PLX,33530,32850,32850,33170,32110.51171875,997200,33077124000
2023-03-27,PLX,33300,32759,33260,32759,31536.322265625,788100,25817367900
2023-03-28,PLX,33170,32670,33020,32670,31624.65625,535500,17494785000
2023-03-29,PLX,33020,32670,32850,32850,31801.33203125,437600,14375160000
2023-03-30,PLX,34040,33300,33400,33720,32596.3671875,1483700,50030364000
2023-03-31,PLX,34760,34170,34310,34310,33082.21875,2280900,78257679000
2023-04-03,PLX,34810,33860,34810,34130,33126.390625,1384600,47256398000
2023-04-04,PLX,34760,34360,34730,34630,33523.90625,1576800,54604584000
2023-04-05,PLX,34910,34540,34760,34730,33612.2421875,860700,29892111000
2023-04-06,PLX,34960,34220,34960,34310,32993.8828125,1116300,38300253000
2023-04-07,PLX,34860,34130,34170,34360,33303.0625,927500,31868900000
2023-04-10,PLX,34760,34040,34680,34130,32949.71484375,1243500,42440655000
2023-04-11,PLX,34360,33720,34130,33720,32640.53515625,742900,25050588000
2023-04-12,PLX,34220,33670,33860,33720,32684.701171875,515900,17396148000
2023-04-13,PLX,34360,33860,34040,34040,32861.37890625,550300,18732212000
2023-04-14,PLX,34130,33400,34130,33400,32243.017578125,587900,19635860000
2023-04-17,PLX,33400,32990,33220,33120,31889.666015625,590400,19554048000
2023-04-18,PLX,33770,33120,33120,33450,32508.029296875,459300,15363585000
2023-04-19,PLX,33810,33300,33810,33300,32154.6796875,233900,7788870000
2023-04-20,PLX,33500,33260,33300,33450,32198.845703125,362600,12128970000
2023-04-21,PLX,33810,33300,33350,33530,32463.85546875,543400,18220202000
2023-04-24,PLX,33670,33450,33670,33620,32463.85546875,297700,10008674000
2023-04-25,PLX,33670,33400,33620,33450,32154.6796875,302800,10128660000
2023-04-26,PLX,33670,33300,33620,33670,32596.3671875,394600,13286182000
2023-04-27,PLX,34360,33860,33860,34220,33082.21875,776000,26554720000
2023-04-28,PLX,34590,34130,34360,34310,33082.21875,287300,9857263000
2023-05-04,PLX,34500,34130,34460,34130,33082.21875,580600,19815878000
2023-05-05,PLX,34760,34310,34460,34630,33391.40234375,1065300,36891339000
2023-05-08,PLX,34960,34590,34730,34630,33391.40234375,617300,21377099000
2023-05-09,PLX,34910,34590,34680,34810,33568.07421875,635600,22125236000
2023-05-10,PLX,34760,34310,34680,34630,33347.234375,594600,20590998000
2023-05-11,PLX,34680,34410,34540,34540,33347.234375,546400,18872656000
2023-05-12,PLX,34540,34220,34540,34460,33170.55859375,486100,16751006000
2023-05-15,PLX,34730,34310,34460,34500,33391.40234375,605400,20886300000
2023-05-16,PLX,34910,34540,34540,34810,33612.2421875,957400,33327094000
2023-05-17,PLX,34860,34590,34760,34590,33126.390625,562400,19453416000
2023-05-18,PLX,34410,34080,34310,34360,33082.21875,413600,14211296000
2023-05-19,PLX,34730,34260,34540,34540,33214.7265625,548200,18934828000
2023-05-22,PLX,34730,34410,34410,34590,33347.234375,480700,16627413000
2023-05-23,PLX,34760,34260,34680,34260,33126.390625,504900,17297874000
2023-05-24,PLX,34460,34130,34360,34130,33126.390625,606300,20693019000
2023-05-25,PLX,34410,33860,34040,34170,32993.8828125,375100,12817167000
2023-05-26,PLX,34960,34170,34170,34460,33258.890625,737800,25424588000
2023-05-29,PLX,34910,34500,34500,34680,33479.734375,868600,30123048000
2023-05-30,PLX,34960,34630,34960,34680,33479.734375,507800,17610504000
2023-05-31,PLX,34730,34260,34680,34310,33126.390625,950100,32597931000
2023-06-01,PLX,34500,34260,34260,34260,33082.21875,416900,14282994000
2023-06-02,PLX,35230,34310,34360,35010,33788.9140625,1189000,41626890000
2023-06-05,PLX,36100,35230,35500,35770,34539.78125,1441700,51569609000
2023-06-06,PLX,36000,35460,35770,35600,34363.109375,690200,24571120000
2023-06-07,PLX,35680,35090,35680,35600,34363.109375,1272900,45315240000
2023-06-08,PLX,36050,35050,35680,35050,33833.0859375,540900,18958545000
2023-06-09,PLX,35050,34680,34960,34760,33568.07421875,591100,20546636000
2023-06-12,PLX,34960,34460,34760,34730,33523.90625,569700,19785681000
2023-06-13,PLX,34810,34500,34540,34810,33612.2421875,420000,14620200000
2023-06-14,PLX,35130,34810,35050,34810,33612.2421875,436500,15194565000
2023-06-15,PLX,35410,34760,34760,35050,33833.0859375,1436500,50349325000
2023-06-16,PLX,35360,34040,35360,34040,32861.37890625,620800,21132032000
2023-06-19,PLX,34590,34040,34410,34040,32861.37890625,750500,25547020000
2023-06-20,PLX,34310,33860,34040,34040,32861.37890625,556100,18929644000
2023-06-21,PLX,34310,34040,34170,34310,33126.390625,454900,15607619000
2023-06-22,PLX,34590,34360,34410,34460,33126.390625,381100,13132706000
2023-06-23,PLX,34590,34130,34500,34310,33126.390625,686500,23553815000
2023-06-26,PLX,34500,33900,34310,34360,33170.55859375,830200,28525672000
2023-06-27,PLX,35130,34500,34630,34910,33700.578125,858700,29977217000
2023-06-28,PLX,35180,34680,35180,34860,33656.41015625,409900,14289114000
2023-06-29,PLX,34960,34310,34960,34310,33126.390625,689000,23639590000
2023-06-30,PLX,34680,34170,34410,34170,32993.8828125,444000,15171480000
2023-07-03,PLX,34860,34220,34360,34460,33258.890625,379100,13063786000
2023-07-04,PLX,36470,34630,34630,36470,35202.3125,3702800,135041116000
2023-07-05,PLX,37380,36470,36870,36870,35599.82421875,2214000,81630180000
2023-07-06,PLX,37510,36470,36740,36870,35599.82421875,2371600,87440892000
2023-07-07,PLX,37330,36700,37060,36870,35599.82421875,1478400,54508608000
2023-07-10,PLX,38250,37060,37230,38250,36924.87890625,2415100,92377575000
2023-07-11,PLX,38470,37740,38430,37740,36439.02734375,1676900,63286206000
2023-07-12,PLX,38380,37610,37780,37970,36659.8671875,1187300,45081781000
2023-07-13,PLX,38250,37660,38060,37880,36571.53515625,1142700,43285476000
2023-07-14,PLX,38060,37110,37830,37430,36129.84375,1705900,63851837000
2023-07-17,PLX,38020,36920,37560,37470,36174.015625,2239700,83921559000
2023-07-18,PLX,37780,37110,37740,37110,35820.66796875,1122100,41641131000
2023-07-19,PLX,37380,36700,37330,36700,35423.15234375,1401500,51435050000
2023-07-20,PLX,36870,36240,36650,36320,35069.8046875,2116600,76874912000
2023-07-21,PLX,37230,36270,36320,37060,35776.5,1741000,64521460000
2023-07-24,PLX,37430,36870,37150,36870,35599.82421875,1713100,63161997000
2023-07-25,PLX,37740,36600,37060,36870,35599.82421875,1969500,72615465000
2023-07-26,PLX,37230,36780,36870,37060,35776.5,1219100,45179846000
2023-07-27,PLX,37230,36320,37060,36510,35246.48046875,2127700,77682327000
2023-07-28,PLX,36780,36420,36700,36650,35378.984375,1595300,58467745000
2023-07-31,PLX,37970,36870,36870,37970,36659.8671875,2751400,104470658000
2023-08-01,PLX,38620,37380,38620,37510,36218.1875,3004500,112698795000
2023-08-02,PLX,37830,37380,37830,37470,36174.015625,1347500,50490825000
2023-08-03,PLX,37610,36700,37510,36700,35423.15234375,2016300,73998210000
2023-08-04,PLX,37150,36600,37150,36870,35599.82421875,1482200,54648714000
2023-08-07,PLX,37230,36870,37150,37060,35776.5,1474800,54656088000
2023-08-08,PLX,37660,37200,37200,37430,36129.84375,2949000,110381070000
2023-08-09,PLX,37710,37150,37710,37230,35953.171875,1235700,46005111000
2023-08-10,PLX,38340,37330,37430,37330,36041.51171875,2426300,90573779000
2023-08-11,PLX,37710,36600,37470,37200,35909.00390625,1139900,42404280000
2023-08-14,PLX,37330,36970,37280,37110,35820.66796875,1196600,44405826000
2023-08-15,PLX,37200,36780,37200,36920,35643.9921875,1207800,44591976000
2023-08-16,PLX,37280,36650,36970,36830,35555.66015625,1006000,37050980000
2023-08-17,PLX,36920,36370,36780,36370,35113.96875,1615700,58763009000
2023-08-18,PLX,36510,34170,36370,34170,32993.8828125,2701800,92320506000
2023-08-21,PLX,34630,34000,34040,34310,33126.390625,877800,30117318000
2023-08-22,PLX,34810,33860,34760,34500,33303.0625,1252900,43225050000
2023-08-23,PLX,34860,33770,34860,34220,33038.0546875,1209200,41378824000
2023-08-24,PLX,34590,34220,34220,34590,33391.40234375,583800,20193642000
2023-08-25,PLX,34680,34360,34590,34360,33170.55859375,933800,32085368000
2023-08-28,PLX,35130,34310,34310,34910,33700.578125,936300,32686233000
2023-08-29,PLX,35050,34760,35010,34810,33612.2421875,798000,27778380000
2023-08-30,PLX,35650,35050,35050,35130,33921.41796875,803900,28241007000
2023-08-31,PLX,35360,35130,35130,35270,34053.92578125,729500,25729465000
2023-09-05,PLX,36100,35680,35870,35820,34583.94921875,1240400,44431128000
2023-09-06,PLX,36240,35870,36240,35960,34716.453125,743400,26732664000
2023-09-07,PLX,36470,35920,36050,36000,34760.62109375,832100,29955600000
2023-09-08,PLX,36320,35870,35960,36050,34804.7890625,972300,35051415000
2023-09-11,PLX,37150,36150,36150,36470,35202.3125,2041800,74464446000
2023-09-12,PLX,36830,36320,36600,36600,35334.8125,685400,25085640000
2023-09-13,PLX,37660,36600,36870,36870,35599.82421875,2266800,83576916000
2023-09-14,PLX,37230,36600,37150,36600,35334.8125,1097300,40161180000
2023-09-15,PLX,37780,36700,37010,36740,35467.3203125,1805700,66341418000
2023-09-18,PLX,37200,35730,37200,36240,34981.46875,1405300,50928072000
2023-09-19,PLX,36600,35960,36420,36510,35246.48046875,652800,23833728000
2023-09-20,PLX,37150,36420,36600,36970,35688.1640625,1059800,39180806000
2023-09-21,PLX,37440,36870,37240,37060,35778.05859375,972500,36040850000
2023-09-22,PLX,36780,35380,36410,36460,35193.7421875,1040100,37922046000
2023-09-25,PLX,36500,34920,36460,34920,33710.48046875,1155700,40357044000
2023-09-26,PLX,35340,34540,34920,34540,33350.90234375,1064900,36781646000
2023-09-27,PLX,34740,33520,34460,34030,32856.484375,1673300,56942399000
2023-09-28,PLX,35150,34260,34500,35150,33935.21484375,1126200,39585930000
2023-09-29,PLX,35150,34590,35150,34920,33710.48046875,435400,15204168000
2023-10-02,PLX,35290,34690,34920,34920,33710.48046875,567900,19831068000
2023-10-03,PLX,34640,33520,34540,33520,32362.060546875,1026000,34391520000
2023-10-04,PLX,33890,32729,32729,33760,32586.796875,784600,26488096000
2023-10-05,PLX,33800,32040,33800,32040,30923.74609375,1530500,49037220000
2023-10-06,PLX,33050,31990,32500,32590,31463.115234375,2194100,71505719000
2023-10-09,PLX,33430,33010,33330,33250,32092.376953125,1552600,51623950000
2023-10-10,PLX,33760,33480,33520,33520,32362.060546875,1524500,51101240000
2023-10-11,PLX,34460,33610,33760,34360,33171.109375,1352900,46485644000
2023-10-12,PLX,34920,34030,34460,34170,32991.32421875,1061800,36281706000
2023-10-13,PLX,34310,33990,34170,34170,32991.32421875,1299600,44407332000
2023-10-16,PLX,35200,34260,34920,34260,33081.21875,1011900,34667694000
2023-10-17,PLX,34310,33520,34260,33520,32362.060546875,1005800,33714416000
2023-10-18,PLX,33660,32070,33660,32590,31463.115234375,1299500,42350705000
2023-10-19,PLX,33200,32500,32640,32590,31463.115234375,593100,19329129000
2023-10-20,PLX,33010,32040,32729,32970,31822.6953125,610400,20124888000
2023-10-23,PLX,33380,32590,33330,32920,31777.7421875,377000,12410840000
2023-10-24,PLX,33200,32680,32920,33050,31912.58984375,303400,10027370000
2023-10-25,PLX,33200,32820,33010,32920,31777.7421875,373900,12308788000
2023-10-26,PLX,32680,30630,32400,30630,29575.328125,1802700,55216701000
2023-10-27,PLX,31190,29980,30730,30730,29665.22265625,636400,19556572000
2023-10-30,PLX,31010,30580,30730,30580,29530.37890625,267100,8167918000
2023-10-31,PLX,31010,29330,31010,29700,28676.380859375,980300,29114910000
2023-11-01,PLX,30270,29140,29380,30070,29035.958984375,633200,19040324000
2023-11-02,PLX,31240,30350,30350,31100,30024.80078125,768400,23897240000
2023-11-03,PLX,31190,30730,31150,30820,29755.119140625,571800,17622876000
2023-11-06,PLX,31150,30820,31010,30960,29889.958984375,367100,11365416000
2023-11-07,PLX,31610,30730,30960,30870,29800.0625,482200,14885514000
2023-11-08,PLX,31840,30680,30870,31840,30743.955078125,968500,30837040000
2023-11-09,PLX,32119,31610,31940,31610,30519.22265625,843300,26656713000
2023-11-10,PLX,31660,31050,31330,31050,29979.853515625,744800,23126040000
2023-11-13,PLX,31290,30910,31190,31050,29979.853515625,603700,18744885000
2023-11-14,PLX,31430,31010,31380,31190,30114.6953125,729200,22743748000
2023-11-15,PLX,31990,31470,31610,31660,30564.16796875,1185900,37545594000
2023-11-16,PLX,32270,31660,31840,32070,30968.693359375,790400,25348128000
2023-11-17,PLX,32170,31190,32119,31190,30114.6953125,897400,27989906000
2023-11-20,PLX,31520,30910,30910,31190,30114.6953125,958300,29889377000
2023-11-21,PLX,31610,31190,31470,31470,30384.37890625,910900,28666023000
2023-11-22,PLX,31940,31470,31520,31710,30609.11328125,838700,26595177000
2023-11-23,PLX,31840,31380,31760,31380,30294.484375,874000,27426120000
2023-11-24,PLX,31290,30730,31100,31100,30024.80078125,778400,24208240000
2023-11-27,PLX,31710,31100,31100,31290,30204.58984375,630200,19718958000
2023-11-28,PLX,31380,30780,31100,31380,30294.484375,663700,20826906000
2023-11-29,PLX,33330,31520,31520,33330,32182.271484375,3135500,104506215000
2023-11-30,PLX,33520,32680,33150,32680,31553.009765625,817300,26709364000
2023-12-01,PLX,33330,32400,32680,32780,31642.904296875,923200,30262496000
2023-12-04,PLX,33330,32780,33250,33050,31912.58984375,934700,30891835000
2023-12-05,PLX,33760,32820,32820,33100,31957.53515625,884600,29280260000
2023-12-06,PLX,33480,32920,32920,33430,32272.166015625,720700,24093001000
2023-12-07,PLX,33330,32400,33330,32729,31597.955078125,955700,31279105300
2023-12-08,PLX,33200,32680,32729,33200,32047.431640625,629600,20902720000
2023-12-11,PLX,33430,32780,33430,33200,32047.431640625,371900,12347080000
2023-12-12,PLX,33250,32680,33200,33010,31867.640625,547300,18066373000
2023-12-13,PLX,33050,32310,32970,32310,31193.431640625,939000,30339090000
2023-12-14,PLX,32590,31760,32590,31990,30878.802734375,441400,14120386000
2023-12-15,PLX,32360,31940,32119,31940,30833.8515625,447800,14302732000
2023-12-18,PLX,32119,31560,31940,31560,30474.275390625,351900,11105964000
2023-12-19,PLX,31760,31240,31660,31610,30519.22265625,304900,9637889000
2023-12-20,PLX,32119,31610,31660,32040,30923.74609375,266900,8551476000
2023-12-21,PLX,31790,31660,31660,31660,30564.16796875,358300,11343778000
2023-12-22,PLX,31940,31430,31760,31470,30384.37890625,635400,19996038000
2023-12-25,PLX,32310,31520,31520,32270,31148.484375,674200,21756434000
2023-12-26,PLX,32400,32070,32220,32070,30968.693359375,782300,25088361000
2023-12-27,PLX,32360,31990,32310,32070,30968.693359375,457000,14655990000
2023-12-28,PLX,32310,31760,32040,32119,31013.642578125,962700,30920961300
2023-12-29,PLX,32270,32040,32119,32119,31013.642578125,522800,16791813200
2024-01-02,PLX,32270,32119,32220,32170,31058.58984375,634300,20405431000
2024-01-03,PLX,32500,32040,32170,32500,31373.21875,807400,26240500000
2024-01-04,PLX,32870,32500,32500,32680,31553.009765625,1704200,55693256000
2024-01-05,PLX,32970,32680,32820,32780,31642.904296875,1407800,46147684000
2024-01-08,PLX,33100,32590,32780,32870,31732.796875,1403800,46142906000
2024-01-09,PLX,32970,32270,32970,32270,31148.484375,498200,16076914000
2024-01-10,PLX,32540,32220,32400,32450,31328.271484375,604900,19629005000
2024-01-11,PLX,33010,32450,32450,33010,31867.640625,1122800,37063628000
2024-01-12,PLX,33100,32360,33050,32540,31418.16796875,1008700,32823098000
2024-01-15,PLX,32780,32270,32590,32270,31148.484375,321600,10378032000
2024-01-16,PLX,32400,32220,32220,32360,31238.376953125,311400,10076904000
2024-01-17,PLX,32780,32170,32540,32170,31058.58984375,545400,17545518000
2024-01-18,PLX,32400,32070,32400,32119,31013.642578125,338800,10881917200
2024-01-19,PLX,32540,32310,32500,32450,31328.271484375,588500,19096825000
2024-01-22,PLX,32540,32310,32500,32360,31238.376953125,314000,10161040000
2024-01-23,PLX,32590,32310,32360,32450,31328.271484375,351200,11396440000
2024-01-24,PLX,32540,32220,32450,32270,31148.484375,348700,11252549000
2024-01-25,PLX,32400,32119,32360,32119,31148.484375,275000,8832725000
2024-01-26,PLX,32400,32119,32220,32119,31013.642578125,280500,9009379500
2024-01-29,PLX,32400,32119,32119,32310,31193.431640625,384100,12410271000
2024-01-30,PLX,32500,32270,32310,32360,31238.376953125,323700,10474932000
2024-01-31,PLX,32400,32170,32360,32220,31103.53515625,540500,17414910000
2024-02-01,PLX,32360,32119,32119,32220,31103.53515625,394100,12697902000
2024-02-02,PLX,32400,32170,32400,32220,31103.53515625,506700,16325874000
2024-02-05,PLX,32400,32119,32220,32170,31058.58984375,589100,18951347000
2024-02-06,PLX,32310,32170,32220,32310,31193.431640625,358600,11586366000
2024-02-07,PLX,32590,32220,32310,32360,31238.376953125,523300,16933988000
2024-02-15,PLX,33050,32500,32500,32870,31732.796875,736600,24212042000
2024-02-16,PLX,32920,32590,32870,32870,31732.796875,516800,16987216000
2024-02-19,PLX,34080,32920,32920,33760,32586.796875,1886200,63678112000
2024-02-20,PLX,33990,33520,33990,33610,32451.95703125,952300,32006803000
2024-02-21,PLX,33660,33200,33520,33280,32137.322265625,889800,29612544000
2024-02-22,PLX,33800,33200,33250,33380,32227.220703125,1340300,44739214000
2024-02-23,PLX,33430,32680,33380,32680,31553.009765625,1447400,47301032000
2024-02-26,PLX,32820,32500,32540,32780,31642.904296875,444000,14554320000
2024-02-27,PLX,33990,32870,32870,33200,32047.431640625,1008500,33482200000
2024-02-28,PLX,34460,33430,33430,33710,32541.84765625,2210300,74509213000
2024-02-29,PLX,33890,33250,33800,33380,32227.220703125,838500,27989130000
2024-03-01,PLX,33610,33250,33520,33430,32272.166015625,717600,23989368000
2024-03-04,PLX,33940,33480,33940,33480,32317.115234375,932700,31226796000
2024-03-05,PLX,33520,33200,33480,33480,32317.115234375,708000,23703840000
2024-03-06,PLX,34360,33560,33710,33760,32586.796875,1720600,58087456000
2024-03-07,PLX,34920,33800,33990,34920,33710.48046875,2773600,96854112000
2024-03-08,PLX,35290,34170,34920,34260,33081.21875,1454800,49841448000
2024-03-11,PLX,34220,33430,34170,33480,32317.115234375,1223900,40976172000
2024-03-12,PLX,34030,33480,33480,33850,32676.69140625,880100,29791385000
2024-03-13,PLX,34540,33990,34260,34540,33350.90234375,1172600,40501604000
2024-03-14,PLX,35340,34500,34690,34770,33575.63671875,2856400,99317028000
2024-03-15,PLX,35200,34690,34920,35050,33845.3203125,1564900,54849745000
2024-03-18,PLX,35200,33480,35050,33990,32811.53515625,2848400,96817116000
2024-03-19,PLX,35100,33850,34080,34870,33665.53515625,1381800,48183366000
2024-03-20,PLX,35200,34460,35100,34870,33665.53515625,1271600,44340692000
2024-03-21,PLX,36030,34590,34920,35800,34564.4765625,3062200,109626760000
2024-03-22,PLX,35900,35200,35850,35380,34159.953125,1528100,54064178000
2024-03-25,PLX,35750,34640,35480,34820,33620.5859375,1720600,59911292000
2024-03-26,PLX,35380,34540,34820,35380,34159.953125,928900,32864482000
2024-03-27,PLX,35850,35010,35430,35380,34159.953125,1294100,45785258000
2024-03-28,PLX,35520,34870,35290,34970,33755.4296875,1265700,44261529000
2024-03-29,PLX,35200,34640,35100,34740,33530.69140625,1118900,38870586000
2024-04-01,PLX,35200,34590,34690,34870,33665.53515625,682100,23784827000
2024-04-02,PLX,35340,34460,34870,35290,34070.05859375,1467500,51788075000
2024-04-03,PLX,35480,34920,35380,35010,33800.37109375,981900,34376319000
2024-04-04,PLX,35010,34500,35010,34590,33395.84765625,962700,33299793000
2024-04-05,PLX,35430,34460,34460,34590,33395.84765625,1295500,44811345000
2024-04-08,PLX,34870,34500,34690,34500,33305.953125,540400,18643800000
2024-04-09,PLX,34770,34310,34500,34590,33395.84765625,437400,15129666000
2024-04-10,PLX,34740,34030,34740,34080,32901.4296875,863300,29421264000
2024-04-11,PLX,33990,33610,33990,33800,32631.74609375,826600,27939080000
2024-04-12,PLX,34410,33850,33990,34310,33126.1640625,445900,15298829000
2024-04-15,PLX,34640,32400,34360,33520,32362.060546875,927300,31083096000
2024-04-16,PLX,33800,32729,33520,33480,32317.115234375,786100,26318628000
2024-04-17,PLX,33520,32780,33520,32870,31732.796875,448800,14752056000
2024-04-19,PLX,32870,32170,32640,32270,31148.484375,518500,16731995000
2024-04-22,PLX,32780,32170,32590,32270,31148.484375,411300,13272651000
2024-04-23,PLX,32870,32170,32400,32590,31463.115234375,420900,13717131000
2024-04-24,PLX,32870,32540,32640,32820,31687.8515625,742400,24365568000
2024-04-25,PLX,32820,32500,32820,32680,31553.009765625,219500,7173260000
2024-04-26,PLX,33250,32590,32680,33250,32092.376953125,422300,14041475000
2024-05-02,PLX,33560,32820,33250,33330,32182.271484375,420900,14028597000
2024-05-03,PLX,33710,33380,33610,33520,32362.060546875,518700,17386824000
2024-05-06,PLX,34260,33890,34260,34170,32991.32421875,550800,18820836000
2024-05-07,PLX,36180,34260,34310,36030,34789.21484375,3665900,132082377000
2024-05-08,PLX,37620,35480,36030,37240,35957.84765625,2984800,111153952000
2024-05-09,PLX,37800,36550,37240,37440,36137.6328125,2131200,79792128000
2024-05-10,PLX,37900,36970,37440,37340,36047.73828125,1932400,72155816000
2024-05-13,PLX,37720,37060,37720,37110,35823.00390625,1603700,59513307000
2024-05-14,PLX,37440,36090,37350,36280,35029.01171875,1949200,70716976000
2024-05-15,PLX,37350,36280,36280,36960,35682.88671875,1256100,46425456000
2024-05-16,PLX,37590,36860,37300,36960,35682.88671875,1778200,65722272000
2024-05-17,PLX,37010,36190,37010,36720,35449.36328125,2725400,100076688000
2024-05-20,PLX,37300,36770,36770,36770,35496.06640625,1630300,59946131000
2024-05-21,PLX,36720,35800,36480,36280,35029.01171875,2551900,92582932000
2024-05-22,PLX,36960,36190,36380,36480,35215.8359375,1576100,57496128000
2024-05-23,PLX,38990,36380,36570,38990,37644.51171875,5334400,207988256000
2024-05-24,PLX,41020,38940,39860,39670,38298.38671875,5370300,213039801000
2024-05-27,PLX,40490,39190,39860,39960,38578.62109375,3453400,137997864000
2024-05-28,PLX,40540,39770,40440,40200,38812.1484375,3261100,131096220000
2024-05-29,PLX,41410,39910,40440,40150,38765.4375,4835600,194149340000
2024-05-30,PLX,40110,39040,39670,40010,38625.32421875,3177800,127143778000
2024-05-31,PLX,39960,39480,39960,39670,38298.38671875,1185700,47036719000
2024-06-03,PLX,41020,39860,39860,40150,38298.38671875,2570600,103209590000
2024-06-04,PLX,40780,40010,40150,40350,38952.26171875,2201000,88810350000
2024-06-05,PLX,41120,40150,40350,40490,39092.37890625,2444700,98985903000
2024-06-06,PLX,40980,39480,40400,40540,39139.08203125,2091400,84785356000
2024-06-07,PLX,40730,39910,40640,40150,38765.4375,1543700,61979555000
2024-06-10,PLX,40830,40150,40200,40590,39185.7890625,1542900,62626311000
2024-06-11,PLX,41990,40730,40730,41800,40353.421875,3782500,158108500000
2024-06-12,PLX,41900,41120,41800,41700,40260.015625,1529800,63792660000
2024-06-13,PLX,41900,40780,41900,40830,39419.31640625,2330400,95150232000
2024-06-14,PLX,41170,39190,40830,39190,37831.33203125,3495700,136996483000
2024-06-17,PLX,39480,38610,39280,38610,37270.8671875,2124600,82030806000
2024-06-18,PLX,39960,38990,39480,39670,38298.38671875,1477100,58596557000
2024-06-19,PLX,40150,39230,39720,40150,38765.4375,1026500,41213975000
2024-06-20,PLX,40730,39280,40540,39960,38578.62109375,1285200,51356592000
2024-06-21,PLX,41270,39480,40150,40930,39512.7265625,1971100,80677123000
2024-06-24,PLX,41410,39430,41220,39430,38064.859375,2505400,98787922000
2024-06-25,PLX,40060,39380,39430,39670,38298.38671875,854000,33878180000
2024-06-26,PLX,41070,39430,39670,41020,39606.13671875,2056300,84349426000
2024-06-27,PLX,41120,39960,41120,39960,38578.62109375,1067600,42661296000
2024-06-28,PLX,40440,39280,40060,39570,38204.9765625,1455800,57606006000
2024-07-01,PLX,40060,38940,39720,39480,38111.5625,682200,26933256000
2024-07-02,PLX,40010,39480,40010,40010,38625.32421875,660500,26426605000
2024-07-03,PLX,40830,39860,40250,40490,39092.37890625,1461400,59172086000
2024-07-04,PLX,42860,40440,40540,42480,41007.296875,6016400,255576672000
2024-07-05,PLX,42960,42380,42480,42520,41054.0,2475000,105237000000
2024-07-08,PLX,45090,42570,42570,44990,43435.9765625,5313900,239072361000
2024-07-09,PLX,45090,44310,45090,44510,42968.921875,1997900,88926529000
2024-07-10,PLX,45520,44510,44900,45040,43482.68359375,2762700,124432008000
2024-07-11,PLX,45380,44600,45140,45280,43716.20703125,2440800,110519424000
2024-07-12,PLX,45670,44600,45380,44800,43249.15625,1817400,81419520000
2024-07-15,PLX,46440,45040,45190,46440,44837.13671875,2714500,126061380000
2024-07-16,PLX,46830,45570,46830,45570,43996.4375,2055700,93678249000
2024-07-17,PLX,45570,42430,45570,43540,42034.81640625,3843300,167337282000
2024-07-18,PLX,45960,43540,43930,45960,44370.08203125,2699500,124069020000
2024-07-19,PLX,46250,44600,45960,45380,43809.6171875,2054700,93242286000
2024-07-22,PLX,45280,43980,45280,44850,43295.859375,2144800,96194280000
2024-07-23,PLX,45670,43730,44900,44020,42501.8671875,2257300,99366346000
2024-07-24,PLX,44990,42670,43590,44990,43435.9765625,3363700,151332863000
2024-07-25,PLX,45190,43980,44510,44850,43295.859375,1152000,51667200000
2024-07-26,PLX,46590,44850,44850,46250,44650.3125,3342100,154572125000
2024-07-29,PLX,47120,45770,47120,46250,44650.3125,1352000,62530000000
2024-07-30,PLX,46730,45040,45960,45570,43996.4375,1699000,77423430000
2024-07-31,PLX,46250,44310,45570,44410,42875.51171875,3183900,141396999000
2024-08-01,PLX,45090,43830,44600,43830,42315.046875,2571700,112717611000
2024-08-02,PLX,45960,43350,43590,45960,44370.08203125,2541300,116798148000
2024-08-05,PLX,45330,43640,44900,44020,42501.8671875,2337800,102909956000
2024-08-06,PLX,45770,44070,44900,45480,43903.03125,2129500,96849660000
2024-08-07,PLX,46390,44750,45670,46250,44650.3125,1943600,89891500000
2024-08-08,PLX,46640,45480,46200,46010,44416.7890625,2286700,105211067000
2024-08-09,PLX,46440,45480,46440,46440,44837.13671875,1397300,64890612000
2024-08-12,PLX,48180,47120,47120,47270,45631.12890625,4056100,191731847000
2024-08-13,PLX,48180,47170,47360,47270,45631.12890625,2214600,104684142000
2024-08-14,PLX,48860,47170,47410,47600,45958.06640625,3083900,146793640000
2024-08-15,PLX,47890,47220,47600,47410,45771.24609375,1244300,58992263000
2024-08-16,PLX,50020,47460,47510,48960,47265.81640625,4586000,224530560000
2024-08-19,PLX,49730,48770,48960,48770,47078.9921875,1223100,59650587000
2024-08-20,PLX,49640,47850,48670,47850,46191.59375,2518500,120510225000
2024-08-21,PLX,48380,46930,47890,47220,45584.421875,3224800,152275056000
2024-08-22,PLX,48040,47310,47510,47410,45771.24609375,1065800,50529578000
2024-08-23,PLX,47800,47020,47020,47410,45771.24609375,1218900,57788049000
2024-08-26,PLX,47800,46980,47560,46980,45350.8984375,1459100,68548518000
2024-08-27,PLX,47750,46930,46980,47510,45864.65234375,1207800,57382578000
2024-08-28,PLX,48140,47600,47750,47800,46144.8828125,1087500,51982500000
2024-08-29,PLX,47990,47170,47990,47220,45584.421875,722300,34107006000
2024-08-30,PLX,47410,46980,47220,47020,45397.6015625,892800,41979456000
2024-09-04,PLX,46730,45380,46730,45480,43903.03125,2544400,115719312000
2024-09-05,PLX,45860,44070,45480,44560,43015.62890625,2977800,132690768000
2024-09-06,PLX,45480,44170,44170,45430,43856.32421875,1277800,58050454000
2024-09-09,PLX,45570,44700,44700,44940,43389.26953125,791500,35570010000
2024-09-10,PLX,45430,44600,45380,44900,43342.56640625,1015000,45573500000
2024-09-11,PLX,44990,44270,44990,44310,42782.1015625,836300,37056453000
2024-09-12,PLX,44800,43930,44750,43930,42408.4609375,1269800,55782314000
2024-09-13,PLX,44460,43540,43930,44310,42782.1015625,726100,32173491000
2024-09-16,PLX,44940,43540,44940,43540,42034.81640625,813500,35419790000
2024-09-17,PLX,43930,42770,43540,43540,42034.81640625,1125600,49008624000
2024-09-18,PLX,44120,43300,43880,43540,42034.81640625,895400,38985716000
2024-09-19,PLX,43880,43110,43540,43880,42361.75390625,1416300,62147244000
2024-09-20,PLX,44850,43880,43930,44510,42968.921875,1269300,56496543000
2024-09-23,PLX,44510,43640,44510,43780,42268.34375,964800,42238944000
2024-09-24,PLX,44120,43540,43830,43730,42221.63671875,1181700,51675741000
2024-09-25,PLX,44310,43780,44020,43930,42408.4609375,1308800,57495584000
2024-09-26,PLX,44510,43830,44120,44120,42595.28125,1671300,73737756000
2024-09-27,PLX,44270,43440,44220,43490,41988.109375,1565100,68066199000
2024-09-30,PLX,43590,43060,43590,43060,41567.76171875,1095700,47180842000
2024-10-01,PLX,43490,42960,42960,43060,41567.76171875,1075700,46319642000
2024-10-02,PLX,43730,43150,43350,43490,41988.109375,957100,41624279000
2024-10-03,PLX,43440,42810,43250,42960,41474.3515625,1303600,56002656000
2024-10-04,PLX,44020,43010,43060,43640,42128.22265625,2562100,111810044000
2024-10-07,PLX,43930,43300,43930,43490,41988.109375,795900,34613691000
2024-10-08,PLX,43980,43200,43640,43200,41707.875,1700400,73457280000
2024-10-09,PLX,43300,42910,43150,42960,41474.3515625,1817600,78084096000
2024-10-10,PLX,43730,42910,43150,43060,41567.76171875,748900,32247634000
2024-10-11,PLX,43690,43150,43440,43250,41754.5859375,713300,30850225000
2024-10-14,PLX,43250,42960,43250,43010,41521.05859375,712800,30657528000
2024-10-15,PLX,43010,41120,42910,41460,40026.484375,3909500,162087870000
2024-10-16,PLX,41460,40250,41460,40490,39092.37890625,2453100,99326019000
2024-10-17,PLX,40930,40400,40640,40880,39466.0234375,1199000,49015120000
2024-10-18,PLX,41610,40930,41020,40980,39559.4296875,797800,32693844000
2024-10-21,PLX,40830,40150,40830,40250,38858.8515625,1344200,54104050000
2024-10-22,PLX,40830,40010,40250,40440,39045.671875,1350000,54594000000
2024-10-23,PLX,41070,40540,40590,40930,39512.7265625,746200,30541966000
2024-10-24,PLX,40980,40400,40930,40400,38998.96875,738000,29815200000
2024-10-25,PLX,40490,40110,40440,40200,38812.1484375,475900,19131180000
2024-10-28,PLX,40640,39430,40200,40640,39232.49609375,770900,31329376000
2024-10-29,PLX,40590,40150,40150,40540,39139.08203125,532900,21603766000
2024-10-30,PLX,40640,40010,40640,40060,38672.03125,581000,23274860000
2024-10-31,PLX,40060,39670,40060,39770,38391.80078125,560300,22283131000
2024-11-01,PLX,39770,39280,39770,39280,37924.74609375,815900,32048552000
2024-11-04,PLX,39380,38610,39230,38610,37270.8671875,1077200,41590692000
2024-11-05,PLX,39040,38410,38410,38750,37410.984375,477600,18507000000
2024-11-06,PLX,39190,38850,39190,38850,37504.3984375,554900,21557865000
2024-11-07,PLX,39330,38940,38990,38990,37644.51171875,564800,22021552000
2024-11-08,PLX,39230,38700,39230,38750,37410.984375,608300,23571625000
2024-11-11,PLX,38900,37830,38700,37980,36663.703125,1218300,46271034000
2024-11-12,PLX,38270,37830,37930,38120,36803.81640625,730700,27854284000
2024-11-13,PLX,38170,37350,38120,37640,36336.76171875,965100,36326364000
2024-11-14,PLX,38460,37440,37590,37690,36383.46875,867400,32692306000
2024-11-15,PLX,37980,37150,37980,37150,35869.7109375,736000,27342400000
2024-11-18,PLX,37590,36140,37110,36480,35215.8359375,964100,35170368000
2024-11-19,PLX,37540,36770,36770,37060,35776.296875,636100,23573866000
2024-11-20,PLX,37540,36770,36820,37350,36056.53125,443300,16557255000
2024-11-21,PLX,38030,37110,37400,37780,36476.87890625,416500,15735370000
2024-11-22,PLX,38070,37640,38070,37880,36570.2890625,309800,11735224000
2024-11-25,PLX,38170,37740,38030,38120,36803.81640625,368000,14028160000
2024-11-26,PLX,38170,37540,37880,37980,36663.703125,524700,19928106000
2024-11-27,PLX,38120,37780,37980,37830,36523.5859375,259900,9832017000
2024-11-28,PLX,39230,37830,37980,38700,37364.28125,1179100,45631170000
2024-11-29,PLX,39190,38700,38990,38700,37364.28125,462600,17902620000
2024-12-02,PLX,38850,38170,38700,38460,37130.75390625,601800,23145228000
2024-12-03,PLX,39280,38170,38360,38700,37364.28125,762700,29516490000
2024-12-04,PLX,39570,38750,38750,38990,37644.51171875,651300,25394187000
2024-12-05,PLX,39380,38700,38990,39280,37924.74609375,716100,28128408000
2024-12-06,PLX,39430,38800,39280,39140,37784.62890625,787600,30826664000
2024-12-09,PLX,39140,38700,39140,38850,37504.3984375,573300,22272705000
2024-12-10,PLX,39140,38800,38850,38990,37644.51171875,284700,11100453000
2024-12-11,PLX,38990,38560,38900,38610,37270.8671875,546600,21104226000
2024-12-12,PLX,38850,38120,38560,38120,36803.81640625,842600,32119912000
2024-12-13,PLX,38120,37440,38120,37440,36149.94140625,1285500,48129120000
2024-12-16,PLX,37740,37400,37740,37440,36149.94140625,647300,24234912000
2024-12-17,PLX,37640,37400,37400,37640,36336.76171875,438400,16501376000
2024-12-18,PLX,38460,37440,37440,38030,36710.40625,791700,30108351000
2024-12-19,PLX,38700,37440,37640,38120,36803.81640625,776300,29592556000
2024-12-20,PLX,38460,37400,38320,37740,36430.171875,592000,22342080000
2024-12-23,PLX,38120,37490,37830,37490,36196.64453125,526800,19749732000
2024-12-24,PLX,37590,37010,37590,37200,35916.4140625,603500,22450200000
2024-12-25,PLX,37640,37200,37200,37350,36056.53125,740200,27646470000
2024-12-26,PLX,37830,37200,37540,37200,35916.4140625,756200,28130640000
2024-12-27,PLX,37440,37010,37350,37250,35963.1171875,1059900,39481275000
2024-12-30,PLX,37440,36960,37300,36960,35682.88671875,613600,22678656000
2024-12-31,PLX,37150,36280,37010,36280,35029.01171875,710600,25780568000
2025-01-02,PLX,37150,36720,36720,36910,35636.18359375,546600,20175006000
2025-01-03,PLX,37350,36860,37300,37200,35916.4140625,786900,29272680000
2025-01-06,PLX,37490,36910,37200,37110,35823.00390625,671000,24900810000
2025-01-07,PLX,37400,36670,37400,36670,35402.65625,859500,31517865000
2025-01-08,PLX,37060,36090,36720,37060,35776.296875,914900,33906194000
2025-01-09,PLX,38030,37060,37250,37740,36430.171875,1723700,65052438000
2025-01-10,PLX,37780,36770,37590,36860,35589.4765625,715700,26380702000
2025-01-13,PLX,37640,37110,37300,37640,36336.76171875,988600,37210904000
2025-01-14,PLX,38800,37780,37780,38460,37130.75390625,1717100,66039666000
2025-01-15,PLX,38940,38320,38610,38700,37364.28125,1316400,50944680000
2025-01-16,PLX,39040,38460,39040,38700,37364.28125,1053800,40782060000
2025-01-17,PLX,38700,38320,38650,38700,37364.28125,771900,29872530000
2025-01-20,PLX,38700,38460,38700,38560,37224.1640625,402200,15508832000
2025-01-21,PLX,39040,38120,38650,38560,37224.1640625,873000,33662880000
2025-01-22,PLX,38610,37880,38610,37880,36570.2890625,873000,33069240000
2025-01-23,PLX,38410,37690,37930,38320,36990.63671875,505800,19382256000
2025-01-24,PLX,38270,37830,37830,38220,36897.2265625,570100,21789222000
2025-02-03,PLX,38120,37590,37930,38030,36710.40625,540700,20562821000
2025-02-04,PLX,38900,38120,38120,38700,37364.28125,946300,36621810000
2025-02-05,PLX,38900,38410,38850,38610,37270.8671875,623200,24061752000
2025-02-06,PLX,38700,38320,38700,38610,37270.8671875,601300,23216193000
2025-02-07,PLX,38610,38410,38610,38560,37224.1640625,734700,28330032000
2025-02-10,PLX,39430,38320,38510,39090,37737.92578125,2002500,78277725000
2025-02-11,PLX,39960,39090,39190,39860,38485.20703125,2096000,83546560000
2025-02-12,PLX,40110,39770,39860,40010,38625.32421875,1136400,45467364000
2025-02-13,PLX,40830,39620,40010,40640,39232.49609375,2400000,97536000000
2025-02-14,PLX,41360,40640,41020,40980,39559.4296875,2154600,88295508000
2025-02-17,PLX,41700,40540,41020,40690,39279.19921875,2503600,101871484000
2025-02-18,PLX,41360,40540,40640,41220,39792.95703125,1697200,69958584000
2025-02-19,PLX,41900,41410,41610,41800,40353.421875,2234800,93414640000
2025-02-20,PLX,41940,41510,41940,41700,40260.015625,1277000,53250900000
2025-02-21,PLX,42090,41320,41410,41800,40353.421875,1857100,77626780000
2025-02-24,PLX,41750,41270,41700,41610,40166.6015625,1506700,62693787000
2025-02-25,PLX,42190,41610,41610,41900,40446.83203125,1837800,77003820000
2025-02-26,PLX,42040,41610,41900,41850,40400.12890625,1081700,45269145000
2025-02-27,PLX,41990,41460,41800,41560,40119.89453125,1384900,57556444000
2025-02-28,PLX,42280,41560,41560,42140,40680.36328125,1736700,73184538000
2025-03-03,PLX,42860,41850,41990,42770,41287.52734375,2398400,102579568000
2025-03-04,PLX,43110,42280,42770,43060,41567.76171875,2099000,90382940000
2025-03-05,PLX,43060,42330,43060,42330,40867.1796875,1231500,52129395000
2025-03-06,PLX,42380,41320,42280,42230,40773.76953125,2031600,85794468000
2025-03-07,PLX,42190,41170,42190,41460,40026.484375,3052600,126560796000
2025-03-10,PLX,41610,40830,41610,41610,40166.6015625,2077400,86440614000
2025-03-11,PLX,41900,41020,41220,41900,40446.83203125,1582300,66298370000
2025-03-12,PLX,41850,41220,41850,41510,40073.19140625,1183400,49122934000
2025-03-13,PLX,41460,40350,41460,40350,38952.26171875,2540000,102489000000
2025-03-14,PLX,40440,39670,40250,40060,38672.03125,1679700,67288782000
2025-03-17,PLX,40350,39530,40060,40110,38718.734375,1372100,55034931000
2025-03-18,PLX,40590,40110,40250,40350,38952.26171875,1315700,53088495000
2025-03-19,PLX,40440,39770,40440,40150,38765.4375,676100,27145415000
2025-03-20,PLX,40250,39620,40060,39960,38578.62109375,859000,34325640000
2025-03-21,PLX,40060,39620,39960,39960,38578.62109375,1180400,47168784000
2025-03-24,PLX,40110,39570,39960,39910,38531.9140625,617200,24632452000
2025-03-25,PLX,40150,39570,40150,39620,38251.68359375,1756600,69596492000
2025-03-26,PLX,40150,39670,39770,39820,38438.50390625,792100,31541422000
2025-03-27,PLX,39960,39480,39820,39620,38251.68359375,792100,31383002000
2025-03-28,PLX,39620,38510,39480,38510,37177.4609375,1649600,63526096000
2025-03-31,PLX,38360,37780,38320,38270,36943.93359375,1019000,38997130000
2025-04-01,PLX,38990,38410,38560,38990,37644.51171875,565000,22029350000
2025-04-02,PLX,39090,38700,39090,38900,37551.1015625,349700,13603330000
2025-04-03,PLX,37930,36190,36960,36190,34935.6015625,2805800,101541902000
2025-04-04,PLX,34540,33670,33670,34540,33347.62109375,4400600,151996724000
2025-04-08,PLX,33770,32170,32369,32170,31059.05859375,1900200,61129434000
2025-04-09,PLX,32030,29950,29950,29950,28910.61328125,2654100,79490295000
2025-04-10,PLX,32030,32030,32030,32030,30918.943359375,41400,1326042000
2025-04-11,PLX,34250,32369,34250,34200,33020.6796875,3676400,125732880000
2025-04-14,PLX,34200,33280,34160,33720,32553.62890625,1580500,53294460000
2025-04-15,PLX,33620,32509,33380,32509,31385.99609375,1652500,53721122500
2025-04-16,PLX,32990,31930,32509,31930,30825.53125,1204700,38466071000
2025-04-17,PLX,32800,31690,31880,32750,31619.521484375,801800,26258950000
2025-04-18,PLX,33330,32900,33140,32900,31759.638671875,607000,19970300000
2025-04-21,PLX,33140,32409,32900,32700,31572.81640625,417900,13665330000
2025-04-22,PLX,32700,30430,32700,32030,30918.943359375,1192700,38202181000
2025-04-23,PLX,32700,32070,32610,32369,31245.87890625,794900,25730118100
2025-04-24,PLX,33140,32509,32509,32560,31432.701171875,934400,30424064000
2025-04-25,PLX,33330,32560,32610,33140,31993.166015625,1458100,48321434000
2025-04-28,PLX,33140,32560,33140,32700,31572.81640625,607800,19875060000
2025-04-29,PLX,32900,32700,32700,32800,31666.228515625,356900,11706320000
2025-05-05,PLX,32610,32560,32560,32560,31666.228515625,657900,21421224000
2025-05-06,PLX,33480,32610,32800,32800,31432.701171875,1536800,50407040000
2025-05-07,PLX,32700,31930,31930,32409,31666.228515625,2037600,66036578400
2025-05-08,PLX,34640,32119,32119,34540,31292.583984375,4048300,139828282000
2025-05-09,PLX,34640,33860,34540,34010,33347.62109375,1594600,54232346000
2025-05-12,PLX,34540,34010,34010,34350,33347.62109375,1724800,59246880000
2025-05-13,PLX,34830,34400,34830,34400,33160.80078125,1535800,52831520000
2025-05-14,PLX,35070,34450,34540,34540,33207.50390625,2599300,89779822000
2025-05-15,PLX,34780,34250,34540,34400,33347.62109375,1228900,42274160000
2025-05-16,PLX,34930,34400,34450,34590,33207.50390625,1451300,50200467000
2025-05-19,PLX,34590,33910,34540,33960,32787.15625,1050100,35661396000
2025-05-20,PLX,34010,33620,33960,33670,32787.15625,847600,28538692000
2025-05-21,PLX,34450,33720,33820,34160,32506.92578125,907400,30996784000
2025-05-22,PLX,34160,33530,34160,33670,32973.9765625,813800,27400646000
2025-05-23,PLX,33820,32990,33670,33240,32506.92578125,1026400,34117536000
2025-05-26,PLX,33670,32270,33140,33570,32413.513671875,1114500,37413765000
2025-05-27,PLX,34010,33530,33720,33620,32413.513671875,1033800,34756356000
2025-05-28,PLX,34930,33910,33910,34350,32460.216796875,1771500,60851025000
2025-05-29,PLX,34400,33670,34400,33770,33160.80078125,1258000,42482660000
2025-05-30,PLX,33910,33380,33570,33380,32600.333984375,760700,25392166000
2025-06-02,PLX,34450,33570,33770,34450,33254.20703125,1837700,63308765000
2025-06-03,PLX,34690,34450,34590,34490,33254.20703125,1206000,41594940000
2025-06-04,PLX,35560,34590,34640,34880,33300.91796875,2128200,74231616000
2025-06-05,PLX,35320,34780,35270,34930,33674.5546875,1411300,49296709000
2025-06-06,PLX,36570,35070,35070,36190,33721.265625,3673900,132958441000
2025-06-09,PLX,36240,35360,36240,35800,34561.9609375,1998700,71553460000
2025-06-10,PLX,35800,35300,35800,35500,35720.4609375,651600,23131800000
2025-06-11,PLX,35500,34950,35500,34950,34272.3359375,897800,31378110000
2025-06-12,PLX,35700,35200,35450,35250,33741.35546875,600800,21178200000
2025-06-13,PLX,37700,36100,36100,37700,34030.98046875,5447600,205374520000
2025-06-16,PLX,40300,38650,40000,40300,38906.33984375,5736900,231197070000
2025-06-17,PLX,40350,38950,40350,39050,38906.33984375,2712900,105938745000
2025-06-18,PLX,40200,39000,40000,39000,37699.56640625,2508200,97819800000
2025-06-19,PLX,39900,38250,39150,39550,37651.296875,2533800,100211790000
2025-06-20,PLX,39800,38650,39550,39150,38182.27734375,1434800,56172420000
2025-06-23,PLX,41850,40000,41850,40200,38809.796875,3038400,122143680000
2025-06-24,PLX,38900,37800,37800,38050,38809.796875,2964800,112810640000
2025-06-25,PLX,38400,37100,38000,37300,36734.1484375,1860000,69378000000
2025-06-26,PLX,37700,36850,37300,37050,36010.0859375,1507600,55856580000
2025-06-27,PLX,37600,36950,37100,37300,35768.73046875,573000,21372900000
2025-06-30,PLX,37500,37000,37300,37250,35961.81640625,930200,34649950000
2025-07-01,PLX,37250,36900,37250,36900,35961.81640625,1078100,39781890000
2025-07-02,PLX,37100,36850,36900,36950,35623.91796875,678300,25063185000
2025-07-03,PLX,37400,37000,37200,37000,35672.19140625,781500,28915500000
2025-07-04,PLX,37300,37000,37000,37250,35720.4609375,937200,34910700000
2025-07-07,PLX,37300,37000,37250,37100,35817.00390625,984200,36513820000
2025-07-08,PLX,37350,37100,37100,37300,35817.00390625,1229900,45875270000
2025-07-09,PLX,37850,37350,37500,37450,36010.0859375,1348500,50501325000
2025-07-10,PLX,38350,37450,37500,37900,36154.8984375,1682800,63778120000
2025-07-11,PLX,37950,37600,37900,37700,36589.3359375,1223000,46107100000
2025-07-14,PLX,37900,37300,37900,37500,36203.16796875,1239200,46470000000
2025-07-15,PLX,37700,37300,37500,37300,36203.16796875,1511400,56375220000
2025-07-16,PLX,37500,37050,37300,37250,36010.0859375,1734200,64598950000
2025-07-17,PLX,37350,37050,37250,37100,35961.81640625,1791300,66457230000
2025-07-18,PLX,37600,37150,37150,37300,35817.00390625,2295400,85618420000
2025-07-21,PLX,37600,37100,37550,37100,35817.00390625,1174400,43570240000
2025-07-22,PLX,37150,36900,37100,37150,35817.00390625,1523400,56594310000
2025-07-23,PLX,37500,37000,37250,37250,35865.2734375,2046600,76235850000
2025-07-24,PLX,38200,37300,37350,38100,35961.81640625,4400700,167666670000
2025-07-25,PLX,38600,38000,38200,38100,36782.421875,2922100,111332010000
2025-07-28,PLX,38200,37700,38150,37850,36541.06640625,3965000,150075250000
2025-07-29,PLX,38500,36500,37900,36500,36541.06640625,7470400,272669600000
2025-07-30,PLX,37000,36200,37000,36300,35237.75390625,3099700,112519110000
2025-07-31,PLX,37100,36150,36600,36250,35044.66796875,2104500,76288125000
2025-08-01,PLX,36300,35650,36250,35800,34996.3984375,3046700,109071860000
2025-08-04,PLX,36850,36000,36300,36600,35334.29296875,2611700,95588220000
2025-08-05,PLX,37100,36200,36900,36600,35334.29296875,3923500,143600100000
2025-08-06,PLX,37600,36700,36800,37450,35334.29296875,2980400,111615980000
2025-08-07,PLX,37550,37000,37500,37100,36154.8984375,2324500,86238950000
2025-08-08,PLX,38500,37100,37100,38200,35817.00390625,6375200,243532640000
2025-08-11,PLX,38500,37650,38250,37950,36637.609375,2344600,88977570000
2025-08-12,PLX,38850,37650,38000,38500,36637.609375,4940600,190213100000
2025-08-13,PLX,38950,37500,38650,38000,37168.5859375,3546500,134767000000
2025-08-14,PLX,38400,37550,38400,37900,36685.87890625,2328900,88265310000
2025-08-15,PLX,39750,37700,38000,38500,36589.3359375,7512200,289219700000
2025-08-18,PLX,39350,38450,39200,38800,37458.21484375,3223300,125064040000
2025-08-19,PLX,39300,38350,38800,38350,37458.21484375,4029200,154519820000
2025-08-20,PLX,38350,36650,38300,37000,37023.7734375,4907300,181570100000
2025-08-21,PLX,37400,36700,37000,36900,35720.4609375,2486700,91759230000
2025-08-22,PLX,36850,35850,36700,35950,35623.91796875,3927900,141208005000
2025-08-25,PLX,36500,35750,36100,35850,34610.23046875,2063900,73990815000
2025-08-26,PLX,36400,35900,36000,36350,34610.23046875,1245400,45270290000
2025-08-27,PLX,36850,36150,36350,36400,35092.9375,1392400,50683360000
2025-08-28,PLX,36800,36100,36450,36150,35141.2109375,1883600,68092140000
2025-08-29,PLX,36500,36050,36500,36100,34899.85546875,1694600,61175060000
2025-09-03,PLX,36950,36300,36400,36550,35286.0234375,1410600,51557430000
2025-09-04,PLX,37000,36500,36600,36650,35286.0234375,1443500,52904275000
2025-09-05,PLX,37200,36600,36800,36600,35382.56640625,2740600,100305960000
2025-09-08,PLX,36600,35500,36500,35500,34272.3359375,3117400,110667700000
2025-09-09,PLX,35700,35150,35550,35450,34272.3359375,1657600,58761920000
2025-09-10,PLX,35850,35250,35600,35400,34224.0625,951800,33693720000
2025-09-11,PLX,35700,34850,35600,35350,34175.79296875,2030600,71781710000
2025-09-12,PLX,36000,35250,35400,35600,34127.51953125,1759700,62645320000
2025-09-15,PLX,36050,35600,36000,35750,34513.6875,1254400,44844800000
2025-09-16,PLX,36300,35800,36000,35950,34513.6875,2344000,84266800000
2025-09-17,PLX,36650,36000,36150,36100,34706.7734375,1910400,68965440000
2025-09-18,PLX,36150,35550,36100,35600,34851.5859375,1609700,57305320000
2025-09-19,PLX,35750,35300,35550,35350,34368.875,2152000,76073200000
2025-09-22,PLX,35550,34850,35400,34850,33644.8125,1866700,65054495000
2025-09-23,PLX,35200,34750,35000,34750,33644.8125,1169300,40633175000
2025-09-24,PLX,35050,34600,34800,35000,33548.26953125,1194300,41800500000
2025-09-25,PLX,35300,35050,35150,35050,33789.625,1032600,36192630000
2025-09-26,PLX,35300,34800,35300,34800,33837.89453125,804600,28000080000
2025-09-29,PLX,35300,34650,35200,34750,33548.26953125,1020300,35455425000
2025-09-30,PLX,34800,34000,34750,34200,33548.26953125,1610600,55082520000
2025-10-01,PLX,34450,34150,34200,34150,33017.2890625,696000,23768400000
2025-10-02,PLX,34350,34000,34150,34000,32969.01953125,1039500,35343000000
2025-10-03,PLX,34150,33300,34150,33450,32824.20703125,2004500,67050525000
2025-10-06,PLX,34150,33700,34000,34150,32969.01953125,921500,31469225000
2025-10-07,PLX,34350,33900,34300,33900,32969.01953125,891600,30225240000
2025-10-08,PLX,34400,33900,34300,33950,32727.666015625,1039400,35287630000
2025-10-09,PLX,34400,33850,34000,34100,32775.9375,1216800,41492880000
2025-10-10,PLX,34250,33950,34150,34050,32920.75,1171100,39875955000
2025-10-13,PLX,34050,33550,33700,34050,32872.4765625,1238600,42174330000
2025-10-14,PLX,34300,33500,34050,33600,32872.4765625,1916500,64394400000
2025-10-15,PLX,33900,33550,33600,33700,32438.041015625,1660100,55945370000
2025-10-16,PLX,33900,33400,33700,33700,32534.58203125,1735700,58493090000
2025-10-17,PLX,33750,33450,33700,33550,32534.58203125,1940900,65117195000
2025-10-20,PLX,33500,32500,33500,32700,31569.1640625,2222300,72669210000
2025-10-21,PLX,33500,32800,32800,33350,31569.1640625,1522900,50788715000
2025-10-22,PLX,34500,33400,33500,34250,32196.685546875,2047700,70133725000
2025-10-23,PLX,34950,34250,34600,34250,33065.5625,1270200,43504350000
2025-10-24,PLX,34850,34250,34800,34300,33065.5625,1108600,38024980000
2025-10-27,PLX,34800,34150,34800,34150,32969.01953125,776900,26531135000
2025-10-28,PLX,34300,33850,34150,34050,32969.01953125,641700,21849885000
2025-10-29,PLX,34500,34000,34100,34500,32872.4765625,1345200,46409400000
2025-10-30,PLX,34800,34400,34600,34550,33306.91796875,793900,27429245000
2025-10-31,PLX,35500,34550,34550,34550,33355.1875,2937600,101494080000
2025-11-03,PLX,35000,34300,35000,34300,33113.83203125,1161500,39839450000
2025-11-04,PLX,34500,33750,34200,34200,33017.2890625,1942900,66447180000
2025-11-05,PLX,36100,34300,34300,35200,33017.2890625,4302700,151455040000
2025-11-06,PLX,35400,34700,35300,34750,33548.26953125,2001900,69566025000
2025-11-07,PLX,35000,34000,34800,34000,32824.20703125,2556500,86921000000
2025-11-10,PLX,34400,33900,34150,33900,32727.666015625,1622400,54999360000
2025-11-11,PLX,34100,33700,33950,33750,32582.853515625,1320500,44566875000
2025-11-12,PLX,34050,33750,34000,34050,32872.4765625,1081700,36831885000
2025-11-13,PLX,35050,34000,34050,34500,33306.91796875,2597000,89596500000
2025-11-14,PLX,34850,34400,34550,34500,33306.91796875,1409500,48627750000
2025-11-17,PLX,34700,34400,34550,34700,33500.0,1654200,57400740000
2025-11-18,PLX,35100,34550,34650,34550,33355.1875,2769100,95672405000
2025-11-19,PLX,34850,34400,34550,34700,33500.0,1997700,69320190000
2025-11-20,PLX,34850,34300,34750,34400,33210.375,1406200,48373280000
2025-11-21,PLX,34350,33800,34250,33950,32775.9375,2146100,72860095000
2025-11-24,PLX,34100,33750,33900,33850,32679.39453125,806300,27293255000
2025-11-25,PLX,33950,33450,33850,33500,32341.498046875,1547200,51831200000
2025-11-26,PLX,34050,33550,33550,33850,32679.39453125,592900,20069665000
2025-11-27,PLX,34100,33700,33850,34000,32824.20703125,684000,23256000000
2025-11-28,PLX,34050,33700,34000,33900,32727.666015625,913400,30964260000
2025-12-01,PLX,34500,33900,33900,34450,33258.64453125,1418900,48881105000
2025-12-02,PLX,34900,34200,34400,34850,33644.8125,1938700,67563695000
2025-12-03,PLX,35350,34550,35200,34600,33403.45703125,1597900,55287340000
2025-12-04,PLX,35100,34550,34800,34950,33403.45703125,1749600,61148520000
2025-12-05,PLX,34950,34300,34950,34400,33210.375,1113500,38304400000
2025-12-08,PLX,36300,34400,34450,36050,34803.3125,3941600,142094680000
2025-12-09,PLX,35800,34900,35800,35000,33789.625,1603100,56108500000
2025-12-10,PLX,35100,34500,35100,34600,33403.45703125,1073800,37153480000
2025-12-11,PLX,34800,34350,34700,34400,33210.375,898200,30898080000
2025-12-12,PLX,34450,33500,34400,33700,32534.58203125,1618800,54553560000
2025-12-15,PLX,33900,33600,33850,33900,32727.666015625,629200,21329880000
2025-12-16,PLX,34550,33300,34000,34400,33210.375,1592700,54788880000
2025-12-17,PLX,35600,34300,34300,34650,33451.73046875,3253800,112744170000
2025-12-18,PLX,35150,34600,34850,34800,33451.73046875,935500,32555400000
2025-12-19,PLX,35200,34650,34800,34850,33644.8125,1086500,37864525000
2025-12-22,PLX,35300,34900,34900,35300,34079.25,1460400,51552120000
2025-12-23,PLX,36100,34900,35450,35600,34368.875,3530800,125696480000
2025-12-24,PLX,35650,35150,35550,35150,33934.4375,1058800,37216820000
2025-12-25,PLX,35900,35050,35450,35050,33934.4375,1864700,65357735000
2025-12-26,PLX,35550,34700,35050,35550,34320.60546875,1963300,69795315000
2025-12-29,PLX,37000,35600,35700,36500,35237.75390625,5305400,193647100000
2025-12-30,PLX,36600,35700,36600,35750,34513.6875,1525900,54550925000
2025-12-31,PLX,36300,35300,35950,35300,34079.25,1541000,54397300000
2026-01-05,PLX,37000,35350,35900,36300,35044.66796875,6072100,220417230000
2026-01-06,PLX,38800,36300,36350,38750,37409.94140625,13251500,513495625000
2026-01-07,PLX,41450,38850,39400,41450,40016.5703125,15146400,627818280000
2026-01-08,PLX,44000,40000,44000,41500,40064.83984375,12736300,528556450000
2026-01-09,PLX,44000,41500,41700,43000,41512.96875,8135100,349809300000
2026-01-12,PLX,45550,41550,44000,42400,40933.71875,9725000,412340000000
2026-01-13,PLX,45350,42300,42400,45350,43781.69921875,9964700,451899145000
2026-01-14,PLX,48500,47000,47600,48500,46822.765625,15641100,758593350000
2026-01-15,PLX,51800,47000,48100,51800,50008.64453125,15407000,798082600000
2026-01-16,PLX,55400,50000,52000,52000,50201.73046875,14325800,744941600000
2026-01-19,PLX,55600,51500,52800,55600,53677.234375,11820900,657242040000
2026-01-20,PLX,59400,57500,58400,59000,56959.65234375,11931600,703964400000
2026-01-21,PLX,60600,55400,57800,59100,57056.1953125,12501000,738809100000
2026-01-22,PLX,61200,56300,60000,56500,54546.109375,9461200,534557800000
2026-01-23,PLX,57300,53000,56400,54600,52711.81640625,12328300,673125180000
2026-01-26,PLX,58400,54200,54300,57000,55028.81640625,14211800,810072600000
2026-01-27,PLX,60900,56500,58000,60900,58793.94921875,13432600,818045340000
2026-01-28,PLX,64800,57200,63200,58900,56863.11328125,15553600,916107040000
2026-01-29,PLX,58800,56400,58200,57700,55704.609375,10120500,583952850000
2026-01-30,PLX,59500,57700,58400,58900,56863.11328125,6913800,407222820000
2026-02-02,PLX,60900,56800,57300,60900,58793.94921875,10121500,616399350000
2026-02-03,PLX,62700,59500,60500,60000,57925.0703125,8365200,501912000000
2026-02-04,PLX,61300,58700,60000,60000,57925.0703125,5519900,331194000000
2026-02-05,PLX,60700,57400,60000,57400,55414.984375,7237200,415415280000
2026-02-06,PLX,59600,54300,56500,57000,55028.81640625,10233300,583298100000
2026-02-09,PLX,58200,56500,57500,57300,55318.4453125,2437900,139691670000
2026-02-10,PLX,58400,53300,57600,53300,51456.7734375,11387800,606969740000
2026-02-11,PLX,53600,50500,52000,51700,49912.1015625,7516800,388618560000
2026-02-12,PLX,53300,51600,52600,51700,49912.1015625,2640700,136524190000
2026-02-13,PLX,52700,50700,51600,52000,50201.73046875,3678600,191287200000
2026-02-23,PLX,55600,53300,54500,55600,53677.234375,2808000,156124800000
2026-02-24,PLX,58500,56700,57500,57700,55704.609375,9898400,571137680000
2026-02-25,PLX,59800,57000,57700,58000,55994.234375,9033300,523931400000
2026-02-26,PLX,58600,56000,58500,57500,55511.52734375,4712800,270986000000
2026-02-27,PLX,61200,57500,58300,57800,55801.15234375,6852500,396074500000
2026-03-02,PLX,61800,60000,61300,61800,59662.82421875,10141600,626750880000
2026-03-03,PLX,66100,58900,64099,66100,59662.82421875,17753500,1173506350000
2026-03-04,PLX,70400,66000,68000,69500,67096.5390625,11579000,804740500000
2026-03-05,PLX,69500,64700,69400,64700,62462.53515625,10215500,660942850000
2026-03-06,PLX,67000,60800,63600,62000,59855.90625,11602800,719373600000
2026-03-09,PLX,65900,57700,65900,57700,55704.609375,13231700,763469090000
2026-03-10,PLX,58100,53700,55000,53700,51842.9375,8193700,440001690000
2026-03-11,PLX,55200,51400,51600,55200,53291.06640625,8718600,481266720000
2026-03-12,PLX,55200,52000,55000,52000,50201.73046875,7032400,365684800000
2026-03-13,PLX,54400,48400,52000,48400,46726.22265625,11908400,0
2026-03-16,PLX,48100,45050,48000,46700,45085.015625,10155600,0
2026-03-17,PLX,48100,45350,47900,45650,44071.32421875,3705400,0
2026-03-18,PLX,48800,45200,45200,48450,46774.49609375,6619900,0
2026-03-19,PLX,48100,45600,48100,46000,44409.22265625,3988500,0
2026-03-20,PLX,46600,42800,46600,42800,41319.8828125,7430100,0
2026-03-23,PLX,42950,40050,41100,41000,39582.1328125,6716900,0
2026-03-24,PLX,42100,38500,42000,39800,38423.6328125,8805600,0
2026-03-25,PLX,42300,40400,40400,41300,39871.7578125,4323200,0
2026-03-26,PLX,41300,39700,41300,39900,38520.171875,4222400,0
2026-03-27,PLX,42400,40000,40200,42250,40788.90625,6104900,0
2026-03-30,PLX,43000,41400,42000,41400,39968.30078125,5415300,0
2026-03-31,PLX,41900,40350,41900,40400,39002.8828125,4149100,0
2026-04-01,PLX,41850,40500,41100,40700,39292.5078125,4263100,0
2026-04-02,PLX,41450,40050,41000,40400,39002.8828125,2560600,0
2026-04-03,PLX,41350,40200,40900,40200,38809.796875,2933800,0
2026-04-06,PLX,40200,38900,40200,38900,37554.75390625,3124000,0
2026-04-07,PLX,39550,38550,38950,38600,37265.12890625,1984000,0
2026-04-08,PLX,40750,38950,39500,40500,39099.421875,3490600,0
2026-04-09,PLX,40500,39500,40500,39500,38134.00390625,2983000,0
2026-04-10,PLX,42000,39550,39950,41150,39726.9453125,5697200,0
2026-04-13,PLX,41950,40500,41900,40700,39292.5078125,3019000,0
2026-04-14,PLX,41200,40100,41200,40150,38761.52734375,2218200,0
2026-04-15,PLX,40700,39650,40150,39800,38423.6328125,2864800,0
2026-04-16,PLX,40100,38900,40100,39100,37747.83984375,3333400,0
2026-04-17,PLX,40450,38950,39400,39950,38568.4453125,2901300,0
2026-04-20,PLX,40300,39300,40100,39450,38085.734375,1765400,0
2026-04-21,PLX,40000,39300,39450,39350,37989.19140625,1986400,0
2026-04-22,PLX,39600,39000,39600,39000,37651.296875,1910900,0
2026-04-23,PLX,39700,38000,39100,39300,37940.921875,3786500,0
2026-04-24,PLX,41350,39550,39650,39700,38327.08984375,6401800,0
2026-04-28,PLX,39200,36950,38200,36950,35672.19140625,6503400,0
2026-04-29,PLX,37450,36250,37000,37150,35865.2734375,3564100,0
2026-05-04,PLX,39750,38100,38500,38700,37361.671875,4403600,0
2026-05-05,PLX,39700,37800,38650,39250,37892.65234375,3878000,0
2026-05-06,PLX,39600,38650,39250,39000,37651.296875,3098200,0
2026-05-07,PLX,38900,37700,38900,37700,36396.25390625,4485600,0
2026-05-08,PLX,38350,37500,38100,37600,36299.7109375,1959300,0
2026-05-11,PLX,38000,36600,38000,36800,35527.37890625,5094400,0
2026-05-12,PLX,37900,37000,37200,37800,36492.796875,1738800,0
2026-05-13,PLX,40400,37500,37800,40350,38954.609375,10796000,0
2026-05-14,PLX,41750,39750,40500,39850,38471.90234375,5371100,0
2026-05-15,PLX,42350,39400,39400,42200,40740.6328125,9229000,0
2026-05-18,PLX,45150,42500,42600,45150,43588.6171875,11418400,0
2026-05-19,PLX,47000,42000,46000,42000,40547.55078125,14765500,0
2026-05-20,PLX,43900,39200,41950,43850,42333.57421875,9839000,0
2026-05-21,PLX,43900,42250,43900,42950,41464.6953125,3499000,0
2026-05-22,PLX,43500,41650,43350,41950,40499.28125,4139200,0
2026-05-25,PLX,41300,39600,41000,39700,38327.08984375,5757500,0
2026-05-26,PLX,40850,39900,40100,40000,38616.71484375,2008600,0
2026-05-27,PLX,40650,39450,40100,39450,38085.734375,2735300,0
2026-05-28,PLX,40500,38550,39350,39450,38085.734375,3792300,0
2026-05-29,PLX,41500,38850,39450,41000,39582.1328125,4645500,0
2026-06-01,PLX,41500,39750,41000,39750,38375.359375,2158900,0
2026-06-02,PLX,40400,38850,40150,38850,37506.484375,3073400,0
2026-06-03,PLX,39850,38850,38850,39150,37796.109375,1384800,0
2026-06-04,PLX,41850,40350,40450,41850,40402.73828125,6418000,0
2026-06-05,PLX,44000,41150,42300,42000,40547.55078125,5041000,0
2026-06-08,PLX,42800,41500,41600,41700,40257.92578125,3844100,0
2026-06-09,PLX,41800,40200,41800,40500,39099.421875,2504400,0
2026-06-10,PLX,40950,39850,40900,40050,38664.984375,2594400,0
2026-06-11,PLX,40950,39850,40600,39850,38471.90234375,1687000,0
2026-06-12,PLX,41000,39650,39850,40050,38664.984375,2261400,0
2026-06-15,PLX,39450,38400,39400,38500,37168.5859375,4536400,0
2026-06-16,PLX,39000,38300,38750,38600,37265.12890625,1880400,0
2026-06-17,PLX,39400,38250,38600,38650,37313.3984375,1724200,0
2026-06-18,PLX,39250,38600,38700,39000,37651.296875,1549000,0
2026-06-19,PLX,39150,38600,39100,38650,37313.3984375,1532600,0
2026-06-22,PLX,39300,38650,38800,38650,37313.3984375,1872100,0
2026-06-23,PLX,38900,37450,38900,37700,36396.25390625,4318200,0
2026-06-24,PLX,38200,36850,37750,37800,36492.796875,1914700,0
2026-06-25,PLX,37800,37000,37750,37250,35961.81640625,907100,0
2026-06-26,PLX,37550,36800,37400,36800,35527.37890625,1716200,0
2026-06-29,PLX,37750,36850,36900,37250,35961.81640625,1256200,0
2026-06-30,PLX,37600,36900,37300,36950,35672.19140625,1153800,0
2026-07-01,PLX,38500,36950,36950,37450,35672.19140625,1561500,0
2026-07-02,PLX,37450,37100,37450,37200,35913.54296875,803400,0
2026-07-03,PLX,37450,36550,37450,36550,35286.0234375,2066900,0
2026-07-06,PLX,36900,34150,36600,35100,33886.16796875,3251400,0
2026-07-07,PLX,35600,34550,35250,34900,33693.08203125,2616200,0
2026-07-08,PLX,35950,35050,35500,35250,34030.98046875,2210100,0
2026-07-09,PLX,36800,35700,35800,36000,34755.04296875,2889900,0
2026-07-10,PLX,36950,36000,36600,36000,34755.04296875,2471800,0
2026-07-13,PLX,36550,35000,36500,35550,34320.60546875,1660600,0
2026-07-14,PLX,37350,35550,36150,36800,35527.37890625,3602800,0
2026-07-15,PLX,36950,36050,36950,36050,34803.3125,1498800,0
2026-07-16,PLX,36550,34500,36100,35900,34658.5,2072000,0
2026-07-17,PLX,36000,35100,35900,35200,33982.70703125,1001700,0
2026-07-20,PLX,35850,34300,35550,34300,33113.83203125,1701400,0
2026-07-21,PLX,34300,31900,33400,32650,31520.892578125,3064500,0
2026-07-22,PLX,33650,32549,32650,32750,31617.435546875,1759600,0
2026-07-23,PLX,33600,32700,33000,33400,32244.95703125,1465900,0
2026-07-24,PLX,34450,33750,33800,33800,32631.123046875,1713700,0
2026-07-27,PLX,33750,32800,33750,32800,31665.705078125,1329000,0
2026-07-28,PLX,33200,31900,31900,32700,31569.1640625,1710200,0
2026-07-29,PLX,33200,32800,32950,32950,31810.517578125,984000,0
2026-07-30,PLX,34000,33150,33150,33850,32679.39453125,1455300,0
2026-07-31,PLX,33450,32150,33450,32150,32148.4140625,3143900,0
2026-08-03,PLX,33790,32680,32680,33500,33500.0,2576600,0
2026-08-04,PLX,33900,33200,33750,33450,33450.0,1207400,0
2026-08-05,PLX,34400,33100,33350,34250,34250.0,2306500,0
2026-08-06,PLX,35000,33700,34400,33700,33700.0,1507900,0
2026-08-07,PLX,36050,33900,34200,35950,35950.0,7027000,0
2026-08-10,PLX,38000,35800,36500,37500,37500.0,4962500,0
2026-08-11,PLX,37900,36500,37750,36600,36600.0,3508600,0
2026-08-12,PLX,36900,36200,36650,36650,36650.0,2718700,0
2026-08-13,PLX,36850,35300,36650,35600,35600.0,2349400,0
2026-08-14,PLX,36200,34800,35600,35050,35050.0,3459500,0
2026-08-17,PLX,35700,34750,35000,35500,35500.0,1853700,0
2026-08-18,PLX,37950,36200,36300,37950,37950.0,5350900,0
2026-08-19,PLX,39050,37850,38800,38100,38100.0,5382400,0
2026-08-20,PLX,38650,37100,38300,38200,38200.0,3968200,0
2026-08-21,PLX,38500,37450,38500,37950,37950.0,3051800,0
2026-08-24,PLX,39000,37800,38400,38050,38050.0,5303300,0
2026-08-25,PLX,38000,37000,37750,37500,38050.0,3605600,0
