Date,code,high,low,open,close,adjust,volume_match,value_match
2012-03-20,PVD,15330,14970,14970,15330,15330.0,193760,2970340800
2012-03-21,PVD,16090,15330,15530,16050,16050.0,197020,3162171000
2012-03-22,PVD,15970,15530,15530,15850,15850.0,259440,4112124000
2012-03-23,PVD,15970,15730,15850,15730,15730.0,148430,2334803900
2012-03-26,PVD,15970,15610,15610,15970,15970.0,155110,2477106700
2012-03-27,PVD,15970,15500,15970,15530,15530.0,188750,2931287500
2012-03-28,PVD,15730,15050,15050,15730,15730.0,80170,1261074100
2012-03-29,PVD,15730,15330,15730,15530,15530.0,84140,1306694200
2012-03-30,PVD,15890,15530,15530,15890,15890.0,188020,2987637800
2012-04-03,PVD,15930,15770,15890,15770,9343.662109375,94650,1492630500
2012-04-04,PVD,15850,15730,15770,15730,9320.06640625,39210,616773300
2012-04-05,PVD,15930,15700,15730,15930,9438.04296875,98650,1571494500
2012-04-06,PVD,15930,15650,15730,15700,9296.470703125,21490,337393000
2012-04-09,PVD,15700,15610,15700,15610,9249.28125,93780,1463905800
2012-04-10,PVD,15730,15530,15580,15650,9272.876953125,272920,4271198000
2012-04-11,PVD,15730,15610,15700,15730,9320.06640625,212410,3341209300
2012-04-12,PVD,16129,15850,15850,16090,9532.4228515625,536040,8624883600
2012-04-13,PVD,16129,15850,16129,15890,9414.4482421875,160510,2550503900
2012-04-16,PVD,16050,15850,15930,16010,9485.232421875,396230,6343642300
2012-04-17,PVD,16800,16010,16129,16800,9957.1337890625,991100,16650480000
2012-04-18,PVD,17120,16450,16530,16580,9815.5634765625,350790,5816098200
2012-04-19,PVD,16450,16129,16410,16250,9626.8037109375,267870,4352887500
2012-04-20,PVD,16329,15970,16329,16250,9626.8037109375,177770,2888762500
2012-04-23,PVD,16329,16129,16329,16170,9579.61328125,252510,4083086700
2012-04-24,PVD,16200,16050,16170,16170,9579.61328125,196170,3172068900
2012-04-25,PVD,16530,16170,16329,16329,9673.9931640625,110890,1810722810
2012-04-26,PVD,16410,16200,16250,16280,9650.3984375,147350,2398858000
2012-04-27,PVD,16329,16170,16329,16200,9603.208984375,65230,1056726000
2012-05-02,PVD,16720,16170,16200,16450,9744.7783203125,384700,6328315000
2012-05-03,PVD,16610,16280,16610,16280,9650.3984375,177360,2887420800
2012-05-04,PVD,16800,16280,16280,16640,9862.75390625,277180,4612275200
2012-05-07,PVD,17450,16930,17120,17450,10334.6572265625,629120,10978144000
2012-05-08,PVD,18280,17680,18240,17930,10617.798828125,431070,7729085100
2012-05-09,PVD,17930,17330,17330,17760,10523.41796875,181870,3230011200
2012-05-10,PVD,17760,17050,17760,17560,10405.4404296875,208930,3668810800
2012-05-11,PVD,17560,16720,17560,16850,9980.7294921875,288840,4866954000
2012-05-14,PVD,16850,16010,16850,16010,9485.232421875,495260,7929112600
2012-05-15,PVD,15530,15210,15330,15210,9013.330078125,1033080,15713146800
2012-05-16,PVD,15330,14850,15130,15050,8918.9501953125,554850,8350492500
2012-05-17,PVD,15330,15010,15050,15100,8942.5458984375,291950,4408445000
2012-05-18,PVD,15100,14380,15100,14450,8565.0224609375,559300,8081885000
2012-05-21,PVD,14970,14450,14450,14970,8871.7587890625,237560,3556273200
2012-05-22,PVD,15010,14620,14970,14700,8706.59375,284670,4184649000
2012-05-23,PVD,14820,14530,14820,14820,8777.37890625,305510,4527658200
2012-05-24,PVD,14890,14580,14620,14700,8706.59375,272840,4010748000
2012-05-25,PVD,15130,14850,14930,14930,8848.1650390625,271360,4051404800
2012-05-28,PVD,15130,14850,15130,14970,8871.7587890625,173990,2604630300
2012-05-29,PVD,15050,14580,15050,14580,8635.80859375,174940,2550625200
2012-05-30,PVD,14820,14500,14580,14530,8612.212890625,70310,1021604300
2012-05-31,PVD,14530,14130,14340,14300,8470.6435546875,132990,1901757000
2012-06-01,PVD,14500,14020,14340,14050,8329.072265625,106680,1498854000
2012-06-04,PVD,14020,13380,14020,13380,7927.95458984375,162410,2173045800
2012-06-05,PVD,13380,13030,13030,13350,7904.35986328125,225090,3004951500
2012-06-06,PVD,13620,13180,13540,13380,7927.95458984375,248190,3320782200
2012-06-07,PVD,13900,13540,13540,13740,8140.3115234375,269620,3704578800
2012-06-08,PVD,14130,13540,14020,13580,8045.931640625,225710,3065141800
2012-06-11,PVD,13740,13460,13540,13540,8022.33642578125,167990,2274584600
2012-06-12,PVD,13580,13380,13540,13430,7951.55029296875,106220,1426534600
2012-06-13,PVD,13540,13350,13430,13430,7951.55029296875,80770,1084741100
2012-06-14,PVD,13620,13430,13510,13620,8069.52490234375,279890,3812101800
2012-06-15,PVD,14300,13620,13620,14300,8470.6435546875,483470,6913621000
2012-06-18,PVD,14890,14380,14730,14450,8565.0224609375,229860,3321477000
2012-06-19,PVD,14650,14050,14420,14100,8352.66796875,101730,1434393000
2012-06-20,PVD,14300,13900,14100,14300,8470.6435546875,70930,1014299000
2012-06-21,PVD,14300,14020,14300,14050,8329.072265625,39420,553851000
2012-06-22,PVD,14530,13970,14050,14300,8470.6435546875,270270,3864861000
2012-06-25,PVD,14500,13740,14340,13740,8140.3115234375,78050,1072407000
2012-06-26,PVD,14180,13940,14130,14130,8376.263671875,403320,5698911600
2012-06-27,PVD,14340,13740,13740,14300,8470.6435546875,153180,2190474000
2012-06-28,PVD,14450,13970,14450,14300,8470.6435546875,108890,1557127000
2012-06-29,PVD,14850,14420,14850,14420,8541.427734375,208430,3005560600
2012-07-02,PVD,14620,14050,14500,14050,8329.072265625,49480,695194000
2012-07-03,PVD,13970,13620,13940,13740,8140.3115234375,117680,1616923200
2012-07-04,PVD,13940,13620,13620,13740,8140.3115234375,128020,1758994800
2012-07-05,PVD,13820,13660,13660,13780,8163.9072265625,82840,1141535200
2012-07-06,PVD,14100,13740,13860,13940,8258.287109375,92920,1295304800
2012-07-09,PVD,13970,13540,13970,13540,8022.33642578125,104650,1416961000
2012-07-10,PVD,13860,13140,13860,13140,7786.384765625,139420,1831978800
2012-07-11,PVD,13460,12950,12950,13460,7975.1455078125,111200,1496752000
2012-07-12,PVD,13460,13260,13460,13350,7904.35986328125,77240,1031154000
2012-07-13,PVD,13860,13350,13350,13860,8211.0966796875,96200,1333332000
2012-07-16,PVD,13940,13660,13860,13780,8163.9072265625,90650,1249157000
2012-07-17,PVD,13940,13510,13510,13860,8211.0966796875,57110,791544600
2012-07-18,PVD,13940,13740,13860,13740,8140.3115234375,79030,1085872200
2012-07-19,PVD,14340,13700,13860,14340,8494.23828125,128230,1838818200
2012-07-20,PVD,14730,14020,14530,14020,8305.4775390625,278050,3898261000
2012-07-23,PVD,14020,13900,13940,13940,8258.287109375,136540,1903367600
2012-07-24,PVD,13820,13460,13820,13460,7975.1455078125,195380,2629814800
2012-07-25,PVD,13740,13220,13430,13350,7904.35986328125,235540,3144459000
2012-07-26,PVD,13620,13350,13460,13540,8022.33642578125,101480,1374039200
2012-07-27,PVD,13860,13460,13860,13460,7951.55029296875,142140,1913204400
2012-07-30,PVD,13460,13220,13220,13430,7951.55029296875,68670,922238100
2012-07-31,PVD,13540,13350,13540,13350,7904.35986328125,278910,3723448500
2012-08-01,PVD,13540,13350,13350,13350,7904.35986328125,56280,751338000
2012-08-02,PVD,13540,13350,13350,13510,7998.74072265625,7350,99298500
2012-08-03,PVD,13540,13460,13510,13540,8022.33642578125,50640,685665600
2012-08-06,PVD,13660,13460,13510,13460,7975.1455078125,109550,1474543000
2012-08-07,PVD,13620,13380,13540,13380,7927.95458984375,42420,567579600
2012-08-08,PVD,13540,13380,13380,13460,7975.1455078125,79800,1074108000
2012-08-09,PVD,13660,13460,13540,13460,7975.1455078125,69060,929547600
2012-08-10,PVD,13540,13430,13540,13460,7975.1455078125,32850,442161000
2012-08-13,PVD,13580,13460,13540,13540,8022.33642578125,115240,1560349600
2012-08-14,PVD,13580,13460,13510,13510,7998.74072265625,82770,1118222700
2012-08-15,PVD,13540,13460,13510,13540,8022.33642578125,61340,830543600
2012-08-16,PVD,13780,13460,13460,13700,8116.71630859375,241490,3308413000
2012-08-17,PVD,14380,13700,13700,14380,8517.833984375,653440,9396467200
2012-08-20,PVD,14890,14420,14530,14730,8730.1884765625,220010,3240747300
2012-08-21,PVD,14450,14020,14380,14020,8305.4775390625,586930,8228758600
2012-08-22,PVD,14050,13540,13620,14050,8329.072265625,375320,5273246000
2012-08-23,PVD,13620,13380,13540,13380,7927.95458984375,137780,1843496400
2012-08-24,PVD,13970,12740,12740,13620,8069.52490234375,368130,5013930600
2012-08-27,PVD,13260,12950,13260,12950,7668.40966796875,301750,3907662500
2012-08-28,PVD,13140,12740,12740,13030,7715.6005859375,183620,2392568600
2012-08-29,PVD,13580,13300,13350,13580,8045.931640625,175470,2382882600
2012-08-30,PVD,14020,13620,14020,13900,8234.693359375,325310,4521809000
2012-08-31,PVD,14020,13740,13940,14020,8305.4775390625,228650,3205673000
2012-09-04,PVD,14180,13820,14180,13900,8234.693359375,86710,1205269000
2012-09-05,PVD,13940,13350,13940,13620,8069.52490234375,227150,3093783000
2012-09-06,PVD,13620,13380,13620,13380,7927.95458984375,59390,794638200
2012-09-07,PVD,13740,13430,13740,13540,8022.33642578125,71510,968245400
2012-09-10,PVD,13510,12860,13510,12860,7621.21875,362140,4657120400
2012-09-11,PVD,13060,12740,12740,13030,7715.6005859375,129530,1687775900
2012-09-12,PVD,13540,12950,12950,13380,7927.95458984375,170370,2279550600
2012-09-13,PVD,13940,13380,13460,13940,8258.287109375,309800,4318612000
2012-09-14,PVD,14100,13780,14020,13900,8234.693359375,256710,3568269000
2012-09-17,PVD,13940,13660,13740,13660,8093.12060546875,124210,1696708600
2012-09-18,PVD,13780,13540,13540,13540,8022.33642578125,271790,3680036600
2012-09-19,PVD,13860,13510,13540,13860,8211.0966796875,256750,3558555000
2012-09-20,PVD,13820,13620,13740,13820,8187.501953125,112140,1549774800
2012-09-21,PVD,14440,14070,14150,14440,8557.419921875,553460,7991962400
2012-09-24,PVD,14230,14030,14030,14030,8310.806640625,157170,2205095100
2012-09-25,PVD,14280,14070,14280,14110,8360.1298828125,94450,1332689500
2012-09-26,PVD,14150,14030,14030,14110,8360.1298828125,123420,1741456200
2012-09-27,PVD,14110,14030,14070,14030,8310.806640625,73920,1037097600
2012-09-28,PVD,14200,13980,14150,13980,8286.1455078125,113800,1590924000
2012-10-01,PVD,14030,13910,13910,13980,8286.1455078125,137630,1924067400
2012-10-02,PVD,14480,14110,14150,14440,8557.419921875,254550,3675702000
2012-10-03,PVD,14730,14360,14360,14650,8680.724609375,219110,3209961500
2012-10-04,PVD,14650,14570,14570,14570,8631.4033203125,90050,1312028500
2012-10-05,PVD,14940,14570,14570,14820,8779.369140625,149130,2210106600
2012-10-08,PVD,15070,14820,14820,14990,8878.0146484375,92260,1382977400
2012-10-09,PVD,15070,14570,15070,14850,8804.0302734375,87320,1296702000
2012-10-10,PVD,15280,14990,14990,15240,9025.98046875,323130,4924501200
2012-10-11,PVD,15570,15400,15400,15490,9173.9482421875,206250,3194812500
2012-10-12,PVD,15610,15200,15610,15200,9001.3193359375,158820,2414064000
2012-10-15,PVD,15150,14850,15110,14940,8853.3525390625,163910,2448815400
2012-10-16,PVD,15400,15020,15020,15280,9050.6435546875,138600,2117808000
2012-10-17,PVD,15310,14820,14820,14990,8878.0146484375,154100,2309959000
2012-10-18,PVD,15150,14850,14900,14850,8804.0302734375,50270,746509500
2012-10-19,PVD,15020,14650,14900,14700,8705.38671875,128220,1884834000
2012-10-22,PVD,14940,14400,14940,14400,8532.7587890625,100900,1452960000
2012-10-23,PVD,14570,14230,14230,14570,8631.4033203125,30950,450941500
2012-10-24,PVD,14730,14570,14730,14570,8631.4033203125,28030,408397100
2012-10-25,PVD,14570,14400,14570,14400,8532.7587890625,16220,233568000
2012-10-26,PVD,14900,14400,14650,14820,8779.369140625,186470,2763485400
2012-10-29,PVD,14820,14570,14570,14650,8680.724609375,70930,1039124500
2012-10-30,PVD,14820,14570,14610,14570,8631.4033203125,38400,559488000
2012-10-31,PVD,14780,14480,14480,14570,8631.4033203125,63760,928983200
2012-11-01,PVD,14730,14520,14730,14570,8631.4033203125,14140,206019800
2012-11-02,PVD,14520,14200,14480,14200,8409.453125,94690,1344598000
2012-11-05,PVD,14570,14110,14150,14570,8631.4033203125,67630,985369100
2012-11-06,PVD,14610,14480,14480,14570,8631.4033203125,162500,2367625000
2012-11-07,PVD,14650,14610,14610,14610,8656.0634765625,39140,571835400
2012-11-08,PVD,14700,14570,14570,14700,8705.38671875,213910,3144477000
2012-11-09,PVD,14780,14650,14730,14700,8705.38671875,169860,2496942000
2012-11-12,PVD,15240,14610,14650,14990,8878.0146484375,81760,1225582400
2012-11-13,PVD,14940,14650,14780,14650,8680.724609375,93350,1367577500
2012-11-14,PVD,14730,14610,14610,14700,8705.38671875,7480,109956000
2012-11-15,PVD,14730,14650,14730,14650,8680.724609375,13250,194112500
2012-11-16,PVD,14650,14440,14440,14570,8631.4033203125,42580,620390600
2012-11-19,PVD,14650,14570,14570,14610,8656.0634765625,30420,444436200
2012-11-20,PVD,14650,14570,14570,14570,8631.4033203125,118530,1726982100
2012-11-21,PVD,14700,14570,14610,14570,8631.4033203125,109930,1601680100
2012-11-22,PVD,14700,14400,14700,14400,8532.7587890625,39750,572400000
2012-11-23,PVD,14700,14200,14700,14400,8532.7587890625,21040,302976000
2012-11-26,PVD,14570,14280,14400,14280,8458.7744140625,27620,394413600
2012-11-27,PVD,14440,14200,14280,14200,8409.453125,37960,539032000
2012-11-28,PVD,14480,14150,14150,14150,8384.7919921875,46040,651466000
2012-11-29,PVD,14480,14150,14150,14200,8409.453125,18000,255600000
2012-11-30,PVD,14780,14150,14780,14150,8384.7919921875,111100,1572065000
2012-12-03,PVD,14730,14150,14360,14730,8730.0478515625,124880,1839482400
2012-12-04,PVD,14730,14400,14730,14570,8631.4033203125,74170,1080656900
2012-12-05,PVD,14650,14400,14570,14570,8631.4033203125,180790,2634110300
2012-12-06,PVD,14570,14440,14440,14570,8631.4033203125,10950,159541500
2012-12-07,PVD,14520,14330,14360,14330,8483.435546875,81770,1171764100
2012-12-10,PVD,14570,14280,14330,14570,8631.4033203125,38950,567501500
2012-12-11,PVD,14570,14360,14360,14570,8631.4033203125,136540,1989387800
2012-12-12,PVD,14780,14440,14520,14700,8705.38671875,75960,1116612000
2012-12-13,PVD,14700,14570,14700,14610,8656.0634765625,74050,1081870500
2012-12-14,PVD,14700,14440,14570,14440,8557.419921875,108510,1566884400
2012-12-17,PVD,15150,14610,14610,15150,8976.658203125,273270,4140040500
2012-12-18,PVD,15520,15240,15520,15400,9124.6259765625,140540,2164316000
2012-12-19,PVD,15610,14990,14990,15570,9223.26953125,224860,3501070200
2012-12-20,PVD,15730,15310,15730,15520,9198.609375,253630,3936337600
2012-12-21,PVD,15570,14990,15520,15020,8902.6748046875,706860,10617037200
2012-12-24,PVD,15200,14780,14990,15200,9001.3193359375,69600,1057920000
2012-12-25,PVD,15400,15200,15200,15400,9124.6259765625,81720,1258488000
2012-12-26,PVD,15440,15020,15020,15400,9124.6259765625,95990,1478246000
2012-12-27,PVD,15610,15360,15610,15610,9247.931640625,48100,750841000
2012-12-28,PVD,15650,15360,15650,15610,9247.931640625,32290,504046900
2013-01-02,PVD,15810,15490,15490,15770,9247.931640625,57140,901097800
2013-01-03,PVD,16230,15610,15700,16230,9617.8486328125,234170,3800579100
2013-01-04,PVD,16650,15940,15940,16440,9741.1552734375,203780,3350143200
2013-01-07,PVD,17230,16440,16860,17230,10209.71484375,600230,10341962900
2013-01-08,PVD,18060,17230,17270,17480,10357.68359375,452330,7906728400
2013-01-09,PVD,17900,16610,16610,17900,10604.294921875,650710,11647709000
2013-01-10,PVD,18320,17190,17400,18320,10850.9072265625,264910,4853151200
2013-01-11,PVD,18690,17520,18690,17940,10628.955078125,326590,5859024600
2013-01-14,PVD,17900,17100,17100,17900,10604.294921875,251740,4506146000
2013-01-15,PVD,18320,17900,18320,18140,10752.26171875,321040,5823665600
2013-01-16,PVD,18140,17900,17900,17940,10628.955078125,106990,1919400600
2013-01-17,PVD,18110,17740,18110,17740,10505.650390625,75090,1332096600
2013-01-18,PVD,17770,17520,17740,17520,10382.34375,170690,2990488800
2013-01-21,PVD,17650,17450,17600,17480,10357.68359375,127970,2236915600
2013-01-22,PVD,17480,17190,17480,17190,10185.0556640625,79360,1364198400
2013-01-23,PVD,17190,16230,16650,17100,10135.732421875,199190,3406149000
2013-01-24,PVD,17360,17060,17100,17100,10135.732421875,50640,865944000
2013-01-25,PVD,17650,17100,17100,17650,10456.328125,207660,3665199000
2013-01-28,PVD,18110,17740,17900,17900,10604.294921875,373890,6692631000
2013-01-29,PVD,18390,17650,17900,18390,10900.2275390625,387980,7134952200
2013-01-30,PVD,19570,18240,18390,19570,11590.7412109375,389740,7627211800
2013-01-31,PVD,20190,19150,20190,19150,11344.12890625,229860,4401819000
2013-02-01,PVD,18820,17900,18820,17900,10604.294921875,531450,9512955000
2013-02-04,PVD,18110,17480,18110,17480,10357.68359375,281140,4914327200
2013-02-05,PVD,17860,17270,17860,17270,10234.376953125,447960,7736269200
2013-02-06,PVD,17900,17690,17690,17900,10604.294921875,563000,10077700000
2013-02-07,PVD,18320,18020,18320,18110,10727.599609375,176840,3202572400
2013-02-08,PVD,18110,17980,18110,18060,10702.9384765625,157020,2835781200
2013-02-18,PVD,18320,18020,18110,18270,10826.2451171875,300230,5485202100
2013-02-19,PVD,18270,17900,18270,18110,10727.599609375,339210,6143093100
2013-02-20,PVD,18390,18020,18110,18320,10850.9072265625,305020,5587966400
2013-02-21,PVD,18320,17600,18240,17600,10431.666015625,342380,6025888000
2013-02-22,PVD,17980,17480,17690,17820,10554.9716796875,395780,7052799600
2013-02-25,PVD,17900,17690,17900,17860,10579.6328125,135780,2425030800
2013-02-26,PVD,17820,16730,17820,16730,9913.78125,373360,6246312800
2013-02-27,PVD,16730,16400,16650,16440,9741.1552734375,460210,7565852400
2013-02-28,PVD,16770,16440,16610,16440,9741.1552734375,226750,3727770000
2013-03-01,PVD,16860,15990,16860,16030,9494.54296875,261030,4184310900
2013-03-04,PVD,16160,15240,16030,15240,9025.98046875,122310,1864004400
2013-03-05,PVD,15400,14570,15360,14610,8656.0634765625,326070,4763882700
2013-03-06,PVD,15610,14820,14940,15610,9247.931640625,155600,2428916000
2013-03-07,PVD,16610,15610,15610,16309,9667.1708984375,384610,6272604490
2013-03-08,PVD,16570,16230,16280,16530,9790.4765625,192850,3187810500
2013-03-11,PVD,16980,16610,16610,16950,10037.0888671875,452410,7668349500
2013-03-12,PVD,16950,16730,16950,16820,9963.1044921875,336490,5659761800
2013-03-13,PVD,17100,16820,16950,16980,10061.7490234375,451040,7658659200
2013-03-14,PVD,16980,16650,16980,16860,9987.765625,60310,1016826600
2013-03-15,PVD,17600,16860,17270,17600,10431.666015625,614300,10811680000
2013-03-18,PVD,17230,17060,17190,17100,10135.732421875,276300,4724730000
2013-03-19,PVD,17100,16980,17100,17060,10111.072265625,343080,5852944800
2013-03-20,PVD,17190,17030,17060,17150,10160.39453125,321190,5508408500
2013-03-21,PVD,17400,17150,17270,17270,10234.376953125,233070,4025118900
2013-03-22,PVD,17230,16860,17060,16900,10012.4267578125,209300,3537170000
2013-03-25,PVD,17450,16900,16900,17400,10308.3603515625,219220,3814428000
2013-03-26,PVD,17740,17400,17400,17650,10456.328125,541770,9562240500
2013-03-27,PVD,17740,17480,17480,17650,10456.328125,317850,5610052500
2013-03-28,PVD,17820,17480,17770,17650,10456.328125,115710,2042281500
2013-03-29,PVD,17690,17320,17650,17650,10456.328125,78830,1391349500
2013-04-01,PVD,18240,17560,17650,18060,10702.9384765625,341820,6173269200
2013-04-02,PVD,18730,18320,18320,18520,10974.2119140625,606010,11223305200
2013-04-03,PVD,18730,18430,18520,18480,10949.5517578125,402100,7430808000
2013-04-04,PVD,18480,17740,18190,18190,10776.9228515625,203390,3699664100
2013-04-05,PVD,18320,18060,18320,18140,10752.26171875,97210,1763389400
2013-04-08,PVD,18650,18190,18650,18190,10776.9228515625,239880,4363417200
2013-04-09,PVD,18430,18190,18190,18190,10776.9228515625,196290,3570515100
2013-04-10,PVD,18390,17190,18140,17190,10185.0556640625,388020,6670063800
2013-04-11,PVD,17900,17270,17900,17650,10456.328125,217760,3843464000
2013-04-12,PVD,17690,17100,17650,17270,10234.376953125,282490,4878602300
2013-04-15,PVD,17270,16980,17060,17060,10111.072265625,203480,3471368800
2013-04-16,PVD,17270,16230,16980,17270,10234.376953125,242640,4190392800
2013-04-17,PVD,17270,16680,17270,17270,10234.376953125,30570,527943900
2013-04-18,PVD,16860,16440,16650,16480,9765.8154296875,237720,3917625600
2013-04-22,PVD,16440,16180,16230,16440,9741.1552734375,121790,2002227600
2013-04-23,PVD,16860,16160,16860,16230,9617.8486328125,170190,2762183700
2013-04-24,PVD,16730,16480,16530,16480,9765.8154296875,135070,2225953600
2013-04-25,PVD,16820,16480,16480,16680,9889.12109375,35500,592140000
2013-04-26,PVD,17030,16440,16860,16650,9864.4609375,132030,2198299500
2013-05-02,PVD,16650,16309,16440,16360,9691.83203125,202570,3314045200
2013-05-03,PVD,16650,16230,16230,16650,9864.4609375,228380,3802527000
2013-05-06,PVD,17060,16650,16650,16950,10037.0888671875,87920,1490244000
2013-05-07,PVD,17060,16900,17030,17060,10111.072265625,167590,2859085400
2013-05-08,PVD,17400,16860,16860,17270,10234.376953125,101970,1761021900
2013-05-09,PVD,17270,17060,17100,17060,10111.072265625,90530,1544441800
2013-05-10,PVD,17150,17030,17060,17100,10135.732421875,169860,2904606000
2013-05-13,PVD,17270,16980,17100,17060,10111.072265625,100460,1713847600
2013-05-14,PVD,17060,16860,17060,16900,10012.4267578125,131970,2230293000
2013-05-15,PVD,17190,16980,17060,17150,10160.39453125,303370,5202795500
2013-05-16,PVD,17480,17230,17270,17400,10308.3603515625,286980,4993452000
2013-05-17,PVD,17600,17360,17400,17400,10308.3603515625,229740,3997476000
2013-05-20,PVD,17650,17190,17190,17560,10407.0048828125,274270,4816181200
2013-05-21,PVD,18140,17560,17560,17860,10579.6328125,696560,12440561600
2013-05-22,PVD,18900,17860,17900,18820,11146.8408203125,1208980,22753003600
2013-05-23,PVD,18820,18520,18820,18520,10974.2119140625,313670,5809168400
2013-05-24,PVD,19060,18390,18560,18780,11122.1787109375,516440,9698743200
2013-05-27,PVD,19720,18780,18780,19520,11566.080078125,588380,11485177600
2013-05-28,PVD,20190,19610,19900,20190,11960.658203125,604280,12200413200
2013-05-29,PVD,20570,19810,20190,19940,11812.69140625,665570,13271465800
2013-05-30,PVD,21230,19350,19940,20600,12207.26953125,562240,11582144000
2013-05-31,PVD,21860,20600,21020,20810,12330.57421875,1061160,22082739600
2013-06-03,PVD,21230,20600,21230,20600,12207.26953125,569500,11731700000
2013-06-04,PVD,20730,20520,20600,20520,12157.9482421875,579690,11895238800
2013-06-05,PVD,20810,20390,20390,20810,12330.57421875,297230,6185356300
2013-06-06,PVD,20810,20600,20600,20770,12305.9140625,236740,4917089800
2013-06-07,PVD,20810,20600,20640,20680,12256.591796875,518380,10720098400
2013-06-10,PVD,22050,20770,20770,21860,12947.103515625,630840,13790162400
2013-06-11,PVD,21860,21020,21860,21440,12700.4921875,324600,6959424000
2013-06-12,PVD,21440,20730,21230,20730,12281.2529296875,332400,6890652000
2013-06-13,PVD,21860,20730,21020,21860,12947.103515625,465720,10180639200
2013-06-14,PVD,22050,20810,21860,20810,12330.57421875,462560,9625873600
2013-06-17,PVD,20810,19980,20810,19980,11837.3525390625,390200,7796196000
2013-06-18,PVD,20390,19770,19980,19940,11812.69140625,706480,14087211200
2013-06-19,PVD,20390,19980,20390,19980,11837.3525390625,1073890,21456322200
2013-06-20,PVD,20490,19980,19980,20490,12133.2861328125,404880,8295991200
2013-06-21,PVD,20390,20070,20100,20070,11886.673828125,762120,15295748400
2013-06-24,PVD,20350,19650,20070,19900,11788.0302734375,634850,12633515000
2013-06-25,PVD,19900,18520,19700,18930,11220.8232421875,1010470,19128197100
2013-06-26,PVD,19310,18610,18930,19150,11344.12890625,1046660,20043539000
2013-06-27,PVD,19980,19190,19400,19980,11837.3525390625,271990,5434360200
2013-06-28,PVD,19940,19570,19940,19650,11640.0625,304140,5976351000
2013-07-01,PVD,19700,19150,19650,19610,11615.4013671875,207430,4067702300
2013-07-02,PVD,20390,19570,19770,20390,12083.9638671875,391210,7976771900
2013-07-03,PVD,20810,20270,20390,20390,12083.9638671875,401520,8186992800
2013-07-04,PVD,20680,20350,20390,20390,12083.9638671875,507560,10349148400
2013-07-05,PVD,20640,20310,20310,20390,12083.9638671875,209230,4266199700
2013-07-08,PVD,20390,20150,20390,20310,12034.6396484375,223940,4548221400
2013-07-09,PVD,20310,20100,20100,20310,12034.6396484375,154060,3128958600
2013-07-10,PVD,20570,20310,20310,20440,12108.625,275450,5630198000
2013-07-11,PVD,20600,20310,20310,20600,12207.26953125,120250,2477150000
2013-07-12,PVD,21230,20730,20730,21020,12453.880859375,404340,8499226800
2013-07-15,PVD,21440,20810,21230,21020,12453.880859375,189850,3990647000
2013-07-16,PVD,21230,20810,20810,21020,12453.880859375,191310,4021336200
2013-07-17,PVD,21230,20810,21230,21020,12453.880859375,232620,4889672400
2013-07-18,PVD,21230,20810,21020,21020,12453.880859375,159280,3348065600
2013-07-19,PVD,21230,20810,21230,21020,12453.880859375,157980,3320739600
2013-07-22,PVD,21860,21230,21230,21650,12823.7978515625,391450,8474892500
2013-07-23,PVD,22050,21440,21650,21650,12823.7978515625,130330,2821644500
2013-07-24,PVD,21650,20640,21650,20810,12330.57421875,445330,9267317300
2013-07-25,PVD,20810,20390,20810,20390,12083.9638671875,358340,7306552600
2013-07-26,PVD,20770,20270,20390,20770,12305.9140625,220170,4572930900
2013-07-29,PVD,20680,20390,20390,20440,12108.625,105540,2157237600
2013-07-30,PVD,21440,20390,20390,20810,12330.57421875,179730,3740181300
2013-07-31,PVD,21230,20730,20730,21020,12453.880859375,187210,3935154200
2013-08-01,PVD,21440,20810,20810,21230,12577.1875,81460,1729395800
2013-08-02,PVD,21440,21020,21440,21440,12700.4921875,174530,3741923200
2013-08-05,PVD,21440,21020,21440,21230,12577.1875,75420,1601166600
2013-08-06,PVD,21440,21020,21230,21440,12700.4921875,167480,3590771200
2013-08-07,PVD,22470,21440,21440,22050,13070.41015625,746680,16464294000
2013-08-08,PVD,22270,21650,22050,21650,12823.7978515625,88360,1912994000
2013-08-09,PVD,22890,22050,22050,22890,13563.6328125,522490,11959796100
2013-08-12,PVD,23720,22890,23110,23520,13933.5498046875,501710,11800219200
2013-08-13,PVD,24350,23520,23520,23930,14180.162109375,438540,10494262200
2013-08-14,PVD,24560,23720,23930,24560,14550.0791015625,609200,14961952000
2013-08-15,PVD,24770,23930,24560,24350,14426.7724609375,292290,7117261500
2013-08-16,PVD,24350,23930,24140,24140,14303.466796875,340330,8215566200
2013-08-19,PVD,25810,24140,24140,25180,14919.99609375,438250,11035135000
2013-08-20,PVD,25810,24770,25390,24770,14673.3837890625,442810,10968403700
2013-08-21,PVD,24770,23930,24770,24560,14550.0791015625,489420,12020155200
2013-08-22,PVD,24560,23930,24560,24140,14303.466796875,512130,12362818200
2013-08-23,PVD,24560,23930,24140,24350,14426.7724609375,409410,9969133500
2013-08-26,PVD,24560,23930,24350,24560,14550.0791015625,410710,10087037600
2013-08-27,PVD,24560,23930,24560,24140,14303.466796875,125440,3028121600
2013-08-28,PVD,24140,23310,23720,23310,13810.244140625,570710,13303250100
2013-08-29,PVD,23720,23110,23310,23310,13810.244140625,363720,8478313200
2013-08-30,PVD,24350,22890,23310,24350,14426.7724609375,333600,8123160000
2013-09-03,PVD,24980,24140,24560,24350,14426.7724609375,305630,7442090500
2013-09-04,PVD,24560,24140,24560,24140,14303.466796875,107040,2583945600
2013-09-05,PVD,24560,23930,24140,24560,14550.0791015625,148270,3641511200
2013-09-06,PVD,24770,24140,24770,24350,14426.7724609375,142040,3458674000
2013-09-09,PVD,24350,23720,24350,23930,14180.162109375,184080,4405034400
2013-09-10,PVD,24560,23930,24350,24350,14426.7724609375,128860,3137741000
2013-09-11,PVD,24980,24140,24560,24140,14303.466796875,268820,6489314800
2013-09-12,PVD,24350,23930,23930,24350,14426.7724609375,76860,1871541000
2013-09-13,PVD,24560,24140,24140,24350,14426.7724609375,108600,2644410000
2013-09-16,PVD,24560,23930,24350,23930,14180.162109375,252270,6036821100
2013-09-17,PVD,25590,24140,24140,25590,15166.607421875,615960,15762416400
2013-09-18,PVD,26430,24770,25810,24770,14673.3837890625,390440,9671198800
2013-09-19,PVD,26430,24980,25590,26230,15536.5244140625,558490,14649192700
2013-09-20,PVD,26230,25590,26230,25590,15166.607421875,282760,7235828400
2013-09-23,PVD,26230,25590,25810,25810,15289.912109375,207700,5360737000
2013-09-24,PVD,26230,25810,25810,26010,15413.21875,150520,3915025200
2013-09-25,PVD,26840,25810,25810,26640,15783.1357421875,208790,5562165600
2013-09-26,PVD,27050,26430,26640,26640,15783.1357421875,207730,5533927200
2013-09-27,PVD,27050,26430,26640,26640,15783.1357421875,217490,5793933600
2013-09-30,PVD,27260,26640,26840,27260,16153.0537109375,297990,8123207400
2013-10-01,PVD,27470,26640,27050,26840,15906.44140625,280930,7540161200
2013-10-02,PVD,27470,26840,27050,26840,15906.44140625,252170,6768242800
2013-10-03,PVD,27260,26840,26840,27050,16029.748046875,230000,6221500000
2013-10-04,PVD,27470,27050,27050,27470,16276.3603515625,175320,4816040400
2013-10-07,PVD,28510,27260,27260,28100,16646.27734375,174050,4890805000
2013-10-08,PVD,28310,27690,28100,28310,16769.583984375,100960,2858177600
2013-10-09,PVD,28720,28100,28100,28720,17016.193359375,142580,4094897600
2013-10-10,PVD,28720,27690,28720,27690,16399.666015625,513280,14212723200
2013-10-11,PVD,28100,27470,28100,27690,16399.666015625,485850,13453186500
2013-10-14,PVD,28310,27470,27470,28310,16769.583984375,144180,4081735800
2013-10-15,PVD,28310,27890,28100,28100,16646.27734375,146750,4123675000
2013-10-16,PVD,28310,27690,28100,28310,16769.583984375,88200,2496942000
2013-10-17,PVD,28510,28100,28100,28510,16892.88671875,211290,6023877900
2013-10-18,PVD,28720,28100,28100,28510,16892.88671875,167070,4763165700
2013-10-21,PVD,28720,28310,28510,28510,16892.88671875,116610,3324551100
2013-10-22,PVD,28510,28310,28310,28310,16769.583984375,198910,5631142100
2013-10-23,PVD,28930,28100,28310,28310,16769.583984375,196000,5548760000
2013-10-24,PVD,28720,28100,28310,28100,16646.27734375,145440,4086864000
2013-10-25,PVD,28310,27890,28310,27890,16522.970703125,77230,2153944700
2013-10-28,PVD,28100,27890,27890,27890,16522.970703125,58130,1621245700
2013-10-29,PVD,27890,27260,27690,27260,16153.0537109375,107830,2939445800
2013-10-30,PVD,27690,27050,27690,27260,16153.0537109375,111970,3052302200
2013-10-31,PVD,27470,26430,27470,26430,15659.830078125,276270,7301816100
2013-11-01,PVD,26430,26010,26430,26010,15413.21875,272440,7086164400
2013-11-04,PVD,26840,26230,26230,26840,15906.44140625,93010,2496388400
2013-11-05,PVD,27890,26430,26840,27690,16399.666015625,220360,6101768400
2013-11-06,PVD,28100,27690,27690,28100,16646.27734375,195220,5485682000
2013-11-07,PVD,28100,27260,28100,27260,16153.0537109375,153890,4195041400
2013-11-08,PVD,27470,26640,27050,26640,15783.1357421875,110580,2945851200
2013-11-11,PVD,27260,26640,26640,27260,16153.0537109375,71480,1948544800
2013-11-12,PVD,27050,26640,27050,26640,15783.1357421875,148280,3950179200
2013-11-13,PVD,26840,26640,26840,26640,15783.1357421875,102670,2735128800
2013-11-14,PVD,26640,26430,26640,26640,15783.1357421875,50180,1336795200
2013-11-15,PVD,27050,26430,26430,26840,15906.44140625,100880,2707619200
2013-11-18,PVD,27050,26640,26840,26840,15906.44140625,130210,3494836400
2013-11-19,PVD,27470,26840,26840,26840,15906.44140625,168260,4516098400
2013-11-20,PVD,27050,26840,27050,27050,16029.748046875,214860,5811963000
2013-11-21,PVD,27470,27050,27050,27260,16153.0537109375,342900,9347454000
2013-11-22,PVD,28100,27260,27470,27890,16522.970703125,276180,7702660200
2013-11-25,PVD,28720,28100,28100,28310,16769.583984375,234230,6631051300
2013-11-26,PVD,28930,28100,28310,28930,17139.5,366700,10608631000
2013-11-27,PVD,29350,28310,28930,28510,16892.88671875,197460,5629584600
2013-11-28,PVD,28720,28100,28310,28100,16646.27734375,121770,3421737000
2013-11-29,PVD,28930,28100,28310,28930,17139.5,180390,5218682700
2013-12-02,PVD,29860,29390,29620,29620,17640.654296875,233940,6929302800
2013-12-03,PVD,29860,29160,29620,29160,17365.01953125,268860,7839957600
2013-12-04,PVD,29160,28700,29160,29160,17365.01953125,175250,5110290000
2013-12-05,PVD,29390,28700,29160,28700,17089.384765625,163020,4678674000
2013-12-06,PVD,28930,28230,28700,28700,17089.384765625,127990,3673313000
2013-12-09,PVD,29160,28700,29160,28930,17227.203125,303520,8780833600
2013-12-10,PVD,28930,28230,28930,28700,17089.384765625,335630,9632581000
2013-12-11,PVD,28700,27770,28700,28010,16675.931640625,600780,16827847800
2013-12-12,PVD,28010,27080,27770,28010,16675.931640625,475270,13312312700
2013-12-13,PVD,28010,27310,27770,27770,16538.11328125,619070,17191573900
2013-12-16,PVD,28930,27310,27310,27770,16538.11328125,663170,18416230900
2013-12-17,PVD,28470,28010,28230,28470,16951.56640625,155840,4436764800
2013-12-18,PVD,28700,28010,28230,28700,17089.384765625,248710,7137977000
2013-12-19,PVD,28700,28010,28700,28010,16675.931640625,290150,8127101500
2013-12-20,PVD,28230,27770,28010,27770,16538.11328125,831180,23081868600
2013-12-23,PVD,28230,27770,27770,27770,16538.11328125,764090,21218779300
2013-12-24,PVD,28230,27540,28010,28010,16675.931640625,389710,10915777100
2013-12-25,PVD,28470,28010,28230,28230,16813.748046875,149890,4231394700
2013-12-26,PVD,28700,28010,28230,28470,16951.56640625,398870,11355828900
2013-12-27,PVD,28700,28230,28700,28470,16951.56640625,343840,9789124800
2013-12-30,PVD,28470,28010,28470,28010,16675.931640625,383610,10744916100
2013-12-31,PVD,28470,28010,28230,28230,16813.748046875,268350,7575520500
2014-01-02,PVD,28230,28010,28230,28230,16813.748046875,115900,3271857000
2014-01-03,PVD,28230,27770,28010,27770,16538.11328125,116840,3244646800
2014-01-06,PVD,28010,27770,28010,28010,16675.931640625,277340,7768293400
2014-01-07,PVD,28230,28010,28010,28230,16813.748046875,247310,6981561300
2014-01-08,PVD,30080,28010,28230,30080,17916.2890625,940450,28288736000
2014-01-09,PVD,30320,29620,30080,30320,18054.107421875,541620,16421918400
2014-01-10,PVD,30550,29860,30080,29860,17778.47265625,283850,8475761000
2014-01-13,PVD,31010,29620,29620,30780,18329.7421875,580970,17882256600
2014-01-14,PVD,31930,30780,30780,31700,18881.013671875,429200,13605640000
2014-01-15,PVD,32159,31240,32159,31700,18881.013671875,338490,10730133000
2014-01-16,PVD,31930,31240,31700,31700,18881.013671875,234570,7435869000
2014-01-17,PVD,32630,31700,31930,31700,18881.013671875,1088310,34499427000
2014-01-20,PVD,32400,31700,31930,32159,19156.6484375,580040,18653506360
2014-01-21,PVD,34260,31930,32159,34260,20397.0078125,495630,16980283800
2014-01-22,PVD,34720,32400,34260,32400,19294.466796875,285140,9238536000
2014-01-23,PVD,34480,32630,32630,33790,20121.37109375,393140,13284200600
2014-01-24,PVD,34020,33560,33790,34020,20259.1875,177370,6034127400
2014-01-27,PVD,33790,32870,33790,33330,19845.736328125,271260,9041095800
2014-02-06,PVD,33100,31930,32630,31930,19018.83203125,542910,17335116300
2014-02-07,PVD,32870,31700,32630,32400,19294.466796875,330670,10713708000
2014-02-10,PVD,33100,32400,32400,33100,19707.91796875,189600,6275760000
2014-02-11,PVD,33330,32870,33100,33100,19707.91796875,398860,13202266000
2014-02-12,PVD,33330,32630,33100,33330,19845.736328125,203630,6786987900
2014-02-13,PVD,34020,33330,33330,33790,20121.37109375,323120,10918224800
2014-02-14,PVD,34720,33790,33790,34260,20397.0078125,400580,13723870800
2014-02-17,PVD,34720,34020,34480,34020,20259.1875,260380,8858127600
2014-02-18,PVD,35410,34020,34020,35410,21086.095703125,368100,13034421000
2014-02-19,PVD,37720,35870,35870,37260,21086.095703125,429970,16020682200
2014-02-20,PVD,37260,34720,37260,34950,20810.4609375,456770,15964111500
2014-02-21,PVD,35410,34260,35180,34950,20810.4609375,303130,10594393500
2014-02-24,PVD,37020,34950,35180,37020,22050.818359375,397450,14713599000
2014-02-25,PVD,37020,36330,36560,36560,21775.181640625,250530,9159376800
2014-02-26,PVD,36800,36100,36560,36800,21913.0,335390,12342352000
2014-02-27,PVD,37020,36100,36800,36100,21499.546875,250550,9044855000
2014-02-28,PVD,37720,35870,36330,37720,22464.271484375,616990,23272862800
2014-03-03,PVD,37720,36100,37720,36100,21499.546875,455550,16445355000
2014-03-04,PVD,35870,34950,35180,35650,21223.912109375,478730,17066724500
2014-03-05,PVD,36560,35870,36100,36330,21637.365234375,549860,19976413800
2014-03-06,PVD,37020,36330,36330,36330,21637.365234375,439880,15980840400
2014-03-07,PVD,36800,36100,36800,36100,21499.546875,221220,7986042000
2014-03-10,PVD,36330,35870,36330,35870,21361.73046875,389350,13965984500
2014-03-11,PVD,36800,36100,36100,36800,21913.0,490370,18045616000
2014-03-12,PVD,38190,36800,37020,37020,22050.818359375,981070,36319211400
2014-03-13,PVD,37260,36560,37260,37260,22188.63671875,283940,10579604400
2014-03-14,PVD,37720,37020,37260,37260,22188.63671875,633480,23603464800
2014-03-17,PVD,36800,36100,36560,36330,21637.365234375,681980,24776333400
2014-03-18,PVD,37020,36100,36330,36800,21913.0,415920,15305856000
2014-03-19,PVD,37020,36560,36800,37020,22050.818359375,503290,18631795800
2014-03-20,PVD,37020,36560,36800,36800,21913.0,387600,14263680000
2014-03-21,PVD,37020,36100,36800,36100,21499.546875,2963440,106980184000
2014-03-24,PVD,38190,37020,37020,38190,22739.90625,861600,32904504000
2014-03-25,PVD,38190,37490,37720,37490,22326.453125,426410,15986110900
2014-03-26,PVD,37720,36100,37490,36560,21775.181640625,915850,33483476000
2014-03-27,PVD,37490,36330,36560,37490,22326.453125,674930,25303125700
2014-03-28,PVD,38410,37260,37490,38410,22877.724609375,606870,23309876700
2014-03-31,PVD,38870,38190,38410,38410,22877.724609375,610480,23448536800
2014-04-01,PVD,38650,37720,38410,37950,22602.087890625,420600,15961770000
2014-04-02,PVD,38410,37020,38410,37950,22602.087890625,386260,14658567000
2014-04-03,PVD,38410,37950,37950,38190,22739.90625,186710,7130454900
2014-04-04,PVD,38870,38190,38410,38870,23153.359375,511370,19876951900
2014-04-07,PVD,40510,39110,39340,40050,23842.447265625,994590,39833329500
2014-04-08,PVD,40270,39800,40050,40270,23980.265625,382800,15415356000
2014-04-10,PVD,40970,39800,40270,40270,23980.265625,505810,20368968700
2014-04-11,PVD,40270,39570,39800,40270,23980.265625,347300,13985771000
2014-04-14,PVD,40510,39340,40510,39570,23566.810546875,287480,11375583600
2014-04-15,PVD,39800,38190,39800,38190,22739.90625,521730,19924868700
2014-04-16,PVD,38410,36560,38190,37720,22464.271484375,665130,25088703600
2014-04-17,PVD,38650,37720,38190,38410,22877.724609375,475220,18253200200
2014-04-18,PVD,38410,37260,38410,37260,22188.63671875,175470,6538012200
2014-04-21,PVD,37260,36800,37020,37020,22050.818359375,376980,13955799600
2014-04-22,PVD,38410,36800,37260,38410,22050.818359375,330050,12677220500
2014-04-23,PVD,38190,37260,38190,37950,22602.087890625,355910,13506784500
2014-04-24,PVD,38190,37260,37950,37950,22602.087890625,171870,6522466500
2014-04-25,PVD,38870,37490,37490,38410,22877.724609375,564240,21672458400
2014-04-28,PVD,39340,38870,38870,38870,23153.359375,761030,29581236100
2014-04-29,PVD,39340,38410,38650,39340,23428.994140625,207380,8158329200
2014-05-05,PVD,39340,38190,39110,38650,23015.541015625,289990,11208113500
2014-05-06,PVD,38650,37020,37950,37720,22464.271484375,274960,10371491200
2014-05-07,PVD,38190,37720,37720,38190,22739.90625,174000,6645060000
2014-05-08,PVD,37020,35650,37020,35650,21223.912109375,1129990,40284143500
2014-05-09,PVD,36560,35180,35650,36560,21775.181640625,473550,17312988000
2014-05-12,PVD,36560,34020,36560,34720,20672.642578125,866210,30074811200
2014-05-13,PVD,35870,34260,34260,35870,21361.73046875,367800,13192986000
2014-05-14,PVD,37950,36100,36100,37950,22602.087890625,514270,19516546500
2014-05-15,PVD,38190,36100,37950,37490,22326.453125,530570,19891069300
2014-05-16,PVD,37490,36560,36800,37490,22326.453125,129520,4855704800
2014-05-19,PVD,37720,36560,37020,37720,22464.271484375,306800,11572496000
2014-05-20,PVD,37720,36800,37720,37260,22188.63671875,132220,4926517200
2014-05-21,PVD,37720,36800,37490,37490,22326.453125,171110,6414913900
2014-05-22,PVD,37720,37020,37020,37260,22188.63671875,125620,4680601200
2014-05-23,PVD,37720,37260,37260,37720,22464.271484375,257210,9701961200
2014-05-26,PVD,37720,37260,37260,37720,22464.271484375,48480,1828665600
2014-05-27,PVD,38190,37260,37260,37950,22602.087890625,173260,6575217000
2014-05-28,PVD,38870,37950,37950,38650,23015.541015625,506380,19571587000
2014-05-29,PVD,38870,38410,38650,38650,23015.541015625,206300,7973495000
2014-05-30,PVD,39110,38650,38870,38870,23153.359375,379780,14762048600
2014-06-02,PVD,38870,38190,38870,38410,23015.541015625,113020,4341098200
2014-06-03,PVD,38870,38190,38650,38650,23015.541015625,176210,6810516500
2014-06-04,PVD,38650,38410,38650,38650,23015.541015625,172420,6664033000
2014-06-05,PVD,38410,37950,38410,37950,22602.087890625,141320,5363094000
2014-06-06,PVD,38410,37950,37950,37950,22602.087890625,71030,2695588500
2014-06-09,PVD,38870,37720,37950,38410,22877.724609375,486080,18670332800
2014-06-10,PVD,38650,37950,38410,38410,22877.724609375,83670,3213764700
2014-06-11,PVD,38870,38190,38410,38650,23015.541015625,393600,15212640000
2014-06-12,PVD,38650,38190,38410,38410,22877.724609375,91240,3504528400
2014-06-13,PVD,38410,37950,38410,38410,22877.724609375,95130,3653943300
2014-06-16,PVD,38870,38410,38650,38650,23015.541015625,975580,37706167000
2014-06-17,PVD,39800,38650,38650,39800,23704.630859375,626360,24929128000
2014-06-18,PVD,40270,39340,39800,39570,23566.810546875,216610,8571257700
2014-06-19,PVD,39340,38190,39110,39340,23428.994140625,480800,18914672000
2014-06-20,PVD,39340,38410,39340,38410,22877.724609375,1028430,39501996300
2014-06-23,PVD,38650,38410,38410,38410,22877.724609375,240020,9219168200
2014-06-24,PVD,38870,38410,38410,38870,23153.359375,387260,15052796200
2014-06-25,PVD,38870,38650,38650,38870,23153.359375,164810,6406164700
2014-06-26,PVD,38870,38410,38650,38870,23153.359375,287050,11157633500
2014-06-27,PVD,38650,38190,38410,38650,23015.541015625,206910,7997071500
2014-06-30,PVD,38650,38190,38410,38190,22739.90625,164780,6292948200
2014-07-01,PVD,38870,37950,38410,38650,23015.541015625,243300,9403545000
2014-07-02,PVD,38870,38410,38650,38410,22877.724609375,309550,11889815500
2014-07-03,PVD,39340,38410,38410,39340,23428.994140625,544380,21415909200
2014-07-04,PVD,39110,38870,39110,38870,23153.359375,231480,8997627600
2014-07-07,PVD,39110,38650,39110,38650,23015.541015625,216690,8375068500
2014-07-08,PVD,38870,38410,38650,38650,23015.541015625,189320,7317218000
2014-07-09,PVD,39110,38410,38650,39110,23291.17578125,306590,11990734900
2014-07-10,PVD,38870,38410,38870,38870,23153.359375,183470,7131478900
2014-07-11,PVD,38870,38410,38650,38870,23153.359375,119120,4630194400
2014-07-14,PVD,40270,38870,38870,40270,23980.265625,921570,37111623900
2014-07-15,PVD,40730,40270,40270,40510,24118.08203125,329710,13356552100
2014-07-16,PVD,40970,40270,40730,40270,23980.265625,370010,14900302700
2014-07-17,PVD,40270,39570,40050,40050,23842.447265625,370240,14828112000
2014-07-18,PVD,41200,39800,40050,41200,24531.53515625,618110,25466132000
2014-07-21,PVD,42590,41660,41660,42350,25220.623046875,626100,26515335000
2014-07-22,PVD,42350,41660,42120,41890,24944.98828125,275520,11541532800
2014-07-23,PVD,42810,42120,42120,42590,25358.44140625,341410,14540651900
2014-07-24,PVD,43970,42590,42590,43740,26047.529296875,395610,17303981400
2014-07-25,PVD,43970,42810,43740,42810,25496.259765625,372390,15942015900
2014-07-28,PVD,43270,41890,43270,41890,24944.98828125,305300,12789017000
2014-07-29,PVD,42120,41420,42120,42120,25082.8046875,152760,6434251200
2014-07-30,PVD,42810,42120,42120,42350,25220.623046875,182740,7739039000
2014-07-31,PVD,43970,42350,42350,43970,26185.345703125,553880,24354103600
2014-08-01,PVD,44200,43510,43740,43510,25909.7109375,234450,10200919500
2014-08-04,PVD,45360,43510,43510,45360,27012.25390625,393320,17840995200
2014-08-05,PVD,45820,44660,45590,45820,27287.888671875,426890,19560099800
2014-08-06,PVD,46740,45360,45820,46290,27563.5234375,313190,14497565100
2014-08-07,PVD,46290,45590,45590,46290,27563.5234375,341730,15818681700
2014-08-08,PVD,46290,45360,46290,45360,27012.25390625,299450,13583052000
2014-08-11,PVD,45820,44900,45360,45820,27287.888671875,266790,12224317800
2014-08-12,PVD,48140,45360,45820,47210,28114.79296875,443640,20944244400
2014-08-13,PVD,48140,45820,47670,47210,28114.79296875,427400,20177554000
2014-08-14,PVD,47210,46050,47210,46740,27839.158203125,387840,18127641600
2014-08-15,PVD,46740,46050,46290,46740,27839.158203125,269590,12600636600
2014-08-18,PVD,47670,46290,46740,46290,27563.5234375,338450,15666850500
2014-08-19,PVD,47210,46290,46290,46740,27839.158203125,231560,10823114400
2014-08-20,PVD,47210,46740,47210,47210,28114.79296875,300930,14206905300
2014-08-21,PVD,48600,47670,47670,48600,28941.69921875,636900,30953340000
2014-08-22,PVD,51180,49380,49630,50670,30290.4375,585030,29643470100
2014-08-25,PVD,51700,50920,51180,51700,30908.611328125,356180,18414506000
2014-08-26,PVD,51700,50670,51700,50920,30444.982421875,368640,18771148800
2014-08-27,PVD,51180,50410,50920,51180,30599.5234375,227620,11649591600
2014-08-28,PVD,51700,50670,51180,51180,30599.5234375,203740,10427413200
2014-08-29,PVD,51450,50670,51450,50920,30444.982421875,211810,10785365200
2014-09-03,PVD,50920,49380,50670,49630,29672.265625,560410,27813148300
2014-09-04,PVD,50410,49120,49120,50150,29981.3515625,186340,9344951000
2014-09-05,PVD,51180,50410,50410,50670,30290.4375,254890,12915276300
2014-09-08,PVD,50920,50150,50920,50150,29981.3515625,276220,13852433000
2014-09-09,PVD,52740,50150,50670,51180,30599.5234375,1653050,84603099000
2014-09-10,PVD,51180,49120,50670,51180,30599.5234375,339870,17394546600
2014-09-11,PVD,52740,50670,51180,51450,30754.068359375,1630110,83869159500
2014-09-12,PVD,51700,51180,51700,51450,30754.068359375,755130,38851438500
2014-09-15,PVD,54810,51700,51700,54810,32763.126953125,1928150,105681901500
2014-09-16,PVD,56870,54280,55320,55320,33072.2109375,630930,34903047600
2014-09-17,PVD,55840,53770,55840,53770,32144.95703125,587710,31601166700
2014-09-18,PVD,53770,51700,52740,52220,31217.697265625,706360,36886119200
2014-09-19,PVD,52740,51180,52220,51700,30908.611328125,1454240,75184208000
2014-09-22,PVD,53250,52220,53250,52220,31217.697265625,554400,28950768000
2014-09-23,PVD,52740,51450,52220,51700,30908.611328125,581050,30040285000
2014-09-24,PVD,51700,50670,51450,50670,30290.4375,713960,36176353200
2014-09-25,PVD,50920,49120,50920,50670,30290.4375,863200,43738344000
2014-09-26,PVD,51180,50150,50670,50410,30135.89453125,292100,14724761000
2014-09-29,PVD,50670,49630,49630,49890,29826.810546875,188840,9421227600
2014-09-30,PVD,50410,49630,49630,50150,29981.3515625,253880,12732082000
2014-10-01,PVD,52220,50410,50670,52220,31217.697265625,505510,26397732200
2014-10-02,PVD,53250,51700,53250,52740,31526.783203125,450620,23765698800
2014-10-03,PVD,52740,51180,52740,51700,30908.611328125,416400,21527880000
2014-10-06,PVD,52740,51700,51700,52740,31526.783203125,299740,15808287600
2014-10-07,PVD,52220,51700,52220,52220,31217.697265625,160670,8390187400
2014-10-08,PVD,52220,51180,51700,51180,30599.5234375,499130,25545473400
2014-10-09,PVD,53250,51450,51450,52740,31526.783203125,584180,30809653200
2014-10-10,PVD,53250,51700,52220,52220,31217.697265625,223810,11687358200
2014-10-13,PVD,51700,50150,51450,50670,30290.4375,802400,40657608000
2014-10-14,PVD,50920,49630,50670,49630,29672.265625,697510,34617421300
2014-10-15,PVD,49890,48860,49630,48860,29208.63671875,925630,45226281800
2014-10-16,PVD,48600,45760,48600,46010,27508.662109375,1393300,64105733000
2014-10-17,PVD,46010,44460,45760,44980,26890.4921875,1303340,58624233200
2014-10-20,PVD,46010,44730,45500,45760,27354.12109375,650410,29762761600
2014-10-21,PVD,47820,45500,45500,47570,28435.923828125,968930,46092000100
2014-10-22,PVD,48600,47820,47820,48600,29054.09375,771150,37477890000
2014-10-23,PVD,48600,47300,47570,47300,28281.37890625,733290,34684617000
2014-10-24,PVD,47570,46530,46530,47300,28281.37890625,174000,8230200000
2014-10-27,PVD,47300,45760,47300,45760,27354.12109375,338360,15483353600
2014-10-28,PVD,47050,45500,45500,46530,27817.75,259540,12076396200
2014-10-29,PVD,47820,47300,47300,47820,28590.46484375,451020,21567776400
2014-10-30,PVD,48080,47570,47820,47820,28590.46484375,307670,14712779400
2014-10-31,PVD,48600,47820,48080,48600,29054.09375,320390,15570954000
2014-11-03,PVD,49890,48860,48860,49630,29672.265625,379870,18852948100
2014-11-04,PVD,49630,48600,49120,48860,29208.63671875,347890,16997905400
2014-11-05,PVD,49120,47570,48600,48600,29054.09375,278080,13514688000
2014-11-06,PVD,48860,48350,48600,48600,29054.09375,111630,5425218000
2014-11-07,PVD,48600,47820,48600,48350,28899.55078125,241300,11666855000
2014-11-10,PVD,48600,47300,48350,47300,28281.37890625,445200,21057960000
2014-11-11,PVD,48080,47300,48080,47570,28435.923828125,364970,17361622900
2014-11-12,PVD,47820,47300,47820,47570,28435.923828125,326560,15534459200
2014-11-13,PVD,47820,47050,47570,47050,28126.833984375,464050,21833552500
2014-11-14,PVD,46790,46280,46790,46530,27817.75,424890,19770131700
2014-11-17,PVD,47820,46530,47050,46530,27817.75,517000,24056010000
2014-11-18,PVD,47300,46010,46530,46530,27817.75,368470,17144909100
2014-11-19,PVD,46530,45500,46530,45760,27354.12109375,357780,16372012800
2014-11-20,PVD,46530,45500,45760,46530,27817.75,329530,15333030900
2014-11-21,PVD,46530,44730,46530,44980,26890.4921875,587540,26427549200
2014-11-24,PVD,44980,44200,44980,44200,26426.86328125,476660,21068372000
2014-11-25,PVD,45240,44460,44460,44460,26581.404296875,492170,21881878200
2014-11-26,PVD,44460,41620,44460,42910,25654.146484375,1399350,60046108500
2014-11-27,PVD,42910,40840,42140,41620,24881.43359375,1253050,52151941000
2014-11-28,PVD,40580,38770,39560,39040,23336.001953125,2295740,89625689600
2014-12-01,PVD,39560,38270,38770,38270,22872.37109375,1961710,75074641700
2014-12-02,PVD,39560,38520,39290,39040,23336.001953125,505830,19747603200
2014-12-03,PVD,39560,39040,39290,39560,23645.0859375,714950,28283422000
2014-12-04,PVD,40070,39290,39560,39290,23490.544921875,574730,22581141700
2014-12-05,PVD,39290,38270,39290,38520,23026.9140625,621680,23947113600
2014-12-08,PVD,38520,35940,38270,35940,21481.482421875,1295650,46565661000
2014-12-09,PVD,34370,33600,34120,33600,20090.595703125,1795040,60313344000
2014-12-10,PVD,34900,31270,31800,34900,20863.3125,1830480,63883752000
2014-12-11,PVD,34640,32570,33350,33600,20090.595703125,1086010,36489936000
2014-12-12,PVD,33350,32060,32320,32570,19472.423828125,1160630,37801719100
2014-12-15,PVD,32320,31270,31270,31540,18854.25390625,956180,30157917200
2014-12-16,PVD,31270,29470,31020,29730,17772.451171875,1759100,52298043000
2014-12-17,PVD,30250,27660,29730,28440,16999.736328125,2509570,71372170800
2014-12-18,PVD,30250,29210,29210,30250,18081.537109375,1047190,31677497500
2014-12-19,PVD,32320,30760,30760,31540,18854.25390625,3092270,97530195800
2014-12-22,PVD,33600,31800,32320,33600,20090.595703125,1318750,44310000000
2014-12-23,PVD,34370,32830,33350,33090,19781.51171875,933820,30900103800
2014-12-24,PVD,34120,33090,33600,33870,20245.140625,757520,25657202400
2014-12-25,PVD,33600,32570,33350,32570,19472.423828125,540160,17593011200
2014-12-26,PVD,33870,31800,32570,32830,19626.966796875,532800,17491824000
2014-12-29,PVD,33090,31800,32830,32060,19163.33984375,467850,14999271000
2014-12-30,PVD,32830,31020,31270,32830,19626.966796875,385900,12669097000
2014-12-31,PVD,33350,32320,32570,33350,19936.052734375,311330,10382855500
2015-01-05,PVD,32830,31540,32830,31540,18854.25390625,543540,17143251600
2015-01-06,PVD,31020,29980,29980,30760,18390.623046875,415900,12793084000
2015-01-07,PVD,31270,29980,30500,30760,18390.623046875,1151000,35404760000
2015-01-08,PVD,31800,30760,31270,30760,18390.623046875,423890,13038856400
2015-01-09,PVD,32570,31020,31020,32320,19317.880859375,1145850,37033872000
2015-01-12,PVD,32570,31800,32060,32060,19163.33984375,902520,28934791200
2015-01-13,PVD,32060,31270,31540,31540,18854.25390625,734860,23177484400
2015-01-14,PVD,31800,30760,31800,31020,18545.166015625,763750,23691525000
2015-01-15,PVD,33090,31270,32060,32320,19317.880859375,818270,26446486400
2015-01-16,PVD,32570,31800,32060,32060,19163.33984375,252090,8082005400
2015-01-19,PVD,33090,32060,32570,32320,19317.880859375,435420,14072774400
2015-01-20,PVD,32570,31800,31800,31800,19008.794921875,296810,9438558000
2015-01-21,PVD,32060,31540,31800,31540,18854.25390625,221430,6983902200
2015-01-22,PVD,32320,31800,31800,31800,19008.794921875,432670,13758906000
2015-01-23,PVD,32320,31800,32060,32060,19163.33984375,395160,12668829600
2015-01-26,PVD,32320,31540,31800,31800,19008.794921875,326840,10393512000
2015-01-27,PVD,32060,31020,31800,31270,18699.708984375,885950,27703656500
2015-01-28,PVD,31800,31020,31540,31020,18545.166015625,750520,23281130400
2015-01-29,PVD,31270,30250,30760,30500,18236.080078125,537570,16395885000
2015-01-30,PVD,30760,29730,30500,29730,17772.451171875,758470,22549313100
2015-02-02,PVD,30250,29470,30250,29470,17617.908203125,251570,7413767900
2015-02-03,PVD,31020,30250,30250,30250,18081.537109375,539970,16334092500
2015-02-04,PVD,31540,30500,31020,31020,18545.166015625,1123100,34838562000
2015-02-05,PVD,31020,30250,30250,30760,18390.623046875,379830,11683570800
2015-02-06,PVD,31540,30760,31270,31020,18545.166015625,495240,15362344800
2015-02-09,PVD,31270,30500,31020,31020,18545.166015625,664750,20620545000
2015-02-10,PVD,31020,30760,30760,30760,18390.623046875,426340,13114218400
2015-02-11,PVD,30760,29980,30500,30250,18081.537109375,499810,15119252500
2015-02-12,PVD,30760,29730,30500,30760,18390.623046875,430360,13237873600
2015-02-13,PVD,31020,30500,31020,30760,18390.623046875,359930,11071446800
2015-02-24,PVD,30760,30250,30760,30250,18390.623046875,218060,6596315000
2015-02-25,PVD,30500,29470,30500,29730,17772.451171875,524980,15607655400
2015-02-26,PVD,30250,29730,30250,29980,17926.9921875,450220,13497595600
2015-02-27,PVD,29980,29730,29980,29980,17926.9921875,285380,8555692400
2015-03-02,PVD,30250,29730,30250,29730,17772.451171875,182510,5426022300
2015-03-03,PVD,30250,29730,29980,29980,17926.9921875,361370,10833872600
2015-03-04,PVD,30250,29980,30250,29980,17926.9921875,258630,7753727400
2015-03-05,PVD,31270,30250,30250,30500,18236.080078125,1170380,35696590000
2015-03-06,PVD,31020,30250,30500,30250,18081.537109375,480200,14526050000
2015-03-09,PVD,30500,29980,30250,29980,17926.9921875,262430,7867651400
2015-03-10,PVD,29980,29730,29980,29730,17772.451171875,396320,11782593600
2015-03-11,PVD,29730,29210,29730,29470,17617.908203125,548920,16176672400
2015-03-12,PVD,29470,28960,29470,28960,17308.822265625,396860,11493065600
2015-03-13,PVD,28960,28440,28960,28440,16999.736328125,791320,22505140800
2015-03-16,PVD,28440,27400,28440,27400,16381.5634765625,1080900,29616660000
2015-03-17,PVD,27400,26880,27400,27140,16227.0205078125,637770,17309077800
2015-03-18,PVD,27140,25750,27140,26110,15608.8486328125,1601350,41811248500
2015-03-19,PVD,26360,25860,26360,26110,15608.8486328125,501370,13090770700
2015-03-20,PVD,26110,25690,25860,25860,15454.3056640625,2185770,56524012200
2015-03-23,PVD,26360,25340,25860,25340,15145.21875,950660,24089724400
2015-03-24,PVD,25080,24200,25080,24350,14557.955078125,1118440,27234014000
2015-03-25,PVD,24300,22750,24300,22750,13599.7880859375,2683790,61056222500
2015-03-26,PVD,23830,22750,22750,23520,14063.4169921875,1568530,36891825600
2015-03-27,PVD,24400,23420,23890,23420,14001.6005859375,949020,22226048400
2015-03-30,PVD,23370,22810,23260,22900,13692.5146484375,1300390,29778931000
2015-03-31,PVD,23470,22900,22900,23160,13847.0576171875,902110,20892867600
2015-04-01,PVD,23160,21970,23120,22130,13228.8857421875,1662680,36795108400
2015-04-02,PVD,22900,22020,22490,22700,13568.8798828125,1600210,36324767000
2015-04-03,PVD,23470,22750,22850,23260,13908.875,975210,22683384600
2015-04-06,PVD,23720,23260,23260,23260,13908.875,727910,16931186600
2015-04-07,PVD,23780,23060,23470,23780,14217.9619140625,1403800,33382364000
2015-04-08,PVD,24200,23580,23940,23580,14094.326171875,1195760,28196020800
2015-04-09,PVD,23890,23320,23520,23720,14187.0517578125,594890,14110790800
2015-04-10,PVD,23890,23470,23690,23470,14032.5087890625,659010,15466964700
2015-04-13,PVD,23990,23470,23470,23890,14279.7783203125,610420,14582933800
2015-04-14,PVD,24510,23830,23990,24350,14557.955078125,1374150,33460552500
2015-04-15,PVD,25860,24560,24560,25860,15454.3056640625,1430420,36990661200
2015-04-16,PVD,27660,27400,27400,27660,16536.10546875,2112660,58436175600
2015-04-17,PVD,29210,27400,27920,27400,16381.5634765625,3521750,96495950000
2015-04-20,PVD,28440,27140,27400,27920,16690.650390625,1300940,36322244800
2015-04-21,PVD,28960,27920,27920,28180,16845.193359375,1427090,40215396200
2015-04-22,PVD,28960,28180,28440,28700,17154.27734375,1498530,43007811000
2015-04-23,PVD,29210,28180,28960,28960,17308.822265625,1221470,35373771200
2015-04-24,PVD,29730,28700,29470,29470,17617.908203125,1020450,30072661500
2015-04-27,PVD,29470,28180,29470,28180,16845.193359375,736780,20762460400
2015-05-04,PVD,28960,26880,28960,27660,16536.10546875,952510,26346426600
2015-05-05,PVD,28700,26630,27400,28440,16999.736328125,807380,22961887200
2015-05-06,PVD,29980,28700,28960,29210,17463.365234375,1125610,32879068100
2015-05-07,PVD,29470,28440,28960,28960,17308.822265625,372740,10794550400
2015-05-08,PVD,28700,27920,28440,28440,16999.736328125,580800,16517952000
2015-05-11,PVD,28440,27400,28440,27660,16536.10546875,527710,14596458600
2015-05-12,PVD,28440,27400,27920,27660,16536.10546875,906410,25071300600
2015-05-13,PVD,28440,27140,28180,27140,16227.0205078125,615070,16692999800
2015-05-14,PVD,27660,26880,27140,27140,16227.0205078125,682810,18531463400
2015-05-15,PVD,27140,26110,27140,26110,15608.8486328125,431450,11265159500
2015-05-18,PVD,26110,25340,26110,25340,15145.21875,765350,19393969000
2015-05-19,PVD,25750,25180,25340,25480,15237.9443359375,487730,12427360400
2015-05-20,PVD,26630,25280,25480,26110,15608.8486328125,441840,11536442400
2015-05-21,PVD,27920,26360,26630,27400,16381.5634765625,800720,21939728000
2015-05-22,PVD,28180,27400,27660,27920,16690.650390625,748720,20904262400
2015-05-25,PVD,27920,27140,27920,27660,16536.10546875,457330,12649747800
2015-05-26,PVD,27920,27400,27400,27660,16536.10546875,646550,17883573000
2015-05-27,PVD,27400,26880,27400,27140,16227.0205078125,448340,12167947600
2015-05-28,PVD,27660,26880,27140,27140,16227.0205078125,367630,9977478200
2015-05-29,PVD,27140,26360,27140,26630,15917.93359375,791520,21078177600
2015-06-01,PVD,27400,26630,27140,26630,15917.93359375,610780,16265071400
2015-06-02,PVD,27140,26630,26880,26630,15917.93359375,652870,17385928100
2015-06-03,PVD,27400,26880,27140,26880,16072.478515625,732040,19677235200
2015-06-04,PVD,27140,26630,27140,26880,16072.478515625,447390,12025843200
2015-06-05,PVD,27400,26360,26630,26880,16072.478515625,938280,25220966400
2015-06-08,PVD,27920,26880,27140,27400,16381.5634765625,1129920,30959808000
2015-06-09,PVD,27660,26630,27400,27400,16381.5634765625,552500,15138500000
2015-06-10,PVD,27920,26880,27660,27660,16536.10546875,979880,27103480800
2015-06-11,PVD,28700,28180,28180,28440,16999.736328125,1654660,47058530400
2015-06-12,PVD,28700,27920,28700,28440,16999.736328125,529200,15050448000
2015-06-15,PVD,28440,27660,28440,27920,16690.650390625,496710,13868143200
2015-06-16,PVD,27920,27400,27660,27400,16381.5634765625,722810,19804994000
2015-06-17,PVD,27660,26880,27400,27140,16227.0205078125,578450,15699133000
2015-06-18,PVD,27660,27140,27140,27140,16227.0205078125,472660,12827992400
2015-06-19,PVD,27660,27140,27400,27400,16381.5634765625,1272360,34862664000
2015-06-22,PVD,28180,27140,27140,28180,16845.193359375,697070,19643432600
2015-06-23,PVD,28180,27660,28180,27920,16690.650390625,328790,9179816800
2015-06-24,PVD,28180,27400,28180,27400,16381.5634765625,305440,8369056000
2015-06-25,PVD,27660,27140,27400,27140,16227.0205078125,385880,10472783200
2015-06-26,PVD,27400,26880,26880,26880,16072.478515625,652350,17535168000
2015-06-29,PVD,27920,26630,26880,27660,16536.10546875,1084650,30001419000
2015-06-30,PVD,27660,27140,27400,27140,16227.0205078125,467890,12698534600
2015-07-01,PVD,27660,26880,27140,27400,16381.5634765625,298040,8166296000
2015-07-02,PVD,27920,27140,27400,27920,16690.650390625,758180,21168385600
2015-07-03,PVD,28180,27660,28180,28180,16845.193359375,785700,22141026000
2015-07-06,PVD,29980,28440,28440,29980,17926.9921875,2544920,76296701600
2015-07-07,PVD,30500,29470,29980,29470,17617.908203125,1168920,34448072400
2015-07-08,PVD,29470,28440,29470,28440,16999.736328125,1228530,34939393200
2015-07-09,PVD,28700,27660,28180,28440,16999.736328125,945840,26899689600
2015-07-10,PVD,29210,28180,28700,28700,17154.27734375,637470,18295389000
2015-07-13,PVD,30250,28440,28700,30250,18081.537109375,1662730,50297582500
2015-07-14,PVD,29980,28700,29980,28700,17154.27734375,828280,23771636000
2015-07-15,PVD,29370,28630,29370,28630,17168.6328125,917660,26272605800
2015-07-16,PVD,28570,27900,28510,28020,16801.78125,518270,14521925400
2015-07-17,PVD,28270,27470,28140,27530,16508.30078125,589950,16241323500
2015-07-20,PVD,27240,26490,27110,26800,16068.080078125,722010,19349868000
2015-07-21,PVD,27170,26620,26620,26850,16104.765625,348130,9347290500
2015-07-22,PVD,26980,26740,26800,26980,16178.134765625,294940,7957481200
2015-07-23,PVD,27720,26920,26980,27530,16508.30078125,491900,13542007000
2015-07-24,PVD,28140,27530,27530,27900,16728.412109375,533090,14873211000
2015-07-27,PVD,28020,27720,27900,27830,16691.7265625,642110,17869921300
2015-07-28,PVD,27600,27040,27600,27110,16251.505859375,730070,19792197700
2015-07-29,PVD,27240,26920,26920,26980,16178.134765625,727150,19618507000
2015-07-30,PVD,27280,26980,27280,27110,16251.505859375,318690,8639685900
2015-07-31,PVD,27280,26850,27110,26850,16104.765625,398830,10708585500
2015-08-03,PVD,26620,26130,26620,26360,15811.2841796875,698860,18421949600
2015-08-04,PVD,26360,26000,26060,26250,15737.9140625,423980,11129475000
2015-08-05,PVD,26490,26060,26060,26490,15884.654296875,245970,6515745300
2015-08-06,PVD,26490,26310,26310,26490,15884.654296875,247200,6548328000
2015-08-07,PVD,26430,26190,26360,26250,15737.9140625,311220,8169525000
2015-08-10,PVD,26250,26060,26130,26190,15701.2294921875,321470,8419299300
2015-08-11,PVD,26360,26060,26310,26130,15664.5439453125,881330,23029152900
2015-08-12,PVD,26130,25460,26130,25460,15261.0078125,789130,20091249800
2015-08-13,PVD,25460,24480,25460,24540,14710.7314453125,766480,18809419200
2015-08-14,PVD,24710,23990,24480,24110,14453.9345703125,597750,14411752500
2015-08-17,PVD,24220,22640,24110,23310,13977.0283203125,950400,22153824000
2015-08-18,PVD,23310,22940,23010,23310,13977.0283203125,416850,9716773500
2015-08-19,PVD,23130,22210,23130,22520,13500.1220703125,1251210,28177249200
2015-08-20,PVD,22340,20990,22270,20990,12582.994140625,2058590,43209804100
2015-08-21,PVD,20870,19580,20800,20250,12142.7724609375,1354530,27429232500
2015-08-24,PVD,19890,18840,19890,18840,11299.015625,1047380,19732639200
2015-08-25,PVD,19450,18300,18300,19270,11555.8115234375,1669010,32161822700
2015-08-26,PVD,20610,19270,19270,20610,12362.8837890625,1117430,23030232300
2015-08-27,PVD,21960,20990,21100,21660,12986.53125,1535450,33257847000
2015-08-28,PVD,23130,22150,22700,23130,13866.9736328125,2118560,49002292800
2015-08-31,PVD,23500,21850,23250,22210,13316.697265625,1276040,28340848400
2015-09-01,PVD,22940,21850,22760,21850,13096.5859375,1232940,26939739000
2015-09-03,PVD,21910,20990,21420,21290,12766.4208984375,1039860,22138619400
2015-09-04,PVD,21780,21360,21420,21420,12839.791015625,712930,15270960600
2015-09-07,PVD,21420,21040,21290,21100,12656.365234375,486440,10263884000
2015-09-08,PVD,21360,20800,20930,21100,12656.365234375,600840,12677724000
2015-09-09,PVD,21960,21420,21590,21420,12839.791015625,664320,14229734400
2015-09-10,PVD,21360,21100,21170,21230,12729.7353515625,352330,7479965900
2015-09-11,PVD,21720,21230,21420,21360,12803.10546875,571930,12216424800
2015-09-14,PVD,21290,20930,21170,20990,12582.994140625,512030,10747509700
2015-09-15,PVD,21420,20800,20800,21040,12619.6796875,363130,7640255200
2015-09-16,PVD,21480,21100,21420,21230,12729.7353515625,401290,8519386700
2015-09-17,PVD,22150,21590,21720,21780,13059.9013671875,1481180,32260100400
2015-09-18,PVD,22340,21660,22030,21960,13169.9560546875,1434910,31510623600
2015-09-21,PVD,22030,21530,21720,21960,13169.9560546875,637790,14005868400
2015-09-22,PVD,22210,21720,22080,21780,13059.9013671875,1083020,23588175600
2015-09-23,PVD,22080,21590,21660,22030,13206.6416015625,605940,13348858200
2015-09-24,PVD,21960,21590,21960,21660,12986.53125,725370,15711514200
2015-09-25,PVD,21780,21360,21590,21480,12876.4755859375,1014230,21785660400
2015-09-28,PVD,21530,21040,21480,21040,12619.6796875,731550,15391812000
2015-09-29,PVD,21040,20610,20930,20930,12546.30859375,735680,15397782400
2015-09-30,PVD,21170,20930,21100,20930,12546.30859375,439560,9199990800
2015-10-01,PVD,21230,20930,20930,21040,12619.6796875,269500,5670280000
2015-10-02,PVD,21040,20800,21040,20870,12619.6796875,457090,9539468300
2015-10-05,PVD,21590,20870,21040,21360,12803.10546875,708880,15141676800
2015-10-06,PVD,22210,21660,21720,22030,13206.6416015625,1466580,32308757400
2015-10-07,PVD,23430,22640,22640,22880,13720.2333984375,2687700,61494576000
2015-10-08,PVD,22940,22570,22880,22820,13683.5478515625,1204820,27493992400
2015-10-09,PVD,23560,23190,23370,23190,13903.658203125,1638040,37986147600
2015-10-12,PVD,23620,23010,23190,23500,14087.083984375,1173820,27584770000
2015-10-13,PVD,23190,22880,23070,22940,13756.91796875,1469960,33720882400
2015-10-14,PVD,23250,22570,22700,22880,13720.2333984375,1361740,31156611200
2015-10-15,PVD,22940,22700,22760,22820,13683.5478515625,404070,9220877400
2015-10-16,PVD,23130,22700,23130,22700,13610.177734375,656930,14912311000
2015-10-19,PVD,22940,22640,22640,22700,13610.177734375,483850,10983395000
2015-10-20,PVD,22640,22270,22640,22340,13390.0673828125,948120,21181000800
2015-10-21,PVD,22570,22150,22210,22340,13390.0673828125,784930,17535336200
2015-10-22,PVD,22520,22270,22270,22340,13390.0673828125,352560,7876190400
2015-10-23,PVD,22760,22340,22340,22570,13536.8076171875,725750,16380177500
2015-10-26,PVD,22520,22270,22520,22340,13390.0673828125,500490,11180946600
2015-10-27,PVD,22270,22030,22080,22030,13206.6416015625,562020,12381300600
2015-10-28,PVD,22150,21780,22080,21850,13096.5859375,632640,13823184000
2015-10-29,PVD,22450,21960,22390,22030,13206.6416015625,842570,18561817100
2015-10-30,PVD,22520,21910,22210,22520,13500.1220703125,874700,19698244000
2015-11-02,PVD,22520,22150,22520,22150,13280.01171875,332370,7361995500
2015-11-03,PVD,22270,21960,22150,22080,13243.3271484375,329970,7285737600
2015-11-04,PVD,22520,22150,22450,22210,13316.697265625,673690,14962654900
2015-11-05,PVD,22210,22030,22030,22080,13243.3271484375,478690,10569475200
2015-11-06,PVD,22210,21780,22030,21850,13096.5859375,508830,11117935500
2015-11-09,PVD,21850,21530,21780,21530,12913.1611328125,429060,9237661800
2015-11-10,PVD,21530,21230,21420,21230,12729.7353515625,485780,10313109400
2015-11-11,PVD,21170,20930,21170,20990,12582.994140625,465120,9762868800
2015-11-12,PVD,20990,20560,20930,20680,12399.568359375,1276260,26393056800
2015-11-13,PVD,20380,20070,20310,20310,12179.4580078125,1040200,21126462000
2015-11-16,PVD,20190,19890,20190,19890,11922.662109375,673700,13399893000
2015-11-17,PVD,20680,20190,20190,20380,12216.142578125,378240,7708531200
2015-11-18,PVD,20310,20130,20250,20190,12106.087890625,158580,3201730200
2015-11-19,PVD,20610,20190,20380,20490,12289.513671875,497580,10195414200
2015-11-20,PVD,20560,20310,20380,20490,12289.513671875,166110,3403593900
2015-11-23,PVD,20380,20190,20380,20190,12106.087890625,366300,7395597000
2015-11-24,PVD,20440,20130,20440,20130,12069.40234375,474520,9552087600
2015-11-25,PVD,20440,20070,20250,20130,12069.40234375,720650,14506684500
2015-11-26,PVD,20190,19820,20190,19820,11885.9775390625,490150,9714773000
2015-11-27,PVD,20000,19710,19820,19710,11812.607421875,439250,8657617500
2015-11-30,PVD,19710,19150,19710,19150,11482.44140625,826390,15825368500
2015-12-01,PVD,19330,18730,19090,18730,11225.6455078125,381510,7145682300
2015-12-02,PVD,18960,18730,18730,18790,11262.330078125,346150,6504158500
2015-12-03,PVD,18730,18470,18730,18470,11078.9052734375,498170,9201199900
2015-12-04,PVD,18910,18470,18470,18910,11335.701171875,469730,8882594300
2015-12-07,PVD,18730,18360,18730,18360,11005.53515625,942820,17310175200
2015-12-08,PVD,18360,17680,18040,18360,11005.53515625,1494270,27434797200
2015-12-09,PVD,18410,17750,18360,17750,10638.6826171875,1320680,23442070000
2015-12-10,PVD,17750,17380,17750,17440,10455.2578125,805190,14042513600
2015-12-11,PVD,17750,17260,17320,17500,10491.9423828125,477980,8364650000
2015-12-14,PVD,17320,16950,17130,16950,10161.7763671875,1020630,17299678500
2015-12-15,PVD,17620,17260,17320,17500,10491.9423828125,821980,14384650000
2015-12-16,PVD,17980,17500,17750,17500,10491.9423828125,1041830,18232025000
2015-12-17,PVD,17440,17130,17380,17190,10308.5166015625,669450,11507845500
2015-12-18,PVD,17130,16030,16880,16030,9611.5,2787310,44680579300
2015-12-21,PVD,16640,16090,16160,16210,9721.5556640625,1292840,20956936400
2015-12-22,PVD,16950,16210,16210,16640,9978.3515625,828840,13791897600
2015-12-23,PVD,17010,16640,16640,16950,10161.7763671875,1072390,18177010500
2015-12-24,PVD,17680,17060,17320,17130,10271.83203125,1042080,17850830400
2015-12-25,PVD,17380,16770,17260,16770,10051.7216796875,435910,7310210700
2015-12-28,PVD,16880,16280,16770,16280,9758.240234375,598180,9738370400
2015-12-29,PVD,16640,16030,16090,16460,9868.2958984375,361050,5942883000
2015-12-30,PVD,16640,16340,16520,16460,9868.2958984375,498080,8198396800
2015-12-31,PVD,16390,16160,16390,16210,9721.5556640625,412390,6684841900
2016-01-04,PVD,16460,16090,16280,16090,9648.185546875,245890,3956370100
2016-01-05,PVD,15900,15240,15790,15300,9171.279296875,1277970,19552941000
2016-01-06,PVD,15300,14920,15300,15110,9061.2236328125,960710,14516328100
2016-01-07,PVD,14750,14070,14690,14070,8437.576171875,1838510,25867835700
2016-01-08,PVD,14500,13830,14070,14010,8400.890625,1244930,17441469300
2016-01-11,PVD,14200,13830,13830,13950,8364.2060546875,1054150,14705392500
2016-01-12,PVD,14010,13640,13760,13760,8254.150390625,1331570,18322403200
2016-01-13,PVD,14690,13830,13830,14130,8474.2607421875,2503730,35377704900
2016-01-14,PVD,14130,13710,14010,13760,8254.150390625,1295050,17819888000
2016-01-15,PVD,13950,13580,13830,13580,8144.095703125,1191020,16174051600
2016-01-18,PVD,13150,12720,13150,12720,7630.50390625,2846030,36201501600
2016-01-19,PVD,13040,12360,12850,12550,7520.44873046875,1324600,16623730000
2016-01-20,PVD,12420,11690,12230,11870,7116.912109375,1762530,20921231100
2016-01-21,PVD,11930,11200,11690,11200,6713.3759765625,1475460,16525152000
2016-01-22,PVD,11930,11380,11690,11930,7153.59716796875,1521910,18156386300
2016-01-25,PVD,12720,12720,12720,12720,7630.50390625,332330,4227237600
2016-01-26,PVD,13340,12420,12420,12970,7777.244140625,2514230,32609563100
2016-01-27,PVD,13640,13150,13460,13150,7887.2998046875,1886810,24811551500
2016-01-28,PVD,13460,13090,13400,13150,7887.2998046875,1572800,20682320000
2016-01-29,PVD,14070,13460,13710,14070,8437.576171875,1953150,27480820500
2016-02-01,PVD,14690,14070,14380,14130,8474.2607421875,1922980,27171707400
2016-02-02,PVD,13760,13150,13580,13520,8107.41015625,1409330,19054141600
2016-02-03,PVD,13460,12780,12850,13460,8070.7255859375,964110,12976920600
2016-02-04,PVD,14070,13580,14070,13760,8254.150390625,898770,12367075200
2016-02-05,PVD,13760,13460,13460,13640,8180.7802734375,402100,5484644000
2016-02-15,PVD,13460,13090,13270,13340,7997.35498046875,795260,10608768400
2016-02-16,PVD,14010,13460,13520,13950,8364.2060546875,1710090,23855755500
2016-02-17,PVD,13830,13520,13830,13640,8180.7802734375,1274560,17384998400
2016-02-18,PVD,14560,13950,14130,14380,8621.001953125,3498170,50303684600
2016-02-19,PVD,15350,14070,14200,15180,9097.9091796875,3588140,54467965200
2016-02-22,PVD,15670,15110,15110,15540,9318.01953125,1658850,25778529000
2016-02-23,PVD,15900,15110,15900,15110,9061.2236328125,2942400,44459664000
2016-02-24,PVD,15110,14560,14690,14810,8877.7978515625,2431920,36016735200
2016-02-25,PVD,15110,14500,14990,14560,8731.0576171875,1669220,24303843200
2016-02-26,PVD,15110,14620,14920,15050,9024.5390625,1588380,23905119000
2016-02-29,PVD,15410,15050,15050,15300,9171.279296875,1862240,28492272000
2016-03-01,PVD,15840,15300,15480,15670,9391.3896484375,2711390,42487481300
2016-03-02,PVD,15790,15410,15670,15600,9354.7041015625,1919780,29948568000
2016-03-03,PVD,15900,15350,15790,15670,9391.3896484375,1309590,20521275300
2016-03-04,PVD,15840,15410,15480,15480,9281.333984375,1754950,27166626000
2016-03-07,PVD,16520,15900,15900,16460,9868.2958984375,3655490,60169365400
2016-03-08,PVD,17060,16030,16830,16160,9684.8701171875,5009750,80957560000
2016-03-09,PVD,16160,15790,15840,15970,9574.8154296875,1888380,30157428600
2016-03-10,PVD,16640,16390,16460,16460,9868.2958984375,2123080,34945896800
2016-03-11,PVD,16520,16090,16390,16210,9721.5556640625,1578840,25592996400
2016-03-14,PVD,16520,16210,16390,16390,9831.6103515625,1361750,22319082500
2016-03-15,PVD,16280,15600,16030,15600,9354.7041015625,2523190,39361764000
2016-03-16,PVD,15970,15350,15600,15540,9318.01953125,1214820,18878302800
2016-03-17,PVD,16390,16090,16210,16160,9684.8701171875,1859920,30056307200
2016-03-18,PVD,16460,16210,16460,16280,9758.240234375,3167990,51574877200
2016-03-21,PVD,16160,15840,16090,15970,9574.8154296875,1167740,18648807800
2016-03-22,PVD,16340,15900,16030,16090,9648.185546875,1301050,20933894500
2016-03-23,PVD,16210,15970,16090,15970,9574.8154296875,826170,13193934900
2016-03-24,PVD,15840,15350,15730,15480,9281.333984375,1881510,29125774800
2016-03-25,PVD,15480,14920,15240,15180,9097.9091796875,1589770,24132708600
2016-03-28,PVD,15540,15110,15180,15540,9318.01953125,720130,11190820200
2016-03-29,PVD,15410,14920,15410,14920,8951.16796875,1013110,15115601200
2016-03-30,PVD,15050,14690,14860,14990,8987.853515625,960490,14397745100
2016-03-31,PVD,14810,14430,14750,14500,8694.3720703125,1476600,21410700000
2016-04-01,PVD,14690,14380,14690,14430,8657.6865234375,620690,8956556700
2016-04-04,PVD,14130,13580,14070,13710,8217.4658203125,845570,11592764700
2016-04-05,PVD,13760,13220,13220,13760,8254.150390625,873480,12019084800
2016-04-06,PVD,14200,13950,14070,14070,8437.576171875,1063110,14957957700
2016-04-07,PVD,14690,14320,14690,14320,8584.31640625,766280,10973129600
2016-04-08,PVD,14430,13950,14260,14320,8584.31640625,602740,8631236800
2016-04-11,PVD,14860,14620,14690,14690,8804.427734375,1928810,28334218900
2016-04-12,PVD,15110,14750,14860,14920,8951.16796875,1751260,26128799200
2016-04-13,PVD,15540,14920,15480,15050,9024.5390625,1202790,18101989500
2016-04-14,PVD,15050,14690,14750,14690,8804.427734375,887130,13031939700
2016-04-15,PVD,14990,14690,14810,14690,8804.427734375,750240,11021025600
2016-04-19,PVD,14500,13830,14070,13890,8327.5205078125,2109010,29294148900
2016-04-20,PVD,14200,13830,14070,13830,8290.8359375,708430,9797586900
2016-04-21,PVD,14750,14200,14200,14620,8767.7431640625,1581360,23119483200
2016-04-22,PVD,15350,14500,14500,15180,9097.9091796875,2970500,45092190000
2016-04-25,PVD,15240,14860,15180,14920,8951.16796875,982960,14665763200
2016-04-26,PVD,14920,14690,14750,14920,8951.16796875,1155320,17237374400
2016-04-27,PVD,15540,15050,15300,15110,9061.2236328125,1322330,19980406300
2016-04-28,PVD,15410,15050,15410,15050,9024.5390625,1152420,17343921000
2016-04-29,PVD,15240,14920,15180,14920,8951.16796875,1320390,19700218800
2016-05-04,PVD,14810,14260,14320,14810,8877.7978515625,1201010,17786958100
2016-05-05,PVD,15240,14690,14810,14860,8914.4833984375,1008490,14986161400
2016-05-06,PVD,14990,14620,14860,14860,8914.4833984375,701580,10425478800
2016-05-09,PVD,15180,14750,15050,14750,8841.11328125,1034540,15259465000
2016-05-10,PVD,14750,14430,14620,14620,8767.7431640625,975900,14267658000
2016-05-11,PVD,14810,14620,14690,14620,8767.7431640625,349250,5106035000
2016-05-12,PVD,15110,14860,14920,15110,9061.2236328125,1644060,24841746600
2016-05-13,PVD,15900,15050,15110,15730,9428.07421875,3250750,51134297500
2016-05-16,PVD,16520,15900,15970,16520,9904.98046875,2724500,45008740000
2016-05-17,PVD,17620,17130,17130,17620,10565.3125,4085250,71982105000
2016-05-18,PVD,18660,17870,18240,18170,10895.4794921875,5145750,93498277500
2016-05-19,PVD,18110,17440,17750,17620,10565.3125,3133280,55208393600
2016-05-20,PVD,18300,17680,18170,17930,10748.7392578125,2032580,36444159400
2016-05-23,PVD,17870,17260,17810,17260,10345.2021484375,1813100,31294106000
2016-05-24,PVD,17680,17190,17320,17680,10601.998046875,2388320,42225497600
2016-05-25,PVD,18530,17980,18300,17980,10785.423828125,2047530,36814589400
2016-05-26,PVD,18360,17930,18110,18240,10932.1650390625,2482590,45282441600
2016-05-27,PVD,18240,17870,17980,17870,10712.0537109375,1474020,26340737400
2016-05-30,PVD,18300,17870,18040,18170,10895.4794921875,1306880,23746009600
2016-05-31,PVD,19400,18170,18410,19330,11592.49609375,3372940,65198930200
2016-06-01,PVD,19710,19090,19090,19330,11592.49609375,1703930,32936966900
2016-06-02,PVD,19580,19220,19270,19580,11739.236328125,1117970,21889852600
2016-06-03,PVD,20440,19890,20000,19890,11922.662109375,2012630,40031210700
2016-06-06,PVD,20000,19330,19580,19580,11739.236328125,1568690,30714950200
2016-06-07,PVD,20130,19710,20070,20130,12069.40234375,1057110,21279624300
2016-06-08,PVD,21170,20610,20800,20610,12362.8837890625,1874310,38629529100
2016-06-09,PVD,21360,20990,21100,21230,12729.7353515625,1901110,40360565300
2016-06-10,PVD,21040,20610,20930,20800,12472.9384765625,2576320,53587456000
2016-06-13,PVD,20190,19450,19580,19580,11739.236328125,2796620,54757819600
2016-06-14,PVD,20130,19090,19450,19760,11849.2919921875,1599860,31613233600
2016-06-15,PVD,19760,19220,19400,19760,11849.2919921875,1451340,28678478400
2016-06-16,PVD,19640,19020,19580,19020,11409.0712890625,1297860,24685297200
2016-06-17,PVD,18910,18360,18660,18360,11005.53515625,3373330,61934338800
2016-06-20,PVD,19640,19090,19220,19640,11775.921875,1789960,35154814400
2016-06-21,PVD,20130,19580,19950,19580,11739.236328125,2119700,41503726000
2016-06-22,PVD,20190,19640,19760,19820,11885.9775390625,1595610,31624990200
2016-06-23,PVD,19890,19450,19760,19580,11739.236328125,1365530,26737077400
2016-06-24,PVD,19450,18240,19400,18530,11115.58984375,6279690,116362655700
2016-06-27,PVD,19090,17810,18040,18960,11372.3857421875,2028360,38457705600
2016-06-28,PVD,19020,18600,18660,18840,11299.015625,944250,17789670000
2016-06-29,PVD,19330,19020,19270,19150,11482.44140625,1524180,29188047000
2016-06-30,PVD,19820,18960,19450,18960,11372.3857421875,1419080,26905756800
2016-07-01,PVD,19580,18790,18840,19090,11445.755859375,1495330,28545849700
2016-07-04,PVD,19710,19150,19150,19270,11555.8115234375,1522170,29332215900
2016-07-05,PVD,19220,18910,19090,18960,11372.3857421875,2204040,41788598400
2016-07-06,PVD,18730,18300,18530,18600,11152.275390625,1535570,28561602000
2016-07-07,PVD,19020,18730,18910,18840,11299.015625,1168430,22013221200
2016-07-08,PVD,18530,18240,18410,18410,11042.2197265625,2298560,42316489600
2016-07-11,PVD,18360,17620,18240,17620,10565.3125,1866220,32882796400
2016-07-12,PVD,18040,17620,17620,18040,10822.109375,1754900,31658396000
2016-07-13,PVD,18790,18360,18790,18470,11078.9052734375,2241010,41391454700
2016-07-14,PVD,18360,18040,18240,18040,10822.109375,1258330,22700273200
2016-07-15,PVD,18110,17680,17980,17750,10638.6826171875,945310,16779252500
2016-07-18,PVD,17980,17680,17680,17810,10675.369140625,883010,15726408100
2016-07-19,PVD,17680,17190,17680,17380,10418.572265625,1812640,31503683200
2016-07-20,PVD,17380,16770,17380,16770,10051.7216796875,1514060,25390786200
2016-07-21,PVD,17260,16770,16830,16950,10161.7763671875,620420,10516119000
2016-07-22,PVD,16830,16340,16830,16520,9904.98046875,1220170,20157208400
2016-07-25,PVD,16520,16090,16390,16090,9648.185546875,809360,13022602400
2016-07-26,PVD,15840,15410,15730,15730,9428.07421875,1343880,21139232400
2016-07-27,PVD,16090,15540,15540,15970,9428.07421875,1026100,16386817000
2016-07-28,PVD,15970,15670,15840,15730,9428.07421875,1055070,16596251100
2016-07-29,PVD,15790,15350,15540,15670,9391.3896484375,536440,8406014800
2016-08-01,PVD,16210,15840,15840,16090,9648.185546875,1047780,16858780200
2016-08-02,PVD,15790,15480,15790,15480,9281.333984375,1255630,19437152400
2016-08-03,PVD,15410,15050,15300,15050,9024.5390625,585190,8807109500
2016-08-04,PVD,15790,15350,15600,15410,9244.6494140625,941770,14512675700
2016-08-05,PVD,15600,15050,15480,15240,9134.59375,707480,10781995200
2016-08-08,PVD,15480,15180,15480,15480,9281.333984375,510220,7898205600
2016-08-09,PVD,16090,15790,15900,16030,9611.5,1179700,18910591000
2016-08-10,PVD,16460,15900,15900,16460,9868.2958984375,1526530,25126683800
2016-08-11,PVD,16770,16160,16210,16640,9978.3515625,1645290,27377625600
2016-08-12,PVD,17620,16950,17260,17060,10235.146484375,1779990,30366629400
2016-08-15,PVD,17680,17440,17550,17620,10565.3125,1562310,27527902200
2016-08-16,PVD,17750,16830,17750,17190,10308.5166015625,2387510,41041296900
2016-08-17,PVD,17500,17190,17320,17190,10308.5166015625,1524630,26208389700
2016-08-18,PVD,17440,16880,17380,17060,10235.146484375,1559020,26596881200
2016-08-19,PVD,17680,17130,17550,17130,10271.83203125,2308520,39544947600
2016-08-22,PVD,17260,16580,17130,16580,9941.666015625,1126020,18669411600
2016-08-23,PVD,16280,15970,15970,16090,9648.185546875,2207830,35523984700
2016-08-24,PVD,16390,15790,16030,15900,9538.1298828125,1531410,24349419000
2016-08-25,PVD,16390,15670,15790,16030,9611.5,2464620,39507858600
2016-08-26,PVD,16340,16090,16160,16090,9648.185546875,1278960,20578466400
2016-08-29,PVD,16090,15540,16090,15540,9318.01953125,2274810,35350547400
2016-08-30,PVD,15840,15350,15670,15600,9354.7041015625,1352260,21095256000
2016-08-31,PVD,15670,15300,15480,15480,9281.333984375,1178700,18246276000
2016-09-01,PVD,15900,15350,15350,15730,9428.07421875,1825100,28708823000
2016-09-05,PVD,16030,15730,15790,15970,9574.8154296875,2655480,42408015600
2016-09-06,PVD,16640,16160,16160,16580,9941.666015625,2780960,46108316800
2016-09-07,PVD,16580,16160,16520,16340,9794.92578125,2108300,34449622000
2016-09-08,PVD,16580,16210,16460,16340,9794.92578125,1760660,28769184400
2016-09-09,PVD,16770,16390,16390,16390,9831.6103515625,2473210,40535911900
2016-09-12,PVD,16160,15670,16030,15790,9464.759765625,1790570,28273100300
2016-09-13,PVD,15840,15630,15750,15630,9373.046875,2063440,32251567200
2016-09-14,PVD,15730,15480,15570,15540,9318.01953125,965970,15011173800
2016-09-15,PVD,15600,15350,15510,15410,9244.6494140625,987950,15224309500
2016-09-16,PVD,15600,15300,15410,15410,9244.6494140625,3387160,52196135600
2016-09-19,PVD,15810,15540,15600,15670,9391.3896484375,519750,8144482500
2016-09-20,PVD,15670,15450,15480,15510,9299.6767578125,772070,11974805700
2016-09-21,PVD,16000,15510,15600,15900,9538.1298828125,1460170,23216703000
2016-09-22,PVD,16280,15840,16210,15840,9501.4453125,1676080,26549107200
2016-09-23,PVD,16030,15670,15900,15670,9391.3896484375,1147900,17987593000
2016-09-26,PVD,15670,15270,15600,15300,9171.279296875,2261570,34602021000
2016-09-27,PVD,15730,15410,15410,15730,9428.07421875,1071330,16852020900
2016-09-28,PVD,15730,15450,15730,15540,9318.01953125,1213670,18860431800
2016-09-29,PVD,16610,16460,16610,16610,9960.0087890625,6039460,100315430600
2016-09-30,PVD,16700,16239,16640,16280,9758.240234375,3442970,56051551600
2016-10-03,PVD,16520,16280,16340,16340,9794.92578125,1244700,20338398000
2016-10-04,PVD,16520,15970,16520,15970,9574.8154296875,1964650,31375460500
2016-10-05,PVD,16340,15970,16340,16030,9611.5,1315200,21082656000
2016-10-06,PVD,16700,16160,16160,16640,9978.3515625,3649930,60734835200
2016-10-07,PVD,17260,16830,16880,17160,10290.1748046875,3788430,65009458800
2016-10-10,PVD,16950,16580,16770,16640,9978.3515625,1760120,29288396800
2016-10-11,PVD,17320,16860,17130,17190,10308.5166015625,2781990,47822408100
2016-10-12,PVD,17220,16880,17060,17060,10235.146484375,929480,15856928800
2016-10-13,PVD,16860,16640,16770,16830,10088.40625,1396530,23503599900
2016-10-14,PVD,17130,16700,16880,16770,10051.7216796875,1585390,26586990300
2016-10-17,PVD,16700,16340,16640,16390,9831.6103515625,1589330,26049118700
2016-10-18,PVD,16610,16340,16490,16490,9886.638671875,919520,15162884800
2016-10-19,PVD,16770,16430,16770,16460,9868.2958984375,581830,9576921800
2016-10-20,PVD,16730,16340,16640,16370,9813.2685546875,1186170,19417602900
2016-10-21,PVD,16300,16090,16239,16160,9684.8701171875,1232130,19911220800
2016-10-24,PVD,16160,15900,16090,15900,9538.1298828125,790880,12574992000
2016-10-25,PVD,16090,15790,15970,15970,9574.8154296875,933560,14908953200
2016-10-26,PVD,15900,15730,15900,15790,9464.759765625,722410,11406853900
2016-10-27,PVD,15900,15730,15790,15790,9464.759765625,549490,8676447100
2016-10-28,PVD,15970,15790,15790,15840,9501.4453125,651860,10325462400
2016-10-31,PVD,15700,14750,15600,14840,8896.140625,3427480,50863803200
2016-11-01,PVD,14750,14230,14230,14750,8841.11328125,1296110,19117622500
2016-11-02,PVD,14650,14230,14500,14560,8731.0576171875,825160,12014329600
2016-11-03,PVD,14860,14130,14380,14860,8914.4833984375,1120080,16644388800
2016-11-04,PVD,14690,14410,14690,14410,8639.34375,646720,9319235200
2016-11-07,PVD,14750,14410,14410,14560,8731.0576171875,967980,14093788800
2016-11-08,PVD,15270,15030,15210,15100,9059.388671875,1317100,19888210000
2016-11-09,PVD,15130,14190,15130,14770,8857.62109375,1616710,23878806700
2016-11-10,PVD,15240,14860,15070,14860,8918.1513671875,1605090,23851637400
2016-11-11,PVD,14800,14600,14730,14620,8776.9140625,1336690,19542407800
2016-11-14,PVD,14520,14400,14460,14460,8676.029296875,1085180,15691702800
2016-11-15,PVD,14700,14460,14460,14520,8716.3837890625,476710,6921829200
2016-11-16,PVD,15030,14730,14800,15000,8998.8583984375,1208840,18132600000
2016-11-17,PVD,14930,14600,14930,14600,8756.7373046875,688910,10058086000
2016-11-18,PVD,14600,14360,14520,14460,8676.029296875,1102300,15939258000
2016-11-21,PVD,15000,14600,14660,14860,8918.1513671875,1325060,19690391600
2016-11-22,PVD,15600,15330,15470,15370,9220.8037109375,1534930,23591874100
2016-11-23,PVD,15370,15240,15370,15300,9180.4501953125,923060,14122818000
2016-11-24,PVD,15800,15270,15270,15600,9362.041015625,1554840,24255504000
2016-11-25,PVD,15540,15270,15540,15330,9200.626953125,763440,11703535200
2016-11-28,PVD,15000,14700,15000,14730,8837.4443359375,1104860,16274587800
2016-11-29,PVD,15030,14700,14930,14730,8837.4443359375,766910,11296584300
2016-11-30,PVD,14800,14520,14620,14730,8837.4443359375,766540,11291134200
2016-12-01,PVD,15730,15600,15730,15730,9442.7490234375,3815810,60022691300
2016-12-02,PVD,16149,15600,16149,15600,9362.041015625,1554200,24245520000
2016-12-05,PVD,15730,15000,15730,15000,8998.8583984375,1417870,21268050000
2016-12-06,PVD,15270,14520,15130,14700,8817.267578125,1736080,25520376000
2016-12-07,PVD,14770,14520,14520,14520,8716.3837890625,1032480,14991609600
2016-12-08,PVD,14600,14420,14600,14520,8716.3837890625,695220,10094594400
2016-12-09,PVD,14900,14490,14800,14600,8756.7373046875,603220,8807012000
2016-12-12,PVD,15270,14800,15000,14930,8958.5048828125,1351440,20176999200
2016-12-13,PVD,15000,14490,15000,14520,8716.3837890625,1155150,16772778000
2016-12-14,PVD,14520,14260,14520,14490,8696.2060546875,922220,13362967800
2016-12-15,PVD,14520,14190,14300,14330,8595.322265625,790110,11322276300
2016-12-16,PVD,14600,14300,14330,14420,8655.8525390625,1499910,21628702200
2016-12-19,PVD,14800,14460,14800,14460,8676.029296875,1392750,20139165000
2016-12-20,PVD,14700,14400,14520,14460,8676.029296875,1520000,21979200000
2016-12-21,PVD,14730,14520,14620,14700,8817.267578125,918240,13498128000
2016-12-22,PVD,14660,14420,14660,14420,8655.8525390625,773120,11148390400
2016-12-23,PVD,14460,14300,14460,14360,8615.5,597250,8576510000
2016-12-26,PVD,14420,14260,14400,14260,8554.96875,533970,7614412200
2016-12-27,PVD,14260,13720,14130,13850,8312.8466796875,1569700,21740345000
2016-12-28,PVD,14090,13520,13890,13520,8111.07861328125,1134820,15342766400
2016-12-29,PVD,13790,13390,13620,13580,8151.43212890625,906450,12309591000
2016-12-30,PVD,13930,13450,13650,13930,8353.201171875,861360,11998744800
2017-01-03,PVD,14050,13850,13930,13990,8393.5546875,1392330,19478696700
2017-01-04,PVD,14730,13830,13950,14400,8635.67578125,2102840,30280896000
2017-01-05,PVD,14520,14260,14400,14360,8615.5,1103800,15850568000
2017-01-06,PVD,14490,14230,14400,14330,8595.322265625,1125130,16123112900
2017-01-09,PVD,14520,14330,14400,14460,8676.029296875,1225570,17721742200
2017-01-10,PVD,14330,14190,14330,14260,8554.96875,746040,10638530400
2017-01-11,PVD,14330,14090,14130,14330,8595.322265625,1138310,16311982300
2017-01-12,PVD,14660,14460,14460,14520,8716.3837890625,1935660,28105783200
2017-01-13,PVD,14730,14330,14600,14330,8595.322265625,1053640,15098661200
2017-01-16,PVD,14360,14130,14230,14130,8474.2607421875,864490,12215243700
2017-01-17,PVD,14230,14020,14130,14020,8413.7314453125,1002880,14060377600
2017-01-18,PVD,14130,13720,14130,13720,8232.1396484375,1541410,21148145200
2017-01-19,PVD,13750,13520,13650,13520,8111.07861328125,1428140,19308452800
2017-01-20,PVD,13790,13520,13520,13580,8151.43212890625,542640,7369051200
2017-01-23,PVD,13830,13490,13790,13490,8090.90234375,1140920,15391010800
2017-01-24,PVD,14130,13520,13580,13950,8373.376953125,1449920,20226384000
2017-01-25,PVD,14130,13930,13990,14130,8474.2607421875,1117440,15789427200
2017-02-02,PVD,14190,13930,14190,14050,8474.2607421875,724890,10184704500
2017-02-03,PVD,14260,14020,14130,14090,8454.0849609375,1518460,21395101400
2017-02-06,PVD,14700,13930,13990,14400,8635.67578125,2502720,36039168000
2017-02-07,PVD,14560,14330,14400,14400,8635.67578125,1520560,21896064000
2017-02-08,PVD,14460,14190,14260,14260,8554.96875,1481280,21123052800
2017-02-09,PVD,14400,14090,14260,14090,8454.0849609375,1636100,23052649000
2017-02-10,PVD,14420,14190,14190,14330,8595.322265625,1619620,23209154600
2017-02-13,PVD,15270,14520,14600,15270,9160.2734375,4247160,64854133200
2017-02-14,PVD,15710,15000,15100,15330,9200.626953125,3598590,55166384700
2017-02-15,PVD,15400,15070,15270,15100,9059.388671875,1942230,29327673000
2017-02-16,PVD,15300,14770,15130,14800,8877.7978515625,3392530,50209444000
2017-02-17,PVD,15000,14660,14800,14930,8958.5048828125,2787350,41615135500
2017-02-20,PVD,15540,14930,14930,15500,9301.5107421875,2864890,44405795000
2017-02-21,PVD,15870,15470,15540,15470,9281.333984375,3082120,47680396400
2017-02-22,PVD,15940,15600,15800,15680,9402.39453125,3181200,49881216000
2017-02-23,PVD,15680,15270,15600,15370,9220.8037109375,2856340,43901945800
2017-02-24,PVD,15680,15300,15540,15500,9301.5107421875,2160310,33484805000
2017-02-27,PVD,15400,15100,15330,15240,9140.0966796875,2720940,41467125600
2017-02-28,PVD,15370,14930,15240,14930,8958.5048828125,1305560,19492010800
2017-03-01,PVD,15170,14830,14930,14930,8958.5048828125,1999230,29848503900
2017-03-02,PVD,15070,14800,14930,14800,8877.7978515625,1792760,26532848000
2017-03-03,PVD,14770,14330,14770,14460,8676.029296875,3087940,44651612400
2017-03-06,PVD,14660,14330,14520,14330,8595.322265625,1897500,27191175000
2017-03-07,PVD,14620,14260,14330,14620,8776.9140625,1376980,20131447600
2017-03-08,PVD,14700,14420,14520,14560,8736.5595703125,1002340,14594070400
2017-03-09,PVD,14400,14130,14300,14230,8534.7919921875,2405460,34229695800
2017-03-10,PVD,14230,14020,14130,14230,8534.7919921875,1747910,24872759300
2017-03-13,PVD,14050,13950,13990,13990,8393.5546875,1352040,18915039600
2017-03-14,PVD,14230,13930,13930,14050,8433.908203125,1058720,14875016000
2017-03-15,PVD,14130,13830,14130,13890,8333.0234375,1591740,22109268600
2017-03-16,PVD,14190,13990,14090,14160,8494.4384765625,1025660,14523345600
2017-03-17,PVD,14230,13990,14050,13990,8393.5546875,2453550,34325164500
2017-03-20,PVD,14160,13930,13930,13990,8393.5546875,1230520,17214974800
2017-03-21,PVD,14050,13890,14050,13890,8333.0234375,1391230,19324184700
2017-03-22,PVD,13930,13650,13890,13650,8191.7861328125,2610490,35633188500
2017-03-23,PVD,13850,13650,13650,13720,8232.1396484375,1081090,14832554800
2017-03-24,PVD,13890,13520,13790,13790,8272.4931640625,2775590,38275386100
2017-03-27,PVD,13790,13540,13790,13540,8131.255859375,1780530,24108376200
2017-03-28,PVD,13650,13420,13580,13650,8191.7861328125,2766280,37759722000
2017-03-29,PVD,13930,13650,13830,13690,8211.962890625,1543020,21123943800
2017-03-30,PVD,13930,13720,13930,13720,8232.1396484375,1302630,17872083600
2017-03-31,PVD,13830,13450,13790,13490,8090.90234375,3517090,47445544100
2017-04-03,PVD,13620,13220,13620,13250,7949.66455078125,3391930,44943072500
2017-04-04,PVD,13490,12950,13250,13250,7949.66455078125,2275080,30144810000
2017-04-05,PVD,13490,13180,13390,13220,7929.48779296875,1698080,22448617600
2017-04-07,PVD,13540,13280,13450,13490,8090.90234375,2714170,36614153300
2017-04-10,PVD,13490,13280,13450,13350,8010.19482421875,1827760,24400596000
2017-04-11,PVD,13790,13420,13540,13490,8090.90234375,2105750,28406567500
2017-04-12,PVD,13750,13420,13580,13620,8171.609375,2742770,37356527400
2017-04-13,PVD,13620,13420,13520,13450,8070.7255859375,1301100,17499795000
2017-04-14,PVD,13450,13060,13390,13220,7929.48779296875,1874620,24782476400
2017-04-17,PVD,13320,12920,13220,12920,7747.896484375,1481180,19136845600
2017-04-18,PVD,13060,12710,12920,12950,7768.0732421875,1250390,16192550500
2017-04-19,PVD,12950,12640,12950,12750,7647.01220703125,1105420,14094105000
2017-04-20,PVD,12640,12450,12640,12510,7505.7744140625,1471350,18406588500
2017-04-21,PVD,12710,12410,12470,12510,7505.7744140625,1029800,12882798000
2017-04-24,PVD,12670,12240,12450,12640,7586.48193359375,2449160,30957382400
2017-04-25,PVD,12620,12370,12450,12450,7465.4208984375,619700,7715265000
2017-04-26,PVD,12640,12340,12450,12510,7505.7744140625,1084130,13562466300
2017-04-27,PVD,12850,12470,12640,12470,7485.59765625,2081120,25951566400
2017-04-28,PVD,12300,11640,12110,11900,7485.59765625,4924960,58607024000
2017-05-03,PVD,11770,11100,11700,11100,6658.3486328125,6147280,68234808000
2017-05-04,PVD,10960,10320,10900,10360,6214.45849609375,8337300,86374428000
2017-05-05,PVD,11070,10090,10320,11070,6638.171875,3072660,34014346200
2017-05-08,PVD,11600,10900,11430,10960,6577.64111328125,3030410,33213293600
2017-05-09,PVD,11000,10620,10760,10860,6517.1103515625,1915690,20804393400
2017-05-10,PVD,11070,10830,10900,10960,6577.64111328125,1960440,21486422400
2017-05-11,PVD,11200,10490,11100,10760,6456.58056640625,2976090,32022728400
2017-05-12,PVD,10900,10660,10830,10760,6456.58056640625,1445770,15556485200
2017-05-15,PVD,10830,10620,10830,10760,6456.58056640625,1356970,14600997200
2017-05-16,PVD,11100,10860,10900,10860,6517.1103515625,1995380,21669826800
2017-05-17,PVD,10830,10700,10760,10760,6456.58056640625,919210,9890699600
2017-05-18,PVD,10760,10560,10700,10600,6355.6962890625,1481060,15699236000
2017-05-19,PVD,10760,10620,10700,10620,6375.873046875,1113920,11829830400
2017-05-22,PVD,11030,10830,10960,10900,6537.28759765625,1784760,19453884000
2017-05-23,PVD,10960,10700,10960,10700,6416.2265625,1500930,16059951000
2017-05-24,PVD,10860,10700,10760,10800,6476.75732421875,1312390,14173812000
2017-05-25,PVD,11370,10960,10960,11270,6759.232421875,4078800,45968076000
2017-05-26,PVD,11070,10900,10960,11000,6597.81787109375,2062420,22686620000
2017-05-29,PVD,11030,10860,10960,10960,6577.64111328125,1096180,12014132800
2017-05-30,PVD,10920,10700,10920,10700,6416.2265625,1837000,19655900000
2017-05-31,PVD,10700,10490,10660,10490,6295.166015625,2031930,21314945700
2017-06-01,PVD,10620,10320,10490,10400,6234.63525390625,1858720,19330688000
2017-06-02,PVD,10490,10220,10400,10360,6214.45849609375,1977770,20489697200
2017-06-05,PVD,10420,10300,10360,10300,6174.10498046875,1110730,11440519000
2017-06-06,PVD,10300,10190,10300,10190,6113.57421875,1520400,15492876000
2017-06-07,PVD,10420,10220,10220,10220,6133.7509765625,1478480,15110065600
2017-06-08,PVD,10120,9680,10090,9750,5851.27587890625,3835290,37394077500
2017-06-09,PVD,9960,9750,9750,9790,5871.45263671875,854160,8362226400
2017-06-12,PVD,9750,9350,9750,9380,5629.3310546875,2894400,27149472000
2017-06-13,PVD,9650,9280,9350,9620,5770.568359375,1848520,17782762400
2017-06-14,PVD,9750,9620,9620,9750,5851.27587890625,2170080,21158280000
2017-06-15,PVD,9680,9490,9520,9620,5770.568359375,1824430,17551016600
2017-06-16,PVD,9720,9490,9490,9580,5750.3916015625,6360770,60936176600
2017-06-19,PVD,9790,9620,9790,9650,5790.7451171875,1796660,17337769000
2017-06-20,PVD,9650,9450,9650,9450,5669.6845703125,1714630,16203253500
2017-06-21,PVD,9350,8980,9320,8980,5387.208984375,3906050,35076329000
2017-06-22,PVD,8980,8670,8980,8750,5245.97119140625,3249630,28434262500
2017-06-23,PVD,9110,8770,8810,8810,5286.3251953125,1435510,12646843100
2017-06-26,PVD,9420,9080,9180,9420,5649.5078125,5612600,52870692000
2017-06-27,PVD,9580,9180,9490,9210,5528.44677734375,1988700,18315927000
2017-06-28,PVD,9490,9280,9320,9450,5669.6845703125,1842440,17411058000
2017-06-29,PVD,9720,9420,9520,9420,5649.5078125,2538730,23914836600
2017-06-30,PVD,9490,9240,9450,9320,5588.97705078125,1432080,13346985600
2017-07-03,PVD,9650,9380,9580,9450,5669.6845703125,1751410,16550824500
2017-07-04,PVD,9720,9450,9650,9450,5669.6845703125,1705220,16114329000
2017-07-05,PVD,9540,9350,9490,9420,5649.5078125,1805080,17003853600
2017-07-06,PVD,9450,9180,9210,9320,5588.97705078125,3239670,30193724400
2017-07-07,PVD,9280,8950,9240,9020,5407.3857421875,3237460,29201889200
2017-07-10,PVD,9080,8950,8950,9080,5447.73974609375,1034290,9391353200
2017-07-11,PVD,9110,8950,9050,9080,5447.73974609375,1299680,11801094400
2017-07-12,PVD,9280,9080,9280,9180,5508.27001953125,1896400,17408952000
2017-07-13,PVD,9210,9110,9210,9110,5508.27001953125,1051720,9581169200
2017-07-14,PVD,9180,9020,9180,9080,5447.73974609375,1475150,13394362000
2017-07-17,PVD,9110,8850,9110,8880,5326.6787109375,1501600,13334208000
2017-07-18,PVD,8850,8710,8850,8750,5245.97119140625,1504150,13161312500
2017-07-19,PVD,8910,8770,8810,8910,5346.85595703125,894190,7967232900
2017-07-20,PVD,9380,8950,8980,9080,5447.73974609375,2297920,20865113600
2017-07-21,PVD,9140,8880,9080,8880,5326.6787109375,1262240,11208691200
2017-07-24,PVD,8880,8750,8750,8770,5266.1484375,930060,8156626200
2017-07-25,PVD,8850,8750,8750,8810,5286.3251953125,883560,7784163600
2017-07-26,PVD,9050,8880,8980,8880,5326.6787109375,1257500,11166600000
2017-07-27,PVD,8980,8770,8950,8850,5306.501953125,1061330,9392770500
2017-07-28,PVD,9280,8880,8880,8880,5306.501953125,2420740,21496171200
2017-07-31,PVD,9110,8880,9020,8950,5367.0322265625,2669000,23887550000
2017-08-01,PVD,9540,8980,8980,9540,5730.21533203125,8068990,76978164600
2017-08-02,PVD,9960,9490,9540,9750,5851.27587890625,5393780,52589355000
2017-08-03,PVD,9980,9580,9680,9890,5931.98291015625,3913390,38703427100
2017-08-04,PVD,10490,9750,9790,10450,6274.9892578125,7167000,74895150000
2017-08-07,PVD,10760,10400,10560,10700,6416.2265625,7971790,85298153000
2017-08-08,PVD,10700,10220,10560,10220,6133.7509765625,3610730,36901660600
2017-08-09,PVD,10260,9890,10050,9930,5952.15966796875,4934800,49002564000
2017-08-10,PVD,10320,9850,9890,10320,6194.28173828125,3856410,39798151200
2017-08-11,PVD,10490,10090,10300,10150,6093.39794921875,4126600,41884990000
2017-08-14,PVD,10300,9890,10150,10090,6053.0439453125,2246230,22664460700
2017-08-15,PVD,10090,9830,9980,10090,6053.0439453125,3075570,31032501300
2017-08-16,PVD,10490,9960,10090,10490,6295.166015625,4477470,46968660300
2017-08-17,PVD,10730,10220,10600,10220,6133.7509765625,6361230,65011770600
2017-08-18,PVD,10320,10050,10220,10050,6032.8671875,3295780,33122589000
2017-08-21,PVD,10320,9930,10120,9930,5952.15966796875,3607550,35822971500
2017-08-22,PVD,9980,9720,9890,9750,5851.27587890625,2532520,24692070000
2017-08-23,PVD,9890,9520,9830,9540,5730.21533203125,2173320,20733472800
2017-08-24,PVD,9680,9450,9650,9580,5750.3916015625,1741320,16681845600
2017-08-25,PVD,9890,9540,9620,9830,5891.62939453125,2371220,23309092600
2017-08-28,PVD,10020,9790,9890,9790,5871.45263671875,1458670,14280379300
2017-08-29,PVD,9750,9490,9750,9490,5689.861328125,4114560,39047174400
2017-08-30,PVD,9580,9140,9520,9280,5568.80029296875,4352360,40389900800
2017-08-31,PVD,9280,8950,9080,9280,5568.80029296875,4675130,43385206400
2017-09-01,PVD,9520,9080,9420,9080,5447.73974609375,1857050,16862014000
2017-09-05,PVD,9280,8880,9080,9140,5488.09326171875,2127500,19445350000
2017-09-06,PVD,9420,9140,9210,9180,5508.27001953125,1949370,17895216600
2017-09-07,PVD,9450,9280,9280,9280,5568.80029296875,1904710,17675708800
2017-09-08,PVD,9320,9140,9280,9140,5488.09326171875,1675920,15317908800
2017-09-11,PVD,9180,9020,9080,9020,5407.3857421875,1553950,14016629000
2017-09-12,PVD,9080,8910,9020,8980,5387.208984375,2493610,22392617800
2017-09-13,PVD,9210,8950,9020,9180,5508.27001953125,2332310,21410605800
2017-09-14,PVD,9350,9110,9240,9210,5528.44677734375,1801820,16594762200
2017-09-15,PVD,9280,9080,9180,9110,5467.91650390625,1369300,12474323000
2017-09-18,PVD,9540,9210,9210,9380,5629.3310546875,5178860,48577706800
2017-09-19,PVD,9620,9420,9450,9450,5669.6845703125,4648890,43932010500
2017-09-20,PVD,9540,9320,9540,9350,5609.15380859375,1687900,15781865000
2017-09-21,PVD,9580,9350,9490,9350,5609.15380859375,2106200,19692970000
2017-09-22,PVD,9420,9210,9420,9210,5528.44677734375,1845470,16996778700
2017-09-25,PVD,9420,9210,9240,9320,5588.97705078125,1291340,12035288800
2017-09-26,PVD,9960,9580,9580,9960,5972.33642578125,7444130,74143534800
2017-09-27,PVD,10190,9750,9960,9750,5851.27587890625,4402240,42921840000
2017-09-28,PVD,9980,9680,9720,9830,5891.62939453125,4144320,40738665600
2017-09-29,PVD,9850,9520,9750,9520,5710.0380859375,2051960,19534659200
2017-10-02,PVD,9720,9490,9540,9580,5750.3916015625,2430520,23284381600
2017-10-03,PVD,9540,9210,9540,9350,5609.15380859375,2784240,26032644000
2017-10-04,PVD,9420,9240,9280,9380,5629.3310546875,1123930,10542463400
2017-10-05,PVD,9420,9210,9320,9380,5629.3310546875,1851700,17368946000
2017-10-06,PVD,9580,9380,9490,9420,5649.5078125,1759020,16569968400
2017-10-09,PVD,9350,9240,9280,9320,5588.97705078125,1695100,15798332000
2017-10-10,PVD,9450,9280,9350,9350,5609.15380859375,1349050,12613617500
2017-10-11,PVD,9620,9420,9490,9580,5750.3916015625,2434170,23319348600
2017-10-12,PVD,9650,9490,9580,9490,5689.861328125,1666950,15819355500
2017-10-13,PVD,9680,9420,9450,9680,5810.92236328125,1683950,16300636000
2017-10-16,PVD,9980,9830,9890,9890,5931.98291015625,3386680,33494265200
2017-10-17,PVD,9930,9790,9930,9830,5891.62939453125,1663340,16350632200
2017-10-18,PVD,10150,9830,9890,9960,5972.33642578125,3062150,30499014000
2017-10-19,PVD,10260,9890,10020,10150,6093.39794921875,2589790,26286368500
2017-10-20,PVD,10190,9960,10190,9980,5992.513671875,2993080,29870938400
2017-10-23,PVD,10020,9540,9980,9620,5770.568359375,2226900,21422778000
2017-10-24,PVD,9720,9580,9620,9620,5770.568359375,1042360,10027503200
2017-10-25,PVD,9890,9620,9850,9650,5790.7451171875,1491820,14396063000
2017-10-26,PVD,9850,9620,9680,9720,5831.09912109375,1749460,17004751200
2017-10-27,PVD,9960,9830,9890,9960,5972.33642578125,1841620,18342535200
2017-10-30,PVD,10300,9960,10300,9980,5992.513671875,3471400,34644572000
2017-10-31,PVD,10190,9930,9980,10020,6012.6904296875,2925450,29313009000
2017-11-01,PVD,10700,10090,10150,10520,6315.34228515625,7452410,78399353200
2017-11-02,PVD,10560,10260,10520,10360,6214.45849609375,4388050,45460198000
2017-11-03,PVD,10760,10320,10450,10760,6456.58056640625,4389110,47226823600
2017-11-06,PVD,11200,10830,11070,10830,6496.93359375,7702940,83422840200
2017-11-07,PVD,11530,11000,11030,11370,6819.76318359375,8715810,99098759700
2017-11-08,PVD,11570,11200,11270,11300,6779.4091796875,4033130,45574369000
2017-11-09,PVD,11300,11030,11170,11300,6779.4091796875,3824550,43217415000
2017-11-10,PVD,11770,11300,11370,11500,6900.47021484375,4524960,52037040000
2017-11-13,PVD,12040,11370,11500,11980,7182.94580078125,4553140,54546617200
2017-11-14,PVD,12180,11640,12000,11770,7061.88427734375,5252720,61824514400
2017-11-15,PVD,11640,11300,11430,11570,6940.82373046875,5398860,62464810200
2017-11-16,PVD,12040,11500,11500,12000,7203.12255859375,3480990,41771880000
2017-11-17,PVD,12180,11640,12000,11700,7021.53125,3740480,43763616000
2017-11-20,PVD,12040,11600,11900,11870,7122.4150390625,3025320,35910548400
2017-11-21,PVD,11900,11530,11770,11570,6940.82373046875,3512150,40635575500
2017-11-22,PVD,11940,11600,11770,11900,7142.591796875,3886810,46253039000
2017-11-23,PVD,12510,11940,12110,12240,7344.35986328125,6692870,81920728800
2017-11-24,PVD,12880,12200,12240,12880,7727.7197265625,4045720,52108873600
2017-11-27,PVD,13150,12850,12980,12850,7707.54248046875,3155580,40549203000
2017-11-28,PVD,12710,12340,12710,12510,7505.7744140625,4121990,51566094900
2017-11-29,PVD,12770,12240,12370,12770,7667.18896484375,3100080,39588021600
2017-11-30,PVD,12920,12550,12770,12620,7566.30517578125,2296070,28976403400
2017-12-01,PVD,13070,12710,12920,12710,7626.8349609375,2758830,35064729300
2017-12-04,PVD,13580,12710,13060,13580,8151.43212890625,4868760,66117760800
2017-12-05,PVD,13540,13070,13420,13070,7848.7802734375,4038160,52778751200
2017-12-06,PVD,13540,12770,13060,13450,8070.7255859375,4884720,65699484000
2017-12-07,PVD,13390,12920,13280,12980,7788.25,3620120,46989157600
2017-12-08,PVD,13180,12980,13110,13070,7848.7802734375,2178850,28477569500
2017-12-11,PVD,13180,12750,12810,13070,7848.7802734375,3442210,44989684700
2017-12-12,PVD,13950,12710,13390,13950,8373.376953125,5798230,80885308500
2017-12-13,PVD,14600,13850,14020,14400,8635.67578125,4014780,57812832000
2017-12-14,PVD,14420,14130,14190,14260,8554.96875,2392340,34114768400
2017-12-15,PVD,14800,14260,14260,14800,8877.7978515625,3490430,51658364000
2017-12-18,PVD,15330,14830,15000,14860,8918.1513671875,3887970,57775234200
2017-12-19,PVD,15540,14660,14830,15540,9321.6875,3619030,56239726200
2017-12-20,PVD,16580,15540,15680,15940,9563.8095703125,6540450,104254773000
2017-12-21,PVD,16200,15330,16010,15330,9200.626953125,3832330,58749618900
2017-12-22,PVD,15800,15270,15330,15500,9301.5107421875,2745890,42561295000
2017-12-25,PVD,15980,15540,15600,15710,9422.5712890625,1900420,29855598200
2017-12-26,PVD,16040,15770,15940,16040,9624.33984375,1743660,27968306400
2017-12-27,PVD,16610,16149,16510,16149,9684.8701171875,2217930,35817351570
2017-12-28,PVD,16280,15980,16149,16149,9684.8701171875,1780800,28758139200
2017-12-29,PVD,16200,15500,16149,15710,9422.5712890625,3602210,56590719100
2018-01-02,PVD,16149,15210,15800,15470,9281.333984375,4180640,64674500800
2018-01-03,PVD,16410,15570,15570,16410,9846.28515625,2497750,40988077500
2018-01-04,PVD,17110,16610,16960,16810,10088.40625,3405050,57238890500
2018-01-05,PVD,17220,16480,16850,16780,10068.23046875,2548600,42765508000
2018-01-08,PVD,16960,16379,16550,16810,10088.40625,3221890,54159970900
2018-01-09,PVD,17830,16960,17150,17830,10693.7119140625,3595620,64109904600
2018-01-10,PVD,19070,18360,18560,19070,11440.2529296875,5252120,100157928400
2018-01-11,PVD,19170,18560,18560,18900,11339.369140625,3852210,72806769000
2018-01-12,PVD,19430,18390,18630,18630,11177.9541015625,4640650,86455309500
2018-01-15,PVD,19030,18430,18830,18770,11258.662109375,2321410,43572865700
2018-01-16,PVD,19300,18500,19030,19030,11420.076171875,2932920,55813467600
2018-01-17,PVD,19170,18160,18160,18160,11420.076171875,2804910,50937165600
2018-01-18,PVD,18360,17490,18090,18300,10976.1865234375,3859030,70620249000
2018-01-19,PVD,18300,17620,18300,17620,10572.650390625,6295170,110920895400
2018-01-22,PVD,18730,17620,17830,18630,10572.650390625,4177420,77825334600
2018-01-25,PVD,19900,19640,19900,19900,11944.6728515625,8185640,162894236000
2018-01-26,PVD,20490,19580,20110,19900,11944.6728515625,3680120,73234388000
2018-01-29,PVD,20850,19710,19900,20590,12348.2099609375,3575430,73618103700
2018-01-30,PVD,20450,19710,20050,19840,11904.3193359375,4619380,91648499200
2018-01-31,PVD,19510,18460,19510,18460,11077.0703125,9205020,169924669200
2018-02-01,PVD,18560,17180,18460,17180,10310.3515625,7169800,123177164000
2018-02-02,PVD,18050,16340,17180,17830,10693.7119140625,3865260,68917585800
2018-02-05,PVD,16960,16580,16610,16580,9947.1689453125,2050790,34002098200
2018-02-06,PVD,15430,15430,15430,15430,9261.1572265625,534460,8246717800
2018-02-07,PVD,16079,14730,15540,14800,8877.7978515625,5892910,87215068000
2018-02-08,PVD,14130,13790,13790,13790,8272.4931640625,3711730,51184756700
2018-02-09,PVD,13450,12850,12850,13390,8030.3720703125,5370130,71906040700
2018-02-12,PVD,14300,12850,13450,14300,8575.1455078125,2035110,29102073000
2018-02-13,PVD,14930,14400,14400,14460,8676.029296875,2077870,30046000200
2018-02-21,PVD,14800,13930,14800,13930,8353.201171875,3202760,44614446800
2018-02-22,PVD,13850,12980,13650,13060,7828.603515625,5146350,67211331000
2018-02-23,PVD,13950,13390,13520,13950,8373.376953125,1770730,24701683500
2018-02-26,PVD,14800,14160,14460,14260,8554.96875,2415540,34445600400
2018-02-27,PVD,14860,14130,14260,14800,8877.7978515625,2858380,42304024000
2018-02-28,PVD,15470,14460,14660,15470,8877.7978515625,3186410,49293762700
2018-03-01,PVD,15370,14660,15070,14800,8877.7978515625,2209810,32705188000
2018-03-02,PVD,14930,14260,14460,14930,8958.5048828125,1595730,23824248900
2018-03-05,PVD,15300,14730,15300,14800,8877.7978515625,2234750,33074300000
2018-03-06,PVD,15030,14620,15000,14800,8877.7978515625,1208610,17887428000
2018-03-07,PVD,15240,14700,14730,15000,8998.8583984375,2205570,33083550000
2018-03-08,PVD,15070,14860,15000,14930,8958.5048828125,661300,9873209000
2018-03-09,PVD,14800,14360,14800,14400,8635.67578125,1287660,18542304000
2018-03-12,PVD,14770,14360,14770,14460,8676.029296875,894840,12939386400
2018-03-13,PVD,14460,13450,14460,13930,8353.201171875,2806980,39101231400
2018-03-14,PVD,14460,13450,13850,14190,8514.615234375,2059250,29220757500
2018-03-15,PVD,14190,13950,13990,13990,8393.5546875,690070,9654079300
2018-03-16,PVD,14360,13850,14090,13990,8393.5546875,1947860,27250561400
2018-03-19,PVD,14600,14130,14130,14420,8655.8525390625,1662990,23980315800
2018-03-20,PVD,14460,14130,14260,14130,8474.2607421875,691690,9773579700
2018-03-21,PVD,14930,14520,14520,14860,8918.1513671875,3103240,46114146400
2018-03-22,PVD,15540,15210,15540,15240,9140.0966796875,2769100,42201084000
2018-03-23,PVD,15130,14460,14460,15000,8998.8583984375,1553780,23306700000
2018-03-26,PVD,15000,13950,15000,13950,8373.376953125,2774880,38709576000
2018-03-27,PVD,13750,12980,13580,13060,7828.603515625,3267280,42670676800
2018-03-28,PVD,13110,12370,12770,12850,7707.54248046875,1652040,21228714000
2018-03-29,PVD,13320,12640,12850,12770,7667.18896484375,920090,11749549300
2018-03-30,PVD,13020,12670,12770,12850,7707.54248046875,607850,7810872500
2018-04-02,PVD,13110,12370,13110,12770,7667.18896484375,1384970,17686066900
2018-04-03,PVD,12640,12110,12450,12470,7485.59765625,2102530,26218549100
2018-04-04,PVD,12640,12150,12510,12180,7304.00634765625,1413310,17214115800
2018-04-05,PVD,12470,11980,12180,12450,7465.4208984375,1296330,16139308500
2018-04-06,PVD,12450,12200,12270,12370,7425.0673828125,590030,7298671100
2018-04-09,PVD,12340,12150,12150,12300,7384.7138671875,864260,10630398000
2018-04-10,PVD,12370,12180,12300,12300,7384.7138671875,852440,10485012000
2018-04-11,PVD,12980,12410,12980,12550,7525.951171875,1655630,20778156500
2018-04-12,PVD,13420,12550,12640,13420,8050.54833984375,2318320,31111854400
2018-04-13,PVD,13750,13070,13450,13110,7868.95703125,1586070,20793377700
2018-04-16,PVD,13490,12880,13490,13110,7868.95703125,984240,12903386400
2018-04-17,PVD,12920,12580,12880,12620,7566.30517578125,1054970,13313721400
2018-04-18,PVD,12710,12340,12550,12340,7404.890625,721650,8905161000
2018-04-19,PVD,12770,12300,12640,12300,7384.7138671875,1073900,13208970000
2018-04-20,PVD,12580,12200,12300,12270,7364.537109375,1234450,15146701500
2018-04-23,PVD,12550,11980,12270,12110,7263.65283203125,996380,12066161800
2018-04-24,PVD,12580,12110,12110,12410,7445.24365234375,1044930,12967581300
2018-04-26,PVD,12620,11840,12620,11840,7102.23828125,738070,8738748800
2018-04-27,PVD,11840,11370,11700,11430,6860.11669921875,993700,11357991000
2018-05-02,PVD,10830,10660,10660,10660,6396.0498046875,3060570,32625676200
2018-05-03,PVD,10360,9930,10360,9960,5972.33642578125,1422260,14165709600
2018-05-04,PVD,10300,9850,10090,9930,5952.15966796875,1074330,10668096900
2018-05-07,PVD,10400,9980,10090,10400,6234.63525390625,994100,10338640000
2018-05-08,PVD,10860,10220,10400,10360,6214.45849609375,1245890,12907420400
2018-05-09,PVD,10730,10420,10730,10490,6295.166015625,721620,7569793800
2018-05-10,PVD,10830,10420,10830,10420,6254.81201171875,1052030,10962152600
2018-05-11,PVD,10420,10090,10420,10150,6093.39794921875,582480,5912172000
2018-05-14,PVD,10420,10150,10150,10400,6234.63525390625,421650,4385160000
2018-05-15,PVD,10730,10420,10450,10600,6355.6962890625,971820,10301292000
2018-05-16,PVD,11170,10560,10620,11030,6617.99462890625,1702510,18778685300
2018-05-17,PVD,11770,11170,11170,11500,6900.47021484375,2271960,26127540000
2018-05-18,PVD,11900,11170,11770,11370,6819.76318359375,1395280,15864333600
2018-05-21,PVD,11430,10900,11430,10960,6577.64111328125,847010,9283229600
2018-05-22,PVD,11030,10320,10830,10320,6194.28173828125,1437380,14833761600
2018-05-23,PVD,10600,9890,10300,10320,6194.28173828125,1403540,14484532800
2018-05-24,PVD,10490,9980,10420,10090,6053.0439453125,469200,4734228000
2018-05-25,PVD,10090,9380,10020,9380,5629.3310546875,1882940,17661977200
2018-05-28,PVD,9050,8750,8810,8750,5245.97119140625,1363400,11929750000
2018-05-29,PVD,9350,8410,8950,9080,5447.73974609375,1039890,9442201200
2018-05-30,PVD,9350,8850,9080,9080,5447.73974609375,706890,6418561200
2018-05-31,PVD,9280,9020,9140,9050,5427.5625,606280,5486834000
2018-06-01,PVD,9180,8810,9050,9020,5407.3857421875,1085370,9790037400
2018-06-04,PVD,9320,9080,9080,9210,5528.44677734375,1331970,12267443700
2018-06-05,PVD,9850,9140,9210,9850,5911.806640625,1333590,13135861500
2018-06-06,PVD,10220,9850,9890,10220,6133.7509765625,860100,8790222000
2018-06-07,PVD,10300,9830,10220,9960,5972.33642578125,1157370,11527405200
2018-06-08,PVD,9960,9720,9890,9930,5952.15966796875,813460,8077657800
2018-06-11,PVD,9830,9580,9750,9580,5750.3916015625,566490,5426974200
2018-06-12,PVD,9540,9020,9420,9240,5548.6240234375,1100440,10168065600
2018-06-13,PVD,9680,9210,9210,9680,5810.92236328125,431080,4172854400
2018-06-14,PVD,9680,9350,9680,9380,5629.3310546875,544270,5105252600
2018-06-15,PVD,9490,9280,9320,9420,5649.5078125,488770,4604213400
2018-06-18,PVD,9280,8950,9280,9020,5407.3857421875,1308680,11804293600
2018-06-19,PVD,9080,8580,9080,8670,5205.61767578125,1062500,9211875000
2018-06-20,PVD,8950,8670,8750,8950,5367.0322265625,1155670,10343246500
2018-06-21,PVD,8950,8640,8950,8640,5185.44091796875,672240,5808153600
2018-06-22,PVD,8880,8640,8670,8880,5326.6787109375,668340,5934859200
2018-06-25,PVD,9450,9180,9450,9280,5568.80029296875,811390,7529699200
2018-06-26,PVD,9210,9080,9140,9080,5447.73974609375,444960,4040236800
2018-06-27,PVD,9490,9140,9280,9180,5508.27001953125,1219940,11199049200
2018-06-28,PVD,9320,9020,9320,9050,5427.5625,545720,4938766000
2018-06-29,PVD,9490,9050,9280,9180,5508.27001953125,624720,5734929600
2018-07-02,PVD,9180,8810,9180,8910,5346.85595703125,738610,6581015100
2018-07-03,PVD,9110,8610,8910,8750,5245.97119140625,840550,7354812500
2018-07-04,PVD,9080,8510,8880,8580,5145.08740234375,876820,7523115600
2018-07-05,PVD,8750,8200,8550,8550,5124.91064453125,531780,4546719000
2018-07-06,PVD,8750,8340,8550,8670,5205.61767578125,587900,5097093000
2018-07-09,PVD,9020,8670,8810,8670,5205.61767578125,661790,5737719300
2018-07-10,PVD,8810,8580,8670,8610,5165.2646484375,657360,5659869600
2018-07-11,PVD,8610,8410,8610,8470,5084.55712890625,342540,2901313800
2018-07-12,PVD,8440,8200,8410,8270,4963.49609375,565910,4680075700
2018-07-13,PVD,8410,8200,8300,8270,4963.49609375,742600,6141302000
2018-07-16,PVD,8470,8270,8270,8270,4963.49609375,575950,4763106500
2018-07-17,PVD,8340,8039,8270,8200,4923.142578125,675650,5540330000
2018-07-18,PVD,8770,8140,8370,8770,5266.1484375,2146160,18821823200
2018-07-19,PVD,8910,8550,8810,8550,5124.91064453125,705530,6032281500
2018-07-20,PVD,8670,8470,8550,8510,5104.73388671875,971920,8271039200
2018-07-23,PVD,8880,8470,8510,8550,5124.91064453125,925170,7910203500
2018-07-24,PVD,8850,8470,8550,8750,5124.91064453125,2374100,20773375000
2018-07-25,PVD,9240,8880,8950,9080,5447.73974609375,3890640,35327011200
2018-07-26,PVD,9140,8710,9140,8750,5245.97119140625,1036790,9071912500
2018-07-27,PVD,9020,8610,8810,8710,5225.79443359375,1431360,12467145600
2018-07-30,PVD,8810,8550,8640,8770,5266.1484375,1292390,11334260300
2018-07-31,PVD,8980,8640,8710,8850,5306.501953125,1694510,14996413500
2018-08-01,PVD,9450,8950,8980,9380,5629.3310546875,6993540,65599405200
2018-08-02,PVD,9750,9140,9210,9490,5689.861328125,3419090,32447164100
2018-08-03,PVD,10120,9830,10090,10090,6053.0439453125,5756990,58088029100
2018-08-06,PVD,10450,9930,10020,9960,5972.33642578125,5022680,50025892800
2018-08-07,PVD,10020,9790,9960,9790,5871.45263671875,3467200,33943888000
2018-08-08,PVD,10450,9890,9930,10450,6274.9892578125,3262950,34097827500
2018-08-09,PVD,11000,10320,10700,10420,6254.81201171875,5609620,58452240400
2018-08-10,PVD,11000,10400,10420,11000,6597.81787109375,3795520,41750720000
2018-08-13,PVD,11170,10800,11000,11070,6638.171875,3696180,40916712600
2018-08-14,PVD,11000,10760,10960,10900,6537.28759765625,3234100,35251690000
2018-08-15,PVD,11070,10150,11030,10150,6093.39794921875,6506050,66036407500
2018-08-16,PVD,10020,9450,9790,9930,5952.15966796875,5523480,54848156400
2018-08-17,PVD,10150,9420,10150,9420,5649.5078125,3512120,33084170400
2018-08-20,PVD,9680,9320,9320,9490,5689.861328125,1733270,16448732300
2018-08-21,PVD,9830,9490,9490,9830,5891.62939453125,1755690,17258432700
2018-08-22,PVD,10020,9620,10020,9650,5790.7451171875,2726200,26307830000
2018-08-23,PVD,9960,9680,9790,9960,5972.33642578125,2357700,23482692000
2018-08-24,PVD,10490,9790,9830,10450,6274.9892578125,5292260,55304117000
2018-08-27,PVD,10730,10220,10620,10220,6133.7509765625,5030630,51413038600
2018-08-28,PVD,10450,10260,10300,10420,6254.81201171875,2315140,24123758800
2018-08-29,PVD,10450,10190,10360,10260,6153.927734375,2468520,25327015200
2018-08-30,PVD,10760,10300,10360,10600,6355.6962890625,3535720,37478632000
2018-08-31,PVD,10760,10360,10620,10400,6234.63525390625,2626910,27319864000
2018-09-04,PVD,10400,9960,10360,10150,6093.39794921875,4038470,40990470500
2018-09-05,PVD,10150,9540,9960,9680,5810.92236328125,3061570,29635997600
2018-09-06,PVD,9830,9650,9680,9720,5831.09912109375,2125920,20663942400
2018-09-07,PVD,9980,9720,9720,9890,5931.98291015625,1975390,19536607100
2018-09-10,PVD,10220,9830,9830,9960,5972.33642578125,2158400,21497664000
2018-09-11,PVD,10300,9890,9890,10220,6133.7509765625,2176500,22243830000
2018-09-12,PVD,10920,10420,10620,10700,6416.2265625,7662870,81992709000
2018-09-13,PVD,11230,10760,10830,10860,6517.1103515625,4994360,54238749600
2018-09-14,PVD,11130,10860,10860,11000,6597.81787109375,2937650,32314150000
2018-09-17,PVD,11640,11100,11100,11600,6961.00048828125,4762430,55244188000
2018-09-18,PVD,11900,11270,11370,11800,7082.0615234375,4190460,49447428000
2018-09-19,PVD,12270,11500,11980,11770,7061.88427734375,5822110,68526234700
2018-09-20,PVD,12240,11770,11980,12240,7344.35986328125,4265390,52208373600
2018-09-21,PVD,12410,11770,12240,11980,7182.94580078125,4492080,53815118400
2018-09-24,PVD,12750,12040,12110,12750,7647.01220703125,3374840,43029210000
2018-09-25,PVD,13520,12880,13070,13390,8030.3720703125,4745210,63538361900
2018-09-26,PVD,13450,13070,13180,13150,7889.1337890625,3492440,45925586000
2018-09-27,PVD,14050,13180,13250,14050,8433.908203125,5824390,81832679500
2018-09-28,PVD,14460,13850,14260,13930,8353.201171875,3833320,53398147600
2018-10-01,PVD,14860,14050,14300,14600,8756.7373046875,3885950,56734870000
2018-10-02,PVD,15170,13650,15000,14130,8474.2607421875,7302420,103183194600
2018-10-03,PVD,14460,13830,14090,14130,8474.2607421875,5188810,73317885300
2018-10-04,PVD,14930,14560,14800,14730,8837.4443359375,4001500,58942095000
2018-10-05,PVD,14560,13720,14260,13720,8232.1396484375,7415290,101737778800
2018-10-08,PVD,13520,12850,13150,13110,7868.95703125,6662480,87345112800
2018-10-09,PVD,13690,13320,13320,13690,8211.962890625,2563800,35098422000
2018-10-10,PVD,13720,13060,13720,13110,7868.95703125,3728390,48879192900
2018-10-11,PVD,12450,12200,12300,12200,7324.18310546875,6512850,79456770000
2018-10-12,PVD,12580,11600,12110,12270,7364.537109375,5878190,72125391300
2018-10-15,PVD,12450,11980,12300,11980,7182.94580078125,3026560,36258188800
2018-10-16,PVD,12450,12000,12200,12450,7465.4208984375,1784650,22218892500
2018-10-17,PVD,13150,12710,12770,13020,7808.42626953125,3678530,47894460600
2018-10-18,PVD,13020,12710,12750,12770,7667.18896484375,3038060,38796026200
2018-10-19,PVD,12580,12110,12450,12580,7546.12841796875,5347510,67271675800
2018-10-22,PVD,12850,12370,12580,12370,7425.0673828125,2626090,32484733300
2018-10-23,PVD,12370,11530,12340,11800,7082.0615234375,5218550,61578890000
2018-10-24,PVD,11600,11000,11300,11000,6597.81787109375,3965740,43623140000
2018-10-25,PVD,11000,10260,10300,10900,6537.28759765625,4161470,45360023000
2018-10-26,PVD,11100,10150,11100,10150,6093.39794921875,3332060,33820409000
2018-10-29,PVD,10600,10120,10300,10300,6174.10498046875,2563020,26399106000
2018-10-30,PVD,10860,9930,10090,10490,6295.166015625,3765030,39495164700
2018-10-31,PVD,11200,10800,10900,11200,6718.87890625,3505260,39258912000
2018-11-01,PVD,11230,10620,11100,10730,6436.4033203125,3742380,40155737400
2018-11-02,PVD,11000,10490,10700,10960,6577.64111328125,3668640,40208294400
2018-11-05,PVD,11530,10760,10760,11390,6839.93994140625,4330210,49321091900
2018-11-06,PVD,11740,11200,11500,11200,6718.87890625,3483980,39020576000
2018-11-07,PVD,11300,10960,11100,11170,6698.70166015625,2984800,33340216000
2018-11-08,PVD,11470,11070,11330,11070,6638.171875,2057830,22780178100
2018-11-09,PVD,10900,10490,10830,10560,6335.51904296875,3611060,38132793600
2018-11-12,PVD,10960,10400,10560,10960,6577.64111328125,3308890,36265434400
2018-11-13,PVD,10830,10490,10520,10700,6416.2265625,2248410,24057987000
2018-11-14,PVD,10490,10150,10360,10300,6174.10498046875,3070490,31626047000
2018-11-15,PVD,10560,10300,10420,10520,6315.34228515625,2031260,21368855200
2018-11-16,PVD,11030,10730,10830,10860,6517.1103515625,2296790,24943139400
2018-11-19,PVD,11170,10960,11100,11070,6638.171875,3044540,33703057800
2018-11-20,PVD,11230,10830,10960,11100,6658.3486328125,2492790,27669969000
2018-11-21,PVD,10920,10660,10760,10920,6557.46435546875,1205810,13167445200
2018-11-22,PVD,11170,10560,11100,10560,6335.51904296875,1493160,15767769600
2018-11-23,PVD,10700,10400,10620,10420,6254.81201171875,2574430,26825560600
2018-11-26,PVD,10400,10220,10220,10300,6174.10498046875,1501680,15467304000
2018-11-27,PVD,10560,10300,10420,10400,6234.63525390625,2151830,22379032000
2018-11-28,PVD,10620,10320,10320,10620,6375.873046875,1697890,18031591800
2018-11-29,PVD,10620,10360,10620,10360,6214.45849609375,1432010,14835623600
2018-11-30,PVD,10660,10360,10450,10660,6396.0498046875,1526670,16274302200
2018-12-03,PVD,11300,10900,10960,11300,6779.4091796875,3512610,39692493000
2018-12-04,PVD,11390,11170,11200,11230,6739.0556640625,2490900,27972807000
2018-12-05,PVD,11200,10920,11000,11100,6658.3486328125,2657980,29503578000
2018-12-06,PVD,11390,10960,10960,11130,6678.52490234375,1828250,20348422500
2018-12-07,PVD,11170,10800,11130,10900,6537.28759765625,3325910,36252419000
2018-12-10,PVD,11270,10960,11100,11200,6718.87890625,2403020,26913824000
2018-12-11,PVD,11330,11070,11170,11230,6739.0556640625,2736330,30728985900
2018-12-12,PVD,11770,11300,11300,11700,6739.0556640625,4817520,56364984000
2018-12-13,PVD,11870,11600,11770,11640,6981.17724609375,1544470,17977630800
2018-12-14,PVD,11900,11570,11770,11570,6940.82373046875,3019040,34930292800
2018-12-17,PVD,11500,11170,11500,11330,6799.5859375,4106280,46524152400
2018-12-18,PVD,11130,10830,10830,11130,6678.52490234375,3628350,40383535500
2018-12-19,PVD,10960,10600,10900,10620,6375.873046875,3477800,36934236000
2018-12-20,PVD,10830,10560,10620,10760,6456.58056640625,1802350,19393286000
2018-12-21,PVD,10800,10450,10520,10730,6436.4033203125,686220,7363140600
2018-12-24,PVD,10660,10090,10490,10090,6053.0439453125,1290470,13020842300
2018-12-25,PVD,9890,9380,9540,9520,5710.0380859375,4468630,42541357600
2018-12-26,PVD,9680,9490,9520,9620,5770.568359375,1488150,14316003000
2018-12-27,PVD,10300,9960,10050,10090,6053.0439453125,1930190,19475617100
2018-12-28,PVD,10150,9830,9960,9830,6053.0439453125,1213140,11925166200
2019-01-02,PVD,10090,9540,9960,9540,5730.21533203125,1038130,9903760200
2019-01-03,PVD,9750,9350,9540,9350,5609.15380859375,1501000,14034350000
2019-01-04,PVD,9750,9320,9350,9620,5770.568359375,1169010,11245876200
2019-01-07,PVD,9960,9750,9960,9890,5931.98291015625,791640,7829319600
2019-01-08,PVD,10300,9750,9960,10220,6133.7509765625,2801390,28630205800
2019-01-09,PVD,10620,10150,10150,10420,6254.81201171875,2275020,23705708400
2019-01-10,PVD,10660,10300,10600,10320,6194.28173828125,1681450,17352564000
2019-01-11,PVD,10420,10190,10420,10220,6133.7509765625,1372650,14028483000
2019-01-14,PVD,10220,9980,10150,9980,5992.513671875,1115400,11131692000
2019-01-15,PVD,10300,9980,9980,10260,6153.927734375,877070,8998738200
2019-01-16,PVD,10450,10260,10400,10400,6234.63525390625,1253550,13036920000
2019-01-17,PVD,10620,10300,10360,10420,6254.81201171875,1248260,13006869200
2019-01-18,PVD,10520,10190,10520,10190,6113.57421875,1039310,10590568900
2019-01-21,PVD,10520,10190,10260,10420,6254.81201171875,937260,9766249200
2019-01-22,PVD,10700,10400,10400,10490,6295.166015625,2749630,28843618700
2019-01-23,PVD,10520,10400,10420,10490,6295.166015625,1452910,15241025900
2019-01-24,PVD,10800,10490,10560,10660,6396.0498046875,1572170,16759332200
2019-01-25,PVD,10760,10560,10700,10620,6375.873046875,942870,10013279400
2019-01-28,PVD,11030,10700,10800,10920,6557.46435546875,2543110,27770761200
2019-01-29,PVD,10900,10760,10800,10900,6537.28759765625,1084650,11822685000
2019-01-30,PVD,11130,10900,10900,10960,6577.64111328125,1250170,13701863200
2019-01-31,PVD,11370,10960,11370,10960,6577.64111328125,1736690,19034122400
2019-02-01,PVD,11070,10830,10860,10960,6577.64111328125,1090940,11956702400
2019-02-11,PVD,11270,11030,11100,11200,6718.87890625,1945730,21792176000
2019-02-12,PVD,11370,10960,11230,11030,6617.99462890625,3419290,37714768700
2019-02-13,PVD,11570,11170,11170,11530,6920.64697265625,3401270,39216643100
2019-02-14,PVD,11570,11330,11530,11330,6799.5859375,1126440,12762565200
2019-02-15,PVD,11640,11300,11370,11470,6880.29296875,3361310,38554225700
2019-02-18,PVD,12080,11680,11770,12000,6880.29296875,3531110,42373320000
2019-02-19,PVD,12150,11680,12000,11680,7001.3544921875,2933790,34266667200
2019-02-20,PVD,11900,11640,11740,11700,7021.53125,1567600,18340920000
2019-02-21,PVD,12000,11700,11870,11840,7102.23828125,2514020,29765996800
2019-02-22,PVD,12110,11680,11700,11870,7122.4150390625,1856080,22031669600
2019-02-25,PVD,12080,11840,12040,11840,7102.23828125,1976420,23400812800
2019-02-26,PVD,11740,11430,11640,11640,6981.17724609375,5210570,60651034800
2019-02-27,PVD,11900,11570,11770,11570,6940.82373046875,2179110,25212302700
2019-02-28,PVD,11870,11430,11740,11430,6860.11669921875,3276110,37445937300
2019-03-01,PVD,11770,11530,11770,11740,7041.7080078125,2312530,27149102200
2019-03-04,PVD,12410,11980,12040,12370,7425.0673828125,5259700,65062489000
2019-03-05,PVD,12580,12180,12180,12300,7384.7138671875,4250240,52277952000
2019-03-06,PVD,12920,12110,12270,12920,7747.896484375,3728800,48176096000
2019-03-07,PVD,12980,12710,12920,12710,7626.8349609375,2663760,33856389600
2019-03-08,PVD,12640,12300,12640,12450,7626.8349609375,2962910,36888229500
2019-03-11,PVD,12470,12080,12450,12370,7425.0673828125,2543440,31462352800
2019-03-12,PVD,12710,12450,12640,12640,7586.48193359375,2244540,28370985600
2019-03-13,PVD,12750,12410,12710,12450,7465.4208984375,1607990,20019475500
2019-03-14,PVD,12640,12410,12640,12410,7445.24365234375,1772540,21997221400
2019-03-15,PVD,12620,12300,12450,12550,7525.951171875,1726070,21662178500
2019-03-18,PVD,12810,12620,12640,12670,7606.65869140625,1921530,24345785100
2019-03-19,PVD,13060,12670,12850,12710,7626.8349609375,2877300,36570483000
2019-03-20,PVD,12710,12200,12620,12510,7505.7744140625,2220530,27778830300
2019-03-21,PVD,12750,11640,12640,11640,6981.17724609375,3771070,43895254800
2019-03-22,PVD,11980,11640,11840,11840,7102.23828125,3818910,45215894400
2019-03-25,PVD,11430,11230,11300,11370,6819.76318359375,5047310,57387914700
2019-03-26,PVD,11840,11300,11530,11800,7082.0615234375,2244530,26485454000
2019-03-27,PVD,12000,11800,11980,11800,7082.0615234375,1516180,17890924000
2019-03-28,PVD,11940,11640,11740,11900,7142.591796875,1855930,22085567000
2019-03-29,PVD,12300,12000,12110,12040,7223.29931640625,2789710,33588108400
2019-04-01,PVD,12370,12180,12270,12370,7425.0673828125,2116610,26182465700
2019-04-02,PVD,12710,12410,12710,12510,7505.7744140625,3548500,44391735000
2019-04-03,PVD,12920,12450,12620,12920,7747.896484375,6347630,82011379600
2019-04-04,PVD,13250,12880,12980,12920,7747.896484375,3757750,48550130000
2019-04-05,PVD,13180,12810,12950,13110,7868.95703125,2937510,38510756100
2019-04-08,PVD,13690,13350,13420,13650,8191.7861328125,5698410,77783296500
2019-04-09,PVD,13750,13250,13650,13250,7949.66455078125,6109170,80946502500
2019-04-10,PVD,13520,13020,13180,13250,7949.66455078125,5296730,70181672500
2019-04-11,PVD,13420,12880,13320,12880,7727.7197265625,2906370,37434045600
2019-04-12,PVD,13180,12510,12770,13020,7808.42626953125,2292210,29844574200
2019-04-16,PVD,13020,12550,12710,13020,7808.42626953125,2255280,29363745600
2019-04-17,PVD,13390,12920,13180,12920,7747.896484375,3633580,46945853600
2019-04-18,PVD,13020,12410,12810,12640,7586.48193359375,3120360,39441350400
2019-04-19,PVD,12810,12510,12750,12640,7586.48193359375,1193740,15088873600
2019-04-22,PVD,13060,12640,12750,12850,7707.54248046875,2822490,36268996500
2019-04-23,PVD,13070,12850,13060,12850,7707.54248046875,2892680,37170938000
2019-04-24,PVD,13060,12670,12920,12770,7667.18896484375,3208920,40977908400
2019-04-25,PVD,12850,12550,12640,12810,7687.36572265625,2031600,26024796000
2019-04-26,PVD,12810,12640,12640,12750,7647.01220703125,2231960,28457490000
2019-05-02,PVD,13150,12640,12850,13110,7868.95703125,4904560,64298781600
2019-05-03,PVD,13110,12850,12950,12920,7747.896484375,2124300,27445956000
2019-05-06,PVD,12640,12370,12580,12470,7485.59765625,2703870,33717258900
2019-05-07,PVD,12950,12450,12620,12950,7768.0732421875,3505550,45396872500
2019-05-08,PVD,13540,12670,12710,13350,8010.19482421875,6918830,92366380500
2019-05-09,PVD,13520,13250,13390,13320,7990.01806640625,4265430,56815527600
2019-05-10,PVD,13790,13250,13420,13620,8171.609375,6464550,88047171000
2019-05-13,PVD,13850,13520,13580,13520,8111.07861328125,3584830,48466901600
2019-05-14,PVD,14260,13450,13450,14260,8554.96875,6336840,90363338400
2019-05-15,PVD,14400,13930,14260,13930,8353.201171875,5577380,77692903400
2019-05-16,PVD,14190,13890,14090,13890,8333.0234375,3542970,49211853300
2019-05-17,PVD,14160,13850,14090,14020,8413.7314453125,6112600,85698652000
2019-05-20,PVD,14520,14090,14260,14400,8635.67578125,6456480,92973312000
2019-05-21,PVD,14400,14160,14400,14260,8554.96875,2580650,36800069000
2019-05-22,PVD,14360,13930,13990,13990,8393.5546875,5292890,74047531100
2019-05-23,PVD,13950,13390,13850,13850,8312.8466796875,10717190,148433081500
2019-05-24,PVD,13830,13180,13520,13220,7929.48779296875,6721800,88862196000
2019-05-27,PVD,13280,13070,13220,13150,7889.1337890625,3194430,42006754500
2019-05-28,PVD,13650,13250,13250,13650,8191.7861328125,3290680,44917782000
2019-05-29,PVD,13620,13250,13540,13250,7949.66455078125,2502740,33161305000
2019-05-30,PVD,13520,13180,13350,13250,7949.66455078125,2287190,30305267500
2019-05-31,PVD,13060,12470,12950,12580,7546.12841796875,7582050,95382189000
2019-06-03,PVD,12370,11870,12110,11940,7162.7685546875,6551290,78222402600
2019-06-04,PVD,12300,12040,12110,12200,7324.18310546875,2672550,32605110000
2019-06-05,PVD,12510,12240,12410,12240,7344.35986328125,3179460,38916590400
2019-06-06,PVD,12370,12040,12110,12370,7425.0673828125,3101390,38364194300
2019-06-07,PVD,12670,12510,12550,12670,7606.65869140625,3066500,38852555000
2019-06-10,PVD,12920,12640,12920,12670,7606.65869140625,1821810,23082332700
2019-06-11,PVD,12750,12510,12620,12620,7566.30517578125,1269490,16020963800
2019-06-12,PVD,12550,12200,12550,12240,7344.35986328125,2673900,32728536000
2019-06-13,PVD,12450,12040,12040,12300,7384.7138671875,2126320,26153736000
2019-06-14,PVD,12450,12150,12450,12180,7304.00634765625,1363870,16611936600
2019-06-17,PVD,12340,12040,12180,12110,7263.65283203125,1741580,21090533800
2019-06-18,PVD,12180,11870,12110,11900,7142.591796875,2898730,34494887000
2019-06-19,PVD,12370,12150,12200,12200,7324.18310546875,3142410,38337402000
2019-06-20,PVD,12580,12200,12300,12550,7525.951171875,3465940,43497547000
2019-06-21,PVD,12850,12620,12640,12640,7586.48193359375,3047710,38523054400
2019-06-24,PVD,12850,12580,12710,12750,7647.01220703125,3074600,39201150000
2019-06-25,PVD,12810,12640,12640,12670,7606.65869140625,2581840,32711912800
2019-06-26,PVD,13060,12670,12670,12920,7747.896484375,3709050,47920926000
2019-06-27,PVD,12980,12510,12920,12510,7505.7744140625,3884290,48592467900
2019-06-28,PVD,12640,12270,12620,12550,7525.951171875,3226350,40490692500
2019-07-01,PVD,12880,12710,12810,12770,7667.18896484375,2012310,25697198700
2019-07-02,PVD,12770,12640,12770,12710,7626.8349609375,1547040,19662878400
2019-07-03,PVD,12620,12510,12580,12510,7505.7744140625,2900160,36281001600
2019-07-04,PVD,12670,12550,12620,12550,7505.7744140625,2135930,26805921500
2019-07-05,PVD,12710,12550,12550,12550,7505.7744140625,1679490,21077599500
2019-07-08,PVD,12710,12450,12640,12450,7505.7744140625,3162500,39373125000
2019-07-09,PVD,12470,12240,12450,12410,7505.7744140625,2349570,29158163700
2019-07-10,PVD,12640,12510,12580,12640,7505.7744140625,2302310,29101198400
2019-07-11,PVD,12880,12750,12770,12770,7505.7744140625,3283970,41936296900
2019-07-12,PVD,12880,12640,12770,12670,7505.7744140625,2505080,31739363600
2019-07-15,PVD,12710,12580,12770,12640,7505.7744140625,2010670,25414868800
2019-07-16,PVD,12640,12470,12640,12550,7525.951171875,2414760,30305238000
2019-07-17,PVD,12750,12410,12470,12620,7566.30517578125,2366760,29868511200
2019-07-18,PVD,12710,12470,12580,12550,7525.951171875,1915330,24037391500
2019-07-19,PVD,12620,12340,12580,12450,7465.4208984375,2256240,28090188000
2019-07-22,PVD,12470,12240,12370,12300,7384.7138671875,2003140,24638622000
2019-07-23,PVD,12410,12150,12300,12150,7283.82958984375,2315560,28134054000
2019-07-24,PVD,12370,12180,12200,12340,7404.890625,2788710,34412681400
2019-07-25,PVD,12370,12180,12370,12240,7404.890625,1995330,24422839200
2019-07-26,PVD,12580,12370,12450,12410,7404.890625,3992140,49542457400
2019-07-29,PVD,12740,12480,12740,12520,7404.890625,2840140,35558552800
2019-07-30,PVD,12660,12480,12600,12480,7404.890625,1971030,24598454400
2019-07-31,PVD,12660,12410,12660,12480,7479.544921875,1633350,20384208000
2019-08-01,PVD,12520,12260,12480,12290,7368.572265625,1217710,14965655900
2019-08-02,PVD,12080,11880,12000,12000,7191.01611328125,3307180,39686160000
2019-08-05,PVD,12110,11930,12000,11930,7146.62744140625,1922930,22940554900
2019-08-06,PVD,11740,11490,11630,11490,7146.62744140625,2872430,33004220700
2019-08-07,PVD,11630,11440,11630,11440,6858.0986328125,1904010,21781874400
2019-08-08,PVD,12080,11400,11520,12000,7191.01611328125,2385880,28630560000
2019-08-09,PVD,12080,11930,12000,11930,7191.01611328125,1238370,14773754100
2019-08-12,PVD,12040,11850,11970,11930,7146.62744140625,1328600,15850198000
2019-08-13,PVD,11810,11670,11780,11670,6991.265625,1487930,17364143100
2019-08-14,PVD,12000,11630,11970,11630,6969.0712890625,882910,10268243300
2019-08-15,PVD,11590,11300,11300,11590,6946.876953125,1120150,12982538500
2019-08-16,PVD,12000,11490,11630,11880,6946.876953125,2603160,30925540800
2019-08-19,PVD,12080,11850,12040,11850,6946.876953125,1111730,13174000500
2019-08-20,PVD,12160,11850,11850,12110,6946.876953125,1998440,24201108400
2019-08-21,PVD,12930,12370,12370,12930,7745.87841796875,6991130,90395310900
2019-08-22,PVD,13590,13180,13550,13260,7945.62939453125,6366150,84415149000
2019-08-23,PVD,13550,13110,13110,13410,8034.40673828125,3042180,40795633800
2019-08-26,PVD,13300,13050,13110,13300,7967.82373046875,4244090,56446397000
2019-08-27,PVD,13960,13300,13410,13630,8167.57373046875,5857900,79843177000
2019-08-28,PVD,13940,13590,13780,13710,8211.962890625,3853180,52827097800
2019-08-29,PVD,13940,13710,13850,13740,8234.1572265625,3194140,43887483600
2019-08-30,PVD,14030,13660,13780,13820,8278.5458984375,3141470,43415115400
2019-09-03,PVD,13820,13110,13820,13110,7856.85107421875,2736830,35879841300
2019-09-04,PVD,13490,12890,13820,13300,7967.82373046875,2490920,33129236000
2019-09-05,PVD,13490,13110,13490,13220,7923.4345703125,1574010,20808412200
2019-09-06,PVD,13340,13150,13220,13220,7923.4345703125,591240,7816192800
2019-09-09,PVD,13520,13150,13220,13180,7901.240234375,2957290,38977082200
2019-09-10,PVD,13340,12600,13260,12660,7590.51708984375,4081420,51670777200
2019-09-11,PVD,12860,12630,12660,12770,7657.1005859375,1309470,16721931900
2019-09-12,PVD,13180,12770,12960,13110,7856.85107421875,1333820,17486380200
2019-09-13,PVD,13180,12960,13050,13050,7812.4619140625,1471910,19208425500
2019-09-16,PVD,13630,13370,13630,13370,8012.21240234375,3864860,51673178200
2019-09-17,PVD,13850,13450,13520,13710,8211.962890625,4680080,64163896800
2019-09-18,PVD,13660,13520,13550,13520,8100.99072265625,1671500,22598680000
2019-09-19,PVD,13550,13410,13410,13410,8034.40673828125,1428640,19158062400
2019-09-20,PVD,13660,13410,13520,13490,8078.79638671875,2268270,30598962300
2019-09-23,PVD,13630,13410,13550,13410,8034.40673828125,1786760,23960451600
2019-09-24,PVD,13490,13110,13450,13150,7879.0458984375,2464880,32413172000
2019-09-25,PVD,13410,13050,13150,13340,7990.01806640625,1116430,14893176200
2019-09-26,PVD,13370,13150,13340,13180,7901.240234375,1342110,17689009800
2019-09-27,PVD,13490,13180,13180,13490,8078.79638671875,1906710,25721517900
2019-09-30,PVD,13780,13450,13710,13450,8056.60107421875,2991650,40237692500
2019-10-01,PVD,13590,13110,13550,13180,7901.240234375,4410930,58136057400
2019-10-02,PVD,13180,12890,13180,12890,7723.68408203125,2443030,31490656700
2019-10-03,PVD,13050,12630,12660,12960,7768.0732421875,2152370,27894715200
2019-10-04,PVD,12960,12560,12960,12600,7546.12841796875,3184790,40128354000
2019-10-07,PVD,12700,12450,12630,12450,7457.35009765625,1441940,17952153000
2019-10-08,PVD,12560,12110,12450,12290,7368.572265625,2746390,33753133100
2019-10-09,PVD,12450,12260,12260,12450,7457.35009765625,1202170,14967016500
2019-10-10,PVD,12740,12480,12560,12520,7501.7392578125,1283930,16074803600
2019-10-11,PVD,12700,12370,12660,12630,7568.32275390625,1863330,23533857900
2019-10-14,PVD,12770,12410,12740,12410,7435.15576171875,1598960,19843093600
2019-10-15,PVD,12520,12330,12410,12370,7412.96142578125,957860,11848728200
2019-10-16,PVD,12520,12330,12370,12410,7435.15576171875,708910,8797573100
2019-10-17,PVD,12450,12330,12410,12330,7390.7666015625,559690,6900977700
2019-10-18,PVD,12410,12260,12330,12260,7346.37744140625,701650,8602229000
2019-10-21,PVD,12330,12110,12330,12110,7257.599609375,1156700,14007637000
2019-10-22,PVD,12220,11780,12160,12080,7235.4052734375,2409850,29110988000
2019-10-23,PVD,12110,11780,12080,11780,7057.84912109375,2550530,30045243400
2019-10-24,PVD,12080,11930,11930,12000,7191.01611328125,1153700,13844400000
2019-10-25,PVD,12220,12040,12160,12160,7279.7939453125,1171730,14248236800
2019-10-28,PVD,12220,12080,12160,12160,7279.7939453125,1098380,13356300800
2019-10-29,PVD,12160,12000,12110,12110,7257.599609375,919290,11132601900
2019-10-30,PVD,12370,11970,12110,12260,7346.37744140625,2056620,25214161200
2019-10-31,PVD,12370,12040,12330,12160,7279.7939453125,1238190,15056390400
2019-11-01,PVD,12220,12000,12080,12160,7279.7939453125,1437510,17480121600
2019-11-04,PVD,12370,12080,12290,12110,7257.599609375,2051090,24838699900
2019-11-05,PVD,12630,12110,12220,12560,7523.93408203125,3888050,48833908000
2019-11-06,PVD,12600,12450,12600,12450,7457.35009765625,1255880,15635706000
2019-11-07,PVD,12520,12330,12410,12410,7435.15576171875,1293640,16054072400
2019-11-08,PVD,12560,12290,12560,12290,7368.572265625,1675560,20592632400
2019-11-11,PVD,12370,12180,12290,12220,7324.18310546875,1031040,12599308800
2019-11-12,PVD,12330,12180,12220,12290,7368.572265625,749900,9216271000
2019-11-13,PVD,12330,12040,12290,12040,7213.21044921875,2355420,28359256800
2019-11-14,PVD,12220,12040,12220,12080,7235.4052734375,1425550,17220644000
2019-11-15,PVD,12260,12080,12110,12160,7279.7939453125,1051900,12791104000
2019-11-18,PVD,12410,12160,12370,12180,7301.98876953125,1121660,13661818800
2019-11-19,PVD,12290,12160,12180,12160,7279.7939453125,639800,7779968000
2019-11-20,PVD,12160,11970,12110,11970,7168.82177734375,1419060,16986148200
2019-11-21,PVD,12080,11880,11970,11880,7124.43310546875,1734800,20609424000
2019-11-22,PVD,12040,11330,11880,11590,6946.876953125,3311770,38383414300
2019-11-25,PVD,11740,11490,11590,11490,6880.29296875,1261410,14493600900
2019-11-26,PVD,11590,11440,11590,11490,6880.29296875,1762440,20250435600
2019-11-27,PVD,11590,11490,11560,11490,6880.29296875,1119170,12859263300
2019-11-28,PVD,11490,11330,11400,11440,6858.0986328125,1312700,15017288000
2019-11-29,PVD,11630,11400,11400,11440,6858.0986328125,1052860,12044718400
2019-12-02,PVD,11490,11000,11490,11150,6680.54296875,1863960,20783154000
2019-12-03,PVD,11270,10890,11040,11000,6680.54296875,1934620,21280820000
2019-12-04,PVD,11270,10890,11000,11270,6680.54296875,1797740,20260529800
2019-12-05,PVD,11560,11110,11400,11110,6680.54296875,1793470,19925451700
2019-12-06,PVD,11270,11080,11220,11110,6658.3486328125,682630,7584019300
2019-12-09,PVD,11270,11000,11110,11040,6613.95947265625,1379500,15229680000
2019-12-10,PVD,11040,10740,11000,10850,6502.98681640625,2255400,24471090000
2019-12-11,PVD,10890,10440,10890,10710,6414.208984375,2589570,27734294700
2019-12-12,PVD,11040,10600,10710,10850,6502.98681640625,2027220,21995337000
2019-12-13,PVD,11040,10890,10960,11000,6591.7646484375,1739690,19136590000
2019-12-16,PVD,11300,10960,11000,11150,6680.54296875,2236660,24938759000
2019-12-17,PVD,11220,11000,11190,11040,6613.95947265625,1727180,19068067200
2019-12-18,PVD,11440,11000,11080,11220,6724.93212890625,2721060,30530293200
2019-12-19,PVD,11440,11190,11270,11270,6747.12646484375,1364830,15381634100
2019-12-20,PVD,11440,11190,11330,11220,6724.93212890625,1288680,14458989600
2019-12-23,PVD,11270,10960,11270,11040,6613.95947265625,2042440,22548537600
2019-12-24,PVD,11040,10920,10960,11040,6613.95947265625,1102050,12166632000
2019-12-25,PVD,11150,11000,11040,11000,6591.7646484375,863390,9497290000
2019-12-26,PVD,11220,11000,11080,11040,6613.95947265625,1526360,16851014400
2019-12-27,PVD,11150,11040,11080,11110,6658.3486328125,1068270,11868479700
2019-12-30,PVD,11400,11110,11190,11270,6747.12646484375,2702300,30454921000
2019-12-31,PVD,11300,11110,11270,11150,6680.54296875,1229970,13714165500
2020-01-02,PVD,11190,11080,11150,11150,6680.54296875,1184670,13209070500
2020-01-03,PVD,11560,11270,11330,11270,6747.12646484375,4776940,53836113800
2020-01-06,PVD,11850,11590,11670,11740,7035.65478515625,6008080,70534859200
2020-01-07,PVD,11710,11520,11630,11590,6946.876953125,1697580,19674952200
2020-01-08,PVD,12000,11560,11850,11590,6946.876953125,4315660,50018499400
2020-01-09,PVD,11400,11220,11300,11270,6747.12646484375,3150280,35503655600
2020-01-10,PVD,11330,11080,11300,11220,6724.93212890625,2240000,25132800000
2020-01-13,PVD,11150,11040,11150,11080,6636.15380859375,2762860,30612488800
2020-01-14,PVD,11040,10820,11040,10890,6525.18115234375,3108720,33853960800
2020-01-15,PVD,11040,10780,11040,10820,6480.79248046875,1379250,14923485000
2020-01-16,PVD,11080,10670,10780,10890,6525.18115234375,3924160,42734102400
2020-01-17,PVD,11000,10850,10960,10850,6502.98681640625,1366970,14831624500
2020-01-20,PVD,10890,10670,10890,10740,6436.4033203125,1878050,20170257000
2020-01-21,PVD,11110,10670,10820,10960,6569.5703125,2648330,29025696800
2020-01-22,PVD,11190,10920,10960,11080,6636.15380859375,2436380,26995090400
2020-01-30,PVD,10780,10440,10780,10550,6325.43115234375,4054680,42776874000
2020-01-31,PVD,10600,9850,10510,9850,5903.73583984375,4474300,44071855000
2020-02-03,PVD,9440,9180,9180,9260,5548.6240234375,6494050,60134903000
2020-02-04,PVD,9440,9000,9410,9050,5415.45654296875,3087330,27940336500
2020-02-05,PVD,9520,9000,9140,9260,5548.6240234375,4838490,44804417400
2020-02-06,PVD,9890,9370,9370,9890,5925.93017578125,4844650,47913588500
2020-02-07,PVD,10030,9820,9930,9820,5881.541015625,3196760,31392183200
2020-02-10,PVD,9890,9490,9550,9630,5770.568359375,2609730,25131699900
2020-02-11,PVD,10000,9630,9660,9890,5925.93017578125,3431520,33937732800
2020-02-12,PVD,10150,9890,9890,10030,6014.70849609375,3214200,32238426000
2020-02-13,PVD,10150,9970,10070,10000,5992.513671875,2123630,21236300000
2020-02-14,PVD,10030,9820,9930,9890,5925.93017578125,2601780,25731604200
2020-02-17,PVD,10070,9890,9890,9970,5970.3193359375,2732630,27244321100
2020-02-18,PVD,10030,9890,10000,9890,5925.93017578125,1791080,17713781200
2020-02-19,PVD,9970,9820,9890,9850,5903.73583984375,1981480,19517578000
2020-02-20,PVD,10110,9850,10070,9890,5925.93017578125,3491190,34527869100
2020-02-21,PVD,10000,9780,9970,9780,5859.3466796875,2973540,29081221200
2020-02-24,PVD,9410,9110,9340,9110,5459.845703125,6759290,61577131900
2020-02-25,PVD,9370,8960,8960,9300,5570.818359375,2792780,25972854000
2020-02-26,PVD,9370,8960,9050,9050,5415.45654296875,1986760,17980178000
2020-02-27,PVD,9180,9000,9080,9180,5504.23486328125,1446710,13280797800
2020-02-28,PVD,9000,8640,8890,8700,5215.70654296875,4896390,42598593000
2020-03-02,PVD,8890,8700,8820,8770,5260.09521484375,3063000,26862510000
2020-03-03,PVD,9140,8890,9140,8960,5371.0673828125,2095870,18778995200
2020-03-04,PVD,9410,8890,8890,9300,5371.0673828125,4791830,44564019000
2020-03-05,PVD,9520,9180,9410,9180,5504.23486328125,3050390,28002580200
2020-03-06,PVD,9180,8960,9080,9080,5437.6513671875,1783630,16195360400
2020-03-09,PVD,8450,8450,8450,8450,5060.3447265625,977950,8263677500
2020-03-10,PVD,8189,7880,7880,8000,4794.01123046875,7706030,61648240000
2020-03-11,PVD,8220,7440,8220,7440,4461.09375,8164930,60747079200
2020-03-12,PVD,7270,6920,7040,6920,4150.3701171875,5177370,35827400400
2020-03-13,PVD,6890,6440,6440,6890,4128.17578125,5893460,40605939400
2020-03-16,PVD,7040,6600,6820,6830,4092.66455078125,4036890,27571958700
2020-03-17,PVD,6890,6460,6460,6890,4128.17578125,3458490,23828996100
2020-03-18,PVD,6920,6440,6890,6440,3861.842041015625,5532080,35626595200
2020-03-19,PVD,6420,6010,6300,6070,3639.89697265625,6030340,36604163800
2020-03-20,PVD,6500,6230,6300,6500,3892.914306640625,3792870,24653655000
2020-03-23,PVD,6300,6040,6060,6040,3622.1416015625,7464240,45084009600
2020-03-24,PVD,6210,5930,6040,6060,3631.019287109375,4381080,26549344800
2020-03-25,PVD,6460,6180,6380,6270,3755.308349609375,3704500,23227215000
2020-03-26,PVD,6270,6030,6150,6030,3617.70263671875,2795430,16856442900
2020-03-27,PVD,6030,5710,6030,5750,3444.585693359375,3495910,20101482500
2020-03-30,PVD,5370,5350,5360,5350,3204.885009765625,2812810,15048533500
2020-03-31,PVD,5490,4980,5410,5000,2996.2568359375,7211710,36058550000
2020-04-01,PVD,5330,5000,5000,5220,3129.423828125,3630560,18951523200
2020-04-03,PVD,5580,5580,5580,5580,3346.9296875,1178380,6575360400
2020-04-06,PVD,5980,5980,5980,5980,3577.75244140625,1337280,7996934400
2020-04-07,PVD,6390,6110,6390,6390,3826.3310546875,14124290,90254213100
2020-04-08,PVD,6810,6220,6300,6780,4057.15380859375,5859970,39730596600
2020-04-09,PVD,7240,6860,6890,7090,4248.0263671875,8974900,63632041000
2020-04-10,PVD,6990,6670,6890,6900,4141.49267578125,7279340,50227446000
2020-04-13,PVD,7380,7080,7190,7330,4394.51025390625,7208840,52840797200
2020-04-14,PVD,7340,6890,7330,7190,4305.73193359375,5252310,37764108900
2020-04-15,PVD,7190,6920,6930,7010,4203.63720703125,5227150,36642321500
2020-04-16,PVD,7260,6790,6920,7110,4261.3427734375,5462140,38835815400
2020-04-17,PVD,7310,7180,7310,7270,4350.12109375,8510590,61871989300
2020-04-20,PVD,7750,7190,7300,7750,4638.6494140625,12178830,94385932500
2020-04-21,PVD,7630,7200,7200,7200,4314.60986328125,10487880,75512736000
2020-04-22,PVD,7050,6700,6700,6950,4168.1259765625,7479040,51979328000
2020-04-23,PVD,7190,6960,7110,7100,4256.90380859375,4500870,31956177000
2020-04-24,PVD,7180,6880,7170,6950,4168.1259765625,4040570,28081961500
2020-04-27,PVD,6990,6670,6950,6690,4003.886962890625,6192430,41427356700
2020-04-28,PVD,6600,6330,6510,6490,3888.4755859375,5527860,35875811400
2020-04-29,PVD,6840,6600,6780,6780,3888.4755859375,2947270,19982490600
2020-05-04,PVD,7190,6820,7190,6840,4097.10400390625,4855470,33211414800
2020-05-05,PVD,7100,6870,6990,7040,4221.39306640625,3631780,25567731200
2020-05-06,PVD,7270,7120,7180,7190,4310.1708984375,4959750,35660602500
2020-05-07,PVD,7150,7040,7150,7090,4248.0263671875,4082290,28943436100
2020-05-08,PVD,7290,7130,7150,7180,4301.29296875,7301050,52421539000
2020-05-11,PVD,7670,7220,7670,7670,4594.26025390625,13475920,103360306400
2020-05-12,PVD,7970,7440,7670,7770,4660.84375,7489770,58195512900
2020-05-13,PVD,8000,7560,7710,7880,4727.42724609375,7672280,60457566400
2020-05-14,PVD,7850,7670,7770,7670,4594.26025390625,6783660,52030672200
2020-05-15,PVD,7970,7630,7850,7750,4594.26025390625,7270410,56345677500
2020-05-18,PVD,8109,7850,7850,8070,4594.26025390625,7832680,63209727600
2020-05-19,PVD,8450,8160,8370,8260,5060.3447265625,7719890,63766291400
2020-05-20,PVD,8260,8070,8160,8109,5060.3447265625,4449950,36084644550
2020-05-21,PVD,8260,8000,8220,8000,4794.01123046875,6474140,51793120000
2020-05-22,PVD,8290,7930,8000,7970,4771.81640625,7404370,59012828900
2020-05-25,PVD,8160,7880,8000,8109,4860.59423828125,3854050,31252491450
2020-05-26,PVD,8290,8109,8220,8260,4971.56689453125,7062640,58337406400
2020-05-27,PVD,8370,8000,8290,8000,4794.01123046875,7257150,58057200000
2020-05-28,PVD,8109,7930,8000,7930,4749.6220703125,4303140,34123900200
2020-05-29,PVD,8000,7810,7930,7850,4705.23291015625,4663800,36610830000
2020-06-01,PVD,8160,8000,8000,8070,4838.39990234375,3785940,30552535800
2020-06-02,PVD,8600,8000,8160,8290,4971.56689453125,12785380,105990800200
2020-06-03,PVD,8520,8370,8520,8450,5060.3447265625,6078900,51366705000
2020-06-04,PVD,8600,8290,8450,8290,4971.56689453125,5664430,46958124700
2020-06-05,PVD,8410,8160,8220,8410,5038.150390625,6133140,51579707400
2020-06-08,PVD,8960,8600,8740,8890,5038.150390625,12619130,112184065700
2020-06-09,PVD,8890,8660,8890,8700,5038.150390625,6511690,56651703000
2020-06-10,PVD,8770,8520,8640,8660,5193.51171875,5912570,51202856200
2020-06-11,PVD,8770,8070,8740,8070,4838.39990234375,11099440,89572480800
2020-06-12,PVD,7970,7560,7560,7970,4771.81640625,8957840,71393984800
2020-06-15,PVD,7970,7400,7930,7520,4505.482421875,7499440,56395788800
2020-06-16,PVD,7880,7670,7710,7850,4705.23291015625,3090220,24258227000
2020-06-17,PVD,7930,7710,7880,7810,4683.03857421875,2515280,19644336800
2020-06-18,PVD,7770,7590,7710,7750,4638.6494140625,1807130,14005257500
2020-06-19,PVD,7930,7770,7880,7930,4749.6220703125,3099330,24577686900
2020-06-22,PVD,8070,7850,8000,7930,4749.6220703125,2974240,23585723200
2020-06-23,PVD,8160,7880,8039,8070,4838.39990234375,4944590,39902841300
2020-06-24,PVD,8109,7880,8109,7880,4727.42724609375,2769460,21823344800
2020-06-25,PVD,7810,7630,7710,7750,4638.6494140625,2861890,22179647500
2020-06-26,PVD,7880,7710,7850,7750,4638.6494140625,1997590,15481322500
2020-06-29,PVD,7750,7370,7710,7480,4483.28759765625,4470720,33440985600
2020-06-30,PVD,7670,7300,7590,7390,4430.02099609375,2972340,21965592600
2020-07-01,PVD,7670,7380,7390,7630,4572.06591796875,2278720,17386633600
2020-07-02,PVD,7670,7480,7630,7560,4527.6767578125,1172410,8863419600
2020-07-03,PVD,7670,7520,7670,7560,4527.6767578125,2036500,15395940000
2020-07-06,PVD,7670,7520,7630,7560,4527.6767578125,2244240,16966454400
2020-07-07,PVD,7810,7630,7670,7670,4594.26025390625,2706180,20756400600
2020-07-08,PVD,7670,7560,7670,7630,4572.06591796875,1445750,11031072500
2020-07-09,PVD,7930,7630,7710,7850,4705.23291015625,4490760,35252466000
2020-07-10,PVD,7810,7670,7770,7710,4705.23291015625,2506480,19324960800
2020-07-13,PVD,7930,7750,7810,7810,4683.03857421875,2810710,21951645100
2020-07-14,PVD,7810,7710,7750,7770,4660.84375,1729280,13436505600
2020-07-15,PVD,7880,7750,7880,7770,4660.84375,1661980,12913584600
2020-07-16,PVD,8039,7810,8000,7850,4705.23291015625,4941870,38793679500
2020-07-17,PVD,7850,7770,7810,7770,4660.84375,1950220,15153209400
2020-07-20,PVD,7770,7590,7770,7630,4572.06591796875,2583900,19715157000
2020-07-21,PVD,7710,7590,7670,7670,4594.26025390625,1941400,14890538000
2020-07-22,PVD,7850,7630,7810,7630,4572.06591796875,2185400,16674602000
2020-07-23,PVD,7750,7520,7590,7710,4616.45458984375,2425000,18696750000
2020-07-24,PVD,7670,7180,7590,7190,4305.73193359375,6046130,43471674700
2020-07-27,PVD,6950,6690,6750,6690,4008.32568359375,5769240,38596215600
2020-07-28,PVD,6990,6670,6740,6950,4168.1259765625,4007570,27852611500
2020-07-29,PVD,6780,6470,6780,6600,3950.6201171875,4866170,32116722000
2020-07-30,PVD,6870,6670,6670,6730,4034.958984375,1498810,10086991300
2020-07-31,PVD,6730,6510,6670,6660,3990.570068359375,1754160,11682705600
2020-08-03,PVD,7050,6690,6690,6970,4177.00390625,3843050,26786058500
2020-08-04,PVD,7170,6990,7110,7000,4199.1982421875,2877150,20140050000
2020-08-05,PVD,7320,6980,7000,7270,4350.12109375,4144460,30130224200
2020-08-06,PVD,7630,7310,7400,7560,4527.6767578125,8811190,66612596400
2020-08-07,PVD,7630,7400,7630,7480,4483.28759765625,3135450,23453166000
2020-08-10,PVD,7750,7560,7560,7670,4594.26025390625,5031810,38593982700
2020-08-11,PVD,7710,7560,7710,7630,4572.06591796875,2817890,21500500700
2020-08-12,PVD,8000,7590,7630,7930,4749.6220703125,6723930,53320764900
2020-08-13,PVD,8070,7880,8000,7930,4749.6220703125,4513510,35792134300
2020-08-14,PVD,7880,7630,7880,7670,4594.26025390625,5022780,38524722600
2020-08-17,PVD,8070,7670,7710,8039,4816.20556640625,9480710,76215427690
2020-08-18,PVD,8070,7850,8039,7930,4749.6220703125,3383710,26832820300
2020-08-19,PVD,7970,7850,7880,7930,4749.6220703125,2832170,22459108100
2020-08-20,PVD,7930,7710,7850,7750,4638.6494140625,5061100,39223525000
2020-08-21,PVD,7850,7710,7770,7750,4638.6494140625,3602810,27921777500
2020-08-24,PVD,8109,7810,7850,7970,4771.81640625,8189030,65266569100
2020-08-25,PVD,8070,7880,8070,7930,4749.6220703125,4740580,37592799400
2020-08-26,PVD,8450,7970,8000,8450,5060.3447265625,17339630,146519873500
2020-08-27,PVD,8520,8330,8410,8410,5038.150390625,5901140,49628587400
2020-08-28,PVD,8450,8260,8410,8260,4949.3720703125,5591500,46185790000
2020-08-31,PVD,8480,8220,8290,8330,4993.76123046875,8765070,73013033100
2020-09-01,PVD,8640,8290,8370,8480,5082.5390625,6537210,55435540800
2020-09-03,PVD,8560,8330,8480,8370,5015.95556640625,5648980,47281962600
2020-09-04,PVD,8330,8160,8189,8290,4971.56689453125,5662820,46944777800
2020-09-07,PVD,8260,8000,8189,8000,4794.01123046875,9095550,72764400000
2020-09-08,PVD,8160,7970,8070,8160,4882.78857421875,3704600,30229536000
2020-09-09,PVD,8070,7930,7970,8070,4838.39990234375,4924570,39741279900
2020-09-10,PVD,8189,8039,8160,8039,4816.20556640625,2085970,16769112830
2020-09-11,PVD,8070,7970,8039,8070,4816.20556640625,2119750,17106382500
2020-09-14,PVD,8260,8039,8109,8260,4949.3720703125,4765480,39362864800
2020-09-15,PVD,8330,8160,8260,8220,4927.177734375,4413630,36280038600
2020-09-16,PVD,8520,8260,8290,8410,5038.150390625,9262100,77894261000
2020-09-17,PVD,8480,8260,8480,8290,4971.56689453125,5153810,42725084900
2020-09-18,PVD,8370,8290,8370,8330,4993.76123046875,2512120,20925959600
2020-09-21,PVD,8520,8330,8370,8330,4993.76123046875,6336790,52785460700
2020-09-22,PVD,8560,8260,8290,8480,5082.5390625,8662870,73461137600
2020-09-23,PVD,8700,8520,8560,8520,5104.73388671875,7910200,67394904000
2020-09-24,PVD,8560,8450,8480,8450,5060.3447265625,4949450,41822852500
2020-09-25,PVD,8700,8410,8480,8600,5149.123046875,10216640,87863104000
2020-09-28,PVD,8770,8600,8740,8700,5215.70654296875,6966880,60611856000
2020-09-29,PVD,8930,8520,8770,8520,5104.73388671875,9663240,82330804800
2020-09-30,PVD,8560,8410,8520,8560,5126.92822265625,5418030,46378336800
2020-10-01,PVD,8700,8560,8640,8640,5171.3173828125,4809220,41551660800
2020-10-02,PVD,8660,8330,8600,8560,5126.92822265625,11211910,95973949600
2020-10-05,PVD,9110,8600,8640,9110,5459.845703125,15719190,143201820900
2020-10-06,PVD,9300,8960,9220,9080,5437.6513671875,7132070,64759195600
2020-10-07,PVD,9080,8890,8960,8890,5326.6787109375,9045000,80410050000
2020-10-08,PVD,9050,8820,8960,8960,5371.0673828125,9054770,81130739200
2020-10-09,PVD,9180,8960,9050,8960,5371.0673828125,3826640,34286694400
2020-10-12,PVD,9000,8600,8960,8640,5171.3173828125,11312100,97736544000
2020-10-13,PVD,8660,8560,8600,8560,5126.92822265625,4272690,36574226400
2020-10-14,PVD,8660,8520,8640,8520,5104.73388671875,5311850,45256962000
2020-10-15,PVD,8660,8480,8600,8560,5126.92822265625,4978240,42613734400
2020-10-16,PVD,8660,8520,8600,8560,5126.92822265625,4508880,38596012800
2020-10-19,PVD,8640,8450,8600,8450,5060.3447265625,4658100,39360945000
2020-10-20,PVD,8640,8480,8520,8560,5126.92822265625,4810270,41175911200
2020-10-21,PVD,8600,8450,8600,8450,5060.3447265625,4354930,36799158500
2020-10-22,PVD,8450,8330,8410,8450,5060.3447265625,3220510,27213309500
2020-10-23,PVD,8560,8410,8520,8450,5060.3447265625,2361150,19951717500
2020-10-26,PVD,8450,8160,8450,8160,4882.78857421875,7698480,62819596800
2020-10-27,PVD,8220,7970,8189,8000,4794.01123046875,5581180,44649440000
2020-10-28,PVD,8160,7930,7930,7970,4771.81640625,4310880,34357713600
2020-10-29,PVD,8000,7810,7970,7970,4771.81640625,2415310,19250020700
2020-10-30,PVD,8160,7880,8160,8039,4816.20556640625,2715390,21829020210
2020-11-02,PVD,8070,7930,8039,7970,4771.81640625,1347920,10742922400
2020-11-03,PVD,8160,8000,8160,8070,4838.39990234375,2222420,17934929400
2020-11-04,PVD,8370,8070,8109,8290,4971.56689453125,3828560,31738762400
2020-11-05,PVD,8330,8160,8330,8160,4882.78857421875,1948250,15897720000
2020-11-06,PVD,8220,8039,8160,8160,4882.78857421875,1490380,12161500800
2020-11-09,PVD,8410,8160,8189,8410,5038.150390625,3946670,33191494700
2020-11-10,PVD,8770,8600,8740,8640,5171.3173828125,9522940,82278201600
2020-11-11,PVD,9050,8700,8700,8930,5348.873046875,13230970,118152562100
2020-11-12,PVD,8960,8770,8930,8820,5282.28955078125,5132230,45266268600
2020-11-13,PVD,8890,8700,8770,8770,5260.09521484375,4994540,43802115800
2020-11-16,PVD,8890,8600,8890,8640,5171.3173828125,8188280,70746739200
2020-11-17,PVD,9110,8660,8740,9110,5459.845703125,17234050,157002195500
2020-11-18,PVD,9370,9000,9110,9300,5570.818359375,12700880,118118184000
2020-11-19,PVD,9630,9260,9340,9410,5637.40185546875,10842550,102028395500
2020-11-20,PVD,9440,9140,9340,9370,5615.20751953125,8957510,83931868700
2020-11-23,PVD,9440,9260,9440,9340,5593.0126953125,7010980,65482553200
2020-11-24,PVD,9710,9340,9370,9630,5770.568359375,14601780,140615141400
2020-11-25,PVD,10000,9780,9930,9820,5881.541015625,11258080,110554345600
2020-11-26,PVD,9970,9740,9780,9820,5881.541015625,6444880,63288721600
2020-11-27,PVD,9820,9630,9820,9780,5859.3466796875,7194340,70360645200
2020-11-30,PVD,9780,9550,9710,9590,5748.3740234375,9146560,87715510400
2020-12-01,PVD,9740,9370,9410,9740,5837.15185546875,9046590,88113786600
2020-12-02,PVD,9850,9590,9710,9630,5770.568359375,7988630,76930506900
2020-12-03,PVD,9930,9660,9710,9820,5881.541015625,7597870,74611083400
2020-12-04,PVD,10190,9890,9930,10000,5992.513671875,11141900,111419000000
2020-12-07,PVD,10110,9970,10110,10030,6014.70849609375,5727180,57443615400
2020-12-08,PVD,10070,9930,10000,9930,5948.12451171875,6710250,66632782500
2020-12-09,PVD,10190,9930,9930,10000,5992.513671875,8089420,80894200000
2020-12-10,PVD,10110,9710,10110,9740,5837.15185546875,7926400,77203136000
2020-12-11,PVD,10030,9850,10000,10030,6014.70849609375,5411950,54281858500
2020-12-14,PVD,10330,10030,10070,10220,6125.68017578125,11710020,119676404400
2020-12-15,PVD,10260,10030,10150,10110,6059.0966796875,6986460,70633110600
2020-12-16,PVD,10550,10190,10220,10510,6303.236328125,11871390,124768308900
2020-12-17,PVD,10780,10410,10510,10510,6303.236328125,11049360,116128773600
2020-12-18,PVD,10670,10510,10600,10630,6369.8203125,5508190,58552059700
2020-12-21,PVD,11080,10600,10740,10890,6525.18115234375,14160130,154203815700
2020-12-22,PVD,10960,10710,10780,10850,6525.18115234375,10035240,108882354000
2020-12-23,PVD,10850,10670,10780,10740,6436.4033203125,7322350,78642039000
2020-12-24,PVD,10920,10150,10850,10600,6347.62548828125,8218310,87114086000
2020-12-25,PVD,10710,10300,10600,10670,6392.0146484375,5806120,61951300400
2020-12-28,PVD,11400,10710,10820,11400,6835.904296875,19667390,224208246000
2020-12-29,PVD,11930,11400,11560,11710,7013.46044921875,12156560,142353317600
2020-12-30,PVD,11930,11590,11710,11780,7057.84912109375,6998440,82441623200
2020-12-31,PVD,12160,11590,11780,12000,7191.01611328125,12039840,144478080000
2021-01-04,PVD,12820,12160,12450,12820,7679.294921875,10631200,136291984000
2021-01-05,PVD,13340,12600,12600,12890,7723.68408203125,10011200,129044368000
2021-01-06,PVD,13520,12930,13340,13000,7790.267578125,12709900,165228700000
2021-01-07,PVD,13890,13000,13180,13890,8322.935546875,14500900,201417501000
2021-01-08,PVD,14850,14070,14070,14550,8722.4365234375,12165800,177012390000
2021-01-11,PVD,15560,14960,15150,15560,9321.6875,10506700,163484252000
2021-01-12,PVD,16290,15190,15520,15850,9499.244140625,11307900,179230215000
2021-01-13,PVD,16219,15300,16160,15560,9321.6875,13054100,203121796000
2021-01-14,PVD,15890,15270,15400,15810,9477.0498046875,13235300,209250093000
2021-01-15,PVD,16890,15890,16219,16890,10120.689453125,9774600,165092994000
2021-01-18,PVD,17710,16670,16890,17150,10276.05078125,9677500,165969125000
2021-01-19,PVD,17340,15970,17050,15970,9565.8271484375,13831500,220889055000
2021-01-20,PVD,16260,14850,16000,15810,9477.0498046875,18361300,290292153000
2021-01-21,PVD,16560,15520,16160,16450,9854.35546875,11931500,196273175000
2021-01-22,PVD,16520,15740,16450,15780,9454.8544921875,11595800,182981724000
2021-01-25,PVD,15930,15190,15330,15400,9232.9091796875,11094600,170856840000
2021-01-26,PVD,15670,14330,15560,14330,8589.26953125,15063500,215859955000
2021-01-27,PVD,14740,13370,14110,13520,8100.99072265625,13499800,182517296000
2021-01-28,PVD,13050,12600,12600,12600,7546.12841796875,10022200,126279720000
2021-01-29,PVD,13340,11880,11880,13110,7856.85107421875,10623600,139275396000
2021-02-01,PVD,13260,12220,12820,12220,7324.18310546875,9358800,114364536000
2021-02-02,PVD,12960,12000,12450,12960,7768.0732421875,9162900,118751184000
2021-02-03,PVD,13850,13370,13490,13850,8300.740234375,7709400,106775190000
2021-02-04,PVD,14820,14230,14300,14520,8700.2421875,11717300,170135196000
2021-02-05,PVD,15150,14670,14820,14780,8855.603515625,9395300,138862534000
2021-02-08,PVD,15780,14440,14850,15040,9010.96484375,14838700,223174048000
2021-02-09,PVD,15930,15110,15710,15710,9010.96484375,11796300,185319873000
2021-02-17,PVD,16770,16670,16770,16770,10054.1064453125,9538200,159955614000
2021-02-18,PVD,17940,16890,17940,17340,10387.0234375,28385400,492202836000
2021-02-19,PVD,17450,16520,16860,16770,10054.1064453125,19485300,326768481000
2021-02-22,PVD,17410,16700,16890,17260,10342.634765625,12368100,213473406000
2021-02-23,PVD,18070,17550,17940,17550,10520.1904296875,11740100,206038755000
2021-02-24,PVD,17520,16600,17410,16970,10520.1904296875,14005300,237669941000
2021-02-25,PVD,17630,17050,17410,17370,10520.1904296875,12003900,208507743000
2021-02-26,PVD,17370,16860,16890,17340,10387.0234375,11418100,197989854000
2021-03-01,PVD,18230,17370,17630,18070,10830.9130859375,14566500,263216655000
2021-03-02,PVD,18040,17630,17780,17750,10631.162109375,11601500,205926625000
2021-03-03,PVD,17590,17340,17490,17450,10453.607421875,8640700,150780215000
2021-03-04,PVD,17940,16600,17780,17940,10742.134765625,13326600,239079204000
2021-03-05,PVD,18740,18070,18520,18710,11208.2197265625,15886900,297243899000
2021-03-08,PVD,19490,18630,19490,19040,11407.9697265625,13616700,259261968000
2021-03-09,PVD,18600,18150,18520,18150,10875.302734375,9631700,174815355000
2021-03-10,PVD,18000,17490,17940,17660,10586.7734375,11687600,206403016000
2021-03-11,PVD,18150,17780,17940,17890,10719.9404296875,5304900,94904661000
2021-03-12,PVD,18230,17710,18150,17780,10653.357421875,6453800,114748564000
2021-03-15,PVD,18000,17710,17780,17750,10631.162109375,7051400,125162350000
2021-03-16,PVD,17710,17340,17660,17450,10453.607421875,9810000,171184500000
2021-03-17,PVD,18070,17260,17410,17940,10742.134765625,8267900,148326126000
2021-03-18,PVD,18110,17660,17940,17710,10608.9677734375,4605200,81558092000
2021-03-19,PVD,17410,16970,17050,17260,10342.634765625,13928100,240399006000
2021-03-22,PVD,17590,17220,17520,17370,10409.21875,4760000,82681200000
2021-03-23,PVD,17410,16970,17370,17110,10253.8564453125,5058100,86544091000
2021-03-24,PVD,16820,15970,16630,16180,9698.994140625,12655500,204765990000
2021-03-25,PVD,16600,16079,16600,16079,9632.4111328125,6904600,111019063400
2021-03-26,PVD,16290,14960,15930,16160,9676.7998046875,8520900,137697744000
2021-03-29,PVD,16600,16079,16450,16260,9743.3828125,5646700,91815342000
2021-03-30,PVD,16820,16219,16450,16700,10009.716796875,6061200,101222040000
2021-03-31,PVD,16930,16480,16670,16740,10031.9111328125,4798300,80323542000
2021-04-01,PVD,17300,16630,16740,17180,10298.24609375,6850500,117691590000
2021-04-02,PVD,17410,17050,17410,17070,10231.662109375,5746200,98087634000
2021-04-05,PVD,17300,16770,17070,16970,10165.078125,5250900,89107773000
2021-04-06,PVD,17050,16560,16820,17050,10209.4677734375,7885100,134440955000
2021-04-07,PVD,17180,16970,17180,17050,10209.4677734375,5774900,98462045000
2021-04-08,PVD,17110,16860,17070,16970,10165.078125,3709900,62957003000
2021-04-09,PVD,16970,16740,16740,16740,10031.9111328125,9827700,164515698000
2021-04-12,PVD,16670,16410,16670,16480,9876.5498046875,8762000,144397760000
2021-04-13,PVD,16700,16079,16630,16219,9721.1884765625,5155600,83618676400
2021-04-14,PVD,16700,15970,16160,16600,9943.1337890625,5563400,92352440000
2021-04-15,PVD,17050,16480,16970,16520,9898.744140625,5705100,94248252000
2021-04-16,PVD,16560,16000,16480,16180,9698.994140625,5043800,81608684000
2021-04-19,PVD,16329,15890,16180,16180,9698.994140625,4577400,74062332000
2021-04-20,PVD,16600,16000,16290,16180,9698.994140625,5981600,96782288000
2021-04-22,PVD,16180,15080,16160,15080,9033.1591796875,6100500,91995540000
2021-04-23,PVD,15370,14600,15110,15190,9099.7421875,5803400,88153646000
2021-04-26,PVD,15150,14150,15150,14190,8500.4912109375,8415700,119418783000
2021-04-27,PVD,14440,13850,14230,13850,8300.740234375,4319400,59823690000
2021-04-28,PVD,14440,13940,13940,14190,8500.4912109375,3756300,53301897000
2021-04-29,PVD,14550,14190,14440,14190,8500.4912109375,3599900,51082581000
2021-05-04,PVD,14070,13340,13490,13740,8234.1572265625,5181200,71189688000
2021-05-05,PVD,14670,14150,14380,14670,8789.0205078125,4768500,69953895000
2021-05-06,PVD,15400,14820,14920,14890,8922.1875,7384200,109950738000
2021-05-07,PVD,15040,14410,14820,14440,8655.8525390625,4821800,69626792000
2021-05-10,PVD,15110,14380,14440,14960,8966.5751953125,5214600,78010416000
2021-05-11,PVD,15710,14740,14960,15220,9121.9375,7589900,115518278000
2021-05-12,PVD,15780,15330,15330,15630,9366.0771484375,5138400,80313192000
2021-05-13,PVD,15970,15330,15850,15330,9188.5205078125,5633600,86363088000
2021-05-14,PVD,15330,14850,15330,14890,8922.1875,5903500,87903115000
2021-05-17,PVD,15330,14670,15190,14670,8789.0205078125,4437800,65102526000
2021-05-18,PVD,15400,14550,14820,15400,9232.9091796875,5793600,89221440000
2021-05-19,PVD,15190,14820,15190,14820,8877.7978515625,3378100,50063442000
2021-05-20,PVD,14710,14230,14600,14330,8589.26953125,4730700,67790931000
2021-05-21,PVD,14820,13890,13940,14440,8655.8525390625,5188200,74917608000
2021-05-24,PVD,15110,14670,14890,14890,8922.1875,5544300,82554627000
2021-05-25,PVD,15520,15190,15330,15270,9144.1318359375,6790900,103697043000
2021-05-26,PVD,15220,14920,15190,15040,9010.96484375,4688000,70507520000
2021-05-27,PVD,15150,14440,15040,14600,8744.630859375,4780000,69788000000
2021-05-28,PVD,15490,14600,14960,15300,9166.326171875,9585300,146655090000
2021-05-31,PVD,16160,15150,15560,16160,9676.7998046875,9836300,158954608000
2021-06-01,PVD,17110,16520,16820,16600,9943.1337890625,9863100,163727460000
2021-06-02,PVD,17050,16520,16600,16740,10031.9111328125,13375700,223909218000
2021-06-03,PVD,17220,16740,17110,16820,10076.30078125,12216000,205473120000
2021-06-04,PVD,17960,16560,16820,17960,10764.330078125,24263200,435767072000
2021-06-07,PVD,19190,18150,18890,18830,11274.8037109375,16290000,306740700000
2021-06-08,PVD,18830,17520,18300,17520,11274.8037109375,14257700,249794904000
2021-06-09,PVD,18070,16740,17550,17660,10586.7734375,16095600,284248296000
2021-06-10,PVD,17550,16450,17370,16450,9854.35546875,18618200,306269390000
2021-06-11,PVD,16860,15970,16450,16670,9987.5224609375,14332600,238924442000
2021-06-14,PVD,17370,16820,16890,16970,10165.078125,7902800,134110516000
2021-06-15,PVD,17110,16520,16970,16630,9965.328125,7383300,122784279000
2021-06-16,PVD,17450,16890,17050,16970,10165.078125,14067100,238718687000
2021-06-17,PVD,17750,16379,16740,17490,10475.8017578125,11981600,209558184000
2021-06-18,PVD,17490,17150,17490,17150,10276.05078125,7450200,127770930000
2021-06-21,PVD,17630,17110,17260,17220,10320.4404296875,7219800,124324956000
2021-06-22,PVD,18300,17520,17660,17660,10586.7734375,13799000,243690340000
2021-06-23,PVD,17710,17110,17710,17370,10409.21875,6649200,115496604000
2021-06-24,PVD,17520,16890,17410,17050,10209.4677734375,7532700,128432535000
2021-06-25,PVD,17340,16700,17180,17050,10209.4677734375,9040500,154140525000
2021-06-28,PVD,17490,17050,17410,17050,10209.4677734375,5250000,89512500000
2021-06-29,PVD,16930,16290,16890,16410,9832.1611328125,11343000,186138630000
2021-06-30,PVD,16630,16260,16379,16290,9765.5771484375,5952700,96969483000
2021-07-01,PVD,16890,15930,16890,16480,9876.5498046875,6490500,106963440000
2021-07-02,PVD,16890,16480,16820,16480,9876.5498046875,5211000,85877280000
2021-07-05,PVD,16450,15560,16450,15970,9876.5498046875,8282800,132276316000
2021-07-06,PVD,16379,14850,16219,14850,9876.5498046875,5135100,76256235000
2021-07-07,PVD,14890,14070,14740,14520,9876.5498046875,7505700,108982764000
2021-07-08,PVD,14820,14300,14600,14330,9876.5498046875,3949500,56596335000
2021-07-09,PVD,14550,13550,14330,13710,8211.962890625,6777800,92923638000
2021-07-12,PVD,14230,13340,13660,14070,8211.962890625,9088500,127875195000
2021-07-13,PVD,14480,14030,14300,14330,8589.26953125,4539200,65046736000
2021-07-14,PVD,14780,14190,14520,14380,8589.26953125,4276700,61498946000
2021-07-15,PVD,14440,13940,14110,14380,8611.4638671875,4455000,64062900000
2021-07-16,PVD,14630,14070,14300,14190,8611.4638671875,3567500,50622825000
2021-07-19,PVD,13850,13220,13550,13220,7923.4345703125,9874400,130539568000
2021-07-20,PVD,13150,12330,12960,13110,7856.85107421875,6922200,90750042000
2021-07-21,PVD,13490,12960,13110,12960,7768.0732421875,3682500,47725200000
2021-07-22,PVD,13550,13110,13260,13260,7945.62939453125,5347000,70901220000
2021-07-23,PVD,13520,12740,13260,12740,7634.90576171875,4075000,51915500000
2021-07-26,PVD,13050,12630,12740,12890,7723.68408203125,3188500,41099765000
2021-07-27,PVD,13660,12960,13180,13340,7990.01806640625,5388600,71883924000
2021-07-28,PVD,13590,13220,13340,13220,7923.4345703125,2444200,32312324000
2021-07-29,PVD,13550,13180,13410,13550,8123.18505859375,5156600,69871930000
2021-07-30,PVD,13630,13450,13590,13450,8056.60107421875,4802900,64599005000
2021-08-02,PVD,13940,13370,13450,13590,8145.37939453125,5416500,73610235000
2021-08-03,PVD,13590,13180,13590,13520,8100.99072265625,6011200,81271424000
2021-08-04,PVD,14190,13490,13550,14000,8100.99072265625,9394900,131528600000
2021-08-05,PVD,14000,13710,13850,13890,8322.935546875,5049100,70131999000
2021-08-06,PVD,14110,13740,14030,13780,8256.3515625,6123800,84385964000
2021-08-09,PVD,13710,13370,13450,13630,8167.57373046875,7631000,104010530000
2021-08-10,PVD,14520,13550,13630,14520,8167.57373046875,12170000,176708400000
2021-08-11,PVD,15040,14550,14740,14550,8722.4365234375,8197000,119266350000
2021-08-12,PVD,14960,14410,14480,14550,8722.4365234375,5569900,81042045000
2021-08-13,PVD,14440,13960,14330,14440,8655.8525390625,8210100,118553844000
2021-08-16,PVD,14670,14230,14440,14380,8611.4638671875,6702700,96384826000
2021-08-17,PVD,14850,14300,14380,14670,8611.4638671875,7918100,116158527000
2021-08-18,PVD,15040,14480,14520,14820,8877.7978515625,6763900,100240998000
2021-08-19,PVD,14670,14440,14630,14440,8655.8525390625,5890600,85060264000
2021-08-20,PVD,14440,13450,14330,13550,8123.18505859375,11024500,149381975000
2021-08-23,PVD,13630,12740,13410,12740,7634.90576171875,6922300,88190102000
2021-08-24,PVD,13300,12740,12960,13050,7812.4619140625,5614900,73274445000
2021-08-25,PVD,13340,13050,13180,13340,7990.01806640625,2415800,32226772000
2021-08-26,PVD,13550,13050,13370,13180,7901.240234375,2543100,33518058000
2021-08-27,PVD,13550,13000,13000,13520,8100.99072265625,3672000,49645440000
2021-08-30,PVD,13940,13740,13850,13940,8345.1298828125,4095400,57089876000
2021-08-31,PVD,14670,13960,14230,14410,8633.658203125,8979600,129396036000
2021-09-01,PVD,14520,14150,14300,14230,8522.685546875,5035400,71653742000
2021-09-06,PVD,14630,13820,14000,14260,8544.880859375,11761300,167716138000
2021-09-07,PVD,14260,13710,14260,13710,8211.962890625,5477700,75099267000
2021-09-08,PVD,13820,13450,13630,13590,8211.962890625,4196600,57031794000
2021-09-09,PVD,13780,13410,13520,13550,8123.18505859375,3170800,42964340000
2021-09-10,PVD,13710,13410,13630,13490,8078.79638671875,3537900,47726271000
2021-09-13,PVD,13940,13590,13710,13590,8145.37939453125,4777800,64930302000
2021-09-14,PVD,13890,13550,13890,13550,8123.18505859375,2783400,37715070000
2021-09-15,PVD,14480,13590,13590,14480,8678.0478515625,10251300,148438824000
2021-09-16,PVD,15190,14740,14960,14780,8855.603515625,10116400,149520392000
2021-09-17,PVD,15400,14780,14890,15080,9033.1591796875,9393800,141658504000
2021-09-20,PVD,15710,15080,15080,15110,9055.353515625,15774000,238345140000
2021-09-21,PVD,16079,14820,14820,16079,9055.353515625,15456000,248517024000
2021-09-22,PVD,16520,16160,16260,16160,9055.353515625,7734500,124989520000
2021-09-23,PVD,16670,16000,16219,16110,9654.60546875,9107300,146718603000
2021-09-24,PVD,16480,15560,16290,15780,9454.8544921875,9574600,151087188000
2021-09-27,PVD,16450,15400,16160,15400,9232.9091796875,9126400,140546560000
2021-09-28,PVD,16480,15490,15670,16480,9876.5498046875,9081800,149668064000
2021-09-29,PVD,17110,16079,16670,16450,9854.35546875,10894300,179211235000
2021-09-30,PVD,17150,16410,16480,16890,10120.689453125,10232700,172830303000
2021-10-01,PVD,17780,16670,16890,17490,10475.8017578125,12976500,226958985000
2021-10-04,PVD,17960,17050,17710,17050,10209.4677734375,15013400,255978470000
2021-10-05,PVD,17890,17070,17490,17780,10653.357421875,10636400,189115192000
2021-10-06,PVD,18150,17630,18040,17820,10653.357421875,7818600,139327452000
2021-10-07,PVD,17850,17490,17630,17590,10542.384765625,9518600,167432174000
2021-10-08,PVD,17960,17490,17750,17490,10542.384765625,8340300,145871847000
2021-10-11,PVD,18070,17630,17850,17660,10542.384765625,8728700,154148842000
2021-10-12,PVD,18600,17660,17820,18340,10986.275390625,14397000,264040980000
2021-10-13,PVD,18440,18150,18380,18230,10919.69140625,4278600,77998878000
2021-10-14,PVD,18830,18300,18300,18380,10919.69140625,8177500,150302450000
2021-10-15,PVD,18740,18230,18520,18410,11030.6640625,6997700,128827657000
2021-10-18,PVD,19520,18520,18600,19190,11030.6640625,12642300,242605737000
2021-10-19,PVD,19220,18850,19120,19040,11407.9697265625,5811400,110649056000
2021-10-20,PVD,19440,18600,19330,19120,11452.359375,7235400,138340848000
2021-10-21,PVD,19930,19040,19270,19780,11851.8603515625,9154500,181076010000
2021-10-22,PVD,20490,19560,19670,20260,12140.3876953125,7724900,156506474000
2021-10-25,PVD,21070,19930,20860,20160,12140.3876953125,10757700,216875232000
2021-10-26,PVD,20670,20000,20160,20670,12140.3876953125,9075600,187592652000
2021-10-27,PVD,21340,20700,21110,21070,12140.3876953125,8523300,179585931000
2021-10-28,PVD,21070,20600,20780,20740,12428.9169921875,10808900,224176586000
2021-10-29,PVD,21110,20670,20740,20780,12451.111328125,7335900,152440002000
2021-11-01,PVD,21110,20160,20930,20380,12451.111328125,10888100,221899478000
2021-11-02,PVD,21270,20000,20380,20890,12739.640625,13201900,275787691000
2021-11-03,PVD,21450,20670,20890,20820,12473.3056640625,10860200,226109364000
2021-11-04,PVD,20890,20220,20600,20780,12451.111328125,7219200,150014976000
2021-11-05,PVD,22110,20860,20890,21860,13094.751953125,13794100,301539026000
2021-11-08,PVD,22780,21890,22190,22520,13494.2529296875,6305400,141997608000
2021-11-09,PVD,23330,22260,22740,23120,13849.3642578125,6878200,159023984000
2021-11-10,PVD,23780,22960,23260,23490,14071.3095703125,6072100,142633629000
2021-11-11,PVD,23630,22890,23490,23230,13915.9482421875,7182000,166837860000
2021-11-12,PVD,23330,22230,23190,22740,13627.4189453125,9639300,219197682000
2021-11-15,PVD,23560,22150,22480,23000,13782.78125,9936300,228534900000
2021-11-16,PVD,23970,22850,22890,23780,14248.8662109375,6676100,158757658000
2021-11-17,PVD,24220,23630,23810,23710,14204.4765625,3986700,94524657000
2021-11-18,PVD,23630,22670,23560,22670,13583.03125,10779300,244366731000
2021-11-19,PVD,22850,21110,22740,21110,13583.03125,22088900,466296679000
2021-11-22,PVD,20670,19670,20450,19670,11785.2763671875,11827800,232652826000
2021-11-23,PVD,20670,19850,19930,20450,12251.3603515625,6195400,126695930000
2021-11-24,PVD,21110,20380,21110,20560,12317.9443359375,4514800,92824288000
2021-11-25,PVD,21040,20380,20600,20560,12317.9443359375,4159700,85523432000
2021-11-26,PVD,20450,19270,20380,19490,11674.3037109375,10377700,202261373000
2021-11-29,PVD,19190,18380,18380,19040,11407.9697265625,8683000,165324320000
2021-11-30,PVD,20330,19410,19490,20160,12073.8046875,6699200,135055872000
2021-12-01,PVD,20890,19780,20000,20560,12317.9443359375,5260800,108162048000
2021-12-02,PVD,20860,20080,20290,20520,12295.75,3598600,73843272000
2021-12-03,PVD,20740,19270,20740,19270,11541.13671875,5458000,105175660000
2021-12-06,PVD,19850,19120,19780,19600,11740.8876953125,4888800,95820480000
2021-12-07,PVD,20970,19850,20220,20970,12562.083984375,7660900,160649073000
2021-12-08,PVD,21660,21110,21410,21110,12650.8623046875,5827000,123007970000
2021-12-09,PVD,21750,21110,21110,21630,12961.5849609375,4623900,100014957000
2021-12-10,PVD,21660,21180,21340,21410,12828.41796875,6350400,135962064000
2021-12-13,PVD,21930,21410,21560,21490,12872.806640625,4795300,103050997000
2021-12-14,PVD,21630,21070,21270,21270,12739.640625,4767300,101400471000
2021-12-15,PVD,21370,20600,21110,20670,12384.5283203125,5559800,114921066000
2021-12-16,PVD,21110,20700,21040,20890,12517.6953125,3029700,63290433000
2021-12-17,PVD,21410,20600,21340,20600,12340.138671875,5286800,108908080000
2021-12-20,PVD,20380,19630,20160,19810,11874.0546875,8479300,167974933000
2021-12-21,PVD,20520,19850,19930,20290,12162.5830078125,3454900,70099921000
2021-12-22,PVD,20820,19780,20600,19780,11851.8603515625,4171100,82504358000
2021-12-23,PVD,21150,19630,20000,21150,12673.056640625,8375700,177146055000
2021-12-24,PVD,22370,21270,21710,21410,12828.41796875,7505200,160686332000
2021-12-27,PVD,22190,21150,21660,21960,13161.3349609375,5645100,123966396000
2021-12-28,PVD,22710,21930,22300,21960,13161.3349609375,7841600,172201536000
2021-12-29,PVD,22740,21780,22070,22300,13361.0859375,5922100,132062830000
2021-12-30,PVD,22930,22300,22600,22340,13383.2802734375,4624200,103304628000
2021-12-31,PVD,22710,21560,22520,21960,13161.3349609375,4654400,102210624000
2022-01-04,PVD,23330,22040,22300,23040,13804.9755859375,8257000,190241280000
2022-01-05,PVD,23520,22960,23410,23000,13782.78125,6118700,140730100000
2022-01-06,PVD,23410,22710,23040,22960,13760.5859375,6041800,138719728000
2022-01-07,PVD,24040,23260,23710,23370,14004.7265625,9806500,229177905000
2022-01-10,PVD,23560,22000,23120,22070,13050.3623046875,10825700,238923199000
2022-01-11,PVD,22190,21490,22000,21860,13094.751953125,5553500,121399510000
2022-01-12,PVD,23370,22300,22440,23370,14004.7265625,13690200,319939974000
2022-01-13,PVD,24670,23040,24080,23040,13804.9755859375,11288600,260089344000
2022-01-14,PVD,23600,22600,22890,23260,13938.142578125,5987200,139262272000
2022-01-17,PVD,24670,23560,24080,23710,14204.4765625,15883200,376590672000
2022-01-18,PVD,25150,23670,23850,25040,15003.478515625,11121400,278479856000
2022-01-19,PVD,25860,23850,25860,24300,14559.587890625,11425400,277637220000
2022-01-20,PVD,24820,23670,24150,24630,14759.3388671875,7255000,178690650000
2022-01-21,PVD,25750,24010,24300,25080,15025.6728515625,13395500,335959140000
2022-01-24,PVD,25560,23780,25220,24110,14448.615234375,8929800,215297478000
2022-01-25,PVD,24450,23410,24080,24380,14603.9775390625,7997500,194979050000
2022-01-26,PVD,24740,24080,24590,24080,14426.4208984375,5472900,131787432000
2022-01-27,PVD,24820,24080,24410,24260,14537.3935546875,5118200,124167532000
2022-01-28,PVD,24520,22600,24110,22600,13538.642578125,16192300,365945980000
2022-02-07,PVD,23930,23120,23330,23120,13849.3642578125,6349300,146795816000
2022-02-08,PVD,23300,22640,22960,22740,13627.4189453125,6413000,145831620000
2022-02-09,PVD,22930,22070,22520,22110,13250.11328125,10728400,237204924000
2022-02-10,PVD,22850,22300,22370,22740,13627.4189453125,5912000,134438880000
2022-02-11,PVD,23490,22740,22960,22850,13694.0029296875,5200100,118822285000
2022-02-14,PVD,23740,22960,23330,22960,13760.5859375,7719400,177237424000
2022-02-15,PVD,23190,22550,22960,22670,13760.5859375,4176800,94688056000
2022-02-16,PVD,23330,22110,22440,23040,13804.9755859375,8691700,200256768000
2022-02-17,PVD,23410,22890,23040,23000,13782.78125,3891500,89504500000
2022-02-18,PVD,23120,22670,22890,22850,13694.0029296875,4226500,96575525000
2022-02-21,PVD,23560,22960,22960,23120,13849.3642578125,7024000,162394880000
2022-02-22,PVD,24010,23440,23560,23740,14226.6708984375,9530000,226242200000
2022-02-23,PVD,25380,24010,24040,24820,14870.3115234375,20563300,510381106000
2022-02-24,PVD,26520,24820,25110,26370,15802.48046875,17415100,459236187000
2022-02-25,PVD,26520,25340,25930,25340,15181.0341796875,12708500,322033390000
2022-02-28,PVD,26230,25270,25820,25860,15491.7568359375,9155100,236750886000
2022-03-01,PVD,26160,25410,25930,25860,15491.7568359375,8055200,208307472000
2022-03-02,PVD,27410,26450,27410,26890,16113.2021484375,10234200,275197638000
2022-03-03,PVD,27410,26480,27150,26670,15980.0361328125,9285300,247638951000
2022-03-04,PVD,26670,26000,26370,26000,15580.53515625,9997500,259935000000
2022-03-07,PVD,27820,26750,27120,27820,16668.06640625,9666800,268930376000
2022-03-08,PVD,28520,27410,27780,27930,16734.6484375,11395500,318276315000
2022-03-09,PVD,29860,28010,28670,29590,17733.400390625,16938900,501222051000
2022-03-10,PVD,29220,28040,28600,28740,17222.927734375,12725300,365725122000
2022-03-11,PVD,28330,26930,28150,27490,16468.314453125,20216800,555759832000
2022-03-14,PVD,27490,26300,27000,26410,15824.6748046875,12596100,332663001000
2022-03-15,PVD,26780,25300,25340,26670,15980.0361328125,10029200,267478764000
2022-03-16,PVD,26750,26040,26300,26260,15735.896484375,4186700,109942742000
2022-03-17,PVD,26230,25450,26230,25480,15269.8115234375,6573300,167487684000
2022-03-18,PVD,26550,26070,26300,26300,15758.091796875,6608900,173814070000
2022-03-21,PVD,26890,26070,26600,26890,16113.2021484375,5945600,159877184000
2022-03-22,PVD,27630,27080,27560,27080,16224.17578125,6367100,172421068000
2022-03-23,PVD,27260,26480,26960,26600,15935.6474609375,5198900,138290740000
2022-03-24,PVD,27300,26450,27120,26450,15846.869140625,4824300,127602735000
2022-03-25,PVD,26640,26000,26300,26110,15647.119140625,4885500,127560405000
2022-03-28,PVD,26780,25820,25860,26600,15935.6474609375,6340900,168667940000
2022-03-29,PVD,27560,26110,26370,27080,16224.17578125,8441100,228584988000
2022-03-30,PVD,27260,25960,26820,26160,15669.3134765625,5263800,137701008000
2022-03-31,PVD,26480,25300,26070,25340,15181.0341796875,5459100,138333594000
2022-04-01,PVD,25040,24080,25040,24670,14781.533203125,9852800,243068576000
2022-04-04,PVD,25150,24450,24890,25040,15003.478515625,4359100,109151864000
2022-04-05,PVD,25560,25220,25270,25220,15114.451171875,2388900,60248058000
2022-04-06,PVD,25340,24700,24820,25080,15025.6728515625,3094700,77615076000
2022-04-07,PVD,25150,24300,24820,24590,14737.14453125,5741100,141173649000
2022-04-08,PVD,24700,23040,24700,23040,13804.9755859375,5460700,125814528000
2022-04-12,PVD,23330,21450,23080,21450,12850.6123046875,9207400,197498730000
2022-04-13,PVD,22110,21110,22070,22070,13227.9189453125,4218300,93097881000
2022-04-14,PVD,22890,22150,22300,22440,13449.8642578125,3187500,71527500000
2022-04-15,PVD,23120,22000,22780,22410,13427.669921875,4643300,104056353000
2022-04-18,PVD,22600,21270,22440,21270,12739.640625,5205900,110729493000
2022-04-19,PVD,22440,21340,21560,21450,12850.6123046875,5884100,126213945000
2022-04-20,PVD,21780,19970,21490,19970,11962.8330078125,7143900,142663683000
2022-04-21,PVD,19930,18600,19410,18600,11141.63671875,9871300,183606180000
2022-04-22,PVD,18550,17300,18520,17300,10364.8291015625,15629400,270388620000
2022-04-25,PVD,17780,16110,17780,16110,9654.60546875,9802200,157913442000
2022-04-26,PVD,17220,15000,15110,17220,10320.4404296875,10968200,188872404000
2022-04-27,PVD,17590,16890,17070,17220,10320.4404296875,5601100,96450942000
2022-04-28,PVD,18040,17340,17740,17340,10387.0234375,6285700,108994038000
2022-04-29,PVD,18140,17510,17510,18040,10813.1572265625,4992900,90071916000
2022-05-04,PVD,18760,17470,18040,18230,10919.69140625,6623900,120753697000
2022-05-05,PVD,19020,18000,18670,18230,10919.69140625,5208900,94958247000
2022-05-06,PVD,18140,16980,18040,16980,10173.95703125,5885400,99934092000
2022-05-09,PVD,16890,15820,16800,15820,9481.48828125,5873100,92912442000
2022-05-10,PVD,16890,14890,14890,16890,10120.689453125,7967200,134566008000
2022-05-11,PVD,17470,16890,17340,16890,10120.689453125,2940700,49668423000
2022-05-12,PVD,17110,15730,16980,15730,9428.220703125,5450600,85737938000
2022-05-13,PVD,16090,14670,16090,14670,8789.0205078125,9070800,133068636000
2022-05-16,PVD,15700,15250,15700,15380,9215.154296875,5857300,90085274000
2022-05-17,PVD,16450,15420,15420,16450,9854.35546875,4011100,65982595000
2022-05-18,PVD,17510,16710,16890,16760,10040.7890625,7553200,126591632000
2022-05-19,PVD,17920,16219,16270,17920,10733.2568359375,10230200,183325184000
2022-05-20,PVD,18760,17870,18230,17920,10733.2568359375,7316800,131117056000
2022-05-23,PVD,19020,17780,18040,18440,11052.8583984375,7572200,139631368000
2022-05-24,PVD,18440,17340,18140,18320,10972.9580078125,8160400,149498528000
2022-05-25,PVD,19560,18530,18720,19560,11718.693359375,11275500,220548780000
2022-05-26,PVD,20100,19290,19820,19470,11665.42578125,7903800,153886986000
2022-05-27,PVD,20050,19250,19820,19650,11771.9599609375,6011000,118116150000
2022-05-30,PVD,20800,19730,20100,19730,11825.2265625,10652800,210179744000
2022-05-31,PVD,20620,19730,19780,20360,12198.0947265625,10372300,211180028000
2022-06-01,PVD,21340,19820,20360,21070,12624.228515625,10045200,211652364000
2022-06-02,PVD,21160,20270,20620,20450,12624.228515625,10915700,223226065000
2022-06-03,PVD,20710,20100,20100,20450,12251.3603515625,6902400,141154080000
2022-06-06,PVD,21250,20050,21110,20100,12038.2939453125,10003300,201066330000
2022-06-07,PVD,20890,19380,20050,20890,12517.6953125,9524300,198962627000
2022-06-08,PVD,22230,20980,21340,21470,12863.9296875,19013700,408224139000
2022-06-09,PVD,22000,21430,21780,21470,12863.9296875,5992700,128663269000
2022-06-10,PVD,21380,20270,21160,20270,12144.828125,12170600,246698062000
2022-06-13,PVD,19910,18890,19210,18890,11319.19140625,13161300,248616957000
2022-06-14,PVD,19730,18890,19020,19730,11825.2265625,9452200,186491906000
2022-06-15,PVD,19820,18440,19700,18630,11159.3916015625,6295600,117287028000
2022-06-16,PVD,19510,18400,18810,18670,11186.025390625,9369200,174922964000
2022-06-17,PVD,18580,17380,17950,17780,10653.357421875,14598400,259559552000
2022-06-20,PVD,17340,16540,17030,16540,9907.6220703125,9781000,161777740000
2022-06-21,PVD,16450,15380,15730,15380,9215.154296875,9360700,143967566000
2022-06-22,PVD,15290,14320,14890,14320,8575.953125,13129600,188015872000
2022-06-23,PVD,15290,13870,13870,15290,9161.8876953125,6284300,96086947000
2022-06-24,PVD,15820,15110,15820,15110,9055.353515625,5292300,79966653000
2022-06-27,PVD,15700,15070,15290,15470,9268.4208984375,4244800,65667056000
2022-06-28,PVD,16270,15700,15910,15730,9428.220703125,5292800,83255744000
2022-06-29,PVD,15870,15330,15730,15470,9268.4208984375,4466800,69101396000
2022-06-30,PVD,15650,14760,15510,14760,8842.2861328125,4342600,64096776000
2022-07-01,PVD,15250,13950,14580,14930,8948.8203125,6003800,89636734000
2022-07-04,PVD,15380,15020,15380,15210,9108.6201171875,2774000,42192540000
2022-07-05,PVD,15470,14760,15380,14760,8842.2861328125,3638600,53705736000
2022-07-06,PVD,14490,13740,14130,13740,8229.71875,7525900,103405866000
2022-07-07,PVD,14000,13070,13600,13340,7990.01806640625,5082800,67804552000
2022-07-08,PVD,14040,13690,13780,13780,8256.3515625,2879200,39675376000
2022-07-11,PVD,14180,13510,13690,13830,8282.9853515625,4062700,56187141000
2022-07-12,PVD,14760,13830,13830,14760,8282.9853515625,4947900,73031004000
2022-07-13,PVD,15020,14400,14580,14840,8895.5537109375,4759700,70633948000
2022-07-14,PVD,15650,14890,14890,15210,9108.6201171875,5359100,81511911000
2022-07-15,PVD,15290,14840,15110,15020,9002.0869140625,4987400,74910748000
2022-07-18,PVD,15380,15020,15110,15160,9081.9873046875,2847400,43166584000
2022-07-19,PVD,15730,15160,15560,15290,9161.8876953125,6050300,92509087000
2022-07-20,PVD,15870,15330,15510,15380,9215.154296875,4947700,76095626000
2022-07-21,PVD,15470,15020,15420,15160,9081.9873046875,3944200,59794072000
2022-07-22,PVD,15560,15110,15110,15110,9055.353515625,4870900,73599299000
2022-07-25,PVD,15020,14400,14930,14440,8655.8525390625,4610100,66569844000
2022-07-26,PVD,14890,14440,14840,14760,8842.2861328125,3162300,46675548000
2022-07-27,PVD,14760,14130,14670,14760,8842.2861328125,2187900,32293404000
2022-07-28,PVD,15330,14930,15070,15210,9108.6201171875,4684900,71257329000
2022-07-29,PVD,15470,14930,15290,14980,8975.453125,4916200,73644676000
2022-08-01,PVD,15730,15020,15070,15560,9321.6875,6256400,97349584000
2022-08-02,PVD,16180,15250,15330,15820,9481.48828125,9284800,146885536000
2022-08-03,PVD,16180,15700,15820,15820,9481.48828125,5971800,94473876000
2022-08-04,PVD,15870,15380,15730,15420,9241.7880859375,8647300,133341366000
2022-08-05,PVD,16480,15450,15650,16480,9872.9990234375,9509600,156718208000
2022-08-08,PVD,17600,16620,16620,17600,10546.82421875,9277800,163289280000
2022-08-09,PVD,17700,17110,17600,17360,10400.3408203125,8511800,147764848000
2022-08-10,PVD,18380,17060,17160,18380,11015.572265625,16091100,295754418000
2022-08-11,PVD,18870,18090,18580,18290,10956.9775390625,11182600,204529754000
2022-08-12,PVD,18780,18090,18340,18480,11074.1650390625,7363300,136073784000
2022-08-15,PVD,19170,18240,18480,18780,11249.9453125,8015000,150521700000
2022-08-16,PVD,19270,18340,18340,18830,11279.2421875,8722000,164235260000
2022-08-17,PVD,19170,18290,18780,18680,11191.3515625,10873000,203107640000
2022-08-18,PVD,19270,18580,18870,18580,11132.7587890625,8249100,153268278000
2022-08-19,PVD,19660,18780,18780,19360,11601.5068359375,12597400,243885664000
2022-08-22,PVD,20150,19170,19310,19900,11923.7705078125,10775700,214436430000
2022-08-23,PVD,20630,19800,19850,20190,12099.55078125,10329200,208546548000
2022-08-24,PVD,20980,19950,20440,20830,12480.408203125,11453700,238580571000
2022-08-25,PVD,21170,20540,21030,20540,12304.6279296875,8947700,183785758000
2022-08-26,PVD,20590,19610,20390,19660,11777.287109375,12893500,253486210000
2022-08-29,PVD,21030,19310,19310,21030,12597.5947265625,18585400,390850962000
2022-08-30,PVD,21810,21030,21510,21120,12656.189453125,11955500,252500160000
2022-08-31,PVD,21120,20240,20780,20240,12128.84765625,13962900,282609096000
2022-09-05,PVD,21220,19710,19950,21030,12597.5947265625,14561000,306217830000
2022-09-06,PVD,21320,20730,21070,20730,12421.814453125,9562700,198234771000
2022-09-07,PVD,20540,19310,20340,19310,11572.2099609375,12538600,242120366000
2022-09-08,PVD,19660,18380,19460,18780,11249.9453125,11227500,210852450000
2022-09-09,PVD,20050,18580,18920,20050,12011.66015625,8323000,166876150000
2022-09-12,PVD,21420,20630,20340,20630,12363.2216796875,13360600,275629178000
2022-09-13,PVD,21710,20540,20830,21660,12978.4521484375,15211300,329476758000
2022-09-14,PVD,22830,21420,21510,22790,13652.27734375,17149000,390825710000
2022-09-15,PVD,23230,22200,22880,22200,13300.716796875,10561500,234465300000
2022-09-16,PVD,22740,21760,22000,22490,13476.4970703125,13199400,296854506000
2022-09-19,PVD,22250,20930,22250,20930,12539.0009765625,13468800,281901984000
2022-09-20,PVD,21270,19850,21220,21270,12744.0791015625,10026800,213270036000
2022-09-21,PVD,21860,20540,20880,21860,13095.6396484375,8875900,194027174000
2022-09-22,PVD,22150,21320,21510,21710,13007.7490234375,8264900,179430979000
2022-09-23,PVD,22350,21510,21810,21710,13007.7490234375,10043700,218048727000
2022-09-26,PVD,21420,20190,21030,20190,12099.55078125,14877100,300368649000
2022-09-27,PVD,20590,18830,20240,18870,11308.5390625,10681800,201565566000
2022-09-28,PVD,19800,18380,18870,19120,11455.0224609375,11057400,211417488000
2022-09-29,PVD,19850,18340,19800,18380,11015.572265625,5671100,104234818000
2022-09-30,PVD,19660,17500,18090,19360,11601.5068359375,12072300,233719728000
2022-10-03,PVD,19360,18040,19220,18040,10810.494140625,6263300,112989932000
2022-10-04,PVD,18870,18090,18680,18290,10956.9775390625,8259100,151058939000
2022-10-05,PVD,19560,18830,18870,19560,11718.693359375,9745700,190625892000
2022-10-06,PVD,20240,19070,19750,19170,11484.3193359375,9713500,186207795000
2022-10-07,PVD,20150,18090,18580,19560,11718.693359375,15266800,298618608000
2022-10-10,PVD,20730,19900,19950,20150,12070.25390625,8695100,175206265000
2022-10-11,PVD,20340,18780,20100,18780,11249.9453125,12542000,235538760000
2022-10-12,PVD,20050,18380,18870,19410,11630.8037109375,8015600,155582796000
2022-10-13,PVD,19560,18780,19360,19170,11484.3193359375,5035900,96538203000
2022-10-14,PVD,20150,19310,19610,19660,11777.287109375,8013500,157545410000
2022-10-17,PVD,21030,19120,19410,21030,12597.5947265625,13482800,283543284000
2022-10-18,PVD,21560,20440,21420,20630,12363.2216796875,9649400,199067122000
2022-10-19,PVD,21510,20440,20730,20930,12539.0009765625,8740200,182932386000
2022-10-20,PVD,21320,20730,21070,20980,12568.2978515625,6195000,129971100000
2022-10-21,PVD,21710,19510,21030,19510,11689.396484375,23900900,466306559000
2022-10-24,PVD,19850,18190,19560,18190,10898.3837890625,10596300,192746697000
2022-10-25,PVD,19360,17060,18380,18530,11103.4619140625,8605400,159458062000
2022-10-26,PVD,18780,17260,18580,17260,10341.74609375,6479900,111843074000
2022-10-27,PVD,18430,17160,17500,18430,11044.8681640625,10049600,185214128000
2022-10-28,PVD,18680,17900,18480,18040,10810.494140625,5606500,101141260000
2022-10-31,PVD,17850,16820,17410,16820,10078.076171875,15515600,260972392000
2022-11-01,PVD,17210,15650,17060,15840,9492.1416015625,9305500,147399120000
2022-11-02,PVD,16920,15940,16329,16920,10136.669921875,6167000,104345640000
2022-11-03,PVD,17410,16530,17060,16970,10165.9658203125,5707000,96847790000
2022-11-04,PVD,16920,15840,16920,16580,9931.5927734375,5878200,97460556000
2022-11-07,PVD,16920,15840,16920,15990,9580.03125,5727000,91574730000
2022-11-08,PVD,16720,15840,15840,16620,9960.8896484375,4527900,75253698000
2022-11-09,PVD,16870,16040,16670,16580,9931.5927734375,5643400,93567572000
2022-11-10,PVD,16530,15450,16329,15450,9257.767578125,5728000,88497600000
2022-11-11,PVD,15790,14380,15550,14380,8613.2392578125,8817100,126789898000
2022-11-14,PVD,14180,13400,13540,13400,8027.3046875,5027700,67371180000
2022-11-15,PVD,12470,12470,12470,12470,7470.6669921875,782700,9760269000
2022-11-16,PVD,13300,11640,11640,13300,7968.7109375,17590000,233947000000
2022-11-17,PVD,13740,12810,13300,13590,8144.4912109375,5580900,75844431000
2022-11-18,PVD,13400,12660,13200,12660,7587.85400390625,11163700,141332442000
2022-11-21,PVD,13150,12420,12710,13060,7822.2275390625,4859700,63467682000
2022-11-22,PVD,13940,12910,13150,13890,8320.2724609375,11845100,164528439000
2022-11-23,PVD,14180,13200,13980,13300,7968.7109375,4794400,63765520000
2022-11-24,PVD,13350,12370,13100,12710,7617.150390625,7244100,92072511000
2022-11-25,PVD,13200,12620,13060,13200,7910.11767578125,4463700,58920840000
2022-11-28,PVD,14080,13200,13300,13980,8378.865234375,8532900,119289942000
2022-11-29,PVD,14960,13690,13980,14960,8964.80078125,11314900,169270904000
2022-11-30,PVD,15740,14960,15500,15450,9257.767578125,9330400,144154680000
2022-12-01,PVD,16040,14570,15790,14960,8964.80078125,11651500,174306440000
2022-12-02,PVD,15990,15010,15160,15990,9580.03125,8676700,138740433000
2022-12-05,PVD,17060,16280,17060,16430,9843.703125,8493000,139539990000
2022-12-06,PVD,17020,15940,16180,16140,9667.921875,12148400,196075176000
2022-12-07,PVD,16720,15940,16140,16230,9726.5146484375,6249000,101421270000
2022-12-08,PVD,16870,15840,16430,16620,9960.8896484375,7152900,118881198000
2022-12-09,PVD,16670,16230,16620,16480,9872.9990234375,4371400,72040672000
2022-12-12,PVD,17310,16140,16620,16140,9667.921875,8601700,138831438000
2022-12-13,PVD,16620,15890,16329,16620,9960.8896484375,4715200,78366624000
2022-12-14,PVD,17550,16670,17060,17310,10371.04296875,8231200,142482072000
2022-12-15,PVD,17700,17020,17600,17310,10371.04296875,4669300,80825583000
2022-12-16,PVD,17850,16870,17020,17360,10400.3408203125,6014300,104408248000
2022-12-19,PVD,17550,16620,17360,16620,9960.8896484375,5235200,87009024000
2022-12-20,PVD,17110,15940,16620,17110,10253.8564453125,8767200,150006792000
2022-12-21,PVD,17750,16580,17210,17210,10312.44921875,5944300,102301403000
2022-12-22,PVD,17700,17020,17700,17310,10371.04296875,3601400,62340234000
2022-12-23,PVD,17700,16920,17310,17500,10488.23046875,5202600,91045500000
2022-12-26,PVD,18040,17060,17750,17210,10312.44921875,7246200,124707102000
2022-12-27,PVD,17550,16140,17160,17550,10517.52734375,6454900,113283495000
2022-12-28,PVD,17990,17260,17550,17900,10722.6044921875,4835100,86548290000
2022-12-29,PVD,17850,17160,17750,17500,10488.23046875,3229800,56521500000
2022-12-30,PVD,17700,17310,17600,17460,10458.93359375,3083700,53841402000
2023-01-03,PVD,18480,17600,17700,18140,10869.087890625,7108700,128951818000
2023-01-04,PVD,19020,17900,18140,18730,11220.6484375,6221500,116528695000
2023-01-05,PVD,18780,18340,18680,18580,11132.7587890625,3673400,68251772000
2023-01-06,PVD,18970,17990,18580,17990,10781.197265625,4907500,88285925000
2023-01-09,PVD,18580,17900,18190,18240,10927.6806640625,3552900,64804896000
2023-01-10,PVD,18780,18240,18380,18430,11044.8681640625,3952300,72840889000
2023-01-11,PVD,18780,18380,18680,18480,11074.1650390625,3276100,60542328000
2023-01-12,PVD,19750,18680,18780,19750,11835.8798828125,10071900,198920025000
2023-01-13,PVD,19950,19310,19800,19510,11689.396484375,3045500,59417705000
2023-01-16,PVD,19900,19460,19660,19560,11718.693359375,3276300,64084428000
2023-01-17,PVD,20540,19510,19560,20490,12275.3310546875,4802000,98392980000
2023-01-18,PVD,21030,20340,20980,20390,12216.73828125,3086200,62927618000
2023-01-19,PVD,20630,20150,20340,20540,12304.6279296875,3185800,65436332000
2023-01-27,PVD,21420,20440,21120,20440,12246.0341796875,3788600,77438984000
2023-01-30,PVD,20880,20000,20440,20100,12040.95703125,3625500,72872550000
2023-01-31,PVD,20540,20000,20150,20540,12304.6279296875,4179100,85838714000
2023-02-01,PVD,20730,19270,20540,19270,11542.9130859375,6665500,128444185000
2023-02-02,PVD,19560,18920,19460,19220,11513.615234375,4769900,91677478000
2023-02-03,PVD,19460,18780,19410,18870,11308.5390625,2524700,47641089000
2023-02-06,PVD,19070,18340,18680,18920,11337.8359375,3088300,58430636000
2023-02-07,PVD,19270,18730,19270,18920,11337.8359375,2588100,48966852000
2023-02-08,PVD,19360,18580,19020,19070,11425.7255859375,3300300,62936721000
2023-02-09,PVD,20390,19120,19220,20390,12216.73828125,6237800,127188742000
2023-02-10,PVD,20390,19660,20390,19850,11894.4736328125,2889700,57360545000
2023-02-13,PVD,20490,19360,19750,20150,12070.25390625,7262600,146341390000
2023-02-14,PVD,20540,20050,20390,20150,12070.25390625,3033000,61114950000
2023-02-15,PVD,21030,20150,20290,20680,12392.517578125,5022800,103871504000
2023-02-16,PVD,21810,20730,20930,21610,12949.15625,6707900,144957719000
2023-02-17,PVD,21710,21320,21610,21560,12919.859375,3873700,83516972000
2023-02-20,PVD,22100,21420,21470,22000,13183.529296875,4600000,101200000000
2023-02-21,PVD,22390,21710,22100,21710,13007.7490234375,6085900,132124889000
2023-02-22,PVD,22440,20830,21220,20830,12480.408203125,8975500,186959665000
2023-02-23,PVD,21320,19750,20830,21320,12773.3759765625,6745100,143805532000
2023-02-24,PVD,21810,20340,21370,20340,12187.44140625,3611300,73453842000
2023-02-27,PVD,20830,19800,20190,20540,12304.6279296875,4274100,87790014000
2023-02-28,PVD,20980,20490,20930,20730,12421.814453125,2184200,45278466000
2023-03-01,PVD,21610,20630,20730,21510,12890.5625,5697000,122542470000
2023-03-02,PVD,21710,20880,21510,21220,12714.7822265625,4602100,97656562000
2023-03-03,PVD,21760,21030,21320,21170,12685.4853515625,3953200,83689244000
2023-03-06,PVD,21510,20880,21470,21120,12656.189453125,2872600,60669312000
2023-03-07,PVD,21610,20980,21320,21420,12831.96875,2623700,56199654000
2023-03-08,PVD,22200,21120,21220,22150,13271.419921875,6672900,147804735000
2023-03-09,PVD,22250,21810,22000,21910,13124.935546875,3817600,83643616000
2023-03-10,PVD,21910,21120,21610,21420,12831.96875,5396100,115584462000
2023-03-13,PVD,21470,21070,21170,21420,12831.96875,2883300,61760286000
2023-03-14,PVD,21370,20150,21370,20150,12070.25390625,6809300,137207395000
2023-03-15,PVD,21030,20290,20540,20980,12568.2978515625,3258500,68363330000
2023-03-16,PVD,20540,20000,20190,20150,12070.25390625,4911400,98964710000
2023-03-17,PVD,20540,20240,20540,20340,12187.44140625,2475400,50349636000
2023-03-20,PVD,20050,19070,19800,19120,11455.0224609375,6616500,126507480000
2023-03-21,PVD,19410,18920,19410,19270,11542.9130859375,2575300,49626031000
2023-03-22,PVD,19710,19310,19560,19310,11572.2099609375,2157400,41659394000
2023-03-23,PVD,19750,19120,19120,19460,11718.693359375,2107000,41002220000
2023-03-24,PVD,19800,19560,19750,19610,11747.990234375,2791400,54739354000
2023-03-27,PVD,19750,19410,19610,19610,11835.8798828125,2960000,58045600000
2023-03-28,PVD,20290,19800,20150,19850,11865.1767578125,2393800,47516930000
2023-03-29,PVD,20150,19710,19900,19900,11865.1767578125,1655800,32950420000
2023-03-30,PVD,20050,19660,19900,19660,11777.287109375,2483800,48831508000
2023-03-31,PVD,19950,19510,19850,19850,11894.4736328125,2920100,57963985000
2023-04-03,PVD,20730,20390,20730,20680,12392.517578125,6779800,140206264000
2023-04-04,PVD,20880,20630,20830,20730,12363.2216796875,3020100,62606673000
2023-04-05,PVD,21270,20680,20680,20930,12539.0009765625,3146400,65854152000
2023-04-06,PVD,20980,20540,20930,20590,12304.6279296875,3783900,77910501000
2023-04-07,PVD,20590,20240,20440,20340,12187.44140625,3459000,70356060000
2023-04-10,PVD,20780,20240,20730,20290,12187.44140625,2551700,51773993000
2023-04-11,PVD,21030,20340,20340,20780,12392.517578125,5660900,117633502000
2023-04-12,PVD,21170,20540,20930,20680,12392.517578125,3450000,71346000000
2023-04-13,PVD,21370,20780,20980,20830,12304.6279296875,6752400,140652492000
2023-04-14,PVD,20880,20050,20730,20150,12011.66015625,5505600,110937840000
2023-04-17,PVD,20190,19850,20050,19950,11923.7705078125,2380700,47494965000
2023-04-18,PVD,20150,19950,20000,20050,12070.25390625,2053200,41166660000
2023-04-19,PVD,20340,20000,20190,20050,12070.25390625,1706800,34221340000
2023-04-20,PVD,20150,19850,20150,20000,12011.66015625,1767200,35344000000
2023-04-21,PVD,20190,19850,20050,20000,11894.4736328125,2230100,44602000000
2023-04-24,PVD,19950,19710,19850,19850,11953.06640625,896900,17803465000
2023-04-25,PVD,20240,19850,20100,19900,12011.66015625,1559100,31026090000
2023-04-26,PVD,20150,19750,20150,20050,12128.84765625,1537300,30822865000
2023-04-27,PVD,20830,20290,20440,20340,12158.14453125,3749800,76270932000
2023-04-28,PVD,20680,20290,20340,20390,12275.3310546875,2083600,42484604000
2023-05-04,PVD,20240,19900,20150,19950,11894.4736328125,2769800,55257510000
2023-05-05,PVD,20100,19900,19900,19950,12040.95703125,1439100,28710045000
2023-05-08,PVD,20980,20240,20390,20630,12421.814453125,5063500,104460005000
2023-05-09,PVD,21910,20730,20730,21420,12831.96875,11280100,241619742000
2023-05-10,PVD,21610,21320,21420,21320,12802.6728515625,3259800,69498936000
2023-05-11,PVD,22490,21470,21470,21860,13066.3427734375,8415800,183969388000
2023-05-12,PVD,22100,21560,21810,21910,13154.232421875,3708300,81248853000
2023-05-15,PVD,22100,21370,22050,21370,12802.6728515625,7367900,157452023000
2023-05-16,PVD,22250,21560,21710,21810,13095.6396484375,5386600,117481746000
2023-05-17,PVD,22100,21420,21910,21510,12861.265625,4209800,90552798000
2023-05-18,PVD,22200,21470,21610,21910,13124.935546875,5587900,122430889000
2023-05-19,PVD,23180,22200,22200,22930,13740.1669921875,11545300,264733729000
2023-05-22,PVD,23470,22980,23370,23030,13828.05859375,4151100,95599833000
2023-05-23,PVD,23570,22740,23180,23080,13945.2451171875,6295900,145309372000
2023-05-24,PVD,23470,22880,23470,22880,13945.2451171875,4210900,96345392000
2023-05-25,PVD,23760,22350,22880,23420,14033.134765625,10037900,235087618000
2023-05-26,PVD,23570,23230,23570,23320,13974.5419921875,4041200,94240784000
2023-05-29,PVD,23670,23080,23520,23180,13886.6513671875,5465600,126692608000
2023-05-30,PVD,23570,23130,23230,23520,14091.728515625,5376600,126457632000
2023-05-31,PVD,23860,23270,23470,23670,14179.6181640625,6583800,155838546000
2023-06-01,PVD,23520,23130,23470,23370,14003.8388671875,4033900,94272243000
2023-06-02,PVD,23860,23270,23570,23760,14238.2119140625,5935000,141015600000
2023-06-05,PVD,24350,23620,24350,23670,14179.6181640625,5161800,122179806000
2023-06-06,PVD,24110,23420,23670,23670,14179.6181640625,3724200,88151814000
2023-06-07,PVD,23960,23570,23760,23910,14326.1015625,3697400,88404834000
2023-06-08,PVD,24400,23130,24350,23130,13857.3544921875,6266200,144937206000
2023-06-09,PVD,23230,22540,23130,23080,13828.05859375,5399900,124629692000
2023-06-12,PVD,23080,22490,23030,22880,13710.8701171875,4827800,110460064000
2023-06-13,PVD,23320,22790,22880,23320,13974.5419921875,3982300,92867236000
2023-06-14,PVD,23620,22880,23470,22880,13710.8701171875,3419700,78242736000
2023-06-15,PVD,23860,22790,22790,23860,14296.8056640625,7133000,170193380000
2023-06-16,PVD,24110,23320,24110,23320,13974.5419921875,5866200,136799784000
2023-06-19,PVD,23860,23270,23370,23470,14062.431640625,4907300,115174331000
2023-06-20,PVD,24060,23370,23670,23910,14326.1015625,3748500,89626635000
2023-06-21,PVD,24740,23910,24060,24350,14589.7734375,8034600,195642510000
2023-06-22,PVD,24940,24200,24500,24450,14589.7734375,6771000,165550950000
2023-06-23,PVD,24450,23470,24350,23620,14150.322265625,13808600,326159132000
2023-06-26,PVD,23960,23270,23670,23960,14355.3994140625,5567900,133406884000
2023-06-27,PVD,24740,23960,24150,24200,14501.8828125,4162200,100725240000
2023-06-28,PVD,24400,23860,24350,24060,14413.9931640625,3330900,80141454000
2023-06-29,PVD,24350,23960,24250,23960,14355.3994140625,5794400,138833824000
2023-06-30,PVD,24060,23760,23960,23960,14355.3994140625,2740900,65671964000
2023-07-03,PVD,24400,23910,24110,24300,14560.4765625,3060500,74370150000
2023-07-04,PVD,25380,24200,24350,25280,15146.4111328125,10151900,256640032000
2023-07-05,PVD,25330,24940,25230,24940,14941.333984375,3884600,96881924000
2023-07-06,PVD,25080,24060,24940,24450,14648.3662109375,6605000,161492250000
2023-07-07,PVD,24500,24060,24250,24300,14560.4765625,3910900,95034870000
2023-07-10,PVD,24890,24300,24740,24350,14589.7734375,6552800,159560680000
2023-07-11,PVD,24640,24250,24450,24300,14560.4765625,4751200,115454160000
2023-07-12,PVD,24890,24450,24500,24690,14794.849609375,4254300,105038667000
2023-07-13,PVD,25080,24550,24890,24740,14824.146484375,3774800,93388552000
2023-07-14,PVD,24990,24300,24740,24590,14736.2568359375,5145500,126527845000
2023-07-17,PVD,25130,24450,24640,24890,14912.037109375,5517600,137333064000
2023-07-18,PVD,25330,24740,25030,24790,14853.443359375,3225900,79970061000
2023-07-19,PVD,24890,24250,24890,24400,14619.0693359375,5832800,142320320000
2023-07-20,PVD,24450,24010,24450,24250,14531.1796875,3243700,78659725000
2023-07-21,PVD,24590,24250,24350,24550,14706.9599609375,2389600,58664680000
2023-07-24,PVD,25430,24590,24740,25130,15058.5205078125,6756900,169800897000
2023-07-25,PVD,25330,24840,25330,25130,15058.5205078125,3926700,98677971000
2023-07-26,PVD,25520,24940,25130,25330,15175.7080078125,5113900,129535087000
2023-07-27,PVD,25670,24890,25470,25230,15117.1142578125,5196700,131112741000
2023-07-28,PVD,26110,25180,25280,25870,15497.9716796875,8425800,217975446000
2023-07-31,PVD,26260,25620,26260,25620,15351.4873046875,5281500,135312030000
2023-08-01,PVD,25820,24940,25670,24940,14941.333984375,6487300,161793262000
2023-08-02,PVD,25470,24740,24990,25330,15175.7080078125,5480700,138826131000
2023-08-03,PVD,25280,24640,25280,24640,14765.552734375,5286700,130264288000
2023-08-04,PVD,25520,24590,24890,25280,15146.4111328125,5324600,134605888000
2023-08-07,PVD,25470,25130,25470,25330,15175.7080078125,3598200,91142406000
2023-08-08,PVD,26010,25430,25670,25520,15292.89453125,7492100,191198392000
2023-08-09,PVD,25570,25080,25520,25230,15117.1142578125,3559600,89808708000
2023-08-10,PVD,25770,24990,25470,25080,15029.224609375,3940700,98832756000
2023-08-11,PVD,25280,24590,25280,24940,14941.333984375,4384800,109356912000
2023-08-14,PVD,25180,24840,25080,25080,15029.224609375,3988100,100021548000
2023-08-15,PVD,25280,24990,25280,24990,14970.630859375,3106600,77633934000
2023-08-16,PVD,25770,25030,25230,25180,15087.8173828125,6296300,158540834000
2023-08-17,PVD,25330,24940,25130,24940,14941.333984375,4703100,117295314000
2023-08-18,PVD,25030,23230,24890,23230,13915.9482421875,7333100,170347913000
2023-08-21,PVD,24010,22980,23030,23470,14062.431640625,4262900,100050263000
2023-08-22,PVD,23710,22350,23570,23470,14062.431640625,3224800,75686056000
2023-08-23,PVD,23810,23080,23470,23760,14238.2119140625,2302300,54702648000
2023-08-24,PVD,23960,23470,23570,23960,14355.3994140625,2345600,56200576000
2023-08-25,PVD,24200,23620,23910,24110,14443.2900390625,2659100,64110901000
2023-08-28,PVD,24300,23960,24300,24060,14413.9931640625,2072500,49864350000
2023-08-29,PVD,24640,24110,24350,24550,14706.9599609375,4240300,104099365000
2023-08-30,PVD,24640,24250,24550,24550,14706.9599609375,1501100,36852005000
2023-08-31,PVD,24940,24450,24640,24940,14941.333984375,4280100,106745694000
2023-09-05,PVD,25670,25230,25520,25330,15175.7080078125,5413300,137118889000
2023-09-06,PVD,25720,25280,25570,25470,15263.59765625,4262200,108558234000
2023-09-07,PVD,26010,25180,25520,25920,15527.2685546875,8389300,217450656000
2023-09-08,PVD,26010,25670,25920,25870,15497.9716796875,4069900,105288313000
2023-09-11,PVD,26600,25430,26010,25430,15234.30078125,8476500,215557395000
2023-09-12,PVD,25870,25280,25470,25870,15497.9716796875,3616500,93558855000
2023-09-13,PVD,26550,25670,26110,25920,15527.2685546875,6796700,176170464000
2023-09-14,PVD,26500,25670,25720,26210,15703.048828125,6526800,171067428000
2023-09-15,PVD,27580,26400,26500,26600,15937.421875,6368900,169412740000
2023-09-18,PVD,26890,25960,26400,26060,15615.1591796875,3910700,101912842000
2023-09-19,PVD,26400,25520,26210,26060,15615.1591796875,3895600,101519336000
2023-09-20,PVD,26450,26160,26160,26400,15820.2353515625,3095000,81708000000
2023-09-21,PVD,26600,25920,26600,25920,15527.2685546875,3447600,89361792000
2023-09-22,PVD,25570,24350,25470,24890,14912.037109375,7738200,192603798000
2023-09-25,PVD,25470,23470,24890,23470,14062.431640625,3626000,85102220000
2023-09-26,PVD,24400,23180,23620,23470,14062.431640625,3500800,82163776000
2023-09-27,PVD,24640,23420,23710,24640,14765.552734375,3114700,76746208000
2023-09-28,PVD,25570,24550,24940,25570,15322.19140625,4507300,115251661000
2023-09-29,PVD,25720,25030,25620,25230,15117.1142578125,2401000,60577230000
2023-10-02,PVD,25920,24840,25230,25430,15234.30078125,2759800,70181714000
2023-10-03,PVD,24990,23960,24990,24010,14384.6962890625,3544800,85110648000
2023-10-04,PVD,25180,23670,23860,24890,14912.037109375,3612200,89907658000
2023-10-05,PVD,25720,24690,24740,25280,15146.4111328125,5525000,139672000000
2023-10-06,PVD,25380,24640,25380,25230,15117.1142578125,2152700,54312621000
2023-10-09,PVD,26310,25770,25920,25920,15527.2685546875,5719100,148239072000
2023-10-10,PVD,26160,25520,26010,25620,15351.4873046875,5478500,140359170000
2023-10-11,PVD,27380,25520,25520,27190,16288.982421875,15292100,415792199000
2023-10-12,PVD,27970,26990,26990,27380,16406.171875,9743200,266768816000
2023-10-13,PVD,28070,27090,27190,27820,16669.83984375,8014000,222949480000
2023-10-16,PVD,29240,27770,28310,28070,16816.32421875,11817500,331717225000
2023-10-17,PVD,28210,26400,28160,26400,15820.2353515625,7673400,202577760000
2023-10-18,PVD,27580,25770,26800,27190,16288.982421875,13617300,370254387000
2023-10-19,PVD,27680,26890,27090,27190,16288.982421875,7221800,196360742000
2023-10-20,PVD,27680,26060,27380,27680,16581.951171875,8846500,244871120000
2023-10-23,PVD,27630,26400,27630,27280,16347.578125,6585600,179655168000
2023-10-24,PVD,27280,26450,27190,26990,16171.7958984375,4362900,117754671000
2023-10-25,PVD,27190,26400,26990,26400,15820.2353515625,4797900,126664560000
2023-10-26,PVD,25720,24590,25570,24590,14736.2568359375,13804400,339450196000
2023-10-27,PVD,25520,24300,24640,25230,15117.1142578125,7641800,192802614000
2023-10-30,PVD,26010,23960,25430,23960,14355.3994140625,3226000,77294960000
2023-10-31,PVD,24250,22300,24150,23030,13798.76171875,10709100,246630573000
2023-11-01,PVD,24150,22590,23030,24150,14472.5859375,3897300,94119795000
2023-11-02,PVD,25330,24250,24350,25080,15029.224609375,4679100,117351828000
2023-11-03,PVD,25280,24590,25280,25180,15087.8173828125,4243900,106861402000
2023-11-06,PVD,25380,24790,25180,25280,15146.4111328125,3041200,76881536000
2023-11-07,PVD,26260,24890,25280,25720,15410.0810546875,5312400,136634928000
2023-11-08,PVD,26750,25330,25330,26750,16025.3134765625,5016700,134196725000
2023-11-09,PVD,26840,26210,26450,26550,15908.1259765625,7637100,202765005000
2023-11-10,PVD,26890,26210,26400,26210,15703.048828125,5559700,145719737000
2023-11-13,PVD,26840,26160,26310,26750,16025.3134765625,4844400,129587700000
2023-11-14,PVD,27190,26500,27190,26800,16054.609375,3746100,100395480000
2023-11-15,PVD,27190,26360,27090,26360,15790.9384765625,5037000,132775320000
2023-11-16,PVD,26700,26160,26210,26700,15996.015625,2519200,67262640000
2023-11-17,PVD,26650,25430,26600,25820,15468.67578125,8466800,218612776000
2023-11-20,PVD,26360,25520,25520,26110,15644.455078125,2804700,73230717000
2023-11-21,PVD,27190,26210,26500,27190,16288.982421875,7375600,200542564000
2023-11-22,PVD,27190,26750,27190,27090,16230.3896484375,3895600,105531804000
2023-11-23,PVD,27680,26010,27090,26010,15585.8623046875,6999100,182046591000
2023-11-24,PVD,26400,25470,26210,26400,15820.2353515625,4064500,107302800000
2023-11-27,PVD,26940,26110,26550,26750,16025.3134765625,4919300,131591275000
2023-11-28,PVD,26840,26110,26750,26700,15996.015625,2460100,65684670000
2023-11-29,PVD,28020,26800,27090,27920,16728.43359375,10971600,306327072000
2023-11-30,PVD,28210,27380,27970,27380,16406.171875,5420200,148405076000
2023-12-01,PVD,28020,27240,27580,27720,16611.24609375,3944500,109341540000
2023-12-04,PVD,28360,27770,28020,28160,16874.91796875,6103400,171871744000
2023-12-05,PVD,29140,28070,28160,28120,16845.62109375,7871100,221335332000
2023-12-06,PVD,28510,27680,28160,28460,17050.697265625,5331400,151731644000
2023-12-07,PVD,28260,27090,27970,27630,16552.654296875,7681300,212234319000
2023-12-08,PVD,27870,27190,27720,27870,16699.138671875,3989900,111198513000
2023-12-11,PVD,28260,27680,28260,27820,16669.83984375,2235800,62199956000
2023-12-12,PVD,27970,27580,27820,27920,16728.43359375,2041000,56984720000
2023-12-13,PVD,27970,26450,27920,26890,16113.2021484375,6997400,188160086000
2023-12-14,PVD,27240,26600,27240,26600,15937.421875,2620500,69705300000
2023-12-15,PVD,26990,26400,26800,26400,15820.2353515625,2754200,72710880000
2023-12-18,PVD,26750,26210,26450,26400,15820.2353515625,1635100,43166640000
2023-12-19,PVD,26890,26400,26400,26890,16113.2021484375,2665100,71664539000
2023-12-20,PVD,27380,26800,26990,27380,16406.171875,2421600,66303408000
2023-12-21,PVD,27480,26990,27090,27430,16435.466796875,2161300,59284459000
2023-12-22,PVD,27530,27090,27480,27190,16288.982421875,1788600,48632034000
2023-12-25,PVD,27680,27190,27280,27680,16581.951171875,2634000,72909120000
2023-12-26,PVD,28020,27480,27770,27480,16464.763671875,1947600,53520048000
2023-12-27,PVD,27770,27430,27770,27680,16581.951171875,2028000,56135040000
2023-12-28,PVD,27680,27190,27630,27380,16406.171875,2937400,80426012000
2023-12-29,PVD,27680,27240,27280,27680,16581.951171875,3265400,90386272000
2024-01-02,PVD,27870,27380,27870,27380,16406.171875,2793300,76480554000
2024-01-03,PVD,27580,27240,27330,27580,16523.357421875,2960600,81653348000
2024-01-04,PVD,27920,27480,27720,27480,16464.763671875,4302700,118238196000
2024-01-05,PVD,27580,27190,27580,27190,16288.982421875,2793300,75949827000
2024-01-08,PVD,27380,26700,27240,26750,16025.3134765625,5211800,139415650000
2024-01-09,PVD,26750,25920,26650,26160,15673.751953125,9948800,260260608000
2024-01-10,PVD,26450,26110,26310,26360,15790.9384765625,4480600,118108616000
2024-01-11,PVD,26500,26010,26500,26400,15820.2353515625,3921700,103532880000
2024-01-12,PVD,26600,26060,26550,26310,15761.642578125,5376400,141453084000
2024-01-15,PVD,26840,26400,26400,26700,15996.015625,6363700,169910790000
2024-01-16,PVD,26890,26550,26700,26890,16113.2021484375,2419600,65063044000
2024-01-17,PVD,27280,26840,26990,26940,16142.5,4607900,124136826000
2024-01-18,PVD,27040,26550,26890,26750,16025.3134765625,3449700,92279475000
2024-01-19,PVD,26990,26650,26890,26750,16025.3134765625,2119800,56704650000
2024-01-22,PVD,26890,26450,26800,26650,15966.71875,2448100,65241865000
2024-01-23,PVD,27380,26700,26700,27280,16347.578125,6998000,190905440000
2024-01-24,PVD,27330,26990,27280,27090,16230.3896484375,1718900,46565001000
2024-01-25,PVD,27190,26750,27040,26940,16230.3896484375,2061900,55547586000
2024-01-26,PVD,27280,27040,27190,27040,16201.09375,2422800,65512512000
2024-01-29,PVD,27280,26940,27190,26990,16171.7958984375,1617300,43650927000
2024-01-30,PVD,27680,27330,27480,27330,16376.8740234375,5454700,149076951000
2024-01-31,PVD,27430,26750,27430,26940,16142.5,3896400,104969016000
2024-02-01,PVD,27280,26800,27040,26940,16142.5,2252900,60693126000
2024-02-02,PVD,27240,26840,26990,27190,16142.5,3316000,90162040000
2024-02-05,PVD,27820,27090,27190,27630,16552.654296875,6723300,185764779000
2024-02-06,PVD,28160,27680,27720,28120,16845.62109375,4908500,138027020000
2024-02-07,PVD,28360,27970,28120,28120,16845.62109375,3086600,86795192000
2024-02-15,PVD,28310,27770,28210,27970,16757.73046875,4521300,126460761000
2024-02-16,PVD,28210,27770,28070,27870,16699.138671875,4167100,116137077000
2024-02-19,PVD,28600,27870,27870,28120,16845.62109375,7262000,204207440000
2024-02-20,PVD,28460,27970,28310,28070,16816.32421875,3268200,91738374000
2024-02-21,PVD,28310,27770,28070,27870,16699.138671875,3493800,97372206000
2024-02-22,PVD,29190,27920,27920,28650,17167.884765625,10433600,298922640000
2024-02-23,PVD,28800,27480,28750,27720,16611.24609375,6007700,166533444000
2024-02-26,PVD,27820,26990,27770,27480,16464.763671875,6084300,167196564000
2024-02-27,PVD,28210,27380,27680,28160,16874.91796875,6459000,181885440000
2024-02-28,PVD,30120,28460,28510,30120,18046.787109375,22282100,671136852000
2024-02-29,PVD,30510,29680,30220,30220,18105.380859375,6362800,192283816000
2024-03-01,PVD,31200,29920,30220,31100,18632.72265625,7434600,231216060000
2024-03-04,PVD,31490,30460,31290,30800,18456.94140625,8859100,272860280000
2024-03-05,PVD,31290,30460,30660,31050,18603.42578125,5327700,165425085000
2024-03-06,PVD,31200,29830,31000,30510,18281.16015625,7314000,223150140000
2024-03-07,PVD,31490,30510,30800,30900,18515.53515625,6192500,191348250000
2024-03-08,PVD,31290,30120,31000,30120,18046.787109375,6983400,210340008000
2024-03-11,PVD,30120,29240,30120,29390,17607.3359375,8490400,249532856000
2024-03-12,PVD,29970,29390,29530,29630,17753.8203125,5784300,171388809000
2024-03-13,PVD,30710,29580,29830,30660,18369.052734375,7366400,225853824000
2024-03-14,PVD,32759,31000,31100,32170,19277.25,16354900,526137133000
2024-03-15,PVD,32860,31540,32560,32080,19218.65625,5093000,163383440000
2024-03-18,PVD,32520,30070,32270,30560,18310.458984375,14286900,436607664000
2024-03-19,PVD,31680,30270,30800,30760,18427.64453125,7495100,230549276000
2024-03-20,PVD,31540,30800,31050,31540,18896.392578125,4752400,149890696000
2024-03-21,PVD,31880,31050,31680,31640,18954.986328125,8497400,268857736000
2024-03-22,PVD,31780,31150,31640,31240,18720.611328125,7423300,231903892000
2024-03-25,PVD,32170,30900,31640,31050,18603.42578125,7721300,239746365000
2024-03-26,PVD,31980,31050,31100,31980,19160.0625,4067100,130065858000
2024-03-27,PVD,32659,31640,32659,31780,19042.876953125,5074200,161258076000
2024-03-28,PVD,31880,31440,31880,31490,18867.095703125,3869800,121860002000
2024-03-29,PVD,32560,31590,31880,31640,18954.986328125,6651700,210459788000
2024-04-01,PVD,32470,31590,31680,32119,19247.955078125,6560400,210713487600
2024-04-02,PVD,34130,31590,32170,34130,20449.119140625,15201400,518823782000
2024-04-03,PVD,34130,33150,34130,33150,19863.185546875,5738400,190227960000
2024-04-04,PVD,33690,32810,33300,32810,19658.107421875,7512600,246488406000
2024-04-05,PVD,33540,32080,32810,32170,19277.25,11495900,369823103000
2024-04-08,PVD,32759,31880,32270,32170,19277.25,5207500,167525275000
2024-04-09,PVD,32659,31980,32270,32470,19453.029296875,4375900,142085473000
2024-04-10,PVD,32560,31100,32520,31100,18632.72265625,10029200,311908120000
2024-04-11,PVD,31540,30710,30900,31240,18720.611328125,5663500,176927740000
2024-04-12,PVD,32080,31150,31390,32080,19218.65625,3333100,106925848000
2024-04-15,PVD,32710,29880,32520,29880,17900.302734375,13390100,400096188000
2024-04-16,PVD,30220,28900,29970,30120,18046.787109375,9195100,276956412000
2024-04-17,PVD,30320,28700,30320,28700,17197.181640625,4591700,131781790000
2024-04-19,PVD,29630,28160,28460,28650,17167.884765625,7167600,205351740000
2024-04-22,PVD,29090,28510,28900,28950,17343.6640625,3089200,89432340000
2024-04-23,PVD,29040,27920,29040,28460,17050.697265625,5208000,148219680000
2024-04-24,PVD,29580,28510,28560,29530,17695.2265625,4396500,129828645000
2024-04-25,PVD,29580,28900,29340,29240,17519.447265625,2602300,76091252000
2024-04-26,PVD,29480,28850,28850,29090,17431.556640625,3120200,90766618000
2024-05-02,PVD,29240,28410,29090,28900,17314.369140625,2762300,79830470000
2024-05-03,PVD,29530,28950,29040,29140,17460.853515625,3730000,108692200000
2024-05-06,PVD,30070,29240,29530,29920,17929.6015625,4149600,124156032000
2024-05-07,PVD,30120,29730,30120,29880,17900.302734375,2860500,85471740000
2024-05-08,PVD,31680,29530,29880,30900,18515.53515625,9617700,297186930000
2024-05-09,PVD,31100,30410,30950,31000,18574.12890625,3498700,108459700000
2024-05-10,PVD,31830,30410,30800,31440,18837.798828125,7192200,226122768000
2024-05-13,PVD,31680,31000,31590,31390,18808.50390625,4038700,126774793000
2024-05-14,PVD,31490,30900,31440,31200,18691.31640625,2490900,77716080000
2024-05-15,PVD,31680,31050,31240,31200,18691.31640625,4134600,128999520000
2024-05-16,PVD,32220,31240,31440,31880,19101.470703125,10103000,322083640000
2024-05-17,PVD,32560,31830,32080,31880,19101.470703125,6441000,205339080000
2024-05-20,PVD,32270,31590,32080,31640,18954.986328125,5790400,183208256000
2024-05-21,PVD,32170,31440,31640,32170,19277.25,5570600,179206202000
2024-05-22,PVD,32710,31680,32470,31780,19042.876953125,6518300,207151574000
2024-05-23,PVD,32520,31590,31880,32270,19335.84375,5996900,193519963000
2024-05-24,PVD,33150,30410,31980,31000,18574.12890625,11273600,349481600000
2024-05-27,PVD,31290,30710,31290,31240,18720.611328125,3728300,116472092000
2024-05-28,PVD,31640,31050,31490,31390,18808.50390625,4676100,146782779000
2024-05-29,PVD,31640,30610,31490,30950,18544.83203125,5738800,177615860000
2024-05-30,PVD,31290,30120,30710,31290,18749.91015625,6355400,198860466000
2024-05-31,PVD,31290,30800,31240,30950,18544.83203125,2664300,82460085000
2024-06-03,PVD,31590,31000,31200,31590,18544.83203125,5585400,176442786000
2024-06-04,PVD,32080,31490,31680,31540,18896.392578125,7653800,241400852000
2024-06-05,PVD,31880,31000,31540,31000,18574.12890625,4915000,152365000000
2024-06-06,PVD,31440,30710,31150,31100,18632.72265625,3585400,111505940000
2024-06-07,PVD,31440,30950,31200,31000,18574.12890625,3210200,99516200000
2024-06-10,PVD,31680,30950,31100,31100,18632.72265625,4982700,154961970000
2024-06-11,PVD,31590,31150,31490,31390,18808.50390625,4732800,148562592000
2024-06-12,PVD,32080,31590,31640,31730,19013.578125,4996700,158545291000
2024-06-13,PVD,32080,31490,32080,31490,18867.095703125,3620800,114018992000
2024-06-14,PVD,31730,30510,31640,30510,18281.16015625,6359700,194034447000
2024-06-17,PVD,30800,30320,30760,30360,18193.271484375,4326700,131358612000
2024-06-18,PVD,30900,30560,30900,30710,18398.34765625,2455700,75414547000
2024-06-19,PVD,30900,30510,30900,30760,18427.64453125,2338100,71919956000
2024-06-20,PVD,31050,30460,30850,30660,18369.052734375,2079600,63760536000
2024-06-21,PVD,30950,30410,30900,30760,18427.64453125,2965100,91206476000
2024-06-24,PVD,30710,28950,30710,28950,17343.6640625,6942600,200988270000
2024-06-25,PVD,29340,28850,29040,29240,17519.447265625,2857400,83550376000
2024-06-26,PVD,29240,28560,29140,29090,17431.556640625,2898800,84326092000
2024-06-27,PVD,29140,28850,29140,29090,17431.556640625,1257800,36589402000
2024-06-28,PVD,29240,28160,29140,28160,16874.91796875,4460600,125610496000
2024-07-01,PVD,28750,28120,28310,28750,17226.478515625,1770100,50890375000
2024-07-02,PVD,29190,28700,28900,29090,17431.556640625,2334100,67898969000
2024-07-03,PVD,29440,28950,29140,29340,17578.041015625,1750100,51347934000
2024-07-04,PVD,29580,29000,29290,29240,17519.447265625,1826000,53392240000
2024-07-05,PVD,29390,28950,29240,29240,17519.447265625,1484200,43398008000
2024-07-08,PVD,29970,29240,29340,29630,17753.8203125,4669600,138360248000
2024-07-09,PVD,30070,29480,29730,29880,17900.302734375,2909600,86938848000
2024-07-10,PVD,30020,29340,30020,29390,17607.3359375,2580500,75840895000
2024-07-11,PVD,29630,29140,29480,29140,17460.853515625,1899100,55339774000
2024-07-12,PVD,29390,29040,29340,29190,17490.1484375,1797300,52463187000
2024-07-15,PVD,29340,28950,29240,29090,17431.556640625,2358000,68594220000
2024-07-16,PVD,29240,28900,29190,29040,17402.2578125,2326600,67564464000
2024-07-17,PVD,29040,27280,29040,27870,16699.138671875,5150800,143552796000
2024-07-18,PVD,28210,27280,28160,28120,16845.62109375,3569300,100368716000
2024-07-19,PVD,28160,27380,28120,27430,16435.466796875,2604100,71430463000
2024-07-22,PVD,27430,26550,27430,26700,15996.015625,4951500,132205050000
2024-07-23,PVD,27380,26800,26800,26840,16083.90625,3265600,87648704000
2024-07-24,PVD,27280,26400,26840,26990,16171.7958984375,3613400,97525666000
2024-07-25,PVD,27140,26600,26890,27090,16230.3896484375,1355300,36715077000
2024-07-26,PVD,27380,27040,27280,27330,16376.8740234375,2440600,66701598000
2024-07-29,PVD,27530,26840,27480,27140,16259.6865234375,2071400,56217796000
2024-07-30,PVD,27240,26700,27090,26800,16054.609375,1799300,48221240000
2024-07-31,PVD,27580,26840,26890,27090,16230.3896484375,2273200,61580988000
2024-08-01,PVD,27970,26800,27280,27240,16318.2802734375,6717300,182979252000
2024-08-02,PVD,28260,26360,27090,27280,16347.578125,3881200,105879136000
2024-08-05,PVD,27090,25380,26890,25380,15205.00390625,7587600,192573288000
2024-08-06,PVD,25870,24640,25820,25770,15439.3779296875,4473700,115287249000
2024-08-07,PVD,25960,25230,25820,25960,15556.5654296875,3229700,83843012000
2024-08-08,PVD,25920,25230,25920,25570,15322.19140625,3527400,90195618000
2024-08-09,PVD,26010,25380,25770,26010,15585.8623046875,3706100,96395661000
2024-08-12,PVD,26310,25920,26210,26260,15732.345703125,1810500,47543730000
2024-08-13,PVD,26700,26010,26310,26160,15673.751953125,2574800,67356768000
2024-08-14,PVD,26360,25570,26360,26110,15644.455078125,2942200,76820842000
2024-08-15,PVD,26010,25520,26010,25820,15468.67578125,2648200,68376524000
2024-08-16,PVD,26700,25870,26010,26600,15937.421875,4909200,130584720000
2024-08-19,PVD,26990,26650,26700,26800,16054.609375,3404000,91227200000
2024-08-20,PVD,27090,26500,26700,27040,16201.09375,4395700,118859728000
2024-08-21,PVD,27630,27190,27240,27380,16406.171875,4878900,133584282000
2024-08-22,PVD,27530,26990,27530,27190,16288.982421875,4174000,113491060000
2024-08-23,PVD,27280,26940,26940,27280,16347.578125,2481000,67681680000
2024-08-26,PVD,27820,26840,27820,26990,16171.7958984375,5283600,142604364000
2024-08-27,PVD,27140,26800,27090,26800,16054.609375,2891500,77492200000
2024-08-28,PVD,27140,26750,26890,26990,16171.7958984375,2568900,69334611000
2024-08-29,PVD,27090,26650,26990,26700,15996.015625,2919600,77953320000
2024-08-30,PVD,26890,26650,26890,26840,16083.90625,1761700,47284028000
2024-09-04,PVD,26500,26060,26360,26110,15644.455078125,4934600,128842406000
2024-09-05,PVD,26360,25520,26160,25670,15380.7841796875,2901900,74491773000
2024-09-06,PVD,26160,25520,25820,26010,15585.8623046875,3236900,84191769000
2024-09-09,PVD,26500,25870,25920,26210,15703.048828125,2385600,62526576000
2024-09-10,PVD,26400,25720,26400,26060,15615.1591796875,2353200,61324392000
2024-09-11,PVD,25920,25520,25670,25820,15468.67578125,2888200,74573324000
2024-09-12,PVD,26110,25570,26110,25820,15468.67578125,1598000,41260360000
2024-09-13,PVD,25960,25330,25960,25430,15234.30078125,3328900,84653927000
2024-09-16,PVD,25720,24550,25430,24840,14882.740234375,3597500,89361900000
2024-09-17,PVD,24990,24500,24990,24840,14882.740234375,3697600,91848384000
2024-09-18,PVD,25470,25030,25030,25030,14999.927734375,3050000,76341500000
2024-09-19,PVD,25330,25030,25230,25180,15087.8173828125,2155700,54280526000
2024-09-20,PVD,26500,25330,25330,26450,15849.5322265625,11017100,291402295000
2024-09-23,PVD,26600,26210,26550,26260,15732.345703125,2838300,74533758000
2024-09-24,PVD,26940,26210,26310,26940,16142.5,6765900,182273346000
2024-09-25,PVD,27090,26800,27090,26990,16171.7958984375,4968300,134094417000
2024-09-26,PVD,27380,26550,26990,27090,16230.3896484375,5720100,154957509000
2024-09-27,PVD,26890,26550,26840,26650,15966.71875,3876100,103298065000
2024-09-30,PVD,27140,26600,26840,27090,16230.3896484375,4697100,127244439000
2024-10-01,PVD,27240,26800,27140,26800,16054.609375,4242900,113709720000
2024-10-02,PVD,27240,26940,27140,26940,16142.5,3877700,104465238000
2024-10-03,PVD,27190,26310,27090,26650,15966.71875,4894500,130438425000
2024-10-04,PVD,27480,26700,26800,27090,16230.3896484375,9041100,244923399000
2024-10-07,PVD,27580,27090,27380,27330,16376.8740234375,2876900,78625677000
2024-10-08,PVD,27920,27190,27580,27430,16435.466796875,6923000,189897890000
2024-10-09,PVD,27380,26840,27380,27090,16230.3896484375,4810900,130327281000
2024-10-10,PVD,27190,26700,27090,26750,16025.3134765625,4092700,109479725000
2024-10-11,PVD,27140,26750,26990,26940,16142.5,2490400,67091376000
2024-10-14,PVD,26990,26500,26940,26500,15878.8291015625,3957600,104876400000
2024-10-15,PVD,26550,25520,26450,26010,15585.8623046875,7649300,198958293000
2024-10-16,PVD,26060,25670,25960,25720,15410.0810546875,1705000,43852600000
2024-10-17,PVD,25960,25280,25820,25960,15556.5654296875,3417100,88707916000
2024-10-18,PVD,26060,25670,26010,25670,15380.7841796875,2185600,56104352000
2024-10-21,PVD,25670,25230,25570,25230,15117.1142578125,3072500,77519175000
2024-10-22,PVD,25380,24940,25280,25030,14999.927734375,2652300,66387069000
2024-10-23,PVD,25430,24990,25330,25280,15146.4111328125,1866600,47187648000
2024-10-24,PVD,25720,25330,25380,25330,15175.7080078125,2752200,69713226000
2024-10-25,PVD,25570,25030,25570,25080,15029.224609375,2771800,69516744000
2024-10-28,PVD,25570,24840,24840,25230,15117.1142578125,2076400,52387572000
2024-10-29,PVD,25430,25130,25330,25180,15087.8173828125,1947600,49040568000
2024-10-30,PVD,25430,25030,25230,25030,14999.927734375,3256700,81515201000
2024-10-31,PVD,25330,25030,25280,25080,15029.224609375,1937300,48587484000
2024-11-01,PVD,25570,24990,25130,25180,15087.8173828125,2817100,70934578000
2024-11-04,PVD,25330,24550,25330,24640,14765.552734375,3248000,80030720000
2024-11-05,PVD,24840,24550,24740,24590,14736.2568359375,1978600,48653774000
2024-11-06,PVD,24940,24550,24940,24790,14853.443359375,2881100,71422469000
2024-11-07,PVD,25180,24840,24890,24940,14941.333984375,2454600,61217724000
2024-11-08,PVD,25380,24840,25130,24940,14941.333984375,3602600,89848844000
2024-11-11,PVD,25080,24550,24990,24790,14853.443359375,2404600,59610034000
2024-11-12,PVD,24890,23570,24840,23670,14179.6181640625,9291000,219917970000
2024-11-13,PVD,23670,22690,23670,23270,13945.2451171875,8253400,192056618000
2024-11-14,PVD,23230,22690,23180,22690,13593.68359375,2559800,58081862000
2024-11-15,PVD,23030,22490,22590,22690,13593.68359375,4622500,104884525000
2024-11-18,PVD,23030,22490,22690,22880,13710.8701171875,2171800,49690784000
2024-11-19,PVD,23180,22590,23130,22590,13535.0908203125,2323700,52492383000
2024-11-20,PVD,22980,22050,22690,22690,13593.68359375,3635000,82478150000
2024-11-21,PVD,23230,22640,22790,23080,13828.05859375,3000000,69240000000
2024-11-22,PVD,23420,22980,22980,23030,13798.76171875,2749600,63323288000
2024-11-25,PVD,23420,22980,23180,23370,14003.8388671875,2507000,58588590000
2024-11-26,PVD,23420,22980,23130,23320,13974.5419921875,2525300,58889996000
2024-11-27,PVD,23270,22980,23230,22980,13769.4638671875,2135700,49078386000
2024-11-28,PVD,23470,22930,23180,23080,13828.05859375,2898100,66888148000
2024-11-29,PVD,23230,22980,23230,23180,13886.6513671875,2020800,46842144000
2024-12-02,PVD,23270,22880,23270,23030,13798.76171875,2601800,59919454000
2024-12-03,PVD,23080,22740,23080,22740,13622.98046875,2670700,60731718000
2024-12-04,PVD,23080,22590,22880,22640,13564.38671875,2536100,57417304000
2024-12-05,PVD,23270,22490,22640,23270,13945.2451171875,3564600,82948242000
2024-12-06,PVD,23760,23320,23420,23470,14062.431640625,3628700,85165589000
2024-12-09,PVD,23670,23470,23470,23570,14121.025390625,1810000,42661700000
2024-12-10,PVD,23670,23270,23670,23370,14003.8388671875,2622900,61297173000
2024-12-11,PVD,23520,23180,23370,23230,13915.9482421875,1796300,41728049000
2024-12-12,PVD,23570,23270,23320,23420,14033.134765625,2114800,49528616000
2024-12-13,PVD,23370,22790,22790,23080,13828.05859375,1570900,36256372000
2024-12-16,PVD,23470,23080,23080,23370,14003.8388671875,2224600,51988902000
2024-12-17,PVD,23420,22830,23370,22930,13740.1669921875,3156800,72385424000
2024-12-18,PVD,23810,22880,22930,23620,14150.322265625,3391600,80109592000
2024-12-19,PVD,23860,23130,23270,23670,14179.6181640625,4597500,108822825000
2024-12-20,PVD,23670,23320,23670,23370,14003.8388671875,2328700,54421719000
2024-12-23,PVD,23670,23180,23470,23180,13886.6513671875,2342600,54301468000
2024-12-24,PVD,23270,22930,23180,23080,13828.05859375,2630000,60700400000
2024-12-25,PVD,23670,23230,23230,23420,14033.134765625,3549400,83126948000
2024-12-26,PVD,23960,23520,23570,23520,14091.728515625,3791000,89164320000
2024-12-27,PVD,23670,23130,23620,23570,14121.025390625,3087900,72781803000
2024-12-30,PVD,23570,23080,23570,23180,13886.6513671875,2306200,53457716000
2024-12-31,PVD,23370,22880,23230,22880,13710.8701171875,2082600,47649888000
2025-01-02,PVD,23130,22880,22980,22930,13740.1669921875,1618100,37103033000
2025-01-03,PVD,23370,22880,23130,22980,13769.4638671875,3512100,80708058000
2025-01-06,PVD,23270,22390,23130,22440,13447.2001953125,3178300,71321052000
2025-01-07,PVD,22640,21470,22490,21660,12978.4521484375,5499300,119114838000
2025-01-08,PVD,21910,21220,21660,21660,12978.4521484375,3840400,83183064000
2025-01-09,PVD,21950,21660,21710,21660,12978.4521484375,2175200,47114832000
2025-01-10,PVD,22300,21610,21710,21660,12978.4521484375,3918200,84868212000
2025-01-13,PVD,22350,21950,21950,22250,13330.013671875,2567300,57122425000
2025-01-14,PVD,22390,21860,22350,21910,13124.935546875,1912900,41911639000
2025-01-15,PVD,22050,21610,21910,21910,13124.935546875,2454600,53780286000
2025-01-16,PVD,22390,21860,22200,22050,13124.935546875,2036700,44909235000
2025-01-17,PVD,22790,21950,22150,22790,13652.27734375,4046100,92210619000
2025-01-20,PVD,23080,22690,22790,22930,13740.1669921875,2718000,62323740000
2025-01-21,PVD,23180,22640,22930,22980,13769.4638671875,4150400,95376192000
2025-01-22,PVD,23080,22590,22980,22640,13564.38671875,2401200,54363168000
2025-01-23,PVD,23080,22590,22590,23030,13798.76171875,2008400,46253452000
2025-01-24,PVD,23080,22740,23030,23080,13828.05859375,2188800,50517504000
2025-02-03,PVD,22980,22440,22980,22880,13710.8701171875,3914700,89568336000
2025-02-04,PVD,23080,22740,22880,23080,13828.05859375,2540300,58630124000
2025-02-05,PVD,23570,23130,23230,23130,13857.3544921875,4008000,92705040000
2025-02-06,PVD,23470,23080,23130,23230,13915.9482421875,3263400,75808782000
2025-02-07,PVD,23320,22930,23230,23130,13857.3544921875,2017400,46662462000
2025-02-10,PVD,23180,22790,23130,22880,13710.8701171875,2437000,55758560000
2025-02-11,PVD,23080,22640,23030,22740,13622.98046875,2310100,52531674000
2025-02-12,PVD,23080,22740,22930,22930,13740.1669921875,2311600,53004988000
2025-02-13,PVD,23030,22740,22930,22980,13769.4638671875,1799700,41357106000
2025-02-14,PVD,24110,23030,23080,23710,14208.9150390625,11694600,277278966000
2025-02-17,PVD,24060,23520,23710,23810,14267.5087890625,5677000,135169370000
2025-02-18,PVD,24060,23760,23910,23860,14296.8056640625,3736300,89148118000
2025-02-19,PVD,24010,23760,24010,23960,14355.3994140625,4571800,109540328000
2025-02-20,PVD,24250,23710,24010,23810,14267.5087890625,4492300,106961663000
2025-02-21,PVD,23860,23520,23810,23570,14121.025390625,3416600,80529262000
2025-02-24,PVD,24060,23470,23570,24060,14413.9931640625,4061300,97714878000
2025-02-25,PVD,24350,23960,24200,24060,14413.9931640625,4015000,96600900000
2025-02-26,PVD,24110,23710,24110,23710,14208.9150390625,3150000,74686500000
2025-02-27,PVD,24010,23470,23710,24010,14384.6962890625,4265900,102424259000
2025-02-28,PVD,24640,24150,24350,24200,14501.8828125,7419600,179554320000
2025-03-03,PVD,24400,24060,24200,24060,14413.9931640625,4120700,99144042000
2025-03-04,PVD,24200,23710,24010,23810,14267.5087890625,3335600,79420636000
2025-03-05,PVD,23910,23320,23910,23320,13974.5419921875,4501000,104963320000
2025-03-06,PVD,23370,22980,23320,23180,13886.6513671875,5255200,121815536000
2025-03-07,PVD,23470,23180,23370,23180,13886.6513671875,2771900,64252642000
2025-03-10,PVD,23470,23130,23180,23320,13974.5419921875,3689700,86043804000
2025-03-11,PVD,23320,22830,23180,23130,13857.3544921875,2907900,67259727000
2025-03-12,PVD,23520,23030,23180,23180,13886.6513671875,4267800,98927604000
2025-03-13,PVD,23270,22880,23270,22980,13769.4638671875,3317700,76240746000
2025-03-14,PVD,22980,22490,22880,22540,13505.7939453125,6444500,145259030000
2025-03-17,PVD,22980,22490,22640,22540,13505.7939453125,3668100,82678974000
2025-03-18,PVD,23270,22590,22690,22930,13740.1669921875,5765100,132193743000
2025-03-19,PVD,22930,22640,22930,22690,13593.68359375,2463600,55899084000
2025-03-20,PVD,22930,22490,22690,22740,13622.98046875,2637100,59967654000
2025-03-21,PVD,23130,22590,22880,22740,13622.98046875,2601200,59151288000
2025-03-24,PVD,22740,22200,22690,22300,13359.310546875,5211000,116205300000
2025-03-25,PVD,22490,22300,22490,22350,13388.607421875,2602000,58154700000
2025-03-26,PVD,22830,22350,22490,22440,13447.2001953125,3926000,88099440000
2025-03-27,PVD,22640,22250,22440,22300,13359.310546875,1737000,38735100000
2025-03-28,PVD,22540,22000,22390,22000,13183.529296875,3419200,75222400000
2025-03-31,PVD,21910,21370,21610,21510,12890.5625,4898800,105373188000
2025-04-01,PVD,22100,21510,21710,21710,13007.7490234375,2567700,55744767000
2025-04-02,PVD,22000,21560,21810,21610,12949.15625,1803700,38977957000
2025-04-03,PVD,20830,20150,20830,20150,12070.25390625,5336800,107536520000
2025-04-04,PVD,18970,18780,18780,18780,11249.9453125,9631900,180887082000
2025-04-08,PVD,17900,17500,17500,17500,10488.23046875,3052800,53424000000
2025-04-09,PVD,16970,16280,16280,16280,9755.8115234375,6222900,101308812000
2025-04-10,PVD,17410,17410,17410,17410,10429.6376953125,1286000,22389260000
2025-04-11,PVD,17650,16770,17410,17600,10546.82421875,9241300,162646880000
2025-04-14,PVD,18580,17600,17700,18480,11074.1650390625,5893800,108917424000
2025-04-15,PVD,18430,17210,18430,17210,10312.44921875,7232100,124464441000
2025-04-16,PVD,17700,16620,17210,17360,10400.3408203125,5525100,95915736000
2025-04-17,PVD,17460,16920,17110,17410,10429.6376953125,3175000,55276750000
2025-04-18,PVD,17850,17500,17750,17550,10517.52734375,4213200,73941660000
2025-04-21,PVD,18190,17210,18190,17410,10429.6376953125,4246900,73938529000
2025-04-22,PVD,17360,16230,17360,16530,9902.2958984375,10032600,165838878000
2025-04-23,PVD,17160,16670,16920,17110,10253.8564453125,3625500,62032305000
2025-04-24,PVD,17800,17160,17210,17410,10429.6376953125,5198500,90505885000
2025-04-25,PVD,17700,17260,17500,17360,10400.3408203125,4633300,80434088000
2025-04-28,PVD,17700,17310,17500,17360,10400.3408203125,2774600,48167056000
2025-04-29,PVD,17410,17060,17410,17110,10253.8564453125,2850400,48770344000
2025-05-05,PVD,17260,17110,17160,17260,10341.74609375,5047100,87112946000
2025-05-06,PVD,18090,17360,17360,17650,10341.74609375,7367300,130032845000
2025-05-07,PVD,18190,17650,17800,17850,10576.12109375,6375600,113804460000
2025-05-08,PVD,18480,17650,17940,18040,10693.3076171875,8213000,148162520000
2025-05-09,PVD,18290,17850,18290,17900,10810.494140625,4038200,72283780000
2025-05-12,PVD,18380,17900,18040,18380,11015.572265625,5592700,102793826000
2025-05-13,PVD,18870,18290,18870,18340,11015.572265625,5713200,104780088000
2025-05-14,PVD,18630,18290,18430,18430,10986.275390625,5059300,93242899000
2025-05-15,PVD,18630,18190,18580,18530,11044.8681640625,4858900,90035417000
2025-05-16,PVD,18680,18290,18480,18290,11103.4619140625,3477500,63603475000
2025-05-19,PVD,18430,17990,18240,18040,10810.494140625,4217900,76090916000
2025-05-20,PVD,18190,17900,18040,18040,10810.494140625,3149400,56815176000
2025-05-21,PVD,18190,17750,18140,17940,10810.494140625,4940800,88637952000
2025-05-22,PVD,17850,17410,17410,17700,10751.900390625,8981300,158969010000
2025-05-23,PVD,17800,17550,17750,17600,10605.4169921875,2225400,39167040000
2025-05-26,PVD,18190,17310,17700,18140,10869.087890625,6291200,114122368000
2025-05-27,PVD,18480,18140,18190,18480,10869.087890625,7407200,136885056000
2025-05-28,PVD,19270,18630,18780,18680,11074.1650390625,11254400,210232192000
2025-05-29,PVD,18970,18380,18870,18380,11191.3515625,5073600,93252768000
2025-05-30,PVD,18380,17940,18380,17940,11015.572265625,7022000,125974680000
2025-06-02,PVD,18870,17900,18240,18730,11220.6484375,8343100,156266263000
2025-06-03,PVD,19120,18630,18970,18680,11220.6484375,9065100,169336068000
2025-06-04,PVD,19310,18780,18830,18970,11191.3515625,12801300,242840661000
2025-06-05,PVD,19270,18630,19020,18970,11367.1318359375,6217200,117940284000
2025-06-06,PVD,19750,18970,18970,19070,11367.1318359375,14087000,268639090000
2025-06-09,PVD,19220,18680,19170,18730,11220.6484375,6073300,113752909000
2025-06-10,PVD,18920,18480,18920,18580,11220.6484375,5599800,104044284000
2025-06-11,PVD,18730,18380,18730,18580,11132.7587890625,3961900,73612102000
2025-06-12,PVD,19360,18870,19070,18920,11132.7587890625,11124800,210481216000
2025-06-13,PVD,20050,19560,19710,20000,11337.8359375,22474000,449480000000
2025-06-16,PVD,21370,20880,21030,21370,12802.6728515625,20379100,435501367000
2025-06-17,PVD,21370,20440,21370,20830,12802.6728515625,16905700,352145731000
2025-06-18,PVD,21370,20780,21270,20880,12480.408203125,10287900,214811352000
2025-06-19,PVD,21030,20390,20930,20830,12509.705078125,7840600,163319698000
2025-06-20,PVD,21120,20440,21030,20590,12480.408203125,6759000,139167810000
2025-06-23,PVD,21710,21220,21710,21220,12714.7822265625,13361100,283522542000
2025-06-24,PVD,20390,19850,20050,20000,12714.7822265625,16768200,335364000000
2025-06-25,PVD,20100,19610,19950,19710,11982.36328125,6713800,132328998000
2025-06-26,PVD,19800,19410,19710,19560,11806.5830078125,5722100,111924276000
2025-06-27,PVD,19710,19310,19610,19360,11718.693359375,4635900,89751024000
2025-06-30,PVD,19750,19220,19510,19610,11747.990234375,5355000,105011550000
2025-07-01,PVD,19750,19310,19750,19310,11747.990234375,4925700,95115267000
2025-07-02,PVD,19460,19270,19360,19310,11572.2099609375,4165500,80435805000
2025-07-03,PVD,19710,19310,19510,19460,11572.2099609375,4220000,82121200000
2025-07-04,PVD,19800,19510,19560,19710,11660.099609375,4980100,98157771000
2025-07-07,PVD,19800,19560,19750,19560,11718.693359375,5089100,99542796000
2025-07-08,PVD,19900,19660,19710,19900,11718.693359375,6773800,134798620000
2025-07-09,PVD,20150,19800,19950,19950,11923.7705078125,7313600,145906320000
2025-07-10,PVD,20440,19800,20050,20240,11953.06640625,8529700,172641128000
2025-07-11,PVD,20290,19850,20240,19950,12128.84765625,5693100,113577345000
2025-07-14,PVD,20190,19850,20150,20050,12011.66015625,4660600,93445030000
2025-07-15,PVD,20440,19950,20050,19950,12011.66015625,7967600,158953620000
2025-07-16,PVD,20000,19850,19900,19950,11953.06640625,4852100,96799395000
2025-07-17,PVD,20290,19900,20050,19950,11953.06640625,8881500,177185925000
2025-07-18,PVD,20630,20000,20190,20390,11953.06640625,14312900,291840031000
2025-07-21,PVD,20730,20100,20630,20150,12070.25390625,6056700,122042505000
2025-07-22,PVD,20240,19950,20100,20050,12070.25390625,5557400,111425870000
2025-07-23,PVD,20630,20050,20240,20440,12011.66015625,11777200,240725968000
2025-07-24,PVD,20830,20540,20540,20780,12246.0341796875,9939400,206540732000
2025-07-25,PVD,21120,20630,20930,20630,12451.111328125,8947200,184580736000
2025-07-28,PVD,20980,20590,20930,20980,12568.2978515625,10030800,210446184000
2025-07-29,PVD,21710,20730,21420,20730,12568.2978515625,20015800,414927534000
2025-07-30,PVD,21270,20630,21270,20680,12421.814453125,6530300,135046604000
2025-07-31,PVD,21270,20590,21220,20680,12392.517578125,9117500,188549900000
2025-08-01,PVD,21220,20780,20780,20830,12392.517578125,7837600,163257208000
2025-08-04,PVD,20930,20540,20730,20630,12363.2216796875,6901800,142384134000
2025-08-05,PVD,21030,20340,20780,20490,12363.2216796875,12625200,258690348000
2025-08-06,PVD,21320,20440,20440,21030,12275.3310546875,10741400,225891642000
2025-08-07,PVD,21320,20880,21170,21030,12597.5947265625,6320300,132915909000
2025-08-08,PVD,22490,21170,21170,22490,12597.5947265625,31358600,705254914000
2025-08-11,PVD,23270,22390,22980,22490,13476.4970703125,11632500,261614925000
2025-08-12,PVD,22880,22150,22640,22490,13476.4970703125,13624100,306406009000
2025-08-13,PVD,22590,21760,22540,22250,13476.4970703125,15983900,355641775000
2025-08-14,PVD,22440,21950,22300,22390,13330.013671875,9514400,213027416000
2025-08-15,PVD,23230,22250,22590,22250,13417.9033203125,15637700,347938825000
2025-08-18,PVD,22790,22200,22490,22350,13388.607421875,6766200,151224570000
2025-08-19,PVD,23130,22440,22640,22440,13388.607421875,8925000,200277000000
2025-08-20,PVD,22490,21120,22490,21710,13447.2001953125,12728300,276331393000
2025-08-21,PVD,22000,21370,22000,21370,13007.7490234375,7886400,168532368000
2025-08-22,PVD,21910,20730,21170,20780,12802.6728515625,8883400,184597052000
2025-08-25,PVD,21070,20240,20930,20290,12158.14453125,5730200,116265758000
2025-08-26,PVD,20980,20390,20540,20930,12158.14453125,3205400,67089022000
2025-08-27,PVD,21320,20730,21030,20930,12539.0009765625,6101100,127696023000
2025-08-28,PVD,21120,20780,21030,21030,12539.0009765625,2185000,45950550000
2025-08-29,PVD,21220,20830,21120,20830,12597.5947265625,4274900,89046167000
2025-09-03,PVD,21760,21070,21120,21510,12890.5625,6582700,141593877000
2025-09-04,PVD,22200,21660,21810,21950,12890.5625,8385700,184066115000
2025-09-05,PVD,22980,21910,22100,22150,13154.232421875,16992300,376379445000
2025-09-08,PVD,22790,21710,22200,21710,13007.7490234375,10013400,217390914000
2025-09-09,PVD,22100,21320,22050,21660,13007.7490234375,4467400,96763884000
2025-09-10,PVD,22390,21760,21860,22200,12978.4521484375,6347200,140907840000
2025-09-11,PVD,22880,22100,22300,22350,13300.716796875,11681300,261077055000
2025-09-12,PVD,23670,22150,22440,23370,13388.607421875,21699100,507107967000
2025-09-15,PVD,23810,23180,23810,23320,13388.607421875,8797600,205160032000
2025-09-16,PVD,23960,23130,23470,23320,13974.5419921875,12722600,296691032000
2025-09-17,PVD,23670,22980,23570,22980,13974.5419921875,8722500,200443050000
2025-09-18,PVD,23030,22350,22880,22490,13769.4638671875,7739600,174063604000
2025-09-19,PVD,22830,22250,22590,22250,13476.4970703125,3918800,87193300000
2025-09-22,PVD,22350,21560,22200,21560,12919.859375,9586300,206680628000
2025-09-23,PVD,22100,21710,21860,22000,12919.859375,3192600,70237200000
2025-09-24,PVD,22350,21950,22050,22250,13183.529296875,3815400,84892650000
2025-09-25,PVD,22690,22390,22440,22490,13330.013671875,4782600,107560674000
2025-09-26,PVD,22690,22100,22590,22150,13476.4970703125,4849400,107414210000
2025-09-29,PVD,22540,22000,22300,22150,13271.419921875,3724800,82504320000
2025-09-30,PVD,22450,21600,22450,22050,13571.0009765625,4406400,97161120000
2025-10-01,PVD,22100,21650,22100,21750,13211.50390625,3364400,73175700000
2025-10-02,PVD,21850,21350,21800,21450,13031.755859375,3448600,73972470000
2025-10-03,PVD,21400,20700,21200,20800,12852.0068359375,4952000,103001600000
2025-10-06,PVD,21400,20850,21000,21400,12822.048828125,2802500,59973500000
2025-10-07,PVD,21650,21000,21550,21050,12822.048828125,3020400,63579420000
2025-10-08,PVD,21500,21000,21450,21350,12612.3427734375,2885700,61609695000
2025-10-09,PVD,22100,21250,21400,21850,12792.0908203125,3997700,87349745000
2025-10-10,PVD,21950,21550,21850,21600,13091.671875,3537900,76418640000
2025-10-13,PVD,21300,20800,21100,21100,12642.30078125,5828900,122989790000
2025-10-14,PVD,21800,20800,21800,20800,12642.30078125,4372600,90950080000
2025-10-15,PVD,21000,20450,20850,20500,12462.552734375,4688100,96106050000
2025-10-16,PVD,20850,20400,20600,20500,12282.8037109375,4585100,93994550000
2025-10-17,PVD,20650,20000,20400,20000,12282.8037109375,5699800,113996000000
2025-10-20,PVD,20350,18800,20100,18900,11324.146484375,5925100,111984390000
2025-10-21,PVD,20200,19000,19000,19700,11324.146484375,5771000,113688700000
2025-10-22,PVD,20150,19650,19800,19800,11803.4755859375,3192100,63203580000
2025-10-23,PVD,20450,20050,20400,20100,11863.3916015625,2232200,44867220000
2025-10-24,PVD,20800,20050,20650,20150,12043.1396484375,4276500,86171475000
2025-10-27,PVD,20400,19900,20300,20050,12013.181640625,2371400,47546570000
2025-10-28,PVD,20250,19800,20050,20150,12013.181640625,2503300,50441495000
2025-10-29,PVD,20700,20200,20300,20450,12073.09765625,3295500,67392975000
2025-10-30,PVD,20700,20200,20500,20250,12252.845703125,2621000,53075250000
2025-10-31,PVD,21650,20400,20700,21650,12133.013671875,12775900,276598235000
2025-11-03,PVD,22850,21900,22550,22150,13271.419921875,15946200,353208330000
2025-11-04,PVD,23300,21300,22100,22900,13720.791015625,17022000,389803800000
2025-11-05,PVD,24500,22700,22900,24250,13720.791015625,32482600,787703050000
2025-11-06,PVD,25000,23800,24250,24700,14799.28125,12743300,314759510000
2025-11-07,PVD,25700,24250,24650,24700,14799.28125,19956500,492925550000
2025-11-10,PVD,25500,24300,25450,24700,14799.28125,17161700,423893990000
2025-11-11,PVD,24900,23700,24800,24500,14679.44921875,8490400,208014800000
2025-11-12,PVD,24900,24100,24500,24450,14649.490234375,6848000,167433600000
2025-11-13,PVD,26150,24000,24450,26150,15668.064453125,31041700,811740455000
2025-11-14,PVD,27300,26250,26300,26700,15997.603515625,14954500,399285150000
2025-11-17,PVD,27300,26300,26500,26700,15997.603515625,7465300,199323510000
2025-11-18,PVD,26950,26100,26650,26150,15668.064453125,7405100,193643365000
2025-11-19,PVD,26900,26000,26150,26050,15608.1484375,7369300,191970265000
2025-11-20,PVD,26500,25750,26050,26050,15608.1484375,5273100,137364255000
2025-11-21,PVD,26100,24750,25800,25750,15428.400390625,10963200,282302400000
2025-11-24,PVD,25950,25250,25700,25750,15428.400390625,4303100,110804825000
2025-11-25,PVD,26700,25150,25650,25700,15398.4423828125,9447500,242800750000
2025-11-26,PVD,26350,25550,25800,26150,15668.064453125,5148800,134641120000
2025-11-27,PVD,26900,25850,26400,25900,15518.2744140625,10261600,265775440000
2025-11-28,PVD,27300,25950,25950,26700,15997.603515625,11724600,313046820000
2025-12-01,PVD,27000,26000,27000,26000,15578.1904296875,5314400,138174400000
2025-12-02,PVD,26450,25750,25900,26400,15817.85546875,4833800,127612320000
2025-12-03,PVD,26900,26000,26800,26050,15608.1484375,4107800,107008190000
2025-12-04,PVD,27000,26050,26100,26550,15907.7294921875,6656600,176732730000
2025-12-05,PVD,26550,26050,26500,26050,15608.1484375,4721700,123000285000
2025-12-08,PVD,26150,25200,26050,25850,15488.31640625,7863500,203271475000
2025-12-09,PVD,25750,24400,25750,24450,14649.490234375,10040700,245495115000
2025-12-10,PVD,25000,24000,24450,24650,14769.3232421875,5114200,126065030000
2025-12-11,PVD,25100,24650,24950,24700,14799.28125,3487000,86128900000
2025-12-12,PVD,24950,23600,24700,23600,14140.2041015625,6824800,161065280000
2025-12-15,PVD,24200,23550,23600,24200,14499.7001953125,4572400,110652080000
2025-12-16,PVD,25850,23750,24300,25850,15488.31640625,9197500,237755375000
2025-12-17,PVD,27650,25700,25900,27000,16177.3515625,20099900,542697300000
2025-12-18,PVD,27350,26450,26950,27100,16177.3515625,5658400,153342640000
2025-12-19,PVD,27900,27000,27000,27600,16536.84765625,10514800,290208480000
2025-12-22,PVD,28000,27050,27700,27900,16716.59765625,7418300,206970570000
2025-12-23,PVD,28450,27300,27900,27450,16446.974609375,8067200,221444640000
2025-12-24,PVD,27800,27100,27450,27650,16566.806640625,5739400,158694410000
2025-12-25,PVD,27950,26500,27600,26500,16566.806640625,5158900,136710850000
2025-12-26,PVD,27550,26450,26450,27350,16387.05859375,8528900,233265415000
2025-12-29,PVD,28700,27450,27750,28500,17076.09375,10738900,306058650000
2025-12-30,PVD,28600,27650,28500,28450,17046.134765625,7041900,200342055000
2025-12-31,PVD,28750,27800,28400,28350,16986.21875,7985900,226400265000
2026-01-05,PVD,29800,28200,29000,29100,17435.58984375,12825500,373222050000
2026-01-06,PVD,30200,28900,29000,29600,17735.169921875,9400200,278245920000
2026-01-07,PVD,30100,29050,29350,30000,17974.8359375,9708800,291264000000
2026-01-08,PVD,30950,29450,30200,30400,18214.5,17076400,519122560000
2026-01-09,PVD,31200,29500,30400,29500,17675.25390625,7788200,229751900000
2026-01-12,PVD,29750,27850,29500,28400,17016.177734375,14566900,413699960000
2026-01-13,PVD,30350,28450,28500,30350,18184.541015625,13447300,408125555000
2026-01-14,PVD,31500,29450,30900,29700,17795.0859375,11872800,352622160000
2026-01-15,PVD,29850,28600,29450,29050,17405.6328125,9502400,276044720000
2026-01-16,PVD,29600,28900,29500,28900,17315.7578125,7201500,208123350000
2026-01-19,PVD,29700,28650,29000,29300,17555.421875,5055100,148114430000
2026-01-20,PVD,29450,28500,29450,28500,17076.09375,6388200,182063700000
2026-01-21,PVD,29800,28200,28500,29750,17825.044921875,7161500,213054625000
2026-01-22,PVD,30200,28600,30000,29100,17435.58984375,6790800,197612280000
2026-01-23,PVD,29300,27300,29300,27600,16536.84765625,8017500,221283000000
2026-01-26,PVD,28500,26950,28000,27400,16417.015625,10634600,291388040000
2026-01-27,PVD,29300,27400,27800,29300,17555.421875,14281000,418433300000
2026-01-28,PVD,31350,29600,30350,30500,18274.416015625,17317200,528174600000
2026-01-29,PVD,31050,29550,31000,30000,17974.8359375,6735800,202074000000
2026-01-30,PVD,31700,30200,30550,31000,18573.99609375,13853100,429446100000
2026-02-02,PVD,33150,30400,30950,33150,19862.193359375,21425600,710258640000
2026-02-03,PVD,33900,33000,33600,33000,19772.318359375,11275700,372098100000
2026-02-04,PVD,33650,32500,32650,33500,20071.8984375,10564900,353924150000
2026-02-05,PVD,34350,32800,33650,33550,20101.857421875,11011500,369435825000
2026-02-06,PVD,34100,31300,32800,32850,19682.4453125,14503300,476433405000
2026-02-09,PVD,34000,32800,33150,34000,20371.48046875,6444700,219119800000
2026-02-10,PVD,34900,31650,34050,32450,19442.779296875,12323400,399894330000
2026-02-11,PVD,32600,31650,32500,32600,19532.654296875,7620000,248412000000
2026-02-12,PVD,33900,32850,33150,33150,19862.193359375,6104400,202360860000
2026-02-13,PVD,34150,32900,33050,34150,20461.353515625,5603400,191356110000
2026-02-23,PVD,36500,35050,35400,36500,21869.3828125,10959500,400021750000
2026-02-24,PVD,37350,36500,36850,37000,22168.962890625,7759800,287112600000
2026-02-25,PVD,37950,36200,37200,36600,21929.298828125,8069000,295325400000
2026-02-26,PVD,37400,35700,36700,37400,22408.626953125,9986000,373476400000
2026-02-27,PVD,39500,37300,37550,38600,23127.62109375,8039300,310316980000
2026-03-02,PVD,41300,41150,41300,41300,24745.357421875,10585300,437172890000
2026-03-03,PVD,44150,40500,44150,44150,24745.357421875,19742300,871622545000
2026-03-04,PVD,45500,41650,45000,45000,26962.251953125,15683700,705766500000
2026-03-05,PVD,44800,42000,44300,42250,25314.560546875,15787800,667034550000
2026-03-06,PVD,43100,41500,42500,42300,25344.517578125,10125600,428312880000
2026-03-09,PVD,45250,39350,45250,39500,23666.8671875,20058300,792302850000
2026-03-10,PVD,41000,36800,37700,39550,23696.82421875,10656200,421452710000
2026-03-11,PVD,41200,38000,39300,41200,24685.439453125,5064600,208661520000
2026-03-12,PVD,41950,40500,41950,41250,24715.3984375,3541900,146103375000
2026-03-13,PVD,42300,38400,41000,40000,23966.447265625,11034200,0
2026-03-16,PVD,40100,37200,40100,37200,22288.794921875,9615900,0
2026-03-17,PVD,37400,34600,36650,34700,20790.892578125,11514800,0
2026-03-18,PVD,37100,34300,34350,37100,22228.87890625,6348700,0
2026-03-19,PVD,37850,35500,37550,36800,22049.130859375,4156100,0
2026-03-20,PVD,36800,34250,36700,34250,20521.26953125,8628300,0
2026-03-23,PVD,34600,32600,32600,34300,20551.228515625,5832700,0
2026-03-24,PVD,34550,32400,34350,33500,20071.8984375,5069600,0
2026-03-25,PVD,35200,33500,33500,34750,20820.8515625,3336600,0
2026-03-26,PVD,34750,33300,34700,34700,20790.892578125,4219300,0
2026-03-27,PVD,36050,34750,34800,35750,21420.01171875,5186400,0
2026-03-30,PVD,36950,36000,36900,36200,21689.634765625,4041300,0
2026-03-31,PVD,36500,34400,36450,34800,20850.80859375,5738900,0
2026-04-01,PVD,35750,34300,34900,34800,20850.80859375,4610200,0
2026-04-02,PVD,35700,34000,35000,34450,20641.1015625,2618800,0
2026-04-03,PVD,35000,33600,35000,33600,20131.81640625,3726800,0
2026-04-06,PVD,33500,32200,33200,32350,19382.86328125,4552900,0
2026-04-07,PVD,32800,31700,32600,32250,19322.947265625,3222100,0
2026-04-08,PVD,33000,32049,32750,32950,19742.361328125,4670200,0
2026-04-09,PVD,33100,31550,33000,32400,19412.822265625,4507200,0
2026-04-10,PVD,34450,32150,32250,33900,20311.564453125,5162900,0
2026-04-13,PVD,34800,33600,34050,34100,20431.396484375,2748300,0
2026-04-14,PVD,34300,33200,34150,33250,19922.109375,2677900,0
2026-04-15,PVD,33500,32600,33150,32850,19682.4453125,3170500,0
2026-04-16,PVD,33600,32750,32850,32900,19712.40234375,5827300,0
2026-04-17,PVD,33450,32850,33000,33300,19952.06640625,2332500,0
2026-04-20,PVD,33600,32850,33400,32850,19682.4453125,1833000,0
2026-04-21,PVD,33300,32299,32850,32500,19472.73828125,2838400,0
2026-04-22,PVD,32750,31850,32600,31900,19113.2421875,2633300,0
2026-04-23,PVD,32250,30050,31900,31650,18963.451171875,4320600,0
2026-04-24,PVD,32700,31350,31900,31400,18813.66015625,2700700,0
2026-04-28,PVD,31450,29500,31450,30500,18274.416015625,5690300,0
2026-04-29,PVD,31250,29900,30000,31000,18573.99609375,2151900,0
2026-05-04,PVD,32800,31450,32000,31750,19023.3671875,2965800,0
2026-05-05,PVD,33000,31050,31750,33000,19772.318359375,5127700,0
2026-05-06,PVD,33300,32400,33150,32500,19472.73828125,4061600,0
2026-05-07,PVD,33000,31400,32450,31600,18933.4921875,4438000,0
2026-05-08,PVD,31900,30700,31700,30800,18454.1640625,3297300,0
2026-05-11,PVD,31550,30500,31000,31350,18783.703125,2751000,0
2026-05-12,PVD,31900,30950,31900,31850,19083.283203125,3195200,0
2026-05-13,PVD,34050,31600,32000,33900,20311.564453125,10681300,0
2026-05-14,PVD,34200,32900,34000,33250,19922.109375,4091200,0
2026-05-15,PVD,34150,32800,32850,33700,20191.732421875,4020300,0
2026-05-18,PVD,36050,34150,34200,35800,21449.970703125,12001200,0
2026-05-19,PVD,36050,33300,36000,33300,19952.06640625,11497100,0
2026-05-20,PVD,33800,31000,32800,33400,20011.982421875,6675700,0
2026-05-21,PVD,33300,31800,33200,32750,19622.529296875,4159200,0
2026-05-22,PVD,32650,31450,32650,31550,18903.53515625,4005400,0
2026-05-25,PVD,31050,29850,31000,30000,17974.8359375,6027300,0
2026-05-26,PVD,30750,30000,30500,30150,18064.708984375,2219300,0
2026-05-27,PVD,30650,30050,30300,30150,18064.708984375,1344100,0
2026-05-28,PVD,30650,29800,30200,30000,17974.8359375,2752500,0
2026-05-29,PVD,30650,29650,30000,30500,18274.416015625,2560200,0
2026-06-01,PVD,30850,30000,30550,30000,17974.8359375,1211400,0
2026-06-02,PVD,30300,29000,30300,29250,17525.46484375,2088500,0
2026-06-03,PVD,30000,29200,29300,30000,17974.8359375,1622000,0
2026-06-04,PVD,31450,30000,30250,30750,18424.20703125,2489200,0
2026-06-05,PVD,31200,30200,30750,30700,18394.248046875,1714300,0
2026-06-08,PVD,31000,30400,30500,30400,18214.5,1400500,0
2026-06-09,PVD,30600,30150,30600,30350,18184.541015625,1325300,0
2026-06-10,PVD,30450,30100,30350,30100,18034.751953125,976500,0
2026-06-11,PVD,30850,30150,30400,30150,18064.708984375,1186200,0
2026-06-12,PVD,30350,29750,30000,30000,17974.8359375,1216100,0
2026-06-15,PVD,29550,28800,29500,29250,17525.46484375,2697600,0
2026-06-16,PVD,30150,29200,29300,30150,18064.708984375,2057700,0
2026-06-17,PVD,30450,29500,30150,30250,18124.625,1774300,0
2026-06-18,PVD,31350,30250,30250,31050,18603.955078125,4924400,0
2026-06-19,PVD,31050,30700,31000,31050,18603.955078125,1375800,0
2026-06-22,PVD,32750,31000,31000,32150,19263.03125,5400900,0
2026-06-23,PVD,32150,30800,31950,30950,18544.0390625,3102200,0
2026-06-24,PVD,32000,30900,31400,31950,19143.19921875,3712900,0
2026-06-25,PVD,32450,31550,32299,31600,18933.4921875,2390000,0
2026-06-26,PVD,32299,31600,32000,31600,18933.4921875,2842600,0
2026-06-29,PVD,33300,31850,31950,32650,19562.61328125,4536500,0
2026-06-30,PVD,33000,32200,32700,32800,19652.486328125,3044500,0
2026-07-01,PVD,33700,33000,33150,33450,19652.486328125,3958800,0
2026-07-02,PVD,33450,32700,33350,32750,19622.529296875,2771100,0
2026-07-03,PVD,33000,32549,32800,32549,19502.6953125,1979500,0
2026-07-06,PVD,32650,31000,32600,31550,18903.53515625,2910600,0
2026-07-07,PVD,32800,31550,31550,32600,19532.654296875,3181500,0
2026-07-08,PVD,33400,32549,33150,32549,19502.6953125,2289900,0
2026-07-09,PVD,33800,32700,32700,33300,19952.06640625,7235100,0
2026-07-10,PVD,19950,19470,19950,19470,19472.73828125,3077100,0
2026-07-13,PVD,19770,18600,19470,18600,18603.955078125,4260000,0
2026-07-14,PVD,19900,19350,19900,19900,19900.0,6788100,0
2026-07-15,PVD,20700,19450,20150,19650,19650.0,6621400,0
2026-07-16,PVD,19900,18300,19650,19900,19900.0,5220100,0
2026-07-17,PVD,19700,19000,19700,19550,19550.0,3040500,0
2026-07-20,PVD,19800,18800,19700,19300,19300.0,2848300,0
2026-07-21,PVD,19200,17950,18700,18500,18500.0,8027200,0
2026-07-22,PVD,18550,17350,18500,17500,17500.0,3319500,0
2026-07-23,PVD,18500,17500,18450,18500,18500.0,3872300,0
2026-07-24,PVD,19400,18200,18500,19000,19000.0,4292500,0
2026-07-27,PVD,19000,18300,18500,18300,18300.0,1733600,0
2026-07-28,PVD,18400,18050,18300,18350,18350.0,1369800,0
2026-07-29,PVD,18600,18250,18400,18400,18400.0,1568800,0
2026-07-30,PVD,18900,18500,18500,18900,18900.0,2052900,0
2026-07-31,PVD,18800,18000,18800,18150,18150.0,5655400,0
2026-08-03,PVD,18300,17900,18000,18100,18100.0,3733400,0
2026-08-04,PVD,18300,18050,18300,18100,18100.0,1673300,0
2026-08-05,PVD,18100,17700,18100,17900,17900.0,3215300,0
2026-08-06,PVD,18200,17750,18050,17750,17750.0,1830500,0
2026-08-07,PVD,18550,17850,17850,18050,18050.0,5506200,0
2026-08-10,PVD,18500,18050,18500,18250,18250.0,2529500,0
2026-08-11,PVD,18500,18200,18300,18200,18200.0,2509600,0
2026-08-12,PVD,18900,18100,18300,18700,18700.0,5156100,0
2026-08-13,PVD,18750,18300,18700,18300,18300.0,1972800,0
2026-08-14,PVD,18550,17900,18550,17950,17950.0,2975200,0
2026-08-17,PVD,18250,17650,18100,18150,17950.0,1377300,0
