Date,code,high,low,open,close,adjust,volume_match,value_match
2016-12-06,SAB,47470,47470,47470,47470,44269.08984375,3010,142884700
2016-12-07,SAB,50780,50780,50780,50780,47354.515625,30,1523400
2016-12-08,SAB,54310,54310,54310,54310,50641.1640625,1000,54310000
2016-12-09,SAB,58080,54310,54310,58080,54162.55859375,3010,174820800
2016-12-12,SAB,62140,62140,62140,62140,57952.265625,35690,2217776600
2016-12-13,SAB,66450,66450,66450,66450,61976.72265625,96830,6434353500
2016-12-14,SAB,71100,71100,71100,71100,66303.03125,154380,10976418000
2016-12-15,SAB,76060,75520,76060,76060,70931.1484375,380050,28906603000
2016-12-16,SAB,81370,71920,81370,80910,75458.6875,387520,31354243200
2016-12-19,SAB,80910,76230,76230,76230,71098.84375,168190,12821123700
2016-12-20,SAB,76060,70910,75880,70910,66135.359375,399710,28343436100
2016-12-21,SAB,73170,66540,70910,72210,67342.6953125,241750,17456767500
2016-12-22,SAB,75470,73000,75470,73000,68080.5,52460,3829580000
2016-12-23,SAB,73000,70870,73000,71920,67074.390625,54810,3941935200
2016-12-26,SAB,72290,69370,72290,71920,67074.390625,169870,12217050400
2016-12-27,SAB,72940,70510,71920,72290,67414.8671875,69880,5051625200
2016-12-28,SAB,72940,71950,72940,72610,67721.296875,28530,2071563300
2016-12-29,SAB,72290,70470,72290,71920,67074.390625,98560,7088435200
2016-12-30,SAB,72290,71370,72290,72190,67312.7265625,96740,6983660600
2017-01-03,SAB,72190,71530,72190,71920,67074.390625,63170,4543186400
2017-01-04,SAB,72510,71200,71920,71920,67074.390625,87490,6292280800
2017-01-05,SAB,72290,71550,71920,71950,67108.4375,27170,1954881500
2017-01-06,SAB,76630,72000,72250,75220,70138.6875,212390,15975975800
2017-01-09,SAB,75940,74850,75220,74850,69798.2109375,31390,2349541500
2017-01-10,SAB,75540,73580,75540,74660,69627.9765625,44540,3325356400
2017-01-11,SAB,76670,73740,74480,76670,71500.6171875,228480,17517561600
2017-01-12,SAB,77770,76670,77770,76880,71704.890625,55290,4250695200
2017-01-13,SAB,77460,76880,76930,77340,72113.484375,37670,2913397800
2017-01-16,SAB,77040,75940,77040,76310,71160.1484375,33890,2586145900
2017-01-17,SAB,79360,75980,76120,79050,73713.7109375,113760,8992728000
2017-01-18,SAB,82140,78600,78600,81700,76199.21875,103480,8454316000
2017-01-19,SAB,82140,80320,82140,81700,76199.21875,40040,3271268000
2017-01-20,SAB,82190,81410,81410,81700,76199.21875,77940,6367698000
2017-01-23,SAB,81700,80510,81700,81050,75586.3671875,44360,3595378000
2017-01-24,SAB,81790,80320,80320,81050,75586.3671875,137100,11111955000
2017-01-25,SAB,81700,80320,81050,81700,76199.21875,18800,1535960000
2017-02-02,SAB,81750,79960,81750,79960,76199.21875,18560,1484057600
2017-02-03,SAB,81360,79000,79360,79220,73883.9765625,51700,4095674000
2017-02-06,SAB,80130,77210,80130,78500,73203.0078125,50070,3930495000
2017-02-07,SAB,80320,77770,78500,78850,73543.5,76580,6038333000
2017-02-08,SAB,79220,78500,78850,78600,73305.15625,36350,2857110000
2017-02-09,SAB,78600,75940,78600,77040,71841.0859375,150070,11561392800
2017-02-10,SAB,78130,77040,77040,77840,72590.1484375,35880,2792899200
2017-02-13,SAB,78390,76670,77840,77900,72658.25,25240,1966196000
2017-02-14,SAB,79200,77810,77900,78850,73543.5,72220,5694547000
2017-02-15,SAB,78850,77690,78850,78100,72828.4921875,84300,6583830000
2017-02-16,SAB,78850,78130,78130,78640,73339.1953125,44230,3478247200
2017-02-17,SAB,78500,78130,78500,78390,73100.8671875,34430,2698967700
2017-02-20,SAB,79590,77840,77860,79590,74224.4375,103930,8271788700
2017-02-21,SAB,80320,79450,79450,80170,74769.203125,34930,2800338100
2017-02-22,SAB,81960,80130,80130,81880,76369.46875,100360,8217476800
2017-02-23,SAB,82870,81790,82100,82870,77288.7578125,130020,10774757400
2017-02-24,SAB,83970,82510,83240,82870,77288.7578125,107840,8936700800
2017-02-27,SAB,83200,81790,81960,82190,76641.859375,61270,5035781300
2017-02-28,SAB,82590,82190,82340,82190,76641.859375,50720,4168676800
2017-03-01,SAB,82510,82140,82190,82480,76914.234375,69440,5727411200
2017-03-02,SAB,82870,80020,82870,82100,76573.75,30250,2483525000
2017-03-03,SAB,82300,80680,81410,82300,76743.984375,20670,1701141000
2017-03-06,SAB,82340,81050,82140,81960,76437.5546875,32990,2703860400
2017-03-07,SAB,82140,81280,82100,81280,75790.6640625,35720,2903321600
2017-03-08,SAB,81280,79740,81280,79920,74530.890625,14120,1128470400
2017-03-09,SAB,80680,77400,78900,78850,73543.5,56450,4451082500
2017-03-10,SAB,78850,77040,78850,77040,71841.0859375,17550,1352052000
2017-03-13,SAB,77040,75360,77040,75580,70479.1953125,30560,2309724800
2017-03-14,SAB,79220,74190,75580,78130,72862.53125,54260,4239333800
2017-03-15,SAB,78500,77040,78130,77250,72045.3828125,13250,1023562500
2017-03-16,SAB,78130,75020,77250,77720,72488.0078125,7450,579014000
2017-03-17,SAB,77720,75940,77720,75940,70819.65625,14250,1082145000
2017-03-20,SAB,76630,75940,75940,76310,71160.1484375,7670,585297700
2017-03-21,SAB,76310,74770,76310,74920,69866.3203125,61100,4577612000
2017-03-22,SAB,75170,73200,74920,74110,69117.25,42630,3159309300
2017-03-23,SAB,74770,73200,73850,73740,68776.7734375,20840,1536741600
2017-03-24,SAB,73790,72680,73740,73020,68095.8203125,101770,7431245400
2017-03-27,SAB,73200,72660,73020,73020,68095.8203125,25830,1886106600
2017-03-28,SAB,73740,72660,73370,72660,67755.34375,55080,4002112800
2017-03-29,SAB,74850,72290,72320,73020,68095.8203125,35850,2617767000
2017-03-30,SAB,73740,73020,73020,73740,68776.7734375,11700,862758000
2017-03-31,SAB,73740,73020,73740,73020,68095.8203125,10830,790806600
2017-04-03,SAB,73710,73020,73020,73150,68232.015625,20480,1498112000
2017-04-04,SAB,73150,72810,72810,73150,68232.015625,11070,809770500
2017-04-05,SAB,74110,73240,73930,74110,69117.25,24480,1814212800
2017-04-07,SAB,74850,73740,74110,74850,69798.2109375,22080,1652688000
2017-04-10,SAB,76310,74440,74480,76310,71160.1484375,41220,3145498200
2017-04-11,SAB,76480,75580,76310,75750,70649.421875,47920,3629940000
2017-04-12,SAB,75750,74110,75580,74110,69117.25,7830,580281300
2017-04-13,SAB,75220,73740,73740,74850,69798.2109375,17760,1329336000
2017-04-14,SAB,75540,73930,75540,74480,69457.7421875,24610,1832952800
2017-04-17,SAB,75580,74480,74850,75580,70479.1953125,60990,4609624200
2017-04-18,SAB,75220,74300,75220,74850,69798.2109375,49600,3712560000
2017-04-19,SAB,74850,73200,74850,73580,68606.5390625,9950,732121000
2017-04-20,SAB,73580,73020,73580,73020,68095.8203125,23910,1745908200
2017-04-21,SAB,73370,72290,73020,73370,68436.3046875,28730,2107920100
2017-04-24,SAB,73580,73020,73370,73020,68095.8203125,54940,4011718800
2017-04-25,SAB,73020,72660,72660,72660,67755.34375,12720,924235200
2017-04-26,SAB,73200,72660,73020,73200,68266.0703125,15380,1125816000
2017-04-27,SAB,73370,72970,73200,72970,68061.7734375,66200,4830614000
2017-04-28,SAB,73020,72290,72970,72970,68061.7734375,7590,553842300
2017-05-03,SAB,72970,72660,72970,72970,68061.7734375,5880,429063600
2017-05-04,SAB,72970,72390,72970,72660,67755.34375,39290,2854811400
2017-05-05,SAB,72810,72590,72590,72770,67857.4921875,1140,82957800
2017-05-08,SAB,72840,72660,72840,72660,67755.34375,38090,2767619400
2017-05-09,SAB,72660,71820,72660,71820,66972.234375,15040,1080172800
2017-05-10,SAB,72660,71750,71750,71860,67006.3046875,7830,562663800
2017-05-11,SAB,72390,71530,71860,71530,66699.859375,18710,1338326300
2017-05-12,SAB,72250,71550,71550,71750,66904.140625,7380,529515000
2017-05-15,SAB,71750,70840,71750,70840,66052.953125,23710,1679616400
2017-05-16,SAB,70840,69780,70840,69780,65065.55859375,8650,603597000
2017-05-17,SAB,71200,68640,68640,68890,64248.41796875,21820,1503179800
2017-05-18,SAB,69370,68930,68930,69330,64656.984375,8860,614263800
2017-05-19,SAB,69370,68970,69370,69370,64691.01953125,18730,1299300100
2017-05-22,SAB,70090,69180,69370,69510,64827.21875,68360,4751703600
2017-05-23,SAB,71450,69740,71370,70840,66052.953125,234300,16597812000
2017-05-24,SAB,70840,69470,70840,69740,65031.5078125,38050,2653607000
2017-05-25,SAB,69740,69330,69370,69740,65031.5078125,48990,3416562600
2017-05-26,SAB,70690,68640,70690,69180,64520.7890625,28150,1947417000
2017-05-29,SAB,69550,69180,69180,69370,64691.01953125,79770,5533644900
2017-05-30,SAB,69780,69370,69740,69740,65031.5078125,49970,3484907800
2017-05-31,SAB,69780,69040,69450,69040,64384.59765625,133970,9249288800
2017-06-01,SAB,69800,69080,69080,69370,64691.01953125,19790,1372832300
2017-06-02,SAB,69740,69010,69370,69740,65031.5078125,11640,811773600
2017-06-05,SAB,69740,69370,69450,69740,65031.5078125,21070,1469421800
2017-06-06,SAB,69840,69110,69740,69840,65133.65625,40210,2808266400
2017-06-07,SAB,70070,69370,69840,70070,65337.9453125,32930,2307405100
2017-06-08,SAB,69910,69550,69910,69740,65031.5078125,1840,128321600
2017-06-09,SAB,70090,69080,69080,69740,65031.5078125,7830,546064200
2017-06-12,SAB,70790,69370,69740,70790,66018.90625,55930,3959284700
2017-06-13,SAB,71160,70280,71160,71160,66359.375,19500,1387620000
2017-06-14,SAB,73740,71160,71200,73020,68095.8203125,140190,10236673800
2017-06-15,SAB,73740,73020,73740,73020,68095.8203125,13680,998913600
2017-06-16,SAB,74110,73020,73020,73120,68197.953125,13430,982001600
2017-06-19,SAB,73370,73020,73370,73370,68436.3046875,47210,3463797700
2017-06-20,SAB,74110,68610,73370,74110,69117.25,48670,3606933700
2017-06-21,SAB,74810,73740,74110,74810,69764.1796875,19620,1467772200
2017-06-22,SAB,75140,74140,74810,74850,69798.2109375,5890,440866500
2017-06-23,SAB,75540,74600,74660,75540,70445.140625,36240,2737569600
2017-06-26,SAB,75750,75220,75580,75710,70615.3671875,13630,1031927300
2017-06-27,SAB,75940,75390,75710,75710,70615.3671875,16400,1241644000
2017-06-28,SAB,75710,73450,75710,75500,70411.0703125,8280,625140000
2017-06-29,SAB,75750,73790,75500,75390,70308.9296875,66380,5004388200
2017-06-30,SAB,76310,75390,75390,76060,70921.796875,81400,6191284000
2017-07-03,SAB,76860,74480,74480,76670,71500.6171875,50930,3904803100
2017-07-04,SAB,77000,74850,74850,77000,71807.03125,44930,3459610000
2017-07-05,SAB,76670,76310,76310,76670,71500.6171875,8580,657828600
2017-07-06,SAB,76670,75790,76670,76670,71500.6171875,5360,410951200
2017-07-07,SAB,76700,76170,76670,76670,71500.6171875,11440,877104800
2017-07-10,SAB,76820,76310,76670,76670,71500.6171875,65040,4986616800
2017-07-11,SAB,77000,76480,76670,76860,71670.8515625,85430,6566149800
2017-07-12,SAB,77210,76670,77080,76750,71568.71875,9580,735265000
2017-07-13,SAB,76860,76120,76670,76860,71568.71875,44270,3402592200
2017-07-14,SAB,77340,77040,77210,77210,72011.328125,50680,3913002800
2017-07-17,SAB,81050,77400,77400,80130,74735.15625,44950,3601843500
2017-07-18,SAB,83240,80680,81410,82510,76948.2890625,87890,7251803900
2017-07-19,SAB,86170,82870,83200,84740,79025.2109375,171600,14541384000
2017-07-20,SAB,85800,82510,84740,85430,79672.1171875,93230,7964638900
2017-07-21,SAB,86710,84690,84690,85980,80182.84375,117590,10110388200
2017-07-24,SAB,86310,81790,85980,85980,80182.84375,111440,9581611200
2017-07-25,SAB,86170,85000,85800,85980,80182.84375,19390,1667152200
2017-07-26,SAB,86170,80110,85980,85860,80080.6796875,28870,2478778200
2017-07-27,SAB,85930,83970,83970,85860,80080.6796875,25440,2184278400
2017-07-28,SAB,85980,84390,85800,85980,80080.6796875,15600,1341288000
2017-07-31,SAB,86500,84690,84690,86500,80659.5078125,95520,8262480000
2017-08-01,SAB,89410,86890,87620,89410,83383.34375,69450,6209524500
2017-08-02,SAB,89620,87810,89410,89590,83553.578125,14340,1284720600
2017-08-03,SAB,89740,88760,89440,89440,83417.3828125,5910,528590400
2017-08-04,SAB,89740,87810,89740,89740,83689.7734375,15550,1395457000
2017-08-07,SAB,96020,89440,89440,90940,84813.3359375,33620,3057402800
2017-08-08,SAB,94380,90940,94380,92370,86141.21875,41220,3807491400
2017-08-09,SAB,94740,88350,92000,88350,82395.9453125,61800,5460030000
2017-08-10,SAB,91450,88540,90910,90910,84779.3125,19570,1779108700
2017-08-11,SAB,91450,89490,90910,90550,84438.8203125,25140,2276427000
2017-08-14,SAB,91230,89090,89850,89090,83076.9140625,25970,2313667300
2017-08-15,SAB,89780,86520,89780,88670,82702.3828125,80350,7124634500
2017-08-16,SAB,90910,87660,89620,90870,84745.2421875,39460,3585730200
2017-08-17,SAB,96020,91200,91200,92370,86141.21875,85640,7910566800
2017-08-18,SAB,93090,89810,89810,92370,86141.21875,48040,4437454800
2017-08-21,SAB,93830,89440,90550,93830,87503.140625,59480,5581008400
2017-08-22,SAB,94520,88540,94520,89880,83825.9453125,40100,3604188000
2017-08-23,SAB,93070,87990,91200,92990,86720.0234375,46130,4289628700
2017-08-24,SAB,93090,89810,92990,92990,86720.0234375,67660,6291703400
2017-08-25,SAB,92690,89850,90550,92370,86141.21875,10060,929242200
2017-08-28,SAB,92370,89440,92370,92180,85970.9765625,23900,2203102000
2017-08-29,SAB,91280,90100,90170,90910,84779.3125,16570,1506378700
2017-08-30,SAB,91280,90260,91230,91280,85119.765625,10860,991300800
2017-08-31,SAB,93210,90220,90220,91640,85460.265625,49740,4558173600
2017-09-01,SAB,92910,91640,91640,92910,86651.9375,18680,1735558800
2017-09-05,SAB,96020,92910,92910,93090,86822.1640625,42560,3961910400
2017-09-06,SAB,96020,93470,93470,96020,89546.0,22460,2156609200
2017-09-07,SAB,99020,94630,96020,99020,92337.9375,107880,10682277600
2017-09-08,SAB,102850,99660,100050,102850,95912.9453125,48020,4938857000
2017-09-11,SAB,105520,102850,102850,104050,97036.546875,29280,3046584000
2017-09-12,SAB,105520,102220,102220,102600,95674.640625,28500,2924100000
2017-09-13,SAB,104020,101250,102600,101250,94414.859375,27310,2765137500
2017-09-14,SAB,101860,99120,101860,99480,92780.5625,36910,3671806800
2017-09-15,SAB,99300,97480,97480,99300,92610.3203125,24350,2417955000
2017-09-18,SAB,102190,97850,102190,100950,94142.4765625,19100,1928145000
2017-09-19,SAB,101500,99300,100950,100390,93631.765625,20580,2066026200
2017-09-20,SAB,101120,99280,101120,99660,92950.796875,12860,1281627600
2017-09-21,SAB,99300,96740,99300,96740,90226.9765625,52660,5094328400
2017-09-22,SAB,98900,96740,98900,97180,90635.5390625,5950,578221000
2017-09-25,SAB,97180,91280,97180,95470,89035.296875,14620,1395771400
2017-09-26,SAB,95470,93860,95470,94190,87843.609375,5600,527464000
2017-09-27,SAB,94190,92370,94190,93090,86822.1640625,15050,1401004500
2017-09-28,SAB,98580,91850,93090,97150,90601.484375,16960,1647664000
2017-09-29,SAB,99480,94920,97110,94920,88524.578125,13640,1294708800
2017-10-02,SAB,95970,93470,94920,94190,87843.609375,3580,337200200
2017-10-03,SAB,95650,93500,95650,93770,87435.0546875,7330,687334100
2017-10-04,SAB,95070,93160,93160,95070,88660.765625,3250,308977500
2017-10-05,SAB,96670,93090,93090,94920,88524.578125,2220,210722400
2017-10-06,SAB,95620,93160,95620,94960,88558.609375,1920,182323200
2017-10-09,SAB,95950,93280,95950,94960,88558.609375,12300,1168008000
2017-10-10,SAB,95580,94710,95550,94960,88558.609375,20900,1984664000
2017-10-11,SAB,95620,94850,94890,95580,89137.4296875,15300,1462374000
2017-10-12,SAB,97230,95330,95330,97110,90567.4453125,19470,1890731700
2017-10-13,SAB,99300,95330,97110,99300,92610.3203125,57150,5674995000
2017-10-16,SAB,99560,98220,99300,99300,92610.3203125,47420,4708806000
2017-10-17,SAB,101860,97920,99300,101860,94993.6796875,40630,4138571800
2017-10-18,SAB,102950,101120,101150,102780,95844.8671875,177700,18264006000
2017-10-19,SAB,104050,101500,103970,101500,94653.1953125,38990,3957485000
2017-10-20,SAB,103680,98580,100610,98580,91929.375,27530,2713907400
2017-10-23,SAB,102220,98610,100780,102220,95334.1484375,36380,3718763600
2017-10-24,SAB,102920,98610,102220,102410,95504.3828125,54670,5598754700
2017-10-25,SAB,102410,100050,102410,102010,95129.8671875,5720,583497200
2017-10-26,SAB,102950,100390,102410,102950,96015.1171875,45560,4690402000
2017-10-27,SAB,102950,99350,102950,102410,95504.3828125,26460,2709768600
2017-10-30,SAB,104780,101120,102220,104780,97717.5078125,110150,11541517000
2017-10-31,SAB,104780,103360,104780,104270,97240.8203125,3060,319066200
2017-11-01,SAB,104780,102490,104270,104750,97683.4609375,18930,1982917500
2017-11-02,SAB,105520,103680,104750,105520,98398.4609375,43940,4636548800
2017-11-03,SAB,105870,102630,104230,105870,98738.9453125,12150,1286320500
2017-11-06,SAB,106610,105150,105870,105870,98738.9453125,7770,822609900
2017-11-07,SAB,105870,104100,104410,104100,97070.578125,50470,5253927000
2017-11-08,SAB,109130,101380,105440,102780,95844.8671875,79920,8214177600
2017-11-09,SAB,103280,101380,102780,101530,94687.2421875,4680,475160400
2017-11-10,SAB,101530,100010,101530,100950,94142.4765625,16650,1680817500
2017-11-13,SAB,103250,100780,100950,100830,94040.328125,37370,3768017100
2017-11-14,SAB,102220,100100,100830,100100,93359.375,18400,1841840000
2017-11-15,SAB,101680,98470,100070,98900,92235.7890625,44210,4372369000
2017-11-16,SAB,102220,97850,97850,102220,95334.1484375,55060,5628233200
2017-11-17,SAB,103640,100510,102600,102220,95334.1484375,81030,8282886600
2017-11-20,SAB,102520,100510,100780,102450,95538.4375,46050,4717822500
2017-11-21,SAB,109160,102410,102450,106970,99760.3828125,116870,12501583900
2017-11-22,SAB,112820,106970,106970,112590,105003.7578125,113570,12786846300
2017-11-23,SAB,113170,109890,112590,112820,105208.0546875,34940,3941930800
2017-11-24,SAB,116680,111350,113170,116390,108544.7578125,55290,6435203100
2017-11-27,SAB,116470,109590,113220,110610,103165.171875,27840,3079382400
2017-11-28,SAB,116820,109890,109890,116820,108953.3203125,41090,4800133800
2017-11-29,SAB,125010,117920,121950,123770,115422.4140625,114970,14229836900
2017-11-30,SAB,126690,120100,124790,120100,112017.640625,59880,7191588000
2017-12-01,SAB,121030,118680,120100,120480,112358.09375,41490,4998715200
2017-12-04,SAB,124490,120480,120480,121330,113141.2109375,77450,9397008500
2017-12-05,SAB,123400,120480,121950,120480,112358.09375,64960,7826380800
2017-12-06,SAB,121580,115370,120480,119750,111677.1484375,65890,7890327500
2017-12-07,SAB,121580,115000,120480,116610,108749.0078125,50120,5844493200
2017-12-08,SAB,116650,112270,115370,112820,105208.0546875,85860,9686725200
2017-12-11,SAB,113540,106970,113540,106970,99760.3828125,142910,15287082700
2017-12-12,SAB,114440,112440,114440,114280,106569.9453125,311160,35559364800
2017-12-13,SAB,117200,114280,116730,114650,106910.4375,133180,15269087000
2017-12-14,SAB,115740,112820,115740,112820,105208.0546875,131480,14833573600
2017-12-15,SAB,113170,112090,112820,112890,105276.1640625,138480,15633007200
2017-12-18,SAB,116070,112890,112890,112890,105276.1640625,255930,28891937700
2017-12-19,SAB,113170,104990,112890,104990,97921.7890625,362340,38042076600
2017-12-20,SAB,102220,97660,97850,97660,91078.1640625,276270,26980528200
2017-12-21,SAB,96740,90870,92000,90980,84847.4140625,583060,53046798800
2017-12-22,SAB,95650,91640,93830,91640,85460.265625,226780,20782119200
2017-12-25,SAB,97070,92000,93070,96600,90090.765625,119540,11547564000
2017-12-26,SAB,96460,93470,96380,93830,87503.140625,174190,16344247700
2017-12-27,SAB,94920,92090,93470,92090,85868.8515625,156790,14438791100
2017-12-28,SAB,92740,90980,92740,90980,84847.4140625,177330,16133483400
2017-12-29,SAB,92650,90980,92650,91020,84881.453125,170350,15505257000
2018-01-02,SAB,92990,91230,92740,92110,85902.8671875,116190,10702260900
2018-01-03,SAB,96740,92110,92110,96740,90226.9765625,231500,22395310000
2018-01-04,SAB,98090,96020,97850,97660,91078.1640625,238800,23321208000
2018-01-05,SAB,98020,96060,97850,96490,89988.6328125,131870,12724136300
2018-01-08,SAB,96380,94560,96020,95290,88865.046875,115690,11024100100
2018-01-09,SAB,96380,94920,96380,95290,88865.046875,127130,12114217700
2018-01-10,SAB,95650,94560,95290,94740,88354.328125,82190,7786680600
2018-01-11,SAB,96380,94670,95290,95290,88865.046875,184000,17533360000
2018-01-12,SAB,96020,94560,95190,95190,88762.90625,94390,8984984100
2018-01-15,SAB,96280,90420,96280,96110,89901.78125,81970,7878136700
2018-01-16,SAB,96110,95190,95560,95560,89384.1171875,152440,14567166400
2018-01-17,SAB,96110,94990,95190,95190,89384.1171875,171960,16368872400
2018-01-18,SAB,95110,93450,95110,95110,88970.0,104920,9978941200
2018-01-19,SAB,95190,94080,95110,94250,88176.21875,200930,18937652500
2018-01-22,SAB,96650,92820,94080,96280,88176.21875,184370,17751143600
2018-01-25,SAB,96650,94820,96650,95190,89038.984375,94990,9042098100
2018-01-26,SAB,95210,93010,95190,93010,87002.8359375,103010,9580960100
2018-01-29,SAB,93180,90370,93010,90370,84552.53125,164600,14874902000
2018-01-30,SAB,90750,89830,90020,90750,84897.6484375,95220,8641215000
2018-01-31,SAB,92970,90750,90750,91110,85242.7734375,124310,11325884100
2018-02-01,SAB,91110,89860,91110,90370,84552.53125,138000,12471060000
2018-02-02,SAB,91110,88950,90370,91110,85242.7734375,77900,7097469000
2018-02-05,SAB,91050,87060,90370,88140,82447.34375,126340,11135607600
2018-02-06,SAB,88140,82010,88140,85850,80307.65625,134250,11525362500
2018-02-07,SAB,88910,85770,85880,85880,80342.171875,45750,3929010000
2018-02-08,SAB,86330,83010,85880,83010,77650.296875,67480,5601514800
2018-02-09,SAB,83010,79680,83010,83010,77650.296875,96300,7993863000
2018-02-12,SAB,85950,83010,84850,85950,80411.1875,108810,9352219500
2018-02-13,SAB,87440,85950,86330,86280,80721.78125,20870,1800663600
2018-02-21,SAB,90370,86330,87800,88910,83172.0859375,52050,4627765500
2018-02-22,SAB,89280,87730,88540,87730,82067.7265625,121670,10674109100
2018-02-23,SAB,89640,87360,89640,88540,82826.9765625,44180,3911697200
2018-02-26,SAB,90020,87440,88540,89540,83758.78125,220820,19772222800
2018-02-27,SAB,90370,88280,90370,89100,83344.640625,202240,18019584000
2018-02-28,SAB,89280,86770,89280,86770,83344.640625,101780,8831450600
2018-03-01,SAB,86770,84820,85950,85590,80066.0703125,104990,8986094100
2018-03-02,SAB,84850,84050,84600,84110,78685.625,89080,7492518800
2018-03-05,SAB,85140,83370,84110,83370,77995.421875,80570,6717120900
2018-03-06,SAB,83450,80970,83370,81340,76097.28125,259600,21115864000
2018-03-07,SAB,82600,81160,81340,81530,76269.84375,84500,6889285000
2018-03-08,SAB,81900,81160,81900,81200,75959.2421875,48500,3938200000
2018-03-09,SAB,81940,80940,81900,81320,76062.7578125,49770,4047296400
2018-03-12,SAB,81900,81160,81900,81240,75993.7734375,41840,3399081600
2018-03-13,SAB,81530,79510,81530,80050,74889.390625,100580,8051429000
2018-03-14,SAB,80020,76740,79680,79180,74061.1015625,215240,17042703200
2018-03-15,SAB,78950,75560,77840,78950,73854.046875,196320,15499464000
2018-03-16,SAB,84400,77460,80800,84300,78858.1953125,442820,37329726000
2018-03-19,SAB,86620,83010,84850,83010,77650.296875,103660,8604816600
2018-03-20,SAB,84430,80870,81570,83370,77995.421875,89610,7470785700
2018-03-21,SAB,84110,81900,83740,83370,77995.421875,106190,8853060300
2018-03-22,SAB,86880,82280,83370,85220,79720.9765625,199230,16978380600
2018-03-23,SAB,87440,83410,84880,86850,81239.4609375,162010,14070568500
2018-03-26,SAB,90370,86330,86330,90090,84276.453125,174720,15740524800
2018-03-27,SAB,91830,88580,91830,90020,84207.421875,83420,7509468400
2018-03-28,SAB,90370,87800,90020,88210,82516.375,104670,9232940700
2018-03-29,SAB,89280,88170,89280,88210,82516.375,78840,6954476400
2018-03-30,SAB,89280,88210,88210,88760,83034.0390625,76080,6752860800
2018-04-02,SAB,90370,87800,89830,87800,82136.7421875,88560,7775568000
2018-04-03,SAB,88170,84480,87800,84480,79030.75,65850,5563008000
2018-04-04,SAB,85220,82280,85220,83370,77995.421875,55540,4630369800
2018-04-05,SAB,86140,82280,83410,83820,78409.53125,43680,3661257600
2018-04-06,SAB,84850,83370,83370,83820,78409.53125,32490,2723311800
2018-04-09,SAB,84480,82640,82640,83010,77650.296875,43750,3631687500
2018-04-10,SAB,85810,82450,83350,84850,79375.8515625,87150,7394677500
2018-04-11,SAB,86660,83780,83780,84850,79375.8515625,46760,3967586000
2018-04-12,SAB,85220,84110,84850,84850,79375.8515625,55840,4738024000
2018-04-13,SAB,85590,83920,84520,84050,78616.59375,73370,6166748500
2018-04-16,SAB,85000,83920,84480,84660,79203.2890625,31290,2649011400
2018-04-17,SAB,85220,84110,84910,84480,79030.75,24610,2079052800
2018-04-18,SAB,85220,83820,85220,84110,78685.625,51070,4295497700
2018-04-19,SAB,84400,78290,84400,78290,73232.8515625,77190,6043205100
2018-04-20,SAB,82310,78290,78290,81900,76614.953125,54550,4467645000
2018-04-23,SAB,84110,79680,82640,80250,75061.9453125,54110,4342327500
2018-04-24,SAB,82280,79310,80050,80050,74889.390625,46310,3707115500
2018-04-26,SAB,81530,80050,81530,80800,75579.625,33360,2695488000
2018-04-27,SAB,81340,78580,80600,78580,73508.9453125,89760,7053340800
2018-05-02,SAB,79680,78580,79310,78600,73543.453125,48470,3809742000
2018-05-03,SAB,80250,78320,78580,80170,74992.9296875,30530,2447590100
2018-05-04,SAB,80800,79680,80800,80800,75579.625,19780,1598224000
2018-05-07,SAB,86440,81110,81160,86440,80859.828125,65630,5673057200
2018-05-08,SAB,89250,84850,86440,86660,81066.8984375,60600,5251596000
2018-05-09,SAB,88210,85330,88170,86330,80756.3046875,74870,6463527100
2018-05-10,SAB,87610,81160,85590,86330,80756.3046875,66110,5707276300
2018-05-11,SAB,87060,84180,86330,87060,81446.53125,53000,4614180000
2018-05-14,SAB,90750,84880,87800,90750,84897.6484375,96830,8787322500
2018-05-15,SAB,95190,89280,91320,92230,86278.09375,122170,11267739100
2018-05-16,SAB,92970,90020,92230,92970,86968.328125,48810,4537865700
2018-05-17,SAB,92660,89100,92050,89100,83344.640625,97390,8677449000
2018-05-18,SAB,93110,89170,90570,93110,87106.375,76970,7166676700
2018-05-21,SAB,94110,91320,93110,92610,86623.21875,122730,11366025300
2018-05-22,SAB,92140,90370,91380,91440,85553.3671875,79840,7300569600
2018-05-23,SAB,92270,88980,91850,89640,83862.3046875,137620,12336256800
2018-05-24,SAB,90370,85950,90020,89570,83793.2890625,103370,9258850900
2018-05-25,SAB,90310,86330,87360,86330,80756.3046875,71290,6154465700
2018-05-28,SAB,87690,84110,84110,85590,80066.0703125,51610,4417299900
2018-05-29,SAB,86400,81900,86400,84480,79030.75,99830,8433638400
2018-05-30,SAB,84850,81640,83260,84480,79030.75,104040,8789299200
2018-05-31,SAB,90370,82640,84480,88540,82826.9765625,210920,18674856800
2018-06-01,SAB,90370,87130,89640,90370,84552.53125,77480,7001867600
2018-06-04,SAB,90370,88170,90020,89120,83379.1484375,50940,4539772800
2018-06-05,SAB,92230,88170,88950,91350,85449.828125,52080,4757508000
2018-06-06,SAB,92140,90020,90370,91110,85242.7734375,31750,2892742500
2018-06-07,SAB,92230,89640,91110,91490,85587.8671875,35980,3291810200
2018-06-08,SAB,91850,89640,90370,90370,84552.53125,45080,4073879600
2018-06-11,SAB,91410,89350,89640,89640,83862.3046875,56660,5079002400
2018-06-12,SAB,89640,87060,89640,88170,82481.8515625,38540,3398071800
2018-06-13,SAB,88170,86330,88170,86730,81135.921875,25070,2174321100
2018-06-14,SAB,87800,86000,86770,86000,80445.703125,45510,3913860000
2018-06-15,SAB,86620,84220,85950,86540,80963.375,64480,5580099200
2018-06-18,SAB,87440,85220,86330,85590,80066.0703125,29860,2555717400
2018-06-19,SAB,86480,79650,85040,83010,77650.296875,112000,9297120000
2018-06-20,SAB,84080,79680,79680,84080,78651.125,91770,7716021600
2018-06-21,SAB,84080,81900,84080,83370,77995.421875,53980,4500312600
2018-06-22,SAB,83740,82080,83370,83370,77995.421875,32580,2716194600
2018-06-25,SAB,83710,82410,83370,83100,77753.8203125,30380,2524578000
2018-06-26,SAB,83010,81710,83010,82150,76856.5234375,32870,2700270500
2018-06-27,SAB,82930,81710,81940,82150,76856.5234375,54630,4487854500
2018-06-28,SAB,81900,80090,81600,80940,75717.65625,45520,3684388800
2018-06-29,SAB,83180,79720,80940,83180,77822.859375,69820,5807627600
2018-07-02,SAB,84850,81410,83010,84850,79375.8515625,57880,4911118000
2018-07-03,SAB,84850,83100,84850,84140,78720.1328125,52210,4392949400
2018-07-04,SAB,84110,82640,82640,83370,77995.421875,47480,3958407600
2018-07-05,SAB,83710,81160,83710,81160,75924.7265625,25820,2095551200
2018-07-06,SAB,81850,79680,81160,81160,75924.7265625,34770,2821933200
2018-07-09,SAB,82280,80900,82240,81410,76166.296875,16370,1332681700
2018-07-10,SAB,82240,80310,82240,81160,75924.7265625,81620,6624279200
2018-07-11,SAB,81410,80090,81410,81160,75924.7265625,78980,6410016800
2018-07-12,SAB,81530,80420,80420,80460,75269.0078125,25860,2080695600
2018-07-13,SAB,80840,78950,80420,80420,75234.5,114030,9170292600
2018-07-16,SAB,80420,78950,80420,80390,75199.9921875,74340,5976192600
2018-07-17,SAB,80420,78990,79680,80420,75234.5,63080,5072893600
2018-07-18,SAB,80420,79310,80420,80390,75199.9921875,57210,4599111900
2018-07-19,SAB,80420,79310,79720,79310,74199.1484375,68430,5427183300
2018-07-20,SAB,79870,73790,79310,73790,69022.4765625,167500,12359825000
2018-07-23,SAB,77660,75080,75630,77660,72646.15625,121840,9462094400
2018-07-24,SAB,77840,75920,77840,77460,72646.15625,106300,8233998000
2018-07-25,SAB,77100,75670,75890,76370,71438.265625,89120,6806094400
2018-07-26,SAB,76370,74600,74740,76370,71438.265625,113290,8651957300
2018-07-27,SAB,76370,74930,74930,76370,71438.265625,71130,5432198100
2018-07-30,SAB,76370,75630,76370,76300,71369.2421875,41840,3192392000
2018-07-31,SAB,76370,75260,75290,75810,70920.6015625,112500,8528625000
2018-08-01,SAB,76000,75140,75630,75630,70748.015625,33350,2522260500
2018-08-02,SAB,75960,74880,75290,75260,70402.9375,41290,3107485400
2018-08-03,SAB,75630,73600,75080,73740,68987.9765625,83590,6163926600
2018-08-06,SAB,73790,72750,73740,73410,68677.375,58550,4298155500
2018-08-07,SAB,73410,71490,72860,73410,68677.375,77380,5680465800
2018-08-08,SAB,73790,71930,72670,73790,69022.4765625,72620,5358629800
2018-08-09,SAB,76740,73410,73790,76740,71783.3671875,134190,10297740600
2018-08-10,SAB,77290,75260,76740,77100,72128.484375,79050,6094755000
2018-08-13,SAB,77460,76040,77100,77460,72473.609375,84580,6551566800
2018-08-14,SAB,77460,76550,77460,77460,72473.609375,33560,2599557600
2018-08-15,SAB,78170,76740,77460,77840,72818.7109375,44610,3472442400
2018-08-16,SAB,78210,76470,77840,78210,73163.828125,56860,4447020600
2018-08-17,SAB,78580,77460,78210,78580,73508.9453125,45730,3593463400
2018-08-20,SAB,78580,77460,77510,78580,73508.9453125,34660,2723582800
2018-08-21,SAB,78580,76950,78580,78580,73508.9453125,71180,5593324400
2018-08-22,SAB,78580,77510,78580,78580,73508.9453125,42550,3343579000
2018-08-23,SAB,78580,77580,78210,78400,73336.390625,79280,6215552000
2018-08-24,SAB,78580,77460,77840,78580,73508.9453125,95550,7508319000
2018-08-27,SAB,82200,78650,78950,80800,75579.625,67490,5453192000
2018-08-28,SAB,82280,80680,80800,81900,76614.953125,38360,3141684000
2018-08-29,SAB,83370,81160,81900,83370,77995.421875,25460,2122600200
2018-08-30,SAB,83370,81980,81980,83370,77995.421875,37240,3104698800
2018-08-31,SAB,83370,82370,83370,83370,77995.421875,47370,3949236900
2018-09-04,SAB,83370,82490,83370,82560,77236.1640625,60720,5013043200
2018-09-05,SAB,82560,81570,82560,82240,76925.5703125,38610,3175286400
2018-09-06,SAB,82240,80800,81900,82200,76891.0390625,41630,3421986000
2018-09-07,SAB,82240,80870,81160,82200,76891.0390625,32790,2695338000
2018-09-10,SAB,82280,81200,82150,82280,76960.0546875,31480,2590174400
2018-09-11,SAB,82280,81240,82280,82280,76960.0546875,19770,1626675600
2018-09-12,SAB,82240,81290,81940,82200,76891.0390625,11530,947766000
2018-09-13,SAB,82150,81530,81530,81900,76614.953125,7230,592137000
2018-09-14,SAB,83010,81900,81900,82200,76891.0390625,42150,3464730000
2018-09-17,SAB,83010,81710,83010,81940,76649.4609375,5410,443295400
2018-09-18,SAB,82640,81900,82640,82280,76960.0546875,24680,2030670400
2018-09-19,SAB,82280,81160,82280,81160,75924.7265625,19770,1604533200
2018-09-20,SAB,81900,80600,81160,81110,75890.21875,9720,788389200
2018-09-21,SAB,81850,80170,80600,80800,75579.625,30810,2489448000
2018-09-24,SAB,80800,80250,80800,80750,75545.1015625,26420,2133415000
2018-09-25,SAB,80800,80350,80750,80800,75579.625,18180,1468944000
2018-09-26,SAB,80800,80050,80800,80750,75545.1015625,22560,1821720000
2018-09-27,SAB,81900,80510,80750,81160,75924.7265625,34790,2823556400
2018-09-28,SAB,82080,81160,81530,82080,76787.5234375,66090,5424667200
2018-10-01,SAB,82010,81160,82010,81980,76683.96875,20780,1703544400
2018-10-02,SAB,83010,81090,81980,83010,77650.296875,103220,8568292200
2018-10-03,SAB,83740,83010,83010,83260,77891.8515625,17230,1434569800
2018-10-04,SAB,83630,83010,83370,83370,77995.421875,4940,411847800
2018-10-05,SAB,83350,81900,82280,82340,77029.09375,22290,1835358600
2018-10-08,SAB,82340,81110,81800,82340,77029.09375,24950,2054383000
2018-10-09,SAB,82340,81200,81800,82340,77029.09375,27710,2281641400
2018-10-10,SAB,83370,81800,81800,83370,77995.421875,18450,1538176500
2018-10-11,SAB,83370,80580,83370,81900,76614.953125,21230,1738737000
2018-10-12,SAB,82280,80800,81900,82080,76787.5234375,40990,3364459200
2018-10-15,SAB,82980,81160,81340,82280,76960.0546875,45960,3781588800
2018-10-16,SAB,83270,81890,81940,82450,77133.796875,22050,1818022500
2018-10-17,SAB,82940,82110,82450,82830,77481.234375,36550,3027436500
2018-10-18,SAB,83160,82150,83160,82450,77133.796875,10210,841814500
2018-10-19,SAB,82720,80960,81710,81710,76438.890625,24610,2010883100
2018-10-22,SAB,82640,80960,81710,82450,77133.796875,31600,2605420000
2018-10-23,SAB,83190,81710,82450,82790,77446.5,34600,2864534000
2018-10-24,SAB,83230,81890,82600,82450,77133.796875,54220,4470439000
2018-10-25,SAB,82450,80600,80630,82450,77133.796875,26680,2199766000
2018-10-26,SAB,82980,81410,82980,82150,76855.8359375,32970,2708485500
2018-10-29,SAB,82640,82150,82450,82450,77133.796875,67050,5528272500
2018-10-30,SAB,82790,78750,82450,82530,77203.265625,90870,7499501100
2018-10-31,SAB,82640,80270,82530,82640,77307.5234375,55160,4558422400
2018-11-01,SAB,82640,81040,82640,82450,77133.796875,11320,933334000
2018-11-02,SAB,82640,81150,81710,82450,77133.796875,81350,6707307500
2018-11-05,SAB,82830,81010,81340,82830,77481.234375,42370,3509507100
2018-11-06,SAB,83010,81410,82830,82940,77585.4609375,26860,2227768400
2018-11-07,SAB,83570,81750,82940,83570,78176.1328125,40070,3348649900
2018-11-08,SAB,84230,83010,83570,83900,78488.8359375,26180,2196502000
2018-11-09,SAB,83930,82860,83930,83900,78488.8359375,32970,2766183000
2018-11-12,SAB,87660,83190,83900,86530,80955.71875,50480,4368034400
2018-11-13,SAB,89880,86170,86270,88250,82553.9921875,49110,4333957500
2018-11-14,SAB,91560,88250,88390,90260,84430.21875,77240,6971682400
2018-11-15,SAB,92440,89130,90060,90990,85125.1171875,46990,4275620100
2018-11-16,SAB,91700,89880,90990,90990,85125.1171875,42550,3871624500
2018-11-19,SAB,92300,89880,90990,91180,85298.84375,23290,2123582200
2018-11-20,SAB,90630,89180,90170,90440,84603.953125,28270,2556738800
2018-11-21,SAB,89880,88390,89880,89880,84082.78125,61600,5536608000
2018-11-22,SAB,90260,88770,89880,89880,84082.78125,12800,1150464000
2018-11-23,SAB,90260,88590,89520,89700,83909.046875,14130,1267461000
2018-11-26,SAB,89880,89130,89880,89170,83418.5703125,21380,1906454600
2018-11-27,SAB,91010,88420,88420,90630,84784.9296875,31970,2897441100
2018-11-28,SAB,93630,90010,90630,93630,87587.7421875,63680,5962358400
2018-11-29,SAB,95880,93440,94380,93630,87587.7421875,114710,10740297300
2018-11-30,SAB,94000,92330,93440,93630,87587.7421875,55080,5157140400
2018-12-03,SAB,95500,92870,95500,94000,87938.0859375,19310,1815140000
2018-12-04,SAB,94380,92870,93250,92870,86887.0390625,32320,3001558400
2018-12-05,SAB,93550,91940,93550,91940,86011.1484375,24420,2245174800
2018-12-06,SAB,92770,90630,91840,92500,86536.6875,15460,1430050000
2018-12-07,SAB,93970,91410,92130,92610,86641.796875,30960,2867205600
2018-12-10,SAB,93210,91010,91010,92870,86887.0390625,44570,4139215900
2018-12-11,SAB,94750,92290,92290,94750,88638.7890625,28960,2743960000
2018-12-12,SAB,95500,93480,93480,94750,88638.7890625,49700,4709075000
2018-12-13,SAB,95130,93700,94870,93700,87657.8203125,30870,2892519000
2018-12-14,SAB,94680,93300,93750,93780,87727.875,31370,2941878600
2018-12-17,SAB,93780,92840,92870,93780,87727.875,59460,5576158800
2018-12-18,SAB,93780,92130,93780,93780,87727.875,45170,4236042600
2018-12-19,SAB,93780,91980,93630,93630,87587.7421875,102270,9575540100
2018-12-20,SAB,93630,92330,93630,92500,86536.6875,89640,8291700000
2018-12-21,SAB,92500,91110,91750,92500,86536.6875,67740,6265950000
2018-12-24,SAB,93210,89880,89880,92460,86501.6484375,43500,4022010000
2018-12-25,SAB,92460,90710,90710,92460,86501.6484375,40810,3773292600
2018-12-26,SAB,93250,90970,90970,93250,87237.390625,23360,2178320000
2018-12-27,SAB,93970,92500,93590,93930,87868.03125,35850,3367390500
2018-12-28,SAB,100180,92330,93930,100180,87868.03125,46420,4650355600
2019-01-02,SAB,100180,93170,100180,93170,87167.3203125,46990,4378058300
2019-01-03,SAB,95500,87340,93170,91940,86011.1484375,98800,9083672000
2019-01-04,SAB,92130,88040,92130,91080,85205.359375,8540,777823200
2019-01-07,SAB,92870,90260,91080,91390,85485.6171875,12270,1121355300
2019-01-08,SAB,91390,89560,91080,91390,85485.6171875,11600,1060124000
2019-01-09,SAB,92870,89520,91390,91390,85485.6171875,25150,2298458500
2019-01-10,SAB,91320,89610,90100,89880,84084.2265625,28560,2566972800
2019-01-11,SAB,90060,88420,89880,89880,84084.2265625,38820,3489141600
2019-01-14,SAB,90820,89100,90820,89880,84084.2265625,45290,4070665200
2019-01-15,SAB,89850,89130,89130,89730,83944.0859375,23500,2108655000
2019-01-16,SAB,90260,89130,89260,89520,83733.875,30300,2712456000
2019-01-17,SAB,90180,87830,89130,87830,82157.3046875,41400,3636162000
2019-01-18,SAB,88910,87780,87830,87830,82157.3046875,14340,1259482200
2019-01-21,SAB,88840,87830,88840,87830,82157.3046875,4770,418949100
2019-01-22,SAB,88010,87080,88010,87560,81912.0546875,14570,1275749200
2019-01-23,SAB,87830,86930,87560,87560,81912.0546875,16500,1444740000
2019-01-24,SAB,88010,86890,87920,87260,81631.7578125,35920,3134379200
2019-01-25,SAB,87600,86540,86890,87260,81631.7578125,26850,2342931000
2019-01-28,SAB,87920,86510,87260,87260,81631.7578125,24370,2126526200
2019-01-29,SAB,87830,86540,87830,87260,81631.7578125,18620,1624781200
2019-01-30,SAB,87920,86780,87260,87260,81631.7578125,36010,3142232600
2019-01-31,SAB,87440,86930,87260,87260,81631.7578125,21200,1849912000
2019-02-01,SAB,87920,86510,87260,87260,81631.7578125,80480,7022684800
2019-02-11,SAB,87720,86670,87630,87380,81736.875,42810,3740737800
2019-02-12,SAB,89520,87440,89520,89070,83313.4609375,11200,997584000
2019-02-13,SAB,89100,88090,89070,88420,82717.8515625,118000,10433560000
2019-02-14,SAB,89130,88380,89130,89130,83383.5234375,123270,10987055100
2019-02-15,SAB,89800,88800,89700,89290,83523.65625,48220,4305563800
2019-02-18,SAB,89880,89470,89470,89880,83523.65625,19000,1707720000
2019-02-19,SAB,90710,89130,89520,90260,84434.5859375,25550,2306143000
2019-02-20,SAB,91390,89520,89520,91390,85485.6171875,39420,3602593800
2019-02-21,SAB,92870,91390,91390,92870,86887.0390625,24550,2279958500
2019-02-22,SAB,93130,92500,92870,92500,86536.6875,14040,1298700000
2019-02-25,SAB,92810,92130,92500,92810,86816.9765625,31140,2890103400
2019-02-26,SAB,92870,92130,92130,92500,86536.6875,26360,2438300000
2019-02-27,SAB,92870,92130,92870,92690,86711.859375,7770,720201300
2019-02-28,SAB,92690,89880,91860,89880,84084.2265625,31930,2869868400
2019-03-01,SAB,92130,88500,88500,90630,84784.9296875,31250,2832187500
2019-03-04,SAB,91940,89520,89880,90630,84784.9296875,44090,3995876700
2019-03-05,SAB,91680,89920,91580,91200,85310.4609375,10220,932064000
2019-03-06,SAB,91750,89880,90030,91350,85450.6015625,22910,2092828500
2019-03-07,SAB,90970,90060,90630,90300,84469.625,25340,2288202000
2019-03-08,SAB,91750,90260,90970,91750,84469.625,29050,2665337500
2019-03-11,SAB,92240,90480,91750,91750,85835.9765625,20340,1866195000
2019-03-12,SAB,94590,91650,91750,94380,88288.4453125,42620,4022475600
2019-03-13,SAB,96610,87970,93360,95500,89339.484375,54140,5170370000
2019-03-14,SAB,96430,94380,94750,94750,88638.7890625,26120,2474870000
2019-03-15,SAB,95500,92810,95500,95050,88919.0703125,40550,3854277500
2019-03-18,SAB,95050,91790,93660,91790,85871.0234375,75530,6932898700
2019-03-19,SAB,93440,91790,91790,92870,86887.0390625,37320,3465908400
2019-03-20,SAB,93630,91750,91750,93440,87412.5546875,17820,1665100800
2019-03-21,SAB,94000,91980,93970,93400,87377.5390625,17670,1650378000
2019-03-22,SAB,94000,91750,91750,94000,87938.0859375,30810,2896140000
2019-03-25,SAB,93630,91750,93630,93170,87167.3203125,5640,525478800
2019-03-26,SAB,93970,92590,93170,93930,87868.03125,41590,3906548700
2019-03-27,SAB,94000,92610,93930,93930,87868.03125,12020,1129038600
2019-03-28,SAB,93930,92730,93930,93630,87587.7421875,8320,779001600
2019-03-29,SAB,94350,92500,94350,93520,87482.6328125,122590,11464616800
2019-04-01,SAB,93780,92690,93780,93520,87482.6328125,23050,2155636000
2019-04-02,SAB,94040,92130,94040,92130,86186.3359375,21890,2016725700
2019-04-03,SAB,93100,91900,93100,92460,86501.6484375,1200,110952000
2019-04-04,SAB,93930,92160,93550,93550,87517.6796875,38740,3624127000
2019-04-05,SAB,93890,92550,92550,92870,86887.0390625,13040,1211024800
2019-04-08,SAB,93590,92870,93590,93400,87377.5390625,2390,223226000
2019-04-09,SAB,93400,91790,92350,91790,85871.0234375,22770,2090058300
2019-04-10,SAB,93250,89920,93250,92500,86536.6875,39630,3665775000
2019-04-11,SAB,93550,90330,92500,92690,86711.859375,32940,3053208600
2019-04-12,SAB,93080,91450,92690,91450,85555.6953125,5890,538640500
2019-04-16,SAB,92500,90330,91450,92200,86256.4140625,13250,1221650000
2019-04-17,SAB,92690,91410,91410,92430,86466.609375,12340,1140586200
2019-04-18,SAB,92500,86510,92390,86510,80931.078125,41150,3559886500
2019-04-19,SAB,91010,88800,91010,90060,84259.40625,8170,735790200
2019-04-22,SAB,91010,88580,90060,91010,85135.265625,18000,1638180000
2019-04-23,SAB,90630,89320,89880,90060,84259.40625,23410,2108304600
2019-04-24,SAB,90630,89580,90260,89880,84084.2265625,49760,4472428800
2019-04-25,SAB,89920,88580,89920,89520,83733.875,43550,3898596000
2019-04-26,SAB,90630,88040,88760,89580,83803.9453125,27270,2442846600
2019-05-02,SAB,91390,89580,89580,91270,85380.53125,48200,4399214000
2019-05-03,SAB,91320,89780,91270,91270,85380.53125,80940,7387393800
2019-05-06,SAB,91200,89260,91200,90060,84259.40625,20240,1822814400
2019-05-07,SAB,91010,89580,89580,90480,84644.78125,7320,662313600
2019-05-08,SAB,91010,89880,89880,90710,84855.0,28490,2584327900
2019-05-09,SAB,92460,89700,89700,92130,86186.3359375,20630,1900641900
2019-05-10,SAB,93400,91010,92500,92870,86887.0390625,23230,2157370100
2019-05-13,SAB,94380,92870,93440,92870,86887.0390625,15300,1420911000
2019-05-14,SAB,97000,91790,92870,94750,88638.7890625,15220,1442095000
2019-05-15,SAB,96470,94380,94380,94750,88638.7890625,108360,10267110000
2019-05-16,SAB,95320,91750,95130,91750,85835.9765625,20320,1864360000
2019-05-17,SAB,96610,92690,95460,96260,90040.1875,31530,3035077800
2019-05-20,SAB,99250,94380,96260,98500,92142.3046875,30630,3017055000
2019-05-21,SAB,98860,97490,97930,98750,92387.5546875,17760,1753800000
2019-05-22,SAB,98750,97630,98750,98750,92387.5546875,24670,2436162500
2019-05-23,SAB,98750,97360,98750,97780,91476.640625,14780,1445188400
2019-05-24,SAB,98840,97410,97410,97820,91511.6640625,37100,3629122000
2019-05-27,SAB,99250,97360,98790,99250,92843.0078125,20920,2076310000
2019-05-28,SAB,99250,97360,99250,97360,91091.2578125,28730,2797152800
2019-05-29,SAB,98500,96970,97360,97490,91196.3515625,13900,1355111000
2019-05-30,SAB,100000,95880,98110,98700,92317.484375,21680,2139816000
2019-05-31,SAB,100000,97410,98650,100000,93543.703125,8830,883000000
2019-06-03,SAB,102620,96260,98700,101110,94594.765625,98360,9945179600
2019-06-04,SAB,102230,99300,99300,102230,95645.8125,30160,3083256800
2019-06-05,SAB,104860,100560,101140,102620,95996.1640625,28210,2894910200
2019-06-06,SAB,102990,100360,102620,102620,95996.1640625,35900,3684058000
2019-06-07,SAB,103560,100890,102650,103520,96836.9921875,40580,4200841600
2019-06-10,SAB,105580,103370,103520,105540,98728.8984375,105770,11162965800
2019-06-11,SAB,104860,103370,104860,103370,96696.859375,45180,4670256600
2019-06-12,SAB,103370,100000,103370,102620,95996.1640625,77400,7942788000
2019-06-13,SAB,102800,101490,102620,102620,95996.1640625,12580,1290959600
2019-06-14,SAB,102620,99960,99960,102230,95645.8125,13550,1385216500
2019-06-17,SAB,102230,100000,102230,102230,95645.8125,37450,3828513500
2019-06-18,SAB,102230,99810,102230,102230,95645.8125,4510,461057300
2019-06-19,SAB,103170,101570,103170,103170,96521.6796875,19130,1973642100
2019-06-20,SAB,106170,100750,100750,102990,96346.5,76630,7892123700
2019-06-21,SAB,105200,102990,104110,104110,97397.5703125,9220,959894200
2019-06-24,SAB,105240,104110,104110,105240,98448.609375,16480,1734355200
2019-06-25,SAB,105540,104110,105240,105540,98728.8984375,39550,4174107000
2019-06-26,SAB,106740,103370,103370,105620,98798.9609375,15730,1661402600
2019-06-27,SAB,105620,101860,104940,101860,95295.46875,39120,3984763200
2019-06-28,SAB,104860,101140,102230,102990,96346.5,22590,2326544100
2019-07-01,SAB,104480,103410,104450,104090,97362.53125,17170,1787225300
2019-07-02,SAB,104790,103030,104110,103070,96416.59375,9480,977103600
2019-07-03,SAB,103730,102990,103070,103370,96696.859375,27280,2819933600
2019-07-04,SAB,104480,102990,103370,104480,96696.859375,31530,3294254400
2019-07-05,SAB,104860,103370,104480,104860,96696.859375,21150,2217789000
2019-07-08,SAB,105540,103780,104860,105240,96696.859375,70050,7372062000
2019-07-09,SAB,105240,103730,104110,105240,96696.859375,65350,6877434000
2019-07-10,SAB,107440,104860,105240,106740,96696.859375,28070,2996191800
2019-07-11,SAB,107490,105660,106740,107100,96696.859375,37210,3985191000
2019-07-12,SAB,108990,107100,107100,108240,96696.859375,20990,2271957600
2019-07-15,SAB,108570,105620,107100,105620,96696.859375,37440,3954412800
2019-07-16,SAB,106740,105620,106740,106740,99850.015625,7260,774932400
2019-07-17,SAB,107490,105800,106740,107100,100200.3671875,43080,4613868000
2019-07-18,SAB,107100,105240,106350,106350,99499.671875,45670,4857004500
2019-07-19,SAB,106740,103780,106740,103780,97082.25,20120,2088053600
2019-07-22,SAB,105240,103560,103780,103830,97117.2734375,28670,2976806100
2019-07-23,SAB,104860,103830,103830,103860,97152.3125,6900,716634000
2019-07-24,SAB,105240,103370,103860,103920,97222.375,55700,5788344000
2019-07-25,SAB,105990,103920,103920,105990,97222.375,20380,2160076200
2019-07-26,SAB,106550,103830,106550,104450,97222.375,15060,1573017000
2019-07-29,SAB,105620,104110,104450,104110,97222.375,30020,3125382200
2019-07-30,SAB,105580,104310,105580,105240,97222.375,27200,2862528000
2019-07-31,SAB,105620,104480,104860,104480,97747.9140625,46980,4908470400
2019-08-01,SAB,105420,103650,105390,105420,98623.796875,16600,1749972000
2019-08-02,SAB,105240,104110,104180,104860,98098.28125,33700,3533782000
2019-08-05,SAB,105580,103860,103860,104940,98168.3515625,13480,1414591200
2019-08-06,SAB,105510,103630,103630,104580,98168.3515625,15520,1623081600
2019-08-07,SAB,104860,102620,103630,104860,98098.28125,69110,7246874600
2019-08-08,SAB,104860,102650,104860,104860,98098.28125,61830,6483493800
2019-08-09,SAB,105620,103070,103630,103250,98098.28125,7790,804317500
2019-08-12,SAB,104670,102770,104670,102770,96136.3125,6910,710140700
2019-08-13,SAB,105240,102850,104860,103730,97047.21875,35660,3699011800
2019-08-14,SAB,104410,103370,103830,103730,97047.21875,29000,3008170000
2019-08-15,SAB,106740,103170,103730,106740,99850.015625,15480,1652335200
2019-08-16,SAB,105240,103370,105240,103370,99850.015625,78780,8143488600
2019-08-19,SAB,104580,103170,104580,103560,96872.046875,5550,574758000
2019-08-20,SAB,104310,103030,104110,103560,96872.046875,21680,2245180800
2019-08-21,SAB,104110,102800,104110,104090,97362.53125,8310,864987900
2019-08-22,SAB,104630,103370,104110,103370,96696.859375,18250,1886502500
2019-08-23,SAB,104310,103220,103560,103220,96556.734375,35980,3713855600
2019-08-26,SAB,103370,102280,103370,102390,95785.9375,50520,5172742800
2019-08-27,SAB,102620,101140,102390,101140,94629.7890625,58130,5879268200
2019-08-28,SAB,103250,101090,101090,101860,95295.46875,3430,349379800
2019-08-29,SAB,102800,102060,102060,102230,95645.8125,36440,3725261200
2019-08-30,SAB,103290,101860,102060,102230,95645.8125,27590,2820525700
2019-09-03,SAB,102230,101530,102230,102020,95435.6015625,4730,482554600
2019-09-04,SAB,102800,98700,102020,98700,92317.484375,65880,6502356000
2019-09-05,SAB,100940,99250,99250,100190,93726.890625,20760,2079944400
2019-09-06,SAB,100570,99650,99650,100190,93726.890625,8150,816548500
2019-09-09,SAB,100900,100080,100900,100190,93726.890625,16570,1660148300
2019-09-10,SAB,100570,98700,100570,99060,92669.84375,7410,734034600
2019-09-11,SAB,100140,98700,99060,98860,92493.6484375,12590,1244647400
2019-09-12,SAB,98990,98310,98990,98380,92035.5859375,8240,810651200
2019-09-13,SAB,99440,98110,98380,99440,93022.1875,22160,2203590400
2019-09-16,SAB,100490,98110,98110,99440,93022.1875,3990,396765600
2019-09-17,SAB,100190,98380,100190,100140,93691.671875,2620,262366800
2019-09-18,SAB,100490,99650,100140,99920,93480.2578125,8270,826338400
2019-09-19,SAB,99920,98700,99810,99850,93409.7734375,23710,2367443500
2019-09-20,SAB,100900,99810,99920,100570,94079.265625,24960,2510227200
2019-09-23,SAB,101210,98710,101210,100050,93585.96875,5610,561280500
2019-09-24,SAB,101320,99060,99810,99060,92669.84375,21610,2140686600
2019-09-25,SAB,102830,99060,100640,99060,92669.84375,28430,2816275800
2019-09-26,SAB,102700,99060,99060,99250,92846.0078125,12700,1260475000
2019-09-27,SAB,100940,99250,100940,100370,93903.0859375,9830,986637100
2019-09-30,SAB,100570,99250,100570,99300,92881.2578125,8130,807309000
2019-10-01,SAB,99810,98700,99300,98700,92317.4765625,19770,1951299000
2019-10-02,SAB,99810,98700,99810,99770,93339.3046875,7540,752265800
2019-10-03,SAB,100010,98700,99770,98700,92317.4765625,7300,720510000
2019-10-04,SAB,99600,91790,98710,97170,90908.03125,17620,1712135400
2019-10-07,SAB,98700,96460,97170,97930,91612.765625,11360,1112484800
2019-10-08,SAB,98700,97350,98610,97350,91084.2265625,4820,469227000
2019-10-09,SAB,97710,96050,96840,96160,89956.6875,5760,553881600
2019-10-10,SAB,97070,96160,96160,96160,89956.6875,16570,1593371200
2019-10-11,SAB,97170,96050,96050,97070,90802.3515625,13760,1335683200
2019-10-14,SAB,97550,95690,95690,97350,91084.2265625,27180,2645973000
2019-10-15,SAB,97300,96350,97170,96720,90485.2265625,9930,960429600
2019-10-16,SAB,97550,96380,96380,96420,90203.3359375,11950,1152219000
2019-10-17,SAB,97550,95290,97170,95290,89146.2578125,28490,2714812100
2019-10-18,SAB,96810,94950,96240,94950,88829.15625,9610,912469500
2019-10-21,SAB,96050,92290,95290,92290,86327.421875,13700,1264373000
2019-10-22,SAB,94880,90770,90770,94880,88758.6796875,22480,2132902400
2019-10-23,SAB,95640,94350,94730,94910,88793.8984375,30060,2852994600
2019-10-24,SAB,95570,94580,95250,95290,89146.2578125,10090,961476100
2019-10-25,SAB,96960,95660,95660,96420,90203.3359375,45010,4339864200
2019-10-28,SAB,97930,96600,97930,96990,90731.859375,21110,2047458900
2019-10-29,SAB,98860,96990,97020,97930,91612.765625,55090,5394963700
2019-10-30,SAB,98700,97220,98700,98310,91965.1171875,23080,2268994800
2019-10-31,SAB,98790,98110,98310,98110,91788.9453125,26250,2575387500
2019-11-01,SAB,98650,97930,97930,97930,91612.765625,20980,2054571400
2019-11-04,SAB,98650,97930,98650,97930,91612.765625,14250,1395502500
2019-11-05,SAB,98380,97850,98310,97930,91612.765625,13210,1293655300
2019-11-06,SAB,98650,97600,98610,97930,91612.765625,18750,1836187500
2019-11-07,SAB,98750,97550,97930,97930,91612.765625,34130,3342350900
2019-11-08,SAB,98700,97930,98700,97930,91612.765625,41090,4023943700
2019-11-11,SAB,98700,95740,97930,96100,89886.2109375,21390,2055579000
2019-11-12,SAB,97170,96050,96420,96050,89850.96875,16160,1552168000
2019-11-13,SAB,96810,94350,96810,94910,88793.8984375,46510,4414264100
2019-11-14,SAB,96010,94350,94910,94910,88793.8984375,29190,2770422900
2019-11-15,SAB,95660,88290,94910,94910,88793.8984375,36340,3449029400
2019-11-18,SAB,96050,95290,95340,95290,89146.2578125,11910,1134903900
2019-11-19,SAB,96050,94540,94580,94540,88441.5546875,9030,853696200
2019-11-20,SAB,94540,92690,94540,92770,86785.46875,15580,1445356600
2019-11-21,SAB,94350,90770,93050,90770,84917.9921875,85540,7764465800
2019-11-22,SAB,92650,88140,92290,88510,82803.84375,54770,4847692700
2019-11-25,SAB,90350,87460,90350,87750,82099.140625,29020,2546505000
2019-11-26,SAB,90390,86630,90390,86630,81042.0625,92480,8011542400
2019-11-27,SAB,88140,86630,86630,86820,81218.2421875,53280,4625769600
2019-11-28,SAB,87940,86630,86820,86630,81042.0625,98060,8494937800
2019-11-29,SAB,87750,85120,86630,85120,79632.6328125,70110,5967763200
2019-12-02,SAB,86630,85120,85120,86250,80689.703125,22650,1953562500
2019-12-03,SAB,86820,85870,86630,86290,80689.703125,21660,1869041400
2019-12-04,SAB,87350,85910,85910,86890,80689.703125,32870,2856074300
2019-12-05,SAB,87490,87000,87210,87310,80689.703125,18480,1613488800
2019-12-06,SAB,88890,87210,87310,87750,82099.140625,33170,2910667500
2019-12-09,SAB,89450,88180,88490,88810,83085.7265625,38170,3389877700
2019-12-10,SAB,88850,87800,88810,87800,82134.375,26330,2311774000
2019-12-11,SAB,88810,87750,88510,87800,82134.375,7160,628648000
2019-12-12,SAB,89040,87850,88750,87850,82169.6015625,15830,1390665500
2019-12-13,SAB,88850,87850,88850,87850,82169.6015625,10640,934724000
2019-12-16,SAB,88510,87750,87850,87750,82099.140625,6630,581782500
2019-12-17,SAB,88600,87750,87880,87750,82099.140625,24430,2143732500
2019-12-18,SAB,88220,87580,87910,87750,82099.140625,35670,3130042500
2019-12-19,SAB,88510,87750,87990,87750,82099.140625,13440,1179360000
2019-12-20,SAB,88390,87800,88100,88180,82486.71875,51830,4570369400
2019-12-23,SAB,88750,88290,88510,88360,82662.8984375,21230,1875882800
2019-12-24,SAB,88550,87750,88390,87750,82099.140625,25400,2228850000
2019-12-25,SAB,88390,87580,87750,87580,81922.953125,54260,4752090800
2019-12-26,SAB,87940,87000,87390,87910,82240.0703125,24610,2163465100
2019-12-27,SAB,87910,86820,87910,86820,81218.2421875,36340,3155038800
2019-12-30,SAB,87580,84930,87580,86630,81042.0625,40760,3531038800
2019-12-31,SAB,86630,84390,86630,85870,80337.34375,42900,3683823000
2020-01-02,SAB,85870,84390,85870,84390,78927.9140625,28600,2413554000
2020-01-03,SAB,85500,84390,84390,84600,79139.3359375,17590,1488114000
2020-01-06,SAB,84560,83810,83990,84300,78857.453125,35850,3022155000
2020-01-07,SAB,84700,83850,83850,84390,78927.9140625,15580,1314796200
2020-01-08,SAB,84560,83850,84560,84080,78646.0390625,30610,2573688800
2020-01-09,SAB,85840,83240,83620,85500,79984.9921875,54030,4619565000
2020-01-10,SAB,88330,85500,85500,87940,82275.3203125,55770,4904413800
2020-01-13,SAB,88620,87940,87940,88100,82416.2578125,22590,1990179000
2020-01-14,SAB,88100,87390,87390,87750,82099.140625,9340,819585000
2020-01-15,SAB,88330,87750,87750,88140,82451.484375,22540,1986675600
2020-01-16,SAB,88490,87750,87750,87880,82204.8359375,9270,814647600
2020-01-17,SAB,88330,87750,87880,88330,82627.6875,12580,1111191400
2020-01-20,SAB,88890,87750,87750,88890,83156.2109375,17170,1526241300
2020-01-21,SAB,88890,87750,88890,87750,82099.140625,52160,4577040000
2020-01-22,SAB,88890,87040,87750,87580,81922.953125,11510,1008045800
2020-01-30,SAB,87160,82100,87160,82100,76813.78125,38140,3131294000
2020-01-31,SAB,84970,76840,79850,79850,74699.625,24730,1974690500
2020-02-03,SAB,79850,74290,74290,78690,73607.3515625,16880,1328287200
2020-02-04,SAB,78690,75340,78690,76460,71528.421875,167140,12779524400
2020-02-05,SAB,76460,73080,76460,73080,68357.21875,43870,3206019600
2020-02-06,SAB,74950,71300,73080,71560,66947.7890625,165080,11813124800
2020-02-07,SAB,74950,71940,72320,73440,68709.5703125,47950,3521448000
2020-02-10,SAB,74950,73440,74950,73440,68709.5703125,69570,5109220800
2020-02-11,SAB,73440,73080,73440,73080,68357.21875,26300,1922004000
2020-02-12,SAB,73790,71940,73790,71940,67300.1484375,57410,4130075400
2020-02-13,SAB,73590,72140,73590,73290,68556.4140625,76770,5626473300
2020-02-14,SAB,74050,72570,74020,72830,68125.703125,38650,2814879500
2020-02-17,SAB,72900,71360,72830,71360,66761.7421875,31460,2244985600
2020-02-18,SAB,70220,68300,70030,68300,63890.27734375,86320,5895656000
2020-02-19,SAB,69070,67150,67920,68300,63890.27734375,105560,7209748000
2020-02-20,SAB,69250,68650,69070,69070,64608.14453125,280190,19352723300
2020-02-21,SAB,69680,69070,69070,69300,64823.50390625,45380,3144834000
2020-02-24,SAB,69130,67950,69130,68300,63890.27734375,43780,2990174000
2020-02-25,SAB,69070,67690,69070,68300,63890.27734375,16230,1108509000
2020-02-26,SAB,68840,67610,68840,67920,63531.34375,79880,5425449600
2020-02-27,SAB,67980,66450,67920,66450,62167.38671875,46300,3076635000
2020-02-28,SAB,66110,62150,66110,62150,58147.3203125,76910,4779956500
2020-03-02,SAB,66370,62150,62150,65220,61018.796875,179490,11706337800
2020-03-03,SAB,66180,64860,66180,65220,61018.796875,129270,8430989400
2020-03-04,SAB,65379,64450,65220,64860,61018.796875,30310,1965906600
2020-03-05,SAB,65220,64860,64860,64860,60659.875,65380,4240546800
2020-03-06,SAB,64860,62150,64860,62380,58362.6796875,38170,2381044600
2020-03-09,SAB,61010,58060,58700,59590,55742.46875,107570,6410096300
2020-03-10,SAB,61360,57930,59590,59590,55742.46875,39620,2360955800
2020-03-11,SAB,61390,58330,59630,58330,54557.984375,73120,4265089600
2020-03-12,SAB,61360,54530,57290,55480,51901.87109375,38400,2130432000
2020-03-13,SAB,58700,52940,52940,55260,51686.515625,54560,3014985600
2020-03-16,SAB,57560,53340,54490,57560,53840.11328125,46800,2693808000
2020-03-17,SAB,57560,54110,54110,54120,50645.6015625,25320,1370318400
2020-03-18,SAB,55980,52180,54120,52180,48815.04296875,49230,2568821400
2020-03-19,SAB,52940,48730,50080,48730,45584.62890625,40740,1985260200
2020-03-20,SAB,50270,46100,48730,48350,45225.6953125,51940,2511299000
2020-03-23,SAB,48160,44970,46420,44970,42067.078125,38230,1719203100
2020-03-24,SAB,45960,42780,42990,44320,41456.890625,24520,1086726400
2020-03-25,SAB,47190,44480,44510,46050,43072.09375,137910,6350755500
2020-03-26,SAB,48580,46050,46620,47960,44866.765625,188080,9020316800
2020-03-27,SAB,50760,47960,47960,49710,46517.86328125,145570,7236284700
2020-03-30,SAB,49880,46280,49710,46470,43466.921875,24210,1125038700
2020-03-31,SAB,49450,46470,46470,47190,44148.90234375,19220,906991800
2020-04-01,SAB,49080,46280,46880,47230,44184.79296875,33750,1594012500
2020-04-03,SAB,49850,47960,49680,47960,44866.765625,67800,3251688000
2020-04-06,SAB,51220,48730,49500,50640,47379.30078125,85700,4339848000
2020-04-07,SAB,53340,50640,52940,52570,49173.96484375,67530,3550052100
2020-04-08,SAB,54680,52180,52940,52940,49532.90625,86700,4589898000
2020-04-09,SAB,56630,53720,53720,53720,50250.78125,236310,12694573200
2020-04-10,SAB,56370,53720,55330,54110,50609.703125,33310,1802404100
2020-04-13,SAB,55830,54110,54860,54110,50609.703125,40030,2166023300
2020-04-14,SAB,55930,54210,55930,55020,51471.1484375,54340,2989786800
2020-04-15,SAB,58850,55060,55060,58700,54916.92578125,210030,12328761000
2020-04-16,SAB,62620,58700,58700,60470,56568.015625,158280,9571191600
2020-04-17,SAB,64450,63310,64269,63470,59367.69921875,128300,8143201000
2020-04-20,SAB,67880,64489,65990,67880,63495.4375,108760,7382628800
2020-04-21,SAB,72590,65220,67880,65220,61018.796875,204650,13347273000
2020-04-22,SAB,67150,61320,63310,67150,62813.48046875,103890,6976213500
2020-04-23,SAB,71720,68560,71720,69300,64823.50390625,119240,8263332000
2020-04-24,SAB,70990,67220,69300,69070,64608.14453125,77880,5379171600
2020-04-27,SAB,69070,67150,69070,69070,64608.14453125,81050,5598123500
2020-04-28,SAB,69030,65220,67520,65220,61018.796875,73210,4774756200
2020-04-29,SAB,67150,62550,62550,62550,61018.796875,146240,9147312000
2020-05-04,SAB,62740,59470,62550,59470,55634.78125,198030,11776844100
2020-05-05,SAB,59470,57900,59470,58210,54450.30859375,117620,6846660200
2020-05-06,SAB,62090,58330,62090,60620,56711.59375,86530,5245448600
2020-05-07,SAB,64860,61390,62110,64860,60659.875,63680,4130284800
2020-05-08,SAB,69070,65220,65220,65990,61736.671875,245530,16202524700
2020-05-11,SAB,67520,64860,66410,66410,62131.5,111670,7416004700
2020-05-12,SAB,67180,66370,66500,66580,62275.0703125,59110,3935543800
2020-05-13,SAB,66760,63690,64450,65990,61736.671875,115740,7637682600
2020-05-14,SAB,66370,65610,65990,66080,61808.44921875,45790,3025803200
2020-05-15,SAB,67150,66080,66080,66080,61808.44921875,58620,3873609600
2020-05-18,SAB,66760,66110,66760,66370,61808.44921875,111480,7398927600
2020-05-19,SAB,67920,65990,67150,65990,63531.34375,181100,11950789000
2020-05-20,SAB,67150,66180,67150,66180,63531.34375,60740,4019773200
2020-05-21,SAB,68300,66370,68300,67520,63172.3984375,128710,8690499200
2020-05-22,SAB,67520,66370,67520,66760,62454.54296875,45220,3018887200
2020-05-25,SAB,67570,66370,66760,67150,62813.48046875,59220,3976623000
2020-05-26,SAB,68690,66950,67180,67260,64249.203125,97860,6582063600
2020-05-27,SAB,67520,67150,67370,67220,62885.2578125,72140,4849250800
2020-05-28,SAB,67980,66370,67720,67220,62885.2578125,73990,4973607800
2020-05-29,SAB,67920,66760,67060,67690,63315.984375,61380,4154812200
2020-06-01,SAB,69830,67260,67690,68190,63782.59375,86810,5919573900
2020-06-02,SAB,72520,68190,68190,70220,65684.953125,144460,10143981200
2020-06-03,SAB,70990,69070,70410,69070,64608.14453125,54700,3778129000
2020-06-04,SAB,70220,68690,69760,68690,64249.203125,51660,3548525400
2020-06-05,SAB,69800,68690,68690,68690,64249.203125,26270,1804486300
2020-06-08,SAB,70410,68690,68690,69830,64249.203125,98910,6906885300
2020-06-09,SAB,70100,68300,70100,68560,64249.203125,54360,3726921600
2020-06-10,SAB,69070,68100,68560,68300,63890.27734375,44990,3072817000
2020-06-11,SAB,69250,67920,68300,67920,63531.34375,61230,4158741600
2020-06-12,SAB,68220,65640,66760,65990,61736.671875,95400,6295446000
2020-06-15,SAB,67150,63510,65990,63690,59583.0703125,39640,2524671600
2020-06-16,SAB,66340,63690,64640,63730,59618.953125,62570,3987586100
2020-06-17,SAB,66680,63730,66680,63730,59618.953125,37500,2389875000
2020-06-18,SAB,65000,63690,63730,63820,59690.74609375,24530,1565504600
2020-06-19,SAB,64860,63820,63820,63820,59690.74609375,26650,1700803000
2020-06-22,SAB,64860,63690,64860,63690,59583.0703125,52660,3353915400
2020-06-23,SAB,64110,62920,63310,62920,58865.1875,38700,2435004000
2020-06-24,SAB,63690,61390,63310,61390,57429.4609375,82380,5057308200
2020-06-25,SAB,62920,61010,61390,61390,57429.4609375,56510,3469148900
2020-06-26,SAB,63420,61390,61390,63240,59152.33984375,78810,4983944400
2020-06-29,SAB,62920,61580,61790,61580,57608.92578125,59040,3635683200
2020-06-30,SAB,62920,60240,61580,60240,56352.65234375,62530,3766807200
2020-07-01,SAB,63310,59860,59860,62550,58506.2578125,58620,3666681000
2020-07-02,SAB,64080,62340,62550,64040,59906.10546875,46960,3007318400
2020-07-03,SAB,67490,63310,64450,67150,62813.48046875,200340,13452831000
2020-07-06,SAB,69830,68220,68220,69250,64787.61328125,146350,10134737500
2020-07-07,SAB,72360,70220,70410,71020,66438.7109375,244640,17374332800
2020-07-08,SAB,74330,69600,70990,74050,69274.28125,357430,26467691500
2020-07-09,SAB,79230,74780,74780,78650,73581.4765625,285960,22490754000
2020-07-10,SAB,82870,78280,78650,79040,73581.4765625,190990,15095849600
2020-07-13,SAB,80510,76740,79040,76740,71786.828125,150810,11573159400
2020-07-14,SAB,76550,73290,75590,74820,69992.1484375,180690,13519225800
2020-07-15,SAB,77500,73480,75010,73480,69992.1484375,258700,19009276000
2020-07-16,SAB,74050,72900,73290,74050,69274.28125,358550,26550627500
2020-07-17,SAB,75590,73480,75590,73660,68915.3671875,89590,6599199400
2020-07-20,SAB,74430,73100,74090,73290,68556.4140625,129850,9516706500
2020-07-21,SAB,74600,72900,73120,73010,68305.15625,73700,5380837000
2020-07-22,SAB,74020,72930,73010,72930,68233.375,106850,7792570500
2020-07-23,SAB,72900,71830,72900,72060,67407.8359375,137160,9883749600
2020-07-24,SAB,71750,68710,71360,69480,65002.97265625,235580,16368098400
2020-07-27,SAB,67520,64640,66370,66370,62095.6015625,236260,15680576200
2020-07-28,SAB,70990,64450,66370,69070,64608.14453125,237000,16369590000
2020-07-29,SAB,70170,65610,67150,65610,61377.734375,219800,14421078000
2020-07-30,SAB,66950,64860,65610,65269,61054.69140625,81480,5318118120
2020-07-31,SAB,65990,63690,64860,64450,60300.92578125,201570,12991186500
2020-08-03,SAB,65960,64450,65140,64860,60659.875,163920,10631851200
2020-08-04,SAB,66340,64860,64860,65680,61449.51953125,242370,15918861600
2020-08-05,SAB,69460,65850,66760,67520,63172.3984375,298550,20158096000
2020-08-06,SAB,70410,67920,68650,70030,65505.48828125,213840,14975215200
2020-08-07,SAB,70790,69070,69830,70590,66043.890625,160550,11333224500
2020-08-10,SAB,71360,69030,70260,69030,64572.25390625,151620,10466328600
2020-08-11,SAB,69410,67950,69030,68480,64069.74609375,147070,10071353600
2020-08-12,SAB,69250,68480,68480,68650,64213.296875,138750,9525187500
2020-08-13,SAB,70590,69330,69330,70220,65684.953125,72580,5096567600
2020-08-14,SAB,72480,69830,70220,70990,66402.828125,242070,17184549300
2020-08-17,SAB,70790,69300,70590,70530,65972.09375,91080,6423872400
2020-08-18,SAB,70590,69070,70590,69300,64823.50390625,67930,4707549000
2020-08-19,SAB,69940,69220,69300,69300,64823.50390625,76720,5316696000
2020-08-20,SAB,69830,68900,69300,68900,64464.5703125,117630,8104707000
2020-08-21,SAB,69800,68900,69070,68900,64464.5703125,110610,7621029000
2020-08-24,SAB,70590,69110,69110,70220,65684.953125,96690,6789571800
2020-08-25,SAB,72180,70220,70220,71550,66941.21875,134910,9652810500
2020-08-26,SAB,72140,70680,71750,70680,66115.65625,88320,6242457600
2020-08-27,SAB,71360,70220,70680,70220,65684.953125,76590,5378149800
2020-08-28,SAB,71360,69830,71180,69830,65325.9921875,97130,6782587900
2020-08-31,SAB,74020,70260,70950,73480,68735.875,271460,19946880800
2020-09-01,SAB,74430,72900,74430,72900,68197.4765625,131710,9601659000
2020-09-03,SAB,74700,73390,73620,74350,69561.421875,148770,11061049500
2020-09-04,SAB,75010,73530,73660,73740,68987.140625,140040,10326549600
2020-09-07,SAB,75210,73740,74430,73740,68987.140625,188280,13883767200
2020-09-08,SAB,74050,72900,73790,73360,68628.2109375,106590,7819442400
2020-09-09,SAB,73330,72140,73250,72900,68197.4765625,123070,8971803000
2020-09-10,SAB,73660,72520,73660,72520,67838.5390625,79060,5733431200
2020-09-11,SAB,73250,72140,72520,72140,67838.5390625,62980,4543377200
2020-09-14,SAB,72700,71750,72520,72210,67551.40625,49050,3541900500
2020-09-15,SAB,73290,72210,72520,72210,67551.40625,36360,2625555600
2020-09-16,SAB,73290,72210,73290,72210,67551.40625,43570,3146189700
2020-09-17,SAB,72860,72210,72210,72210,67551.40625,101220,7309096200
2020-09-18,SAB,73100,72210,72210,72430,67766.7578125,45640,3305705200
2020-09-21,SAB,73590,72630,72630,72900,68197.4765625,99530,7255737000
2020-09-22,SAB,73830,72520,73290,72520,67838.5390625,149610,10849717200
2020-09-23,SAB,73570,72700,73570,72900,68197.4765625,35640,2598156000
2020-09-24,SAB,73060,71750,72900,71750,67120.6875,70830,5082052500
2020-09-25,SAB,72320,71750,71830,71750,67120.6875,143900,10324825000
2020-09-28,SAB,72140,71750,71750,72140,67479.6171875,80960,5840454400
2020-09-29,SAB,72210,70990,72140,70990,66402.828125,132450,9402625500
2020-09-30,SAB,71180,69860,70990,70330,65792.6328125,149060,10483389800
2020-10-01,SAB,71020,70330,70330,70790,66223.34375,22330,1580740700
2020-10-02,SAB,70950,70410,70550,70790,66223.34375,45510,3221652900
2020-10-05,SAB,71360,70790,71360,70790,66223.34375,74270,5257573300
2020-10-06,SAB,71670,70840,71060,71480,66869.4296875,55370,3957847600
2020-10-07,SAB,72900,71360,71480,72900,68197.4765625,64920,4732668000
2020-10-08,SAB,72900,72140,72900,72140,67479.6171875,46140,3328539600
2020-10-09,SAB,74050,71980,72520,74050,69274.28125,120760,8942278000
2020-10-12,SAB,75120,72180,74430,72180,67515.5078125,237110,17114599800
2020-10-13,SAB,73250,70220,73250,70590,66043.890625,234100,16525119000
2020-10-14,SAB,75160,70590,70590,72900,68197.4765625,119830,8735607000
2020-10-15,SAB,73850,72320,73290,72900,68197.4765625,168860,12309894000
2020-10-16,SAB,73430,72320,73100,72320,67659.0859375,129690,9379180800
2020-10-19,SAB,72320,71790,72140,72020,67371.9375,125140,9012582800
2020-10-20,SAB,72020,70990,72020,71210,66618.1796875,153360,10920765600
2020-10-21,SAB,72520,71020,72520,71250,66654.0625,86940,6194475000
2020-10-22,SAB,71750,70850,71250,70990,66402.828125,34260,2432117400
2020-10-23,SAB,71550,70990,71180,71290,66689.9453125,179100,12768039000
2020-10-26,SAB,72320,70990,71360,70990,66402.828125,88480,6281195200
2020-10-27,SAB,71670,70850,70990,71020,66438.7109375,40620,2884832400
2020-10-28,SAB,71360,70590,70680,70790,66223.34375,106000,7503740000
2020-10-29,SAB,71290,70070,70070,70790,66223.34375,98050,6940959500
2020-10-30,SAB,71360,70630,70900,70710,66151.5546875,64260,4543824600
2020-11-02,SAB,71330,67520,70710,71180,66582.2890625,83850,5968443000
2020-11-03,SAB,71360,70590,71250,71180,66582.2890625,79990,5693688200
2020-11-04,SAB,71450,70950,71360,71180,66582.2890625,59300,4220974000
2020-11-05,SAB,71480,70790,70990,70790,66223.34375,45060,3189797400
2020-11-06,SAB,70990,70630,70990,70630,66079.78125,71100,5021793000
2020-11-09,SAB,71180,70410,71140,70500,65936.1953125,98730,6960465000
2020-11-10,SAB,71180,69830,71140,69830,65325.9921875,113900,7953637000
2020-11-11,SAB,70590,69720,70590,69760,65254.23046875,93800,6543488000
2020-11-12,SAB,70550,69760,69760,70370,65828.5,36230,2549505100
2020-11-13,SAB,70990,70220,70220,70990,66402.828125,42160,2992938400
2020-11-16,SAB,71750,69760,71360,69760,65254.23046875,203680,14208716800
2020-11-17,SAB,70630,69720,70630,69910,65397.7890625,185660,12979490600
2020-11-18,SAB,71180,69910,69910,70450,65900.296875,167810,11822214500
2020-11-19,SAB,74330,70590,70590,74330,69525.53125,224980,16722763400
2020-11-20,SAB,74050,72900,72900,73660,68915.3671875,152640,11243462400
2020-11-23,SAB,73830,72860,73660,73100,68376.953125,114550,8373605000
2020-11-24,SAB,73660,72360,73010,72590,67910.3359375,110210,8000143900
2020-11-25,SAB,74510,72590,72590,73740,68987.140625,194220,14321782800
2020-11-26,SAB,75210,74050,74050,74820,69992.1484375,252940,18924970800
2020-11-27,SAB,75390,74170,74820,74250,69453.7578125,62480,4639140000
2020-11-30,SAB,74830,73650,74830,74250,69453.75,189880,14098590000
2020-12-01,SAB,75020,73700,74160,75020,70179.1171875,107090,8033891800
2020-12-02,SAB,76450,74630,75020,76310,71375.9765625,179880,13726642800
2020-12-03,SAB,76260,75250,76260,75600,70723.140625,96410,7288596000
2020-12-04,SAB,79090,75600,75600,78310,73261.9140625,159810,12514721100
2020-12-07,SAB,80840,78310,78310,80250,75075.328125,76500,6139125000
2020-12-08,SAB,81040,79870,80280,79870,74712.6484375,122260,9764906200
2020-12-09,SAB,79480,77540,78750,77730,72717.890625,102350,7955665500
2020-12-10,SAB,78820,76800,78310,76800,71847.453125,61250,4704000000
2020-12-11,SAB,79360,76800,76800,79360,74241.171875,48840,3875942400
2020-12-14,SAB,79360,78710,79360,79090,73987.2890625,53970,4268487300
2020-12-15,SAB,79270,77000,79090,77140,72173.8671875,116620,8996066800
2020-12-16,SAB,78660,77140,77140,77190,72210.140625,29800,2300262000
2020-12-17,SAB,78310,71800,77540,76770,71811.1875,206620,15862217400
2020-12-18,SAB,78310,76170,76770,78240,73189.3828125,105530,8256667200
2020-12-21,SAB,78280,77190,78240,77540,72536.5625,47370,3673069800
2020-12-22,SAB,77430,76680,77350,77350,72536.5625,81000,6265350000
2020-12-23,SAB,77540,76380,77350,76380,71448.5078125,94860,7245406800
2020-12-24,SAB,77350,75600,76770,76770,71811.1875,71760,5509015200
2020-12-25,SAB,76950,75990,76950,76770,71811.1875,44010,3378647700
2020-12-28,SAB,77190,76170,76840,76420,71484.78125,111170,8495611400
2020-12-29,SAB,78310,76170,76420,77500,72500.28125,80630,6248825000
2020-12-30,SAB,78240,77080,77540,77540,72536.5625,97540,7563251600
2020-12-31,SAB,77820,75600,77540,75600,70723.140625,146100,11045160000
2021-01-04,SAB,77920,75680,76950,77310,72318.953125,159700,12346407000
2021-01-05,SAB,77380,76680,77310,77140,72173.8671875,123300,9511362000
2021-01-06,SAB,77000,75600,76610,76950,71992.53125,164600,12665970000
2021-01-07,SAB,77140,76030,76880,76680,71738.65625,129900,9960732000
2021-01-08,SAB,77500,76680,76680,76840,71883.7265625,152900,11748836000
2021-01-11,SAB,79480,76920,77140,78440,73370.71875,170700,13389708000
2021-01-12,SAB,79870,78510,79360,79670,74531.3046875,192900,15368343000
2021-01-13,SAB,81810,79870,80250,80280,75111.6015625,226400,18175392000
2021-01-14,SAB,81410,79480,81410,79480,74349.953125,155100,12327348000
2021-01-15,SAB,79630,77540,79480,77730,72717.890625,229500,17839035000
2021-01-18,SAB,77690,76450,77350,77690,72681.6328125,136900,10635761000
2021-01-19,SAB,77690,72510,77690,74830,69997.78125,134700,10079601000
2021-01-20,SAB,75480,73650,74830,75480,70614.3359375,226800,17118864000
2021-01-21,SAB,75710,74430,75710,75220,70360.46875,165200,12426344000
2021-01-22,SAB,75480,74790,75220,75220,70360.46875,131000,9853820000
2021-01-25,SAB,75840,74430,75220,75220,70360.46875,144200,10846724000
2021-01-26,SAB,75170,72110,75170,73650,68909.71875,227400,16748010000
2021-01-27,SAB,73610,70680,72310,72420,67749.1328125,227600,16482792000
2021-01-28,SAB,70250,67380,69790,67380,63034.26953125,284400,19162872000
2021-01-29,SAB,71260,62690,65900,62690,58645.8125,508600,31884134000
2021-02-01,SAB,67060,67060,67060,67060,62744.1171875,109000,7309540000
2021-02-02,SAB,69790,68820,69230,69400,64920.2265625,459900,31917060000
2021-02-03,SAB,69790,69020,69400,69400,64920.2265625,240500,16690700000
2021-02-04,SAB,71730,69400,69400,70590,66044.5390625,296100,20901699000
2021-02-05,SAB,70630,70330,70550,70530,65972.0,112500,7934625000
2021-02-08,SAB,71260,66680,71260,67460,63106.80078125,141100,9518606000
2021-02-09,SAB,70130,67460,67460,69850,63106.80078125,129900,9073515000
2021-02-17,SAB,70550,69790,69850,70330,65790.6484375,162000,11393460000
2021-02-18,SAB,74630,70170,70370,74630,69816.4296875,195500,14590165000
2021-02-19,SAB,74630,73280,74050,74340,69526.2890625,150200,11165868000
2021-02-22,SAB,74200,72930,72930,73650,68909.71875,101100,7446015000
2021-02-23,SAB,73650,71730,73650,72110,67459.0,224000,16152640000
2021-02-24,SAB,72890,71730,72890,71840,67205.1171875,58100,4173904000
2021-02-25,SAB,73280,71880,72110,72680,68003.0234375,92700,6737436000
2021-02-26,SAB,72890,71880,72110,72890,68184.3515625,62100,4526469000
2021-03-01,SAB,72930,71730,72890,72820,68111.8203125,111500,8119430000
2021-03-02,SAB,73100,70780,73100,72460,67782.765625,105500,7644530000
2021-03-03,SAB,72460,71320,72460,71450,66832.2109375,103200,7373640000
2021-03-04,SAB,71600,67610,71520,69570,65077.30859375,219900,15298443000
2021-03-05,SAB,69570,68590,69570,68980,64528.91796875,178600,12319828000
2021-03-08,SAB,69170,68000,68980,68400,63980.53125,203100,13892040000
2021-03-09,SAB,68590,67420,68590,67610,63249.30859375,167500,11324675000
2021-03-10,SAB,68000,67610,67610,67730,63358.9765625,182100,12333633000
2021-03-11,SAB,68980,68000,68780,68780,64346.10546875,193500,13308930000
2021-03-12,SAB,69570,68980,69460,69570,65077.30859375,65900,4584663000
2021-03-15,SAB,69640,68980,69570,69170,64711.72265625,114100,7892297000
2021-03-16,SAB,70660,69110,69170,70580,66027.8828125,91200,6436896000
2021-03-17,SAB,70580,69870,69950,70040,65516.03515625,93200,6527728000
2021-03-18,SAB,70660,70270,70350,70580,66027.8828125,66800,4714744000
2021-03-19,SAB,70350,69170,70350,70350,65808.53125,75100,5283285000
2021-03-22,SAB,70350,69250,70350,69950,65442.9296875,40700,2846965000
2021-03-23,SAB,69640,68510,68510,69570,65077.30859375,41900,2914983000
2021-03-24,SAB,69570,68270,68400,68590,64163.3203125,50400,3456936000
2021-03-25,SAB,69570,68000,69570,68400,63980.53125,146100,9993240000
2021-03-26,SAB,68400,67420,67890,67610,63249.30859375,108500,7335685000
2021-03-29,SAB,68000,67520,67610,67730,63358.9765625,102300,6928779000
2021-03-30,SAB,68590,67420,67610,68400,63980.53125,100000,6840000000
2021-03-31,SAB,70350,66830,68400,70350,65808.53125,168700,11868045000
2021-04-01,SAB,70350,69600,70350,69950,65442.9296875,177600,12423120000
2021-04-02,SAB,70350,69840,69950,70350,65808.53125,85600,6021960000
2021-04-05,SAB,73860,69950,73860,70150,65625.734375,285000,19992750000
2021-04-06,SAB,70350,68240,70150,69570,65077.30859375,172400,11993868000
2021-04-07,SAB,69570,68780,69570,69170,64711.72265625,127000,8784590000
2021-04-08,SAB,69170,67800,69170,68000,63614.91015625,147300,10016400000
2021-04-09,SAB,68510,68000,68320,68000,63614.91015625,183000,12444000000
2021-04-12,SAB,69370,68240,69370,68400,63980.53125,168100,11498040000
2021-04-13,SAB,68980,67650,68980,67760,63395.5390625,173200,11736032000
2021-04-14,SAB,67960,67180,67760,67490,63139.6171875,183300,12370917000
2021-04-15,SAB,68320,67020,67420,67100,62774.015625,159000,10668900000
2021-04-16,SAB,66830,65650,66830,66090,61823.4609375,165300,10924677000
2021-04-19,SAB,66430,64910,66050,66430,62152.49609375,153600,10203648000
2021-04-20,SAB,66870,66050,66530,66430,62152.49609375,186700,12402481000
2021-04-22,SAB,66640,65269,66430,65510,61275.046875,112600,7376426000
2021-04-23,SAB,66430,65190,65590,66430,62152.49609375,175900,11685037000
2021-04-26,SAB,67220,64300,67220,66430,62152.49609375,184400,12249692000
2021-04-27,SAB,66430,64629,66430,66350,62079.375,88700,5885245000
2021-04-28,SAB,66350,65140,66350,66350,62079.375,141900,9415065000
2021-04-29,SAB,66350,64569,66350,65310,61092.2421875,170100,11109231000
2021-05-04,SAB,65310,62920,65310,63010,58935.19140625,278200,17529382000
2021-05-05,SAB,63110,62570,63110,62690,58642.72265625,264400,16575236000
2021-05-06,SAB,62690,60420,62690,60970,57034.05078125,362700,22113819000
2021-05-07,SAB,61250,59400,60930,59790,55937.25390625,199900,11952021000
2021-05-10,SAB,59520,58630,58630,58810,55023.23828125,235200,13832112000
2021-05-11,SAB,62540,59010,59010,59480,55644.76953125,238100,14162188000
2021-05-12,SAB,59720,59010,59480,59280,55461.96875,91400,5418192000
2021-05-13,SAB,60650,58850,59220,60260,56375.96875,394900,23796674000
2021-05-14,SAB,61360,60190,60260,60530,56631.8828125,242500,14678525000
2021-05-17,SAB,60970,60390,60970,60390,56485.65625,214200,12935538000
2021-05-18,SAB,60580,59990,60390,60190,56302.83984375,248100,14933139000
2021-05-19,SAB,60260,59600,60190,59990,56120.04296875,180500,10828195000
2021-05-20,SAB,59990,59220,59990,59440,55608.19921875,122100,7257624000
2021-05-21,SAB,59400,58670,59010,58700,54913.5625,170500,10008350000
2021-05-24,SAB,60650,58740,59220,60150,56266.28515625,182600,10983390000
2021-05-25,SAB,61760,60610,60970,61710,57728.703125,174200,10749882000
2021-05-26,SAB,64209,60970,61670,64010,59885.76171875,160900,10299209000
2021-05-27,SAB,64099,62540,64010,63700,59593.2734375,229100,14593670000
2021-05-28,SAB,64010,62540,62540,63110,59044.8671875,186100,11744771000
2021-05-31,SAB,62730,60190,62140,60770,56851.25390625,169300,10288361000
2021-06-01,SAB,61050,59400,59870,60190,56302.83984375,127300,7662187000
2021-06-02,SAB,60190,59250,59520,59400,55571.64453125,149300,8868420000
2021-06-03,SAB,60190,59400,59400,60150,56266.28515625,207600,12487140000
2021-06-04,SAB,60850,59600,60850,60060,56193.16796875,197400,11855844000
2021-06-07,SAB,60970,59790,60060,60610,56705.01171875,163500,9909735000
2021-06-08,SAB,62610,60580,60930,61270,56705.01171875,312400,19140748000
2021-06-09,SAB,62540,60970,61800,61320,57363.09765625,94900,5819268000
2021-06-10,SAB,63520,61470,61470,62540,58496.45703125,690600,43190124000
2021-06-11,SAB,64440,62920,62920,64129,59995.44921875,359400,23047962600
2021-06-14,SAB,64879,64129,64129,64670,60507.2734375,138600,8963262000
2021-06-15,SAB,66640,63850,64300,65850,61604.09765625,268600,17687310000
2021-06-16,SAB,66050,64879,65650,66050,61786.890625,235800,15574590000
2021-06-17,SAB,65620,64670,64670,64879,60690.07421875,82700,5365493300
2021-06-18,SAB,67220,65080,65269,66910,62591.21484375,163800,10959858000
2021-06-21,SAB,67220,66050,67220,66430,62152.49609375,119200,7918456000
2021-06-22,SAB,67220,65310,67220,65310,61092.2421875,207400,13545294000
2021-06-23,SAB,66830,65310,65310,66530,62225.6171875,186000,12374580000
2021-06-24,SAB,67340,66430,66710,67180,62847.13671875,148100,9949358000
2021-06-25,SAB,67220,65850,67180,67180,62847.13671875,110700,7436826000
2021-06-28,SAB,67220,66430,67180,66870,62554.6640625,184300,12324141000
2021-06-29,SAB,66870,66250,66870,66290,62006.26171875,90800,6019132000
2021-06-30,SAB,66290,65650,66050,66090,61823.4609375,86800,5736612000
2021-07-01,SAB,66250,64989,66250,65550,61311.609375,157000,10291350000
2021-07-02,SAB,66160,64989,66160,66120,61860.01953125,104000,6876480000
2021-07-05,SAB,66430,64670,66430,65080,61860.01953125,64900,4223692000
2021-07-06,SAB,65120,64099,65080,64099,61860.01953125,45100,2890864900
2021-07-07,SAB,64170,62690,64099,63520,61860.01953125,249800,15867296000
2021-07-08,SAB,63610,62960,63010,63520,61860.01953125,265000,16832800000
2021-07-09,SAB,63700,62540,63700,62540,58496.45703125,58300,3646082000
2021-07-12,SAB,62540,60190,62540,62060,58496.45703125,105800,6565948000
2021-07-13,SAB,61940,61010,61760,61360,57399.65625,83700,5135832000
2021-07-14,SAB,63270,61360,61360,62540,57399.65625,158200,9893828000
2021-07-15,SAB,62490,60970,61760,62490,58459.90625,134400,8398656000
2021-07-16,SAB,62490,61760,62490,61760,58459.90625,83900,5181664000
2021-07-19,SAB,61360,59990,61360,60390,56485.65625,127000,7669530000
2021-07-20,SAB,61150,60190,60390,60570,56668.44921875,194300,11768751000
2021-07-21,SAB,61560,60970,61150,61280,57326.53125,110500,6771440000
2021-07-22,SAB,61150,60690,60770,61100,57143.73828125,109500,6690450000
2021-07-23,SAB,61710,60030,60970,60030,56156.609375,243800,14635314000
2021-07-26,SAB,60220,59790,60030,59990,56120.04296875,91000,5459090000
2021-07-27,SAB,62140,60190,60970,60390,56485.65625,74000,4468860000
2021-07-28,SAB,60970,60390,60460,60390,56485.65625,38500,2325015000
2021-07-29,SAB,61360,60430,60430,61360,57399.65625,104800,6430528000
2021-07-30,SAB,62540,60970,62300,62140,58130.87109375,501300,31150782000
2021-08-02,SAB,61670,60570,61670,60610,56705.01171875,234200,14194862000
2021-08-03,SAB,60970,60690,60970,60690,56778.1328125,121000,7343490000
2021-08-04,SAB,61760,60970,60970,61470,56778.1328125,50200,3085794000
2021-08-05,SAB,61360,60530,60770,60850,56924.37109375,165900,10095015000
2021-08-06,SAB,61400,60610,61400,60650,56741.5703125,100900,6119585000
2021-08-09,SAB,61360,60610,60650,60610,56705.01171875,149100,9036951000
2021-08-10,SAB,61280,60220,60650,60220,56705.01171875,294100,17710702000
2021-08-11,SAB,60690,60260,60570,60260,56375.96875,185900,11202334000
2021-08-12,SAB,60260,59830,60220,59830,55973.8125,212000,12683960000
2021-08-13,SAB,59830,59250,59830,59330,55498.52734375,181200,10750596000
2021-08-16,SAB,59600,59170,59330,59250,55425.39453125,198600,11767050000
2021-08-17,SAB,59250,56660,59250,56870,55425.39453125,558200,31744834000
2021-08-18,SAB,58230,56980,56980,57070,53378.0234375,344800,19677736000
2021-08-19,SAB,57860,56740,57260,57860,54109.23046875,473300,27385138000
2021-08-20,SAB,57720,55870,57720,55870,52281.21484375,347100,19392477000
2021-08-23,SAB,55870,54710,55870,54710,51184.40625,301500,16495065000
2021-08-24,SAB,55850,54630,55110,55640,52061.859375,194300,10810852000
2021-08-25,SAB,57760,55640,55640,57530,53816.75390625,240000,13807200000
2021-08-26,SAB,57810,57260,57480,57670,53962.9921875,144900,8356383000
2021-08-27,SAB,58230,56930,57580,58040,54292.03515625,137300,7968892000
2021-08-30,SAB,58420,57450,58040,57530,53816.75390625,117800,6777034000
2021-08-31,SAB,58620,57260,57530,58620,54840.4296875,162700,9537474000
2021-09-01,SAB,58510,57860,58510,58110,54365.15625,68500,3980535000
2021-09-06,SAB,58620,57640,57640,58320,54547.9609375,115800,6753456000
2021-09-07,SAB,58940,58040,58420,58110,54365.15625,128900,7490379000
2021-09-08,SAB,58590,57960,58150,58590,54365.15625,99900,5853141000
2021-09-09,SAB,58670,57880,58670,58150,54401.71484375,79700,4634555000
2021-09-10,SAB,59360,58110,58110,59170,55352.2734375,157900,9342943000
2021-09-13,SAB,63270,60770,61150,63110,59044.8671875,950000,59954500000
2021-09-14,SAB,66050,62740,63270,64879,60690.07421875,368000,23875472000
2021-09-15,SAB,64879,61940,64879,64879,60690.07421875,239700,15551496300
2021-09-16,SAB,63790,61940,63740,62920,58862.0625,200200,12596584000
2021-09-17,SAB,62920,61600,62540,62920,58862.0625,796700,50128364000
2021-09-20,SAB,63320,61860,63320,61860,57874.94140625,103500,6402510000
2021-09-21,SAB,62490,60970,61800,61760,57874.94140625,112100,6923296000
2021-09-22,SAB,62330,61760,61940,61760,57874.94140625,91500,5651040000
2021-09-23,SAB,62840,61710,62840,61840,57838.37109375,81000,5009040000
2021-09-24,SAB,62540,61840,62410,62540,58496.45703125,82100,5134534000
2021-09-27,SAB,62610,61670,62540,62140,58130.87109375,80500,5002270000
2021-09-28,SAB,61900,61360,61760,61400,57436.2109375,130500,8012700000
2021-09-29,SAB,61470,60220,61470,61280,57326.53125,124500,7629360000
2021-09-30,SAB,61360,61050,61150,61110,57180.29296875,80000,4888800000
2021-10-01,SAB,61150,60190,61150,60260,56375.96875,149400,9002844000
2021-10-04,SAB,62140,60260,60310,60570,56668.44921875,47900,2901303000
2021-10-05,SAB,62870,60610,61900,62740,58679.26171875,151600,9511384000
2021-10-06,SAB,62540,61520,62540,61900,58679.26171875,42300,2618370000
2021-10-07,SAB,62330,61470,62140,61990,57984.61328125,44000,2727560000
2021-10-08,SAB,63830,61560,61990,63580,57984.61328125,147700,9390766000
2021-10-11,SAB,64480,63580,63700,63700,57984.61328125,79200,5045040000
2021-10-12,SAB,64440,63320,64300,63700,59593.2734375,55700,3548090000
2021-10-13,SAB,64440,62840,64060,62920,58862.0625,157900,9935068000
2021-10-14,SAB,64440,62360,62920,62540,58862.0625,132300,8274042000
2021-10-15,SAB,63700,62610,62610,63610,59520.15625,52900,3364969000
2021-10-18,SAB,63320,62220,62920,62540,59520.15625,210800,13183432000
2021-10-19,SAB,62570,60970,62570,61940,57948.0625,248200,15373508000
2021-10-20,SAB,62640,60610,61940,60650,56741.5703125,403600,24478340000
2021-10-21,SAB,61940,59410,61050,59410,55571.64453125,224700,13349427000
2021-10-22,SAB,61150,60350,60390,61150,57216.859375,51800,3167570000
2021-10-25,SAB,61760,61150,61150,61250,57216.859375,40000,2450000000
2021-10-26,SAB,61710,60740,61330,60740,57216.859375,73200,4446168000
2021-10-27,SAB,62490,60970,61470,62490,57216.859375,120600,7536294000
2021-10-28,SAB,64410,62610,63320,64340,60178.23828125,205900,13247606000
2021-10-29,SAB,64340,62740,64340,62740,58679.26171875,222200,13940828000
2021-11-01,SAB,63700,62800,62800,63320,58679.26171875,135000,8548200000
2021-11-02,SAB,64670,63320,63610,64569,60507.2734375,126300,8155064700
2021-11-03,SAB,67520,64099,64569,67460,63103.0625,344200,23219732000
2021-11-04,SAB,67460,65510,66290,67150,62810.578125,106400,7144760000
2021-11-05,SAB,67220,65690,65690,67220,62883.69921875,103300,6943826000
2021-11-08,SAB,67960,66530,67220,67890,63505.2265625,139900,9497811000
2021-11-09,SAB,68000,66830,67770,68000,63614.91015625,62700,4263600000
2021-11-10,SAB,68000,66830,68000,68000,63614.91015625,37600,2556800000
2021-11-11,SAB,68360,67220,67930,67220,62883.69921875,56300,3784486000
2021-11-12,SAB,67960,67180,67220,67220,62883.69921875,35800,2406476000
2021-11-15,SAB,67610,66430,67180,66430,62152.49609375,29300,1946399000
2021-11-16,SAB,66830,65069,66830,66670,62371.8515625,47000,3133490000
2021-11-17,SAB,66710,66050,66710,66640,62335.296875,44500,2965480000
2021-11-18,SAB,66790,65740,66790,65740,61494.41796875,103400,6797516000
2021-11-19,SAB,66120,65280,65740,65310,61092.2421875,42100,2749551000
2021-11-22,SAB,66350,64099,65280,65650,61421.28515625,155100,10182315000
2021-11-23,SAB,66350,65379,65690,65650,61421.28515625,30600,2008890000
2021-11-24,SAB,66050,64129,65650,65650,61421.28515625,108200,7103330000
2021-11-25,SAB,65650,64480,65650,64480,60324.48828125,100600,6486688000
2021-11-26,SAB,64720,62540,64720,62610,58569.5859375,211800,13260798000
2021-11-29,SAB,62540,61010,62540,61010,57070.62109375,184300,11244143000
2021-11-30,SAB,62540,60190,61100,60190,56302.83984375,359300,21626267000
2021-12-01,SAB,61760,60430,61760,61150,57216.859375,52000,3179800000
2021-12-02,SAB,62540,61150,61150,62140,58130.87109375,206600,12838124000
2021-12-03,SAB,62140,61360,62140,61360,57399.65625,102100,6264856000
2021-12-06,SAB,61280,59250,61280,59250,55425.39453125,121600,7204800000
2021-12-07,SAB,60390,59330,59330,59790,55937.25390625,196400,11742756000
2021-12-08,SAB,60030,59680,59830,59740,55900.6796875,144500,8632430000
2021-12-09,SAB,60260,59570,59790,59600,55754.44140625,207900,12390840000
2021-12-10,SAB,60190,59360,59600,59520,55681.3203125,150200,8939904000
2021-12-13,SAB,59910,59520,59790,59520,55681.3203125,175100,10421952000
2021-12-14,SAB,60190,59410,59520,59720,55864.12890625,126400,7548608000
2021-12-15,SAB,59790,59480,59790,59600,55754.44140625,78900,4702440000
2021-12-16,SAB,59680,58850,59520,59010,55206.03515625,90400,5334504000
2021-12-17,SAB,59130,58620,59010,58620,54840.4296875,189300,11096766000
2021-12-20,SAB,58670,58150,58670,58230,54474.8359375,117100,6818733000
2021-12-21,SAB,58510,58150,58230,58190,54438.2734375,122000,7099180000
2021-12-22,SAB,58230,57640,58230,57670,53962.9921875,129400,7462498000
2021-12-23,SAB,57670,57380,57580,57410,53707.06640625,142700,8192407000
2021-12-24,SAB,58150,57150,57260,57450,53743.625,137800,7916610000
2021-12-27,SAB,59010,57530,57580,57810,54072.66796875,78300,4526523000
2021-12-28,SAB,58420,57640,58420,57960,54218.91796875,102000,5911920000
2021-12-29,SAB,57960,57720,57960,57960,54218.91796875,50300,2915388000
2021-12-30,SAB,58230,58040,58230,58190,54438.2734375,82100,4777399000
2021-12-31,SAB,62170,58190,58190,59010,55206.03515625,276600,16322166000
2022-01-04,SAB,61560,59410,59410,61360,57399.65625,395300,24255608000
2022-01-05,SAB,62410,61760,61760,62270,58240.54296875,322300,20069621000
2022-01-06,SAB,62220,60970,62140,61200,57253.4140625,75300,4608360000
2022-01-07,SAB,61250,60210,61250,60650,56734.9453125,114100,6920165000
2022-01-10,SAB,61010,59810,61010,60210,56290.546875,167200,10067112000
2022-01-11,SAB,60560,59580,60180,60520,56623.8515625,129700,7849444000
2022-01-12,SAB,60520,59740,60490,60490,56586.82421875,163300,9878017000
2022-01-13,SAB,60610,59760,60560,59760,55920.21875,120000,7171200000
2022-01-14,SAB,60210,59380,59380,60130,56253.51171875,80400,4834452000
2022-01-17,SAB,61330,58980,60180,59380,55549.8828125,185000,10985300000
2022-01-18,SAB,60520,59420,59420,59760,55920.21875,269400,16099344000
2022-01-19,SAB,60180,58980,60180,59380,55549.8828125,111500,6620870000
2022-01-20,SAB,60800,57950,58380,59380,55549.8828125,238100,14138378000
2022-01-21,SAB,60130,57400,60130,58590,54809.22265625,108700,6368733000
2022-01-24,SAB,58700,57200,58700,57400,53698.2265625,161600,9275840000
2022-01-25,SAB,58800,56580,57360,57400,53698.2265625,155900,8948660000
2022-01-26,SAB,57400,56610,57400,56900,53216.79296875,130100,7402690000
2022-01-27,SAB,58950,57000,57400,58900,55105.48828125,157500,9276750000
2022-01-28,SAB,59300,58230,58900,58860,55068.44921875,164800,9700128000
2022-02-07,SAB,61370,59190,59190,60210,56327.5859375,75700,4557897000
2022-02-08,SAB,61280,60130,60760,61280,57327.484375,123100,7543568000
2022-02-09,SAB,61280,59760,61110,60890,56957.16015625,75900,4621551000
2022-02-10,SAB,62150,59890,61280,62150,58142.22265625,208500,12958275000
2022-02-11,SAB,63180,61560,62190,63180,59105.08203125,223800,14139684000
2022-02-14,SAB,66460,61430,61430,66460,62178.83203125,342500,22762550000
2022-02-15,SAB,67460,66080,66420,67300,62178.83203125,430400,28965920000
2022-02-16,SAB,67420,65319,67420,66660,62364.00390625,107500,7165950000
2022-02-17,SAB,68170,66320,66460,67490,63141.71484375,311500,21023135000
2022-02-18,SAB,67260,66030,66510,67050,62734.34375,189100,12679155000
2022-02-21,SAB,67300,66110,66900,67140,62808.390625,105500,7083270000
2022-02-22,SAB,66860,63340,66860,66660,62364.00390625,118400,7892544000
2022-02-23,SAB,67460,66550,66550,67220,62882.47265625,150800,10136776000
2022-02-24,SAB,67460,65519,65760,67180,62845.4375,162700,10930186000
2022-02-25,SAB,67300,66510,66990,67140,62808.390625,88000,5908320000
2022-02-28,SAB,67260,65950,66900,67220,62882.47265625,70600,4745732000
2022-03-01,SAB,67220,66320,67220,66510,62215.875,42900,2853279000
2022-03-02,SAB,67490,66320,66700,67490,63150.046875,93200,6290068000
2022-03-03,SAB,67470,66740,67310,66740,62440.078125,23700,1581738000
2022-03-04,SAB,66320,63900,66320,63900,59787.015625,111700,7137630000
2022-03-07,SAB,63870,61150,62910,61760,57769.21875,286000,17663360000
2022-03-08,SAB,62150,61190,61240,62150,58142.88671875,96800,6016120000
2022-03-09,SAB,64310,61520,61800,61910,57918.67578125,178800,11069508000
2022-03-10,SAB,63520,61910,61910,62720,58666.015625,143000,8968960000
2022-03-11,SAB,63430,61390,63430,61520,57545.0078125,133700,8225224000
2022-03-14,SAB,61860,60320,61110,61520,57545.0078125,154500,9504840000
2022-03-15,SAB,61520,60110,61520,60440,56536.10546875,138100,8346764000
2022-03-16,SAB,61560,60200,60510,61520,57545.0078125,143000,8797360000
2022-03-17,SAB,61520,60800,61520,61520,57545.0078125,41700,2565384000
2022-03-18,SAB,61860,60510,61800,60510,56610.84375,240200,14534502000
2022-03-21,SAB,61470,60760,61470,60800,56872.40625,66500,4043200000
2022-03-22,SAB,61670,61040,61430,61520,57545.0078125,117300,7216296000
2022-03-23,SAB,63900,61090,61520,62910,58852.8515625,145400,9147114000
2022-03-24,SAB,63070,61910,63040,63040,58964.95703125,95200,6001408000
2022-03-25,SAB,63100,62280,63100,62910,58852.8515625,122600,7712766000
2022-03-28,SAB,63150,61520,63150,62950,58890.22265625,78100,4916395000
2022-03-29,SAB,63480,62040,62950,63100,59039.69140625,167300,10556630000
2022-03-30,SAB,63100,62480,63100,63070,59002.3203125,159900,10084893000
2022-03-31,SAB,63520,62860,63070,63520,59413.359375,196900,12507088000
2022-04-01,SAB,66320,63550,64110,66030,61767.4765625,350200,23123706000
2022-04-04,SAB,66830,66110,66630,66510,62215.875,221400,14725314000
2022-04-05,SAB,66700,66320,66510,66390,62103.7734375,69400,4607466000
2022-04-06,SAB,67980,65140,66320,67710,63336.88671875,296600,20082786000
2022-04-07,SAB,67430,66510,67430,66510,62215.875,89600,5959296000
2022-04-08,SAB,66350,64560,64560,65600,61356.4375,145200,9525120000
2022-04-12,SAB,66700,65230,65560,65230,61020.140625,111700,7286191000
2022-04-13,SAB,65900,64790,65280,65310,61094.859375,132800,8673168000
2022-04-14,SAB,66700,64560,65470,66660,62365.3359375,100300,6685998000
2022-04-15,SAB,68220,66320,66320,67350,63000.58203125,220100,14823735000
2022-04-18,SAB,69110,67100,67260,67910,63523.72265625,779800,52956218000
2022-04-19,SAB,68310,66320,67910,67470,63112.6875,319300,21543171000
2022-04-20,SAB,69070,66700,67470,68710,64271.0546875,322500,22158975000
2022-04-21,SAB,68630,66660,67950,67790,63411.6171875,501700,34010243000
2022-04-22,SAB,72460,63070,67740,68030,63635.828125,373000,25375190000
2022-04-25,SAB,67590,63270,67590,63270,59189.16015625,258900,16380603000
2022-04-26,SAB,67630,60320,60320,67490,63150.046875,440300,29715847000
2022-04-27,SAB,67490,64840,66910,67490,63150.046875,146500,9887285000
2022-04-28,SAB,66700,65190,65950,65900,61655.37109375,43700,2879830000
2022-04-29,SAB,66320,63900,65660,64750,60571.734375,161500,10457125000
2022-05-04,SAB,65519,63840,63840,65310,61094.859375,75900,4957029000
2022-05-05,SAB,67670,64390,65310,67670,63299.515625,112300,7599341000
2022-05-06,SAB,67630,65900,66320,66910,62589.54296875,155000,10371050000
2022-05-09,SAB,66700,63900,65230,63950,59824.39453125,186100,11901095000
2022-05-10,SAB,65900,62720,62830,65860,61618.0078125,147000,9681420000
2022-05-11,SAB,66030,64709,65840,65310,61094.859375,159400,10410414000
2022-05-12,SAB,66550,64670,65310,65860,61618.0078125,239400,15766884000
2022-05-13,SAB,65900,61470,65519,64989,60795.94140625,331600,21550352400
2022-05-16,SAB,64670,61710,63520,63040,58964.95703125,99700,6285088000
2022-05-17,SAB,66110,61110,61430,66110,61842.1953125,172300,11390753000
2022-05-18,SAB,65030,63520,64709,64510,60347.53125,155400,10024854000
2022-05-19,SAB,65069,62320,62320,65069,60870.6640625,138600,9018563400
2022-05-20,SAB,64190,62320,63240,62510,58479.1875,166700,10420417000
2022-05-23,SAB,63100,61520,62560,61560,57582.38671875,96400,5934384000
2022-05-24,SAB,61910,61110,61560,61520,57545.0078125,178100,10956712000
2022-05-25,SAB,62150,61150,61520,61520,57545.0078125,196200,12070224000
2022-05-26,SAB,62190,60920,61520,61110,57171.34765625,227400,13896414000
2022-05-27,SAB,61800,61000,61150,61520,57545.0078125,228700,14069624000
2022-05-30,SAB,61860,61000,61520,61270,57320.8125,140900,8632943000
2022-05-31,SAB,61800,60680,61270,61320,57358.17578125,170900,10479588000
2022-06-01,SAB,61710,60950,60950,61150,57208.70703125,359100,21958965000
2022-06-02,SAB,61520,60950,61150,61110,57208.70703125,114900,7021539000
2022-06-03,SAB,62620,61110,61110,62000,57993.41796875,258700,16039400000
2022-06-06,SAB,63480,61910,61910,63320,59226.51953125,221300,14012716000
2022-06-07,SAB,63870,62670,63070,63870,59749.66015625,137700,8794899000
2022-06-08,SAB,64790,63070,63870,63800,59674.92578125,198900,12689820000
2022-06-09,SAB,63840,62720,63800,62720,58666.015625,111000,6961920000
2022-06-10,SAB,63240,62510,62720,63000,58927.58984375,76800,4838400000
2022-06-13,SAB,61910,60600,61910,61110,57171.34765625,151500,9258165000
2022-06-14,SAB,60870,59740,60720,59920,56050.3359375,196400,11768288000
2022-06-15,SAB,61000,59920,60720,60720,56797.671875,116800,7092096000
2022-06-16,SAB,63100,60920,60920,62480,58441.81640625,156700,9790616000
2022-06-17,SAB,62720,60320,61090,62320,58292.34375,150800,9397856000
2022-06-20,SAB,61800,60510,61110,60720,56797.671875,52400,3181728000
2022-06-21,SAB,63100,59510,61320,61910,57918.67578125,182900,11323339000
2022-06-22,SAB,63000,61520,63000,62320,58292.34375,135500,8444360000
2022-06-23,SAB,61860,60550,60550,61270,57320.8125,23500,1439845000
2022-06-24,SAB,62230,60800,60800,62150,58142.88671875,84000,5220600000
2022-06-27,SAB,62670,61910,62320,62620,58591.28515625,99100,6205642000
2022-06-28,SAB,62830,61040,62620,62770,58703.38671875,69100,4337407000
2022-06-29,SAB,62770,61320,62770,61520,57545.0078125,39300,2417736000
2022-06-30,SAB,62320,61520,61520,61760,57769.21875,24300,1500768000
2022-07-01,SAB,62190,60920,62190,61470,57507.64453125,61500,3780405000
2022-07-04,SAB,61910,60920,61520,61320,57358.17578125,20800,1275456000
2022-07-05,SAB,61860,60240,61840,60240,56349.27734375,151300,9114312000
2022-07-06,SAB,61110,59920,60240,60950,57021.875,60300,3675285000
2022-07-07,SAB,62390,60480,61090,62390,58367.08203125,52100,3250519000
2022-07-08,SAB,62440,61090,61090,61950,57956.05078125,91500,5668425000
2022-07-11,SAB,61950,61110,61360,61950,57956.05078125,54500,3376275000
2022-07-12,SAB,61910,61040,61040,61360,57956.05078125,25900,1589224000
2022-07-13,SAB,62230,61190,61190,61360,57395.54296875,41700,2558712000
2022-07-14,SAB,61910,61110,61110,61860,57881.30859375,22400,1385664000
2022-07-15,SAB,61630,60950,61520,61520,57545.0078125,38500,2368520000
2022-07-18,SAB,61600,61190,61240,61600,57619.74609375,12000,739200000
2022-07-19,SAB,62670,61190,61710,62620,58591.28515625,139000,8704180000
2022-07-20,SAB,63840,62620,62910,63840,59712.29296875,107200,6843648000
2022-07-21,SAB,66320,63900,63900,65900,61655.37109375,223300,14715470000
2022-07-22,SAB,67060,64310,65519,66320,62029.0390625,196400,13025248000
2022-07-25,SAB,66320,65110,66320,65900,61655.37109375,130900,8626310000
2022-07-26,SAB,67100,64709,64709,66990,62664.27734375,165100,11060049000
2022-07-27,SAB,67020,66230,67020,66990,62664.27734375,116700,7817733000
2022-07-28,SAB,69900,67590,67590,69110,64644.71875,233300,16123363000
2022-07-29,SAB,73690,70070,70070,71900,67260.40625,170300,12244570000
2022-08-01,SAB,73500,72020,72690,73110,68381.40625,214600,15689406000
2022-08-02,SAB,74850,72690,72690,74580,70175.0234375,167300,12477234000
2022-08-03,SAB,76300,73830,74300,75860,70959.7265625,240200,18221572000
2022-08-04,SAB,76010,71900,75100,73890,69128.75,292700,21627603000
2022-08-05,SAB,75900,72550,72740,72930,68231.9296875,219700,16022721000
2022-08-08,SAB,75100,71500,73270,72300,67634.078125,147600,10671480000
2022-08-09,SAB,73500,71980,73500,71980,67335.140625,138800,9990824000
2022-08-10,SAB,72690,71420,72690,72690,68007.7421875,135400,9842226000
2022-08-11,SAB,73780,71900,73020,72690,68007.7421875,198700,14443503000
2022-08-12,SAB,72890,72140,72510,72690,68007.7421875,109400,7952286000
2022-08-15,SAB,74690,72340,72690,74300,69502.421875,242900,18047470000
2022-08-16,SAB,75290,74340,74850,75100,70249.75,192800,14479280000
2022-08-17,SAB,75380,73500,75100,75290,70436.59375,200800,15118232000
2022-08-18,SAB,79050,74340,75250,77300,72304.9453125,330000,25509000000
2022-08-19,SAB,78330,76340,76340,77880,72865.4296875,104300,8122884000
2022-08-22,SAB,78050,76770,78050,77490,72491.7734375,87800,6803622000
2022-08-23,SAB,77880,75900,77300,75900,70997.09375,89400,6785460000
2022-08-24,SAB,76810,74500,75900,74690,69876.09375,123100,9194339000
2022-08-25,SAB,77020,74620,74740,74890,70062.9296875,61400,4598246000
2022-08-26,SAB,75290,73610,74810,75100,70249.75,91500,6871650000
2022-08-29,SAB,75860,73300,73300,75100,70249.75,106300,7983130000
2022-08-30,SAB,75490,74620,75290,75060,70212.390625,57400,4308444000
2022-08-31,SAB,75250,74100,75020,75060,70212.390625,126000,9457560000
2022-09-05,SAB,75130,74340,75060,75100,70249.75,105900,7953090000
2022-09-06,SAB,76170,75020,75100,75340,70473.9453125,103500,7797690000
2022-09-07,SAB,75490,74020,75340,75100,70249.75,128400,9642840000
2022-09-08,SAB,77120,75100,75490,76580,71632.3359375,168200,12880756000
2022-09-09,SAB,78100,76580,76890,77410,72417.03125,226800,17556588000
2022-09-12,SAB,79000,77410,77410,77880,72865.4296875,227400,17709912000
2022-09-13,SAB,78570,76300,77880,76300,71370.765625,163100,12444530000
2022-09-14,SAB,75900,73500,75900,73500,68755.0859375,237400,17448900000
2022-09-15,SAB,75100,73110,73690,74020,69240.8515625,199800,14789196000
2022-09-16,SAB,75450,73110,75450,74020,69240.8515625,189100,13997182000
2022-09-19,SAB,74890,73850,74020,74020,69240.8515625,147300,10903146000
2022-09-20,SAB,75700,74220,74300,74890,70062.9296875,81800,6126002000
2022-09-21,SAB,75700,73980,74100,75100,70249.75,46700,3507170000
2022-09-22,SAB,75660,74220,75660,74690,69876.09375,102800,7678132000
2022-09-23,SAB,75100,74180,75100,74690,69876.09375,140200,10471538000
2022-09-26,SAB,75100,73500,74300,73890,69128.75,130700,9657423000
2022-09-27,SAB,74460,73110,74460,74020,69240.8515625,90500,6698810000
2022-09-28,SAB,73830,69900,73500,73110,68381.40625,78800,5761068000
2022-09-29,SAB,74130,72100,74130,73020,68306.6796875,63300,4622166000
2022-09-30,SAB,74500,71110,71110,73890,69128.75,95200,7034328000
2022-10-03,SAB,74300,72300,72300,72790,68082.4765625,77400,5633946000
2022-10-04,SAB,75450,72790,72790,75100,70249.75,206200,15485620000
2022-10-05,SAB,76300,74740,75720,75490,70623.4296875,265100,20012399000
2022-10-06,SAB,74500,73890,73980,74220,69427.6796875,54100,4015302000
2022-10-07,SAB,74690,73110,73110,74690,69876.09375,178100,13302289000
2022-10-10,SAB,74340,72370,74300,73690,68941.90625,211500,15585435000
2022-10-11,SAB,74100,72740,73300,73300,68568.2578125,158300,11603390000
2022-10-12,SAB,74890,73300,74890,73300,68568.2578125,60200,4412660000
2022-10-13,SAB,75900,72510,73300,75900,70997.09375,195600,14846040000
2022-10-14,SAB,77100,73500,77100,75250,70399.21875,99100,7457275000
2022-10-17,SAB,75820,73350,74100,73940,69166.109375,66700,4931798000
2022-10-18,SAB,75820,74020,75660,75820,70922.3671875,180300,13670346000
2022-10-19,SAB,76250,75290,75900,76250,71333.3984375,113900,8684875000
2022-10-20,SAB,76650,75580,75900,76420,71482.859375,114400,8742448000
2022-10-21,SAB,77880,75660,76480,77100,72118.1015625,177500,13685250000
2022-10-24,SAB,81090,72300,78290,72300,67634.078125,279300,20193390000
2022-10-25,SAB,76890,73300,73350,75020,70175.0234375,252100,18912542000
2022-10-26,SAB,77340,74340,77340,74340,69539.7890625,150600,11195604000
2022-10-27,SAB,75450,73300,74360,75060,70212.390625,222000,16663320000
2022-10-28,SAB,76140,74340,75900,74340,69539.7890625,85800,6378372000
2022-10-31,SAB,75290,72890,75290,74020,69240.8515625,105700,7823914000
2022-11-01,SAB,74650,73170,74020,73350,68605.6171875,170700,12520845000
2022-11-02,SAB,73350,71940,73350,73300,68568.2578125,165000,12094500000
2022-11-03,SAB,73110,72140,73110,72690,68007.7421875,63000,4579470000
2022-11-04,SAB,73890,71500,72690,72690,68007.7421875,117500,8541075000
2022-11-07,SAB,73500,72340,72740,73500,68755.0859375,196800,14464800000
2022-11-08,SAB,73590,73020,73500,73110,68381.40625,169200,12370212000
2022-11-09,SAB,74220,73120,73120,73690,68941.90625,145300,10707157000
2022-11-10,SAB,74300,73110,74100,73690,68941.90625,167600,12350444000
2022-11-11,SAB,76650,74220,75100,75020,70175.0234375,162000,12153240000
2022-11-14,SAB,78250,72690,75020,77880,72865.4296875,240000,18691200000
2022-11-15,SAB,77850,74500,77850,74500,69689.2421875,159000,11845500000
2022-11-16,SAB,74300,72220,72690,72220,67559.3359375,271400,19600508000
2022-11-17,SAB,77250,71710,73070,73110,68381.40625,282600,20660886000
2022-11-18,SAB,74100,71300,74060,71580,66961.46875,295400,21144732000
2022-11-21,SAB,73500,71900,72690,72930,68231.9296875,73300,5345769000
2022-11-22,SAB,73890,71940,72190,72370,67708.8046875,103100,7461347000
2022-11-23,SAB,73110,72220,72220,72690,68007.7421875,53900,3917991000
2022-11-24,SAB,73110,71900,73110,72100,67447.2421875,152600,11002460000
2022-11-25,SAB,72790,71860,72100,71900,67260.40625,144400,10382360000
2022-11-28,SAB,71900,66870,66870,70750,66176.765625,297700,21062275000
2022-11-29,SAB,71860,69620,70780,70310,65765.7265625,310700,21845317000
2022-11-30,SAB,72190,70340,71820,71900,67260.40625,288300,20728770000
2022-12-01,SAB,72100,69900,71500,70070,65541.5234375,377600,26458432000
2022-12-02,SAB,72220,70100,70100,70700,66139.3984375,307500,21740250000
2022-12-05,SAB,72300,70750,70750,71780,67148.3046875,167200,12001616000
2022-12-06,SAB,71900,71060,71740,71300,66699.90625,250500,17860650000
2022-12-07,SAB,71860,70510,70540,71500,66886.7421875,214100,15308150000
2022-12-08,SAB,71900,70700,71860,71110,66513.0625,188000,13368680000
2022-12-09,SAB,71610,70700,71610,71110,66513.0625,217600,15473536000
2022-12-12,SAB,71860,71110,71110,71220,66625.1796875,235700,16786554000
2022-12-13,SAB,71710,71110,71220,71110,66513.0625,361900,25734709000
2022-12-14,SAB,71780,70830,71660,71500,66886.7421875,252200,18032300000
2022-12-15,SAB,71820,71260,71550,71500,66886.7421875,139600,9981400000
2022-12-16,SAB,71500,70750,71500,70750,66176.765625,425900,30132425000
2022-12-19,SAB,71300,69900,70780,69900,65392.05859375,162100,11330790000
2022-12-20,SAB,71730,69700,70070,70100,65581.609375,306400,21478640000
2022-12-21,SAB,71480,69900,69900,70910,66339.78125,173000,12267430000
2022-12-22,SAB,72090,71030,71030,71030,66453.5,123200,8750896000
2022-12-23,SAB,71730,70910,71690,70910,66339.78125,75300,5339523000
2022-12-26,SAB,71690,70100,71320,70100,65581.609375,220800,15478080000
2022-12-27,SAB,71480,69490,71200,69490,65012.98046875,138400,9617416000
2022-12-28,SAB,71530,69540,69620,71530,66908.3984375,157000,11230210000
2022-12-29,SAB,71200,70070,70310,70070,65543.6953125,103400,7245238000
2022-12-30,SAB,71290,67640,70520,67640,63269.1875,167300,11316172000
2023-01-03,SAB,70310,68160,69340,68470,64065.26171875,121700,8332799000
2023-01-04,SAB,70520,68470,68560,69490,65012.98046875,116900,8123381000
2023-01-05,SAB,74350,69490,69700,70590,66036.5078125,255300,18021627000
2023-01-06,SAB,73990,70590,71810,73230,68500.5546875,130100,9527223000
2023-01-09,SAB,73750,71250,72740,72790,68083.5625,46900,3413851000
2023-01-10,SAB,73020,71360,72830,71360,66756.7578125,101200,7221632000
2023-01-11,SAB,73710,72930,72930,73350,68614.28125,155000,11369250000
2023-01-12,SAB,73750,72540,73750,72860,68159.375,30200,2200372000
2023-01-13,SAB,75540,72860,72860,75340,70471.796875,218100,16431654000
2023-01-16,SAB,76940,75410,76170,76390,71457.4140625,105300,8043867000
2023-01-17,SAB,76390,73870,76170,75770,70888.7890625,88600,6713222000
2023-01-18,SAB,77820,75770,77820,75770,70888.7890625,75200,5697904000
2023-01-19,SAB,78210,75250,76990,75250,70395.96875,201700,15177925000
2023-01-27,SAB,79020,75290,75290,78250,73201.2109375,133600,10454200000
2023-01-30,SAB,78250,76790,78250,76990,72026.0390625,177800,13688822000
2023-01-31,SAB,77330,75580,75770,76600,71646.9609375,55500,4251300000
2023-02-01,SAB,77200,75620,76600,75770,70888.7890625,170700,12933939000
2023-02-02,SAB,77600,75410,76990,75980,71078.3359375,88700,6739426000
2023-02-03,SAB,78130,75290,75290,78130,73087.46875,105300,8227089000
2023-02-06,SAB,79190,77040,77200,79190,74073.0859375,78800,6240172000
2023-02-07,SAB,79830,77470,77820,77470,72480.9375,28900,2238883000
2023-02-08,SAB,80430,76600,76600,79910,74755.453125,109700,8766127000
2023-02-09,SAB,80640,77820,79950,78520,73466.5546875,49900,3918148000
2023-02-10,SAB,79430,76670,79430,76760,71798.5859375,70900,5442284000
2023-02-13,SAB,77770,75540,76600,77770,72746.2890625,87900,6835983000
2023-02-14,SAB,78160,75820,78160,76170,71267.875,51400,3915138000
2023-02-15,SAB,77600,76170,76210,76600,71646.9609375,77000,5898200000
2023-02-16,SAB,77200,76170,76210,76870,71912.3125,27700,2129299000
2023-02-17,SAB,76990,75620,76870,75820,70926.703125,45300,3434646000
2023-02-20,SAB,78160,76390,77400,77080,72101.8671875,69800,5380184000
2023-02-21,SAB,77330,76020,76020,77200,72215.5859375,84500,6523400000
2023-02-22,SAB,77400,75770,77400,75770,70888.7890625,82100,6220717000
2023-02-23,SAB,76630,74970,76600,75820,70926.703125,77700,5891214000
2023-02-24,SAB,76840,74970,75820,76600,71646.9609375,98800,7568080000
2023-02-27,SAB,76990,75010,76990,75100,70244.3359375,57600,4325760000
2023-02-28,SAB,77110,75170,76990,76170,71267.875,96900,7380873000
2023-03-01,SAB,78000,75220,75380,78000,72973.7578125,41400,3229200000
2023-03-02,SAB,77390,76200,76830,76630,71678.1328125,38300,2934929000
2023-03-03,SAB,77110,75430,77110,76170,71258.9609375,92400,7038108000
2023-03-06,SAB,78160,75360,78160,75360,70496.8359375,76300,5749968000
2023-03-07,SAB,76990,75430,75760,76140,71220.8515625,122700,9342378000
2023-03-08,SAB,75970,75110,75110,75970,71068.421875,97300,7391881000
2023-03-09,SAB,76200,75930,75970,75970,71068.421875,216700,16462699000
2023-03-10,SAB,76200,75240,75240,75600,70725.46875,266700,20162520000
2023-03-13,SAB,76170,75760,76100,76170,71258.9609375,353500,26926095000
2023-03-14,SAB,77390,76170,76450,77390,72402.1484375,261300,20222007000
2023-03-15,SAB,78000,77030,77640,77190,72211.6171875,233800,18047022000
2023-03-16,SAB,79840,76170,77350,77820,72783.2109375,308100,23976342000
2023-03-17,SAB,78210,77080,77820,78210,73164.2890625,406900,31823649000
2023-03-20,SAB,78290,75810,77440,76990,72021.0859375,42400,3264376000
2023-03-21,SAB,77390,75710,76990,75760,70877.890625,141600,10727616000
2023-03-22,SAB,76940,74750,75560,75200,71449.484375,153700,11558240000
2023-03-23,SAB,76660,75030,76380,76590,71640.0234375,75700,5797863000
2023-03-24,SAB,76660,75360,75360,76540,71563.8046875,108200,8281628000
2023-03-27,SAB,76590,75650,75810,75710,70877.890625,29400,2225874000
2023-03-28,SAB,75970,75430,75760,75760,70877.890625,45000,3409200000
2023-03-29,SAB,76100,75000,76100,75150,70649.2578125,49000,3682350000
2023-03-30,SAB,75890,75110,75890,75560,70496.8359375,59000,4458040000
2023-03-31,SAB,75690,74950,75360,74950,70382.5078125,47800,3582610000
2023-04-03,SAB,75150,73850,74950,73930,68972.578125,81200,6003116000
2023-04-04,SAB,73980,72420,73820,72560,67829.3828125,150400,10913024000
2023-04-05,SAB,72560,71600,72560,71600,67257.796875,156500,11205400000
2023-04-06,SAB,72700,71890,72700,72020,67410.2109375,141300,10176426000
2023-04-07,SAB,72470,71970,72100,72060,67448.3203125,28400,2046504000
2023-04-10,SAB,72350,71700,72350,71700,67295.890625,180500,12941850000
2023-04-11,SAB,71780,71290,71600,71290,66686.203125,119100,8490639000
2023-04-12,SAB,70960,69530,70960,69610,65161.94140625,327400,22790314000
2023-04-13,SAB,70350,68750,69850,68750,64590.33984375,175200,12045000000
2023-04-14,SAB,69240,68150,69050,68150,63637.671875,259900,17712185000
2023-04-17,SAB,68030,67020,67860,67020,62494.484375,216900,14536638000
2023-04-18,SAB,68430,67040,67090,67370,63180.41015625,161000,10846570000
2023-04-19,SAB,69650,67700,68320,69490,64933.30078125,306900,21326481000
2023-04-20,SAB,70630,69650,69940,70430,64971.41015625,228100,16065083000
2023-04-21,SAB,70310,69460,70260,69490,64971.41015625,131900,9165731000
2023-04-24,SAB,69750,69460,69460,69700,65200.03515625,102500,7144250000
2023-04-25,SAB,69750,68920,69700,68920,65161.94140625,184400,12708848000
2023-04-26,SAB,69850,69580,69650,69650,65161.94140625,160700,11192755000
2023-04-27,SAB,69900,69050,69650,69820,66305.125,124100,8664662000
2023-04-28,SAB,71200,70680,71000,71120,65543.0,57400,4082288000
2023-05-04,SAB,70070,67660,70070,67730,63485.25390625,94700,6414031000
2023-05-05,SAB,68230,67420,67950,67420,63066.08203125,102200,6890324000
2023-05-08,SAB,67950,67530,67620,67950,63447.1484375,51300,3485835000
2023-05-09,SAB,68030,67260,68030,67340,62913.6640625,64500,4343430000
2023-05-10,SAB,67530,67260,67260,67340,62951.76953125,90000,6060600000
2023-05-11,SAB,68850,67020,67340,67130,62685.0234375,147900,9928527000
2023-05-12,SAB,67490,66350,67370,66600,62456.38671875,142300,9477180000
2023-05-15,SAB,67460,66800,67090,66850,62532.59765625,115000,7687750000
2023-05-16,SAB,67210,66320,67210,66400,62113.41796875,65400,4342560000
2023-05-17,SAB,66400,66030,66400,66190,61922.89453125,91900,6082861000
2023-05-18,SAB,66400,65830,66190,66110,61846.6796875,179900,11893189000
2023-05-19,SAB,66110,65209,66110,65209,61236.98046875,67500,4401607500
2023-05-22,SAB,65900,65260,65459,65600,61236.98046875,64300,4218080000
2023-05-23,SAB,65900,64440,65790,64769,60589.1640625,144600,9365597400
2023-05-24,SAB,65129,64580,65010,64580,60589.1640625,116500,7523570000
2023-05-25,SAB,64680,63540,64580,64360,60208.1015625,97500,6275100000
2023-05-26,SAB,64360,63140,64360,63340,59255.4453125,70600,4471804000
2023-05-29,SAB,64110,63220,63380,63260,59179.23828125,90900,5750334000
2023-05-30,SAB,63670,63260,63300,63540,59445.9765625,145600,9251424000
2023-05-31,SAB,64580,63540,63540,64360,60208.1015625,157900,10162444000
2023-06-01,SAB,64769,63710,63710,64440,60284.3125,126100,8125884000
2023-06-02,SAB,64959,64200,64959,64360,60208.1015625,138700,8926732000
2023-06-05,SAB,65300,64819,65170,64920,60741.6015625,113300,7355436000
2023-06-06,SAB,65209,64890,65129,65170,60970.234375,126800,8263556000
2023-06-07,SAB,65300,65010,65209,65099,60894.01953125,205100,13351804900
2023-06-08,SAB,65260,64959,65260,65099,60894.01953125,158200,10298661800
2023-06-09,SAB,65600,64959,65600,64959,60778.6171875,27400,1779876600
2023-06-12,SAB,66690,65010,65010,66610,62317.3203125,109100,7267151000
2023-06-13,SAB,66690,66040,66660,66540,62240.3828125,84600,5629284000
2023-06-14,SAB,67230,66040,66540,66610,62317.3203125,203200,13535152000
2023-06-15,SAB,66940,65379,66940,65379,61163.28515625,108600,7100159400
2023-06-16,SAB,66200,63730,66200,63730,59624.58984375,234900,14970177000
2023-06-19,SAB,64569,64110,64569,64470,60317.01171875,129400,8342418000
2023-06-20,SAB,64470,63830,64470,63850,59740.0,97800,6244530000
2023-06-21,SAB,64069,63500,63850,63730,59624.58984375,136800,8718264000
2023-06-22,SAB,64150,63650,64150,63650,59624.58984375,145800,9280170000
2023-06-23,SAB,64360,63500,63650,64360,60201.6015625,198600,12781896000
2023-06-26,SAB,64920,64150,64920,64150,60009.265625,139900,8974585000
2023-06-27,SAB,64569,63500,63980,63500,59393.78515625,194600,12357100000
2023-06-28,SAB,63890,63570,63890,63610,59509.1875,84800,5394128000
2023-06-29,SAB,63830,63330,63830,63330,59239.9140625,179800,11386734000
2023-06-30,SAB,63500,63110,63500,63160,59086.046875,152700,9644532000
2023-07-03,SAB,63650,63110,63330,63200,59124.5234375,78100,4935920000
2023-07-04,SAB,63450,63080,63200,63160,59086.046875,99000,6252840000
2023-07-05,SAB,63650,63160,63240,63240,59162.98046875,80000,5059200000
2023-07-06,SAB,63330,63080,63240,63080,59009.10546875,91400,5765512000
2023-07-07,SAB,63500,62050,63160,62090,58085.88671875,203600,12641524000
2023-07-10,SAB,62210,61680,62130,61800,57816.62109375,197800,12224040000
2023-07-11,SAB,62020,61680,61680,61680,57701.22265625,203500,12551880000
2023-07-12,SAB,62500,61680,61680,62090,58085.88671875,99000,6146910000
2023-07-13,SAB,63330,62170,62170,63110,59047.578125,206700,13044837000
2023-07-14,SAB,63240,62950,63160,63240,59162.98046875,119200,7538208000
2023-07-17,SAB,63780,62910,63450,63110,59047.578125,121100,7642621000
2023-07-18,SAB,63400,62760,63240,62950,58893.70703125,123200,7755440000
2023-07-19,SAB,63160,62830,62950,62830,58778.31640625,151100,9493613000
2023-07-20,SAB,63280,62800,62830,63000,58932.17578125,111000,6993000000
2023-07-21,SAB,63000,62660,62950,62950,58893.70703125,122400,7705080000
2023-07-24,SAB,63940,63040,63040,63730,59624.58984375,232100,14791733000
2023-07-25,SAB,65010,63830,64069,64959,60778.6171875,379300,24638948700
2023-07-26,SAB,66540,64920,64920,66440,62163.4453125,199200,13234848000
2023-07-27,SAB,66410,65600,66200,65870,61624.90234375,151300,9966131000
2023-07-28,SAB,65870,64569,65800,64569,60393.94140625,324400,20946183600
2023-07-31,SAB,65660,64390,64519,64470,60317.01171875,275500,17761485000
2023-08-01,SAB,65800,64959,65410,65129,60932.48828125,132400,8623079600
2023-08-02,SAB,65510,64860,65510,65349,61124.83203125,122100,7979112900
2023-08-03,SAB,66410,65379,65620,66410,62124.9765625,280200,18608082000
2023-08-04,SAB,66820,65600,66820,65990,61740.30078125,245900,16226941000
2023-08-07,SAB,66690,65620,65870,66200,61932.63671875,285100,18873620000
2023-08-08,SAB,66740,66040,66740,66440,62163.4453125,168600,11201784000
2023-08-09,SAB,66490,65910,66440,66200,61932.63671875,127500,8440500000
2023-08-10,SAB,66320,65800,66320,66040,61778.76171875,180900,11946636000
2023-08-11,SAB,66040,65170,65800,65600,61355.625,187300,12286880000
2023-08-14,SAB,65620,64959,65379,64959,60778.6171875,163000,10588317000
2023-08-15,SAB,64959,64440,64959,64670,60509.34375,147600,9545292000
2023-08-16,SAB,65600,64569,65379,64670,60509.34375,218500,14130395000
2023-08-17,SAB,64670,63980,64670,64110,59893.86328125,193600,12411696000
2023-08-18,SAB,65170,62800,63940,63160,59086.046875,305400,19289064000
2023-08-21,SAB,63530,62500,63530,62800,58739.83984375,208300,13081240000
2023-08-22,SAB,63080,61680,62800,61680,57701.22265625,390700,24098376000
2023-08-23,SAB,62830,61680,62710,61720,57739.6875,353200,21799504000
2023-08-24,SAB,63730,63000,63690,63110,59047.578125,609400,38459234000
2023-08-25,SAB,65060,63610,63850,64230,60086.203125,430600,27657438000
2023-08-28,SAB,64959,64110,64959,64269,60124.6796875,286700,18425922300
2023-08-29,SAB,65510,64110,64360,65010,60817.0859375,275400,17903754000
2023-08-30,SAB,66120,65260,65600,65700,61471.03125,279300,18350010000
2023-08-31,SAB,65990,64959,65800,64959,60778.6171875,295100,19169400900
2023-09-05,SAB,65960,65170,65379,65300,61086.36328125,335400,21901620000
2023-09-06,SAB,65800,65099,65099,65379,61163.28515625,239300,15645194700
2023-09-07,SAB,66200,65510,65550,65990,61740.30078125,235200,15520848000
2023-09-08,SAB,66540,65800,66120,66040,61778.76171875,285700,18867628000
2023-09-11,SAB,69850,66440,66440,68870,64433.02734375,844600,58167602000
2023-09-12,SAB,70100,69000,69850,69460,64971.578125,482800,33535288000
2023-09-13,SAB,69820,68460,69530,68590,64163.76171875,685100,46991009000
2023-09-14,SAB,72370,69160,72370,70070,65548.5859375,1162600,81463382000
2023-09-15,SAB,70730,68350,70730,68350,63932.94921875,511300,34947355000
2023-09-18,SAB,68350,66120,68350,66440,62163.4453125,483600,32130384000
2023-09-19,SAB,67270,64569,66360,64959,60778.6171875,665800,43249702200
2023-09-20,SAB,66610,64959,65060,66200,61932.63671875,523000,34622600000
2023-09-21,SAB,67270,65800,66290,65800,61547.96484375,480400,31610320000
2023-09-22,SAB,65300,63500,64959,64629,60470.87890625,463700,29968467300
2023-09-25,SAB,65300,62500,64720,62500,58470.5703125,226500,14156250000
2023-09-26,SAB,63000,61680,62500,61920,57932.0234375,414000,25634880000
2023-09-27,SAB,62170,60770,61920,60940,57008.8046875,509500,31048930000
2023-09-28,SAB,61270,59540,61020,59540,55700.91015625,452200,26923988000
2023-09-29,SAB,60280,59540,60030,59620,55777.84375,361200,21534744000
2023-10-02,SAB,60280,59720,60280,60030,56162.51953125,218300,13104549000
2023-10-03,SAB,60200,57820,60200,57820,54085.2734375,608100,35160342000
2023-10-04,SAB,57730,56990,57580,57580,53854.47265625,335600,19323848000
2023-10-05,SAB,58380,57160,57730,57160,53469.796875,185000,10574600000
2023-10-06,SAB,57580,56170,57160,57240,53546.73046875,320300,18333972000
2023-10-09,SAB,57400,56580,57320,56580,52931.25,438200,24793356000
2023-10-10,SAB,57400,55920,56740,56580,52931.25,596000,33721680000
2023-10-11,SAB,56660,55760,56580,55920,52315.7734375,532600,29782992000
2023-10-12,SAB,56660,56090,56240,56660,53008.1875,526200,29814492000
2023-10-13,SAB,57900,56090,56500,57640,53931.41015625,605600,34906784000
2023-10-16,SAB,59040,57640,57640,58320,54546.87890625,664200,38736144000
2023-10-17,SAB,58880,57480,58800,57480,53777.53125,352500,20261700000
2023-10-18,SAB,57480,55520,57480,56170,52546.578125,511400,28725338000
2023-10-19,SAB,56580,55760,56170,56170,52546.578125,289500,16261215000
2023-10-20,SAB,57580,55920,56240,57580,53854.47265625,209500,12063010000
2023-10-23,SAB,57580,55760,57580,55760,52161.8984375,315200,17575552000
2023-10-24,SAB,57400,55670,55670,56840,53162.0546875,175100,9952684000
2023-10-25,SAB,57320,56340,56740,56910,53238.9921875,223500,12719385000
2023-10-26,SAB,56340,54280,55920,54440,50930.9453125,389100,21182604000
2023-10-27,SAB,54190,51060,54190,51890,48545.95703125,997300,51749897000
2023-10-30,SAB,51890,49990,51890,49990,46776.4609375,379900,18991201000
2023-10-31,SAB,50160,46620,50090,46620,43622.1171875,840800,39198096000
2023-11-01,SAB,47540,45140,46870,47200,44160.6640625,735700,34725040000
2023-11-02,SAB,50490,47610,47610,50490,47238.06640625,719700,36337653000
2023-11-03,SAB,53200,50490,50490,52550,49161.4375,745600,39181280000
2023-11-06,SAB,54440,52550,53050,54440,50930.9453125,571800,31128792000
2023-11-07,SAB,54930,53370,54530,53540,50084.65625,441800,23653972000
2023-11-08,SAB,53700,51490,52470,53540,50084.65625,924800,49513792000
2023-11-09,SAB,54110,52300,53860,52550,49161.4375,1035500,54415525000
2023-11-10,SAB,52470,51240,52470,51320,48007.4140625,740700,38012724000
2023-11-13,SAB,52230,50250,51320,50410,47161.12890625,573500,28910135000
2023-11-14,SAB,52050,50740,50820,51000,47699.67578125,734800,37474800000
2023-11-15,SAB,53050,51890,51980,51980,48622.89453125,1323600,68800728000
2023-11-16,SAB,53120,51980,52390,52790,49392.2421875,740900,39112111000
2023-11-17,SAB,53800,52130,52880,52390,49007.56640625,978300,51253137000
2023-11-20,SAB,52300,51390,51560,51810,48469.0234375,659500,34168695000
2023-11-21,SAB,52470,51730,51980,51890,48545.95703125,563600,29245204000
2023-11-22,SAB,52550,51890,51890,52230,48853.6953125,474900,24804027000
2023-11-23,SAB,52550,49670,52300,49670,46468.71875,617600,30676192000
2023-11-24,SAB,51810,49750,49750,51810,48469.0234375,764100,39588021000
2023-11-27,SAB,52960,51320,51390,52880,49469.17578125,946000,50024480000
2023-11-28,SAB,53370,52130,53050,53370,49930.78515625,497100,26530227000
2023-11-29,SAB,54930,52790,53370,54440,50930.9453125,770200,41929688000
2023-11-30,SAB,54600,53450,54110,53450,50007.72265625,549900,29392155000
2023-12-01,SAB,53620,52720,53450,53450,50007.72265625,288000,15393600000
2023-12-04,SAB,54190,52790,53450,53200,49776.9140625,552500,29393000000
2023-12-05,SAB,53860,52630,53860,52630,49238.375,401700,21141471000
2023-12-06,SAB,53700,52630,52630,53620,50161.59765625,288500,15469370000
2023-12-07,SAB,54190,53450,54190,53950,50469.3359375,626200,33783490000
2023-12-08,SAB,54280,53540,54280,53950,50469.3359375,555900,29990805000
2023-12-11,SAB,54360,53540,54040,53860,50392.390625,383500,20655310000
2023-12-12,SAB,54190,53370,53860,53450,50007.72265625,360800,19284760000
2023-12-13,SAB,54110,52630,53620,52630,49238.375,745900,39256717000
2023-12-14,SAB,53370,51810,52960,51810,48469.0234375,427100,22128051000
2023-12-15,SAB,52300,51650,51890,51650,48315.15234375,844700,43628755000
2023-12-18,SAB,51730,50410,51730,50590,47314.99609375,591300,29913867000
2023-12-19,SAB,51390,50590,50900,51150,47853.546875,528200,27017430000
2023-12-20,SAB,51560,50900,51150,51000,47699.67578125,565300,28830300000
2023-12-21,SAB,51150,50590,50590,51000,47699.67578125,445100,22700100000
2023-12-22,SAB,51060,50590,51000,50590,47314.99609375,639900,32372541000
2023-12-25,SAB,51890,50490,50490,51000,47699.67578125,546700,27881700000
2023-12-26,SAB,51810,51240,51240,51560,48238.21875,357500,18432700000
2023-12-27,SAB,52050,51060,51730,51060,47776.60546875,646500,33010290000
2023-12-28,SAB,51890,51150,51490,51150,47853.546875,868500,44423775000
2023-12-29,SAB,52230,51560,51810,51810,48469.0234375,1568600,81269166000
2024-01-02,SAB,52880,52050,52550,52230,48853.6953125,770100,40222323000
2024-01-03,SAB,52390,51980,52390,52230,48853.6953125,557100,29097333000
2024-01-04,SAB,52730,52390,52390,52560,49168.8828125,773600,40660416000
2024-01-05,SAB,52560,51880,52560,52130,48774.8984375,708500,36934105000
2024-01-08,SAB,52470,52130,52130,52300,48932.4921875,654700,34240810000
2024-01-09,SAB,52470,51800,52230,51880,48538.51171875,558500,28974980000
2024-01-10,SAB,51880,51050,51880,51210,47908.1484375,822000,42094620000
2024-01-11,SAB,52050,51210,51210,51720,48380.921875,489400,25311768000
2024-01-12,SAB,51720,50960,51720,51470,48144.52734375,497900,25626913000
2024-01-15,SAB,51800,50870,51370,50870,47592.9609375,443100,22540497000
2024-01-16,SAB,51050,50610,50960,50870,47592.9609375,266500,13556855000
2024-01-17,SAB,51050,50710,50870,50870,47592.9609375,469900,23903813000
2024-01-18,SAB,51120,50870,51120,50960,47671.75390625,446200,22738352000
2024-01-19,SAB,52050,51210,52050,51720,48380.921875,714800,36969456000
2024-01-22,SAB,51880,51210,51880,51290,47986.94140625,360100,18469529000
2024-01-23,SAB,51370,50790,51290,50790,47514.1640625,346300,17588577000
2024-01-24,SAB,50960,50610,50790,50790,47514.1640625,472300,23988117000
2024-01-25,SAB,50870,49530,50790,49530,47514.1640625,1393900,69039867000
2024-01-26,SAB,49780,47920,49690,48260,45150.26953125,2066000,99705160000
2024-01-29,SAB,49690,48260,48260,48770,45623.046875,701800,34226786000
2024-01-30,SAB,48860,48170,48860,48170,45071.4765625,732100,35265257000
2024-01-31,SAB,48770,47410,48260,47410,44362.30859375,1095600,51942396000
2024-02-01,SAB,48610,47510,47510,48430,45307.86328125,592000,28670560000
2024-02-02,SAB,48770,48010,48510,48010,45307.86328125,544000,26117440000
2024-02-05,SAB,48350,47920,48170,48010,44913.8828125,882600,42373626000
2024-02-06,SAB,48350,47850,48010,48260,45150.26953125,671200,32392112000
2024-02-07,SAB,48770,48100,48260,48680,45544.25390625,568300,27664844000
2024-02-15,SAB,49530,48770,48770,49190,46017.03125,864400,42519836000
2024-02-16,SAB,49440,48680,49270,48860,45701.84375,1078900,52715054000
2024-02-19,SAB,48940,48170,48860,48770,45623.046875,1268000,61840360000
2024-02-20,SAB,50200,48860,49110,49370,46174.62109375,1642700,81100099000
2024-02-21,SAB,49690,48770,49690,48940,45780.64453125,1131900,55395186000
2024-02-22,SAB,49270,48770,48940,48860,45701.84375,788900,38545654000
2024-02-23,SAB,49020,47920,48860,48010,44913.8828125,1499400,71986194000
2024-02-26,SAB,48350,47510,48170,47670,44598.69921875,809500,38588865000
2024-02-27,SAB,47670,47000,47670,47410,44362.30859375,1759100,83398931000
2024-02-28,SAB,48610,47590,47590,48610,45465.45703125,1090300,52999483000
2024-02-29,SAB,49860,48770,48860,49270,46095.83203125,2670400,131570608000
2024-03-01,SAB,49610,48940,49530,49370,46174.62109375,847400,41836138000
2024-03-04,SAB,49690,49020,49440,49110,45938.234375,1252100,61490631000
2024-03-05,SAB,49610,48770,49190,49610,46411.015625,1003900,49803479000
2024-03-06,SAB,52050,49780,49860,51630,48302.125,4279400,220945422000
2024-03-07,SAB,52470,50790,51630,51050,47750.55078125,2509100,128089555000
2024-03-08,SAB,51470,50120,51290,50540,47277.7734375,1825500,92260770000
2024-03-11,SAB,50960,49690,50540,49950,46726.19921875,2346300,117197685000
2024-03-12,SAB,50540,49690,49950,49780,46568.609375,1290300,64231134000
2024-03-13,SAB,50200,49370,49950,50200,46962.58984375,1485900,74592180000
2024-03-14,SAB,50540,49440,50450,49440,46253.421875,1458700,72118128000
2024-03-15,SAB,49530,48350,49440,48860,45701.84375,2037000,99527820000
2024-03-18,SAB,49370,47260,48940,47760,44677.4921875,1833100,87548856000
2024-03-19,SAB,48350,47670,48260,47920,44835.08984375,654600,31368432000
2024-03-20,SAB,48100,47510,48010,47920,44835.08984375,739800,35451216000
2024-03-21,SAB,48510,48100,48350,48170,45071.4765625,738100,35554277000
2024-03-22,SAB,48510,48100,48430,48260,45150.26953125,698100,33690306000
2024-03-25,SAB,48610,47850,48260,48010,44913.8828125,1086200,52148462000
2024-03-26,SAB,48170,47670,48010,47920,44835.08984375,910400,43626368000
2024-03-27,SAB,48680,47920,48010,48430,45307.86328125,598300,28975669000
2024-03-28,SAB,48430,47920,48430,48170,45071.4765625,1074300,51749031000
2024-03-29,SAB,48350,47760,48350,47760,44677.4921875,618700,29549112000
2024-04-01,SAB,48100,47670,47760,47850,44756.2890625,600200,28719570000
2024-04-02,SAB,47920,47410,47920,47510,44441.109375,1026300,48759513000
2024-04-03,SAB,47760,47160,47510,47160,44125.92578125,1435600,67702896000
2024-04-04,SAB,47670,47340,47340,47590,44519.90234375,991100,47166449000
2024-04-05,SAB,47590,47260,47590,47260,44204.71484375,947600,44783576000
2024-04-08,SAB,47340,46590,47340,46590,43574.34765625,1057800,49282902000
2024-04-09,SAB,46750,46240,46650,46340,43337.95703125,1017800,47164852000
2024-04-10,SAB,46750,46400,46590,46590,43574.34765625,522900,24361911000
2024-04-11,SAB,46830,46340,46400,46650,43653.140625,493900,23040435000
2024-04-12,SAB,47410,46650,46750,47160,44125.92578125,957300,45146268000
2024-04-15,SAB,47160,45890,47160,46340,43337.95703125,926600,42938644000
2024-04-16,SAB,46340,44640,46340,46150,43180.36328125,1104300,50963445000
2024-04-17,SAB,46240,45480,46150,45480,42549.99609375,364800,16591104000
2024-04-19,SAB,45400,43800,45230,44220,41368.05078125,1184600,52383012000
2024-04-22,SAB,45230,44640,44970,44820,41919.625,356700,15987294000
2024-04-23,SAB,45140,44050,45070,44640,41762.03125,373300,16664112000
2024-04-24,SAB,45320,44720,44890,45140,42234.80859375,467200,21089408000
2024-04-25,SAB,46750,45140,45140,45830,42865.17578125,1107400,50752142000
2024-04-26,SAB,46590,45580,45830,45830,42865.17578125,705300,32323899000
2024-05-02,SAB,47760,45890,45990,47670,44598.69921875,1580600,75347202000
2024-05-03,SAB,48100,47670,48010,47760,44677.4921875,784800,37482048000
2024-05-06,SAB,48430,47590,47760,48010,44913.8828125,884900,42484049000
2024-05-07,SAB,48770,47590,48010,48610,45465.45703125,913700,44414957000
2024-05-08,SAB,50540,48010,48510,49610,46411.015625,2243700,111309957000
2024-05-09,SAB,49690,48430,49610,48510,45386.66015625,1040100,50455251000
2024-05-10,SAB,48940,48260,48610,48510,45386.66015625,784000,38031840000
2024-05-13,SAB,48770,47760,48510,47920,44835.08984375,725700,34775544000
2024-05-14,SAB,48430,47920,48010,48100,44992.6796875,479300,23054330000
2024-05-15,SAB,48860,48170,48170,48510,45386.66015625,896300,43479513000
2024-05-16,SAB,48940,48430,48610,48430,45307.86328125,769400,37262042000
2024-05-17,SAB,49610,48430,48680,48940,45780.64453125,1434500,70204430000
2024-05-20,SAB,49530,48680,48940,48680,45544.25390625,669100,32571788000
2024-05-21,SAB,49530,48430,48680,48860,45701.84375,1171200,57224832000
2024-05-22,SAB,49370,48430,49110,48430,45307.86328125,927200,44904296000
2024-05-23,SAB,50290,48430,48680,50120,46883.79296875,1912100,95834452000
2024-05-24,SAB,50120,48680,50120,48860,45701.84375,1322500,64617350000
2024-05-27,SAB,49370,48860,48860,49270,46095.83203125,654000,32222580000
2024-05-28,SAB,51370,49190,49440,51370,48065.734375,2525000,129709250000
2024-05-29,SAB,51630,50790,51370,50960,47671.75390625,1467500,74783800000
2024-05-30,SAB,50540,49110,50200,49950,46726.19921875,1667200,83276640000
2024-05-31,SAB,49950,49110,49950,49110,45938.234375,1492400,73291764000
2024-06-03,SAB,50610,49440,49690,50030,45938.234375,1128600,56463858000
2024-06-04,SAB,51970,50120,50290,51720,48380.921875,2338200,120931704000
2024-06-05,SAB,55260,52050,52230,55260,51690.3671875,2896100,160038486000
2024-06-06,SAB,57690,54910,56010,55170,51611.5625,2270100,125241417000
2024-06-07,SAB,58450,55260,55260,57180,53502.6796875,2577800,147398604000
2024-06-10,SAB,57780,56360,57780,57020,53345.08984375,2027900,115630858000
2024-06-11,SAB,57440,56180,57020,56930,53266.2890625,1730800,98534444000
2024-06-12,SAB,56930,55930,56930,56430,52793.515625,1706900,96320367000
2024-06-13,SAB,56690,55170,56690,55260,51690.3671875,1816900,100401894000
2024-06-14,SAB,54840,52730,54580,53400,49956.84765625,3852700,205734180000
2024-06-17,SAB,54250,52730,53400,53570,50114.4375,1936900,103759733000
2024-06-18,SAB,53900,53230,53740,53570,50114.4375,739100,39593587000
2024-06-19,SAB,53820,52050,53570,52230,48853.69921875,1464400,76485612000
2024-06-20,SAB,52890,51050,52470,52300,48932.4921875,947800,49569940000
2024-06-21,SAB,52890,51800,52730,51800,48459.71484375,960200,49738360000
2024-06-24,SAB,52980,51120,52300,51800,48459.71484375,950000,49210000000
2024-06-25,SAB,52050,49950,51800,51050,47750.55078125,1150200,58717710000
2024-06-26,SAB,51210,50360,51050,50540,47277.7734375,848100,42862974000
2024-06-27,SAB,51970,50450,50870,51050,47750.55078125,1076400,54950220000
2024-06-28,SAB,51630,50540,51370,50540,47277.7734375,947400,47881596000
2024-07-01,SAB,51290,50710,51050,51290,47986.94140625,278900,14304781000
2024-07-02,SAB,51540,51120,51370,51540,48223.33203125,424800,21894192000
2024-07-03,SAB,51800,51370,51630,51800,48459.71484375,450400,23330720000
2024-07-04,SAB,52300,51370,52300,51370,48065.734375,679800,34921326000
2024-07-05,SAB,51900,50510,51820,50510,47251.05859375,1112800,56207528000
2024-07-08,SAB,50510,48500,50510,49110,45947.5859375,1317900,64722069000
2024-07-09,SAB,50940,48500,49200,49890,46680.7890625,1503200,74994648000
2024-07-10,SAB,50150,49110,49990,49110,45947.5859375,584100,28685151000
2024-07-11,SAB,49550,48940,49550,49030,45866.1171875,561000,27505830000
2024-07-12,SAB,49200,48500,49200,48770,45621.71875,481400,23477878000
2024-07-15,SAB,49110,48500,49110,48600,45458.78125,402500,19561500000
2024-07-16,SAB,48860,48420,48600,48600,45458.78125,888900,43200540000
2024-07-17,SAB,48860,46770,48600,47030,43992.37109375,1128200,53059246000
2024-07-18,SAB,48330,46600,47200,47290,44236.76953125,1203600,56918244000
2024-07-19,SAB,48160,47290,47290,48070,44969.9765625,728700,35028609000
2024-07-22,SAB,49200,47630,48070,48500,45377.3125,990500,48039250000
2024-07-23,SAB,48500,47630,48500,47630,44562.64453125,439700,20942911000
2024-07-24,SAB,47810,46940,47810,47550,44481.171875,383300,18225915000
2024-07-25,SAB,47810,46770,47810,47030,43992.37109375,416200,19573886000
2024-07-26,SAB,48500,47460,47630,47890,44807.04296875,1302400,62371936000
2024-07-29,SAB,48420,47810,48330,47810,44725.57421875,427300,20429213000
2024-07-30,SAB,48330,47630,47630,47720,44644.109375,714700,34105484000
2024-07-31,SAB,48420,47630,47720,48240,45132.91015625,926300,44684712000
2024-08-01,SAB,50080,47890,48600,47890,44807.04296875,1285700,61572173000
2024-08-02,SAB,48240,47460,47890,47990,44888.51171875,597000,28650030000
2024-08-05,SAB,47810,45280,47630,45280,42363.01953125,1609500,72878160000
2024-08-06,SAB,47030,45370,45980,46410,43422.09765625,738500,34273785000
2024-08-07,SAB,46940,45890,46940,46070,43096.23046875,704300,32447101000
2024-08-08,SAB,46850,45980,46150,45980,43014.76171875,892100,41018758000
2024-08-09,SAB,47200,46410,46500,46670,43666.5,471000,21981570000
2024-08-12,SAB,47370,46500,46850,47030,43992.37109375,542700,25523181000
2024-08-13,SAB,47720,46850,47460,47290,44236.76953125,732900,34658841000
2024-08-14,SAB,49380,47290,47370,48500,45377.3125,1649400,79995900000
2024-08-15,SAB,49200,48500,48600,48500,45377.3125,899700,43635450000
2024-08-16,SAB,49200,48330,48420,49030,45866.1171875,946500,46406895000
2024-08-19,SAB,50340,48860,49030,50340,47088.125,1178400,59320656000
2024-08-20,SAB,50940,49890,50340,50510,47251.05859375,970200,49004802000
2024-08-21,SAB,50510,49820,50510,49990,46762.2578125,777500,38867225000
2024-08-22,SAB,50340,49290,50150,49640,46436.390625,785800,39007112000
2024-08-23,SAB,50080,49290,49290,49550,46354.921875,651200,32266960000
2024-08-26,SAB,50250,49380,49550,49380,46191.984375,578500,28566330000
2024-08-27,SAB,49990,49380,49380,49640,46436.390625,692700,34385628000
2024-08-28,SAB,50600,49640,49720,49990,46762.2578125,997600,49870024000
2024-08-29,SAB,50680,49990,49990,49990,46762.2578125,824600,41221754000
2024-08-30,SAB,50940,49990,50250,50080,46843.7265625,1404900,70357392000
2024-09-04,SAB,50250,49640,49820,49820,46599.32421875,698100,34779342000
2024-09-05,SAB,50680,49380,49890,49640,46436.390625,824400,40923216000
2024-09-06,SAB,49890,49380,49640,49380,46191.984375,454100,22423458000
2024-09-09,SAB,49550,48420,49380,48940,45784.6484375,1129500,55277730000
2024-09-10,SAB,49550,48160,49290,48160,45051.4453125,1289900,62121584000
2024-09-11,SAB,48500,47890,48500,48240,45132.91015625,649500,31331880000
2024-09-12,SAB,49200,48160,49110,48240,45132.91015625,625800,30188592000
2024-09-13,SAB,49030,48330,48330,48860,45703.18359375,538100,26291566000
2024-09-16,SAB,49110,48500,48500,48600,45458.78125,567100,27561060000
2024-09-17,SAB,49200,48500,48500,49200,46029.0546875,361500,17785800000
2024-09-18,SAB,49290,48860,49200,48860,45703.18359375,466900,22812734000
2024-09-19,SAB,49380,49030,49030,49200,46029.0546875,358900,17657880000
2024-09-20,SAB,49990,49200,49460,49990,46762.2578125,946400,47310536000
2024-09-23,SAB,50340,49720,50080,49990,46762.2578125,646600,32323534000
2024-09-24,SAB,50340,49820,50250,50080,46843.7265625,598600,29977888000
2024-09-25,SAB,50250,49890,50080,49990,46762.2578125,337400,16866626000
2024-09-26,SAB,50940,50080,50080,50600,47332.53125,1091100,55209660000
2024-09-27,SAB,51210,50420,50770,50940,47658.40234375,794200,40456548000
2024-09-30,SAB,51210,50250,51210,50340,47088.125,551500,27762510000
2024-10-01,SAB,50510,50150,50510,50340,47088.125,559300,28155162000
2024-10-02,SAB,50340,49460,50340,49550,46354.921875,635600,31493980000
2024-10-03,SAB,50250,49460,49820,49460,46273.44921875,606400,29992544000
2024-10-04,SAB,49640,49290,49460,49290,46110.51953125,381200,18789348000
2024-10-07,SAB,49720,49200,49290,49380,46191.984375,414800,20482824000
2024-10-08,SAB,49550,48860,49380,49030,45866.1171875,514800,25240644000
2024-10-09,SAB,49290,48680,49110,49110,45947.5859375,613900,30148629000
2024-10-10,SAB,50420,49200,49290,50250,47006.66015625,685400,34441350000
2024-10-11,SAB,50680,49990,50420,50080,46843.7265625,379300,18995344000
2024-10-14,SAB,50250,49720,50150,49820,46599.32421875,335400,16709628000
2024-10-15,SAB,50680,49720,49820,49720,46517.859375,642600,31950072000
2024-10-16,SAB,50340,49720,49720,50340,47088.125,531800,26770812000
2024-10-17,SAB,50510,49550,50510,49890,46680.7890625,294700,14702583000
2024-10-18,SAB,50600,49890,50080,49990,46762.2578125,245300,12262547000
2024-10-21,SAB,50150,49200,49990,49290,46110.51953125,645600,31821624000
2024-10-22,SAB,49200,48680,49110,48770,45621.71875,646300,31520051000
2024-10-23,SAB,49200,48420,48770,48770,45621.71875,369000,17996130000
2024-10-24,SAB,48770,48500,48770,48680,45540.25,228400,11118512000
2024-10-25,SAB,48770,48070,48680,48330,45214.37890625,449500,21724335000
2024-10-28,SAB,48420,48160,48420,48330,45214.37890625,238900,11546037000
2024-10-29,SAB,48500,48070,48330,48240,45132.91015625,258400,12465216000
2024-10-30,SAB,48500,47990,48330,48070,44969.9765625,357300,17175411000
2024-10-31,SAB,48940,48070,48160,48070,44969.9765625,486300,23376441000
2024-11-01,SAB,48860,48160,48420,48160,45051.4453125,436900,21041104000
2024-11-04,SAB,48860,48330,48680,48330,45214.37890625,456700,22072311000
2024-11-05,SAB,48860,48240,48680,48330,45214.37890625,271600,13126428000
2024-11-06,SAB,48770,48330,48500,48600,45458.78125,391500,19026900000
2024-11-07,SAB,48860,48420,48770,48420,45295.84375,294500,14259690000
2024-11-08,SAB,48680,48070,48500,48070,44969.9765625,516500,24828155000
2024-11-11,SAB,48600,48070,48160,48160,45051.4453125,446500,21503440000
2024-11-12,SAB,49990,48240,48240,49290,46110.51953125,1042200,51370038000
2024-11-13,SAB,49640,49030,49380,49460,46273.44921875,314300,15545278000
2024-11-14,SAB,49460,48770,49460,48860,45703.18359375,298700,14594482000
2024-11-15,SAB,48860,48330,48770,48330,45214.37890625,386200,18665046000
2024-11-18,SAB,49030,48160,49030,48330,45214.37890625,471600,22792428000
2024-11-19,SAB,48770,47890,48770,47890,44807.04296875,497100,23806119000
2024-11-20,SAB,48330,47630,47630,48330,45214.37890625,414600,20037618000
2024-11-21,SAB,48420,47990,48420,48160,45051.4453125,243200,11712512000
2024-11-22,SAB,48770,48160,48160,48240,45132.91015625,382400,18446976000
2024-11-25,SAB,48770,48330,48680,48330,45214.37890625,388600,18781038000
2024-11-26,SAB,49030,48420,48420,48860,45703.18359375,718100,35086366000
2024-11-27,SAB,49290,48860,48860,48860,45703.18359375,432800,21146608000
2024-11-28,SAB,49200,48330,49110,48330,45214.37890625,342400,16548192000
2024-11-29,SAB,48860,48070,48330,48860,45703.18359375,436000,21302960000
2024-12-02,SAB,49550,48770,48940,48940,45784.6484375,355300,17388382000
2024-12-03,SAB,49030,48600,48940,48940,45784.6484375,374400,18323136000
2024-12-04,SAB,50510,48770,48940,49990,46762.2578125,1381400,69056186000
2024-12-05,SAB,50510,49550,50150,50080,46843.7265625,676400,33874112000
2024-12-06,SAB,50940,49890,50250,50250,47006.66015625,1069700,53752425000
2024-12-09,SAB,50420,49820,50250,50080,46843.7265625,462400,23156992000
2024-12-10,SAB,50770,49990,50080,50600,47332.53125,735300,37206180000
2024-12-11,SAB,50860,50150,50680,50150,46925.19140625,817200,40982580000
2024-12-12,SAB,50600,50080,50150,50080,46843.7265625,507300,25405584000
2024-12-13,SAB,50250,49820,50080,49990,46762.2578125,461700,23080383000
2024-12-16,SAB,50150,49820,49990,49890,46680.7890625,206600,10307274000
2024-12-17,SAB,50150,49640,50080,49890,46680.7890625,339400,16932666000
2024-12-18,SAB,50150,49890,49890,49990,46762.2578125,270100,13502299000
2024-12-19,SAB,49890,49110,49640,49550,46354.921875,769800,38143590000
2024-12-20,SAB,49720,49110,49550,49200,46029.0546875,778600,38307120000
2024-12-23,SAB,50600,49380,49640,49820,46599.32421875,588200,29304124000
2024-12-24,SAB,50080,49640,49890,49820,46599.32421875,510800,25448056000
2024-12-25,SAB,50340,49820,50080,49990,46762.2578125,845200,42251548000
2024-12-26,SAB,50530,49810,49810,50260,47015.484375,866500,43550290000
2024-12-27,SAB,50350,49710,50350,50350,47099.890625,632700,31856445000
2024-12-30,SAB,50610,49810,50260,50610,47353.1171875,478700,24227007000
2024-12-31,SAB,50440,50080,50440,50080,46846.66796875,366000,18329280000
2025-01-02,SAB,50350,49710,50350,50160,46931.07421875,359100,18012456000
2025-01-03,SAB,50260,49630,50160,49630,46424.625,367400,18234062000
2025-01-06,SAB,50260,48360,49540,48360,45242.90625,941500,45530940000
2025-01-07,SAB,48910,48460,48460,48460,45327.31640625,403600,19558456000
2025-01-08,SAB,48630,48360,48460,48460,45327.31640625,496600,24065236000
2025-01-09,SAB,48720,48270,48460,48360,45242.90625,411400,19895304000
2025-01-10,SAB,48720,48360,48360,48360,45242.90625,475600,23000016000
2025-01-13,SAB,49080,48090,48180,48810,45664.953125,462200,22559982000
2025-01-14,SAB,49180,48720,48720,49180,46002.5859375,329200,16190056000
2025-01-15,SAB,49630,49080,49630,49630,46424.625,331800,16467234000
2025-01-16,SAB,49990,48540,49440,48720,46424.625,572400,27887328000
2025-01-17,SAB,49630,48010,48630,48180,45074.08984375,637800,30729204000
2025-01-20,SAB,48910,48360,48360,48810,45664.953125,200400,9781524000
2025-01-21,SAB,49080,48270,49080,48360,45242.90625,257900,12472044000
2025-01-22,SAB,48810,48360,48630,48460,45327.31640625,201200,9750152000
2025-01-23,SAB,48810,48360,48720,48720,45580.54296875,235100,11454072000
2025-01-24,SAB,48810,48460,48460,48540,45411.72265625,302900,14702766000
2025-02-03,SAB,48540,47460,48360,47550,44483.23046875,598200,28444410000
2025-02-04,SAB,47820,47280,47640,47550,44483.23046875,438000,20826900000
2025-02-05,SAB,47910,47550,47640,47910,44820.8671875,269800,12926118000
2025-02-06,SAB,48010,47550,48010,47550,44483.23046875,352600,16766130000
2025-02-07,SAB,47640,47190,47550,47280,44230.00390625,768400,36329952000
2025-02-10,SAB,47280,46920,47100,47100,44061.19140625,645100,30384210000
2025-02-11,SAB,47100,46470,47010,46560,43554.7421875,747000,34780320000
2025-02-12,SAB,46920,46640,46640,46830,43807.9609375,90500,4238115000
2025-02-13,SAB,46920,46640,46830,46640,43639.1484375,274800,12816672000
2025-02-14,SAB,47280,46470,47280,46560,43554.7421875,668700,31134672000
2025-02-17,SAB,46560,46020,46470,46110,43132.6953125,1115900,51454149000
2025-02-18,SAB,46470,46020,46110,46190,43217.10546875,489700,22619243000
2025-02-19,SAB,46370,46110,46190,46290,43301.51171875,871100,40323219000
2025-02-20,SAB,46560,46290,46470,46370,43385.921875,580300,26908511000
2025-02-21,SAB,47100,46370,46560,46740,43723.5546875,751900,35143806000
2025-02-24,SAB,47280,46740,46740,47280,44230.00390625,713800,33748464000
2025-02-25,SAB,48270,47010,48270,47280,44230.00390625,484400,22902432000
2025-02-26,SAB,47370,46920,47370,47100,44061.19140625,647800,30511380000
2025-02-27,SAB,47190,46740,47100,47100,44061.19140625,457200,21534120000
2025-02-28,SAB,47190,46470,46920,46470,43470.328125,928900,43165983000
2025-03-03,SAB,46920,46470,46920,46640,43639.1484375,580400,27069856000
2025-03-04,SAB,47010,46470,46640,46920,43892.37109375,736100,34537812000
2025-03-05,SAB,47010,46560,46920,46740,43723.5546875,480300,22449222000
2025-03-06,SAB,46830,46290,46740,46370,43385.921875,1209600,56089152000
2025-03-07,SAB,46920,46110,46830,46190,43217.10546875,1424200,65783798000
2025-03-10,SAB,46640,46020,46470,46370,43385.921875,1214300,56307091000
2025-03-11,SAB,46370,45920,46290,46190,43217.10546875,1571800,72601442000
2025-03-12,SAB,46470,46020,46020,46110,43132.6953125,1576300,72683193000
2025-03-13,SAB,46470,46020,46110,46110,43132.6953125,1125100,51878361000
2025-03-14,SAB,47280,46190,46290,46560,43554.7421875,1387600,64606656000
2025-03-17,SAB,47010,46370,46920,46560,43554.7421875,738900,34403184000
2025-03-18,SAB,46830,46110,46560,46110,43132.6953125,1619800,74688978000
2025-03-19,SAB,46290,45840,46290,45840,42879.47265625,2188100,100302504000
2025-03-20,SAB,46110,45570,45920,45660,42710.65234375,1384600,63220836000
2025-03-21,SAB,45840,45390,45840,45390,42457.4296875,1204900,54690411000
2025-03-24,SAB,45470,45020,45390,45020,42119.796875,1549500,69758490000
2025-03-25,SAB,45290,44710,45200,44710,41824.3671875,1603600,71696956000
2025-03-26,SAB,45200,44570,44710,44710,41824.3671875,1262300,56437433000
2025-03-27,SAB,44840,44620,44710,44710,41824.3671875,988300,44186893000
2025-03-28,SAB,44840,44390,44750,44490,41613.34765625,1139000,50674110000
2025-03-31,SAB,44570,44120,44440,44120,41275.7109375,1125000,49635000000
2025-04-01,SAB,44750,44070,44250,44520,41655.546875,955800,42552216000
2025-04-02,SAB,44620,44300,44570,44490,41613.34765625,630100,28033149000
2025-04-03,SAB,43580,41370,43580,41370,38701.25390625,3156200,130571994000
2025-04-04,SAB,40470,38480,38480,39110,36591.046875,3848700,150522657000
2025-04-08,SAB,40200,38260,39110,38430,35957.98046875,3263800,125427834000
2025-04-09,SAB,40250,37440,37440,39790,37224.109375,3152100,125422059000
2025-04-10,SAB,42540,42500,42540,42540,39798.56640625,598500,25460190000
2025-04-11,SAB,44750,42540,43310,44210,41360.12109375,4010000,177282100000
2025-04-14,SAB,44890,43800,44670,44670,41782.16015625,2473300,110482311000
2025-04-15,SAB,44300,43130,44250,43940,41106.89453125,2331300,102437322000
2025-04-16,SAB,43760,42720,43490,42950,40178.40234375,1343400,57699030000
2025-04-17,SAB,42850,42370,42680,42400,39671.953125,1363100,57795440000
2025-04-18,SAB,43310,42590,42770,42720,39967.3828125,845000,36098400000
2025-04-21,SAB,42950,42500,42680,42500,39756.359375,472500,20081250000
2025-04-22,SAB,42850,40600,42400,42050,39334.3203125,1204500,50649225000
2025-04-23,SAB,43850,42770,43130,43850,41022.48828125,1164100,51045785000
2025-04-24,SAB,44520,44030,44210,44390,41528.94140625,1696900,75325391000
2025-04-25,SAB,44670,44120,44390,44670,41782.16015625,1951100,87155637000
2025-04-28,SAB,46290,44440,44620,46190,43217.10546875,1966300,90823397000
2025-04-29,SAB,45840,43400,45840,43400,40600.4453125,4405000,191177000000
2025-05-05,SAB,43220,43040,43040,43220,40600.4453125,1250000,54025000000
2025-05-06,SAB,43720,43080,43720,43170,40431.62890625,789500,34082715000
2025-05-07,SAB,43670,43310,43350,43350,40389.421875,767300,33262455000
2025-05-08,SAB,43990,43400,43400,43800,40558.2421875,858200,37589160000
2025-05-09,SAB,44840,44070,44840,44210,40980.28515625,939400,41530874000
2025-05-12,SAB,44670,44210,44390,44620,40980.28515625,1225700,54690734000
2025-05-13,SAB,44750,44390,44750,44440,41739.95703125,1005900,44702196000
2025-05-14,SAB,44800,44300,44300,44670,41571.140625,1128000,50387760000
2025-05-15,SAB,45660,44670,44670,45390,41782.16015625,1279400,58071966000
2025-05-16,SAB,45740,45290,45390,45570,42457.4296875,699300,31867101000
2025-05-19,SAB,45290,44750,45290,44840,41950.98046875,753400,33782456000
2025-05-20,SAB,45020,44620,44670,44940,41950.98046875,583600,26226984000
2025-05-21,SAB,45070,44670,44940,44750,42035.390625,576400,25793900000
2025-05-22,SAB,44840,44570,44750,44800,41866.5703125,793900,35566720000
2025-05-23,SAB,44840,44490,44800,44620,41908.77734375,396500,17691830000
2025-05-26,SAB,45020,43940,45020,44620,41739.95703125,715800,31938996000
2025-05-27,SAB,44890,44570,44890,44620,41739.95703125,590800,26361496000
2025-05-28,SAB,44840,44440,44750,44620,41739.95703125,597900,26678298000
2025-05-29,SAB,44940,44440,44670,44440,41739.95703125,773000,34352120000
2025-05-30,SAB,44490,43940,44440,43990,41571.140625,1703200,74923768000
2025-06-02,SAB,44520,43800,43990,44350,41486.734375,569400,25252890000
2025-06-03,SAB,44710,44390,44390,44670,41486.734375,604500,27003015000
2025-06-04,SAB,45740,44710,44750,45200,41782.16015625,1483800,67067760000
2025-06-05,SAB,45290,44670,45120,44670,42288.609375,994000,44401980000
2025-06-06,SAB,44890,44250,44670,44250,41782.16015625,754000,33364500000
2025-06-09,SAB,44570,44070,44250,44070,41233.50390625,923500,40698645000
2025-06-10,SAB,44440,44030,44440,44070,41233.50390625,844500,37217115000
2025-06-11,SAB,44300,44070,44120,44210,41233.50390625,347400,15358554000
2025-06-12,SAB,44750,44300,44300,44620,41360.12109375,631300,28168606000
2025-06-13,SAB,44570,44120,44570,44300,41739.95703125,961900,42612170000
2025-06-16,SAB,44840,44210,44210,44710,41824.3671875,976600,43663786000
2025-06-17,SAB,45840,44710,44750,45070,41824.3671875,1505900,67870913000
2025-06-18,SAB,45200,44670,45070,44670,42162.0,1297100,57941457000
2025-06-19,SAB,44970,44390,44840,44620,41782.16015625,1024900,45731038000
2025-06-20,SAB,44750,44490,44670,44670,41739.95703125,716600,32010522000
2025-06-23,SAB,44620,44300,44390,44440,41571.140625,1049600,46644224000
2025-06-24,SAB,44800,44520,44670,44800,41571.140625,710200,31816960000
2025-06-25,SAB,45570,44520,44520,45390,41908.77734375,1762000,79977180000
2025-06-26,SAB,45840,45390,45740,45570,42457.4296875,1283600,58493652000
2025-06-27,SAB,45920,45390,45660,45660,42626.24609375,3001500,137048490000
2025-06-30,SAB,45800,44980,45660,45080,42177.546875,1923100,86693348000
2025-07-01,SAB,45080,44600,45080,44650,42177.546875,904400,40381460000
2025-07-02,SAB,44600,44220,44600,44500,41773.71875,1099500,48927750000
2025-07-03,SAB,44700,44360,44500,44360,41639.109375,1535400,68110344000
2025-07-04,SAB,44700,44410,44700,44500,41504.5,848400,37753800000
2025-07-07,SAB,44740,44410,44600,44500,41639.109375,1320400,58757800000
2025-07-08,SAB,44940,44550,44550,44940,41639.109375,1639400,73674636000
2025-07-09,SAB,45800,44980,45080,45700,42042.9375,2602200,118920540000
2025-07-10,SAB,46370,45750,45750,46130,42760.8515625,2150900,99221017000
2025-07-11,SAB,46280,45560,46130,46180,43164.68359375,2444000,112863920000
2025-07-14,SAB,46370,45700,46180,46040,43074.94140625,1272000,58562880000
2025-07-15,SAB,46900,45990,46040,46090,43074.94140625,2151700,99171853000
2025-07-16,SAB,46180,45700,46090,46040,43119.8125,1366400,62909056000
2025-07-17,SAB,46710,45890,46090,46420,43074.94140625,2042400,94808208000
2025-07-18,SAB,46570,46040,46570,46230,43433.90234375,1338400,61874232000
2025-07-21,SAB,46370,45750,46090,45750,42805.72265625,1645300,75272475000
2025-07-22,SAB,45940,45560,45800,45850,42805.72265625,797900,36583715000
2025-07-23,SAB,46900,45560,45890,46610,42895.4609375,2660200,123991922000
2025-07-24,SAB,47960,46710,46950,47000,43613.37890625,2245700,105547900000
2025-07-25,SAB,47090,46850,47000,47090,43972.33984375,1335000,62865150000
2025-07-28,SAB,47480,46900,47330,47290,44241.5546875,2668300,126183907000
2025-07-29,SAB,47480,45420,47290,45420,44241.5546875,2638000,119817960000
2025-07-30,SAB,45850,45420,45460,45660,42491.63671875,2020500,92256030000
2025-07-31,SAB,46420,45560,45750,45700,42715.98828125,1914100,87474370000
2025-08-01,SAB,46090,45750,45750,45990,42760.8515625,1031600,47443284000
2025-08-04,SAB,46130,45700,46040,46130,43164.68359375,804800,37125424000
2025-08-05,SAB,46230,45460,46130,45560,43164.68359375,2101200,95730672000
2025-08-06,SAB,46180,45420,45660,45850,42626.24609375,980700,44965095000
2025-08-07,SAB,46040,45610,46040,45750,42895.4609375,860100,39349575000
2025-08-08,SAB,46180,45660,45750,45890,42805.72265625,930800,42714412000
2025-08-11,SAB,46570,46040,46040,46230,43254.421875,1467500,67842525000
2025-08-12,SAB,46570,46230,46420,46330,43254.421875,1258100,58287773000
2025-08-13,SAB,46470,45890,46470,45990,43344.16015625,1126700,51816933000
2025-08-14,SAB,46130,45800,46130,45940,43030.07421875,1143800,52546172000
2025-08-15,SAB,45990,45460,45990,45560,42985.203125,1553000,70754680000
2025-08-18,SAB,45800,45220,45610,45220,42312.16015625,962200,43510684000
2025-08-19,SAB,45420,45130,45320,45220,42312.16015625,1046500,47322730000
2025-08-20,SAB,45220,44650,45220,44840,42312.16015625,1212700,54377468000
2025-08-21,SAB,44980,44410,44650,44700,41953.19921875,1406200,62857140000
2025-08-22,SAB,44700,43830,44600,43930,41818.58984375,1847600,81165068000
2025-08-25,SAB,44120,43640,43930,43740,40921.1953125,990900,43341966000
2025-08-26,SAB,44020,43590,43740,44020,40921.1953125,696900,30677538000
2025-08-27,SAB,44410,43980,44220,44120,41190.4140625,1209900,53380788000
2025-08-28,SAB,44740,44120,44120,44650,41280.15625,545500,24356575000
2025-08-29,SAB,44980,44650,44890,44650,41773.71875,788100,35188665000
2025-09-03,SAB,44700,44360,44700,44460,41594.2421875,558900,24848694000
2025-09-04,SAB,45270,44460,44600,45180,41594.2421875,1013000,45767340000
2025-09-05,SAB,45560,45180,45320,45370,42267.2890625,1242400,56367688000
2025-09-08,SAB,45610,44840,45560,44890,41998.0703125,869100,39013899000
2025-09-09,SAB,44890,44310,44840,44410,41998.0703125,858200,38112662000
2025-09-10,SAB,44700,44260,44600,44360,41549.37109375,506700,22477212000
2025-09-11,SAB,44600,43830,44500,44500,41504.5,705600,31399200000
2025-09-12,SAB,45460,44410,44410,44740,41639.109375,1050800,47012792000
2025-09-15,SAB,45080,44740,45030,44790,41908.328125,507500,22730925000
2025-09-16,SAB,46180,44700,45030,45850,41908.328125,2744100,125816985000
2025-09-17,SAB,46180,45370,45850,45370,42895.4609375,983000,44598710000
2025-09-18,SAB,45610,44790,45510,44890,42446.76953125,1010400,45356856000
2025-09-19,SAB,45030,44120,45030,44120,41998.0703125,1385500,61128260000
2025-09-22,SAB,44550,43640,44220,43830,41010.9375,1354200,59354586000
2025-09-23,SAB,44220,43780,43930,43930,41010.9375,447500,19658675000
2025-09-24,SAB,44220,43640,44020,44220,41100.67578125,503600,22269192000
2025-09-25,SAB,44360,43880,44260,43980,41369.89453125,468600,20609028000
2025-09-26,SAB,44170,43780,44170,43780,41145.546875,480800,21049424000
2025-09-29,SAB,43830,43500,43830,43640,40831.45703125,571100,24922804000
2025-09-30,SAB,43740,43310,43640,43350,40831.45703125,553000,23972550000
2025-10-01,SAB,43690,43350,43450,43450,40562.23828125,324100,14082145000
2025-10-02,SAB,43880,43550,43550,43550,40651.9765625,696400,30328220000
2025-10-03,SAB,43930,43550,43590,43690,40741.71875,425600,18594464000
2025-10-06,SAB,44310,43830,44170,44260,41414.765625,894200,39577292000
2025-10-07,SAB,44550,44020,44550,44120,41414.765625,690800,30478096000
2025-10-08,SAB,44500,44070,44410,44070,41280.15625,517900,22823853000
2025-10-09,SAB,44170,43690,44120,43740,41235.28515625,557300,24376302000
2025-10-10,SAB,44070,43690,43740,43980,40921.1953125,481500,21176370000
2025-10-13,SAB,44070,43500,43640,44070,41235.28515625,521600,22986912000
2025-10-14,SAB,44070,43550,43930,43550,41235.28515625,579100,25219805000
2025-10-15,SAB,43830,43400,43590,43400,40741.71875,544100,23613940000
2025-10-16,SAB,43740,43260,43450,43350,40607.10546875,467500,20266125000
2025-10-17,SAB,43640,43070,43350,43400,40562.23828125,825800,35839720000
2025-10-20,SAB,43400,42200,43210,42200,39485.36328125,961100,40558420000
2025-10-21,SAB,42680,42200,42350,42630,39485.36328125,806800,34393884000
2025-10-22,SAB,42970,42440,42630,42970,39889.1953125,390300,16771191000
2025-10-23,SAB,43780,42730,42970,43590,40203.27734375,730200,31829418000
2025-10-24,SAB,43640,43160,43640,43310,40786.5859375,354200,15340402000
2025-10-27,SAB,43880,43350,43640,43590,40786.5859375,691600,30146844000
2025-10-28,SAB,43780,43500,43590,43590,40786.5859375,405600,17680104000
2025-10-29,SAB,44120,43590,43930,43880,40786.5859375,762700,33467276000
2025-10-30,SAB,44020,43550,44020,43830,41055.8046875,623700,27336771000
2025-10-31,SAB,44020,43740,43980,43980,41010.9375,575000,25288500000
2025-11-03,SAB,44740,43880,43930,44410,41549.37109375,858900,38143749000
2025-11-04,SAB,44550,43640,44550,44360,41504.5,851500,37772540000
2025-11-05,SAB,44460,44070,44410,44310,41504.5,566500,25101615000
2025-11-06,SAB,44410,44020,44120,44260,41414.765625,543600,24059736000
2025-11-07,SAB,44500,44020,44020,44220,41369.89453125,560000,24763200000
2025-11-10,SAB,44460,44120,44310,44120,41280.15625,515600,22748272000
2025-11-11,SAB,45320,44020,44070,44890,41998.0703125,1271900,57095591000
2025-11-12,SAB,45180,44700,44890,45030,42132.6796875,753600,33934608000
2025-11-13,SAB,45610,44940,45180,45460,42536.5078125,1122200,51015212000
2025-11-14,SAB,45610,45130,45460,45180,42267.2890625,842800,38077704000
2025-11-17,SAB,45660,45180,45180,45320,42401.8984375,1032700,46801964000
2025-11-18,SAB,45560,44890,45370,45270,42357.02734375,623200,28212264000
2025-11-19,SAB,45270,44980,45270,45080,42177.546875,665000,29978200000
2025-11-20,SAB,45560,45030,45460,45130,42222.41796875,776700,35052471000
2025-11-21,SAB,45030,44600,45030,44790,41908.328125,542300,24289617000
2025-11-24,SAB,45080,44260,44790,44260,41414.765625,863800,38231788000
2025-11-25,SAB,44890,44220,44310,44410,41549.37109375,435300,19331673000
2025-11-26,SAB,44890,44500,44500,44600,41728.8515625,374600,16707160000
2025-11-27,SAB,44840,44460,44840,44500,41639.109375,301100,13398950000
2025-11-28,SAB,44740,44410,44500,44500,41639.109375,381200,16963400000
2025-12-01,SAB,47570,44650,44650,47000,43972.33984375,4104800,192925600000
2025-12-02,SAB,50260,46850,47000,50260,47023.48046875,5646800,283808168000
2025-12-03,SAB,52180,49780,51790,49780,46574.78515625,3231900,160883982000
2025-12-04,SAB,50070,48440,49400,48820,46574.78515625,2805000,136940100000
2025-12-05,SAB,49200,47770,48820,47770,44690.25390625,2542700,121464779000
2025-12-08,SAB,51030,47670,47770,51030,47741.39453125,5248000,267805440000
2025-12-09,SAB,53040,51120,52270,51120,47831.13671875,4328800,221288256000
2025-12-10,SAB,51220,49300,51120,49400,46215.82421875,2433700,120224780000
2025-12-11,SAB,50830,49400,49590,50160,46933.73828125,1643600,82442976000
2025-12-12,SAB,50450,47910,49880,47960,44869.734375,2534500,121554620000
2025-12-15,SAB,49400,47960,48240,48440,45318.4296875,1509700,73129868000
2025-12-16,SAB,49880,46130,48920,49590,46395.3046875,2083100,103300929000
2025-12-17,SAB,49680,48050,49680,48050,44959.47265625,1555300,74732165000
2025-12-18,SAB,48630,47770,48530,48150,44959.47265625,1042600,50201190000
2025-12-19,SAB,48150,47570,48150,47670,44600.515625,1138800,54286596000
2025-12-22,SAB,48240,47430,47670,47570,44510.7734375,995900,47374963000
2025-12-23,SAB,47860,46900,47670,47480,44421.03515625,1429100,67853668000
2025-12-24,SAB,47570,46810,47480,46810,43792.859375,997100,46674251000
2025-12-25,SAB,47480,46230,46810,46230,43792.859375,1145900,52974957000
2025-12-26,SAB,47190,46130,46130,46760,43747.98828125,1433800,67044488000
2025-12-29,SAB,47240,46610,46810,46810,43792.859375,882900,41328549000
2025-12-30,SAB,47860,46420,46900,47570,44510.7734375,1279000,60842030000
2025-12-31,SAB,47570,47000,47570,47000,43972.33984375,579700,27245900000
2026-01-05,SAB,47190,46090,47140,46130,43164.68359375,1623700,74901281000
2026-01-06,SAB,46230,45220,46230,45610,42671.1171875,1942000,88574620000
2026-01-07,SAB,46850,45660,45660,46520,43523.640625,2000300,93053956000
2026-01-08,SAB,47380,46330,46520,46330,43344.16015625,1599300,74095569000
2026-01-09,SAB,47860,46610,46900,46950,43927.46875,2041500,95848425000
2026-01-12,SAB,47450,46150,47200,47000,43974.25,1678300,78880100000
2026-01-13,SAB,50200,47050,47050,50200,46968.2421875,3322400,166784480000
2026-01-14,SAB,53700,51300,51300,53700,50242.91796875,4550700,244372590000
2026-01-15,SAB,57100,52700,55000,52700,49307.296875,6078400,320331680000
2026-01-16,SAB,53800,51800,52700,52500,49120.171875,2852800,149772000000
2026-01-19,SAB,52700,50200,52500,51100,47810.30078125,2768200,141455020000
2026-01-20,SAB,54300,51500,52000,52300,48933.046875,3633500,190032050000
2026-01-21,SAB,52000,50200,52000,50600,47342.48828125,2222400,112453440000
2026-01-22,SAB,52000,50500,51000,50600,47342.48828125,1396700,70673020000
2026-01-23,SAB,51300,48900,50700,49300,46126.1796875,2328200,114780260000
2026-01-26,SAB,50000,48300,49300,48500,45377.68359375,1694200,82168700000
2026-01-27,SAB,49550,48250,48950,49550,46360.0859375,1290400,63939320000
2026-01-28,SAB,50300,48750,49900,48950,45798.71484375,1151800,56380610000
2026-01-29,SAB,50600,49000,49100,50300,47061.8046875,1623900,81682170000
2026-01-30,SAB,51400,49900,51000,49900,46687.5546875,1724800,86067520000
2026-02-02,SAB,50900,49200,49900,49900,46687.5546875,1193500,59555650000
2026-02-03,SAB,52400,50300,50900,52100,48745.921875,2564900,133631290000
2026-02-04,SAB,53300,51600,52400,51700,48371.67578125,1558600,80579620000
2026-02-05,SAB,52200,50000,52200,50100,46874.6796875,1682000,84268200000
2026-02-06,SAB,49800,48700,49500,48750,45611.58984375,1886100,91947375000
2026-02-09,SAB,49450,48900,48900,49450,46266.5234375,519800,25704110000
2026-02-10,SAB,49650,47750,49450,48350,45237.33984375,1278300,61805805000
2026-02-11,SAB,48800,48050,48400,48700,45564.80859375,675500,32896850000
2026-02-12,SAB,49200,48500,48700,48800,45658.37109375,508400,24809920000
2026-02-13,SAB,49000,48400,49000,48500,45377.68359375,758900,36806650000
2026-02-23,SAB,49150,48600,48600,48850,45705.15234375,747400,36510490000
2026-02-24,SAB,49250,48650,48850,48800,45658.37109375,812400,39645120000
2026-02-25,SAB,49900,48800,48800,49200,46032.6171875,1341700,66011640000
2026-02-26,SAB,49550,48800,49500,49100,45939.0546875,1107900,54397890000
2026-02-27,SAB,49200,48350,49100,48400,45284.12109375,1197000,57934800000
2026-03-02,SAB,47850,47000,47050,47200,44161.375,1618800,76407360000
2026-03-03,SAB,47450,45300,47000,46000,44161.375,2424900,111545400000
2026-03-04,SAB,46500,45200,46050,46000,43038.62890625,1327100,61046600000
2026-03-05,SAB,46450,45650,46150,45650,42711.16015625,768200,35068330000
2026-03-06,SAB,46200,45550,45650,45600,42664.37890625,804600,36689760000
2026-03-09,SAB,44000,42450,43750,42450,39717.16796875,3538000,150188100000
2026-03-10,SAB,44750,43100,43600,44750,41869.09765625,1473200,65925700000
2026-03-11,SAB,45000,44050,44600,44800,41915.87890625,966300,43290240000
2026-03-12,SAB,44650,43700,44650,43750,40933.4765625,824200,36058750000
2026-03-13,SAB,44650,43650,43750,44400,41541.6328125,599500,0
2026-03-16,SAB,44650,44100,44200,44500,41635.1953125,465900,0
2026-03-17,SAB,45200,44350,44500,44350,41494.8515625,700800,0
2026-03-18,SAB,44850,43900,44500,44450,41588.4140625,577100,0
2026-03-19,SAB,44450,43600,44350,44350,41494.8515625,840600,0
2026-03-20,SAB,44350,42600,44350,42600,39857.51171875,1019800,0
2026-03-23,SAB,43200,42200,42500,42900,40138.19921875,789200,0
2026-03-24,SAB,45100,43250,43450,45100,42196.56640625,779500,0
2026-03-25,SAB,45150,44400,44800,44750,41869.09765625,817400,0
2026-03-26,SAB,44650,43600,44650,43750,40933.4765625,472100,0
2026-03-27,SAB,44350,43750,44000,44150,41307.7265625,346700,0
2026-03-30,SAB,44550,42050,43900,44150,41307.7265625,668100,0
2026-03-31,SAB,44650,44150,44250,44300,41448.0703125,413500,0
2026-04-01,SAB,44800,44350,44750,44500,41635.1953125,469200,0
2026-04-02,SAB,44700,44100,44700,44200,41354.5078125,401600,0
2026-04-03,SAB,44750,44100,44600,44100,41260.9453125,543600,0
2026-04-06,SAB,44750,44050,44200,44400,41541.6328125,640800,0
2026-04-07,SAB,44600,43900,44450,44050,41214.1640625,408500,0
2026-04-08,SAB,45550,44500,44950,45400,42477.25390625,901300,0
2026-04-09,SAB,45450,44850,45000,45100,42196.56640625,510700,0
2026-04-10,SAB,45950,45150,45150,45800,42851.50390625,627600,0
2026-04-13,SAB,46000,45250,45500,45450,42524.03515625,427500,0
2026-04-14,SAB,45950,45050,45750,45150,42243.34765625,554900,0
2026-04-15,SAB,46350,45150,45650,46150,43178.97265625,805700,0
2026-04-16,SAB,46200,45300,46200,45750,42804.72265625,349400,0
2026-04-17,SAB,46450,45300,46000,45500,42570.81640625,676000,0
2026-04-20,SAB,45900,45350,45500,45500,42570.81640625,249100,0
2026-04-21,SAB,45700,45150,45700,45150,42243.34765625,486700,0
2026-04-22,SAB,45300,44800,45200,45050,42149.78515625,621600,0
2026-04-23,SAB,48200,44850,45050,48200,45096.99609375,3372800,0
2026-04-24,SAB,48100,46650,48100,47000,43974.25,825900,0
2026-04-28,SAB,49400,47100,47250,48500,45377.68359375,1524700,0
2026-04-29,SAB,48500,47500,48000,47500,44442.0625,590700,0
2026-05-04,SAB,47800,46550,47500,47350,44301.71875,884900,0
2026-05-05,SAB,47300,46150,47250,47050,44021.03125,1090900,0
2026-05-06,SAB,47800,46550,47000,47800,44722.74609375,654100,0
2026-05-07,SAB,47800,46500,47800,46650,43646.78125,1146500,0
2026-05-08,SAB,46650,46200,46400,46250,43272.53125,886100,0
2026-05-11,SAB,47800,45800,46250,47600,44535.625,1480800,0
2026-05-12,SAB,47750,46550,47700,47000,43974.25,656300,0
2026-05-13,SAB,47000,46150,47000,46550,43553.21875,586800,0
2026-05-14,SAB,47500,46650,46650,47000,43974.25,511700,0
2026-05-15,SAB,49100,47150,47450,48550,45424.46484375,1646900,0
2026-05-18,SAB,48650,47750,48550,48400,45284.12109375,570000,0
2026-05-19,SAB,49200,47650,48450,48500,45377.68359375,972600,0
2026-05-20,SAB,48500,47200,48500,47700,44629.18359375,716000,0
2026-05-21,SAB,48650,47650,48100,48000,44909.87109375,665600,0
2026-05-22,SAB,49350,48050,48300,48100,45003.43359375,917600,0
2026-05-25,SAB,48950,47850,48000,47900,44816.30859375,439000,0
2026-05-26,SAB,48000,47100,48000,47200,44161.375,880400,0
2026-05-27,SAB,47750,47050,47350,47750,44675.96484375,437900,0
2026-05-28,SAB,47700,47200,47700,47200,44161.375,345600,0
2026-05-29,SAB,47400,46950,47300,46950,43927.46875,520300,0
2026-06-01,SAB,47250,46800,46850,47200,44161.375,416200,0
2026-06-02,SAB,47250,46800,47150,47000,43974.25,596100,0
2026-06-03,SAB,48100,46750,46750,47500,44442.0625,625500,0
2026-06-04,SAB,47900,47350,47500,47800,44722.74609375,285400,0
2026-06-05,SAB,48300,47000,47900,47800,44722.74609375,589100,0
2026-06-08,SAB,47800,46600,47800,47000,43974.25,771900,0
2026-06-09,SAB,47400,47000,47250,47150,44114.59375,316800,0
2026-06-10,SAB,47550,47150,47300,47550,44488.84375,284900,0
2026-06-11,SAB,49200,47450,47500,48600,45471.24609375,1436400,0
2026-06-12,SAB,49350,48500,48700,48600,45471.24609375,850800,0
2026-06-15,SAB,49300,48150,48500,48500,45377.68359375,567600,0
2026-06-16,SAB,49850,48150,48500,49100,45939.0546875,1268100,0
2026-06-17,SAB,49400,48650,49100,48800,45658.37109375,423500,0
2026-06-18,SAB,48700,48200,48600,48200,45096.99609375,563100,0
2026-06-19,SAB,48450,48100,48200,48150,45050.21484375,318800,0
2026-06-22,SAB,48400,48050,48100,48200,45096.99609375,310900,0
2026-06-23,SAB,48950,47600,48950,47800,44722.74609375,602600,0
2026-06-24,SAB,48050,47500,47800,47800,44722.74609375,266600,0
2026-06-25,SAB,48950,47950,47950,48600,45471.24609375,642500,0
2026-06-26,SAB,48900,48500,48650,48700,45564.80859375,485600,0
2026-06-29,SAB,48950,47800,48750,48000,44909.87109375,753400,0
2026-06-30,SAB,48700,48100,48100,48500,45377.68359375,653200,0
2026-07-01,SAB,48600,48100,48500,48350,45377.68359375,372900,0
2026-07-02,SAB,48800,48200,48350,48600,45471.24609375,650500,0
2026-07-03,SAB,48800,47900,48800,47900,44816.30859375,800100,0
2026-07-06,SAB,48150,46800,47900,47150,44114.59375,863000,0
2026-07-07,SAB,47450,47000,47150,47250,44208.15625,398900,0
2026-07-08,SAB,47400,47050,47250,47200,44161.375,485900,0
2026-07-09,SAB,47650,47100,47200,47150,44114.59375,302100,0
2026-07-10,SAB,47400,46800,47200,47150,44114.59375,377800,0
2026-07-13,SAB,47200,45900,47150,46150,43178.97265625,900100,0
2026-07-14,SAB,46900,45900,46150,46800,43787.125,400600,0
2026-07-15,SAB,46950,46000,46950,46050,43085.41015625,311700,0
2026-07-16,SAB,46600,45750,46100,46350,43366.09375,515200,0
2026-07-17,SAB,46900,46050,46300,46900,43880.6875,341400,0
2026-07-20,SAB,47900,46800,47050,47300,44254.9375,609300,0
2026-07-21,SAB,47550,47000,47100,47000,43974.25,492300,0
2026-07-22,SAB,47300,46900,47300,46950,43927.46875,518500,0
2026-07-23,SAB,47250,45000,47250,47000,43974.25,875600,0
2026-07-24,SAB,43880,43090,43880,43510,43506.4375,618600,0
2026-07-27,SAB,44110,43460,43690,43600,43600.0,892500,0
2026-07-28,SAB,43500,42700,43000,43150,43150.0,567000,0
2026-07-29,SAB,43400,42950,43400,43000,43000.0,547800,0
2026-07-30,SAB,44000,43000,43500,43400,43400.0,677700,0
2026-07-31,SAB,44000,43550,43950,43550,43550.0,518400,0
2026-08-03,SAB,44800,43550,43900,44800,44800.0,1227400,0
2026-08-04,SAB,45150,44250,44650,45100,45100.0,643600,0
2026-08-05,SAB,45100,44400,45000,44400,44400.0,488100,0
2026-08-06,SAB,44400,43700,44350,43700,43700.0,580800,0
2026-08-07,SAB,45300,43700,43700,44750,44750.0,782500,0
