Date,code,high,low,open,close,adjust,volume_match,value_match
2017-07-12,SCS,15460,15460,15460,15460,15460.0,200,3092000
2017-07-13,SCS,17770,13150,17770,17770,17770.0,2507320,44555076400
2017-07-14,SCS,20420,20420,20420,20420,20420.0,4470,91277400
2017-07-17,SCS,23480,21230,23480,23480,23480.0,134340,3154303200
2017-07-18,SCS,23450,19860,23350,22620,22620.0,60190,1361497800
2017-07-19,SCS,22620,19350,22620,21020,21020.0,37740,793294800
2017-07-20,SCS,21230,19350,21230,19530,19530.0,27978,546410340
2017-07-21,SCS,19750,18890,19750,18890,18890.0,38810,733120900
2017-07-24,SCS,19110,18830,18890,18830,18830.0,16720,314837600
2017-07-25,SCS,18520,16570,18260,16980,16980.0,59140,1004197200
2017-07-26,SCS,19110,17190,17190,18890,18890.0,32700,617703000
2017-07-27,SCS,19110,18310,18310,18480,18480.0,18022,333046560
2017-07-28,SCS,18600,18260,18600,18260,18260.0,15500,283030000
2017-07-31,SCS,19110,18320,19110,18320,18320.0,52520,962166400
2017-08-01,SCS,18820,15890,18480,18690,18690.0,35340,660504600
2017-08-02,SCS,18790,18060,18060,18770,18770.0,18500,347245000
2017-08-03,SCS,19110,18600,18690,19080,19080.0,24690,471085200
2017-08-04,SCS,19210,19080,19110,19180,19180.0,38560,739580800
2017-08-07,SCS,19270,19160,19160,19210,19210.0,14100,270861000
2017-08-08,SCS,21230,19240,19240,19440,19440.0,115056,2236688640
2017-08-09,SCS,20160,19750,19750,20090,20090.0,27910,560711900
2017-08-10,SCS,20290,19950,20160,20060,20060.0,30410,610024600
2017-08-11,SCS,20160,19460,20160,19470,19470.0,15900,309573000
2017-08-14,SCS,19460,19140,19460,19140,19140.0,5710,109289400
2017-08-15,SCS,19110,18890,19110,18920,18920.0,14560,275475200
2017-08-16,SCS,19320,19180,19320,19180,19180.0,17400,333732000
2017-08-17,SCS,19260,16379,19240,19180,19180.0,38000,728840000
2017-08-18,SCS,19200,19060,19110,19160,19160.0,8700,166692000
2017-08-21,SCS,19140,18980,19110,18980,18980.0,20600,390988000
2017-08-22,SCS,19180,19040,19040,19140,19140.0,3200,61248000
2017-08-23,SCS,19440,19080,19080,19110,19110.0,16810,321239100
2017-08-24,SCS,19210,19140,19160,19180,19180.0,17200,329896000
2017-08-25,SCS,19440,19210,19440,19210,19210.0,4700,90287000
2017-08-28,SCS,19530,19290,19530,19320,19320.0,22100,426972000
2017-08-29,SCS,19320,19160,19320,19210,19210.0,24320,467187200
2017-08-30,SCS,19240,19110,19240,19110,19110.0,13480,257602800
2017-08-31,SCS,19140,19080,19140,19110,19110.0,13810,263909100
2017-09-01,SCS,19000,18920,19000,18920,18920.0,4600,87032000
2017-09-05,SCS,19110,19060,19110,19080,19080.0,3200,61056000
2017-09-06,SCS,19040,18970,19040,18970,18970.0,1050,19918500
2017-09-07,SCS,19000,18970,19000,19000,19000.0,3790,72010000
2017-09-08,SCS,18940,18890,18940,18890,18890.0,9270,175110300
2017-09-11,SCS,19110,18890,19110,18890,18890.0,21900,413691000
2017-09-12,SCS,19110,19060,19060,19090,19090.0,11500,219535000
2017-09-13,SCS,19320,19110,19290,19180,19180.0,14270,273698600
2017-09-14,SCS,19210,18890,19210,19110,19110.0,16100,307671000
2017-09-15,SCS,19210,18690,18890,19160,19160.0,28630,548550800
2017-09-18,SCS,19360,19110,19360,19270,19270.0,43200,832464000
2017-09-19,SCS,19260,19210,19210,19240,19240.0,11700,225108000
2017-09-20,SCS,19260,19210,19210,19260,19260.0,30060,578955600
2017-09-21,SCS,19260,19210,19260,19240,19240.0,20520,394804800
2017-09-22,SCS,19240,19240,19240,19240,19240.0,15650,301106000
2017-09-25,SCS,19550,19240,19240,19320,19320.0,59930,1157847600
2017-09-26,SCS,19350,19210,19350,19240,19240.0,49300,948532000
2017-09-27,SCS,19240,19210,19240,19240,19240.0,740,14237600
2017-09-28,SCS,19280,19230,19230,19280,19280.0,76470,1474341600
2017-09-29,SCS,19340,19230,19250,19340,19340.0,22501,435169340
2017-10-02,SCS,21250,19280,19280,19790,19790.0,43760,866010400
2017-10-03,SCS,19870,16880,19850,19820,19820.0,9850,195227000
2017-10-04,SCS,19770,19760,19770,19760,19760.0,9140,180606400
2017-10-05,SCS,19670,19400,19670,19400,19400.0,11070,214758000
2017-10-06,SCS,19450,19190,19400,19360,19360.0,7740,149846400
2017-10-09,SCS,19250,19190,19250,19190,19190.0,1520,29168800
2017-10-10,SCS,19450,19190,19190,19450,19450.0,1650,32092500
2017-10-11,SCS,19870,19450,19450,19790,19790.0,159509,3156683110
2017-10-12,SCS,21040,19870,19870,20780,20780.0,569971,11843997380
2017-10-13,SCS,20830,19970,20830,20720,20720.0,43810,907743200
2017-10-16,SCS,21890,20690,20690,21560,21560.0,71160,1534209600
2017-10-17,SCS,22520,21670,22100,21670,21670.0,25470,551934900
2017-10-18,SCS,21670,21250,21250,21250,21250.0,28611,607983750
2017-10-19,SCS,21700,21250,21250,21560,21560.0,21330,459874800
2017-10-20,SCS,21860,21560,21560,21580,21580.0,61540,1328033200
2017-10-23,SCS,22100,21670,21670,21890,21890.0,32540,712300600
2017-10-24,SCS,22000,21810,21990,21930,21930.0,9720,213159600
2017-10-25,SCS,22200,21890,21990,22200,22200.0,21280,472416000
2017-10-26,SCS,22730,22200,22200,22400,22400.0,47690,1068256000
2017-10-27,SCS,22570,22410,22520,22570,22570.0,24710,557704700
2017-10-30,SCS,22710,22570,22590,22620,22620.0,33400,755508000
2017-10-31,SCS,22650,22590,22630,22630,22630.0,25040,566655200
2017-11-01,SCS,22650,22620,22620,22630,22630.0,24160,546740800
2017-11-02,SCS,22670,22150,22630,22520,22520.0,16640,374732800
2017-11-03,SCS,22740,22390,22740,22530,22530.0,23900,538467000
2017-11-06,SCS,23700,22740,22740,23380,23380.0,39920,933329600
2017-11-07,SCS,23810,22740,23810,23810,23810.0,33669,801658890
2017-11-08,SCS,25520,23810,23810,25290,25290.0,68740,1738434600
2017-11-09,SCS,26040,24930,25520,25520,25520.0,35779,913080080
2017-11-10,SCS,25580,25370,25470,25580,25580.0,47940,1226305200
2017-11-13,SCS,26040,25560,25800,26010,26010.0,20560,534765600
2017-11-14,SCS,26110,25890,25890,26010,26010.0,17540,456215400
2017-11-15,SCS,26010,25910,26010,25910,25910.0,1289290,33405503900
2017-11-16,SCS,25980,25800,25970,25940,25940.0,9976,258777440
2017-11-17,SCS,25940,22400,25940,25400,25400.0,30006,762152400
2017-11-20,SCS,26010,21950,25580,26010,26010.0,1754656,45638602560
2017-11-21,SCS,26190,22120,25610,26010,26010.0,28430,739464300
2017-11-22,SCS,26010,25630,25630,25980,25980.0,27150,705357000
2017-11-23,SCS,26070,25800,26010,25860,25860.0,31350,810711000
2017-11-24,SCS,25800,25580,25800,25800,25800.0,23330,601914000
2017-11-27,SCS,25800,25560,25560,25630,25630.0,6950,178128500
2017-11-28,SCS,29460,29370,29460,29370,29370.0,402520,11822012400
2017-11-29,SCS,29620,28990,29580,29370,29370.0,10970,322188900
2017-11-30,SCS,29370,28890,29370,29130,29130.0,1250,36412500
2017-12-01,SCS,29130,27660,28890,28150,28150.0,41690,1173573500
2017-12-04,SCS,28990,28410,28410,28410,28410.0,17060,484674600
2017-12-05,SCS,32800,28150,28510,28410,28410.0,455520,12941323200
2017-12-06,SCS,28420,28150,28410,28420,28420.0,49220,1398832400
2017-12-07,SCS,28410,28300,28410,28410,28410.0,44610,1267370100
2017-12-08,SCS,28410,28250,28410,28250,28250.0,1700,48025000
2017-12-11,SCS,28750,28250,28250,28410,28410.0,3231,91792710
2017-12-12,SCS,28440,28410,28440,28410,28410.0,34250,973042500
2017-12-13,SCS,28410,28150,28150,28150,28150.0,52248,1470781200
2017-12-14,SCS,32460,28150,28280,28170,28170.0,43033,1212239610
2017-12-15,SCS,28300,28190,28300,28190,28190.0,35102,989525380
2017-12-18,SCS,28410,28090,28410,28090,28090.0,52918,1486466620
2017-12-19,SCS,32310,28150,28150,28150,28150.0,7063,198823450
2017-12-20,SCS,36440,31160,31680,31440,31440.0,304400,9570336000
2017-12-21,SCS,36350,36040,36350,36060,36060.0,2590,93395400
2017-12-22,SCS,36650,36040,36130,36650,36650.0,8800,322520000
2017-12-25,SCS,36430,36320,36320,36430,36430.0,33443,1218328490
2017-12-26,SCS,38670,37000,37000,37950,37950.0,93586,3551588700
2017-12-27,SCS,38940,32470,38940,37950,37950.0,358240,13595208000
2017-12-28,SCS,38120,37950,38120,37950,37950.0,27833,1056262350
2017-12-29,SCS,39230,38600,38600,38900,38900.0,36460,1418294000
2018-01-02,SCS,39230,38550,38760,38550,38550.0,21020,810321000
2018-01-03,SCS,39900,38550,38550,38700,38700.0,70018,2709696600
2018-01-05,SCS,39240,33090,39240,39060,39060.0,513351,20051490060
2018-01-08,SCS,39150,38980,39130,39150,39150.0,18459,722669850
2018-01-09,SCS,39900,38930,39090,39900,39900.0,39216,1564718400
2018-01-10,SCS,40510,33520,39660,40510,40510.0,1521401,61631954510
2018-01-11,SCS,40510,34460,40510,40370,40370.0,1313610,53030435700
2018-01-12,SCS,40510,39240,40510,39860,39860.0,10359,412909740
2018-01-15,SCS,45290,35090,39540,39580,39580.0,429958,17017737640
2018-01-16,SCS,39690,39410,39410,39560,39560.0,15920,629795200
2018-01-17,SCS,39640,39280,39490,39610,39610.0,26020,1030652200
2018-01-18,SCS,39720,39410,39490,39560,39560.0,1864912,73775918720
2018-01-19,SCS,45660,39950,39950,40290,40290.0,24210,975420900
2018-01-22,SCS,41130,40920,40920,40920,40920.0,7830,320403600
2018-01-23,SCS,41470,41050,41050,41470,41470.0,11539,478522330
2018-01-24,SCS,44260,35100,41470,43690,43690.0,39800,1738862000
2018-01-25,SCS,44260,43600,43600,44260,44260.0,21010,929902600
2018-01-26,SCS,45400,43930,43930,45240,45240.0,27120,1226908800
2018-01-29,SCS,51910,45960,45960,51420,51420.0,108503,5579224260
2018-01-30,SCS,51870,50410,50410,51340,51340.0,32020,1643906800
2018-01-31,SCS,54390,51420,51420,54390,54390.0,441830,24031133700
2018-02-01,SCS,53740,45520,53740,50090,50090.0,24929,1248693610
2018-02-02,SCS,51240,43780,49750,51050,51050.0,26264,1340777200
2018-02-05,SCS,51090,49100,50740,49100,49100.0,20593,1011116300
2018-02-06,SCS,47760,42330,42330,46440,46440.0,68941,3201620040
2018-02-07,SCS,50940,47270,47270,49930,49930.0,6940,346514200
2018-02-08,SCS,48870,48270,48750,48750,48750.0,14170,690787500
2018-02-09,SCS,48430,47110,48430,48430,48430.0,6400,309952000
2018-02-12,SCS,50400,49140,49740,50720,50720.0,48083,2438769760
2018-02-13,SCS,51740,50050,50050,51700,51700.0,7900,408430000
2018-02-21,SCS,52250,51400,51700,52250,52250.0,14200,741950000
2018-02-22,SCS,52730,52060,52060,52330,52330.0,12130,634762900
2018-02-23,SCS,53740,52730,53740,53370,53370.0,19900,1062063000
2018-02-26,SCS,53570,52440,53530,52490,52490.0,16370,859261300
2018-02-27,SCS,53200,51440,53200,53030,53030.0,8320,441209600
2018-02-28,SCS,53230,52730,52730,53230,53230.0,14900,793127000
2018-03-01,SCS,53080,52400,52400,53080,53080.0,300,15924000
2018-03-02,SCS,53570,52400,52520,53400,53400.0,40910,2184594000
2018-03-05,SCS,54050,53480,53540,54050,54050.0,20310,1097755500
2018-03-06,SCS,55380,53860,53860,55380,55380.0,40570,2246766600
2018-03-07,SCS,55700,54500,54540,55700,55700.0,5458,304010600
2018-03-08,SCS,55210,54540,55140,54880,54880.0,9970,547153600
2018-03-09,SCS,54880,54540,54880,54840,54840.0,4400,241296000
2018-03-12,SCS,62740,53860,54240,54540,54540.0,20495,1117797300
2018-03-13,SCS,54640,53700,54540,53700,53700.0,35920,1928904000
2018-03-14,SCS,54200,53200,54200,53200,53200.0,3574,190136800
2018-03-15,SCS,53830,45680,52870,53600,53600.0,3490,187064000
2018-03-16,SCS,54200,53270,53270,54160,54160.0,45464,2462330240
2018-03-19,SCS,53860,45570,53830,53860,53860.0,10787,580987820
2018-03-20,SCS,55490,45790,54200,54310,54310.0,9140,496393400
2018-03-21,SCS,54540,54240,54240,54240,54240.0,7816,423939840
2018-03-22,SCS,54270,54200,54200,54240,54240.0,13780,747427200
2018-03-23,SCS,54540,54200,54200,54470,54470.0,31194,1699137180
2018-03-26,SCS,55540,54540,54540,55510,55510.0,20440,1134624400
2018-03-27,SCS,59560,55870,55870,59560,59560.0,54075,3220707000
2018-03-28,SCS,59400,58720,58720,59230,59230.0,2720,161105600
2018-03-29,SCS,59560,58230,58560,59260,59260.0,8030,475857800
2018-03-30,SCS,59560,58560,59560,58890,58890.0,7337,432075930
2018-04-02,SCS,61730,59320,59320,61570,61570.0,24527,1510127390
2018-04-03,SCS,64239,60900,60900,64239,64239.0,39500,2537440500
2018-04-04,SCS,66890,64580,66890,65580,65580.0,12420,814503600
2018-04-05,SCS,65319,61890,65319,63240,63240.0,10808,683497920
2018-04-06,SCS,63570,54000,61890,63570,63570.0,8990,571494300
2018-04-09,SCS,64580,63410,63470,64580,64580.0,22130,1429155400
2018-04-10,SCS,65580,64910,64910,65580,65580.0,24746,1622842680
2018-04-11,SCS,65880,64580,65250,65850,65850.0,25270,1664029500
2018-04-12,SCS,66420,57220,57220,66250,66250.0,28770,1906012500
2018-04-13,SCS,66590,62270,62270,66250,66250.0,23031,1525803750
2018-04-16,SCS,65920,63900,64069,65750,65750.0,5130,337297500
2018-04-17,SCS,66250,64910,65250,66180,66180.0,7185,475503300
2018-04-18,SCS,64950,64580,64950,64950,64950.0,1100,71445000
2018-04-19,SCS,63570,61890,63570,61890,61890.0,4800,297072000
2018-04-20,SCS,63570,62000,62000,62560,62560.0,2905,181736800
2018-04-23,SCS,63570,62900,63570,62900,62900.0,10350,651015000
2018-04-24,SCS,62900,60230,61570,60900,60900.0,7675,467407500
2018-04-26,SCS,63570,59880,61200,59880,59880.0,5172,309699360
2018-04-27,SCS,59880,56890,59880,56890,56890.0,6587,374734430
2018-05-02,SCS,57880,53540,55540,56530,56530.0,4380,247601400
2018-05-03,SCS,57880,56530,57880,57880,57880.0,100,5788000
2018-05-04,SCS,57530,54200,54200,57530,57530.0,2790,160508700
2018-05-07,SCS,55580,55040,55540,55580,55580.0,3270,181746600
2018-05-08,SCS,56620,55580,55580,56250,56250.0,1050,59062500
2018-05-09,SCS,58560,55210,55210,58230,58230.0,24015,1398393450
2018-05-10,SCS,65920,57050,59060,57050,57050.0,3960,225918000
2018-05-11,SCS,57540,56380,57540,56710,56710.0,1400,79394000
2018-05-14,SCS,57220,56230,56230,56810,56810.0,15970,907255700
2018-05-15,SCS,56250,55540,56230,55870,55870.0,8780,490538600
2018-05-16,SCS,56890,55540,56890,56250,56250.0,9351,525993750
2018-05-17,SCS,56480,56230,56380,56380,56380.0,13551,764005380
2018-05-18,SCS,56380,55380,55700,56340,56340.0,17209,969555060
2018-05-21,SCS,56530,56230,56230,56530,56530.0,22500,1271925000
2018-05-22,SCS,55870,55210,55700,55870,55870.0,16400,916268000
2018-05-23,SCS,55470,54880,55380,55300,55300.0,25133,1389854900
2018-05-24,SCS,56890,55210,55380,55340,55340.0,8605,476200700
2018-05-25,SCS,55210,54200,55210,54200,54200.0,400,21680000
2018-05-28,SCS,53860,50620,50690,50620,50620.0,1930,97696600
2018-05-29,SCS,50520,50090,50210,50520,50520.0,41704,2106886080
2018-05-30,SCS,50520,50520,50520,50520,50520.0,8920,450638400
2018-05-31,SCS,50390,49850,50180,50180,50180.0,18724,939570320
2018-06-01,SCS,50210,49520,50170,50210,50210.0,16150,810891500
2018-06-04,SCS,54200,50210,50210,54160,54160.0,48313,2616632080
2018-06-05,SCS,54200,53860,53860,54200,54200.0,9300,504060000
2018-06-06,SCS,56890,54200,54200,56850,56850.0,17425,990611250
2018-06-07,SCS,58720,55540,56890,57880,57880.0,25329,1466042520
2018-06-08,SCS,57050,55540,56970,56890,56890.0,20651,1174835390
2018-06-11,SCS,58560,56530,56850,57590,57590.0,10226,588915340
2018-06-12,SCS,57540,56890,57540,57220,57220.0,7100,406262000
2018-06-13,SCS,57540,57220,57220,57220,57220.0,5201,297601220
2018-06-14,SCS,58890,56530,56530,57880,57880.0,17490,1012321200
2018-06-15,SCS,57540,57540,57540,57540,57540.0,301,17319540
2018-06-18,SCS,58560,57720,58560,57880,57880.0,4387,253919560
2018-06-19,SCS,58230,55210,56890,55580,55580.0,13939,774729620
2018-06-20,SCS,57540,54700,56300,57390,57390.0,8898,510656220
2018-06-21,SCS,57880,57220,57220,57220,57220.0,14800,846856000
2018-06-22,SCS,58560,57390,57390,58560,58560.0,11626,680818560
2018-06-25,SCS,60560,55540,55540,60410,60410.0,9050,546710500
2018-06-26,SCS,60870,59910,59910,60700,60700.0,13000,789100000
2018-06-27,SCS,60870,60230,60230,60710,60710.0,14805,898811550
2018-06-28,SCS,62240,60560,60560,62240,62240.0,43216,2689763840
2018-06-29,SCS,62240,61700,61700,61700,61700.0,15685,967764500
2018-07-02,SCS,60230,60230,60230,60230,60230.0,155,9335650
2018-07-03,SCS,60410,58560,58560,60230,60230.0,10862,654218260
2018-07-04,SCS,60560,59880,59880,60560,60560.0,5020,304011200
2018-07-05,SCS,60900,53540,60410,60230,60230.0,34900,2102027000
2018-07-06,SCS,60230,57880,57880,60230,60230.0,43170,2600129100
2018-07-09,SCS,60490,60200,60200,60230,60230.0,48800,2939224000
2018-07-10,SCS,60230,59400,60230,60230,60230.0,24780,1492499400
2018-07-11,SCS,59550,59210,59550,59210,59210.0,290,17170900
2018-07-12,SCS,59370,56480,57840,57840,57840.0,5330,308287200
2018-07-13,SCS,57840,57510,57840,57510,57510.0,1700,97767000
2018-07-16,SCS,57750,57750,57750,57750,57750.0,0,0
2018-07-17,SCS,57170,55900,55900,57170,57170.0,6060,346450200
2018-07-18,SCS,57840,56480,56820,56480,56480.0,7635,431224800
2018-07-19,SCS,56670,56480,56670,56670,56670.0,11190,634137300
2018-07-20,SCS,56690,56300,56690,56300,56300.0,6655,374676500
2018-07-23,SCS,56820,56300,56480,56480,56480.0,11713,661550240
2018-07-24,SCS,56980,56300,56300,56980,56980.0,4450,253561000
2018-07-25,SCS,58180,56820,56820,57330,57330.0,12110,694266300
2018-08-03,SCS,59880,57840,59210,58020,54874.67578125,11860,688117200
2018-08-06,SCS,59170,57840,57840,59170,55968.93359375,20580,1217718600
2018-08-07,SCS,58530,58180,58180,58490,55325.24609375,24340,1423646600
2018-08-08,SCS,58490,57870,57870,58180,55035.58984375,21610,1257269800
2018-08-09,SCS,58350,57840,58180,57840,54713.74609375,18840,1089705600
2018-08-10,SCS,58350,57840,57840,58350,55196.51953125,6630,386860500
2018-08-13,SCS,58690,57840,58350,58530,55357.44140625,11510,673680300
2018-08-14,SCS,58530,58020,58020,58220,55067.765625,2520,146714400
2018-08-15,SCS,57840,57670,57840,57840,54713.74609375,700,40488000
2018-08-16,SCS,58180,57670,57840,57840,54713.74609375,1510,87338400
2018-08-17,SCS,58530,57840,57840,57840,54713.74609375,51000,2949840000
2018-08-20,SCS,57840,57810,57840,57840,54713.74609375,5310,307130400
2018-08-21,SCS,58180,57700,57840,57840,54713.74609375,35130,2031919200
2018-08-22,SCS,58180,57670,58020,57840,54713.74609375,32600,1885584000
2018-08-23,SCS,58020,55450,55450,57840,54713.74609375,5100,294984000
2018-08-24,SCS,57840,57670,57840,57670,54552.828125,2750,158592500
2018-08-27,SCS,57810,57510,57510,57810,54681.55859375,2080,120244800
2018-08-28,SCS,57670,57510,57510,57510,54391.89453125,11630,668841300
2018-08-29,SCS,57510,57170,57510,57170,54070.05859375,11450,654596500
2018-08-30,SCS,57190,57170,57170,57170,54070.05859375,11070,632871900
2018-08-31,SCS,57510,54440,57510,56770,53716.01953125,1870,106159900
2018-09-04,SCS,56980,56820,56980,56820,53748.203125,2600,147732000
2018-09-05,SCS,56980,56480,56820,56820,53748.203125,8660,492061200
2018-09-06,SCS,56480,54440,56480,55450,52460.8203125,11130,617158500
2018-09-07,SCS,54780,54470,54780,54700,51752.765625,17870,977489000
2018-09-10,SCS,55120,53970,55120,53970,51044.70703125,1400,75558000
2018-09-11,SCS,55450,53930,53930,54110,51173.4375,9670,523243700
2018-09-12,SCS,54440,54070,54110,54240,51302.19140625,21870,1186228800
2018-09-13,SCS,54310,53930,54270,53930,51012.51953125,3610,194687300
2018-09-14,SCS,53760,52920,52920,52930,50079.1640625,10380,549413400
2018-09-17,SCS,52970,52390,52930,52730,49886.0546875,15470,815733100
2018-09-18,SCS,52920,51030,52730,51030,48276.8359375,24950,1273198500
2018-09-19,SCS,51370,50350,51370,51000,48244.6484375,6490,330990000
2018-09-20,SCS,52050,51030,51030,51030,48276.8359375,5580,284747400
2018-09-21,SCS,52730,51030,51030,51720,48920.52734375,23450,1212834000
2018-09-24,SCS,52350,51720,51720,51880,49081.44921875,2190,113617200
2018-09-25,SCS,52390,51720,52240,51880,49081.44921875,7360,381836800
2018-09-26,SCS,52240,51200,51200,52030,49210.18359375,4290,223208700
2018-09-27,SCS,52050,51720,52050,51960,49145.8125,7810,405807600
2018-09-28,SCS,51920,51720,51880,51760,48952.7109375,2940,152174400
2018-10-01,SCS,52240,51030,51720,52240,49403.28515625,3750,195900000
2018-10-02,SCS,52390,51200,52390,51880,49081.44921875,17090,886629200
2018-10-03,SCS,51790,51230,51230,51720,48920.52734375,1680,86889600
2018-10-04,SCS,51720,51030,51720,51720,48920.52734375,5350,276702000
2018-10-05,SCS,51720,48660,50700,51030,48276.8359375,28420,1450272600
2018-10-08,SCS,51030,47630,49360,51030,48276.8359375,25730,1313001900
2018-10-09,SCS,51030,49690,51030,50970,48212.46484375,3750,191137500
2018-10-10,SCS,50350,49690,49720,50350,47633.140625,550,27692500
2018-10-11,SCS,49340,46950,49340,49000,46345.76171875,17860,875140000
2018-10-12,SCS,49000,47710,47710,48660,46023.9140625,2530,123109800
2018-10-15,SCS,48660,47810,48660,47810,45219.296875,250,11952500
2018-10-16,SCS,48460,44580,48460,47980,45380.23046875,31980,1534400400
2018-10-17,SCS,48020,46950,47980,46950,44414.68359375,5410,253999500
2018-10-18,SCS,47840,43890,46950,46260,43770.9921875,77940,3605504400
2018-10-19,SCS,48660,43210,48660,47140,44575.609375,80500,3794770000
2018-10-22,SCS,47630,47140,47140,47300,44736.5390625,7030,332519000
2018-10-23,SCS,47810,47300,47300,47710,45122.7421875,15310,730440100
2018-10-24,SCS,49140,47630,49140,47980,45380.23046875,10340,496113200
2018-10-25,SCS,47980,46260,46260,47980,45380.23046875,11470,550330600
2018-10-26,SCS,47980,47140,47980,47730,45154.92578125,1260,60139800
2018-10-29,SCS,50010,47710,47730,50010,47311.2890625,27350,1367773500
2018-10-30,SCS,50010,47670,50010,49690,46989.4453125,720,35776800
2018-10-31,SCS,50010,48490,50010,49340,46667.59765625,5400,266436000
2018-11-01,SCS,50180,48350,50080,49930,47214.734375,2090,104353700
2018-11-02,SCS,51540,50330,50350,51540,48759.6015625,20480,1055539200
2018-11-05,SCS,52560,49440,52050,51540,48759.6015625,2170,111841800
2018-11-06,SCS,51030,50520,51030,50700,47954.98828125,4660,236262000
2018-11-07,SCS,50700,50010,50010,50350,47633.140625,3860,194351000
2018-11-08,SCS,50560,50010,50010,50520,47794.06640625,2140,108112800
2018-11-09,SCS,50700,50350,50350,50600,47858.43359375,1490,75394000
2018-11-12,SCS,50490,50010,50040,50490,47761.87890625,2480,125215200
2018-11-13,SCS,50010,50010,50010,50010,47311.2890625,890,44508900
2018-11-14,SCS,50010,50010,50010,50010,47311.2890625,1000,50010000
2018-11-15,SCS,51030,50010,50010,51030,48276.8359375,19040,971611200
2018-11-16,SCS,51200,50350,50350,51030,48276.8359375,7530,384255900
2018-11-19,SCS,52560,50390,52050,52030,49210.18359375,4710,245061300
2018-11-20,SCS,51200,50420,50420,51030,48276.8359375,3580,182687400
2018-11-21,SCS,51030,50420,50490,51030,48276.8359375,5160,263314800
2018-11-22,SCS,51030,50420,50490,51030,48276.8359375,11550,589396500
2018-11-23,SCS,51030,50700,51030,50700,47954.98828125,160,8112000
2018-11-26,SCS,51070,50460,51000,51030,48276.8359375,30180,1540085400
2018-11-27,SCS,51030,50560,51030,50560,47826.25390625,8250,417120000
2018-11-28,SCS,51200,50700,51030,50720,47987.171875,8310,421483200
2018-11-29,SCS,51070,50810,51070,51030,48276.8359375,13570,692477100
2018-11-30,SCS,51140,51030,51030,51140,48373.38671875,18250,933305000
2018-12-03,SCS,52050,51030,52050,51200,48437.75390625,9270,474624000
2018-12-04,SCS,51720,51120,51720,51370,48598.6796875,2970,152568900
2018-12-05,SCS,52030,51070,52030,51070,48309.01171875,5320,271692400
2018-12-06,SCS,53050,51030,51030,52730,49886.0546875,22570,1190116100
2018-12-07,SCS,52730,52710,52730,52730,49886.0546875,5980,315325400
2018-12-10,SCS,52730,51070,52730,51230,48469.9453125,3310,169571300
2018-12-11,SCS,52730,51540,52730,52440,49596.40234375,11590,607779600
2018-12-12,SCS,52670,51480,52670,51650,49596.40234375,40090,2070648500
2018-12-13,SCS,52560,51070,52500,52050,49242.375,2460,128043000
2018-12-14,SCS,52730,52190,52710,52280,49435.484375,6340,331455200
2018-12-17,SCS,51720,51230,51230,51340,48566.5,15150,777801000
2018-12-18,SCS,52600,51900,52600,51900,49093.671875,2840,147396000
2018-12-19,SCS,52710,51230,52710,51550,48764.1875,17380,895939000
2018-12-20,SCS,51550,51320,51550,51550,48764.1875,17700,912435000
2018-12-21,SCS,51200,50680,51200,50860,48105.21484375,18020,916497200
2018-12-24,SCS,49460,48590,49250,48930,46293.03125,8160,399268800
2018-12-25,SCS,48930,47230,48930,48410,45798.79296875,1120,54219200
2018-12-26,SCS,48770,45290,48770,48410,45798.79296875,14610,707270100
2018-12-27,SCS,50470,48410,50470,48410,45798.79296875,270,13070700
2018-12-28,SCS,50170,47370,47370,50170,45798.79296875,26770,1343050900
2019-01-02,SCS,50470,48770,50470,48770,46128.27734375,810,39503700
2019-01-03,SCS,50130,48730,50130,49130,46457.77734375,4170,204872100
2019-01-04,SCS,50440,48250,50440,49130,46457.77734375,4590,225506700
2019-01-07,SCS,50400,49140,50400,49140,46490.71484375,860,42260400
2019-01-08,SCS,49930,49130,49130,49140,46490.71484375,680,33415200
2019-01-09,SCS,49290,48460,48460,49290,46622.515625,1880,92665200
2019-01-10,SCS,50130,48800,50130,49130,46457.77734375,4150,203889500
2019-01-11,SCS,49210,48930,49210,48930,46293.03125,2280,111560400
2019-01-14,SCS,49760,48770,48850,48770,46128.27734375,13210,644251700
2019-01-15,SCS,49740,48770,48770,49740,47050.8515625,11500,572010000
2019-01-16,SCS,49740,48770,49740,49290,46622.515625,12710,626475900
2019-01-17,SCS,49430,49130,49430,49130,46457.77734375,17790,874022700
2019-01-18,SCS,49640,49130,49130,49640,46952.0,10330,512781200
2019-01-21,SCS,49600,49130,49130,49290,46622.515625,640,31545600
2019-01-22,SCS,49350,49180,49250,49290,46622.515625,1530,75413700
2019-01-23,SCS,49800,49130,49290,49800,47116.7421875,10380,516924000
2019-01-24,SCS,49800,49640,49800,49800,47116.7421875,720,35856000
2019-01-25,SCS,49800,49290,49800,49800,47116.7421875,8000,398400000
2019-01-28,SCS,50790,49290,50790,49460,46787.2578125,8540,422388400
2019-01-29,SCS,49640,49460,49460,49460,46787.2578125,650,32149000
2019-01-30,SCS,50170,49460,49460,50170,47446.234375,11570,580466900
2019-01-31,SCS,50510,50170,50170,50510,47775.71875,4310,217698100
2019-02-01,SCS,50510,50170,50510,50170,47446.234375,2300,115391000
2019-02-11,SCS,51550,50020,50020,50180,47479.1875,1040,52187200
2019-02-12,SCS,51110,50510,50860,50860,48105.21484375,3940,200388400
2019-02-13,SCS,51200,50180,51200,50860,48105.21484375,6000,305160000
2019-02-14,SCS,51110,51000,51000,51110,48335.85546875,2510,128286100
2019-02-15,SCS,50960,50170,50610,50960,48204.0625,2500,127400000
2019-02-18,SCS,51550,51370,51510,51370,48204.0625,500,25685000
2019-02-19,SCS,50610,50540,50540,50610,47874.56640625,530,26823300
2019-02-20,SCS,50860,50510,50610,50860,48105.21484375,8600,437396000
2019-02-21,SCS,50610,49850,49850,50510,47775.71875,31460,1589044600
2019-02-22,SCS,51200,50510,50510,50860,48105.21484375,10830,550813800
2019-02-25,SCS,51020,50510,51020,51020,48269.953125,3630,185202600
2019-02-26,SCS,51170,50540,51110,50540,47808.67578125,1000,50540000
2019-02-27,SCS,51000,50510,51000,50820,48072.265625,530,26934600
2019-02-28,SCS,50860,50820,50860,50860,48105.21484375,31040,1578694400
2019-03-01,SCS,50860,50820,50860,50860,48105.21484375,34010,1729748600
2019-03-04,SCS,50960,50020,50860,50860,48105.21484375,8580,436378800
2019-03-05,SCS,50900,49800,49800,50860,48105.21484375,35720,1816719200
2019-03-06,SCS,51000,50860,50860,50860,48105.21484375,9290,472489400
2019-03-07,SCS,51230,50860,50860,51170,48401.75390625,19290,987069300
2019-03-08,SCS,51170,50680,51170,50680,48401.75390625,2120,107441600
2019-03-11,SCS,50860,50860,50860,50860,48105.21484375,20440,1039578400
2019-03-12,SCS,51510,51510,51510,51510,48731.234375,10,515100
2019-03-13,SCS,51620,50900,51510,51580,48797.13671875,35650,1838827000
2019-03-14,SCS,52600,51580,51580,51660,48863.03125,10980,567226800
2019-03-15,SCS,52550,51660,51660,52550,49719.703125,14420,757771000
2019-03-18,SCS,56230,52550,52550,55730,52718.046875,24690,1375973700
2019-03-19,SCS,55730,55040,55730,55730,52718.046875,20760,1156954800
2019-03-20,SCS,55730,52320,55690,55730,52718.046875,3820,212888600
2019-03-21,SCS,57790,55040,55040,57790,54662.02734375,67840,3920473600
2019-03-22,SCS,56760,55730,56760,55730,52718.046875,21290,1186491700
2019-03-25,SCS,55730,55380,55730,55730,52718.046875,18830,1049395900
2019-03-26,SCS,55730,55380,55730,55730,52718.046875,22040,1228289200
2019-03-27,SCS,55900,55730,55730,55730,52718.046875,8990,501012700
2019-03-28,SCS,55900,55380,55380,55730,52718.046875,5250,292582500
2019-03-29,SCS,55730,55730,55730,55730,52718.046875,4190,233508700
2019-04-01,SCS,55900,55730,55730,55900,52882.78515625,8040,449436000
2019-04-02,SCS,56150,55730,56080,56100,53080.47265625,20920,1173612000
2019-04-03,SCS,55730,55730,55730,55730,52718.046875,17170,956884100
2019-04-04,SCS,55770,55730,55730,55730,52718.046875,10520,586279600
2019-04-05,SCS,55800,55040,55040,55730,52718.046875,30360,1691962800
2019-04-08,SCS,55900,55730,55730,55730,52718.046875,12080,673218400
2019-04-09,SCS,56080,55730,55730,55970,52948.67578125,11480,642535600
2019-04-10,SCS,56760,56010,56060,56360,53311.125,31420,1770831200
2019-04-11,SCS,56440,55970,56360,56440,53377.01171875,4660,263010400
2019-04-12,SCS,56440,55730,56440,56360,53311.125,1940,109338400
2019-04-16,SCS,55970,55730,55730,55970,52948.67578125,12480,698505600
2019-04-17,SCS,55970,55770,55770,55970,52948.67578125,8090,452797300
2019-04-18,SCS,56060,55730,55900,55970,52948.67578125,4650,260260500
2019-04-19,SCS,55970,55770,55900,55770,52750.97265625,3950,220291500
2019-04-22,SCS,57090,55210,55770,55300,52322.65234375,13360,738808000
2019-04-23,SCS,55900,55690,55690,55730,52718.046875,48590,2707920700
2019-04-24,SCS,56080,55730,56080,55770,52750.97265625,6570,366408900
2019-04-25,SCS,56080,55730,56080,56010,52981.62890625,3530,197715300
2019-04-26,SCS,56440,55730,55730,56440,53377.01171875,9420,531664800
2019-05-02,SCS,57430,56390,56440,56440,53377.01171875,3940,222373600
2019-05-03,SCS,56440,55730,56440,56440,53377.01171875,78290,4418687600
2019-05-06,SCS,56440,55770,56440,56440,53377.01171875,470,26526800
2019-05-07,SCS,56440,55730,55730,56440,53377.01171875,7070,399030800
2019-05-08,SCS,59230,56080,56080,56610,53541.7578125,26280,1487710800
2019-05-09,SCS,56610,56440,56440,56610,53541.7578125,14110,798767100
2019-05-10,SCS,56440,56260,56260,56440,53377.01171875,510,28784400
2019-05-13,SCS,56440,56080,56080,56080,53047.5234375,10250,574820000
2019-05-14,SCS,56230,55770,55770,56230,53179.3203125,7350,413290500
2019-05-15,SCS,57120,56100,57120,56100,53080.47265625,6260,351186000
2019-05-16,SCS,56760,55770,55900,56760,53706.5,3410,193551600
2019-05-17,SCS,56760,56760,56760,56760,53706.5,2000,113520000
2019-05-20,SCS,56730,56080,56080,56080,53047.5234375,960,53836800
2019-05-21,SCS,56360,56080,56100,56100,53080.47265625,3660,205326000
2019-05-22,SCS,56190,55900,55900,55900,52882.78515625,8290,463411000
2019-05-23,SCS,56360,55730,55900,56360,53311.125,7380,415936800
2019-05-24,SCS,60270,56360,57480,57480,54365.4765625,169700,9754356000
2019-05-27,SCS,58520,57480,57480,58520,55353.9453125,700,40964000
2019-05-28,SCS,56760,56440,56440,56760,53706.5,5090,288908400
2019-05-29,SCS,56760,56440,56760,56440,53377.01171875,3190,180043600
2019-05-30,SCS,57090,56360,56360,57090,54003.04296875,11270,643404300
2019-05-31,SCS,57090,57090,57090,57090,54003.04296875,0,0
2019-06-03,SCS,57090,55900,57090,55900,52882.78515625,1430,79937000
2019-06-04,SCS,55800,55800,55800,55800,52783.94140625,1240,69192000
2019-06-05,SCS,57740,56060,57120,56060,53020.03515625,23960,1343197600
2019-06-06,SCS,57400,56060,56060,57050,53964.4140625,20360,1161538000
2019-06-07,SCS,56500,56500,56500,56500,53458.4921875,150,8475000
2019-06-10,SCS,57120,56090,56330,57120,54031.8671875,520,29702400
2019-06-11,SCS,57120,56200,57120,57010,53930.67578125,2040,116300400
2019-06-12,SCS,56700,56330,56450,56700,53627.1328125,410,23247000
2019-06-13,SCS,56700,55730,55800,56700,53627.1328125,10320,585144000
2019-06-14,SCS,57380,57050,57050,57160,54065.58984375,11200,640192000
2019-06-17,SCS,60580,57050,58480,57050,53964.4140625,2520,143766000
2019-06-18,SCS,57190,57050,57050,57190,54099.328125,5490,313973100
2019-06-19,SCS,57240,57090,57190,57090,53998.12109375,5730,327125700
2019-06-20,SCS,57120,56720,57050,57120,54031.8671875,5710,326155200
2019-06-21,SCS,57540,57120,57120,57120,54031.8671875,6670,380990400
2019-06-24,SCS,57120,56060,56330,57050,53964.4140625,9950,567647500
2019-06-25,SCS,57120,56910,57050,57120,54031.8671875,21150,1208088000
2019-06-26,SCS,57090,55270,57050,55270,52278.01171875,10660,589178200
2019-06-27,SCS,57190,55450,55450,57050,53964.4140625,8000,456400000
2019-06-28,SCS,57400,56330,57050,57400,54301.68359375,6510,373674000
2019-07-01,SCS,57380,55980,57380,57050,53964.4140625,3070,175143500
2019-07-02,SCS,57050,56020,56020,57050,53964.4140625,5210,297230500
2019-07-03,SCS,57050,57050,57050,57050,53964.4140625,700,39935000
2019-07-04,SCS,56680,56420,56680,56420,53964.4140625,4800,270816000
2019-07-05,SCS,57010,57010,57010,57010,53964.4140625,10,570100
2019-07-08,SCS,57010,56700,57010,56700,53964.4140625,2080,117936000
2019-07-09,SCS,57010,56700,56700,56700,53964.4140625,3800,215460000
2019-07-10,SCS,56700,56090,56700,56700,53964.4140625,160,9072000
2019-07-11,SCS,56970,56540,56970,56540,53964.4140625,460,26008400
2019-07-12,SCS,56540,53450,56540,55270,53964.4140625,13660,754988200
2019-07-15,SCS,56910,55340,56540,56760,53694.58203125,3130,177658800
2019-07-16,SCS,56760,56500,56760,56500,53458.4921875,7430,419795000
2019-07-17,SCS,56680,56290,56330,56680,53593.40234375,270,15303600
2019-07-18,SCS,56680,56590,56680,56630,53559.67578125,6860,388481800
2019-07-19,SCS,56680,56680,56680,56680,53593.40234375,100,5668000
2019-07-22,SCS,55870,55800,55800,55830,52817.66015625,4340,242302200
2019-07-23,SCS,56700,55480,55830,55830,52817.66015625,4610,257376300
2019-07-24,SCS,56330,55910,55910,55980,52952.58203125,24150,1351917000
2019-07-25,SCS,56330,55910,56020,56330,52952.58203125,2880,162230400
2019-07-26,SCS,56330,55620,56330,55620,52952.58203125,5800,322596000
2019-07-29,SCS,55980,55830,55980,55980,52952.58203125,8160,456796800
2019-07-30,SCS,56500,55270,56160,55270,52952.58203125,6110,337699700
2019-07-31,SCS,55480,55270,55300,55450,52446.65234375,13820,766319000
2019-08-01,SCS,55550,55270,55270,55300,52311.73828125,8380,463414000
2019-08-02,SCS,55980,55270,55300,55980,52952.58203125,7580,424328400
2019-08-05,SCS,55620,55270,55620,55420,52412.93359375,2250,124695000
2019-08-06,SCS,55620,55270,55270,55450,52412.93359375,9780,542301000
2019-08-07,SCS,56330,55380,55270,55910,52885.11328125,6320,353351200
2019-08-08,SCS,55770,55620,55620,55770,52750.20703125,8520,475160400
2019-08-09,SCS,55980,55620,55620,55730,52750.20703125,7960,443610800
2019-08-12,SCS,56290,55770,55770,55980,52952.58203125,2610,146107800
2019-08-13,SCS,57050,56090,56680,56090,53053.75390625,3750,210337500
2019-08-14,SCS,56160,55980,55980,55980,52952.58203125,7240,405295200
2019-08-15,SCS,56680,55770,55980,56680,53593.40234375,14200,804856000
2019-08-16,SCS,56330,55730,56330,56160,53121.2109375,1280,71884800
2019-08-19,SCS,56160,55980,55980,56160,53121.2109375,10800,606528000
2019-08-20,SCS,56160,55620,55620,55980,53121.2109375,19160,1072576800
2019-08-21,SCS,56160,55870,56160,55980,52952.58203125,19750,1105605000
2019-08-22,SCS,56160,55910,56160,55980,52952.58203125,14580,816188400
2019-08-23,SCS,57050,55830,55830,57010,53930.67578125,11090,632240900
2019-08-26,SCS,56700,56380,56700,56380,53323.578125,10550,594809000
2019-08-27,SCS,56700,56480,56700,56480,53424.7734375,8910,503236800
2019-08-28,SCS,56500,56200,56500,56200,53154.94140625,3390,190518000
2019-08-29,SCS,56330,56090,56330,56110,53087.48046875,10180,571199800
2019-08-30,SCS,56160,56060,56110,56160,53121.2109375,6840,384134400
2019-09-03,SCS,56020,55620,55620,56020,52986.30859375,4330,242566600
2019-09-04,SCS,56060,55730,55730,55980,52952.58203125,6670,373386600
2019-09-05,SCS,56160,55980,55980,56160,53121.2109375,3020,169603200
2019-09-06,SCS,56160,55950,56160,55980,52952.58203125,17780,995324400
2019-09-09,SCS,56200,55980,55980,55980,52952.58203125,2940,164581200
2019-09-10,SCS,56380,55980,55980,56330,53289.8515625,24000,1351920000
2019-09-11,SCS,56200,56020,56090,56200,53154.94140625,7140,401268000
2019-09-12,SCS,56480,56200,56200,56330,53289.8515625,3740,210674200
2019-09-13,SCS,56500,55980,56160,56020,52986.30859375,12740,713694800
2019-09-16,SCS,57050,56020,56020,57050,53964.4140625,59890,3416724500
2019-09-17,SCS,57830,57050,57050,57830,54706.421875,100340,5802662200
2019-09-18,SCS,59550,58830,58830,59440,56224.17578125,8580,509995200
2019-09-19,SCS,59510,58830,59510,59190,55988.07421875,3660,216635400
2019-09-20,SCS,59020,58660,58830,58980,55785.7109375,12590,742558200
2019-09-23,SCS,58980,57760,58980,57870,54740.15234375,13020,753467400
2019-09-24,SCS,57800,57290,57760,57290,54200.5,3020,173015800
2019-09-25,SCS,57240,56630,57240,57240,54133.046875,19200,1099008000
2019-09-26,SCS,58480,57240,57380,57400,54301.68359375,7990,458626000
2019-09-27,SCS,57760,56720,57540,57380,54267.96484375,8350,479123000
2019-09-30,SCS,58020,57050,57380,57830,54706.421875,6560,379364800
2019-10-01,SCS,58270,57490,57490,58150,55009.96484375,6220,361693000
2019-10-02,SCS,58480,57800,58150,57800,54672.69140625,23200,1340960000
2019-10-03,SCS,58100,57760,57830,58100,54976.23828125,9410,546721000
2019-10-04,SCS,58830,57760,58810,58060,54908.78515625,6130,355907800
2019-10-07,SCS,58480,57940,58100,58480,55313.5234375,8750,511700000
2019-10-08,SCS,58480,57900,58480,58370,55212.3359375,6600,385242000
2019-10-09,SCS,58370,58100,58370,58270,55111.16015625,11090,646214300
2019-10-10,SCS,58270,57050,58270,57690,54571.51171875,3260,188069400
2019-10-11,SCS,57760,57270,57760,57270,54166.76953125,980,56124600
2019-10-14,SCS,57270,56720,57270,57240,54133.046875,12880,737251200
2019-10-15,SCS,60540,56720,57050,57740,54605.234375,12490,721172600
2019-10-16,SCS,57590,57380,57400,57590,54470.32421875,19600,1128764000
2019-10-17,SCS,57540,56700,57540,56840,53762.0390625,5300,301252000
2019-10-18,SCS,57050,56330,57010,56330,53289.8515625,7750,436557500
2019-10-21,SCS,56760,56480,56480,56700,53627.1328125,14440,818748000
2019-10-22,SCS,58100,57050,57240,57380,54267.96484375,4770,273702600
2019-10-23,SCS,57380,57290,57380,57380,54267.96484375,3190,183042200
2019-10-24,SCS,57330,57050,57270,57050,53964.4140625,7080,403914000
2019-10-25,SCS,57050,56700,57050,57010,53930.67578125,17730,1010787300
2019-10-28,SCS,57010,56540,57010,56700,53627.1328125,1510,85617000
2019-10-29,SCS,56700,56500,56500,56700,53627.1328125,1800,102060000
2019-10-30,SCS,56700,56540,56700,56700,53627.1328125,10330,585711000
2019-10-31,SCS,57420,55430,57420,55610,52595.8359375,41470,2306146700
2019-11-01,SCS,55610,54550,55610,54720,51770.80859375,16730,915465600
2019-11-04,SCS,55240,54510,54720,54720,51770.80859375,8650,473328000
2019-11-05,SCS,55240,54880,54880,55060,52080.19921875,6490,357339400
2019-11-06,SCS,55210,54880,55060,54880,51908.30859375,7080,388550400
2019-11-07,SCS,54880,53430,54880,54510,51564.54296875,7950,433354500
2019-11-08,SCS,54510,54140,54510,54510,51564.54296875,1570,85580700
2019-11-11,SCS,54510,54340,54510,54440,51495.80078125,31540,1717037600
2019-11-12,SCS,55380,54340,54510,54510,51564.54296875,5930,323244300
2019-11-13,SCS,55060,54510,54510,54510,51564.54296875,1140,62141400
2019-11-14,SCS,54510,54140,54510,54140,51220.78125,690,37356600
2019-11-15,SCS,54510,52320,54140,54470,51530.171875,6490,353510300
2019-11-18,SCS,54510,53710,54510,53710,50808.26953125,7840,421086400
2019-11-19,SCS,53790,53060,53790,53430,50533.26171875,6990,373475700
2019-11-20,SCS,53430,53240,53430,53430,50533.26171875,7090,378818700
2019-11-21,SCS,55240,53430,53600,53430,50533.26171875,3520,188073600
2019-11-22,SCS,53600,52150,53600,52150,49330.08984375,4320,225288000
2019-11-25,SCS,51980,49780,51980,50510,47783.14453125,8880,448528800
2019-11-26,SCS,50880,50220,50880,50840,48092.5390625,11540,586693600
2019-11-27,SCS,50880,50480,50840,50480,47748.765625,19640,991427200
2019-11-28,SCS,50700,50510,50700,50510,47783.14453125,340,17173400
2019-11-29,SCS,51230,49780,49780,50510,47783.14453125,6540,330335400
2019-12-02,SCS,50510,49910,50510,50510,47783.14453125,15710,793512100
2019-12-03,SCS,50700,50010,50010,50510,47783.14453125,1010,51015100
2019-12-04,SCS,50510,50120,50340,50160,47783.14453125,1320,66211200
2019-12-05,SCS,49780,49140,49780,49240,47783.14453125,3760,185142400
2019-12-06,SCS,49780,49420,49420,49600,46923.734375,4300,213280000
2019-12-09,SCS,49500,49060,49420,49060,46408.09765625,16440,806546400
2019-12-10,SCS,49420,48990,49060,48990,46339.33984375,560,27434400
2019-12-11,SCS,48990,48550,48990,48550,45926.8203125,4170,202453500
2019-12-12,SCS,48330,47720,48330,47720,45136.16796875,3470,165588400
2019-12-13,SCS,47320,45420,47320,45600,43142.33984375,16250,741000000
2019-12-16,SCS,48770,45600,45600,48040,45445.5546875,8380,402575200
2019-12-17,SCS,48020,47230,48020,47230,44689.27734375,2290,108156700
2019-12-18,SCS,47230,45600,47230,45780,43314.22265625,16010,732937800
2019-12-19,SCS,45780,45290,45780,45420,42970.45703125,11350,515517000
2019-12-20,SCS,45470,43420,45420,43610,41251.63671875,48630,2120754300
2019-12-23,SCS,43980,43420,43610,43980,41595.40625,41930,1844081400
2019-12-24,SCS,43980,43610,43980,43610,41251.63671875,7710,336233100
2019-12-25,SCS,43980,43610,43610,43980,41595.40625,12070,530838600
2019-12-26,SCS,43650,43580,43650,43610,41251.63671875,47260,2061008600
2019-12-27,SCS,44340,43580,43610,43610,41251.63671875,51860,2261614600
2019-12-30,SCS,44410,43580,43650,43580,41217.2578125,11700,509886000
2019-12-31,SCS,44340,41510,41510,43610,41251.63671875,310,13519100
2020-01-02,SCS,43650,41790,43610,42190,39910.9609375,10070,424853300
2020-01-03,SCS,43500,42520,43500,43390,41045.37890625,1770,76800300
2020-01-06,SCS,44340,43390,43390,44340,41939.1640625,3040,134793600
2020-01-07,SCS,44670,42880,44340,43610,41251.63671875,6530,284773300
2020-01-08,SCS,44480,43610,43610,43790,41423.52734375,16310,714214900
2020-01-09,SCS,44630,43790,43790,44630,42214.17578125,3340,149064200
2020-01-10,SCS,45780,44630,44700,45420,42970.45703125,25550,1160481000
2020-01-13,SCS,47610,45420,45420,47550,44964.2890625,31960,1519698000
2020-01-14,SCS,49350,47890,47890,49060,46408.09765625,92950,4560127000
2020-01-15,SCS,50300,48330,50160,49060,46408.09765625,48400,2374504000
2020-01-16,SCS,49060,48330,49060,48700,46064.32421875,9760,475312000
2020-01-17,SCS,48700,48150,48700,48330,45720.5703125,16680,806144400
2020-01-20,SCS,48330,47980,48330,48330,45720.5703125,8080,390506400
2020-01-21,SCS,48330,46910,48330,47230,44689.27734375,38120,1800407600
2020-01-22,SCS,47610,47060,47230,47230,44689.27734375,2520,119019600
2020-01-30,SCS,47230,45780,47060,47230,44689.27734375,27940,1319606200
2020-01-31,SCS,46520,46000,46170,46000,43520.47265625,15340,705640000
2020-02-03,SCS,45760,42820,42920,43210,40873.50390625,10620,458890200
2020-02-04,SCS,45390,42520,43210,42880,40564.109375,11930,511558400
2020-02-05,SCS,45030,42880,42880,43240,40907.8828125,3270,141394800
2020-02-06,SCS,43610,42880,43610,43070,40735.98828125,20660,889826200
2020-02-07,SCS,43890,42880,43890,42880,40564.109375,22390,960083200
2020-02-10,SCS,43070,42840,42880,42880,40564.109375,3670,157369600
2020-02-11,SCS,43580,42840,42880,42880,40564.109375,6780,290726400
2020-02-12,SCS,42880,42740,42740,42880,40564.109375,4750,203680000
2020-02-13,SCS,43420,42880,42880,43240,40907.8828125,51120,2210428800
2020-02-14,SCS,43070,42840,43070,42880,40564.109375,6910,296300800
2020-02-17,SCS,42880,42520,42880,42520,40220.34765625,24150,1026858000
2020-02-18,SCS,42520,42440,42520,42440,40151.6015625,4820,204560800
2020-02-19,SCS,42330,42120,42330,42170,39876.58203125,47620,2008135400
2020-02-20,SCS,42170,41970,42170,42170,39876.58203125,33630,1418177100
2020-02-21,SCS,42170,42000,42170,42000,39739.08203125,5980,251160000
2020-02-24,SCS,42000,41070,42000,41790,39532.82421875,6260,261605400
2020-02-25,SCS,41390,39100,39100,41390,39154.67578125,9730,402724700
2020-02-26,SCS,41790,40340,41390,41790,39532.82421875,23390,977468100
2020-02-27,SCS,41790,40920,41790,41070,38845.29296875,1470,60372900
2020-02-28,SCS,40920,39490,40920,39490,37367.109375,6820,269321800
2020-03-02,SCS,39240,37030,38550,37550,35510.78515625,20590,773154500
2020-03-03,SCS,38520,37550,37550,37640,35613.921875,37680,1418275200
2020-03-04,SCS,38520,37640,37640,37980,35613.921875,55020,2089659600
2020-03-05,SCS,40630,38160,38160,40630,38432.7734375,18110,735809300
2020-03-06,SCS,42880,40630,41420,42710,40392.23046875,59850,2556193500
2020-03-09,SCS,40380,39710,40340,39710,37573.3671875,24860,987190600
2020-03-10,SCS,42000,37390,37390,41070,38845.29296875,23180,952002600
2020-03-11,SCS,41790,40510,41070,40710,38501.52734375,32210,1311269100
2020-03-12,SCS,39240,37870,38890,38840,36748.328125,193220,7504664800
2020-03-13,SCS,38310,36170,38310,36380,34410.7421875,35040,1274755200
2020-03-16,SCS,38130,36230,36380,36380,34410.7421875,9460,344154800
2020-03-17,SCS,37770,36170,37770,36330,34376.3671875,15750,572197500
2020-03-18,SCS,37800,36700,37070,37610,35579.546875,19500,733395000
2020-03-19,SCS,37610,36170,37610,36330,34376.3671875,59360,2156548800
2020-03-20,SCS,36380,36170,36330,36170,34204.484375,47230,1708309100
2020-03-23,SCS,36170,33650,36120,33650,31832.509765625,26320,885668000
2020-03-24,SCS,33650,31350,33650,31660,29941.818359375,24590,778519400
2020-03-25,SCS,33140,31800,31800,33070,31282.494140625,48260,1595958200
2020-03-26,SCS,34880,32720,33260,34880,33001.3125,33930,1183478400
2020-03-27,SCS,34880,33070,34520,34700,32829.4296875,33200,1152040000
2020-03-30,SCS,34520,32350,34520,34480,32623.169921875,13250,456860000
2020-03-31,SCS,34450,33110,34450,33620,31798.142578125,10960,368475200
2020-04-01,SCS,34700,32720,33620,34700,32829.4296875,7650,265455000
2020-04-03,SCS,35050,34170,34520,34780,32898.18359375,10160,353364800
2020-04-06,SCS,37070,36080,37030,36700,34720.1328125,17450,640415000
2020-04-07,SCS,38890,36780,37070,38160,36095.1875,39060,1490529600
2020-04-08,SCS,38890,37390,38890,38160,36095.1875,29070,1109311200
2020-04-09,SCS,38340,38080,38130,38160,36095.1875,26490,1010858400
2020-04-10,SCS,38840,38160,38520,38310,36232.69140625,25050,959665500
2020-04-13,SCS,39240,38340,38440,38960,36851.46484375,61920,2412403200
2020-04-14,SCS,39070,38160,38960,38650,36576.45703125,39210,1515466500
2020-04-15,SCS,39660,38520,38520,39620,37470.23828125,39540,1566574800
2020-04-16,SCS,39940,38520,39620,39680,37538.98828125,32900,1305472000
2020-04-17,SCS,40290,38520,39680,39680,37538.98828125,63560,2522060800
2020-04-20,SCS,39940,38520,39940,39240,37126.4765625,105390,4135503600
2020-04-21,SCS,39240,38080,38550,38080,36026.4296875,51560,1963404800
2020-04-22,SCS,38340,36830,36830,38340,36267.06640625,27930,1070836200
2020-04-23,SCS,40290,38310,38890,38340,36267.06640625,52440,2010549600
2020-04-24,SCS,38520,37770,38340,37770,35717.046875,58900,2224653000
2020-04-27,SCS,39030,37800,37800,38340,36267.06640625,18940,726159600
2020-04-28,SCS,39070,38160,39070,38340,36267.06640625,33200,1272888000
2020-04-29,SCS,38790,38340,38520,38520,36267.06640625,42110,1622077200
2020-05-04,SCS,38520,38080,38520,38080,36026.4296875,16210,617276800
2020-05-05,SCS,38080,37430,38080,37800,35751.421875,169520,6407856000
2020-05-06,SCS,38160,37640,37800,38130,36060.80859375,6020,229542600
2020-05-07,SCS,38520,38080,38130,38260,36198.31640625,17400,665724000
2020-05-08,SCS,38480,38260,38480,38390,36301.44140625,40010,1535983900
2020-05-11,SCS,38600,38340,38480,38480,36404.57421875,31310,1204808800
2020-05-12,SCS,39870,38520,38520,39620,37470.23828125,32210,1276160200
2020-05-13,SCS,41680,39290,39290,41070,38845.29296875,74940,3077785800
2020-05-14,SCS,41260,40550,41070,40890,38673.4140625,52500,2146725000
2020-05-15,SCS,41170,40670,40890,40890,38673.4140625,77560,3171428400
2020-05-18,SCS,40890,39970,40800,40340,38673.4140625,44110,1779397400
2020-05-19,SCS,41790,40630,40630,40920,39532.82421875,38110,1559461200
2020-05-20,SCS,40950,40340,40890,40710,39532.82421875,21440,872822400
2020-05-21,SCS,41790,40510,41260,41420,39189.0625,48660,2015497200
2020-05-22,SCS,42300,41420,41420,42260,39979.71875,42010,1775342600
2020-05-25,SCS,43240,42260,42330,43240,40907.8828125,45250,1956610000
2020-05-26,SCS,43650,43070,43240,43550,41286.015625,50460,2197533000
2020-05-27,SCS,43680,43030,43610,43030,40701.62109375,28890,1243136700
2020-05-28,SCS,43330,42990,43240,43070,40735.98828125,33070,1424324900
2020-05-29,SCS,43360,43130,43240,43210,40873.50390625,18500,799385000
2020-06-01,SCS,43720,43240,43240,43610,41251.63671875,19940,869583400
2020-06-02,SCS,43610,43450,43610,43610,41251.63671875,24360,1062339600
2020-06-03,SCS,43650,43450,43610,43610,41251.63671875,27240,1187936400
2020-06-04,SCS,44700,42780,42780,44700,42282.93359375,48290,2158563000
2020-06-05,SCS,47640,45070,45070,47230,42282.93359375,58170,2747369100
2020-06-08,SCS,49060,47230,47430,47610,42282.93359375,59960,2854695600
2020-06-09,SCS,47980,46520,47610,46880,42282.93359375,19130,896814400
2020-06-10,SCS,46880,45170,46880,46520,44001.74609375,24610,1144857200
2020-06-11,SCS,48080,43790,45540,43790,41423.52734375,28210,1235315900
2020-06-12,SCS,43420,40920,40920,43420,41079.7578125,40030,1738102600
2020-06-15,SCS,45240,43610,43610,44700,42282.93359375,28970,1294959000
2020-06-16,SCS,45210,44480,45210,44950,42523.5703125,45110,2027694500
2020-06-17,SCS,44980,43610,44950,44340,41939.1640625,65640,2910477600
2020-06-18,SCS,45030,44340,45030,44700,42282.93359375,33460,1495662000
2020-06-19,SCS,45070,44340,44700,44340,41939.1640625,17900,793686000
2020-06-22,SCS,44890,44240,44340,44260,41870.4140625,18490,818367400
2020-06-23,SCS,44520,44240,44340,44260,41870.4140625,10030,443927800
2020-06-24,SCS,44520,44160,44260,44160,41767.28515625,8170,360787200
2020-06-25,SCS,44120,43240,44120,43610,41251.63671875,12440,542508400
2020-06-26,SCS,44190,43330,43610,43610,41251.63671875,7630,332744300
2020-06-29,SCS,43610,41860,43610,41970,39704.70703125,15520,651374400
2020-06-30,SCS,42520,41510,41970,41970,39704.70703125,20510,860804700
2020-07-01,SCS,42820,41420,41420,42820,40495.359375,7230,309588600
2020-07-02,SCS,43180,41970,42520,43070,40735.98828125,12350,531914500
2020-07-03,SCS,44340,43210,43240,44340,41939.1640625,22630,1003414200
2020-07-06,SCS,45420,44410,44440,45420,42970.45703125,34450,1564719000
2020-07-07,SCS,46480,45240,46120,45240,42798.578125,37780,1709167200
2020-07-08,SCS,46170,45350,46170,45420,42970.45703125,9930,451020600
2020-07-09,SCS,45650,44980,45420,45030,42592.31640625,16840,758305200
2020-07-10,SCS,45420,44890,45070,45420,42592.31640625,13380,607719600
2020-07-13,SCS,45980,45420,45780,45780,43314.22265625,11630,532421400
2020-07-14,SCS,45950,45350,45780,45350,42901.69921875,12670,574584500
2020-07-15,SCS,45570,45110,45500,45170,42729.8203125,9080,410143600
2020-07-16,SCS,45760,43610,45170,43610,41251.63671875,27830,1213666300
2020-07-17,SCS,46250,43680,45510,43680,41323.3828125,34810,1520500800
2020-07-20,SCS,45510,43680,43680,44780,42363.64453125,13050,584379000
2020-07-21,SCS,44910,44370,44780,44440,42040.80859375,7290,323967600
2020-07-22,SCS,44590,43980,44440,43980,41610.3515625,11560,508408800
2020-07-23,SCS,44020,43490,43980,43610,41251.640625,22700,989947000
2020-07-24,SCS,43790,41720,43610,43190,40857.0546875,43700,1887403000
2020-07-27,SCS,41630,40210,40210,40620,38417.83203125,64440,2617552800
2020-07-28,SCS,42700,39810,39810,42700,40390.734375,25210,1076467000
2020-07-29,SCS,42470,40800,42470,41340,39099.37890625,30260,1250948400
2020-07-30,SCS,41720,40950,41340,41340,39099.37890625,10680,441511200
2020-07-31,SCS,41340,40620,40950,41110,38884.15625,11190,460020900
2020-08-03,SCS,41110,40770,40950,41110,38884.15625,19610,806167100
2020-08-04,SCS,41910,41130,41130,41670,39422.22265625,19740,822565800
2020-08-05,SCS,42090,41670,41720,42090,39816.80078125,27930,1175573700
2020-08-06,SCS,42430,42010,42090,42090,39816.80078125,15650,658708500
2020-08-07,SCS,42090,41760,42090,41760,39493.95703125,15130,631828800
2020-08-10,SCS,42050,41630,41720,41720,39458.09375,21590,900734800
2020-08-11,SCS,42740,41720,42740,42010,39745.0625,13380,562093800
2020-08-12,SCS,42270,42010,42010,42270,39996.15625,26300,1111701000
2020-08-13,SCS,42510,42090,42270,42470,40175.5078125,30110,1278771700
2020-08-14,SCS,42740,42470,42470,42660,40354.86328125,25030,1067779800
2020-08-17,SCS,42660,42470,42660,42550,40247.26171875,15030,639526500
2020-08-18,SCS,42850,42400,42510,42850,40534.2265625,15320,656462000
2020-08-19,SCS,44180,42850,42850,44180,41789.70703125,36540,1614337200
2020-08-20,SCS,44560,43420,44370,43420,41072.2890625,18350,796757000
2020-08-21,SCS,43980,43390,43980,43610,41251.640625,14440,629728400
2020-08-24,SCS,43950,43150,43950,43540,41179.8984375,18410,801571400
2020-08-25,SCS,44180,43650,44180,43790,41431.0,12980,568394200
2020-08-26,SCS,43840,43610,43790,43840,41466.87109375,7000,306880000
2020-08-27,SCS,43980,43540,43840,43580,41215.76953125,8930,389169400
2020-08-28,SCS,44370,43540,43580,44370,41969.05859375,40320,1788998400
2020-08-31,SCS,44740,43980,44370,43980,41610.3515625,23750,1044525000
2020-09-01,SCS,44370,43980,44370,44220,41825.578125,20250,895455000
2020-09-03,SCS,44740,44290,44290,44630,42220.1640625,45730,2040929900
2020-09-04,SCS,45200,44370,44590,45200,42758.22265625,51930,2347236000
2020-09-07,SCS,45750,45320,45470,45710,43224.546875,60750,2776882500
2020-09-08,SCS,47400,45510,45510,47400,44838.73828125,83040,3936096000
2020-09-09,SCS,47400,46830,47400,47210,44659.3828125,24530,1158061300
2020-09-10,SCS,47150,46800,47150,46910,44372.421875,22490,1055005900
2020-09-11,SCS,47020,46830,47020,46950,44408.28515625,21680,1017876000
2020-09-14,SCS,47400,46870,47400,46870,44336.546875,17160,804289200
2020-09-15,SCS,47020,46870,46910,46870,44336.546875,4640,217476800
2020-09-16,SCS,47830,46870,46870,47440,44874.61328125,36070,1711160800
2020-09-17,SCS,47860,47440,47740,47530,44946.35546875,48950,2326593500
2020-09-18,SCS,47560,47020,47400,47400,44838.73828125,21090,999666000
2020-09-21,SCS,47050,46870,47020,46980,44444.15625,21530,1011479400
2020-09-22,SCS,46980,46690,46980,46760,44228.93359375,31740,1484162400
2020-09-23,SCS,47400,46690,46720,46830,44300.671875,15670,733826100
2020-09-24,SCS,47370,46830,47370,46910,44372.421875,6400,300224000
2020-09-25,SCS,47020,45930,47020,46460,43941.96484375,25990,1207495400
2020-09-28,SCS,46650,46200,46460,46250,43762.609375,21500,994375000
2020-09-29,SCS,46460,45970,46460,46110,43619.1171875,42200,1945842000
2020-09-30,SCS,46060,45760,45980,45760,43296.2890625,28760,1316057600
2020-10-01,SCS,46950,45760,45760,46500,43977.8359375,10390,483135000
2020-10-02,SCS,46500,46030,46500,46200,43690.86328125,17130,791406000
2020-10-05,SCS,46220,46060,46200,46110,43619.1171875,20710,954938100
2020-10-06,SCS,46250,45900,46110,45900,43403.90234375,34180,1568862000
2020-10-07,SCS,46530,45930,46250,46460,43941.96484375,30140,1400304400
2020-10-08,SCS,46650,46250,46650,46350,43834.34765625,15210,704983500
2020-10-09,SCS,46350,45980,46350,45980,43511.515625,14900,685102000
2020-10-12,SCS,45980,45760,45980,45760,43296.2890625,21100,965536000
2020-10-13,SCS,45900,45760,45760,45760,43296.2890625,5090,232918400
2020-10-14,SCS,45840,44630,45840,44630,42220.1640625,61790,2757687700
2020-10-15,SCS,44740,44250,44630,44440,42040.80859375,42160,1873590400
2020-10-16,SCS,44930,44440,44590,44710,42291.90234375,15780,705523800
2020-10-19,SCS,45970,44830,45970,45160,42722.3515625,22480,1015196800
2020-10-20,SCS,45160,45010,45160,45010,42578.87109375,32300,1453823000
2020-10-21,SCS,45790,45200,45790,45570,43116.93359375,72600,3308382000
2020-10-22,SCS,45790,45510,45570,45550,43081.0546875,48040,2188222000
2020-10-23,SCS,45570,45350,45550,45430,42973.4453125,39460,1792667800
2020-10-26,SCS,45710,45290,45510,45390,42937.578125,91040,4132305600
2020-10-27,SCS,45320,44680,45320,44680,42256.02734375,58740,2624503200
2020-10-28,SCS,44590,44180,44590,44290,41897.32421875,31140,1379190600
2020-10-29,SCS,44290,42610,44290,43450,41108.15625,42830,1860963500
2020-10-30,SCS,43720,43450,43610,43450,41108.15625,21660,941127000
2020-11-02,SCS,43610,43450,43450,43610,41251.640625,11290,492356900
2020-11-03,SCS,44520,43680,43680,44250,41861.44921875,14840,656670000
2020-11-04,SCS,44780,44250,44250,44710,42291.90234375,31830,1423119300
2020-11-05,SCS,45430,44740,44740,44740,42327.76953125,60280,2696927200
2020-11-06,SCS,45350,44740,45130,45230,42794.09375,13520,611509600
2020-11-09,SCS,45510,45130,45230,45320,42865.83203125,16170,732824400
2020-11-10,SCS,46380,45510,46060,46060,43583.25,52080,2398804800
2020-11-11,SCS,46060,45510,46060,45550,43081.0546875,7900,359845000
2020-11-12,SCS,45900,45610,45710,45840,43368.02734375,6600,302544000
2020-11-13,SCS,46030,45610,45840,45750,43260.41015625,42200,1930650000
2020-11-16,SCS,45900,45160,45900,45510,43045.1875,39550,1799920500
2020-11-17,SCS,45760,45320,45510,45760,43296.2890625,7180,328556800
2020-11-18,SCS,45840,45510,45510,45710,43224.546875,14060,642682600
2020-11-19,SCS,46160,45710,45750,46030,43547.3828125,29910,1376757300
2020-11-20,SCS,47150,46030,46030,47150,44587.63671875,57600,2715840000
2020-11-23,SCS,47860,47210,47210,47830,45233.32421875,46860,2241313800
2020-11-24,SCS,48320,47560,47830,47580,45018.09375,29510,1404085800
2020-11-25,SCS,47980,47560,47980,47560,44982.2265625,66490,3162264400
2020-11-26,SCS,47620,47330,47560,47560,44982.2265625,30760,1462945600
2020-11-27,SCS,47740,47530,47560,47530,44946.35546875,9440,448683200
2020-11-30,SCS,48160,47560,47580,47580,45018.09375,14860,707038800
2020-12-01,SCS,48120,47530,47580,48120,45520.2890625,36830,1772259600
2020-12-02,SCS,48120,47740,48120,47880,45305.0625,36580,1751450400
2020-12-03,SCS,47880,47710,47880,47830,45233.32421875,30440,1455945200
2020-12-04,SCS,47830,47400,47830,47400,44838.73828125,29330,1390242000
2020-12-07,SCS,47830,47400,47400,47560,44982.2265625,21220,1009223200
2020-12-08,SCS,47620,47370,47620,47440,44874.61328125,22820,1082580800
2020-12-09,SCS,47740,47400,47440,47400,44838.73828125,21170,1003458000
2020-12-10,SCS,47780,47400,47400,47530,44946.35546875,13130,624068900
2020-12-11,SCS,47780,47370,47440,47780,45197.453125,50740,2424357200
2020-12-14,SCS,48630,48350,48550,48530,45895.62109375,38740,1880052200
2020-12-15,SCS,48590,48490,48530,48550,45932.375,30240,1468152000
2020-12-16,SCS,48550,48170,48550,48350,45748.63671875,23570,1139609500
2020-12-17,SCS,50730,48260,48350,50260,47549.1875,125500,6307630000
2020-12-18,SCS,50700,50260,50460,50260,47549.1875,37900,1904854000
2020-12-21,SCS,50390,50260,50260,50260,47549.1875,36070,1812878200
2020-12-22,SCS,50900,50340,50900,50460,47549.1875,29120,1469395200
2020-12-23,SCS,50460,49840,50460,49930,47218.47265625,39480,1971236400
2020-12-24,SCS,49950,48550,49930,49140,46483.5546875,37570,1846189800
2020-12-25,SCS,49340,48550,49340,48940,46299.83203125,55550,2718617000
2020-12-28,SCS,49880,48880,48880,49880,47181.73046875,27300,1361724000
2020-12-29,SCS,50070,49020,49720,49530,46851.015625,15270,756323100
2020-12-30,SCS,50500,49370,49720,50500,47769.66796875,49150,2482075000
2020-12-31,SCS,50420,49530,50120,49720,47034.73828125,33020,1641754400
2021-01-04,SCS,50120,49720,49720,49930,47218.47265625,32900,1642697000
2021-01-05,SCS,50700,49930,49930,50320,47585.9375,13000,654160000
2021-01-06,SCS,50500,50220,50320,50340,47622.6796875,26600,1339044000
2021-01-07,SCS,50340,50260,50260,50340,47622.6796875,18600,936324000
2021-01-08,SCS,50500,50220,50340,50390,47659.42578125,36900,1859391000
2021-01-11,SCS,50700,50390,50420,50610,47879.8984375,55900,2829099000
2021-01-12,SCS,53530,50700,50700,53410,50525.6015625,50900,2718569000
2021-01-13,SCS,53680,52920,53600,52920,50047.91796875,57600,3048192000
2021-01-14,SCS,53600,52920,53600,52920,50047.91796875,20800,1100736000
2021-01-15,SCS,53020,52830,52920,52830,49974.421875,18700,987921000
2021-01-18,SCS,53600,52830,52830,53210,50341.875,34100,1814461000
2021-01-19,SCS,53410,52350,53410,52410,49570.21875,61400,3217974000
2021-01-20,SCS,52410,51200,52410,52080,49276.2421875,31300,1630104000
2021-01-21,SCS,52450,52050,52270,52410,49570.21875,21000,1100610000
2021-01-22,SCS,52600,52120,52550,52450,49606.95703125,20100,1054245000
2021-01-25,SCS,53210,52450,52450,52640,49790.6875,13400,705376000
2021-01-26,SCS,52640,52320,52640,52410,49570.21875,23400,1226394000
2021-01-27,SCS,52450,50920,52410,50920,48173.87109375,46900,2388148000
2021-01-28,SCS,50180,47390,50180,47390,44829.99609375,140100,6639339000
2021-01-29,SCS,49560,47390,47390,48740,46116.09375,71800,3499532000
2021-02-01,SCS,49370,48450,48550,49140,46483.5546875,112200,5513508000
2021-02-02,SCS,49370,48590,49140,49370,46704.03515625,4600,227102000
2021-02-03,SCS,51090,49340,49340,50900,48137.12109375,10400,529360000
2021-02-04,SCS,51710,50500,50970,50500,47769.66796875,5000,252500000
2021-02-05,SCS,50580,50260,50340,50500,47769.66796875,7700,388850000
2021-02-08,SCS,50660,47430,50500,48350,45748.63671875,25600,1237760000
2021-02-09,SCS,51280,48290,48290,51280,45748.63671875,21600,1107648000
2021-02-17,SCS,51280,50500,50900,50500,47769.66796875,17800,898900000
2021-02-18,SCS,50900,50320,50500,50500,47769.66796875,22200,1121100000
2021-02-19,SCS,50700,50420,50500,50700,47953.390625,16700,846690000
2021-02-22,SCS,50700,50340,50700,50340,47622.6796875,23700,1193058000
2021-02-23,SCS,50580,50390,50500,50460,47732.91796875,10800,544968000
2021-02-24,SCS,52410,50390,52410,50390,47659.42578125,18100,912059000
2021-02-25,SCS,50610,50340,50390,50460,47732.91796875,33200,1675272000
2021-02-26,SCS,52450,50390,50460,50810,48063.6328125,14800,751988000
2021-03-01,SCS,52450,50900,52450,51390,48614.8203125,12900,662931000
2021-03-02,SCS,52050,51280,51390,52050,49239.4921875,24600,1280430000
2021-03-03,SCS,53260,52050,52050,53210,50341.875,90400,4810184000
2021-03-04,SCS,53530,53140,53410,53180,50305.1328125,19800,1052964000
2021-03-05,SCS,52830,52640,52680,52830,49974.421875,12600,665658000
2021-03-08,SCS,53410,52830,52920,52920,50047.91796875,35300,1868076000
2021-03-09,SCS,52920,52710,52830,52710,49864.17578125,8000,421680000
2021-03-10,SCS,52830,52640,52830,52710,49864.17578125,8400,442764000
2021-03-11,SCS,52830,52520,52830,52520,49680.4453125,23300,1223716000
2021-03-12,SCS,52600,52320,52520,52320,49496.72265625,26200,1370784000
2021-03-15,SCS,52450,52280,52450,52320,49496.72265625,16700,873744000
2021-03-16,SCS,52450,52170,52320,52270,49423.23046875,7500,392025000
2021-03-17,SCS,52270,52050,52220,52120,49312.99609375,9300,484716000
2021-03-18,SCS,52170,52030,52120,52120,49312.99609375,8800,458656000
2021-03-19,SCS,52050,51940,52050,52050,49239.4921875,8400,437220000
2021-03-22,SCS,52050,51710,52050,51780,48982.28125,25700,1330746000
2021-03-23,SCS,51780,51580,51750,51660,48872.0390625,23700,1224342000
2021-03-24,SCS,51630,51280,51630,51280,48504.57421875,21500,1102520000
2021-03-25,SCS,51280,50700,51280,50900,48137.12109375,23400,1191060000
2021-03-26,SCS,51090,50540,51090,50540,47806.41796875,11100,560994000
2021-03-29,SCS,50900,50500,50900,50500,47769.66796875,8500,429250000
2021-03-30,SCS,50850,50500,50700,50810,48063.6328125,11700,594477000
2021-03-31,SCS,50900,50460,50810,50900,48137.12109375,7100,361390000
2021-04-01,SCS,51200,50540,50920,51200,48431.0859375,10100,517120000
2021-04-02,SCS,51280,51040,51200,51280,48504.57421875,8000,410240000
2021-04-05,SCS,51280,50810,51280,50900,48137.12109375,9500,483550000
2021-04-06,SCS,51230,50770,51090,50900,48137.12109375,5800,295220000
2021-04-07,SCS,51280,50810,50920,50850,48100.37890625,19200,976320000
2021-04-08,SCS,50900,50810,50850,50850,48100.37890625,22900,1164465000
2021-04-09,SCS,50900,49720,50850,49720,47034.73828125,48200,2396504000
2021-04-12,SCS,50500,49930,50500,50120,47402.203125,33100,1658972000
2021-04-13,SCS,51280,50120,50120,50850,48100.37890625,26600,1352610000
2021-04-14,SCS,51090,50120,51090,50320,47585.9375,8200,412624000
2021-04-15,SCS,51200,50220,51200,50500,47769.66796875,5600,282800000
2021-04-16,SCS,50850,49720,50850,49930,47218.47265625,12600,629118000
2021-04-19,SCS,49930,49370,49720,49930,47218.47265625,48000,2396640000
2021-04-20,SCS,49930,49720,49930,49720,47034.73828125,49300,2451196000
2021-04-22,SCS,49720,48910,49720,48940,46299.83203125,27700,1355638000
2021-04-23,SCS,49340,48880,49340,48940,46299.83203125,23500,1150090000
2021-04-26,SCS,49690,48880,48940,48940,46299.83203125,9500,464930000
2021-04-27,SCS,49600,48790,48880,48910,46263.0859375,6300,308133000
2021-04-28,SCS,48940,48840,48940,48840,46189.58984375,8200,400488000
2021-04-29,SCS,48940,48840,48840,48880,46226.33203125,4800,234624000
2021-05-04,SCS,48980,48880,48880,48940,46299.83203125,4100,200654000
2021-05-05,SCS,49340,48790,48910,49340,46667.28515625,13600,671024000
2021-05-06,SCS,49460,48940,49340,49300,46630.54296875,6900,340170000
2021-05-07,SCS,49210,48940,49210,49060,46410.0625,5800,284548000
2021-05-10,SCS,48940,48790,48940,48940,46299.83203125,11600,567704000
2021-05-11,SCS,49340,48910,49340,48910,46263.0859375,37400,1829234000
2021-05-12,SCS,49340,48840,48940,49340,46667.28515625,41000,2022940000
2021-05-13,SCS,49340,48880,48910,49300,46630.54296875,10400,512720000
2021-05-14,SCS,49760,49340,49340,49720,47034.73828125,7000,348040000
2021-05-17,SCS,49720,49170,49720,49210,46557.046875,8900,437969000
2021-05-18,SCS,50540,49140,49140,50420,47696.17578125,18100,912602000
2021-05-19,SCS,50420,49340,49340,50420,47696.17578125,14900,751258000
2021-05-20,SCS,50420,49530,50420,49530,46851.015625,4500,222885000
2021-05-21,SCS,50610,50160,50500,50160,47438.95703125,59500,2984520000
2021-05-24,SCS,50770,50500,50500,50580,47843.15234375,8000,404640000
2021-05-25,SCS,51000,50580,50580,50810,48063.6328125,13700,696097000
2021-05-26,SCS,51200,50810,50810,51200,48431.0859375,3100,158720000
2021-05-27,SCS,54780,50700,50900,54780,51811.71875,55600,3045768000
2021-05-28,SCS,54780,51280,54780,53370,50488.859375,11700,624429000
2021-05-31,SCS,53370,50070,53370,51780,48982.28125,18100,937218000
2021-06-01,SCS,52640,50850,51280,51000,48247.359375,16600,846600000
2021-06-02,SCS,51000,49760,51000,50500,47769.66796875,14900,752450000
2021-06-03,SCS,50500,49880,50500,50120,47402.203125,16500,826980000
2021-06-04,SCS,50180,49930,49930,50180,47475.6953125,45900,2303262000
2021-06-07,SCS,50700,50320,50320,50610,47879.8984375,24500,1239945000
2021-06-08,SCS,50970,50700,50700,50900,47879.8984375,27400,1394660000
2021-06-09,SCS,51090,50850,50900,51090,48320.84765625,38400,1961856000
2021-06-10,SCS,52450,51090,51090,52450,49606.95703125,39900,2092755000
2021-06-11,SCS,53020,52410,53020,52640,49790.6875,45900,2416176000
2021-06-14,SCS,52640,52080,52640,52080,49276.2421875,12500,651000000
2021-06-15,SCS,52030,51550,52030,51780,48982.28125,27200,1408416000
2021-06-16,SCS,52880,51660,51780,52450,49606.95703125,48100,2522845000
2021-06-17,SCS,53600,52050,52450,53370,50488.859375,46200,2465694000
2021-06-18,SCS,53600,53210,53260,53570,50672.5859375,33800,1810666000
2021-06-21,SCS,55510,53310,53570,55200,52215.9140625,55800,3080160000
2021-06-22,SCS,55750,54380,55540,55160,52179.16796875,24200,1334872000
2021-06-23,SCS,55240,54360,55160,54360,51407.515625,15100,820836000
2021-06-24,SCS,55360,54270,54360,55310,52326.1640625,28400,1570804000
2021-06-25,SCS,55440,54780,54810,55160,52179.16796875,12800,706048000
2021-06-28,SCS,55670,55360,55360,55670,52656.875,30700,1709069000
2021-06-29,SCS,57680,55670,57680,55950,52923.38671875,26400,1477080000
2021-06-30,SCS,55820,52920,55540,55340,52352.26953125,7300,403982000
2021-07-01,SCS,56070,55150,55620,55460,52466.50390625,12900,715434000
2021-07-02,SCS,55760,54820,55760,54820,51857.31640625,15300,838746000
2021-07-05,SCS,54820,53940,54820,54740,51857.31640625,17700,968898000
2021-07-06,SCS,54900,53740,54600,54650,51857.31640625,16500,901725000
2021-07-07,SCS,54630,53780,54630,54350,51857.31640625,54300,2951205000
2021-07-08,SCS,54460,53740,53740,54410,51857.31640625,10200,554982000
2021-07-09,SCS,54350,53530,54350,53970,51057.7421875,4500,242865000
2021-07-12,SCS,53940,52320,53130,52720,51057.7421875,15900,838248000
2021-07-13,SCS,52720,52320,52720,52720,49877.4375,5200,274144000
2021-07-14,SCS,52720,52320,52320,52720,49877.4375,7000,369040000
2021-07-15,SCS,54350,52410,54350,52850,49991.66015625,5900,311815000
2021-07-16,SCS,53900,52700,52720,53530,49991.66015625,26100,1397133000
2021-07-19,SCS,53530,52720,53530,53300,50410.484375,8900,474370000
2021-07-20,SCS,54310,53100,54310,54060,51133.88671875,8300,448698000
2021-07-21,SCS,54410,53500,54410,53940,51019.6640625,16300,879222000
2021-07-22,SCS,54310,53940,53940,54310,51362.34375,4700,255257000
2021-07-23,SCS,54310,53780,54270,54310,51362.34375,6200,336722000
2021-07-26,SCS,54130,53940,54130,54130,51210.04296875,10500,568365000
2021-07-27,SCS,55100,53740,53740,54700,51743.08203125,10900,596230000
2021-07-28,SCS,54740,54650,54650,54650,51705.015625,7300,398945000
2021-07-29,SCS,54650,53940,54350,54380,51438.4921875,4000,217520000
2021-07-30,SCS,54380,53370,53370,54380,51438.4921875,6400,348032000
2021-08-02,SCS,54790,53970,54380,54700,51743.08203125,7800,426660000
2021-08-03,SCS,55150,54740,54930,55070,52085.75390625,8100,446067000
2021-08-04,SCS,55150,55070,55070,55070,52085.75390625,5100,280857000
2021-08-05,SCS,55760,54350,54350,55760,52733.01953125,22700,1265752000
2021-08-06,SCS,55950,54740,55950,54790,51819.2265625,17700,969783000
2021-08-09,SCS,56350,54740,54740,56200,53151.8359375,28900,1624180000
2021-08-10,SCS,56200,55540,56200,55780,53151.8359375,5800,323524000
2021-08-11,SCS,56030,55780,55820,55950,52923.38671875,13400,749730000
2021-08-12,SCS,55910,55150,55910,55300,52314.19921875,4500,248850000
2021-08-13,SCS,55860,55300,55340,55860,52847.23046875,4800,268128000
2021-08-16,SCS,56550,54790,55950,56550,53494.5,23800,1345890000
2021-08-17,SCS,57160,56640,57160,56740,53494.5,17900,1015646000
2021-08-18,SCS,57360,56600,56740,57320,54217.92578125,10600,607592000
2021-08-19,SCS,57320,56350,57320,56350,53304.12890625,16900,952315000
2021-08-20,SCS,56920,56070,56450,56920,53837.16796875,22000,1252240000
2021-08-23,SCS,56740,54740,56740,56350,53304.12890625,10600,597310000
2021-08-24,SCS,56150,55540,56150,55540,52542.63671875,5400,299916000
2021-08-25,SCS,55540,54790,54790,55540,52542.63671875,3800,211052000
2021-08-26,SCS,55760,55540,55540,55540,52542.63671875,3200,177728000
2021-08-27,SCS,56300,55540,55540,56150,53113.7578125,11700,656955000
2021-08-30,SCS,56740,55860,56350,56550,53494.5,34300,1939665000
2021-08-31,SCS,57120,54650,57120,56200,53151.8359375,30500,1714100000
2021-09-01,SCS,55670,55340,55340,55590,52580.7265625,14400,800496000
2021-09-06,SCS,55760,51720,55590,54700,51743.08203125,42100,2302870000
2021-09-07,SCS,55510,54740,54740,55070,52085.75390625,5600,308392000
2021-09-08,SCS,55760,55180,55540,55540,52085.75390625,28200,1566228000
2021-09-09,SCS,56690,55540,55540,56550,53494.5,18900,1068795000
2021-09-10,SCS,56740,56350,56350,56690,53608.734375,7700,436513000
2021-09-13,SCS,56840,56350,56350,56710,53646.80078125,2400,136104000
2021-09-14,SCS,56740,56350,56740,56710,53646.80078125,5100,289221000
2021-09-15,SCS,57030,56640,56950,56640,53570.65234375,10300,583392000
2021-09-16,SCS,56740,55150,55150,56640,53570.65234375,2800,158592000
2021-09-17,SCS,56890,55440,56740,56710,53646.80078125,7500,425325000
2021-09-20,SCS,56490,55440,56490,55440,52428.41796875,19700,1092168000
2021-09-21,SCS,55510,55230,55440,55460,52428.41796875,10900,604514000
2021-09-22,SCS,55540,55150,55460,55540,52428.41796875,6200,344348000
2021-09-23,SCS,55780,55270,55540,55540,52542.63671875,6300,349902000
2021-09-24,SCS,55540,54790,55340,55540,52542.63671875,23000,1277420000
2021-09-27,SCS,55510,54350,55510,54350,51400.4140625,35400,1923990000
2021-09-28,SCS,54410,54020,54350,54350,51400.4140625,11900,646765000
2021-09-29,SCS,54650,54460,54540,54650,51705.015625,39800,2175070000
2021-09-30,SCS,55300,54700,54700,54930,51971.5234375,26900,1477617000
2021-10-01,SCS,55590,51130,55590,54350,51400.4140625,52600,2858810000
2021-10-04,SCS,55100,54110,54350,54380,51438.4921875,16900,919022000
2021-10-05,SCS,54650,50750,54350,54110,51171.96875,15500,838705000
2021-10-06,SCS,54110,53940,54110,54110,51171.96875,20600,1114666000
2021-10-07,SCS,54110,53740,54110,53740,50829.30078125,27100,1456354000
2021-10-08,SCS,54020,53530,53940,53740,50829.30078125,16600,892084000
2021-10-11,SCS,53940,53530,53530,53810,50829.30078125,21700,1167677000
2021-10-12,SCS,54060,53860,53900,53860,50943.51953125,16200,872532000
2021-10-13,SCS,54210,54020,54060,54170,51248.125,18000,975060000
2021-10-14,SCS,54350,53370,53370,54350,51248.125,18500,1005475000
2021-10-15,SCS,54500,53940,53940,54500,51552.7109375,15100,822950000
2021-10-18,SCS,54600,52900,54500,54380,51552.7109375,19100,1038658000
2021-10-19,SCS,54310,53940,54310,54210,51286.19140625,17300,937833000
2021-10-20,SCS,54210,53810,54210,53970,51057.7421875,25100,1354647000
2021-10-21,SCS,53940,53650,53940,53810,50905.4609375,21500,1156915000
2021-10-22,SCS,53940,53780,53810,53810,50905.4609375,42600,2292306000
2021-10-25,SCS,53900,53740,53860,53860,50905.4609375,8600,463196000
2021-10-26,SCS,53900,53740,53860,53900,50905.4609375,17500,943250000
2021-10-27,SCS,53940,53740,53740,53900,50905.4609375,20800,1121120000
2021-10-28,SCS,53900,53610,53900,53810,50905.4609375,15900,855579000
2021-10-29,SCS,53970,53700,53740,53940,51019.6640625,53800,2901972000
2021-11-01,SCS,54130,53810,53940,54130,51019.6640625,44000,2381720000
2021-11-02,SCS,55070,54130,54130,55070,52085.75390625,37600,2070632000
2021-11-03,SCS,55950,54930,55150,55760,52733.01953125,63900,3563064000
2021-11-04,SCS,56350,54980,55180,56300,53266.06640625,62000,3490600000
2021-11-05,SCS,57090,55760,56350,56950,53875.25,34600,1970470000
2021-11-08,SCS,57960,56990,56990,57640,54522.515625,20400,1175856000
2021-11-09,SCS,58970,58010,58970,58680,55512.453125,39800,2335464000
2021-11-10,SCS,59970,58360,59970,58570,55398.21484375,13700,802409000
2021-11-11,SCS,58730,56950,58730,58320,55169.78515625,24400,1423008000
2021-11-12,SCS,58760,56950,56950,58320,55169.78515625,17100,997272000
2021-11-15,SCS,58890,56950,56950,58760,55588.59375,49000,2879240000
2021-11-16,SCS,59080,56740,56740,59080,55893.19140625,26700,1577436000
2021-11-17,SCS,59170,58840,59080,59080,55893.19140625,5900,348572000
2021-11-18,SCS,59170,58760,59010,59170,55969.34765625,12200,721874000
2021-11-19,SCS,59130,57960,59130,57960,54827.109375,8900,515844000
2021-11-22,SCS,58010,57560,57960,57960,54827.109375,55200,3199392000
2021-11-23,SCS,59970,57560,57560,59920,56692.75,11000,659120000
2021-11-24,SCS,59770,58760,59570,59570,56350.08203125,2000,119140000
2021-11-25,SCS,59770,59170,59770,59220,56007.40625,4000,236880000
2021-11-26,SCS,59540,58440,58440,59540,56312.01171875,16600,988364000
2021-11-29,SCS,63680,56950,56950,63680,60233.66796875,96200,6126016000
2021-11-30,SCS,64200,62040,64200,63000,59586.39453125,3700,233100000
2021-12-01,SCS,62470,59970,59970,62380,59015.28515625,4500,280710000
2021-12-02,SCS,61980,60490,60770,60490,57225.796875,4100,248009000
2021-12-03,SCS,60660,59570,60630,59570,56350.08203125,7700,458689000
2021-12-06,SCS,59540,57760,59540,58360,55207.84765625,12200,711992000
2021-12-07,SCS,59920,58360,58360,59540,56312.01171875,38600,2298244000
2021-12-08,SCS,60390,58010,59540,58200,55055.55078125,21500,1251300000
2021-12-09,SCS,58970,58200,58200,58360,55207.84765625,50200,2929672000
2021-12-10,SCS,58400,58360,58360,58360,55207.84765625,3400,198424000
2021-12-13,SCS,60130,58160,58970,60130,56883.12109375,5500,330715000
2021-12-14,SCS,60220,59280,60130,60220,56959.265625,1000,60220000
2021-12-15,SCS,61620,60170,60170,61580,58253.796875,14200,874436000
2021-12-16,SCS,62790,61790,62790,62380,59015.28515625,42300,2638674000
2021-12-17,SCS,63400,61340,61580,62790,59396.03515625,2700,169533000
2021-12-20,SCS,61580,60770,60770,61020,57720.7578125,3400,207468000
2021-12-21,SCS,62380,60820,62380,61710,58368.02734375,9800,604758000
2021-12-22,SCS,61580,60870,61580,61180,57873.05859375,3000,183540000
2021-12-23,SCS,61180,60770,61110,61180,57873.05859375,12000,734160000
2021-12-24,SCS,61660,60390,60390,61580,58253.796875,3700,227846000
2021-12-27,SCS,61580,61380,61580,61580,58253.796875,14600,899068000
2021-12-28,SCS,61510,59570,59570,61460,58139.578125,3200,196672000
2021-12-29,SCS,61380,60390,61380,61140,57834.984375,2100,128394000
2021-12-30,SCS,61550,59650,59650,61550,58215.7265625,900,55395000
2021-12-31,SCS,64400,60570,61740,64400,60919.0078125,102300,6588120000
2022-01-04,SCS,64400,61180,64400,61900,58558.3984375,12300,761370000
2022-01-05,SCS,63560,60770,61980,60770,57492.30859375,25300,1537481000
2022-01-06,SCS,62350,60720,60870,62350,58977.2109375,31500,1964025000
2022-01-07,SCS,62350,61580,62300,61900,58558.3984375,14800,916120000
2022-01-10,SCS,63210,61580,61660,63210,59776.78125,12600,796446000
2022-01-11,SCS,63360,62380,62380,63360,59929.0703125,15700,994752000
2022-01-12,SCS,63300,62190,62190,63300,59890.99609375,7400,468420000
2022-01-13,SCS,63300,63160,63300,63210,59776.78125,2200,139062000
2022-01-14,SCS,63280,62060,62060,63210,59776.78125,13600,859656000
2022-01-17,SCS,63210,62380,63210,62790,59396.03515625,15500,973245000
2022-01-18,SCS,63110,60390,60390,63110,59700.62890625,17500,1104425000
2022-01-19,SCS,62790,62380,62440,62680,59281.8125,6600,413688000
2022-01-20,SCS,63160,62750,63160,62830,59434.10546875,26900,1690127000
2022-01-21,SCS,62790,62060,62790,62590,59205.65234375,4500,281655000
2022-01-24,SCS,64400,60530,60530,63600,60157.51953125,61000,3879600000
2022-01-25,SCS,63960,62150,63960,62230,58862.984375,3600,224028000
2022-01-26,SCS,64200,62440,64200,62910,59510.26171875,2600,163566000
2022-01-27,SCS,64280,62910,62910,64239,60766.7109375,15300,982856700
2022-01-28,SCS,64280,62440,64239,64200,60728.6484375,11800,757560000
2022-02-07,SCS,66420,64400,64400,65610,62061.23046875,10200,669222000
2022-02-08,SCS,66210,65610,65610,66210,62632.359375,11600,768036000
2022-02-09,SCS,66020,64400,65970,66020,62441.98828125,12400,818648000
2022-02-10,SCS,66020,64849,66020,66020,62441.98828125,13200,871464000
2022-02-11,SCS,66420,65970,65970,66210,62632.359375,29300,1939953000
2022-02-14,SCS,66180,65680,66180,65970,62403.90234375,12300,811431000
2022-02-15,SCS,70440,65680,66810,66460,62403.90234375,33200,2206472000
2022-02-16,SCS,68230,65930,68230,66770,63165.3984375,13400,894718000
2022-02-17,SCS,66810,65400,66420,66460,62860.796875,19500,1295970000
2022-02-18,SCS,67600,64480,67600,65040,61528.19921875,14300,930072000
2022-02-21,SCS,66480,66210,66210,66480,62898.8828125,9400,624912000
2022-02-22,SCS,66610,65730,66610,65850,62289.6875,7600,500460000
2022-02-23,SCS,65930,65570,65820,65610,62061.23046875,64600,4238406000
2022-02-24,SCS,66420,62380,66420,64400,60919.0078125,30700,1977080000
2022-02-25,SCS,66140,64680,66140,65040,61528.19921875,6400,416256000
2022-02-28,SCS,66420,65019,65200,65970,62403.90234375,24100,1589877000
2022-03-01,SCS,65610,65200,65610,65610,62061.23046875,11500,754515000
2022-03-02,SCS,66020,64400,66020,65540,61985.09375,3600,235944000
2022-03-03,SCS,65610,64200,65610,64400,60919.0078125,34100,2196040000
2022-03-04,SCS,64810,63600,64610,64810,61299.7421875,10400,674024000
2022-03-07,SCS,64360,63960,64010,64120,60652.48828125,11300,724556000
2022-03-08,SCS,64010,62790,63400,63600,60157.51953125,26100,1659960000
2022-03-09,SCS,64010,63400,64010,63400,59967.140625,17900,1134860000
2022-03-10,SCS,64010,62790,64010,63280,59852.9296875,35300,2233784000
2022-03-11,SCS,63810,63210,63810,63210,59776.78125,2100,132741000
2022-03-14,SCS,64510,62350,64400,62790,59396.03515625,50600,3177174000
2022-03-15,SCS,64760,62540,64760,62750,59357.9609375,14700,922425000
2022-03-16,SCS,64400,62830,63000,63600,60157.51953125,10600,674160000
2022-03-17,SCS,64400,62970,64319,63000,59586.39453125,20200,1272600000
2022-03-18,SCS,63210,62790,63210,63160,59738.703125,3800,240008000
2022-03-21,SCS,63600,63160,63160,63160,59738.703125,33200,2096912000
2022-03-22,SCS,63160,62380,62790,62790,59396.03515625,24900,1563471000
2022-03-23,SCS,64400,62790,64400,63960,60500.19140625,17100,1093716000
2022-03-24,SCS,63910,63280,63600,63280,59852.9296875,3200,202496000
2022-03-25,SCS,63400,63000,63210,63210,59776.78125,14800,935508000
2022-03-28,SCS,63810,62590,62590,63710,60271.74609375,16300,1038473000
2022-03-29,SCS,64440,63230,63230,64440,60957.0703125,93500,6025140000
2022-03-30,SCS,65400,64440,64440,65250,61718.55859375,9800,639450000
2022-03-31,SCS,66420,65040,65610,65040,61528.19921875,8800,572352000
2022-04-01,SCS,65360,65200,65200,65360,61832.78515625,200,13072000
2022-04-04,SCS,68430,65360,65360,68430,64726.44140625,7500,513225000
2022-04-05,SCS,70030,66020,66020,69630,65868.6796875,15300,1065339000
2022-04-06,SCS,69060,68430,68430,69030,65297.56640625,7300,503919000
2022-04-07,SCS,69590,66480,69230,68020,64345.703125,10500,714210000
2022-04-08,SCS,69230,66020,69230,66420,62822.73046875,17700,1175634000
2022-04-12,SCS,68230,66580,67220,68230,64536.078125,13400,914282000
2022-04-13,SCS,70440,68810,69000,69990,66211.3515625,13200,923868000
2022-04-14,SCS,70440,69520,69520,69870,66097.1171875,8500,593895000
2022-04-15,SCS,70800,69630,69630,70390,66592.078125,16400,1154396000
2022-04-18,SCS,71240,70230,70390,71240,67391.640625,20000,1424800000
2022-04-19,SCS,73060,71200,73060,71480,67620.1015625,12100,864908000
2022-04-20,SCS,72380,70480,72380,71240,67391.640625,15500,1104220000
2022-04-21,SCS,70770,66290,70440,70320,66515.9375,12100,850872000
2022-04-22,SCS,70320,67630,70320,70090,66287.4921875,7300,511657000
2022-04-25,SCS,70090,67630,68480,67630,63964.953125,26500,1792195000
2022-04-26,SCS,72320,67630,67990,70600,66782.4609375,31300,2209780000
2022-04-27,SCS,72250,70770,71200,72060,68153.140625,34700,2500482000
2022-04-28,SCS,72940,71960,72130,72460,68533.8828125,6700,485482000
2022-04-29,SCS,72380,70970,71650,72380,68457.7421875,4100,296758000
2022-05-04,SCS,72060,70970,72060,71090,67239.359375,8200,582938000
2022-05-05,SCS,72060,70440,71130,70480,66668.2421875,15400,1085392000
2022-05-06,SCS,70520,69870,70090,69960,66173.2734375,12400,867504000
2022-05-09,SCS,69960,68430,69960,68480,64764.5234375,24600,1684608000
2022-05-10,SCS,69030,66050,68430,68430,64726.44140625,34600,2367678000
2022-05-11,SCS,68230,66950,67630,67010,63393.84765625,28000,1876280000
2022-05-12,SCS,67750,66420,67040,67220,63584.20703125,12900,867138000
2022-05-13,SCS,67420,64400,66610,65200,61680.49609375,34600,2255920000
2022-05-16,SCS,66420,64810,64810,65200,61680.49609375,7000,456400000
2022-05-17,SCS,68430,64810,65610,68430,64726.44140625,8800,602184000
2022-05-18,SCS,68810,67630,68390,68430,64726.44140625,6700,458481000
2022-05-19,SCS,68760,68010,68760,68390,64687.69140625,2200,150458000
2022-05-20,SCS,69640,64160,68390,66620,63021.078125,10900,726158000
2022-05-23,SCS,69620,67200,69620,68820,65114.02734375,7800,536796000
2022-05-24,SCS,68820,66590,68820,68340,64648.94140625,13400,915756000
2022-05-25,SCS,68870,68300,68340,68820,65114.02734375,26300,1809966000
2022-05-26,SCS,68820,68430,68820,68480,64765.19921875,2200,150656000
2022-05-27,SCS,71690,67620,68480,68800,65075.26953125,13700,942560000
2022-05-30,SCS,69640,68630,69640,68630,64920.23046875,4000,274520000
2022-05-31,SCS,68820,67280,68820,68820,65114.02734375,9300,640026000
2022-06-01,SCS,69640,68800,68820,69200,65462.8515625,3600,249120000
2022-06-02,SCS,69250,68630,69250,68820,65462.8515625,2500,172050000
2022-06-03,SCS,69640,68800,68820,69640,65889.1953125,9500,661580000
2022-06-06,SCS,69860,68670,69860,68670,64958.99609375,6000,412020000
2022-06-07,SCS,68590,68480,68510,68590,64881.47265625,3100,212629000
2022-06-08,SCS,69820,69200,69250,69300,65540.375,4800,332640000
2022-06-09,SCS,69860,69450,69640,69640,65889.1953125,33600,2339904000
2022-06-10,SCS,70270,68820,69580,70190,66393.0625,3600,252684000
2022-06-13,SCS,70070,68010,68820,68430,64726.4375,6300,431109000
2022-06-14,SCS,68430,67640,67850,67730,64067.55078125,31100,2106403000
2022-06-15,SCS,67680,65890,67680,66010,62439.69140625,33000,2178330000
2022-06-16,SCS,67580,66380,66380,67420,63757.4921875,4000,269680000
2022-06-17,SCS,65770,65480,65630,65480,61935.83984375,21300,1394724000
2022-06-20,SCS,65150,64370,64950,64450,60966.87890625,13200,850740000
2022-06-21,SCS,64450,64410,64450,64450,60966.87890625,10000,644500000
2022-06-22,SCS,64330,63810,64330,63810,60346.75,7000,446670000
2022-06-23,SCS,64050,63020,63150,64050,60579.30859375,4800,307440000
2022-06-24,SCS,64080,63510,63510,64080,60618.05859375,11400,730512000
2022-06-27,SCS,67620,64010,64010,67200,63563.6953125,24600,1653120000
2022-06-28,SCS,67220,65670,67200,65670,62129.63671875,8500,558195000
2022-06-29,SCS,65670,65180,65560,65280,61742.05078125,7500,489600000
2022-06-30,SCS,65770,65030,65150,65030,61509.50390625,14400,936432000
2022-07-01,SCS,64739,63700,64739,63910,60463.02734375,15500,990605000
2022-07-04,SCS,64120,63460,64120,63460,60036.6796875,12800,812288000
2022-07-05,SCS,63810,62700,63090,62890,59494.0703125,16400,1031396000
2022-07-06,SCS,62250,61660,61860,61660,58331.31640625,5500,339130000
2022-07-07,SCS,61420,59860,61420,60070,56819.73828125,14800,889036000
2022-07-08,SCS,61460,60070,60070,61260,57943.73828125,5200,318552000
2022-07-11,SCS,61260,58390,61260,59370,56160.859375,14200,843054000
2022-07-12,SCS,59840,59330,59370,59540,56160.859375,4800,285792000
2022-07-13,SCS,60230,58590,59570,59370,56160.859375,22600,1341762000
2022-07-14,SCS,61220,59410,61220,59410,56199.6015625,8900,528749000
2022-07-15,SCS,60230,59250,60230,59250,56044.56640625,8300,491775000
2022-07-18,SCS,60040,59010,60040,59010,55812.0234375,20000,1180200000
2022-07-19,SCS,60040,59330,60040,59410,56199.6015625,17200,1021852000
2022-07-20,SCS,60230,59330,60230,59990,56742.21875,15200,911848000
2022-07-21,SCS,60040,59840,59990,59860,56625.95703125,3200,191552000
2022-07-22,SCS,63150,60230,60960,62700,59300.26953125,21200,1329240000
2022-07-25,SCS,63510,61860,63090,62700,59300.26953125,18200,1141140000
2022-07-26,SCS,62700,62280,62530,62450,59067.72265625,14100,880545000
2022-07-27,SCS,66790,62450,62450,65560,62013.3671875,39600,2596176000
2022-07-28,SCS,67580,65560,66710,66250,62672.25390625,37500,2484375000
2022-07-29,SCS,67120,66140,66330,66140,62555.98046875,15600,1031784000
2022-08-01,SCS,66330,65970,66090,66140,62555.98046875,55500,3670770000
2022-08-02,SCS,66590,65970,66090,65970,62400.9375,23900,1576683000
2022-08-03,SCS,67120,66180,67120,66210,62478.46484375,25800,1708218000
2022-08-04,SCS,67120,66050,66810,66380,62788.5234375,33900,2250282000
2022-08-05,SCS,68140,66330,67910,66330,62740.078125,98200,6513606000
2022-08-08,SCS,66330,65180,66330,65180,61664.53125,20000,1303600000
2022-08-09,SCS,66630,65500,65500,65950,62381.5625,45900,3027105000
2022-08-10,SCS,66100,64879,66100,65330,61807.94140625,63000,4115790000
2022-08-11,SCS,65330,64349,65330,64440,60947.50390625,83000,5348520000
2022-08-12,SCS,65180,64060,65180,65180,61664.53125,9000,586620000
2022-08-15,SCS,65950,64440,65180,65120,61592.82421875,29800,1940576000
2022-08-16,SCS,65180,64510,65180,65180,61664.53125,15400,1003772000
2022-08-17,SCS,65950,64819,65870,65570,62023.05859375,34000,2229380000
2022-08-18,SCS,65570,64970,65570,65180,61664.53125,34400,2242192000
2022-08-19,SCS,65570,64739,65180,65410,61879.64453125,29200,1909972000
2022-08-22,SCS,65180,64280,64590,64280,60804.09765625,27300,1754844000
2022-08-23,SCS,64660,63750,64060,64440,60947.50390625,30200,1946088000
2022-08-24,SCS,64819,64349,64440,64440,60947.50390625,21200,1366128000
2022-08-25,SCS,64590,64349,64590,64349,60875.80078125,21300,1370633700
2022-08-26,SCS,64440,64280,64440,64280,60804.09765625,22700,1459156000
2022-08-29,SCS,64129,63230,64129,63670,60230.484375,32900,2094743000
2022-08-30,SCS,65180,63750,64590,65180,61664.53125,16400,1068952000
2022-08-31,SCS,65800,64819,65640,64970,61449.4296875,21300,1383861000
2022-09-05,SCS,65180,64060,64440,65180,61664.53125,24300,1583874000
2022-09-06,SCS,65950,64440,65950,64440,60947.50390625,6500,418860000
2022-09-07,SCS,64440,63890,64440,63890,60445.58203125,14800,945572000
2022-09-08,SCS,64440,63370,63840,63750,60302.17578125,7400,471750000
2022-09-09,SCS,64590,63290,63440,64590,61090.90625,16900,1091571000
2022-09-12,SCS,63670,63530,63670,63670,60230.484375,7400,471158000
2022-09-13,SCS,63750,63230,63670,63290,59871.9609375,6500,411385000
2022-09-14,SCS,63980,62920,63600,63980,60517.29296875,12600,806148000
2022-09-15,SCS,64440,63290,64440,63440,60015.3671875,7700,488488000
2022-09-16,SCS,63370,61390,63290,61470,58151.0859375,29500,1813365000
2022-09-19,SCS,62530,61020,61550,61020,57720.87890625,17100,1043442000
2022-09-20,SCS,62530,60660,60660,62380,59011.51953125,61300,3823894000
2022-09-21,SCS,62300,60710,60710,61250,57935.9921875,8500,520625000
2022-09-22,SCS,61390,60660,61180,61390,58079.390625,9400,577066000
2022-09-23,SCS,61780,61330,61390,61330,58007.6875,5800,355714000
2022-09-26,SCS,61100,59120,61100,59500,56286.8125,35000,2082500000
2022-09-27,SCS,59430,58370,59430,58370,55211.265625,23300,1360021000
2022-09-28,SCS,58370,55420,58370,56170,53131.87890625,16800,943656000
2022-09-29,SCS,58370,55490,55490,55860,52845.0703125,115700,6463002000
2022-09-30,SCS,57460,53450,53450,57460,54350.84375,82500,4740450000
2022-10-03,SCS,57240,55860,56860,56760,53705.51171875,68700,3899412000
2022-10-04,SCS,56930,55710,56760,56860,53777.20703125,20100,1142886000
2022-10-05,SCS,57990,56860,57600,56860,53777.20703125,9200,523112000
2022-10-06,SCS,57160,56760,56860,56760,53705.51171875,7900,448404000
2022-10-07,SCS,55790,54190,55790,55710,52701.671875,14400,802224000
2022-10-10,SCS,56170,54640,54720,54950,51984.63671875,20400,1120980000
2022-10-11,SCS,55260,53750,55260,54190,51267.609375,8800,476872000
2022-10-12,SCS,55710,53820,53820,55710,52701.671875,15800,880218000
2022-10-13,SCS,56090,55260,55260,55710,52701.671875,25700,1431747000
2022-10-14,SCS,55950,55110,55710,55260,52271.4453125,9900,547074000
2022-10-17,SCS,55640,55110,55260,55110,52128.0390625,42900,2364219000
2022-10-18,SCS,56540,55180,56540,55260,52271.4453125,9600,530496000
2022-10-19,SCS,56760,55260,55260,56170,53131.87890625,62800,3527476000
2022-10-20,SCS,56860,55560,56760,56250,53203.5859375,9300,523125000
2022-10-21,SCS,56400,54950,56250,54950,51984.63671875,22100,1214395000
2022-10-24,SCS,56090,53750,56090,53750,50837.390625,15800,849250000
2022-10-25,SCS,55260,51170,53070,53820,50909.09765625,88400,4757688000
2022-10-26,SCS,55710,54190,54950,54950,51984.63671875,13700,752815000
2022-10-27,SCS,56090,54590,56090,55950,52916.77734375,15700,878415000
2022-10-28,SCS,56700,55110,56090,55110,52128.0390625,61400,3383754000
2022-10-31,SCS,56860,54500,56860,54500,51554.41796875,19300,1051850000
2022-11-01,SCS,55330,54190,55330,54590,51626.125,18400,1004456000
2022-11-02,SCS,56020,54500,56020,55330,52343.15625,11700,647361000
2022-11-03,SCS,55330,54590,55330,55110,52128.0390625,3600,198396000
2022-11-04,SCS,55330,54190,55030,55330,52343.15625,29900,1654367000
2022-11-07,SCS,55330,54420,54420,54590,51626.125,34700,1894273000
2022-11-08,SCS,55180,54500,55180,54500,51554.41796875,7700,419650000
2022-11-09,SCS,55330,54890,55260,55030,52056.33984375,4300,236629000
2022-11-10,SCS,55030,53450,55030,53820,50909.09765625,43900,2362698000
2022-11-11,SCS,54360,53820,53820,53970,51052.4921875,13800,744786000
2022-11-14,SCS,53970,52690,53970,53070,50192.0625,15900,843813000
2022-11-15,SCS,53070,49350,52300,49350,46678.62109375,91400,4510590000
2022-11-16,SCS,52610,45950,45950,52240,49403.32421875,36300,1896312000
2022-11-17,SCS,53820,52300,52300,53750,50837.390625,10200,548250000
2022-11-18,SCS,54120,52370,53750,54120,51195.8984375,40000,2164800000
2022-11-21,SCS,54590,52300,54590,53210,50335.46875,5700,303297000
2022-11-22,SCS,54590,53070,53750,54590,51626.125,40800,2227272000
2022-11-23,SCS,53820,53450,53820,53450,50550.578125,3800,203110000
2022-11-24,SCS,53820,52610,52690,53670,50765.6875,6400,343488000
2022-11-25,SCS,53820,52690,53750,53750,50837.390625,2600,139750000
2022-11-28,SCS,54640,53070,53750,53670,50765.6875,20300,1089501000
2022-11-29,SCS,53820,53210,53820,53820,50909.09765625,14100,758862000
2022-11-30,SCS,54500,53820,53820,53820,50909.09765625,17900,963378000
2022-12-01,SCS,54590,53820,54420,54050,51124.1953125,23700,1280985000
2022-12-02,SCS,54590,53670,53670,54590,51626.125,23500,1282865000
2022-12-05,SCS,57600,54590,54590,57600,54494.234375,41900,2413440000
2022-12-06,SCS,57680,55560,57680,56630,53562.10546875,7800,441714000
2022-12-07,SCS,56860,55420,56630,56090,53060.1796875,82500,4627425000
2022-12-08,SCS,56700,55640,55710,55710,52701.671875,38700,2155977000
2022-12-09,SCS,57280,55790,56430,57280,54186.22265625,14400,824832000
2022-12-12,SCS,57990,56670,57280,56670,53592.40234375,9800,555366000
2022-12-13,SCS,57590,55790,57210,57590,54483.1328125,29200,1681628000
2022-12-14,SCS,57990,57050,57590,57050,53963.53515625,14100,804405000
2022-12-15,SCS,57990,56490,57990,56490,53443.94921875,2900,163821000
2022-12-16,SCS,56900,55640,56490,56810,53740.85546875,61400,3488134000
2022-12-19,SCS,57590,56100,56810,56900,53815.078125,66900,3806610000
2022-12-20,SCS,56900,55310,56430,55310,52330.53125,23000,1272130000
2022-12-21,SCS,55710,54780,55410,54930,51959.38671875,20100,1104093000
2022-12-22,SCS,56490,55010,55640,55870,52850.125,6400,357568000
2022-12-23,SCS,56030,55870,55950,55870,52850.125,39300,2195691000
2022-12-26,SCS,56430,55310,55310,55710,52701.671875,109100,6077961000
2022-12-27,SCS,56490,55790,55790,56490,53443.94921875,57600,3253824000
2022-12-28,SCS,57280,56490,57280,56900,53815.078125,28600,1627340000
2022-12-29,SCS,57050,56900,56900,56900,53815.078125,30200,1718380000
2022-12-30,SCS,58850,56580,58080,58850,55670.76953125,78000,4590300000
2023-01-03,SCS,58850,57910,58140,57910,54780.04296875,16300,943933000
2023-01-04,SCS,58230,57360,57990,57440,54334.6796875,11100,637584000
2023-01-05,SCS,58780,57280,57530,57680,54557.3671875,15400,888272000
2023-01-06,SCS,59640,57280,57680,57760,54631.58984375,65700,3794832000
2023-01-09,SCS,58230,57910,57910,58080,54928.5,24200,1405536000
2023-01-10,SCS,58460,58080,58140,58460,55299.640625,26400,1543344000
2023-01-11,SCS,59170,57280,58460,57280,54186.22265625,49200,2818176000
2023-01-12,SCS,59080,57280,57280,57990,54854.26953125,35300,2047047000
2023-01-13,SCS,57990,57280,57990,57910,54780.04296875,39600,2293236000
2023-01-16,SCS,58310,57440,57990,57990,54854.26953125,22900,1327971000
2023-01-17,SCS,57910,57440,57530,57910,54780.04296875,78400,4540144000
2023-01-18,SCS,58140,57760,57910,57830,54705.8125,57500,3325225000
2023-01-19,SCS,58080,57760,58080,57830,54705.8125,55900,3232697000
2023-01-27,SCS,58460,57830,57830,58140,55002.7265625,61900,3598866000
2023-01-30,SCS,58140,57680,58140,57680,54557.3671875,51300,2958984000
2023-01-31,SCS,58310,56900,57680,57530,54408.90625,56300,3238939000
2023-02-01,SCS,57990,57050,57990,57120,54037.76953125,87600,5003712000
2023-02-02,SCS,57590,56810,57120,57210,54112.0,49100,2809011000
2023-02-03,SCS,58780,57210,57210,58780,55596.546875,71300,4191014000
2023-02-06,SCS,59250,57680,58850,57990,54854.26953125,90400,5242296000
2023-02-07,SCS,58850,57050,58850,57120,54037.76953125,64800,3701376000
2023-02-08,SCS,58080,57280,58080,57680,54557.3671875,53900,3108952000
2023-02-09,SCS,58230,57280,57990,57680,54557.3671875,39100,2255288000
2023-02-10,SCS,58230,57680,57760,58230,55076.953125,38800,2259324000
2023-02-13,SCS,58230,57280,58230,57440,54334.6796875,28100,1614064000
2023-02-14,SCS,57830,56730,57440,56730,53666.62109375,43600,2473428000
2023-02-15,SCS,57680,56490,56730,57280,54186.22265625,29800,1706944000
2023-02-16,SCS,57280,57050,57280,57120,54037.76953125,8800,502656000
2023-02-17,SCS,57280,56900,57120,56900,53815.078125,6700,381230000
2023-02-20,SCS,57050,56900,56900,56900,53815.078125,36600,2082540000
2023-02-21,SCS,57530,56580,57530,57360,54260.45703125,29700,1703592000
2023-02-22,SCS,57440,56580,56580,57360,54260.45703125,39400,2259984000
2023-02-23,SCS,57590,57120,57590,57440,54334.6796875,62700,3601488000
2023-02-24,SCS,57990,57280,57530,57910,54780.04296875,36200,2096342000
2023-02-27,SCS,57910,56900,57910,56900,53815.078125,11500,654350000
2023-02-28,SCS,57280,56730,57280,56810,53740.85546875,4700,267007000
2023-03-01,SCS,56900,56670,56900,56900,53815.078125,5200,295880000
2023-03-02,SCS,57680,56730,56730,56960,53889.30859375,2500,142400000
2023-03-03,SCS,57280,56670,56670,57280,54186.22265625,6400,366592000
2023-03-06,SCS,57280,56900,57280,56900,53815.078125,2800,159320000
2023-03-07,SCS,56900,56670,56900,56670,53592.40234375,3700,209679000
2023-03-08,SCS,57280,56670,57280,56670,53592.40234375,1900,107673000
2023-03-09,SCS,57210,56490,57120,56670,53592.40234375,24600,1394082000
2023-03-10,SCS,56670,55710,56670,55710,52701.671875,27600,1537596000
2023-03-13,SCS,55790,54140,55790,54140,51217.11328125,50200,2717828000
2023-03-14,SCS,55310,54220,54220,54930,51959.38671875,14600,801978000
2023-03-15,SCS,55240,54850,55090,54850,51885.16015625,24500,1343825000
2023-03-16,SCS,54780,53760,54380,53760,50845.97265625,37200,1999872000
2023-03-17,SCS,54140,53760,53830,53760,50845.97265625,37200,1999872000
2023-03-20,SCS,54140,52730,54140,52970,50103.703125,21400,1133558000
2023-03-21,SCS,53350,52810,53130,53050,50177.92578125,23700,1257285000
2023-03-22,SCS,53130,52970,53130,53050,50326.3828125,4500,238725000
2023-03-23,SCS,53210,53130,53210,53130,50029.47265625,2200,116886000
2023-03-24,SCS,53350,52500,53350,52570,49732.5625,24200,1272194000
2023-03-27,SCS,52970,52100,52970,52100,49138.73828125,14400,750240000
2023-03-28,SCS,52180,51640,51790,51640,48693.375,49100,2535524000
2023-03-29,SCS,51790,50690,51790,50850,48099.546875,59300,3015405000
2023-03-30,SCS,52180,50540,50540,52180,50326.3828125,20800,1085344000
2023-03-31,SCS,53210,52100,53210,52100,49658.328125,70300,3662630000
2023-04-03,SCS,53350,52570,52570,53350,50474.8359375,38700,2064645000
2023-04-04,SCS,54460,53350,54460,53450,50326.3828125,2600,138970000
2023-04-05,SCS,53130,52730,52810,53130,49584.10546875,600,31878000
2023-04-06,SCS,52570,52420,52420,52420,49509.875,6900,361698000
2023-04-07,SCS,52500,51860,51860,52500,49584.10546875,2600,136500000
2023-04-10,SCS,52570,52030,52030,52420,49435.65234375,11800,618556000
2023-04-11,SCS,52500,52280,52330,52500,49658.328125,3100,162750000
2023-04-12,SCS,52810,52180,52810,52330,49435.65234375,7800,408174000
2023-04-13,SCS,52330,52100,52330,52180,49435.65234375,12100,631378000
2023-04-14,SCS,52810,52280,52810,52330,49435.65234375,17900,936707000
2023-04-17,SCS,52570,52100,52570,52100,49064.51171875,17900,932590000
2023-04-18,SCS,52030,51860,51860,52030,49212.96875,25900,1347577000
2023-04-19,SCS,52420,51720,52420,51790,48990.28125,26000,1346540000
2023-04-20,SCS,51950,51480,51790,51480,48693.375,17900,921492000
2023-04-21,SCS,51480,51000,51480,51230,48322.234375,21500,1101445000
2023-04-24,SCS,51170,50610,51090,51090,48916.0546875,8800,449592000
2023-04-25,SCS,51790,51720,51790,51790,48396.45703125,3100,160549000
2023-04-26,SCS,51550,51480,51550,51480,48322.234375,300,15444000
2023-04-27,SCS,51400,50930,51330,51400,48619.14453125,15700,806980000
2023-04-28,SCS,51550,51000,51000,51550,48767.6015625,3900,201045000
2023-05-04,SCS,51720,51480,51640,51550,48693.375,18200,938210000
2023-05-05,SCS,51480,51480,51480,51480,48693.375,1700,87516000
2023-05-08,SCS,51640,51090,51640,51170,48693.375,3800,194446000
2023-05-09,SCS,51480,51090,51090,51480,48619.14453125,2500,128700000
2023-05-10,SCS,51400,51090,51400,51400,48693.375,2400,123360000
2023-05-11,SCS,51640,51400,51550,51400,48693.375,25200,1295280000
2023-05-12,SCS,51720,51480,51640,51640,48619.14453125,10400,537056000
2023-05-15,SCS,52280,51480,51550,51550,48767.6015625,26400,1360920000
2023-05-16,SCS,51720,51480,51640,51640,48841.828125,9800,506072000
2023-05-17,SCS,52180,51400,51640,51720,48767.6015625,19200,993024000
2023-05-18,SCS,51790,51400,51790,51480,48767.6015625,8400,432432000
2023-05-19,SCS,51640,51400,51550,51480,48619.14453125,10900,561132000
2023-05-22,SCS,51480,51230,51400,51230,48470.68359375,18400,942632000
2023-05-23,SCS,51550,51230,51230,51230,48396.45703125,20800,1065584000
2023-05-24,SCS,51790,51330,51330,51640,48396.45703125,15700,810748000
2023-05-25,SCS,51860,51230,51230,51790,48990.28125,3800,196802000
2023-05-26,SCS,51950,51480,51790,51860,49064.51171875,9000,466740000
2023-05-29,SCS,51950,51720,51860,51860,49064.51171875,19200,995712000
2023-05-30,SCS,52180,51790,52180,51790,48990.28125,11800,611122000
2023-05-31,SCS,51950,51790,51950,51790,48990.28125,11600,600764000
2023-06-01,SCS,52100,51640,51790,51790,48990.28125,14300,740597000
2023-06-02,SCS,52100,51790,52030,51790,48990.28125,11300,585227000
2023-06-05,SCS,52810,52280,52810,52280,49435.65234375,26300,1374964000
2023-06-06,SCS,54140,52330,52330,52970,50103.703125,124800,6610656000
2023-06-07,SCS,52970,52810,52970,52810,49955.24609375,22600,1193506000
2023-06-08,SCS,52970,52900,52970,52970,50103.703125,22600,1197122000
2023-06-09,SCS,53760,52970,52970,53760,50845.97265625,19600,1053696000
2023-06-12,SCS,54930,53760,53760,53980,51068.65234375,68800,3713824000
2023-06-13,SCS,53980,53350,53980,53760,50845.97265625,8900,478464000
2023-06-14,SCS,53760,53600,53760,53760,50845.97265625,27600,1483776000
2023-06-15,SCS,53760,53450,53760,53760,50845.97265625,11600,623616000
2023-06-16,SCS,53980,53680,53830,53680,50771.74609375,60600,3253008000
2023-06-19,SCS,54080,53680,53680,54080,51142.88671875,72800,3937024000
2023-06-20,SCS,54140,53760,54080,53760,50845.97265625,61200,3290112000
2023-06-21,SCS,54140,53760,53760,54140,51217.11328125,28600,1548404000
2023-06-22,SCS,54310,53760,54140,53760,51217.11328125,61000,3279360000
2023-06-23,SCS,53760,53450,53760,53760,50845.97265625,36600,1967616000
2023-06-26,SCS,53760,53350,53760,53760,50845.97265625,66200,3558912000
2023-06-27,SCS,54460,53760,53760,54220,51291.34765625,194300,10534946000
2023-06-28,SCS,54930,54310,54930,54620,51662.48046875,102200,5582164000
2023-06-29,SCS,54620,53980,54460,54080,51142.88671875,48300,2612064000
2023-06-30,SCS,54080,53520,54080,53600,50697.51953125,81400,4363040000
2023-07-03,SCS,53760,53350,53600,53350,50474.8359375,26600,1419110000
2023-07-04,SCS,53910,53450,53450,53760,50845.97265625,31000,1666560000
2023-07-05,SCS,53980,53680,53980,53760,50845.97265625,51000,2741760000
2023-07-06,SCS,53980,53520,53760,53600,50697.51953125,59700,3199920000
2023-07-07,SCS,53760,53350,53600,53350,50474.8359375,57300,3056955000
2023-07-10,SCS,53760,53290,53350,53290,50400.609375,46100,2456669000
2023-07-11,SCS,53760,53290,53760,53350,50474.8359375,42500,2267375000
2023-07-12,SCS,53450,53210,53450,53290,50400.609375,28700,1529423000
2023-07-13,SCS,53450,53210,53290,53350,50474.8359375,39800,2123330000
2023-07-14,SCS,53450,53210,53450,53350,50474.8359375,75600,4033260000
2023-07-17,SCS,53680,53350,53450,53450,50549.0625,89200,4767740000
2023-07-18,SCS,53450,53210,53450,53210,50326.3828125,52600,2798846000
2023-07-19,SCS,54780,53600,53600,53600,50697.51953125,91400,4899040000
2023-07-20,SCS,54540,53600,53680,54460,51514.0234375,96900,5277174000
2023-07-21,SCS,54380,53980,54220,54080,51142.88671875,116700,6311136000
2023-07-24,SCS,56730,54540,54690,55950,52924.34765625,147900,8275005000
2023-07-25,SCS,56730,56190,56730,56730,53666.62109375,84100,4770993000
2023-07-26,SCS,56730,56270,56730,56580,53518.16796875,32100,1816218000
2023-07-27,SCS,56900,56490,56580,56810,53740.85546875,102100,5800301000
2023-07-28,SCS,57050,56810,56810,56960,53889.30859375,66000,3759360000
2023-07-31,SCS,57910,57050,57050,57830,54705.8125,98500,5696255000
2023-08-01,SCS,58390,57530,58390,57680,54557.3671875,42700,2462936000
2023-08-02,SCS,57760,56450,57760,56510,53466.2109375,76300,4311713000
2023-08-03,SCS,56860,56280,56510,56860,53777.96875,65600,3730016000
2023-08-04,SCS,56930,56510,56860,56930,53855.9140625,20400,1161372000
2023-08-07,SCS,57100,55780,57100,55780,52764.76171875,55000,3067900000
2023-08-08,SCS,56200,55780,56030,56030,52998.578125,49000,2745470000
2023-08-09,SCS,56030,55290,56030,55290,52297.125,44100,2438289000
2023-08-10,SCS,55690,55210,55290,55450,52453.0078125,21700,1203265000
2023-08-11,SCS,55450,54880,55210,55450,52453.0078125,33700,1868665000
2023-08-14,SCS,56030,55450,55620,55450,52453.0078125,9300,515685000
2023-08-15,SCS,55530,55040,55450,55120,52141.25,25800,1422096000
2023-08-16,SCS,55370,54950,55370,55210,52219.1875,30300,1672863000
2023-08-17,SCS,58090,55370,58090,56200,53154.45703125,38800,2180560000
2023-08-18,SCS,56200,54700,56200,54800,51829.4921875,53600,2937280000
2023-08-21,SCS,55120,53640,54800,55040,52063.30859375,23600,1298944000
2023-08-22,SCS,55860,54700,54700,55860,52842.703125,90300,5044158000
2023-08-23,SCS,55950,55290,55860,55370,52375.0625,5800,321146000
2023-08-24,SCS,55620,55290,55370,55450,52453.0078125,15200,842840000
2023-08-25,SCS,55210,54700,55210,55120,52141.25,11800,650416000
2023-08-28,SCS,55620,55120,55120,55530,52530.9453125,52200,2898666000
2023-08-29,SCS,55530,55210,55530,55290,52297.125,17000,939930000
2023-08-30,SCS,55370,54950,55290,55210,52219.1875,88400,4880564000
2023-08-31,SCS,55780,55120,55290,55210,52219.1875,20500,1131805000
2023-09-05,SCS,55530,54800,55450,54880,51907.4296875,61400,3369632000
2023-09-06,SCS,55210,54700,54880,54950,51985.3671875,47600,2615620000
2023-09-07,SCS,55210,54700,54950,55210,52219.1875,113200,6249772000
2023-09-08,SCS,55620,55040,55210,55450,52453.0078125,27300,1513785000
2023-09-11,SCS,56450,55690,55690,56450,53388.2734375,115000,6491750000
2023-09-12,SCS,57270,56100,56100,57010,53933.84765625,38600,2200586000
2023-09-13,SCS,57430,56450,57010,57430,54323.54296875,77400,4445082000
2023-09-14,SCS,57430,56360,57430,56450,53388.2734375,51000,2878950000
2023-09-15,SCS,57180,55950,56030,56690,53622.08984375,18200,1031758000
2023-09-18,SCS,56610,55690,56200,56510,53466.2109375,17100,966321000
2023-09-19,SCS,56860,56030,56030,56860,53777.96875,24000,1364640000
2023-09-20,SCS,57010,56450,56860,56860,53777.96875,17900,1017794000
2023-09-21,SCS,56860,56510,56860,56510,53466.2109375,10700,604657000
2023-09-22,SCS,56360,54800,56030,56280,53232.39453125,48100,2707068000
2023-09-25,SCS,56280,55210,56030,55210,52219.1875,24800,1369208000
2023-09-26,SCS,55620,54800,55210,54880,51907.4296875,25300,1388464000
2023-09-27,SCS,55040,54550,54880,54950,51985.3671875,28000,1538600000
2023-09-28,SCS,55290,54800,55290,55040,52063.30859375,15500,853120000
2023-09-29,SCS,55950,54880,54950,55620,52608.88671875,16500,917730000
2023-10-02,SCS,56030,55290,55290,55950,52920.6328125,11600,649020000
2023-10-03,SCS,55950,55040,55290,55950,52920.6328125,39100,2187645000
2023-10-04,SCS,55950,55370,55860,55620,52608.88671875,24400,1357128000
2023-10-05,SCS,55620,55120,55620,55290,52297.125,14300,790647000
2023-10-06,SCS,55620,55210,55370,55620,52608.88671875,6900,383778000
2023-10-09,SCS,56030,54880,54950,55950,52920.6328125,13100,732945000
2023-10-10,SCS,56200,55860,55950,56030,52998.578125,10400,582712000
2023-10-11,SCS,56100,55860,56100,56030,52998.578125,9600,537888000
2023-10-12,SCS,56510,55950,56030,56360,53310.33203125,28900,1628804000
2023-10-13,SCS,56450,55690,56450,56360,53310.33203125,12000,676320000
2023-10-16,SCS,56280,55370,56030,55690,52686.828125,20300,1130507000
2023-10-17,SCS,56200,55370,55370,56030,52998.578125,23700,1327911000
2023-10-18,SCS,56280,54380,56280,56030,52998.578125,41400,2319642000
2023-10-19,SCS,56690,55620,56690,56690,53622.08984375,65900,3735871000
2023-10-20,SCS,56690,55950,56690,56610,53544.1484375,17100,968031000
2023-10-23,SCS,56510,55860,56510,55950,52920.6328125,11500,643425000
2023-10-24,SCS,56030,55290,56030,55780,52764.76171875,35700,1991346000
2023-10-25,SCS,56200,55530,56200,55530,52530.9453125,18900,1049517000
2023-10-26,SCS,55370,54630,55290,54880,51907.4296875,65800,3611104000
2023-10-27,SCS,55040,53720,54880,53800,50894.21875,42700,2297260000
2023-10-30,SCS,53800,52910,53800,52910,50036.89453125,37500,1984125000
2023-10-31,SCS,54310,52150,52910,52560,49725.13671875,25600,1345536000
2023-11-01,SCS,52560,51500,52560,51820,49023.6875,47400,2456268000
2023-11-02,SCS,52970,51420,51820,52250,49413.375,29000,1515250000
2023-11-03,SCS,52650,51910,52250,51910,49101.625,19700,1022627000
2023-11-06,SCS,53890,51910,51910,52970,50114.83203125,24300,1287171000
2023-11-07,SCS,53720,52150,53720,52250,49413.375,29700,1551825000
2023-11-08,SCS,53140,52150,52250,53140,50270.7109375,29700,1578258000
2023-11-09,SCS,53550,52730,52810,53140,50270.7109375,11400,605796000
2023-11-10,SCS,53220,52730,53220,52810,49958.953125,14900,786869000
2023-11-13,SCS,53550,52560,52560,52810,49958.953125,22500,1188225000
2023-11-14,SCS,53480,53140,53390,53140,50270.7109375,5900,313526000
2023-11-15,SCS,53800,53480,53550,53800,50894.21875,71200,3830560000
2023-11-16,SCS,54130,53390,53800,54060,51128.046875,17300,935238000
2023-11-17,SCS,54210,53720,53720,53890,50972.16015625,11400,614346000
2023-11-20,SCS,53890,53070,53070,53890,50972.16015625,4100,220949000
2023-11-21,SCS,53890,53220,53220,53480,50582.46875,5300,283444000
2023-11-22,SCS,53970,53480,53480,53890,50972.16015625,8000,431120000
2023-11-23,SCS,54060,53640,54060,53720,50816.27734375,6000,322320000
2023-11-24,SCS,54130,53220,53550,54130,51205.98046875,11000,595430000
2023-11-27,SCS,54210,53320,54210,53390,50504.5234375,14500,774155000
2023-11-28,SCS,53550,53320,53390,53480,50582.46875,3100,165788000
2023-11-29,SCS,54210,52910,53970,54130,51205.98046875,10300,557539000
2023-11-30,SCS,54130,53220,53220,53720,50816.27734375,5000,268600000
2023-12-01,SCS,54310,53550,54310,53720,50816.27734375,9700,521084000
2023-12-04,SCS,54310,53720,54310,53720,50816.27734375,11700,628524000
2023-12-05,SCS,53970,53550,53640,53720,50816.27734375,28300,1520276000
2023-12-06,SCS,53970,53550,53890,53720,50816.27734375,14000,752080000
2023-12-07,SCS,53800,53390,53800,53640,50738.34765625,31500,1689660000
2023-12-08,SCS,53970,53550,53890,53970,51050.09765625,28600,1543542000
2023-12-11,SCS,54380,53640,53970,54210,51283.921875,72600,3935646000
2023-12-12,SCS,55040,54060,54800,54060,51128.046875,11000,594660000
2023-12-13,SCS,54380,53640,54380,53720,50816.27734375,11900,639268000
2023-12-14,SCS,54310,53550,53640,53550,50660.40234375,29100,1558305000
2023-12-15,SCS,54630,53550,53640,54380,51439.796875,29600,1609648000
2023-12-18,SCS,54380,53550,54380,54380,51439.796875,23000,1250740000
2023-12-19,SCS,54550,53890,54380,54380,51439.796875,28300,1538954000
2023-12-20,SCS,54800,54380,54800,54800,51829.4921875,74600,4088080000
2023-12-21,SCS,55120,54380,54950,54880,51907.4296875,10200,559776000
2023-12-22,SCS,55210,54210,54880,54380,51439.796875,29600,1609648000
2023-12-25,SCS,54550,53890,54060,54210,51283.921875,26100,1414881000
2023-12-26,SCS,54460,54130,54380,54130,51205.98046875,41300,2235569000
2023-12-27,SCS,55210,54210,54210,55120,52141.25,28700,1581944000
2023-12-28,SCS,55620,54550,55120,55620,52608.88671875,20100,1117962000
2023-12-29,SCS,59250,55210,55620,59250,56038.203125,217900,12910575000
2024-01-02,SCS,58500,56200,58500,57680,54557.35546875,114600,6610128000
2024-01-03,SCS,58530,57000,57000,58530,55359.671875,20800,1217424000
2024-01-04,SCS,58530,57260,58530,57330,54236.43359375,22500,1289925000
2024-01-05,SCS,57760,57000,57680,57090,53995.73828125,27000,1541430000
2024-01-08,SCS,57000,55980,57000,56490,53434.12109375,16000,903840000
2024-01-09,SCS,56670,56410,56670,56570,53514.35546875,14800,837236000
2024-01-10,SCS,56670,55980,56570,56150,53113.1953125,14700,825405000
2024-01-11,SCS,56670,56070,56150,56150,53113.1953125,17100,960165000
2024-01-12,SCS,56150,55650,56150,55720,52712.03515625,28700,1599164000
2024-01-15,SCS,55980,55650,55890,55810,52792.26953125,9600,535776000
2024-01-16,SCS,56150,55550,56150,56070,53032.96484375,43300,2427831000
2024-01-17,SCS,56070,55890,55980,55980,52952.73046875,43800,2451924000
2024-01-18,SCS,56410,55980,55980,55980,52952.73046875,17800,996444000
2024-01-19,SCS,56670,55980,55980,56240,53193.4296875,31300,1760312000
2024-01-22,SCS,55980,54700,55980,54960,51989.94921875,87700,4819992000
2024-01-23,SCS,54960,54700,54960,54800,51829.4921875,32900,1802920000
2024-01-24,SCS,54880,54380,54880,54620,51669.03125,36300,1982706000
2024-01-25,SCS,55810,54540,54700,54700,51669.03125,34100,1865270000
2024-01-26,SCS,56830,55550,56830,56150,53113.1953125,40800,2290920000
2024-01-29,SCS,56490,55650,56410,55650,52631.80859375,28200,1569330000
2024-01-30,SCS,55980,55470,55980,55650,52631.80859375,31200,1736280000
2024-01-31,SCS,59460,55300,55650,58860,55680.6015625,422000,24838920000
2024-02-01,SCS,60720,58860,58860,60720,57445.69140625,186100,11299992000
2024-02-02,SCS,61490,59800,60720,60060,57445.69140625,79000,4744740000
2024-02-05,SCS,60220,59370,60220,59880,56643.37890625,93100,5574828000
2024-02-06,SCS,61490,59880,59880,60660,57365.45703125,185300,11240298000
2024-02-07,SCS,61580,60660,60660,61150,57846.8515625,85400,5222210000
2024-02-15,SCS,61490,60300,61410,61240,57927.08203125,57300,3509052000
2024-02-16,SCS,61920,60660,60660,61070,57766.6171875,126900,7749783000
2024-02-19,SCS,62170,60660,61750,61330,58007.30859375,102600,6292458000
2024-02-20,SCS,62170,61330,61580,61920,58568.93359375,63000,3900960000
2024-02-21,SCS,64040,61490,61920,63620,60173.5546875,81200,5165944000
2024-02-22,SCS,64459,63200,64459,63620,60173.5546875,34300,2182166000
2024-02-23,SCS,63950,62430,63620,62590,59210.78125,91600,5733244000
2024-02-26,SCS,64040,62590,62770,63950,60494.48046875,95900,6132805000
2024-02-27,SCS,64459,62770,63950,63360,59932.8671875,39400,2496384000
2024-02-28,SCS,64209,63200,63200,64040,60574.71875,63500,4066540000
2024-02-29,SCS,64379,63360,64040,63690,60253.78515625,84100,5356329000
2024-03-01,SCS,64629,63620,63620,64459,60975.87109375,193800,12492154200
2024-03-04,SCS,64629,64120,64629,64290,60815.40625,222500,14304525000
2024-03-05,SCS,65480,64040,64290,65319,61778.1875,253800,16577962200
2024-03-06,SCS,66070,64550,65129,65230,61697.95703125,224700,14657181000
2024-03-07,SCS,66420,65319,65319,66420,62821.19921875,108900,7233138000
2024-03-08,SCS,68700,66070,66420,67850,64185.1328125,199800,13556430000
2024-03-11,SCS,67940,66490,67850,67430,63783.9765625,210100,14167043000
2024-03-12,SCS,67850,67250,67850,67430,63783.9765625,168300,11348469000
2024-03-13,SCS,67850,67430,67430,67850,64185.1328125,160100,10862785000
2024-03-14,SCS,68700,67850,67850,68360,64666.51953125,58200,3978552000
2024-03-15,SCS,68360,66070,68360,66330,62740.96875,266800,17696844000
2024-03-18,SCS,66170,63620,66170,64879,61377.03125,159600,10354688400
2024-03-19,SCS,66170,64550,64879,65129,61617.7265625,46600,3035011400
2024-03-20,SCS,65230,63690,64459,64379,60895.640625,163400,10519528600
2024-03-21,SCS,64629,63620,64550,64209,60735.18359375,299200,19211332800
2024-03-22,SCS,64879,63950,64209,64040,60574.71875,44200,2830568000
2024-03-25,SCS,64209,63950,64120,64040,60574.71875,85200,5456208000
2024-03-26,SCS,64459,63790,64040,63950,60494.48046875,48000,3069600000
2024-03-27,SCS,64459,63620,64459,63690,60253.78515625,54800,3490212000
2024-03-28,SCS,65230,63950,64290,64379,60895.640625,151800,9772732200
2024-03-29,SCS,65129,64379,64459,64379,60895.640625,152800,9837111200
2024-04-01,SCS,64550,63690,64459,63790,60334.0234375,64500,4114455000
2024-04-02,SCS,64290,63200,64290,63620,60173.5546875,61800,3931716000
2024-04-03,SCS,63620,62430,63620,62590,59210.78125,164700,10308573000
2024-04-04,SCS,66830,62680,62770,66830,63222.3515625,598100,39971023000
2024-04-05,SCS,69210,65390,66830,66170,62580.50390625,165400,10944518000
2024-04-08,SCS,67430,65390,66330,66170,62580.50390625,92800,6140576000
2024-04-09,SCS,67190,66170,67190,66590,62981.65625,120400,8017436000
2024-04-10,SCS,67770,66240,66240,67250,63623.51953125,68200,4586450000
2024-04-11,SCS,67010,65740,66240,66830,63222.3515625,56300,3762529000
2024-04-12,SCS,68700,66830,66830,68450,64746.7421875,88600,6064670000
2024-04-15,SCS,68450,66070,68270,66170,62580.50390625,251300,16628521000
2024-04-16,SCS,67010,65230,66070,66830,63222.3515625,105900,7077297000
2024-04-17,SCS,66930,65910,66170,66420,62821.19921875,121300,8056746000
2024-04-19,SCS,66420,65319,66420,65740,62179.34375,241700,15889358000
2024-04-22,SCS,66070,65319,65740,65390,61858.42578125,118800,7768332000
2024-04-23,SCS,67430,65129,66170,67430,63783.9765625,236000,15913480000
2024-04-24,SCS,67430,66670,67430,67010,63382.81640625,78100,5233481000
2024-04-25,SCS,69380,66170,66670,69120,65388.59765625,194600,13450752000
2024-04-26,SCS,69120,67850,68270,67850,64185.1328125,102100,6927485000
2024-05-02,SCS,71670,68540,68610,70990,67153.6953125,248600,17648114000
2024-05-03,SCS,71160,70220,71160,70390,66592.0703125,73800,5194782000
2024-05-06,SCS,72010,70480,70480,71590,67715.3125,138600,9922374000
2024-05-07,SCS,75490,71500,71760,74810,70764.109375,485000,36282850000
2024-05-08,SCS,74560,73370,74560,74210,70202.484375,115400,8563834000
2024-05-09,SCS,75400,73280,74210,73780,69801.328125,273600,20186208000
2024-05-10,SCS,75490,73880,73960,75490,71405.9609375,119600,9028604000
2024-05-13,SCS,75650,73780,75230,73780,69801.328125,107900,7960862000
2024-05-14,SCS,74810,73460,74040,73880,69881.5625,186900,13808172000
2024-05-15,SCS,74890,73780,74040,74630,70603.640625,118000,8806340000
2024-05-16,SCS,76080,73960,74630,74630,70603.640625,113100,8440653000
2024-05-17,SCS,75070,73780,74560,74040,70042.0234375,330900,24499836000
2024-05-20,SCS,74630,74040,74040,74140,70122.25,110200,8170228000
2024-05-21,SCS,77010,73780,74140,75400,71325.71875,509700,38431380000
2024-05-22,SCS,77010,75150,75150,76590,72448.96875,241600,18504144000
2024-05-23,SCS,77950,75570,77870,76340,72208.2734375,139400,10641796000
2024-05-24,SCS,77610,74890,75490,77110,72930.359375,530500,40906855000
2024-05-27,SCS,77110,75400,77110,76340,72208.2734375,59200,4519328000
2024-05-28,SCS,77190,75750,75910,76340,72208.2734375,109100,8328694000
2024-05-29,SCS,77610,76340,76420,76590,72448.96875,121100,9275049000
2024-05-30,SCS,76590,75070,76590,76080,71967.5703125,82600,6284208000
2024-05-31,SCS,77110,75910,77110,76340,72208.2734375,62300,4755982000
2024-06-03,SCS,79550,76420,76420,78030,72208.2734375,202600,15808878000
2024-06-04,SCS,78880,77700,78880,77870,73652.4453125,70000,5450900000
2024-06-05,SCS,78540,77350,77950,77610,73411.75,94500,7334145000
2024-06-06,SCS,80580,78030,78370,79730,75417.53125,257900,20562367000
2024-06-07,SCS,80580,78460,79730,78620,74374.5078125,83200,6541184000
2024-06-10,SCS,79150,76780,78110,77050,72882.0546875,232900,17944945000
2024-06-11,SCS,76960,74240,76960,74950,70892.1015625,549900,41215005000
2024-06-12,SCS,76000,74680,74950,75640,71555.4140625,276700,20929588000
2024-06-13,SCS,77140,75640,75640,76610,72467.4765625,104400,7998084000
2024-06-14,SCS,77320,75380,76880,75910,71804.1640625,202800,15394548000
2024-06-17,SCS,76000,74770,76000,74950,70892.1015625,169000,12666550000
2024-06-18,SCS,76000,74860,75030,75120,71057.9296875,52400,3936288000
2024-06-19,SCS,75380,74170,75380,75380,71306.671875,98400,7417392000
2024-06-20,SCS,75380,74510,74510,74860,70809.1796875,47100,3525906000
2024-06-21,SCS,79760,74510,75300,78720,74457.4296875,372700,29338944000
2024-06-24,SCS,82220,78890,79680,80650,76281.5625,459700,37074805000
2024-06-25,SCS,84150,79330,80650,79940,75618.2421875,394500,31536330000
2024-06-26,SCS,79420,77660,79330,78890,74623.2578125,318900,25158021000
2024-06-27,SCS,78890,77140,78540,77140,72964.9609375,177400,13684636000
2024-06-28,SCS,77840,75210,77140,75380,71306.671875,178700,13470406000
2024-07-01,SCS,76350,74950,75380,75640,71555.4140625,106600,8063224000
2024-07-02,SCS,76700,75640,75820,76520,72384.5625,73500,5624220000
2024-07-03,SCS,78360,76080,76080,78010,73794.1171875,150300,11724903000
2024-07-04,SCS,78800,77660,78360,77660,73462.453125,84800,6585568000
2024-07-05,SCS,78720,76440,78720,76780,72633.3125,167000,12822260000
2024-07-08,SCS,78720,77400,77840,78360,74125.7734375,181600,14230176000
2024-07-09,SCS,80120,78450,80030,78540,74291.609375,166200,13053348000
2024-07-10,SCS,79240,77140,79240,77140,72964.9609375,157000,12110980000
2024-07-11,SCS,77840,76350,77570,77320,73130.8046875,169200,13082544000
2024-07-12,SCS,77400,76520,77400,77320,73130.8046875,164300,12703676000
2024-07-15,SCS,77570,76700,77320,76880,72716.2265625,76000,5842880000
2024-07-16,SCS,78450,76700,76960,77930,73711.1953125,147000,11455710000
2024-07-17,SCS,80210,77050,78010,77140,72964.9609375,579000,44664060000
2024-07-18,SCS,78800,77220,78450,78010,73794.1171875,127500,9946275000
2024-07-19,SCS,78980,76700,78980,76880,72716.2265625,233200,17928416000
2024-07-22,SCS,76960,73010,76780,73010,69067.984375,364500,26612145000
2024-07-23,SCS,74340,70130,73280,70740,66912.1953125,355000,25112700000
2024-07-24,SCS,73370,70300,71000,73110,69150.890625,193500,14146785000
2024-07-25,SCS,76000,72760,73110,74950,70892.1015625,282300,21158385000
2024-07-26,SCS,75740,74770,75380,75380,71306.671875,172600,13010588000
2024-07-29,SCS,76170,72760,75560,75380,71306.671875,136400,10281832000
2024-07-30,SCS,75740,74590,75740,75380,71306.671875,129300,9746634000
2024-07-31,SCS,75740,74510,75740,75210,71140.8515625,111500,8385915000
2024-08-01,SCS,75210,71970,75210,72230,68321.7421875,177100,12791933000
2024-08-02,SCS,74510,71530,71870,73540,69565.46875,61900,4552126000
2024-08-05,SCS,73460,70820,72060,70820,66995.1171875,250300,17726246000
2024-08-06,SCS,72670,71090,72310,71870,67990.0859375,109000,7833830000
2024-08-07,SCS,72230,71000,71870,72060,68155.9140625,69000,4972140000
2024-08-08,SCS,73010,71610,71970,72760,68819.234375,49000,3565240000
2024-08-09,SCS,74510,72760,73010,74510,70477.53125,141800,10565518000
2024-08-12,SCS,74680,73720,74680,74070,70062.953125,52600,3896082000
2024-08-13,SCS,74340,73010,74070,73630,69648.375,88400,6508892000
2024-08-14,SCS,73970,73010,73630,73540,69565.46875,50000,3677000000
2024-08-15,SCS,74070,72840,73190,73010,69067.984375,100500,7337505000
2024-08-16,SCS,74510,73110,73460,74510,70477.53125,169800,12651798000
2024-08-19,SCS,75210,74340,75120,74680,70643.359375,78100,5832508000
2024-08-20,SCS,75640,73970,74510,74070,70062.953125,187100,13858497000
2024-08-21,SCS,74240,73460,74170,73630,69648.375,114700,8445361000
2024-08-22,SCS,74070,72490,73630,73010,69067.984375,204600,14937846000
2024-08-23,SCS,73540,71970,73540,72670,68736.3125,128900,9367163000
2024-08-26,SCS,73190,72060,72760,72140,68238.8203125,120000,8656800000
2024-08-27,SCS,72570,71430,72060,72570,68653.40625,111300,8077041000
2024-08-28,SCS,73010,72140,72570,72140,68238.8203125,47700,3441078000
2024-08-29,SCS,72670,72140,72140,72570,68653.40625,24400,1770708000
2024-08-30,SCS,73540,72310,72930,72670,68736.3125,39100,2841397000
2024-09-04,SCS,73010,71970,72140,72230,68321.7421875,52500,3792075000
2024-09-05,SCS,72570,71970,72230,71970,68073.0,68600,4937142000
2024-09-06,SCS,72060,71360,72060,71530,67658.4296875,89400,6394782000
2024-09-09,SCS,71430,70650,71430,71000,67160.9296875,115400,8193400000
2024-09-10,SCS,71360,70200,71360,70300,66497.6171875,56000,3936800000
2024-09-11,SCS,70570,69250,70570,69590,65834.296875,111700,7773203000
2024-09-12,SCS,72060,68550,68550,71090,67243.8515625,97300,6917057000
2024-09-13,SCS,71700,71090,71530,71530,67658.4296875,14600,1044338000
2024-09-16,SCS,71870,70650,71530,70650,66829.28125,53900,3808035000
2024-09-17,SCS,71000,70200,70650,70820,66995.1171875,47800,3385196000
2024-09-18,SCS,71970,71090,71430,71700,67824.25,43600,3126120000
2024-09-19,SCS,71610,71180,71430,71610,67741.34375,39400,2821434000
2024-09-20,SCS,71970,70820,71970,70820,66995.1171875,132500,9383650000
2024-09-23,SCS,71360,69330,70910,70470,66663.4453125,62900,4432563000
2024-09-24,SCS,70650,70130,70570,70300,66497.6171875,124900,8780470000
2024-09-25,SCS,70570,69960,70390,69960,66165.9609375,123900,8668044000
2024-09-26,SCS,70130,69160,70130,69250,65502.64453125,252800,17506400000
2024-09-27,SCS,69420,68990,69250,69250,65502.64453125,96600,6689550000
2024-09-30,SCS,69770,69070,69770,69250,65502.64453125,63700,4411225000
2024-10-01,SCS,69590,68990,69070,68990,65253.8984375,106600,7354334000
2024-10-02,SCS,69250,68200,68900,68200,64507.6640625,200100,13646820000
2024-10-03,SCS,69520,66180,68370,66260,62683.5390625,313100,20746006000
2024-10-04,SCS,67050,65920,66530,65920,62351.8828125,158900,10474688000
2024-10-07,SCS,67320,66010,66440,66360,62766.4609375,88700,5886132000
2024-10-08,SCS,67420,66360,67420,66610,63015.19921875,205200,13668372000
2024-10-09,SCS,66800,66360,66800,66440,62849.37109375,166600,11068904000
2024-10-10,SCS,67490,66440,67490,66610,63015.19921875,298400,19876424000
2024-10-11,SCS,67220,66610,66710,66970,63346.85546875,290400,19448088000
2024-10-14,SCS,68810,67420,67490,67590,63927.265625,165800,11206422000
2024-10-15,SCS,69330,67930,68370,68020,64341.83984375,516900,35159538000
2024-10-16,SCS,68280,66970,68200,66970,63346.85546875,192100,12864937000
2024-10-17,SCS,67490,66880,67050,67320,63678.5234375,143300,9646956000
2024-10-18,SCS,67420,66610,67420,66970,63346.85546875,114600,7674762000
2024-10-21,SCS,68900,67150,67490,67760,64093.08984375,444500,30119320000
2024-10-22,SCS,69590,67850,68370,67930,64258.91796875,628900,42721177000
2024-10-23,SCS,68630,67930,68370,68370,64673.4921875,153600,10501632000
2024-10-24,SCS,68370,67050,68370,67760,64093.08984375,249400,16899344000
2024-10-25,SCS,67490,65750,67490,65750,62186.05078125,445600,29298200000
2024-10-28,SCS,66260,65040,65820,65220,61688.5703125,253400,16526748000
2024-10-29,SCS,65750,63900,65480,64250,60776.50390625,589900,37901075000
2024-10-30,SCS,65750,64430,64430,65120,61605.65234375,307300,20011376000
2024-10-31,SCS,66260,65560,65560,65920,62351.8828125,405500,26730560000
2024-11-01,SCS,68280,65560,65560,68280,64590.5859375,918500,62715180000
2024-11-04,SCS,69250,67660,68550,68630,64922.23828125,331600,22757708000
2024-11-05,SCS,69590,68200,68370,69070,65336.8125,244500,16887615000
2024-11-06,SCS,69690,68630,69690,69070,65336.8125,189700,13102579000
2024-11-07,SCS,71610,68720,69250,71260,67409.6796875,462400,32950624000
2024-11-08,SCS,71700,70910,71260,71360,67492.59375,248200,17711552000
2024-11-11,SCS,71870,69590,71360,70570,66746.3671875,365800,25814506000
2024-11-12,SCS,72310,70130,70570,71430,67575.5078125,299400,21386142000
2024-11-13,SCS,71360,69520,71360,70130,66331.7890625,273300,19166529000
2024-11-14,SCS,71000,69770,70030,70130,66331.7890625,322800,22637964000
2024-11-15,SCS,70030,66610,70030,66800,63181.03125,661700,44201560000
2024-11-18,SCS,68460,66880,66970,67590,63927.265625,254000,17167860000
2024-11-19,SCS,68630,65920,67590,65920,62351.8828125,205500,13546560000
2024-11-20,SCS,67930,64950,66090,67490,63844.3515625,563000,37996870000
2024-11-21,SCS,68370,67320,67660,68200,64507.6640625,147300,10045860000
2024-11-22,SCS,68460,67490,68020,67930,64258.91796875,183700,12478741000
2024-11-25,SCS,68370,67660,68280,68200,64507.6640625,113100,7713420000
2024-11-26,SCS,68900,68110,68110,68370,64673.4921875,167400,11445138000
2024-11-27,SCS,68370,67850,68280,67930,64258.91796875,113500,7710055000
2024-11-28,SCS,68720,67490,68280,67930,64258.91796875,148000,10053640000
2024-11-29,SCS,68460,67760,68020,68370,64673.4921875,99300,6789141000
2024-12-02,SCS,68550,67760,68550,67930,64258.91796875,120500,8185565000
2024-12-03,SCS,71000,67490,67930,70300,66497.6171875,467600,32872280000
2024-12-04,SCS,70570,69330,70570,69770,66000.1328125,146800,10242236000
2024-12-05,SCS,71700,69690,69770,70300,66497.6171875,400600,28162180000
2024-12-06,SCS,70910,69250,70740,69770,66000.1328125,146000,10186420000
2024-12-09,SCS,70300,69250,70030,69860,66083.0390625,211000,14740460000
2024-12-10,SCS,70820,69520,69860,70030,66248.875,137900,9657137000
2024-12-11,SCS,71790,70130,70650,70200,66414.703125,298600,20961720000
2024-12-12,SCS,70650,69590,70650,69590,65834.296875,340400,23688436000
2024-12-13,SCS,70570,69330,69690,70030,66248.875,170200,11919106000
2024-12-16,SCS,70820,70130,70470,70740,66912.1953125,240600,17020044000
2024-12-17,SCS,71700,70570,71000,70570,66746.3671875,256000,18065920000
2024-12-18,SCS,71000,70130,70910,70300,66497.6171875,177800,12499340000
2024-12-19,SCS,70130,69250,70130,69420,65668.46875,385200,26740584000
2024-12-20,SCS,70300,69520,69520,69860,66083.0390625,248300,17346238000
2024-12-23,SCS,70400,69770,70400,69860,66083.046875,213600,14922096000
2024-12-24,SCS,74230,69960,69960,74230,70218.6171875,1097100,81437733000
2024-12-25,SCS,75870,73960,75230,74510,70477.09375,491700,36636567000
2024-12-26,SCS,74960,73140,74590,73140,69184.7265625,298300,21817662000
2024-12-27,SCS,77420,72870,73230,77420,73234.1484375,564200,43680364000
2024-12-30,SCS,76420,74510,76420,76420,72286.4140625,520000,39738400000
2024-12-31,SCS,75150,72870,75050,72870,68926.25,360100,26240487000
2025-01-02,SCS,74230,72960,73410,73230,69270.8828125,273200,20006436000
2025-01-03,SCS,73770,72320,73770,72410,68495.46875,312400,22620884000
2025-01-06,SCS,72960,70680,72500,71500,67633.890625,338800,24224200000
2025-01-07,SCS,71780,71040,71780,71140,67289.2578125,228800,16276832000
2025-01-08,SCS,71860,71040,71410,71860,67978.515625,133200,9571752000
2025-01-09,SCS,72960,71960,71960,72140,68236.9921875,210600,15192684000
2025-01-10,SCS,72410,70220,72410,70220,66427.6796875,192900,13545438000
2025-01-13,SCS,71500,69680,70140,71320,67461.5703125,205000,14620600000
2025-01-14,SCS,71410,70780,71320,71040,67203.09375,77600,5512704000
2025-01-15,SCS,71680,71040,71040,71590,67720.0390625,101300,7252067000
2025-01-16,SCS,72320,71220,71960,71410,67720.0390625,148400,10597244000
2025-01-17,SCS,74050,71680,71680,73960,69960.1484375,608300,44989868000
2025-01-20,SCS,74590,73050,74590,73410,69443.203125,255100,18726891000
2025-01-21,SCS,74330,72140,73960,72410,68495.46875,309900,22439859000
2025-01-22,SCS,76060,72870,73320,75150,71080.203125,1079200,81101880000
2025-01-23,SCS,75690,74050,75690,74870,70821.7265625,283000,21188210000
2025-01-24,SCS,74870,73140,74870,73690,69701.6796875,345000,25423050000
2025-02-03,SCS,73590,71960,73590,72140,68236.9921875,572800,41321792000
2025-02-04,SCS,73050,72320,72410,72770,68840.09375,450500,32782885000
2025-02-05,SCS,75230,72590,72770,73770,69787.828125,787800,58116006000
2025-02-06,SCS,74590,73320,74590,73410,69443.203125,290200,21303582000
2025-02-07,SCS,74150,72690,74050,72870,68926.25,477500,34795425000
2025-02-10,SCS,72690,70680,72690,70780,66944.6171875,946200,66972036000
2025-02-11,SCS,71220,70500,70780,70500,66686.1484375,291200,20529600000
2025-02-12,SCS,71500,70320,70500,70780,66944.6171875,276900,19598982000
2025-02-13,SCS,71140,70220,70590,70780,66944.6171875,248700,17602986000
2025-02-14,SCS,71320,70400,71220,70500,66686.1484375,407000,28693500000
2025-02-17,SCS,70500,68130,70500,68490,64790.6796875,1133900,77660811000
2025-02-18,SCS,68950,68130,68950,68490,64790.6796875,347500,23800275000
2025-02-19,SCS,69590,68770,68770,68950,65221.47265625,232700,16044665000
2025-02-20,SCS,69500,68220,69220,68770,65049.15625,477300,32823921000
2025-02-21,SCS,68950,68410,68860,68590,64876.8359375,272700,18704493000
2025-02-24,SCS,68860,68310,68590,68680,64962.99609375,411000,28227480000
2025-02-25,SCS,70320,68310,68310,70140,66341.5234375,582600,40863564000
2025-02-26,SCS,70680,69400,70500,69680,65910.734375,215900,15043912000
2025-02-27,SCS,69960,68860,69960,69220,65479.94140625,186700,12923374000
2025-02-28,SCS,69040,68310,69040,68590,64876.8359375,280400,19232636000
2025-03-03,SCS,68680,68310,68680,68490,64790.6796875,305100,20896299000
2025-03-04,SCS,68860,67590,68860,67590,63929.09765625,585400,39567186000
2025-03-05,SCS,67770,66770,67770,66850,63239.83984375,468100,31292485000
2025-03-06,SCS,67850,66770,66770,67850,64187.57421875,355300,24107105000
2025-03-07,SCS,68310,67670,68040,67850,64187.57421875,170300,11554855000
2025-03-10,SCS,68040,67410,67770,67770,64101.421875,135100,9155727000
2025-03-11,SCS,67310,66850,67220,67030,63412.15234375,302700,20289981000
2025-03-12,SCS,67410,66670,67220,67410,63756.78515625,233100,15713271000
2025-03-13,SCS,67950,67030,67410,67220,63584.46875,183200,12314704000
2025-03-14,SCS,67770,66590,67310,66590,62981.36328125,176900,11779771000
2025-03-17,SCS,67310,65950,66590,66030,62464.4140625,277700,18336531000
2025-03-18,SCS,66400,65580,65850,65760,62205.9453125,218400,14361984000
2025-03-19,SCS,66130,65120,66130,65400,61861.3125,175200,11458080000
2025-03-20,SCS,66030,65120,65850,65760,62205.9453125,269800,17742048000
2025-03-21,SCS,67410,65670,65760,66770,63153.68359375,182300,12172171000
2025-03-24,SCS,66950,65220,66770,66220,62636.734375,139600,9244312000
2025-03-25,SCS,66220,65310,66220,65310,61775.15625,265100,17313681000
2025-03-26,SCS,65489,64220,65489,64220,60741.26171875,447200,28719184000
2025-03-27,SCS,64400,63480,64300,63660,60224.30859375,305300,19435398000
2025-03-28,SCS,64400,63580,63660,63760,60310.47265625,183100,11674456000
2025-03-31,SCS,63660,62390,63660,62840,59448.89453125,304400,19128496000
2025-04-01,SCS,63760,62760,62840,63760,60310.47265625,141300,9009288000
2025-04-02,SCS,63850,63030,63850,63030,59621.2109375,288400,18177852000
2025-04-03,SCS,61030,58660,58750,58660,55485.63671875,882300,51755718000
2025-04-04,SCS,55100,54560,54560,54560,51608.53125,982600,53610656000
2025-04-08,SCS,53550,50820,50820,50820,48076.0625,641700,32611194000
2025-04-09,SCS,50640,47270,47270,47730,45146.69921875,1075100,51314523000
2025-04-10,SCS,51010,51010,51010,51010,48248.375,49900,2545399000
2025-04-11,SCS,54560,53290,54560,54560,51608.53125,1271500,69373040000
2025-04-14,SCS,55560,54190,55560,54560,51608.53125,374600,20438176000
2025-04-15,SCS,54650,52280,54650,52730,49885.375,496600,26185718000
2025-04-16,SCS,53190,51010,52730,51280,48506.8515625,410600,21055568000
2025-04-17,SCS,52830,50820,50820,52830,49971.53515625,428000,22611240000
2025-04-18,SCS,55920,53290,53470,54740,51780.8515625,470600,25760644000
2025-04-21,SCS,55840,53370,55840,53550,50660.796875,414500,22196475000
2025-04-22,SCS,53190,49920,52920,52650,49799.21875,652200,34338330000
2025-04-23,SCS,53470,52370,53110,53370,50488.48046875,252700,13486599000
2025-04-24,SCS,54190,53110,54190,53370,50488.48046875,201900,10775403000
2025-04-25,SCS,54010,52920,54010,53290,50402.32421875,292400,15581996000
2025-04-28,SCS,54560,53370,53370,53550,50660.796875,330100,17676855000
2025-04-29,SCS,54110,53470,53830,53920,51005.42578125,138400,7462528000
2025-05-05,SCS,55290,55100,55290,55100,51005.42578125,284100,15653910000
2025-05-06,SCS,56020,54920,55380,55100,52125.48046875,385300,21230030000
2025-05-07,SCS,55100,54290,55100,54560,52125.48046875,234300,12783408000
2025-05-08,SCS,55100,54380,55100,54920,51608.53125,182200,10006424000
2025-05-09,SCS,55380,54470,55100,54650,51953.16015625,210700,11514755000
2025-05-12,SCS,54920,54470,54740,54740,51953.16015625,255400,13980596000
2025-05-13,SCS,55740,55020,55470,55200,51780.8515625,457900,25276080000
2025-05-14,SCS,57660,55200,55200,57200,52211.63671875,597300,34165560000
2025-05-15,SCS,58930,56920,57380,58930,54107.109375,556300,32782759000
2025-05-16,SCS,58930,57380,58930,57560,55744.109375,523900,30155684000
2025-05-19,SCS,57110,56020,56200,56200,53159.375,356800,20052160000
2025-05-20,SCS,56660,55740,56200,56480,53159.375,322900,18237392000
2025-05-21,SCS,56660,55650,56480,56480,53417.84765625,290200,16390496000
2025-05-22,SCS,57840,55840,56200,56100,53417.84765625,382800,21475080000
2025-05-23,SCS,56480,55920,55920,56020,53073.21484375,162900,9125658000
2025-05-26,SCS,56660,55380,56380,56480,53417.84765625,365400,20637792000
2025-05-27,SCS,58110,56660,56660,57480,53417.84765625,467600,26877648000
2025-05-28,SCS,58290,57380,58110,57840,54365.5859375,306100,17704824000
2025-05-29,SCS,57930,57290,57930,57380,54710.21484375,283700,16278706000
2025-05-30,SCS,57380,56380,57380,56380,54279.42578125,383000,21593540000
2025-06-02,SCS,58290,55650,56100,58290,55141.00390625,513000,29902770000
2025-06-03,SCS,59390,58110,59110,58110,55141.00390625,724300,42089073000
2025-06-04,SCS,58110,57380,58110,57660,54968.6875,272500,15712350000
2025-06-05,SCS,57840,56920,57840,57380,54537.8984375,256300,14706494000
2025-06-06,SCS,57290,56480,57200,56480,54279.42578125,311200,17576576000
2025-06-09,SCS,58290,56380,57560,56660,53590.16015625,360800,20442928000
2025-06-10,SCS,59210,57020,57020,59210,53590.16015625,951900,56361999000
2025-06-11,SCS,59850,58290,59750,58570,56002.5859375,342100,20036797000
2025-06-12,SCS,58930,58200,58660,58660,55399.4765625,242500,14225050000
2025-06-13,SCS,58020,57020,57750,57560,55485.63671875,556000,32003360000
2025-06-16,SCS,58480,57200,57380,58480,55313.31640625,330600,19333488000
2025-06-17,SCS,59210,58020,58750,58110,55313.31640625,343900,19984029000
2025-06-18,SCS,58390,57840,57840,57930,54968.6875,185000,10717050000
2025-06-19,SCS,58200,57480,58020,57930,54796.37109375,166000,9616380000
2025-06-20,SCS,59850,57660,57930,58930,54796.37109375,509300,30013049000
2025-06-23,SCS,58290,57560,57560,58110,54968.6875,236700,13754637000
2025-06-24,SCS,58660,58020,58390,58290,54968.6875,215100,12538179000
2025-06-25,SCS,60030,58480,58480,59290,55141.00390625,626400,37139256000
2025-06-26,SCS,61750,59570,59930,61750,56088.7421875,1275900,78786825000
2025-06-27,SCS,63220,61390,61660,62390,58415.0,709600,44271944000
2025-06-30,SCS,62480,61030,62390,61210,57898.05078125,609500,37307495000
2025-07-01,SCS,61390,60030,61210,60110,57898.05078125,698800,42004868000
2025-07-02,SCS,62030,60390,60390,61030,56864.16015625,386900,23612507000
2025-07-03,SCS,61300,60210,61030,60390,57725.7421875,662800,40026492000
2025-07-04,SCS,60850,60480,60480,60660,57122.6328125,227300,13788018000
2025-07-07,SCS,61210,60570,61030,60750,57467.265625,295700,17963775000
2025-07-08,SCS,61210,60570,60850,61030,57467.265625,451000,27524530000
2025-07-09,SCS,61570,60660,61210,60850,57725.7421875,619800,37714830000
2025-07-10,SCS,61480,60750,61120,61210,57553.421875,419500,25677595000
2025-07-11,SCS,61300,60850,61210,60930,57898.05078125,505000,30769650000
2025-07-14,SCS,60930,60290,60930,60660,57381.10546875,358800,21764808000
2025-07-15,SCS,61750,60660,60660,60930,57381.10546875,374200,22800006000
2025-07-16,SCS,61030,60480,61030,60570,57639.58203125,449600,27232272000
2025-07-17,SCS,60850,60480,60570,60750,57294.94921875,362300,22009725000
2025-07-18,SCS,61210,60570,60570,61030,57467.265625,376500,22977795000
2025-07-21,SCS,61570,60750,61030,60750,57467.265625,422900,25691175000
2025-07-22,SCS,61210,60570,60750,61120,57467.265625,251500,15371680000
2025-07-23,SCS,61940,61120,61390,61390,57811.89453125,412800,25341792000
2025-07-24,SCS,63120,61390,61660,63120,58070.37109375,883100,55741272000
2025-07-25,SCS,63300,62480,63300,62660,59707.3671875,425100,26636766000
2025-07-28,SCS,62840,61940,62480,62300,58931.9453125,571700,35616910000
2025-07-29,SCS,62120,59210,62030,59210,58931.9453125,1388900,82236769000
2025-07-30,SCS,59850,58660,59210,59570,56002.5859375,460500,27431985000
2025-07-31,SCS,60030,58390,59850,58390,56347.21484375,497500,29049025000
2025-08-01,SCS,58480,56840,58480,56840,55227.16015625,1030900,58596356000
2025-08-04,SCS,57750,56840,56920,57480,54365.5859375,357500,20549100000
2025-08-05,SCS,58750,57200,58750,57200,54365.5859375,610900,34943480000
2025-08-06,SCS,58110,57200,57560,58020,54107.109375,291400,16907028000
2025-08-07,SCS,58290,57840,58290,57930,54882.53125,352600,20426118000
2025-08-08,SCS,59020,57750,57930,58750,54796.37109375,316700,18606125000
2025-08-11,SCS,59110,58480,58750,58480,55313.31640625,415300,24286744000
2025-08-12,SCS,58660,58110,58390,58200,55313.31640625,413900,24088980000
2025-08-13,SCS,58390,57290,58390,57660,55054.84765625,682000,39324120000
2025-08-14,SCS,57840,57290,57840,57290,54537.8984375,427300,24480017000
2025-08-15,SCS,57480,57110,57290,57290,54193.265625,411100,23551919000
2025-08-18,SCS,57660,57290,57380,57380,54279.42578125,214500,12308010000
2025-08-19,SCS,58750,57480,57840,58570,54279.42578125,551700,32313069000
2025-08-20,SCS,59210,57380,58930,58290,55399.4765625,468400,27303036000
2025-08-21,SCS,59110,58570,59020,59020,55141.00390625,438500,25880270000
2025-08-22,SCS,60030,58480,58930,59570,55830.265625,651100,38786027000
2025-08-25,SCS,60390,58570,60390,58660,55485.63671875,392200,23006452000
2025-08-26,SCS,58840,58290,58660,58750,55485.63671875,287700,16902375000
2025-08-27,SCS,59110,58750,58930,59020,55571.79296875,338400,19972368000
2025-08-28,SCS,59750,59020,59210,59570,55830.265625,364700,21725179000
2025-08-29,SCS,60050,58610,60050,58900,59082.515625,365700,21539730000
2025-09-03,SCS,58710,57750,58710,57950,54836.5234375,444100,25735595000
2025-09-04,SCS,58330,57750,57950,57950,54836.5234375,269700,15629115000
2025-09-05,SCS,58330,57560,58040,57750,54836.5234375,307400,17752350000
2025-09-08,SCS,57750,57280,57470,57280,54204.140625,307000,17584960000
2025-09-09,SCS,57280,56900,57280,57090,54204.140625,232000,13244880000
2025-09-10,SCS,57370,56800,57370,56990,54023.4609375,211000,12024890000
2025-09-11,SCS,57280,56130,57280,57090,53933.12109375,224700,12828123000
2025-09-12,SCS,57660,57090,57370,57470,54023.4609375,132200,7597534000
2025-09-15,SCS,58420,57470,57470,58140,55017.203125,280200,16290828000
2025-09-16,SCS,58810,57850,58140,58610,55017.203125,326100,19112721000
2025-09-17,SCS,59000,58230,58610,58610,55468.90625,326600,19142026000
2025-09-18,SCS,58610,57950,58610,58040,55468.90625,154400,8961376000
2025-09-19,SCS,58230,57750,58040,57750,54926.8671875,144500,8344875000
2025-09-22,SCS,58040,56700,58040,56700,53662.1015625,247700,14044590000
2025-09-23,SCS,57180,56610,56800,56800,53662.1015625,101700,5776560000
2025-09-24,SCS,57090,56510,57090,56990,53752.44140625,167600,9551524000
2025-09-25,SCS,57280,56990,56990,56990,53933.12109375,125900,7175041000
2025-09-26,SCS,57370,56990,57370,56990,53933.12109375,64900,3698651000
2025-09-29,SCS,58710,56700,56900,57850,54746.18359375,199700,11552645000
2025-09-30,SCS,59280,58230,58230,59190,54746.18359375,735400,43528326000
2025-10-01,SCS,59470,58810,59190,58900,56010.94921875,285400,16810060000
2025-10-02,SCS,59190,58230,59090,58230,55739.92578125,207800,12100194000
2025-10-03,SCS,58230,57370,58040,57560,55107.54296875,152100,8754876000
2025-10-06,SCS,58330,57560,57560,58230,55107.54296875,156400,9107172000
2025-10-07,SCS,58420,57560,58420,57560,55107.54296875,150800,8680048000
2025-10-08,SCS,58040,57280,57560,57370,54475.16015625,300400,17233948000
2025-10-09,SCS,57180,55370,57180,55460,54294.484375,1179800,65431708000
2025-10-10,SCS,55750,54510,55750,54890,52487.67578125,536000,29421040000
2025-10-13,SCS,55370,54510,54510,54990,52035.9765625,212000,11657880000
2025-10-14,SCS,55270,54410,55080,54410,52035.9765625,328500,17873685000
2025-10-15,SCS,54600,53750,54410,53750,51493.9375,265600,14276000000
2025-10-16,SCS,53750,53170,53750,53170,50861.5546875,263600,14015612000
2025-10-17,SCS,53460,52790,52790,52790,50319.51171875,220400,11634916000
2025-10-20,SCS,53650,49640,52980,51550,48783.73046875,346500,17862075000
2025-10-21,SCS,53460,51840,51840,53360,48783.73046875,272200,14524592000
2025-10-22,SCS,53940,52890,53460,53270,50500.1953125,205500,10946985000
2025-10-23,SCS,53550,53270,53460,53270,50409.8515625,213500,11373145000
2025-10-24,SCS,53460,52790,53460,52890,50409.8515625,184300,9747627000
2025-10-27,SCS,53840,52500,53170,52600,49777.47265625,504900,26557740000
2025-10-28,SCS,53460,52310,52790,52500,49777.47265625,193300,10148250000
2025-10-29,SCS,53360,52600,52700,52700,49687.12890625,373600,19688720000
2025-10-30,SCS,53750,52600,52890,52980,49867.8125,361900,19173462000
2025-10-31,SCS,54320,53080,53170,53840,50138.83203125,389600,20976064000
2025-11-03,SCS,54320,53270,53840,53360,50500.1953125,259700,13857592000
2025-11-04,SCS,53360,51740,53360,52980,50138.83203125,555800,29446284000
2025-11-05,SCS,53360,52410,53360,52410,50138.83203125,239600,12557436000
2025-11-06,SCS,53170,52310,52600,52500,49687.12890625,313200,16443000000
2025-11-07,SCS,52890,52120,52790,52120,49325.76953125,267000,13916040000
2025-11-10,SCS,52500,52120,52410,52120,49325.76953125,122300,6374276000
2025-11-11,SCS,52310,51930,52220,52220,49416.109375,110900,5791198000
2025-11-12,SCS,52500,52220,52500,52500,49687.12890625,264800,13902000000
2025-11-13,SCS,53170,52310,52500,52500,49687.12890625,519800,27289500000
2025-11-14,SCS,52600,52220,52500,52500,49687.12890625,256200,13450500000
2025-11-17,SCS,53270,52410,52410,52790,49958.1484375,390100,20593379000
2025-11-18,SCS,54030,52890,52980,53650,50771.2109375,865900,46455535000
2025-11-19,SCS,55180,53270,53940,53840,50951.89453125,489900,26376216000
2025-11-20,SCS,53840,52790,53840,53270,50409.8515625,376400,20050828000
2025-11-21,SCS,53270,52120,53270,52500,49687.12890625,404500,21236250000
2025-11-24,SCS,52980,52220,52790,52410,49596.7890625,201200,10544892000
2025-11-25,SCS,52600,52120,52410,52310,49506.44921875,188700,9870897000
2025-11-26,SCS,52500,52220,52310,52410,49596.7890625,145400,7620414000
2025-11-27,SCS,52700,52310,52600,52500,49687.12890625,337400,17713500000
2025-11-28,SCS,52700,52310,52500,52310,49506.44921875,237300,12413163000
2025-12-01,SCS,52500,51650,52220,51740,48964.40625,303600,15708264000
2025-12-02,SCS,51840,51170,51740,51550,48783.73046875,316700,16325885000
2025-12-03,SCS,52220,51550,51740,52120,49325.76953125,166900,8698828000
2025-12-04,SCS,52500,52030,52030,52310,49325.76953125,221500,11586665000
2025-12-05,SCS,53650,52410,52600,52410,49596.7890625,458200,24014262000
2025-12-08,SCS,53080,52120,53080,52410,49596.7890625,172600,9045966000
2025-12-09,SCS,52980,51650,52980,52120,49325.76953125,285400,14875048000
2025-12-10,SCS,53170,52600,52600,52890,50048.48828125,312800,16543992000
2025-12-11,SCS,53170,52310,53170,52410,49596.7890625,363000,19024830000
2025-12-12,SCS,52790,51550,52790,51550,48783.73046875,438700,22614985000
2025-12-15,SCS,52790,51550,51550,52410,49596.7890625,251900,13202079000
2025-12-16,SCS,52890,52120,52890,52790,49958.1484375,318600,16818894000
2025-12-17,SCS,52890,52120,52790,52120,49325.76953125,334700,17444564000
2025-12-18,SCS,52790,52220,52310,52600,49325.76953125,316000,16621600000
2025-12-19,SCS,53500,52100,53500,52200,49420.4453125,192100,10027620000
2025-12-22,SCS,52500,51700,52300,52000,49231.09375,254700,13244400000
2025-12-23,SCS,52300,51700,52300,51800,49041.74609375,182600,9458680000
2025-12-24,SCS,51900,51600,51800,51900,49136.421875,155700,8080830000
2025-12-25,SCS,52000,51800,51900,51800,49136.421875,102400,5304320000
2025-12-26,SCS,52000,51500,52000,51600,48852.39453125,214300,11057880000
2025-12-29,SCS,51800,51200,51800,51200,48473.6953125,217700,11146240000
2025-12-30,SCS,52000,51000,51200,51400,48663.04296875,184300,9473020000
2025-12-31,SCS,51900,51300,51900,51400,48663.04296875,130700,6717980000
2026-01-05,SCS,51800,51400,51700,51400,48663.04296875,150500,7735700000
2026-01-06,SCS,51600,51200,51600,51300,48568.3671875,148000,7592400000
2026-01-07,SCS,51900,51200,51200,51800,49041.74609375,220900,11442620000
2026-01-08,SCS,54600,52500,52500,53500,50651.22265625,636100,34031350000
2026-01-09,SCS,54500,53000,53500,53400,50556.546875,252300,13472820000
2026-01-12,SCS,54300,53300,53800,53800,50935.25,374000,20121200000
2026-01-13,SCS,54000,52900,54000,53100,50272.5234375,316000,16779600000
2026-01-14,SCS,55900,53000,53000,55100,52166.02734375,754300,41561930000
2026-01-15,SCS,56100,54200,56000,55300,52355.375,525000,29032500000
2026-01-16,SCS,55700,55100,55400,55300,52355.375,600800,33224240000
2026-01-19,SCS,56300,54200,55400,54200,51313.94921875,569100,30845220000
2026-01-20,SCS,57200,54500,54500,56200,53207.453125,717400,40317880000
2026-01-21,SCS,56000,55000,56000,55500,52544.7265625,346400,19225200000
2026-01-22,SCS,57900,56000,56000,57100,54059.53125,879200,50202320000
2026-01-23,SCS,57200,56000,57200,56000,53018.1015625,292100,16357600000
2026-01-26,SCS,57000,54200,56000,54800,51882.0,415600,22774880000
2026-01-27,SCS,54800,53200,54800,53800,50935.25,520400,27997520000
2026-01-28,SCS,54700,53800,53800,53900,51029.921875,154400,8322160000
2026-01-29,SCS,55400,53900,53900,54400,51503.30078125,163300,8883520000
2026-01-30,SCS,55300,54500,54800,54500,51597.9765625,174000,9483000000
2026-02-02,SCS,54800,54000,54600,54500,51597.9765625,264900,14437050000
2026-02-03,SCS,55200,54600,54600,54900,51976.67578125,198500,10897650000
2026-02-04,SCS,55400,54700,55100,55200,52260.703125,274400,15146880000
2026-02-05,SCS,55800,54400,55800,54500,51597.9765625,227400,12393300000
2026-02-06,SCS,54300,53400,54200,53600,50745.8984375,285500,15302800000
2026-02-09,SCS,54400,53400,53700,53400,50556.546875,175700,9382380000
2026-02-10,SCS,53900,53200,53500,53500,50651.22265625,117400,6280900000
2026-02-11,SCS,54500,53700,53700,54400,51503.30078125,256400,13948160000
2026-02-12,SCS,54700,54300,54400,54300,51408.625,114300,6206490000
2026-02-13,SCS,54800,54200,54300,54500,51597.9765625,116100,6327450000
2026-02-23,SCS,56300,54700,54800,56200,53207.453125,489300,27498660000
2026-02-24,SCS,56900,56000,56500,56500,53491.48046875,328600,18565900000
2026-02-25,SCS,57600,56000,56700,56500,53491.48046875,581200,32837800000
2026-02-26,SCS,56600,55500,56500,55900,52923.42578125,305200,17060680000
2026-02-27,SCS,57600,55900,56100,57300,54248.87890625,488200,27973860000
2026-03-02,SCS,58800,55300,56200,57000,53964.85546875,1143100,65156700000
2026-03-03,SCS,57600,56200,57100,56200,53964.85546875,408300,22946460000
2026-03-04,SCS,56500,54400,56300,56000,53018.1015625,617900,34602400000
2026-03-05,SCS,57000,56000,56000,56200,53207.453125,322300,18113260000
2026-03-06,SCS,56300,55100,56200,55100,52166.02734375,278200,15328820000
2026-03-09,SCS,53800,51300,53800,51300,48568.3671875,1030500,52864650000
2026-03-10,SCS,53600,52000,53600,52500,49704.47265625,298200,15655500000
2026-03-11,SCS,53600,52700,52700,53600,50745.8984375,189300,10146480000
2026-03-12,SCS,53700,52600,53600,53000,50177.84765625,209800,11119400000
2026-03-13,SCS,53000,52300,53000,52900,50083.171875,267100,0
2026-03-16,SCS,54000,52400,53000,53600,50745.8984375,369900,0
2026-03-17,SCS,53900,52800,53600,52800,49988.49609375,145100,0
2026-03-18,SCS,53500,52500,52900,53200,50367.19921875,162500,0
2026-03-19,SCS,53000,52300,53000,52700,49893.8203125,83600,0
2026-03-20,SCS,52600,52300,52500,52300,49515.12109375,97200,0
2026-03-23,SCS,52300,51200,52300,51300,48568.3671875,200900,0
2026-03-24,SCS,52300,51600,51600,51700,48947.0703125,161500,0
2026-03-25,SCS,53000,52000,52200,52900,50083.171875,119600,0
2026-03-26,SCS,53100,52100,52800,52500,49704.47265625,199700,0
2026-03-27,SCS,54500,52500,52500,54300,51408.625,359700,0
2026-03-30,SCS,54100,53000,53700,53700,50840.57421875,157300,0
2026-03-31,SCS,54600,53500,53700,54300,51408.625,370700,0
2026-04-01,SCS,55000,54200,54800,54300,51408.625,128500,0
2026-04-02,SCS,55100,53500,54000,54400,51503.30078125,173700,0
2026-04-03,SCS,54800,53800,54200,53900,51029.921875,115000,0
2026-04-06,SCS,54200,53100,53900,53100,50272.5234375,81000,0
2026-04-07,SCS,53900,52900,53900,53100,50272.5234375,80800,0
2026-04-08,SCS,54600,53600,54600,54200,51313.94921875,166600,0
2026-04-09,SCS,55000,54000,54200,54500,51597.9765625,199000,0
2026-04-10,SCS,54800,54300,54600,54500,51597.9765625,141900,0
2026-04-13,SCS,54200,53700,53900,53900,51029.921875,128100,0
2026-04-14,SCS,54600,53600,54200,54000,51124.59765625,84400,0
2026-04-15,SCS,54600,54100,54100,54300,51408.625,128300,0
2026-04-16,SCS,54400,53900,54300,54000,51124.59765625,94700,0
2026-04-17,SCS,54300,53600,54100,54000,51124.59765625,143700,0
2026-04-20,SCS,54500,54000,54500,54100,51219.2734375,105500,0
2026-04-21,SCS,54400,53900,54300,54000,51124.59765625,134600,0
2026-04-22,SCS,54200,53400,54200,53900,51029.921875,142700,0
2026-04-23,SCS,53900,53000,53900,53000,50177.84765625,194200,0
2026-04-24,SCS,53200,52400,53100,52700,49893.8203125,128300,0
2026-04-28,SCS,53200,52200,53200,52300,49515.12109375,128900,0
2026-04-29,SCS,52700,52000,52700,52500,49704.47265625,75300,0
2026-05-04,SCS,53100,52100,53000,52200,49420.4453125,93900,0
2026-05-05,SCS,52200,51100,52200,51800,49041.74609375,179000,0
2026-05-06,SCS,52300,51900,51900,52300,49515.12109375,96000,0
2026-05-07,SCS,52800,51600,52400,51900,49136.421875,124300,0
2026-05-08,SCS,52000,51700,52000,51800,49041.74609375,86000,0
2026-05-11,SCS,52500,51900,51900,51900,49136.421875,193300,0
2026-05-12,SCS,52400,51900,52000,52100,49325.76953125,82400,0
2026-05-13,SCS,52400,51800,52400,52300,49515.12109375,109100,0
2026-05-14,SCS,52600,52200,52300,52600,49799.14453125,65800,0
2026-05-15,SCS,53000,52300,53000,52400,49609.796875,54400,0
2026-05-18,SCS,52400,52000,52400,52200,49420.4453125,143200,0
2026-05-19,SCS,53400,52100,52400,52400,49609.796875,145800,0
2026-05-20,SCS,52600,51500,52600,52000,49231.09375,123800,0
2026-05-21,SCS,52000,51300,52000,51900,49136.421875,108900,0
2026-05-22,SCS,52000,51600,52000,51800,49041.74609375,73200,0
2026-05-25,SCS,52200,50800,52000,51400,48663.04296875,217700,0
2026-05-26,SCS,51800,51400,51400,51700,48947.0703125,70600,0
2026-05-27,SCS,52000,51500,51700,51600,48852.39453125,111700,0
2026-05-28,SCS,51800,51400,51600,51600,48852.39453125,65600,0
2026-05-29,SCS,51400,50900,51300,51100,48379.01953125,239300,0
2026-06-01,SCS,51200,50900,51200,51200,48473.6953125,65100,0
2026-06-02,SCS,51500,51000,51200,51100,48379.01953125,127100,0
2026-06-03,SCS,51300,50900,51100,51100,48379.01953125,68200,0
2026-06-04,SCS,51200,50900,51000,51200,48473.6953125,60800,0
2026-06-05,SCS,51300,50700,51300,51100,48379.01953125,77200,0
2026-06-08,SCS,51100,50200,51100,50700,48000.31640625,139600,0
2026-06-09,SCS,50700,50300,50400,50700,48000.31640625,81300,0
2026-06-10,SCS,50700,49950,50700,50100,47432.265625,220500,0
2026-06-11,SCS,50500,50000,50100,50200,47526.94140625,52800,0
2026-06-12,SCS,50400,49850,50200,49950,47290.25390625,180900,0
2026-06-15,SCS,50700,50000,50700,50000,47337.58984375,184500,0
2026-06-16,SCS,50800,50000,50800,50200,47526.94140625,217500,0
2026-06-17,SCS,51300,50300,50600,50500,47810.96875,174600,0
2026-06-18,SCS,51000,50200,50600,50300,47621.6171875,105000,0
2026-06-19,SCS,50600,50300,50600,50300,47621.6171875,53700,0
2026-06-22,SCS,50700,49550,50400,49600,46958.890625,265600,0
2026-06-23,SCS,50200,49700,49950,50000,47337.58984375,79400,0
2026-06-24,SCS,50100,49050,50100,49400,46769.5390625,185000,0
2026-06-25,SCS,49650,49200,49500,49500,46864.21484375,75100,0
2026-06-26,SCS,49800,48300,49500,48300,45728.11328125,335200,0
2026-06-29,SCS,49400,48350,48350,49400,46769.5390625,62800,0
2026-06-30,SCS,49900,48400,49550,48850,46248.828125,153400,0
2026-07-01,SCS,49700,48900,49700,49200,46248.828125,49400,0
2026-07-02,SCS,49800,49200,49250,49500,46864.21484375,70400,0
2026-07-03,SCS,49700,49250,49500,49250,46627.52734375,33100,0
2026-07-06,SCS,49600,49000,49400,49050,46438.17578125,86600,0
2026-07-07,SCS,49100,48900,49100,49050,46438.17578125,49800,0
2026-07-08,SCS,49250,48550,49050,48900,46296.1640625,121500,0
2026-07-09,SCS,49300,48900,49300,48900,46296.1640625,52200,0
2026-07-10,SCS,49100,48500,49100,48500,45917.46484375,127000,0
2026-07-13,SCS,49000,48200,48500,48400,45822.7890625,210800,0
2026-07-14,SCS,48600,48050,48500,48500,45917.46484375,160500,0
2026-07-15,SCS,48700,48300,48600,48550,45964.80078125,148300,0
2026-07-16,SCS,48700,47900,48650,48100,45538.76171875,142400,0
2026-07-17,SCS,48500,48100,48100,48200,45633.4375,90400,0
2026-07-20,SCS,48950,47850,48950,47850,45302.07421875,195600,0
2026-07-21,SCS,45630,44970,45630,44970,44970.7109375,156900,0
2026-07-22,SCS,45210,44360,45020,44450,44450.0,234400,0
2026-07-23,SCS,44750,43000,44750,44000,44000.0,162600,0
2026-07-24,SCS,44000,43200,44000,43500,43500.0,71500,0
2026-07-27,SCS,43800,42700,43500,42700,42700.0,94500,0
2026-07-28,SCS,42700,42000,42400,42600,42600.0,120400,0
2026-07-29,SCS,42850,42500,42600,42650,42650.0,75700,0
2026-07-30,SCS,43400,42700,42700,43400,43400.0,209100,0
2026-07-31,SCS,43750,43400,43650,43400,43400.0,136800,0
