Date,code,high,low,open,close,adjust,volume_match,value_match
2019-01-15,SZC,8720,6400,8720,6400,6073.32080078125,109570,701248000
2019-01-16,SZC,6830,6400,6400,6830,6487.41064453125,27940,190830200
2019-01-17,SZC,7300,7300,7300,7300,6929.1064453125,119080,869284000
2019-01-18,SZC,7670,7300,7620,7300,6929.1064453125,50480,368504000
2019-01-21,SZC,7300,6920,7300,6920,6570.22900390625,13560,93835200
2019-01-22,SZC,6750,6510,6750,6510,6183.74462890625,44240,288002400
2019-01-23,SZC,6510,6400,6400,6400,6073.32080078125,32640,208896000
2019-01-24,SZC,6680,6340,6400,6340,6018.109375,25700,162938000
2019-01-25,SZC,6400,6220,6280,6340,6018.109375,49630,314654200
2019-01-28,SZC,6400,6100,6400,6100,5797.26123046875,14490,88389000
2019-01-29,SZC,6100,5990,6100,5990,5686.8369140625,17290,103567100
2019-01-30,SZC,6400,6100,6100,6400,6073.32080078125,13100,83840000
2019-01-31,SZC,6750,5990,5990,6750,6404.5927734375,13540,91395000
2019-02-01,SZC,7100,6860,6860,6970,6625.44140625,26280,183171600
2019-02-11,SZC,7060,6510,6920,6920,6570.22900390625,19240,133140800
2019-02-12,SZC,7100,6750,7100,6970,6625.44140625,6110,42586700
2019-02-13,SZC,6970,6590,6660,6590,6266.5634765625,12030,79277700
2019-02-14,SZC,6920,6620,6620,6920,6570.22900390625,44960,311123200
2019-02-15,SZC,6970,6830,6970,6940,6597.8349609375,710,4927400
2019-02-18,SZC,6890,6720,6830,6800,6597.8349609375,8130,55284000
2019-02-19,SZC,6830,6680,6680,6680,6349.38134765625,10110,67534800
2019-02-20,SZC,6860,6680,6680,6800,6459.80419921875,240,1632000
2019-02-21,SZC,6860,6620,6620,6800,6459.80419921875,11650,79220000
2019-02-22,SZC,6770,6510,6510,6590,6266.5634765625,4700,30973000
2019-02-25,SZC,6830,6570,6830,6660,6321.775390625,6120,40759200
2019-02-26,SZC,6750,6570,6590,6620,6294.16845703125,26740,177018800
2019-02-27,SZC,6620,6590,6620,6590,6266.5634765625,9660,63659400
2019-02-28,SZC,6570,6450,6570,6450,6128.5322265625,28330,182728500
2019-03-01,SZC,6620,6510,6620,6590,6266.5634765625,6140,40462600
2019-03-04,SZC,6590,6510,6570,6590,6266.5634765625,34570,227816300
2019-03-05,SZC,6680,6450,6590,6680,6349.38134765625,56010,374146800
2019-03-06,SZC,6860,6570,6570,6750,6404.5927734375,33470,225922500
2019-03-07,SZC,7210,6590,6590,7210,6846.2890625,267080,1925646800
2019-03-08,SZC,7620,7410,7410,7490,7122.34912109375,111620,836033800
2019-03-11,SZC,8029,7490,7490,8029,7619.25732421875,278650,2237280850
2019-03-12,SZC,8570,8140,8189,8570,8143.771484375,641940,5501425800
2019-03-13,SZC,8720,8260,8720,8600,8171.37890625,142590,1226274000
2019-03-14,SZC,8720,8340,8490,8660,8226.58984375,137890,1194127400
2019-03-15,SZC,8780,8430,8660,8530,8116.16455078125,267670,2283225100
2019-03-18,SZC,8600,8260,8570,8430,8005.74072265625,182310,1536873300
2019-03-19,SZC,8510,8320,8320,8490,8060.953125,134560,1142414400
2019-03-20,SZC,8950,8380,8530,8950,8502.650390625,220550,1973922500
2019-03-21,SZC,9550,8950,9070,9550,9082.375,561890,5366049500
2019-03-22,SZC,10230,9540,9540,10180,9662.1005859375,594160,6048548800
2019-03-25,SZC,10180,9480,10180,9480,8999.5576171875,305200,2893296000
2019-03-26,SZC,9230,8840,9010,8880,8447.4375,268880,2387654400
2019-03-27,SZC,9510,8760,8760,9510,9027.1640625,154760,1471767600
2019-03-28,SZC,9540,9130,9540,9180,8723.4970703125,146440,1344319200
2019-03-29,SZC,9540,8950,8950,9420,8944.3447265625,75910,715072200
2019-04-01,SZC,9740,9180,9420,9710,9220.4052734375,123850,1202583500
2019-04-02,SZC,10120,9480,10120,9550,9082.375,93040,888532000
2019-04-03,SZC,9670,9360,9360,9360,8889.1337890625,46680,436924800
2019-04-04,SZC,9770,9360,9540,9540,9054.76953125,151510,1445405400
2019-04-05,SZC,9650,9420,9540,9450,8971.9521484375,81910,774049500
2019-04-08,SZC,9770,9300,9450,9420,8944.3447265625,86590,815677800
2019-04-09,SZC,9420,9160,9360,9160,8695.8916015625,80070,733441200
2019-04-10,SZC,9420,8920,9360,9300,8833.919921875,55540,516522000
2019-04-11,SZC,9300,9010,9070,9040,8585.466796875,31730,286839200
2019-04-12,SZC,9230,8780,8920,9070,8613.0732421875,99700,904279000
2019-04-16,SZC,9180,8720,9130,8860,8419.830078125,20500,181630000
2019-04-17,SZC,8950,8720,8760,8720,8281.80078125,131610,1147639200
2019-04-18,SZC,8720,8490,8720,8490,8060.953125,109570,930249300
2019-04-19,SZC,8720,8430,8660,8660,8226.58984375,42830,370907800
2019-04-22,SZC,8720,8430,8430,8490,8060.953125,71150,604063500
2019-04-23,SZC,8660,8450,8450,8490,8060.953125,70640,599733600
2019-04-24,SZC,8720,8490,8490,8510,8088.55908203125,74430,633399300
2019-04-25,SZC,9110,8510,8510,8720,8281.80078125,174610,1522599200
2019-04-26,SZC,9070,8720,8950,8800,8364.619140625,7330,64504000
2019-05-02,SZC,9230,8720,8800,9040,8585.466796875,109090,986173600
2019-05-03,SZC,9180,8780,9180,8950,8502.650390625,75440,675188000
2019-05-06,SZC,8950,8600,8950,8840,8392.2255859375,56300,497692000
2019-05-07,SZC,8950,8690,8720,8950,8502.650390625,84600,757170000
2019-05-08,SZC,8950,8780,8860,8950,8502.650390625,17710,158504500
2019-05-09,SZC,8950,8720,8950,8720,8281.80078125,34800,303456000
2019-05-10,SZC,8780,8510,8510,8760,8309.408203125,121480,1064164800
2019-05-13,SZC,9300,8600,8760,9270,8806.3154296875,187140,1734787800
2019-05-14,SZC,9800,8980,9270,9740,9248.01171875,521800,5082332000
2019-05-15,SZC,9860,9480,9580,9710,9220.4052734375,193830,1882089300
2019-05-16,SZC,10180,9650,9710,9710,9220.4052734375,410160,3982653600
2019-05-17,SZC,9800,9510,9580,9550,9082.375,220960,2110168000
2019-05-20,SZC,10230,9480,9480,10230,9717.3134765625,883300,9036159000
2019-05-21,SZC,10690,10230,10230,10350,9827.7373046875,373120,3861792000
2019-05-22,SZC,10630,10350,10400,10400,9882.94921875,375670,3906968000
2019-05-23,SZC,10440,10210,10230,10230,9717.3134765625,395790,4048931700
2019-05-24,SZC,10870,10180,10210,10630,10103.796875,623620,6629080600
2019-05-27,SZC,11160,10630,10630,11160,10600.7060546875,308580,3443752800
2019-05-28,SZC,11620,11160,11270,11480,10904.3720703125,504660,5793496800
2019-05-29,SZC,11400,11140,11400,11260,10683.5234375,272840,3072178400
2019-05-30,SZC,11220,10870,11100,10920,10379.857421875,365660,3993007200
2019-05-31,SZC,11270,10580,10870,10580,10048.5859375,369550,3909839000
2019-06-03,SZC,10980,10460,10580,10580,10048.5859375,175170,1853298600
2019-06-04,SZC,10920,10630,10840,10920,10379.857421875,160300,1750476000
2019-06-05,SZC,11510,10960,11100,10960,10407.4638671875,293910,3221253600
2019-06-06,SZC,11330,10960,10960,11160,10600.7060546875,243990,2722928400
2019-06-07,SZC,11920,11190,11190,11920,11318.4609375,1007580,12010353600
2019-06-10,SZC,12440,11860,12150,12180,11566.916015625,346910,4225363800
2019-06-11,SZC,12500,11920,12320,12100,11484.0986328125,328710,3977391000
2019-06-12,SZC,12150,11510,12100,11510,10931.9765625,356370,4101818700
2019-06-13,SZC,12030,11570,11600,11750,11152.8251953125,287650,3379887500
2019-06-14,SZC,11950,11220,11950,11220,10655.91796875,372210,4176196200
2019-06-17,SZC,11510,11140,11220,11220,10655.91796875,197970,2221223400
2019-06-18,SZC,11570,11160,11160,11510,10931.9765625,230990,2658694900
2019-06-19,SZC,11790,11440,11790,11790,11208.037109375,161740,1906914600
2019-06-20,SZC,11860,11510,11790,11510,10931.9765625,255020,2935280200
2019-06-21,SZC,11680,11410,11410,11410,10849.1591796875,154830,1766610300
2019-06-24,SZC,11570,11330,11330,11400,10821.5537109375,165280,1884192000
2019-06-25,SZC,11540,11040,11440,11040,10490.28125,245610,2711534400
2019-06-26,SZC,11040,10630,11040,10810,10269.43359375,516810,5586716100
2019-06-27,SZC,10980,10720,10870,10810,10269.43359375,111790,1208449900
2019-06-28,SZC,10840,10520,10810,10630,10103.796875,182890,1944120700
2019-07-01,SZC,11270,10750,10870,11160,10600.7060546875,181060,2020629600
2019-07-02,SZC,11310,11020,11270,11140,10573.099609375,238240,2653993600
2019-07-03,SZC,11220,11020,11140,11140,10573.099609375,127700,1422578000
2019-07-04,SZC,11880,11140,11140,11880,10573.099609375,701070,8328711600
2019-07-05,SZC,12270,11950,12210,12210,10573.099609375,741210,9050174100
2019-07-08,SZC,12410,12100,12210,12210,10573.099609375,390280,4765318800
2019-07-09,SZC,12270,12000,12150,12270,10573.099609375,323330,3967259100
2019-07-10,SZC,13110,12380,12380,13110,10573.099609375,649580,8515993800
2019-07-11,SZC,13430,12850,13360,13080,10573.099609375,382990,5009509200
2019-07-12,SZC,13690,12910,13260,13080,10573.099609375,344230,4502528400
2019-07-15,SZC,13550,13080,13260,13080,10573.099609375,454610,5946298800
2019-07-16,SZC,13340,12620,13140,12620,10573.099609375,378030,4770738600
2019-07-17,SZC,12850,12380,12620,12580,11953.3994140625,185740,2336609200
2019-07-18,SZC,12790,12350,12350,12730,12091.4287109375,178530,2272686900
2019-07-19,SZC,13050,12440,12350,12790,12146.6416015625,279030,3568793700
2019-07-22,SZC,13360,12660,13010,13290,12615.9443359375,280430,3726914700
2019-07-23,SZC,13780,13290,13360,13320,12643.55078125,451420,6012914400
2019-07-24,SZC,13490,12730,13360,12990,12339.884765625,486280,6316777200
2019-07-25,SZC,13080,12550,12990,12790,12339.884765625,228620,2924049800
2019-07-26,SZC,13360,12660,12760,13050,12339.884765625,336050,4385452500
2019-07-29,SZC,13490,13110,13170,13360,12339.884765625,583590,7796762400
2019-07-30,SZC,13550,13080,13360,13080,12339.884765625,402380,5263130400
2019-07-31,SZC,13360,13140,13200,13260,12588.3369140625,204960,2717769600
2019-08-01,SZC,14150,13140,13140,14150,13444.123046875,1236520,17496758000
2019-08-02,SZC,14590,14240,14400,14470,13747.7890625,747950,10822836500
2019-08-05,SZC,15090,14150,14470,15090,14327.5166015625,705760,10649918400
2019-08-06,SZC,16110,14530,14530,15380,14327.5166015625,976630,15020569400
2019-08-07,SZC,15810,14590,14530,14820,14079.0634765625,694890,10298269800
2019-08-08,SZC,15090,14470,14820,14650,13913.427734375,632370,9264220500
2019-08-09,SZC,14880,14560,14650,14710,13913.427734375,307110,4517588100
2019-08-12,SZC,15060,14560,14710,14710,13968.6376953125,445620,6555070200
2019-08-13,SZC,14820,13690,14650,13900,13195.669921875,1116880,15524632000
2019-08-14,SZC,14370,13840,13900,13900,13195.669921875,213010,2960839000
2019-08-15,SZC,14130,13260,13660,14090,13388.9111328125,473350,6669501500
2019-08-16,SZC,14480,14180,14370,14180,13845.677734375,424650,6021537000
2019-08-19,SZC,14480,14130,14180,14320,13845.677734375,230620,3302478400
2019-08-20,SZC,15090,14250,14320,15090,13845.677734375,1063710,16051383900
2019-08-21,SZC,15330,14730,15120,14730,13988.4169921875,483160,7116946800
2019-08-22,SZC,14970,14710,14730,14710,13959.869140625,270850,3984203500
2019-08-23,SZC,14910,14480,14710,14550,13817.1279296875,290990,4233904500
2019-08-26,SZC,14880,14420,14790,14420,13702.9375,413740,5966130800
2019-08-27,SZC,14730,14020,14610,14020,13303.2685546875,561370,7870407400
2019-08-28,SZC,14130,13820,13890,13820,13131.982421875,369730,5109668600
2019-08-29,SZC,13950,13230,13760,13400,12732.3125,419740,5624516000
2019-08-30,SZC,13490,13100,13490,13100,12446.8349609375,467360,6122416000
2019-09-03,SZC,12920,12200,12810,12200,11590.4013671875,514610,6278242000
2019-09-04,SZC,12200,11490,12810,12200,11590.4013671875,512630,6254086000
2019-09-05,SZC,12680,12310,12380,12310,11704.5927734375,113390,1395830900
2019-09-06,SZC,12450,11910,12020,11910,11304.9228515625,87960,1047603600
2019-09-09,SZC,11720,11180,11720,11180,10619.7763671875,356620,3987011600
2019-09-10,SZC,11240,10460,11180,10460,9934.6298828125,561260,5870779600
2019-09-11,SZC,10910,10400,10400,10890,10334.2998046875,315750,3438517500
2019-09-12,SZC,11300,10910,11120,11090,10534.1328125,116680,1293981200
2019-09-13,SZC,11120,10520,11090,10940,10391.39453125,348450,3812043000
2019-09-16,SZC,10970,10750,10940,10750,10220.1083984375,144610,1554557500
2019-09-17,SZC,11510,10700,10750,11510,10933.802734375,321190,3696896900
2019-09-18,SZC,12170,11510,11510,11660,11076.541015625,243010,2833496600
2019-09-19,SZC,11790,11490,11660,11790,11190.732421875,153530,1810118700
2019-09-20,SZC,11790,11410,11790,11540,10962.349609375,183980,2123129200
2019-09-23,SZC,11540,11240,11540,11270,10705.4189453125,96980,1092964600
2019-09-24,SZC,11270,10830,11050,10830,10277.2041015625,244560,2648584800
2019-09-25,SZC,11300,10660,10660,11240,10676.873046875,153340,1723541600
2019-09-26,SZC,11360,11180,11360,11180,10619.7763671875,54250,606515000
2019-09-27,SZC,11300,11120,11270,11240,10676.873046875,91060,1023514400
2019-09-30,SZC,11240,11000,11000,11000,10448.490234375,119220,1311420000
2019-10-01,SZC,11360,11090,11300,11120,10562.6806640625,117760,1309491200
2019-10-02,SZC,11410,11120,11180,11240,10676.873046875,143700,1615188000
2019-10-03,SZC,11360,10940,11000,11360,10791.0634765625,60330,685348800
2019-10-04,SZC,11410,11180,11410,11220,10648.32421875,111140,1246990800
2019-10-07,SZC,11180,10940,11180,11000,10448.490234375,94440,1038840000
2019-10-08,SZC,11050,10700,10830,10830,10277.2041015625,165920,1796913600
2019-10-09,SZC,10940,10700,10890,10700,10163.01171875,183110,1959277000
2019-10-10,SZC,11000,10700,10940,10830,10277.2041015625,125970,1364255100
2019-10-11,SZC,10970,10700,10700,10850,10305.751953125,39400,427490000
2019-10-14,SZC,10940,10310,10910,10400,9877.533203125,135830,1412632000
2019-10-15,SZC,10640,10100,10400,10400,9877.533203125,296720,3085888000
2019-10-16,SZC,10640,10040,10400,10100,9592.056640625,188660,1905466000
2019-10-17,SZC,10190,10070,10100,10100,9592.056640625,114890,1160389000
2019-10-18,SZC,10790,10430,10430,10790,10248.6552734375,360490,3889687100
2019-10-21,SZC,11300,10940,11240,11000,10448.490234375,212920,2342120000
2019-10-22,SZC,11030,10830,11000,10830,10277.2041015625,123680,1339454400
2019-10-23,SZC,11360,10700,10750,11270,10705.4189453125,256130,2886585100
2019-10-24,SZC,11410,10940,11270,11180,10619.7763671875,117930,1318457400
2019-10-25,SZC,11330,11150,11240,11180,10619.7763671875,96680,1080882400
2019-10-28,SZC,11240,10910,11240,10940,10391.39453125,160350,1754229000
2019-10-29,SZC,10970,10580,10940,10640,10105.91796875,222120,2363356800
2019-10-30,SZC,11000,10580,10750,10830,10277.2041015625,161260,1746445800
2019-10-31,SZC,11050,10640,10890,10750,10220.1083984375,68360,734870000
2019-11-01,SZC,10830,10640,10660,10660,10134.4638671875,72960,777753600
2019-11-04,SZC,10830,10500,10790,10520,9991.7255859375,194560,2046771200
2019-11-05,SZC,10700,10280,10700,10460,9934.6298828125,90710,948826600
2019-11-06,SZC,10830,10220,10220,10500,9963.177734375,143500,1506750000
2019-11-07,SZC,10830,10520,10560,10580,10048.8203125,87030,920777400
2019-11-08,SZC,10730,10560,10610,10640,10105.91796875,94890,1009629600
2019-11-11,SZC,10640,10460,10580,10460,9934.6298828125,66530,695903800
2019-11-12,SZC,10520,10360,10460,10520,9991.7255859375,104130,1095447600
2019-11-13,SZC,10660,10330,10660,10400,9877.533203125,75890,789256000
2019-11-14,SZC,10460,10310,10400,10400,9877.533203125,84450,878280000
2019-11-15,SZC,10400,10240,10280,10240,9734.796875,102430,1048883200
2019-11-18,SZC,10400,10220,10400,10240,9734.796875,86720,888012800
2019-11-19,SZC,10500,10220,10240,10430,9906.0830078125,104450,1089413500
2019-11-20,SZC,10940,10330,10500,10910,10362.8466796875,317730,3466434300
2019-11-21,SZC,11360,10750,10910,10970,10419.94140625,608260,6672612200
2019-11-22,SZC,11120,10330,11120,10520,9991.7255859375,271480,2855969600
2019-11-25,SZC,10580,10330,10400,10430,9906.0830078125,33960,354202800
2019-11-26,SZC,10460,10360,10460,10460,9934.6298828125,99710,1042966600
2019-11-27,SZC,10580,10310,10460,10460,9934.6298828125,100850,1054891000
2019-11-28,SZC,10520,10310,10520,10400,9877.533203125,122990,1279096000
2019-11-29,SZC,10460,10280,10460,10280,9763.3427734375,85900,883052000
2019-12-02,SZC,10360,9620,10360,9910,9420.7685546875,362930,3596636300
2019-12-03,SZC,9970,9620,9800,9860,9420.7685546875,107990,1064781400
2019-12-04,SZC,9970,9650,9800,9910,9420.7685546875,58690,581617900
2019-12-05,SZC,10220,9890,10070,9890,9420.7685546875,74150,733343500
2019-12-06,SZC,9940,9800,9890,9800,9306.578125,52190,511462000
2019-12-09,SZC,9970,9740,9770,9840,9335.1259765625,88530,871135200
2019-12-10,SZC,9910,9770,9910,9860,9363.67578125,29920,295011200
2019-12-11,SZC,9970,9800,9800,9860,9363.67578125,54800,540328000
2019-12-12,SZC,10280,9770,9860,10170,9649.15234375,125370,1275012900
2019-12-13,SZC,10280,10100,10280,10220,9706.2470703125,57850,591227000
2019-12-16,SZC,10280,9970,10280,9970,9477.865234375,45560,454233200
2019-12-17,SZC,10400,9860,9970,9970,9477.865234375,231790,2310946300
2019-12-18,SZC,10170,9910,9910,10040,9534.9609375,29410,295276400
2019-12-19,SZC,10220,10040,10040,10070,9563.5087890625,113910,1147073700
2019-12-20,SZC,10280,9860,10070,9970,9477.865234375,60080,598997600
2019-12-23,SZC,10100,9970,9970,10040,9534.9609375,45750,459330000
2019-12-24,SZC,10730,9970,10040,10730,10191.560546875,278600,2989378000
2019-12-25,SZC,11030,10560,10890,10890,10334.2998046875,351420,3826963800
2019-12-26,SZC,11050,10700,11030,10890,10334.2998046875,249200,2713788000
2019-12-27,SZC,11000,10700,10750,10890,10334.2998046875,266690,2904254100
2019-12-30,SZC,11000,10520,10940,10520,9991.7255859375,359200,3778784000
2019-12-31,SZC,10700,10220,10460,10640,10105.91796875,210020,2234612800
2020-01-02,SZC,10940,10560,10560,10830,10277.2041015625,165900,1796697000
2020-01-03,SZC,11360,10660,10830,11090,10534.1328125,750030,8317832700
2020-01-06,SZC,11050,10580,11050,10750,10220.1083984375,360360,3873870000
2020-01-07,SZC,10940,10460,10750,10750,10220.1083984375,295630,3178022500
2020-01-08,SZC,10580,10040,10520,10130,9620.6044921875,482480,4887522400
2020-01-09,SZC,10400,10040,10220,10040,9534.9609375,276620,2777264800
2020-01-10,SZC,10280,9650,10220,9710,9220.9345703125,354110,3438408100
2020-01-13,SZC,9770,9150,9710,9320,8849.814453125,271350,2528982000
2020-01-14,SZC,9620,9320,9320,9620,9135.291015625,108490,1043673800
2020-01-15,SZC,9620,9410,9550,9410,8935.45703125,50600,476146000
2020-01-16,SZC,9570,9230,9550,9230,8764.169921875,133780,1234789400
2020-01-17,SZC,9550,9180,9180,9440,8964.005859375,90430,853659200
2020-01-20,SZC,9620,9250,9620,9440,8964.005859375,101560,958726400
2020-01-21,SZC,9570,9320,9320,9510,9021.1015625,78060,742350600
2020-01-22,SZC,9650,9380,9510,9650,9163.83984375,71950,694317500
2020-01-30,SZC,9570,9320,9350,9380,8906.9111328125,62050,582029000
2020-01-31,SZC,9380,8780,9280,8840,8393.0478515625,122410,1082104400
2020-02-03,SZC,8720,8230,8300,8420,7993.38037109375,396390,3337603800
2020-02-04,SZC,8590,8420,8420,8590,8164.6669921875,129770,1114724300
2020-02-05,SZC,9180,8530,8530,8890,8450.1455078125,149510,1329143900
2020-02-06,SZC,9380,9020,9380,9350,8878.361328125,167030,1561730500
2020-02-07,SZC,9530,9150,9530,9320,8849.814453125,41520,386966400
2020-02-10,SZC,9250,9080,9150,9250,8792.7197265625,53300,493025000
2020-02-11,SZC,9470,9150,9280,9380,8906.9111328125,170210,1596569800
2020-02-12,SZC,10010,9510,9620,10010,9506.4130859375,336460,3367964600
2020-02-13,SZC,10400,10170,10220,10280,9763.3427734375,414530,4261368400
2020-02-14,SZC,10330,10100,10330,10170,9649.15234375,122330,1244096100
2020-02-17,SZC,10730,10100,10170,10580,10048.8203125,258130,2731015400
2020-02-18,SZC,11000,10520,10700,10750,10220.1083984375,430240,4625080000
2020-02-19,SZC,11030,10700,10700,10890,10334.2998046875,529310,5764185900
2020-02-20,SZC,11050,10660,11050,10830,10277.2041015625,270790,2932655700
2020-02-21,SZC,10830,10560,10830,10580,10048.8203125,169150,1789607000
2020-02-24,SZC,10400,9860,10280,9860,9363.67578125,554700,5469342000
2020-02-25,SZC,10360,9530,9620,10330,9820.4375,427900,4420207000
2020-02-26,SZC,10310,9910,9910,10220,9706.2470703125,92610,946474200
2020-02-27,SZC,10580,10220,10310,10560,10020.2734375,224770,2373571200
2020-02-28,SZC,10750,10040,10560,10730,10191.560546875,532740,5716300200
2020-03-02,SZC,11050,10640,10750,10750,10220.1083984375,242530,2607197500
2020-03-03,SZC,10940,10520,10940,10750,10220.1083984375,380310,4088332500
2020-03-04,SZC,10750,10520,10750,10640,10220.1083984375,303040,3224345600
2020-03-05,SZC,10830,10640,10700,10640,10105.91796875,315830,3360431200
2020-03-06,SZC,10730,10430,10640,10660,10134.4638671875,116470,1241570200
2020-03-09,SZC,10170,9940,9940,9940,9449.31640625,471760,4689294400
2020-03-10,SZC,9940,9380,9940,9740,9249.482421875,571650,5567871000
2020-03-11,SZC,9860,9080,9860,9550,9078.1953125,311780,2977499000
2020-03-12,SZC,9250,8890,9080,8890,8450.1455078125,561630,4992890700
2020-03-13,SZC,9020,8300,8300,8480,8050.474609375,395690,3355451200
2020-03-16,SZC,8840,8300,8480,8390,7964.83203125,197440,1656521600
2020-03-17,SZC,8960,8170,8170,8960,8507.2392578125,162570,1456627200
2020-03-18,SZC,9180,8780,9020,8840,8393.0478515625,151800,1341912000
2020-03-19,SZC,8990,8480,8780,8590,8164.6669921875,76080,653527200
2020-03-20,SZC,8860,8480,8780,8690,8250.3115234375,118560,1030286400
2020-03-23,SZC,8530,8090,8530,8090,7679.35400390625,465030,3762092700
2020-03-24,SZC,8390,8090,8090,8200,7793.54541015625,399890,3279098000
2020-03-25,SZC,8660,8200,8200,8620,8193.21484375,194710,1678400200
2020-03-26,SZC,8720,8230,8590,8420,7993.38037109375,156890,1321013800
2020-03-27,SZC,8420,8109,8420,8170,7764.99755859375,156750,1280647500
2020-03-30,SZC,8060,7600,8060,7600,7222.5908203125,379630,2885188000
2020-03-31,SZC,7910,7150,7690,7580,7194.04248046875,176980,1341508400
2020-04-01,SZC,7840,7400,7400,7790,7393.87646484375,87570,682170300
2020-04-03,SZC,8109,7790,7790,8029,7622.259765625,218510,1754416790
2020-04-06,SZC,8490,8109,8109,8360,7936.28466796875,228990,1914356400
2020-04-07,SZC,8590,8330,8590,8360,7936.28466796875,76750,641630000
2020-04-08,SZC,8360,8170,8300,8360,7936.28466796875,65460,547245600
2020-04-09,SZC,8720,8390,8420,8530,8107.5712890625,234170,1997470100
2020-04-10,SZC,8840,8420,8590,8590,8164.6669921875,182530,1567932700
2020-04-13,SZC,8780,8420,8590,8480,8050.474609375,134300,1138864000
2020-04-14,SZC,8590,8109,8390,8420,7993.38037109375,159560,1343495200
2020-04-15,SZC,8840,8490,8530,8840,8393.0478515625,349720,3091524800
2020-04-16,SZC,9250,8690,8840,9150,8678.52734375,307450,2813167500
2020-04-17,SZC,9550,9250,9380,9320,8849.814453125,359660,3352031200
2020-04-20,SZC,9940,9840,9940,9940,9449.31640625,962840,9570629600
2020-04-21,SZC,10500,9510,9940,9620,9135.291015625,737770,7097347400
2020-04-22,SZC,10040,9510,9510,10010,9506.4130859375,399940,4003399400
2020-04-23,SZC,10330,9740,10330,9800,9306.578125,229600,2250080000
2020-04-24,SZC,9970,9620,9800,9970,9477.865234375,232110,2314136700
2020-04-27,SZC,10660,10190,10400,10660,10134.4638671875,2207750,23534615000
2020-04-28,SZC,11030,10580,11000,10700,10163.01171875,491330,5257231000
2020-04-29,SZC,11050,10660,10830,10830,10163.01171875,514170,5568461100
2020-05-04,SZC,10830,10460,10520,10500,9963.177734375,601610,6316905000
2020-05-05,SZC,10940,10400,10580,10830,10277.2041015625,522250,5655967500
2020-05-06,SZC,11580,10890,10890,11580,10990.8974609375,1835550,21255669000
2020-05-07,SZC,11790,11360,11610,11510,10933.802734375,668540,7694895400
2020-05-08,SZC,11720,11300,11490,11300,10733.9677734375,951950,10757035000
2020-05-11,SZC,11880,11180,11490,11490,10905.25390625,1065140,12238458600
2020-05-12,SZC,11930,11330,11490,11720,11133.6376953125,995290,11664798800
2020-05-13,SZC,11930,11410,11720,11490,10905.25390625,1181530,13575779700
2020-05-14,SZC,11510,10970,11300,10970,10419.94140625,1605030,17607179100
2020-05-15,SZC,11220,10660,10890,10850,10419.94140625,1052180,11416153000
2020-05-18,SZC,11240,10830,10890,11240,10419.94140625,770990,8665927600
2020-05-19,SZC,11540,11240,11410,11240,10962.349609375,1064760,11967902400
2020-05-20,SZC,11410,11090,11240,11410,10962.349609375,595200,6791232000
2020-05-21,SZC,11790,11300,11540,11410,10848.1591796875,1336290,15247068900
2020-05-22,SZC,11490,11180,11410,11330,10762.5146484375,878530,9953744900
2020-05-25,SZC,12110,11300,11330,12110,11504.7587890625,4346420,52635146200
2020-05-26,SZC,12920,12450,12920,12620,12275.546875,2052830,25906714600
2020-05-27,SZC,12680,12080,12620,12080,11476.2109375,1677730,20266978400
2020-05-28,SZC,12590,11660,12080,12310,11704.5927734375,2368910,29161282100
2020-05-29,SZC,12870,12200,12310,12740,12104.26171875,1282510,16339177400
2020-06-01,SZC,13530,13040,13040,13430,12760.861328125,1469570,19736325100
2020-06-02,SZC,13470,12620,13430,12620,11990.0703125,2343230,29571562600
2020-06-03,SZC,13370,12570,12620,13230,12561.0263671875,1692480,22391510400
2020-06-04,SZC,13470,12680,13470,12740,12104.26171875,1577010,20091107400
2020-06-05,SZC,13040,12570,12740,13010,12104.26171875,1263050,16432280500
2020-06-08,SZC,13260,12840,13100,13010,12104.26171875,1734330,22563633300
2020-06-09,SZC,13470,12840,12960,13160,12104.26171875,1822080,23978572800
2020-06-10,SZC,13470,12840,13140,13230,12561.0263671875,1574060,20824813800
2020-06-11,SZC,13370,12310,13340,12310,11704.5927734375,1857260,22862870600
2020-06-12,SZC,12020,11490,11490,12020,11419.115234375,1889800,22715396000
2020-06-15,SZC,12020,11220,12020,11220,10648.32421875,1168850,13114497000
2020-06-16,SZC,11720,11410,11510,11690,11105.08984375,662710,7747079900
2020-06-17,SZC,11990,11660,11790,11930,11333.470703125,543700,6486341000
2020-06-18,SZC,12500,11630,11790,12300,11676.044921875,1168880,14377224000
2020-06-19,SZC,12590,12310,12310,12450,11818.783203125,579010,7208674500
2020-06-22,SZC,12540,12200,12450,12350,11733.140625,691320,8537802000
2020-06-23,SZC,12500,11910,12230,12270,11647.4970703125,977000,11987790000
2020-06-24,SZC,12380,11660,12200,11910,11304.9228515625,831600,9904356000
2020-06-25,SZC,11880,11610,11610,11790,11190.732421875,674080,7947403200
2020-06-26,SZC,11960,11630,11910,11810,11219.2802734375,343690,4058978900
2020-06-29,SZC,11660,11240,11660,11330,10762.5146484375,729730,8267840900
2020-06-30,SZC,11540,10560,11410,11050,10505.5849609375,779690,8615574500
2020-07-01,SZC,11810,11000,11120,11810,11219.2802734375,646720,7637763200
2020-07-02,SZC,11910,11610,11790,11610,11019.4462890625,278980,3238957800
2020-07-03,SZC,11880,11580,11720,11630,11047.994140625,284290,3306292700
2020-07-06,SZC,11840,11610,11720,11720,11133.6376953125,300780,3525141600
2020-07-07,SZC,12080,11810,11810,11840,11247.828125,771130,9130179200
2020-07-08,SZC,12060,11790,11790,11960,11362.01953125,675820,8082807200
2020-07-09,SZC,12380,12020,12020,12300,11676.044921875,808180,9940614000
2020-07-10,SZC,12500,12150,12300,12270,11676.044921875,877370,10765329900
2020-07-13,SZC,12500,12020,12500,12150,11533.306640625,595500,7235325000
2020-07-14,SZC,12270,12080,12200,12170,11561.8544921875,530540,6456671800
2020-07-15,SZC,12500,12170,12310,12350,11561.8544921875,545910,6741988500
2020-07-16,SZC,12500,12230,12350,12310,11704.5927734375,336260,4139360600
2020-07-17,SZC,12900,12350,12350,12810,12161.357421875,1633730,20928081300
2020-07-20,SZC,13670,13230,13340,13470,12789.408203125,3357980,45231990600
2020-07-21,SZC,13920,13260,13470,13820,13131.982421875,2148000,29685360000
2020-07-22,SZC,14130,13530,13890,13590,12903.6015625,1423990,19352024100
2020-07-23,SZC,14180,13340,13590,14180,13474.5546875,1711410,24267793800
2020-07-24,SZC,14670,13200,14130,13700,13017.791015625,3074120,42115444000
2020-07-27,SZC,14130,12980,13230,12980,12332.6435546875,2505830,32525673400
2020-07-28,SZC,13890,13100,13340,13890,13189.0771484375,1795190,24935189100
2020-07-29,SZC,14840,13590,13820,14840,14102.60546875,3470290,51499103600
2020-07-30,SZC,15420,14790,15140,14840,14102.60546875,1932120,28672660800
2020-07-31,SZC,15030,14400,14420,14580,13845.677734375,1222540,17824633200
2020-08-03,SZC,15570,14550,14550,15510,14730.6572265625,2458950,38138314500
2020-08-04,SZC,16110,15120,15630,15360,14587.91796875,1876970,28830259200
2020-08-05,SZC,15880,15120,15330,15530,14759.2060546875,1266930,19675422900
2020-08-06,SZC,16410,15270,15390,16110,15301.6123046875,2767230,44580075300
2020-08-07,SZC,16309,15880,16059,16110,15301.6123046875,1298990,20926728900
2020-08-10,SZC,17130,16110,16170,16410,15587.0908203125,1960140,32165897400
2020-08-11,SZC,16740,15660,16590,15920,15130.328125,3555920,56610246400
2020-08-12,SZC,16290,15660,15880,16170,15358.7080078125,1389540,22468861800
2020-08-13,SZC,16830,16140,16170,16830,15986.7607421875,1614400,27170352000
2020-08-14,SZC,17050,16350,16830,16560,15729.830078125,2033900,33681384000
2020-08-17,SZC,17070,16290,16560,16740,15901.1171875,1303680,21823603200
2020-08-18,SZC,17010,16530,16780,16780,15929.6640625,964150,16178437000
2020-08-19,SZC,16890,16620,16780,16740,15901.1171875,1361070,22784311800
2020-08-20,SZC,16740,16170,16740,16290,15472.900390625,2248010,36620082900
2020-08-21,SZC,16560,16290,16410,16460,15644.1875,1215220,20002521200
2020-08-24,SZC,16960,16500,16650,16710,15872.5693359375,1584120,26470645200
2020-08-25,SZC,16960,16530,16620,16680,15844.0224609375,1591290,26542717200
2020-08-26,SZC,17520,16460,16650,17130,16272.23828125,3303430,56587755900
2020-08-27,SZC,17500,17190,17500,17220,16360.9951171875,1471870,25345601400
2020-08-28,SZC,17440,16970,17190,16970,16124.3095703125,1485300,25205541000
2020-08-31,SZC,16800,15830,16800,16160,15355.076171875,3624570,58573051200
2020-09-01,SZC,16610,16079,16079,16450,15621.3486328125,688880,11332076000
2020-09-03,SZC,16760,16290,16760,16450,15621.3486328125,1036590,17051905500
2020-09-04,SZC,16700,15950,15950,16500,15680.5205078125,1197840,19764360000
2020-09-07,SZC,16640,16079,16500,16079,15266.3173828125,1083620,17423525980
2020-09-08,SZC,16320,16010,16190,16230,15414.2470703125,711970,11555273100
2020-09-09,SZC,16640,15980,16010,16420,15591.7646484375,1294810,21260780200
2020-09-10,SZC,17440,16810,16810,17260,16390.58203125,3154650,54449259000
2020-09-11,SZC,17260,16970,17260,17130,16272.23828125,839390,14378750700
2020-09-14,SZC,17100,16810,16810,16950,16094.724609375,1690640,28656348000
2020-09-15,SZC,17440,16760,16810,17070,16213.064453125,1729250,29518297500
2020-09-16,SZC,17320,16810,17190,16950,16094.724609375,940110,15934864500
2020-09-17,SZC,17220,16920,17070,16970,16124.3095703125,1062990,18038940300
2020-09-18,SZC,17100,16850,16970,16970,16124.3095703125,851820,14455385400
2020-09-21,SZC,17130,16880,17070,16880,16035.552734375,1311870,22144365600
2020-09-22,SZC,16880,16450,16700,16580,15739.693359375,1905190,31588050200
2020-09-23,SZC,16760,16320,16580,16730,15887.6220703125,804240,13454935200
2020-09-24,SZC,17010,16700,16730,16760,15917.2080078125,631230,10579414800
2020-09-25,SZC,16880,16540,16760,16580,15739.693359375,731590,12129762200
2020-09-28,SZC,16700,16350,16580,16450,15621.3486328125,998290,16421870500
2020-09-29,SZC,16500,16010,16450,16140,15325.4892578125,1760780,28418989200
2020-09-30,SZC,16540,15920,16140,16420,15591.7646484375,1220270,20036833400
2020-10-01,SZC,16700,16390,16480,16480,15650.9345703125,719060,11850108800
2020-10-02,SZC,16500,15880,16450,16320,15503.00390625,1269250,20714160000
2020-10-05,SZC,17320,16290,16320,17320,16449.751953125,3102060,53727679200
2020-10-06,SZC,17480,17130,17440,17190,16331.412109375,1562460,26858687400
2020-10-07,SZC,17440,17010,17160,17010,16153.89453125,1635170,27814241700
2020-10-08,SZC,17160,16640,17100,16700,15858.03515625,1668490,27863783000
2020-10-09,SZC,16950,16640,16810,16800,15946.7939453125,605080,10165344000
2020-10-12,SZC,16970,16540,16950,16540,15710.1064453125,1168990,19335094600
2020-10-13,SZC,16580,16230,16500,16320,15503.00390625,848610,13849315200
2020-10-14,SZC,16760,16290,16420,16450,15621.3486328125,698230,11485883500
2020-10-15,SZC,16450,16320,16450,16320,15503.00390625,667210,10888867200
2020-10-16,SZC,16350,15880,16270,15880,15088.802734375,1540720,24466633600
2020-10-19,SZC,15880,15260,15880,15260,14497.0859375,1887280,28799892800
2020-10-20,SZC,15220,14790,15020,15070,14319.5693359375,1172360,17667465200
2020-10-21,SZC,15700,15020,15070,15330,14556.255859375,1034960,15865936800
2020-10-22,SZC,15260,15070,15260,15140,14378.7412109375,441530,6684764200
2020-10-23,SZC,15170,15020,15170,15020,14260.3984375,613590,9216121800
2020-10-26,SZC,15300,14950,15020,15070,14319.5693359375,915550,13797338500
2020-10-27,SZC,15170,14880,14950,14880,14142.0546875,794090,11816059200
2020-10-28,SZC,14830,14070,14640,14270,13550.3359375,1093040,15597680800
2020-10-29,SZC,14640,13760,13760,14270,13550.3359375,1048780,14966090600
2020-10-30,SZC,14610,14270,14440,14480,13757.4375,497020,7196849600
2020-11-02,SZC,14640,14400,14640,14410,13698.265625,317450,4574454500
2020-11-03,SZC,15070,14410,14520,15020,14260.3984375,753740,11321174800
2020-11-04,SZC,16040,15020,15020,16040,15236.732421875,1707750,27392310000
2020-11-05,SZC,16160,15450,15880,15520,14733.7724609375,1160660,18013443200
2020-11-06,SZC,16010,15420,15420,15700,14911.287109375,732500,11500250000
2020-11-09,SZC,15880,15640,15790,15790,15000.0439453125,923140,14576380600
2020-11-10,SZC,16500,15770,15950,16140,15325.4892578125,1560770,25190827800
2020-11-11,SZC,16450,16010,16140,16320,15503.00390625,1082800,17671296000
2020-11-12,SZC,16420,16230,16320,16350,15532.591796875,503040,8224704000
2020-11-13,SZC,16610,16230,16390,16480,15650.9345703125,926190,15263611200
2020-11-16,SZC,16500,15950,16420,16110,15295.9052734375,1085540,17488049400
2020-11-17,SZC,16450,16110,16110,16420,15591.7646484375,801230,13156196600
2020-11-18,SZC,17320,16350,16450,17260,16390.58203125,2200930,37988051800
2020-11-19,SZC,17660,17040,17260,17130,16272.23828125,1587480,27193532400
2020-11-20,SZC,17700,16810,17130,17570,16686.44140625,1388480,24395593600
2020-11-23,SZC,17760,17360,17570,17570,16686.44140625,1193270,20965753900
2020-11-24,SZC,17630,17130,17600,17390,16508.923828125,1589960,27649404400
2020-11-25,SZC,18560,17190,17440,18190,17278.16015625,2629930,47838426700
2020-11-26,SZC,18660,18140,18220,18380,17455.673828125,1086680,19973178400
2020-11-27,SZC,18510,18160,18380,18190,17278.16015625,759450,13814395500
2020-11-30,SZC,18350,17870,18350,17870,16982.298828125,1090640,19489736800
2020-12-01,SZC,18410,17390,17440,18160,17248.572265625,1780510,32334061600
2020-12-02,SZC,18930,18070,18310,18690,17751.533203125,1624980,30370876200
2020-12-03,SZC,19030,18590,18620,18690,17751.533203125,788960,14745662400
2020-12-04,SZC,18900,18310,18720,18410,17485.259765625,972200,17898202000
2020-12-07,SZC,18620,18310,18350,18410,17485.259765625,867690,15974172900
2020-12-08,SZC,18690,18190,18480,18450,17514.845703125,844910,15588589500
2020-12-09,SZC,18960,18410,18560,18450,17514.845703125,906050,16716622500
2020-12-10,SZC,18560,17940,18450,17940,17041.47265625,1616470,28999471800
2020-12-11,SZC,18140,17660,18010,18010,17100.642578125,1190660,21443786600
2020-12-14,SZC,18560,18040,18070,18510,17574.01953125,994820,18414118200
2020-12-15,SZC,19740,18310,18450,19500,18520.765625,2952380,57571410000
2020-12-16,SZC,20010,19310,19380,19500,18520.765625,1038490,20250555000
2020-12-17,SZC,19930,19190,19440,19440,18461.595703125,1065140,20706321600
2020-12-18,SZC,20250,19270,19400,20120,19112.484375,1787730,35969127600
2020-12-21,SZC,21020,20010,20120,20310,19290.0,1404260,28520520600
2020-12-22,SZC,21050,20250,20310,20870,19290.0,1205730,25163585100
2020-12-23,SZC,20990,19440,20870,19930,18934.96875,1228790,24489784700
2020-12-24,SZC,19930,18560,19930,19340,18372.8359375,1953090,37772760600
2020-12-25,SZC,20050,18560,19270,20050,19053.310546875,1392730,27924236500
2020-12-28,SZC,20560,19930,20120,20390,19378.755859375,1176450,23987815500
2020-12-29,SZC,20430,19960,20250,20310,19290.0,910290,18487989900
2020-12-30,SZC,20310,19810,20310,19930,18934.96875,1466940,29236114200
2020-12-31,SZC,20050,19690,19850,19930,18934.96875,1167140,23261100200
2021-01-04,SZC,21310,20250,20250,21310,20236.748046875,1962000,41810220000
2021-01-05,SZC,22740,21310,21310,22740,21597.697265625,1950200,44347548000
2021-01-06,SZC,23680,22800,23680,23040,21893.556640625,1532800,35315712000
2021-01-07,SZC,23340,22740,23110,23180,22011.900390625,1247700,28921686000
2021-01-08,SZC,23680,23040,23180,23340,22159.830078125,904800,21118032000
2021-01-11,SZC,24910,23020,23420,24540,23313.677734375,1137300,27909342000
2021-01-12,SZC,24540,23650,24480,24540,23313.677734375,592700,14544858000
2021-01-13,SZC,24790,24230,24540,24430,23195.333984375,928500,22683255000
2021-01-14,SZC,24610,23990,24430,24540,23313.677734375,728500,17877390000
2021-01-15,SZC,26160,24570,24670,25480,24201.255859375,1023900,26088972000
2021-01-18,SZC,26160,24980,25730,25230,23964.5703125,1132600,28575498000
2021-01-19,SZC,25850,23480,25230,23480,22307.7578125,1324800,31106304000
2021-01-20,SZC,23860,21880,23550,23480,22307.7578125,1431000,33599880000
2021-01-21,SZC,24700,23040,23680,24700,23461.609375,1285800,31759260000
2021-01-22,SZC,25290,24110,24670,24260,23047.40625,1519600,36865496000
2021-01-25,SZC,24880,23860,23990,24480,23254.5078125,891800,21831264000
2021-01-26,SZC,25050,23860,24740,24610,23372.8515625,1389600,34198056000
2021-01-27,SZC,26320,24480,24610,26320,25000.07421875,4175400,109896528000
2021-01-28,SZC,27420,24480,25230,24480,23254.5078125,2179200,53346816000
2021-01-29,SZC,26190,24510,24510,26160,24852.14453125,1442700,37741032000
2021-02-01,SZC,26420,24360,25540,24360,23136.1640625,1823300,44415588000
2021-02-02,SZC,24300,22680,22680,23000,21834.388671875,3070800,70628400000
2021-02-03,SZC,24170,21490,24110,23420,22248.5859375,1633300,38251886000
2021-02-04,SZC,24480,22920,23240,23650,22455.6875,865300,20464345000
2021-02-05,SZC,23680,23110,23650,23620,22426.103515625,1095200,25868624000
2021-02-08,SZC,24050,21990,23370,22430,21301.837890625,1360600,30518258000
2021-02-09,SZC,23270,22180,22300,23070,21301.837890625,841700,19418019000
2021-02-17,SZC,24670,23370,23370,24430,23195.333984375,906400,22143352000
2021-02-18,SZC,25510,23990,24430,25010,23757.466796875,1455200,36394552000
2021-02-19,SZC,25800,24610,24610,25130,23875.8125,985200,24758076000
2021-02-22,SZC,25390,24540,25390,24770,23520.783203125,1216700,30137659000
2021-02-23,SZC,25730,24610,24770,25330,24053.326171875,1371000,34727430000
2021-02-24,SZC,25730,24670,25510,24740,24053.326171875,990900,24514866000
2021-02-25,SZC,24980,24430,24910,24790,24053.326171875,819800,20322842000
2021-02-26,SZC,26510,24300,24300,25350,24082.912109375,1078200,27332370000
2021-03-01,SZC,26850,25350,25420,26780,25443.861328125,2239000,59960420000
2021-03-02,SZC,27280,26530,27110,26700,25355.107421875,870700,23247690000
2021-03-03,SZC,27420,26360,26480,27050,25680.55078125,1194900,32322045000
2021-03-04,SZC,27420,25610,27110,26360,25029.66015625,1326500,34966540000
2021-03-05,SZC,26360,25230,26040,25920,24615.4609375,1025000,26568000000
2021-03-08,SZC,26530,25660,26110,26190,24881.732421875,902700,23641713000
2021-03-09,SZC,26190,25540,26190,25800,24497.11328125,586900,15142020000
2021-03-10,SZC,26110,25540,25800,26040,24733.802734375,536600,13973064000
2021-03-11,SZC,27110,26160,26480,26700,25355.107421875,1282200,34234740000
2021-03-12,SZC,27110,26420,26780,26480,25148.00390625,530100,14037048000
2021-03-15,SZC,26740,26010,26480,26160,24852.14453125,749300,19601688000
2021-03-16,SZC,26160,25540,26040,25610,24319.6015625,984000,25200240000
2021-03-17,SZC,25540,24980,25330,25230,23964.5703125,1107600,27944748000
2021-03-18,SZC,25850,25050,25540,25660,24378.7734375,797100,20453586000
2021-03-19,SZC,25850,25290,25660,25540,24260.427734375,499400,12754676000
2021-03-22,SZC,25540,25050,25420,25290,24023.740234375,660900,16714161000
2021-03-23,SZC,25850,25180,25230,25290,24023.740234375,710200,17960958000
2021-03-24,SZC,25290,23740,25050,23990,22781.13671875,973200,23347068000
2021-03-25,SZC,24330,23680,24300,23680,22485.275390625,1065500,25231040000
2021-03-26,SZC,23620,22110,23370,23340,22159.830078125,1033700,24126558000
2021-03-29,SZC,23790,23340,23340,23740,22544.4453125,580300,13776322000
2021-03-30,SZC,24130,23680,23790,24080,22869.888671875,457900,11026232000
2021-03-31,SZC,24170,23960,24130,24020,22810.71875,423000,10160460000
2021-04-01,SZC,24300,23860,24020,24300,23076.994140625,485900,11807370000
2021-04-02,SZC,24910,24360,24910,24610,23372.8515625,569600,14017856000
2021-04-05,SZC,24860,24510,24610,24510,23284.095703125,385800,9455958000
2021-04-06,SZC,24300,23860,24230,24020,22810.71875,434400,10434288000
2021-04-07,SZC,24300,23550,23860,24300,23076.994140625,574000,13948200000
2021-04-08,SZC,25230,23890,24300,24540,23313.677734375,697300,17111742000
2021-04-09,SZC,24860,24540,24540,24610,23372.8515625,292500,7198425000
2021-04-12,SZC,25110,24480,24670,24740,23491.1953125,499100,12347734000
2021-04-13,SZC,24880,23860,24740,24050,22840.3046875,743600,17883580000
2021-04-14,SZC,23960,23620,23680,23920,22721.96484375,605200,14476384000
2021-04-15,SZC,23960,23370,23920,23420,22248.5859375,702600,16454892000
2021-04-16,SZC,23790,22110,23040,22870,21716.041015625,806900,18453803000
2021-04-19,SZC,23240,22870,22870,22920,21775.212890625,467300,10710516000
2021-04-20,SZC,23110,22300,23040,22680,21538.52734375,626100,14199948000
2021-04-22,SZC,22430,21130,22430,21780,20680.537109375,1348700,29374686000
2021-04-23,SZC,22430,20430,21670,22270,21153.908203125,742000,16524340000
2021-04-26,SZC,22270,21440,22250,21440,20355.08984375,472600,10132544000
2021-04-27,SZC,21520,20680,21440,20940,19881.71484375,416100,8713134000
2021-04-28,SZC,22110,20810,20940,21740,20650.947265625,612700,13320098000
2021-04-29,SZC,22110,21490,21880,21490,20414.26171875,382900,8228521000
2021-05-04,SZC,21250,20750,20870,21130,20059.232421875,464300,9810659000
2021-05-05,SZC,21990,21130,21130,21740,20650.947265625,701100,15241914000
2021-05-06,SZC,22250,21670,21900,21800,20710.12109375,543200,11841760000
2021-05-07,SZC,21800,21050,21800,21130,20059.232421875,913300,19298029000
2021-05-10,SZC,21560,20680,20750,21130,20059.232421875,679300,14353609000
2021-05-11,SZC,22090,21100,21180,21670,20591.779296875,690800,14969636000
2021-05-12,SZC,23180,21650,21670,23180,22011.900390625,1808200,41914076000
2021-05-13,SZC,23620,22740,23180,22740,21597.697265625,838600,19069764000
2021-05-14,SZC,23370,22430,22800,22430,21301.837890625,579900,13007157000
2021-05-17,SZC,22680,21880,22430,22020,20917.22265625,683200,15044064000
2021-05-18,SZC,22020,21250,22020,21490,20414.26171875,503000,10809470000
2021-05-19,SZC,21490,21020,21180,21050,20000.060546875,873400,18385070000
2021-05-20,SZC,20940,19650,20940,20050,19053.310546875,1631600,32713580000
2021-05-21,SZC,21470,19930,19930,21470,20384.67578125,848500,18217295000
2021-05-24,SZC,22620,21670,22110,22430,21301.837890625,986000,22115980000
2021-05-25,SZC,22740,22220,22490,22430,21301.837890625,1140900,25590387000
2021-05-26,SZC,22920,21800,22300,22560,21420.18359375,1101600,24852096000
2021-05-27,SZC,22590,22300,22430,22430,21301.837890625,1140800,25588144000
2021-05-28,SZC,22740,22360,22740,22740,21597.697265625,987700,22460298000
2021-05-31,SZC,23550,22560,22740,23480,22307.7578125,1108900,26036972000
2021-06-01,SZC,23620,23000,23550,23180,22011.900390625,491700,11397606000
2021-06-02,SZC,23180,22450,22740,22920,21775.212890625,511700,11728164000
2021-06-03,SZC,23180,21800,22110,22920,21775.212890625,848600,19449912000
2021-06-04,SZC,24170,22920,22920,24170,22958.6484375,1695900,40989903000
2021-06-07,SZC,24610,23680,24610,24360,23136.1640625,1183300,28825188000
2021-06-08,SZC,24790,23680,24360,23990,23136.1640625,1185700,28444943000
2021-06-09,SZC,24170,22800,23680,23740,22544.4453125,1043000,24760820000
2021-06-10,SZC,23790,23020,23740,23020,21863.970703125,699900,16111698000
2021-06-11,SZC,23550,22870,22920,23480,22307.7578125,785400,18441192000
2021-06-14,SZC,24610,23480,23480,24300,23076.994140625,1294400,31453920000
2021-06-15,SZC,25730,24170,24360,25480,24201.255859375,2530100,64466948000
2021-06-16,SZC,25730,24860,25480,25540,24260.427734375,1385800,35393332000
2021-06-17,SZC,26040,24790,24860,25640,24349.18359375,1010100,25898964000
2021-06-18,SZC,26780,25230,25420,25920,24615.4609375,1745800,45251136000
2021-06-21,SZC,25820,24910,25540,25480,24201.255859375,1151300,29335124000
2021-06-22,SZC,26040,25230,25290,25230,23964.5703125,1057000,26668110000
2021-06-23,SZC,25230,23790,25230,24130,22929.064453125,1987300,47953549000
2021-06-24,SZC,24480,23580,24110,23740,22544.4453125,1043400,24770316000
2021-06-25,SZC,24230,23620,23740,23790,22603.619140625,604000,14369160000
2021-06-28,SZC,24430,23790,23790,24300,23076.994140625,762100,18519030000
2021-06-29,SZC,24770,23860,24300,24260,23047.40625,850900,20642834000
2021-06-30,SZC,24260,23920,24260,24050,22840.3046875,625700,15048085000
2021-07-01,SZC,24110,23650,24050,23990,22781.13671875,826700,19832533000
2021-07-02,SZC,24300,23740,23990,23990,22781.13671875,735300,17639847000
2021-07-05,SZC,23920,23040,23650,23240,22781.13671875,1128400,26224016000
2021-07-06,SZC,23370,21800,23040,21800,22781.13671875,1425500,31075900000
2021-07-07,SZC,22360,21180,21560,22360,22781.13671875,1091200,24399232000
2021-07-08,SZC,22560,21800,22300,22390,22781.13671875,451700,10113563000
2021-07-09,SZC,22390,21310,22110,21990,20887.638671875,679600,14944404000
2021-07-12,SZC,21990,20470,21620,20660,20887.638671875,1206200,24920092000
2021-07-13,SZC,21180,20660,20940,21130,20059.232421875,443400,9369042000
2021-07-14,SZC,21460,20430,21120,20870,20059.232421875,500800,10451696000
2021-07-15,SZC,21400,20750,20870,21400,20325.50390625,413500,8848900000
2021-07-16,SZC,22890,22000,22110,22890,20325.50390625,1648500,37734165000
2021-07-19,SZC,23680,22300,22490,22430,21301.837890625,1005000,22542150000
2021-07-20,SZC,23370,22180,22740,23370,22189.416015625,558600,13054482000
2021-07-21,SZC,23420,22740,23180,23040,21893.556640625,748700,17250048000
2021-07-22,SZC,24640,22680,22870,24640,23402.435546875,2494000,61452160000
2021-07-23,SZC,24910,24110,24610,24170,22958.6484375,955900,23104103000
2021-07-26,SZC,25350,23850,23850,24870,23609.537109375,1192700,29662449000
2021-07-27,SZC,25240,24230,25240,24550,23313.677734375,998000,24500900000
2021-07-28,SZC,25240,24300,24480,24670,23432.025390625,1287400,31760158000
2021-07-29,SZC,25010,24480,24910,24910,23668.712890625,507900,12651789000
2021-07-30,SZC,25800,24910,24910,25520,24230.841796875,2283000,58262160000
2021-08-02,SZC,25820,24910,25450,25290,24023.740234375,1739100,43981839000
2021-08-03,SZC,26780,24910,25240,26780,25443.861328125,3207500,85896850000
2021-08-04,SZC,27160,26220,26780,26530,25443.861328125,1296600,34398798000
2021-08-05,SZC,27410,26040,26420,27160,25798.89453125,1395600,37904496000
2021-08-06,SZC,28340,26640,27130,27600,26213.09765625,2873900,79319640000
2021-08-09,SZC,28340,27730,27900,28340,26923.158203125,1863100,52800254000
2021-08-10,SZC,28530,27600,28530,27790,26923.158203125,1858600,51650494000
2021-08-11,SZC,28280,27040,27660,27040,25680.55078125,2059100,55678064000
2021-08-12,SZC,28920,26950,26950,28920,27455.701171875,2482100,71782332000
2021-08-13,SZC,29910,28340,29030,29600,28106.59375,2430300,71936880000
2021-08-16,SZC,30470,29260,29910,29400,27929.080078125,1562800,45946320000
2021-08-17,SZC,29150,28650,29030,28940,27929.080078125,1678900,48587366000
2021-08-18,SZC,29530,28600,28650,29090,27633.21875,1381700,40193653000
2021-08-19,SZC,29910,28750,28920,29650,28165.763671875,1151100,34130115000
2021-08-20,SZC,30270,27600,29650,28230,26804.8125,2890100,81587523000
2021-08-23,SZC,28970,26780,27730,26780,25443.861328125,1875100,50215178000
2021-08-24,SZC,27410,26480,26610,26530,25207.177734375,1276300,33860239000
2021-08-25,SZC,27100,26440,26530,27100,25739.720703125,683000,18509300000
2021-08-26,SZC,27970,27160,27380,27660,26272.26953125,970500,26844030000
2021-08-27,SZC,28720,27220,27620,28720,27278.1875,1428200,41017904000
2021-08-30,SZC,30090,28970,29030,29350,27869.908203125,1379300,40482455000
2021-08-31,SZC,30930,29090,29370,30150,28639.138671875,2119000,63887850000
2021-09-01,SZC,30400,29870,29910,30150,28639.138671875,871500,26275725000
2021-09-06,SZC,30850,29600,30530,29600,28106.59375,1548500,45835600000
2021-09-07,SZC,30440,29030,29350,29470,27988.25,1913900,56402633000
2021-09-08,SZC,30150,29090,29780,29280,27988.25,926000,27113280000
2021-09-09,SZC,29780,29220,29280,29780,28284.109375,639000,19029420000
2021-09-10,SZC,30850,29780,30030,30470,28934.99609375,1846200,56253714000
2021-09-13,SZC,30580,29490,30530,29490,28017.833984375,1022300,30147627000
2021-09-14,SZC,29780,29030,29350,29280,27810.734375,851900,24943632000
2021-09-15,SZC,29600,28650,29030,29280,27810.734375,1050900,30770352000
2021-09-16,SZC,29840,29280,29430,29530,28047.421875,547000,16152910000
2021-09-17,SZC,30110,29280,29840,29470,27986.974609375,913500,26920845000
2021-09-20,SZC,30170,29400,29470,29470,27986.974609375,1059600,31226412000
2021-09-21,SZC,29470,28520,29140,29470,27986.974609375,1242000,36601740000
2021-09-22,SZC,31510,29650,29840,31480,27986.974609375,3374700,106235556000
2021-09-23,SZC,32210,30870,32130,30870,29316.810546875,1139000,35160930000
2021-09-24,SZC,31510,30810,30930,31130,29558.595703125,981300,30547869000
2021-09-27,SZC,31430,29020,31130,29020,27563.845703125,1935800,56176916000
2021-09-28,SZC,29780,28580,28900,29780,28289.208984375,970000,28886600000
2021-09-29,SZC,30580,28990,29600,29780,28289.208984375,1004000,29899120000
2021-09-30,SZC,30230,29920,30230,29920,28410.103515625,397800,11902176000
2021-10-01,SZC,30550,29600,29920,29970,28470.552734375,681900,20436543000
2021-10-04,SZC,31050,29920,29970,30740,29195.916015625,1014900,31198026000
2021-10-05,SZC,31700,30900,31130,31310,29739.9375,1044900,32715819000
2021-10-06,SZC,31570,31190,31400,31370,29739.9375,831900,26096703000
2021-10-07,SZC,33530,31310,31630,33530,31855.587890625,2872600,96318278000
2021-10-08,SZC,33790,32910,33790,32970,31855.587890625,722500,23820825000
2021-10-11,SZC,34050,32910,33150,33990,31855.587890625,1087200,36953928000
2021-10-12,SZC,34940,33790,34170,34940,33185.41796875,1606800,56141592000
2021-10-13,SZC,36090,34690,34940,35570,33789.890625,1327900,47233403000
2021-10-14,SZC,36030,34820,35770,34820,33789.890625,1539000,53587980000
2021-10-15,SZC,35640,34170,34820,35640,33850.3359375,1780500,63457020000
2021-10-18,SZC,37430,36090,36210,36730,33850.3359375,1209900,44439627000
2021-10-19,SZC,36860,35950,36730,36650,34817.4921875,648700,23774855000
2021-10-20,SZC,37350,35770,36270,36650,34817.4921875,860900,31551985000
2021-10-21,SZC,37040,36480,36730,36650,34817.4921875,513200,18808780000
2021-10-22,SZC,38820,36650,36650,38570,36630.90234375,984400,37968308000
2021-10-25,SZC,39840,37560,38820,37560,36630.90234375,706800,26547408000
2021-10-26,SZC,38370,37110,37430,38190,36630.90234375,819000,31277610000
2021-10-27,SZC,38960,37560,38570,38430,36510.0078125,796100,30594123000
2021-10-28,SZC,39650,38120,38190,38820,36872.6875,951300,36929466000
2021-10-29,SZC,40090,38570,38570,39520,37537.60546875,650400,25703808000
2021-11-01,SZC,39780,38320,39590,38570,37537.60546875,1069800,41262186000
2021-11-02,SZC,39780,38190,38630,39590,37779.39453125,1056500,41826835000
2021-11-03,SZC,40930,36860,39590,36860,34998.83203125,2003200,73837952000
2021-11-04,SZC,37560,36340,36340,36790,34938.3828125,998300,36727457000
2021-11-05,SZC,37560,35380,36860,36900,35059.2734375,1250200,46132380000
2021-11-08,SZC,38190,36270,36970,36900,35059.2734375,705600,26036640000
2021-11-09,SZC,37870,36860,36900,37240,35361.51171875,531100,19778164000
2021-11-10,SZC,37610,36480,37240,36860,34998.83203125,1124200,41438012000
2021-11-11,SZC,38570,36650,37170,37870,35965.98046875,1939200,73437504000
2021-11-12,SZC,39130,37940,38750,38690,36751.796875,1032400,39943556000
2021-11-15,SZC,39020,37240,39020,37940,36026.4296875,1581300,59994522000
2021-11-16,SZC,37430,36150,37430,36150,34333.91015625,2098800,75871620000
2021-11-17,SZC,37170,35640,36150,36900,35059.2734375,1209600,44634240000
2021-11-18,SZC,37110,36150,37040,36270,34454.80859375,1188400,43103268000
2021-11-19,SZC,36480,33790,36270,34170,32460.056640625,2055300,70229601000
2021-11-22,SZC,34170,31780,34170,31780,30193.2890625,1533300,48728274000
2021-11-23,SZC,33990,31190,31190,33990,32278.712890625,1259900,42824001000
2021-11-24,SZC,35260,34170,34940,34490,32762.29296875,778300,26843567000
2021-11-25,SZC,35950,34240,34820,35260,33487.65625,820000,28913200000
2021-11-26,SZC,35520,34440,35520,34940,33185.41796875,979700,34230718000
2021-11-29,SZC,35570,33420,33420,35130,33366.765625,711600,24998508000
2021-11-30,SZC,37560,35640,35640,37490,35603.3046875,2717100,101864079000
2021-12-01,SZC,39270,37730,37870,38690,36751.796875,1620400,62693276000
2021-12-02,SZC,39080,38050,39080,38510,36570.44921875,822200,31662922000
2021-12-03,SZC,38510,37290,38320,37290,35421.95703125,1408000,52504320000
2021-12-06,SZC,37290,34690,36590,35640,33850.3359375,2180000,77695200000
2021-12-07,SZC,36860,35000,35890,36730,34877.9375,630600,23161938000
2021-12-08,SZC,38630,36730,36730,37730,35845.08984375,1237000,46672010000
2021-12-09,SZC,38050,37110,37730,37990,36086.875,830000,31531700000
2021-12-10,SZC,40420,37990,38190,40230,38202.5234375,3754400,151039512000
2021-12-13,SZC,41690,40600,40730,40730,38686.1015625,1243400,50643682000
2021-12-14,SZC,42200,40420,40670,41500,39411.46484375,1374900,57058350000
2021-12-15,SZC,42200,40730,41750,41500,39411.46484375,1383400,57411100000
2021-12-16,SZC,42950,41370,41370,42570,40439.06640625,1118600,47618802000
2021-12-17,SZC,43270,41370,42950,42010,39895.0390625,1548400,65048284000
2021-12-20,SZC,41420,40090,41370,40470,38444.30859375,1514600,61295862000
2021-12-21,SZC,41690,38890,40090,41560,39471.91015625,1248500,51887660000
2021-12-22,SZC,43150,41560,41560,42010,39895.0390625,1342600,56402626000
2021-12-23,SZC,41940,39840,41750,40420,38383.86328125,1386500,56042330000
2021-12-24,SZC,41690,40290,40470,41240,39169.67578125,1029400,42452456000
2021-12-27,SZC,41690,40420,41240,41240,39169.67578125,758200,31268168000
2021-12-28,SZC,43270,41420,41630,42950,40801.74609375,1768200,75944190000
2021-12-29,SZC,43920,42250,42950,43730,41527.109375,1064100,46533093000
2021-12-30,SZC,44300,42510,43790,42510,40378.6171875,846800,35997468000
2021-12-31,SZC,43270,42330,43270,43270,41103.9765625,1282000,55472140000
2022-01-04,SZC,45510,43270,43470,44870,42615.15234375,1130600,50730022000
2022-01-05,SZC,46780,44870,44870,46080,43763.65234375,1071400,49370112000
2022-01-06,SZC,47100,45510,46020,46140,43824.09765625,1136300,52428882000
2022-01-07,SZC,45830,44730,45830,45510,43219.625,974300,44340393000
2022-01-10,SZC,46330,44420,45190,45510,42917.390625,695100,31634001000
2022-01-11,SZC,45760,43410,45120,44690,42433.81640625,760800,34000152000
2022-01-12,SZC,44550,41560,44230,42010,39895.0390625,1686000,70828860000
2022-01-13,SZC,43410,40730,42950,42450,40318.16796875,1050200,44580990000
2022-01-14,SZC,44550,40860,41750,44550,42312.921875,951600,42393780000
2022-01-17,SZC,45510,41420,44550,41420,39351.01953125,1020600,42273252000
2022-01-18,SZC,41500,38820,41370,41050,38988.3359375,1053700,43254385000
2022-01-19,SZC,43220,40290,41050,42710,40559.9609375,1976200,84403502000
2022-01-20,SZC,45630,42780,42780,45630,43340.51953125,1887300,86117499000
2022-01-21,SZC,47340,45250,46140,45250,42977.8359375,1204900,54521725000
2022-01-24,SZC,47300,44300,45120,45830,43521.859375,1940000,88910200000
2022-01-25,SZC,49010,44690,45320,49010,46544.21875,2106000,103215060000
2022-01-26,SZC,51550,49130,50150,49640,47148.6875,989100,49098924000
2022-01-27,SZC,50290,46910,49130,47420,45033.03515625,1095100,51929642000
2022-01-28,SZC,50290,44870,47100,49130,46665.10546875,1977500,97154575000
2022-02-07,SZC,50220,48430,49380,49010,46544.21875,625400,30650854000
2022-02-08,SZC,51550,48310,48370,49900,47390.46875,1201800,59969820000
2022-02-09,SZC,50290,48430,49330,48680,46241.98046875,1049500,51089660000
2022-02-10,SZC,49760,48680,48680,49640,47148.6875,805200,39970128000
2022-02-11,SZC,51810,49380,49580,50780,48236.7265625,1324000,67232720000
2022-02-14,SZC,51230,49710,49960,49760,47269.578125,817900,40698704000
2022-02-15,SZC,50150,48370,49520,50150,47269.578125,986000,49447900000
2022-02-16,SZC,50920,48680,50920,48880,46423.32421875,1695700,82885816000
2022-02-17,SZC,49640,48430,48750,49640,47148.6875,1086900,53953716000
2022-02-18,SZC,50670,48880,48880,50030,47511.3671875,974600,48759238000
2022-02-21,SZC,50220,49330,49830,49760,47269.578125,922700,45913552000
2022-02-22,SZC,49640,47420,48750,49640,47148.6875,1690600,83921384000
2022-02-23,SZC,53080,49520,49640,53080,50412.82421875,3707900,196815332000
2022-02-24,SZC,53080,50290,52770,52380,49747.90234375,1411800,73950084000
2022-02-25,SZC,54030,52190,52380,52190,49566.56640625,1127800,58859882000
2022-02-28,SZC,52190,51230,51930,51300,48720.3046875,832000,42681600000
2022-03-01,SZC,52770,50780,50920,51810,49203.8828125,1161300,60166953000
2022-03-02,SZC,52700,51110,51810,52190,49566.56640625,841600,43923104000
2022-03-03,SZC,52830,51860,52190,52240,49627.0078125,802200,41906928000
2022-03-04,SZC,53460,51550,52240,51620,49022.5390625,1081100,55806382000
2022-03-07,SZC,51300,48820,51230,48820,46362.8671875,3411800,166564076000
2022-03-08,SZC,48500,46330,48050,46400,44065.8828125,2477900,114974560000
2022-03-09,SZC,48050,45190,46400,47720,45335.2734375,1683200,80322304000
2022-03-10,SZC,48630,46840,47800,46840,44489.01171875,974600,45650264000
2022-03-11,SZC,46460,44810,46460,45060,42796.5,1757900,79210974000
2022-03-14,SZC,44690,42900,44550,43530,41345.76953125,1226300,53380839000
2022-03-15,SZC,46140,43590,43590,46140,43824.09765625,951300,43892982000
2022-03-16,SZC,46780,46080,46460,46140,43824.09765625,459300,21192102000
2022-03-17,SZC,47230,46330,46460,46720,44730.80078125,557000,26023040000
2022-03-18,SZC,47800,46530,46910,47030,44670.35546875,656500,30875195000
2022-03-21,SZC,47930,46590,47300,47230,44851.69140625,722300,34114229000
2022-03-22,SZC,48240,47100,47420,47420,45033.03515625,873700,41430854000
2022-03-23,SZC,48050,47230,47230,47300,44912.1484375,613700,29028010000
2022-03-24,SZC,47420,46780,47100,47300,44912.1484375,552000,26109600000
2022-03-25,SZC,49580,47160,47720,49260,46786.0,1445500,71205330000
2022-03-28,SZC,49210,47480,48680,48180,45758.3984375,1034600,49847028000
2022-03-29,SZC,49960,48370,48370,49520,47027.7890625,1044000,51698880000
2022-03-30,SZC,50150,47720,48560,48050,45637.51171875,1179800,56689390000
2022-03-31,SZC,49830,48110,48110,48680,46241.98046875,1296900,63133092000
2022-04-01,SZC,49960,48430,48750,48750,46302.421875,844800,41184000000
2022-04-04,SZC,50080,48430,49010,49580,47088.234375,1186800,58841544000
2022-04-05,SZC,50220,49330,49640,49520,47027.7890625,858000,42488160000
2022-04-06,SZC,49330,47420,49070,47420,45033.03515625,1518400,72002528000
2022-04-07,SZC,47420,44870,47420,45060,42796.5,2014000,90750840000
2022-04-08,SZC,46140,44550,45060,44550,42312.921875,888000,39560400000
2022-04-12,SZC,46020,43590,44870,44170,41950.2421875,700900,30958753000
2022-04-13,SZC,45560,43270,44690,45560,43280.07421875,761000,34671160000
2022-04-14,SZC,46020,44550,46020,44930,42675.60546875,388800,17468784000
2022-04-15,SZC,46400,43920,44690,44870,42615.15234375,898700,40324669000
2022-04-18,SZC,45630,42010,45000,42640,40499.51171875,1005700,42883048000
2022-04-19,SZC,43590,41370,42710,41370,39290.5703125,931800,38548566000
2022-04-20,SZC,42010,38510,40930,38510,36570.44921875,1307600,50355676000
2022-04-21,SZC,38320,35830,37240,35830,34031.67578125,1483500,53153805000
2022-04-22,SZC,36650,33350,36650,34370,32641.39453125,1177400,40467238000
2022-04-25,SZC,35000,32009,34620,32009,30404.85546875,1116700,35744450300
2022-04-26,SZC,33740,29970,30870,33740,32036.92578125,883200,29799168000
2022-04-27,SZC,35570,33600,33790,35070,33306.3125,437000,15325590000
2022-04-28,SZC,36590,35130,35710,36030,34213.01953125,836700,30146301000
2022-04-29,SZC,37290,35640,36030,37290,35421.95703125,653800,24380202000
2022-05-04,SZC,37560,35070,37560,35450,33669.0,814500,28874025000
2022-05-05,SZC,36530,34370,36530,35000,33245.8671875,564800,19768000000
2022-05-06,SZC,34820,33350,34050,33350,31674.2421875,565300,18852755000
2022-05-09,SZC,32590,31020,32210,31020,29467.927734375,790100,24508902000
2022-05-10,SZC,32210,28960,28960,32210,30586.197265625,566900,18259849000
2022-05-11,SZC,32770,31430,32770,32450,30827.986328125,378000,12266100000
2022-05-12,SZC,32910,30200,31890,30230,28712.33984375,513100,15511013000
2022-05-13,SZC,30390,28140,30300,28140,26717.587890625,1124900,31654686000
2022-05-16,SZC,29470,28000,28390,28000,26596.693359375,292400,8187200000
2022-05-17,SZC,29950,28000,29140,29950,28440.326171875,510900,15301455000
2022-05-18,SZC,31370,30230,30490,30840,29286.5859375,487300,15028332000
2022-05-19,SZC,31050,29280,29280,30610,29075.021484375,426300,13049043000
2022-05-20,SZC,31820,30870,30930,31190,29619.046875,458100,14288139000
2022-05-23,SZC,31700,30350,31630,30350,28833.236328125,560100,16999035000
2022-05-24,SZC,30870,29400,30350,30550,29014.57421875,483700,14777035000
2022-05-25,SZC,32659,30870,30930,32659,31009.326171875,904100,29527001900
2022-05-26,SZC,33530,32590,33090,33040,31372.009765625,549700,18162088000
2022-05-27,SZC,34050,33040,33040,33480,31795.138671875,640400,21440592000
2022-05-30,SZC,33860,33090,33600,33290,31613.794921875,663300,22081257000
2022-05-31,SZC,33920,32770,32910,33740,32036.92578125,787100,26556754000
2022-06-01,SZC,34560,33740,33740,34170,32460.056640625,605300,20683101000
2022-06-02,SZC,36030,33860,34170,35570,32460.056640625,1522100,54141097000
2022-06-03,SZC,36030,35070,35380,35520,33729.44140625,797900,28341408000
2022-06-06,SZC,36410,34940,35570,35330,33548.09765625,743800,26278454000
2022-06-07,SZC,35260,33740,35000,35000,33245.8671875,961900,33666500000
2022-06-08,SZC,37170,35000,35000,36650,34817.4921875,1443700,52911605000
2022-06-09,SZC,37040,36030,36650,36410,34575.69921875,601800,21911538000
2022-06-10,SZC,37560,35640,36030,36030,34213.01953125,1154000,41578620000
2022-06-13,SZC,34940,33530,33740,33530,31855.587890625,1080500,36229165000
2022-06-14,SZC,34050,32070,32590,32770,31130.220703125,568500,18629745000
2022-06-15,SZC,33290,30490,33090,31000,29437.703125,1053200,32649200000
2022-06-16,SZC,33090,31820,31820,31820,30223.513671875,469900,14952218000
2022-06-17,SZC,31050,29600,31050,29600,28107.869140625,819300,24251280000
2022-06-20,SZC,30550,27520,30430,27520,26143.33984375,1354300,37270336000
2022-06-21,SZC,27370,25620,27370,25620,24329.931640625,787200,20168064000
2022-06-22,SZC,26760,25130,25710,26510,25176.1875,492500,13056175000
2022-06-23,SZC,28320,26410,26440,28320,26898.927734375,439100,12435312000
2022-06-24,SZC,28960,27740,28960,27740,26354.90625,363300,10077942000
2022-06-27,SZC,29140,27880,28000,29120,27654.515625,597400,17396288000
2022-06-28,SZC,30300,28790,28960,29600,28107.869140625,636600,18843360000
2022-06-29,SZC,30170,29140,29220,29920,28410.103515625,397300,11887216000
2022-06-30,SZC,30040,28630,29840,28630,27201.1640625,462400,13238512000
2022-07-01,SZC,29280,27370,28320,28790,27352.28125,479400,13801926000
2022-07-04,SZC,29570,28320,28830,28670,27231.38671875,291400,8354438000
2022-07-05,SZC,28930,26700,28670,26700,25357.529296875,487000,13002900000
2022-07-06,SZC,27370,26160,26670,26530,25206.412109375,505600,13413568000
2022-07-07,SZC,26790,25460,26610,26090,24783.283203125,515400,13446786000
2022-07-08,SZC,27850,26480,26480,27850,26445.57421875,611100,17019135000
2022-07-11,SZC,29280,27970,27970,28630,27201.1640625,685800,19634454000
2022-07-12,SZC,30650,28610,28770,30650,27201.1640625,1149700,35238305000
2022-07-13,SZC,31510,30460,31190,30610,29075.021484375,549600,16823256000
2022-07-14,SZC,31430,30080,30550,31350,29770.1640625,663600,20803860000
2022-07-15,SZC,32070,30870,31570,31310,29739.9375,933900,29240409000
2022-07-18,SZC,32009,31220,31720,31630,30042.173828125,497300,15729599000
2022-07-19,SZC,33040,30300,31280,32270,30646.642578125,1051700,33938359000
2022-07-20,SZC,32720,31570,32340,31570,29981.7265625,1146300,36188691000
2022-07-21,SZC,32270,31250,31370,31370,29800.38671875,571700,17934229000
2022-07-22,SZC,32590,31220,31430,31890,30283.9609375,920200,29345178000
2022-07-25,SZC,32210,31570,31720,31720,30132.845703125,457500,14511900000
2022-07-26,SZC,32070,31370,31820,31430,29860.83203125,399900,12568857000
2022-07-27,SZC,31280,30300,31250,30870,29316.810546875,1060400,32734548000
2022-07-28,SZC,32970,31370,31700,32970,31311.560546875,1741300,57410661000
2022-07-29,SZC,33920,32770,33420,32910,31251.1171875,764900,25172859000
2022-08-01,SZC,34240,32970,33040,33990,32278.712890625,791100,26889489000
2022-08-02,SZC,34050,33040,33600,33480,31795.138671875,1131600,37885968000
2022-08-03,SZC,34820,33420,33420,33740,32036.92578125,1213900,40956986000
2022-08-04,SZC,33860,32910,33790,32970,31311.560546875,1344900,44341353000
2022-08-05,SZC,33740,32910,32910,33420,31734.693359375,777900,25997418000
2022-08-08,SZC,33920,33090,33480,33350,31674.2421875,707900,23608465000
2022-08-09,SZC,34440,33150,33530,33860,32157.822265625,1345000,45541700000
2022-08-10,SZC,34750,33920,34170,34300,32580.951171875,1166000,39993800000
2022-08-11,SZC,34690,33090,34690,33290,31613.794921875,1205300,40124437000
2022-08-12,SZC,34940,33290,33290,34620,32883.1875,1589300,55021566000
2022-08-15,SZC,35190,34370,35190,34750,33004.078125,695600,24172100000
2022-08-16,SZC,34750,34240,34370,34300,32580.951171875,679300,23299990000
2022-08-17,SZC,35380,33920,34370,34300,32580.951171875,1466700,50307810000
2022-08-18,SZC,34370,33480,34370,33600,31916.03125,898100,30176160000
2022-08-19,SZC,34120,33220,33740,33600,31916.03125,624400,20979840000
2022-08-22,SZC,33600,32130,33530,33040,31372.009765625,1233000,40738320000
2022-08-23,SZC,34240,32659,32659,34240,32520.50390625,885300,30312672000
2022-08-24,SZC,35770,34170,34370,35640,33850.3359375,1679000,59839560000
2022-08-25,SZC,35950,35380,35950,35450,33669.0,857700,30405465000
2022-08-26,SZC,35770,34690,35570,35330,33548.09765625,1206400,42622112000
2022-08-29,SZC,35330,33600,34440,35330,33548.09765625,1575600,55665948000
2022-08-30,SZC,36610,35260,35780,35330,33548.1015625,1449100,51196703000
2022-08-31,SZC,35580,34670,35260,34940,33178.765625,643000,22466420000
2022-09-05,SZC,35190,34280,34990,34670,32932.5390625,841000,29157470000
2022-09-06,SZC,35130,34670,34740,34940,33178.765625,654400,22864736000
2022-09-07,SZC,34860,32740,34860,32740,31085.85546875,1693900,55458286000
2022-09-08,SZC,33390,31570,33060,31960,30347.181640625,1071100,34232356000
2022-09-09,SZC,32400,31010,32080,32400,30778.07421875,1169800,37901520000
2022-09-12,SZC,32790,32369,32670,32400,30778.07421875,491800,15934320000
2022-09-13,SZC,32790,31960,32790,32220,30593.40625,522400,16831728000
2022-09-14,SZC,32740,31430,31430,32670,31024.298828125,638800,20869596000
2022-09-15,SZC,33640,32530,32740,32920,31270.5234375,789200,25980464000
2022-09-16,SZC,32920,31920,32920,32049,30439.513671875,513100,16444341900
2022-09-19,SZC,31860,29810,31820,29810,28315.828125,854000,25457740000
2022-09-20,SZC,30470,29690,30330,30470,28931.388671875,483400,14729198000
2022-09-21,SZC,30520,30000,30000,30130,28623.609375,185300,5583089000
2022-09-22,SZC,30720,29810,29810,30520,28992.947265625,431700,13175484000
2022-09-23,SZC,31110,30390,30520,30470,28931.388671875,365400,11133738000
2022-09-26,SZC,29950,28350,29620,28350,26930.814453125,876700,24854445000
2022-09-27,SZC,28640,27550,28350,27880,26469.142578125,438700,12230956000
2022-09-28,SZC,28200,27160,27610,27420,26038.25,535600,14686152000
2022-09-29,SZC,28000,26000,28000,26000,24684.015625,568200,14773200000
2022-09-30,SZC,26510,24340,25610,26510,25176.46484375,777400,20608874000
2022-10-03,SZC,26250,24660,25800,24660,23422.115234375,477300,11770218000
2022-10-04,SZC,25140,23980,24950,23980,22775.775390625,572300,13723754000
2022-10-05,SZC,25180,24500,24630,25120,23853.009765625,473700,11899344000
2022-10-06,SZC,25270,23390,25250,23390,22221.76953125,477500,11168725000
2022-10-07,SZC,23200,21780,21970,21780,20682.865234375,1029200,22415976000
2022-10-10,SZC,22560,20410,20410,22330,21206.09375,730800,16318764000
2022-10-11,SZC,22330,20770,21940,20770,19728.748046875,673200,13982364000
2022-10-12,SZC,22200,20480,20750,21910,20805.98046875,745200,16327332000
2022-10-13,SZC,22710,22030,22030,22560,21421.541015625,647200,14600832000
2022-10-14,SZC,23170,22560,23010,22690,21544.65234375,626400,14213016000
2022-10-17,SZC,22920,22030,22170,22920,21760.099609375,486500,11150580000
2022-10-18,SZC,23590,22420,23520,22420,21298.42578125,569500,12768190000
2022-10-19,SZC,23070,22420,22490,22690,21544.65234375,744400,16890436000
2022-10-20,SZC,22690,22000,22560,22030,20929.08984375,604800,13323744000
2022-10-21,SZC,22030,20510,22030,20510,19482.521484375,928800,19049688000
2022-10-24,SZC,20410,19090,20090,19090,18128.287109375,852100,16266589000
2022-10-25,SZC,19580,17760,18150,17760,16866.384765625,801100,14227536000
2022-10-26,SZC,18270,16530,17760,16560,15727.5966796875,704500,11666520000
2022-10-27,SZC,17700,15550,16200,17700,16804.828125,930000,16461000000
2022-10-28,SZC,18450,17830,18090,17850,16958.71875,517200,9232020000
2022-10-31,SZC,18090,16850,17850,17850,16958.71875,495500,8844675000
2022-11-01,SZC,18370,17980,17980,18150,17235.720703125,703700,12772155000
2022-11-02,SZC,18630,17950,18150,18060,17143.390625,509700,9205182000
2022-11-03,SZC,18090,17500,17500,17830,16927.94140625,391400,6978662000
2022-11-04,SZC,17790,16590,17790,16750,15912.265625,879700,14734975000
2022-11-07,SZC,16790,15580,16590,15580,14804.25390625,1224400,19076152000
2022-11-08,SZC,15580,14580,14650,15490,14711.9208984375,696800,10793432000
2022-11-09,SZC,15940,15330,15360,15360,14588.8076171875,243600,3741696000
2022-11-10,SZC,15880,14910,14940,14910,14157.9140625,1313600,19585776000
2022-11-11,SZC,15750,15040,15160,15450,14681.142578125,647800,10008510000
2022-11-14,SZC,15490,14970,15300,15220,14465.6943359375,565300,8603866000
2022-11-15,SZC,15300,14190,14940,14190,13480.796875,1342600,19051494000
2022-11-16,SZC,15160,13260,13290,15160,14404.138671875,873600,13243776000
2022-11-17,SZC,15840,15260,15490,15550,14773.4755859375,607300,9443515000
2022-11-18,SZC,16590,15300,15360,16590,15758.3740234375,769100,12759369000
2022-11-21,SZC,17730,16850,16850,17270,16404.71484375,652800,11273856000
2022-11-22,SZC,18020,16530,17310,17080,16220.046875,596700,10191636000
2022-11-23,SZC,17170,16400,17170,16430,15604.4833984375,339700,5581271000
2022-11-24,SZC,16790,15880,15970,16720,15881.486328125,423400,7079248000
2022-11-25,SZC,17850,16920,17170,17830,16927.94140625,448200,7991406000
2022-11-28,SZC,18990,18150,18480,18800,17851.283203125,615400,11569520000
2022-11-29,SZC,19120,18060,18990,18800,17851.283203125,827600,15558880000
2022-11-30,SZC,19960,18480,18950,19640,18651.513671875,1038000,20386320000
2022-12-01,SZC,20090,18990,20090,19230,18251.396484375,998100,19193463000
2022-12-02,SZC,20020,18530,18870,20020,19020.849609375,840700,16830814000
2022-12-05,SZC,20670,19440,20670,19640,18651.513671875,1151000,22605640000
2022-12-06,SZC,19640,18530,19440,18530,17605.05859375,1117400,20705422000
2022-12-07,SZC,18560,17830,18340,17830,16927.94140625,652900,11641207000
2022-12-08,SZC,18700,17880,18410,18410,17481.9453125,769700,14170177000
2022-12-09,SZC,19120,18240,18530,18910,17974.396484375,575300,10878923000
2022-12-12,SZC,19840,18910,19150,18990,18035.951171875,1209800,22974102000
2022-12-13,SZC,19190,18510,18990,19190,18220.619140625,464400,8911836000
2022-12-14,SZC,20510,19380,19410,20510,19482.521484375,3197900,65588929000
2022-12-15,SZC,21740,20510,21000,21390,20313.529296875,1761400,37676346000
2022-12-16,SZC,21290,20800,20960,21030,19974.96875,2159900,45422697000
2022-12-19,SZC,21650,19580,21000,19580,18589.958984375,2916400,57103112000
2022-12-20,SZC,19310,18210,19190,18210,17297.279296875,3188100,58055301000
2022-12-21,SZC,18340,16950,18210,17240,16373.9384765625,2227000,38393480000
2022-12-22,SZC,17700,16590,17440,17270,16404.71484375,1094500,18902015000
2022-12-23,SZC,17830,17110,17310,17440,16558.60546875,975000,17004000000
2022-12-26,SZC,17440,16230,17170,16230,15419.814453125,1238200,20095986000
2022-12-27,SZC,16560,16010,16200,16170,15973.8212890625,179300,2899281000
2022-12-28,SZC,17470,16660,16850,17440,16558.60546875,924100,16116304000
2022-12-29,SZC,17500,16980,17310,17110,16250.8232421875,463300,7927063000
2022-12-30,SZC,17240,16920,17110,16980,16127.7099609375,429400,7291212000
2023-01-03,SZC,18150,16980,16980,18120,17204.943359375,1605000,29082600000
2023-01-04,SZC,19090,18020,18020,18600,17666.61328125,1418800,26389680000
2023-01-05,SZC,18870,18210,18700,18530,17605.05859375,1229600,22784488000
2023-01-06,SZC,19050,17880,18530,18090,17174.166015625,1283000,23209470000
2023-01-09,SZC,18270,17950,18270,18020,17112.609375,731200,13176224000
2023-01-10,SZC,18180,17500,17950,18180,17266.5,771400,14024052000
2023-01-11,SZC,18600,18180,18270,18310,17389.611328125,632500,11581075000
2023-01-12,SZC,18890,18450,18450,18760,17820.505859375,1080000,20260800000
2023-01-13,SZC,19120,18370,18910,18660,17728.171875,807000,15058620000
2023-01-16,SZC,18910,18410,18870,18910,17974.396484375,706900,13367479000
2023-01-17,SZC,19340,18950,19120,19230,18251.396484375,1124600,21626058000
2023-01-18,SZC,19700,18990,19310,19510,18528.400390625,1102200,21503922000
2023-01-19,SZC,19840,19410,19700,19510,18528.400390625,947700,18489627000
2023-01-27,SZC,20750,19510,19510,20750,19697.966796875,1596100,33119075000
2023-01-30,SZC,21060,20390,20640,20440,19420.96484375,1584800,32393312000
2023-01-31,SZC,20750,19800,20260,20750,19697.966796875,1351000,28033250000
2023-02-01,SZC,21000,19310,20960,19310,18343.732421875,2067600,39925356000
2023-02-02,SZC,19310,18410,19250,18870,17912.83984375,1283500,24219645000
2023-02-03,SZC,19050,18450,18870,18910,17974.396484375,787400,14889734000
2023-02-06,SZC,18840,18150,18800,18660,17728.171875,497500,9283350000
2023-02-07,SZC,19050,18150,18660,18150,17235.720703125,1011800,18364170000
2023-02-08,SZC,18480,17660,18410,18270,17358.833984375,937300,17124471000
2023-02-09,SZC,18480,18240,18480,18240,17328.056640625,482600,8802624000
2023-02-10,SZC,18530,18090,18210,18340,17420.390625,588700,10796758000
2023-02-13,SZC,18340,17270,18270,17560,16681.716796875,841900,14783764000
2023-02-14,SZC,17950,17470,17730,17470,16589.3828125,490900,8576023000
2023-02-15,SZC,18340,17500,17500,18150,17235.720703125,734100,13323915000
2023-02-16,SZC,18730,18210,18410,18700,17758.94921875,779000,14567300000
2023-02-17,SZC,19090,18630,18660,18800,17851.283203125,798700,15015560000
2023-02-20,SZC,19900,18800,18800,19900,18897.740234375,1451600,28886840000
2023-02-21,SZC,20090,19440,20000,19440,18466.845703125,1067800,20758032000
2023-02-22,SZC,19410,18090,19150,18090,17174.166015625,2230200,40344318000
2023-02-23,SZC,18270,17560,18090,18270,17358.833984375,1112000,20316240000
2023-02-24,SZC,18450,17790,18410,17830,16927.94140625,638900,11391587000
2023-02-27,SZC,17630,17200,17200,17240,16373.9384765625,922000,15895280000
2023-02-28,SZC,17590,17050,17500,17240,16373.9384765625,630300,10866372000
2023-03-01,SZC,17830,17050,17240,17830,16927.94140625,491900,8770577000
2023-03-02,SZC,17950,17560,17830,17630,16743.2734375,391300,6898619000
2023-03-03,SZC,17830,17170,17790,17170,16312.37890625,480800,8255336000
2023-03-06,SZC,17730,17200,17470,17240,16373.9384765625,348500,6008140000
2023-03-07,SZC,17530,17270,17400,17370,16497.046875,221200,3842244000
2023-03-08,SZC,17760,17240,17310,17760,16866.384765625,453800,8059488000
2023-03-09,SZC,18530,17830,17950,18370,17451.16796875,1488600,27345582000
2023-03-10,SZC,18370,18020,18150,18120,17204.943359375,799700,14490564000
2023-03-13,SZC,17920,17700,17830,17730,16835.607421875,732300,12983679000
2023-03-14,SZC,17760,17240,17560,17270,16404.71484375,898700,15520549000
2023-03-15,SZC,18060,17500,17760,18020,17112.609375,606000,10920120000
2023-03-16,SZC,17950,17500,17790,17590,16712.494140625,316700,5570753000
2023-03-17,SZC,17830,17500,17730,17560,16681.716796875,228000,4003680000
2023-03-20,SZC,17700,17240,17530,17310,16435.4921875,432600,7488306000
2023-03-21,SZC,17470,17240,17440,17470,16589.3828125,257700,4502019000
2023-03-22,SZC,17760,17590,17630,17660,16681.716796875,369100,6518306000
2023-03-23,SZC,17700,17470,17470,17630,16835.607421875,213900,3771057000
2023-03-24,SZC,18450,17830,17830,18270,17389.611328125,1142500,20873475000
2023-03-27,SZC,18840,18240,18410,18730,17789.7265625,1000600,18741238000
2023-03-28,SZC,19020,18510,18760,18530,17574.28125,1066200,19756686000
2023-03-29,SZC,18760,18510,18560,18600,17666.61328125,368900,6861540000
2023-03-30,SZC,18910,18480,18890,18480,17358.833984375,650900,12028632000
2023-03-31,SZC,19540,18310,18370,19540,18159.064453125,2652100,51822034000
2023-04-03,SZC,20160,19580,19840,19900,18990.0703125,1517900,30206210000
2023-04-04,SZC,20020,19660,19960,19770,18866.9609375,1236700,24449559000
2023-04-05,SZC,20620,19800,19900,20160,19390.185546875,1222900,24653664000
2023-04-06,SZC,20390,19440,20360,19440,18528.400390625,1539800,29933712000
2023-04-07,SZC,20280,19380,19700,20280,19267.07421875,1091800,22141704000
2023-04-10,SZC,21060,20510,20750,20700,19697.966796875,2147500,44453250000
2023-04-11,SZC,20800,20230,20800,20750,19944.19140625,1013400,21028050000
2023-04-12,SZC,22000,20800,21140,21550,20621.310546875,2077600,44772280000
2023-04-13,SZC,21910,21260,21910,21390,20221.1953125,1071800,22925802000
2023-04-14,SZC,21350,20230,21320,20480,18897.740234375,1555600,31858688000
2023-04-17,SZC,20390,19840,20090,20360,19328.630859375,733200,14927952000
2023-04-18,SZC,20830,20230,20440,20750,19759.5234375,734800,15247100000
2023-04-19,SZC,20900,20090,20870,20120,19051.630859375,1141300,22962956000
2023-04-20,SZC,20620,19900,19900,20550,19420.96484375,821600,16883880000
2023-04-21,SZC,21030,19770,20440,20020,19051.630859375,1322600,26478452000
2023-04-24,SZC,20550,20020,20050,20390,19390.185546875,717800,14635942000
2023-04-25,SZC,21030,20090,20620,20390,19420.96484375,1601500,32654585000
2023-04-26,SZC,20800,20090,20480,20800,20128.859375,722600,15030080000
2023-04-27,SZC,21710,20870,21390,20960,19851.857421875,1437200,30123712000
2023-04-28,SZC,21520,20800,20940,21160,20036.529296875,1104000,23360640000
2023-05-04,SZC,21670,21060,21060,21390,20375.0859375,1000900,21409251000
2023-05-05,SZC,21580,20830,21320,21060,19974.96875,1033000,21754980000
2023-05-08,SZC,21810,21190,21350,21710,20898.3125,1425300,30943263000
2023-05-09,SZC,22980,22230,22230,22490,21298.42578125,1824700,41037503000
2023-05-10,SZC,22620,22140,22450,22390,21236.87109375,770300,17247017000
2023-05-11,SZC,22810,22300,22420,22590,21236.87109375,963800,21772242000
2023-05-12,SZC,22780,22100,22420,22450,21329.20703125,1030000,23123500000
2023-05-15,SZC,22810,21880,22810,22000,20929.08984375,1018600,22409200000
2023-05-16,SZC,22300,21710,22030,21840,20682.865234375,1014600,22158864000
2023-05-17,SZC,22060,21220,21910,21220,20098.08203125,1239600,26304312000
2023-05-18,SZC,21350,20940,21350,21220,20098.08203125,770900,16358498000
2023-05-19,SZC,21620,21140,21390,21260,20375.0859375,718500,15275310000
2023-05-22,SZC,21940,21580,21580,21840,20775.201171875,537400,11736816000
2023-05-23,SZC,22170,21550,21940,21550,20467.419921875,730400,15740120000
2023-05-24,SZC,21910,21490,21650,21650,20467.419921875,689400,14925510000
2023-05-25,SZC,22450,21650,21650,22270,21144.537109375,1671600,37226532000
2023-05-26,SZC,22420,22170,22390,22230,21113.759765625,613200,13631436000
2023-05-29,SZC,23340,22490,22650,23340,22160.212890625,1962900,45814086000
2023-05-30,SZC,23340,22950,23310,23340,22160.212890625,956400,22322376000
2023-05-31,SZC,23660,23010,23340,23340,22160.212890625,1121800,26182812000
2023-06-01,SZC,23520,23010,23270,23460,22283.326171875,1073900,25193694000
2023-06-02,SZC,23850,23370,23850,23420,22252.548828125,1203300,28181286000
2023-06-05,SZC,23660,22950,23660,22950,21790.87890625,1161500,26656425000
2023-06-06,SZC,23340,22490,22780,23270,22098.66015625,1431700,33315659000
2023-06-07,SZC,23920,23340,23660,23420,22252.548828125,707700,16574334000
2023-06-08,SZC,24500,23420,23490,23420,22252.548828125,2436400,57060488000
2023-06-09,SZC,23660,22950,23460,23590,22406.439453125,1015500,23955645000
2023-06-12,SZC,23810,23010,23660,23730,22529.55078125,1200100,28478373000
2023-06-13,SZC,24050,23460,23980,23590,22406.439453125,682300,16095457000
2023-06-14,SZC,23590,23070,23590,23070,21913.990234375,882000,20347740000
2023-06-15,SZC,23040,22590,22920,22620,21483.095703125,1634900,36981438000
2023-06-16,SZC,23170,22620,22980,22620,21483.095703125,1045200,23642424000
2023-06-19,SZC,22780,22420,22620,22450,21329.20703125,728900,16363805000
2023-06-20,SZC,23040,22530,22530,23040,21883.208984375,569400,13118976000
2023-06-21,SZC,23460,23070,23170,23370,22190.9921875,998600,23337282000
2023-06-22,SZC,24170,23490,23660,24130,22190.9921875,2638100,63657353000
2023-06-23,SZC,24470,23750,24370,23850,22652.662109375,973100,23208435000
2023-06-26,SZC,24440,23370,23810,24240,23022.0,1673500,40565640000
2023-06-27,SZC,24880,24130,24310,24270,23052.779296875,917500,22267725000
2023-06-28,SZC,24370,23880,24270,23980,22775.775390625,772700,18529346000
2023-06-29,SZC,23980,23340,23920,23340,22160.212890625,1408300,32869722000
2023-06-30,SZC,23620,23340,23390,23420,22252.548828125,595500,13946610000
2023-07-03,SZC,24110,23700,23850,23880,22683.44140625,739000,17647320000
2023-07-04,SZC,24170,23700,24050,23850,22652.662109375,858800,20482380000
2023-07-05,SZC,24440,23850,24050,24050,22837.330078125,1717900,41315495000
2023-07-06,SZC,24810,24140,24810,24530,23305.15625,1183100,29021443000
2023-07-07,SZC,25440,24260,24460,25200,23933.03125,1274100,32107320000
2023-07-10,SZC,25630,24960,25590,25050,23785.296875,1121200,28086060000
2023-07-11,SZC,25470,24920,25240,24960,23711.427734375,1302500,32510400000
2023-07-12,SZC,25200,24570,25050,24880,23637.564453125,775600,19296928000
2023-07-13,SZC,25510,24920,25090,25200,23933.03125,955400,24076080000
2023-07-14,SZC,25440,24740,25350,25090,23822.23046875,862100,21630089000
2023-07-17,SZC,25660,25050,25200,25200,23933.03125,995000,25074000000
2023-07-18,SZC,25980,25120,25310,25660,24376.236328125,1341800,34430588000
2023-07-19,SZC,27460,26600,26600,27460,26075.18359375,1679800,46127308000
2023-07-20,SZC,28200,27530,27530,28120,26703.05859375,1854100,52137292000
2023-07-21,SZC,28430,27610,28390,28430,26998.529296875,1148400,32649012000
2023-07-24,SZC,29000,28260,28300,28430,26998.529296875,952200,27071046000
2023-07-25,SZC,28430,27610,28430,27910,26518.390625,1416100,39523351000
2023-07-26,SZC,29000,27850,27910,28590,27146.263671875,929900,26585841000
2023-07-27,SZC,28780,28000,28590,28780,27330.9296875,771100,22192258000
2023-07-28,SZC,29040,28240,28780,28780,27330.9296875,1004400,28906632000
2023-07-31,SZC,29000,28300,28860,28300,26887.7265625,714800,20228840000
2023-08-01,SZC,29280,28260,28340,28470,27035.4609375,1576600,44885802000
2023-08-02,SZC,29170,28470,28470,28930,27478.6640625,983300,28446869000
2023-08-03,SZC,29170,28260,28930,28780,27330.9296875,1233900,35511642000
2023-08-04,SZC,29000,28390,28820,29000,27552.533203125,664700,19276300000
2023-08-07,SZC,30450,29170,29170,30170,28660.541015625,1347900,40666143000
2023-08-08,SZC,30410,29560,30170,29670,28180.40625,842300,24991041000
2023-08-09,SZC,29710,28780,29480,29130,27663.33203125,923800,26910294000
2023-08-10,SZC,29360,28820,29210,28860,27404.798828125,818400,23619024000
2023-08-11,SZC,29000,28300,28860,28930,27478.6640625,964000,27888520000
2023-08-14,SZC,29780,28930,29170,29780,28291.20703125,820700,24440446000
2023-08-15,SZC,30170,29390,30170,29430,27958.802734375,679700,20003571000
2023-08-16,SZC,29320,29080,29170,29080,27626.3984375,749100,21783828000
2023-08-17,SZC,29170,28510,29170,28510,27072.39453125,976200,27831462000
2023-08-18,SZC,28300,26520,28260,26520,25188.77734375,2574500,68275740000
2023-08-21,SZC,26480,25470,26330,26170,24856.373046875,1101800,28834106000
2023-08-22,SZC,27140,25590,26170,27140,25779.71484375,1064300,28885102000
2023-08-23,SZC,27460,26910,27140,26990,25631.98046875,339800,9171202000
2023-08-24,SZC,27460,26760,26830,27380,26001.318359375,721200,19746456000
2023-08-25,SZC,27810,27180,27300,27460,26075.18359375,576100,15819706000
2023-08-28,SZC,27910,27460,27690,27610,26222.919921875,554000,15295940000
2023-08-29,SZC,28470,27810,27910,28160,26739.990234375,794800,22381568000
2023-08-30,SZC,28510,28160,28200,28470,27035.4609375,755700,21514779000
2023-08-31,SZC,29320,28510,28780,29210,27737.19921875,1478500,43186985000
2023-09-05,SZC,29600,28970,29600,29250,27774.134765625,845600,24733800000
2023-09-06,SZC,29950,28650,29040,29950,28438.943359375,2030800,60822460000
2023-09-07,SZC,30170,29750,30170,29950,28438.943359375,1484100,44448795000
2023-09-08,SZC,31770,29600,29780,31070,29510.017578125,2206500,68555955000
2023-09-11,SZC,31730,29950,31730,29950,28438.943359375,1859300,55686035000
2023-09-12,SZC,30760,29560,29950,30760,29214.548828125,1166900,35893844000
2023-09-13,SZC,31380,30330,30960,30560,29029.87890625,1546900,47273264000
2023-09-14,SZC,30560,29670,30330,29670,28180.40625,1322100,39226707000
2023-09-15,SZC,30370,29520,29710,30370,28845.212890625,1553700,47185869000
2023-09-18,SZC,31110,30130,30450,30330,28808.27734375,1532800,46489824000
2023-09-19,SZC,30520,29210,30490,30060,28549.7421875,1228000,36913680000
2023-09-20,SZC,31300,29750,30060,31260,29694.6875,2258100,70588206000
2023-09-21,SZC,32280,31110,31500,31540,29953.22265625,1895400,59780916000
2023-09-22,SZC,31500,29710,30870,30060,28549.7421875,1976300,59407578000
2023-09-25,SZC,30650,27950,30490,27950,26555.322265625,2508500,70112575000
2023-09-26,SZC,28780,26440,27650,26440,25114.908203125,2264000,59860160000
2023-09-27,SZC,27850,26210,26760,27850,26444.521484375,1178900,32832365000
2023-09-28,SZC,28000,27210,27610,27560,26185.986328125,769900,21218444000
2023-09-29,SZC,28300,27500,28080,27500,26112.119140625,977200,26873000000
2023-10-02,SZC,28550,27610,28000,28120,26703.05859375,806900,22690028000
2023-10-03,SZC,28080,26210,27910,26480,25151.841796875,2079900,55075752000
2023-10-04,SZC,27530,26050,26050,27070,25705.849609375,926900,25091183000
2023-10-05,SZC,28690,27300,27610,27690,26296.78515625,1963100,54358239000
2023-10-06,SZC,28430,27500,28000,28340,26924.658203125,1120400,31752136000
2023-10-09,SZC,29000,28340,28340,28860,27404.798828125,1309000,37777740000
2023-10-10,SZC,29780,29210,29630,29210,27737.19921875,1632300,47679483000
2023-10-11,SZC,30330,29280,29280,30330,28808.27734375,2022400,61339392000
2023-10-12,SZC,30870,29710,30870,30260,28734.41015625,1436700,43474542000
2023-10-13,SZC,31070,29710,29820,31070,29510.017578125,2055600,63867492000
2023-10-16,SZC,31540,30330,31260,30330,28808.27734375,1930100,58539933000
2023-10-17,SZC,30960,28240,30960,28240,26813.859375,2027100,57245304000
2023-10-18,SZC,29560,28200,28620,29480,27995.73828125,2935800,86547384000
2023-10-19,SZC,29480,28390,29480,28470,27035.4609375,1282000,36498540000
2023-10-20,SZC,29710,27380,28470,29710,28217.337890625,1330900,39541039000
2023-10-23,SZC,29630,28470,29630,29080,27626.3984375,1320700,38405956000
2023-10-24,SZC,30220,28390,29170,30170,28660.541015625,1451500,43791755000
2023-10-25,SZC,30560,29480,30300,29560,28069.603515625,1042700,30822212000
2023-10-26,SZC,29250,27500,28900,28000,26592.255859375,2453500,68698000000
2023-10-27,SZC,29040,27690,28620,28590,27146.263671875,1009200,28853028000
2023-10-30,SZC,28550,26600,28470,26600,25262.64453125,816700,21724220000
2023-10-31,SZC,26600,24770,26600,24770,23526.76171875,2019400,50020538000
2023-11-01,SZC,25630,23730,24880,25510,24228.5,891700,22747267000
2023-11-02,SZC,27110,25820,26140,26910,25558.11328125,924200,24870222000
2023-11-03,SZC,27030,26290,26990,26640,25299.578125,788200,20997648000
2023-11-06,SZC,27110,26640,27110,26830,25484.244140625,612700,16438741000
2023-11-07,SZC,27560,26370,26680,27140,25779.71484375,697200,18922008000
2023-11-08,SZC,29000,27380,27610,29000,27552.533203125,1462800,42421200000
2023-11-09,SZC,29870,28780,29040,29560,28069.603515625,1462300,43225588000
2023-11-10,SZC,29950,29170,29480,29250,27774.134765625,1345600,39358800000
2023-11-13,SZC,29630,28820,29560,29170,27700.267578125,816900,23828973000
2023-11-14,SZC,30020,29000,29560,29560,28069.603515625,1090300,32229268000
2023-11-15,SZC,30330,29430,30330,29560,28069.603515625,1226100,36243516000
2023-11-16,SZC,30020,29210,29390,30020,28512.806640625,768400,23067368000
2023-11-17,SZC,31300,30130,30170,30650,29103.74609375,3620100,110956065000
2023-11-20,SZC,32770,30220,30260,32770,31135.099609375,3349600,109766392000
2023-11-21,SZC,33440,32820,33410,33060,31393.634765625,1491800,49318908000
2023-11-22,SZC,34220,32940,33060,33790,32095.37890625,2093700,70746123000
2023-11-23,SZC,34180,31460,33830,31460,29879.353515625,2414000,75944440000
2023-11-24,SZC,33640,31300,31770,33640,31947.642578125,4285300,144157492000
2023-11-27,SZC,34920,33680,34220,33680,31984.576171875,1532500,51614600000
2023-11-28,SZC,33830,32470,33440,33680,31984.576171875,1790200,60293936000
2023-11-29,SZC,34030,33090,33760,33330,31652.169921875,1680100,55997733000
2023-11-30,SZC,34840,33290,33330,33510,31836.837890625,2230100,74730651000
2023-12-01,SZC,34030,33170,33910,33760,32058.44140625,1160200,39168352000
2023-12-04,SZC,35380,34070,34380,34960,33203.38671875,1925000,67298000000
2023-12-05,SZC,34960,34250,34840,34570,32834.0546875,1624900,56172793000
2023-12-06,SZC,34730,33990,34610,34340,32612.44921875,1951400,67011076000
2023-12-07,SZC,34840,32710,34380,33600,31910.708984375,2633600,88488960000
2023-12-08,SZC,33950,33250,33680,33440,31762.97265625,1033300,34553552000
2023-12-11,SZC,33990,33370,33440,33790,32095.37890625,1114800,37669092000
2023-12-12,SZC,34490,33830,34110,33830,32132.3125,1088600,36827338000
2023-12-13,SZC,34070,32740,33860,32900,31245.90234375,1374000,45204600000
2023-12-14,SZC,33370,32509,33290,32630,30987.3671875,1118900,36509707000
2023-12-15,SZC,32980,32280,32280,32590,30950.431640625,971900,31674221000
2023-12-18,SZC,33440,32430,32630,32900,31245.90234375,968900,31876810000
2023-12-19,SZC,33370,32670,32900,33370,31689.10546875,887500,29615875000
2023-12-20,SZC,33600,33210,33600,33370,31689.10546875,714700,23849539000
2023-12-21,SZC,33290,32900,33120,33210,31541.369140625,745800,24768018000
2023-12-22,SZC,34490,33440,33440,33990,32280.041015625,2120400,72072396000
2023-12-25,SZC,34380,33990,34220,34220,32501.646484375,929800,31817756000
2023-12-26,SZC,35660,34110,34110,35080,33314.1875,2885800,101233864000
2023-12-27,SZC,35540,34690,35350,34690,32944.85546875,1332600,46227894000
2023-12-28,SZC,35080,33910,34690,34250,32538.580078125,1535800,52601150000
2023-12-29,SZC,35160,34070,34300,34690,32944.85546875,1795000,62268550000
2024-01-02,SZC,34990,33440,34990,33440,31762.97265625,2704500,90438480000
2024-01-03,SZC,33760,33170,33480,33250,31578.3046875,3367800,111979350000
2024-01-04,SZC,33910,33370,33440,33600,31910.708984375,3476900,116823840000
2024-01-05,SZC,35340,34670,35050,34670,32930.4140625,1793700,62187579000
2024-01-08,SZC,34960,34580,34770,34580,32840.4375,928000,32090240000
2024-01-09,SZC,35050,34580,34580,34620,32885.42578125,854400,29579328000
2024-01-10,SZC,34720,33630,34670,33730,32030.671875,2052300,69224079000
2024-01-11,SZC,33910,33530,33730,33680,31985.685546875,729700,24576296000
2024-01-12,SZC,34110,33110,33490,33250,31580.8046875,996500,33133625000
2024-01-15,SZC,33490,32870,33300,32870,31220.91015625,511200,16803144000
2024-01-16,SZC,34010,32439,32970,34010,32300.59375,912200,31023922000
2024-01-17,SZC,34340,33780,34110,34060,32345.580078125,1009000,34366540000
2024-01-18,SZC,34530,34060,34240,34440,32705.474609375,1127100,38817324000
2024-01-19,SZC,36380,34580,34770,35380,33605.21484375,3514600,124346548000
2024-01-22,SZC,35760,34620,35520,34860,33110.359375,1135800,39593988000
2024-01-23,SZC,35430,34670,34910,34720,32975.3984375,1058100,36737232000
2024-01-24,SZC,34820,34480,34770,34580,32840.4375,1062700,36748166000
2024-01-25,SZC,35000,34440,34580,34580,32840.4375,554400,19171152000
2024-01-26,SZC,36480,34670,34820,36480,34639.9140625,3791400,138310272000
2024-01-29,SZC,37700,36480,36480,36480,34639.9140625,1804900,65842752000
2024-01-30,SZC,37600,36190,36560,37600,35719.6015625,2390000,89864000000
2024-01-31,SZC,37800,36940,37800,36940,35089.78125,2153100,79535514000
2024-02-01,SZC,39500,36660,36660,39500,37519.078125,3486900,137732550000
2024-02-02,SZC,39980,39320,39790,39600,37519.078125,1323400,52406640000
2024-02-05,SZC,40310,39120,39690,39600,37609.046875,1109900,43952040000
2024-02-06,SZC,41110,39740,39980,40310,38283.85546875,1019400,41092014000
2024-02-07,SZC,40450,39880,40310,40120,38103.90625,1256000,50390720000
2024-02-15,SZC,40360,37320,40360,39220,37249.15234375,3616400,141835208000
2024-02-16,SZC,41870,38980,39220,39740,37744.0078125,2078000,82579720000
2024-02-19,SZC,40170,39120,39790,39550,37564.0625,1477800,58446990000
2024-02-20,SZC,39600,39030,39600,39220,37249.15234375,1381200,54170664000
2024-02-21,SZC,40070,39120,39120,39790,37788.99609375,1380200,54918158000
2024-02-22,SZC,40690,39690,39840,40220,38193.87890625,2100300,84474066000
2024-02-23,SZC,40550,38940,40450,39030,37069.20703125,2185200,85288356000
2024-02-26,SZC,39650,38840,38940,39650,37654.03515625,1559300,61826245000
2024-02-27,SZC,41730,39600,39880,41590,39498.5,3553400,147785906000
2024-02-28,SZC,41590,40600,41590,40880,38823.6953125,1763900,72108232000
2024-02-29,SZC,41260,39930,40980,40880,38823.6953125,2092600,85545488000
2024-03-01,SZC,42200,40170,40880,41260,39183.58984375,2610000,107688600000
2024-03-04,SZC,41770,41210,41310,41400,39318.55078125,1812700,75045780000
2024-03-05,SZC,41690,40830,41440,41400,39318.55078125,1622400,67167360000
2024-03-06,SZC,41540,40450,41540,40640,38598.7578125,1472200,59830208000
2024-03-07,SZC,41020,40260,40550,40500,38463.796875,1304100,52816050000
2024-03-08,SZC,42300,40450,40690,40830,38778.70703125,3315000,135351450000
2024-03-11,SZC,42070,40500,41310,40930,38868.68359375,1591800,65152374000
2024-03-12,SZC,43110,40830,41310,42530,40398.234375,3833100,163021743000
2024-03-13,SZC,43580,42730,43580,42910,40758.1328125,1434800,61567268000
2024-03-14,SZC,44050,42100,43010,42630,40488.20703125,2242700,95606301000
2024-03-15,SZC,42630,41730,42450,42630,40488.20703125,2592000,110496960000
2024-03-18,SZC,42580,39650,42580,39980,37968.94140625,3894200,155690116000
2024-03-19,SZC,40450,39650,40260,40220,38193.87890625,1408600,56653892000
2024-03-20,SZC,41210,39840,40170,40880,38823.6953125,1098300,44898504000
2024-03-21,SZC,41310,40780,41310,41210,39138.60546875,1366700,56321707000
2024-03-22,SZC,41590,40880,41060,41020,38958.65625,1753500,71928570000
2024-03-25,SZC,41160,39980,41020,40310,38283.85546875,2000400,80636124000
2024-03-26,SZC,41160,40310,40310,41060,39003.64453125,867500,35619550000
2024-03-27,SZC,41310,40780,41310,40980,38913.66796875,848200,34759236000
2024-03-28,SZC,41210,40640,41210,40780,38733.72265625,1114200,45437076000
2024-03-29,SZC,42580,40830,41020,41690,39588.47265625,2945800,122810402000
2024-04-01,SZC,42020,41310,41690,41440,39363.5390625,1057400,43818656000
2024-04-02,SZC,41970,40830,41310,41970,39858.39453125,1358000,56995260000
2024-04-03,SZC,42580,41440,41770,41920,39813.40625,4380800,183643136000
2024-04-04,SZC,41920,40980,41590,41060,39003.64453125,1319700,54186882000
2024-04-05,SZC,40880,38980,40880,38980,37024.21875,2617900,102045742000
2024-04-08,SZC,39320,37980,38980,37980,36079.49609375,2039100,77445018000
2024-04-09,SZC,39220,37900,37900,39030,37069.20703125,1291700,50415051000
2024-04-10,SZC,39170,38610,39030,38740,36799.28515625,642500,24890450000
2024-04-11,SZC,38740,37800,38180,38360,36439.390625,1082100,41509356000
2024-04-12,SZC,39220,38610,38610,39030,37069.20703125,795900,31063977000
2024-04-15,SZC,39740,36330,38980,36330,34504.953125,2041600,74171328000
2024-04-16,SZC,36520,35430,36100,36480,34639.9140625,1954400,71296512000
2024-04-17,SZC,37980,36190,36560,37140,35269.7265625,2430400,90265056000
2024-04-19,SZC,37800,36330,37040,37190,35314.71484375,1780000,66198200000
2024-04-22,SZC,37900,36940,37900,37420,35539.65234375,967100,36188882000
2024-04-23,SZC,38510,37090,37140,37420,35539.65234375,2168100,81130302000
2024-04-24,SZC,39850,38000,38150,38730,36785.84765625,1385800,53672034000
2024-04-25,SZC,39660,38390,38680,38880,36924.3125,1335800,51935904000
2024-04-26,SZC,39220,38340,38390,39070,37108.93359375,1248700,48786709000
2024-05-02,SZC,40340,38780,39120,39850,37847.421875,1491500,59436275000
2024-05-03,SZC,40140,39270,40140,39750,37755.109375,1293100,51400725000
2024-05-06,SZC,40920,39750,39950,40480,38447.44140625,2148300,86963184000
2024-05-07,SZC,40920,40140,40480,40920,38862.83984375,1333200,54554544000
2024-05-08,SZC,41160,39850,40340,40820,38770.53125,1810900,73920938000
2024-05-09,SZC,41600,40480,40820,40680,38632.0625,1808800,73581984000
2024-05-10,SZC,40770,40040,40720,40580,38539.75390625,1248400,50660072000
2024-05-13,SZC,41060,40040,40630,40530,38493.59765625,1277200,51764916000
2024-05-14,SZC,42430,40530,40820,41790,39693.63671875,3501400,146323506000
2024-05-15,SZC,41990,41550,41890,41840,39739.79296875,1255700,52538488000
2024-05-16,SZC,42570,41500,42570,41600,39509.015625,2033700,84601920000
2024-05-17,SZC,42570,41260,41600,42040,39924.4140625,1984600,83432584000
2024-05-20,SZC,43200,42040,42090,42470,40339.8125,2422700,102892069000
2024-05-21,SZC,42430,41650,42380,42280,40155.19140625,1531400,64747592000
2024-05-22,SZC,42770,41060,42770,41160,39093.6171875,2260100,93025716000
2024-05-23,SZC,41750,40720,41110,41700,39601.328125,1844000,76894800000
2024-05-24,SZC,42180,40340,41310,41110,39047.4609375,2383000,97965130000
2024-05-27,SZC,41650,40870,41210,41260,39185.9296875,749300,30916118000
2024-05-28,SZC,44130,41260,41600,44130,41909.09765625,4937900,217909527000
2024-05-29,SZC,44520,43060,44220,43350,41170.609375,2057400,89188290000
2024-05-30,SZC,43010,41410,42670,42280,40155.19140625,5529900,233804172000
2024-05-31,SZC,42380,41310,42280,41310,39232.08203125,2859000,118105290000
2024-06-03,SZC,41940,41450,41600,41600,39232.08203125,2092900,87064640000
2024-06-04,SZC,42280,41500,41790,41600,39509.015625,2093600,87093760000
2024-06-05,SZC,42570,41600,42090,41600,39509.015625,2808600,116837760000
2024-06-06,SZC,41750,40820,41650,41060,39001.30859375,2100200,86234212000
2024-06-07,SZC,41500,40770,41310,40970,38908.99609375,1816200,74409714000
2024-06-10,SZC,41650,40970,41020,41260,39185.9296875,1365300,56332278000
2024-06-11,SZC,41650,41210,41260,41500,39416.70703125,1832300,76040450000
2024-06-12,SZC,42090,41650,41650,41790,39693.63671875,1824600,76250034000
2024-06-13,SZC,42090,41790,42090,41940,39832.10546875,1422700,59668038000
2024-06-14,SZC,42520,40820,42090,40820,38770.53125,2902600,118484132000
2024-06-17,SZC,41210,40630,40970,40630,38585.90625,1728100,70212703000
2024-06-18,SZC,41020,40630,40820,40680,38632.0625,834100,33931188000
2024-06-19,SZC,40920,40630,40770,40630,38585.90625,1403000,57003890000
2024-06-20,SZC,41260,40340,40770,41060,39001.30859375,1487800,61089068000
2024-06-21,SZC,42040,41020,41260,41700,39601.328125,1982500,82670250000
2024-06-24,SZC,42090,38880,41600,38880,36924.3125,2952700,114800976000
2024-06-25,SZC,39460,37950,39020,38730,36785.84765625,1559100,60383943000
2024-06-26,SZC,38830,37950,38830,38680,36739.69140625,1202700,46520436000
2024-06-27,SZC,39560,38540,38680,39270,37293.55859375,986300,38732001000
2024-06-28,SZC,39360,37270,39270,37660,35770.4296875,1390500,52366230000
2024-07-01,SZC,38150,37520,37520,37910,36001.20703125,578300,21923353000
2024-07-02,SZC,39360,38100,38200,39360,37385.8671875,1326500,52211040000
2024-07-03,SZC,39360,38830,38880,39020,37062.78125,733700,28628974000
2024-07-04,SZC,39120,38490,39020,38730,36785.84765625,808800,31324824000
2024-07-05,SZC,38830,38200,38730,38290,36370.44921875,1134400,43436176000
2024-07-08,SZC,39750,38390,38390,39750,37755.109375,1620200,64402950000
2024-07-09,SZC,40090,39460,39700,39750,37755.109375,875400,34797150000
2024-07-10,SZC,39850,39220,39750,39220,37247.40234375,1039300,40761346000
2024-07-11,SZC,39750,39220,39560,39220,37247.40234375,780600,30615132000
2024-07-12,SZC,39510,38680,39410,38930,36970.46875,582600,22680618000
2024-07-15,SZC,39270,38490,38930,38630,36693.53515625,712800,27535464000
2024-07-16,SZC,39560,38630,38830,38630,36693.53515625,842800,32557364000
2024-07-17,SZC,39070,36450,39070,37570,35678.1171875,1304500,49010065000
2024-07-18,SZC,38100,37370,37710,38100,36185.828125,932600,35532060000
2024-07-19,SZC,38340,37230,38100,37570,35678.1171875,748900,28136173000
2024-07-22,SZC,37710,36160,37570,36350,34524.23046875,1330200,48352770000
2024-07-23,SZC,36930,35570,36930,35570,33785.74609375,1119200,39809944000
2024-07-24,SZC,37130,34940,35570,36640,34801.1640625,1477100,54120944000
2024-07-25,SZC,36590,36110,36450,36590,34755.0078125,757000,27698630000
2024-07-26,SZC,37420,36890,36930,37420,35539.65234375,1004500,37588390000
2024-07-29,SZC,37910,37520,37910,37710,35816.58203125,622900,23489559000
2024-07-30,SZC,38100,37030,37710,37230,35355.03125,762300,28380429000
2024-07-31,SZC,37420,36890,37130,37370,35493.49609375,563400,21054258000
2024-08-01,SZC,37370,35480,37370,35570,33785.74609375,1509500,53692915000
2024-08-02,SZC,35720,33580,34120,35720,33924.2109375,2281000,81477320000
2024-08-05,SZC,34990,33240,34700,33240,31570.2890625,1587900,52781796000
2024-08-06,SZC,34650,33090,34020,33970,32262.619140625,1080800,36714776000
2024-08-07,SZC,34460,33580,33920,34310,32585.708984375,680300,23341093000
2024-08-08,SZC,34360,33680,33730,34210,32493.396484375,1302900,44572209000
2024-08-09,SZC,34750,34310,34310,34650,32908.79296875,941600,32626440000
2024-08-12,SZC,34990,34410,34410,34940,33185.7265625,803400,28070796000
2024-08-13,SZC,35430,34650,34940,34990,33231.8828125,950100,33243999000
2024-08-14,SZC,35480,34650,34840,34700,32954.94921875,856800,29730960000
2024-08-15,SZC,34700,34210,34700,34700,32954.94921875,789600,27399120000
2024-08-16,SZC,36840,34750,34940,36740,34893.4765625,2064400,75846056000
2024-08-19,SZC,37230,36740,36930,36890,35031.94140625,761000,28073290000
2024-08-20,SZC,37370,36210,36890,37370,35493.49609375,1752300,65483451000
2024-08-21,SZC,37370,36930,37370,37130,35262.71875,941000,34939330000
2024-08-22,SZC,37420,36640,37180,36930,35078.09765625,1009100,37266063000
2024-08-23,SZC,36930,36450,36890,36930,35078.09765625,1001000,36966930000
2024-08-26,SZC,37370,36550,36980,36550,34708.85546875,1000800,36579240000
2024-08-27,SZC,36550,35960,36550,36250,34431.921875,925000,33531250000
2024-08-28,SZC,36450,35770,36250,36160,34339.609375,1158700,41898592000
2024-08-29,SZC,36350,35910,36250,35960,34154.98828125,671300,24139948000
2024-08-30,SZC,36210,35910,36110,36060,34247.30078125,811800,29273508000
2024-09-04,SZC,35910,35570,35860,35910,34108.83203125,602300,21628593000
2024-09-05,SZC,36350,35570,35860,35770,33970.3671875,714200,25546934000
2024-09-06,SZC,36160,35140,35620,35280,33508.8125,801500,28276920000
2024-09-09,SZC,35330,34600,35330,34940,33185.7265625,1157000,40425580000
2024-09-10,SZC,35090,34410,35040,34550,32816.48046875,910400,31454320000
2024-09-11,SZC,34550,34020,34260,34260,32539.552734375,689000,23605140000
2024-09-12,SZC,34800,34410,34500,34410,32678.017578125,637800,21946698000
2024-09-13,SZC,34750,34360,34410,34550,32816.48046875,549800,18995590000
2024-09-16,SZC,34840,34410,34700,34460,32724.173828125,532000,18332720000
2024-09-17,SZC,35090,34070,34160,35090,33324.19140625,730200,25622718000
2024-09-18,SZC,35430,35040,35040,35230,33462.65625,653200,23012236000
2024-09-19,SZC,36060,35140,35280,35960,34154.98828125,1328400,47769264000
2024-09-20,SZC,36250,35720,36110,35770,33970.3671875,872300,31202171000
2024-09-23,SZC,35960,35380,35960,35480,33693.43359375,628300,22292084000
2024-09-24,SZC,36890,35430,35670,36640,34801.1640625,2505200,91790528000
2024-09-25,SZC,36930,36590,36930,36690,34847.3203125,723100,26530539000
2024-09-26,SZC,36790,36250,36790,36350,34524.23046875,1416000,51471600000
2024-09-27,SZC,36790,36160,36450,36250,34431.921875,1160100,42053625000
2024-09-30,SZC,36930,36250,36350,36590,34755.0078125,1040800,38082872000
2024-10-01,SZC,37130,36550,36640,36590,34755.0078125,1104200,40402678000
2024-10-02,SZC,36550,36110,36250,36110,34293.45703125,853500,30819885000
2024-10-03,SZC,36500,35090,36160,35090,33324.19140625,1685600,59147704000
2024-10-04,SZC,35380,35090,35230,35090,33324.19140625,545700,19148613000
2024-10-07,SZC,35770,35090,35570,35180,33416.50390625,451400,15880252000
2024-10-08,SZC,35570,35140,35180,35280,33508.8125,713200,25161696000
2024-10-09,SZC,36500,35620,35620,36500,34662.69921875,2053100,74938150000
2024-10-10,SZC,36790,36210,36690,36250,34431.921875,837500,30359375000
2024-10-11,SZC,37030,36250,36250,36790,34939.6328125,1876900,69051151000
2024-10-14,SZC,37180,36640,37030,36890,35031.94140625,1341500,49487935000
2024-10-15,SZC,37370,36160,36930,36210,34385.765625,1608700,58251027000
2024-10-16,SZC,36740,36060,36160,36690,34847.3203125,932800,34224432000
2024-10-17,SZC,36690,35910,36690,36590,34755.0078125,1316800,48181712000
2024-10-18,SZC,38290,36590,36590,37910,36001.20703125,3749500,142143545000
2024-10-21,SZC,37910,37520,37910,37710,35816.58203125,895200,33757992000
2024-10-22,SZC,38250,36740,37610,37320,35447.33984375,2396900,89452308000
2024-10-23,SZC,37810,36930,37420,37810,35908.89453125,848700,32089347000
2024-10-24,SZC,37910,36930,37810,36930,35078.09765625,1330700,49142751000
2024-10-25,SZC,37610,36930,37030,37270,35401.18359375,1047000,39021690000
2024-10-28,SZC,37710,37270,37270,37610,35724.2734375,782400,29426064000
2024-10-29,SZC,38590,37610,37860,37710,35816.58203125,2547800,96077538000
2024-10-30,SZC,38100,37520,37810,38100,36185.828125,1192900,45449490000
2024-10-31,SZC,38100,37710,38100,37860,35955.05078125,885000,33506100000
2024-11-01,SZC,37710,36930,37570,37180,35308.875,1873400,69653012000
2024-11-04,SZC,37570,36640,37080,37230,35355.03125,788900,29370747000
2024-11-05,SZC,37860,37230,37230,37520,35631.9609375,1067100,40037592000
2024-11-06,SZC,40140,37860,38100,40140,38124.35546875,9167400,367979436000
2024-11-07,SZC,40770,40040,40530,40290,38262.8203125,2032600,81893454000
2024-11-08,SZC,41410,39900,40580,41410,39324.39453125,4432100,183533261000
2024-11-11,SZC,41700,40720,41600,41450,39370.55078125,3340100,138447145000
2024-11-12,SZC,41550,40580,41550,40630,38585.90625,2629900,106852837000
2024-11-13,SZC,41310,40190,40340,41160,39093.6171875,2938300,120940428000
2024-11-14,SZC,41500,40140,41210,40140,38124.35546875,2997000,120299580000
2024-11-15,SZC,42280,40090,40090,41060,39001.30859375,4962700,203768462000
2024-11-18,SZC,41210,38880,41110,40430,38401.28515625,2949800,119260414000
2024-11-19,SZC,40340,37910,40190,38000,36093.515625,3508300,133315400000
2024-11-20,SZC,39070,37030,37910,38490,36555.0703125,2779600,106986804000
2024-11-21,SZC,38780,38200,38490,38780,36832.00390625,1283100,49758618000
2024-11-22,SZC,39170,38250,38830,38630,36693.53515625,1648600,63685418000
2024-11-25,SZC,39020,38490,38780,39020,37062.78125,857600,33463552000
2024-11-26,SZC,39750,39120,39270,39610,37616.64453125,1961500,77695015000
2024-11-27,SZC,39560,38830,39560,39270,37293.55859375,1424900,55955823000
2024-11-28,SZC,39660,39020,39510,39320,37339.7109375,1062100,41761772000
2024-11-29,SZC,39950,39120,39170,39560,37570.48828125,1909500,75539820000
2024-12-02,SZC,40630,39510,39750,40380,38355.1328125,2004400,80937672000
2024-12-03,SZC,40870,40090,40340,40090,38078.19921875,1756700,70426103000
2024-12-04,SZC,40480,39360,39950,40040,38032.04296875,1997000,79959880000
2024-12-05,SZC,41990,39700,40090,41360,39278.23828125,3154300,130461848000
2024-12-06,SZC,42570,41160,41450,41650,39555.171875,2211200,92096480000
2024-12-09,SZC,41790,40870,41360,41700,39601.328125,1153700,48109290000
2024-12-10,SZC,43010,41450,41500,42180,40062.8828125,2557000,107854260000
2024-12-11,SZC,42470,41450,42330,41790,39693.63671875,1276300,53336577000
2024-12-12,SZC,42570,41360,41840,41360,39278.23828125,1495900,61870424000
2024-12-13,SZC,41750,41110,41360,41750,39647.484375,1484400,61973700000
2024-12-16,SZC,42670,41700,42090,42040,39924.4140625,1041100,43767844000
2024-12-17,SZC,42130,41500,42130,41550,39462.859375,973900,40465545000
2024-12-18,SZC,41790,41110,41550,41790,39693.63671875,982600,41062854000
2024-12-19,SZC,41790,40720,41210,41790,39693.63671875,2217000,92648430000
2024-12-20,SZC,41790,41260,41650,41500,39416.70703125,1026300,42591450000
2024-12-23,SZC,43110,41500,41500,42280,40155.19140625,2616600,110629848000
2024-12-24,SZC,42670,41650,42380,42280,40155.19140625,1240000,52427200000
2024-12-25,SZC,42910,41990,42470,42280,40155.19140625,1758400,74345152000
2024-12-26,SZC,42470,41790,42470,41790,39693.63671875,1047400,43770846000
2024-12-27,SZC,41990,41020,41990,41410,39324.39453125,1829300,75751313000
2024-12-30,SZC,41260,40530,41210,40530,38493.59765625,1863100,75511443000
2024-12-31,SZC,41210,40430,40430,41210,39139.7734375,956800,39429728000
2025-01-02,SZC,41410,40920,41310,41310,39232.08203125,586100,24211791000
2025-01-03,SZC,41210,40630,41060,40720,38678.21875,1488900,60628008000
2025-01-06,SZC,41210,39360,40580,40140,38124.35546875,1472000,59086080000
2025-01-07,SZC,41210,39850,40140,40480,38447.44140625,1646500,66650320000
2025-01-08,SZC,40920,40430,40480,40920,38862.83984375,841400,34430088000
2025-01-09,SZC,41600,40820,41060,40820,38770.53125,1087400,44387668000
2025-01-10,SZC,41110,39850,40770,39850,37847.421875,1558600,62110210000
2025-01-13,SZC,39850,38680,39460,39800,37801.265625,1218800,48508240000
2025-01-14,SZC,40480,39610,39950,39660,37662.80078125,1351900,53616354000
2025-01-15,SZC,40290,39610,39950,40240,38216.6640625,1151000,46316240000
2025-01-16,SZC,40720,40000,40720,40240,38216.6640625,617100,24832104000
2025-01-17,SZC,41110,40240,40340,40820,38770.53125,1311500,53535430000
2025-01-20,SZC,41160,40820,41160,41110,39047.4609375,915000,37615650000
2025-01-21,SZC,41310,40680,41110,40720,38678.21875,1034500,42124840000
2025-01-22,SZC,41500,40580,40630,41060,39001.30859375,1382100,56749026000
2025-01-23,SZC,41700,40970,41210,41500,39416.70703125,1303300,54086950000
2025-01-24,SZC,41700,41060,41700,41110,39047.4609375,813900,33459429000
2025-02-03,SZC,41990,40770,41160,41310,39232.08203125,1562700,64555137000
2025-02-04,SZC,42470,41210,41360,42470,40339.8125,2381100,101125317000
2025-02-05,SZC,43350,42470,42770,42570,40432.125,1741000,74114370000
2025-02-06,SZC,42720,41940,42570,42280,40155.19140625,1829300,77342804000
2025-02-07,SZC,42570,41600,42090,41600,39509.015625,1632300,67903680000
2025-02-10,SZC,42180,41310,41500,41550,39462.859375,1657800,68881590000
2025-02-11,SZC,42770,41450,41890,42770,40616.74609375,2527200,108088344000
2025-02-12,SZC,44220,42380,43250,42380,40247.50390625,4248800,180064144000
2025-02-13,SZC,42520,41650,42380,42330,40201.34765625,2391700,101240661000
2025-02-14,SZC,43060,41650,42380,41650,39555.171875,4293500,178824275000
2025-02-17,SZC,42090,41450,41750,41550,39462.859375,2608500,108383175000
2025-02-18,SZC,41890,41450,41450,41790,39693.63671875,1014700,42404313000
2025-02-19,SZC,43740,41790,41890,43250,41078.30078125,4884200,211241650000
2025-02-20,SZC,43400,42720,43250,42770,40616.74609375,1649400,70544838000
2025-02-21,SZC,43490,42280,42770,42720,40570.58984375,1724000,73649280000
2025-02-24,SZC,43250,42130,42860,43250,41078.30078125,2348100,101555325000
2025-02-25,SZC,44220,42810,43540,43350,41170.609375,2277700,98738295000
2025-02-26,SZC,45880,43400,43400,44520,42278.33984375,6751700,300585684000
2025-02-27,SZC,44900,43880,44470,44900,42647.58203125,1702300,76433270000
2025-02-28,SZC,44810,44220,44810,44320,42093.71875,1555300,68930896000
2025-03-03,SZC,44860,43930,44470,44660,42416.80859375,1388700,62019342000
2025-03-04,SZC,45340,43740,44710,44610,42370.65234375,2272100,101358381000
2025-03-05,SZC,44810,43400,44610,43400,41216.765625,1801100,78167740000
2025-03-06,SZC,44470,43300,43740,44470,42232.18359375,2042200,90816634000
2025-03-07,SZC,44900,43830,44610,43830,41632.1640625,2063100,90425673000
2025-03-10,SZC,44900,43540,43930,44030,41816.78515625,2994600,131852238000
2025-03-11,SZC,44810,43590,43740,44420,42186.03125,1853800,82345796000
2025-03-12,SZC,44860,43930,44560,44660,42416.80859375,1935500,86439430000
2025-03-13,SZC,45490,43400,44660,43540,41355.234375,4906900,213646426000
2025-03-14,SZC,43830,42380,43540,43540,41355.234375,2835500,123457670000
2025-03-17,SZC,43830,42770,43740,43300,41124.45703125,1617200,70024760000
2025-03-18,SZC,44130,43060,43830,43060,40893.6796875,1499800,64581388000
2025-03-19,SZC,43640,42470,43150,42770,40616.74609375,1837400,78585598000
2025-03-20,SZC,43060,42430,43060,43010,40847.5234375,1133600,48756136000
2025-03-21,SZC,43150,42770,43060,42960,40801.3671875,844200,36266832000
2025-03-24,SZC,43060,42470,42770,42910,40755.2109375,1323300,56782803000
2025-03-25,SZC,43450,43010,43150,43150,40985.98828125,1810200,78110130000
2025-03-26,SZC,43490,42570,43300,42860,40709.05859375,1362100,58379606000
2025-03-27,SZC,43060,42520,42620,42520,40385.96875,939400,39943288000
2025-03-28,SZC,42620,40680,42620,40680,38632.0625,4594900,186920532000
2025-03-31,SZC,40770,39950,40140,40340,38308.9765625,1513000,61034420000
2025-04-01,SZC,40720,40090,40630,40290,38262.8203125,759400,30596226000
2025-04-02,SZC,41060,40340,40480,40630,38585.90625,1021800,41515734000
2025-04-03,SZC,38200,37810,37810,37810,35908.89453125,1575500,59569655000
2025-04-04,SZC,35180,35180,35180,35180,33416.50390625,362500,12752750000
2025-04-08,SZC,32750,32750,32750,32750,31108.734375,604200,19787550000
2025-04-09,SZC,30470,30470,30470,30470,28939.4296875,411000,12523170000
2025-04-10,SZC,32560,31590,32560,32560,30924.11328125,2438000,79381280000
2025-04-11,SZC,32270,30320,30320,31980,30370.248046875,7292500,233214150000
2025-04-14,SZC,34210,31980,34210,32170,30554.869140625,3137400,100930158000
2025-04-15,SZC,32950,29940,31730,29940,28431.720703125,4773500,142918590000
2025-04-16,SZC,30620,28190,29940,28770,27323.9921875,2968800,85412376000
2025-04-17,SZC,29890,28190,28190,29840,28339.412109375,2198900,65615176000
2025-04-18,SZC,30520,29940,30180,30130,28616.341796875,2162900,65168177000
2025-04-21,SZC,30320,28870,30230,29060,27600.92578125,1753500,50956710000
2025-04-22,SZC,28870,27070,28670,27210,25847.01953125,3947800,107419638000
2025-04-23,SZC,28580,26920,27750,28380,26954.75,2728100,77423478000
2025-04-24,SZC,30320,28670,28960,29500,28016.32421875,2620800,77313600000
2025-04-25,SZC,29690,28870,29350,29160,27693.236328125,1648600,48073176000
2025-04-28,SZC,29500,28580,29450,28770,27323.9921875,1438600,41388522000
2025-04-29,SZC,29210,28770,28870,28870,27416.302734375,1023400,29545558000
2025-05-05,SZC,30420,30280,30320,30320,27416.302734375,2404100,72892312000
2025-05-06,SZC,30470,29790,30420,29790,28800.96484375,1887400,56225646000
2025-05-07,SZC,30420,29790,29840,30180,28293.255859375,2018500,60918330000
2025-05-08,SZC,31880,30470,30470,31590,28662.498046875,3837400,121223466000
2025-05-09,SZC,31640,30910,31640,31010,30001.00390625,1943500,60267935000
2025-05-12,SZC,32560,30810,31100,32560,30001.00390625,3341300,108792728000
2025-05-13,SZC,33580,32710,33580,32800,30924.11328125,3090400,101365120000
2025-05-14,SZC,32900,32070,32850,32750,31154.888671875,2985200,97765300000
2025-05-15,SZC,33050,32119,33050,32800,31108.734375,2507600,82249280000
2025-05-16,SZC,32950,32409,32750,32659,31154.888671875,1486400,48544337600
2025-05-19,SZC,32560,31690,32460,32030,30416.40234375,1867300,59809619000
2025-05-20,SZC,32560,31690,32030,32460,30416.40234375,1847800,59979588000
2025-05-21,SZC,32560,31730,32560,31880,30831.802734375,1816800,57919584000
2025-05-22,SZC,32800,31730,31930,32220,30277.9375,2105400,67835988000
2025-05-23,SZC,32409,31690,32220,32070,30601.025390625,1351300,43336191000
2025-05-26,SZC,34310,31200,32070,34310,32585.708984375,5109100,175293221000
2025-05-27,SZC,34800,34070,34800,34410,32585.708984375,2193100,75464571000
2025-05-28,SZC,34600,33680,34460,33970,32678.017578125,2937400,99783478000
2025-05-29,SZC,35180,34020,34500,34260,32262.619140625,3237200,110906472000
2025-05-30,SZC,34120,33390,34020,34020,32539.552734375,2016900,68614938000
2025-06-02,SZC,34260,33290,33530,33920,32216.462890625,2251800,76381056000
2025-06-03,SZC,34750,33970,34210,34500,32216.462890625,2540000,87630000000
2025-06-04,SZC,34800,33920,34650,34210,32770.328125,2068200,70753122000
2025-06-05,SZC,34940,34070,34310,34210,32493.396484375,2611200,89329152000
2025-06-06,SZC,34500,33240,34500,33290,32493.396484375,2545200,84729708000
2025-06-09,SZC,33340,31830,33340,31980,30370.248046875,2522300,80663154000
2025-06-10,SZC,32220,31590,31780,31730,30370.248046875,1822100,57815233000
2025-06-11,SZC,32220,31690,32220,31830,30139.470703125,669300,21303819000
2025-06-12,SZC,32750,31880,31880,32509,30231.78125,1413800,45961224200
2025-06-13,SZC,32170,30860,32070,31590,30877.95703125,2538600,80194374000
2025-06-16,SZC,32070,31540,31590,32070,30462.55859375,791300,25376991000
2025-06-17,SZC,32750,32119,32460,32320,30462.55859375,1123600,36314752000
2025-06-18,SZC,32460,31830,32270,31980,30693.3359375,1352000,43236960000
2025-06-19,SZC,32610,31980,31980,32509,30370.248046875,1660500,53981194500
2025-06-20,SZC,32659,32170,32610,32270,30877.95703125,1119700,36132719000
2025-06-23,SZC,34500,31690,32030,34160,32447.240234375,4966100,169641976000
2025-06-24,SZC,35380,34120,34500,34360,32447.240234375,4744500,163021020000
2025-06-25,SZC,35720,34360,34500,35280,32631.861328125,4562600,160968528000
2025-06-26,SZC,36840,35280,35430,36790,33508.8125,4443800,163487402000
2025-06-27,SZC,36930,36300,36930,36450,34939.6328125,2146900,78254505000
2025-06-30,SZC,37610,36450,36450,37270,35401.18359375,2097300,78166371000
2025-07-01,SZC,37610,36640,36890,37270,35401.18359375,2572800,95888256000
2025-07-02,SZC,38930,37030,37030,37910,35401.18359375,3369900,127752909000
2025-07-03,SZC,36790,35280,35770,35960,36001.20703125,7951500,285935940000
2025-07-04,SZC,36250,35280,35860,36250,34154.98828125,2478700,89852875000
2025-07-07,SZC,36550,35670,36500,36160,34339.609375,2471200,89358592000
2025-07-08,SZC,37420,36160,37080,36550,34339.609375,3451000,126134050000
2025-07-09,SZC,36640,35860,36550,36110,34708.85546875,3187600,115104236000
2025-07-10,SZC,36210,35620,36160,35720,34293.45703125,2531100,90410892000
2025-07-11,SZC,36110,35280,35770,35570,33924.2109375,3028600,107727302000
2025-07-14,SZC,36740,35280,35720,36590,34755.0078125,3133000,114636470000
2025-07-15,SZC,36740,35960,36690,36160,34755.0078125,2447800,88512448000
2025-07-16,SZC,36060,35720,36060,35720,34339.609375,2726600,97394152000
2025-07-17,SZC,36550,35670,36110,36300,33924.2109375,3476900,126211470000
2025-07-18,SZC,37520,36400,36450,36980,34478.078125,5229200,193375816000
2025-07-21,SZC,37420,36350,37080,36450,34616.54296875,2372400,86473980000
2025-07-22,SZC,36500,35770,36450,36300,34616.54296875,3144300,114138090000
2025-07-23,SZC,37230,36250,36450,36690,34478.078125,3163500,116068815000
2025-07-24,SZC,37810,36640,37180,37370,34847.3203125,4241700,158512329000
2025-07-25,SZC,37710,36890,37370,37030,35493.49609375,3636100,134644783000
2025-07-28,SZC,38200,37030,37320,38100,36185.828125,4315600,164424360000
2025-07-29,SZC,38590,35480,38540,35480,36185.828125,6459700,229190156000
2025-07-30,SZC,36010,34360,35910,35140,33693.43359375,2696600,94758524000
2025-07-31,SZC,37130,35230,35960,36550,33370.34765625,3984600,145637130000
2025-08-01,SZC,36450,35480,36450,35570,34708.85546875,1612700,57363739000
2025-08-04,SZC,35960,35140,35380,35480,33693.43359375,1499600,53205808000
2025-08-05,SZC,36740,34700,35770,35280,33693.43359375,3675300,129664584000
2025-08-06,SZC,35910,35330,35570,35720,33508.8125,1404100,50154452000
2025-08-07,SZC,37230,36250,36590,36450,33924.2109375,3569600,130111920000
2025-08-08,SZC,36640,35770,36550,36010,34616.54296875,2360200,84990802000
2025-08-11,SZC,37520,36110,36110,37080,35216.5625,4571800,169522344000
2025-08-12,SZC,37610,36450,37610,37030,35216.5625,2829300,104768979000
2025-08-13,SZC,39320,37320,37420,38630,35170.40625,7440300,287418789000
2025-08-14,SZC,38880,37810,38880,37910,36693.53515625,3126700,118533197000
2025-08-15,SZC,38000,36550,38000,36740,36001.20703125,3850400,141463696000
2025-08-18,SZC,37860,36500,36740,36930,35078.09765625,1827900,67504347000
2025-08-19,SZC,37860,36980,37520,37320,35078.09765625,2785700,103962324000
2025-08-20,SZC,37860,35720,37520,36400,35447.33984375,2775600,101031840000
2025-08-21,SZC,37420,35770,36930,35820,34570.38671875,3239100,116024562000
2025-08-22,SZC,35670,33820,35570,33820,34016.5234375,3574100,120876062000
2025-08-25,SZC,34750,33140,34750,33140,31477.9765625,1315400,43592356000
2025-08-26,SZC,34160,33240,33240,34120,31477.9765625,1380200,47092424000
2025-08-27,SZC,34840,34160,34210,34460,32401.083984375,1099600,37892216000
2025-08-28,SZC,34890,34360,34650,34460,32724.173828125,1050300,36193338000
2025-08-29,SZC,34600,34160,34500,34210,32724.173828125,1741700,59583557000
2025-09-03,SZC,34890,34360,34750,34650,32908.79296875,1404100,48652065000
2025-09-04,SZC,35600,34850,35100,34850,33858.54296875,1895200,66047720000
2025-09-05,SZC,36500,35000,35350,35100,33098.7421875,3530400,123917040000
2025-09-08,SZC,35900,34600,35300,34600,32861.30859375,1360900,47087140000
2025-09-09,SZC,34700,33950,34450,34250,32861.30859375,1909600,65403800000
2025-09-10,SZC,34500,33950,34500,34100,32528.89453125,800700,27303870000
2025-09-11,SZC,34150,33050,33950,33800,32386.431640625,1205100,40732380000
2025-09-12,SZC,34900,33950,33950,34650,32101.5078125,1131900,39220335000
2025-09-15,SZC,35400,34650,34650,35400,32101.5078125,1406000,49772400000
2025-09-16,SZC,35700,35000,35700,35050,33621.10546875,1038900,36413445000
2025-09-17,SZC,35350,34500,35050,34500,33288.6953125,796700,27486150000
2025-09-18,SZC,34900,33900,34650,34050,32766.33203125,989200,33682260000
2025-09-19,SZC,34600,34000,34200,34000,32338.9453125,602300,20478200000
2025-09-22,SZC,34500,33900,33900,34400,32671.357421875,1053900,36254160000
2025-09-23,SZC,34500,34200,34500,34200,32671.357421875,379000,12961800000
2025-09-24,SZC,34750,34000,34300,34750,32481.408203125,713300,24787175000
2025-09-25,SZC,35200,34550,34550,35000,33003.76953125,1080600,37821000000
2025-09-26,SZC,35700,35000,35250,35000,33241.20703125,1757000,61495000000
2025-09-29,SZC,35000,34400,35000,34400,32671.357421875,586900,20189360000
2025-09-30,SZC,34600,33550,34500,33850,32671.357421875,1092400,36977740000
2025-10-01,SZC,34600,34000,34000,34500,32148.99609375,597900,20627550000
2025-10-02,SZC,34600,33900,34550,34000,32766.33203125,645800,21957200000
2025-10-03,SZC,34000,33000,34000,33000,32291.45703125,825300,27234900000
2025-10-06,SZC,33900,33300,33450,33700,32006.533203125,409300,13793410000
2025-10-07,SZC,33800,33100,33600,33200,32006.533203125,962300,31948360000
2025-10-08,SZC,33900,33100,33500,33400,31531.658203125,427500,14278500000
2025-10-09,SZC,33600,33250,33250,33450,31721.609375,816300,27305235000
2025-10-10,SZC,33950,33550,33650,33700,31769.095703125,716100,24132570000
2025-10-13,SZC,34400,33150,33150,34000,32291.45703125,1092800,37155200000
2025-10-14,SZC,34200,33100,34000,33100,32291.45703125,1290100,42702310000
2025-10-15,SZC,33400,32350,33200,32400,31436.68359375,1083500,35105400000
2025-10-16,SZC,32800,32200,32200,32500,30771.859375,765400,24875500000
2025-10-17,SZC,33150,32400,32400,32500,30866.833984375,488500,15876250000
2025-10-20,SZC,32400,30250,32100,30250,28729.900390625,1688200,51068050000
2025-10-21,SZC,30200,28900,29900,29800,28729.900390625,1490600,44419880000
2025-10-22,SZC,29950,28950,29950,29300,28302.513671875,791600,23193880000
2025-10-23,SZC,30200,29300,29300,29800,27827.638671875,557000,16598600000
2025-10-24,SZC,29800,29350,29700,29600,28302.513671875,406800,12041280000
2025-10-27,SZC,31450,30000,30200,30000,28492.462890625,856900,25707000000
2025-10-28,SZC,30300,29750,30000,30250,28492.462890625,434200,13134550000
2025-10-29,SZC,31550,30250,30250,31000,28729.900390625,906000,28086000000
2025-10-30,SZC,31350,30750,31100,31000,29442.2109375,551300,17090300000
2025-10-31,SZC,31500,30800,30800,31200,29442.2109375,838200,26151840000
2025-11-03,SZC,31500,30900,31300,30900,29347.236328125,748200,23119380000
2025-11-04,SZC,31100,29800,30900,30850,29299.75,859300,26509405000
2025-11-05,SZC,31200,30500,30850,30850,29299.75,370100,11417585000
2025-11-06,SZC,32000,31150,31150,31300,29727.13671875,930400,29121520000
2025-11-07,SZC,31250,30200,31000,30300,28777.38671875,398500,12074550000
2025-11-10,SZC,30800,30050,30400,30050,28539.94921875,324400,9748220000
2025-11-11,SZC,30400,30100,30100,30200,28682.412109375,239700,7238940000
2025-11-12,SZC,30850,30250,30650,30600,29062.3125,219900,6728940000
2025-11-13,SZC,32400,30700,30700,32000,30391.9609375,1880400,60172800000
2025-11-14,SZC,32250,31700,31900,32000,30391.9609375,700000,22400000000
2025-11-17,SZC,33150,32000,32000,32650,31009.296875,1436500,46901725000
2025-11-18,SZC,32950,32299,32650,32450,30819.34765625,629200,20417540000
2025-11-19,SZC,32750,32000,32450,32100,30486.935546875,566200,18175020000
2025-11-20,SZC,33800,31900,32549,32450,30819.34765625,819900,26605755000
2025-11-21,SZC,32549,31850,32450,31900,30296.984375,473300,15098270000
2025-11-24,SZC,32500,31650,31950,31650,30059.548828125,264400,8368260000
2025-11-25,SZC,32299,30950,31250,31000,29442.2109375,682000,21142000000
2025-11-26,SZC,31450,31000,31200,31400,29822.111328125,327100,10270940000
2025-11-27,SZC,31850,31350,31700,31350,29774.623046875,344200,10790670000
2025-11-28,SZC,31500,30900,31400,30900,29347.236328125,405800,12539220000
2025-12-01,SZC,31150,30750,30900,30750,29204.7734375,312600,9612450000
2025-12-02,SZC,30900,30200,30600,30750,29204.7734375,456000,14022000000
2025-12-03,SZC,31350,30600,31000,31250,29679.6484375,435500,13609375000
2025-12-04,SZC,31500,31200,31250,31400,29679.6484375,265000,8321000000
2025-12-05,SZC,31500,30900,31500,30950,29394.724609375,246100,7616795000
2025-12-08,SZC,31000,30300,31000,30350,28824.875,328700,9976045000
2025-12-09,SZC,30600,30000,30600,30300,28777.38671875,400700,12141210000
2025-12-10,SZC,30600,30200,30350,30300,28777.38671875,168900,5117670000
2025-12-11,SZC,30600,30200,30350,30200,28682.412109375,156900,4738380000
2025-12-12,SZC,30200,29000,30200,29000,27542.71484375,476500,13818500000
2025-12-15,SZC,29900,29100,29100,29200,27732.6640625,197500,5767000000
2025-12-16,SZC,30100,29000,29750,29950,28444.974609375,392300,11749385000
2025-12-17,SZC,30000,29550,30000,29550,28065.076171875,129900,3838545000
2025-12-18,SZC,29700,29500,29500,29550,28065.076171875,88600,2618130000
2025-12-19,SZC,29800,29450,29550,29550,28065.076171875,132000,3900600000
2025-12-22,SZC,29900,29300,29700,29900,28397.48828125,346400,10357360000
2025-12-23,SZC,30200,29850,29900,29900,28397.48828125,363300,10862670000
2025-12-24,SZC,29900,29500,29900,29750,28255.025390625,210600,6265350000
2025-12-25,SZC,29850,29400,29800,29400,28255.025390625,252800,7432320000
2025-12-26,SZC,29650,28300,29650,28900,27447.73828125,513000,14825700000
2025-12-29,SZC,29000,28700,29000,28700,27257.7890625,366000,10504200000
2025-12-30,SZC,28950,28800,28800,28950,27495.2265625,286000,8279700000
2025-12-31,SZC,29450,29050,29200,29150,27685.17578125,448500,13073775000
2026-01-05,SZC,29350,29000,29350,29100,27637.689453125,444600,12937860000
2026-01-06,SZC,30300,29000,29150,29600,28112.5625,703800,20832480000
2026-01-07,SZC,30600,29700,30000,30250,28729.900390625,866900,26223725000
2026-01-08,SZC,30500,29800,30500,29850,28350.0,970700,28975395000
2026-01-09,SZC,30850,29800,30200,30300,28777.38671875,967200,29306160000
2026-01-12,SZC,31050,30100,30300,30850,29299.75,941000,29029850000
2026-01-13,SZC,31650,30800,30900,31600,30012.060546875,1188000,37540800000
2026-01-14,SZC,32100,31050,31600,31650,30059.548828125,1465300,46376745000
2026-01-15,SZC,32200,31450,31650,31450,29869.59765625,1132300,35610835000
2026-01-16,SZC,31900,31050,31550,31200,29632.162109375,716400,22351680000
2026-01-19,SZC,33350,31650,31700,33050,31389.197265625,2645500,87433775000
2026-01-20,SZC,33400,32549,33350,32549,30914.322265625,976500,31784098500
2026-01-21,SZC,32950,31050,32549,31200,29632.162109375,1595000,49764000000
2026-01-22,SZC,32200,31300,31800,31900,30296.984375,737300,23519870000
2026-01-23,SZC,32299,31200,32200,31250,29679.6484375,703400,21981250000
2026-01-26,SZC,31500,30100,31500,30350,28824.875,869700,26395395000
2026-01-27,SZC,31100,30000,30000,31000,29442.2109375,568700,17629700000
2026-01-28,SZC,31600,30900,31050,30900,29347.236328125,500800,15474720000
2026-01-29,SZC,31400,30600,30900,31300,29727.13671875,468600,14667180000
2026-01-30,SZC,32800,31500,31500,32200,30581.91015625,1475400,47507880000
2026-02-02,SZC,32900,32100,32800,32800,31151.759765625,893700,29313360000
2026-02-03,SZC,35050,32800,33100,35050,33288.6953125,4346200,152334310000
2026-02-04,SZC,37400,35300,35750,36850,34998.2421875,5555100,204705435000
2026-02-05,SZC,37350,36150,36650,36900,35045.73046875,2582800,95305320000
2026-02-06,SZC,36650,35000,36200,35050,33288.6953125,3483400,122093170000
2026-02-09,SZC,35300,34000,34900,34200,32481.408203125,1160400,39685680000
2026-02-10,SZC,34600,32900,34500,33400,31721.609375,1930900,64492060000
2026-02-11,SZC,34250,33500,33750,33950,32243.970703125,1031700,35026215000
2026-02-12,SZC,34100,33750,34100,33850,32148.99609375,619100,20956535000
2026-02-13,SZC,34350,33600,33750,33850,32148.99609375,1010800,34215580000
2026-02-23,SZC,35100,34300,34400,34650,32908.79296875,1024200,35488530000
2026-02-24,SZC,35150,34050,34750,34300,32576.3828125,1459700,50067710000
2026-02-25,SZC,36150,34300,34300,35650,33858.54296875,2371900,84558235000
2026-02-26,SZC,36000,34700,36000,34700,32956.28125,937400,32527780000
2026-02-27,SZC,35100,34000,35000,34500,32766.33203125,1055000,36397500000
2026-03-02,SZC,35450,32850,33500,34500,32766.33203125,3088400,106549800000
2026-03-03,SZC,35050,33200,34500,33300,32766.33203125,1219500,40609350000
2026-03-04,SZC,33400,31200,33000,32150,30534.421875,2117800,68087270000
2026-03-05,SZC,32700,31500,32400,31500,29917.0859375,915600,28841400000
2026-03-06,SZC,31550,30400,31250,30400,28872.361328125,1165200,35422080000
2026-03-09,SZC,29000,28300,28300,28300,26877.890625,831400,23528620000
2026-03-10,SZC,29000,28100,28300,28500,27067.83984375,1164400,33185400000
2026-03-11,SZC,30200,28700,28950,30200,28682.412109375,770000,23254000000
2026-03-12,SZC,30500,29300,30100,29800,28302.513671875,713600,21265280000
2026-03-13,SZC,30200,29400,29400,29500,28017.587890625,571400,0
2026-03-16,SZC,30300,29500,29500,29950,28444.974609375,281700,0
2026-03-17,SZC,30650,29600,30100,29600,28112.5625,461100,0
2026-03-18,SZC,29850,29000,29650,29350,27875.125,413400,0
2026-03-19,SZC,29300,28800,28800,29000,27542.71484375,543100,0
2026-03-20,SZC,30000,28800,29000,29050,27590.201171875,636500,0
2026-03-23,SZC,28800,27050,28500,27050,25690.703125,931000,0
2026-03-24,SZC,28000,27350,27900,27750,26355.52734375,379400,0
2026-03-25,SZC,28900,28250,28250,28500,27067.83984375,601800,0
2026-03-26,SZC,28850,28000,28850,28300,26877.890625,495800,0
2026-03-27,SZC,29650,28200,28250,29500,28017.587890625,1197900,0
2026-03-30,SZC,29850,28600,28800,29250,27780.150390625,864100,0
2026-03-31,SZC,29550,29100,29500,29150,27685.17578125,419500,0
2026-04-01,SZC,29900,29150,29500,29150,27685.17578125,651100,0
2026-04-02,SZC,29400,28400,29200,28650,27210.302734375,554000,0
2026-04-03,SZC,28900,28100,28650,28150,26735.427734375,496100,0
2026-04-06,SZC,28250,27400,28200,27400,26023.115234375,600700,0
2026-04-07,SZC,27900,27400,27400,27650,26260.552734375,241900,0
2026-04-08,SZC,29000,28150,29000,28650,27210.302734375,982700,0
2026-04-09,SZC,29500,28450,28700,28750,27305.27734375,1028500,0
2026-04-10,SZC,29350,28750,29100,28850,27400.251953125,534000,0
2026-04-13,SZC,29300,28550,28800,29050,27590.201171875,541600,0
2026-04-14,SZC,29500,28850,29250,28900,27447.73828125,531800,0
2026-04-15,SZC,29500,28900,29350,28900,27447.73828125,730900,0
2026-04-16,SZC,29500,28700,28950,29250,27780.150390625,1028600,0
2026-04-17,SZC,29950,29050,29450,29100,27637.689453125,896800,0
2026-04-20,SZC,29350,28800,29050,29000,27542.71484375,441700,0
2026-04-21,SZC,29150,28250,29100,28350,26925.376953125,830000,0
2026-04-22,SZC,28550,28200,28550,28300,26877.890625,227400,0
2026-04-23,SZC,28250,27650,28250,28000,26592.96484375,745900,0
2026-04-24,SZC,28000,27500,28000,27700,26308.041015625,534300,0
2026-04-28,SZC,28000,27150,27700,27200,25833.166015625,587600,0
2026-04-29,SZC,27300,27000,27100,27200,25833.166015625,595900,0
2026-05-04,SZC,27700,27200,27400,27500,26118.08984375,361600,0
2026-05-05,SZC,27450,27000,27150,27000,25643.216796875,435600,0
2026-05-06,SZC,27350,26900,27200,27250,25880.654296875,416400,0
2026-05-07,SZC,27650,27200,27650,27250,25880.654296875,647600,0
2026-05-08,SZC,27300,26450,27250,26700,25358.291015625,937100,0
2026-05-11,SZC,26800,25700,26700,25700,24408.54296875,1329500,0
2026-05-12,SZC,26050,25700,26000,25850,24551.005859375,468200,0
2026-05-13,SZC,26350,25650,25700,26300,24978.392578125,439400,0
2026-05-14,SZC,26550,26000,26300,26050,24740.955078125,294400,0
2026-05-15,SZC,26250,25700,26050,25900,24598.4921875,496500,0
2026-05-18,SZC,25900,25550,25900,25550,24266.080078125,638200,0
2026-05-19,SZC,25950,25500,25600,25500,24218.59375,465700,0
2026-05-20,SZC,25800,24250,25500,25400,24123.619140625,693500,0
2026-05-21,SZC,25550,24850,25450,25000,23743.71875,443200,0
2026-05-22,SZC,25050,24350,25000,24700,23458.794921875,593800,0
2026-05-25,SZC,25250,24800,24800,25000,23743.71875,331100,0
2026-05-26,SZC,25100,24750,25100,24900,23648.744140625,405700,0
2026-05-27,SZC,25100,24700,24950,24700,23458.794921875,588800,0
2026-05-28,SZC,24850,24300,24850,24300,23078.89453125,680800,0
2026-05-29,SZC,24000,22600,23500,22650,21511.80859375,5023400,0
2026-06-01,SZC,23800,23000,23000,23500,22319.095703125,771700,0
2026-06-02,SZC,23700,22800,23700,22950,21796.734375,646200,0
2026-06-03,SZC,23000,22550,22800,23000,21844.220703125,532600,0
2026-06-04,SZC,23150,22850,23100,22900,21749.24609375,313100,0
2026-06-05,SZC,23150,22700,23150,22800,21654.271484375,321700,0
2026-06-08,SZC,22600,22150,22600,22250,21131.91015625,471500,0
2026-06-09,SZC,22650,22200,22250,22550,21416.833984375,292000,0
2026-06-10,SZC,22850,22500,22550,22750,21606.783203125,210800,0
2026-06-11,SZC,23700,22550,22700,23700,22509.044921875,1179800,0
2026-06-12,SZC,23750,23400,23750,23600,22414.0703125,385600,0
2026-06-15,SZC,23900,23300,23700,23600,22414.0703125,669200,0
2026-06-16,SZC,23700,23050,23600,23500,22319.095703125,347500,0
2026-06-17,SZC,24200,23550,23550,23750,22556.533203125,686800,0
2026-06-18,SZC,23850,23300,23850,23300,22129.146484375,486700,0
2026-06-19,SZC,23550,23100,23550,23100,21939.1953125,335600,0
2026-06-22,SZC,23350,22850,23150,23000,21844.220703125,275200,0
2026-06-23,SZC,23200,22550,23200,22550,21416.833984375,441600,0
2026-06-24,SZC,22750,22300,22600,22500,21369.34765625,229900,0
2026-06-25,SZC,22500,22300,22500,22350,21226.884765625,152700,0
2026-06-26,SZC,22600,22300,22500,22300,21179.396484375,166400,0
2026-06-29,SZC,22450,22100,22100,22450,21321.859375,234800,0
2026-06-30,SZC,22750,22400,22500,22450,21321.859375,243400,0
2026-07-01,SZC,22800,22500,22500,22750,21321.859375,274700,0
2026-07-02,SZC,22900,22500,22750,22550,21416.833984375,217500,0
2026-07-03,SZC,22650,22150,22550,22200,21084.421875,419100,0
2026-07-06,SZC,22350,20800,22350,21100,20039.69921875,881300,0
2026-07-07,SZC,21300,20950,21150,21200,20134.673828125,424600,0
2026-07-08,SZC,21600,20800,21200,21450,20372.111328125,395500,0
2026-07-09,SZC,21500,21300,21300,21400,20324.623046875,143900,0
2026-07-10,SZC,21400,21000,21250,21000,19944.724609375,268400,0
2026-07-13,SZC,20900,20200,20800,20550,19517.3359375,374700,0
2026-07-14,SZC,20700,20200,20200,20650,19612.3125,172300,0
2026-07-15,SZC,20650,20100,20500,20400,19374.875,157000,0
2026-07-16,SZC,20400,19800,20400,20150,19137.4375,394400,0
2026-07-17,SZC,20400,20000,20200,20200,19184.92578125,170300,0
2026-07-20,SZC,20200,19200,19400,19250,18282.6640625,431300,0
2026-07-21,SZC,19450,19000,19050,19050,18092.712890625,349900,0
2026-07-22,SZC,19150,18650,18950,18750,17807.7890625,298800,0
2026-07-23,SZC,18900,17800,18650,18850,17902.763671875,496100,0
2026-07-24,SZC,18750,18400,18750,18400,17475.376953125,162800,0
2026-07-27,SZC,18400,17150,18150,17150,16288.19140625,693400,0
2026-07-28,SZC,17550,16900,17000,17400,16525.62890625,446500,0
2026-07-29,SZC,17800,17200,17400,17350,16478.140625,230900,0
2026-07-30,SZC,18100,17200,17200,17950,17047.990234375,367200,0
2026-07-31,SZC,18150,17650,18100,17650,16763.06640625,383900,0
2026-08-03,SZC,18700,17650,17650,18600,17665.326171875,523500,0
2026-08-04,SZC,18950,18600,18650,18650,17712.814453125,264100,0
2026-08-05,SZC,18950,18350,18700,18450,17522.865234375,453300,0
2026-08-06,SZC,18550,18150,18500,18150,17237.939453125,347800,0
2026-08-07,SZC,19400,18150,18350,19400,18425.125,529700,0
2026-08-10,SZC,20500,19900,20400,20500,19469.849609375,1278300,0
2026-08-11,SZC,20500,19950,20500,20050,19042.462890625,629400,0
2026-08-12,SZC,20650,19800,20050,20150,19137.4375,766600,0
2026-08-13,SZC,20450,19900,20450,19950,18947.48828125,619000,0
2026-08-14,SZC,20000,19500,19800,19500,18520.1015625,552000,0
2026-08-17,SZC,19750,19400,19500,19650,18662.5625,290800,0
2026-08-18,SZC,20000,19150,19600,19150,18187.689453125,411200,0
2026-08-19,SZC,19500,18950,19350,19100,18140.201171875,316800,0
2026-08-20,SZC,19400,18800,19400,18950,17997.73828125,245700,0
2026-08-21,SZC,19750,18900,18950,19700,18710.05078125,685300,0
2026-08-24,SZC,19950,19550,19850,19550,18567.587890625,558600,0
2026-08-25,SZC,20350,19650,20000,19700,18710.05078125,666800,0
2026-08-26,SZC,20450,19600,19600,19850,18852.513671875,586400,0
2026-08-27,SZC,20150,19700,20100,19750,18757.537109375,275200,0
2026-08-28,SZC,19900,19700,19750,19700,18710.05078125,281100,0
2026-09-03,SZC,20050,19600,19700,19900,18900.0,483800,0
2026-09-04,SZC,20150,19800,19850,19850,18852.513671875,188300,0
2026-09-07,SZC,20600,19900,20000,20100,19089.94921875,620800,0
2026-09-08,SZC,20300,19900,20300,19900,18900.0,276600,0
2026-09-09,SZC,19070,18500,18920,18590,18900.0,493700,0
2026-09-10,SZC,18590,18310,18590,18450,18900.0,284900,0
