Date,code,high,low,open,close,adjust,volume_match,value_match
2018-05-17,VHM,64420,64420,64420,64420,30860.365234375,18000,1159560000
2018-05-18,VHM,64420,64420,64420,64420,30860.365234375,0,0
2018-05-21,VHM,64420,64420,64420,64420,30860.365234375,0,0
2018-05-22,VHM,68910,68910,68910,68910,33010.8125,20,1378200
2018-05-23,VHM,66750,64129,66750,64300,30804.509765625,4839580,311184994000
2018-05-24,VHM,66930,64190,64599,66750,31977.484375,1937240,129310770000
2018-05-25,VHM,69900,66750,66930,68500,32815.32421875,1749720,119855820000
2018-05-28,VHM,68790,64709,64709,68210,32675.681640625,2944740,200860715400
2018-05-29,VHM,68330,65940,68210,67630,32396.40234375,884320,59806561600
2018-05-30,VHM,68210,65880,67630,68210,32675.681640625,2448260,166995814600
2018-05-31,VHM,68500,67100,68210,67100,32145.048828125,1178690,79090099000
2018-06-01,VHM,68500,66750,67100,67920,32536.04296875,814870,55345970400
2018-06-04,VHM,68740,67340,67630,68740,32927.03125,1762630,121163186200
2018-06-05,VHM,69380,68210,68740,68790,32954.9609375,1229890,84604133100
2018-06-06,VHM,70480,68210,68500,69960,33513.51953125,712230,49827610800
2018-06-07,VHM,71130,65060,71130,69960,33513.51953125,1167210,81658011600
2018-06-08,VHM,70480,68500,69960,69960,33513.51953125,462940,32387282400
2018-06-11,VHM,70430,69380,70430,69960,33513.51953125,425790,29788268400
2018-06-12,VHM,69960,68210,69960,68790,32954.9609375,816310,56153964900
2018-06-13,VHM,69030,68560,68790,68790,32954.9609375,289590,19920896100
2018-06-14,VHM,69090,67800,68790,68210,32675.681640625,624230,42578728300
2018-06-15,VHM,68620,67920,68620,67920,32536.04296875,213150,14477148000
2018-06-18,VHM,68790,67630,67920,67920,32536.04296875,626280,42536937600
2018-06-19,VHM,67920,66870,67920,67050,32117.126953125,770730,51677446500
2018-06-20,VHM,67630,62440,62440,67050,32117.126953125,613980,41167359000
2018-06-21,VHM,67100,66460,67050,67050,32117.126953125,117280,7863624000
2018-06-22,VHM,67050,66460,67050,66580,31893.697265625,83230,5541453400
2018-06-25,VHM,67570,66580,66580,67340,32256.763671875,214260,14428268400
2018-06-26,VHM,67340,66520,67340,67050,32117.126953125,112440,7539102000
2018-06-27,VHM,66520,64129,65590,64129,30720.72265625,305740,19606800460
2018-06-28,VHM,65880,62960,64129,64129,30720.72265625,185920,11922863680
2018-06-29,VHM,65880,63260,65880,65530,31390.998046875,321730,21082966900
2018-07-02,VHM,65590,64129,65590,64890,31083.787109375,456190,29602169100
2018-07-03,VHM,64890,60400,64890,60400,28933.33984375,165430,9991972000
2018-07-04,VHM,64599,59520,59520,64599,30944.150390625,1358170,87736423830
2018-07-05,VHM,67050,64599,64599,66460,31837.841796875,1208630,80325549800
2018-07-06,VHM,66400,65000,65000,65590,31418.923828125,497040,32600853600
2018-07-09,VHM,66110,65590,65590,65760,31502.70703125,134390,8837486400
2018-07-10,VHM,65760,63260,65700,64709,31000.00390625,298180,19294929620
2018-07-11,VHM,64709,62960,64129,63960,30636.943359375,86370,5524225200
2018-07-12,VHM,64599,62960,63960,64129,30720.72265625,113470,7276717630
2018-07-13,VHM,64709,62560,62560,63720,30525.228515625,57420,3658802400
2018-07-16,VHM,64420,61800,64420,61800,29603.607421875,93750,5793750000
2018-07-17,VHM,64709,61800,63550,61800,29603.607421875,410540,25371372000
2018-07-18,VHM,64129,62380,64129,62610,29994.59765625,115930,7258377300
2018-07-19,VHM,62960,62090,62960,62090,29743.24609375,359780,22338740200
2018-07-20,VHM,62960,61860,62380,62320,29854.9609375,361710,22541767200
2018-07-23,VHM,63840,60050,60050,62850,30106.30859375,140470,8828539500
2018-07-24,VHM,62790,60050,60050,62090,30106.30859375,52950,3287665500
2018-07-25,VHM,62380,61450,62380,62090,29743.24609375,123900,7692951000
2018-07-26,VHM,62850,61800,62090,61800,29603.607421875,205970,12728946000
2018-07-27,VHM,62090,61220,61800,61740,29575.6796875,67370,4159423800
2018-07-30,VHM,64420,61220,61800,64420,30860.365234375,324540,20906866800
2018-07-31,VHM,65300,63430,65300,64300,30804.509765625,170450,10959935000
2018-08-01,VHM,64360,63260,64300,63310,30329.734375,320670,20301617700
2018-08-02,VHM,64069,63310,64069,63430,30385.587890625,265210,16822270300
2018-08-03,VHM,63960,63260,63660,63550,30441.4453125,398200,25305610000
2018-08-06,VHM,63610,63430,63550,63550,30441.4453125,182880,11622024000
2018-08-07,VHM,63550,62380,63550,62670,30022.525390625,160500,10058535000
2018-08-08,VHM,63430,62670,62670,62960,30162.16796875,134310,8456157600
2018-08-09,VHM,63550,62960,62960,63370,30357.66015625,285670,18102907900
2018-08-10,VHM,63550,61800,63550,62320,29854.9609375,120470,7507690400
2018-08-13,VHM,63200,62320,63200,62670,30022.525390625,1088420,68211281400
2018-08-14,VHM,62960,62380,62380,62850,30106.30859375,406610,25555438500
2018-08-15,VHM,62910,62440,62850,62850,30106.30859375,436300,27421455000
2018-08-16,VHM,62910,62440,62850,62850,30106.30859375,726220,45642927000
2018-08-17,VHM,66460,63430,66460,63430,30385.587890625,1125570,71394905100
2018-08-20,VHM,64950,63430,64950,63430,30385.587890625,575880,36528068400
2018-08-21,VHM,64420,63430,63430,64069,30692.796875,741280,47493068320
2018-08-22,VHM,64599,63900,64069,64069,30692.796875,415780,26638608820
2018-08-23,VHM,65349,64129,64129,65239,31251.35546875,1371780,89493555420
2018-08-24,VHM,65820,64769,65410,65000,31139.640625,1340480,87131200000
2018-08-27,VHM,65239,64890,65239,65000,31139.640625,913670,59388550000
2018-08-28,VHM,65000,64420,65000,64709,31000.00390625,817180,52878900620
2018-08-29,VHM,64709,63140,64709,63140,30245.951171875,303590,19168672600
2018-08-30,VHM,62960,62090,62960,62610,29994.59765625,409540,25641299400
2018-08-31,VHM,64830,60630,62610,60630,29045.05078125,3027640,183565813200
2018-09-04,VHM,62790,60750,62320,61160,29296.400390625,225530,13793414800
2018-09-05,VHM,61800,61270,61680,61800,29603.607421875,318560,19687008000
2018-09-06,VHM,61800,60980,61800,61220,29324.328125,287240,17584832800
2018-09-07,VHM,61220,60630,60630,61100,29268.47265625,459090,28050399000
2018-09-10,VHM,61510,60980,61510,60980,29212.619140625,532950,32499291000
2018-09-11,VHM,61220,60460,60630,60460,28961.263671875,483770,29248734200
2018-09-12,VHM,61100,60520,61100,60630,29045.05078125,605640,36719953200
2018-09-13,VHM,61560,60630,60630,61270,29352.255859375,836910,51277475700
2018-09-14,VHM,61800,61390,61680,61510,29463.966796875,591790,36401002900
2018-09-17,VHM,62210,61450,61510,61510,29463.966796875,1287240,79178132400
2018-09-18,VHM,61510,60630,61510,60980,29212.619140625,207550,12656399000
2018-09-19,VHM,61450,60050,61450,60980,29212.619140625,258160,15742596800
2018-09-20,VHM,61220,60570,61220,61220,29324.328125,336900,20625018000
2018-09-21,VHM,61270,59170,60980,59170,28346.849609375,8102520,479426108400
2018-09-24,VHM,60050,59170,59170,59990,28737.84375,634680,38074453200
2018-09-25,VHM,60280,59230,60050,59700,28598.203125,472130,28186161000
2018-09-26,VHM,59760,59410,59470,59410,28458.564453125,473580,28135387800
2018-09-27,VHM,60920,60050,60050,60630,29045.05078125,525990,31890773700
2018-09-28,VHM,61800,60980,61510,61800,29603.607421875,846730,52327914000
2018-10-01,VHM,62440,60110,62090,60110,28793.697265625,523580,31472393800
2018-10-02,VHM,61220,60520,60810,60630,29045.05078125,534540,32409160200
2018-10-03,VHM,61160,59410,61160,59470,28486.490234375,467970,27830175900
2018-10-04,VHM,60630,59820,60630,59820,28654.05859375,331810,19848874200
2018-10-05,VHM,60630,59520,60630,59520,28514.419921875,304710,18136339200
2018-10-08,VHM,60470,58290,60110,58290,27927.931640625,265800,15493482000
2018-10-09,VHM,59890,58290,59160,58290,27927.931640625,267080,15568093200
2018-10-10,VHM,59380,58290,59380,58360,27962.83984375,378520,22090427200
2018-10-11,VHM,58430,54720,56100,55740,26706.083984375,736740,41065887600
2018-10-12,VHM,57560,55370,55740,56100,26880.634765625,666960,37416456000
2018-10-15,VHM,56100,53190,56100,53260,25519.1484375,505140,26903756400
2018-10-16,VHM,54720,53260,53260,54350,26042.796875,349810,19012173500
2018-10-17,VHM,56100,54640,55590,55660,26671.173828125,300010,16698556600
2018-10-18,VHM,55950,55010,55660,55080,26391.896484375,146220,8053797600
2018-10-19,VHM,55440,53910,54350,54500,26112.615234375,282610,15402245000
2018-10-22,VHM,55010,54420,54500,54420,26077.70703125,252630,13748124600
2018-10-23,VHM,54280,53480,53770,53990,25868.24609375,136760,7383672400
2018-10-24,VHM,54060,52820,53550,52820,25309.685546875,233830,12350900600
2018-10-25,VHM,51150,49540,49910,49910,23913.291015625,479440,23928850400
2018-10-26,VHM,50270,46480,49910,47360,22691.4453125,1004220,47559859200
2018-10-29,VHM,46340,44440,45540,45030,21574.328125,338080,15223742400
2018-10-30,VHM,45900,43710,43790,45240,21679.056640625,574230,25978165200
2018-10-31,VHM,48380,45390,45390,48380,23180.181640625,1099060,53172522800
2018-11-01,VHM,51000,47430,47430,50270,24087.83984375,871070,43788688900
2018-11-02,VHM,53770,51000,51000,52460,25135.138671875,1170010,61378724600
2018-11-05,VHM,53770,51730,53190,52460,25135.138671875,758430,39787237800
2018-11-06,VHM,53190,51730,53190,52460,25135.138671875,379000,19882340000
2018-11-07,VHM,52970,51580,52750,52970,25379.5078125,298710,15822668700
2018-11-08,VHM,54420,53190,53480,54420,26077.70703125,481780,26218467600
2018-11-09,VHM,55810,53910,54280,55370,26531.53515625,520370,28812886900
2018-11-12,VHM,55520,54720,54930,55370,26531.53515625,274460,15196850200
2018-11-13,VHM,55370,53260,53260,55230,26461.716796875,271790,15010961700
2018-11-14,VHM,55370,54640,55230,55230,26461.716796875,284050,15688081500
2018-11-15,VHM,55230,54280,54500,55010,26356.984375,301910,16608069100
2018-11-16,VHM,54570,51360,54280,51870,24855.859375,788790,40914537300
2018-11-19,VHM,53110,50930,52090,53110,25449.328125,323690,17191175900
2018-11-20,VHM,55010,52530,52530,54640,26182.439453125,500750,27360980000
2018-11-21,VHM,55230,53330,54640,55230,26461.716796875,451550,24939106500
2018-11-22,VHM,56830,54640,55010,56100,26880.634765625,504210,28286181000
2018-11-23,VHM,56680,55440,56100,55440,26566.443359375,89640,4969641600
2018-11-26,VHM,56320,55010,55370,56100,26880.634765625,301550,16916955000
2018-11-27,VHM,57270,56390,56460,57050,27334.462890625,399420,22786911000
2018-11-28,VHM,57120,56460,56830,57050,27334.462890625,170200,9709910000
2018-11-29,VHM,57480,57120,57190,57340,27474.103515625,473940,27175719600
2018-11-30,VHM,57480,55370,57340,56680,27159.912109375,593960,33665652800
2018-12-03,VHM,57340,56610,57190,56610,27125.001953125,194530,11012343300
2018-12-04,VHM,60470,56830,56830,59740,28626.12890625,700280,41834727200
2018-12-05,VHM,60110,58290,58290,58800,28172.30078125,384670,22618596000
2018-12-06,VHM,59670,58650,59010,59310,28416.669921875,256140,15191663400
2018-12-07,VHM,59310,58290,59310,58290,27927.931640625,250620,14608639800
2018-12-10,VHM,58290,57560,58140,58290,27927.931640625,345240,20124039600
2018-12-11,VHM,59310,58210,59310,58500,28032.6640625,141650,8286525000
2018-12-12,VHM,58580,58070,58500,58500,28032.6640625,204900,11986650000
2018-12-13,VHM,59230,58360,58360,58500,28032.6640625,162470,9504495000
2018-12-14,VHM,58500,57920,58500,58140,27858.11328125,97030,5641324200
2018-12-17,VHM,58210,55740,58140,56460,27055.18359375,461140,26035964400
2018-12-18,VHM,56830,55010,55370,56460,27055.18359375,323660,18273843600
2018-12-19,VHM,56830,55880,56830,56460,27055.18359375,217620,12286825200
2018-12-20,VHM,56540,55950,55950,56390,27020.275390625,184090,10380835100
2018-12-21,VHM,55950,53840,55950,53840,25798.427734375,1469270,79105496800
2018-12-24,VHM,55370,54130,54640,54210,25972.9765625,172180,9333877800
2018-12-25,VHM,53910,52680,53190,53550,25658.7890625,232270,12438058500
2018-12-26,VHM,53550,52020,53260,52460,25135.138671875,547940,28744932400
2018-12-27,VHM,53840,53110,53840,53400,25588.96875,304690,16270446000
2018-12-28,VHM,54280,53480,53770,53480,25588.96875,399190,21348681200
2019-01-02,VHM,53700,52970,53700,53550,25658.7890625,334420,17908191000
2019-01-03,VHM,53330,52090,52530,53330,25554.056640625,475210,25342949300
2019-01-04,VHM,54280,51660,52460,53910,25833.3359375,277640,14967572400
2019-01-07,VHM,54350,53400,54350,54060,25903.15625,186030,10056781800
2019-01-08,VHM,54060,53260,53910,54060,25903.15625,205460,11107167600
2019-01-09,VHM,54280,53910,54280,54060,25903.15625,92720,5012443200
2019-01-10,VHM,54350,53550,54280,54350,26042.796875,108550,5899692500
2019-01-11,VHM,55810,54420,54570,55810,26740.99609375,241490,13477556900
2019-01-14,VHM,56830,55810,56830,56320,26985.365234375,193920,10921574400
2019-01-15,VHM,58210,56100,56100,58210,27893.021484375,297510,17318057100
2019-01-16,VHM,59740,57630,58210,58500,28032.6640625,327390,19152315000
2019-01-17,VHM,59160,58140,58940,58140,27858.11328125,214330,12461146200
2019-01-18,VHM,59090,57560,58580,58650,28102.482421875,289350,16970377500
2019-01-21,VHM,59010,58290,59010,58650,28102.482421875,411510,24135061500
2019-01-22,VHM,59010,57990,58720,57990,27788.29296875,285720,16568902800
2019-01-23,VHM,58290,57560,58210,57990,27788.29296875,214610,12445233900
2019-01-24,VHM,57990,56830,57990,57410,27509.013671875,176750,10147217500
2019-01-25,VHM,57340,56460,57190,56830,27229.732421875,226260,12858355800
2019-01-28,VHM,58720,56680,58290,58720,28137.390625,284550,16708776000
2019-01-29,VHM,59380,58650,59380,59380,28451.580078125,334250,19847765000
2019-01-30,VHM,59740,58580,58580,59740,28626.12890625,246940,14752195600
2019-01-31,VHM,59740,57990,59740,58290,27927.931640625,773010,45058752900
2019-02-01,VHM,58290,57990,58290,58290,27927.931640625,974540,56805936600
2019-02-11,VHM,59010,57990,59010,58210,27893.021484375,353110,20554533100
2019-02-12,VHM,58580,57920,58580,58290,27927.931640625,531210,30964230900
2019-02-13,VHM,58870,57780,58360,58290,27927.931640625,506510,29524467900
2019-02-14,VHM,60180,58360,58580,59670,28591.220703125,971710,57981935700
2019-02-15,VHM,59740,59090,59740,59160,28346.849609375,422250,24980310000
2019-02-18,VHM,59740,58870,59380,59740,28346.849609375,607000,36262180000
2019-02-19,VHM,63900,60110,60110,63390,30371.626953125,1244300,78876177000
2019-02-20,VHM,66150,63390,63390,65860,31558.560546875,815580,53714098800
2019-02-21,VHM,70450,64989,65940,70450,33757.88671875,1209870,85235341500
2019-02-22,VHM,70310,67540,69210,67830,32501.12890625,950950,64502938500
2019-02-25,VHM,69290,66520,68850,67030,32117.126953125,838040,56173821200
2019-02-26,VHM,67760,65570,67030,67030,32117.126953125,1103360,73958220800
2019-02-27,VHM,67980,66660,67760,67540,32361.4921875,896260,60533400400
2019-02-28,VHM,67250,63750,67100,63750,30546.17578125,1270190,80974612500
2019-03-01,VHM,66590,63750,64480,66300,31768.021484375,806340,53460342000
2019-03-04,VHM,68120,65280,67030,67900,32536.04296875,910620,61831098000
2019-03-05,VHM,67680,65940,67170,66300,31768.021484375,1152650,76420695000
2019-03-06,VHM,66960,66150,66300,66880,32047.30078125,592410,39620380800
2019-03-07,VHM,69430,66960,67030,67030,32117.126953125,1306970,87606199100
2019-03-08,VHM,67680,66590,67030,66660,31942.5703125,699850,46652001000
2019-03-11,VHM,67250,65570,66300,65570,31418.923828125,533740,34997331800
2019-03-12,VHM,67470,66230,66450,67250,32221.849609375,864570,58142332500
2019-03-13,VHM,69940,67390,67390,68490,32815.32421875,1654850,113340676500
2019-03-14,VHM,68920,67610,68700,68490,32815.32421875,708190,48503933100
2019-03-15,VHM,68490,67390,68490,67980,32570.953125,2496760,169729744800
2019-03-18,VHM,69140,68490,68490,68700,32920.05078125,1056390,72573993000
2019-03-19,VHM,69360,68120,69210,68490,32815.32421875,1100900,75400641000
2019-03-20,VHM,68050,66300,68050,67170,32186.939453125,1061950,71331181500
2019-03-21,VHM,67760,64260,67760,64260,30790.544921875,1009930,64898101800
2019-03-22,VHM,66450,64110,64920,66370,31802.931640625,957080,63521399600
2019-03-25,VHM,65209,63750,65209,64840,31069.826171875,793070,51422658800
2019-03-26,VHM,66080,65209,65570,65500,31384.01171875,617980,40477690000
2019-03-27,VHM,66300,65500,66300,65640,31453.833984375,389620,25574656800
2019-03-28,VHM,67980,65570,65790,67830,32501.12890625,894540,60676648200
2019-03-29,VHM,68700,66660,68490,66660,31942.5703125,1054060,70263639600
2019-04-01,VHM,68340,66880,67320,67320,32256.763671875,334480,22517193600
2019-04-02,VHM,68270,67030,68050,67170,32186.939453125,359690,24160377300
2019-04-03,VHM,67170,66370,67170,67030,32117.126953125,281350,18858890500
2019-04-04,VHM,67610,66520,67030,67030,32117.126953125,489550,32814536500
2019-04-05,VHM,67900,67100,67390,67470,32326.580078125,454260,30648922200
2019-04-08,VHM,68920,67540,67760,68920,33024.77734375,657320,45302494400
2019-04-09,VHM,69940,67760,69210,68340,32745.498046875,973210,66509171400
2019-04-10,VHM,68340,67250,68340,67390,32291.669921875,328400,22130876000
2019-04-11,VHM,68340,67170,67610,68120,32640.775390625,233360,15896483200
2019-04-12,VHM,68190,67030,68050,67980,32570.953125,299590,20366128200
2019-04-16,VHM,66960,63970,65570,66300,31768.021484375,913790,60584277000
2019-04-17,VHM,66960,65349,66300,65430,31349.1015625,761350,49815130500
2019-04-18,VHM,65940,64190,65500,64840,31069.826171875,609680,39531651200
2019-04-19,VHM,65860,64840,64840,64840,31069.826171875,258960,16790966400
2019-04-22,VHM,65570,64550,65349,65570,31418.923828125,211620,13875923400
2019-04-23,VHM,65570,64769,65349,64840,31069.826171875,494910,32089964400
2019-04-24,VHM,65720,65349,65349,65349,31314.193359375,629420,41131967580
2019-04-25,VHM,65720,65129,65209,65720,31488.74609375,680080,44694857600
2019-04-26,VHM,67030,65500,65720,67030,32117.126953125,1070350,71745560500
2019-05-02,VHM,67250,66230,67030,66590,31907.6640625,452510,30132640900
2019-05-03,VHM,66880,65860,66880,65860,31558.560546875,621150,40908939000
2019-05-06,VHM,65570,64550,65570,64840,31069.826171875,522550,33882142000
2019-05-07,VHM,65430,63900,65430,64040,30685.814453125,576290,36905611600
2019-05-08,VHM,63600,62220,63390,62370,29882.88671875,894240,55773748800
2019-05-09,VHM,62370,60910,61930,61560,29498.876953125,983320,60533179200
2019-05-10,VHM,62660,61050,62370,61200,29324.328125,980260,59991912000
2019-05-13,VHM,62070,61050,61050,61930,29673.427734375,691670,42835123100
2019-05-14,VHM,62660,61200,61200,61930,29673.427734375,1322520,81903663600
2019-05-15,VHM,63020,62070,62070,62660,30022.525390625,1134300,71075238000
2019-05-16,VHM,63460,62440,62660,63390,30371.626953125,953330,60431588700
2019-05-17,VHM,63390,62880,63390,63170,30266.89453125,791790,50017374300
2019-05-20,VHM,63240,62510,63020,63240,30301.80859375,638340,40368621600
2019-05-21,VHM,64190,63170,64040,63170,30266.89453125,1056700,66751739000
2019-05-22,VHM,64040,62800,63020,63020,30197.07421875,702510,44272180200
2019-05-23,VHM,63090,62730,63090,63020,30197.07421875,377180,23769883600
2019-05-24,VHM,63170,61560,63170,61560,29498.876953125,854870,52625797200
2019-05-27,VHM,61860,61490,61560,61490,29463.966796875,487560,29980064400
2019-05-28,VHM,61640,60840,61490,60840,29149.779296875,1436600,87402744000
2019-05-29,VHM,61350,60760,61200,60910,29184.6875,921510,56129174100
2019-05-30,VHM,61050,60110,60910,60180,28835.591796875,930290,55984852200
2019-05-31,VHM,60620,59010,60620,59740,28626.12890625,720930,43068358200
2019-06-03,VHM,59740,57990,59740,58720,28137.390625,527220,30958358400
2019-06-04,VHM,59010,57480,58650,58720,28137.390625,557890,32759300800
2019-06-05,VHM,59380,58500,59160,58720,28137.390625,452630,26578433600
2019-06-06,VHM,58870,57480,58650,58500,28032.6640625,582690,34087365000
2019-06-07,VHM,60470,58210,58650,59890,28695.951171875,572380,34279838200
2019-06-10,VHM,60470,59310,60470,59740,28626.12890625,596360,35626546400
2019-06-11,VHM,59740,59230,59740,59670,28591.220703125,375370,22398327900
2019-06-12,VHM,59380,57920,59380,58290,27927.931640625,893930,52107179700
2019-06-13,VHM,58290,55810,57920,58290,27927.931640625,2022580,117896188200
2019-06-14,VHM,58210,57270,57410,58210,27893.021484375,482820,28104952200
2019-06-17,VHM,58210,56540,58210,56830,27229.732421875,458320,26046325600
2019-06-18,VHM,56830,55590,56680,56830,27229.732421875,1640620,93236434600
2019-06-19,VHM,57050,56680,56900,56900,27264.642578125,729570,41512533000
2019-06-20,VHM,57480,56830,57120,57120,27369.373046875,1561250,89178600000
2019-06-21,VHM,57780,57190,57190,57190,27404.283203125,3742200,214016418000
2019-06-24,VHM,58580,57270,57270,57920,27753.3828125,1452270,84115478400
2019-06-25,VHM,58360,57920,58140,57920,27753.3828125,866490,50187100800
2019-06-26,VHM,57990,57340,57780,57560,27578.833984375,1174210,67587527600
2019-06-27,VHM,57560,56460,57560,56460,27055.18359375,815110,46021110600
2019-06-28,VHM,57920,55740,55810,57780,27683.560546875,928700,53660286000
2019-07-01,VHM,59010,57780,57920,59010,28277.03125,1090570,64354535700
2019-07-02,VHM,59160,58290,59010,59090,28311.943359375,1087630,64268056700
2019-07-03,VHM,59740,58360,58720,59740,28626.12890625,1517660,90665008400
2019-07-04,VHM,61930,59670,59740,61930,28626.12890625,2075630,128543765900
2019-07-05,VHM,62660,60840,61350,62660,28626.12890625,1234430,77349383800
2019-07-08,VHM,62070,60470,61930,60470,28626.12890625,666020,40274229400
2019-07-09,VHM,61050,60110,60470,60540,28626.12890625,579540,35085351600
2019-07-10,VHM,61050,60540,60540,60760,28626.12890625,321230,19517934800
2019-07-11,VHM,61130,60540,60980,60540,28626.12890625,392510,23762555400
2019-07-12,VHM,60980,60030,60540,60540,28626.12890625,626820,37947682800
2019-07-15,VHM,60470,59230,60540,59740,28626.12890625,713050,42597607000
2019-07-16,VHM,61200,59740,59740,61130,28626.12890625,833350,50942685500
2019-07-17,VHM,62290,61130,61130,61200,29324.328125,816530,49971636000
2019-07-18,VHM,61200,60470,60470,61200,29324.328125,513470,31424364000
2019-07-19,VHM,62150,60760,60470,61560,29498.876953125,1028110,63290451600
2019-07-22,VHM,61640,61050,61560,61640,29533.7890625,471720,29076820800
2019-07-23,VHM,62660,61420,61640,62510,29952.708984375,826210,51646387100
2019-07-24,VHM,63170,62070,62660,62510,29952.708984375,542990,33942304900
2019-07-25,VHM,64769,62290,62510,63750,29952.708984375,1379690,87955237500
2019-07-26,VHM,64040,63090,63750,63750,29952.708984375,473900,30211125000
2019-07-29,VHM,64110,63240,63750,63970,29952.708984375,423030,27061229100
2019-07-30,VHM,65129,61200,65129,61200,29952.708984375,987720,60448464000
2019-07-31,VHM,64989,61930,61930,64260,30790.544921875,991720,63727927200
2019-08-01,VHM,66150,64110,64840,65940,31593.47265625,913610,60243443400
2019-08-02,VHM,65720,64190,64550,65720,31488.74609375,627380,41231413600
2019-08-05,VHM,65570,62070,64840,62070,29743.24609375,902620,56025623400
2019-08-06,VHM,61710,60400,61560,60840,29743.24609375,960830,58456897200
2019-08-07,VHM,62150,60690,61930,61200,29324.328125,724520,44340624000
2019-08-08,VHM,63040,60980,61940,62310,29854.28515625,556040,34646852400
2019-08-09,VHM,62670,61640,62670,61940,29854.28515625,352540,21836327600
2019-08-12,VHM,62160,61420,61500,62080,29748.294921875,229140,14225011200
2019-08-13,VHM,61940,60540,61940,61130,29289.0,723240,44211661200
2019-08-14,VHM,62230,61200,61570,61200,29324.328125,487320,29823984000
2019-08-15,VHM,61940,59730,60460,61940,29677.6328125,368870,22847807800
2019-08-16,VHM,62820,61570,61640,61570,29677.6328125,589570,36299824900
2019-08-19,VHM,62160,61570,61940,62080,29677.6328125,341980,21230118400
2019-08-20,VHM,64000,62080,62080,63930,29677.6328125,642320,41063517600
2019-08-21,VHM,64890,63710,63850,64370,30843.5390625,548090,35280553300
2019-08-22,VHM,64810,64000,64519,64810,31055.521484375,380330,24649187300
2019-08-23,VHM,64890,64150,64890,64150,30737.55078125,582580,37372507000
2019-08-26,VHM,63560,62670,62670,63340,30348.912109375,375290,23770868600
2019-08-27,VHM,64810,63340,63340,63850,30596.2265625,871250,55629312500
2019-08-28,VHM,64519,63410,63410,64000,30666.890625,297410,19034240000
2019-08-29,VHM,64150,62900,64000,64000,30666.890625,344570,22052480000
2019-08-30,VHM,64890,64000,64000,64739,30666.890625,436220,28240446580
2019-09-03,VHM,64810,64300,64739,64590,30949.533203125,243420,15722497800
2019-09-04,VHM,65770,64300,64670,65620,31444.162109375,862730,56612342600
2019-09-05,VHM,66070,65330,65620,65620,31444.162109375,429760,28200851200
2019-09-06,VHM,65620,64890,65620,65480,31373.5,243750,15960750000
2019-09-09,VHM,65480,64810,65480,65180,31232.177734375,336920,21960445600
2019-09-10,VHM,65260,64370,65180,64890,31090.853515625,317650,20612308500
2019-09-11,VHM,64739,63260,64519,63630,30490.23828125,549770,34981865100
2019-09-12,VHM,64440,63630,64440,64080,30702.220703125,289830,18572306400
2019-09-13,VHM,64890,63490,64440,64890,31090.853515625,361780,23475904200
2019-09-16,VHM,65550,64220,64220,65260,31267.505859375,563460,36771399600
2019-09-17,VHM,66730,65180,65260,66580,31903.458984375,921810,61374109800
2019-09-18,VHM,66730,66290,66580,66660,31938.787109375,437190,29143085400
2019-09-19,VHM,66660,65110,66660,66580,31903.458984375,506070,33694140600
2019-09-20,VHM,66660,65990,66660,66070,31656.14453125,1032290,68203400300
2019-09-23,VHM,66290,65480,66070,65990,31620.8125,267270,17637147300
2019-09-24,VHM,66210,65550,65990,65990,31620.8125,286560,18910094400
2019-09-25,VHM,66290,65400,65700,65990,31620.8125,227170,14990948300
2019-09-26,VHM,66290,64519,65990,65400,31338.16796875,533860,34914444000
2019-09-27,VHM,66210,65110,65400,65850,31550.150390625,384950,25348957500
2019-09-30,VHM,66360,65550,66360,65850,31550.150390625,491120,32340252000
2019-10-01,VHM,65990,65400,65990,65770,31514.818359375,231930,15254036100
2019-10-02,VHM,65850,65260,65770,65620,31444.162109375,462090,30322345800
2019-10-03,VHM,65850,64890,65260,65850,31550.150390625,327140,21542169000
2019-10-04,VHM,65990,65180,65990,65770,31514.818359375,428530,28184418100
2019-10-07,VHM,65620,65030,65620,65620,31444.162109375,481420,31590780400
2019-10-08,VHM,65620,64959,65620,65330,31302.833984375,315010,20579603300
2019-10-09,VHM,65480,64959,65330,65260,31267.505859375,293220,19135537200
2019-10-10,VHM,65330,64590,65330,65260,31267.505859375,359140,23437476400
2019-10-11,VHM,65330,64890,65330,65180,31232.177734375,450000,29331000000
2019-10-14,VHM,65180,64519,65180,64810,31055.521484375,285650,18512976500
2019-10-15,VHM,64739,63260,64519,63710,30525.568359375,643130,40973812300
2019-10-16,VHM,63710,62900,63710,63710,30525.568359375,630230,40151953300
2019-10-17,VHM,64890,62900,63630,63780,30560.89453125,688380,43904876400
2019-10-18,VHM,64370,63560,63780,64150,30737.55078125,327740,21024521000
2019-10-21,VHM,64150,63120,64150,63780,30560.89453125,484630,30909701400
2019-10-22,VHM,64000,63340,63780,63410,30384.2421875,350630,22233448300
2019-10-23,VHM,63410,62670,63410,63340,30348.912109375,535550,33921737000
2019-10-24,VHM,63490,62820,63190,63490,30419.57421875,543560,34510624400
2019-10-25,VHM,63560,62970,63410,63410,30384.2421875,681140,43191087400
2019-10-28,VHM,63930,63040,63410,63410,30384.2421875,728480,46192916800
2019-10-29,VHM,64890,64080,64150,64590,30949.533203125,1014970,65556912300
2019-10-30,VHM,65700,64670,64890,65480,31373.5,737640,48300667200
2019-10-31,VHM,66210,65400,65480,65620,31444.162109375,1008560,66181707200
2019-11-01,VHM,70200,65770,65920,70200,33634.65234375,2594030,182100906000
2019-11-04,VHM,71890,69830,70560,70790,33917.296875,1124510,79604062900
2019-11-05,VHM,72630,70640,70790,72190,34588.578125,1836960,132610142400
2019-11-06,VHM,74470,71820,71820,73290,35118.53125,1675310,122783469900
2019-11-07,VHM,75430,73070,73070,73370,35153.86328125,2081650,152730660500
2019-11-08,VHM,73660,72260,73370,72630,34800.5625,1233370,89579663100
2019-11-11,VHM,73510,72190,72560,72780,34871.22265625,765160,55688344800
2019-11-12,VHM,73290,71890,73000,72110,34553.24609375,1380830,99571651300
2019-11-13,VHM,72410,71230,72110,71600,34305.9296875,1305680,93486688000
2019-11-14,VHM,73220,70930,72480,71080,34058.6171875,1480640,105243891200
2019-11-15,VHM,71820,70930,71670,71010,34023.2890625,1018490,72322974900
2019-11-18,VHM,71380,70560,71150,71010,34023.2890625,1168830,82998618300
2019-11-19,VHM,72560,70710,71150,71150,34093.9453125,2305620,164044863000
2019-11-20,VHM,71670,70200,71670,70930,33987.95703125,2010940,142635974200
2019-11-21,VHM,71080,70120,70930,70270,33669.984375,3202820,225062161400
2019-11-22,VHM,70710,66580,68940,68940,33034.03515625,3791930,261415654200
2019-11-25,VHM,69240,67620,68200,68720,32928.04296875,2300820,158112350400
2019-11-26,VHM,69380,68790,69310,68790,32963.375,3284780,225960016200
2019-11-27,VHM,68940,68430,68940,68570,32857.37890625,2135110,146404492700
2019-11-28,VHM,68570,67470,68570,67540,32362.751953125,2598710,175516873400
2019-11-29,VHM,67840,66950,67540,67760,32468.7421875,2839310,192391645600
2019-12-02,VHM,68570,67390,68200,67760,32468.7421875,4407620,298660331200
2019-12-03,VHM,68060,65990,67250,67690,32468.7421875,3357960,227300312400
2019-12-04,VHM,68060,66800,67620,67690,32468.7421875,2450900,165901421000
2019-12-05,VHM,68940,67690,68430,67840,32468.7421875,3418400,231904256000
2019-12-06,VHM,67980,67540,67840,67840,32504.078125,2525080,171301427200
2019-12-09,VHM,68570,67470,67840,67840,32504.078125,625460,42431206400
2019-12-10,VHM,68060,64890,68060,67470,32327.423828125,1548550,104480668500
2019-12-11,VHM,67470,65920,67320,67170,32186.099609375,645660,43368982200
2019-12-12,VHM,67250,66360,67170,67250,32221.427734375,884980,59514905000
2019-12-13,VHM,67390,65700,67250,65700,31479.48828125,419210,27542097000
2019-12-16,VHM,65260,63120,64590,63490,30419.57421875,1437780,91284652200
2019-12-17,VHM,64150,62380,63490,63040,30207.59375,859640,54191705600
2019-12-18,VHM,63040,61200,62450,61860,29642.302734375,1339840,82882502400
2019-12-19,VHM,62670,60830,61790,61860,29642.302734375,1047500,64798350000
2019-12-20,VHM,63120,61940,61940,62080,29748.294921875,1525190,94683795200
2019-12-23,VHM,62670,61640,62670,61790,29606.97265625,568720,35141208800
2019-12-24,VHM,61790,60320,61420,61720,29571.64453125,838840,51773204800
2019-12-25,VHM,62080,61050,61720,61720,29571.64453125,361820,22331530400
2019-12-26,VHM,62600,61350,61720,62080,29748.294921875,426570,26481465600
2019-12-27,VHM,62600,61500,62080,62310,29854.28515625,519680,32381260800
2019-12-30,VHM,63850,62230,62230,63040,30207.59375,896520,56516620800
2019-12-31,VHM,63260,62310,63040,62530,29960.27734375,430660,26929169800
2020-01-02,VHM,63040,62310,62310,62600,29995.609375,238600,14936360000
2020-01-03,VHM,62970,62380,62600,62820,30101.599609375,394470,24780605400
2020-01-06,VHM,62670,61050,62380,61500,29465.65234375,1025270,63054105000
2020-01-07,VHM,62530,61200,61200,61790,29606.97265625,590360,36478344400
2020-01-08,VHM,61570,59730,61200,60830,29147.677734375,553690,33680962700
2020-01-09,VHM,61720,61130,61500,61420,29430.318359375,421250,25873175000
2020-01-10,VHM,62600,60980,61420,62310,29854.28515625,699780,43603291800
2020-01-13,VHM,64000,62310,62530,63630,30490.23828125,882160,56131840800
2020-01-14,VHM,64000,63490,63560,63630,30490.23828125,361600,23008608000
2020-01-15,VHM,63780,63260,63780,63630,30490.23828125,420650,26765959500
2020-01-16,VHM,63710,63340,63710,63490,30419.57421875,441860,28053691400
2020-01-17,VHM,64810,63410,63560,63410,30384.2421875,552190,35014367900
2020-01-20,VHM,63710,63190,63410,63410,30384.2421875,711830,45137140300
2020-01-21,VHM,64519,63410,63410,64519,30914.205078125,653680,42174779920
2020-01-22,VHM,65990,64370,64440,65920,31585.482421875,673070,44368774400
2020-01-30,VHM,64739,63260,64300,64440,30878.869140625,1414000,91118160000
2020-01-31,VHM,65260,64220,64519,64519,30914.205078125,1284370,82866268030
2020-02-03,VHM,63340,60460,61350,62820,30101.599609375,755310,47448574200
2020-02-04,VHM,63780,62670,62820,63190,30278.25390625,829790,52434430100
2020-02-05,VHM,64000,62970,64000,63410,30384.2421875,2410370,152841561700
2020-02-06,VHM,64150,63410,64000,64000,30666.890625,484420,31002880000
2020-02-07,VHM,64739,64000,64080,64150,30737.55078125,587610,37695181500
2020-02-10,VHM,63930,63260,63490,63560,30454.90625,373600,23746016000
2020-02-11,VHM,63710,63040,63410,63560,30454.90625,602090,38268840400
2020-02-12,VHM,63930,63560,63930,63780,30560.89453125,395320,25213509600
2020-02-13,VHM,63710,63040,63560,63410,30384.2421875,421050,26698780500
2020-02-14,VHM,65330,63040,63040,64590,30949.533203125,481520,31101376800
2020-02-17,VHM,64890,63780,64890,63930,30631.556640625,164600,10522878000
2020-02-18,VHM,64150,63120,63850,63410,30384.2421875,323870,20536596700
2020-02-19,VHM,63780,62820,63120,63410,30384.2421875,514110,32599715100
2020-02-20,VHM,64370,63340,63780,64080,30702.220703125,271380,17390030400
2020-02-21,VHM,64080,63410,63780,63490,30419.57421875,184170,11692953300
2020-02-24,VHM,62750,61420,61420,61940,29677.6328125,619380,38364397200
2020-02-25,VHM,61790,59730,60680,61270,29359.66015625,410300,25139081000
2020-02-26,VHM,61200,59210,61200,59650,28582.38671875,651880,38884642000
2020-02-27,VHM,59730,58250,58910,59580,28547.05859375,1280250,76277295000
2020-02-28,VHM,59280,57880,57880,59280,28405.734375,860760,51025852800
2020-03-02,VHM,59430,58250,58320,59360,28441.068359375,447980,26592092800
2020-03-03,VHM,59800,59140,59360,59360,28441.068359375,742520,44075987200
2020-03-04,VHM,59360,58180,58320,59360,28441.068359375,901070,53487515200
2020-03-05,VHM,60090,59060,59060,59730,28617.71875,361110,21569100300
2020-03-06,VHM,59650,58250,58990,59650,28582.38671875,339740,20265491000
2020-03-09,VHM,57960,55520,57960,55520,26603.87890625,973190,54031508800
2020-03-10,VHM,56410,52350,52350,56410,27027.845703125,1050110,59236705100
2020-03-11,VHM,56630,52500,56410,56410,27027.845703125,932900,52624889000
2020-03-12,VHM,55670,52500,55670,53090,25437.97265625,1161120,61643860800
2020-03-13,VHM,53090,49400,49400,53090,25437.97265625,1337180,70990886200
2020-03-16,VHM,52940,49770,52350,52940,25367.3125,968810,51288801400
2020-03-17,VHM,52650,49770,49770,51540,24696.03125,1095460,56460008400
2020-03-18,VHM,51840,49770,51390,51250,24554.708984375,1707750,87522187500
2020-03-19,VHM,51100,47930,49620,50510,24201.404296875,1482170,74864406700
2020-03-20,VHM,50510,47040,50510,47040,22540.869140625,1351550,63576912000
2020-03-23,VHM,45720,43800,44240,43800,20986.326171875,198200,8681160000
2020-03-24,VHM,43060,40780,40850,40780,19537.77734375,2036510,83048877800
2020-03-25,VHM,43580,39820,42030,43580,20880.3359375,1832290,79851198200
2020-03-26,VHM,46450,42180,43580,44980,21551.615234375,2020820,90896483600
2020-03-27,VHM,45270,43140,44240,44240,21198.310546875,710770,31444464800
2020-03-30,VHM,42030,41140,41140,41140,19714.4296875,929820,38252794800
2020-03-31,VHM,42690,38340,41140,40550,19431.783203125,661010,26803955500
2020-04-01,VHM,42250,39230,39230,40410,19361.123046875,553900,22383099000
2020-04-03,VHM,42550,40700,41440,42550,20385.70703125,940470,40016998500
2020-04-06,VHM,45490,43210,44240,45490,21798.9296875,534020,24292569800
2020-04-07,VHM,48670,45790,48300,48670,23318.142578125,902670,43932948900
2020-04-08,VHM,51610,47190,47560,51610,24731.361328125,950920,49076981200
2020-04-09,VHM,52280,50730,51610,50880,24378.0546875,854470,43475433600
2020-04-10,VHM,51020,49400,50510,49480,23706.775390625,513310,25398578800
2020-04-13,VHM,51250,49480,50140,49620,23777.4375,449470,22302701400
2020-04-14,VHM,50800,49030,50140,50140,24024.751953125,642490,32214448600
2020-04-15,VHM,50880,49770,50430,49990,23954.091796875,533620,26675663800
2020-04-16,VHM,50290,49260,49840,49770,23848.099609375,670940,33392683800
2020-04-17,VHM,51020,49770,49770,50510,24201.404296875,734070,37077875700
2020-04-20,VHM,51170,50140,51170,50510,24201.404296875,512370,25879808700
2020-04-21,VHM,50360,48740,50140,50140,24024.751953125,1213590,60849402600
2020-04-22,VHM,50140,48080,48080,48220,23106.158203125,1303590,62859109800
2020-04-23,VHM,49700,48370,49400,49110,23530.125,1093030,53678703300
2020-04-24,VHM,49260,47410,49110,47930,22964.8359375,2147870,102947409100
2020-04-27,VHM,49330,47190,48300,47560,22788.18359375,1235530,58761806800
2020-04-28,VHM,50510,47560,49400,47630,22823.515625,3631100,172949293000
2020-04-29,VHM,47930,46670,46900,46900,22823.515625,2701200,126686280000
2020-05-04,VHM,47850,46900,46900,47850,22929.505859375,1577040,75461364000
2020-05-05,VHM,48300,46750,47710,46900,22470.208984375,2397120,112424928000
2020-05-06,VHM,49770,46750,46900,49400,23671.4453125,4286630,211759522000
2020-05-07,VHM,50140,48810,49770,49840,23883.427734375,1474450,73486588000
2020-05-08,VHM,53310,49990,50140,52280,25049.3359375,3635800,190079624000
2020-05-11,VHM,54490,52200,54200,54200,25967.9296875,2792640,151361088000
2020-05-12,VHM,54490,53090,54050,54200,25967.9296875,1769100,95885220000
2020-05-13,VHM,53830,52280,53530,52650,25225.98828125,3373310,177604771500
2020-05-14,VHM,52650,51910,52280,52060,24943.345703125,2268270,118086136200
2020-05-15,VHM,53090,51980,52350,52790,24943.345703125,1556450,82164995500
2020-05-18,VHM,53530,52280,52570,53020,24943.345703125,1656080,87805361600
2020-05-19,VHM,55080,53310,53830,53970,26391.896484375,3688710,199079678700
2020-05-20,VHM,56850,53680,53750,56850,26391.896484375,4298310,244358923500
2020-05-21,VHM,57880,56630,57140,57510,27557.80078125,2266430,130342389300
2020-05-22,VHM,57070,55740,56780,56410,27027.845703125,2154460,121533088600
2020-05-25,VHM,57880,55150,56330,56630,27133.8359375,4664450,264147803500
2020-05-26,VHM,57440,56330,57140,56330,27522.474609375,2996560,168796224800
2020-05-27,VHM,57220,55010,56410,55080,26391.896484375,3769070,207600375600
2020-05-28,VHM,56040,54860,55230,55300,26497.888671875,4347270,240404031000
2020-05-29,VHM,56850,55670,55740,56480,27063.17578125,3942120,222650937600
2020-06-01,VHM,58620,57000,57070,58320,27946.439453125,3254070,189777362400
2020-06-02,VHM,58400,57290,58320,57370,27487.142578125,2635920,151222730400
2020-06-03,VHM,57730,57070,57510,57440,27522.474609375,2655470,152530196800
2020-06-04,VHM,58030,56780,57510,57140,27381.1484375,3127800,178722492000
2020-06-05,VHM,57440,56480,56850,57000,27381.1484375,2191420,124910940000
2020-06-08,VHM,58030,57140,57510,57370,27381.1484375,2663380,152798110600
2020-06-09,VHM,58030,57070,57510,57220,27381.1484375,2837400,162356028000
2020-06-10,VHM,57370,56700,57220,57140,27381.1484375,3218980,183932517200
2020-06-11,VHM,57960,56410,57140,56410,27027.845703125,5714800,322371868000
2020-06-12,VHM,55740,54200,54200,55300,26497.888671875,3152190,174316107000
2020-06-15,VHM,55820,51610,55740,51610,24731.361328125,3356780,173243415800
2020-06-16,VHM,55230,53160,53680,55230,26462.556640625,3077090,169947680700
2020-06-17,VHM,57220,55300,56260,56040,26851.19140625,2173040,121777161600
2020-06-18,VHM,56550,55600,55740,56410,27027.845703125,1636400,92309324000
2020-06-19,VHM,56920,56110,56110,56410,27027.845703125,1688070,95224028700
2020-06-22,VHM,57810,56700,57000,57730,27663.794921875,2797780,161515839400
2020-06-23,VHM,58030,56110,58030,57290,27451.810546875,2146280,122960381200
2020-06-24,VHM,57960,55670,57290,55820,26745.201171875,2004540,111893422800
2020-06-25,VHM,55960,54790,55150,55670,26674.5390625,1241690,69124882300
2020-06-26,VHM,56480,55300,56040,55740,26709.87109375,753970,42026287800
2020-06-29,VHM,55300,53970,55300,54560,26144.58203125,1068990,58324094400
2020-06-30,VHM,56780,54790,55300,55670,26674.5390625,2302620,128186855400
2020-07-01,VHM,56780,55520,55520,56700,27169.16796875,936450,53096715000
2020-07-02,VHM,57070,56330,56780,56700,27169.16796875,893400,50655780000
2020-07-03,VHM,57370,56700,56780,57370,27487.142578125,1382270,79300829900
2020-07-06,VHM,60090,57070,57730,59580,28547.05859375,4330280,257998082400
2020-07-07,VHM,60390,59360,59730,59580,28547.05859375,1414070,84250290600
2020-07-08,VHM,59730,58840,59210,59280,28405.734375,800360,47445340800
2020-07-09,VHM,60240,59210,59580,59580,28547.05859375,1220730,72731093400
2020-07-10,VHM,59500,58250,59360,58550,28547.05859375,1706520,99916746000
2020-07-13,VHM,59060,58320,59060,58320,27946.439453125,988800,57666816000
2020-07-14,VHM,59730,57880,58100,59360,28441.068359375,1461550,86757608000
2020-07-15,VHM,61200,59580,59950,59800,28441.068359375,2351560,140623288000
2020-07-16,VHM,60090,59210,59800,60090,28794.37109375,922350,55424011500
2020-07-17,VHM,60090,59280,60090,59360,28441.068359375,835720,49608339200
2020-07-20,VHM,59800,58250,59360,58400,27981.76953125,1361250,79497000000
2020-07-21,VHM,58620,57140,58470,58100,27840.447265625,2108040,122477124000
2020-07-22,VHM,58620,56780,58100,57140,27381.1484375,1707150,97546551000
2020-07-23,VHM,58100,57140,57140,58100,27840.447265625,882880,51295328000
2020-07-24,VHM,58100,54930,57510,56040,26851.19140625,2649390,148471815600
2020-07-27,VHM,54930,52280,53090,52280,25049.3359375,2662390,139189749200
2020-07-28,VHM,55890,52500,52500,55890,26780.53125,2561800,143179002000
2020-07-29,VHM,55520,53530,55520,54560,26144.58203125,1809000,98699040000
2020-07-30,VHM,56920,54560,54560,56480,27063.17578125,1637120,92464537600
2020-07-31,VHM,57440,55010,55010,57290,27451.810546875,2417730,138511751700
2020-08-03,VHM,58100,56630,56780,57880,27734.45703125,1482350,85798418000
2020-08-04,VHM,58620,57370,58620,58250,27911.107421875,1382760,80545770000
2020-08-05,VHM,58770,57370,58250,58690,28123.091796875,1303680,76512979200
2020-08-06,VHM,58910,57960,58250,58690,28123.091796875,1072220,62928591800
2020-08-07,VHM,58990,57960,58770,58690,28123.091796875,1199110,70375765900
2020-08-10,VHM,58990,58180,58840,58690,28123.091796875,1688770,99113911300
2020-08-11,VHM,58910,57960,58910,58550,28052.4296875,905140,52995947000
2020-08-12,VHM,58690,57810,58690,58550,28052.4296875,1497320,87668086000
2020-08-13,VHM,58770,58030,58620,58550,28052.4296875,2025090,118569019500
2020-08-14,VHM,59650,58180,58180,58770,28158.421875,1189750,69921607500
2020-08-17,VHM,58910,57810,58250,58770,28158.421875,1107050,65061328500
2020-08-18,VHM,58770,57960,58770,58690,28123.091796875,1425980,83690766200
2020-08-19,VHM,59650,58180,58620,58990,28264.4140625,1155260,68148787400
2020-08-20,VHM,60610,58840,58990,58990,28264.4140625,2428430,143253085700
2020-08-21,VHM,59060,58620,58990,58620,28087.76171875,1074330,62977224600
2020-08-24,VHM,59430,58770,58990,58990,28264.4140625,1475240,87024407600
2020-08-25,VHM,59360,58690,58990,58690,28123.091796875,1907340,111941784600
2020-08-26,VHM,59210,58470,58690,58620,28087.76171875,2249680,131876241600
2020-08-27,VHM,58620,57660,58550,57880,27734.45703125,2357000,136423160000
2020-08-28,VHM,58320,57730,58250,57960,27769.78515625,1742840,101015006400
2020-08-31,VHM,58400,57660,57880,57880,27734.45703125,1682380,97376154400
2020-09-01,VHM,58180,57140,57730,58030,27805.115234375,1565620,90852928600
2020-09-03,VHM,59430,58030,58320,58690,28123.091796875,2913590,170998597100
2020-09-04,VHM,59210,58100,58400,58990,28264.4140625,2171010,128067879900
2020-09-07,VHM,59870,58250,59210,58320,27946.439453125,2013250,117412740000
2020-09-08,VHM,58690,57660,58400,57880,27734.45703125,1816120,105117025600
2020-09-09,VHM,57960,57140,57510,57960,27769.78515625,1956880,113420764800
2020-09-10,VHM,59430,57370,58250,57590,27593.1328125,4229990,243605124100
2020-09-11,VHM,57660,57140,57590,57290,27451.810546875,2344930,134341039700
2020-09-14,VHM,57730,57140,57290,57140,27381.1484375,1824670,104261643800
2020-09-15,VHM,57440,56410,57440,56630,27133.8359375,4717630,267159386900
2020-09-16,VHM,57290,56480,56480,56920,27133.8359375,1379550,78523986000
2020-09-17,VHM,57070,56480,56920,56550,27098.505859375,1809830,102345886500
2020-09-18,VHM,56920,56550,56780,56700,27169.16796875,1791160,101558772000
2020-09-21,VHM,57220,56850,56850,56850,27239.830078125,1677550,95368717500
2020-09-22,VHM,56920,56410,56850,56630,27133.8359375,1612500,91315875000
2020-09-23,VHM,57440,56700,56780,57140,27381.1484375,1398940,79935431600
2020-09-24,VHM,57810,56850,57140,56850,27239.830078125,1704250,96886612500
2020-09-25,VHM,57440,56780,56850,56850,27239.830078125,919900,52296315000
2020-09-28,VHM,57370,56480,57000,56480,27063.17578125,2015680,113845606400
2020-09-29,VHM,56700,55380,56550,55520,26603.87890625,3772160,209430323200
2020-09-30,VHM,56330,55380,55520,55670,26674.5390625,1677150,93366940500
2020-10-01,VHM,56920,56110,56260,56850,27239.830078125,1359510,77288143500
2020-10-02,VHM,57070,55300,56780,55960,26815.865234375,1730820,96856687200
2020-10-05,VHM,56700,55960,56040,56040,26851.19140625,1080840,60570273600
2020-10-06,VHM,56630,56040,56040,56110,26886.5234375,1505510,84474166100
2020-10-07,VHM,57070,56110,56110,56630,27133.8359375,2596060,147014877800
2020-10-08,VHM,56920,56260,56780,56480,27063.17578125,1043430,58932926400
2020-10-09,VHM,57070,56410,56480,56780,27204.498046875,1456580,82704612400
2020-10-12,VHM,58400,56780,56920,57140,27381.1484375,4265300,243719242000
2020-10-13,VHM,57960,57220,57440,57590,27593.1328125,1233860,71057997400
2020-10-14,VHM,58180,57590,57810,57880,27734.45703125,2030870,117546755600
2020-10-15,VHM,58320,57140,58030,57140,27381.1484375,2689830,153696886200
2020-10-16,VHM,57440,56700,57440,56780,27204.498046875,1811510,102857537800
2020-10-19,VHM,56780,56040,56630,56110,26886.5234375,2467450,138448619500
2020-10-20,VHM,56480,55890,56110,56190,26921.853515625,2257630,126856229700
2020-10-21,VHM,57290,56190,56330,56330,26992.515625,1862630,104921947900
2020-10-22,VHM,57140,56190,56410,57140,27381.1484375,1591870,90959451800
2020-10-23,VHM,58910,57370,57510,58620,28087.76171875,5830890,341806771800
2020-10-26,VHM,59800,57880,59360,57880,27734.45703125,3668950,212358826000
2020-10-27,VHM,58400,57220,58250,57220,27416.482421875,2422480,138614305600
2020-10-28,VHM,57290,55740,56920,55740,26709.87109375,3139990,175023042600
2020-10-29,VHM,56550,55600,55670,56190,26921.853515625,2088330,117343262700
2020-10-30,VHM,56780,55230,56780,56040,26851.19140625,3013800,168893352000
2020-11-02,VHM,56260,55600,56040,55960,26815.865234375,1162890,65075324400
2020-11-03,VHM,56190,55670,56190,55890,26780.53125,2067320,115542514800
2020-11-04,VHM,56410,55820,56040,55960,26815.865234375,1825770,102170089200
2020-11-05,VHM,56700,55820,56040,55820,26745.201171875,1779570,99335597400
2020-11-06,VHM,56040,55740,55820,55820,26745.201171875,1695290,94631087800
2020-11-09,VHM,57510,56040,56040,57510,27557.80078125,3746870,215482493700
2020-11-10,VHM,58250,57070,58030,57070,27345.8203125,3627750,207035692500
2020-11-11,VHM,57590,56480,57440,56480,27063.17578125,2717770,153499649600
2020-11-12,VHM,57140,56480,56480,56920,27275.16015625,1464300,83347956000
2020-11-13,VHM,57880,56920,56920,57730,27663.794921875,2425260,140010259800
2020-11-16,VHM,58400,56040,57960,56480,27063.17578125,4096110,231348292800
2020-11-17,VHM,57730,56550,56780,57730,27663.794921875,2250180,129902891400
2020-11-18,VHM,57660,57000,57660,57000,27310.48828125,2008090,114461130000
2020-11-19,VHM,57660,56920,57140,57140,27381.1484375,2451380,140071853200
2020-11-20,VHM,58100,57220,57510,57880,27734.45703125,2692820,155860421600
2020-11-23,VHM,59650,58470,58550,59430,28476.39453125,5107110,303515547300
2020-11-24,VHM,61790,59430,59730,61790,29606.97265625,5458900,337305431000
2020-11-25,VHM,63190,61500,61940,61570,29500.982421875,3544000,218204080000
2020-11-26,VHM,61350,60540,61130,60980,29218.3359375,2313600,141083328000
2020-11-27,VHM,61570,60540,60980,61200,29324.328125,2024240,123883488000
2020-11-30,VHM,62160,60610,61570,60910,29183.005859375,3533370,215217566700
2020-12-01,VHM,61420,60090,60090,61420,29430.318359375,2597660,159548277200
2020-12-02,VHM,63260,61350,61350,62820,30101.599609375,4703540,295476382800
2020-12-03,VHM,63120,62310,63120,62600,29995.609375,1673260,104746076000
2020-12-04,VHM,62820,62010,62670,62600,29995.609375,2190950,137153470000
2020-12-07,VHM,62750,61790,62310,62450,29924.947265625,1479390,92387905500
2020-12-08,VHM,63190,62160,62600,62230,29818.95703125,1532530,95369341900
2020-12-09,VHM,62900,62080,62310,62670,30030.939453125,2136700,133906989000
2020-12-10,VHM,63190,61640,62970,61640,29536.3125,2406160,148315702400
2020-12-11,VHM,62670,61500,61640,62670,30030.939453125,2406180,150795300600
2020-12-14,VHM,64150,62670,62970,64150,30737.55078125,2974170,190793005500
2020-12-15,VHM,64959,62670,63780,63410,30384.2421875,4050090,256816206900
2020-12-16,VHM,63850,63040,63410,63560,30454.90625,1812470,115200593200
2020-12-17,VHM,63410,62310,63410,62450,29924.947265625,4870320,304151484000
2020-12-18,VHM,63410,62380,62450,62900,30136.9296875,3038890,191146181000
2020-12-21,VHM,64370,63120,63120,64220,30772.880859375,3322250,213354895000
2020-12-22,VHM,64810,63710,64300,64080,30702.220703125,2163130,138613370400
2020-12-23,VHM,65620,64000,64440,64440,30878.869140625,3220800,207548352000
2020-12-24,VHM,64959,62310,64890,63630,30490.23828125,2687430,171001170900
2020-12-25,VHM,64590,63120,63560,64590,30949.533203125,1584940,102371274600
2020-12-28,VHM,65330,63930,65260,64670,30984.86328125,1905670,123239678900
2020-12-29,VHM,66730,64220,64670,66580,31903.458984375,3451160,229778232800
2020-12-30,VHM,67840,66360,66800,66510,31868.126953125,2027680,134860996800
2020-12-31,VHM,67390,65990,67250,65990,31620.8125,1272810,83992731900
2021-01-04,VHM,68500,66290,67100,67840,32504.078125,3077500,208777600000
2021-01-05,VHM,70790,67470,67690,70490,33775.97265625,2853200,201122068000
2021-01-06,VHM,71230,69460,71230,69900,33493.33203125,2838200,198390180000
2021-01-07,VHM,70120,68870,69900,69900,33493.33203125,2926400,204555360000
2021-01-08,VHM,71380,70270,70420,71080,34058.6171875,2187200,155466176000
2021-01-11,VHM,76020,71970,72260,76020,36425.765625,4512700,343055454000
2021-01-12,VHM,77350,76020,77270,76240,36531.75390625,2862600,218244624000
2021-01-13,VHM,76760,73440,76680,74400,35648.4921875,2972500,221154000000
2021-01-14,VHM,74620,72700,74400,73440,35189.1953125,3274800,240501312000
2021-01-15,VHM,74910,73290,74250,74910,35895.8046875,2078100,155670471000
2021-01-18,VHM,75800,73440,75210,74470,35683.8203125,2291200,170625664000
2021-01-19,VHM,74250,69310,73740,71380,34199.9375,3552500,253577450000
2021-01-20,VHM,75950,69680,71520,71890,34447.25390625,3457300,248545297000
2021-01-21,VHM,73290,72110,72260,73000,34977.21484375,3018300,220335900000
2021-01-22,VHM,74470,72920,73290,73220,35083.203125,2262800,165682216000
2021-01-25,VHM,73810,72700,73370,73370,35153.86328125,2142000,157158540000
2021-01-26,VHM,73510,70050,73440,72260,34623.90625,2105700,152157882000
2021-01-27,VHM,72410,67470,70790,69240,33175.35546875,3312000,229322880000
2021-01-28,VHM,66140,64440,64519,64440,30878.869140625,3197600,206053344000
2021-01-29,VHM,68940,61940,61940,68940,33034.03515625,5469400,377060436000
2021-02-01,VHM,70050,65110,69020,65110,31196.84765625,2634200,171512762000
2021-02-02,VHM,69610,64890,65620,69610,33352.0078125,2756900,191907809000
2021-02-03,VHM,72920,69680,69680,71670,34341.265625,3365900,241234053000
2021-02-04,VHM,72920,70200,71670,72560,34765.2265625,2498900,181320184000
2021-02-05,VHM,73440,72480,72920,73220,35083.203125,2245800,164437476000
2021-02-08,VHM,73290,68200,73220,69830,33458.0,4803100,335400473000
2021-02-09,VHM,71740,69240,70710,71380,34199.9375,2668600,190484668000
2021-02-17,VHM,74620,71520,72260,74470,35683.8203125,3701700,275665599000
2021-02-18,VHM,76090,73740,74470,76090,36461.09375,4499400,342359346000
2021-02-19,VHM,76240,74690,75210,76020,36425.765625,1911800,145335036000
2021-02-22,VHM,78310,76390,76390,78010,37379.69140625,4390500,342502905000
2021-02-23,VHM,78450,76680,78010,77640,37203.03515625,2039100,158315724000
2021-02-24,VHM,78160,74470,78160,75800,37203.03515625,3720700,282029060000
2021-02-25,VHM,76390,74840,75950,75800,37203.03515625,2300900,174408220000
2021-02-26,VHM,75800,74030,74690,74910,35895.8046875,2385600,178705296000
2021-03-01,VHM,76240,75140,75210,75950,36390.43359375,2302000,174836900000
2021-03-02,VHM,77050,74990,76680,75800,36319.76953125,2460000,186468000000
2021-03-03,VHM,75580,74690,75580,74840,35860.4765625,2148400,160786256000
2021-03-04,VHM,75210,72260,75140,73740,35330.51953125,2714300,200152482000
2021-03-05,VHM,73370,72260,72560,72560,34765.2265625,2865300,207906168000
2021-03-08,VHM,73590,71380,73510,71670,34341.265625,3046500,218342655000
2021-03-09,VHM,73220,70200,71520,72410,34694.56640625,2196300,159034083000
2021-03-10,VHM,73960,72260,73370,73660,35295.1875,2406700,177277522000
2021-03-11,VHM,74770,72920,74470,73740,35330.51953125,1726900,127341606000
2021-03-12,VHM,74620,73220,73740,73660,35295.1875,1733400,127682244000
2021-03-15,VHM,73740,72630,73660,73590,35259.85546875,2288400,168403356000
2021-03-16,VHM,73590,72330,73440,73370,35153.86328125,1317500,96664975000
2021-03-17,VHM,73510,72330,72850,73220,35083.203125,2007400,146981828000
2021-03-18,VHM,73660,72260,73370,73510,35224.5234375,1374800,101061548000
2021-03-19,VHM,73220,72110,73000,72110,34553.24609375,2747200,198100592000
2021-03-22,VHM,73370,72260,72780,73220,35083.203125,1576700,115445974000
2021-03-23,VHM,73150,72260,72700,72780,34871.22265625,1319900,96062322000
2021-03-24,VHM,72260,70790,71970,71670,34341.265625,2103300,150743511000
2021-03-25,VHM,72040,70050,71670,71300,34164.609375,2404000,171405200000
2021-03-26,VHM,71300,69380,71150,70560,33811.3046875,2265800,159874848000
2021-03-29,VHM,71150,70120,70790,70930,33987.95703125,1446000,102564780000
2021-03-30,VHM,72190,70710,70930,71010,34023.2890625,2901300,206021313000
2021-03-31,VHM,72560,71150,71150,71740,34376.59375,1897500,136126650000
2021-04-01,VHM,73370,71600,71890,73000,34977.21484375,2578700,188245100000
2021-04-02,VHM,75060,73510,73740,74250,35577.828125,2203200,163587600000
2021-04-05,VHM,77420,74470,77420,74990,35931.1328125,2653200,198963468000
2021-04-06,VHM,75950,74690,74990,74990,35931.1328125,2102600,157673974000
2021-04-07,VHM,74770,73370,74250,74100,35507.171875,2485300,184160730000
2021-04-08,VHM,74100,73510,74100,73510,35224.5234375,1584900,116505999000
2021-04-09,VHM,73150,72260,73150,72920,34941.87890625,2111100,153941412000
2021-04-12,VHM,75210,73220,73370,75060,35966.46875,3269900,245438694000
2021-04-13,VHM,77420,75060,75870,75580,36213.78125,4016800,303589744000
2021-04-14,VHM,74100,72190,72630,74100,35507.171875,8169000,605322900000
2021-04-15,VHM,77050,74250,75060,74620,35754.484375,7972300,594893026000
2021-04-16,VHM,77050,72260,74620,74470,35683.8203125,6593100,490988157000
2021-04-19,VHM,77050,74690,75950,77050,36920.39453125,9104900,701532545000
2021-04-20,VHM,82440,78600,79120,80080,38368.9375,15266000,1222501280000
2021-04-22,VHM,82880,76020,80370,76020,36425.765625,6647900,505373358000
2021-04-23,VHM,77420,75210,76390,77420,37097.04296875,8823200,683092144000
2021-04-26,VHM,77420,73440,77420,73440,35189.1953125,8982600,659682144000
2021-04-27,VHM,74550,72410,73440,73740,35330.51953125,3979800,293470452000
2021-04-28,VHM,75870,73740,73740,74400,35648.4921875,5756900,428313360000
2021-04-29,VHM,74840,73000,74770,73220,35083.203125,5374300,393506246000
2021-05-04,VHM,73370,70860,72260,73150,35047.875,4388500,321018775000
2021-05-05,VHM,74620,73150,73150,73440,35189.1953125,2850600,209348064000
2021-05-06,VHM,74470,72780,73440,72780,34871.22265625,2793600,203318208000
2021-05-07,VHM,73370,71520,72630,71600,34305.9296875,5114200,366176720000
2021-05-10,VHM,73590,70860,70860,73070,35012.54296875,3933700,287435459000
2021-05-11,VHM,73660,72260,73660,72260,34623.90625,3142600,227084276000
2021-05-12,VHM,72480,71380,71890,72040,34517.9140625,3510300,252882012000
2021-05-13,VHM,72480,71450,71670,71520,34270.59765625,2560600,183134112000
2021-05-14,VHM,72630,71450,71520,71670,34341.265625,2990500,214329135000
2021-05-17,VHM,76320,73220,73370,74320,35613.15625,5913000,439454160000
2021-05-18,VHM,75210,72920,74910,72920,34941.87890625,3455700,251989644000
2021-05-19,VHM,74250,72630,73000,74030,35471.8359375,2871000,212540130000
2021-05-20,VHM,75210,73150,74030,75210,36037.125,3923100,295056351000
2021-05-21,VHM,76830,74100,74840,76610,36708.41015625,6075800,465467038000
2021-05-24,VHM,78900,76680,77270,78160,36708.41015625,5182000,405025120000
2021-05-25,VHM,78090,76830,77570,77130,36955.71875,2865100,220985163000
2021-05-26,VHM,79040,76540,77130,77940,37344.359375,4679100,364689054000
2021-05-27,VHM,79270,72780,78160,76980,36885.0625,4530700,348773286000
2021-05-28,VHM,77790,76090,77420,77130,36955.71875,3237700,249723801000
2021-05-31,VHM,77050,74550,77050,75650,36249.109375,5075900,383991835000
2021-06-01,VHM,77940,74690,75210,76680,36743.73828125,3869100,296682588000
2021-06-02,VHM,77790,75950,76320,76980,36885.0625,2664100,205082418000
2021-06-03,VHM,78160,77130,77130,77720,37238.3671875,5044900,392089628000
2021-06-04,VHM,79120,76540,78900,77050,36920.39453125,3635200,280092160000
2021-06-07,VHM,78750,77050,77050,78160,37450.34765625,4249400,332133104000
2021-06-08,VHM,80740,77420,78680,77640,37450.34765625,7252600,563091864000
2021-06-09,VHM,78750,77050,78160,78230,37485.67578125,3322600,259926998000
2021-06-10,VHM,78900,76680,77790,76760,36779.06640625,3369400,258635144000
2021-06-11,VHM,78450,76540,76680,78160,37450.34765625,3884300,303596888000
2021-06-14,VHM,81770,78970,78970,81030,38828.234375,7532600,610366578000
2021-06-15,VHM,83390,81920,82580,83030,39782.16015625,5394500,447905335000
2021-06-16,VHM,83320,80440,82580,81110,38863.56640625,4021200,326159532000
2021-06-17,VHM,81110,79710,80000,80370,38510.26171875,3866300,310734531000
2021-06-18,VHM,85530,80220,81110,82950,39746.828125,4789800,397313910000
2021-06-21,VHM,83320,81850,82510,82580,39570.17578125,3350800,276709064000
2021-06-22,VHM,82800,82210,82510,82210,39393.52734375,2497800,205344138000
2021-06-23,VHM,82580,80300,82580,82070,39322.86328125,3874800,318004836000
2021-06-24,VHM,84800,81110,81770,82660,39605.51171875,3936900,325424154000
2021-06-25,VHM,83690,82290,83250,82660,39605.51171875,2846300,235275158000
2021-06-28,VHM,85160,82880,83320,85160,40806.75,7156600,609456056000
2021-06-29,VHM,88040,85390,85530,87450,41901.9921875,5907600,516619620000
2021-06-30,VHM,88780,86490,87740,87010,41690.01171875,5135400,446831154000
2021-07-01,VHM,87380,86120,86340,86420,41407.36328125,3700200,319771284000
2021-07-02,VHM,87890,85900,86420,87010,41690.01171875,3152400,274290324000
2021-07-05,VHM,87740,84940,87740,87380,41690.01171875,4553400,397876092000
2021-07-06,VHM,87820,81330,87080,81330,41690.01171875,2814500,228903285000
2021-07-07,VHM,86270,80740,81850,86270,41690.01171875,7071300,610041051000
2021-07-08,VHM,86050,83910,85160,84800,41690.01171875,4664700,395566560000
2021-07-09,VHM,85460,82210,83840,82950,39746.828125,3902100,323679195000
2021-07-12,VHM,82580,77200,82580,79630,39746.828125,8065200,642231876000
2021-07-13,VHM,81030,78160,81030,80740,38686.9140625,2562500,206896250000
2021-07-14,VHM,82690,79440,80840,80690,38686.9140625,3325300,268318457000
2021-07-15,VHM,81500,79960,79960,81290,38969.5625,4555800,370340982000
2021-07-16,VHM,81430,80100,81290,80320,38969.5625,2119200,170214144000
2021-07-19,VHM,79360,76130,78780,76870,36849.73046875,3189800,245199926000
2021-07-20,VHM,78560,75900,77820,78560,37662.328125,4045600,317822336000
2021-07-21,VHM,80180,78560,79220,79590,38156.95703125,3042000,242112780000
2021-07-22,VHM,81800,78850,79590,81800,39216.875,3402500,278324500000
2021-07-23,VHM,82170,79290,81060,79290,38015.63671875,2592800,205583112000
2021-07-26,VHM,81500,79000,79220,80770,38722.24609375,2753500,222400195000
2021-07-27,VHM,81660,79290,81580,79440,38086.296875,5342500,424408200000
2021-07-28,VHM,79360,77820,78930,78480,37627.0,4909500,385297560000
2021-07-29,VHM,80550,78480,80320,79520,38121.62890625,3954600,314469792000
2021-07-30,VHM,80180,78850,79590,79810,38262.953125,4731600,377628996000
2021-08-02,VHM,79890,78930,79590,79660,38192.28515625,4799700,382344102000
2021-08-03,VHM,82690,79440,79440,81720,39181.546875,9951300,813220236000
2021-08-04,VHM,82540,80690,82170,81430,39181.546875,4121600,335621888000
2021-08-05,VHM,82320,80990,81350,82320,39464.1875,5258200,432855024000
2021-08-06,VHM,84380,82380,82540,83940,40241.453125,11226500,942352410000
2021-08-09,VHM,86510,83640,83940,86510,41478.03125,6329000,547521790000
2021-08-10,VHM,87770,86220,87330,86220,41478.03125,7700400,663928488000
2021-08-11,VHM,86740,85040,86220,85480,40983.3984375,8249500,705167260000
2021-08-12,VHM,86450,84890,85340,86220,41336.70703125,5228900,450835758000
2021-08-13,VHM,88940,86370,86960,88430,42396.62109375,10159600,898413428000
2021-08-16,VHM,89830,84450,89830,85480,40983.3984375,18686700,1597339116000
2021-08-17,VHM,85110,81430,84750,81800,40983.3984375,19975200,1633971360000
2021-08-18,VHM,83640,79520,81060,81060,38863.56640625,23516400,1906239384000
2021-08-19,VHM,82090,80320,81060,81800,39216.875,18153200,1484931760000
2021-08-20,VHM,81800,79440,81800,79660,38192.28515625,20500700,1633085762000
2021-08-23,VHM,80320,79000,79220,79000,37874.3125,15955500,1260484500000
2021-08-24,VHM,79660,78480,79220,79070,37909.64453125,20691400,1636068998000
2021-08-25,VHM,79520,78700,79220,78850,37803.65625,16184100,1276116285000
2021-08-26,VHM,79150,77380,78850,78560,37662.328125,13182400,1035609344000
2021-08-27,VHM,78780,77380,78120,78780,37768.3203125,9953900,784168242000
2021-08-30,VHM,79360,78560,78930,78780,37768.3203125,8782700,691901106000
2021-08-31,VHM,78930,78260,78850,78410,37591.671875,10567000,828558470000
2021-09-01,VHM,80470,78560,79890,78850,37803.65625,21977200,1732902220000
2021-09-06,VHM,80250,78700,79520,79890,38298.28125,13077500,1044761475000
2021-09-07,VHM,81800,79960,80320,80770,38722.24609375,11598900,936843153000
2021-09-08,VHM,81060,79360,80840,79520,38722.24609375,9311500,740450480000
2021-09-09,VHM,80250,78930,79220,79360,38050.96875,9925000,787648000000
2021-09-10,VHM,80250,79220,79590,79220,37980.30078125,15193100,1203597382000
2021-09-13,VHM,79660,78700,79590,78850,37803.65625,9821600,774433160000
2021-09-14,VHM,79890,78630,78850,78850,37803.65625,10966200,864684870000
2021-09-15,VHM,81130,78410,79970,79580,38314.66015625,9287400,739091292000
2021-09-16,VHM,80160,77730,79670,77830,37472.578125,7925100,616810533000
2021-09-17,VHM,79190,77340,77830,78900,37987.18359375,6873600,542327040000
2021-09-20,VHM,78800,77630,78510,77630,37379.015625,5456900,423619147000
2021-09-21,VHM,77540,73940,76270,75300,37379.015625,13434500,1011617850000
2021-09-22,VHM,75980,73840,75790,75790,37379.015625,8759600,663890084000
2021-09-23,VHM,77240,75790,75880,77050,37098.3203125,4687300,361156465000
2021-09-24,VHM,78020,76470,77050,77340,37238.66796875,4577300,354008382000
2021-09-27,VHM,77340,75980,77340,75980,36583.71484375,5151700,391426166000
2021-09-28,VHM,77150,75200,75300,76270,36724.0625,5298500,404116595000
2021-09-29,VHM,76660,75500,76270,75980,36583.71484375,2992100,227339758000
2021-09-30,VHM,77150,75980,76270,76080,36630.49609375,3151100,239735688000
2021-10-01,VHM,76080,74820,76080,74820,36022.328125,4115400,307914228000
2021-10-04,VHM,75980,74040,74820,75790,36490.1484375,4104600,311087634000
2021-10-05,VHM,77340,75300,75590,77150,37145.1015625,4573100,352814665000
2021-10-06,VHM,78220,77340,77440,78220,37145.1015625,4488000,351051360000
2021-10-07,VHM,78510,77440,78310,77730,37425.796875,2556200,198693426000
2021-10-08,VHM,78510,77440,77540,77630,37379.015625,3466200,269081106000
2021-10-11,VHM,78700,77240,77630,78700,37379.015625,5384000,423720800000
2021-10-12,VHM,79290,78120,78700,78600,37846.8359375,8096900,636416340000
2021-10-13,VHM,78700,77630,78700,77730,37425.796875,5259700,408836481000
2021-10-14,VHM,77730,76560,77730,76660,37425.796875,8587800,658340748000
2021-10-15,VHM,77240,75880,76660,76470,36817.62890625,5269100,402928077000
2021-10-18,VHM,77240,76270,76560,76660,36817.62890625,4542000,348189720000
2021-10-19,VHM,77540,76270,76660,77150,37145.1015625,5568400,429602060000
2021-10-20,VHM,77340,75980,77340,76560,36864.41015625,5507700,421669512000
2021-10-21,VHM,76660,75690,76560,75690,36443.37109375,5861900,443687211000
2021-10-22,VHM,76660,75790,75980,75790,36490.1484375,4153100,314763449000
2021-10-25,VHM,77440,75980,76370,76270,36490.1484375,6781600,517232632000
2021-10-26,VHM,77050,76270,76660,76470,36817.62890625,2940100,224829447000
2021-10-27,VHM,78900,76660,76660,78700,37893.6171875,8780700,691041090000
2021-10-28,VHM,79190,78220,78990,78700,37893.6171875,5310000,417897000000
2021-10-29,VHM,83070,78900,78900,83070,39998.8203125,15578000,1294064460000
2021-11-01,VHM,84430,81620,83560,81910,39998.8203125,9723600,796460076000
2021-11-02,VHM,82780,81910,82010,82590,39858.47265625,5784000,477700560000
2021-11-03,VHM,83070,80260,82690,80550,38782.48046875,11230500,904616775000
2021-11-04,VHM,81130,79480,80160,80350,38688.91796875,8241100,662172385000
2021-11-05,VHM,80450,79290,79870,79670,38361.4375,8244100,656807447000
2021-11-08,VHM,80650,79190,80160,80060,38548.5703125,8203200,656748192000
2021-11-09,VHM,82100,79670,80160,80650,38829.265625,8139200,656426480000
2021-11-10,VHM,81130,80260,81030,80260,38642.1328125,4154800,333464248000
2021-11-11,VHM,80450,79090,80350,79190,38127.53125,9431300,746864647000
2021-11-12,VHM,79670,78510,79290,79670,38361.4375,5317400,423637258000
2021-11-15,VHM,82010,79770,80160,81620,39297.0859375,9673200,789526584000
2021-11-16,VHM,81910,80350,81620,80650,38829.265625,6114200,493110230000
2021-11-17,VHM,81620,80450,80650,81130,39063.171875,5259600,426711348000
2021-11-18,VHM,81520,80060,81130,80450,38735.69921875,6312700,507856715000
2021-11-19,VHM,80740,77730,80550,78220,37659.7109375,7517600,588026672000
2021-11-22,VHM,79190,77440,78900,78700,37893.6171875,6326700,497911290000
2021-11-23,VHM,80160,78410,78700,80160,38595.3515625,3583700,287269392000
2021-11-24,VHM,81330,79480,80350,81330,39156.73828125,7322400,595530792000
2021-11-25,VHM,82590,81130,81910,81520,39250.3046875,8611000,701968720000
2021-11-26,VHM,82490,80840,81520,80940,38969.61328125,8576100,694149534000
2021-11-29,VHM,82390,79290,79290,82390,39671.34375,11265700,928181023000
2021-11-30,VHM,83070,80650,83070,82200,39577.78125,8501600,698831520000
2021-12-01,VHM,82100,80450,81810,80550,38782.48046875,6787500,546733125000
2021-12-02,VHM,81030,79970,80840,79970,38501.78515625,4813200,384911604000
2021-12-03,VHM,80740,77920,80260,77920,37519.36328125,5699400,444097248000
2021-12-06,VHM,78800,77150,78600,77440,37285.44921875,6641800,514340992000
2021-12-07,VHM,79480,77920,78310,79290,38174.3125,4522700,358604883000
2021-12-08,VHM,79480,78600,79380,78700,37893.6171875,3810100,299854870000
2021-12-09,VHM,79480,78310,78800,79290,38174.3125,2766400,219347856000
2021-12-10,VHM,79290,78310,78990,78600,37846.8359375,4327100,340110060000
2021-12-13,VHM,81130,78600,78700,79770,38408.22265625,6503000,518744310000
2021-12-14,VHM,80650,79580,80160,79770,38408.22265625,3082100,245859117000
2021-12-15,VHM,80550,79290,79870,80260,38642.1328125,3589800,288117348000
2021-12-16,VHM,80450,79380,80450,79970,38501.78515625,3290500,263141285000
2021-12-17,VHM,83560,80060,80060,82100,39531.0,25185800,2067754180000
2021-12-20,VHM,82780,80940,82780,81130,39063.171875,4652600,377465438000
2021-12-21,VHM,84340,81130,81130,83560,40232.734375,16016300,1338322028000
2021-12-22,VHM,85020,82780,84340,83270,40092.38671875,8928800,743501176000
2021-12-23,VHM,83660,80160,83460,80160,38595.3515625,8897300,713207568000
2021-12-24,VHM,80940,79870,80350,80550,38782.48046875,6813200,548803260000
2021-12-27,VHM,81130,79190,80740,80450,38735.69921875,4999700,402225865000
2021-12-28,VHM,81810,80260,80650,80450,38735.69921875,4469100,359539095000
2021-12-29,VHM,81130,79380,80550,79380,38221.09375,5229300,415101834000
2021-12-30,VHM,80060,79290,80060,79290,38174.3125,5845500,463489695000
2021-12-31,VHM,79970,79290,79670,79670,38361.4375,4633900,369182813000
2022-01-04,VHM,82980,80160,80350,82690,39811.69140625,10190100,842619369000
2022-01-05,VHM,83460,81620,82690,81620,39297.0859375,7373100,601792422000
2022-01-06,VHM,83560,81620,81620,82880,39905.25390625,10551700,874524896000
2022-01-07,VHM,83950,81910,83070,82980,39952.0390625,8240800,683821584000
2022-01-10,VHM,84920,82200,83070,83170,39952.0390625,9110500,757720285000
2022-01-11,VHM,83270,80650,83070,81230,39109.95703125,6135600,498394788000
2022-01-12,VHM,82010,79090,80650,81230,39109.95703125,6533800,530740574000
2022-01-13,VHM,81910,79670,81620,79870,38455.00390625,6683500,533811145000
2022-01-14,VHM,80450,79290,79670,79870,38455.00390625,3589700,286709339000
2022-01-17,VHM,80160,76860,79970,76860,37004.7578125,8310500,638745030000
2022-01-18,VHM,77730,73940,76950,74820,36022.328125,8073900,604089198000
2022-01-19,VHM,76080,74820,74820,75400,36303.0234375,3344400,252167760000
2022-01-20,VHM,77340,75200,75400,76370,36770.84375,3627700,277047449000
2022-01-21,VHM,77240,75500,77150,77150,37145.1015625,5040100,388843715000
2022-01-24,VHM,76760,74040,76470,74040,35648.0703125,5605300,415016412000
2022-01-25,VHM,78700,73550,74330,78700,37893.6171875,5762000,453469400000
2022-01-26,VHM,78900,77730,78700,78900,37987.18359375,3922600,309493140000
2022-01-27,VHM,79480,77440,78900,78700,37893.6171875,4446800,349963160000
2022-01-28,VHM,78900,77920,78120,78020,37566.14453125,3900100,304285802000
2022-02-07,VHM,80650,78900,79290,79870,38455.00390625,4868100,388815147000
2022-02-08,VHM,80160,78700,80160,78900,37987.18359375,3101900,244739910000
2022-02-09,VHM,81620,78900,78900,79190,38127.53125,4706300,372691897000
2022-02-10,VHM,79480,77340,79480,77830,37472.578125,5872800,457080024000
2022-02-11,VHM,78220,77240,77730,77440,37285.44921875,3480800,269553152000
2022-02-14,VHM,77240,75880,76760,75880,36536.93359375,5093500,386494780000
2022-02-15,VHM,78600,75880,75880,77730,36536.93359375,3777500,293625075000
2022-02-16,VHM,78220,77440,78020,77730,37425.796875,2334400,181452912000
2022-02-17,VHM,78510,77440,77730,78510,37800.0546875,2803200,220079232000
2022-02-18,VHM,78020,77340,77730,77440,37285.44921875,3373300,261228352000
2022-02-21,VHM,78220,77440,77730,77730,37425.796875,3116800,242268864000
2022-02-22,VHM,77240,76180,77050,77050,37098.3203125,5146700,396553235000
2022-02-23,VHM,78020,77050,77540,77150,37145.1015625,2850000,219877500000
2022-02-24,VHM,77240,74910,77050,76370,36770.84375,5284300,403561991000
2022-02-25,VHM,77050,76080,76760,76080,36630.49609375,2693300,204906264000
2022-02-28,VHM,76370,75300,76080,75300,36256.2421875,2837300,213648690000
2022-03-01,VHM,75980,75300,75300,75790,36490.1484375,2459200,186382768000
2022-03-02,VHM,75790,74820,75500,75300,36256.2421875,3397800,255854340000
2022-03-03,VHM,76270,75010,75690,75790,36490.1484375,3942400,298794496000
2022-03-04,VHM,76270,75010,75790,75690,36443.37109375,4102000,310480380000
2022-03-07,VHM,75010,73650,75010,74040,35648.0703125,7593900,562252356000
2022-03-08,VHM,74330,72480,73750,72480,34899.5546875,6032800,437257344000
2022-03-09,VHM,72870,71710,72870,71900,34618.859375,7395400,531729260000
2022-03-10,VHM,73750,72390,72680,73070,35180.25,3775700,275890399000
2022-03-11,VHM,73070,71900,73070,72870,35086.68359375,3610200,263075274000
2022-03-14,VHM,72580,71320,72480,72390,34852.7734375,3437200,248818908000
2022-03-15,VHM,72680,71610,72680,72390,34852.7734375,4163200,301374048000
2022-03-16,VHM,72390,71610,72190,72100,34712.42578125,4047200,291803120000
2022-03-17,VHM,73650,71800,71900,71900,34618.859375,2869600,206324240000
2022-03-18,VHM,74140,72100,72580,72480,34899.5546875,7410800,537134784000
2022-03-21,VHM,75300,73070,73160,75300,36256.2421875,4454000,335386200000
2022-03-22,VHM,76270,74620,75400,75790,36490.1484375,4130400,313043016000
2022-03-23,VHM,75880,74910,75790,75010,36115.89453125,3617700,271363677000
2022-03-24,VHM,74820,73460,74820,73550,35414.16015625,4527700,333012335000
2022-03-25,VHM,74140,73360,73650,73750,35507.72265625,2713700,200135375000
2022-03-28,VHM,73550,72290,73160,72780,35039.90234375,3712400,270188472000
2022-03-29,VHM,74430,72680,72780,74330,35788.41796875,2862600,212777058000
2022-03-30,VHM,74140,72580,73650,73650,35460.94140625,4088400,301110660000
2022-03-31,VHM,73840,72970,73460,73650,35460.94140625,3394300,249990195000
2022-04-01,VHM,74330,72970,73360,74040,35648.0703125,4095000,303193800000
2022-04-04,VHM,74820,73940,74820,74140,35694.85546875,3127700,231887678000
2022-04-05,VHM,75300,73840,74140,74230,35741.63671875,3785900,281027357000
2022-04-06,VHM,74140,72970,73840,74140,35694.85546875,3879900,287655786000
2022-04-07,VHM,73940,72580,73840,72870,35086.68359375,4601800,335333166000
2022-04-08,VHM,73840,72390,72970,72970,35133.46875,4471900,326314543000
2022-04-12,VHM,72970,70930,72780,70930,34151.0390625,4356200,308985266000
2022-04-13,VHM,71320,70150,71120,71030,34197.8203125,3825200,271703956000
2022-04-14,VHM,71410,69960,71220,70250,33823.56640625,3679100,258456775000
2022-04-15,VHM,70350,68690,70250,69080,33262.1796875,4040800,279138464000
2022-04-18,VHM,68790,66170,68110,67820,32654.005859375,5668700,384451234000
2022-04-19,VHM,68500,66460,67240,66950,32232.966796875,2732200,182920790000
2022-04-20,VHM,66650,63840,66560,64900,31250.5390625,5981000,388166900000
2022-04-21,VHM,65099,62180,64610,62180,29940.638671875,6536700,406452006000
2022-04-22,VHM,63930,62090,62860,62860,30268.11328125,6143200,386161552000
2022-04-25,VHM,63250,58490,63160,61210,29472.814453125,6857400,419741454000
2022-04-26,VHM,63160,57520,59560,63160,30408.458984375,6323900,399417524000
2022-04-27,VHM,63160,61120,61410,63160,30408.458984375,4773300,301481628000
2022-04-28,VHM,63060,60820,63060,62670,30174.548828125,6290400,394219368000
2022-04-29,VHM,63160,61210,61310,63160,30408.458984375,6819600,430725936000
2022-05-04,VHM,63350,61700,63160,62670,30174.548828125,2511700,157408239000
2022-05-05,VHM,66850,62570,62770,66850,32186.18359375,7518400,502605040000
2022-05-06,VHM,66850,64810,65099,66750,32139.40234375,5560700,371176725000
2022-05-09,VHM,66560,64519,65970,66070,31811.927734375,5658400,373850488000
2022-05-10,VHM,67920,63160,65000,67920,32700.787109375,4352700,295635384000
2022-05-11,VHM,69180,66650,67040,68500,32981.484375,3072800,210486800000
2022-05-12,VHM,67920,65099,67240,66950,32232.966796875,4117300,275653235000
2022-05-13,VHM,66950,62670,66950,66070,31811.927734375,6924300,457488501000
2022-05-16,VHM,66170,62670,66070,63930,30782.716796875,5296400,338598852000
2022-05-17,VHM,65000,61500,63350,65000,31297.322265625,4830700,313995500000
2022-05-18,VHM,65000,63450,65000,65000,31297.322265625,4266300,277309500000
2022-05-19,VHM,65780,63160,63160,65099,31344.103515625,3316000,215868284000
2022-05-20,VHM,65489,64129,65200,64900,31250.5390625,2305800,149646420000
2022-05-23,VHM,65489,63450,64810,64810,31203.7578125,2901300,188033253000
2022-05-24,VHM,65000,63840,63930,65000,31297.322265625,2242000,145730000000
2022-05-25,VHM,65970,64420,64900,65970,31765.14453125,3077100,202996287000
2022-05-26,VHM,67630,65970,65970,66750,32139.40234375,3048600,203494050000
2022-05-27,VHM,67720,66560,67040,67720,32607.2265625,2451900,166042668000
2022-05-30,VHM,68500,66850,68010,68500,32981.484375,2593900,177682150000
2022-05-31,VHM,69900,68500,68700,69600,33511.11328125,3692900,257025840000
2022-06-01,VHM,70300,69000,69600,70300,33848.1484375,3704600,260433380000
2022-06-02,VHM,70100,68600,70100,69500,33848.1484375,3115700,216541150000
2022-06-03,VHM,69400,68000,68600,69400,33414.81640625,2752600,191030440000
2022-06-06,VHM,69500,68200,69400,69300,33366.66796875,3331600,230879880000
2022-06-07,VHM,69000,67800,69000,68500,32981.48046875,3568900,244469650000
2022-06-08,VHM,69200,68000,68500,68500,32981.48046875,2085300,142843050000
2022-06-09,VHM,68700,67500,68700,68300,32885.1875,3544100,242062030000
2022-06-10,VHM,68300,67200,67200,68300,32885.1875,2452200,167485260000
2022-06-13,VHM,67000,65200,66500,66000,31777.779296875,3373800,222670800000
2022-06-14,VHM,66000,64700,65600,66000,31777.779296875,3015300,199009800000
2022-06-15,VHM,66300,64700,66000,65900,31729.630859375,3508000,231177200000
2022-06-16,VHM,66700,65600,65900,66000,31777.779296875,2437800,160894800000
2022-06-17,VHM,66000,63800,64800,66000,31777.779296875,3106900,205055400000
2022-06-20,VHM,66000,64700,65900,65000,31296.296875,2701700,175610500000
2022-06-21,VHM,65000,63800,64700,65000,31296.296875,2365100,153731500000
2022-06-22,VHM,65000,63500,64500,64800,31200.0,3460900,224266320000
2022-06-23,VHM,64200,63000,63900,63200,30429.630859375,5534200,349761440000
2022-06-24,VHM,63800,63100,63300,63200,30429.630859375,2256500,142610800000
2022-06-27,VHM,64900,63200,63200,63500,30574.07421875,2666100,169297350000
2022-06-28,VHM,64099,63500,63500,63800,30718.51953125,1455900,92886420000
2022-06-29,VHM,64000,63100,63600,63300,30477.779296875,1571700,99488610000
2022-06-30,VHM,63800,62100,63300,62100,29900.0,2480200,154020420000
2022-07-01,VHM,63500,61400,62200,61400,29562.962890625,2974000,182603600000
2022-07-04,VHM,62000,61000,62000,61000,29370.37109375,2256200,137628200000
2022-07-05,VHM,61500,60400,61100,60500,29129.630859375,3133800,189594900000
2022-07-06,VHM,60500,58400,60200,59100,28455.556640625,6722800,397317480000
2022-07-07,VHM,61000,58300,59000,61000,29370.37109375,2098800,128026800000
2022-07-08,VHM,61300,59500,61300,61000,29370.37109375,1793900,109427900000
2022-07-11,VHM,60500,58400,59100,60500,29129.630859375,4883200,295433600000
2022-07-12,VHM,60500,59100,59500,60200,29129.630859375,3602700,216882540000
2022-07-13,VHM,60500,59000,60000,60100,28937.037109375,2334600,140309460000
2022-07-14,VHM,60300,59200,60100,60100,28937.037109375,1906300,114568630000
2022-07-15,VHM,60200,59400,59500,60000,28888.888671875,2301900,138114000000
2022-07-18,VHM,60000,59000,60000,59000,28407.408203125,2023400,119380600000
2022-07-19,VHM,59100,58600,58600,58800,28311.111328125,1864800,109650240000
2022-07-20,VHM,59700,58500,59000,59700,28744.4453125,1910000,114027000000
2022-07-21,VHM,59700,58900,59600,58900,28359.259765625,2070700,121964230000
2022-07-22,VHM,59000,58500,58900,58700,28262.962890625,1530500,89840350000
2022-07-25,VHM,59100,58500,58500,58900,28359.259765625,1229500,72417550000
2022-07-26,VHM,59300,58500,59000,58700,28262.962890625,737100,43267770000
2022-07-27,VHM,58800,58500,58500,58600,28214.81640625,502800,29464080000
2022-07-28,VHM,59100,58500,59000,58800,28311.111328125,1914300,112560840000
2022-07-29,VHM,60500,58800,58900,59900,28840.7421875,3235500,193806450000
2022-08-01,VHM,60000,59000,59800,60000,28888.888671875,1703800,102228000000
2022-08-02,VHM,62800,59400,59800,62300,30092.59375,3186400,198512720000
2022-08-03,VHM,62700,61400,62000,61900,29803.705078125,2005800,124159020000
2022-08-04,VHM,63100,62000,62000,63000,30333.333984375,5218900,328790700000
2022-08-05,VHM,62700,61600,62700,61800,29755.556640625,2290400,141546720000
2022-08-08,VHM,61900,61500,61500,61500,29611.111328125,2233600,137366400000
2022-08-09,VHM,61900,60900,61700,60900,29322.22265625,2234700,136093230000
2022-08-10,VHM,62300,60800,61000,61300,29514.81640625,1594600,97748980000
2022-08-11,VHM,61900,61000,61900,61400,29562.962890625,2236700,137333380000
2022-08-12,VHM,61500,61100,61400,61200,29466.66796875,1423400,87112080000
2022-08-15,VHM,62300,61300,61500,61500,29611.111328125,2189500,134654250000
2022-08-16,VHM,61800,61100,61500,61300,29514.81640625,1107300,67877490000
2022-08-17,VHM,61800,61300,61500,61300,29514.81640625,2505800,153605540000
2022-08-18,VHM,61800,61100,61300,61100,29418.51953125,3350200,204697220000
2022-08-19,VHM,61100,59500,61000,60100,28937.037109375,2780700,167120070000
2022-08-22,VHM,60400,59100,59900,59400,28600.0,2116900,125743860000
2022-08-23,VHM,59700,59100,59200,59500,28648.1484375,1353300,80521350000
2022-08-24,VHM,59800,59300,59600,59700,28744.4453125,1049900,62679030000
2022-08-25,VHM,61200,59800,59900,61000,29370.37109375,2025800,123573800000
2022-08-26,VHM,61400,60200,61000,60300,29033.333984375,851200,51327360000
2022-08-29,VHM,59800,58900,59600,59700,28744.4453125,2035600,121525320000
2022-08-30,VHM,60400,59500,59700,59900,28840.7421875,1770500,106052950000
2022-08-31,VHM,61400,59700,59900,61000,29370.37109375,2837300,173075300000
2022-09-05,VHM,61800,61000,61200,61000,29370.37109375,1529500,93299500000
2022-09-06,VHM,61500,61000,61200,61100,29418.51953125,1285200,78525720000
2022-09-07,VHM,61100,59500,61000,59500,28648.1484375,1847100,109902450000
2022-09-08,VHM,59800,59300,59600,59600,28696.296875,1642000,97863200000
2022-09-09,VHM,60200,59500,59800,59900,28840.7421875,1443100,86441690000
2022-09-12,VHM,61800,60100,60100,61400,29562.962890625,3854700,236678580000
2022-09-13,VHM,61500,60700,61500,60700,29225.92578125,2252100,136702470000
2022-09-14,VHM,60300,59700,59800,60000,28888.888671875,1784500,107070000000
2022-09-15,VHM,60500,59800,60000,60500,29129.630859375,1904900,115246450000
2022-09-16,VHM,61100,59600,60000,59600,28696.296875,2368800,141180480000
2022-09-19,VHM,59800,58400,59600,58400,28118.51953125,1944900,113582160000
2022-09-20,VHM,59300,58600,58600,58900,28359.259765625,1539400,90670660000
2022-09-21,VHM,58900,58000,58900,58300,28070.37109375,1732700,101016410000
2022-09-22,VHM,58000,56600,57800,57700,27781.482421875,2370700,136789390000
2022-09-23,VHM,57700,57000,57500,57200,27540.7421875,630900,36087480000
2022-09-26,VHM,57000,55200,56500,55900,26914.81640625,2734600,152864140000
2022-09-27,VHM,55900,54100,55900,54100,26048.1484375,1238200,66986620000
2022-09-28,VHM,54000,51000,53600,51200,24651.8515625,2624400,134369280000
2022-09-29,VHM,52500,50700,52100,50800,24459.259765625,1967400,99943920000
2022-09-30,VHM,52000,48000,50000,50700,24411.111328125,4399000,223029300000
2022-10-03,VHM,50800,47200,50700,50400,24266.66796875,4216600,212516640000
2022-10-04,VHM,50700,48300,50700,50600,24362.962890625,2981600,150868960000
2022-10-05,VHM,53800,50900,51000,53800,25903.705078125,3926300,211234940000
2022-10-06,VHM,54100,52700,53600,53600,25807.408203125,2715500,145550800000
2022-10-07,VHM,53800,50700,53600,53800,25903.705078125,4053800,218094440000
2022-10-10,VHM,53900,51800,53000,53900,25951.8515625,2162500,116558750000
2022-10-11,VHM,52600,50800,52600,51800,24940.7421875,4080700,211380260000
2022-10-12,VHM,52900,50500,51800,52500,25277.779296875,2058600,108076500000
2022-10-13,VHM,52800,51000,52500,52800,25422.22265625,2128800,112400640000
2022-10-14,VHM,53100,51300,53000,51900,24988.888671875,1696600,88053540000
2022-10-17,VHM,51500,49500,51500,49500,23833.333984375,2933000,145183500000
2022-10-18,VHM,50500,48350,50000,50500,24314.814453125,2552900,128921450000
2022-10-19,VHM,50500,49050,50400,50000,24074.07421875,1240200,62010000000
2022-10-20,VHM,50000,48900,49500,50000,24074.07421875,2747900,137395000000
2022-10-21,VHM,49950,46500,49950,47950,23087.037109375,5383900,258158005000
2022-10-24,VHM,47950,44600,47950,44600,21474.07421875,1834000,81796400000
2022-10-25,VHM,44700,41500,44600,44600,21474.07421875,6293600,280694560000
2022-10-26,VHM,44600,41750,44600,43500,20944.4453125,3700300,160963050000
2022-10-27,VHM,44600,42900,43400,44000,21185.185546875,4869100,214240400000
2022-10-28,VHM,46300,44100,44500,44900,21618.51953125,3076200,138121380000
2022-10-31,VHM,46800,44100,45500,45000,21666.66796875,2523900,113575500000
2022-11-01,VHM,46200,45000,45800,45000,21666.66796875,2622800,118026000000
2022-11-02,VHM,45500,44700,45000,44900,21618.51953125,2263100,101613190000
2022-11-03,VHM,45350,44350,44550,45000,21666.66796875,2099800,94491000000
2022-11-04,VHM,44800,42500,44800,44500,21425.92578125,4338400,193058800000
2022-11-07,VHM,44000,42200,44000,43900,21137.037109375,3020500,132599950000
2022-11-08,VHM,43800,41250,43100,43800,21088.888671875,5521100,241824180000
2022-11-09,VHM,45000,43800,43800,44550,21450.0,4933400,219782970000
2022-11-10,VHM,44100,42300,44100,43950,21161.111328125,4020400,176696580000
2022-11-11,VHM,44550,43750,43950,44150,21257.408203125,4084100,180313015000
2022-11-14,VHM,44900,42350,43800,44000,21185.185546875,2665000,117260000000
2022-11-15,VHM,43850,42450,42550,43400,20896.296875,3093200,134244880000
2022-11-16,VHM,45000,41500,43000,44900,21618.51953125,3370900,151353410000
2022-11-17,VHM,47950,44950,45000,47950,23087.037109375,4303600,206357620000
2022-11-18,VHM,48800,46600,47950,48000,23111.111328125,3641700,174801600000
2022-11-21,VHM,48000,45750,48000,46950,22605.556640625,2712700,127361265000
2022-11-22,VHM,48500,45300,45800,45300,21811.111328125,1851800,83886540000
2022-11-23,VHM,46000,44300,45000,44400,21377.77734375,1111300,49341720000
2022-11-24,VHM,45500,44200,44350,45000,21666.66796875,1182600,53217000000
2022-11-25,VHM,47050,45800,46000,47000,22629.630859375,3344500,157191500000
2022-11-28,VHM,50200,47400,47500,50200,24170.37109375,7815000,392313000000
2022-11-29,VHM,53100,50400,51600,53100,25566.66796875,7431800,394628580000
2022-11-30,VHM,54500,52000,53600,54500,26240.7421875,6191900,337458550000
2022-12-01,VHM,56200,53500,55100,53500,25759.259765625,5868300,313954050000
2022-12-02,VHM,57200,53000,53500,57200,27540.7421875,6364400,364043680000
2022-12-05,VHM,58300,56800,57500,58300,28070.37109375,4597300,268022590000
2022-12-06,VHM,58300,54300,58300,55000,26481.482421875,4261600,234388000000
2022-12-07,VHM,56700,54200,54200,55500,26722.22265625,3601000,199855500000
2022-12-08,VHM,57000,54500,57000,55400,26674.07421875,4142000,229466800000
2022-12-09,VHM,55600,53700,55400,54100,26048.1484375,3329100,180104310000
2022-12-12,VHM,54200,50500,54200,50500,24314.814453125,3867300,195298650000
2022-12-13,VHM,53000,49950,50500,53000,25518.51953125,4250600,225281800000
2022-12-14,VHM,53700,51400,53700,53000,25518.51953125,3218700,170591100000
2022-12-15,VHM,53100,50700,53000,50700,24411.111328125,2949400,149534580000
2022-12-16,VHM,51200,49300,50300,49300,23737.037109375,3490900,172101370000
2022-12-19,VHM,50200,48200,49400,48200,23207.408203125,2140200,103157640000
2022-12-20,VHM,48600,46300,48200,48200,23207.408203125,3290300,158592460000
2022-12-21,VHM,48800,46600,48800,48500,23351.8515625,1880900,91223650000
2022-12-22,VHM,49650,48550,48550,49000,23592.59375,2170900,106374100000
2022-12-23,VHM,50000,48200,49400,49800,23977.779296875,1348100,67135380000
2022-12-26,VHM,49600,47000,49500,47000,22629.630859375,2139600,100561200000
2022-12-27,VHM,50200,45200,45700,47500,22870.37109375,2872500,136443750000
2022-12-28,VHM,48500,46500,47700,47700,22966.66796875,1485500,70858350000
2022-12-29,VHM,48500,47400,47600,47800,23014.814453125,1258100,60137180000
2022-12-30,VHM,49000,47550,49000,48000,23111.111328125,1197100,57460800000
2023-01-03,VHM,49400,47000,48000,49400,23785.185546875,1622300,80141620000
2023-01-04,VHM,49900,49000,49900,49000,23592.59375,1176400,57643600000
2023-01-05,VHM,50000,49000,49000,49700,23929.630859375,1951700,96999490000
2023-01-06,VHM,50300,49500,49750,49900,24025.92578125,1171800,58472820000
2023-01-09,VHM,50500,49700,50200,50200,24170.37109375,1196400,60059280000
2023-01-10,VHM,50400,49750,50100,49750,23953.705078125,894100,44481475000
2023-01-11,VHM,50900,49800,50300,50800,24459.259765625,1186100,60253880000
2023-01-12,VHM,51700,51000,51100,51500,24796.296875,1238700,63793050000
2023-01-13,VHM,52000,51100,51700,52000,25037.037109375,1047000,54444000000
2023-01-16,VHM,52300,51300,52000,51300,24700.0,1118900,57399570000
2023-01-17,VHM,52000,49550,51300,52000,25037.037109375,1453600,75587200000
2023-01-18,VHM,52900,50900,52000,52500,25277.779296875,1264300,66375750000
2023-01-19,VHM,53400,51500,52400,52200,25133.333984375,2235700,116703540000
2023-01-27,VHM,53900,51900,52400,53300,25662.962890625,1282700,68367910000
2023-01-30,VHM,53500,51500,53300,51500,24796.296875,1349500,69499250000
2023-01-31,VHM,51800,50400,51500,50900,24507.408203125,1312000,66780800000
2023-02-01,VHM,50900,48000,50700,48000,23111.111328125,3648300,175118400000
2023-02-02,VHM,49200,47700,48500,47900,23062.962890625,2156100,103277190000
2023-02-03,VHM,48500,47500,48000,48100,23159.259765625,1246200,59942220000
2023-02-06,VHM,48000,47100,47900,47950,23087.037109375,1693000,81179350000
2023-02-07,VHM,48000,46050,48000,46800,22533.333984375,2542100,118970280000
2023-02-08,VHM,46700,44450,46700,46600,22437.037109375,4744700,221103020000
2023-02-09,VHM,46700,45300,45650,45300,21811.111328125,3121100,141385830000
2023-02-10,VHM,45750,45000,45000,45400,21859.259765625,1602200,72739880000
2023-02-13,VHM,45000,43400,44800,44400,21377.77734375,2467600,109561440000
2023-02-14,VHM,44200,42200,44000,42750,20583.333984375,3875000,165656250000
2023-02-15,VHM,42700,41600,42700,42500,20462.962890625,4288300,182252750000
2023-02-16,VHM,42750,42000,42750,42500,20462.962890625,2366000,100555000000
2023-02-17,VHM,43600,42500,42700,43300,20848.1484375,2064500,89392850000
2023-02-20,VHM,46300,43400,43500,45200,21762.962890625,4177000,188800400000
2023-02-21,VHM,46150,45100,45500,45200,21762.962890625,1571200,71018240000
2023-02-22,VHM,44800,42600,44600,42600,20511.111328125,3712300,158143980000
2023-02-23,VHM,42850,40600,42600,42000,20222.22265625,4588000,192696000000
2023-02-24,VHM,42000,40900,41700,41000,19740.740234375,3013500,123553500000
2023-02-27,VHM,40900,39400,40000,40900,19692.59375,5325900,217829310000
2023-02-28,VHM,41950,40400,41000,41500,19981.482421875,1631900,67723850000
2023-03-01,VHM,41300,39800,41050,41200,19837.037109375,3325100,136994120000
2023-03-02,VHM,41500,40450,41000,41100,19788.888671875,1947400,80038140000
2023-03-03,VHM,41200,40550,41000,40950,19716.66796875,1387200,56805840000
2023-03-06,VHM,43200,41500,41750,42100,20270.37109375,2996100,126135810000
2023-03-07,VHM,43000,42100,42700,42300,20366.66796875,1670600,70666380000
2023-03-08,VHM,42350,41300,41300,42350,20390.740234375,1952900,82705315000
2023-03-09,VHM,43000,42250,42350,42400,20414.814453125,1780100,75476240000
2023-03-10,VHM,43000,42000,42400,42850,20631.482421875,2536600,108693310000
2023-03-13,VHM,44800,42750,42800,44750,21546.296875,3225100,144323225000
2023-03-14,VHM,45350,44100,44200,44750,21546.296875,2838200,127009450000
2023-03-15,VHM,46600,44950,45250,46000,22148.1484375,2069400,95192400000
2023-03-16,VHM,45800,44250,45800,44500,21425.92578125,2039000,90735500000
2023-03-17,VHM,45200,43350,44600,43350,20872.22265625,4942600,214261710000
2023-03-20,VHM,44100,42550,44100,42550,20487.037109375,2167400,92222870000
2023-03-21,VHM,45500,43000,43000,45400,21859.259765625,2538300,115238820000
2023-03-22,VHM,48000,45600,45600,47650,22942.59375,4074500,194149925000
2023-03-23,VHM,48000,46850,47400,48000,23111.111328125,2033500,97608000000
2023-03-24,VHM,49850,48000,48000,49150,23592.59375,2380400,116996660000
2023-03-27,VHM,49500,48400,49000,48500,23303.705078125,1622900,78710650000
2023-03-28,VHM,49500,47000,48450,48000,23111.111328125,2390800,114758400000
2023-03-29,VHM,48050,47100,48050,47500,23111.111328125,1099000,52202500000
2023-03-30,VHM,49950,48100,48800,49800,23857.408203125,1604300,79894140000
2023-03-31,VHM,51500,49600,49600,51300,24796.296875,2352500,120683250000
2023-04-03,VHM,53700,52000,52200,53000,25325.92578125,2725900,144472700000
2023-04-04,VHM,53000,51200,53000,51300,24555.556640625,1201100,61616430000
2023-04-05,VHM,52200,50600,51000,52200,25133.333984375,2100200,109630440000
2023-04-06,VHM,52200,51500,52000,51800,24651.8515625,979500,50738100000
2023-04-07,VHM,51500,50300,51200,50700,24411.111328125,666700,33801690000
2023-04-10,VHM,51500,49900,51400,49900,23977.779296875,1272900,63517710000
2023-04-11,VHM,51600,49300,49300,51600,24796.296875,1949500,100594200000
2023-04-12,VHM,52100,51000,51900,51500,24844.4453125,1883900,97020850000
2023-04-13,VHM,51700,50500,51600,50500,24314.814453125,1177100,59443550000
2023-04-14,VHM,51500,49700,50700,49800,24074.07421875,1011200,50357760000
2023-04-17,VHM,50900,50000,50100,50500,24218.51953125,956200,48288100000
2023-04-18,VHM,51300,50500,50900,50600,24459.259765625,1664400,84218640000
2023-04-19,VHM,51200,50000,50800,50000,24266.66796875,880200,44010000000
2023-04-20,VHM,50700,49850,50500,50600,24411.111328125,430300,21773180000
2023-04-21,VHM,50700,49900,50500,50300,24218.51953125,697500,35084250000
2023-04-24,VHM,52000,50200,50800,51100,24314.814453125,1296100,66230710000
2023-04-25,VHM,51200,49950,51200,49950,24170.37109375,889200,44415540000
2023-04-26,VHM,49900,48100,49900,48300,23111.111328125,1949600,94165680000
2023-04-27,VHM,48700,46850,48000,46850,22870.37109375,2160800,101233480000
2023-04-28,VHM,49000,47400,47700,48500,23833.333984375,756500,36690250000
2023-05-04,VHM,49500,48200,49500,48600,23833.333984375,851100,41363460000
2023-05-05,VHM,49500,48600,49150,48750,23592.59375,437500,21328125000
2023-05-08,VHM,49500,48600,48850,49500,23785.185546875,765000,37867500000
2023-05-09,VHM,49500,48750,49050,49150,23737.037109375,976000,47970400000
2023-05-10,VHM,49400,48900,49300,49350,23761.111328125,518800,25602780000
2023-05-11,VHM,49500,48950,49500,49250,23664.814453125,369600,18202800000
2023-05-12,VHM,50500,48900,49100,50500,24651.8515625,1081200,54600600000
2023-05-15,VHM,52500,51500,52000,51800,24892.59375,1586900,82201420000
2023-05-16,VHM,52200,51500,51700,52000,25133.333984375,773500,40222000000
2023-05-17,VHM,53900,52200,52200,53300,25711.111328125,2976300,158636790000
2023-05-18,VHM,55800,53500,53900,54400,26481.482421875,3172800,172600320000
2023-05-19,VHM,55500,53500,55500,54400,26048.1484375,1658500,90222400000
2023-05-22,VHM,55000,53500,55000,54000,26048.1484375,1507200,81388800000
2023-05-23,VHM,54500,53000,54500,53600,25855.556640625,1049300,56242480000
2023-05-24,VHM,54500,53300,53700,54500,25855.556640625,848900,46265050000
2023-05-25,VHM,55600,54000,54700,55000,26481.482421875,1607700,88423500000
2023-05-26,VHM,56400,54600,55000,55000,26481.482421875,1791400,98527000000
2023-05-29,VHM,56300,55000,55000,55500,26722.22265625,1606200,89144100000
2023-05-30,VHM,56000,54600,56000,54900,26433.333984375,1390000,76311000000
2023-05-31,VHM,55000,53500,55000,53500,25759.259765625,1538100,82288350000
2023-06-01,VHM,54000,53000,53500,53000,25518.51953125,913700,48426100000
2023-06-02,VHM,53900,53000,53500,53400,25711.111328125,1356400,72431760000
2023-06-05,VHM,55100,53300,54000,53700,25855.556640625,1430700,76828590000
2023-06-06,VHM,55000,53900,54400,55000,26481.482421875,1361500,74882500000
2023-06-07,VHM,55700,54500,55300,55300,26625.92578125,1857300,102708690000
2023-06-08,VHM,56000,55100,55300,55400,26674.07421875,2325400,128827160000
2023-06-09,VHM,55800,54800,55000,55500,26722.22265625,1051100,58336050000
2023-06-12,VHM,55500,54400,55500,55400,26674.07421875,1150600,63743240000
2023-06-13,VHM,56700,55100,55200,56700,27300.0,2370400,134401680000
2023-06-14,VHM,58200,56700,56800,57000,27444.4453125,2455300,139952100000
2023-06-15,VHM,57900,55800,57000,56500,27203.705078125,2453200,138605800000
2023-06-16,VHM,56900,55000,56400,56000,26962.962890625,2452000,137312000000
2023-06-19,VHM,56100,54800,56100,55000,26481.482421875,1528500,84067500000
2023-06-20,VHM,55700,54500,55000,55100,26529.630859375,984300,54234930000
2023-06-21,VHM,55300,54300,55000,54600,26288.888671875,2367700,129276420000
2023-06-22,VHM,55700,54700,55000,55700,26288.888671875,1914900,106659930000
2023-06-23,VHM,56000,55100,55200,56000,26962.962890625,2159900,120954400000
2023-06-26,VHM,55800,54800,55600,55500,26722.22265625,1422100,78926550000
2023-06-27,VHM,55900,55400,55500,55900,26914.81640625,991900,55447210000
2023-06-28,VHM,56200,55000,56100,55400,26674.07421875,1388900,76945060000
2023-06-29,VHM,55400,54900,55400,55000,26481.482421875,1247700,68623500000
2023-06-30,VHM,55500,54300,54800,55000,26481.482421875,1458000,80190000000
2023-07-03,VHM,55900,55000,55000,55900,26914.81640625,1043500,58331650000
2023-07-04,VHM,56800,55500,55900,56500,27203.705078125,1450100,81930650000
2023-07-05,VHM,56500,55300,56500,56100,27011.111328125,1622700,91033470000
2023-07-06,VHM,55900,54500,55300,54500,26240.7421875,1405400,76594300000
2023-07-07,VHM,54900,54000,54500,54000,26000.0,1220500,65907000000
2023-07-10,VHM,54400,53600,54100,53800,25903.705078125,2150300,115686140000
2023-07-11,VHM,53900,53600,53600,53900,25951.8515625,2615400,140970060000
2023-07-12,VHM,55300,53900,53900,55100,26529.630859375,2185400,120415540000
2023-07-13,VHM,56300,55300,55400,56300,27107.408203125,3010000,169463000000
2023-07-14,VHM,56600,55800,56500,56400,27155.556640625,2054200,115856880000
2023-07-17,VHM,59000,56500,56700,59000,28407.408203125,4267700,251794300000
2023-07-18,VHM,59400,58000,58500,58800,28311.111328125,2908900,171043320000
2023-07-19,VHM,59000,58200,58800,58500,28166.66796875,2216000,129636000000
2023-07-20,VHM,58500,57300,58500,57700,27781.482421875,3588400,207050680000
2023-07-21,VHM,59000,57300,57500,59000,28407.408203125,3603800,212624200000
2023-07-24,VHM,59500,58100,59500,59100,28455.556640625,2048800,121084080000
2023-07-25,VHM,59200,58200,58800,58600,28214.81640625,3619300,212090980000
2023-07-26,VHM,59000,58300,58300,59000,28407.408203125,3075200,181436800000
2023-07-27,VHM,59100,57500,59000,57500,27685.185546875,2724000,156630000000
2023-07-28,VHM,58900,57400,57700,58900,28359.259765625,2867200,168878080000
2023-07-31,VHM,63000,61000,62200,63000,30333.333984375,5506100,346884300000
2023-08-01,VHM,66200,62800,63900,62800,30237.037109375,6553500,411559800000
2023-08-02,VHM,62900,61900,62600,61900,29803.705078125,3438900,212867910000
2023-08-03,VHM,62200,60100,62000,60100,28937.037109375,2944400,176958440000
2023-08-04,VHM,63800,60600,60900,63000,30333.333984375,4715000,297045000000
2023-08-07,VHM,63700,61600,63700,62900,30285.185546875,3395500,213576950000
2023-08-08,VHM,63800,62500,62900,62800,30237.037109375,5300400,332865120000
2023-08-09,VHM,62700,60600,62300,60600,29177.779296875,5591000,338814600000
2023-08-10,VHM,61600,60600,60700,60600,29177.779296875,4743100,287431860000
2023-08-11,VHM,62500,59800,62300,60900,29322.22265625,4792700,291875430000
2023-08-14,VHM,61800,60800,60900,61200,29466.66796875,6216300,380437560000
2023-08-15,VHM,62500,60900,61200,61700,29707.408203125,5687200,350900240000
2023-08-16,VHM,64099,62300,63000,62900,30285.185546875,6366900,400478010000
2023-08-17,VHM,62600,61000,62100,61000,29370.37109375,5437100,331663100000
2023-08-18,VHM,60800,56800,60800,56800,27348.1484375,9562100,543127280000
2023-08-21,VHM,57200,55700,56800,56000,26962.962890625,5229200,292835200000
2023-08-22,VHM,56800,54500,56800,55500,26722.22265625,4567100,253474050000
2023-08-23,VHM,56900,54400,56900,54500,26240.7421875,6684500,364305250000
2023-08-24,VHM,56100,54400,54900,55400,26674.07421875,4647700,257482580000
2023-08-25,VHM,55500,54000,55500,54100,26048.1484375,5129100,277484310000
2023-08-28,VHM,55300,54200,54500,54700,26337.037109375,5223400,285719980000
2023-08-29,VHM,55800,54400,55000,54600,26288.888671875,5305400,289674840000
2023-08-30,VHM,55100,54100,54600,54600,26288.888671875,5033400,274823640000
2023-08-31,VHM,55900,54700,54800,54700,26337.037109375,6420400,351195880000
2023-09-05,VHM,55500,54400,55200,55300,26625.92578125,9060200,501029060000
2023-09-06,VHM,57000,55400,55500,55900,26914.81640625,9771600,546232440000
2023-09-07,VHM,56600,54900,56500,55100,26529.630859375,8725600,480780560000
2023-09-08,VHM,55500,54000,55000,54000,26000.0,10428600,563144400000
2023-09-11,VHM,54900,52500,54600,52500,25277.779296875,8473600,444864000000
2023-09-12,VHM,53500,52000,52800,53500,25759.259765625,7418400,396884400000
2023-09-13,VHM,53800,52100,53800,52100,25085.185546875,11950900,622641890000
2023-09-14,VHM,52300,49000,52100,49000,23592.59375,11640900,570404100000
2023-09-15,VHM,50500,49400,49600,50500,24314.814453125,10515400,531027700000
2023-09-18,VHM,50500,48700,50100,48950,23568.51953125,5100700,249679265000
2023-09-19,VHM,50700,49000,50000,49350,23761.111328125,7523700,371294595000
2023-09-20,VHM,50900,49500,49700,50700,24411.111328125,4516100,228966270000
2023-09-21,VHM,51400,50000,51000,50200,24170.37109375,5187600,260417520000
2023-09-22,VHM,49450,47850,49400,48000,23111.111328125,7962300,382190400000
2023-09-25,VHM,48750,46000,48000,47000,22629.630859375,5318000,249946000000
2023-09-26,VHM,47800,45000,47000,45000,21666.66796875,4072300,183253500000
2023-09-27,VHM,45800,43850,45000,45100,21714.814453125,6501300,293208630000
2023-09-28,VHM,45500,44050,45100,44500,21425.92578125,3414400,151940800000
2023-09-29,VHM,47500,45000,45000,45500,21907.408203125,7289300,331663150000
2023-10-02,VHM,46200,45200,45600,45750,22027.77734375,1820000,83265000000
2023-10-03,VHM,45250,44050,45000,44050,21209.259765625,4660300,205286215000
2023-10-04,VHM,45400,43250,43250,44600,21474.07421875,3469300,154730780000
2023-10-05,VHM,45250,44250,44700,44550,21450.0,2701500,120351825000
2023-10-06,VHM,46150,44550,44850,46050,22172.22265625,3431800,158034390000
2023-10-09,VHM,47500,46050,46100,47000,22629.630859375,3861300,181481100000
2023-10-10,VHM,48000,46900,47150,48000,23111.111328125,4834400,232051200000
2023-10-11,VHM,47800,46850,47700,47400,22822.22265625,2919100,138365340000
2023-10-12,VHM,48000,47350,47600,47550,22894.4453125,2450500,116521275000
2023-10-13,VHM,47200,46500,47050,46900,22581.482421875,2577000,120861300000
2023-10-16,VHM,47000,45550,46900,45550,21931.482421875,3271400,149012270000
2023-10-17,VHM,45900,44500,45600,44500,21425.92578125,2398500,106733250000
2023-10-18,VHM,45800,43000,44600,43300,20848.1484375,3856200,166973460000
2023-10-19,VHM,43450,42500,43450,42500,20462.962890625,3733500,158673750000
2023-10-20,VHM,44800,41700,42500,44500,21425.92578125,3190400,141972800000
2023-10-23,VHM,45300,44000,44500,44500,21425.92578125,5685400,253000300000
2023-10-24,VHM,45000,44000,44900,44600,21474.07421875,3181700,141903820000
2023-10-25,VHM,45950,44750,45400,44900,21618.51953125,3919900,176003510000
2023-10-26,VHM,41800,41800,41800,41800,20125.92578125,6085900,254390620000
2023-10-27,VHM,41500,38900,40000,39200,18874.07421875,18173800,712412960000
2023-10-30,VHM,40000,37750,39000,39200,18874.07421875,6757600,264897920000
2023-10-31,VHM,39700,38000,39200,39000,18777.77734375,7711700,300756300000
2023-11-01,VHM,39000,36750,38900,38450,18512.962890625,9750000,374887500000
2023-11-02,VHM,40000,37700,38450,39950,19235.185546875,9139400,365119030000
2023-11-03,VHM,40550,39950,40450,40500,19500.0,8269500,334914750000
2023-11-06,VHM,41400,40600,40650,41000,19740.740234375,6337500,259837500000
2023-11-07,VHM,40950,40000,40900,40000,19259.259765625,4440500,177620000000
2023-11-08,VHM,41500,39200,39850,41000,19740.740234375,7703900,315859900000
2023-11-09,VHM,43050,41450,41600,42900,20655.556640625,15459800,663225420000
2023-11-10,VHM,43200,42300,42500,42300,20366.66796875,6520200,275804460000
2023-11-13,VHM,42600,41300,42600,41350,19909.259765625,7225100,298757885000
2023-11-14,VHM,41900,40750,41850,41000,19740.740234375,7497400,307393400000
2023-11-15,VHM,42600,41350,41800,41450,19957.408203125,8585400,355864830000
2023-11-16,VHM,41650,40800,41400,41150,19812.962890625,5394800,221996020000
2023-11-17,VHM,41750,38500,41300,38950,18753.705078125,16313600,635414720000
2023-11-20,VHM,39500,38300,38500,38950,18753.705078125,4897600,190761520000
2023-11-21,VHM,39750,38900,39750,39100,18825.92578125,4789100,187253810000
2023-11-22,VHM,39600,38850,39400,39000,18777.77734375,4807600,187496400000
2023-11-23,VHM,39950,39000,39350,39000,18777.77734375,7659600,298724400000
2023-11-24,VHM,39200,38050,39000,39100,18825.92578125,7382900,288671390000
2023-11-27,VHM,40000,39100,39100,39800,19162.962890625,5710600,227281880000
2023-11-28,VHM,40750,39650,39800,40750,19620.37109375,7384400,300914300000
2023-11-29,VHM,41300,40750,41050,41200,19837.037109375,4209300,173423160000
2023-11-30,VHM,41350,40600,41200,41300,19885.185546875,7741700,319732210000
2023-12-01,VHM,41400,40400,41300,40900,19692.59375,6970800,285105720000
2023-12-04,VHM,41500,40850,40950,41300,19885.185546875,8136700,336045710000
2023-12-05,VHM,41500,40500,41500,40500,19500.0,8300600,336174300000
2023-12-06,VHM,40550,39650,40500,40450,19475.92578125,10848000,438801600000
2023-12-07,VHM,40550,39400,40450,39700,19114.814453125,11343000,450317100000
2023-12-08,VHM,40100,39450,39700,39650,19090.740234375,9893700,392285205000
2023-12-11,VHM,41300,40100,40150,41000,19740.740234375,8699000,356659000000
2023-12-12,VHM,41300,40750,41000,41050,19764.814453125,6169100,253241555000
2023-12-13,VHM,41650,40650,41200,40750,19620.37109375,9940000,405055000000
2023-12-14,VHM,41250,40250,41100,40300,19403.705078125,4704300,189583290000
2023-12-15,VHM,40550,39850,40450,39900,19211.111328125,6799900,271316010000
2023-12-18,VHM,40200,39850,40200,39900,19211.111328125,3563400,142179660000
2023-12-19,VHM,39950,39300,39900,39500,19018.51953125,5227500,206486250000
2023-12-20,VHM,39950,39500,39850,39950,19235.185546875,2356600,94146170000
2023-12-21,VHM,40450,39650,39700,40200,19355.556640625,3556500,142971300000
2023-12-22,VHM,40400,40000,40200,40300,19403.705078125,3289400,132562820000
2023-12-25,VHM,41250,40300,40300,41200,19837.037109375,5957700,245457240000
2023-12-26,VHM,42200,41300,41500,41900,20174.07421875,10394700,435537930000
2023-12-27,VHM,42150,41850,42000,41900,20174.07421875,6034200,252832980000
2023-12-28,VHM,43800,42050,42100,43700,21040.7421875,13129900,573776630000
2023-12-29,VHM,44100,43200,44050,43200,20800.0,5324500,230018400000
2024-01-02,VHM,43750,42550,43300,43000,20703.705078125,7588500,326305500000
2024-01-03,VHM,43400,42550,42600,43400,20896.296875,6112600,265286840000
2024-01-04,VHM,43700,43250,43550,43450,20920.37109375,8778000,381404100000
2024-01-05,VHM,43550,43050,43450,43100,20751.8515625,4508700,194324970000
2024-01-08,VHM,43850,42900,43200,43350,20872.22265625,6213900,269372565000
2024-01-09,VHM,43300,42650,43150,43000,20703.705078125,6377100,274215300000
2024-01-10,VHM,43000,42100,43000,42700,20559.259765625,6789400,289907380000
2024-01-11,VHM,43050,42000,42500,42000,20222.22265625,6969000,292698000000
2024-01-12,VHM,41900,40900,41800,41300,19885.185546875,8327100,343909230000
2024-01-15,VHM,41850,41400,41800,41600,20029.630859375,3149500,131019200000
2024-01-16,VHM,42650,41450,41600,42650,20535.185546875,3774400,160978160000
2024-01-17,VHM,42850,41900,42650,41900,20174.07421875,6343500,265792650000
2024-01-18,VHM,43500,42050,42250,43200,20800.0,8938800,386156160000
2024-01-19,VHM,43600,43000,43350,43050,20727.77734375,5531400,238126770000
2024-01-22,VHM,43450,42800,43350,43000,20703.705078125,4709100,202491300000
2024-01-23,VHM,43200,42300,43050,42350,20390.740234375,5255800,222583130000
2024-01-24,VHM,42950,42300,42350,42500,20462.962890625,2741200,116501000000
2024-01-25,VHM,42500,42050,42500,42100,20462.962890625,2295400,96636340000
2024-01-26,VHM,42500,42000,42200,42000,20222.22265625,4351500,182763000000
2024-01-29,VHM,42300,41800,42300,41800,20125.92578125,3166200,132347160000
2024-01-30,VHM,42300,41700,41800,42000,20222.22265625,2908300,122148600000
2024-01-31,VHM,42250,41500,42050,41500,19981.482421875,6307100,261744650000
2024-02-01,VHM,41500,41100,41350,41200,19837.037109375,7107200,292816640000
2024-02-02,VHM,42100,41150,41500,41200,19837.037109375,5775300,237942360000
2024-02-05,VHM,41600,41100,41400,41250,19861.111328125,3361500,138661875000
2024-02-06,VHM,41450,41000,41400,41000,19740.740234375,5535300,226947300000
2024-02-07,VHM,41850,41000,41050,41800,20125.92578125,3768900,157540020000
2024-02-15,VHM,42200,41800,42150,41950,20198.1484375,4317100,181102345000
2024-02-16,VHM,42800,41950,42150,42700,20559.259765625,6024400,257241880000
2024-02-19,VHM,45650,42900,43000,45550,21931.482421875,20156400,918124020000
2024-02-20,VHM,46700,45850,46000,46150,22220.37109375,12925600,596516440000
2024-02-21,VHM,46100,44800,46100,45000,21666.66796875,8945700,402556500000
2024-02-22,VHM,45450,44800,45100,44800,21570.37109375,6809700,305074560000
2024-02-23,VHM,45100,43250,45000,43300,20848.1484375,11753200,508913560000
2024-02-26,VHM,43850,43100,43450,43350,20872.22265625,7000000,303450000000
2024-02-27,VHM,44200,43300,43750,44200,21281.482421875,7158700,316414540000
2024-02-28,VHM,44900,44000,44450,44400,21377.77734375,6283200,278974080000
2024-02-29,VHM,44700,43400,44550,43400,20896.296875,11041300,479192420000
2024-03-01,VHM,44200,43300,43700,43950,21161.111328125,6873900,302107905000
2024-03-04,VHM,44600,43800,44050,43950,21161.111328125,7036300,309245385000
2024-03-05,VHM,44250,43300,43950,43650,21016.66796875,7690200,335677230000
2024-03-06,VHM,44550,43050,43650,43100,20751.8515625,11322800,488012680000
2024-03-07,VHM,43300,42850,43300,43200,20800.0,7314700,315995040000
2024-03-08,VHM,43600,42550,43500,42550,20487.037109375,9526300,405344065000
2024-03-11,VHM,43000,42500,42600,42550,20487.037109375,6056200,257691310000
2024-03-12,VHM,42900,42350,42550,42700,20559.259765625,4756200,203089740000
2024-03-13,VHM,43000,42500,42800,42950,20679.630859375,7332900,314948055000
2024-03-14,VHM,43800,42800,43400,42900,20655.556640625,12606200,540805980000
2024-03-15,VHM,43150,42400,42900,42400,20414.814453125,9885200,419132480000
2024-03-18,VHM,43150,41300,42650,42100,20270.37109375,14785500,622469550000
2024-03-19,VHM,43050,41850,42350,42900,20655.556640625,9464300,406018470000
2024-03-20,VHM,43000,42200,43000,42500,20462.962890625,5436900,231068250000
2024-03-21,VHM,43050,42550,42850,42900,20655.556640625,10978300,470969070000
2024-03-22,VHM,43500,42600,43200,42800,20607.408203125,9996800,427863040000
2024-03-25,VHM,43350,42400,43000,42550,20487.037109375,10309500,438669225000
2024-03-26,VHM,42900,42450,42700,42750,20583.333984375,4263700,182273175000
2024-03-27,VHM,42900,42500,42900,42500,20462.962890625,7551900,320955750000
2024-03-28,VHM,44050,42600,42800,43300,20848.1484375,18563500,803799550000
2024-03-29,VHM,43700,42850,43400,42850,20631.482421875,7686900,329383665000
2024-04-01,VHM,43150,42650,42900,42900,20655.556640625,7517900,322517910000
2024-04-02,VHM,43150,42200,42700,43150,20775.92578125,13758100,593662015000
2024-04-03,VHM,43750,42900,43150,43100,20751.8515625,11837400,510191940000
2024-04-04,VHM,43200,42750,42800,43000,20703.705078125,9666700,415668100000
2024-04-05,VHM,43100,42400,42700,42950,20679.630859375,13464400,578295980000
2024-04-08,VHM,43100,42400,43050,43000,20703.705078125,16737700,719721100000
2024-04-09,VHM,43200,42900,43100,43200,20800.0,10943800,472772160000
2024-04-10,VHM,44650,43450,43550,44200,21281.482421875,24322200,1075041240000
2024-04-11,VHM,44250,43750,44250,44150,21257.408203125,14565300,643057995000
2024-04-12,VHM,44800,44300,44500,44500,21425.92578125,16822800,748614600000
2024-04-15,VHM,44500,42200,44500,42400,20414.814453125,20416500,865659600000
2024-04-16,VHM,42800,40750,42400,42700,20559.259765625,16847800,719401060000
2024-04-17,VHM,43050,41550,43000,41800,20125.92578125,10862100,454035780000
2024-04-19,VHM,41500,40300,40950,41500,19981.482421875,12526800,519862200000
2024-04-22,VHM,41800,40650,41500,41450,19957.408203125,9173300,380233285000
2024-04-23,VHM,41400,40200,41000,40200,19355.556640625,8623200,346652640000
2024-04-24,VHM,40900,40250,40350,40600,19548.1484375,5041500,204684900000
2024-04-25,VHM,40850,40400,40850,40700,19596.296875,2989100,121656370000
2024-04-26,VHM,41050,40300,40400,40800,19644.4453125,4704400,191939520000
2024-05-02,VHM,41250,40350,40800,41150,19812.962890625,4570000,188055500000
2024-05-03,VHM,41400,40850,41300,41100,19788.888671875,4391600,180494760000
2024-05-06,VHM,41200,40850,41150,41150,19812.962890625,4944600,203470290000
2024-05-07,VHM,41250,40900,41250,41050,19764.814453125,4276900,175566745000
2024-05-08,VHM,41000,40500,41000,40900,19692.59375,6625700,270991130000
2024-05-09,VHM,41750,40850,41000,40950,19716.66796875,7299700,298922715000
2024-05-10,VHM,41100,40350,41000,40350,19427.77734375,7276500,293606775000
2024-05-13,VHM,40550,39700,40450,40100,19307.408203125,9093900,364665390000
2024-05-14,VHM,41250,40150,41100,40150,19331.482421875,6866000,275669900000
2024-05-15,VHM,40400,40050,40200,40250,19379.630859375,6594800,265440700000
2024-05-16,VHM,40400,40150,40300,40250,19379.630859375,8259700,332452925000
2024-05-17,VHM,41200,40200,40350,40850,19668.51953125,13307900,543627715000
2024-05-20,VHM,41250,40450,41050,40450,19475.92578125,9537100,385775695000
2024-05-21,VHM,40750,40050,40500,40200,19355.556640625,9640200,387536040000
2024-05-22,VHM,41650,40200,40200,40350,19427.77734375,11927800,481286730000
2024-05-23,VHM,40550,40100,40450,40550,19524.07421875,6387700,259021235000
2024-05-24,VHM,40550,39750,40400,39800,19162.962890625,12912200,513905560000
2024-05-27,VHM,40050,39750,39850,39800,19162.962890625,4620900,183911820000
2024-05-28,VHM,40050,39750,39850,39950,19235.185546875,5555700,221950215000
2024-05-29,VHM,40100,39450,40000,39450,18994.4453125,8030400,316799280000
2024-05-30,VHM,39500,39000,39450,39000,18777.77734375,6423700,250524300000
2024-05-31,VHM,39650,38850,39200,38850,18705.556640625,5851700,227338545000
2024-06-03,VHM,39400,39100,39200,39300,18705.556640625,5242000,206010600000
2024-06-04,VHM,40200,39400,39400,39400,18970.37109375,7955300,313438820000
2024-06-05,VHM,39900,39300,39550,39300,18922.22265625,6216300,244300590000
2024-06-06,VHM,39600,39000,39400,39050,18801.8515625,5109000,199506450000
2024-06-07,VHM,39300,39000,39300,39000,18777.77734375,4519500,176260500000
2024-06-10,VHM,39200,38850,39150,38900,18729.630859375,6320000,245848000000
2024-06-11,VHM,38950,38150,38900,38150,18368.51953125,14398100,549287515000
2024-06-12,VHM,38850,37700,38150,38500,18537.037109375,12376600,476499100000
2024-06-13,VHM,38700,38100,38550,38250,18416.66796875,5989600,229102200000
2024-06-14,VHM,38850,38050,38400,38200,18392.59375,8589700,328126540000
2024-06-17,VHM,38500,37900,38250,38300,18440.740234375,8594600,329173180000
2024-06-18,VHM,38500,38200,38500,38300,18440.740234375,6588500,252339550000
2024-06-19,VHM,38350,37750,38300,38000,18296.296875,7996800,303878400000
2024-06-20,VHM,38000,37550,37900,38000,18296.296875,7587500,288325000000
2024-06-21,VHM,37800,37450,37750,37750,18175.92578125,13031100,491924025000
2024-06-24,VHM,38200,37100,37750,37450,18031.482421875,7671000,287278950000
2024-06-25,VHM,38050,37200,37300,37800,18200.0,6350100,240033780000
2024-06-26,VHM,38150,37500,37800,37500,18055.556640625,4536500,170118750000
2024-06-27,VHM,37850,37350,37500,37600,18103.705078125,3454200,129877920000
2024-06-28,VHM,37750,37300,37600,37650,18127.77734375,5965200,224589780000
2024-07-01,VHM,37700,37100,37650,37700,18151.8515625,4515600,170238120000
2024-07-02,VHM,38350,37550,37750,38150,18368.51953125,5422700,206876005000
2024-07-03,VHM,38200,37700,38050,38100,18344.4453125,5232800,199369680000
2024-07-04,VHM,38500,37800,38100,38450,18512.962890625,7464400,287006180000
2024-07-05,VHM,38500,37950,38300,38450,18512.962890625,6571700,252681865000
2024-07-08,VHM,38400,37800,38150,38000,18296.296875,7921400,301013200000
2024-07-09,VHM,38300,37800,38000,38300,18440.740234375,8194900,313864670000
2024-07-10,VHM,38400,37950,38350,38250,18416.66796875,5450000,208462500000
2024-07-11,VHM,38700,38100,38250,38450,18512.962890625,8802600,338459970000
2024-07-12,VHM,38850,38300,38500,38500,18537.037109375,5136100,197739850000
2024-07-15,VHM,38500,37800,38500,38000,18296.296875,4886700,185694600000
2024-07-16,VHM,38050,37650,37800,37900,18248.1484375,4765700,180620030000
2024-07-17,VHM,37900,36800,37900,37300,17959.259765625,7031600,262278680000
2024-07-18,VHM,37450,36700,37250,37450,18031.482421875,6284400,235350780000
2024-07-19,VHM,38200,37550,37700,37850,18224.07421875,6180800,233943280000
2024-07-22,VHM,38000,37300,38000,37900,18248.1484375,5135700,194643030000
2024-07-23,VHM,37950,37350,37650,37850,18224.07421875,4859200,183920720000
2024-07-24,VHM,37850,37400,37600,37850,18224.07421875,4430000,167675500000
2024-07-25,VHM,38300,37550,37600,37800,18200.0,6224500,235286100000
2024-07-26,VHM,37900,37500,37800,37750,18175.92578125,3908300,147538325000
2024-07-29,VHM,37900,37100,37750,37100,17862.962890625,4356000,161607600000
2024-07-30,VHM,37200,36700,37100,36700,17670.37109375,4684400,171917480000
2024-07-31,VHM,37050,36650,36850,36700,17670.37109375,3718200,136457940000
2024-08-01,VHM,37000,36000,36750,36450,17550.0,6190900,225658305000
2024-08-02,VHM,36300,34600,36050,36000,17333.333984375,8614000,310104000000
2024-08-05,VHM,35700,34000,35200,34500,16611.111328125,9956500,343499250000
2024-08-06,VHM,34800,34000,34800,34800,16755.556640625,5853400,203698320000
2024-08-07,VHM,37200,36600,36950,37200,17911.111328125,36732700,1366456440000
2024-08-08,VHM,38100,36950,37500,37600,18103.705078125,8833300,332132080000
2024-08-09,VHM,37800,36800,37800,37200,17911.111328125,8691600,323327520000
2024-08-12,VHM,37150,36350,37150,36500,17574.07421875,8353000,304884500000
2024-08-13,VHM,36650,35850,36350,36350,17501.8515625,7145900,259753465000
2024-08-14,VHM,37400,36000,36350,37200,17911.111328125,10119200,376434240000
2024-08-15,VHM,38300,37150,37500,37850,18224.07421875,17778700,672923795000
2024-08-16,VHM,38700,38000,38200,38400,18488.888671875,14796100,568170240000
2024-08-19,VHM,38800,38200,38600,38600,18585.185546875,10779700,416096420000
2024-08-20,VHM,39800,38500,38600,39400,18970.37109375,17552300,691560620000
2024-08-21,VHM,39750,38900,39250,39750,19138.888671875,13661500,543044625000
2024-08-22,VHM,40150,39500,39750,39800,19162.962890625,9224500,367135100000
2024-08-23,VHM,40000,39350,39600,39750,19138.888671875,9340600,371288850000
2024-08-26,VHM,40750,39850,39850,40500,19500.0,15625100,632816550000
2024-08-27,VHM,42300,40350,40500,41400,19933.333984375,18219300,754279020000
2024-08-28,VHM,41800,40600,41700,40900,19692.59375,11199200,458047280000
2024-08-29,VHM,41500,40700,40850,41500,19981.482421875,9304200,386124300000
2024-08-30,VHM,41650,41100,41500,41500,19981.482421875,11320600,469804900000
2024-09-04,VHM,42500,41000,41000,42500,20462.962890625,13810200,586933500000
2024-09-05,VHM,44450,42700,42700,43750,21064.814453125,22146100,968891875000
2024-09-06,VHM,44000,43250,44000,43900,21137.037109375,10230400,449114560000
2024-09-09,VHM,43650,43000,43650,43000,20703.705078125,10300900,442938700000
2024-09-10,VHM,43550,42150,43150,42800,20607.408203125,12930600,553429680000
2024-09-11,VHM,43150,41750,42550,43000,20703.705078125,13399000,576157000000
2024-09-12,VHM,43500,43100,43400,43100,20751.8515625,5663400,244092540000
2024-09-13,VHM,43400,42700,43050,43000,20703.705078125,5405000,232415000000
2024-09-16,VHM,42900,41750,42850,41750,20101.8515625,8361100,349075925000
2024-09-17,VHM,44000,41700,41750,44000,21185.185546875,15786300,694597200000
2024-09-18,VHM,45150,43900,44100,43900,21137.037109375,12485300,548104670000
2024-09-19,VHM,44400,43850,43950,44150,21257.408203125,9903100,437221865000
2024-09-20,VHM,44900,43700,44200,43750,21064.814453125,25318400,1107680000000
2024-09-23,VHM,44100,43150,43800,43650,21016.66796875,7376000,321962400000
2024-09-24,VHM,44250,43450,43650,44250,21305.556640625,6958300,307904775000
2024-09-25,VHM,44400,43800,44400,44150,21257.408203125,10672900,471208535000
2024-09-26,VHM,44600,44100,44200,44400,21377.77734375,12259400,544317360000
2024-09-27,VHM,44600,43000,44500,43400,20896.296875,16363400,710171560000
2024-09-30,VHM,43500,42550,43500,42800,20607.408203125,9129100,390725480000
2024-10-01,VHM,44100,42900,42900,43450,20920.37109375,11220500,487530725000
2024-10-02,VHM,43450,42850,43050,43400,20896.296875,7970100,345902340000
2024-10-03,VHM,43250,41600,43000,41600,20029.630859375,26887200,1118507520000
2024-10-04,VHM,41950,41150,41550,41500,19981.482421875,6764300,280718450000
2024-10-07,VHM,41800,40900,41650,41200,19837.037109375,7224100,297632920000
2024-10-08,VHM,41600,40700,41450,41600,20029.630859375,8581400,356986240000
2024-10-09,VHM,42550,41600,41650,42500,20462.962890625,6742900,286573250000
2024-10-10,VHM,42900,42150,42700,42150,20294.4453125,5446300,229561545000
2024-10-11,VHM,43800,42300,42450,43600,20992.59375,15621000,681075600000
2024-10-14,VHM,46400,45100,45500,45350,21835.185546875,20737100,940427485000
2024-10-15,VHM,45500,44600,45500,44650,21498.1484375,9219500,411650675000
2024-10-16,VHM,45200,44450,44500,45000,21666.66796875,6821300,306958500000
2024-10-17,VHM,45500,44800,45100,45100,21714.814453125,6677100,301137210000
2024-10-18,VHM,46000,45150,45700,45250,21787.037109375,8960800,405476200000
2024-10-21,VHM,47800,45500,45500,47800,23014.814453125,21161800,1011534040000
2024-10-22,VHM,48550,47400,48150,48250,23231.482421875,12670800,611366100000
2024-10-23,VHM,48350,46500,48250,47000,22629.630859375,33349400,1567421800000
2024-10-24,VHM,46750,43850,46600,43850,21112.962890625,33609200,1473763420000
2024-10-25,VHM,44650,43500,44550,43850,21112.962890625,24552700,1076635895000
2024-10-28,VHM,44250,42500,43700,42700,20559.259765625,19543500,834507450000
2024-10-29,VHM,43050,42550,42950,42750,20583.333984375,17360800,742174200000
2024-10-30,VHM,43000,40850,43000,41150,19812.962890625,31820300,1309405345000
2024-10-31,VHM,41550,40450,41150,41500,19981.482421875,23737900,985122850000
2024-11-01,VHM,42200,41300,41500,41500,19981.482421875,16952200,703516300000
2024-11-04,VHM,41500,40550,41500,41500,19981.482421875,19838000,823277000000
2024-11-05,VHM,41800,41250,41500,41500,19981.482421875,14140300,586822450000
2024-11-06,VHM,41700,41300,41500,41550,20005.556640625,15064600,625934130000
2024-11-07,VHM,41700,41300,41700,41400,19933.333984375,15995700,662221980000
2024-11-08,VHM,41350,40000,41300,40000,19259.259765625,22517000,900680000000
2024-11-11,VHM,40850,39250,40000,40600,19548.1484375,15312100,621671260000
2024-11-12,VHM,41350,40300,40600,40300,19403.705078125,16217500,653565250000
2024-11-13,VHM,40700,40150,40300,40300,19403.705078125,14066600,566883980000
2024-11-14,VHM,41100,40300,40350,40350,19427.77734375,16947200,683819520000
2024-11-15,VHM,40600,40000,40350,40250,19379.630859375,17024300,685228075000
2024-11-18,VHM,40800,39600,40300,40800,19644.4453125,23032900,939742320000
2024-11-19,VHM,42250,40900,40900,42200,20318.51953125,26469700,1117021340000
2024-11-20,VHM,43400,41750,42200,43300,20848.1484375,28417400,1230473420000
2024-11-21,VHM,43700,42850,43250,43300,20848.1484375,34404900,1489732170000
2024-11-22,VHM,42750,41600,42650,41600,20029.630859375,9091600,378210560000
2024-11-25,VHM,42950,41450,41500,42700,20559.259765625,4401200,187931240000
2024-11-26,VHM,43300,42400,42700,42400,20414.814453125,4289500,181874800000
2024-11-27,VHM,42850,41900,42200,41900,20174.07421875,3650400,152951760000
2024-11-28,VHM,42350,41100,42250,41100,19788.888671875,6514200,267733620000
2024-11-29,VHM,41300,40750,41300,40800,19644.4453125,5524400,225395520000
2024-12-02,VHM,41150,40750,41100,40750,19620.37109375,3781200,154083900000
2024-12-03,VHM,41300,40500,40800,40900,19692.59375,5187200,212156480000
2024-12-04,VHM,40850,40100,40700,40100,19307.408203125,5167400,207212740000
2024-12-05,VHM,41800,40200,40500,41400,19933.333984375,4852800,200905920000
2024-12-06,VHM,42000,41200,41600,41500,19981.482421875,4870000,202105000000
2024-12-09,VHM,41900,41400,41500,41600,19957.408203125,1300800,54113280000
2024-12-10,VHM,41650,40950,41450,40950,19716.66796875,4579300,187522335000
2024-12-11,VHM,41350,40800,40950,40850,19668.51953125,4020600,164241510000
2024-12-12,VHM,41150,40750,40900,40750,19620.37109375,2984800,121630600000
2024-12-13,VHM,40800,40500,40700,40650,19572.22265625,3126900,127108485000
2024-12-16,VHM,41150,40550,40650,40950,19716.66796875,2668000,109254600000
2024-12-17,VHM,41400,40800,41000,41300,19885.185546875,3708600,153165180000
2024-12-18,VHM,41600,40900,41300,40900,19692.59375,2431900,99464710000
2024-12-19,VHM,40750,40200,40600,40200,19355.556640625,5724800,230136960000
2024-12-20,VHM,40450,40200,40400,40350,19427.77734375,3475300,140228355000
2024-12-23,VHM,40850,40400,40800,40600,19548.1484375,1992400,80891440000
2024-12-24,VHM,40600,40100,40500,40350,19427.77734375,3214900,129721215000
2024-12-25,VHM,40750,40350,40500,40600,19548.1484375,3559700,144523820000
2024-12-26,VHM,41300,40650,40750,40650,19572.22265625,3690900,150035085000
2024-12-27,VHM,41050,40350,40800,40350,19427.77734375,2847200,114884520000
2024-12-30,VHM,40600,40300,40450,40300,19403.705078125,2516300,101406890000
2024-12-31,VHM,40500,40000,40500,40000,19259.259765625,4191900,167676000000
2025-01-02,VHM,40200,39950,40100,40000,19259.259765625,3009900,120396000000
2025-01-03,VHM,40050,39750,40050,40000,19259.259765625,4269100,170764000000
2025-01-06,VHM,40000,39750,40000,40000,19259.259765625,3321300,132852000000
2025-01-07,VHM,40050,39850,39850,40000,19259.259765625,2849700,113988000000
2025-01-08,VHM,40050,39700,40000,40000,19259.259765625,2438700,97548000000
2025-01-09,VHM,41050,40000,40000,40400,19451.8515625,4211400,170140560000
2025-01-10,VHM,40700,39900,40400,40000,19259.259765625,2320000,92800000000
2025-01-13,VHM,40000,38700,39800,40000,19259.259765625,3978900,159156000000
2025-01-14,VHM,40000,39400,39700,40000,19259.259765625,5407600,216304000000
2025-01-15,VHM,40100,39800,40000,40000,19259.259765625,2707200,108288000000
2025-01-16,VHM,40650,40000,40200,40000,19259.259765625,5138800,205552000000
2025-01-17,VHM,40100,39850,40100,40100,19307.408203125,4153100,166539310000
2025-01-20,VHM,40200,39900,40000,40000,19259.259765625,2996900,119876000000
2025-01-21,VHM,40150,39800,40000,40000,19259.259765625,4494600,179784000000
2025-01-22,VHM,40000,39500,40000,39500,19018.51953125,3640500,143799750000
2025-01-23,VHM,39950,39250,39550,39500,19018.51953125,4632800,182995600000
2025-01-24,VHM,39800,39400,39500,39500,19018.51953125,4838500,191120750000
2025-02-03,VHM,39550,38850,39550,39000,18777.77734375,4738800,184813200000
2025-02-04,VHM,39150,38550,38950,38750,18657.408203125,6222400,241118000000
2025-02-05,VHM,39450,38850,39000,38850,18705.556640625,2719200,105640920000
2025-02-06,VHM,39200,38800,39000,38800,18681.482421875,2817600,109322880000
2025-02-07,VHM,39050,38750,38850,38750,18657.408203125,3013800,116784750000
2025-02-10,VHM,38750,37800,38700,37800,18200.0,5850900,221164020000
2025-02-11,VHM,37900,37600,37850,37750,18175.92578125,5898800,222679700000
2025-02-12,VHM,38300,37800,37800,38000,18296.296875,3808700,144730600000
2025-02-13,VHM,38900,37900,37900,38750,18657.408203125,4922700,190754625000
2025-02-14,VHM,39050,38750,38950,38800,18681.482421875,4245600,164729280000
2025-02-17,VHM,39150,38700,38800,38800,18681.482421875,4038700,156701560000
2025-02-18,VHM,39200,38850,38900,38900,18729.630859375,3087100,120088190000
2025-02-19,VHM,39150,38800,39150,39100,18825.92578125,2932700,114668570000
2025-02-20,VHM,40800,39150,39200,40550,19524.07421875,11106700,450376685000
2025-02-21,VHM,40700,40250,40700,40300,19403.705078125,3893300,156899990000
2025-02-24,VHM,40300,39950,40100,40250,19379.630859375,4771900,192068975000
2025-02-25,VHM,41250,40300,40300,40750,19620.37109375,5566600,226838950000
2025-02-26,VHM,40900,40500,40800,40700,19596.296875,4187200,170419040000
2025-02-27,VHM,41150,40600,40750,41050,19764.814453125,6360000,261078000000
2025-02-28,VHM,41600,40850,41050,41200,19837.037109375,8394500,345853400000
2025-03-03,VHM,42550,41200,41300,42550,20487.037109375,9467900,402859145000
2025-03-04,VHM,43150,42050,42550,42050,20246.296875,11264800,473684840000
2025-03-05,VHM,43000,42050,42050,42700,20559.259765625,10682200,456129940000
2025-03-06,VHM,43600,42850,42850,43600,20992.59375,11952800,521142080000
2025-03-07,VHM,45750,43300,43600,44950,21642.59375,17823300,801157335000
2025-03-10,VHM,45800,44700,45000,45300,21811.111328125,12066400,546607920000
2025-03-11,VHM,45550,44200,44600,45500,21907.408203125,12103400,550704700000
2025-03-12,VHM,47300,45400,45400,46950,22605.556640625,15641200,734354340000
2025-03-13,VHM,49550,46550,47000,47800,23014.814453125,22269900,1064501220000
2025-03-14,VHM,48900,47700,47700,47900,23062.962890625,16861700,807675430000
2025-03-17,VHM,48000,46800,47950,47800,23014.814453125,11017800,526650840000
2025-03-18,VHM,48750,46800,47600,47300,22774.07421875,12239500,578928350000
2025-03-19,VHM,47900,46250,46800,47350,22798.1484375,13442500,636502375000
2025-03-20,VHM,48200,46950,47350,47350,22798.1484375,13458400,637255240000
2025-03-21,VHM,48400,47100,47100,48250,23231.482421875,13695700,660817525000
2025-03-24,VHM,51400,48350,48450,51300,24700.0,15552100,797822730000
2025-03-25,VHM,52500,51100,51900,51500,24796.296875,12918800,665318200000
2025-03-26,VHM,52200,50200,51800,51500,24796.296875,9611000,494966500000
2025-03-27,VHM,51700,50500,51500,51200,24651.8515625,7904300,404700160000
2025-03-28,VHM,51900,50700,51100,51200,24651.8515625,8166000,418099200000
2025-03-31,VHM,51600,51000,51200,51300,24700.0,9374200,480896460000
2025-04-01,VHM,53500,51500,51800,53000,25518.51953125,11851000,628103000000
2025-04-02,VHM,53600,52600,53200,53000,25518.51953125,10657600,564852800000
2025-04-03,VHM,51600,49300,50300,49300,23737.037109375,23521900,1159629670000
2025-04-04,VHM,50600,46100,46100,50300,24218.51953125,21595400,1086248620000
2025-04-08,VHM,49500,46800,48700,47000,22629.630859375,21438100,1007590700000
2025-04-09,VHM,48800,45600,45600,48500,23351.8515625,15153600,734949600000
2025-04-10,VHM,51800,51800,51800,51800,24940.7421875,752100,38958780000
2025-04-11,VHM,53700,51000,51800,53500,25759.259765625,14557800,778842300000
2025-04-14,VHM,57200,53700,54000,57200,27540.7421875,16827300,962521560000
2025-04-15,VHM,60500,57200,57900,57500,27685.185546875,15962600,917849500000
2025-04-16,VHM,57900,55000,57000,56500,27203.705078125,10845000,612742500000
2025-04-17,VHM,56800,54800,56000,56800,27348.1484375,6338100,360004080000
2025-04-18,VHM,57000,53300,56800,55000,26481.482421875,13530600,744183000000
2025-04-21,VHM,55400,53400,54100,55000,26481.482421875,7721400,424677000000
2025-04-22,VHM,58000,52400,55000,57500,27685.185546875,10732600,617124500000
2025-04-23,VHM,58500,57000,58200,58500,28166.66796875,10647900,622902150000
2025-04-24,VHM,61800,57600,58500,61200,29466.66796875,12662600,774951120000
2025-04-25,VHM,62500,60100,61000,62300,29996.296875,11381200,709048760000
2025-04-28,VHM,62100,58500,62100,58500,28166.66796875,7393800,432537300000
2025-04-29,VHM,58800,57000,58500,58400,28118.51953125,4737800,276687520000
2025-05-05,VHM,60900,59900,60700,60900,29322.22265625,6070700,369705630000
2025-05-06,VHM,61700,60500,61000,60900,29322.22265625,4955900,301814310000
2025-05-07,VHM,62400,60100,60100,62000,29322.22265625,5073600,314563200000
2025-05-08,VHM,63400,61500,62000,62200,29851.8515625,8829200,549176240000
2025-05-09,VHM,62800,61600,62000,62200,29948.1484375,6170600,383811320000
2025-05-12,VHM,62800,61800,62200,62300,29996.296875,5743300,357807590000
2025-05-13,VHM,62500,60900,61800,62000,29996.296875,6806700,422015400000
2025-05-14,VHM,62000,60400,61700,60400,29851.8515625,6555600,395958240000
2025-05-15,VHM,60300,57100,60200,58000,29081.482421875,17963700,1041894600000
2025-05-16,VHM,59000,57400,57600,58000,27925.92578125,7352000,426416000000
2025-05-19,VHM,60600,58100,58100,58800,28311.111328125,5269600,309852480000
2025-05-20,VHM,62900,59600,59600,62900,28311.111328125,21911900,1378258510000
2025-05-21,VHM,67300,65300,67300,67300,30285.185546875,14973300,1007703090000
2025-05-22,VHM,71000,66800,66900,68100,32403.705078125,10234400,696962640000
2025-05-23,VHM,69800,67300,68600,68800,32788.890625,7306800,502707840000
2025-05-26,VHM,73500,65700,69000,73500,35388.890625,11890300,873937050000
2025-05-27,VHM,74700,71200,74600,74300,35388.890625,7721600,573714880000
2025-05-28,VHM,76100,72800,74000,75700,35774.07421875,8900600,673775420000
2025-05-29,VHM,76900,74100,75700,76900,36448.1484375,7947900,611193510000
2025-05-30,VHM,78300,76100,76500,77600,37025.92578125,5891000,457141600000
2025-06-02,VHM,77900,74500,77600,77000,37074.07421875,4823400,371401800000
2025-06-03,VHM,77600,76100,76500,77600,37074.07421875,4772300,370330480000
2025-06-04,VHM,77600,76100,77600,77100,37362.96484375,6531300,503563230000
2025-06-05,VHM,77000,75600,76100,76800,37122.22265625,5299500,407001600000
2025-06-06,VHM,76500,75000,75700,76000,36977.77734375,6491000,493316000000
2025-06-09,VHM,75900,70700,75400,70700,34040.7421875,5889800,416408860000
2025-06-10,VHM,72900,68500,68500,72600,34040.7421875,9459500,686759700000
2025-06-11,VHM,72600,70900,72000,72100,34955.5546875,2691600,194064360000
2025-06-12,VHM,72400,68600,72100,70000,34714.81640625,4967500,347725000000
2025-06-13,VHM,68900,66300,68100,68400,33703.703125,5516900,377355960000
2025-06-16,VHM,68200,66400,66500,67400,32451.853515625,4873300,328460420000
2025-06-17,VHM,71100,67000,67900,69600,32451.853515625,4053500,282123600000
2025-06-18,VHM,71400,69200,70000,71400,33511.11328125,3857400,275418360000
2025-06-19,VHM,73500,71000,72000,71700,34377.77734375,5384700,386082990000
2025-06-20,VHM,71500,70200,71500,70200,34522.22265625,8925000,626535000000
2025-06-23,VHM,74500,69100,70100,74000,35629.62890625,5368900,397298600000
2025-06-24,VHM,77300,74100,75500,77300,35629.62890625,7834300,605591390000
2025-06-25,VHM,78900,76300,76900,77900,37218.51953125,4824700,375844130000
2025-06-26,VHM,77800,75700,77300,76000,37507.41015625,4678200,355543200000
2025-06-27,VHM,77400,74000,76500,77000,36592.59375,4778100,367913700000
2025-06-30,VHM,77000,76000,77000,76700,36929.62890625,3763700,288675790000
2025-07-01,VHM,76700,74800,76400,76300,36929.62890625,3857900,294357770000
2025-07-02,VHM,76100,74700,75300,76000,36737.0390625,4378300,332750800000
2025-07-03,VHM,76800,75200,75200,76300,36592.59375,3218300,245556290000
2025-07-04,VHM,76400,75200,76300,76000,36737.0390625,3225500,245138000000
2025-07-07,VHM,76900,75300,75700,76900,37025.92578125,3506300,269634470000
2025-07-08,VHM,79500,76800,76900,79200,37025.92578125,4291400,339878880000
2025-07-09,VHM,82000,79300,79300,81800,38133.3359375,4103300,335649940000
2025-07-10,VHM,86500,81700,82000,86000,39385.1875,7101900,610763400000
2025-07-11,VHM,89600,86700,86700,87900,41407.41015625,5177500,455102250000
2025-07-14,VHM,91000,86100,89800,88800,42755.5546875,5761800,511647840000
2025-07-15,VHM,88800,87000,88800,87400,42755.5546875,4157200,363339280000
2025-07-16,VHM,89500,86700,87300,88000,42081.484375,4188500,368588000000
2025-07-17,VHM,94100,88300,88300,94100,42370.37109375,8831400,831034740000
2025-07-18,VHM,98000,94100,95200,96000,45307.41015625,5216100,500745600000
2025-07-21,VHM,96400,91100,96100,92000,44296.296875,5658700,520600400000
2025-07-22,VHM,95600,90000,91200,95500,44296.296875,4103700,391903350000
2025-07-23,VHM,95700,92200,95700,92200,45981.484375,4318500,398165700000
2025-07-24,VHM,92500,87900,92300,92000,44392.59375,8027000,738484000000
2025-07-25,VHM,93700,90200,90300,93700,44296.296875,2777400,260242380000
2025-07-28,VHM,96000,92000,93700,95600,46029.62890625,7219800,690212880000
2025-07-29,VHM,94700,92100,94500,92100,46029.62890625,3992500,367709250000
2025-07-30,VHM,92500,89000,92100,91500,44344.4453125,5198000,475617000000
2025-07-31,VHM,91500,88200,89700,90000,44055.5546875,7811500,703035000000
2025-08-01,VHM,90600,87800,90000,89900,43333.3359375,8402600,755393740000
2025-08-04,VHM,93800,88500,89800,92200,44392.59375,4704900,433791780000
2025-08-05,VHM,98500,92000,93000,96000,44392.59375,10115900,971126400000
2025-08-06,VHM,97600,93200,96000,97500,46222.22265625,5504600,536698500000
2025-08-07,VHM,97700,94400,97600,95000,46944.4453125,5036500,478467500000
2025-08-08,VHM,95500,93000,93500,94800,45740.7421875,3496000,331420800000
2025-08-11,VHM,95000,93100,94800,93500,45018.51953125,4480200,418898700000
2025-08-12,VHM,93400,91900,93100,93000,45018.51953125,5154100,479331300000
2025-08-13,VHM,93100,91000,93000,93000,44777.77734375,5374600,499837800000
2025-08-14,VHM,95500,92300,93100,93900,44777.77734375,5541700,520365630000
2025-08-15,VHM,98500,92200,95000,94000,45211.11328125,7256100,682073400000
2025-08-18,VHM,94100,92000,94100,93900,45211.11328125,4501300,422672070000
2025-08-19,VHM,94500,92200,93600,93900,45211.11328125,4158500,390483150000
2025-08-20,VHM,99000,92700,94000,99000,45211.11328125,9090600,899969400000
2025-08-21,VHM,99900,97000,97000,99800,47666.66796875,4878600,486884280000
2025-08-22,VHM,99000,95300,97500,98100,48051.8515625,6239700,612114570000
2025-08-25,VHM,101900,96500,98000,98400,47377.77734375,5063900,498287760000
2025-08-26,VHM,105200,97000,98400,105200,47377.77734375,6413000,674647600000
2025-08-27,VHM,106900,102100,105300,104600,50651.8515625,3023700,316279020000
2025-08-28,VHM,106000,101800,104600,104600,50362.96484375,3292800,344426880000
2025-08-29,VHM,104800,102500,104600,104500,50362.96484375,4250800,444208600000
2025-09-03,VHM,103700,101000,103100,102700,49448.1484375,3215200,330201040000
2025-09-04,VHM,102500,99200,102000,102300,49448.1484375,5504100,563069430000
2025-09-05,VHM,103500,100000,100500,100000,49255.55859375,4185500,418550000000
2025-09-08,VHM,101000,98800,99000,100000,48148.1484375,3227000,322700000000
2025-09-09,VHM,101400,98800,100000,101400,48148.1484375,2851500,289142100000
2025-09-10,VHM,102400,99700,101500,101800,48822.22265625,3897900,396806220000
2025-09-11,VHM,106000,100100,100900,105900,49014.81640625,4046000,428471400000
2025-09-12,VHM,106000,103000,104100,105500,50988.890625,2393700,252535350000
2025-09-15,VHM,104700,102500,104000,104500,50314.81640625,2942600,307501700000
2025-09-16,VHM,104700,102700,104700,102700,50314.81640625,2008200,206242140000
2025-09-17,VHM,104400,101200,102000,102900,49448.1484375,3422000,352123800000
2025-09-18,VHM,108200,102500,104100,103500,49544.4453125,5719900,592009650000
2025-09-19,VHM,104200,99800,104000,101700,49833.3359375,7550700,767906190000
2025-09-22,VHM,103200,94600,101800,99500,47907.41015625,10796100,1074211950000
2025-09-23,VHM,99100,96500,98200,98700,47907.41015625,3232500,319047750000
2025-09-24,VHM,98400,95300,97800,98000,47522.22265625,4722500,462805000000
2025-09-25,VHM,99900,96100,97000,99500,47185.1875,4715400,469182300000
2025-09-26,VHM,101500,98500,99800,99000,47907.41015625,3791000,375309000000
2025-09-29,VHM,105300,97600,98900,101900,49062.96484375,6464700,658752930000
2025-09-30,VHM,105800,102100,102500,103000,49062.96484375,4878500,502485500000
2025-10-01,VHM,104500,100800,103000,101200,49592.59375,3503500,354554200000
2025-10-02,VHM,102000,98600,101200,98600,48725.92578125,5821100,573960460000
2025-10-03,VHM,100000,96000,98600,100000,47474.07421875,4683200,468320000000
2025-10-06,VHM,103900,100500,103900,102700,49448.1484375,5972800,613406560000
2025-10-07,VHM,104600,102200,103000,103100,49448.1484375,6428600,662788660000
2025-10-08,VHM,107500,101200,103500,107500,49640.7421875,8989300,966349750000
2025-10-09,VHM,115000,108100,108300,115000,51759.26171875,12892200,1482603000000
2025-10-10,VHM,123000,116000,118000,123000,55370.37109375,9026200,1110222600000
2025-10-13,VHM,126000,122100,123000,124200,59800.0,12312200,1529175240000
2025-10-14,VHM,131500,124500,124500,127000,59800.0,13660200,1734845400000
2025-10-15,VHM,127600,122600,127500,124000,61148.1484375,7059300,875353200000
2025-10-16,VHM,123800,120400,123800,122000,59703.703125,9475900,1156059800000
2025-10-17,VHM,122000,114600,122000,116000,58740.7421875,12213500,1416766000000
2025-10-20,VHM,115000,108000,114000,108000,52000.0,11634800,1256558400000
2025-10-21,VHM,115000,106900,109000,110900,52000.0,8238300,913627470000
2025-10-22,VHM,113000,104000,112000,113000,53396.296875,7701600,870280800000
2025-10-23,VHM,117100,111200,113000,115000,54407.41015625,6383900,734148500000
2025-10-24,VHM,116800,112500,114600,114500,55370.37109375,5136500,588129250000
2025-10-27,VHM,116000,106500,115000,106500,51277.77734375,7164300,762997950000
2025-10-28,VHM,107000,99100,104200,107000,51277.77734375,13561200,1451048400000
2025-10-29,VHM,107100,102700,107100,103800,51518.51953125,3681700,382160460000
2025-10-30,VHM,105000,100800,103800,104000,49977.77734375,3691300,383895200000
2025-10-31,VHM,103800,99200,103800,99200,50074.07421875,6461300,640960960000
2025-11-03,VHM,101400,97800,99600,98500,47425.92578125,5083100,500685350000
2025-11-04,VHM,102000,98400,98400,100200,48244.4453125,4564100,457322820000
2025-11-05,VHM,101700,99500,101200,99600,48244.4453125,3054600,304238160000
2025-11-06,VHM,101500,97600,99600,98900,47618.51953125,4590300,453980670000
2025-11-07,VHM,98000,92000,97500,92000,44296.296875,9791200,900790400000
2025-11-10,VHM,92000,86900,90200,86900,41840.7421875,6349200,551745480000
2025-11-11,VHM,91400,86900,86900,90000,43333.3359375,8465600,761904000000
2025-11-12,VHM,95000,90100,90100,94000,45259.26171875,4720500,443727000000
2025-11-13,VHM,94900,91600,94500,93300,44922.22265625,4292000,400443600000
2025-11-14,VHM,93900,90500,93000,93900,45211.11328125,3280400,308029560000
2025-11-17,VHM,96300,94000,94000,95000,45740.7421875,4096000,389120000000
2025-11-18,VHM,97000,94000,95700,97000,46703.703125,3666000,355602000000
2025-11-19,VHM,96900,95300,96900,96900,46655.5546875,3741200,362522280000
2025-11-20,VHM,98400,96000,96700,97800,47088.890625,3350300,327659340000
2025-11-21,VHM,99300,96100,96100,99300,47811.11328125,3947400,391976820000
2025-11-24,VHM,104000,98700,99300,102700,49448.1484375,6062300,622598210000
2025-11-25,VHM,104000,101200,103400,102600,49400.0,4457800,457370280000
2025-11-26,VHM,102900,100100,102800,102100,49159.26171875,4375200,446707920000
2025-11-27,VHM,103600,101300,102500,102500,49351.8515625,3140200,321870500000
2025-11-28,VHM,103300,101300,102000,102900,49544.4453125,3434700,353430630000
2025-12-01,VHM,107300,103000,104000,105700,50892.59375,5879600,621473720000
2025-12-02,VHM,106800,103600,105900,106800,51422.22265625,4533700,484199160000
2025-12-03,VHM,107000,104800,106900,106800,51422.22265625,4477200,478164960000
2025-12-04,VHM,106200,104200,106200,105200,50651.8515625,4584800,482320960000
2025-12-05,VHM,108500,104800,105000,107000,51518.51953125,5143500,550354500000
2025-12-08,VHM,110000,106000,107000,110000,52962.96484375,4603000,506330000000
2025-12-09,VHM,111400,104700,110800,107500,51759.26171875,7599600,816957000000
2025-12-10,VHM,107000,100200,107000,103500,49833.3359375,7908400,818519400000
2025-12-11,VHM,103300,101100,101800,101100,48677.77734375,3117200,315148920000
2025-12-12,VHM,101000,94100,101000,94100,45307.41015625,6638700,624701670000
2025-12-15,VHM,96000,91100,94800,92500,44537.0390625,5413200,500721000000
2025-12-16,VHM,95700,90500,91300,95000,45740.7421875,5672700,538906500000
2025-12-17,VHM,95300,92700,94900,94900,45692.59375,3306500,313786850000
2025-12-18,VHM,95000,93500,94900,94900,45692.59375,3362700,319120230000
2025-12-19,VHM,101500,95100,95300,101500,48870.37109375,5348700,542893050000
2025-12-22,VHM,107400,102200,104000,107400,51711.11328125,4779100,513275340000
2025-12-23,VHM,114900,107600,108500,114900,55322.22265625,7781700,894117330000
2025-12-24,VHM,122900,114500,117300,122800,59125.92578125,9949600,1221810880000
2025-12-25,VHM,131300,114300,124000,114300,59125.92578125,10699900,1222998570000
2025-12-26,VHM,111000,106300,106300,110000,52962.96484375,16551200,1820632000000
2025-12-29,VHM,117700,111000,111900,117700,56670.37109375,7324300,862070110000
2025-12-30,VHM,120600,113000,120000,117500,56574.07421875,6669000,783607500000
2025-12-31,VHM,125700,115800,117500,124000,59703.703125,6830500,846982000000
2026-01-05,VHM,132600,125200,126800,132600,63844.4453125,10136200,1344060120000
2026-01-06,VHM,141800,136500,138500,141800,68274.078125,8459900,1199613820000
2026-01-07,VHM,150900,141000,150000,149500,71981.484375,9511500,1421969250000
2026-01-08,VHM,150900,139100,150300,139100,66974.078125,15234400,2119105040000
2026-01-09,VHM,142800,132600,138600,140000,67407.40625,9789300,1370502000000
2026-01-12,VHM,139000,130199,139000,130199,62688.890625,9143600,1190487576400
2026-01-13,VHM,134900,125700,125700,134000,64518.51953125,9148500,1225899000000
2026-01-14,VHM,134900,124700,134900,126300,60811.11328125,11385300,1437963390000
2026-01-15,VHM,124000,117500,124000,120000,57777.77734375,19255700,2310684000000
2026-01-16,VHM,126800,121100,121100,124100,59751.8515625,5774400,716603040000
2026-01-19,VHM,126900,120500,126900,125000,60185.1875,5284700,660587500000
2026-01-20,VHM,124500,119700,124100,123000,59222.22265625,7006400,861787200000
2026-01-21,VHM,126000,120300,121000,122900,59174.07421875,9321600,1145624640000
2026-01-22,VHM,122900,118500,120100,120500,58018.51953125,7971100,960517550000
2026-01-23,VHM,127500,121100,122100,122500,58981.484375,7272600,890893500000
2026-01-26,VHM,124100,116100,124000,118900,57248.1484375,4159000,494505100000
2026-01-27,VHM,118000,110600,117500,110600,53251.8515625,10162000,1123917200000
2026-01-28,VHM,109000,102900,108100,104300,50218.51953125,15508700,1617557410000
2026-01-29,VHM,107400,104100,104500,107000,51518.51953125,6368800,681461600000
2026-01-30,VHM,107400,104000,107000,106000,51037.0390625,4714200,499705200000
2026-02-02,VHM,107300,98600,107100,98600,47474.07421875,9144500,901647700000
2026-02-03,VHM,102000,95500,96100,97300,46848.1484375,9348800,909638240000
2026-02-04,VHM,98000,90800,97500,91300,43959.26171875,13582800,1240109640000
2026-02-05,VHM,97600,91200,91200,97600,46992.59375,9429200,920289920000
2026-02-06,VHM,101800,95100,97600,97500,46944.4453125,8492200,827989500000
2026-02-09,VHM,97900,93100,97900,95000,45740.7421875,4463200,424004000000
2026-02-10,VHM,101600,94000,94600,101300,48774.07421875,8656800,876933840000
2026-02-11,VHM,104500,102400,102500,103000,49592.59375,6203200,638929600000
2026-02-12,VHM,109300,102100,103600,109000,52481.484375,6584900,717754100000
2026-02-13,VHM,109800,105300,109700,109000,52481.484375,6244700,680672300000
2026-02-23,VHM,111400,108000,109100,110700,53300.0,3679400,407309580000
2026-02-24,VHM,111000,107100,110500,111000,53444.4453125,4723800,524341800000
2026-02-25,VHM,110600,106400,110600,107000,51518.51953125,5547800,593614600000
2026-02-26,VHM,112900,105600,106000,107600,51807.41015625,6157600,662557760000
2026-02-27,VHM,109500,104600,108000,108000,52000.0,4915000,530820000000
2026-03-02,VHM,105100,100500,102500,100500,48388.890625,6578000,661089000000
2026-03-03,VHM,99800,93500,97100,93500,48388.890625,11710100,1094894350000
2026-03-04,VHM,94900,87000,91400,93500,45018.51953125,12722700,1189572450000
2026-03-05,VHM,99000,93300,95400,95000,45740.7421875,8978700,852976500000
2026-03-06,VHM,96500,93000,95000,95000,45740.7421875,6979200,663024000000
2026-03-09,VHM,91100,88400,88500,88400,42562.96484375,17232900,1523388360000
2026-03-10,VHM,92900,88300,90300,89800,43237.0390625,5665600,508770880000
2026-03-11,VHM,95900,89200,89200,95900,46174.07421875,6734300,645819370000
2026-03-12,VHM,95900,93500,93700,95900,46174.07421875,4137400,396776660000
2026-03-13,VHM,98000,93900,94500,98000,47185.1875,3989100,0
2026-03-16,VHM,102400,96900,98000,100000,48148.1484375,4947300,0
2026-03-17,VHM,104400,100800,101900,102000,49111.11328125,4359000,0
2026-03-18,VHM,105500,101500,102200,102000,49111.11328125,4511300,0
2026-03-19,VHM,103500,100500,101900,102300,49255.55859375,4596600,0
2026-03-20,VHM,102000,97000,102000,100000,48148.1484375,6142200,0
2026-03-23,VHM,99000,93000,99000,98000,47185.1875,6595700,0
2026-03-24,VHM,99600,96500,99400,99000,47666.66796875,2699500,0
2026-03-25,VHM,104200,99200,100900,104200,50170.37109375,4327400,0
2026-03-26,VHM,104300,101100,104300,101100,48677.77734375,2742600,0
2026-03-27,VHM,103500,100200,102000,103000,49592.59375,2547500,0
2026-03-30,VHM,103600,100200,100800,103000,49592.59375,2582200,0
2026-03-31,VHM,103800,102000,102400,103000,49592.59375,1487400,0
2026-04-01,VHM,110200,110200,110200,110200,53059.26171875,2031500,0
2026-04-02,VHM,117900,116100,117900,117900,56766.66796875,16320300,0
2026-04-03,VHM,125000,117800,120800,119200,57392.59375,6023000,0
2026-04-06,VHM,120700,116000,118000,117000,56333.3359375,3208900,0
2026-04-07,VHM,118000,113500,117000,115000,55370.37109375,3160700,0
2026-04-08,VHM,123000,117600,117900,123000,59222.22265625,5534000,0
2026-04-09,VHM,127500,121900,123500,122000,58740.7421875,5205200,0
2026-04-10,VHM,124000,120600,124000,121100,58307.41015625,2500900,0
2026-04-13,VHM,124200,118200,119100,122900,59174.07421875,3679400,0
2026-04-14,VHM,128900,122900,125100,128900,62062.96484375,5575500,0
2026-04-15,VHM,137900,129300,130300,137000,65962.9609375,6586300,0
2026-04-16,VHM,146000,137000,137000,143100,68900.0,8240500,0
2026-04-17,VHM,146500,135500,144600,135700,65337.0390625,9354800,0
2026-04-20,VHM,145100,131500,136600,145100,69862.9609375,6841800,0
2026-04-21,VHM,155000,145800,149000,145800,70200.0,5254300,0
2026-04-22,VHM,154800,141300,143600,150300,72366.671875,8653100,0
2026-04-23,VHM,152700,146200,152000,149000,71740.7421875,5700100,0
2026-04-24,VHM,148600,141200,148100,141200,67985.1875,6047900,0
2026-04-28,VHM,151000,140000,140700,151000,72703.703125,9348000,0
2026-04-29,VHM,155900,146000,154800,146000,70296.296875,6990600,0
2026-05-04,VHM,149000,141700,148500,142000,68370.375,5533800,0
2026-05-05,VHM,151900,141800,142000,151200,72800.0,6715300,0
2026-05-06,VHM,155000,147200,153000,151000,72703.703125,5595200,0
2026-05-07,VHM,161500,151100,152600,161500,77759.2578125,8652100,0
2026-05-08,VHM,164000,156600,162000,164000,78962.9609375,7042400,0
2026-05-11,VHM,173300,161000,166000,161000,77518.5234375,8375800,0
2026-05-12,VHM,163000,156600,159000,160200,77133.3359375,6467100,0
2026-05-13,VHM,162500,149000,162100,152500,73425.9296875,11413400,0
2026-05-14,VHM,157000,148700,152900,157000,75592.59375,5542500,0
2026-05-15,VHM,158800,153700,157000,158000,76074.078125,4836400,0
2026-05-18,VHM,160200,153000,157600,154000,74148.1484375,5253200,0
2026-05-19,VHM,159600,152100,154000,157000,75592.59375,4738200,0
2026-05-20,VHM,162900,154500,156000,159900,76988.890625,6820100,0
2026-05-21,VHM,163100,157000,161300,159800,76940.7421875,4504400,0
2026-05-22,VHM,158600,150500,158600,153800,74051.8515625,6965000,0
2026-05-25,VHM,159900,153100,155000,158700,76411.109375,3693400,0
2026-05-26,VHM,158200,153800,157900,153800,74051.8515625,3224000,0
2026-05-27,VHM,154700,147400,153800,147400,70970.375,7371600,0
2026-05-28,VHM,157700,145200,146000,157700,75929.6328125,8918500,0
2026-05-29,VHM,161600,155800,159800,156000,75111.109375,5608600,0
2026-06-01,VHM,158000,150300,157000,152000,73185.1875,4638800,0
2026-06-02,VHM,154600,150800,152000,150800,72607.40625,4005700,0
2026-06-03,VHM,151000,142200,150200,148400,71451.8515625,6310300,0
2026-06-04,VHM,150800,146300,149400,150000,72222.2265625,3277300,0
2026-06-05,VHM,153600,149000,149000,152000,73185.1875,3712700,0
2026-06-08,VHM,150500,145200,149000,146700,70633.3359375,4226300,0
2026-06-09,VHM,147700,143900,147200,146000,70296.296875,2221500,0
2026-06-10,VHM,147500,144300,146200,146800,70681.484375,1569400,0
2026-06-11,VHM,146700,144000,145600,144500,69574.078125,1708400,0
2026-06-12,VHM,147200,138700,146500,138700,66781.484375,4342000,0
2026-06-15,VHM,142200,129000,140000,136100,65529.6328125,8140900,0
2026-06-16,VHM,137500,134200,137000,136500,65722.2265625,2728600,0
2026-06-17,VHM,136200,130500,131200,135000,65000.0,7336800,0
2026-06-18,VHM,144400,144400,144400,144400,69525.9296875,2390500,0
2026-06-19,VHM,149800,145300,149500,145300,69959.2578125,10117600,0
2026-06-22,VHM,155400,145400,147100,155400,74822.2265625,5473400,0
2026-06-23,VHM,162000,155400,157900,156000,75111.109375,6542100,0
2026-06-24,VHM,160500,154000,156000,159600,76844.4453125,5424600,0
2026-06-25,VHM,154170,148870,154070,150700,75351.8515625,4579200,0
2026-06-26,VHM,157830,150700,151670,156000,78000.0,10448300,0
2026-06-29,VHM,158100,150100,158000,150300,75150.0,6007200,0
2026-06-30,VHM,151800,146900,150300,151800,75900.0,3112700,0
2026-07-01,VHM,151800,148200,151800,148700,75900.0,2994000,0
2026-07-02,VHM,151500,148200,148200,150400,75200.0,2224600,0
2026-07-03,VHM,155400,150600,151000,151600,75800.0,4051400,0
2026-07-06,VHM,158700,152100,158700,154100,77050.0,7156200,0
2026-07-07,VHM,154000,150100,154000,150100,75050.0,3878500,0
2026-07-08,VHM,151900,148500,150000,150000,75000.0,2798300,0
2026-07-09,VHM,151000,148100,149800,148700,74350.0,1904300,0
2026-07-10,VHM,150300,146700,148100,147000,73500.0,3156900,0
2026-07-13,VHM,147000,139200,147000,143000,71500.0,6075800,0
2026-07-14,VHM,142900,138500,142900,140800,70400.0,4386200,0
2026-07-15,VHM,140800,136000,140800,136000,68000.0,4540200,0
2026-07-16,VHM,142800,133500,133500,142800,71400.0,4671100,0
2026-07-17,VHM,144800,140500,142800,140500,70250.0,2146600,0
2026-07-20,VHM,142000,136300,139200,136900,68450.0,2992800,0
2026-07-21,VHM,138300,135300,136800,136400,68200.0,2669700,0
2026-07-22,VHM,136400,126900,136200,126900,63450.0,8235300,0
2026-07-23,VHM,133500,126600,126700,132000,66000.0,4573000,0
2026-07-24,VHM,131900,128500,129500,130000,65000.0,2883200,0
2026-07-27,VHM,133900,129000,130600,131000,65500.0,3707500,0
2026-07-28,VHM,132300,128900,130000,131900,65950.0,2674400,0
2026-07-29,VHM,141100,131900,132500,140000,70000.0,6570600,0
2026-07-30,VHM,147900,140100,142400,147900,73950.0,5883600,0
2026-07-31,VHM,154000,144600,154000,148100,74050.0,5810400,0
2026-08-03,VHM,149700,145100,148700,148000,74000.0,5312800,0
2026-08-04,VHM,76650,73400,74100,76450,76450.0,6338600,0
2026-08-05,VHM,79400,76500,77100,76500,76500.0,10681100,0
2026-08-06,VHM,81700,76800,81700,77100,76500.0,16808100,0
2026-08-07,VHM,76800,73000,75300,73000,73000.0,9117200,0
2026-08-10,VHM,72800,70800,72800,71600,71600.0,8267400,0
2026-08-11,VHM,74000,71200,71600,72100,72100.0,8286300,0
2026-08-12,VHM,75500,72000,72900,73800,73800.0,6525700,0
2026-08-13,VHM,74000,71800,74000,71800,71800.0,7785200,0
2026-08-14,VHM,71800,68000,71800,68200,68200.0,12131200,0
2026-08-17,VHM,69800,66600,68000,68200,68200.0,4964300,0
2026-08-18,VHM,70600,68300,68500,69200,69200.0,4816300,0
2026-08-19,VHM,69800,68600,69400,69100,69100.0,2613600,0
2026-08-20,VHM,70500,69100,69600,69500,69500.0,4626100,0
2026-08-21,VHM,71900,68900,69500,71700,71700.0,5100800,0
