Date,code,high,low,open,close,adjust,volume_match,value_match
2012-03-20,VIX,510,500,510,500,500.0,3200,1600000
2012-03-21,VIX,530,530,530,530,530.0,85300,45209000
2012-03-22,VIX,560,550,560,550,550.0,800,440000
2012-03-23,VIX,550,530,550,530,530.0,8100,4293000
2012-03-26,VIX,550,530,530,530,530.0,8900,4717000
2012-03-27,VIX,550,530,530,530,530.0,15600,8268000
2012-03-28,VIX,530,530,530,530,530.0,1400,742000
2012-03-29,VIX,580,530,530,550,550.0,18200,10010000
2012-03-30,VIX,530,530,530,530,530.0,100,53000
2012-04-03,VIX,580,550,550,580,580.0,3000,1740000
2012-04-04,VIX,580,530,550,530,530.0,700,371000
2012-04-05,VIX,560,550,550,560,560.0,1100,616000
2012-04-06,VIX,530,530,530,530,530.0,6000,3180000
2012-04-09,VIX,580,550,550,580,580.0,5400,3132000
2012-04-10,VIX,600,600,600,600,600.0,8100,4860000
2012-04-11,VIX,640,640,640,640,640.0,3100,1984000
2012-04-12,VIX,690,690,690,690,690.0,3900,2691000
2012-04-13,VIX,730,730,730,730,730.0,2000,1460000
2012-04-16,VIX,780,780,780,780,780.0,6500,5070000
2012-04-17,VIX,830,830,830,830,830.0,8800,7304000
2012-04-18,VIX,880,880,880,880,880.0,27800,24464000
2012-04-19,VIX,940,940,940,940,940.0,17800,16732000
2012-04-20,VIX,1000,940,1000,1000,1000.0,76100,76100000
2012-04-23,VIX,1070,1060,1060,1070,1070.0,10700,11449000
2012-04-24,VIX,1130,1130,1130,1130,1130.0,33200,37516000
2012-04-25,VIX,1220,1220,1220,1220,1220.0,6400,7808000
2012-04-26,VIX,1290,1290,1290,1290,1290.0,6100,7869000
2012-04-27,VIX,1380,1380,1380,1380,1380.0,25500,35190000
2012-05-02,VIX,1460,1290,1460,1300,1300.0,60300,78390000
2012-05-03,VIX,1390,1340,1340,1390,1390.0,50200,69778000
2012-05-04,VIX,1490,1450,1490,1470,1470.0,17600,25872000
2012-05-07,VIX,1550,1380,1550,1470,1470.0,8200,12054000
2012-05-08,VIX,1430,1360,1430,1360,1360.0,2000,2720000
2012-05-09,VIX,1290,1280,1290,1280,1280.0,1100,1408000
2012-05-10,VIX,1190,1190,1190,1190,1190.0,49100,58429000
2012-05-11,VIX,1260,1110,1110,1190,1190.0,27100,32249000
2012-05-14,VIX,1260,1160,1260,1220,1220.0,41500,50630000
2012-05-15,VIX,1230,1200,1230,1220,1220.0,18600,22692000
2012-05-16,VIX,1200,1140,1140,1200,1200.0,18000,21600000
2012-05-17,VIX,1240,1170,1170,1220,1220.0,20600,25132000
2012-05-18,VIX,1240,1160,1240,1200,1200.0,16500,19800000
2012-05-21,VIX,1260,1170,1180,1260,1260.0,29200,36792000
2012-05-22,VIX,1280,1220,1220,1260,1260.0,13500,17010000
2012-05-23,VIX,1260,1190,1240,1240,1240.0,38600,47864000
2012-05-24,VIX,1280,1160,1260,1240,1240.0,41500,51460000
2012-05-25,VIX,1280,1220,1260,1280,1280.0,59600,76288000
2012-05-28,VIX,1290,1260,1280,1280,1280.0,40500,51840000
2012-05-29,VIX,1260,1220,1260,1260,1260.0,30600,38556000
2012-05-30,VIX,1290,1260,1260,1290,1290.0,33100,42699000
2012-05-31,VIX,1290,1230,1280,1260,1260.0,40300,50778000
2012-06-01,VIX,1260,1260,1260,1260,1260.0,10300,12978000
2012-06-04,VIX,1260,1230,1260,1230,1230.0,16100,19803000
2012-06-05,VIX,1260,1230,1260,1260,1260.0,20600,25956000
2012-06-06,VIX,1280,1220,1240,1260,1260.0,36200,45612000
2012-06-07,VIX,1290,1240,1260,1260,1260.0,36900,46494000
2012-06-08,VIX,1280,1190,1260,1280,1280.0,42900,54912000
2012-06-11,VIX,1280,1260,1260,1280,1280.0,30400,38912000
2012-06-12,VIX,1280,1260,1260,1280,1280.0,23900,30592000
2012-06-13,VIX,1280,1260,1260,1280,1280.0,29500,37760000
2012-06-14,VIX,1260,1230,1260,1260,1260.0,35500,44730000
2012-06-15,VIX,1280,1230,1260,1280,1280.0,53600,68608000
2012-06-18,VIX,1260,1260,1260,1260,1260.0,24100,30366000
2012-06-19,VIX,1260,1220,1230,1260,1260.0,23500,29610000
2012-06-20,VIX,1260,1260,1260,1260,1260.0,30500,38430000
2012-06-21,VIX,1260,1260,1260,1260,1260.0,24500,30870000
2012-06-22,VIX,1260,1190,1220,1260,1260.0,27400,34524000
2012-06-25,VIX,1260,1180,1260,1220,1220.0,23400,28548000
2012-06-26,VIX,1220,1160,1160,1220,1220.0,30900,37698000
2012-06-27,VIX,1220,1200,1200,1220,1220.0,17700,21594000
2012-06-28,VIX,1260,1190,1200,1260,1260.0,12100,15246000
2012-06-29,VIX,1230,1200,1230,1230,1230.0,20600,25338000
2012-07-02,VIX,1230,1220,1220,1230,1230.0,29000,35670000
2012-07-03,VIX,1200,1180,1200,1180,1180.0,16700,19706000
2012-07-04,VIX,1230,1130,1230,1180,1180.0,12000,14160000
2012-07-05,VIX,1190,1160,1160,1190,1190.0,20500,24395000
2012-07-06,VIX,1220,1180,1220,1190,1190.0,16900,20111000
2012-07-09,VIX,1200,1160,1200,1190,1190.0,17400,20706000
2012-07-10,VIX,1180,1160,1180,1180,1180.0,20700,24426000
2012-07-11,VIX,1180,1140,1180,1170,1170.0,10400,12168000
2012-07-12,VIX,1180,1160,1160,1180,1180.0,13200,15576000
2012-07-13,VIX,1220,1160,1160,1220,1220.0,29000,35380000
2012-07-16,VIX,1220,1190,1190,1220,1220.0,10600,12932000
2012-07-17,VIX,1230,1200,1200,1230,1230.0,6000,7380000
2012-07-18,VIX,1230,1220,1220,1230,1230.0,13500,16605000
2012-07-19,VIX,1240,1220,1220,1230,1230.0,33300,40959000
2012-07-20,VIX,1240,1220,1230,1230,1230.0,17600,21648000
2012-07-23,VIX,1240,1220,1230,1240,1240.0,12000,14880000
2012-07-24,VIX,1230,1200,1230,1230,1230.0,15000,18450000
2012-07-25,VIX,1220,1200,1220,1200,1200.0,13700,16440000
2012-07-26,VIX,1190,1180,1190,1190,1190.0,7900,9401000
2012-07-27,VIX,1190,1180,1190,1190,1190.0,13000,15470000
2012-07-30,VIX,1190,1190,1190,1190,1190.0,7500,8925000
2012-07-31,VIX,1220,1170,1190,1190,1190.0,15600,18564000
2012-08-01,VIX,1200,1200,1200,1200,1200.0,7500,9000000
2012-08-02,VIX,1220,1200,1220,1220,1220.0,9500,11590000
2012-08-03,VIX,1200,1170,1200,1200,1200.0,14500,17400000
2012-08-06,VIX,1220,1200,1200,1220,1220.0,10200,12444000
2012-08-07,VIX,1220,1190,1220,1190,1190.0,6200,7378000
2012-08-08,VIX,1200,1200,1200,1200,1200.0,11000,13200000
2012-08-09,VIX,1220,1190,1220,1200,1200.0,18000,21600000
2012-08-10,VIX,1220,1180,1220,1200,1200.0,11000,13200000
2012-08-13,VIX,1200,1180,1200,1200,1200.0,10400,12480000
2012-08-14,VIX,1200,1180,1200,1200,1200.0,8900,10680000
2012-08-15,VIX,1200,1200,1200,1200,1200.0,11000,13200000
2012-08-16,VIX,1200,1200,1200,1200,1200.0,12000,14400000
2012-08-17,VIX,1200,1190,1190,1200,1200.0,11500,13800000
2012-08-20,VIX,1200,1180,1200,1200,1200.0,17500,21000000
2012-08-21,VIX,1200,1130,1200,1130,1130.0,12200,13786000
2012-08-22,VIX,1090,1040,1040,1080,1080.0,3500,3780000
2012-08-23,VIX,1040,1010,1040,1010,1010.0,7300,7373000
2012-08-24,VIX,1040,940,940,1030,1030.0,27400,28222000
2012-08-27,VIX,1060,1030,1030,1060,1060.0,3000,3180000
2012-08-28,VIX,1010,1010,1010,1010,1010.0,3000,3030000
2012-08-29,VIX,1080,1030,1030,1080,1080.0,2100,2268000
2012-08-30,VIX,1130,1130,1130,1130,1130.0,2000,2260000
2012-08-31,VIX,1130,1130,1130,1130,1130.0,2000,2260000
2012-09-04,VIX,1130,1130,1130,1130,1130.0,0,0
2012-09-05,VIX,1130,1130,1130,1130,1130.0,2500,2825000
2012-09-06,VIX,1130,1130,1130,1130,1130.0,0,0
2012-09-07,VIX,1090,1090,1090,1090,1090.0,100,109000
2012-09-10,VIX,1080,1080,1080,1080,1080.0,3000,3240000
2012-09-11,VIX,1080,1010,1010,1080,1080.0,2100,2268000
2012-09-12,VIX,1090,1090,1090,1090,1090.0,2000,2180000
2012-09-13,VIX,1080,1060,1060,1080,1080.0,2100,2268000
2012-09-14,VIX,1080,1000,1080,1040,1040.0,2300,2392000
2012-09-17,VIX,1060,970,1040,970,970.0,4700,4559000
2012-09-18,VIX,1010,1010,1010,1010,1010.0,2000,2020000
2012-09-19,VIX,1020,970,970,1020,1020.0,12600,12852000
2012-09-20,VIX,1020,1020,1020,1020,1020.0,0,0
2012-09-21,VIX,980,950,950,980,980.0,3500,3430000
2012-09-24,VIX,980,970,970,980,980.0,10500,10290000
2012-09-25,VIX,1020,970,970,1020,1020.0,7500,7650000
2012-09-26,VIX,1000,950,950,1000,1000.0,2800,2800000
2012-09-27,VIX,1010,1000,1010,1000,1000.0,1100,1100000
2012-09-28,VIX,1000,1000,1000,1000,1000.0,0,0
2012-10-01,VIX,1000,1000,1000,1000,1000.0,0,0
2012-10-02,VIX,970,970,970,970,970.0,14700,14259000
2012-10-03,VIX,970,970,970,970,970.0,1000,970000
2012-10-04,VIX,970,970,970,970,970.0,100,97000
2012-10-05,VIX,980,980,980,980,980.0,1000,980000
2012-10-08,VIX,1000,1000,1000,1000,1000.0,3000,3000000
2012-10-09,VIX,970,920,920,970,970.0,2500,2425000
2012-10-10,VIX,970,970,970,970,970.0,0,0
2012-10-11,VIX,970,920,970,940,940.0,27600,25944000
2012-10-12,VIX,960,960,960,960,960.0,1500,1440000
2012-10-15,VIX,960,960,960,960,960.0,0,0
2012-10-16,VIX,960,960,960,960,960.0,0,0
2012-10-17,VIX,950,950,950,950,950.0,1600,1520000
2012-10-18,VIX,890,890,890,890,890.0,600,534000
2012-10-19,VIX,880,830,880,870,870.0,700,609000
2012-10-22,VIX,870,800,870,800,800.0,900,720000
2012-10-23,VIX,780,760,760,780,780.0,800,624000
2012-10-24,VIX,760,720,760,760,760.0,1200,912000
2012-10-25,VIX,780,720,780,720,720.0,1700,1224000
2012-10-26,VIX,740,710,740,710,710.0,6500,4615000
2012-10-29,VIX,710,710,710,710,710.0,0,0
2012-10-30,VIX,720,720,720,720,720.0,900,648000
2012-10-31,VIX,720,720,720,720,720.0,0,0
2012-11-01,VIX,720,720,720,720,720.0,800,576000
2012-11-02,VIX,720,720,720,720,720.0,1200,864000
2012-11-05,VIX,740,740,740,740,740.0,600,444000
2012-11-06,VIX,760,760,760,760,760.0,1200,912000
2012-11-07,VIX,780,760,760,780,780.0,700,546000
2012-11-08,VIX,780,780,780,780,780.0,600,468000
2012-11-09,VIX,780,780,780,780,780.0,0,0
2012-11-12,VIX,810,780,780,780,780.0,1400,1092000
2012-11-13,VIX,800,800,800,800,800.0,1000,800000
2012-11-14,VIX,800,800,800,800,800.0,0,0
2012-11-15,VIX,780,780,780,780,780.0,500,390000
2012-11-16,VIX,780,780,780,780,780.0,0,0
2012-11-19,VIX,850,760,760,850,850.0,4800,4080000
2012-11-20,VIX,850,850,850,850,850.0,0,0
2012-11-21,VIX,850,850,850,850,850.0,0,0
2012-11-22,VIX,870,850,850,870,870.0,1000,870000
2012-11-23,VIX,870,870,870,870,870.0,0,0
2012-11-26,VIX,870,870,870,870,870.0,800,696000
2012-11-27,VIX,870,870,870,870,870.0,0,0
2012-11-28,VIX,920,810,830,810,810.0,1200,972000
2012-11-29,VIX,800,800,800,800,800.0,1100,880000
2012-11-30,VIX,830,800,800,830,830.0,1000,830000
2012-12-03,VIX,870,780,850,810,810.0,1800,1458000
2012-12-04,VIX,820,810,810,820,820.0,900,738000
2012-12-05,VIX,820,820,820,820,820.0,0,0
2012-12-06,VIX,820,780,780,820,820.0,1200,984000
2012-12-07,VIX,850,850,850,850,850.0,700,595000
2012-12-10,VIX,890,880,880,880,880.0,2000,1760000
2012-12-11,VIX,880,880,880,880,880.0,0,0
2012-12-12,VIX,820,820,820,820,820.0,100,82000
2012-12-13,VIX,800,800,800,800,800.0,500,400000
2012-12-14,VIX,780,780,780,780,780.0,1500,1170000
2012-12-17,VIX,780,780,780,780,780.0,700,546000
2012-12-18,VIX,780,780,780,780,780.0,0,0
2012-12-19,VIX,780,780,780,780,780.0,0,0
2012-12-20,VIX,780,780,780,780,780.0,0,0
2012-12-21,VIX,780,780,780,780,780.0,0,0
2012-12-24,VIX,760,760,760,760,760.0,1100,836000
2012-12-25,VIX,780,760,760,760,760.0,1700,1292000
2012-12-26,VIX,780,760,780,760,760.0,10300,7828000
2012-12-27,VIX,720,700,700,720,720.0,700,504000
2012-12-28,VIX,720,720,720,720,720.0,0,0
2013-01-02,VIX,760,690,760,690,690.0,4500,3105000
2013-01-03,VIX,690,690,690,690,690.0,0,0
2013-01-04,VIX,720,720,720,720,720.0,100,72000
2013-01-07,VIX,720,720,720,720,720.0,0,0
2013-01-08,VIX,760,720,760,760,760.0,500,380000
2013-01-09,VIX,780,760,780,760,760.0,3500,2660000
2013-01-10,VIX,760,760,760,760,760.0,0,0
2013-01-11,VIX,720,720,720,720,720.0,2000,1440000
2013-01-14,VIX,760,740,740,760,760.0,1000,760000
2013-01-15,VIX,810,760,760,810,810.0,6400,5184000
2013-01-16,VIX,880,810,820,820,820.0,12100,9922000
2013-01-17,VIX,880,870,870,880,880.0,5300,4664000
2013-01-18,VIX,920,920,920,920,920.0,4500,4140000
2013-01-21,VIX,920,880,920,880,880.0,4000,3520000
2013-01-22,VIX,850,780,780,850,850.0,28100,23885000
2013-01-23,VIX,850,780,780,830,830.0,2300,1909000
2013-01-24,VIX,870,850,850,870,870.0,7200,6264000
2013-01-25,VIX,880,780,780,880,880.0,21900,19272000
2013-01-28,VIX,880,880,880,880,880.0,0,0
2013-01-29,VIX,880,880,880,880,880.0,0,0
2013-01-30,VIX,880,880,880,880,880.0,0,0
2013-01-31,VIX,870,870,870,870,870.0,3000,2610000
2013-02-01,VIX,870,870,870,870,870.0,0,0
2013-02-04,VIX,870,870,870,870,870.0,0,0
2013-02-05,VIX,870,870,870,870,870.0,0,0
2013-02-06,VIX,870,870,870,870,870.0,0,0
2013-02-07,VIX,870,870,870,870,870.0,0,0
2013-02-08,VIX,870,870,870,870,870.0,0,0
2013-02-18,VIX,830,830,830,830,830.0,2000,1660000
2013-02-19,VIX,830,830,830,830,830.0,0,0
2013-02-20,VIX,830,760,760,830,830.0,3300,2739000
2013-02-21,VIX,810,760,760,810,810.0,3900,3159000
2013-02-22,VIX,830,830,830,830,830.0,200,166000
2013-02-25,VIX,830,830,830,830,830.0,0,0
2013-02-26,VIX,830,830,830,830,830.0,0,0
2013-02-27,VIX,830,830,830,830,830.0,0,0
2013-02-28,VIX,850,850,850,850,850.0,200,170000
2013-03-01,VIX,780,780,780,780,780.0,100,78000
2013-03-04,VIX,820,820,820,820,820.0,500,410000
2013-03-05,VIX,820,820,820,820,820.0,0,0
2013-03-06,VIX,830,830,830,830,830.0,11100,9213000
2013-03-07,VIX,830,830,830,830,830.0,0,0
2013-03-08,VIX,800,800,800,800,800.0,500,400000
2013-03-11,VIX,800,800,800,800,800.0,0,0
2013-03-12,VIX,800,800,800,800,800.0,0,0
2013-03-13,VIX,760,760,760,760,760.0,100,76000
2013-03-14,VIX,760,760,760,760,760.0,0,0
2013-03-15,VIX,760,760,760,760,760.0,0,0
2013-03-18,VIX,760,760,760,760,760.0,12700,9652000
2013-03-19,VIX,760,760,760,760,760.0,0,0
2013-03-20,VIX,760,700,700,760,760.0,300,228000
2013-03-21,VIX,760,760,760,760,760.0,100,76000
2013-03-22,VIX,760,760,760,760,760.0,0,0
2013-03-25,VIX,760,760,760,760,760.0,0,0
2013-03-26,VIX,760,760,760,760,760.0,0,0
2013-03-27,VIX,760,760,760,760,760.0,0,0
2013-03-28,VIX,760,760,760,760,760.0,0,0
2013-03-29,VIX,760,760,760,760,760.0,100,76000
2013-04-01,VIX,740,740,740,740,740.0,100,74000
2013-04-02,VIX,740,740,740,740,740.0,0,0
2013-04-03,VIX,740,740,740,740,740.0,0,0
2013-04-04,VIX,780,740,740,780,780.0,400,312000
2013-04-05,VIX,780,780,780,780,780.0,0,0
2013-04-08,VIX,810,780,780,810,810.0,600,486000
2013-04-09,VIX,810,810,810,810,810.0,0,0
2013-04-10,VIX,810,810,810,810,810.0,0,0
2013-04-11,VIX,810,810,810,810,810.0,0,0
2013-04-12,VIX,810,810,810,810,810.0,0,0
2013-04-15,VIX,810,810,810,810,810.0,0,0
2013-04-16,VIX,810,810,810,810,810.0,0,0
2013-04-17,VIX,810,810,810,810,810.0,0,0
2013-04-18,VIX,810,810,810,810,810.0,0,0
2013-04-22,VIX,810,810,810,810,810.0,0,0
2013-04-23,VIX,810,810,810,810,810.0,0,0
2013-04-24,VIX,810,810,810,810,810.0,0,0
2013-04-25,VIX,810,810,810,810,810.0,0,0
2013-04-26,VIX,810,810,810,810,810.0,0,0
2013-05-02,VIX,810,810,810,810,810.0,0,0
2013-05-03,VIX,810,810,810,810,810.0,0,0
2013-05-06,VIX,810,810,810,810,810.0,0,0
2013-05-07,VIX,810,810,810,810,810.0,0,0
2013-05-08,VIX,810,810,810,810,810.0,0,0
2013-05-09,VIX,810,810,810,810,810.0,0,0
2013-05-10,VIX,810,810,810,810,810.0,0,0
2013-05-13,VIX,810,810,810,810,810.0,0,0
2013-05-14,VIX,740,740,740,740,740.0,100,74000
2013-05-15,VIX,740,740,740,740,740.0,0,0
2013-05-16,VIX,660,660,660,660,660.0,100,66000
2013-05-17,VIX,660,660,660,660,660.0,0,0
2013-05-20,VIX,660,660,660,660,660.0,0,0
2013-05-21,VIX,660,660,660,660,660.0,0,0
2013-05-22,VIX,600,600,600,600,600.0,100,60000
2013-05-23,VIX,600,600,600,600,600.0,0,0
2013-05-24,VIX,600,600,600,600,600.0,0,0
2013-05-27,VIX,600,600,600,600,600.0,0,0
2013-05-28,VIX,600,600,600,600,600.0,1000,600000
2013-05-29,VIX,600,600,600,600,600.0,0,0
2013-05-30,VIX,600,600,600,600,600.0,0,0
2013-05-31,VIX,540,540,540,540,540.0,200,108000
2013-06-03,VIX,590,540,590,540,540.0,3900,2106000
2013-06-04,VIX,540,540,540,540,540.0,0,0
2013-06-05,VIX,550,550,550,550,550.0,500,275000
2013-06-06,VIX,590,580,580,590,590.0,900,531000
2013-06-07,VIX,600,600,600,600,600.0,1900,1140000
2013-06-10,VIX,620,620,620,620,620.0,500,310000
2013-06-11,VIX,660,620,620,660,660.0,11000,7260000
2013-06-12,VIX,660,660,660,660,660.0,0,0
2013-06-13,VIX,710,710,710,710,710.0,4900,3479000
2013-06-14,VIX,760,700,760,720,720.0,10500,7560000
2013-06-17,VIX,710,710,710,710,710.0,16200,11502000
2013-06-18,VIX,710,710,710,710,710.0,0,0
2013-06-19,VIX,710,710,710,710,710.0,0,0
2013-06-20,VIX,710,710,710,710,710.0,0,0
2013-06-21,VIX,760,740,760,740,740.0,46500,34410000
2013-06-24,VIX,740,740,740,740,740.0,0,0
2013-06-25,VIX,740,740,740,740,740.0,0,0
2013-06-26,VIX,780,780,780,780,780.0,200,156000
2013-06-27,VIX,780,780,780,780,780.0,0,0
2013-06-28,VIX,780,780,780,780,780.0,0,0
2013-07-01,VIX,780,780,780,780,780.0,0,0
2013-07-02,VIX,780,780,780,780,780.0,0,0
2013-07-03,VIX,780,780,780,780,780.0,0,0
2013-07-04,VIX,780,780,780,780,780.0,0,0
2013-07-05,VIX,780,780,780,780,780.0,0,0
2013-07-08,VIX,780,780,780,780,780.0,0,0
2013-07-09,VIX,780,780,780,780,780.0,0,0
2013-07-10,VIX,780,780,780,780,780.0,0,0
2013-07-11,VIX,780,780,780,780,780.0,0,0
2013-07-12,VIX,780,780,780,780,780.0,0,0
2013-07-15,VIX,780,780,780,780,780.0,0,0
2013-07-16,VIX,780,780,780,780,780.0,0,0
2013-07-17,VIX,780,780,780,780,780.0,0,0
2013-07-18,VIX,780,780,780,780,780.0,0,0
2013-07-19,VIX,780,780,780,780,780.0,0,0
2013-07-22,VIX,780,780,780,780,780.0,0,0
2013-07-23,VIX,780,780,780,780,780.0,0,0
2013-07-24,VIX,780,780,780,780,780.0,0,0
2013-07-25,VIX,780,780,780,780,780.0,0,0
2013-07-26,VIX,780,780,780,780,780.0,0,0
2013-07-29,VIX,780,780,780,780,780.0,0,0
2013-07-30,VIX,780,780,780,780,780.0,0,0
2013-07-31,VIX,780,780,780,780,780.0,0,0
2013-08-01,VIX,780,780,780,780,780.0,0,0
2013-08-02,VIX,780,780,780,780,780.0,0,0
2013-08-05,VIX,780,780,780,780,780.0,0,0
2013-08-06,VIX,780,780,780,780,780.0,0,0
2013-08-07,VIX,780,780,780,780,780.0,0,0
2013-08-08,VIX,780,780,780,780,780.0,0,0
2013-08-09,VIX,780,780,780,780,780.0,0,0
2013-08-12,VIX,780,780,780,780,780.0,0,0
2013-08-13,VIX,780,780,780,780,780.0,0,0
2013-08-14,VIX,780,780,780,780,780.0,0,0
2013-08-15,VIX,780,780,780,780,780.0,0,0
2013-08-16,VIX,780,780,780,780,780.0,0,0
2013-08-19,VIX,780,780,780,780,780.0,0,0
2013-08-20,VIX,780,780,780,780,780.0,0,0
2013-08-21,VIX,780,780,780,780,780.0,0,0
2013-08-22,VIX,780,780,780,780,780.0,0,0
2013-08-23,VIX,780,780,780,780,780.0,0,0
2013-08-26,VIX,780,780,780,780,780.0,0,0
2013-08-27,VIX,780,780,780,780,780.0,0,0
2013-08-28,VIX,780,780,780,780,780.0,0,0
2013-08-29,VIX,780,780,780,780,780.0,0,0
2013-08-30,VIX,780,780,780,780,780.0,0,0
2013-09-03,VIX,780,780,780,780,780.0,0,0
2013-09-04,VIX,780,780,780,780,780.0,0,0
2013-09-05,VIX,780,780,780,780,780.0,0,0
2013-09-06,VIX,780,780,780,780,780.0,0,0
2013-09-09,VIX,780,780,780,780,780.0,0,0
2013-09-10,VIX,780,780,780,780,780.0,0,0
2013-09-11,VIX,780,780,780,780,780.0,0,0
2013-09-12,VIX,780,780,780,780,780.0,0,0
2013-09-13,VIX,780,780,780,780,780.0,0,0
2013-09-16,VIX,820,820,820,820,820.0,100,82000
2013-09-17,VIX,760,760,760,760,760.0,100,76000
2013-09-18,VIX,780,680,780,680,680.0,300,204000
2013-09-19,VIX,680,680,680,680,680.0,0,0
2013-09-20,VIX,680,680,680,680,680.0,0,0
2013-09-23,VIX,680,680,680,680,680.0,0,0
2013-09-24,VIX,680,680,680,680,680.0,0,0
2013-09-25,VIX,680,680,680,680,680.0,1000,680000
2013-09-26,VIX,680,680,680,680,680.0,6800,4624000
2013-09-27,VIX,680,680,680,680,680.0,0,0
2013-09-30,VIX,680,680,680,680,680.0,0,0
2013-10-01,VIX,700,680,680,680,680.0,12000,8160000
2013-10-02,VIX,680,680,680,680,680.0,0,0
2013-10-03,VIX,680,680,680,680,680.0,0,0
2013-10-04,VIX,680,680,680,680,680.0,0,0
2013-10-07,VIX,660,660,660,660,660.0,5500,3630000
2013-10-08,VIX,660,660,660,660,660.0,0,0
2013-10-09,VIX,660,660,660,660,660.0,0,0
2013-10-10,VIX,660,660,660,660,660.0,0,0
2013-10-11,VIX,660,660,660,660,660.0,100,66000
2013-10-14,VIX,660,620,660,640,640.0,1300,832000
2013-10-15,VIX,600,600,600,600,600.0,100,60000
2013-10-16,VIX,600,600,600,600,600.0,0,0
2013-10-17,VIX,640,540,540,620,620.0,2900,1798000
2013-10-18,VIX,640,580,620,640,640.0,12900,8256000
2013-10-21,VIX,660,660,660,660,660.0,5000,3300000
2013-10-22,VIX,660,660,660,660,660.0,0,0
2013-10-23,VIX,660,660,660,660,660.0,0,0
2013-10-24,VIX,660,660,660,660,660.0,0,0
2013-10-25,VIX,660,660,660,660,660.0,8000,5280000
2013-10-28,VIX,660,660,660,660,660.0,0,0
2013-10-29,VIX,660,660,660,660,660.0,0,0
2013-10-30,VIX,620,620,620,620,620.0,500,310000
2013-10-31,VIX,620,620,620,620,620.0,0,0
2013-11-01,VIX,590,590,590,590,590.0,1000,590000
2013-11-04,VIX,590,590,590,590,590.0,0,0
2013-11-05,VIX,590,590,590,590,590.0,1600,944000
2013-11-06,VIX,590,590,590,590,590.0,0,0
2013-11-07,VIX,590,590,590,590,590.0,1000,590000
2013-11-08,VIX,590,590,590,590,590.0,0,0
2013-11-11,VIX,590,590,590,590,590.0,0,0
2013-11-12,VIX,590,590,590,590,590.0,0,0
2013-11-13,VIX,590,590,590,590,590.0,1700,1003000
2013-11-14,VIX,620,620,620,620,620.0,200,124000
2013-11-15,VIX,620,620,620,620,620.0,5000,3100000
2013-11-18,VIX,640,620,620,640,640.0,6100,3904000
2013-11-19,VIX,660,620,620,660,660.0,6100,4026000
2013-11-20,VIX,680,680,680,680,680.0,100,68000
2013-11-21,VIX,720,620,720,620,620.0,1600,992000
2013-11-22,VIX,680,660,680,660,660.0,9200,6072000
2013-11-25,VIX,720,660,720,720,720.0,12800,9216000
2013-11-26,VIX,780,720,720,720,720.0,10200,7344000
2013-11-27,VIX,680,660,680,660,660.0,3600,2376000
2013-11-28,VIX,660,660,660,660,660.0,0,0
2013-11-29,VIX,660,660,660,660,660.0,0,0
2013-12-02,VIX,700,590,600,660,660.0,800,528000
2013-12-03,VIX,710,710,710,710,710.0,100,71000
2013-12-04,VIX,720,720,720,720,720.0,100,72000
2013-12-05,VIX,720,720,720,720,720.0,100,72000
2013-12-06,VIX,720,720,720,720,720.0,0,0
2013-12-09,VIX,760,760,760,760,760.0,100,76000
2013-12-10,VIX,760,760,760,760,760.0,0,0
2013-12-11,VIX,760,760,760,760,760.0,0,0
2013-12-12,VIX,780,780,780,780,780.0,100,78000
2013-12-13,VIX,780,780,780,780,780.0,0,0
2013-12-16,VIX,780,780,780,780,780.0,0,0
2013-12-17,VIX,780,780,780,780,780.0,0,0
2013-12-18,VIX,780,780,780,780,780.0,0,0
2013-12-19,VIX,780,780,780,780,780.0,0,0
2013-12-20,VIX,780,780,780,780,780.0,0,0
2013-12-23,VIX,780,780,780,780,780.0,0,0
2013-12-24,VIX,780,780,780,780,780.0,0,0
2013-12-25,VIX,780,780,780,780,780.0,0,0
2013-12-26,VIX,780,780,780,780,780.0,0,0
2013-12-27,VIX,780,780,780,780,780.0,0,0
2013-12-30,VIX,720,720,720,720,720.0,1000,720000
2013-12-31,VIX,780,760,760,780,780.0,2900,2262000
2014-01-02,VIX,820,820,820,820,820.0,100,82000
2014-01-03,VIX,880,820,820,820,820.0,700,574000
2014-01-06,VIX,880,870,880,870,870.0,1300,1131000
2014-01-07,VIX,870,870,870,870,870.0,900,783000
2014-01-08,VIX,870,870,870,870,870.0,0,0
2014-01-09,VIX,920,920,920,920,920.0,1400,1288000
2014-01-10,VIX,920,920,920,920,920.0,0,0
2014-01-13,VIX,920,920,920,920,920.0,0,0
2014-01-14,VIX,920,920,920,920,920.0,0,0
2014-01-15,VIX,950,950,950,950,950.0,8400,7980000
2014-01-16,VIX,960,960,960,960,960.0,5000,4800000
2014-01-17,VIX,970,960,960,970,970.0,800,776000
2014-01-20,VIX,980,970,970,980,980.0,7400,7252000
2014-01-21,VIX,980,980,980,980,980.0,0,0
2014-01-22,VIX,1030,980,1030,980,980.0,28800,28224000
2014-01-23,VIX,980,980,980,980,980.0,0,0
2014-01-24,VIX,980,980,980,980,980.0,0,0
2014-01-27,VIX,1000,1000,1000,1000,1000.0,900,900000
2014-02-06,VIX,920,920,920,920,920.0,100,92000
2014-02-07,VIX,970,850,970,850,850.0,300,255000
2014-02-10,VIX,920,760,760,890,890.0,2300,2047000
2014-02-11,VIX,890,890,890,890,890.0,0,0
2014-02-12,VIX,890,890,890,890,890.0,0,0
2014-02-13,VIX,890,800,890,880,880.0,800,704000
2014-02-14,VIX,940,940,940,940,940.0,100,94000
2014-02-17,VIX,940,940,940,940,940.0,0,0
2014-02-18,VIX,940,940,940,940,940.0,0,0
2014-02-19,VIX,1020,1020,1020,1020,1020.0,800,816000
2014-02-20,VIX,1020,1020,1020,1020,1020.0,0,0
2014-02-21,VIX,1020,1020,1020,1020,1020.0,0,0
2014-02-24,VIX,970,920,920,970,970.0,1400,1358000
2014-02-25,VIX,970,970,970,970,970.0,0,0
2014-02-26,VIX,970,970,970,970,970.0,0,0
2014-02-27,VIX,970,970,970,970,970.0,0,0
2014-02-28,VIX,970,970,970,970,970.0,0,0
2014-03-03,VIX,970,970,970,970,970.0,0,0
2014-03-04,VIX,970,970,970,970,970.0,0,0
2014-03-05,VIX,970,970,970,970,970.0,0,0
2014-03-06,VIX,970,880,970,970,970.0,400,388000
2014-03-07,VIX,980,910,920,980,980.0,3100,3038000
2014-03-10,VIX,970,890,890,910,910.0,6500,5915000
2014-03-11,VIX,910,910,910,910,910.0,3500,3185000
2014-03-12,VIX,910,850,850,910,910.0,2300,2093000
2014-03-13,VIX,970,850,970,970,970.0,3500,3395000
2014-03-14,VIX,970,920,970,920,920.0,600,552000
2014-03-17,VIX,960,880,880,960,960.0,14000,13440000
2014-03-18,VIX,970,880,920,970,970.0,2600,2522000
2014-03-19,VIX,980,960,960,980,980.0,13900,13622000
2014-03-20,VIX,1040,910,940,1040,1040.0,4100,4264000
2014-03-21,VIX,1040,1040,1040,1040,1040.0,0,0
2014-03-24,VIX,1020,950,970,960,960.0,11900,11424000
2014-03-25,VIX,1000,950,950,1000,1000.0,28600,28600000
2014-03-26,VIX,1030,1020,1020,1030,1030.0,7000,7210000
2014-03-27,VIX,1000,920,920,1000,1000.0,1200,1200000
2014-03-28,VIX,1000,1000,1000,1000,1000.0,0,0
2014-03-31,VIX,1000,1000,1000,1000,1000.0,0,0
2014-04-01,VIX,1060,970,1030,980,980.0,46100,45178000
2014-04-02,VIX,1060,1030,1030,1060,1060.0,9400,9964000
2014-04-03,VIX,1160,1080,1080,1160,1160.0,16400,19024000
2014-04-04,VIX,1260,1080,1080,1260,1260.0,7300,9198000
2014-04-07,VIX,1360,1260,1260,1350,1350.0,24300,32805000
2014-04-08,VIX,1490,1350,1490,1470,1470.0,11700,17199000
2014-04-10,VIX,1600,1380,1470,1380,1380.0,4300,5934000
2014-04-11,VIX,1300,1300,1300,1300,1300.0,6200,8060000
2014-04-14,VIX,1200,1200,1200,1200,1200.0,100,120000
2014-04-15,VIX,1200,1200,1200,1200,1200.0,8100,9720000
2014-04-16,VIX,1200,1170,1200,1170,1170.0,6300,7371000
2014-04-17,VIX,1170,1170,1170,1170,1170.0,100,117000
2014-04-18,VIX,1260,1170,1180,1170,1170.0,44600,52182000
2014-04-21,VIX,1260,1170,1170,1170,1170.0,94700,110799000
2014-04-22,VIX,1220,1180,1180,1200,1200.0,160900,193080000
2014-04-23,VIX,1280,1220,1220,1280,1280.0,305000,390400000
2014-04-24,VIX,1300,1240,1300,1260,1260.0,43700,55062000
2014-04-25,VIX,1330,1230,1330,1230,1230.0,59300,72939000
2014-04-28,VIX,1260,1230,1230,1230,1230.0,60700,74661000
2014-04-29,VIX,1340,1160,1300,1190,1190.0,56400,67116000
2014-05-05,VIX,1200,1160,1200,1160,1160.0,58200,67512000
2014-05-06,VIX,1260,1160,1160,1180,1180.0,56000,66080000
2014-05-07,VIX,1230,1180,1180,1230,1230.0,60100,73923000
2014-05-08,VIX,1240,1190,1190,1220,1220.0,55500,67710000
2014-05-09,VIX,1240,1200,1200,1200,1200.0,50300,60360000
2014-05-12,VIX,1230,1170,1200,1170,1170.0,60300,70551000
2014-05-13,VIX,1220,1170,1170,1170,1170.0,59800,69966000
2014-05-14,VIX,1260,1170,1170,1260,1260.0,44700,56322000
2014-05-15,VIX,1260,1230,1230,1260,1260.0,55700,70182000
2014-05-16,VIX,1280,1240,1260,1240,1240.0,53600,66464000
2014-05-19,VIX,1280,1230,1240,1280,1280.0,64900,83072000
2014-05-20,VIX,1300,1240,1260,1300,1300.0,55500,72150000
2014-05-21,VIX,1280,1240,1280,1260,1260.0,61200,77112000
2014-05-22,VIX,1260,1240,1260,1260,1260.0,61000,76860000
2014-05-23,VIX,1290,1260,1260,1260,1260.0,54800,69048000
2014-05-26,VIX,1290,1260,1260,1260,1260.0,48900,61614000
2014-05-27,VIX,1260,1230,1260,1260,1260.0,52000,65520000
2014-05-28,VIX,1260,1190,1260,1190,1190.0,57900,68901000
2014-05-29,VIX,1230,1190,1190,1190,1190.0,51600,61404000
2014-05-30,VIX,1230,1190,1190,1190,1190.0,42800,50932000
2014-06-02,VIX,1220,1180,1200,1190,1190.0,55500,66045000
2014-06-03,VIX,1260,1190,1200,1260,1260.0,33000,41580000
2014-06-04,VIX,1340,1230,1230,1340,1340.0,1400,1876000
2014-06-05,VIX,1280,1240,1240,1260,1260.0,85300,107478000
2014-06-06,VIX,1390,1220,1260,1390,1390.0,65000,90350000
2014-06-09,VIX,1520,1380,1490,1450,1450.0,98100,142245000
2014-06-10,VIX,1470,1410,1460,1450,1450.0,71700,103965000
2014-06-11,VIX,1470,1410,1450,1460,1460.0,65200,95192000
2014-06-12,VIX,1480,1410,1460,1410,1410.0,86500,121965000
2014-06-13,VIX,1460,1390,1410,1390,1390.0,61300,85207000
2014-06-16,VIX,1430,1350,1390,1350,1350.0,72500,97875000
2014-06-17,VIX,1390,1330,1360,1340,1340.0,56500,75710000
2014-06-18,VIX,1390,1340,1360,1340,1340.0,59500,79730000
2014-06-19,VIX,1380,1340,1350,1340,1340.0,55300,74102000
2014-06-20,VIX,1470,1340,1340,1460,1460.0,82800,120888000
2014-06-23,VIX,1600,1480,1480,1600,1600.0,209200,334720000
2014-06-24,VIX,1760,1600,1660,1760,1760.0,301200,530112000
2014-06-25,VIX,1930,1700,1750,1930,1930.0,278500,537505000
2014-06-26,VIX,1930,1790,1910,1860,1860.0,316000,587760000
2014-06-27,VIX,1860,1790,1790,1840,1840.0,124300,228712000
2014-06-30,VIX,1840,1790,1810,1840,1840.0,117300,215832000
2014-07-01,VIX,1860,1790,1840,1860,1860.0,126300,234918000
2014-07-02,VIX,1870,1810,1840,1870,1870.0,124000,231880000
2014-07-03,VIX,1910,1860,1900,1900,1900.0,160700,305330000
2014-07-04,VIX,1960,1900,1930,1930,1930.0,201600,389088000
2014-07-07,VIX,1930,1900,1930,1900,1900.0,115000,218500000
2014-07-08,VIX,1870,1790,1840,1840,1840.0,120200,221168000
2014-07-09,VIX,1870,1790,1810,1870,1870.0,184700,345389000
2014-07-10,VIX,1900,1860,1900,1860,1860.0,122400,227664000
2014-07-11,VIX,1900,1840,1900,1860,1860.0,101100,188046000
2014-07-14,VIX,1900,1860,1900,1870,1870.0,108100,202147000
2014-07-15,VIX,1910,1860,1870,1910,1910.0,148000,282680000
2014-07-16,VIX,1910,1870,1900,1910,1910.0,138800,265108000
2014-07-17,VIX,1910,1860,1910,1910,1910.0,109900,209909000
2014-07-18,VIX,1910,1880,1910,1910,1910.0,303200,579112000
2014-07-21,VIX,1990,1910,1920,1990,1990.0,789600,1571304000
2014-07-22,VIX,2000,1930,1990,1980,1980.0,131200,259776000
2014-07-23,VIX,1990,1960,1980,1980,1980.0,120000,237600000
2014-07-24,VIX,2180,1970,1980,2180,2180.0,523300,1140794000
2014-07-25,VIX,2280,2160,2180,2240,2240.0,450300,1008672000
2014-07-28,VIX,2240,2170,2230,2170,2170.0,130200,282534000
2014-07-29,VIX,2160,2120,2130,2130,2130.0,97100,206823000
2014-07-30,VIX,2130,2090,2090,2120,2120.0,106800,226416000
2014-07-31,VIX,2140,2100,2100,2130,2130.0,123200,262416000
2014-08-01,VIX,2140,2090,2130,2130,2130.0,180300,384039000
2014-08-04,VIX,2350,2110,2120,2350,2350.0,299300,703355000
2014-08-05,VIX,2580,2320,2320,2580,2580.0,362700,935766000
2014-08-06,VIX,2710,2580,2670,2710,2710.0,157200,426012000
2014-08-07,VIX,2810,2610,2710,2670,2670.0,127300,339891000
2014-08-08,VIX,2710,2570,2670,2570,2570.0,132200,339754000
2014-08-11,VIX,2570,2370,2520,2370,2370.0,165100,391287000
2014-08-12,VIX,2280,2180,2280,2180,2180.0,264100,575738000
2014-08-13,VIX,2230,2029,2230,2100,2100.0,170100,357210000
2014-08-14,VIX,2070,1900,1900,1930,1930.0,99000,191070000
2014-08-15,VIX,2029,1870,1930,1930,1930.0,92700,178911000
2014-08-18,VIX,2029,1930,1960,2029,2029.0,135800,275538200
2014-08-19,VIX,2040,1980,2029,1980,1980.0,113700,225126000
2014-08-20,VIX,2029,1930,1980,1970,1970.0,105900,208623000
2014-08-21,VIX,2000,1930,1970,1930,1930.0,109600,211528000
2014-08-22,VIX,1980,1900,1930,1900,1900.0,109700,208430000
2014-08-25,VIX,1920,1860,1900,1880,1880.0,120000,225600000
2014-08-26,VIX,1920,1860,1880,1870,1870.0,53100,99297000
2014-08-27,VIX,1910,1840,1860,1870,1870.0,72200,135014000
2014-08-28,VIX,2060,1860,1870,2060,2060.0,670600,1381436000
2014-08-29,VIX,2260,2070,2130,2260,2260.0,695400,1571604000
2014-09-03,VIX,2480,2260,2300,2440,2440.0,394200,961848000
2014-09-04,VIX,2540,2210,2470,2320,2320.0,369000,856080000
2014-09-05,VIX,2280,2110,2280,2210,2210.0,294600,651066000
2014-09-08,VIX,2230,2070,2210,2070,2070.0,159700,330579000
2014-09-09,VIX,2160,1910,2090,1910,1910.0,269700,515127000
2014-09-10,VIX,2090,1860,1860,2090,2090.0,487300,1018457000
2014-09-11,VIX,2280,2100,2130,2280,2280.0,686500,1565220000
2014-09-12,VIX,2320,2180,2320,2230,2230.0,259800,579354000
2014-09-15,VIX,2280,2130,2230,2130,2130.0,259600,552948000
2014-09-16,VIX,2280,2090,2180,2230,2230.0,382300,852529000
2014-09-17,VIX,2440,2130,2230,2440,2440.0,736500,1797060000
2014-09-18,VIX,2610,2320,2570,2320,2320.0,384100,891112000
2014-09-19,VIX,2320,2100,2110,2180,2180.0,162800,354904000
2014-09-22,VIX,2320,2130,2130,2230,2230.0,181500,404745000
2014-09-23,VIX,2440,2130,2130,2420,2420.0,487600,1179992000
2014-09-24,VIX,2440,2280,2440,2280,2280.0,95200,217056000
2014-09-25,VIX,2370,2230,2230,2320,2320.0,144600,335472000
2014-09-26,VIX,2470,2280,2320,2370,2370.0,244300,578991000
2014-09-29,VIX,2600,2320,2370,2600,2600.0,565600,1470560000
2014-09-30,VIX,2670,2570,2670,2640,2640.0,146300,386232000
2014-10-01,VIX,2910,2670,2710,2890,2890.0,350900,1014101000
2014-10-02,VIX,2910,2760,2910,2760,2760.0,272300,751548000
2014-10-03,VIX,2770,2670,2710,2710,2710.0,244900,663679000
2014-10-06,VIX,2760,2670,2710,2740,2740.0,230700,632118000
2014-10-07,VIX,2910,2760,2760,2900,2900.0,297300,862170000
2014-10-08,VIX,2910,2810,2860,2810,2810.0,277200,778932000
2014-10-09,VIX,2860,2760,2800,2810,2810.0,224600,631126000
2014-10-10,VIX,2910,2760,2830,2910,2910.0,253800,738558000
2014-10-13,VIX,2910,2810,2860,2860,2860.0,241700,691262000
2014-10-14,VIX,3130,2810,2860,3130,3130.0,1051400,3290882000
2014-10-15,VIX,3300,3110,3150,3290,3290.0,548100,1803249000
2014-10-16,VIX,3350,2960,3290,3220,3220.0,760900,2450098000
2014-10-17,VIX,3290,2900,3010,3270,3270.0,1037400,3392298000
2014-10-20,VIX,3340,3200,3290,3320,3320.0,462900,1536828000
2014-10-21,VIX,3340,3270,3340,3280,3280.0,442500,1451400000
2014-10-22,VIX,3590,3260,3290,3570,3570.0,779700,2783529000
2014-10-23,VIX,3700,3540,3570,3590,3590.0,638500,2292215000
2014-10-24,VIX,3680,3490,3590,3490,3490.0,486200,1696838000
2014-10-27,VIX,3540,3350,3390,3440,3440.0,557100,1916424000
2014-10-28,VIX,3480,3330,3390,3440,3440.0,284000,976960000
2014-10-29,VIX,3790,3390,3440,3790,3790.0,1109600,4205384000
2014-10-30,VIX,4170,3780,3900,4170,4170.0,880000,3669600000
2014-10-31,VIX,4590,4170,4270,4590,4590.0,509400,2338146000
2014-11-03,VIX,5040,4620,5040,5040,5040.0,423600,2134944000
2014-11-04,VIX,5350,4800,5350,4800,4800.0,221900,1065120000
2014-11-05,VIX,4800,4650,4750,4750,4750.0,251680,1195480000
2014-11-06,VIX,4840,4680,4700,4730,4730.0,239600,1133308000
2014-11-07,VIX,4800,4730,4750,4770,4770.0,207200,988344000
2014-11-10,VIX,5240,4780,4800,5230,5230.0,606100,3169903000
2014-11-11,VIX,5520,5130,5230,5500,5500.0,490400,2697200000
2014-11-12,VIX,6050,5430,5520,6050,6050.0,739120,4471676000
2014-11-13,VIX,6640,5890,6110,6640,6640.0,471730,3132287200
2014-11-14,VIX,6790,5990,6790,6300,6300.0,421120,2653056000
2014-11-17,VIX,5830,5670,5670,5830,5830.0,317100,1848693000
2014-11-18,VIX,5930,5250,5630,5250,5250.0,461745,2424161250
2014-11-19,VIX,4890,4730,4730,4890,4890.0,154100,753549000
2014-11-20,VIX,5040,4700,4750,4990,4990.0,143600,716564000
2014-11-21,VIX,5090,4600,4990,4600,4600.0,196910,905786000
2014-11-24,VIX,4490,4140,4450,4170,4170.0,363100,1514127000
2014-11-25,VIX,3820,3760,3760,3800,3800.0,184800,702240000
2014-11-26,VIX,3780,3440,3590,3440,3440.0,107200,368768000
2014-11-27,VIX,3200,3110,3150,3180,3180.0,510400,1623072000
2014-11-28,VIX,3310,2930,3110,3260,3260.0,432600,1410276000
2014-12-01,VIX,3570,3210,3280,3570,3570.0,781500,2789955000
2014-12-02,VIX,3930,3570,3670,3930,3930.0,368800,1449384000
2014-12-03,VIX,4090,3560,4090,3650,3650.0,399000,1456350000
2014-12-04,VIX,3540,3280,3310,3340,3340.0,669000,2234460000
2014-12-05,VIX,3230,3060,3120,3060,3060.0,311300,952578000
2014-12-08,VIX,3060,2770,2960,2770,2770.0,303100,839587000
2014-12-09,VIX,2770,2490,2770,2490,2490.0,470800,1172292000
2014-12-10,VIX,2370,2260,2320,2270,2270.0,445100,1010377000
2014-12-11,VIX,2270,2040,2190,2090,2090.0,868800,1815792000
2014-12-12,VIX,2270,2029,2070,2240,2240.0,921100,2063264000
2014-12-15,VIX,2340,2210,2280,2260,2260.0,1051300,2375938000
2014-12-16,VIX,2240,2029,2180,2060,2060.0,706700,1455802000
2014-12-17,VIX,2090,1900,1940,1930,1930.0,1116730,2155288900
2014-12-18,VIX,2070,1930,1930,2070,2070.0,546670,1131606900
2014-12-19,VIX,2070,1910,2029,1970,1970.0,427500,842175000
2014-12-22,VIX,2029,1900,1930,1980,1980.0,830600,1644588000
2014-12-23,VIX,2170,1930,1930,2170,2170.0,1243700,2698829000
2014-12-24,VIX,2360,2170,2350,2210,2210.0,1300700,2874547000
2014-12-25,VIX,2230,2140,2230,2160,2160.0,892600,1928016000
2014-12-26,VIX,2160,1990,2100,2000,2000.0,577900,1155800000
2014-12-29,VIX,2100,1810,1930,1870,1870.0,1198950,2242036500
2014-12-30,VIX,2029,1710,1840,1930,1930.0,1004200,1938106000
2014-12-31,VIX,2060,1870,1870,1980,1980.0,656817,1300497660
2015-01-05,VIX,2029,1930,2160,1980,1980.0,327100,647658000
2015-01-06,VIX,2170,1840,2160,2170,2170.0,877200,1903524000
2015-01-07,VIX,2390,2230,2660,2340,2340.0,1083700,2535858000
2015-01-08,VIX,2540,2280,2550,2370,2370.0,763690,1809945300
2015-01-09,VIX,2510,2370,2700,2420,2420.0,454300,1099406000
2015-01-12,VIX,2470,2190,2760,2230,2230.0,523300,1166959000
2015-01-13,VIX,2360,2090,2380,2320,2320.0,719020,1668126400
2015-01-14,VIX,2410,2230,2490,2370,2370.0,1131330,2681252100
2015-01-15,VIX,2600,2300,2640,2600,2600.0,1497190,3892694000
2015-01-16,VIX,2700,2520,2940,2540,2540.0,1021998,2595874920
2015-01-19,VIX,2600,2450,2830,2550,2550.0,472120,1203906000
2015-01-20,VIX,2540,2450,2770,2480,2480.0,428500,1062680000
2015-01-21,VIX,2600,2470,2770,2480,2480.0,556000,1378880000
2015-01-22,VIX,2520,2420,2780,2470,2470.0,347480,858275600
2015-01-23,VIX,2580,2440,2860,2570,2570.0,735440,1890080800
2015-01-26,VIX,2670,2470,2910,2590,2590.0,539900,1398341000
2015-01-27,VIX,2600,2450,2890,2520,2520.0,995200,2507904000
2015-01-28,VIX,2570,2450,2760,2520,2520.0,302300,761796000
2015-01-29,VIX,2670,2420,2760,2670,2670.0,560940,1497709800
2015-01-30,VIX,2740,2570,2880,2700,2700.0,611800,1651860000
2015-02-02,VIX,2930,2610,2930,2680,2680.0,417600,1119168000
2015-02-03,VIX,2880,2610,2930,2640,2640.0,376710,994514400
2015-02-04,VIX,2640,2490,2940,2510,2510.0,613500,1539885000
2015-02-05,VIX,2510,2390,2770,2420,2420.0,1041600,2520672000
2015-02-06,VIX,2510,2370,2650,2420,2420.0,430210,1041108200
2015-02-09,VIX,2470,2270,2700,2280,2280.0,672377,1533019560
2015-02-10,VIX,2370,2130,2650,2190,2190.0,1012800,2218032000
2015-02-11,VIX,2280,2060,2340,2280,2280.0,461400,1051992000
2015-02-12,VIX,2340,2230,2510,2260,2260.0,533908,1206632080
2015-02-13,VIX,2260,2190,2490,2190,2190.0,573500,1255965000
2015-02-24,VIX,2190,2130,2420,2170,2170.0,274100,594797000
2015-02-25,VIX,2260,1980,2390,2029,2029.0,1721640,3493207560
2015-02-26,VIX,2070,1910,2240,1930,1930.0,1888300,3644419000
2015-02-27,VIX,2040,1810,2180,1940,1940.0,2455665,4763990100
2015-03-02,VIX,1980,1910,2130,1930,1930.0,1124500,2170285000
2015-03-03,VIX,1970,1810,2130,1910,1910.0,1765920,3372907200
2015-03-04,VIX,2090,2090,2340,2090,2090.0,569900,1191091000
2015-03-05,VIX,2280,2130,2570,2140,2140.0,2200200,4708428000
2015-03-06,VIX,2160,2009,2390,2029,2029.0,1888030,3830812870
2015-03-09,VIX,2029,1910,2250,1970,1970.0,2749000,5415530000
2015-03-10,VIX,2070,1920,2160,2029,2029.0,1041100,2112391900
2015-03-11,VIX,2009,1970,2240,1970,1970.0,766140,1509295800
2015-03-12,VIX,2009,1920,2180,2009,2009.0,693900,1394045100
2015-03-13,VIX,2029,1970,2230,2009,2009.0,660800,1327547200
2015-03-16,VIX,2009,1960,2250,1970,1970.0,740100,1457997000
2015-03-17,VIX,2029,1920,2160,2029,2029.0,959110,1946034190
2015-03-18,VIX,2029,1970,2240,2000,2000.0,755500,1511000000
2015-03-19,VIX,2029,1970,2200,1970,1970.0,1056020,2080359400
2015-03-20,VIX,1980,1920,2160,1970,1970.0,553100,1089607000
2015-03-23,VIX,2029,1930,2190,1960,1960.0,750700,1471372000
2015-03-24,VIX,1980,1910,2180,1980,1980.0,975300,1931094000
2015-03-25,VIX,1980,1930,2190,1930,1930.0,619010,1194689300
2015-03-26,VIX,1970,1910,2150,1930,1930.0,872500,1683925000
2015-03-27,VIX,1960,1910,2160,1910,1910.0,506200,966842000
2015-03-30,VIX,1920,1750,2150,1750,1750.0,1018100,1781675000
2015-03-31,VIX,1770,1710,1930,1750,1750.0,1448600,2535050000
2015-04-01,VIX,1750,1620,1920,1620,1620.0,951850,1541997000
2015-04-02,VIX,1650,1540,1790,1640,1640.0,621932,1019968480
2015-04-03,VIX,1680,1600,1790,1660,1660.0,231600,384456000
2015-04-06,VIX,1660,1610,1810,1610,1610.0,252000,405720000
2015-04-07,VIX,1680,1600,1770,1660,1660.0,416340,691124400
2015-04-08,VIX,1710,1650,1860,1650,1650.0,448410,739876500
2015-04-09,VIX,1680,1620,1810,1650,1650.0,456300,752895000
2015-04-10,VIX,1680,1640,1830,1660,1660.0,591100,981226000
2015-04-13,VIX,1730,1650,1860,1710,1710.0,1683200,2878272000
2015-04-14,VIX,1710,1660,1860,1660,1660.0,468500,777710000
2015-04-15,VIX,1660,1620,1860,1640,1640.0,668500,1096340000
2015-04-16,VIX,1710,1610,1810,1710,1710.0,1636330,2798124300
2015-04-17,VIX,1760,1660,1940,1730,1730.0,786120,1359987600
2015-04-20,VIX,1730,1660,1920,1660,1660.0,390720,648595200
2015-04-21,VIX,1680,1640,1830,1640,1640.0,427600,701264000
2015-04-22,VIX,1660,1600,1810,1600,1600.0,470300,752480000
2015-04-23,VIX,1600,1520,1730,1540,1540.0,431710,664833400
2015-04-24,VIX,1550,1430,1690,1430,1430.0,685100,979693000
2015-04-27,VIX,1430,1360,1580,1360,1360.0,410200,557872000
2015-05-04,VIX,1360,1230,1490,1230,1230.0,1362900,1676367000
2015-05-05,VIX,1280,1110,1360,1280,1280.0,1098520,1406105600
2015-05-06,VIX,1340,1160,1380,1160,1160.0,976620,1132879200
2015-05-07,VIX,1220,1040,1220,1180,1180.0,757500,893850000
2015-05-08,VIX,1250,1130,1320,1230,1230.0,637200,783756000
2015-05-11,VIX,1260,1180,1380,1180,1180.0,387300,457014000
2015-05-12,VIX,1200,1130,1290,1160,1160.0,500500,580580000
2015-05-13,VIX,1160,1100,1290,1160,1160.0,608150,705454000
2015-05-14,VIX,1180,1090,1260,1130,1130.0,496900,561497000
2015-05-15,VIX,1170,1100,1260,1100,1100.0,939700,1033670000
2015-05-18,VIX,1100,1000,1200,1000,1000.0,801500,801500000
2015-05-19,VIX,1040,970,1100,1040,1040.0,349000,362960000
2015-05-20,VIX,1130,1020,1140,1130,1130.0,1254910,1418048300
2015-05-21,VIX,1250,1170,1340,1250,1250.0,2242900,2803625000
2015-05-22,VIX,1360,1250,1430,1360,1360.0,2310030,3141640800
2015-05-25,VIX,1490,1370,1630,1490,1490.0,1569350,2338331500
2015-05-26,VIX,1610,1390,1810,1390,1390.0,2465000,3426350000
2015-05-27,VIX,1520,1360,1580,1500,1500.0,2162810,3244215000
2015-05-28,VIX,1620,1500,1720,1560,1560.0,1522930,2375770800
2015-05-29,VIX,1580,1440,1760,1470,1470.0,1273000,1871310000
2015-06-01,VIX,1580,1450,1650,1490,1490.0,1243670,1853068300
2015-06-02,VIX,1550,1490,1660,1500,1500.0,1194643,1791964500
2015-06-03,VIX,1550,1500,1690,1540,1540.0,787800,1213212000
2015-06-04,VIX,1690,1540,1720,1690,1690.0,2088860,3530173400
2015-06-05,VIX,1830,1730,1980,1800,1800.0,2536050,4564890000
2015-06-08,VIX,1870,1770,2050,1770,1770.0,1760460,3116014200
2015-06-09,VIX,1770,1600,1980,1680,1680.0,2786400,4681152000
2015-06-10,VIX,1690,1600,1810,1650,1650.0,1008030,1663249500
2015-06-11,VIX,1710,1610,1850,1620,1620.0,1005080,1628229600
2015-06-12,VIX,1710,1610,1860,1680,1680.0,1973617,3315676560
2015-06-15,VIX,1710,1610,1880,1650,1650.0,878190,1449013500
2015-06-16,VIX,1660,1520,1850,1520,1520.0,1222730,1858549600
2015-06-17,VIX,1550,1440,1710,1440,1440.0,1487850,2142504000
2015-06-18,VIX,1520,1320,1510,1500,1500.0,915100,1372650000
2015-06-19,VIX,1520,1430,1660,1440,1440.0,1008910,1452830400
2015-06-22,VIX,1500,1390,1610,1470,1470.0,605740,890437800
2015-06-23,VIX,1490,1440,1610,1450,1450.0,427318,619611100
2015-06-24,VIX,1470,1410,1600,1410,1410.0,2868020,4043908200
2015-06-25,VIX,1430,1340,1580,1340,1340.0,1936950,2595513000
2015-06-26,VIX,1470,1320,1560,1470,1470.0,3016900,4434843000
2015-06-29,VIX,1600,1500,1750,1540,1540.0,2999940,4619907600
2015-06-30,VIX,1540,1430,1710,1430,1430.0,1817417,2598906310
2015-07-01,VIX,1540,1320,1580,1440,1440.0,2175200,3132288000
2015-07-02,VIX,1520,1390,1650,1500,1500.0,1835210,2752815000
2015-07-03,VIX,1520,1450,1650,1490,1490.0,3042600,4533474000
2015-07-06,VIX,1540,1450,1630,1520,1520.0,2658210,4040479200
2015-07-07,VIX,1520,1470,1680,1490,1490.0,1957750,2917047500
2015-07-08,VIX,1520,1410,1630,1430,1430.0,2452710,3507375300
2015-07-09,VIX,1440,1390,1580,1430,1430.0,1728110,2471197300
2015-07-10,VIX,1470,1390,1600,1390,1390.0,1803720,2507170800
2015-07-13,VIX,1410,1340,1520,1340,1340.0,1949550,2612397000
2015-07-14,VIX,1390,1260,1430,1370,1370.0,2056200,2816994000
2015-07-15,VIX,1370,1250,1390,1300,1300.0,1084620,1410006000
2015-07-16,VIX,1300,1180,1320,1260,1260.0,1078400,1358784000
2015-07-17,VIX,1320,1160,1290,1260,1260.0,830120,1045951200
2015-07-20,VIX,1260,1220,1410,1250,1250.0,1008100,1260125000
2015-07-21,VIX,1250,1180,1340,1190,1190.0,972660,1157465400
2015-07-22,VIX,1260,1170,1320,1230,1230.0,1462610,1799010300
2015-07-23,VIX,1250,1200,1390,1200,1200.0,879627,1055552400
2015-07-24,VIX,1260,1160,1290,1230,1230.0,995360,1224292800
2015-07-27,VIX,1250,1110,1250,1190,1190.0,835700,994483000
2015-07-28,VIX,1260,1130,1270,1200,1200.0,1640210,1968252000
2015-07-29,VIX,1230,1160,1290,1230,1230.0,506730,623277900
2015-07-30,VIX,1340,1220,1380,1340,1340.0,1945380,2606809200
2015-07-31,VIX,1360,1260,1490,1260,1260.0,1411003,1777863780
2015-08-03,VIX,1260,1160,1290,1200,1200.0,1032800,1239360000
2015-08-04,VIX,1250,1090,1220,1220,1220.0,788500,961970000
2015-08-05,VIX,1260,1100,1230,1260,1260.0,763300,961758000
2015-08-06,VIX,1260,1230,1410,1230,1230.0,977300,1202079000
2015-08-07,VIX,1250,1170,1290,1230,1230.0,726340,893398200
2015-08-10,VIX,1260,1170,1290,1220,1220.0,897400,1094828000
2015-08-11,VIX,1280,1230,1380,1250,1250.0,1557450,1946812500
2015-08-12,VIX,1260,1130,1260,1220,1220.0,814530,993726600
2015-08-13,VIX,1340,1170,1490,1190,1190.0,1084200,1290198000
2015-08-14,VIX,1200,1170,1340,1190,1190.0,1003910,1194652900
2015-08-17,VIX,1220,1130,1340,1170,1170.0,1045810,1223597700
2015-08-18,VIX,1280,1160,1430,1190,1190.0,569730,677978700
2015-08-19,VIX,1260,1130,1400,1180,1180.0,1588800,1874784000
2015-08-20,VIX,1220,1130,1360,1130,1130.0,902500,1019825000
2015-08-21,VIX,1230,1020,1380,1080,1080.0,2066270,2231571600
2015-08-24,VIX,1050,960,1170,960,960.0,1729200,1660032000
2015-08-25,VIX,970,880,970,900,900.0,2256500,2030850000
2015-08-26,VIX,980,810,910,980,980.0,2117880,2075522400
2015-08-27,VIX,1080,1040,1200,1080,1080.0,3150200,3402216000
2015-08-28,VIX,1180,1040,1320,1080,1080.0,1719600,1857168000
2015-08-31,VIX,1160,1020,1290,1040,1040.0,1340115,1393719600
2015-09-01,VIX,1130,1010,1270,1020,1020.0,1020400,1040808000
2015-09-03,VIX,1110,1020,1250,1040,1040.0,2015345,2095958800
2015-09-04,VIX,1130,1020,1260,1020,1020.0,624200,636684000
2015-09-07,VIX,1050,1000,1170,1000,1000.0,702532,702532000
2015-09-08,VIX,1050,1000,1120,1050,1050.0,1110300,1165815000
2015-09-09,VIX,1130,1040,1270,1040,1040.0,1288000,1339520000
2015-09-10,VIX,1130,1020,1260,1080,1080.0,2038400,2201472000
2015-09-11,VIX,1170,1080,1220,1100,1100.0,2752130,3027343000
2015-09-14,VIX,1200,1050,1340,1050,1050.0,861600,904680000
2015-09-15,VIX,1090,1050,1170,1080,1080.0,1581410,1707922800
2015-09-16,VIX,1160,1050,1290,1080,1080.0,971600,1049328000
2015-09-17,VIX,1130,1080,1270,1080,1080.0,935950,1010826000
2015-09-18,VIX,1130,1080,1250,1080,1080.0,1165320,1258545600
2015-09-21,VIX,1180,1080,1320,1100,1100.0,1868303,2055133300
2015-09-22,VIX,1200,1160,1340,1160,1160.0,3169670,3676817200
2015-09-23,VIX,1260,1140,1400,1180,1180.0,837900,988722000
2015-09-24,VIX,1260,1080,1200,1220,1220.0,2582070,3150125400
2015-09-25,VIX,1220,1180,1340,1180,1180.0,911210,1075227800
2015-09-28,VIX,1180,1130,1330,1130,1130.0,1101700,1244921000
2015-09-29,VIX,1160,1120,1260,1160,1160.0,1519000,1762040000
2015-09-30,VIX,1170,1140,1300,1140,1140.0,1000620,1140706800
2015-10-01,VIX,1170,1140,1290,1160,1160.0,692600,803416000
2015-10-02,VIX,1160,1130,1290,1140,1140.0,686400,782496000
2015-10-05,VIX,1160,1130,1270,1140,1140.0,717300,817722000
2015-10-06,VIX,1200,1160,1290,1200,1200.0,1813100,2175720000
2015-10-07,VIX,1220,1160,1340,1160,1160.0,794500,921620000
2015-10-08,VIX,1220,1160,1300,1180,1180.0,2020550,2384249000
2015-10-09,VIX,1200,1160,1330,1170,1170.0,799600,935532000
2015-10-12,VIX,1200,1160,1300,1170,1170.0,1135900,1329003000
2015-10-13,VIX,1170,1160,1300,1160,1160.0,899900,1043884000
2015-10-14,VIX,1170,1130,1300,1140,1140.0,746100,850554000
2015-10-15,VIX,1160,1130,1270,1140,1140.0,524000,597360000
2015-10-16,VIX,1170,1140,1290,1140,1140.0,922000,1051080000
2015-10-19,VIX,1160,1130,1270,1140,1140.0,539900,615486000
2015-10-20,VIX,1140,1120,1270,1130,1130.0,669399,756420870
2015-10-21,VIX,1130,1090,1260,1090,1090.0,900820,981893800
2015-10-22,VIX,1120,1080,1200,1120,1120.0,709200,794304000
2015-10-23,VIX,1130,1100,1260,1120,1120.0,897110,1004763200
2015-10-26,VIX,1120,1080,1250,1080,1080.0,729000,787320000
2015-10-27,VIX,1090,1080,1200,1080,1080.0,784900,847692000
2015-10-28,VIX,1090,1040,1200,1040,1040.0,1162740,1209249600
2015-10-29,VIX,1090,1040,1180,1090,1090.0,2100990,2290079100
2015-10-30,VIX,1100,1070,1230,1070,1070.0,630400,674528000
2015-11-02,VIX,1160,1040,1290,1070,1070.0,1029800,1101886000
2015-11-03,VIX,1070,1040,1180,1070,1070.0,910000,973700000
2015-11-04,VIX,1120,1040,1250,1070,1070.0,967100,1034797000
2015-11-05,VIX,1080,1040,1170,1080,1080.0,439200,474336000
2015-11-06,VIX,1080,1030,1200,1030,1030.0,669700,689791000
2015-11-09,VIX,1070,1030,1150,1030,1030.0,563800,580714000
2015-11-10,VIX,1030,1010,1150,1020,1020.0,741400,756228000
2015-11-11,VIX,1030,980,1130,980,980.0,712530,698279400
2015-11-12,VIX,1010,960,1100,980,980.0,496200,486276000
2015-11-13,VIX,980,970,1090,970,970.0,472200,458034000
2015-11-16,VIX,1070,980,1100,1070,1070.0,2464344,2636848080
2015-11-17,VIX,1120,1040,1230,1040,1040.0,1613730,1678279200
2015-11-18,VIX,1070,1040,1170,1040,1040.0,623800,648752000
2015-11-19,VIX,1080,1030,1170,1080,1080.0,1310000,1414800000
2015-11-20,VIX,1090,1040,1200,1080,1080.0,899000,970920000
2015-11-23,VIX,1140,1090,1220,1120,1120.0,2621867,2936491040
2015-11-24,VIX,1130,1090,1260,1100,1100.0,884200,972620000
2015-11-25,VIX,1200,1030,1150,1160,1160.0,3100402,3596466320
2015-11-26,VIX,1230,1140,1290,1170,1170.0,4040690,4727607300
2015-11-27,VIX,1170,1100,1290,1100,1100.0,1896169,2085785900
2015-11-30,VIX,1100,1070,1220,1070,1070.0,1668170,1784941900
2015-12-01,VIX,1080,1030,1170,1040,1040.0,1118130,1162855200
2015-12-02,VIX,1080,1040,1180,1070,1070.0,1104780,1182114600
2015-12-03,VIX,1100,1040,1170,1080,1080.0,1397551,1509355080
2015-12-04,VIX,1080,1040,1200,1070,1070.0,571535,611542450
2015-12-07,VIX,1070,1030,1180,1070,1070.0,615945,659061150
2015-12-08,VIX,1070,1030,1170,1070,1070.0,628495,672489650
2015-12-09,VIX,1090,1040,1180,1040,1040.0,1439190,1496757600
2015-12-10,VIX,1040,1010,1170,1010,1010.0,948910,958399100
2015-12-11,VIX,1040,1010,1130,1020,1020.0,1472250,1501695000
2015-12-14,VIX,1030,1010,1130,1010,1010.0,712960,720089600
2015-12-15,VIX,1040,1010,1150,1040,1040.0,442580,460283200
2015-12-16,VIX,1080,1030,1170,1030,1030.0,1041551,1072797530
2015-12-17,VIX,1070,1020,1170,1030,1030.0,848300,873749000
2015-12-18,VIX,1040,1020,1130,1020,1020.0,775010,790510200
2015-12-21,VIX,1020,980,1130,1010,1010.0,669830,676528300
2015-12-22,VIX,1030,980,1120,1010,1010.0,587100,592971000
2015-12-23,VIX,1100,970,1230,980,980.0,414920,406621600
2015-12-24,VIX,1020,980,1120,980,980.0,411350,403123000
2015-12-25,VIX,1010,960,1100,960,960.0,508900,488544000
2015-12-28,VIX,980,940,1090,940,940.0,966080,908115200
2015-12-29,VIX,970,920,1060,960,960.0,1094340,1050566400
2015-12-30,VIX,1030,960,1150,970,970.0,578290,560941300
2015-12-31,VIX,1070,960,1180,960,960.0,353090,338966400
2016-01-04,VIX,970,940,1090,940,940.0,657720,618256800
2016-01-05,VIX,940,920,1060,920,920.0,1011010,930129200
2016-01-06,VIX,940,920,1060,930,930.0,452760,421066800
2016-01-07,VIX,1020,880,1130,880,880.0,1190690,1047807200
2016-01-08,VIX,960,810,1080,830,830.0,1293410,1073530300
2016-01-11,VIX,850,810,920,830,830.0,512510,425383300
2016-01-12,VIX,910,810,920,910,910.0,1093070,994693700
2016-01-13,VIX,940,890,990,910,910.0,1445410,1315323100
2016-01-14,VIX,890,850,990,870,870.0,1013393,881651910
2016-01-15,VIX,880,830,940,830,830.0,768540,637888200
2016-01-18,VIX,810,760,920,780,780.0,2046120,1595973600
2016-01-19,VIX,800,780,870,800,800.0,880850,704680000
2016-01-20,VIX,870,780,900,810,810.0,1276300,1033803000
2016-01-21,VIX,850,800,900,810,810.0,1104030,894264300
2016-01-22,VIX,870,800,920,850,850.0,1325450,1126632500
2016-01-25,VIX,930,870,960,920,920.0,1314440,1209284800
2016-01-26,VIX,910,870,1010,870,870.0,1272220,1106831400
2016-01-27,VIX,920,880,970,910,910.0,897880,817070800
2016-01-28,VIX,910,880,1010,890,890.0,661880,589073200
2016-01-29,VIX,910,880,990,890,890.0,759380,675848200
2016-02-01,VIX,890,870,990,880,880.0,588030,517466400
2016-02-02,VIX,880,850,970,870,870.0,546400,475368000
2016-02-03,VIX,880,850,940,870,870.0,517700,450399000
2016-02-04,VIX,880,870,960,870,870.0,318290,276912300
2016-02-05,VIX,890,870,960,890,890.0,697150,620463500
2016-02-15,VIX,890,870,990,880,880.0,127500,112200000
2016-02-16,VIX,890,880,970,890,890.0,391910,348799900
2016-02-17,VIX,920,880,990,890,890.0,1049350,933921500
2016-02-18,VIX,920,890,990,910,910.0,797140,725397400
2016-02-19,VIX,910,890,1010,890,890.0,708310,630395900
2016-02-22,VIX,970,890,990,970,970.0,3111100,3017767000
2016-02-23,VIX,1030,940,1150,940,940.0,1113070,1046285800
2016-02-24,VIX,970,930,1040,960,960.0,1017390,976694400
2016-02-25,VIX,960,920,1080,920,920.0,968075,890629000
2016-02-26,VIX,940,920,1020,940,940.0,979210,920457400
2016-02-29,VIX,960,930,1040,930,930.0,1080240,1004623200
2016-03-01,VIX,940,930,1040,940,940.0,447220,420386800
2016-03-02,VIX,970,940,1060,970,970.0,1119620,1086031400
2016-03-03,VIX,970,940,1090,940,940.0,608381,571878140
2016-03-04,VIX,960,930,1060,940,940.0,778700,731978000
2016-03-07,VIX,960,930,1060,940,940.0,742220,697686800
2016-03-08,VIX,970,940,1060,970,970.0,1424100,1381377000
2016-03-09,VIX,980,940,1100,960,960.0,456451,438192960
2016-03-10,VIX,980,940,1080,970,970.0,1220080,1183477600
2016-03-11,VIX,1030,970,970,1010,1010.0,2724544,2751789440
2016-03-14,VIX,1030,1010,1000,1020,1020.0,891870,909707400
2016-03-15,VIX,1030,980,1020,980,980.0,1203692,1179618160
2016-03-16,VIX,1010,970,970,1010,1010.0,1087620,1098496200
2016-03-17,VIX,1030,980,1000,980,980.0,871869,854431620
2016-03-18,VIX,1040,980,970,1020,1020.0,2868670,2926043400
2016-03-21,VIX,1100,1020,1010,1080,1080.0,4157432,4490026560
2016-03-22,VIX,1130,1070,1080,1130,1130.0,3121480,3527272400
2016-03-23,VIX,1160,1130,1130,1140,1140.0,2037430,2322670200
2016-03-24,VIX,1170,1130,1130,1130,1130.0,2776680,3137648400
2016-03-25,VIX,1130,1080,1100,1090,1090.0,2075900,2262731000
2016-03-28,VIX,1090,1080,1080,1090,1090.0,1304430,1421828700
2016-03-29,VIX,1090,1030,1080,1040,1040.0,823920,856876800
2016-03-30,VIX,1100,1030,1020,1100,1100.0,1569109,1726019900
2016-03-31,VIX,1100,1040,1080,1070,1070.0,957680,1024717600
2016-04-01,VIX,1120,1030,1040,1120,1120.0,2521730,2824337600
2016-04-04,VIX,1130,1090,1100,1090,1090.0,852010,928690900
2016-04-05,VIX,1120,1080,1080,1100,1100.0,1203940,1324334000
2016-04-06,VIX,1120,1090,1090,1100,1100.0,557600,613360000
2016-04-07,VIX,1120,1090,1090,1090,1090.0,810305,883232450
2016-04-08,VIX,1180,1080,1080,1180,1180.0,3001597,3541884460
2016-04-11,VIX,1290,1200,1190,1250,1250.0,3951661,4939576250
2016-04-12,VIX,1290,1230,1230,1260,1260.0,2166251,2729476260
2016-04-13,VIX,1260,1230,1260,1260,1260.0,1652220,2081797200
2016-04-14,VIX,1330,1250,1260,1290,1290.0,1919604,2476289160
2016-04-15,VIX,1310,1260,1290,1260,1260.0,1081234,1362354840
2016-04-19,VIX,1260,1180,1260,1200,1200.0,1398720,1678464000
2016-04-20,VIX,1220,1160,1180,1200,1200.0,1377010,1652412000
2016-04-21,VIX,1230,1180,1210,1200,1200.0,503940,604728000
2016-04-22,VIX,1260,1200,1190,1250,1250.0,1011230,1264037500
2016-04-25,VIX,1340,1250,1260,1260,1260.0,642550,809613000
2016-04-26,VIX,1260,1220,1260,1250,1250.0,875781,1094726250
2016-04-27,VIX,1260,1200,1260,1220,1220.0,625994,763712680
2016-04-28,VIX,1220,1130,1210,1130,1130.0,1158377,1308966010
2016-04-29,VIX,1140,1100,1130,1100,1100.0,1200480,1320528000
2016-05-04,VIX,1100,1080,1090,1090,1090.0,949800,1035282000
2016-05-05,VIX,1120,1090,1080,1100,1100.0,557510,613261000
2016-05-06,VIX,1130,1090,1090,1100,1100.0,586100,644710000
2016-05-09,VIX,1120,1040,1090,1040,1040.0,1223169,1272095760
2016-05-10,VIX,1070,1020,1020,1040,1040.0,849710,883698400
2016-05-11,VIX,1090,1030,1020,1090,1090.0,503170,548455300
2016-05-12,VIX,1100,1070,1080,1080,1080.0,454614,490983120
2016-05-13,VIX,1090,1040,1080,1070,1070.0,414200,443194000
2016-05-16,VIX,1090,1040,1060,1040,1040.0,772150,803036000
2016-05-17,VIX,1080,1040,1040,1080,1080.0,754390,814741200
2016-05-18,VIX,1090,1040,1080,1080,1080.0,450820,486885600
2016-05-19,VIX,1080,1040,1080,1070,1070.0,190370,203695900
2016-05-20,VIX,1080,1070,1060,1070,1070.0,382021,408762470
2016-05-23,VIX,1080,1030,1060,1040,1040.0,500365,520379600
2016-05-24,VIX,1070,1030,1040,1070,1070.0,261900,280233000
2016-05-25,VIX,1100,1040,1060,1070,1070.0,1957220,2094225400
2016-05-26,VIX,1080,1030,1060,1070,1070.0,505600,540992000
2016-05-27,VIX,1100,1070,1080,1090,1090.0,3012200,3283298000
2016-05-30,VIX,1130,1080,1080,1130,1130.0,1675835,1893693550
2016-05-31,VIX,1140,1090,1130,1090,1090.0,1239010,1350520900
2016-06-01,VIX,1130,1090,1080,1100,1100.0,2272913,2500204300
2016-06-02,VIX,1120,1090,1090,1100,1100.0,728655,801520500
2016-06-03,VIX,1100,1090,1090,1090,1090.0,1490160,1624274400
2016-06-06,VIX,1100,1080,1080,1090,1090.0,638560,696030400
2016-06-07,VIX,1090,1080,1080,1080,1080.0,656840,709387200
2016-06-08,VIX,1100,1080,1080,1090,1090.0,1190470,1297612300
2016-06-09,VIX,1180,1100,1150,1120,1120.0,1623710,1818555200
2016-06-10,VIX,1130,1120,1120,1120,1120.0,754140,844636800
2016-06-13,VIX,1180,1100,1100,1150,1150.0,2180810,2507931500
2016-06-14,VIX,1220,1130,1150,1200,1200.0,2095360,2514432000
2016-06-15,VIX,1200,1150,1200,1170,1170.0,910170,1064898900
2016-06-16,VIX,1200,1150,1170,1180,1180.0,2366220,2792139600
2016-06-17,VIX,1200,1170,1180,1170,1170.0,1408615,1648079550
2016-06-20,VIX,1180,1130,1170,1130,1130.0,832510,940736300
2016-06-21,VIX,1170,1120,1130,1130,1130.0,1926980,2177487400
2016-06-22,VIX,1150,1100,1150,1100,1100.0,783619,861980900
2016-06-23,VIX,1120,1100,1100,1100,1100.0,656211,721832100
2016-06-24,VIX,1100,990,1100,1020,1020.0,4125880,4208397600
2016-06-27,VIX,1060,990,1020,1060,1060.0,1381090,1463955400
2016-06-28,VIX,1080,1040,1040,1060,1060.0,515081,545985860
2016-06-29,VIX,1120,1060,1060,1100,1100.0,1626360,1788996000
2016-06-30,VIX,1130,1090,1100,1090,1090.0,1158742,1263028780
2016-07-01,VIX,1100,1080,1090,1080,1080.0,907110,979678800
2016-07-04,VIX,1170,1080,1080,1170,1170.0,1554375,1818618750
2016-07-05,VIX,1260,1180,1200,1200,1200.0,4258437,5110124400
2016-07-06,VIX,1250,1180,1200,1230,1230.0,1869563,2299562490
2016-07-07,VIX,1260,1220,1250,1230,1230.0,1130720,1390785600
2016-07-08,VIX,1250,1170,1230,1220,1220.0,2035470,2483273400
2016-07-11,VIX,1250,1150,1230,1150,1150.0,2117751,2435413650
2016-07-12,VIX,1200,1150,1170,1180,1180.0,1034190,1220344200
2016-07-13,VIX,1220,1200,1200,1200,1200.0,1022210,1226652000
2016-07-14,VIX,1220,1150,1220,1150,1150.0,1470433,1690997950
2016-07-15,VIX,1180,1150,1150,1170,1170.0,1029570,1204596900
2016-07-18,VIX,1200,1170,1180,1180,1180.0,552435,651873300
2016-07-19,VIX,1230,1170,1180,1200,1200.0,1881403,2257683600
2016-07-20,VIX,1220,1170,1220,1180,1180.0,779119,919360420
2016-07-21,VIX,1180,1150,1180,1150,1150.0,702320,807668000
2016-07-22,VIX,1180,1130,1150,1180,1180.0,1495393,1764563740
2016-07-25,VIX,1200,1180,1180,1200,1200.0,708790,850548000
2016-07-26,VIX,1200,1170,1180,1180,1180.0,334550,394769000
2016-07-27,VIX,1200,1150,1180,1150,1150.0,684550,787232500
2016-07-28,VIX,1180,1130,1170,1150,1150.0,1096153,1260575950
2016-07-29,VIX,1170,1130,1150,1150,1150.0,503797,579366550
2016-08-01,VIX,1130,1100,1130,1100,1100.0,877472,965219200
2016-08-02,VIX,1090,1040,1090,1060,1060.0,1572595,1666950700
2016-08-03,VIX,1090,1060,1060,1090,1090.0,936923,1021246070
2016-08-04,VIX,1090,1080,1090,1080,1080.0,1017799,1099222920
2016-08-05,VIX,1060,1010,1060,1040,1040.0,585820,609252800
2016-08-08,VIX,1040,1020,1040,1020,1020.0,230385,234992700
2016-08-09,VIX,1060,1020,1020,1060,1060.0,180565,191398900
2016-08-10,VIX,1060,1020,1060,1060,1060.0,297970,315848200
2016-08-11,VIX,1090,1040,1060,1080,1080.0,547792,591615360
2016-08-12,VIX,1080,1020,1080,1040,1040.0,477752,496862080
2016-08-15,VIX,1060,1020,1020,1040,1040.0,254890,265085600
2016-08-16,VIX,1090,1040,1060,1060,1060.0,632161,670090660
2016-08-17,VIX,1060,1040,1060,1040,1040.0,239675,249262000
2016-08-18,VIX,1040,1020,1040,1040,1040.0,332467,345765680
2016-08-19,VIX,1040,1010,1040,1010,1010.0,465944,470603440
2016-08-22,VIX,1010,960,1010,960,960.0,746131,716285760
2016-08-23,VIX,970,960,960,960,960.0,399571,383588160
2016-08-24,VIX,990,960,960,960,960.0,353870,339715200
2016-08-25,VIX,970,940,960,960,960.0,266310,255657600
2016-08-26,VIX,1020,960,960,1010,1010.0,780423,788227230
2016-08-29,VIX,1020,960,1020,960,960.0,303607,291462720
2016-08-30,VIX,970,960,970,970,970.0,262563,254686110
2016-08-31,VIX,990,960,970,960,960.0,208105,199780800
2016-09-01,VIX,990,960,970,970,970.0,495411,480548670
2016-09-05,VIX,960,920,960,920,920.0,884982,814183440
2016-09-06,VIX,920,900,920,900,900.0,520414,468372600
2016-09-07,VIX,900,880,900,880,880.0,549735,483766800
2016-09-08,VIX,920,880,880,900,900.0,614985,553486500
2016-09-09,VIX,940,900,920,940,940.0,870755,818509700
2016-09-12,VIX,940,900,940,920,920.0,359402,330649840
2016-09-13,VIX,920,900,920,900,900.0,414005,372604500
2016-09-14,VIX,880,810,810,850,850.0,761435,647219750
2016-09-15,VIX,880,850,850,880,880.0,535005,470804400
2016-09-16,VIX,900,800,800,870,870.0,691954,601999980
2016-09-19,VIX,900,870,870,870,870.0,208770,181629900
2016-09-20,VIX,880,870,880,870,870.0,231359,201282330
2016-09-21,VIX,880,870,880,880,880.0,171500,150920000
2016-09-22,VIX,900,870,870,880,880.0,304000,267520000
2016-09-23,VIX,920,880,880,900,900.0,417742,375967800
2016-09-26,VIX,920,870,900,870,870.0,553655,481679850
2016-09-27,VIX,880,870,870,870,870.0,225973,196596510
2016-09-28,VIX,920,870,870,900,900.0,412983,371684700
2016-09-29,VIX,920,880,880,900,900.0,652330,587097000
2016-09-30,VIX,900,870,900,900,900.0,624300,561870000
2016-10-03,VIX,900,870,900,870,870.0,399054,347176980
2016-10-04,VIX,940,880,880,920,920.0,1469081,1351554520
2016-10-05,VIX,960,920,920,940,940.0,811922,763206680
2016-10-06,VIX,960,920,940,940,940.0,633607,595590580
2016-10-07,VIX,960,920,940,920,920.0,601762,553621040
2016-10-10,VIX,940,920,920,920,920.0,372273,342491160
2016-10-11,VIX,920,920,920,920,920.0,467800,430376000
2016-10-12,VIX,960,920,920,920,920.0,663032,609989440
2016-10-13,VIX,990,940,960,970,970.0,317587,308059390
2016-10-14,VIX,1010,960,970,960,960.0,261130,250684800
2016-10-17,VIX,990,940,960,970,970.0,332006,322045820
2016-10-18,VIX,970,960,970,970,970.0,376550,365253500
2016-10-19,VIX,990,960,960,990,990.0,517898,512719020
2016-10-20,VIX,990,970,970,990,990.0,522900,517671000
2016-10-21,VIX,990,970,970,970,970.0,454522,440886340
2016-10-24,VIX,990,970,970,970,970.0,766702,743700940
2016-10-25,VIX,990,960,960,970,970.0,456488,442793360
2016-10-26,VIX,970,960,960,960,960.0,488955,469396800
2016-10-27,VIX,960,920,960,920,920.0,298785,274882200
2016-10-28,VIX,960,920,920,940,940.0,341735,321230900
2016-10-31,VIX,940,920,940,920,920.0,201953,185796760
2016-11-01,VIX,960,940,940,960,960.0,146670,140803200
2016-11-02,VIX,940,920,940,940,940.0,131095,123229300
2016-11-03,VIX,960,920,920,940,940.0,334483,314414020
2016-11-04,VIX,940,920,940,940,940.0,242730,228166200
2016-11-07,VIX,960,920,940,960,960.0,172625,165720000
2016-11-08,VIX,960,920,960,960,960.0,303130,291004800
2016-11-09,VIX,940,900,940,920,920.0,208820,192114400
2016-11-10,VIX,940,920,920,940,940.0,341500,321010000
2016-11-11,VIX,960,920,940,960,960.0,135793,130361280
2016-11-14,VIX,940,920,940,940,940.0,117870,110797800
2016-11-15,VIX,940,940,940,940,940.0,91912,86397280
2016-11-16,VIX,960,940,940,940,940.0,100800,94752000
2016-11-17,VIX,940,940,940,940,940.0,88233,82939020
2016-11-18,VIX,940,920,940,940,940.0,235492,221362480
2016-11-21,VIX,960,940,940,960,960.0,93110,89385600
2016-11-22,VIX,940,920,940,920,920.0,223260,205399200
2016-11-23,VIX,940,920,920,940,940.0,44172,41521680
2016-11-24,VIX,940,920,920,940,940.0,108561,102047340
2016-11-25,VIX,920,920,920,920,920.0,66760,61419200
2016-11-28,VIX,920,870,920,880,880.0,162429,142937520
2016-11-29,VIX,900,880,880,900,900.0,33969,30572100
2016-11-30,VIX,900,870,900,870,870.0,75592,65765040
2016-12-01,VIX,880,870,870,870,870.0,142300,123801000
2016-12-02,VIX,870,850,870,870,870.0,175069,152310030
2016-12-05,VIX,900,830,900,900,900.0,77163,69446700
2016-12-06,VIX,900,850,870,880,880.0,121450,106876000
2016-12-07,VIX,850,830,850,850,850.0,304350,258697500
2016-12-08,VIX,870,830,850,850,850.0,253138,215167300
2016-12-09,VIX,850,810,850,830,830.0,132899,110306170
2016-12-12,VIX,830,810,810,810,810.0,56901,46089810
2016-12-13,VIX,830,760,780,830,830.0,538440,446905200
2016-12-14,VIX,850,770,830,850,850.0,353425,300411250
2016-12-15,VIX,880,810,830,880,880.0,346718,305111840
2016-12-16,VIX,880,870,870,870,870.0,282000,245340000
2016-12-19,VIX,920,810,870,920,920.0,371030,341347600
2016-12-20,VIX,920,880,920,880,880.0,84238,74129440
2016-12-21,VIX,900,870,900,900,900.0,60050,54045000
2016-12-22,VIX,900,870,880,870,870.0,27574,23989380
2016-12-23,VIX,870,870,870,870,870.0,6695,5824650
2016-12-26,VIX,880,850,850,850,850.0,13700,11645000
2016-12-27,VIX,870,830,850,850,850.0,73564,62529400
2016-12-28,VIX,870,830,830,850,850.0,33107,28140950
2016-12-29,VIX,900,830,870,870,870.0,56550,49198500
2016-12-30,VIX,870,830,830,870,870.0,55530,48311100
2017-01-03,VIX,870,780,810,870,870.0,207063,180144810
2017-01-04,VIX,880,850,850,870,870.0,51931,45179970
2017-01-05,VIX,870,830,850,870,870.0,37118,32292660
2017-01-06,VIX,870,830,850,830,830.0,97150,80634500
2017-01-09,VIX,850,810,810,830,830.0,123694,102666020
2017-01-10,VIX,850,810,830,810,810.0,39385,31901850
2017-01-11,VIX,900,830,830,880,880.0,155966,137250080
2017-01-12,VIX,870,850,870,870,870.0,82500,71775000
2017-01-13,VIX,880,830,880,830,830.0,55395,45977850
2017-01-16,VIX,850,830,830,830,830.0,77510,64333300
2017-01-17,VIX,850,830,830,850,850.0,175025,148771250
2017-01-18,VIX,920,850,850,920,920.0,1261971,1161013320
2017-01-19,VIX,960,900,920,920,920.0,322050,296286000
2017-01-20,VIX,920,900,920,920,920.0,155500,143060000
2017-01-23,VIX,920,870,900,920,920.0,177419,163225480
2017-01-24,VIX,940,920,920,940,940.0,152800,143632000
2017-01-25,VIX,1010,940,940,1010,1010.0,614881,621029810
2017-02-02,VIX,1010,970,1010,990,990.0,224340,222096600
2017-02-03,VIX,990,940,970,940,940.0,228950,215213000
2017-02-06,VIX,990,920,920,990,990.0,360229,356626710
2017-02-07,VIX,970,940,970,960,960.0,296027,284185920
2017-02-08,VIX,960,920,940,920,920.0,401508,369387360
2017-02-09,VIX,940,920,920,940,940.0,45820,43070800
2017-02-10,VIX,940,920,920,920,920.0,149000,137080000
2017-02-13,VIX,960,920,920,960,960.0,170200,163392000
2017-02-14,VIX,960,920,960,920,920.0,194325,178779000
2017-02-15,VIX,940,900,940,920,920.0,37550,34546000
2017-02-16,VIX,940,920,920,920,920.0,64151,59018920
2017-02-17,VIX,940,900,920,940,940.0,71575,67280500
2017-02-20,VIX,970,920,920,960,960.0,212391,203895360
2017-02-21,VIX,970,940,960,970,970.0,151409,146866730
2017-02-22,VIX,1010,940,960,990,990.0,733732,726394680
2017-02-23,VIX,1010,970,990,990,990.0,253600,251064000
2017-02-24,VIX,1010,940,970,940,940.0,333110,313123400
2017-02-27,VIX,970,940,940,970,970.0,313131,303737070
2017-02-28,VIX,990,940,970,960,960.0,435512,418091520
2017-03-01,VIX,960,920,940,940,940.0,305120,286812800
2017-03-02,VIX,960,920,940,940,940.0,167470,157421800
2017-03-03,VIX,940,920,920,940,940.0,50712,47669280
2017-03-06,VIX,940,920,920,920,920.0,95152,87539840
2017-03-07,VIX,940,920,920,920,920.0,54569,50203480
2017-03-08,VIX,940,920,920,920,920.0,68241,62781720
2017-03-09,VIX,940,920,920,920,920.0,128270,118008400
2017-03-10,VIX,920,920,920,920,920.0,62010,57049200
2017-03-13,VIX,940,920,920,940,940.0,144510,135839400
2017-03-14,VIX,940,920,940,920,920.0,140336,129109120
2017-03-15,VIX,960,920,940,920,920.0,49110,45181200
2017-03-16,VIX,970,920,920,960,960.0,276582,265518720
2017-03-17,VIX,1010,970,970,970,970.0,862168,836302960
2017-03-20,VIX,1060,990,990,1060,1060.0,1585570,1680704200
2017-03-21,VIX,1060,1020,1060,1040,1040.0,579820,603012800
2017-03-22,VIX,1040,1010,1020,1020,1020.0,538540,549310800
2017-03-23,VIX,1020,990,1020,1010,1010.0,472620,477346200
2017-03-24,VIX,1040,1010,1010,1020,1020.0,329100,335682000
2017-03-27,VIX,1060,1010,1020,1020,1020.0,637265,650010300
2017-03-28,VIX,1060,1010,1020,1040,1040.0,596436,620293440
2017-03-29,VIX,1060,1020,1040,1040,1040.0,368267,382997680
2017-03-30,VIX,1060,1010,1040,1040,1040.0,254381,264556240
2017-03-31,VIX,1020,990,1020,990,990.0,236639,234272610
2017-04-03,VIX,990,960,990,970,970.0,239294,232115180
2017-04-04,VIX,970,940,960,940,940.0,350186,329174840
2017-04-05,VIX,970,960,960,960,960.0,248001,238080960
2017-04-07,VIX,960,940,960,940,940.0,268400,252296000
2017-04-10,VIX,970,940,940,970,970.0,422139,409474830
2017-04-11,VIX,970,940,970,940,940.0,305027,286725380
2017-04-12,VIX,960,940,940,940,940.0,307200,288768000
2017-04-13,VIX,940,920,920,920,920.0,522410,480617200
2017-04-14,VIX,920,880,920,880,880.0,408428,359416640
2017-04-17,VIX,920,880,900,880,880.0,525399,462351120
2017-04-18,VIX,920,880,900,920,920.0,565289,520065880
2017-04-19,VIX,920,900,920,900,900.0,285000,256500000
2017-04-20,VIX,920,900,920,900,900.0,637245,573520500
2017-04-21,VIX,960,920,920,940,940.0,1114299,1047441060
2017-04-24,VIX,1010,920,940,970,970.0,1212109,1175745730
2017-04-25,VIX,1010,960,970,970,970.0,750921,728393370
2017-04-26,VIX,1010,960,970,990,990.0,1580445,1564640550
2017-04-27,VIX,1010,970,970,1010,1010.0,740571,747976710
2017-04-28,VIX,990,970,990,990,990.0,390641,386734590
2017-05-03,VIX,1080,940,970,1080,1080.0,1763517,1904598360
2017-05-04,VIX,1120,1040,1090,1080,1080.0,1691751,1827091080
2017-05-05,VIX,1100,1060,1080,1080,1080.0,927863,1002092040
2017-05-08,VIX,1100,1040,1080,1080,1080.0,985206,1064022480
2017-05-09,VIX,1120,1040,1080,1120,1120.0,2567515,2875616800
2017-05-10,VIX,1130,1080,1130,1090,1090.0,825823,900147070
2017-05-11,VIX,1130,1080,1080,1100,1100.0,2006912,2207603200
2017-05-12,VIX,1120,1080,1120,1100,1100.0,503480,553828000
2017-05-15,VIX,1120,990,990,1120,1120.0,898867,1006731040
2017-05-16,VIX,1180,1120,1120,1130,1130.0,2735354,3090950020
2017-05-17,VIX,1170,1100,1130,1150,1150.0,1421112,1634278800
2017-05-18,VIX,1170,1120,1150,1120,1120.0,795749,891238880
2017-05-19,VIX,1170,1090,1100,1100,1100.0,1926225,2118847500
2017-05-22,VIX,1130,1080,1130,1080,1080.0,928710,1003006800
2017-05-23,VIX,1100,1020,1080,1020,1020.0,618929,631307580
2017-05-24,VIX,1080,1010,1020,1040,1040.0,576400,599456000
2017-05-25,VIX,1100,1040,1040,1090,1090.0,641123,698824070
2017-05-26,VIX,1100,1060,1090,1060,1060.0,421380,446662800
2017-05-29,VIX,1080,1020,1080,1020,1020.0,608000,620160000
2017-05-30,VIX,1060,990,1020,990,990.0,603120,597088800
2017-05-31,VIX,1020,990,1010,990,990.0,615451,609296490
2017-06-01,VIX,1020,1010,1010,1010,1010.0,331010,334320100
2017-06-02,VIX,1090,990,1010,1080,1080.0,1148321,1240186680
2017-06-05,VIX,1100,1060,1080,1060,1060.0,407800,432268000
2017-06-06,VIX,1120,1060,1060,1100,1100.0,1117607,1229367700
2017-06-07,VIX,1130,1090,1100,1090,1090.0,1699658,1852627220
2017-06-08,VIX,1130,1090,1100,1120,1120.0,329504,369044480
2017-06-09,VIX,1130,1100,1120,1120,1120.0,529610,593163200
2017-06-12,VIX,1130,1090,1120,1120,1120.0,324943,363936160
2017-06-13,VIX,1180,1090,1100,1180,1180.0,635950,750421000
2017-06-14,VIX,1200,1160,1170,1170,1170.0,944705,1105304850
2017-06-15,VIX,1170,1120,1160,1160,1160.0,239720,278075200
2017-06-16,VIX,1160,1120,1120,1160,1160.0,227900,264364000
2017-06-19,VIX,1130,1120,1120,1120,1120.0,205220,229846400
2017-06-20,VIX,1200,1130,1130,1170,1170.0,1489922,1743208740
2017-06-21,VIX,1220,1160,1220,1180,1180.0,380089,448505020
2017-06-22,VIX,1170,1130,1170,1160,1160.0,527120,611459200
2017-06-23,VIX,1170,1100,1120,1170,1170.0,413210,483455700
2017-06-26,VIX,1170,1130,1170,1160,1160.0,129248,149927680
2017-06-27,VIX,1160,1120,1160,1130,1130.0,248955,281319150
2017-06-28,VIX,1160,1120,1130,1130,1130.0,391715,442637950
2017-06-29,VIX,1180,1120,1130,1180,1180.0,1288685,1520648300
2017-06-30,VIX,1220,1170,1180,1170,1170.0,1006527,1177636590
2017-07-03,VIX,1230,1160,1170,1230,1230.0,2346530,2886231900
2017-07-04,VIX,1260,1220,1230,1260,1260.0,461088,580970880
2017-07-05,VIX,1320,1260,1260,1320,1320.0,3107890,4102414800
2017-07-06,VIX,1340,1290,1320,1320,1320.0,1016004,1341125280
2017-07-07,VIX,1340,1260,1340,1260,1260.0,2255670,2842144200
2017-07-10,VIX,1260,1200,1260,1200,1200.0,1290235,1548282000
2017-07-11,VIX,1220,1170,1180,1200,1200.0,383134,459760800
2017-07-12,VIX,1230,1160,1200,1160,1160.0,740081,858493960
2017-07-13,VIX,1180,1160,1160,1170,1170.0,234600,274482000
2017-07-14,VIX,1180,1160,1180,1170,1170.0,255279,298676430
2017-07-17,VIX,1170,1120,1160,1120,1120.0,617068,691116160
2017-07-18,VIX,1130,1100,1120,1130,1130.0,386900,437197000
2017-07-19,VIX,1170,1120,1160,1120,1120.0,132150,148008000
2017-07-20,VIX,1130,1100,1120,1120,1120.0,226600,253792000
2017-07-21,VIX,1160,1120,1130,1120,1120.0,269457,301791840
2017-07-24,VIX,1120,1090,1100,1100,1100.0,140262,154288200
2017-07-25,VIX,1130,1100,1130,1130,1130.0,138900,156957000
2017-07-26,VIX,1180,1100,1130,1160,1160.0,803900,932524000
2017-07-27,VIX,1170,1160,1160,1160,1160.0,300976,349132160
2017-07-28,VIX,1180,1160,1160,1170,1170.0,195048,228206160
2017-07-31,VIX,1180,1160,1180,1170,1170.0,300660,351772200
2017-08-01,VIX,1200,1160,1160,1170,1170.0,617270,722205900
2017-08-02,VIX,1200,1160,1170,1180,1180.0,357961,422393980
2017-08-03,VIX,1290,1170,1180,1290,1290.0,1866091,2407257390
2017-08-04,VIX,1320,1260,1290,1320,1320.0,1572964,2076312480
2017-08-07,VIX,1390,1290,1340,1320,1320.0,1882049,2484304680
2017-08-08,VIX,1370,1290,1320,1290,1290.0,1854769,2392652010
2017-08-09,VIX,1290,1200,1290,1260,1260.0,522730,658639800
2017-08-10,VIX,1340,1220,1230,1290,1290.0,1250182,1612734780
2017-08-11,VIX,1290,1260,1290,1290,1290.0,323378,417157620
2017-08-14,VIX,1320,1260,1290,1290,1290.0,658208,849088320
2017-08-15,VIX,1290,1260,1290,1260,1260.0,131414,165581640
2017-08-16,VIX,1290,1220,1260,1290,1290.0,204035,263205150
2017-08-17,VIX,1290,1230,1290,1230,1230.0,170831,210122130
2017-08-18,VIX,1260,1220,1230,1260,1260.0,453832,571828320
2017-08-21,VIX,1290,1220,1230,1290,1290.0,623660,804521400
2017-08-22,VIX,1290,1220,1260,1260,1260.0,691385,871145100
2017-08-23,VIX,1230,1170,1230,1170,1170.0,579387,677882790
2017-08-24,VIX,1200,1170,1200,1170,1170.0,256505,300110850
2017-08-25,VIX,1260,1170,1200,1260,1260.0,1106719,1394465940
2017-08-28,VIX,1290,1230,1230,1290,1290.0,828200,1068378000
2017-08-29,VIX,1290,1230,1260,1230,1230.0,1016235,1249969050
2017-08-30,VIX,1260,1220,1220,1220,1220.0,431247,526121340
2017-08-31,VIX,1290,1200,1230,1290,1290.0,479465,618509850
2017-09-01,VIX,1260,1230,1260,1260,1260.0,210163,264805380
2017-09-05,VIX,1260,1220,1260,1230,1230.0,133100,163713000
2017-09-06,VIX,1230,1220,1220,1220,1220.0,291377,355479940
2017-09-07,VIX,1260,1220,1220,1260,1260.0,563190,709619400
2017-09-08,VIX,1260,1230,1260,1260,1260.0,131504,165695040
2017-09-11,VIX,1230,1200,1230,1200,1200.0,457152,548582400
2017-09-12,VIX,1220,1200,1200,1200,1200.0,43610,52332000
2017-09-13,VIX,1260,1200,1200,1260,1260.0,184713,232738380
2017-09-14,VIX,1230,1200,1230,1200,1200.0,712162,854594400
2017-09-15,VIX,1220,1200,1200,1200,1200.0,124000,148800000
2017-09-18,VIX,1230,1200,1220,1200,1200.0,89975,107970000
2017-09-19,VIX,1220,1200,1200,1200,1200.0,136047,163256400
2017-09-20,VIX,1200,1200,1200,1200,1200.0,254100,304920000
2017-09-21,VIX,1230,1200,1200,1200,1200.0,105277,126332400
2017-09-22,VIX,1220,1200,1220,1220,1220.0,227519,277573180
2017-09-25,VIX,1220,1200,1220,1220,1220.0,167968,204920960
2017-09-26,VIX,1220,1200,1220,1200,1200.0,86761,104113200
2017-09-27,VIX,1200,1180,1200,1200,1200.0,175518,210621600
2017-09-28,VIX,1220,1180,1200,1200,1200.0,65941,79129200
2017-09-29,VIX,1200,1180,1200,1180,1180.0,98658,116416440
2017-10-02,VIX,1180,1160,1180,1160,1160.0,83900,97324000
2017-10-03,VIX,1170,1120,1170,1120,1120.0,174780,195753600
2017-10-04,VIX,1160,1120,1130,1160,1160.0,133000,154280000
2017-10-05,VIX,1160,1160,1160,1160,1160.0,123301,143029160
2017-10-06,VIX,1170,1160,1160,1160,1160.0,72130,83670800
2017-10-09,VIX,1180,1170,1170,1180,1180.0,169210,199667800
2017-10-10,VIX,1180,1170,1170,1170,1170.0,182800,213876000
2017-10-11,VIX,1180,1160,1170,1160,1160.0,225628,261728480
2017-10-12,VIX,1160,1160,1160,1160,1160.0,64595,74930200
2017-10-13,VIX,1180,1160,1170,1180,1180.0,126207,148924260
2017-10-16,VIX,1200,1170,1170,1170,1170.0,170929,199986930
2017-10-17,VIX,1200,1160,1170,1200,1200.0,316879,380254800
2017-10-18,VIX,1220,1180,1200,1180,1180.0,360507,425398260
2017-10-19,VIX,1200,1180,1180,1180,1180.0,295400,348572000
2017-10-20,VIX,1220,1180,1200,1180,1180.0,267807,316012260
2017-10-23,VIX,1200,1180,1180,1200,1200.0,589252,707102400
2017-10-24,VIX,1260,1180,1200,1230,1230.0,672777,827515710
2017-10-25,VIX,1260,1220,1230,1260,1260.0,707998,892077480
2017-10-26,VIX,1260,1200,1230,1200,1200.0,320125,384150000
2017-10-27,VIX,1230,1180,1220,1220,1220.0,265200,323544000
2017-10-30,VIX,1230,1180,1200,1180,1180.0,337200,397896000
2017-10-31,VIX,1220,1170,1200,1200,1200.0,576907,692288400
2017-11-01,VIX,1220,1170,1180,1170,1170.0,276011,322932870
2017-11-02,VIX,1220,1170,1180,1180,1180.0,140842,166193560
2017-11-03,VIX,1180,1160,1170,1180,1180.0,269000,317420000
2017-11-06,VIX,1200,1160,1170,1200,1200.0,124800,149760000
2017-11-07,VIX,1200,1170,1170,1200,1200.0,73500,88200000
2017-11-08,VIX,1220,1180,1200,1180,1180.0,258000,304440000
2017-11-09,VIX,1200,1180,1180,1200,1200.0,216600,259920000
2017-11-10,VIX,1200,1180,1200,1200,1200.0,310210,372252000
2017-11-13,VIX,1230,1180,1180,1220,1220.0,836442,1020459240
2017-11-14,VIX,1260,1220,1220,1260,1260.0,709861,894424860
2017-11-15,VIX,1260,1230,1260,1260,1260.0,337045,424676700
2017-11-16,VIX,1290,1230,1260,1260,1260.0,605052,762365520
2017-11-17,VIX,1290,1260,1260,1260,1260.0,560206,705859560
2017-11-20,VIX,1290,1230,1260,1260,1260.0,532595,671069700
2017-11-21,VIX,1320,1260,1260,1320,1320.0,1774015,2341699800
2017-11-22,VIX,1390,1290,1320,1390,1390.0,1732005,2407486950
2017-11-23,VIX,1520,1390,1390,1520,1520.0,2259647,3434663440
2017-11-24,VIX,1610,1490,1520,1610,1610.0,1552087,2498860070
2017-11-27,VIX,1700,1560,1590,1700,1700.0,1739297,2956804900
2017-11-28,VIX,1730,1650,1710,1730,1730.0,1170309,2024634570
2017-11-29,VIX,1850,1600,1730,1820,1820.0,2388415,4346915300
2017-11-30,VIX,1930,1770,1810,1930,1930.0,2497745,4820647850
2017-12-01,VIX,2080,1930,1980,2070,2070.0,1990260,4119838200
2017-12-04,VIX,2110,1860,2070,1860,1860.0,1746088,3247723680
2017-12-05,VIX,1970,1700,1730,1750,1750.0,2700900,4726575000
2017-12-06,VIX,1850,1630,1630,1810,1810.0,397309,719129290
2017-12-07,VIX,1930,1770,1880,1930,1930.0,882705,1703620650
2017-12-08,VIX,2110,1910,1930,2080,2080.0,3143635,6538760800
2017-12-11,VIX,2130,1910,2029,2110,2110.0,1418727,2993513970
2017-12-12,VIX,2140,1910,2130,2110,2110.0,1499700,3164367000
2017-12-13,VIX,2100,1910,2100,1910,1910.0,734203,1402327730
2017-12-14,VIX,1910,1730,1750,1850,1850.0,1488360,2753466000
2017-12-15,VIX,1910,1730,1820,1860,1860.0,1160557,2158636020
2017-12-18,VIX,1860,1730,1810,1750,1750.0,805180,1409065000
2017-12-19,VIX,1750,1650,1730,1650,1650.0,578042,953769300
2017-12-20,VIX,1800,1650,1650,1710,1710.0,1495266,2556904860
2017-12-21,VIX,1770,1660,1710,1730,1730.0,557677,964781210
2017-12-22,VIX,1750,1660,1730,1710,1710.0,448837,767511270
2017-12-25,VIX,1710,1660,1680,1660,1660.0,254402,422307320
2017-12-26,VIX,1700,1630,1660,1700,1700.0,510163,867277100
2017-12-27,VIX,1730,1650,1700,1660,1660.0,418200,694212000
2017-12-28,VIX,1760,1630,1630,1760,1760.0,351830,619220800
2017-12-29,VIX,1770,1730,1760,1750,1750.0,417451,730539250
2018-01-02,VIX,1810,1710,1730,1810,1810.0,521304,943560240
2018-01-03,VIX,1850,1750,1810,1750,1750.0,179046,313330500
2018-01-04,VIX,1770,1730,1770,1730,1730.0,99955,172922150
2018-01-05,VIX,1850,1700,1750,1730,1730.0,719293,1244376890
2018-01-08,VIX,1760,1730,1760,1750,1750.0,151000,264250000
2018-01-09,VIX,1800,1710,1730,1710,1710.0,362286,619509060
2018-01-10,VIX,1750,1660,1710,1710,1710.0,603874,1032624540
2018-01-11,VIX,1700,1650,1680,1650,1650.0,333410,550126500
2018-01-12,VIX,1700,1630,1650,1630,1630.0,253147,412629610
2018-01-15,VIX,1650,1600,1650,1610,1610.0,289700,466417000
2018-01-16,VIX,1650,1590,1630,1650,1650.0,298650,492772500
2018-01-17,VIX,1650,1600,1630,1600,1600.0,176887,283019200
2018-01-18,VIX,1610,1550,1590,1600,1600.0,325768,521228800
2018-01-19,VIX,1650,1560,1600,1630,1630.0,256160,417540800
2018-01-22,VIX,1650,1590,1630,1610,1610.0,257523,414612030
2018-01-23,VIX,1630,1600,1630,1630,1630.0,184915,301411450
2018-01-24,VIX,1630,1560,1630,1560,1560.0,141100,220116000
2018-01-25,VIX,1590,1500,1560,1530,1530.0,318575,487419750
2018-01-26,VIX,1560,1390,1530,1530,1530.0,277990,425324700
2018-01-29,VIX,1600,1520,1530,1600,1600.0,190813,305300800
2018-01-30,VIX,1600,1530,1600,1530,1530.0,94949,145271970
2018-01-31,VIX,1550,1500,1550,1530,1530.0,82483,126198990
2018-02-01,VIX,1610,1460,1520,1550,1550.0,509330,789461500
2018-02-02,VIX,1660,1530,1550,1660,1660.0,318983,529511780
2018-02-05,VIX,1630,1500,1610,1530,1530.0,121222,185469660
2018-02-06,VIX,1430,1390,1430,1390,1390.0,318620,442881800
2018-02-07,VIX,1520,1430,1440,1430,1430.0,403214,576596020
2018-02-08,VIX,1500,1400,1430,1500,1500.0,151450,227175000
2018-02-09,VIX,1650,1370,1430,1650,1650.0,688600,1136190000
2018-02-12,VIX,1680,1530,1590,1650,1650.0,466700,770055000
2018-02-13,VIX,1630,1490,1630,1490,1490.0,396707,591093430
2018-02-21,VIX,1530,1430,1530,1500,1500.0,169100,253650000
2018-02-22,VIX,1520,1490,1520,1500,1500.0,123123,184684500
2018-02-23,VIX,1520,1460,1500,1500,1500.0,150000,225000000
2018-02-26,VIX,1500,1460,1500,1490,1490.0,42845,63839050
2018-02-27,VIX,1490,1440,1490,1490,1490.0,37140,55338600
2018-02-28,VIX,1490,1440,1460,1490,1490.0,18800,28012000
2018-03-01,VIX,1630,1430,1440,1610,1610.0,923729,1487203690
2018-03-02,VIX,1760,1600,1610,1760,1760.0,1167682,2055120320
2018-03-05,VIX,1880,1730,1760,1760,1760.0,1270492,2236065920
2018-03-06,VIX,1850,1680,1760,1850,1850.0,297606,550571100
2018-03-07,VIX,1850,1660,1810,1660,1660.0,915333,1519452780
2018-03-08,VIX,1810,1610,1650,1810,1810.0,618195,1118932950
2018-03-09,VIX,1850,1700,1810,1770,1770.0,619165,1095922050
2018-03-12,VIX,1760,1660,1680,1730,1730.0,407498,704971540
2018-03-13,VIX,1730,1680,1730,1680,1680.0,255868,429858240
2018-03-14,VIX,1730,1680,1710,1730,1730.0,399820,691688600
2018-03-15,VIX,1750,1650,1730,1650,1650.0,748938,1235747700
2018-03-16,VIX,1700,1650,1650,1700,1700.0,726382,1234849400
2018-03-19,VIX,1710,1650,1700,1680,1680.0,648900,1090152000
2018-03-20,VIX,1660,1600,1650,1600,1600.0,561999,899198400
2018-03-21,VIX,1650,1590,1650,1600,1600.0,297426,475881600
2018-03-22,VIX,1650,1590,1650,1600,1600.0,256512,410419200
2018-03-23,VIX,1600,1530,1600,1590,1590.0,413125,656868750
2018-03-26,VIX,1590,1520,1590,1530,1530.0,90284,138134520
2018-03-27,VIX,1560,1460,1550,1460,1460.0,330183,482067180
2018-03-28,VIX,1520,1430,1460,1520,1520.0,363820,553006400
2018-03-29,VIX,1500,1430,1500,1440,1440.0,459900,662256000
2018-03-30,VIX,1440,1390,1440,1390,1390.0,336723,468044970
2018-04-02,VIX,1430,1340,1390,1400,1400.0,210765,295071000
2018-04-03,VIX,1400,1290,1400,1290,1290.0,598780,772426200
2018-04-04,VIX,1430,1290,1320,1340,1340.0,338692,453847280
2018-04-05,VIX,1370,1290,1340,1320,1320.0,454800,600336000
2018-04-06,VIX,1340,1290,1340,1320,1320.0,544747,719066040
2018-04-09,VIX,1390,1290,1320,1340,1340.0,327570,438943800
2018-04-10,VIX,1370,1320,1340,1340,1340.0,192950,258553000
2018-04-11,VIX,1340,1320,1340,1320,1320.0,210100,277332000
2018-04-12,VIX,1320,1290,1320,1290,1290.0,112813,145528770
2018-04-13,VIX,1320,1260,1290,1290,1290.0,197410,254658900
2018-04-16,VIX,1290,1230,1290,1230,1230.0,425331,523157130
2018-04-17,VIX,1260,1200,1260,1230,1230.0,214200,263466000
2018-04-18,VIX,1260,1170,1260,1170,1170.0,401041,469217970
2018-04-19,VIX,1180,1120,1130,1130,1130.0,401709,453931170
2018-04-20,VIX,1230,1160,1160,1230,1230.0,283240,348385200
2018-04-23,VIX,1340,1230,1260,1230,1230.0,790800,972684000
2018-04-24,VIX,1230,1180,1230,1200,1200.0,445754,534904800
2018-04-26,VIX,1200,1130,1180,1130,1130.0,209613,236862690
2018-04-27,VIX,1180,1120,1130,1160,1160.0,161306,187114960
2018-05-02,VIX,1180,1130,1170,1170,1170.0,222200,259974000
2018-05-03,VIX,1180,1120,1170,1180,1180.0,103200,121776000
2018-05-04,VIX,1200,1160,1170,1160,1160.0,116000,134560000
2018-05-07,VIX,1180,1160,1160,1180,1180.0,97700,115286000
2018-05-08,VIX,1200,1170,1180,1180,1180.0,268200,316476000
2018-05-09,VIX,1290,1200,1200,1290,1290.0,439150,566503500
2018-05-10,VIX,1320,1220,1320,1220,1220.0,469678,573007160
2018-05-11,VIX,1260,1220,1220,1230,1230.0,159160,195766800
2018-05-14,VIX,1260,1220,1230,1260,1260.0,136550,172053000
2018-05-15,VIX,1340,1260,1290,1290,1290.0,426657,550387530
2018-05-16,VIX,1320,1260,1320,1290,1290.0,138844,179108760
2018-05-17,VIX,1290,1260,1260,1290,1290.0,132800,171312000
2018-05-18,VIX,1400,1260,1400,1260,1260.0,195650,246519000
2018-05-21,VIX,1290,1230,1260,1260,1260.0,206100,259686000
2018-05-22,VIX,1330,1220,1330,1260,1260.0,170298,214575480
2018-05-23,VIX,1260,1230,1230,1260,1260.0,93600,117936000
2018-05-24,VIX,1260,1230,1260,1230,1230.0,52285,64310550
2018-05-25,VIX,1260,1120,1220,1200,1200.0,132317,158780400
2018-05-28,VIX,1170,1080,1170,1090,1090.0,311041,339034690
2018-05-29,VIX,1170,1070,1070,1130,1130.0,205810,232565300
2018-05-30,VIX,1160,1120,1130,1120,1120.0,31486,35264320
2018-05-31,VIX,1170,1120,1120,1160,1160.0,84335,97828600
2018-06-01,VIX,1230,1170,1170,1230,1230.0,199170,244979100
2018-06-04,VIX,1260,1230,1260,1260,1260.0,116610,146928600
2018-06-05,VIX,1230,1220,1230,1230,1230.0,99835,122797050
2018-06-06,VIX,1230,1200,1200,1230,1230.0,166990,205397700
2018-06-07,VIX,1230,1200,1220,1200,1200.0,200600,240720000
2018-06-08,VIX,1230,1220,1220,1230,1230.0,142898,175764540
2018-06-11,VIX,1230,1200,1220,1220,1220.0,73730,89950600
2018-06-12,VIX,1260,1200,1220,1230,1230.0,276951,340649730
2018-06-13,VIX,1230,1220,1230,1220,1220.0,35025,42730500
2018-06-14,VIX,1220,1200,1220,1220,1220.0,65004,79304880
2018-06-15,VIX,1220,1200,1220,1220,1220.0,42620,51996400
2018-06-18,VIX,1220,1170,1220,1200,1200.0,102800,123360000
2018-06-19,VIX,1170,1120,1170,1130,1130.0,135955,153629150
2018-06-20,VIX,1200,1160,1160,1170,1170.0,77894,91135980
2018-06-21,VIX,1200,1160,1200,1170,1170.0,25100,29367000
2018-06-22,VIX,1200,1160,1160,1200,1200.0,19100,22920000
2018-06-25,VIX,1200,1170,1170,1200,1200.0,34800,41760000
2018-06-26,VIX,1170,1160,1170,1160,1160.0,69800,80968000
2018-06-27,VIX,1170,1170,1170,1170,1170.0,26850,31414500
2018-06-28,VIX,1170,1160,1160,1170,1170.0,92100,107757000
2018-06-29,VIX,1170,1160,1160,1160,1160.0,74800,86768000
2018-07-02,VIX,1160,1120,1130,1130,1130.0,43700,49381000
2018-07-03,VIX,1130,1080,1130,1080,1080.0,166800,180144000
2018-07-04,VIX,1160,1070,1080,1120,1120.0,208500,233520000
2018-07-05,VIX,1130,1090,1130,1120,1120.0,169649,190006880
2018-07-06,VIX,1120,1090,1120,1120,1120.0,116719,130725280
2018-07-09,VIX,1130,1090,1120,1120,1120.0,94200,105504000
2018-07-10,VIX,1120,1090,1120,1120,1120.0,31336,35096320
2018-07-11,VIX,1120,1080,1120,1120,1120.0,45700,51184000
2018-07-12,VIX,1090,1090,1090,1090,1090.0,25000,27250000
2018-07-13,VIX,1120,1080,1090,1120,1120.0,101988,114226560
2018-07-16,VIX,1120,1090,1120,1120,1120.0,29000,32480000
2018-07-17,VIX,1120,1080,1120,1120,1120.0,88740,99388800
2018-07-18,VIX,1130,1090,1120,1130,1130.0,132300,149499000
2018-07-19,VIX,1230,1130,1130,1230,1230.0,355500,437265000
2018-07-20,VIX,1310,1230,1230,1230,1230.0,109300,134439000
2018-07-23,VIX,1310,1230,1230,1310,1310.0,302420,396170200
2018-07-24,VIX,1330,1260,1260,1290,1290.0,190300,245487000
2018-07-25,VIX,1340,1260,1290,1330,1330.0,324300,431319000
2018-07-26,VIX,1340,1290,1340,1310,1310.0,165000,216150000
2018-07-27,VIX,1290,1260,1290,1260,1260.0,128660,162111600
2018-07-30,VIX,1310,1260,1290,1260,1260.0,68453,86250780
2018-07-31,VIX,1260,1220,1260,1260,1260.0,154435,194588100
2018-08-01,VIX,1330,1230,1260,1290,1290.0,177045,228388050
2018-08-02,VIX,1290,1230,1290,1260,1260.0,161113,203002380
2018-08-03,VIX,1260,1230,1260,1260,1260.0,87119,109769940
2018-08-06,VIX,1310,1220,1220,1310,1310.0,346625,454078750
2018-08-07,VIX,1310,1260,1310,1290,1290.0,41011,52904190
2018-08-08,VIX,1290,1260,1290,1260,1260.0,49499,62368740
2018-08-09,VIX,1290,1260,1260,1290,1290.0,78040,100671600
2018-08-10,VIX,1290,1260,1260,1260,1260.0,79400,100044000
2018-08-13,VIX,1260,1260,1260,1260,1260.0,65720,82807200
2018-08-14,VIX,1290,1260,1260,1290,1290.0,114320,147472800
2018-08-15,VIX,1290,1260,1290,1260,1260.0,127740,160952400
2018-08-16,VIX,1260,1220,1230,1230,1230.0,107660,132421800
2018-08-17,VIX,1260,1230,1230,1260,1260.0,49988,62984880
2018-08-20,VIX,1260,1260,1260,1260,1260.0,113195,142625700
2018-08-21,VIX,1260,1230,1260,1260,1260.0,73070,92068200
2018-08-22,VIX,1340,1260,1260,1310,1310.0,438600,574566000
2018-08-23,VIX,1430,1310,1310,1430,1430.0,1013025,1448625750
2018-08-24,VIX,1550,1430,1430,1500,1500.0,441915,662872500
2018-08-27,VIX,1520,1440,1520,1490,1490.0,283580,422534200
2018-08-28,VIX,1490,1430,1460,1430,1430.0,415540,594222200
2018-08-29,VIX,1440,1390,1430,1430,1430.0,308862,441672660
2018-08-30,VIX,1440,1430,1430,1430,1430.0,121981,174432830
2018-08-31,VIX,1460,1410,1430,1430,1430.0,157480,225196400
2018-09-04,VIX,1430,1390,1410,1410,1410.0,160440,226220400
2018-09-05,VIX,1410,1390,1410,1390,1390.0,212999,296068610
2018-09-06,VIX,1410,1390,1390,1410,1410.0,134085,189059850
2018-09-07,VIX,1430,1410,1410,1430,1430.0,144040,205977200
2018-09-10,VIX,1500,1440,1440,1500,1500.0,351657,527485500
2018-09-11,VIX,1550,1460,1550,1490,1490.0,129093,192348570
2018-09-12,VIX,1550,1490,1490,1520,1520.0,126584,192407680
2018-09-13,VIX,1550,1500,1520,1520,1520.0,209020,317710400
2018-09-14,VIX,1550,1520,1520,1550,1550.0,111267,172463850
2018-09-17,VIX,1590,1550,1550,1590,1590.0,248684,395407560
2018-09-18,VIX,1710,1550,1710,1590,1590.0,189711,301640490
2018-09-19,VIX,1610,1590,1590,1600,1600.0,57710,92336000
2018-09-20,VIX,1600,1550,1600,1550,1550.0,172652,267610600
2018-09-21,VIX,1590,1520,1550,1590,1590.0,198370,315408300
2018-09-24,VIX,1590,1550,1590,1550,1550.0,63692,98722600
2018-09-25,VIX,1550,1500,1550,1520,1520.0,265619,403740880
2018-09-26,VIX,1550,1500,1550,1550,1550.0,115970,179753500
2018-09-27,VIX,1590,1550,1550,1550,1550.0,143570,222533500
2018-09-28,VIX,1590,1550,1550,1590,1590.0,192107,305450130
2018-10-01,VIX,1610,1550,1590,1600,1600.0,174361,278977600
2018-10-02,VIX,1640,1590,1610,1600,1600.0,204700,327520000
2018-10-03,VIX,1610,1590,1600,1600,1600.0,146406,234249600
2018-10-04,VIX,1640,1590,1590,1640,1640.0,161067,264149880
2018-10-05,VIX,1700,1610,1610,1650,1650.0,252181,416098650
2018-10-08,VIX,1700,1640,1680,1680,1680.0,209076,351247680
2018-10-09,VIX,1700,1520,1520,1700,1700.0,174670,296939000
2018-10-10,VIX,1700,1680,1680,1700,1700.0,152043,258473100
2018-10-11,VIX,1650,1550,1650,1590,1590.0,625297,994222230
2018-10-12,VIX,1650,1590,1590,1640,1640.0,177096,290437440
2018-10-15,VIX,1640,1610,1640,1610,1610.0,141492,227802120
2018-10-16,VIX,1710,1600,1600,1700,1700.0,133097,226264900
2018-10-17,VIX,1760,1700,1700,1730,1730.0,110391,190976430
2018-10-18,VIX,1910,1700,1700,1910,1910.0,685030,1308407300
2018-10-19,VIX,2040,1900,1970,1930,1930.0,169827,327766110
2018-10-22,VIX,2020,1870,2000,1930,1930.0,191825,370222250
2018-10-23,VIX,1900,1770,1900,1870,1870.0,241580,451754600
2018-10-24,VIX,1850,1810,1810,1830,1830.0,164484,301005720
2018-10-25,VIX,1760,1650,1650,1730,1730.0,135774,234889020
2018-10-26,VIX,1790,1700,1790,1700,1700.0,61675,104847500
2018-10-29,VIX,1730,1640,1640,1680,1680.0,176528,296567040
2018-10-30,VIX,1710,1650,1650,1680,1680.0,157368,264378240
2018-10-31,VIX,1760,1710,1710,1730,1730.0,94600,163658000
2018-11-01,VIX,1790,1730,1730,1730,1730.0,51800,89614000
2018-11-02,VIX,1810,1730,1730,1810,1810.0,72210,130700100
2018-11-05,VIX,1830,1770,1770,1810,1810.0,131750,238467500
2018-11-06,VIX,1830,1810,1830,1810,1810.0,117546,212758260
2018-11-07,VIX,1830,1770,1810,1770,1770.0,181500,321255000
2018-11-08,VIX,1830,1790,1810,1830,1830.0,64410,117870300
2018-11-09,VIX,1830,1790,1810,1790,1790.0,32300,57817000
2018-11-12,VIX,1870,1770,1790,1870,1870.0,121680,227541600
2018-11-13,VIX,1870,1830,1870,1870,1870.0,92874,173674380
2018-11-14,VIX,1870,1850,1870,1850,1850.0,39620,73297000
2018-11-15,VIX,1850,1810,1830,1850,1850.0,49420,91427000
2018-11-16,VIX,1870,1810,1850,1830,1830.0,99220,181572600
2018-11-19,VIX,1870,1830,1870,1830,1830.0,21500,39345000
2018-11-20,VIX,1870,1830,1830,1870,1870.0,45400,84898000
2018-11-21,VIX,1870,1830,1850,1830,1830.0,37400,68442000
2018-11-22,VIX,1850,1830,1850,1850,1850.0,107920,199652000
2018-11-23,VIX,1870,1850,1850,1870,1870.0,43910,82111700
2018-11-26,VIX,1850,1830,1830,1850,1850.0,28200,52170000
2018-11-27,VIX,1850,1830,1850,1830,1830.0,41060,75139800
2018-11-28,VIX,1850,1810,1850,1830,1830.0,14088,25781040
2018-11-29,VIX,1850,1810,1830,1850,1850.0,16982,31416700
2018-11-30,VIX,1870,1810,1850,1830,1830.0,92070,168488100
2018-12-03,VIX,1850,1830,1830,1850,1850.0,34900,64565000
2018-12-04,VIX,1870,1850,1850,1850,1850.0,32474,60076900
2018-12-05,VIX,1850,1830,1830,1850,1850.0,115026,212798100
2018-12-06,VIX,1850,1830,1850,1850,1850.0,24305,44964250
2018-12-07,VIX,1900,1850,1850,1900,1900.0,105760,200944000
2018-12-10,VIX,2000,1870,1900,1970,1970.0,62608,123337760
2018-12-11,VIX,1980,1930,1980,1940,1940.0,9866,19140040
2018-12-12,VIX,1940,1900,1940,1930,1930.0,81000,156330000
2018-12-13,VIX,1910,1870,1900,1910,1910.0,43908,83864280
2018-12-14,VIX,1870,1850,1870,1870,1870.0,30800,57596000
2018-12-17,VIX,1870,1810,1850,1810,1810.0,41400,74934000
2018-12-18,VIX,1790,1730,1730,1730,1730.0,40200,69546000
2018-12-19,VIX,1770,1730,1730,1760,1760.0,25909,45599840
2018-12-20,VIX,1770,1760,1770,1760,1760.0,9200,16192000
2018-12-21,VIX,1760,1730,1760,1730,1730.0,15450,26728500
2018-12-24,VIX,1760,1730,1730,1760,1760.0,13100,23056000
2018-12-25,VIX,1730,1640,1730,1730,1730.0,24799,42902270
2018-12-26,VIX,1810,1730,1730,1760,1760.0,7900,13904000
2018-12-27,VIX,1810,1760,1810,1760,1760.0,1700,2992000
2018-12-28,VIX,1810,1730,1770,1790,1790.0,27800,49762000
2019-01-02,VIX,1770,1730,1730,1760,1760.0,2867,5045920
2019-01-03,VIX,1770,1650,1680,1760,1760.0,3370,5931200
2019-01-04,VIX,1760,1590,1650,1760,1760.0,11700,20592000
2019-01-07,VIX,1760,1760,1760,1760,1760.0,0,0
2019-01-08,VIX,1760,1760,1760,1760,1760.0,5,8800
2019-01-09,VIX,1730,1610,1710,1730,1730.0,28700,49651000
2019-01-10,VIX,1710,1710,1710,1710,1710.0,4900,8379000
2019-01-11,VIX,1710,1700,1710,1700,1700.0,4830,8211000
2019-01-14,VIX,1700,1640,1700,1640,1640.0,12185,19983400
2019-01-15,VIX,1760,1640,1760,1710,1710.0,3974,6795540
2019-01-16,VIX,1710,1640,1640,1710,1710.0,13857,23695470
2019-01-17,VIX,1710,1640,1650,1700,1700.0,17900,30430000
2019-01-18,VIX,1700,1650,1650,1700,1700.0,10700,18190000
2019-01-21,VIX,1710,1640,1650,1640,1640.0,26198,42964720
2019-01-22,VIX,1710,1650,1650,1710,1710.0,10750,18382500
2019-01-23,VIX,1710,1680,1710,1680,1680.0,900,1512000
2019-01-24,VIX,1700,1640,1650,1700,1700.0,29389,49961300
2019-01-25,VIX,1710,1650,1700,1700,1700.0,5300,9010000
2019-01-28,VIX,1710,1710,1710,1710,1710.0,600,1026000
2019-01-29,VIX,1710,1640,1640,1680,1680.0,11800,19824000
2019-01-30,VIX,1650,1640,1640,1650,1650.0,8999,14848350
2019-01-31,VIX,1650,1640,1650,1640,1640.0,14500,23780000
2019-02-01,VIX,1640,1640,1640,1640,1640.0,1600,2624000
2019-02-11,VIX,1680,1640,1640,1680,1680.0,11248,18896640
2019-02-12,VIX,1680,1640,1640,1680,1680.0,16511,27738480
2019-02-13,VIX,1760,1650,1650,1710,1710.0,31972,54672120
2019-02-14,VIX,1710,1650,1710,1650,1650.0,14400,23760000
2019-02-15,VIX,1680,1640,1650,1680,1680.0,12380,20798400
2019-02-18,VIX,1700,1650,1680,1700,1700.0,22303,37915100
2019-02-19,VIX,1710,1680,1710,1700,1700.0,15700,26690000
2019-02-20,VIX,1700,1650,1680,1680,1680.0,93000,156240000
2019-02-21,VIX,1680,1680,1680,1680,1680.0,35500,59640000
2019-02-22,VIX,1700,1640,1650,1680,1680.0,43264,72683520
2019-02-25,VIX,1700,1650,1700,1680,1680.0,74790,125647200
2019-02-26,VIX,1700,1650,1680,1700,1700.0,13679,23254300
2019-02-27,VIX,1700,1680,1700,1680,1680.0,22420,37665600
2019-02-28,VIX,1680,1650,1680,1680,1680.0,35600,59808000
2019-03-01,VIX,1700,1650,1680,1700,1700.0,27918,47460600
2019-03-04,VIX,1700,1650,1700,1680,1680.0,55263,92841840
2019-03-05,VIX,1730,1650,1680,1680,1680.0,37750,63420000
2019-03-06,VIX,1760,1680,1680,1730,1730.0,62000,107260000
2019-03-07,VIX,1770,1710,1710,1770,1770.0,34256,60633120
2019-03-08,VIX,1760,1710,1760,1760,1760.0,12450,21912000
2019-03-11,VIX,1730,1680,1730,1700,1700.0,26001,44201700
2019-03-12,VIX,1710,1680,1680,1680,1680.0,73391,123296880
2019-03-13,VIX,1730,1680,1680,1700,1700.0,26770,45509000
2019-03-14,VIX,1730,1700,1730,1730,1730.0,12508,21638840
2019-03-15,VIX,1770,1710,1710,1730,1730.0,16600,28718000
2019-03-18,VIX,1770,1710,1770,1760,1760.0,9491,16704160
2019-03-19,VIX,1770,1650,1770,1760,1760.0,36658,64518080
2019-03-20,VIX,1730,1710,1710,1730,1730.0,7000,12110000
2019-03-21,VIX,1730,1710,1730,1730,1730.0,36835,63724550
2019-03-22,VIX,1730,1710,1710,1710,1710.0,20100,34371000
2019-03-25,VIX,1710,1640,1650,1700,1700.0,50900,86530000
2019-03-26,VIX,1700,1680,1700,1680,1680.0,17616,29594880
2019-03-27,VIX,1700,1680,1700,1680,1680.0,13136,22068480
2019-03-28,VIX,1680,1650,1680,1680,1680.0,41500,69720000
2019-03-29,VIX,1760,1680,1680,1760,1760.0,43523,76600480
2019-04-01,VIX,1760,1730,1760,1730,1730.0,3121,5399330
2019-04-02,VIX,1730,1700,1730,1710,1710.0,3900,6669000
2019-04-03,VIX,1700,1680,1700,1700,1700.0,10460,17782000
2019-04-04,VIX,1700,1650,1700,1650,1650.0,12608,20803200
2019-04-05,VIX,1710,1700,1700,1710,1710.0,10389,17765190
2019-04-08,VIX,1770,1710,1730,1710,1710.0,15733,26903430
2019-04-09,VIX,1770,1710,1760,1710,1710.0,34900,59679000
2019-04-10,VIX,1760,1710,1710,1760,1760.0,41181,72478560
2019-04-11,VIX,1850,1710,1850,1730,1730.0,12480,21590400
2019-04-12,VIX,1730,1700,1730,1700,1700.0,1410,2397000
2019-04-16,VIX,1710,1680,1710,1680,1680.0,200,336000
2019-04-17,VIX,1730,1640,1730,1700,1700.0,5300,9010000
2019-04-18,VIX,1700,1610,1700,1680,1680.0,7600,12768000
2019-04-19,VIX,1680,1600,1680,1610,1610.0,11257,18123770
2019-04-22,VIX,1680,1640,1640,1680,1680.0,48600,81648000
2019-04-23,VIX,1640,1640,1640,1640,1640.0,15010,24616400
2019-04-24,VIX,1640,1610,1640,1610,1610.0,28700,46207000
2019-04-25,VIX,1640,1610,1640,1610,1610.0,6330,10191300
2019-04-26,VIX,1640,1640,1640,1640,1640.0,100,164000
2019-05-02,VIX,1640,1640,1640,1640,1640.0,0,0
2019-05-03,VIX,1650,1600,1640,1640,1640.0,1401,2297640
2019-05-06,VIX,1610,1550,1590,1600,1600.0,5400,8640000
2019-05-07,VIX,1600,1600,1600,1600,1600.0,24200,38720000
2019-05-08,VIX,1600,1550,1550,1600,1600.0,14400,23040000
2019-05-09,VIX,1600,1590,1590,1600,1600.0,588,940800
2019-05-10,VIX,1610,1610,1610,1610,1610.0,806,1297660
2019-05-13,VIX,1640,1610,1640,1610,1610.0,6568,10574480
2019-05-14,VIX,1610,1610,1610,1610,1610.0,127,204470
2019-05-15,VIX,1610,1590,1610,1600,1600.0,1500,2400000
2019-05-16,VIX,1610,1600,1600,1610,1610.0,23550,37915500
2019-05-17,VIX,1650,1610,1640,1640,1640.0,8608,14117120
2019-05-20,VIX,1650,1640,1640,1650,1650.0,18300,30195000
2019-05-21,VIX,1650,1640,1650,1640,1640.0,20800,34112000
2019-05-22,VIX,1640,1640,1640,1640,1640.0,1611,2642040
2019-05-23,VIX,1730,1650,1730,1680,1680.0,2402,4035360
2019-05-24,VIX,1650,1650,1650,1650,1650.0,3039,5014350
2019-05-27,VIX,1650,1600,1600,1650,1650.0,1129,1862850
2019-05-28,VIX,1640,1570,1610,1640,1640.0,2815,4616600
2019-05-29,VIX,1680,1650,1650,1680,1680.0,9700,16296000
2019-05-30,VIX,1650,1640,1640,1650,1650.0,1300,2145000
2019-05-31,VIX,1640,1600,1600,1640,1640.0,3500,5740000
2019-06-03,VIX,1650,1610,1610,1650,1650.0,20000,33000000
2019-06-04,VIX,1650,1650,1650,1650,1650.0,20056,33092400
2019-06-05,VIX,1680,1650,1650,1680,1680.0,5010,8416800
2019-06-06,VIX,1680,1570,1570,1640,1640.0,1600,2624000
2019-06-07,VIX,1680,1640,1650,1680,1680.0,17200,28896000
2019-06-10,VIX,1680,1680,1680,1680,1680.0,0,0
2019-06-11,VIX,1650,1650,1650,1650,1650.0,2700,4455000
2019-06-12,VIX,1550,1550,1550,1550,1550.0,3000,4650000
2019-06-13,VIX,1650,1600,1650,1610,1610.0,565,909650
2019-06-14,VIX,1610,1610,1610,1610,1610.0,200,322000
2019-06-17,VIX,1600,1570,1570,1570,1570.0,21701,34070570
2019-06-18,VIX,1570,1530,1570,1530,1530.0,3120,4773600
2019-06-19,VIX,1600,1530,1570,1550,1550.0,10905,16902750
2019-06-20,VIX,1570,1510,1510,1570,1570.0,7280,11429600
2019-06-21,VIX,1570,1550,1570,1570,1570.0,1800,2826000
2019-06-24,VIX,1570,1570,1570,1570,1570.0,100,157000
2019-06-25,VIX,1600,1550,1570,1570,1570.0,1645,2582650
2019-06-26,VIX,1550,1510,1550,1550,1550.0,11504,17831200
2019-06-27,VIX,1550,1450,1550,1550,1550.0,37150,57582500
2019-06-28,VIX,1550,1550,1550,1550,1550.0,227,351850
2019-07-01,VIX,1550,1530,1530,1550,1550.0,400,620000
2019-07-02,VIX,1550,1510,1530,1550,1550.0,18800,29140000
2019-07-03,VIX,1640,1640,1640,1640,1640.0,116,190240
2019-07-04,VIX,1600,1510,1600,1530,1530.0,14000,21420000
2019-07-05,VIX,1550,1510,1530,1550,1550.0,4600,7130000
2019-07-08,VIX,1530,1480,1510,1530,1530.0,4387,6712110
2019-07-09,VIX,1530,1450,1450,1530,1530.0,4200,6426000
2019-07-10,VIX,1550,1430,1530,1550,1550.0,7690,11919500
2019-07-11,VIX,1510,1510,1510,1510,1510.0,1569,2369190
2019-07-12,VIX,1510,1430,1450,1510,1510.0,14817,22373670
2019-07-15,VIX,1510,1430,1450,1510,1510.0,87300,131823000
2019-07-16,VIX,1530,1480,1480,1530,1530.0,6100,9333000
2019-07-17,VIX,1530,1480,1480,1530,1530.0,4960,7588800
2019-07-18,VIX,1550,1450,1450,1550,1550.0,12000,18600000
2019-07-19,VIX,1550,1390,1550,1550,1550.0,34872,54051600
2019-07-22,VIX,1510,1450,1480,1510,1510.0,2117,3196670
2019-07-23,VIX,1510,1510,1510,1510,1510.0,50,75500
2019-07-24,VIX,1510,1430,1430,1510,1510.0,12203,18426530
2019-07-25,VIX,1530,1430,1480,1510,1510.0,5638,8513380
2019-07-26,VIX,1510,1510,1510,1510,1510.0,41,61910
2019-07-29,VIX,1480,1450,1450,1480,1480.0,2590,3833200
2019-07-30,VIX,1510,1430,1480,1480,1480.0,3172,4694560
2019-07-31,VIX,1450,1370,1430,1450,1450.0,45520,66004000
2019-08-01,VIX,1480,1430,1430,1480,1480.0,26995,39952600
2019-08-02,VIX,1480,1430,1430,1480,1480.0,23650,35002000
2019-08-05,VIX,1480,1430,1430,1480,1480.0,15732,23283360
2019-08-06,VIX,1480,1370,1390,1450,1450.0,39009,56563050
2019-08-07,VIX,1480,1370,1430,1480,1480.0,24995,36992600
2019-08-08,VIX,1480,1430,1450,1480,1480.0,6800,10064000
2019-08-09,VIX,1480,1390,1430,1390,1390.0,16220,22545800
2019-08-12,VIX,1450,1390,1390,1450,1450.0,6823,9893350
2019-08-13,VIX,1450,1430,1450,1450,1450.0,10200,14790000
2019-08-14,VIX,1450,1390,1450,1430,1430.0,413,590590
2019-08-15,VIX,1450,1340,1390,1340,1340.0,24111,32308740
2019-08-16,VIX,1430,1340,1430,1390,1390.0,4461,6200790
2019-08-19,VIX,1480,1390,1390,1480,1480.0,42200,62456000
2019-08-20,VIX,1430,1390,1430,1390,1390.0,3045,4232550
2019-08-21,VIX,1430,1370,1430,1370,1370.0,1227,1680990
2019-08-22,VIX,1430,1330,1330,1430,1430.0,16636,23789480
2019-08-23,VIX,1430,1370,1370,1430,1430.0,2500,3575000
2019-08-26,VIX,1390,1330,1390,1370,1370.0,22062,30224940
2019-08-27,VIX,1370,1370,1370,1370,1370.0,100,137000
2019-08-28,VIX,1430,1370,1370,1370,1370.0,1838,2518060
2019-08-29,VIX,1370,1330,1370,1330,1330.0,447,594510
2019-08-30,VIX,1390,1330,1390,1370,1370.0,5060,6932200
2019-09-03,VIX,1390,1330,1330,1340,1340.0,800,1072000
2019-09-04,VIX,1390,1330,1390,1330,1330.0,2000,2660000
2019-09-05,VIX,1330,1330,1330,1330,1330.0,5000,6650000
2019-09-06,VIX,1370,1240,1300,1370,1370.0,37500,51375000
2019-09-09,VIX,1370,1330,1330,1370,1370.0,31440,43072800
2019-09-10,VIX,1370,1330,1330,1370,1370.0,5783,7922710
2019-09-11,VIX,1370,1330,1330,1370,1370.0,15603,21376110
2019-09-12,VIX,1370,1330,1330,1370,1370.0,11300,15481000
2019-09-13,VIX,1370,1330,1330,1370,1370.0,103000,141110000
2019-09-16,VIX,1370,1340,1340,1370,1370.0,22267,30505790
2019-09-17,VIX,1370,1330,1340,1370,1370.0,44072,60378640
2019-09-18,VIX,1370,1330,1330,1330,1330.0,6712,8926960
2019-09-19,VIX,1370,1330,1340,1330,1330.0,1300,1729000
2019-09-20,VIX,1450,1330,1340,1450,1450.0,41105,59602250
2019-09-23,VIX,1430,1340,1430,1340,1340.0,30100,40334000
2019-09-24,VIX,1340,1330,1330,1340,1340.0,42300,56682000
2019-09-25,VIX,1340,1330,1330,1340,1340.0,16740,22431600
2019-09-26,VIX,1370,1330,1330,1340,1340.0,49187,65910580
2019-09-27,VIX,1370,1340,1340,1340,1340.0,62094,83205960
2019-09-30,VIX,1340,1330,1340,1340,1340.0,21879,29317860
2019-10-01,VIX,1330,1330,1330,1330,1330.0,21414,28480620
2019-10-02,VIX,1340,1330,1330,1340,1340.0,7546,10111640
2019-10-03,VIX,1340,1330,1330,1340,1340.0,8983,12037220
2019-10-04,VIX,1330,1300,1330,1330,1330.0,10328,13736240
2019-10-07,VIX,1330,1240,1330,1260,1260.0,11200,14112000
2019-10-08,VIX,1340,1260,1290,1340,1340.0,27450,36783000
2019-10-09,VIX,1340,1330,1330,1340,1340.0,7400,9916000
2019-10-10,VIX,1330,1300,1300,1330,1330.0,11680,15534400
2019-10-11,VIX,1330,1300,1330,1330,1330.0,9504,12640320
2019-10-14,VIX,1330,1300,1330,1300,1300.0,4900,6370000
2019-10-15,VIX,1330,1300,1300,1330,1330.0,7054,9381820
2019-10-16,VIX,1340,1300,1300,1340,1340.0,5000,6700000
2019-10-17,VIX,1340,1300,1330,1340,1340.0,5600,7504000
2019-10-18,VIX,1330,1290,1330,1330,1330.0,17400,23142000
2019-10-21,VIX,1330,1300,1300,1330,1330.0,9991,13288030
2019-10-22,VIX,1300,1290,1300,1300,1300.0,8600,11180000
2019-10-23,VIX,1300,1290,1300,1300,1300.0,30450,39585000
2019-10-24,VIX,1300,1260,1300,1300,1300.0,39500,51350000
2019-10-25,VIX,1300,1260,1260,1300,1300.0,6500,8450000
2019-10-28,VIX,1290,1260,1290,1290,1290.0,7000,9030000
2019-10-29,VIX,1260,1240,1260,1260,1260.0,62600,78876000
2019-10-30,VIX,1260,1220,1240,1260,1260.0,17444,21979440
2019-10-31,VIX,1260,1220,1220,1260,1260.0,3110,3918600
2019-11-01,VIX,1260,1260,1260,1260,1260.0,2430,3061800
2019-11-04,VIX,1260,1150,1150,1260,1260.0,7182,9049320
2019-11-05,VIX,1260,1240,1240,1260,1260.0,12310,15510600
2019-11-06,VIX,1260,1220,1240,1260,1260.0,13173,16597980
2019-11-07,VIX,1300,1240,1260,1300,1300.0,327221,425387300
2019-11-08,VIX,1330,1260,1300,1330,1330.0,48700,64771000
2019-11-11,VIX,1300,1260,1260,1300,1300.0,2420,3146000
2019-11-12,VIX,1300,1260,1260,1300,1300.0,13000,16900000
2019-11-13,VIX,1300,1260,1290,1300,1300.0,29502,38352600
2019-11-14,VIX,1300,1260,1260,1300,1300.0,21000,27300000
2019-11-15,VIX,1300,1260,1260,1300,1300.0,14593,18970900
2019-11-18,VIX,1300,1260,1260,1300,1300.0,23500,30550000
2019-11-19,VIX,1300,1260,1260,1300,1300.0,24600,31980000
2019-11-20,VIX,1300,1260,1260,1300,1300.0,40900,53170000
2019-11-21,VIX,1300,1260,1260,1300,1300.0,12100,15730000
2019-11-22,VIX,1300,1260,1260,1300,1300.0,14007,18209100
2019-11-25,VIX,1300,1260,1260,1300,1300.0,30000,39000000
2019-11-26,VIX,1300,1290,1290,1300,1300.0,1700,2210000
2019-11-27,VIX,1290,1290,1290,1290,1290.0,13248,17089920
2019-11-28,VIX,1290,1290,1290,1290,1290.0,500,645000
2019-11-29,VIX,1290,1290,1290,1290,1290.0,9508,12265320
2019-12-02,VIX,1290,1260,1260,1290,1290.0,7100,9159000
2019-12-03,VIX,1290,1260,1260,1290,1290.0,9100,11739000
2019-12-04,VIX,1330,1260,1260,1330,1330.0,14000,18620000
2019-12-05,VIX,1300,1260,1290,1300,1300.0,41200,53560000
2019-12-06,VIX,1300,1290,1290,1300,1300.0,5600,7280000
2019-12-09,VIX,1290,1290,1290,1290,1290.0,3200,4128000
2019-12-10,VIX,1300,1260,1300,1290,1290.0,21200,27348000
2019-12-11,VIX,1290,1240,1260,1290,1290.0,29800,38442000
2019-12-12,VIX,1290,1290,1290,1290,1290.0,97,125130
2019-12-13,VIX,1290,1240,1260,1290,1290.0,20000,25800000
2019-12-16,VIX,1290,1240,1240,1290,1290.0,28000,36120000
2019-12-17,VIX,1290,1240,1260,1290,1290.0,76540,98736600
2019-12-18,VIX,1260,1240,1260,1260,1260.0,39995,50393700
2019-12-19,VIX,1260,1220,1240,1260,1260.0,26000,32760000
2019-12-20,VIX,1260,1220,1260,1260,1260.0,62145,78302700
2019-12-23,VIX,1260,1220,1220,1260,1260.0,69500,87570000
2019-12-24,VIX,1240,1220,1240,1240,1240.0,35300,43772000
2019-12-25,VIX,1240,1220,1220,1240,1240.0,45557,56490680
2019-12-26,VIX,1240,1200,1240,1240,1240.0,41626,51616240
2019-12-27,VIX,1240,1200,1200,1240,1240.0,21250,26350000
2019-12-30,VIX,1260,1240,1240,1240,1240.0,1500,1860000
2019-12-31,VIX,1240,1200,1240,1240,1240.0,31200,38688000
2020-01-02,VIX,1240,1200,1200,1240,1240.0,7561,9375640
2020-01-03,VIX,1240,1220,1240,1240,1240.0,4265,5288600
2020-01-06,VIX,1240,1220,1220,1240,1240.0,31600,39184000
2020-01-07,VIX,1240,1220,1220,1240,1240.0,10900,13516000
2020-01-08,VIX,1220,1170,1220,1200,1200.0,25500,30600000
2020-01-09,VIX,1200,1170,1200,1200,1200.0,79800,95760000
2020-01-10,VIX,1200,1170,1170,1200,1200.0,28505,34206000
2020-01-13,VIX,1200,1170,1200,1200,1200.0,73800,88560000
2020-01-14,VIX,1200,1150,1170,1200,1200.0,60500,72600000
2020-01-15,VIX,1200,1150,1170,1200,1200.0,37005,44406000
2020-01-16,VIX,1300,1200,1200,1300,1300.0,16100,20930000
2020-01-17,VIX,1300,1220,1290,1290,1290.0,27200,35088000
2020-01-20,VIX,1290,1240,1240,1290,1290.0,14135,18234150
2020-01-21,VIX,1290,1240,1240,1290,1290.0,4500,5805000
2020-01-22,VIX,1290,1260,1260,1290,1290.0,6700,8643000
2020-01-30,VIX,1300,1260,1260,1300,1300.0,8000,10400000
2020-01-31,VIX,1300,1260,1260,1300,1300.0,15110,19643000
2020-02-03,VIX,1260,1200,1260,1200,1200.0,10600,12720000
2020-02-04,VIX,1290,1200,1200,1290,1290.0,20000,25800000
2020-02-05,VIX,1290,1220,1220,1290,1290.0,23700,30573000
2020-02-06,VIX,1260,1220,1220,1260,1260.0,55700,70182000
2020-02-07,VIX,1240,1220,1240,1220,1220.0,30855,37643100
2020-02-10,VIX,1230,1220,1220,1220,1220.0,200,244000
2020-02-11,VIX,1240,1200,1220,1240,1240.0,8163,10122120
2020-02-12,VIX,1240,1240,1240,1240,1240.0,10000,12400000
2020-02-13,VIX,1240,1240,1240,1240,1240.0,1180,1463200
2020-02-14,VIX,1240,1220,1220,1240,1240.0,14512,17994880
2020-02-17,VIX,1220,1220,1220,1220,1220.0,1800,2196000
2020-02-18,VIX,1240,1220,1220,1240,1240.0,5800,7192000
2020-02-19,VIX,1240,1220,1220,1240,1240.0,23210,28780400
2020-02-20,VIX,1240,1220,1220,1240,1240.0,24860,30826400
2020-02-21,VIX,1240,1220,1220,1240,1240.0,13904,17240960
2020-02-24,VIX,1240,1130,1220,1240,1240.0,36298,45009520
2020-02-25,VIX,1220,1170,1200,1220,1220.0,14200,17324000
2020-02-26,VIX,1200,1200,1200,1200,1200.0,1800,2160000
2020-02-27,VIX,1220,1220,1220,1220,1220.0,200,244000
2020-02-28,VIX,1240,1170,1170,1240,1240.0,29223,36236520
2020-03-02,VIX,1240,1170,1170,1240,1240.0,7200,8928000
2020-03-03,VIX,1240,1200,1240,1220,1220.0,16120,19666400
2020-03-04,VIX,1220,1200,1200,1220,1220.0,22690,27681800
2020-03-05,VIX,1220,1200,1200,1220,1220.0,22075,26931500
2020-03-06,VIX,1220,1200,1220,1200,1200.0,11025,13230000
2020-03-09,VIX,1170,1100,1170,1100,1100.0,52400,57640000
2020-03-10,VIX,1200,1090,1100,1200,1200.0,49000,58800000
2020-03-11,VIX,1200,1150,1200,1200,1200.0,5800,6960000
2020-03-12,VIX,1200,1090,1130,1090,1090.0,69300,75537000
2020-03-13,VIX,1100,1000,1040,1090,1090.0,10070,10976300
2020-03-16,VIX,1100,1040,1100,1100,1100.0,24917,27408700
2020-03-17,VIX,1220,1020,1020,1100,1100.0,31300,34430000
2020-03-18,VIX,1130,1070,1100,1100,1100.0,63000,69300000
2020-03-19,VIX,1090,1070,1070,1090,1090.0,35945,39180050
2020-03-20,VIX,1100,1100,1100,1100,1100.0,17555,19310500
2020-03-23,VIX,1100,1000,1040,1100,1100.0,55000,60500000
2020-03-24,VIX,1100,1040,1040,1100,1100.0,49100,54010000
2020-03-25,VIX,1100,1070,1070,1100,1100.0,10278,11305800
2020-03-26,VIX,1100,1000,1040,1100,1100.0,60016,66017600
2020-03-27,VIX,1100,1040,1070,1100,1100.0,40904,44994400
2020-03-30,VIX,1100,1000,1040,1100,1100.0,83600,91960000
2020-03-31,VIX,1100,1020,1090,1100,1100.0,62500,68750000
2020-04-01,VIX,1100,1070,1070,1100,1100.0,22700,24970000
2020-04-03,VIX,1100,1070,1090,1100,1100.0,36734,40407400
2020-04-06,VIX,1100,1070,1070,1100,1100.0,154630,170093000
2020-04-07,VIX,1090,1070,1070,1090,1090.0,61560,67100400
2020-04-08,VIX,1090,1020,1040,1090,1090.0,89600,97664000
2020-04-09,VIX,1090,1090,1090,1090,1090.0,58600,63874000
2020-04-10,VIX,1100,1040,1090,1090,1090.0,83420,90927800
2020-04-13,VIX,1170,1090,1090,1170,1170.0,56689,66326130
2020-04-14,VIX,1260,1200,1240,1200,1200.0,62957,75548400
2020-04-15,VIX,1220,1100,1200,1100,1100.0,73150,80465000
2020-04-16,VIX,1150,1090,1150,1100,1100.0,13911,15302100
2020-04-17,VIX,1150,1090,1090,1130,1130.0,124610,140809300
2020-04-20,VIX,1240,1150,1150,1170,1170.0,101090,118275300
2020-04-21,VIX,1170,1100,1170,1100,1100.0,53700,59070000
2020-04-22,VIX,1130,1090,1100,1100,1100.0,46369,51005900
2020-04-23,VIX,1150,1100,1100,1100,1100.0,58100,63910000
2020-04-24,VIX,1150,1090,1100,1100,1100.0,16500,18150000
2020-04-27,VIX,1100,1090,1100,1090,1090.0,45640,49747600
2020-04-28,VIX,1100,1090,1090,1090,1090.0,11210,12218900
2020-04-29,VIX,1100,1090,1090,1100,1100.0,19107,21017700
2020-05-04,VIX,1100,1070,1090,1100,1100.0,14310,15741000
2020-05-05,VIX,1090,1070,1090,1070,1070.0,13100,14017000
2020-05-06,VIX,1090,1070,1070,1090,1090.0,8406,9162540
2020-05-07,VIX,1090,1070,1070,1090,1090.0,34504,37609360
2020-05-08,VIX,1100,1090,1090,1090,1090.0,26519,28905710
2020-05-11,VIX,1100,1090,1100,1100,1100.0,52116,57327600
2020-05-12,VIX,1100,1090,1090,1090,1090.0,30604,33358360
2020-05-13,VIX,1090,1070,1090,1070,1070.0,78800,84316000
2020-05-14,VIX,1130,1090,1090,1100,1100.0,55686,61254600
2020-05-15,VIX,1100,1100,1100,1100,1100.0,18200,20020000
2020-05-18,VIX,1100,1090,1090,1100,1100.0,39400,43340000
2020-05-19,VIX,1150,1100,1100,1100,1100.0,80050,88055000
2020-05-20,VIX,1130,1100,1100,1130,1130.0,11300,12769000
2020-05-21,VIX,1100,1090,1100,1090,1090.0,45500,49595000
2020-05-22,VIX,1150,1100,1100,1150,1150.0,68020,78223000
2020-05-25,VIX,1150,1130,1130,1130,1130.0,13700,15481000
2020-05-26,VIX,1150,1130,1130,1130,1130.0,49409,55832170
2020-05-27,VIX,1150,1020,1130,1100,1100.0,128559,141414900
2020-05-28,VIX,1130,1090,1130,1090,1090.0,70600,76954000
2020-05-29,VIX,1130,1100,1100,1130,1130.0,14740,16656200
2020-06-01,VIX,1170,1090,1100,1170,1170.0,354567,414843390
2020-06-02,VIX,1170,1130,1170,1130,1130.0,13710,15492300
2020-06-03,VIX,1150,1130,1130,1150,1150.0,15733,18092950
2020-06-04,VIX,1200,1100,1130,1170,1170.0,323225,378173250
2020-06-05,VIX,1220,1170,1170,1220,1220.0,262270,319969400
2020-06-08,VIX,1330,1240,1240,1330,1330.0,543527,722890910
2020-06-09,VIX,1450,1340,1340,1430,1430.0,513151,733805930
2020-06-10,VIX,1550,1370,1390,1550,1550.0,457161,708599550
2020-06-11,VIX,1710,1530,1570,1570,1570.0,683834,1073619380
2020-06-12,VIX,1550,1450,1530,1530,1530.0,75968,116231040
2020-06-15,VIX,1530,1430,1530,1510,1510.0,73838,111495380
2020-06-16,VIX,1480,1390,1430,1390,1390.0,76849,106820110
2020-06-17,VIX,1510,1390,1450,1430,1430.0,48998,70067140
2020-06-18,VIX,1430,1290,1370,1430,1430.0,46840,66981200
2020-06-19,VIX,1430,1390,1430,1430,1430.0,12502,17877860
2020-06-22,VIX,1450,1390,1430,1390,1390.0,77103,107173170
2020-06-23,VIX,1530,1390,1390,1530,1530.0,1014944,1552864320
2020-06-24,VIX,1650,1550,1550,1650,1650.0,1582497,2611120050
2020-06-25,VIX,1810,1650,1650,1810,1810.0,1155032,2090607920
2020-06-26,VIX,1860,1650,1840,1750,1750.0,1017518,1780656500
2020-06-29,VIX,1750,1640,1750,1680,1680.0,499235,838714800
2020-06-30,VIX,1730,1550,1680,1550,1550.0,537285,832791750
2020-07-01,VIX,1650,1550,1570,1650,1650.0,445280,734712000
2020-07-02,VIX,1710,1610,1650,1640,1640.0,261300,428532000
2020-07-03,VIX,1680,1570,1640,1640,1640.0,329465,540322600
2020-07-06,VIX,1640,1570,1600,1600,1600.0,272260,435616000
2020-07-07,VIX,1650,1600,1610,1600,1600.0,281573,450516800
2020-07-08,VIX,1640,1600,1600,1640,1640.0,210518,345249520
2020-07-09,VIX,1780,1680,1740,1780,1780.0,228698,407082440
2020-07-10,VIX,1830,1710,1710,1810,1810.0,132485,239797850
2020-07-13,VIX,1830,1760,1810,1760,1760.0,142627,251023520
2020-07-14,VIX,1760,1710,1760,1760,1760.0,147800,260128000
2020-07-15,VIX,1760,1680,1760,1760,1760.0,246649,434102240
2020-07-16,VIX,1810,1710,1760,1740,1740.0,126300,219762000
2020-07-17,VIX,1740,1680,1740,1710,1710.0,55810,95435100
2020-07-20,VIX,1710,1640,1660,1680,1680.0,84022,141156960
2020-07-21,VIX,1740,1640,1680,1740,1740.0,147720,257032800
2020-07-22,VIX,1910,1740,1760,1890,1890.0,379253,716788170
2020-07-23,VIX,2060,1860,1860,2060,2060.0,1261640,2598978400
2020-07-24,VIX,2230,2029,2060,2180,2180.0,1186000,2585480000
2020-07-27,VIX,2190,1980,2100,1980,1980.0,408427,808685460
2020-07-28,VIX,2180,1860,1980,2180,2180.0,962090,2097356200
2020-07-29,VIX,2180,1980,2180,2080,2080.0,500170,1040353600
2020-07-30,VIX,2230,2060,2080,2160,2160.0,619486,1338089760
2020-07-31,VIX,2180,2060,2160,2080,2080.0,181000,376480000
2020-08-03,VIX,2180,2060,2060,2100,2100.0,721504,1515158400
2020-08-04,VIX,2230,2060,2080,2100,2100.0,554000,1163400000
2020-08-05,VIX,2180,2060,2100,2080,2080.0,187600,390208000
2020-08-06,VIX,2080,2000,2080,2060,2060.0,144477,297622620
2020-08-07,VIX,2080,1980,2060,2029,2029.0,119113,241680277
2020-08-10,VIX,2100,2029,2029,2029,2029.0,152300,309016700
2020-08-11,VIX,2080,2000,2029,2029,2029.0,111710,226659590
2020-08-12,VIX,2080,2000,2029,2080,2080.0,109848,228483840
2020-08-13,VIX,2160,2060,2080,2130,2130.0,190177,405077010
2020-08-14,VIX,2130,2080,2130,2100,2100.0,102392,215023200
2020-08-17,VIX,2100,1980,2080,2080,2080.0,141421,294155680
2020-08-18,VIX,2060,1980,2060,1980,1980.0,92600,183348000
2020-08-19,VIX,2100,1980,1980,2080,2080.0,193410,402292800
2020-08-20,VIX,2180,2080,2080,2100,2100.0,207032,434767200
2020-08-21,VIX,2190,2100,2100,2160,2160.0,154237,333151920
2020-08-24,VIX,2190,2160,2180,2180,2180.0,206200,449516000
2020-08-25,VIX,2190,2130,2180,2130,2130.0,180020,383442600
2020-08-26,VIX,2180,2130,2130,2160,2160.0,124594,269123040
2020-08-27,VIX,2350,2160,2160,2350,2350.0,939930,2208835500
2020-08-28,VIX,2570,2370,2370,2520,2520.0,681308,1716896160
2020-08-31,VIX,2710,2490,2490,2520,2520.0,375830,947091600
2020-09-01,VIX,2520,2420,2460,2440,2440.0,256584,626064960
2020-09-03,VIX,2570,2440,2440,2550,2550.0,409527,1044293850
2020-09-04,VIX,2790,2460,2520,2790,2790.0,739824,2064108960
2020-09-07,VIX,3060,2810,2810,3060,3060.0,1106973,3387337380
2020-09-08,VIX,3230,2910,3180,3060,3060.0,1109266,3394353960
2020-09-09,VIX,3110,3010,3090,3060,3060.0,532757,1630236420
2020-09-10,VIX,3250,3060,3060,3110,3110.0,721239,2243053290
2020-09-11,VIX,3090,2910,3090,3010,3010.0,877705,2641892050
2020-09-14,VIX,3110,2930,3010,3110,3110.0,873183,2715599130
2020-09-15,VIX,3230,2960,3110,3180,3180.0,1141988,3631521840
2020-09-16,VIX,3200,2980,3180,3180,3180.0,1413556,4495108080
2020-09-17,VIX,3180,2980,3180,3090,3090.0,1497019,4625788710
2020-09-18,VIX,3110,2960,3090,2960,2960.0,1473250,4360820000
2020-09-21,VIX,3060,2930,2960,2960,2960.0,592200,1752912000
2020-09-22,VIX,2980,2860,2980,2960,2960.0,899924,2663775040
2020-09-23,VIX,3020,2930,2960,2980,2980.0,369900,1102302000
2020-09-24,VIX,2980,2880,2980,2960,2960.0,473695,1402137200
2020-09-25,VIX,2960,2880,2960,2930,2930.0,391186,1146174980
2020-09-28,VIX,2930,2810,2930,2880,2880.0,411216,1184302080
2020-09-29,VIX,2930,2860,2880,2880,2880.0,480357,1383428160
2020-09-30,VIX,2910,2830,2880,2910,2910.0,309374,900278340
2020-10-01,VIX,3180,2910,2910,3180,3180.0,1266408,4027177440
2020-10-02,VIX,3250,2960,3180,3150,3150.0,1206636,3800903400
2020-10-05,VIX,3390,3150,3150,3380,3380.0,1054755,3565071900
2020-10-06,VIX,3470,3280,3380,3440,3440.0,990387,3406931280
2020-10-07,VIX,3440,3280,3440,3320,3320.0,1033393,3430864760
2020-10-08,VIX,3340,3180,3320,3230,3230.0,717894,2318797620
2020-10-09,VIX,3430,3230,3230,3390,3390.0,1496697,5073802830
2020-10-12,VIX,3570,3380,3440,3430,3430.0,1275354,4374464220
2020-10-13,VIX,3470,3320,3440,3390,3390.0,995117,3373446630
2020-10-14,VIX,3470,3300,3430,3320,3320.0,991638,3292238160
2020-10-15,VIX,3390,3250,3340,3300,3300.0,1197088,3950390400
2020-10-16,VIX,3340,3180,3300,3250,3250.0,776296,2522962000
2020-10-19,VIX,3300,3120,3250,3150,3150.0,817668,2575654200
2020-10-20,VIX,3150,2860,3150,2960,2960.0,1118328,3310250880
2020-10-21,VIX,3150,2960,2960,3020,3020.0,589531,1780383620
2020-10-22,VIX,3090,2960,3020,3060,3060.0,642685,1966616100
2020-10-23,VIX,3110,3020,3060,3090,3090.0,577563,1784669670
2020-10-26,VIX,3090,2960,3090,2980,2980.0,616010,1835709800
2020-10-27,VIX,2980,2790,2980,2790,2790.0,1016194,2835181260
2020-10-28,VIX,2810,2690,2760,2790,2790.0,812926,2268063540
2020-10-29,VIX,3060,2790,2810,3060,3060.0,1583446,4845344760
2020-10-30,VIX,3340,3060,3090,3340,3340.0,1554370,5191595800
2020-11-02,VIX,3430,3340,3380,3380,3380.0,911131,3079622780
2020-11-03,VIX,3390,3230,3380,3340,3340.0,680140,2271667600
2020-11-04,VIX,3540,3340,3340,3520,3520.0,1249348,4397704960
2020-11-05,VIX,3600,3470,3520,3490,3490.0,1148226,4007308740
2020-11-06,VIX,3570,3440,3490,3490,3490.0,854707,2982927430
2020-11-09,VIX,3840,3490,3490,3840,3840.0,2282527,8764903680
2020-11-10,VIX,3860,3570,3810,3650,3650.0,2470806,9018441900
2020-11-11,VIX,3650,3430,3610,3570,3570.0,1917301,6844764570
2020-11-12,VIX,3720,3490,3570,3600,3600.0,2092324,7532366400
2020-11-13,VIX,3650,3490,3600,3650,3650.0,2423270,8844935500
2020-11-16,VIX,3660,3390,3650,3540,3540.0,4578078,16206396120
2020-11-17,VIX,3810,3540,3540,3790,3790.0,3678014,13939673060
2020-11-18,VIX,3890,3660,3790,3840,3840.0,3338597,12820212480
2020-11-19,VIX,3910,3760,3790,3860,3860.0,4166980,16084542800
2020-11-20,VIX,3890,3760,3860,3840,3840.0,3772545,14486572800
2020-11-23,VIX,4210,3840,3840,4210,4210.0,6429600,27068616000
2020-11-24,VIX,4450,4080,4210,4280,4280.0,5832224,24961918720
2020-11-25,VIX,4430,4160,4280,4160,4160.0,4483229,18650232640
2020-11-26,VIX,4160,3980,4160,3980,3980.0,2926004,11645495920
2020-11-27,VIX,4120,3950,3980,4080,4080.0,2633215,10743517200
2020-11-30,VIX,4120,3910,4059,3950,3950.0,3515044,13884423800
2020-12-01,VIX,4059,3810,3950,4030,4030.0,3285378,13240073340
2020-12-02,VIX,4280,4019,4030,4280,4280.0,2721678,11648781840
2020-12-03,VIX,4670,4280,4280,4490,4490.0,5089559,22852119910
2020-12-04,VIX,4590,4350,4490,4450,4450.0,3850937,17136669650
2020-12-07,VIX,4590,4400,4450,4470,4470.0,4218435,18856404450
2020-12-08,VIX,4540,4400,4470,4520,4520.0,3122040,14111620800
2020-12-09,VIX,4670,4520,4520,4620,4620.0,4545371,20999614020
2020-12-10,VIX,4880,4590,4620,4650,4650.0,4931212,22930135800
2020-12-11,VIX,4910,4620,4650,4880,4880.0,3781679,18454593520
2020-12-14,VIX,5350,4870,4870,5280,5280.0,3987500,21054000000
2020-12-15,VIX,5280,4940,5280,5080,5080.0,5432469,27596942520
2020-12-16,VIX,5110,4870,5060,4960,4960.0,4331675,21485108000
2020-12-17,VIX,5110,4790,4940,5010,5010.0,3883124,19454451240
2020-12-18,VIX,5500,4980,5030,5500,5500.0,4593334,25263337000
2020-12-21,VIX,5940,5350,5500,5770,5770.0,5154005,29738608850
2020-12-22,VIX,6330,5520,5740,6330,6330.0,4538794,28730566020
2020-12-23,VIX,6350,5800,6350,5840,5840.0,3267893,19084495120
2020-12-24,VIX,5800,5280,5770,5520,5520.0,5878802,32450987040
2020-12-25,VIX,5990,5380,5500,5700,5700.0,3335399,19011774300
2020-12-28,VIX,5940,5600,5700,5620,5620.0,2873607,16149671340
2021-01-08,VIX,5960,5960,5960,5960,4825.396484375,484900,2890004000
2021-01-11,VIX,6180,5960,6180,6050,4904.6640625,3365300,20360065000
2021-01-12,VIX,6170,5960,6050,6130,4974.0224609375,3057600,18743088000
2021-01-13,VIX,6130,5960,6130,6030,4894.755859375,3205600,19329768000
2021-01-14,VIX,6150,5860,6030,6130,4974.0224609375,3526300,21616219000
2021-01-15,VIX,6560,6210,6290,6560,5320.8173828125,5288100,34689936000
2021-01-18,VIX,7010,6680,6720,7010,5687.42822265625,6137300,43022473000
2021-01-19,VIX,7060,6530,7060,6620,5360.451171875,5344700,35381914000
2021-01-20,VIX,6640,6160,6530,6640,5390.17626953125,5723500,38004040000
2021-01-21,VIX,6770,6600,6660,6750,5469.443359375,3763100,25400925000
2021-01-22,VIX,6810,6480,6760,6640,5370.359375,4398900,29208696000
2021-01-25,VIX,6660,6230,6660,6410,5192.0078125,3178300,20372903000
2021-01-26,VIX,6470,5990,6470,6050,4904.6640625,2428400,14691820000
2021-01-27,VIX,6130,5630,6050,5630,4567.77783203125,3007400,16931662000
2021-01-28,VIX,5300,5240,5240,5240,4250.708984375,1943500,10183940000
2021-01-29,VIX,5610,4870,4870,5610,4547.9609375,2202500,12356025000
2021-02-01,VIX,5880,5580,5670,5600,4538.052734375,3911900,21906640000
2021-02-02,VIX,5960,5500,5640,5960,4835.30517578125,3864300,23031228000
2021-02-03,VIX,6380,5960,5990,6380,5172.19140625,3050000,19459000000
2021-02-04,VIX,6470,6230,6410,6300,5112.74072265625,2448200,15423660000
2021-02-05,VIX,6370,6230,6340,6350,5152.3740234375,1692100,10744835000
2021-02-08,VIX,6440,6080,6380,6170,5003.748046875,3073900,18965963000
2021-02-09,VIX,6440,6160,6180,6390,5182.099609375,2844400,18175716000
2021-02-17,VIX,6580,6430,6430,6540,5301.00048828125,1982400,12964896000
2021-02-18,VIX,6540,6350,6540,6380,5172.19140625,1920000,12249600000
2021-02-19,VIX,6810,6250,6350,6810,5528.8935546875,6433800,43814178000
2021-02-22,VIX,7300,6920,6930,7300,5915.32177734375,6571700,47973410000
2021-02-23,VIX,7800,7160,7330,7800,6321.56689453125,7911200,61707360000
2021-02-24,VIX,7800,7340,7800,7400,6321.56689453125,5647000,41787800000
2021-02-25,VIX,7920,7320,7440,7920,6321.56689453125,5007600,39660192000
2021-02-26,VIX,8470,7810,7920,8470,6866.52978515625,7261900,61508293000
2021-03-01,VIX,8580,8070,8520,8340,6767.4453125,4637500,38676750000
2021-03-02,VIX,8600,8039,8410,8600,6975.52197265625,5252900,45174940000
2021-03-03,VIX,9200,8590,8680,9200,7461.0341796875,8186500,75315800000
2021-03-04,VIX,9460,9000,9290,9460,7669.11083984375,6189500,58552670000
2021-03-05,VIX,9830,9030,9490,9810,7956.45458984375,8436100,82758141000
2021-03-08,VIX,10020,9740,9840,9830,7966.36328125,8958000,88057140000
2021-03-09,VIX,9830,9140,9830,9170,7441.21728515625,7942400,72831808000
2021-03-10,VIX,9170,8710,9160,8800,7134.056640625,6086300,53559440000
2021-03-11,VIX,8890,8550,8850,8850,7183.5986328125,6155700,54477945000
2021-03-12,VIX,9480,8820,8890,9480,7679.01904296875,8782600,83259048000
2021-03-15,VIX,10130,9490,9490,10130,8214.0732421875,8765500,88794515000
2021-03-16,VIX,10130,9420,10130,9530,7728.5615234375,7723600,73605908000
2021-03-17,VIX,9660,9280,9530,9490,7698.83642578125,7192500,68256825000
2021-03-18,VIX,9560,9020,9520,9130,7401.58349609375,7047300,64341849000
2021-03-19,VIX,9130,8550,9130,8810,7143.96533203125,9668100,85175961000
2021-03-22,VIX,8850,8430,8840,8700,7054.78955078125,8022600,69796620000
2021-03-23,VIX,8700,8140,8700,8320,6747.62841796875,7267200,60463104000
2021-03-24,VIX,8210,7740,8200,7780,6301.75,8392300,65292094000
2021-03-25,VIX,8310,7360,7780,8270,6698.08642578125,12478600,103198022000
2021-03-26,VIX,8270,7690,8270,8070,6539.5517578125,6447200,52028904000
2021-03-29,VIX,8080,7810,8080,7830,6351.2919921875,5481100,42917013000
2021-03-30,VIX,7690,7300,7650,7330,5945.04736328125,9769200,71608236000
2021-03-31,VIX,7780,7080,7330,7560,6133.30712890625,7887000,59625720000
2021-04-01,VIX,7850,7530,7570,7810,6331.47509765625,4302000,33598620000
2021-04-02,VIX,7880,7460,7830,7650,6202.666015625,5286200,40439430000
2021-04-05,VIX,7650,7360,7650,7570,6143.21533203125,6614800,50074036000
2021-04-06,VIX,7630,7320,7480,7520,6093.67333984375,6179300,46468336000
2021-04-07,VIX,7530,7330,7530,7530,6103.58203125,4532800,34131984000
2021-04-08,VIX,7690,7530,7530,7670,6222.48291015625,5598200,42938194000
2021-04-09,VIX,7690,7530,7640,7640,6192.75732421875,3767800,28785992000
2021-04-12,VIX,7640,7460,7600,7560,6123.39892578125,5260300,39767868000
2021-04-13,VIX,7520,7210,7520,7330,5945.04736328125,6634600,48631618000
2021-04-14,VIX,7420,7220,7270,7360,5964.86376953125,5198900,38263904000
2021-04-15,VIX,7370,7140,7370,7140,5796.4208984375,5152100,36785994000
2021-04-16,VIX,7170,6820,7090,7040,5707.2451171875,5691000,40064640000
2021-04-19,VIX,7250,6920,7040,7230,5865.77978515625,4975200,35970696000
2021-04-20,VIX,7360,7140,7250,7230,5865.77978515625,4819700,34846431000
2021-04-22,VIX,7740,7140,7210,7740,6272.0244140625,17688000,136905120000
2021-04-23,VIX,8270,7720,7740,8270,6707.9951171875,13639700,112800319000
2021-04-26,VIX,8550,8170,8290,8390,6807.0791015625,11024800,92498072000
2021-04-27,VIX,8590,7950,8200,8570,6945.796875,15593000,133632010000
2021-04-28,VIX,8640,8300,8520,8300,6727.8115234375,10243700,85022710000
2021-04-29,VIX,8500,8050,8290,8330,6757.537109375,10145700,84513681000
2021-05-04,VIX,8070,7750,8070,7750,6291.841796875,9321700,72243175000
2021-05-05,VIX,7620,7310,7620,7330,5945.04736328125,9117300,66829809000
2021-05-06,VIX,7530,7320,7340,7400,5994.5888671875,4035100,29859740000
2021-05-07,VIX,7640,7400,7400,7480,6063.9482421875,8000900,59846732000
2021-05-10,VIX,7530,7310,7480,7360,5964.86376953125,8264100,60823776000
2021-05-11,VIX,7380,7090,7370,7180,5826.146484375,6543800,46984484000
2021-05-12,VIX,7110,6820,7090,6970,5657.703125,7616100,53084217000
2021-05-13,VIX,6970,6800,6970,6800,5518.9853515625,6372000,43329600000
2021-05-14,VIX,7060,6800,6800,6850,5548.7109375,4570100,31305185000
2021-05-17,VIX,6930,6470,6860,6480,5261.36669921875,6786900,43979112000
2021-05-18,VIX,6470,6060,6410,6120,4964.1142578125,8274700,50641164000
2021-05-19,VIX,6450,6210,6280,6440,5221.73291015625,2730500,17584420000
2021-05-20,VIX,6850,6450,6450,6810,5528.8935546875,4843800,32986278000
2021-05-21,VIX,6810,6530,6620,6540,5310.90869140625,2543300,16633182000
2021-05-24,VIX,6640,6370,6600,6640,5310.90869140625,4417700,29333528000
2021-05-25,VIX,6640,6470,6600,6640,5390.17626953125,3197200,21229408000
2021-05-26,VIX,6800,6470,6540,6690,5429.8095703125,4350300,29103507000
2021-05-27,VIX,6710,6430,6690,6470,5251.4580078125,2410800,15597876000
2021-05-28,VIX,6580,6370,6470,6580,5330.7255859375,5169000,34012020000
2021-05-31,VIX,7020,6600,6600,7020,5697.3369140625,8932500,62706150000
2021-06-01,VIX,7520,7170,7170,7430,6024.314453125,6575100,48852993000
2021-06-02,VIX,7560,7110,7140,7490,6083.7646484375,6074400,45497256000
2021-06-03,VIX,8010,7560,7560,7900,6400.83447265625,8538100,67450990000
2021-06-04,VIX,8010,7360,7950,7570,6143.21533203125,8296300,62802991000
2021-06-07,VIX,7650,7090,7640,7310,5925.23046875,7282300,53233613000
2021-06-08,VIX,7250,6800,7210,6800,5925.23046875,6156400,41863520000
2021-06-09,VIX,7050,6350,6640,6720,5449.62646484375,7420500,49865760000
2021-06-10,VIX,6890,6580,6720,6620,5360.451171875,3648800,24155056000
2021-06-11,VIX,6890,6640,6850,6790,5499.16845703125,3401400,23095506000
2021-06-14,VIX,7080,6660,6790,6900,5598.2529296875,5030000,34707000000
2021-06-15,VIX,7090,6900,6920,6960,5637.88671875,3361600,23396736000
2021-06-16,VIX,7060,6850,6960,6900,5598.2529296875,2770700,19117830000
2021-06-17,VIX,6890,6720,6810,6850,5558.619140625,2789300,19106705000
2021-06-18,VIX,7040,6890,6890,6970,5647.794921875,2982600,20788722000
2021-06-21,VIX,7440,6990,7000,7360,5964.86376953125,6626500,48771040000
2021-06-22,VIX,7570,7250,7480,7270,5885.5966796875,3561500,25892105000
2021-06-23,VIX,7380,7090,7230,7120,5776.60400390625,2892300,20593176000
2021-06-24,VIX,7180,7060,7170,7060,5727.06201171875,2393700,16899522000
2021-06-25,VIX,7320,6990,7160,7230,5865.77978515625,3209600,23205408000
2021-06-28,VIX,7460,7160,7420,7160,5806.3291015625,5324200,38121272000
2021-06-29,VIX,7270,7020,7160,7050,5717.1533203125,5649700,39830385000
2021-06-30,VIX,7040,6900,7000,6900,5598.2529296875,3996000,27572400000
2021-07-01,VIX,7110,6800,6890,6970,5647.794921875,5020900,34995673000
2021-07-02,VIX,7090,6890,7060,6960,5637.88671875,4438300,30890568000
2021-07-05,VIX,6960,6720,6940,6790,5637.88671875,4191300,28458927000
2021-07-06,VIX,6770,6330,6770,6330,5637.88671875,5711200,36151896000
2021-07-07,VIX,6470,5940,6330,6470,5637.88671875,4765200,30830844000
2021-07-08,VIX,6500,6230,6500,6260,5637.88671875,1895500,11865830000
2021-07-09,VIX,6230,5840,6120,5860,4756.03759765625,4080500,23911730000
2021-07-12,VIX,5740,5460,5640,5460,4756.03759765625,3111200,16987152000
2021-07-13,VIX,5510,5080,5480,5220,4240.80029296875,4779200,24947424000
2021-07-14,VIX,5500,5120,5290,5310,4240.80029296875,3629000,19269990000
2021-07-15,VIX,5490,5270,5310,5440,4419.1513671875,1965600,10692864000
2021-07-16,VIX,5490,5330,5440,5390,4419.1513671875,2014500,10858155000
2021-07-19,VIX,5190,5020,5060,5020,4082.265625,3186400,15995728000
2021-07-20,VIX,5060,4680,4800,5010,4072.357177734375,5155200,25827552000
2021-07-21,VIX,5120,4910,5120,4970,4042.632080078125,2020900,10043873000
2021-07-22,VIX,5010,4800,4970,4960,4032.723876953125,2540300,12599888000
2021-07-23,VIX,5310,4880,4960,5310,4310.1591796875,6509000,34562790000
2021-07-26,VIX,5540,5180,5270,5490,4458.78564453125,2708300,14868567000
2021-07-27,VIX,5550,5340,5490,5390,4379.51806640625,2631900,14185941000
2021-07-28,VIX,5370,5250,5290,5290,4300.25048828125,3066400,16221256000
2021-07-29,VIX,5370,5230,5320,5290,4300.25048828125,1452600,7684254000
2021-07-30,VIX,5540,5260,5320,5420,4399.3349609375,2662100,14428582000
2021-08-02,VIX,5430,5290,5420,5340,4399.3349609375,2118100,11310654000
2021-08-03,VIX,5370,5250,5320,5320,4320.0673828125,2231900,11873708000
2021-08-04,VIX,5480,5320,5370,5400,4320.0673828125,3005700,16230780000
2021-08-05,VIX,5550,5330,5370,5550,4508.3271484375,3645100,20230305000
2021-08-06,VIX,5830,5610,5610,5660,4597.5029296875,3358100,19006846000
2021-08-09,VIX,5800,5580,5590,5750,4666.86181640625,2400800,13804600000
2021-08-10,VIX,5780,5640,5760,5740,4666.86181640625,3205200,18397848000
2021-08-11,VIX,5740,5630,5740,5630,4567.77783203125,2819400,15873222000
2021-08-12,VIX,5610,5510,5520,5540,4498.4189453125,3052200,16909188000
2021-08-13,VIX,5540,5390,5540,5490,4458.78564453125,3284600,18032454000
2021-08-16,VIX,5860,5630,5660,5860,4765.9462890625,5670200,33227372000
2021-08-17,VIX,6120,5930,6100,6000,4765.9462890625,5228900,31373400000
2021-08-18,VIX,6420,5880,5930,6420,5211.82470703125,7827200,50250624000
2021-08-19,VIX,6850,6490,6500,6850,5568.52783203125,6117800,41906930000
2021-08-20,VIX,7330,6850,7320,7190,5845.96337890625,13701800,98515942000
2021-08-23,VIX,7620,7190,7190,7520,5845.96337890625,7469900,56173648000
2021-08-24,VIX,7690,6990,7530,6990,5677.52001953125,10549500,73741005000
2021-08-25,VIX,6960,6540,6960,6730,5469.443359375,4966000,33421180000
2021-08-26,VIX,6980,6420,6730,6420,5211.82470703125,4204000,26989680000
2021-08-27,VIX,6850,6260,6420,6850,5568.52783203125,6261900,42894015000
2021-08-30,VIX,7140,6980,7130,7000,5687.42822265625,4240500,29683500000
2021-08-31,VIX,7000,6710,7000,6710,5449.62646484375,6082500,40813575000
2021-09-01,VIX,6670,6570,6620,6590,5350.54248046875,6641500,43767485000
2021-09-06,VIX,6810,6530,6600,6530,5301.00048828125,10275300,67097709000
2021-09-07,VIX,6970,6970,6970,6970,6054.6787109375,611600,4262852000
2021-09-08,VIX,7440,7440,7440,7440,6054.6787109375,1466200,10908528000
2021-09-09,VIX,7920,7270,7910,7480,6502.55908203125,11534500,86278060000
2021-09-10,VIX,7530,7440,7500,7480,6502.55908203125,2800000,20944000000
2021-09-13,VIX,7470,7240,7440,7260,6303.50146484375,3034700,22031922000
2021-09-14,VIX,7160,6980,7120,7020,6104.443359375,3646600,25599132000
2021-09-15,VIX,7220,6880,6880,7170,6237.14892578125,3261400,23384238000
2021-09-16,VIX,7300,7120,7220,7190,6253.73681640625,1600200,11505438000
2021-09-17,VIX,7560,7310,7430,7430,6452.79443359375,3209400,23845842000
2021-09-20,VIX,7560,7220,7500,7260,6303.50146484375,3003400,21804684000
2021-09-21,VIX,7220,7010,7110,7110,6303.50146484375,2809700,19976967000
2021-09-22,VIX,7170,7010,7110,7120,6303.50146484375,2208700,15725944000
2021-09-23,VIX,7410,7060,7170,7160,6220.560546875,3411700,24427772000
2021-09-24,VIX,7300,7120,7160,7120,6187.38427734375,1656200,11792144000
2021-09-27,VIX,7220,6830,7120,6830,5938.56201171875,2627100,17943093000
2021-09-28,VIX,6930,6640,6720,6880,5971.73828125,2096800,14425984000
2021-09-29,VIX,6880,6690,6880,6760,5872.208984375,1358800,9185488000
2021-09-30,VIX,6910,6800,6800,6830,5938.56201171875,1014300,6927669000
2021-10-01,VIX,6830,6720,6720,6740,5855.62109375,1558200,10502268000
2021-10-04,VIX,6800,6640,6760,6690,5822.44482421875,2126400,14225616000
2021-10-05,VIX,7060,6720,6800,7010,6087.85546875,2859900,20047899000
2021-10-06,VIX,7080,6890,7020,6890,6087.85546875,1617900,11147331000
2021-10-07,VIX,6980,6850,6890,6910,6004.91455078125,2201800,15214438000
2021-10-08,VIX,6970,6850,6960,6850,5955.14990234375,2797500,19162875000
2021-10-11,VIX,6970,6850,6880,6970,5955.14990234375,2766100,19279717000
2021-10-12,VIX,7370,6970,6970,7220,6270.3251953125,5453700,39375714000
2021-10-13,VIX,7330,7120,7260,7140,6203.97216796875,2204300,15738702000
2021-10-14,VIX,7240,7110,7110,7170,6203.97216796875,2088500,14974545000
2021-10-15,VIX,7240,7110,7220,7140,6203.97216796875,2432900,17370906000
2021-10-18,VIX,7640,7170,7170,7640,6203.97216796875,9036800,69041152000
2021-10-19,VIX,8109,7740,7870,7850,6817.73388671875,5930400,46553640000
2021-10-20,VIX,8010,7560,7850,7790,6767.96923828125,5213100,40610049000
2021-10-21,VIX,7950,7650,7790,7870,6834.322265625,3616900,28465003000
2021-10-22,VIX,8189,7950,7950,8109,7033.3798828125,5327500,43200697500
2021-10-25,VIX,8260,7950,8260,7950,7033.3798828125,3899500,31001025000
2021-10-26,VIX,8039,7670,7850,7920,6884.08642578125,3024200,23951664000
2021-10-27,VIX,8010,7820,7950,7980,6933.85107421875,3964900,31639902000
2021-10-28,VIX,8290,8010,8020,8160,7099.73291015625,5384200,43935072000
2021-10-29,VIX,8510,8210,8370,8480,7365.14306640625,6828700,57907376000
2021-11-01,VIX,9060,8620,8710,9060,7365.14306640625,6836500,61938690000
2021-11-02,VIX,9620,9160,9230,9530,8360.4326171875,6413900,61124467000
2021-11-03,VIX,9790,9160,9740,9160,7962.3173828125,10187100,93313836000
2021-11-04,VIX,9790,9160,9230,9790,8509.7265625,6943200,67973928000
2021-11-05,VIX,10210,9790,10120,9990,8675.6083984375,6058200,60521418000
2021-11-08,VIX,10670,10050,10120,10670,9272.78125,7619100,81295797000
2021-11-09,VIX,11180,10690,10890,11110,9654.3095703125,8639800,95988178000
2021-11-10,VIX,11460,11110,11460,11400,9903.1318359375,3786000,43160400000
2021-11-11,VIX,11680,10710,11270,11310,9820.19140625,8962800,101369268000
2021-11-12,VIX,11340,10730,11310,11050,9604.544921875,7145200,78954460000
2021-11-15,VIX,11830,11080,11460,11800,10251.4833984375,7153000,84405400000
2021-11-16,VIX,11790,11270,11790,11530,10019.2490234375,4872600,56181078000
2021-11-17,VIX,11920,11270,11530,11570,10052.42578125,5930500,68615885000
2021-11-18,VIX,12370,11650,11840,12370,10749.12890625,8147500,100784575000
2021-11-19,VIX,13230,11650,12990,12940,11246.7734375,11810000,152821400000
2021-11-22,VIX,13520,12220,13000,12220,10616.4228515625,10174200,124328724000
2021-11-23,VIX,12720,11460,12070,12610,10948.1865234375,9378000,118256580000
2021-11-24,VIX,13250,12610,13180,12610,10948.1865234375,7637300,96306353000
2021-11-25,VIX,12990,11950,12140,12790,11114.068359375,24712700,316075433000
2021-11-26,VIX,13210,12650,12990,12820,11130.65625,11951600,153219512000
2021-11-29,VIX,13690,12490,12560,13690,11893.7109375,18524600,253601774000
2021-11-30,VIX,14360,13690,13980,13950,12125.9453125,9944400,138724380000
2021-12-01,VIX,14280,13830,13830,13980,12142.5341796875,7696800,107601264000
2021-12-02,VIX,14040,13680,13980,13770,11960.0634765625,9421300,129731301000
2021-12-03,VIX,13940,12820,13790,12820,11130.65625,19976300,256096166000
2021-12-06,VIX,12720,11940,12460,11940,10367.6005859375,10707000,127841580000
2021-12-07,VIX,12300,11310,11940,12000,10417.365234375,12042700,144512400000
2021-12-08,VIX,12100,11460,12070,11460,9952.896484375,5292300,60649758000
2021-12-09,VIX,12100,11170,11310,12100,10516.89453125,5878300,71127430000
2021-12-10,VIX,12520,12120,12220,12240,10633.0107421875,6849000,83831760000
2021-12-13,VIX,12560,12100,12280,12460,10815.4814453125,4516800,56279328000
2021-12-14,VIX,12970,12340,12520,12680,11014.5390625,7366200,93403416000
2021-12-15,VIX,12690,12220,12610,12220,10616.4228515625,5252600,64186772000
2021-12-16,VIX,12460,11950,12460,12050,10467.12890625,5348800,64453040000
2021-12-17,VIX,12370,12070,12070,12370,10749.12890625,5746600,71085442000
2021-12-20,VIX,12780,12220,12520,12460,10815.4814453125,5644900,70335454000
2021-12-21,VIX,12560,12280,12300,12370,10749.12890625,4247800,52545286000
2021-12-22,VIX,12550,11840,12370,11880,10317.8359375,7362800,87470064000
2021-12-23,VIX,12000,11090,11880,11310,9820.19140625,8831100,99879741000
2021-12-24,VIX,11650,11270,11370,11530,10019.2490234375,4223800,48700414000
2021-12-27,VIX,12310,11730,12310,12000,10417.365234375,2740200,32882400000
2021-12-28,VIX,12070,11750,12070,11830,10268.0712890625,4049900,47910317000
2021-12-29,VIX,12070,11650,11830,11830,10268.0712890625,3358800,39734604000
2021-12-30,VIX,12650,11880,11920,12650,10981.36328125,8765100,110878515000
2021-12-31,VIX,13180,12610,12840,12610,10948.1865234375,5897900,74372519000
2022-01-04,VIX,12990,12550,12790,12720,11047.7158203125,5597400,71198928000
2022-01-05,VIX,12970,12620,12750,12680,11014.5390625,6366800,80731024000
2022-01-06,VIX,12690,12370,12610,12520,10881.833984375,5728800,71724576000
2022-01-07,VIX,13360,12460,12460,13210,11479.0078125,9756900,128888649000
2022-01-10,VIX,13590,12680,13350,12780,10948.1865234375,6541000,83593980000
2022-01-11,VIX,12900,12220,12900,12280,10666.1875,5141000,63131480000
2022-01-12,VIX,12610,11530,12220,12220,10616.4228515625,8295700,101373454000
2022-01-13,VIX,12370,11570,12220,11650,10118.7783203125,5788000,67430200000
2022-01-14,VIX,12030,11310,11370,11750,10201.71875,4081800,47961150000
2022-01-17,VIX,11940,10920,11750,10920,9488.427734375,9027000,98574840000
2022-01-18,VIX,10620,10160,10320,10160,8824.9013671875,7524200,76445872000
2022-01-19,VIX,10530,10050,10320,10210,8874.666015625,3925700,40081397000
2022-01-20,VIX,10620,10160,10190,10530,9156.6650390625,2883500,30363255000
2022-01-21,VIX,10670,10240,10620,10240,8891.25390625,3217800,32950272000
2022-01-24,VIX,10050,9530,9970,9530,8277.4931640625,4290500,40888465000
2022-01-25,VIX,9540,8940,8940,9400,8161.375,4122700,38753380000
2022-01-26,VIX,9660,9210,9430,9210,7995.4931640625,2905800,26762418000
2022-01-27,VIX,9530,8850,9210,9500,8260.904296875,2352700,22350650000
2022-01-28,VIX,9870,9540,9620,9850,8559.4912109375,2252500,22187125000
2022-02-07,VIX,10410,9970,10120,10340,8990.783203125,2248000,23244320000
2022-02-08,VIX,10320,9850,10270,10160,8824.9013671875,1800800,18296128000
2022-02-09,VIX,10560,10150,10190,10380,9023.9599609375,2543400,26400492000
2022-02-10,VIX,10690,10300,10380,10480,9106.900390625,2517700,26385496000
2022-02-11,VIX,11030,10560,10560,10830,9405.4873046875,3019200,32697936000
2022-02-14,VIX,11270,10620,10810,10840,9422.0751953125,4594400,49803296000
2022-02-15,VIX,11080,10530,10770,10790,9422.0751953125,1962800,21178612000
2022-02-16,VIX,11010,10830,10900,10950,9505.015625,1726800,18908460000
2022-02-17,VIX,11050,10690,11050,10770,9355.72265625,2616900,28184013000
2022-02-18,VIX,11000,10560,10660,10890,9455.251953125,3950800,43024212000
2022-02-21,VIX,11230,10890,10920,11160,9687.486328125,6478300,72297828000
2022-02-22,VIX,11050,10620,11000,10620,9223.017578125,5432000,57687840000
2022-02-23,VIX,10770,10500,10770,10670,9272.78125,11564300,123391081000
2022-02-24,VIX,11430,10790,11430,11370,9866.49609375,10102200,114862014000
2022-02-25,VIX,11750,11210,11430,11580,10060.8037109375,5429100,62868978000
2022-02-28,VIX,11530,11310,11370,11370,9888.0859375,3402300,38684151000
2022-03-01,VIX,11410,11210,11340,11260,9780.1376953125,3497500,39381850000
2022-03-02,VIX,11260,10960,11180,11030,9585.830078125,3074800,33915044000
2022-03-03,VIX,11260,10990,11180,11210,9736.9580078125,3011500,33758915000
2022-03-04,VIX,11580,11310,11310,11370,9888.0859375,3146200,35772294000
2022-03-07,VIX,11610,11260,11370,11460,9952.8544921875,3925200,44982792000
2022-03-08,VIX,11730,11280,11280,11340,9844.90625,5297300,60071382000
2022-03-09,VIX,11580,11180,11430,11370,9866.49609375,3590200,40820574000
2022-03-10,VIX,11680,11370,11610,11370,9888.0859375,2632100,29926977000
2022-03-11,VIX,11370,10990,11340,11140,9672.1884765625,3271200,36441168000
2022-03-14,VIX,11080,10730,11080,10840,9413.1123046875,2930400,31765536000
2022-03-15,VIX,11080,10820,10820,10940,9499.4716796875,2096300,22933522000
2022-03-16,VIX,11140,10900,11080,10960,9521.060546875,1521000,16670160000
2022-03-17,VIX,11080,10890,11080,10900,9477.880859375,1847600,20138840000
2022-03-18,VIX,11510,10890,11030,11340,9844.90625,6473500,73409490000
2022-03-21,VIX,11580,11410,11460,11430,9931.265625,6300400,72013572000
2022-03-22,VIX,11630,11370,11480,11530,10017.6240234375,8792400,101376372000
2022-03-23,VIX,12030,11460,11610,11930,10363.0595703125,12810000,152823300000
2022-03-24,VIX,12200,11910,12010,11910,10341.4697265625,5437000,64754670000
2022-03-25,VIX,11910,11680,11880,11680,10147.162109375,5641600,65893888000
2022-03-28,VIX,11560,11000,11460,11030,9585.830078125,9281200,102371636000
2022-03-29,VIX,11680,11210,11280,11560,10039.212890625,3946300,45619228000
2022-03-30,VIX,11610,11030,11370,11180,9715.3681640625,3858500,43138030000
2022-03-31,VIX,11580,11180,11280,11210,9736.9580078125,2993300,33554893000
2022-04-01,VIX,11430,11160,11340,11430,9931.265625,2937200,33572196000
2022-04-04,VIX,12220,11530,11630,12130,10535.77734375,12005800,145630354000
2022-04-05,VIX,12400,11840,11980,11880,10319.8798828125,6667400,79208712000
2022-04-06,VIX,11680,11060,11410,11240,9758.546875,14836200,166758888000
2022-04-07,VIX,11410,10730,11240,10890,9456.2919921875,8841500,96283935000
2022-04-08,VIX,10890,10150,10840,10150,8808.6005859375,12119200,123009880000
2022-04-12,VIX,10420,9620,10150,10260,8916.5498046875,5637900,57844854000
2022-04-13,VIX,10790,9740,10150,10680,9283.57421875,4040900,43156812000
2022-04-14,VIX,10730,10050,10730,10050,8722.2421875,3609700,36277485000
2022-04-15,VIX,9950,9340,9820,9340,8117.7294921875,5245200,48990168000
2022-04-18,VIX,9240,8690,9040,8690,7556.3974609375,5405600,46974664000
2022-04-19,VIX,8900,8109,8670,8200,7124.60302734375,3888900,31888980000
2022-04-20,VIX,8390,7850,8200,7910,6865.52685546875,3262200,25804002000
2022-04-21,VIX,8130,7360,7360,7700,6692.80908203125,7428700,57200990000
2022-04-22,VIX,8080,7460,7850,7610,6606.4501953125,3164600,24082606000
2022-04-25,VIX,7820,7080,7700,7080,6153.06689453125,3258000,23066640000
2022-04-26,VIX,7500,6710,6850,7500,6520.09130859375,4433000,33247500000
2022-04-27,VIX,7700,7380,7500,7560,6563.27099609375,2066000,15618960000
2022-04-28,VIX,7700,7460,7500,7480,6498.50146484375,2946600,22040568000
2022-04-29,VIX,7810,7310,7460,7700,6692.80908203125,4248100,32710370000
2022-05-04,VIX,7700,7460,7560,7480,6498.50146484375,2507100,18753108000
2022-05-05,VIX,7700,7400,7610,7460,6476.912109375,2872100,21425866000
2022-05-06,VIX,7310,6930,7030,6930,6023.5283203125,4426600,30676338000
2022-05-09,VIX,6710,6470,6710,6470,5613.32373046875,4234300,27395921000
2022-05-10,VIX,6470,6010,6010,6220,5397.4267578125,6333400,39393748000
2022-05-11,VIX,6360,5960,6310,6220,5397.4267578125,2434000,15139480000
2022-05-12,VIX,6290,5800,6160,5800,5030.40185546875,3386300,19640540000
2022-05-13,VIX,5860,5390,5710,5390,4684.96630859375,5848300,31522337000
2022-05-16,VIX,5770,5470,5610,5470,4749.73583984375,4978000,27229660000
2022-05-17,VIX,5840,5370,5370,5840,5073.5810546875,3380500,19742120000
2022-05-18,VIX,6240,6010,6120,6240,5419.0166015625,5256700,32801808000
2022-05-19,VIX,6440,5960,5960,6290,5462.19580078125,9725200,61171508000
2022-05-20,VIX,6560,6220,6420,6310,5483.78564453125,7018500,44286735000
2022-05-23,VIX,6380,5890,6330,5950,5159.93994140625,8774600,52208870000
2022-05-24,VIX,5990,5570,5910,5960,5181.52978515625,8148300,48563868000
2022-05-25,VIX,6360,6010,6010,6360,5526.96484375,9662200,61451592000
2022-05-26,VIX,6710,6360,6470,6470,5613.32373046875,10277600,66496072000
2022-05-27,VIX,6560,6360,6470,6480,5634.91357421875,6687700,43336296000
2022-05-30,VIX,6660,6420,6470,6500,5656.50341796875,7516100,48854650000
2022-05-31,VIX,6560,6330,6470,6500,5656.50341796875,7675900,49893350000
2022-06-01,VIX,6590,6290,6500,6440,5591.734375,6240800,40190752000
2022-06-02,VIX,6560,6260,6440,6310,5591.734375,8794000,55490140000
2022-06-03,VIX,6420,6060,6260,6240,5419.0166015625,6727000,41976480000
2022-06-06,VIX,6330,6010,6240,6010,5224.708984375,7560400,45438004000
2022-06-07,VIX,6010,5660,5960,5860,5095.1708984375,7556600,44281676000
2022-06-08,VIX,6260,5950,5960,6180,5375.83740234375,6285300,38843154000
2022-06-09,VIX,6310,6180,6260,6220,5397.4267578125,5010900,31167798000
2022-06-10,VIX,6360,6030,6120,6130,5332.65771484375,8666500,53125645000
2022-06-13,VIX,6010,5710,5810,5710,4965.6328125,8690300,49621613000
2022-06-14,VIX,5740,5390,5570,5470,4749.73583984375,5356400,29299508000
2022-06-15,VIX,5590,5100,5590,5100,4425.89013671875,8433700,43011870000
2022-06-16,VIX,5270,4750,5220,4750,4123.63427734375,7922100,37629975000
2022-06-17,VIX,4650,4420,4470,4420,3838.64990234375,11650600,51495652000
2022-06-20,VIX,4550,4120,4370,4120,3570.937744140625,6658600,27433432000
2022-06-21,VIX,4370,3830,3890,4019,3493.214599609375,5787100,23258354900
2022-06-22,VIX,4300,4170,4230,4300,3735.019287109375,6019100,25882130000
2022-06-23,VIX,4590,4330,4400,4530,3929.326904296875,4869100,22057023000
2022-06-24,VIX,4620,4490,4530,4540,3937.962646484375,3895700,17686478000
2022-06-27,VIX,4840,4530,4560,4840,4209.99267578125,4481600,21690944000
2022-06-28,VIX,4960,4750,4840,4780,4149.5419921875,5032400,24054872000
2022-06-29,VIX,4870,4700,4700,4780,4149.5419921875,4782600,22860828000
2022-06-30,VIX,4900,4450,4800,4450,3864.557373046875,5308200,23621490000
2022-07-01,VIX,4750,4450,4470,4750,4132.27001953125,7744800,36787800000
2022-07-04,VIX,5070,4870,4920,5010,4361.12109375,7298300,36564483000
2022-07-05,VIX,5220,4870,5010,5070,4404.30029296875,8001300,40566591000
2022-07-06,VIX,5140,4900,4940,4960,4304.9873046875,6736100,33411056000
2022-07-07,VIX,5100,4920,4960,5000,4339.53125,4759200,23796000000
2022-07-08,VIX,5270,5010,5120,5220,4533.8388671875,6561700,34252074000
2022-07-11,VIX,5290,4950,5190,5010,4361.12109375,7088300,35512383000
2022-07-12,VIX,5190,5000,5070,5190,4361.12109375,5182100,26895099000
2022-07-13,VIX,5340,5170,5240,5240,4555.42822265625,5916100,31000364000
2022-07-14,VIX,5570,5170,5190,5520,4792.9150390625,9094100,50199432000
2022-07-15,VIX,5610,5440,5490,5440,4728.14599609375,7255600,39470464000
2022-07-18,VIX,5710,5490,5520,5610,4879.2734375,7058600,39598746000
2022-07-19,VIX,5720,5480,5670,5610,4879.27392578125,5876600,32967726000
2022-07-20,VIX,5930,5670,5720,5880,5107.27734375,7581100,44576868000
2022-07-21,VIX,5880,5700,5820,5750,4993.27587890625,4772800,27443600000
2022-07-22,VIX,5800,5590,5780,5640,4902.07421875,5315100,29977164000
2022-07-25,VIX,5720,5460,5590,5590,4856.4736328125,6262100,35005139000
2022-07-26,VIX,5610,5510,5590,5540,4810.873046875,2811600,15576264000
2022-07-27,VIX,5640,5430,5430,5610,4879.27392578125,4017000,22535370000
2022-07-28,VIX,5910,5670,5750,5820,5061.6767578125,7983100,46461642000
2022-07-29,VIX,5930,5780,5820,5820,5061.6767578125,6276700,36530394000
2022-08-01,VIX,6220,5820,5880,6190,5380.88134765625,11577400,71664106000
2022-08-02,VIX,6350,6120,6220,6190,5358.0810546875,6777400,41952106000
2022-08-03,VIX,6300,6060,6090,6270,5449.28271484375,7512500,47103375000
2022-08-04,VIX,6480,6220,6480,6300,5472.0830078125,8897600,56054880000
2022-08-05,VIX,6720,6250,6250,6720,5836.88818359375,12129200,81508224000
2022-08-08,VIX,7090,6770,6820,6930,6019.291015625,13347000,92494710000
2022-08-09,VIX,7010,6770,6850,6980,6064.89208984375,8497200,59310456000
2022-08-10,VIX,7140,6820,6880,6980,6064.89208984375,8531900,59552662000
2022-08-11,VIX,7220,6640,7140,6720,5836.88818359375,13368000,89832960000
2022-08-12,VIX,7170,6720,6720,7170,6224.494140625,16525400,118487118000
2022-08-15,VIX,7500,7270,7400,7300,6338.49609375,11103400,81054820000
2022-08-16,VIX,7430,7220,7300,7350,6384.0966796875,6334300,46557105000
2022-08-17,VIX,7500,7270,7350,7350,6384.0966796875,9177100,67451685000
2022-08-18,VIX,7640,7240,7300,7560,6566.49951171875,11684100,88331796000
2022-08-19,VIX,7850,7560,7560,7690,6680.5009765625,11380600,87516814000
2022-08-22,VIX,7950,7620,7690,7800,6771.70263671875,11429800,89152440000
2022-08-23,VIX,7870,7500,7720,7870,6840.103515625,10857800,85450886000
2022-08-24,VIX,7980,7800,7900,7850,6817.30322265625,9339500,73315075000
2022-08-25,VIX,8029,7820,7850,7870,6840.103515625,9602300,75570101000
2022-08-26,VIX,8150,7850,8070,7850,6815.4794921875,8237800,64666730000
2022-08-29,VIX,7680,7310,7590,7680,6670.46923828125,14182900,108924672000
2022-08-30,VIX,7850,7460,7810,7460,6477.1220703125,6384000,47624640000
2022-08-31,VIX,7590,7290,7340,7570,6573.79541015625,7019800,53139886000
2022-09-05,VIX,7680,7460,7570,7460,6477.1220703125,4375100,32638246000
2022-09-06,VIX,7590,7270,7570,7270,6307.943359375,8523300,61964391000
2022-09-07,VIX,7340,6760,7270,6800,5897.08154296875,11008900,74860520000
2022-09-08,VIX,6930,6640,6900,6670,5800.40771484375,8525900,56867753000
2022-09-09,VIX,6850,6380,6800,6850,5945.41796875,5845400,40040990000
2022-09-12,VIX,6980,6700,6960,6730,5848.74462890625,2888400,19438932000
2022-09-13,VIX,6800,6590,6800,6670,5800.40771484375,4059100,27074197000
2022-09-14,VIX,6900,6460,6460,6870,5969.58642578125,6235500,42837885000
2022-09-15,VIX,6960,6730,6960,6730,5848.74462890625,3872700,26063271000
2022-09-16,VIX,6760,6460,6670,6640,5776.23974609375,5887900,39095656000
2022-09-19,VIX,6640,6210,6590,6210,5389.54541015625,6768000,42029280000
2022-09-20,VIX,6400,5840,6290,6400,5558.72412109375,9654700,61790080000
2022-09-21,VIX,6400,6150,6380,6210,5389.54541015625,4384200,27225882000
2022-09-22,VIX,6430,6060,6060,6340,5510.3876953125,8012800,50801152000
2022-09-23,VIX,6400,6120,6380,6150,5341.208984375,7110600,43730190000
2022-09-26,VIX,6030,5740,5980,5790,5027.02001953125,14771100,85524669000
2022-09-27,VIX,5900,5590,5860,5620,4882.009765625,8135200,45719824000
2022-09-28,VIX,5740,5540,5570,5570,4833.67333984375,8034700,44753279000
2022-09-29,VIX,5760,5170,5740,5170,4495.31591796875,8209700,42444149000
2022-09-30,VIX,5450,4890,5140,5450,4737.0,9100500,49597725000
2022-10-03,VIX,5440,5070,5430,5070,4408.31005859375,5927700,30053439000
2022-10-04,VIX,5200,4800,5200,4800,4171.4599609375,9083600,43601280000
2022-10-05,VIX,5120,4920,4930,5120,4451.81298828125,7693700,39391744000
2022-10-06,VIX,5120,4770,5120,4770,4142.4580078125,11418200,54464814000
2022-10-07,VIX,4710,4440,4510,4440,3857.271240234375,17161100,76195284000
2022-10-10,VIX,4590,4170,4230,4520,3924.942626953125,8505400,38444408000
2022-10-11,VIX,4500,4210,4500,4210,3654.257080078125,6802400,28638104000
2022-10-12,VIX,4450,3950,3950,4230,3673.591552734375,10069300,42593139000
2022-10-13,VIX,4310,4090,4280,4120,3576.918212890625,7754600,31948952000
2022-10-14,VIX,4400,4300,4400,4400,3823.435546875,9864100,43402040000
2022-10-17,VIX,4620,4370,4400,4620,4011.94873046875,12869100,59455242000
2022-10-18,VIX,4790,4600,4780,4600,3997.44775390625,11001400,50606440000
2022-10-19,VIX,4670,4470,4650,4490,3910.441650390625,7808800,35061512000
2022-10-20,VIX,4490,4280,4450,4330,3760.59765625,7646200,33108046000
2022-10-21,VIX,4370,4030,4330,4030,3499.579345703125,11962600,48209278000
2022-10-24,VIX,4030,3750,4019,3750,3257.895751953125,10960200,41100750000
2022-10-25,VIX,4010,3490,3540,3670,3190.224365234375,10953000,40197510000
2022-10-26,VIX,3830,3500,3760,3500,3045.214111328125,4443100,15550850000
2022-10-27,VIX,3750,3570,3600,3750,3257.895751953125,9401800,35256750000
2022-10-28,VIX,4019,3900,3920,4019,3485.078369140625,16794300,67496291700
2022-10-31,VIX,4230,3850,4019,4170,3625.2548828125,10665400,44474718000
2022-11-01,VIX,4370,4200,4260,4280,3712.260986328125,12930300,55341684000
2022-11-02,VIX,4310,4160,4280,4200,3644.589599609375,8592900,36090180000
2022-11-03,VIX,4250,4070,4070,4200,3644.589599609375,8329900,34985580000
2022-11-04,VIX,4170,3910,4170,3910,3393.238525390625,13098100,51213571000
2022-11-07,VIX,3980,3630,3910,3630,3156.388671875,10233000,37145790000
2022-11-08,VIX,3870,3470,3500,3870,3364.236572265625,7369700,28520739000
2022-11-09,VIX,4050,3820,3950,3900,3383.5712890625,6035000,23536500000
2022-11-10,VIX,3860,3620,3780,3620,3146.72119140625,5490700,19876334000
2022-11-11,VIX,3780,3390,3680,3390,2948.540771484375,10411700,35295663000
2022-11-14,VIX,3300,3160,3280,3160,2745.5263671875,13073600,41312576000
2022-11-15,VIX,3060,2940,2960,2940,2557.01318359375,7867300,23129862000
2022-11-16,VIX,3150,2740,2740,3150,2735.859130859375,15305400,48212010000
2022-11-17,VIX,3370,3270,3270,3370,2924.372314453125,6042300,20362551000
2022-11-18,VIX,3600,3180,3390,3600,3127.386474609375,19700600,70922160000
2022-11-21,VIX,3820,3580,3700,3780,3286.897705078125,13172900,49793562000
2022-11-22,VIX,4050,3660,3730,3810,3311.066162109375,18308600,69755766000
2022-11-23,VIX,3880,3590,3750,3590,3112.885498046875,9753200,35013988000
2022-11-24,VIX,3830,3470,3550,3830,3330.40087890625,10819900,41440217000
2022-11-25,VIX,4110,3920,4050,4110,3562.417236328125,13102900,53852919000
2022-11-28,VIX,4320,3910,4170,4230,3673.591552734375,34946500,147823695000
2022-11-29,VIX,4490,4050,4230,4300,3741.26318359375,18053400,77629620000
2022-11-30,VIX,4460,4170,4320,4370,3799.26708984375,15304300,66879791000
2022-12-01,VIX,4680,4360,4480,4450,3866.9384765625,24992800,111217960000
2022-12-02,VIX,4750,4280,4370,4750,4132.79052734375,19022500,90356875000
2022-12-05,VIX,4960,4740,4960,4800,4166.62646484375,21778500,104536800000
2022-12-06,VIX,4800,4460,4710,4460,3876.60595703125,24702700,110174042000
2022-12-07,VIX,4450,4150,4440,4150,3605.920166015625,20636300,85640645000
2022-12-08,VIX,4440,4250,4270,4440,3857.271240234375,18948700,84132228000
2022-12-09,VIX,4710,4500,4660,4710,4089.28759765625,23665600,111464976000
2022-12-12,VIX,4940,4390,4790,4390,3813.76806640625,21521500,94479385000
2022-12-13,VIX,4690,4280,4410,4690,4074.78662109375,15955700,74832233000
2022-12-14,VIX,4830,4620,4800,4680,4069.952880859375,14168900,66310452000
2022-12-15,VIX,4710,4460,4590,4600,3997.44775390625,12745900,58631140000
2022-12-16,VIX,4660,4480,4520,4620,4011.94873046875,14015800,64752996000
2022-12-19,VIX,4920,4610,4670,4620,4011.94873046875,25340100,117071262000
2022-12-20,VIX,4670,4290,4620,4290,3731.595703125,25567600,109685004000
2022-12-21,VIX,4420,3990,4400,3990,3470.577392578125,20827400,83101326000
2022-12-22,VIX,4090,3790,4070,4010,3480.24462890625,13229000,53048290000
2022-12-23,VIX,4050,3840,3980,3860,3354.5693359375,8404500,32441370000
2022-12-26,VIX,3860,3600,3860,3600,3122.552978515625,14373000,51742800000
2022-12-27,VIX,3850,3570,3570,3850,3340.068115234375,10954700,42175595000
2022-12-28,VIX,3880,3750,3840,3780,3286.897705078125,6315900,23874102000
2022-12-29,VIX,3820,3700,3750,3720,3228.893798828125,5500400,20461488000
2022-12-30,VIX,3770,3610,3760,3610,3141.8876953125,6527000,23562470000
2023-01-03,VIX,3860,3620,3630,3860,3359.40283203125,9767400,37702164000
2023-01-04,VIX,4059,3870,3950,3870,3364.236572265625,11718600,45350982000
2023-01-05,VIX,4000,3850,3940,3960,3446.408935546875,9044500,35816220000
2023-01-06,VIX,4080,3910,3980,3910,3398.072265625,10139400,39645054000
2023-01-09,VIX,3980,3920,3960,3920,3407.73974609375,7561100,29639512000
2023-01-10,VIX,3950,3790,3940,3900,3383.5712890625,6650200,25935780000
2023-01-11,VIX,4070,3920,3950,3920,3402.906005859375,8038500,31510920000
2023-01-12,VIX,4000,3920,3930,3980,3456.076416015625,6748300,26858234000
2023-01-13,VIX,4140,3990,3990,4059,3523.747802734375,14464500,58711405500
2023-01-16,VIX,4080,3950,4059,4030,3504.4130859375,6767700,27273831000
2023-01-17,VIX,4230,4030,4070,4230,3673.591552734375,10437500,44150625000
2023-01-18,VIX,4280,4160,4260,4230,3673.591552734375,10396000,43975080000
2023-01-19,VIX,4330,4130,4140,4310,3746.0966796875,14144400,60962364000
2023-01-27,VIX,4530,4330,4350,4450,3866.9384765625,13359500,59449775000
2023-01-30,VIX,4480,4330,4450,4330,3755.76416015625,14735800,63806014000
2023-01-31,VIX,4400,4150,4330,4400,3818.601806640625,16705900,73505960000
2023-02-01,VIX,4470,4090,4450,4090,3552.749755859375,20265900,82887531000
2023-02-02,VIX,4140,4019,4120,4030,3504.4130859375,11010000,44370300000
2023-02-03,VIX,4120,4019,4070,4080,3543.08251953125,7248900,29575512000
2023-02-06,VIX,4230,4010,4030,4230,3673.591552734375,6366700,26931141000
2023-02-07,VIX,4290,4070,4230,4080,3543.08251953125,10678300,43567464000
2023-02-08,VIX,4210,4040,4120,4140,3596.2529296875,6536000,27059040000
2023-02-09,VIX,4210,4110,4140,4130,3591.419189453125,4456400,18404932000
2023-02-10,VIX,4140,3980,4120,3980,3460.909912109375,7731700,30772166000
2023-02-13,VIX,3950,3700,3950,3700,3219.226318359375,14992300,55471510000
2023-02-14,VIX,3780,3700,3730,3760,3267.56298828125,4065000,15284400000
2023-02-15,VIX,3880,3730,3730,3810,3311.066162109375,5332800,20317968000
2023-02-16,VIX,4000,3860,3860,3990,3470.577392578125,6314000,25192860000
2023-02-17,VIX,4090,3950,3950,4000,3475.4111328125,7373600,29494400000
2023-02-20,VIX,4260,4019,4019,4250,3692.92626953125,8203100,34863175000
2023-02-21,VIX,4320,4140,4310,4140,3601.086669921875,8565500,35461170000
2023-02-22,VIX,4050,3910,3920,3910,3398.072265625,12580900,49191319000
2023-02-23,VIX,3910,3720,3890,3900,3383.5712890625,12515600,48810840000
2023-02-24,VIX,3950,3780,3950,3780,3277.23046875,12660100,47855178000
2023-02-27,VIX,3750,3660,3720,3670,3190.224365234375,12983000,47647610000
2023-02-28,VIX,3780,3650,3730,3650,3175.723388671875,7761900,28330935000
2023-03-01,VIX,3860,3630,3670,3860,3344.90185546875,5212900,20121794000
2023-03-02,VIX,3890,3780,3890,3780,3286.897705078125,3310700,12514446000
2023-03-03,VIX,3830,3700,3790,3700,3214.392578125,3256800,12050160000
2023-03-06,VIX,3840,3760,3760,3760,3262.7294921875,2949000,11088240000
2023-03-07,VIX,3810,3720,3760,3780,3277.23046875,3621400,13688892000
2023-03-08,VIX,3820,3720,3730,3810,3311.066162109375,3790800,14442948000
2023-03-09,VIX,3920,3820,3820,3860,3354.5693359375,7017600,27087936000
2023-03-10,VIX,3850,3790,3830,3790,3291.7314453125,2471200,9365848000
2023-03-13,VIX,3780,3720,3750,3770,3272.396728515625,5951400,22436778000
2023-03-14,VIX,3810,3730,3780,3750,3253.06201171875,4708400,17656500000
2023-03-15,VIX,4010,3830,3890,4010,3480.24462890625,15321100,61437611000
2023-03-16,VIX,3990,3900,3950,3900,3383.5712890625,6493700,25325430000
2023-03-17,VIX,4050,3890,3950,4050,3518.9140625,9303300,37678365000
2023-03-20,VIX,3980,3870,3980,3870,3364.236572265625,4899200,18959904000
2023-03-21,VIX,3950,3840,3950,3930,3412.5732421875,2264300,8898699000
2023-03-22,VIX,3970,3930,3970,3940,3407.73974609375,2816100,11095434000
2023-03-23,VIX,3970,3860,3860,3970,3417.406982421875,5656900,22457893000
2023-03-24,VIX,4090,3980,3980,4019,3509.246826171875,9855100,39607646900
2023-03-27,VIX,4280,4059,4070,4210,3668.758056640625,15760600,66352126000
2023-03-28,VIX,4360,4190,4300,4190,3659.090576171875,12268000,51402920000
2023-03-29,VIX,4240,4140,4210,4170,3663.92431640625,6937600,28929792000
2023-03-30,VIX,4330,4210,4330,4220,3659.090576171875,9947200,41977184000
2023-03-31,VIX,4330,4120,4210,4290,3721.928466796875,13892700,59599683000
2023-04-03,VIX,4470,4400,4470,4450,3886.273193359375,13581900,60439455000
2023-04-04,VIX,4610,4420,4490,4580,3987.780517578125,16467600,75421608000
2023-04-05,VIX,4650,4520,4560,4620,4031.283447265625,9968400,46054008000
2023-04-06,VIX,4720,4330,4660,4460,3813.76806640625,15207000,67823220000
2023-04-07,VIX,4500,4370,4410,4490,3900.7744140625,15873900,71273811000
2023-04-10,VIX,4710,4520,4620,4550,3939.443603515625,14770900,67207595000
2023-04-11,VIX,4600,4430,4530,4590,4011.94873046875,13563500,62256465000
2023-04-12,VIX,4650,4490,4640,4540,3915.275390625,10108000,45890320000
2023-04-13,VIX,4540,4370,4510,4390,3818.601806640625,15579000,68391810000
2023-04-14,VIX,4450,4230,4440,4260,3625.2548828125,14884100,63406266000
2023-04-17,VIX,4280,4170,4210,4270,3707.42724609375,9105800,38881766000
2023-04-18,VIX,4370,4240,4280,4330,3770.26513671875,8807700,38137341000
2023-04-19,VIX,4440,4240,4370,4240,3688.0927734375,8721100,36977464000
2023-04-20,VIX,4280,4230,4240,4260,3683.259033203125,4640200,19767252000
2023-04-21,VIX,4440,4250,4250,4330,3746.0966796875,12405900,53717547000
2023-04-24,VIX,4490,4270,4310,4450,3886.273193359375,16541600,73610120000
2023-04-25,VIX,4590,4320,4520,4350,3779.932373046875,13771200,59904720000
2023-04-26,VIX,4420,4330,4330,4380,3818.601806640625,8564200,37511196000
2023-04-27,VIX,4460,4330,4410,4360,3779.932373046875,7613200,33193552000
2023-04-28,VIX,4440,4370,4370,4410,3837.9365234375,7548300,33288003000
2023-05-04,VIX,4720,4390,4430,4710,4103.78857421875,36182000,170417220000
2023-05-05,VIX,4930,4740,4740,4870,4248.798828125,23142200,112702514000
2023-05-08,VIX,5070,4910,4960,4940,4253.63232421875,24102200,119064868000
2023-05-09,VIX,5140,4840,4910,5120,4548.486328125,23226600,118920192000
2023-05-10,VIX,5390,5310,5310,5370,4645.16015625,13357100,71727627000
2023-05-11,VIX,5390,5250,5340,5270,4567.8212890625,19005500,100158985000
2023-05-12,VIX,5550,5180,5260,5510,4833.67333984375,19820400,109210404000
2023-05-15,VIX,5760,5440,5700,5450,4664.49462890625,19726000,107506700000
2023-05-16,VIX,5670,5380,5390,5620,4978.68359375,19497400,109575388000
2023-05-17,VIX,5810,5490,5740,5530,4804.67138671875,16048800,88749864000
2023-05-18,VIX,5700,5490,5570,5550,4591.98974609375,18404400,102144420000
2023-05-19,VIX,5460,5290,5340,5450,4737.0,22443500,122317075000
2023-05-22,VIX,5620,5410,5510,5460,4766.001953125,15101600,82454736000
2023-05-23,VIX,5590,5380,5540,5440,4712.83154296875,20438500,111185440000
2023-05-24,VIX,5530,5400,5470,5450,4712.83154296875,23933600,130438120000
2023-05-25,VIX,5720,5580,5630,5600,4885.03076171875,19224400,107656640000
2023-05-26,VIX,5960,5580,5620,5800,5069.2666015625,18990500,110144900000
2023-05-29,VIX,6080,5850,5900,6080,5303.748046875,15559100,94599328000
2023-05-30,VIX,6170,5980,6100,6050,5275.83349609375,19299500,116761975000
2023-05-31,VIX,6080,5980,6050,5990,5231.17041015625,15668800,93856112000
2023-06-01,VIX,6270,5990,6010,6250,5448.9033203125,17985300,112408125000
2023-06-02,VIX,6470,6310,6310,6380,5566.14404296875,23512700,150011026000
2023-06-05,VIX,6560,6330,6470,6380,5566.14404296875,23119100,147499858000
2023-06-06,VIX,6690,6340,6380,6690,5834.12255859375,20654700,138179943000
2023-06-07,VIX,6910,6560,6720,6910,6029.52392578125,15972400,110369284000
2023-06-08,VIX,7230,6850,6880,6850,5973.69482421875,31851300,218181405000
2023-06-09,VIX,7170,6850,6910,7170,6252.83984375,22491000,161260470000
2023-06-12,VIX,7270,6950,7230,7040,6141.181640625,14619000,102917760000
2023-06-13,VIX,7200,6970,7110,6970,6085.35302734375,16155700,112605229000
2023-06-14,VIX,7070,6790,7010,6790,5917.8662109375,17028100,115620799000
2023-06-15,VIX,6850,6650,6790,6810,5945.78076171875,15110900,102905229000
2023-06-16,VIX,7270,6950,7010,6970,6085.35302734375,30384200,211777874000
2023-06-19,VIX,7110,6910,7010,6970,6085.35302734375,13014500,90711065000
2023-06-20,VIX,7070,6850,6970,7070,6169.09619140625,10661700,75378219000
2023-06-21,VIX,7460,7070,7140,7430,6476.1552734375,21285500,158151265000
2023-06-22,VIX,7550,7360,7520,7550,6476.1552734375,13288000,100324400000
2023-06-23,VIX,7940,7480,7590,7810,6811.12890625,19869500,155180795000
2023-06-26,VIX,7740,7270,7680,7360,6420.32666015625,68551296,504537538560
2023-06-27,VIX,7460,6970,7460,7110,6197.0107421875,23758800,168925068000
2023-06-28,VIX,7320,6950,7110,7170,6252.83984375,16516200,118421154000
2023-06-29,VIX,7170,6810,7170,6850,5973.69482421875,16236000,111216600000
2023-06-30,VIX,6950,6790,6790,6910,6029.52392578125,12210500,84374555000
2023-07-03,VIX,7070,6880,6970,7010,6113.267578125,7998000,56065980000
2023-07-04,VIX,7390,6970,7010,7360,6420.32666015625,19399700,142781792000
2023-07-05,VIX,7520,7320,7430,7360,6420.32666015625,21827900,160653344000
2023-07-06,VIX,7390,6970,7270,7170,6252.83984375,20331900,145779723000
2023-07-07,VIX,7300,6850,6970,7270,6336.5830078125,24664200,179308734000
2023-07-10,VIX,7430,7270,7360,7390,6448.24072265625,18546600,137059374000
2023-07-11,VIX,7590,7360,7460,7360,6420.32666015625,19674400,144803584000
2023-07-12,VIX,7460,7230,7360,7270,6336.5830078125,12472000,90671440000
2023-07-13,VIX,7520,7320,7360,7480,6531.984375,14424200,107893016000
2023-07-14,VIX,8000,7520,7620,8000,6978.61572265625,42224700,337797600000
2023-07-17,VIX,8420,8100,8290,8189,7146.1025390625,26733900,218923907100
2023-07-18,VIX,8260,8000,8260,8260,7201.931640625,13871200,114576112000
2023-07-19,VIX,8740,8260,8380,8380,7313.58935546875,34498800,289099944000
2023-07-20,VIX,8700,8350,8480,8670,7564.8193359375,21298100,184654527000
2023-07-21,VIX,9090,8800,8930,8960,7816.0498046875,24399200,218616832000
2023-07-24,VIX,9120,8800,9090,9120,7955.6220703125,19330900,176297808000
2023-07-25,VIX,9160,8860,9120,8960,7816.0498046875,16235100,145466496000
2023-07-26,VIX,9210,8800,8960,9210,8039.365234375,18324100,168764961000
2023-07-27,VIX,9410,9020,9370,9250,8067.27978515625,19486900,180253825000
2023-07-28,VIX,9730,9180,9210,9730,8485.9970703125,33466700,325630991000
2023-07-31,VIX,10050,9730,9920,10050,8765.1416015625,29136700,292823835000
2023-08-01,VIX,10240,9690,10240,9790,8541.8251953125,27403500,268280265000
2023-08-02,VIX,10470,9660,9730,10470,9128.029296875,29697700,310934919000
2023-08-03,VIX,10910,10330,10470,10790,9407.173828125,37890000,408833100000
2023-08-04,VIX,10880,10560,10880,10720,9351.3447265625,21457400,230023328000
2023-08-07,VIX,10980,10680,10880,10820,9435.0888671875,22862200,247369004000
2023-08-08,VIX,10910,10310,10910,10310,8988.45703125,25984100,267896071000
2023-08-09,VIX,10560,10110,10270,10400,9072.2001953125,23013000,239335200000
2023-08-10,VIX,10500,10110,10500,10270,8960.54296875,21713700,222999699000
2023-08-11,VIX,10370,9950,10370,10370,9044.2861328125,19695300,204240261000
2023-08-14,VIX,10880,10370,10500,10880,9490.9169921875,40845300,444396864000
2023-08-15,VIX,10980,10630,10950,10980,9574.6611328125,30104300,330545214000
2023-08-16,VIX,11680,10790,10880,11680,10188.779296875,43470200,507731936000
2023-08-17,VIX,11970,11550,11740,11650,10160.8642578125,30795400,358766410000
2023-08-18,VIX,11520,10840,11420,10840,9463.0029296875,37040000,401513600000
2023-08-21,VIX,10820,10110,10750,10500,9155.943359375,40496100,425209050000
2023-08-22,VIX,10880,9790,10630,10880,9490.9169921875,41746900,454206272000
2023-08-23,VIX,11100,10560,11070,10680,9323.4306640625,26066700,278392356000
2023-08-24,VIX,11420,10630,10820,11420,9965.462890625,38715000,442125300000
2023-08-25,VIX,11710,11230,11420,11650,10160.8642578125,42437900,494401535000
2023-08-28,VIX,12000,11650,11710,12000,10467.923828125,32148300,385779600000
2023-08-29,VIX,12160,11580,12160,12000,10467.923828125,38024500,456294000000
2023-08-30,VIX,12480,11710,12000,12450,10858.7255859375,37976300,472804935000
2023-08-31,VIX,12680,12290,12480,12680,11054.126953125,33021900,418717692000
2023-09-05,VIX,12770,12480,12770,12570,10970.3837890625,31375500,394390035000
2023-09-06,VIX,13050,12320,12570,12860,11221.6142578125,42709500,549244170000
2023-09-07,VIX,12930,12610,12930,12730,11109.9560546875,31460000,400485800000
2023-09-08,VIX,12890,12610,12640,12680,11054.126953125,26292400,333387632000
2023-09-11,VIX,12860,12350,12770,12350,10774.982421875,44899400,554507590000
2023-09-12,VIX,13190,12260,12380,13190,11500.7587890625,38159100,503318529000
2023-09-13,VIX,13280,12640,13190,12800,11165.78515625,38055500,487110400000
2023-09-14,VIX,12860,12260,12800,12350,10774.982421875,40416000,499137600000
2023-09-15,VIX,12570,12030,12480,12540,10942.4697265625,34389400,431243076000
2023-09-18,VIX,12540,12100,12420,12190,10635.41015625,30840100,375940819000
2023-09-19,VIX,12350,11650,12320,12030,10635.41015625,38605400,464422962000
2023-09-20,VIX,12680,11970,12100,12640,11026.212890625,26477600,334676864000
2023-09-21,VIX,12640,12130,12640,12190,10635.41015625,31435300,383196307000
2023-09-22,VIX,11840,11360,11740,11360,9909.634765625,64651100,734436496000
2023-09-25,VIX,11390,10590,11170,10590,9239.6875,38759100,410458869000
2023-09-26,VIX,11000,9920,10240,10050,8765.1416015625,56084700,563651235000
2023-09-27,VIX,10590,9480,10110,10590,9239.6875,47829100,506510169000
2023-09-28,VIX,10530,10050,10530,10170,8876.798828125,31375400,319087818000
2023-09-29,VIX,10470,10050,10330,10080,8793.0556640625,20660600,208258848000
2023-10-02,VIX,10560,10010,10110,10240,8932.6279296875,30483800,312154112000
2023-10-03,VIX,10110,9530,10010,9530,8318.509765625,37147800,354018534000
2023-10-04,VIX,10050,8990,8990,9690,8458.08203125,44958100,435643989000
2023-10-05,VIX,9890,9090,9760,9090,7927.70751953125,23176100,210670749000
2023-10-06,VIX,9690,9060,9060,9690,8458.08203125,37828900,366562041000
2023-10-09,VIX,9950,9630,9760,9890,8625.5693359375,25316300,250378207000
2023-10-10,VIX,10330,9920,10050,9950,8681.3984375,31678400,315200080000
2023-10-11,VIX,10270,9790,9990,10270,8960.54296875,22644200,232555934000
2023-10-12,VIX,10430,10080,10430,10170,8876.798828125,20755700,211085469000
2023-10-13,VIX,10270,9760,9950,10050,8765.1416015625,27355800,274925790000
2023-10-16,VIX,10150,9790,10050,9790,8541.8251953125,19235500,188315545000
2023-10-17,VIX,10110,9160,9920,9160,7983.53662109375,21891200,200523392000
2023-10-18,VIX,9790,9160,9410,9500,8290.595703125,48845800,464035100000
2023-10-19,VIX,9690,9180,9570,9210,8039.365234375,23731900,218570799000
2023-10-20,VIX,9660,8830,9250,9600,8374.3388671875,27968700,268499520000
2023-10-23,VIX,9660,9160,9600,9210,8039.365234375,20967000,193106070000
2023-10-24,VIX,9480,9180,9340,9410,8206.8525390625,17873900,168193399000
2023-10-25,VIX,9760,9340,9480,9370,8178.9375,24900600,233318622000
2023-10-26,VIX,9160,8740,9120,8740,7620.6484375,46463900,406094486000
2023-10-27,VIX,8960,8260,8960,8700,7592.73388671875,32405600,281928720000
2023-10-30,VIX,8670,8100,8510,8100,7062.35888671875,21232000,171979200000
2023-10-31,VIX,8320,7550,8060,7710,6727.3857421875,36020400,277717284000
2023-11-01,VIX,8189,7620,7840,8189,7146.1025390625,38898700,318541454300
2023-11-02,VIX,8740,8350,8450,8740,7620.6484375,34187000,298794380000
2023-11-03,VIX,9020,8580,8830,8740,7620.6484375,39567500,345819950000
2023-11-06,VIX,8900,8640,8860,8860,7732.30615234375,26572700,235434122000
2023-11-07,VIX,9020,8640,8740,8740,7620.6484375,29527900,258073846000
2023-11-08,VIX,9340,8740,8800,9340,8151.02294921875,46780300,436928002000
2023-11-09,VIX,9990,9600,9690,9990,8709.3125,61692300,616306077000
2023-11-10,VIX,10530,9830,9850,10080,8793.0556640625,56222700,566724816000
2023-11-13,VIX,10370,9760,10210,10210,8904.7138671875,45324000,462758040000
2023-11-14,VIX,10680,10240,10500,10330,9016.37109375,34908100,360600673000
2023-11-15,VIX,10820,10310,10790,10470,9128.029296875,40181500,420700305000
2023-11-16,VIX,10750,10270,10330,10750,9379.259765625,35444200,381025150000
2023-11-17,VIX,10910,10240,10750,10370,9044.2861328125,61236100,635018357000
2023-11-20,VIX,10880,10110,10110,10820,9435.0888671875,49138000,531673160000
2023-11-21,VIX,11040,10720,10950,10880,9490.9169921875,29376700,319618496000
2023-11-22,VIX,11070,10720,10880,11000,9602.5751953125,42751200,470263200000
2023-11-23,VIX,11200,10240,11140,10240,8932.6279296875,45211400,462964736000
2023-11-24,VIX,10630,9990,10430,10630,9267.6015625,56859900,604420737000
2023-11-27,VIX,10630,10270,10630,10310,8988.45703125,22101800,227869558000
2023-11-28,VIX,10430,9920,10310,10400,9072.2001953125,35570300,369931120000
2023-11-29,VIX,10590,10370,10500,10530,9183.8583984375,24052300,253270719000
2023-11-30,VIX,10820,10470,10470,10500,9155.943359375,38612500,405431250000
2023-12-01,VIX,10790,10430,10630,10680,9323.4306640625,29422400,314231232000
2023-12-04,VIX,11420,10950,10980,11390,9937.548828125,68838096,784065913440
2023-12-05,VIX,11490,11260,11390,11330,9881.7197265625,32030100,362901033000
2023-12-06,VIX,11620,11260,11330,11550,10077.12109375,29383800,339382890000
2023-12-07,VIX,11580,10880,11550,11170,9742.1474609375,73885104,825296611680
2023-12-08,VIX,11260,10880,11200,11000,9602.5751953125,23882500,262707500000
2023-12-11,VIX,11070,10630,10880,10950,9546.74609375,41138300,450464385000
2023-12-12,VIX,11100,10910,11000,10950,9546.74609375,12588200,137840790000
2023-12-13,VIX,11100,10630,11070,10630,9267.6015625,28221900,299998797000
2023-12-14,VIX,10820,10500,10790,10530,9183.8583984375,24074000,253499220000
2023-12-15,VIX,10820,10430,10500,10560,9211.7724609375,24036200,253822272000
2023-12-18,VIX,10660,10470,10630,10500,9155.943359375,12670000,133035000000
2023-12-19,VIX,10750,10470,10500,10750,9379.259765625,16399400,176293550000
2023-12-20,VIX,10980,10680,10820,10840,9463.0029296875,17481900,189503796000
2023-12-21,VIX,10820,10680,10680,10790,9407.173828125,10020900,108125511000
2023-12-22,VIX,10980,10660,10820,10680,9323.4306640625,19619900,209540532000
2023-12-25,VIX,10950,10630,10720,10820,9435.0888671875,19444900,210393818000
2023-12-26,VIX,11000,10840,10910,10950,9546.74609375,15361800,168211710000
2023-12-27,VIX,11170,10950,11000,10950,9546.74609375,19914400,218062680000
2023-12-28,VIX,11070,10880,10910,10950,9546.74609375,17094000,187179300000
2023-12-29,VIX,11040,10910,11000,10950,9546.74609375,13095800,143399010000
2024-01-02,VIX,11100,10330,11070,10500,9155.943359375,51739900,543268950000
2024-01-03,VIX,10660,10470,10470,10660,9295.5166015625,13671800,145741388000
2024-01-04,VIX,11040,10680,10680,10720,9351.3447265625,31652100,339310512000
2024-01-05,VIX,10820,10630,10820,10720,9351.3447265625,12793200,137143104000
2024-01-08,VIX,10980,10720,10820,10820,9435.0888671875,20208100,218651642000
2024-01-09,VIX,11070,10820,10910,10840,9463.0029296875,25700700,278595588000
2024-01-10,VIX,10880,10630,10840,10680,9323.4306640625,18711900,199843092000
2024-01-11,VIX,11070,10750,10820,11000,9602.5751953125,42515800,467673800000
2024-01-12,VIX,11100,10790,10910,10840,9463.0029296875,36632100,397091964000
2024-01-15,VIX,11000,10680,10950,10680,9323.4306640625,21280400,227274672000
2024-01-16,VIX,10910,10630,10660,10910,9518.83203125,17245700,188150587000
2024-01-17,VIX,11490,10910,10980,11170,9742.1474609375,52825200,590057484000
2024-01-18,VIX,11330,11100,11200,11170,9742.1474609375,19269900,215244783000
2024-01-19,VIX,11460,11070,11390,11100,9686.318359375,26828400,297795240000
2024-01-22,VIX,11260,10910,11200,11100,9686.318359375,23008300,255392130000
2024-01-23,VIX,11200,11070,11140,11100,9686.318359375,16659800,184923780000
2024-01-24,VIX,11330,11100,11100,11140,9714.2333984375,24395100,271761414000
2024-01-25,VIX,11230,11100,11230,11100,9714.2333984375,9967400,110638140000
2024-01-26,VIX,11200,11070,11100,11100,9686.318359375,13983800,155220180000
2024-01-29,VIX,11230,11040,11140,11040,9630.4892578125,14750000,162840000000
2024-01-30,VIX,11140,10950,11040,11140,9714.2333984375,14185800,158029812000
2024-01-31,VIX,11460,11140,11170,11170,9742.1474609375,37296800,416605256000
2024-02-01,VIX,11230,11100,11200,11140,9714.2333984375,12072900,134492106000
2024-02-02,VIX,11520,11170,11230,11330,9714.2333984375,39022200,442121526000
2024-02-05,VIX,11460,11300,11360,11390,9937.548828125,15557700,177202203000
2024-02-06,VIX,11710,11420,11460,11520,10049.20703125,25528000,294082560000
2024-02-07,VIX,11680,11420,11580,11580,10105.03515625,16138800,186887304000
2024-02-15,VIX,11680,11390,11650,11420,9965.462890625,24610900,281056478000
2024-02-16,VIX,11620,11390,11420,11490,10021.2919921875,21892500,251544825000
2024-02-19,VIX,11520,11200,11490,11460,9993.3779296875,27335500,313264830000
2024-02-20,VIX,11970,11520,11520,11710,10216.693359375,49421900,578730449000
2024-02-21,VIX,11840,11620,11740,11740,10244.607421875,24689500,289854730000
2024-02-22,VIX,11780,11550,11710,11550,10077.12109375,15180100,175330155000
2024-02-23,VIX,11650,11170,11650,11200,9770.0615234375,37253400,417238080000
2024-02-26,VIX,11620,11070,11170,11490,10021.2919921875,24947100,286642179000
2024-02-27,VIX,11810,11460,11580,11580,10105.03515625,22081700,255706086000
2024-02-28,VIX,11810,11520,11650,11620,10132.9501953125,28140100,326987962000
2024-02-29,VIX,12030,11620,11710,11710,10216.693359375,36495800,427365818000
2024-03-01,VIX,12130,11740,11740,12100,10551.6669921875,38393700,464563770000
2024-03-04,VIX,12380,12030,12350,12100,10551.6669921875,25303600,306173560000
2024-03-05,VIX,12260,11900,12130,12220,10663.3251953125,29867300,364978406000
2024-03-06,VIX,12350,11870,12260,11970,10440.0087890625,28514200,341314974000
2024-03-07,VIX,12800,11940,11970,12680,11054.126953125,63121400,800379352000
2024-03-08,VIX,12890,12420,12770,12450,10858.7255859375,38530900,479709705000
2024-03-11,VIX,12570,12030,12450,12420,10830.8115234375,34039700,422773074000
2024-03-12,VIX,12320,11970,12260,12030,10495.837890625,34312900,412784187000
2024-03-13,VIX,12860,12060,12060,12860,11221.6142578125,37286500,479504390000
2024-03-14,VIX,13730,12800,12890,13310,11612.4169921875,46825800,623251398000
2024-03-15,VIX,13570,12960,13310,13310,11612.4169921875,25393300,337984823000
2024-03-18,VIX,13570,12380,13440,12640,11026.212890625,62725200,792846528000
2024-03-19,VIX,12770,12350,12770,12350,10774.982421875,23912800,295323080000
2024-03-20,VIX,12800,12290,12420,12800,11165.78515625,28825700,368968960000
2024-03-21,VIX,13190,12770,13150,12890,11249.5283203125,32807200,422884808000
2024-03-22,VIX,13250,12730,13050,12890,11249.5283203125,39365100,507416139000
2024-03-25,VIX,13250,12800,13250,12930,11277.443359375,40039600,517712028000
2024-03-26,VIX,13410,12680,12930,13410,11696.16015625,35860900,480894669000
2024-03-27,VIX,13670,13250,13670,13440,11724.07421875,26462600,355657344000
2024-03-28,VIX,13600,13280,13600,13440,11724.07421875,29128100,391481664000
2024-03-29,VIX,13440,13120,13440,13150,11472.8447265625,29218300,384220645000
2024-04-01,VIX,13310,12860,13090,13150,11472.8447265625,31818500,418413275000
2024-04-02,VIX,13410,12890,13120,13410,11696.16015625,25867300,346880493000
2024-04-03,VIX,13690,13120,13440,13120,11444.9296875,42439900,556811488000
2024-04-04,VIX,13190,12800,13150,12860,11221.6142578125,30664900,394350614000
2024-04-05,VIX,12700,12350,12680,12350,10774.982421875,51517300,636238655000
2024-04-08,VIX,12450,12130,12450,12130,10579.5810546875,33944100,411741933000
2024-04-09,VIX,12570,12130,12220,12570,10970.3837890625,27604300,346986051000
2024-04-10,VIX,12570,12290,12570,12290,10719.1533203125,17468800,214691552000
2024-04-11,VIX,12380,12100,12130,12260,10691.2392578125,26483000,324681580000
2024-04-12,VIX,12610,12290,12420,12480,10886.640625,22798700,284527776000
2024-04-15,VIX,12640,11620,12450,11620,10132.9501953125,43872200,509794964000
2024-04-16,VIX,11650,10840,11580,11420,9965.462890625,62504400,713800248000
2024-04-17,VIX,11550,10880,11520,10880,9490.9169921875,32305000,351478400000
2024-04-19,VIX,11000,10240,10630,10430,9100.115234375,47414700,494535321000
2024-04-22,VIX,11140,10660,10790,10980,9574.6611328125,27927800,306647244000
2024-04-23,VIX,11000,10530,10980,10590,9239.6875,20899500,221325705000
2024-04-24,VIX,11140,10720,10820,11040,9630.4892578125,26365800,291078432000
2024-04-25,VIX,11000,10820,10980,10950,9546.74609375,15161200,166015140000
2024-04-26,VIX,10950,10680,10680,10790,9407.173828125,16459000,177592610000
2024-05-02,VIX,10840,10630,10790,10720,9351.3447265625,11509400,123380768000
2024-05-03,VIX,10950,10680,10880,10750,9379.259765625,14412500,154934375000
2024-05-06,VIX,11300,10820,10880,11260,9825.890625,28662500,322739750000
2024-05-07,VIX,11300,11100,11260,11200,9770.0615234375,14662100,164215520000
2024-05-08,VIX,11360,10980,11070,11200,9770.0615234375,22962200,257176640000
2024-05-09,VIX,11330,11000,11260,11040,9630.4892578125,17253400,190477536000
2024-05-10,VIX,11260,10980,11140,11230,9797.9765625,18466000,207373180000
2024-05-13,VIX,11390,11140,11260,11230,9797.9765625,17701600,198788968000
2024-05-14,VIX,11360,11170,11260,11200,9770.0615234375,9984700,111828640000
2024-05-15,VIX,11620,11200,11200,11420,9965.462890625,27860800,318170336000
2024-05-16,VIX,11740,11520,11580,11620,10132.9501953125,27146500,315442330000
2024-05-17,VIX,11810,11550,11650,11680,10188.779296875,20800900,242954512000
2024-05-20,VIX,11900,11680,11840,11680,10188.779296875,22182800,259095104000
2024-05-21,VIX,11780,11490,11680,11710,10216.693359375,20781800,243354878000
2024-05-22,VIX,12000,11580,11740,11650,10160.8642578125,28465200,331619580000
2024-05-23,VIX,11780,11300,11620,11780,10272.5224609375,29132500,343180850000
2024-05-24,VIX,11680,11170,11620,11330,9881.7197265625,34730400,393495432000
2024-05-27,VIX,11490,11200,11330,11460,9993.3779296875,11674100,133785186000
2024-05-28,VIX,11650,11460,11520,11620,10132.9501953125,15171500,176292830000
2024-05-29,VIX,11780,11460,11620,11520,10049.20703125,18816300,216763776000
2024-05-30,VIX,11550,11230,11360,11460,9993.3779296875,21945200,251491992000
2024-05-31,VIX,11680,11460,11460,11520,10049.20703125,16869900,194341248000
2024-06-03,VIX,11840,11650,11650,11740,10049.20703125,23339400,274004556000
2024-06-04,VIX,11940,11680,11780,11680,10188.779296875,17645100,206094768000
2024-06-05,VIX,11840,11620,11780,11620,10132.9501953125,13273400,154236908000
2024-06-06,VIX,11740,11520,11650,11580,10105.03515625,11665700,135088806000
2024-06-07,VIX,11680,11550,11650,11550,10077.12109375,12232300,141283065000
2024-06-10,VIX,11810,11580,11620,11680,10188.779296875,14502000,169383360000
2024-06-11,VIX,11780,11580,11740,11740,10244.607421875,17089900,200635426000
2024-06-12,VIX,12320,11780,11810,12190,10635.41015625,50539200,616072848000
2024-06-13,VIX,12320,12100,12290,12100,10551.6669921875,15162300,183463830000
2024-06-14,VIX,12290,11650,12190,11650,10160.8642578125,32262000,375852300000
2024-06-17,VIX,11780,11550,11650,11650,10160.8642578125,17129000,199552850000
2024-06-18,VIX,11810,11620,11740,11650,10160.8642578125,13424600,156396590000
2024-06-19,VIX,11710,11520,11650,11550,10077.12109375,15750500,181918275000
2024-06-20,VIX,11620,11260,11620,11260,9825.890625,22939200,258295392000
2024-06-21,VIX,11390,11200,11300,11200,9770.0615234375,15258900,170899680000
2024-06-24,VIX,11260,10630,11200,10680,9323.4306640625,33192500,354495900000
2024-06-25,VIX,10840,10660,10750,10750,9379.259765625,10805700,116161275000
2024-06-26,VIX,10910,10680,10750,10750,9379.259765625,7789700,83739275000
2024-06-27,VIX,10840,10660,10750,10750,9379.259765625,7150700,76870025000
2024-06-28,VIX,10820,10370,10750,10500,9155.943359375,15197200,159570600000
2024-07-01,VIX,10660,10400,10560,10630,9267.6015625,6408700,68124481000
2024-07-02,VIX,10790,10660,10680,10790,9407.173828125,5463100,58946849000
2024-07-03,VIX,10980,10790,10790,10910,9518.83203125,7895700,86142087000
2024-07-04,VIX,11070,10820,10950,10840,9463.0029296875,6217500,67397700000
2024-07-05,VIX,10880,10680,10880,10750,9379.259765625,6754800,72614100000
2024-07-08,VIX,10910,10720,10840,10750,9379.259765625,6437900,69207425000
2024-07-09,VIX,11070,10750,10750,11040,9630.4892578125,13005100,143576304000
2024-07-10,VIX,11070,10880,11040,10880,9490.9169921875,6093700,66299456000
2024-07-11,VIX,11070,10910,10980,11000,9602.5751953125,9638400,106022400000
2024-07-12,VIX,11070,10790,11040,10790,9407.173828125,9459200,102064768000
2024-07-15,VIX,10880,10750,10840,10790,9407.173828125,5485800,59191782000
2024-07-16,VIX,11000,10790,10840,10820,9435.0888671875,8490500,91867210000
2024-07-17,VIX,11000,10530,10950,10630,9267.6015625,14003900,148861457000
2024-07-18,VIX,10840,10500,10680,10840,9463.0029296875,7969300,86387212000
2024-07-19,VIX,10820,10110,10790,10110,8820.970703125,55222400,558298464000
2024-07-22,VIX,9950,9440,9850,9440,8234.7666015625,27572200,260281568000
2024-07-23,VIX,9600,8900,9570,8930,7788.13525390625,31441600,280773488000
2024-07-24,VIX,9320,8670,8670,9280,8095.1943359375,18622400,172815872000
2024-07-25,VIX,9280,8960,9280,8990,7843.9638671875,9187300,82593827000
2024-07-26,VIX,9090,8740,9090,8830,7704.3916015625,20236800,178690944000
2024-07-29,VIX,9090,8860,8900,8900,7760.220703125,22024400,196017160000
2024-07-30,VIX,8900,8450,8900,8450,7369.41796875,39949300,337571585000
2024-07-31,VIX,9000,8880,9000,9000,8617.4716796875,28663500,257971500000
2024-08-01,VIX,9240,8720,9240,8920,8540.8720703125,32787900,292468068000
2024-08-02,VIX,9240,8800,8880,9200,8808.970703125,24816400,228310880000
2024-08-05,VIX,9200,8600,8920,8680,8311.072265625,24602800,213552304000
2024-08-06,VIX,9000,8680,8920,8920,8540.8720703125,15203300,135613436000
2024-08-07,VIX,9000,8760,9000,8920,8540.8720703125,11779100,105069572000
2024-08-08,VIX,9080,8800,8800,8880,8502.5712890625,11727900,104143752000
2024-08-09,VIX,9160,8920,9040,9080,8694.0712890625,21616400,196276912000
2024-08-12,VIX,9200,9040,9120,9200,8808.970703125,13020800,119791360000
2024-08-13,VIX,9200,8920,9200,9080,8694.0712890625,15174500,137784460000
2024-08-14,VIX,9160,8840,9160,8880,8502.5712890625,17980300,159665064000
2024-08-15,VIX,8960,8720,8920,8960,8579.171875,15148700,135732352000
2024-08-16,VIX,9560,8960,9000,9560,9153.669921875,55165900,527386004000
2024-08-19,VIX,9800,9480,9760,9600,9191.9697265625,25136700,241312320000
2024-08-20,VIX,9880,9400,9600,9720,9306.869140625,37741700,366849324000
2024-08-21,VIX,9800,9560,9680,9800,9383.46875,22595700,221437860000
2024-08-22,VIX,9800,9640,9800,9720,9306.869140625,18601500,180806580000
2024-08-23,VIX,9800,9520,9720,9720,9306.869140625,28508900,277106508000
2024-08-26,VIX,9920,9640,9840,9720,9306.869140625,31266200,303907464000
2024-08-27,VIX,9720,9440,9680,9520,9115.3701171875,26442400,251731648000
2024-08-28,VIX,9640,9320,9560,9640,9230.26953125,36321300,350137332000
2024-08-29,VIX,9880,9520,9680,9720,9306.869140625,54515500,529890660000
2024-08-30,VIX,9760,9520,9760,9720,9306.869140625,40942100,397957212000
2024-09-04,VIX,9680,9480,9520,9600,9191.9697265625,20352200,195381120000
2024-09-05,VIX,9760,9440,9720,9520,9115.3701171875,20041100,190791272000
2024-09-06,VIX,9560,9320,9520,9440,9038.76953125,17922300,169186512000
2024-09-09,VIX,9440,9240,9440,9320,8923.8701171875,14059000,131029880000
2024-09-10,VIX,9440,9000,9440,9080,8694.0712890625,21326400,193643712000
2024-09-11,VIX,9200,8920,9080,9040,8655.771484375,14810100,133883304000
2024-09-12,VIX,9240,9000,9200,9000,8617.4716796875,8021600,72194400000
2024-09-13,VIX,9200,9000,9120,9040,8655.771484375,11841900,107050776000
2024-09-16,VIX,9120,8840,9120,8840,8464.271484375,12148800,107395392000
2024-09-17,VIX,9040,8840,8840,9040,8655.771484375,10040600,90767024000
2024-09-18,VIX,9280,9040,9080,9080,8694.0712890625,15519400,140916152000
2024-09-19,VIX,9160,9040,9160,9120,8732.37109375,8365000,76288800000
2024-09-20,VIX,9280,9000,9200,9000,8617.4716796875,34788200,313093800000
2024-09-23,VIX,9160,9040,9120,9080,8694.0712890625,9292300,84374084000
2024-09-24,VIX,9160,9040,9120,9120,8732.37109375,7783800,70988256000
2024-09-25,VIX,9600,9160,9160,9600,9191.9697265625,39869600,382748160000
2024-09-26,VIX,9680,9520,9640,9560,9153.669921875,19666300,188009828000
2024-09-27,VIX,9720,9480,9600,9520,9115.3701171875,23206000,220921120000
2024-09-30,VIX,9760,9440,9560,9600,9191.9697265625,23709300,227609280000
2024-10-01,VIX,10120,9600,9680,9880,9460.068359375,50102400,495011712000
2024-10-02,VIX,9920,9720,9840,9760,9345.1689453125,21606200,210876512000
2024-10-03,VIX,9880,9360,9840,9480,9077.0703125,36110100,342323748000
2024-10-04,VIX,9560,9400,9480,9440,9038.76953125,14097600,133081344000
2024-10-07,VIX,9560,9360,9480,9480,9077.0703125,11837800,112222344000
2024-10-08,VIX,9720,9360,9480,9600,9191.9697265625,27947000,268291200000
2024-10-09,VIX,9760,9520,9640,9640,9230.26953125,18933100,182515084000
2024-10-10,VIX,9760,9400,9720,9480,9077.0703125,27572900,261391092000
2024-10-11,VIX,9520,9440,9480,9520,9115.3701171875,12856900,122397688000
2024-10-14,VIX,9640,9120,9560,9200,8808.970703125,47401800,436096560000
2024-10-15,VIX,9280,9040,9200,9040,8655.771484375,19075700,172444328000
2024-10-16,VIX,9200,8960,9080,9040,8655.771484375,20853900,188519256000
2024-10-17,VIX,9160,8920,9080,9160,8770.6708984375,16469900,150864284000
2024-10-18,VIX,9280,9120,9280,9120,8732.37109375,8806800,80318016000
2024-10-21,VIX,9440,9040,9120,9240,8847.2705078125,29166500,269498460000
2024-10-22,VIX,9360,9120,9240,9200,8808.970703125,14411300,132583960000
2024-10-23,VIX,9240,9120,9200,9160,8770.6708984375,8938400,81875744000
2024-10-24,VIX,9160,9000,9160,9000,8617.4716796875,15051100,135459900000
2024-10-25,VIX,9080,8880,9080,8880,8502.5712890625,11382400,101075712000
2024-10-28,VIX,8880,8720,8800,8760,8387.671875,32908200,288275832000
2024-10-29,VIX,8920,8760,8800,8800,8425.9716796875,14649800,128918240000
2024-10-30,VIX,8840,8640,8800,8680,8311.072265625,14315000,124254200000
2024-10-31,VIX,8800,8640,8720,8760,8387.671875,13709900,120098724000
2024-11-01,VIX,8760,8600,8720,8600,8234.47265625,11088800,95363680000
2024-11-04,VIX,8680,8400,8680,8600,8234.47265625,25135900,216168740000
2024-11-05,VIX,8680,8480,8600,8480,8119.5732421875,9901900,83968112000
2024-11-06,VIX,8680,8480,8560,8640,8272.7724609375,15273800,131965632000
2024-11-07,VIX,8760,8600,8720,8600,8234.47265625,11310900,97273740000
2024-11-08,VIX,8680,8520,8640,8520,8157.873046875,10132900,86332308000
2024-11-11,VIX,8560,8360,8520,8400,8042.97314453125,18359300,154218120000
2024-11-12,VIX,8520,8280,8440,8320,7966.37353515625,16101100,133961152000
2024-11-13,VIX,8320,8000,8280,8119,7774.8740234375,37984500,308396155500
2024-11-14,VIX,8160,7920,8080,7940,7598.69482421875,20729900,164595406000
2024-11-15,VIX,8000,7680,7930,7760,7430.17529296875,29351400,227766864000
2024-11-18,VIX,8080,7720,7720,7920,7583.375,24066900,190609848000
2024-11-19,VIX,7980,7660,7920,7660,7338.255859375,14856600,113801556000
2024-11-20,VIX,7870,7550,7660,7740,7414.85546875,20069900,155341026000
2024-11-21,VIX,7900,7740,7760,7900,7560.39501953125,12212100,96475590000
2024-11-22,VIX,7900,7780,7890,7780,7445.4951171875,13558800,105487464000
2024-11-25,VIX,7910,7780,7780,7860,7529.7548828125,13241300,104076618000
2024-11-26,VIX,8200,7860,7860,8080,7736.57421875,24994000,201951520000
2024-11-27,VIX,8160,8000,8119,8039,7698.2744140625,8478700,68160269300
2024-11-28,VIX,8160,8000,8119,8000,7659.974609375,11562600,92500800000
2024-11-29,VIX,8160,7980,8000,8039,7698.2744140625,15915100,127941488900
2024-12-02,VIX,8160,8000,8119,8039,7698.2744140625,8431100,67777612900
2024-12-03,VIX,8080,7900,8000,7900,7568.0546875,20594400,162695760000
2024-12-04,VIX,7950,7770,7900,7770,7437.83544921875,15773100,122556987000
2024-12-05,VIX,8280,7690,7800,8280,7928.07373046875,36627400,303274872000
2024-12-06,VIX,8400,8160,8320,8160,7813.173828125,24868100,202923696000
2024-12-09,VIX,8320,8160,8200,8200,7851.47412109375,16018400,131350880000
2024-12-10,VIX,8280,8160,8160,8160,7813.173828125,12191000,99478560000
2024-12-11,VIX,8240,8080,8200,8119,7774.8740234375,12128300,98469667700
2024-12-12,VIX,8200,8080,8119,8119,7774.8740234375,8531300,69265624700
2024-12-13,VIX,8160,8039,8080,8039,7698.2744140625,8828900,70975527100
2024-12-16,VIX,8320,8039,8039,8280,7928.07373046875,23363300,193448124000
2024-12-17,VIX,8320,8240,8320,8240,7889.77392578125,13213300,108877592000
2024-12-18,VIX,8360,8200,8240,8280,7928.07373046875,13446000,111332880000
2024-12-19,VIX,8240,8080,8200,8160,7813.173828125,19957000,162849120000
2024-12-20,VIX,8240,8080,8200,8240,7889.77392578125,28825900,237525416000
2024-12-23,VIX,8280,8160,8240,8160,7813.173828125,10009300,81675888000
2024-12-24,VIX,8200,8039,8160,8080,7736.57421875,10966400,88608512000
2024-12-25,VIX,8320,8080,8080,8200,7851.47412109375,14037100,115104220000
2024-12-26,VIX,8240,8119,8200,8119,7774.8740234375,7500800,60898995200
2024-12-27,VIX,8200,8080,8119,8119,7774.8740234375,9085600,73765986400
2024-12-30,VIX,8160,7990,8119,8000,7659.974609375,12057500,96460000000
2024-12-31,VIX,8039,7880,8000,7880,7545.07470703125,14713800,115944744000
2025-01-02,VIX,8080,7870,7870,7950,7614.0146484375,8591000,68298450000
2025-01-03,VIX,8000,7890,7960,7890,7552.73486328125,10941300,86326857000
2025-01-06,VIX,7910,7640,7890,7680,7353.57568359375,14300600,109828608000
2025-01-07,VIX,7790,7570,7720,7600,7276.9755859375,12106000,92005600000
2025-01-08,VIX,7750,7600,7600,7710,7384.21533203125,7523700,58007727000
2025-01-09,VIX,7740,7640,7690,7640,7322.935546875,5551700,42414988000
2025-01-10,VIX,7670,7360,7640,7360,7047.1767578125,20384700,150031392000
2025-01-13,VIX,7390,7220,7320,7300,6985.89697265625,17489000,127669700000
2025-01-14,VIX,7390,7230,7300,7230,6924.6171875,10708400,77421732000
2025-01-15,VIX,7430,7230,7230,7400,7085.4765625,11082000,82006800000
2025-01-16,VIX,7840,7470,7470,7530,7085.4765625,14603400,109963602000
2025-01-17,VIX,7640,7530,7590,7580,7253.99609375,8462200,64143476000
2025-01-20,VIX,7680,7530,7580,7630,7299.95556640625,14100100,107583763000
2025-01-21,VIX,7720,7610,7630,7660,7338.255859375,11194500,85749870000
2025-01-22,VIX,7740,7540,7670,7540,7223.35595703125,9683900,73016606000
2025-01-23,VIX,7720,7540,7560,7660,7338.255859375,13938700,106770442000
2025-01-24,VIX,8000,7680,7680,7910,7575.71484375,23384600,184972186000
2025-02-03,VIX,8000,7680,7680,7870,7537.4150390625,11027200,86784064000
2025-02-04,VIX,8119,7900,7900,8119,7774.8740234375,24068300,195410527700
2025-02-05,VIX,8160,7980,8160,7990,7652.314453125,18885900,150898341000
2025-02-06,VIX,8240,8000,8080,8039,7698.2744140625,23316200,187438931800
2025-02-07,VIX,8119,8000,8119,8080,7736.57421875,10815300,87387624000
2025-02-10,VIX,8080,7950,8039,7970,7629.33447265625,20728200,165203754000
2025-02-11,VIX,8000,7950,7970,7950,7614.0146484375,8591300,68300835000
2025-02-12,VIX,8119,7950,7950,7980,7644.65478515625,15566200,124218276000
2025-02-13,VIX,8160,7970,7980,8039,7698.2744140625,17348500,139464591500
2025-02-14,VIX,8240,8080,8080,8119,7774.8740234375,25225600,204806646400
2025-02-17,VIX,8680,8119,8160,8600,8234.47265625,87797000,755054200000
2025-02-18,VIX,8920,8560,8680,8760,8387.671875,42349200,370978992000
2025-02-19,VIX,8960,8760,8840,8960,8579.171875,49089700,439843712000
2025-02-20,VIX,9160,8880,9000,9000,8617.4716796875,49075500,441679500000
2025-02-21,VIX,9040,8880,8960,9040,8655.771484375,29387600,265663904000
2025-02-24,VIX,9240,8920,9000,9200,8808.970703125,42253400,388731280000
2025-02-25,VIX,9360,9120,9240,9160,8770.6708984375,51596300,472622108000
2025-02-26,VIX,9360,9120,9200,9160,8770.6708984375,36947400,338438184000
2025-02-27,VIX,9280,8960,9200,9200,8808.970703125,39566700,364013640000
2025-02-28,VIX,9360,9080,9200,9160,8770.6708984375,35634800,326414768000
2025-03-03,VIX,9600,9040,9160,9440,9038.76953125,65459400,617936736000
2025-03-04,VIX,9480,8800,9360,9200,8808.970703125,96300704,885966476800
2025-03-05,VIX,9360,8880,9200,8880,8502.5712890625,59867900,531626952000
2025-03-06,VIX,9480,8960,9000,9480,9077.0703125,113122704,1072403233920
2025-03-07,VIX,9720,9440,9600,9480,9077.0703125,40172000,380830560000
2025-03-10,VIX,9720,9480,9520,9520,9115.3701171875,39652300,377489896000
2025-03-11,VIX,9640,9240,9360,9560,9153.669921875,45997000,439731320000
2025-03-12,VIX,10000,9600,9600,9960,9536.66796875,87926304,875745987840
2025-03-13,VIX,10000,9680,9920,9760,9345.1689453125,41309900,403184624000
2025-03-14,VIX,9920,9640,9680,9840,9421.7685546875,33569400,330322896000
2025-03-17,VIX,9960,9800,9840,9840,9421.7685546875,22900000,225336000000
2025-03-18,VIX,10000,9680,9960,9760,9345.1689453125,32914800,321248448000
2025-03-19,VIX,9760,9520,9720,9680,9268.5693359375,25783800,249587184000
2025-03-20,VIX,9920,9640,9720,9840,9421.7685546875,24819000,244218960000
2025-03-21,VIX,9960,9760,9760,9800,9383.46875,28560000,279888000000
2025-03-24,VIX,9880,9680,9800,9880,9460.068359375,25081100,247801268000
2025-03-25,VIX,10280,9840,9960,9960,9536.66796875,58779300,585441828000
2025-03-26,VIX,10240,9920,9960,10080,9651.568359375,48809200,491996736000
2025-03-27,VIX,10200,10040,10160,10040,9613.2685546875,25071200,251714848000
2025-03-28,VIX,10160,9920,10040,10040,9613.2685546875,34013100,341491524000
2025-03-31,VIX,10000,9800,9960,9800,9383.46875,27401500,268534700000
2025-04-01,VIX,10080,9840,9880,10000,9574.9677734375,20158400,201584000000
2025-04-02,VIX,10480,10000,10080,10360,9919.6669921875,62087700,643228572000
2025-04-03,VIX,10080,9640,9960,9640,9230.26953125,71170000,686078800000
2025-04-04,VIX,9600,9000,9000,9600,9191.9697265625,77554400,744522240000
2025-04-08,VIX,9440,8960,9280,8960,8579.171875,21589100,193438336000
2025-04-09,VIX,8840,8360,8360,8360,8004.67333984375,92920704,776817085440
2025-04-10,VIX,8920,8920,8920,8920,8540.8720703125,1233300,11001036000
2025-04-11,VIX,9520,9040,9360,9520,9115.3701171875,71997000,685411440000
2025-04-14,VIX,10160,9520,9640,10160,9728.16796875,61248500,622284760000
2025-04-15,VIX,10480,9800,10160,10080,9651.568359375,51452100,518637168000
2025-04-16,VIX,10280,9880,10200,9960,9536.66796875,30521000,303989160000
2025-04-17,VIX,10240,9840,9840,10040,9613.2685546875,37149800,372983992000
2025-04-18,VIX,10560,10080,10200,10160,9728.16796875,90243800,916877008000
2025-04-21,VIX,10440,9840,10360,10000,9574.9677734375,42548600,425486000000
2025-04-22,VIX,10040,9320,9800,9760,9345.1689453125,109293200,1066701632000
2025-04-23,VIX,10160,9800,10120,9800,9383.46875,23702500,232284500000
2025-04-24,VIX,9920,9480,9920,9680,9268.5693359375,42194500,408442760000
2025-04-25,VIX,9800,9520,9800,9600,9191.9697265625,24851100,238570560000
2025-04-28,VIX,9760,9560,9720,9640,9230.26953125,18906700,182260588000
2025-04-29,VIX,9720,9560,9640,9560,9153.669921875,17988200,171967192000
2025-05-05,VIX,9960,9920,9960,9960,9536.66796875,33787000,336518520000
2025-05-06,VIX,10120,9800,10040,9840,9536.66796875,30955400,304601136000
2025-05-07,VIX,9920,9680,9800,9720,9421.7685546875,27039700,262825884000
2025-05-08,VIX,10000,9760,9800,9920,9306.869140625,25755200,255491584000
2025-05-09,VIX,10240,9920,10000,9960,9498.3681640625,38831900,386765724000
2025-05-12,VIX,10120,9920,10040,10080,9651.568359375,29467400,297031392000
2025-05-13,VIX,10600,10160,10320,10280,9651.568359375,60474000,621672720000
2025-05-14,VIX,10480,10160,10280,10280,9843.0673828125,37213600,382555808000
2025-05-15,VIX,10520,10160,10360,10480,9843.0673828125,47917400,502174352000
2025-05-16,VIX,10720,10440,10520,10440,10034.56640625,67956896,709469994240
2025-05-19,VIX,10520,10240,10360,10240,9804.767578125,43199400,442361856000
2025-05-20,VIX,10720,10160,10280,10640,9804.767578125,64797400,689444336000
2025-05-21,VIX,10880,10600,10760,10720,10187.7666015625,49411300,529689136000
2025-05-22,VIX,11400,10680,10760,10840,10264.3662109375,105880304,1147742495360
2025-05-23,VIX,11080,10640,11040,10720,10379.265625,42501200,455612864000
2025-05-26,VIX,10920,10360,10760,10840,10379.265625,54036500,585755660000
2025-05-27,VIX,11080,10760,10920,10880,10379.265625,46189100,502537408000
2025-05-28,VIX,11360,10840,11080,11040,10417.5654296875,74828200,826103328000
2025-05-29,VIX,11400,10960,11120,11120,10570.7646484375,55360700,615610984000
2025-05-30,VIX,11280,10800,11120,10920,10647.3642578125,44885500,490149660000
2025-06-02,VIX,11120,10800,10880,11120,10647.3642578125,33480800,372306496000
2025-06-03,VIX,11560,11160,11320,11240,10647.3642578125,65402200,735120728000
2025-06-04,VIX,11480,11200,11280,11280,10762.2646484375,39324700,443582616000
2025-06-05,VIX,11360,10960,11280,11080,10800.564453125,50710300,561870124000
2025-06-06,VIX,11080,10760,11040,10840,10609.064453125,47686000,516916240000
2025-06-09,VIX,10920,10480,10840,10520,10072.8662109375,37896600,398672232000
2025-06-10,VIX,10760,10520,10520,10560,10072.8662109375,38515700,406725792000
2025-06-11,VIX,10800,10560,10680,10640,10111.166015625,23927500,254588600000
2025-06-12,VIX,10840,10680,10720,10720,10187.7666015625,26886400,288222208000
2025-06-13,VIX,10600,10240,10520,10400,10264.3662109375,65948900,685868560000
2025-06-16,VIX,10640,10320,10320,10640,10187.7666015625,23979700,255144008000
2025-06-17,VIX,10720,10480,10680,10520,10187.7666015625,27625800,290623416000
2025-06-18,VIX,10750,10540,10710,10580,10576.509765625,22702900,240196682000
2025-06-19,VIX,10580,10420,10580,10460,10134.146484375,15391600,160996136000
2025-06-20,VIX,10670,10500,10540,10540,10013.501953125,14686900,154799926000
2025-06-23,VIX,10500,10210,10460,10460,10013.501953125,22294700,233202562000
2025-06-24,VIX,11000,10630,10670,10840,10013.501953125,53372200,578554648000
2025-06-25,VIX,10920,10750,10880,10790,10375.435546875,21455400,231503766000
2025-06-26,VIX,10790,10580,10750,10670,10335.220703125,17666900,188505823000
2025-06-27,VIX,10840,10630,10790,10670,10214.576171875,16828200,179556894000
2025-06-30,VIX,10920,10710,10840,10710,10254.791015625,19153200,205130772000
2025-07-01,VIX,10840,10630,10840,10750,10254.791015625,25903800,278465850000
2025-07-02,VIX,11470,10750,10750,11470,10295.005859375,120961800,1387431846000
2025-07-03,VIX,12260,11420,11510,11890,10978.658203125,125401104,1491019126560
2025-07-04,VIX,12430,12010,12010,12220,11380.8076171875,74330400,908317488000
2025-07-07,VIX,12770,12220,12390,12470,11943.8154296875,69939104,872140626880
2025-07-08,VIX,12770,12390,12470,12730,11943.8154296875,55672600,708712198000
2025-07-09,VIX,13440,12850,12850,13060,12185.1044921875,60326700,787866702000
2025-07-10,VIX,13230,12770,13150,13100,12506.8232421875,46300600,606537860000
2025-07-11,VIX,13520,12980,13100,13310,12547.0380859375,50644800,674082288000
2025-07-14,VIX,13360,12890,13310,13270,12707.8974609375,46475900,616735193000
2025-07-15,VIX,14030,13190,13230,13440,12707.8974609375,60606300,814548672000
2025-07-16,VIX,14360,13440,13440,14360,12868.7568359375,91904896,1319754306560
2025-07-17,VIX,15120,14570,14870,14830,13753.484375,51288400,760606972000
2025-07-18,VIX,15830,14950,15040,15830,14195.84765625,65011100,1029125713000
2025-07-21,VIX,16550,15620,16340,16210,15522.9384765625,71038704,1151537391840
2025-07-22,VIX,17350,16040,16090,17350,15522.9384765625,61721300,1070864555000
2025-07-23,VIX,18520,17510,18060,18190,16608.740234375,64590100,1174893919000
2025-07-24,VIX,18900,17980,18480,18900,17413.037109375,44869600,848035440000
2025-07-25,VIX,20200,19070,19240,20200,18096.689453125,35258900,712229780000
2025-07-28,VIX,21590,21130,21500,21590,20670.44140625,32943200,711243688000
2025-07-29,VIX,22970,20120,22970,20120,20670.44140625,118786000,2389974320000
2025-07-30,VIX,21500,19700,20500,21500,19262.921875,72979104,1569050736000
2025-07-31,VIX,22930,21460,22090,22930,20590.01171875,54199600,1242796828000
2025-08-01,VIX,23350,21840,22930,22090,21957.31640625,50221700,1109397353000
2025-08-04,VIX,23440,21250,21290,23270,22279.03515625,45086000,1049151220000
2025-08-05,VIX,23900,21670,23900,22510,22279.03515625,77812600,1751561626000
2025-08-06,VIX,24070,22220,22640,23940,21555.16796875,60174500,1440577530000
2025-08-07,VIX,24530,23310,24530,23810,22922.474609375,39959500,951435695000
2025-08-08,VIX,24530,23390,23980,23940,22801.830078125,52277200,1251516168000
2025-08-11,VIX,25160,23860,24360,24570,23525.697265625,46874400,1151704008000
2025-08-12,VIX,25370,24360,24860,25200,23525.697265625,31299200,788739840000
2025-08-13,VIX,25580,23770,25200,25490,24128.919921875,61939500,1578837855000
2025-08-14,VIX,27260,25580,25620,27260,24410.423828125,38549200,1050851192000
2025-08-15,VIX,29150,28140,29150,29150,26099.44921875,45093800,1314484270000
2025-08-18,VIX,31080,29610,30580,31080,29759.001953125,38995000,1211964600000
2025-08-19,VIX,31960,30070,31290,30490,29759.001953125,33039100,1007362159000
2025-08-20,VIX,31460,28390,30490,30660,29195.9921875,48731400,1494104724000
2025-08-21,VIX,31500,29400,31330,29400,29356.8515625,33667700,989830380000
2025-08-22,VIX,29820,27640,28900,28980,28150.40625,43479600,1260038808000
2025-08-25,VIX,30620,27130,30620,27380,26220.09375,35657100,976291398000
2025-08-26,VIX,29270,27130,27260,29270,26220.09375,32111700,939909459000
2025-08-27,VIX,31290,29820,30280,30950,28029.76171875,61173100,1893307445000
2025-08-28,VIX,32299,30110,31080,32259,29638.357421875,58098900,1874212415100
2025-08-29,VIX,32970,31630,32590,31670,30885.017578125,64672100,2048165407000
2025-09-03,VIX,31790,31000,31580,31460,30120.935546875,22924900,721217354000
2025-09-04,VIX,31880,31160,31790,31500,30120.935546875,24527700,772622550000
2025-09-05,VIX,31920,29820,31920,30240,30161.150390625,38178100,1154505744000
2025-09-08,VIX,30200,28140,30200,28140,26943.9609375,48937200,1377092808000
2025-09-09,VIX,29820,26500,27380,29820,26943.9609375,38455200,1146734064000
2025-09-10,VIX,30620,29530,30580,30070,28552.5546875,33130600,996237142000
2025-09-11,VIX,29990,27970,29990,29230,28793.84375,44949800,1313882654000
2025-09-12,VIX,29530,28850,29440,29400,27989.546875,27309800,802908120000
2025-09-15,VIX,31460,30240,30660,31460,27989.546875,49369000,1553148740000
2025-09-16,VIX,33560,31500,33560,31920,30120.935546875,62363500,1990642920000
2025-09-17,VIX,31670,30660,31500,30660,30563.298828125,20204000,619454640000
2025-09-18,VIX,31460,29990,30830,31080,29356.8515625,27618300,858376764000
2025-09-19,VIX,31500,29570,31160,29570,29759.001953125,39114500,1156615765000
2025-09-22,VIX,30410,28180,30240,30370,29075.34765625,47687900,1448281523000
2025-09-23,VIX,31250,30030,30370,31000,29075.34765625,23333000,723323000000
2025-09-24,VIX,31210,30240,31210,31160,29678.572265625,25941200,808327792000
2025-09-25,VIX,31920,31120,31330,31290,29839.431640625,24967300,781226817000
2025-09-26,VIX,31420,30200,31420,30240,29960.076171875,22037800,666423072000
2025-09-29,VIX,30830,29820,30240,30320,29035.1328125,17398800,527531616000
2025-09-30,VIX,30660,29530,30660,30320,29035.1328125,17665600,535620992000
2025-10-01,VIX,31750,30700,30910,31080,29035.1328125,31091800,966333144000
2025-10-02,VIX,31500,30280,31500,30410,29759.001953125,14714700,447474027000
2025-10-03,VIX,30320,29480,30320,29820,29115.5625,22114400,659451408000
2025-10-06,VIX,31880,30240,30660,31880,30523.083984375,44750500,1426645940000
2025-10-07,VIX,32680,31370,31920,31500,30523.083984375,27375700,862334550000
2025-10-08,VIX,32549,30700,32340,32000,30161.150390625,41788400,1337228800000
2025-10-09,VIX,32680,31580,32680,32000,30643.728515625,31750600,1016019200000
2025-10-10,VIX,32509,31460,31920,31630,30643.728515625,40677300,1286622999000
2025-10-13,VIX,31630,30830,31120,31500,30161.150390625,33204000,1045926000000
2025-10-14,VIX,33640,32000,32090,32840,30161.150390625,76556600,2514118744000
2025-10-15,VIX,33770,32890,33430,33260,31448.025390625,42894900,1426684374000
2025-10-16,VIX,33980,32930,33640,33220,31850.173828125,37095400,1232309188000
2025-10-17,VIX,33730,32130,33350,32259,31809.958984375,42432700,1368836469300
2025-10-20,VIX,32759,30030,32090,30030,28753.62890625,45007500,1351575225000
2025-10-21,VIX,30410,28060,29860,29150,28753.62890625,76646096,2234233698400
2025-10-22,VIX,29480,27300,29270,29230,27909.1171875,35307200,1032029456000
2025-10-23,VIX,29400,27800,29400,27800,27989.546875,22088700,614065860000
2025-10-24,VIX,27550,26000,27510,26000,26622.2421875,51360700,1335378200000
2025-10-27,VIX,27640,25870,26040,26040,24933.216796875,56368900,1467846156000
2025-10-28,VIX,26880,25910,26460,26880,24933.216796875,27812200,747591936000
2025-10-29,VIX,27050,26120,26920,26460,25737.513671875,26712800,706820688000
2025-10-30,VIX,26540,24610,26540,24610,25335.365234375,65614800,1614780228000
2025-10-31,VIX,25120,23140,24360,23520,23565.912109375,47723100,1122447312000
2025-11-03,VIX,23650,21880,23520,21880,20951.9453125,70721904,1547395259520
2025-11-04,VIX,23390,21590,21590,23390,22399.6796875,63196200,1478159118000
2025-11-05,VIX,23390,22470,23390,22720,22399.6796875,32145600,730348032000
2025-11-06,VIX,22850,21880,22680,22050,21112.8046875,26169600,577039680000
2025-11-07,VIX,22390,20580,22050,20580,19705.28515625,32217700,663040266000
2025-11-10,VIX,20870,19320,20450,19660,18820.556640625,60743300,1194213278000
2025-11-11,VIX,20500,19490,19910,20450,19584.640625,41135600,841223020000
2025-11-12,VIX,21630,20450,20830,21380,20469.3671875,52122100,1114370498000
2025-11-13,VIX,21460,20830,21420,21000,20107.43359375,36123000,758583000000
2025-11-14,VIX,22050,20750,20920,21670,20750.87109375,47746700,1034670989000
2025-11-17,VIX,21970,21460,21800,21840,20911.73046875,30010300,655424952000
2025-11-18,VIX,22430,21500,21920,21840,20911.73046875,44335700,968291688000
2025-11-19,VIX,21840,20620,21800,21000,20107.43359375,42804700,898898700000
2025-11-20,VIX,21290,20240,21000,20620,19745.5,37869700,780873214000
2025-11-21,VIX,20290,19320,20240,19570,18740.126953125,67511600,1321202012000
2025-11-24,VIX,20160,19490,19780,19780,18941.201171875,30323000,599788940000
2025-11-25,VIX,19870,18820,19870,19240,18418.408203125,52352900,1007269796000
2025-11-26,VIX,20580,19400,19450,20580,19705.28515625,62793200,1292284056000
2025-11-27,VIX,21880,20830,21000,21130,20228.078125,69072000,1459491360000
2025-11-28,VIX,21340,20450,21340,20580,19705.28515625,58439100,1202676678000
2025-12-01,VIX,21080,20200,20660,20580,19705.28515625,36431200,749754096000
2025-12-02,VIX,20620,19820,20620,20540,19665.0703125,40952900,841172566000
2025-12-03,VIX,20710,20120,20710,20410,19544.42578125,31580800,644564128000
2025-12-04,VIX,21210,20580,20580,21040,20147.6484375,54467800,1146002512000
2025-12-05,VIX,21290,20450,21130,20500,19624.85546875,33275900,682155950000
2025-12-08,VIX,20620,19740,20620,19780,18941.201171875,31307000,619252460000
2025-12-09,VIX,19870,18820,19490,19740,18900.986328125,59310100,1170781374000
2025-12-10,VIX,20160,19150,19740,19320,18498.837890625,29271800,565531176000
2025-12-11,VIX,19870,19280,19450,19660,18820.556640625,24943000,490379380000
2025-12-12,VIX,19820,18310,19820,18310,17533.681640625,42260300,773786093000
2025-12-15,VIX,18770,17930,18350,18310,17533.681640625,35419500,648531045000
2025-12-16,VIX,19360,17640,18480,19240,18418.408203125,49663400,955523816000
2025-12-17,VIX,19280,18560,19240,18690,17895.615234375,23712200,443181018000
2025-12-18,VIX,18770,18230,18770,18480,17895.615234375,25574600,472618608000
2025-12-19,VIX,18900,18440,18610,18730,17935.830078125,30813100,577129363000
2025-12-22,VIX,19910,18820,19030,19740,18900.986328125,53301700,1052175558000
2025-12-23,VIX,20410,19610,19910,20080,19222.70703125,49114300,986215144000
2025-12-24,VIX,20160,19610,20080,19820,18981.416015625,27920300,553380346000
2025-12-25,VIX,20450,19320,19910,19320,18981.416015625,37860500,731464860000
2025-12-26,VIX,19570,18440,19320,19150,18337.978515625,45212700,865823205000
2025-12-29,VIX,19490,19070,19320,19150,18337.978515625,13699000,262335850000
2025-12-30,VIX,19450,19070,19280,19240,18418.408203125,24743400,476063016000
2025-12-31,VIX,19360,18820,19360,18900,18096.689453125,19042200,359897580000
2026-01-05,VIX,19030,17600,19030,17640,16890.244140625,81265400,1433521656000
2026-01-06,VIX,18060,16930,17770,17640,16890.244140625,43164400,761420016000
2026-01-07,VIX,18650,17890,17930,18350,17573.896484375,31417800,576516630000
2026-01-08,VIX,19110,18230,18480,18480,17694.541015625,47483100,877487688000
2026-01-09,VIX,18820,17560,18730,17980,17211.962890625,58468700,1051267226000
2026-01-12,VIX,19190,18020,18140,19190,18378.193359375,61552500,1181192475000
2026-01-13,VIX,20500,19700,19740,20500,19624.85546875,101441504,2079550832000
2026-01-14,VIX,21080,19910,20750,20750,19866.14453125,62550900,1297931175000
2026-01-15,VIX,21630,20580,20920,21080,20187.86328125,70439104,1484856312320
2026-01-16,VIX,21380,20330,21380,20750,19866.14453125,50481500,1047491125000
2026-01-19,VIX,22180,20580,20790,21840,20911.73046875,68096704,1487232015360
2026-01-20,VIX,22010,21040,22010,21460,20549.796875,47641400,1022384444000
2026-01-21,VIX,21210,19990,21170,20450,19584.640625,83006800,1697489060000
2026-01-22,VIX,20960,20160,20620,20660,19785.71484375,32701000,675602660000
2026-01-23,VIX,21130,20330,20750,20410,19544.42578125,39699100,810258631000
2026-01-26,VIX,20410,18980,20410,19110,18297.763671875,63125500,1206328305000
2026-01-27,VIX,19400,18770,19280,18980,18177.119140625,35429100,672444318000
2026-01-28,VIX,19150,18270,19150,18520,17734.755859375,46517200,861498544000
2026-01-29,VIX,19070,18480,18650,18480,17694.541015625,20249900,374218152000
2026-01-30,VIX,19070,18190,18610,18980,18177.119140625,29034300,551071014000
2026-02-02,VIX,19030,18100,19030,18400,17614.111328125,36799000,677101600000
2026-02-03,VIX,19360,18560,18610,19070,18257.548828125,35162000,670539340000
2026-02-04,VIX,19700,18980,19280,18980,18177.119140625,29567100,561183558000
2026-02-05,VIX,19150,18560,19150,18650,17855.400390625,20586500,383938225000
2026-02-06,VIX,18610,17810,18560,17810,17051.103515625,38422700,684308287000
2026-02-09,VIX,18190,17510,18100,17510,16769.599609375,20836400,364845364000
2026-02-10,VIX,18020,17300,17680,17810,17051.103515625,24398100,434530161000
2026-02-11,VIX,18860,17890,17930,18650,17855.400390625,30255200,564259480000
2026-02-12,VIX,18820,18230,18820,18400,17614.111328125,15658100,288109040000
2026-02-13,VIX,19240,18190,18400,18940,18136.904296875,32444100,614491254000
2026-02-23,VIX,19240,18140,18980,19110,18297.763671875,49055300,937446783000
2026-02-24,VIX,20290,18900,18940,19490,18659.697265625,55193100,1075713519000
2026-02-25,VIX,19820,19150,19780,19190,18378.193359375,36493600,700312184000
2026-02-26,VIX,19450,18900,19240,19030,18217.333984375,30662100,583499763000
2026-02-27,VIX,19400,18650,19070,18900,18096.689453125,31571200,596695680000
2026-03-02,VIX,18690,17890,17890,17980,17211.962890625,55476100,997460278000
2026-03-03,VIX,18650,17890,17980,18310,17211.962890625,41116100,752835791000
2026-03-04,VIX,18560,17220,18190,17720,16970.673828125,51144500,906280540000
2026-03-05,VIX,18560,17220,18060,17220,16488.095703125,88908600,1531006092000
2026-03-06,VIX,18450,17600,18450,17650,16809.5234375,41810600,737957090000
2026-03-09,VIX,16900,16450,16450,16450,15666.6669921875,17475700,287475265000
2026-03-10,VIX,17050,15850,16750,16000,15238.095703125,46659200,746547200000
2026-03-11,VIX,17100,15850,15900,17100,16285.7138671875,37447500,640352250000
2026-03-12,VIX,17700,16750,17000,16800,16000.0,29465100,495013680000
2026-03-13,VIX,17100,16300,16800,16450,15666.6669921875,25616700,0
2026-03-16,VIX,16800,16050,16650,16200,15428.5712890625,26092800,0
2026-03-17,VIX,17300,16700,16800,16900,16095.23828125,45258800,0
2026-03-18,VIX,17250,16400,17150,16600,15809.5234375,22757000,0
2026-03-19,VIX,16450,15950,16350,16200,15428.5712890625,30442100,0
2026-03-20,VIX,16800,16000,16200,16250,15476.1904296875,31658800,0
2026-03-23,VIX,16100,15150,16000,15350,14619.0478515625,37934000,0
2026-03-24,VIX,16200,15600,15850,15650,14904.76171875,21913000,0
2026-03-25,VIX,16350,15750,15900,16200,15428.5712890625,30948400,0
2026-03-26,VIX,16300,15900,16200,16000,15238.095703125,17744800,0
2026-03-27,VIX,16850,16000,16050,16750,15952.380859375,38991900,0
2026-03-30,VIX,16750,16050,16200,16350,15571.4287109375,25131800,0
2026-03-31,VIX,17100,16400,16550,16650,15857.142578125,27092000,0
2026-04-01,VIX,17400,16900,17100,17000,16190.4765625,46206200,0
2026-04-02,VIX,17000,16350,16800,16600,15809.5234375,27862700,0
2026-04-03,VIX,16800,16149,16600,16200,15428.5712890625,34839900,0
2026-04-06,VIX,16400,15850,16200,15850,15095.23828125,37052200,0
2026-04-07,VIX,16950,16000,16149,16950,16142.857421875,38743600,0
2026-04-08,VIX,18100,17600,18000,18100,17238.095703125,75304704,0
2026-04-09,VIX,18400,17750,17800,18000,17142.857421875,55459800,0
2026-04-10,VIX,18600,18000,18300,18050,17190.4765625,41339400,0
2026-04-13,VIX,18300,17700,17750,18050,17190.4765625,33383500,0
2026-04-14,VIX,18500,17900,18400,18150,17285.71484375,32339900,0
2026-04-15,VIX,18700,18100,18400,18200,17333.333984375,50125900,0
2026-04-16,VIX,18300,17600,18200,17800,16952.380859375,43405900,0
2026-04-17,VIX,18000,17500,17900,17500,16666.666015625,30422300,0
2026-04-20,VIX,17700,16900,17150,17400,16571.427734375,42443200,0
2026-04-21,VIX,17650,17000,17550,17050,16238.095703125,30362900,0
2026-04-22,VIX,17300,17050,17150,17050,16238.095703125,21439300,0
2026-04-23,VIX,17200,16300,17100,16850,16047.619140625,53326200,0
2026-04-24,VIX,16900,16500,16900,16600,15809.5234375,17019900,0
2026-04-28,VIX,16750,16300,16700,16350,15571.4287109375,16127000,0
2026-04-29,VIX,16800,16350,16400,16700,15904.76171875,15745500,0
2026-05-04,VIX,17100,16750,16850,16850,16047.619140625,15282000,0
2026-05-05,VIX,16850,16450,16850,16450,15666.6669921875,14854800,0
2026-05-06,VIX,17600,16500,16600,17600,16761.904296875,56148500,0
2026-05-07,VIX,18450,17700,17900,17700,16857.142578125,56206300,0
2026-05-08,VIX,18850,17600,17700,18600,17714.28515625,79495296,0
2026-05-11,VIX,19850,18750,18850,19350,18428.572265625,104290200,0
2026-05-12,VIX,19500,18800,19400,19050,18142.857421875,38021700,0
2026-05-13,VIX,19400,18100,19100,18800,17904.76171875,67829200,0
2026-05-14,VIX,19200,18650,18900,18850,17952.380859375,23964800,0
2026-05-15,VIX,19400,18650,19050,18750,17857.142578125,31944500,0
2026-05-18,VIX,19000,18250,18400,19000,18095.23828125,44228700,0
2026-05-19,VIX,19800,18850,19250,19250,18333.333984375,62922000,0
2026-05-20,VIX,19400,18000,19100,18800,17904.76171875,50873500,0
2026-05-21,VIX,19350,18800,19050,19100,18190.4765625,36978900,0
2026-05-22,VIX,19300,18250,18950,18550,17666.666015625,67503200,0
2026-05-25,VIX,18850,18400,18650,18550,17666.666015625,20461700,0
2026-05-26,VIX,18950,18450,18500,18650,17761.904296875,24638100,0
2026-05-27,VIX,18900,18350,18700,18350,17476.19140625,27774200,0
2026-05-28,VIX,18600,17600,18250,17600,16761.904296875,60299500,0
2026-05-29,VIX,18100,17350,17400,17700,16857.142578125,49019800,0
2026-06-01,VIX,18200,17600,17700,17900,17047.619140625,36602100,0
2026-06-02,VIX,18050,17350,17850,17400,16571.427734375,30678000,0
2026-06-03,VIX,17900,17350,17500,17900,17047.619140625,29458500,0
2026-06-04,VIX,18100,17600,18000,17900,17047.619140625,23370300,0
2026-06-05,VIX,18100,17750,17950,17750,16904.76171875,25959500,0
2026-06-08,VIX,17400,16750,17350,16850,16047.619140625,55523600,0
2026-06-09,VIX,17150,16800,16950,17100,16285.7138671875,24269200,0
2026-06-10,VIX,17350,16900,17000,17050,16238.095703125,21205400,0
2026-06-11,VIX,17050,16700,16900,16850,16047.619140625,28072000,0
2026-06-12,VIX,17200,16850,17150,17050,16238.095703125,25908000,0
2026-06-15,VIX,17900,17250,17300,17600,16761.904296875,51564200,0
2026-06-16,VIX,18200,17500,17650,18000,17142.857421875,42854900,0
2026-06-17,VIX,18200,17850,18050,17950,17095.23828125,30885200,0
2026-06-18,VIX,18100,17700,17800,17700,16857.142578125,31325000,0
2026-06-19,VIX,17850,17450,17650,17450,16619.046875,33161000,0
2026-06-22,VIX,17600,17200,17500,17400,16571.427734375,26885800,0
2026-06-23,VIX,17600,17050,17500,17100,16285.7138671875,28628300,0
2026-06-24,VIX,17200,16800,17050,16950,16142.857421875,30549000,0
2026-06-25,VIX,17100,16700,17000,16700,15904.76171875,18520900,0
2026-06-26,VIX,17050,16650,16700,16850,16047.619140625,23524600,0
2026-06-29,VIX,17000,16750,16950,16800,16000.0,17396400,0
2026-06-30,VIX,17300,16850,16950,16900,16095.23828125,24443200,0
2026-07-01,VIX,17150,16900,17000,17100,16095.23828125,23242800,0
2026-07-02,VIX,17250,16900,17150,16900,16095.23828125,20816200,0
2026-07-03,VIX,17200,16850,17000,17050,16238.095703125,33066200,0
2026-07-06,VIX,17200,15900,17150,16300,15523.8095703125,54164200,0
2026-07-07,VIX,16650,16250,16350,16500,15714.2861328125,24428200,0
2026-07-08,VIX,16850,16400,16500,16500,15714.2861328125,22153300,0
2026-07-09,VIX,16500,16000,16400,16050,15285.7138671875,40750600,0
2026-07-10,VIX,16200,15400,16100,15450,14714.2861328125,50351300,0
2026-07-13,VIX,15450,14400,15450,14650,13952.380859375,53290600,0
2026-07-14,VIX,14900,14500,14500,14700,14000.0,21992000,0
2026-07-15,VIX,14800,13750,14750,13950,13285.7138671875,50714000,0
2026-07-16,VIX,14550,13200,13800,14050,13380.9521484375,54802500,0
2026-07-17,VIX,14250,13700,14000,13750,13095.23828125,19614100,0
2026-07-20,VIX,13550,12800,13250,12800,12190.4765625,51642000,0
2026-07-21,VIX,13200,12300,12750,12500,11904.76171875,41188900,0
2026-07-22,VIX,12850,11950,12700,12100,11523.8095703125,80689696,0
2026-07-23,VIX,12900,11950,11950,12900,12285.7138671875,70731800,0
2026-07-24,VIX,13050,12450,13000,12450,11857.142578125,38001100,0
2026-07-27,VIX,12700,11750,12550,11750,11190.4765625,45825900,0
2026-07-28,VIX,12550,11550,11700,12300,11714.2861328125,55966200,0
2026-07-29,VIX,12450,12100,12450,12200,11619.0478515625,24028700,0
2026-07-30,VIX,13050,12200,12250,13050,12428.5712890625,76160496,0
2026-07-31,VIX,13400,12950,13200,13000,12380.9521484375,52038700,0
2026-08-03,VIX,13600,13100,13150,13400,12761.904296875,42962200,0
2026-08-04,VIX,13950,13200,13400,13900,13238.095703125,51444300,0
2026-08-05,VIX,14250,13800,14050,14000,13333.3330078125,46905000,0
2026-08-06,VIX,14100,13650,14000,13700,13047.619140625,42213100,0
2026-08-07,VIX,13900,13500,13600,13600,12952.380859375,30031900,0
2026-08-10,VIX,14150,13650,13650,13950,13285.7138671875,40834300,0
2026-08-11,VIX,14500,13900,13900,14200,13523.8095703125,54442800,0
2026-08-12,VIX,14500,14100,14300,14300,13619.0478515625,31494800,0
2026-08-13,VIX,14450,13850,14350,13900,13238.095703125,55277700,0
2026-08-14,VIX,13800,13300,13650,13450,12809.5234375,73378200,0
2026-08-17,VIX,13600,13300,13400,13350,12714.2861328125,20776700,0
2026-08-18,VIX,13550,13050,13350,13150,12523.8095703125,31108300,0
2026-08-19,VIX,12570,12290,12480,12480,12476.1904296875,26975900,0
2026-08-20,VIX,12900,12550,12750,12650,12650.0,21192300,0
2026-08-21,VIX,13500,12650,12650,13500,13500.0,51033700,0
2026-08-24,VIX,14250,13800,14000,13800,13800.0,63635400,0
2026-08-25,VIX,14350,13700,13800,14100,14100.0,73645904,0
2026-08-26,VIX,14450,13850,14050,14350,14100.0,47791100,0
