{
  "lstm": {
    "train": {
      "mse": 0.0012557145673781633,
      "mae": 0.025659101083874702,
      "directional_accuracy": 0.535688536409517,
      "base_loss": 0.0480324823,
      "abs_loss": 0.04731755715,
      "rel_score": 0.014884201602047842
    },
    "val": {
      "mse": 0.000789756653830409,
      "mae": 0.020069172605872154,
      "directional_accuracy": 0.5685483870967742,
      "base_loss": 0.037043309700000006,
      "abs_loss": 0.03877526840500001,
      "rel_score": -0.04675496652503486
    },
    "test": {
      "mse": 0.00433309143409133,
      "mae": 0.048451781272888184,
      "directional_accuracy": 0.5463576158940397,
      "base_loss": 0.08718877125000007,
      "abs_loss": 0.09431805388500006,
      "rel_score": -0.08176835770007451
    }
  },
  "linear_regression": {
    "train": {
      "mse": 0.0012960879830643535,
      "mae": 0.025885963812470436,
      "directional_accuracy": 0.5032444124008651,
      "base_loss": 0.0480324823,
      "abs_loss": 0.048491747,
      "rel_score": -0.009561544146969858
    },
    "val": {
      "mse": 0.0007837362354621291,
      "mae": 0.02026503160595894,
      "directional_accuracy": 0.5564516129032258,
      "base_loss": 0.037043309700000006,
      "abs_loss": 0.036784149215000006,
      "rel_score": 0.0069961482140458164
    },
    "test": {
      "mse": 0.00385943497531116,
      "mae": 0.04569634795188904,
      "directional_accuracy": 0.5165562913907285,
      "base_loss": 0.08718877125000007,
      "abs_loss": 0.08249272350000002,
      "rel_score": 0.053860694246222085
    }
  }
}