{
  "linear_regression": {
    "threshold": 0.015,
    "selected_rows": 60,
    "coverage": 0.19736842105263158,
    "directional_accuracy": 0.6,
    "avg_actual_return": 0.014302805881666669,
    "avg_strategy_return": 0.02000532870833333,
    "cumulative_strategy_return": 1.2003197224999997
  },
  "lstm": {
    "threshold": 0.02,
    "selected_rows": 90,
    "coverage": 0.29605263157894735,
    "directional_accuracy": 0.5777777777777777,
    "avg_actual_return": 0.015856324918888887,
    "avg_strategy_return": 0.01917668759666667,
    "cumulative_strategy_return": 1.7259018837000002
  }
}