{
  "lstm": {
    "train": {
      "mse": 0.001998021500185132,
      "mae": 0.030978867784142494,
      "directional_accuracy": 0.50671508839249,
      "base_loss": 0.057944905600000006,
      "abs_loss": 0.05773546748500001,
      "rel_score": 0.0036144353473586133
    },
    "val": {
      "mse": 0.0011396532645449042,
      "mae": 0.024282053112983704,
      "directional_accuracy": 0.5141129032258065,
      "base_loss": 0.045005714599999996,
      "abs_loss": 0.044194294184999997,
      "rel_score": 0.018029275220085017
    },
    "test": {
      "mse": 0.0023982650600373745,
      "mae": 0.03595691919326782,
      "directional_accuracy": 0.4795805739514349,
      "base_loss": 0.06535298970000002,
      "abs_loss": 0.066491474025,
      "rel_score": -0.017420539293246495
    }
  },
  "linear_regression": {
    "train": {
      "mse": 0.0019847119692713022,
      "mae": 0.03137321397662163,
      "directional_accuracy": 0.47944360696176513,
      "base_loss": 0.057944905600000006,
      "abs_loss": 0.05834146875800001,
      "rel_score": -0.006843796773740918
    },
    "val": {
      "mse": 0.0011907626176252961,
      "mae": 0.025037826970219612,
      "directional_accuracy": 0.4543010752688172,
      "base_loss": 0.045005714599999996,
      "abs_loss": 0.0462402232,
      "rel_score": -0.027430041073050804
    },
    "test": {
      "mse": 0.0025038374587893486,
      "mae": 0.03678028658032417,
      "directional_accuracy": 0.46688741721854304,
      "base_loss": 0.06535298970000002,
      "abs_loss": 0.06723501479,
      "rel_score": -0.028797842281421904
    }
  },
  "arima": {
    "train": {
      "mse": 0.002026374451816082,
      "mae": 0.031459733843803406,
      "directional_accuracy": 0.4785528299301083,
      "base_loss": 0.057944905600000006,
      "abs_loss": 0.058109377749999996,
      "rel_score": -0.0028384229518874093
    },
    "val": {
      "mse": 0.0011462026741355658,
      "mae": 0.02466859482228756,
      "directional_accuracy": 0.4475806451612903,
      "base_loss": 0.045005714599999996,
      "abs_loss": 0.045183442444999986,
      "rel_score": -0.003949006177984105
    },
    "test": {
      "mse": 0.002407277934253216,
      "mae": 0.03605613484978676,
      "directional_accuracy": 0.4481236203090508,
      "base_loss": 0.06535298970000002,
      "abs_loss": 0.06635728025500001,
      "rel_score": -0.015367170799838625
    }
  }
}