{
  "lstm": {
    "train": {
      "base_loss": 0.057944905600000006,
      "abs_loss": 0.05773546748500001,
      "rel_score": 0.0036144353473586133,
      "directional_accuracy": 0.50671508839249,
      "error_len": 14594,
      "base_len": 14594
    },
    "val": {
      "base_loss": 0.045005714599999996,
      "abs_loss": 0.044194294184999997,
      "rel_score": 0.018029275220085017,
      "directional_accuracy": 0.5141129032258065,
      "error_len": 1488,
      "base_len": 1488
    },
    "test": {
      "base_loss": 0.06535298970000002,
      "abs_loss": 0.066491474025,
      "rel_score": -0.017420539293246495,
      "directional_accuracy": 0.4795805739514349,
      "error_len": 1812,
      "base_len": 1812
    }
  },
  "linear_regression": {
    "train": {
      "base_loss": 0.057944905600000006,
      "abs_loss": 0.05834146875800001,
      "rel_score": -0.006843796773740918,
      "directional_accuracy": 0.47944360696176513,
      "error_len": 14594,
      "base_len": 14594
    },
    "val": {
      "base_loss": 0.045005714599999996,
      "abs_loss": 0.0462402232,
      "rel_score": -0.027430041073050804,
      "directional_accuracy": 0.4543010752688172,
      "error_len": 1488,
      "base_len": 1488
    },
    "test": {
      "base_loss": 0.06535298970000002,
      "abs_loss": 0.06723501479,
      "rel_score": -0.028797842281421904,
      "directional_accuracy": 0.46688741721854304,
      "error_len": 1812,
      "base_len": 1812
    }
  },
  "arima": {
    "train": {
      "base_loss": 0.057944905600000006,
      "abs_loss": 0.058109377749999996,
      "rel_score": -0.0028384229518874093,
      "directional_accuracy": 0.4785528299301083,
      "error_len": 14594,
      "base_len": 14594
    },
    "val": {
      "base_loss": 0.045005714599999996,
      "abs_loss": 0.045183442444999986,
      "rel_score": -0.003949006177984105,
      "directional_accuracy": 0.4475806451612903,
      "error_len": 1488,
      "base_len": 1488
    },
    "test": {
      "base_loss": 0.06535298970000002,
      "abs_loss": 0.06635728025500001,
      "rel_score": -0.015367170799838625,
      "directional_accuracy": 0.4481236203090508,
      "error_len": 1812,
      "base_len": 1812
    }
  }
}