{
  "lstm": {
    "train": {
      "mse": 0.00043521772022359073,
      "mae": 0.014402019791305065,
      "directional_accuracy": 0.4510131148646371,
      "base_loss": 0.02661830885335803,
      "abs_loss": 0.026677548445150023,
      "rel_score": -0.0022255204911156845
    },
    "val": {
      "mse": 0.00023679595324210823,
      "mae": 0.010512303560972214,
      "directional_accuracy": 0.4682981090100111,
      "base_loss": 0.018930347450077538,
      "abs_loss": 0.018888553153374236,
      "rel_score": 0.0022077934287006995
    },
    "test": {
      "mse": 0.0005369141581468284,
      "mae": 0.01566382497549057,
      "directional_accuracy": 0.4697402906838218,
      "base_loss": 0.028583953808993097,
      "abs_loss": 0.02902389561058953,
      "rel_score": -0.015391215803673086
    }
  },
  "linear_regression": {
    "train": {
      "mse": 0.0004108466673642397,
      "mae": 0.014327839948236942,
      "directional_accuracy": 0.4444725396985941,
      "base_loss": 0.02661830885335803,
      "abs_loss": 0.027453567960765212,
      "rel_score": -0.03137911998875209
    },
    "val": {
      "mse": 0.0002477712696418166,
      "mae": 0.011119022965431213,
      "directional_accuracy": 0.4421579532814238,
      "base_loss": 0.018930347450077538,
      "abs_loss": 0.020514758257195356,
      "rel_score": -0.08369686881322025
    },
    "test": {
      "mse": 0.0005273842252790928,
      "mae": 0.016044992953538895,
      "directional_accuracy": 0.46902549440076247,
      "base_loss": 0.028583953808993097,
      "abs_loss": 0.03058211305178702,
      "rel_score": -0.0699049283435822
    }
  },
  "arima": {
    "train": {
      "mse": 0.0004295547551009804,
      "mae": 0.014359920285642147,
      "directional_accuracy": 0.45156940089680053,
      "base_loss": 0.02661830885335803,
      "abs_loss": 0.026669956192927207,
      "rel_score": -0.0019402937975401269
    },
    "val": {
      "mse": 0.00023329391842707992,
      "mae": 0.010478277690708637,
      "directional_accuracy": 0.4559232480533927,
      "base_loss": 0.018930347450077538,
      "abs_loss": 0.018932187299287764,
      "rel_score": -9.719046177458779e-05
    },
    "test": {
      "mse": 0.000515524297952652,
      "mae": 0.015360982157289982,
      "directional_accuracy": 0.45008339289969024,
      "base_loss": 0.028583953808993097,
      "abs_loss": 0.028655130433980956,
      "rel_score": -0.002490090260552691
    }
  },
  "lstm_ensemble": {
    "train": {
      "mse": 0.00042640804895199835,
      "mae": 0.014242028817534447,
      "directional_accuracy": 0.4668419810525606,
      "base_loss": 0.02661830885335803,
      "abs_loss": 0.026406806164595766,
      "rel_score": 0.007945759812445163
    },
    "val": {
      "mse": 0.0002338431222597137,
      "mae": 0.010436017997562885,
      "directional_accuracy": 0.47233036707452725,
      "base_loss": 0.018930347450077538,
      "abs_loss": 0.018870115603203896,
      "rel_score": 0.0031817612979625487
    },
    "test": {
      "mse": 0.0005225016502663493,
      "mae": 0.015423323027789593,
      "directional_accuracy": 0.4764117226590422,
      "base_loss": 0.028583953808993097,
      "abs_loss": 0.028555550950113685,
      "rel_score": 0.0009936644548619311
    }
  },
  "lstm_seed_42": {
    "train": {
      "mse": 0.00043521772022359073,
      "mae": 0.014402019791305065,
      "directional_accuracy": 0.4510131148646371,
      "base_loss": 0.02661830885335803,
      "abs_loss": 0.026677548445150023,
      "rel_score": -0.0022255204911156845
    },
    "val": {
      "mse": 0.00023679595324210823,
      "mae": 0.010512303560972214,
      "directional_accuracy": 0.4682981090100111,
      "base_loss": 0.018930347450077538,
      "abs_loss": 0.018888553153374236,
      "rel_score": 0.0022077934287006995
    },
    "test": {
      "mse": 0.0005369141581468284,
      "mae": 0.01566382497549057,
      "directional_accuracy": 0.4697402906838218,
      "base_loss": 0.028583953808993097,
      "abs_loss": 0.02902389561058953,
      "rel_score": -0.015391215803673086
    }
  },
  "lstm_seed_52": {
    "train": {
      "mse": 0.0004285720060579479,
      "mae": 0.014306803233921528,
      "directional_accuracy": 0.46060483463133406,
      "base_loss": 0.02661830885335803,
      "abs_loss": 0.02649817751225783,
      "rel_score": 0.0045131094451571485
    },
    "val": {
      "mse": 0.0002347398694837466,
      "mae": 0.01050171535462141,
      "directional_accuracy": 0.4593993325917686,
      "base_loss": 0.018930347450077538,
      "abs_loss": 0.018890613506664523,
      "rel_score": 0.0020989547876920644
    },
    "test": {
      "mse": 0.0005216338904574513,
      "mae": 0.015437343157827854,
      "directional_accuracy": 0.48558494162497023,
      "base_loss": 0.028583953808993097,
      "abs_loss": 0.028653698856942352,
      "rel_score": -0.00244000701985847
    }
  },
  "lstm_seed_62": {
    "train": {
      "mse": 0.0004262210859451443,
      "mae": 0.014267717488110065,
      "directional_accuracy": 0.46608340919051955,
      "base_loss": 0.02661830885335803,
      "abs_loss": 0.026407613417541144,
      "rel_score": 0.007915432831500313
    },
    "val": {
      "mse": 0.00023467940627597272,
      "mae": 0.010479186661541462,
      "directional_accuracy": 0.4721913236929922,
      "base_loss": 0.018930347450077538,
      "abs_loss": 0.01892097755917348,
      "rel_score": 0.0004949666628554228
    },
    "test": {
      "mse": 0.0005253679119050503,
      "mae": 0.01548935379832983,
      "directional_accuracy": 0.47867524422206337,
      "base_loss": 0.028583953808993097,
      "abs_loss": 0.028923791568377055,
      "rel_score": -0.011889109591166402
    }
  },
  "lstm_best_by_val": {
    "train": {
      "mse": 0.00043521772022359073,
      "mae": 0.014402019791305065,
      "directional_accuracy": 0.4510131148646371,
      "base_loss": 0.02661830885335803,
      "abs_loss": 0.026677548445150023,
      "rel_score": -0.0022255204911156845
    },
    "val": {
      "mse": 0.00023679595324210823,
      "mae": 0.010512303560972214,
      "directional_accuracy": 0.4682981090100111,
      "base_loss": 0.018930347450077538,
      "abs_loss": 0.018888553153374236,
      "rel_score": 0.0022077934287006995
    },
    "test": {
      "mse": 0.0005369141581468284,
      "mae": 0.01566382497549057,
      "directional_accuracy": 0.4697402906838218,
      "base_loss": 0.028583953808993097,
      "abs_loss": 0.02902389561058953,
      "rel_score": -0.015391215803673086
    }
  },
  "lstm_top2_by_val": {
    "train": {
      "mse": 0.0004293186648283154,
      "mae": 0.014290131628513336,
      "directional_accuracy": 0.46274569299753887,
      "base_loss": 0.02661830885335803,
      "abs_loss": 0.026449485181365164,
      "rel_score": 0.006342389102287682
    },
    "val": {
      "mse": 0.00023418149794451892,
      "mae": 0.01044395100325346,
      "directional_accuracy": 0.47302558398220246,
      "base_loss": 0.018930347450077538,
      "abs_loss": 0.018800576994544828,
      "rel_score": 0.006855154448429213
    },
    "test": {
      "mse": 0.0005238126032054424,
      "mae": 0.015443096868693829,
      "directional_accuracy": 0.48034310221586846,
      "base_loss": 0.028583953808993097,
      "abs_loss": 0.028622602607356384,
      "rel_score": -0.0013521151979727364
    }
  },
  "lstm_signmag": {
    "train": {
      "mse": 0.00042998132994398475,
      "mae": 0.01433265395462513,
      "directional_accuracy": 0.4540305451603115,
      "base_loss": 0.02661830885335803,
      "abs_loss": 0.02651339018993895,
      "rel_score": 0.003941597642325156
    },
    "val": {
      "mse": 0.00023504943237639964,
      "mae": 0.01049236673861742,
      "directional_accuracy": 0.45953837597330366,
      "base_loss": 0.018930347450077538,
      "abs_loss": 0.018840131784963892,
      "rel_score": 0.0047656634592450065
    },
    "test": {
      "mse": 0.0005203852197155356,
      "mae": 0.015412073582410812,