{
  "lstm": {
    "train": {
      "mse": 0.0004729178617708385,
      "mae": 0.014985719716472385,
      "directional_accuracy": 0.44016392025314266,
      "base_loss": 0.02768859875,
      "abs_loss": 0.028557653609999997,
      "rel_score": -0.03138674036366673,
      "rmse": 0.021746673982220494
    },
    "val": {
      "mse": 0.0007899277261458337,
      "mae": 0.019531583605685493,
      "directional_accuracy": 0.4816842524387816,
      "base_loss": 0.0375391135,
      "abs_loss": 0.037720703950000004,
      "rel_score": -0.004837366497746576,
      "rmse": 0.02810565278046431
    }
  },
  "linear_regression": {
    "train": {
      "mse": 0.0004600621177814901,
      "mae": 0.01491091383008899,
      "directional_accuracy": 0.43014368958898896,
      "base_loss": 0.02768859875,
      "abs_loss": 0.0282038025115,
      "rel_score": -0.018607072396539914,
      "rmse": 0.02144905798014521
    },
    "val": {
      "mse": 0.0007391268736682832,
      "mae": 0.01941505396845283,
      "directional_accuracy": 0.47315681199814186,
      "base_loss": 0.0375391135,
      "abs_loss": 0.038169107175,
      "rel_score": -0.016782326918828305,
      "rmse": 0.027186888323312154
    }
  },
  "arima": {
    "train": {
      "mse": 0.00047041193465702236,
      "mae": 0.014868587443998525,
      "directional_accuracy": 0.41995919284837374,
      "base_loss": 0.02768859875,
      "abs_loss": 0.02785588629,
      "rel_score": -0.006041748140107606,
      "rmse": 0.021688982259584322
    },
    "val": {
      "mse": 0.0007419089088216424,
      "mae": 0.019191227442429962,
      "directional_accuracy": 0.4688267303736147,
      "base_loss": 0.0375391135,
      "abs_loss": 0.0375792294775,
      "rel_score": -0.0010686447750023476,
      "rmse": 0.027238004718079155
    }
  },
  "lstm_ensemble": {
    "train": {
      "mse": 0.0004754092951770872,
      "mae": 0.014901492413463868,
      "directional_accuracy": 0.4469507028858956,
      "base_loss": 0.02768859875,
      "abs_loss": 0.02815752756,
      "rel_score": -0.016935808642176253,
      "rmse": 0.02180388162544456
    },
    "val": {
      "mse": 0.0007886274834163487,
      "mae": 0.019442318105418473,
      "directional_accuracy": 0.4872752007432477,
      "base_loss": 0.0375391135,
      "abs_loss": 0.037521065775,
      "rel_score": 0.0004807712094745398,
      "rmse": 0.02808251213798304
    }
  },
  "lstm_seed_42": {
    "train": {
      "mse": 0.0004729178617708385,
      "mae": 0.014985719716472385,
      "directional_accuracy": 0.44016392025314266,
      "base_loss": 0.02768859875,
      "abs_loss": 0.028557653609999997,
      "rel_score": -0.03138674036366673,
      "rmse": 0.021746673982220494
    },
    "val": {
      "mse": 0.0007899277261458337,
      "mae": 0.019531583605685493,
      "directional_accuracy": 0.4816842524387816,
      "base_loss": 0.0375391135,
      "abs_loss": 0.037720703950000004,
      "rel_score": -0.004837366497746576,
      "rmse": 0.02810565278046431
    }
  },
  "lstm_seed_52": {
    "train": {
      "mse": 0.0004988450673408806,
      "mae": 0.01530365099759227,
      "directional_accuracy": 0.44394204001175797,
      "base_loss": 0.02768859875,
      "abs_loss": 0.0287526526,
      "rel_score": -0.03842931379833736,
      "rmse": 0.02233483908654772
    },
    "val": {
      "mse": 0.0008326226961798966,
      "mae": 0.01993228047199644,
      "directional_accuracy": 0.4874908753069215,
      "base_loss": 0.0375391135,
      "abs_loss": 0.037735403175,
      "rel_score": -0.005228937412174117,
      "rmse": 0.028855202163565245
    }
  },
  "lstm_seed_62": {
    "train": {
      "mse": 0.0004840643086936325,
      "mae": 0.015104587877299557,
      "directional_accuracy": 0.44435702799439764,
      "base_loss": 0.02768859875,
      "abs_loss": 0.028434675755,
      "rel_score": -0.026945278514681092,
      "rmse": 0.022001460952154626
    },
    "val": {
      "mse": 0.0007958131609484553,
      "mae": 0.019651513468269738,
      "directional_accuracy": 0.4839073594797266,
      "base_loss": 0.0375391135,
      "abs_loss": 0.037931286349999996,
      "rel_score": -0.01044704611897651,
      "rmse": 0.028210160727632126
    }
  },
  "lstm_seed_99": {
    "train": {
      "mse": 0.00047754941624589264,
      "mae": 0.014954550024781531,
      "directional_accuracy": 0.4417892898518147,
      "base_loss": 0.02768859875,
      "abs_loss": 0.028441155425000003,
      "rel_score": -0.027179297941178904,
      "rmse": 0.02185290393057094
    },
    "val": {
      "mse": 0.0007887730025686324,
      "mae": 0.01957496002440435,
      "directional_accuracy": 0.47834959187736414,
      "base_loss": 0.0375391135,
      "abs_loss": 0.037967868269999996,
      "rel_score": -0.011421547554659073,
      "rmse": 0.028085102104357343
    }
  },
  "lstm_best_by_val": {
    "train": {
      "mse": 0.0004729178617708385,
      "mae": 0.014985719716472385,
      "directional_accuracy": 0.44016392025314266,
      "base_loss": 0.02768859875,
      "abs_loss": 0.028557653609999997,
      "rel_score": -0.03138674036366673,
      "rmse": 0.021746673982220494
    },
    "val": {
      "mse": 0.0007899277261458337,
      "mae": 0.019531583605685493,
      "directional_accuracy": 0.4816842524387816,
      "base_loss": 0.0375391135,
      "abs_loss": 0.037720703950000004,
      "rel_score": -0.004837366497746576,
      "rmse": 0.02810565278046431
    }
  },
  "lstm_top2_by_val": {
    "train": {
      "mse": 0.00047968761646188796,
      "mae": 0.014996894183386697,
      "directional_accuracy": 0.44568844777203326,
      "base_loss": 0.02768859875,
      "abs_loss": 0.0283715412,
      "rel_score": -0.02466511419253381,
      "rmse": 0.02190177137771874
    },
    "val": {
      "mse": 0.0008030632743611932,
      "mae": 0.019586326528645375,
      "directional_accuracy": 0.4869433937222112,
      "base_loss": 0.0375391135,
      "abs_loss": 0.0374999440925,
      "rel_score": 0.0010434292088437047,
      "rmse": 0.02833837204765761
    }
  }
}