{
  "lstm": {
    "train": {
      "base_loss": 0.030820002849999993,
      "abs_loss": 0.03039628412,
      "rel_score": 0.013748172966181138,
      "directional_accuracy": 0.4504721347898537,
      "error_len": 10802,
      "base_len": 10802
    },
    "val": {
      "base_loss": 0.0222841856,
      "abs_loss": 0.022470219639999997,
      "rel_score": -0.00834825392945926,
      "directional_accuracy": 0.47681451612903225,
      "error_len": 992,
      "base_len": 992
    },
    "test": {
      "base_loss": 0.025926692700000014,
      "abs_loss": 0.026279711820000006,
      "rel_score": -0.013616049068996494,
      "directional_accuracy": 0.4834710743801653,
      "error_len": 1210,
      "base_len": 1210
    }
  },
  "linear_regression": {
    "train": {
      "base_loss": 0.030820002849999993,
      "abs_loss": 0.031943419284999996,
      "rel_score": -0.03645088679802,
      "directional_accuracy": 0.4276059988890946,
      "error_len": 10802,
      "base_len": 10802
    },
    "val": {
      "base_loss": 0.0222841856,
      "abs_loss": 0.024921318195,
      "rel_score": -0.11834099043763135,
      "directional_accuracy": 0.42439516129032256,
      "error_len": 992,
      "base_len": 992
    },
    "test": {
      "base_loss": 0.025926692700000014,
      "abs_loss": 0.02942419215,
      "rel_score": -0.13489956048269836,
      "directional_accuracy": 0.4388429752066116,
      "error_len": 1210,
      "base_len": 1210
    }
  },
  "arima": {
    "train": {
      "base_loss": 0.030820002849999993,
      "abs_loss": 0.031072380556,
      "rel_score": -0.008188763227191087,
      "directional_accuracy": 0.4132568042955008,
      "error_len": 10802,
      "base_len": 10802
    },
    "val": {
      "base_loss": 0.0222841856,
      "abs_loss": 0.022633452077650003,
      "rel_score": -0.0156732888479445,
      "directional_accuracy": 0.43548387096774194,
      "error_len": 992,
      "base_len": 992
    },
    "test": {
      "base_loss": 0.025926692700000014,
      "abs_loss": 0.026432900885000027,
      "rel_score": -0.019524595398934697,
      "directional_accuracy": 0.44297520661157025,
      "error_len": 1210,
      "base_len": 1210
    }
  },
  "lstm_ensemble": {
    "train": {
      "base_loss": 0.030820002849999993,
      "abs_loss": 0.030558433475999996,
      "rel_score": 0.008487000318366245,
      "directional_accuracy": 0.4533419737085725,
      "error_len": 10802,
      "base_len": 10802
    },
    "val": {
      "base_loss": 0.0222841856,
      "abs_loss": 0.0220137962075,
      "rel_score": 0.012133689664656222,
      "directional_accuracy": 0.4737903225806452,
      "error_len": 992,
      "base_len": 992
    },
    "test": {
      "base_loss": 0.025926692700000014,
      "abs_loss": 0.026130492402500025,
      "rel_score": -0.007860613185730836,
      "directional_accuracy": 0.45454545454545453,
      "error_len": 1210,
      "base_len": 1210
    }
  },
  "lstm_seed_42": {
    "train": {
      "base_loss": 0.030820002849999993,
      "abs_loss": 0.03039628412,
      "rel_score": 0.013748172966181138,
      "directional_accuracy": 0.4504721347898537,
      "error_len": 10802,
      "base_len": 10802
    },
    "val": {
      "base_loss": 0.0222841856,
      "abs_loss": 0.022470219639999997,
      "rel_score": -0.00834825392945926,
      "directional_accuracy": 0.47681451612903225,
      "error_len": 992,
      "base_len": 992
    },
    "test": {
      "base_loss": 0.025926692700000014,
      "abs_loss": 0.026279711820000006,
      "rel_score": -0.013616049068996494,
      "directional_accuracy": 0.4834710743801653,
      "error_len": 1210,
      "base_len": 1210
    }
  },
  "lstm_seed_52": {
    "train": {
      "base_loss": 0.030820002849999993,
      "abs_loss": 0.030709781624999995,
      "rel_score": 0.0035762886050478837,
      "directional_accuracy": 0.4504721347898537,
      "error_len": 10802,
      "base_len": 10802
    },
    "val": {
      "base_loss": 0.0222841856,
      "abs_loss": 0.0223765410065,
      "rel_score": -0.004144437142903801,
      "directional_accuracy": 0.4596774193548387,
      "error_len": 992,
      "base_len": 992
    },
    "test": {
      "base_loss": 0.025926692700000014,
      "abs_loss": 0.026646441530000006,
      "rel_score": -0.027760919540655182,
      "directional_accuracy": 0.45289256198347105,
      "error_len": 1210,
      "base_len": 1210
    }
  },
  "lstm_seed_62": {
    "train": {
      "base_loss": 0.030820002849999993,
      "abs_loss": 0.030714038084999992,
      "rel_score": 0.0034381815444900488,
      "directional_accuracy": 0.44065913719681543,
      "error_len": 10802,
      "base_len": 10802
    },
    "val": {
      "base_loss": 0.0222841856,
      "abs_loss": 0.022110258279999996,
      "rel_score": 0.00780496640631112,
      "directional_accuracy": 0.4344758064516129,
      "error_len": 992,
      "base_len": 992
    },
    "test": {
      "base_loss": 0.025926692700000014,
      "abs_loss": 0.026438325766500036,
      "rel_score": -0.019733834639850567,
      "directional_accuracy": 0.43471074380165287,
      "error_len": 1210,
      "base_len": 1210
    }
  },
  "lstm_seed_99": {
    "train": {
      "base_loss": 0.030820002849999993,
      "abs_loss": 0.03060582725249999,
      "rel_score": 0.006949240029028858,
      "directional_accuracy": 0.4468616922792076,
      "error_len": 10802,
      "base_len": 10802
    },
    "val": {
      "base_loss": 0.0222841856,
      "abs_loss": 0.022220541745,
      "rel_score": 0.002856009914044111,
      "directional_accuracy": 0.4586693548387097,
      "error_len": 992,
      "base_len": 992
    },
    "test": {
      "base_loss": 0.025926692700000014,
      "abs_loss": 0.026132742666600015,
      "rel_score": -0.007947406519767997,
      "directional_accuracy": 0.46859504132231405,
      "error_len": 1210,
      "base_len": 1210
    }
  },
  "lstm_best_by_val": {
    "train": {
      "base_loss": 0.030820002849999993,
      "abs_loss": 0.030714038084999992,
      "rel_score": 0.0034381815444900488,
      "directional_accuracy": 0.44065913719681543,
      "error_len": 10802,
      "base_len": 10802
    },
    "val": {
      "base_loss": 0.0222841856,
      "abs_loss": 0.022110258279999996,
      "rel_score": 0.00780496640631112,
      "directional_accuracy": 0.4344758064516129,
      "error_len": 992,
      "base_len": 992
    },
    "test": {
      "base_loss": 0.025926692700000014,
      "abs_loss": 0.026438325766500036,
      "rel_score": -0.019733834639850567,
      "directional_accuracy": 0.43471074380165287,
      "error_len": 1210,
      "base_len": 1210
    }
  },
  "lstm_top2_by_val": {
    "train": {
      "base_loss": 0.030820002849999993,
      "abs_loss": 0.030605351949999995,
      "rel_score": 0.006964661912742143,
      "directional_accuracy": 0.44639881503425294,
      "error_len": 10802,
      "base_len": 10802
    },
    "val": {
      "base_loss": 0.0222841856,
      "abs_loss": 0.022163326244999997,
      "rel_score": 0.005423548213491891,
      "directional_accuracy": 0.45060483870967744,
      "error_len": 992,
      "base_len": 992
    },
    "test": {
      "base_loss": 0.025926692700000014,
      "abs_loss": 0.026140680401000007,
      "rel_score": -0.008253567220318558,
      "directional_accuracy": 0.45041322314049587,
      "error_len": 1210,
      "base_len": 1210
    }
  },
  "lstm_signmag": {
    "train": {
      "base_loss": 0.030820002849999993,
      "abs_loss": 0.030849523554499995,
      "rel_score": -0.0009578423676233072,
      "directional_accuracy": 0.4363080910942418,
      "error_len": 10802,
      "base_len": 10802
    },
    "val": {
      "base_loss": 0.0222841856,
      "abs_loss": 0.022358752896,
      "rel_score": -0.0033461979422753085,
      "directional_accuracy": 0.46875,
      "error_len": 992,
      "base_len": 992
    },
    "test": {
      "base_loss": 0.025926692700000014,
      "abs_loss": 0.02639519788,
      "rel_score": -0.018070379643909895,