{
  "lstm": {
    "train": {
      "mse": 0.0005586714833043516,
      "mae": 0.016138281673192978,
      "directional_accuracy": 0.4504721347898537,
      "base_loss": 0.030820002849999993,
      "abs_loss": 0.03039628412,
      "rel_score": 0.013748172966181138
    },
    "val": {
      "mse": 0.0003336991067044437,
      "mae": 0.0125419981777668,
      "directional_accuracy": 0.47681451612903225,
      "base_loss": 0.0222841856,
      "abs_loss": 0.022470219639999997,
      "rel_score": -0.00834825392945926
    },
    "test": {
      "mse": 0.00045812028110958636,
      "mae": 0.014532377012073994,
      "directional_accuracy": 0.4834710743801653,
      "base_loss": 0.025926692700000014,
      "abs_loss": 0.026279711820000006,
      "rel_score": -0.013616049068996494
    }
  },
  "linear_regression": {
    "train": {
      "mse": 0.00052263168618083,
      "mae": 0.016156775876879692,
      "directional_accuracy": 0.4276059988890946,
      "base_loss": 0.030820002849999993,
      "abs_loss": 0.031943419284999996,
      "rel_score": -0.03645088679802
    },
    "val": {
      "mse": 0.0003659465874079615,
      "mae": 0.013653488829731941,
      "directional_accuracy": 0.42439516129032256,
      "base_loss": 0.0222841856,
      "abs_loss": 0.024921318195,
      "rel_score": -0.11834099043763135
    },
    "test": {
      "mse": 0.0004909135168418288,
      "mae": 0.015707872807979584,
      "directional_accuracy": 0.4388429752066116,
      "base_loss": 0.025926692700000014,
      "abs_loss": 0.02942419215,
      "rel_score": -0.13489956048269836
    }
  },
  "arima": {
    "train": {
      "mse": 0.0005517139215953648,
      "mae": 0.016216494143009186,
      "directional_accuracy": 0.4132568042955008,
      "base_loss": 0.030820002849999993,
      "abs_loss": 0.031072380556,
      "rel_score": -0.008188763227191087
    },
    "val": {
      "mse": 0.0003377920656930655,
      "mae": 0.012702245265245438,
      "directional_accuracy": 0.43548387096774194,
      "base_loss": 0.0222841856,
      "abs_loss": 0.022633452077650003,
      "rel_score": -0.0156732888479445
    },
    "test": {
      "mse": 0.00046259365626610816,
      "mae": 0.014704740606248379,
      "directional_accuracy": 0.44297520661157025,
      "base_loss": 0.025926692700000014,
      "abs_loss": 0.026432900885000027,
      "rel_score": -0.019524595398934697
    }
  },
  "lstm_ensemble": {
    "train": {
      "mse": 0.000553897290956229,
      "mae": 0.016062481328845024,
      "directional_accuracy": 0.4533419737085725,
      "base_loss": 0.030820002849999993,
      "abs_loss": 0.030558433475999996,
      "rel_score": 0.008487000318366245
    },
    "val": {
      "mse": 0.00033300515497103333,
      "mae": 0.012532195076346397,
      "directional_accuracy": 0.4737903225806452,
      "base_loss": 0.0222841856,
      "abs_loss": 0.0220137962075,
      "rel_score": 0.012133689664656222
    },
    "test": {
      "mse": 0.00045861623948439956,
      "mae": 0.014514672569930553,
      "directional_accuracy": 0.45454545454545453,
      "base_loss": 0.025926692700000014,
      "abs_loss": 0.026130492402500025,
      "rel_score": -0.007860613185730836
    }
  },
  "lstm_seed_42": {
    "train": {
      "mse": 0.0005586714833043516,
      "mae": 0.016138281673192978,
      "directional_accuracy": 0.4504721347898537,
      "base_loss": 0.030820002849999993,
      "abs_loss": 0.03039628412,
      "rel_score": 0.013748172966181138
    },
    "val": {
      "mse": 0.0003336991067044437,
      "mae": 0.0125419981777668,
      "directional_accuracy": 0.47681451612903225,
      "base_loss": 0.0222841856,
      "abs_loss": 0.022470219639999997,
      "rel_score": -0.00834825392945926
    },
    "test": {
      "mse": 0.00045812028110958636,
      "mae": 0.014532377012073994,
      "directional_accuracy": 0.4834710743801653,
      "base_loss": 0.025926692700000014,
      "abs_loss": 0.026279711820000006,
      "rel_score": -0.013616049068996494
    }
  },
  "lstm_seed_52": {
    "train": {
      "mse": 0.0005582538433372974,
      "mae": 0.016210459172725677,
      "directional_accuracy": 0.4504721347898537,
      "base_loss": 0.030820002849999993,
      "abs_loss": 0.030709781624999995,
      "rel_score": 0.0035762886050478837
    },
    "val": {
      "mse": 0.000334764423314482,
      "mae": 0.012582221999764442,
      "directional_accuracy": 0.4596774193548387,
      "base_loss": 0.0222841856,
      "abs_loss": 0.0223765410065,
      "rel_score": -0.004144437142903801
    },
    "test": {
      "mse": 0.0004711350775323808,
      "mae": 0.014907260425388813,
      "directional_accuracy": 0.45289256198347105,
      "base_loss": 0.025926692700000014,
      "abs_loss": 0.026646441530000006,
      "rel_score": -0.027760919540655182
    }
  },
  "lstm_seed_62": {
    "train": {
      "mse": 0.0005621482850983739,
      "mae": 0.016223551705479622,
      "directional_accuracy": 0.44065913719681543,
      "base_loss": 0.030820002849999993,
      "abs_loss": 0.030714038084999992,
      "rel_score": 0.0034381815444900488
    },
    "val": {
      "mse": 0.00033440571860410273,
      "mae": 0.012609163299202919,
      "directional_accuracy": 0.4344758064516129,
      "base_loss": 0.0222841856,
      "abs_loss": 0.022110258279999996,
      "rel_score": 0.00780496640631112
    },
    "test": {
      "mse": 0.0004616221704054624,
      "mae": 0.014591959305107594,
      "directional_accuracy": 0.43471074380165287,
      "base_loss": 0.025926692700000014,
      "abs_loss": 0.026438325766500036,
      "rel_score": -0.019733834639850567
    }
  },
  "lstm_seed_99": {
    "train": {
      "mse": 0.0005582632729783654,
      "mae": 0.01615617610514164,
      "directional_accuracy": 0.4468616922792076,
      "base_loss": 0.030820002849999993,
      "abs_loss": 0.03060582725249999,
      "rel_score": 0.006949240029028858
    },
    "val": {
      "mse": 0.0003355311055202037,
      "mae": 0.012596933171153069,
      "directional_accuracy": 0.4586693548387097,
      "base_loss": 0.0222841856,
      "abs_loss": 0.022220541745,
      "rel_score": 0.002856009914044111
    },
    "test": {
      "mse": 0.00045894342474639416,
      "mae": 0.014487139880657196,
      "directional_accuracy": 0.46859504132231405,
      "base_loss": 0.025926692700000014,
      "abs_loss": 0.026132742666600015,
      "rel_score": -0.007947406519767997
    }
  },
  "lstm_best_by_val": {
    "train": {
      "mse": 0.0005621482850983739,
      "mae": 0.016223551705479622,
      "directional_accuracy": 0.44065913719681543,
      "base_loss": 0.030820002849999993,
      "abs_loss": 0.030714038084999992,
      "rel_score": 0.0034381815444900488
    },
    "val": {
      "mse": 0.00033440571860410273,
      "mae": 0.012609163299202919,
      "directional_accuracy": 0.4344758064516129,
      "base_loss": 0.0222841856,
      "abs_loss": 0.022110258279999996,
      "rel_score": 0.00780496640631112
    },
    "test": {
      "mse": 0.0004616221704054624,
      "mae": 0.014591959305107594,
      "directional_accuracy": 0.43471074380165287,
      "base_loss": 0.025926692700000014,
      "abs_loss": 0.026438325766500036,
      "rel_score": -0.019733834639850567
    }
  },
  "lstm_top2_by_val": {
    "train": {
      "mse": 0.0005567149491980672,
      "mae": 0.016112666577100754,
      "directional_accuracy": 0.44639881503425294,
      "base_loss": 0.030820002849999993,
      "abs_loss": 0.030605351949999995,
      "rel_score": 0.006964661912742143
    },
    "val": {
      "mse": 0.00033423030981794,
      "mae": 0.01256405096501112,
      "directional_accuracy": 0.45060483870967744,
      "base_loss": 0.0222841856,
      "abs_loss": 0.022163326244999997,
      "rel_score": 0.005423548213491891
    },
    "test": {
      "mse": 0.00045849112211726606,
      "mae": 0.014505392871797085,
      "directional_accuracy": 0.45041322314049587,
      "base_loss": 0.025926692700000014,
      "abs_loss": 0.026140680401000007,