{
  "lstm": {
    "train": {
      "mse": 0.0004363217740319669,
      "mae": 0.014493641443550587,
      "directional_accuracy": 0.47654435671156525,
      "base_loss": 0.02718952415,
      "abs_loss": 0.027136525108000003,
      "rel_score": 0.0019492449263772693
    },
    "val": {
      "mse": 0.00023228627105709165,
      "mae": 0.010563439689576626,
      "directional_accuracy": 0.4489247311827957,
      "base_loss": 0.0186556706,
      "abs_loss": 0.019003026979999997,
      "rel_score": -0.018619345691062827
    },
    "test": {
      "mse": 0.0004464006924536079,
      "mae": 0.014377188868820667,
      "directional_accuracy": 0.46219931271477666,
      "base_loss": 0.0264662875,
      "abs_loss": 0.026805345199999997,
      "rel_score": -0.012810927864363109
    }
  },
  "linear_regression": {
    "train": {
      "mse": 0.0004181240510661155,
      "mae": 0.014550249092280865,
      "directional_accuracy": 0.44797956339990713,
      "base_loss": 0.02718952415,
      "abs_loss": 0.028291445540000015,
      "rel_score": -0.040527424603715057
    },
    "val": {
      "mse": 0.0002487103338353336,
      "mae": 0.01130776759237051,
      "directional_accuracy": 0.4314516129032258,
      "base_loss": 0.0186556706,
      "abs_loss": 0.020946280379999994,
      "rel_score": -0.12278356694398296
    },
    "test": {
      "mse": 0.0004593366465996951,
      "mae": 0.015213659033179283,
      "directional_accuracy": 0.4547537227949599,
      "base_loss": 0.0264662875,
      "abs_loss": 0.0277171844,
      "rel_score": -0.04726378416315469
    }
  },
  "arima": {
    "train": {
      "mse": 0.0004396767180878669,
      "mae": 0.014622144401073456,
      "directional_accuracy": 0.4579656293543892,
      "base_loss": 0.02718952415,
      "abs_loss": 0.027218671635,
      "rel_score": -0.001072011589434041
    },
    "val": {
      "mse": 0.00022845904459245503,
      "mae": 0.01045596320182085,
      "directional_accuracy": 0.4737903225806452,
      "base_loss": 0.0186556706,
      "abs_loss": 0.018731718494499998,
      "rel_score": -0.0040763956509821675
    },
    "test": {
      "mse": 0.0004356687713880092,
      "mae": 0.01415660697966814,
      "directional_accuracy": 0.43871706758304696,
      "base_loss": 0.0264662875,
      "abs_loss": 0.02703171779,
      "rel_score": -0.021364170928771076
    }
  },
  "lstm_ensemble": {
    "train": {
      "mse": 0.00043608492705971,
      "mae": 0.014486427418887615,
      "directional_accuracy": 0.4770088248954947,
      "base_loss": 0.02718952415,
      "abs_loss": 0.026984708041000012,
      "rel_score": 0.007532905242109145
    },
    "val": {
      "mse": 0.00023087626323103905,
      "mae": 0.010501570999622345,
      "directional_accuracy": 0.4522849462365591,
      "base_loss": 0.0186556706,
      "abs_loss": 0.0187783883195,
      "rel_score": -0.006578038502673689
    },
    "test": {
      "mse": 0.0004420682671479881,
      "mae": 0.014282159507274628,
      "directional_accuracy": 0.4725085910652921,
      "base_loss": 0.0264662875,
      "abs_loss": 0.026526144880000005,
      "rel_score": -0.0022616462546929395
    }
  },
  "lstm_seed_42": {
    "train": {
      "mse": 0.0004363217740319669,
      "mae": 0.014493641443550587,
      "directional_accuracy": 0.47654435671156525,
      "base_loss": 0.02718952415,
      "abs_loss": 0.027136525108000003,
      "rel_score": 0.0019492449263772693
    },
    "val": {
      "mse": 0.00023228627105709165,
      "mae": 0.010563439689576626,
      "directional_accuracy": 0.4489247311827957,
      "base_loss": 0.0186556706,
      "abs_loss": 0.019003026979999997,
      "rel_score": -0.018619345691062827
    },
    "test": {
      "mse": 0.0004464006924536079,
      "mae": 0.014377188868820667,
      "directional_accuracy": 0.46219931271477666,
      "base_loss": 0.0264662875,
      "abs_loss": 0.026805345199999997,
      "rel_score": -0.012810927864363109
    }
  },
  "lstm_seed_52": {
    "train": {
      "mse": 0.0004394668503664434,
      "mae": 0.014552188105881214,
      "directional_accuracy": 0.467177581668989,
      "base_loss": 0.02718952415,
      "abs_loss": 0.027110513955000002,
      "rel_score": 0.0029059057659160947
    },
    "val": {
      "mse": 0.00023078433878254145,
      "mae": 0.010508310981094837,
      "directional_accuracy": 0.4522849462365591,
      "base_loss": 0.0186556706,
      "abs_loss": 0.018716849926,
      "rel_score": -0.0032793957028807164
    },
    "test": {
      "mse": 0.0004413012065924704,
      "mae": 0.014356077648699284,
      "directional_accuracy": 0.48911798396334477,
      "base_loss": 0.0264662875,
      "abs_loss": 0.026695483925,
      "rel_score": -0.008659938610581452
    }
  },
  "lstm_seed_62": {
    "train": {
      "mse": 0.00043988143443129957,
      "mae": 0.014610598795115948,
      "directional_accuracy": 0.46686793621303607,
      "base_loss": 0.02718952415,
      "abs_loss": 0.0271272985625,
      "rel_score": 0.0022885868526685282
    },
    "val": {
      "mse": 0.00023207203776109964,
      "mae": 0.010542844422161579,
      "directional_accuracy": 0.4576612903225806,
      "base_loss": 0.0186556706,
      "abs_loss": 0.018812393229249998,
      "rel_score": -0.008400803841915883
    },
    "test": {
      "mse": 0.00044521718518808484,
      "mae": 0.014309310354292393,
      "directional_accuracy": 0.45418098510882016,
      "base_loss": 0.0264662875,
      "abs_loss": 0.026686092775,
      "rel_score": -0.008305104182065426
    }
  },
  "lstm_best_by_val": {
    "train": {
      "mse": 0.0004394668503664434,
      "mae": 0.014552188105881214,
      "directional_accuracy": 0.467177581668989,
      "base_loss": 0.02718952415,
      "abs_loss": 0.027110513955000002,
      "rel_score": 0.0029059057659160947
    },
    "val": {
      "mse": 0.00023078433878254145,
      "mae": 0.010508310981094837,
      "directional_accuracy": 0.4522849462365591,
      "base_loss": 0.0186556706,
      "abs_loss": 0.018716849926,
      "rel_score": -0.0032793957028807164
    },
    "test": {
      "mse": 0.0004413012065924704,
      "mae": 0.014356077648699284,
      "directional_accuracy": 0.48911798396334477,
      "base_loss": 0.0264662875,
      "abs_loss": 0.026695483925,
      "rel_score": -0.008659938610581452
    }
  },
  "lstm_top2_by_val": {
    "train": {
      "mse": 0.00043741302215494215,
      "mae": 0.014522363431751728,
      "directional_accuracy": 0.4691902771326831,
      "base_loss": 0.02718952415,
      "abs_loss": 0.027015797973,
      "rel_score": 0.006389452645128468
    },
    "val": {
      "mse": 0.0002307206450495869,
      "mae": 0.01049274392426014,
      "directional_accuracy": 0.459005376344086,
      "base_loss": 0.0186556706,
      "abs_loss": 0.018768273024499998,
      "rel_score": -0.006035828296625079
    },
    "test": {
      "mse": 0.00044139541569165885,
      "mae": 0.014277595095336437,
      "directional_accuracy": 0.47308132875143183,
      "base_loss": 0.0264662875,
      "abs_loss": 0.0266852253325,
      "rel_score": -0.00827232880697748
    }
  },
  "lstm_signmag": {
    "train": {
      "mse": 0.00044016551692038774,
      "mae": 0.014569493010640144,
      "directional_accuracy": 0.4639263043814832,
      "base_loss": 0.02718952415,
      "abs_loss": 0.027164393645000003,
      "rel_score": 0.0009242716003913243
    },
    "val": {
      "mse": 0.0002314315061084926,
      "mae": 0.010502777993679047,
      "directional_accuracy": 0.4650537634408602,
      "base_loss": 0.0186556706,
      "abs_loss": 0.0185028105083,
      "rel_score": 0.008193760223232038
    },
    "test": {
      "mse": 0.0004425412917044014,
      "mae": 0.014276091940701008,
      "directional_accuracy": 0.4879725085910653,
      "base_loss": 0.0264662875,
      "abs_loss": 0.026450971875,
      "rel_score": 0.0005786842979016438
    }
  },
  "lstm_signmag_ensemble": {
    "train": {
      "mse": 0.00043949479004368186,
      "mae": 0.014548931270837784,