{
  "lstm": {
    "train": {
      "base_loss": 0.02718952415,
      "abs_loss": 0.027136525108000003,
      "rel_score": 0.0019492449263772693,
      "directional_accuracy": 0.47654435671156525,
      "error_len": 12918,
      "base_len": 12918
    },
    "val": {
      "base_loss": 0.0186556706,
      "abs_loss": 0.019003026979999997,
      "rel_score": -0.018619345691062827,
      "directional_accuracy": 0.4489247311827957,
      "error_len": 1488,
      "base_len": 1488
    },
    "test": {
      "base_loss": 0.0264662875,
      "abs_loss": 0.026805345199999997,
      "rel_score": -0.012810927864363109,
      "directional_accuracy": 0.46219931271477666,
      "error_len": 1746,
      "base_len": 1746
    }
  },
  "linear_regression": {
    "train": {
      "base_loss": 0.02718952415,
      "abs_loss": 0.028291445540000015,
      "rel_score": -0.040527424603715057,
      "directional_accuracy": 0.44797956339990713,
      "error_len": 12918,
      "base_len": 12918
    },
    "val": {
      "base_loss": 0.0186556706,
      "abs_loss": 0.020946280379999994,
      "rel_score": -0.12278356694398296,
      "directional_accuracy": 0.4314516129032258,
      "error_len": 1488,
      "base_len": 1488
    },
    "test": {
      "base_loss": 0.0264662875,
      "abs_loss": 0.0277171844,
      "rel_score": -0.04726378416315469,
      "directional_accuracy": 0.4547537227949599,
      "error_len": 1746,
      "base_len": 1746
    }
  },
  "arima": {
    "train": {
      "base_loss": 0.02718952415,
      "abs_loss": 0.027218671635,
      "rel_score": -0.001072011589434041,
      "directional_accuracy": 0.4579656293543892,
      "error_len": 12918,
      "base_len": 12918
    },
    "val": {
      "base_loss": 0.0186556706,
      "abs_loss": 0.018731718494499998,
      "rel_score": -0.0040763956509821675,
      "directional_accuracy": 0.4737903225806452,
      "error_len": 1488,
      "base_len": 1488
    },
    "test": {
      "base_loss": 0.0264662875,
      "abs_loss": 0.02703171779,
      "rel_score": -0.021364170928771076,
      "directional_accuracy": 0.43871706758304696,
      "error_len": 1746,
      "base_len": 1746
    }
  },
  "lstm_ensemble": {
    "train": {
      "base_loss": 0.02718952415,
      "abs_loss": 0.026984708041000012,
      "rel_score": 0.007532905242109145,
      "directional_accuracy": 0.4770088248954947,
      "error_len": 12918,
      "base_len": 12918
    },
    "val": {
      "base_loss": 0.0186556706,
      "abs_loss": 0.0187783883195,
      "rel_score": -0.006578038502673689,
      "directional_accuracy": 0.4522849462365591,
      "error_len": 1488,
      "base_len": 1488
    },
    "test": {
      "base_loss": 0.0264662875,
      "abs_loss": 0.026526144880000005,
      "rel_score": -0.0022616462546929395,
      "directional_accuracy": 0.4725085910652921,
      "error_len": 1746,
      "base_len": 1746
    }
  },
  "lstm_seed_42": {
    "train": {
      "base_loss": 0.02718952415,
      "abs_loss": 0.027136525108000003,
      "rel_score": 0.0019492449263772693,
      "directional_accuracy": 0.47654435671156525,
      "error_len": 12918,
      "base_len": 12918
    },
    "val": {
      "base_loss": 0.0186556706,
      "abs_loss": 0.019003026979999997,
      "rel_score": -0.018619345691062827,
      "directional_accuracy": 0.4489247311827957,
      "error_len": 1488,
      "base_len": 1488
    },
    "test": {
      "base_loss": 0.0264662875,
      "abs_loss": 0.026805345199999997,
      "rel_score": -0.012810927864363109,
      "directional_accuracy": 0.46219931271477666,
      "error_len": 1746,
      "base_len": 1746
    }
  },
  "lstm_seed_52": {
    "train": {
      "base_loss": 0.02718952415,
      "abs_loss": 0.027110513955000002,
      "rel_score": 0.0029059057659160947,
      "directional_accuracy": 0.467177581668989,
      "error_len": 12918,
      "base_len": 12918
    },
    "val": {
      "base_loss": 0.0186556706,
      "abs_loss": 0.018716849926,
      "rel_score": -0.0032793957028807164,
      "directional_accuracy": 0.4522849462365591,
      "error_len": 1488,
      "base_len": 1488
    },
    "test": {
      "base_loss": 0.0264662875,
      "abs_loss": 0.026695483925,
      "rel_score": -0.008659938610581452,
      "directional_accuracy": 0.48911798396334477,
      "error_len": 1746,
      "base_len": 1746
    }
  },
  "lstm_seed_62": {
    "train": {
      "base_loss": 0.02718952415,
      "abs_loss": 0.0271272985625,
      "rel_score": 0.0022885868526685282,
      "directional_accuracy": 0.46686793621303607,
      "error_len": 12918,
      "base_len": 12918
    },
    "val": {
      "base_loss": 0.0186556706,
      "abs_loss": 0.018812393229249998,
      "rel_score": -0.008400803841915883,
      "directional_accuracy": 0.4576612903225806,
      "error_len": 1488,
      "base_len": 1488
    },
    "test": {
      "base_loss": 0.0264662875,
      "abs_loss": 0.026686092775,
      "rel_score": -0.008305104182065426,
      "directional_accuracy": 0.45418098510882016,
      "error_len": 1746,
      "base_len": 1746
    }
  },
  "lstm_best_by_val": {
    "train": {
      "base_loss": 0.02718952415,
      "abs_loss": 0.027110513955000002,
      "rel_score": 0.0029059057659160947,
      "directional_accuracy": 0.467177581668989,
      "error_len": 12918,
      "base_len": 12918
    },
    "val": {
      "base_loss": 0.0186556706,
      "abs_loss": 0.018716849926,
      "rel_score": -0.0032793957028807164,
      "directional_accuracy": 0.4522849462365591,
      "error_len": 1488,
      "base_len": 1488
    },
    "test": {
      "base_loss": 0.0264662875,
      "abs_loss": 0.026695483925,
      "rel_score": -0.008659938610581452,
      "directional_accuracy": 0.48911798396334477,
      "error_len": 1746,
      "base_len": 1746
    }
  },
  "lstm_top2_by_val": {
    "train": {
      "base_loss": 0.02718952415,
      "abs_loss": 0.027015797973,
      "rel_score": 0.006389452645128468,
      "directional_accuracy": 0.4691902771326831,
      "error_len": 12918,
      "base_len": 12918
    },
    "val": {
      "base_loss": 0.0186556706,
      "abs_loss": 0.018768273024499998,
      "rel_score": -0.006035828296625079,
      "directional_accuracy": 0.459005376344086,
      "error_len": 1488,
      "base_len": 1488
    },
    "test": {
      "base_loss": 0.0264662875,
      "abs_loss": 0.0266852253325,
      "rel_score": -0.00827232880697748,
      "directional_accuracy": 0.47308132875143183,
      "error_len": 1746,
      "base_len": 1746
    }
  },
  "lstm_signmag": {
    "train": {
      "base_loss": 0.02718952415,
      "abs_loss": 0.027164393645000003,
      "rel_score": 0.0009242716003913243,
      "directional_accuracy": 0.4639263043814832,
      "error_len": 12918,
      "base_len": 12918
    },
    "val": {
      "base_loss": 0.0186556706,
      "abs_loss": 0.0185028105083,
      "rel_score": 0.008193760223232038,
      "directional_accuracy": 0.4650537634408602,
      "error_len": 1488,
      "base_len": 1488
    },
    "test": {
      "base_loss": 0.0264662875,
      "abs_loss": 0.026450971875,
      "rel_score": 0.0005786842979016438,
      "directional_accuracy": 0.4879725085910653,
      "error_len": 1746,
      "base_len": 1746
    }
  },
  "lstm_signmag_ensemble": {
    "train": {
      "base_loss": 0.02718952415,
      "abs_loss": 0.027176497525,
      "rel_score": 0.0004791045598347976,
      "directional_accuracy": 0.45990091345409506,
      "error_len": 12918,
      "base_len": 12918
    },
    "val": {
      "base_loss": 0.0186556706,
      "abs_loss": 0.01853900015,
      "rel_score": 0.006253886686871546,
      "directional_accuracy": 0.46706989247311825,
      "error_len": 1488,
      "base_len": 1488
    },
    "test": {
      "base_loss": 0.0264662875,
      "abs_loss": 0.026638131114999998,
      "rel_score": -0.00649292481992414,
      "directional_accuracy": 0.4833906071019473,
      "error_len": 1746,
      "base_len": 1746
    }
  },