{
  "lstm": {
    "train": {
      "base_loss": 0.03176591470837597,
      "abs_loss": 0.03176716498564933,
      "rel_score": -3.9359082993017935e-05,
      "directional_accuracy": 0.46026226182713903,
      "error_len": 13803,
      "base_len": 13803
    },
    "val": {
      "base_loss": 0.02314738854765892,
      "abs_loss": 0.023056347703095524,
      "rel_score": 0.003933093548585287,
      "directional_accuracy": 0.4375,
      "error_len": 1488,
      "base_len": 1488
    },
    "test": {
      "base_loss": 0.03535388801246882,
      "abs_loss": 0.03519772215513513,
      "rel_score": 0.004417218759040331,
      "directional_accuracy": 0.4834619625137817,
      "error_len": 1814,
      "base_len": 1814
    }
  },
  "linear_regression": {
    "train": {
      "base_loss": 0.03176591470837597,
      "abs_loss": 0.03303190611768514,
      "rel_score": -0.039853768447453364,
      "directional_accuracy": 0.44149822502354563,
      "error_len": 13803,
      "base_len": 13803
    },
    "val": {
      "base_loss": 0.02314738854765892,
      "abs_loss": 0.025068821455351997,
      "rel_score": -0.08300862551889931,
      "directional_accuracy": 0.4166666666666667,
      "error_len": 1488,
      "base_len": 1488
    },
    "test": {
      "base_loss": 0.03535388801246882,
      "abs_loss": 0.03724077669903636,
      "rel_score": -0.053371461885664884,
      "directional_accuracy": 0.44432194046306506,
      "error_len": 1814,
      "base_len": 1814
    }
  },
  "arima": {
    "train": {
      "base_loss": 0.03176591470837597,
      "abs_loss": 0.03199796391418204,
      "rel_score": -0.007304974779929196,
      "directional_accuracy": 0.4236035644425125,
      "error_len": 13803,
      "base_len": 13803
    },
    "val": {
      "base_loss": 0.02314738854765892,
      "abs_loss": 0.023499361678841525,
      "rel_score": -0.015205738239452593,
      "directional_accuracy": 0.4227150537634409,
      "error_len": 1488,
      "base_len": 1488
    },
    "test": {
      "base_loss": 0.03535388801246882,
      "abs_loss": 0.03553956118994393,
      "rel_score": -0.005251846060315479,
      "directional_accuracy": 0.4558985667034179,
      "error_len": 1814,
      "base_len": 1814
    }
  },
  "lstm_ensemble": {
    "train": {
      "base_loss": 0.03176591470837597,
      "abs_loss": 0.0316820844775066,
      "rel_score": 0.0026389994319055976,
      "directional_accuracy": 0.470404984423676,
      "error_len": 13803,
      "base_len": 13803
    },
    "val": {
      "base_loss": 0.02314738854765892,
      "abs_loss": 0.023280328104374345,
      "rel_score": -0.005743177310983061,
      "directional_accuracy": 0.4529569892473118,
      "error_len": 1488,
      "base_len": 1488
    },
    "test": {
      "base_loss": 0.03535388801246882,
      "abs_loss": 0.035173550376202914,
      "rel_score": 0.005100927971551594,
      "directional_accuracy": 0.4757442116868798,
      "error_len": 1814,
      "base_len": 1814
    }
  },
  "lstm_seed_42": {
    "train": {
      "base_loss": 0.03176591470837597,
      "abs_loss": 0.03176716498564933,
      "rel_score": -3.9359082993017935e-05,
      "directional_accuracy": 0.46026226182713903,
      "error_len": 13803,
      "base_len": 13803
    },
    "val": {
      "base_loss": 0.02314738854765892,
      "abs_loss": 0.023056347703095524,
      "rel_score": 0.003933093548585287,
      "directional_accuracy": 0.4375,
      "error_len": 1488,
      "base_len": 1488
    },
    "test": {
      "base_loss": 0.03535388801246882,
      "abs_loss": 0.03519772215513513,
      "rel_score": 0.004417218759040331,
      "directional_accuracy": 0.4834619625137817,
      "error_len": 1814,
      "base_len": 1814
    }
  },
  "lstm_seed_52": {
    "train": {
      "base_loss": 0.03176591470837597,
      "abs_loss": 0.031598366098478436,
      "rel_score": 0.0052744777361425355,
      "directional_accuracy": 0.46265304643917987,
      "error_len": 13803,
      "base_len": 13803
    },
    "val": {
      "base_loss": 0.02314738854765892,
      "abs_loss": 0.02305474632885307,
      "rel_score": 0.004002275186036797,
      "directional_accuracy": 0.46639784946236557,
      "error_len": 1488,
      "base_len": 1488
    },
    "test": {
      "base_loss": 0.03535388801246882,
      "abs_loss": 0.035554874810623006,
      "rel_score": -0.0056849984387374874,
      "directional_accuracy": 0.47133406835722164,
      "error_len": 1814,
      "base_len": 1814
    }
  },
  "lstm_seed_62": {
    "train": {
      "base_loss": 0.03176591470837597,
      "abs_loss": 0.031605840579140954,
      "rel_score": 0.005039178966025681,
      "directional_accuracy": 0.4658407592552344,
      "error_len": 13803,
      "base_len": 13803
    },
    "val": {
      "base_loss": 0.02314738854765892,
      "abs_loss": 0.023100368010636883,
      "rel_score": 0.002031353857702922,
      "directional_accuracy": 0.44556451612903225,
      "error_len": 1488,
      "base_len": 1488
    },
    "test": {
      "base_loss": 0.03535388801246882,
      "abs_loss": 0.03506525167031214,
      "rel_score": 0.008164203667072822,
      "directional_accuracy": 0.4933847850055127,
      "error_len": 1814,
      "base_len": 1814
    }
  },
  "lstm_seed_99": {
    "train": {
      "base_loss": 0.03176591470837597,
      "abs_loss": 0.03183439610293135,
      "rel_score": -0.002155813713663468,
      "directional_accuracy": 0.4594653336231254,
      "error_len": 13803,
      "base_len": 13803
    },
    "val": {
      "base_loss": 0.02314738854765892,
      "abs_loss": 0.023243116637604543,
      "rel_score": -0.004135589193939859,
      "directional_accuracy": 0.4415322580645161,
      "error_len": 1488,
      "base_len": 1488
    },
    "test": {
      "base_loss": 0.03535388801246882,
      "abs_loss": 0.0349530443927506,
      "rel_score": 0.0113380350013228,
      "directional_accuracy": 0.4724366041896362,
      "error_len": 1814,
      "base_len": 1814
    }
  },
  "lstm_best_by_val": {
    "train": {
      "base_loss": 0.03176591470837597,
      "abs_loss": 0.031598366098478436,
      "rel_score": 0.0052744777361425355,
      "directional_accuracy": 0.46265304643917987,
      "error_len": 13803,
      "base_len": 13803
    },
    "val": {
      "base_loss": 0.02314738854765892,
      "abs_loss": 0.02305474632885307,
      "rel_score": 0.004002275186036797,
      "directional_accuracy": 0.46639784946236557,
      "error_len": 1488,
      "base_len": 1488
    },
    "test": {
      "base_loss": 0.03535388801246882,
      "abs_loss": 0.035554874810623006,
      "rel_score": -0.0056849984387374874,
      "directional_accuracy": 0.47133406835722164,
      "error_len": 1814,
      "base_len": 1814
    }
  },
  "lstm_top2_by_val": {
    "train": {
      "base_loss": 0.03176591470837597,
      "abs_loss": 0.031612688954919574,
      "rel_score": 0.004823590155141777,
      "directional_accuracy": 0.46402955879156704,
      "error_len": 13803,
      "base_len": 13803
    },
    "val": {
      "base_loss": 0.02314738854765892,
      "abs_loss": 0.023347030574223028,
      "rel_score": -0.008624818568758075,
      "directional_accuracy": 0.45631720430107525,
      "error_len": 1488,
      "base_len": 1488
    },
    "test": {
      "base_loss": 0.03535388801246882,
      "abs_loss": 0.035271522428956814,
      "rel_score": 0.0023297461224902616,
      "directional_accuracy": 0.4735391400220507,
      "error_len": 1814,
      "base_len": 1814
    }
  },
  "lstm_signmag": {
    "train": {
      "base_loss": 0.03176591470837597,
      "abs_loss": 0.031927723786793656,
      "rel_score": -0.005093795658118516,
      "directional_accuracy": 0.44917771498949505,
      "error_len": 13803,
      "base_len": 13803
    },
    "val": {
      "base_loss": 0.02314738854765892,
      "abs_loss": 0.02307354935619514,
      "rel_score": 0.0031899577488729847,
      "directional_accuracy": 0.44623655913978494,
      "error_len": 1488,
      "base_len": 1488
    },