{
  "lstm": {
    "train": {
      "mse": 0.0005788936978206038,
      "mae": 0.016893070191144943,
      "directional_accuracy": 0.46026226182713903,
      "base_loss": 0.03176591470837597,
      "abs_loss": 0.03176716498564933,
      "rel_score": -3.9359082993017935e-05
    },
    "val": {
      "mse": 0.00032366093364544213,
      "mae": 0.012758735567331314,
      "directional_accuracy": 0.4375,
      "base_loss": 0.02314738854765892,
      "abs_loss": 0.023056347703095524,
      "rel_score": 0.003933093548585287
    },
    "test": {
      "mse": 0.0006891576340422034,
      "mae": 0.018607771024107933,
      "directional_accuracy": 0.4834619625137817,
      "base_loss": 0.03535388801246882,
      "abs_loss": 0.03519772215513513,
      "rel_score": 0.004417218759040331
    }
  },
  "linear_regression": {
    "train": {
      "mse": 0.0005435814964585006,
      "mae": 0.016883011907339096,
      "directional_accuracy": 0.44149822502354563,
      "base_loss": 0.03176591470837597,
      "abs_loss": 0.03303190611768514,
      "rel_score": -0.039853768447453364
    },
    "val": {
      "mse": 0.000356034841388464,
      "mae": 0.01392583828419447,
      "directional_accuracy": 0.4166666666666667,
      "base_loss": 0.02314738854765892,
      "abs_loss": 0.025068821455351997,
      "rel_score": -0.08300862551889931
    },
    "test": {
      "mse": 0.0007038147887215018,
      "mae": 0.019405927509069443,
      "directional_accuracy": 0.44432194046306506,
      "base_loss": 0.03535388801246882,
      "abs_loss": 0.03724077669903636,
      "rel_score": -0.053371461885664884
    }
  },
  "arima": {
    "train": {
      "mse": 0.0005693816929124296,
      "mae": 0.017002202570438385,
      "directional_accuracy": 0.4236035644425125,
      "base_loss": 0.03176591470837597,
      "abs_loss": 0.03199796391418204,
      "rel_score": -0.007304974779929196
    },
    "val": {
      "mse": 0.0003312280750833452,
      "mae": 0.013007826171815395,
      "directional_accuracy": 0.4227150537634409,
      "base_loss": 0.02314738854765892,
      "abs_loss": 0.023499361678841525,
      "rel_score": -0.015205738239452593
    },
    "test": {
      "mse": 0.0006710903253406286,
      "mae": 0.018532661721110344,
      "directional_accuracy": 0.4558985667034179,
      "base_loss": 0.03535388801246882,
      "abs_loss": 0.03553956118994393,
      "rel_score": -0.005251846060315479
    }
  },
  "lstm_ensemble": {
    "train": {
      "mse": 0.0005753057193942368,
      "mae": 0.016807228326797485,
      "directional_accuracy": 0.470404984423676,
      "base_loss": 0.03176591470837597,
      "abs_loss": 0.0316820844775066,
      "rel_score": 0.0026389994319055976
    },
    "val": {
      "mse": 0.00032215993269346654,
      "mae": 0.012713483534753323,
      "directional_accuracy": 0.4529569892473118,
      "base_loss": 0.02314738854765892,
      "abs_loss": 0.023280328104374345,
      "rel_score": -0.005743177310983061
    },
    "test": {
      "mse": 0.0006819382542744279,
      "mae": 0.018521985039114952,
      "directional_accuracy": 0.4757442116868798,
      "base_loss": 0.03535388801246882,
      "abs_loss": 0.035173550376202914,
      "rel_score": 0.005100927971551594
    }
  },
  "lstm_seed_42": {
    "train": {
      "mse": 0.0005788936978206038,
      "mae": 0.016893070191144943,
      "directional_accuracy": 0.46026226182713903,
      "base_loss": 0.03176591470837597,
      "abs_loss": 0.03176716498564933,
      "rel_score": -3.9359082993017935e-05
    },
    "val": {
      "mse": 0.00032366093364544213,
      "mae": 0.012758735567331314,
      "directional_accuracy": 0.4375,
      "base_loss": 0.02314738854765892,
      "abs_loss": 0.023056347703095524,
      "rel_score": 0.003933093548585287
    },
    "test": {
      "mse": 0.0006891576340422034,
      "mae": 0.018607771024107933,
      "directional_accuracy": 0.4834619625137817,
      "base_loss": 0.03535388801246882,
      "abs_loss": 0.03519772215513513,
      "rel_score": 0.004417218759040331
    }
  },
  "lstm_seed_52": {
    "train": {
      "mse": 0.0005769054987467825,
      "mae": 0.016868650913238525,
      "directional_accuracy": 0.46265304643917987,
      "base_loss": 0.03176591470837597,
      "abs_loss": 0.031598366098478436,
      "rel_score": 0.0052744777361425355
    },
    "val": {
      "mse": 0.00032413413282483816,
      "mae": 0.012747250497341156,
      "directional_accuracy": 0.46639784946236557,
      "base_loss": 0.02314738854765892,
      "abs_loss": 0.02305474632885307,
      "rel_score": 0.004002275186036797
    },
    "test": {
      "mse": 0.0006886152550578117,
      "mae": 0.01864311657845974,
      "directional_accuracy": 0.47133406835722164,
      "base_loss": 0.03535388801246882,
      "abs_loss": 0.035554874810623006,
      "rel_score": -0.0056849984387374874
    }
  },
  "lstm_seed_62": {
    "train": {
      "mse": 0.0005834117182530463,
      "mae": 0.016853656619787216,
      "directional_accuracy": 0.4658407592552344,
      "base_loss": 0.03176591470837597,
      "abs_loss": 0.031605840579140954,
      "rel_score": 0.005039178966025681
    },
    "val": {
      "mse": 0.00032216953695751727,
      "mae": 0.012711171060800552,
      "directional_accuracy": 0.44556451612903225,
      "base_loss": 0.02314738854765892,
      "abs_loss": 0.023100368010636883,
      "rel_score": 0.002031353857702922
    },
    "test": {
      "mse": 0.0006828528712503612,
      "mae": 0.018597718328237534,
      "directional_accuracy": 0.4933847850055127,
      "base_loss": 0.03535388801246882,
      "abs_loss": 0.03506525167031214,
      "rel_score": 0.008164203667072822
    }
  },
  "lstm_seed_99": {
    "train": {
      "mse": 0.0005788924172520638,
      "mae": 0.016903065145015717,
      "directional_accuracy": 0.4594653336231254,
      "base_loss": 0.03176591470837597,
      "abs_loss": 0.03183439610293135,
      "rel_score": -0.002155813713663468
    },
    "val": {
      "mse": 0.00032378631294704974,
      "mae": 0.012777132913470268,
      "directional_accuracy": 0.4415322580645161,
      "base_loss": 0.02314738854765892,
      "abs_loss": 0.023243116637604543,
      "rel_score": -0.004135589193939859
    },
    "test": {
      "mse": 0.0006892605451866984,
      "mae": 0.018629593774676323,
      "directional_accuracy": 0.4724366041896362,
      "base_loss": 0.03535388801246882,
      "abs_loss": 0.0349530443927506,
      "rel_score": 0.0113380350013228
    }
  },
  "lstm_best_by_val": {
    "train": {
      "mse": 0.0005769054987467825,
      "mae": 0.016868650913238525,
      "directional_accuracy": 0.46265304643917987,
      "base_loss": 0.03176591470837597,
      "abs_loss": 0.031598366098478436,
      "rel_score": 0.0052744777361425355
    },
    "val": {
      "mse": 0.00032413413282483816,
      "mae": 0.012747250497341156,
      "directional_accuracy": 0.46639784946236557,
      "base_loss": 0.02314738854765892,
      "abs_loss": 0.02305474632885307,
      "rel_score": 0.004002275186036797
    },
    "test": {
      "mse": 0.0006886152550578117,
      "mae": 0.01864311657845974,
      "directional_accuracy": 0.47133406835722164,
      "base_loss": 0.03535388801246882,
      "abs_loss": 0.035554874810623006,
      "rel_score": -0.0056849984387374874
    }
  },
  "lstm_top2_by_val": {
    "train": {
      "mse": 0.0005755529273301363,
      "mae": 0.016836779192090034,
      "directional_accuracy": 0.46402955879156704,
      "base_loss": 0.03176591470837597,
      "abs_loss": 0.031612688954919574,
      "rel_score": 0.004823590155141777
    },
    "val": {
      "mse": 0.0003229260037187487,
      "mae": 0.012728500179946423,
      "directional_accuracy": 0.45631720430107525,
      "base_loss": 0.02314738854765892,
      "abs_loss": 0.023347030574223028,
      "rel_score": -0.008624818568758075
    },
    "test": {
      "mse": 0.0006847881595604122,
      "mae": 0.018542738631367683,
      "directional_accuracy": 0.4735391400220507,