split,mae,rmse,mape_pct
train,337.4294738769531,659.086181640625,1.63591468334198
val,472.2494201660156,862.8739624023438,1.2476154565811157
test,722.0241088867188,1313.6204833984375,1.6829326152801514
