split,mae,rmse,mape_pct
train,350.26025390625,663.3604736328125,1.7118921279907227
val,502.4786071777344,880.7737426757812,1.3403997421264648
test,745.6178588867188,1322.1956787109375,1.751234531402588
