loss,val_loss,val_rel_score,learning_rate
0.45082515478134155,0.40457648038864136,-0.0005637284414181654,0.00019999999494757503
0.44372162222862244,0.4046274721622467,0.0009550564209319656,0.00019999999494757503
0.4427856504917145,0.40439513325691223,-0.002066249685934496,0.00019999999494757503
0.44212114810943604,0.40417587757110596,-0.0017050431899745533,0.00019999999494757503
0.4417024850845337,0.4039769172668457,0.00015947990220288588,0.00019999999494757503
0.4409262239933014,0.4037676155567169,0.0002965941885505474,9.999999747378752e-05
0.44067928194999695,0.4036817252635956,0.0006235769589097995,9.999999747378752e-05
0.4404723048210144,0.4036848247051239,-0.000970900628282978,9.999999747378752e-05
