loss,val_loss,val_rel_score,learning_rate
1.3560627698898315,1.3563026189804077,0.0043296725601571495,0.00019999999494757503
1.3440779447555542,1.3504661321640015,0.0018795294973735777,0.00019999999494757503
1.3394325971603394,1.354612112045288,-0.0064784309855874245,0.00019999999494757503
1.3377801179885864,1.3470538854599,-0.001999778388255269,0.00019999999494757503
1.3347946405410767,1.3479807376861572,0.003855357000029591,9.999999747378752e-05
1.3322464227676392,1.3480989933013916,-0.00012702805854103438,9.999999747378752e-05
1.3293578624725342,1.3458195924758911,0.002758645113011382,9.999999747378752e-05
