{
  "lstm": {
    "train": {
      "mse": 0.0005508752074092627,
      "mae": 0.016238249838352203,
      "directional_accuracy": 0.45494603104898873,
      "base_loss": 0.030714341998100282,
      "abs_loss": 0.030710532729972328,
      "rel_score": 0.0001240224559649894
    },
    "val": {
      "mse": 0.0003284567501395941,
      "mae": 0.012335882522165775,
      "directional_accuracy": 0.46239965285311346,
      "base_loss": 0.02243113163858657,
      "abs_loss": 0.022583498420135587,
      "rel_score": -0.006792648003853374
    },
    "test": {
      "mse": 0.0005583026213571429,
      "mae": 0.016301531344652176,
      "directional_accuracy": 0.47381342062193127,
      "base_loss": 0.03048264672979713,
      "abs_loss": 0.030619843976455747,
      "rel_score": -0.004500831173708475
    }
  },
  "linear_regression": {
    "train": {
      "mse": 0.000529653683770448,
      "mae": 0.016287121921777725,
      "directional_accuracy": 0.4432739666555219,
      "base_loss": 0.030714341998100282,
      "abs_loss": 0.03139104630099611,
      "rel_score": -0.02203219274362711
    },
    "val": {
      "mse": 0.0003431072400417179,
      "mae": 0.013011281378567219,
      "directional_accuracy": 0.4475157300932957,
      "base_loss": 0.02243113163858657,
      "abs_loss": 0.023944035079330246,
      "rel_score": -0.06744659454189739
    },
    "test": {
      "mse": 0.0005639947485178709,
      "mae": 0.01682719588279724,
      "directional_accuracy": 0.45733521797351584,
      "base_loss": 0.03048264672979713,
      "abs_loss": 0.03196646359865554,
      "rel_score": -0.04867742889950444
    }
  },
  "arima": {
    "train": {
      "mse": 0.0005454226629808545,
      "mae": 0.0163007490336895,
      "directional_accuracy": 0.431392314102788,
      "base_loss": 0.030714341998100282,
      "abs_loss": 0.030821223318343995,
      "rel_score": -0.0034798505613542474
    },
    "val": {
      "mse": 0.00033313853782601655,
      "mae": 0.01250525750219822,
      "directional_accuracy": 0.44113690605337386,
      "base_loss": 0.02243113163858657,
      "abs_loss": 0.02256175973452628,
      "rel_score": -0.0058235178699144186
    },
    "test": {
      "mse": 0.0005532573559321463,
      "mae": 0.016319183632731438,
      "directional_accuracy": 0.4420473143877399,
      "base_loss": 0.03048264672979713,
      "abs_loss": 0.030737342835345776,
      "rel_score": -0.008355445897015201
    }
  },
  "lstm_ensemble": {
    "train": {
      "mse": 0.000542748486623168,
      "mae": 0.016079891473054886,
      "directional_accuracy": 0.46476673336893004,
      "base_loss": 0.030714341998100282,
      "abs_loss": 0.03052204004488887,
      "rel_score": 0.006260982352260913
    },
    "val": {
      "mse": 0.0003246234846301377,
      "mae": 0.012272411957383156,
      "directional_accuracy": 0.4668691690171404,
      "base_loss": 0.02243113163858657,
      "abs_loss": 0.022520865267142677,
      "rel_score": -0.004000405775415494
    },
    "test": {
      "mse": 0.0005529369227588177,
      "mae": 0.016217196360230446,
      "directional_accuracy": 0.4828894509745574,
      "base_loss": 0.03048264672979713,
      "abs_loss": 0.03043639683746734,
      "rel_score": 0.0015172531683275148
    }
  },
  "lstm_seed_42": {
    "train": {
      "mse": 0.0005508752074092627,
      "mae": 0.016238249838352203,
      "directional_accuracy": 0.45494603104898873,
      "base_loss": 0.030714341998100282,
      "abs_loss": 0.030710532729972328,
      "rel_score": 0.0001240224559649894
    },
    "val": {
      "mse": 0.0003284567501395941,
      "mae": 0.012335882522165775,
      "directional_accuracy": 0.46239965285311346,
      "base_loss": 0.02243113163858657,
      "abs_loss": 0.022583498420135587,
      "rel_score": -0.006792648003853374
    },
    "test": {
      "mse": 0.0005583026213571429,
      "mae": 0.016301531344652176,
      "directional_accuracy": 0.47381342062193127,
      "base_loss": 0.03048264672979713,
      "abs_loss": 0.030619843976455747,
      "rel_score": -0.004500831173708475
    }
  },
  "lstm_seed_52": {
    "train": {
      "mse": 0.0005398031789809465,
      "mae": 0.016092650592327118,
      "directional_accuracy": 0.4598563822089594,
      "base_loss": 0.030714341998100282,
      "abs_loss": 0.030680537316948194,
      "rel_score": 0.001100615509008085
    },
    "val": {
      "mse": 0.000323626707540825,
      "mae": 0.012324110604822636,
      "directional_accuracy": 0.46448253417227164,
      "base_loss": 0.02243113163858657,
      "abs_loss": 0.022622681991197185,
      "rel_score": -0.008539486803291974
    },
    "test": {
      "mse": 0.0005526342429220676,
      "mae": 0.01629704236984253,
      "directional_accuracy": 0.47459455438178844,
      "base_loss": 0.03048264672979713,
      "abs_loss": 0.030563443427672612,
      "rel_score": -0.0026505801347131985
    }
  },
  "lstm_seed_62": {
    "train": {
      "mse": 0.0005506618181243539,
      "mae": 0.016157789155840874,
      "directional_accuracy": 0.46132848951809696,
      "base_loss": 0.030714341998100282,
      "abs_loss": 0.030548905169416687,
      "rel_score": 0.005386305482104392
    },
    "val": {
      "mse": 0.00032638179254718125,
      "mae": 0.012287582270801067,
      "directional_accuracy": 0.4639618138424821,
      "base_loss": 0.02243113163858657,
      "abs_loss": 0.02251126978881075,
      "rel_score": -0.0035726307310472993
    },
    "test": {
      "mse": 0.0005587445921264589,
      "mae": 0.016269799321889877,
      "directional_accuracy": 0.48006249070078855,
      "base_loss": 0.03048264672979713,
      "abs_loss": 0.030560455846716655,
      "rel_score": -0.002552570897443207
    }
  },
  "lstm_best_by_val": {
    "train": {
      "mse": 0.0005506618181243539,
      "mae": 0.016157789155840874,
      "directional_accuracy": 0.46132848951809696,
      "base_loss": 0.030714341998100282,
      "abs_loss": 0.030548905169416687,
      "rel_score": 0.005386305482104392
    },
    "val": {
      "mse": 0.00032638179254718125,
      "mae": 0.012287582270801067,
      "directional_accuracy": 0.4639618138424821,
      "base_loss": 0.02243113163858657,
      "abs_loss": 0.02251126978881075,
      "rel_score": -0.0035726307310472993
    },
    "test": {
      "mse": 0.0005587445921264589,
      "mae": 0.016269799321889877,
      "directional_accuracy": 0.48006249070078855,
      "base_loss": 0.03048264672979713,
      "abs_loss": 0.030560455846716655,
      "rel_score": -0.002552570897443207
    }
  },
  "lstm_top2_by_val": {
    "train": {
      "mse": 0.0005485269939526916,
      "mae": 0.01615848019719124,
      "directional_accuracy": 0.46077457795431975,
      "base_loss": 0.030714341998100282,
      "abs_loss": 0.030572177306748927,
      "rel_score": 0.0046286093760415925
    },
    "val": {
      "mse": 0.0003266442217864096,
      "mae": 0.012288431636989117,
      "directional_accuracy": 0.4637882403992189,
      "base_loss": 0.02243113163858657,
      "abs_loss": 0.02250843569636346,
      "rel_score": -0.0034462843436713353
    },
    "test": {
      "mse": 0.000557002320419997,
      "mae": 0.016255754977464676,
      "directional_accuracy": 0.4800252938550811,
      "base_loss": 0.03048264672979713,
      "abs_loss": 0.030538196529960263,
      "rel_score": -0.001822341762365065
    }
  },
  "lstm_signmag": {
    "train": {
      "mse": 0.0005472361808642745,
      "mae": 0.016196858137845993,
      "directional_accuracy": 0.45002569950048155,
      "base_loss": 0.030714341998100282,
      "abs_loss": 0.03061294704675675,
      "rel_score": 0.003301224924493029
    },
    "val": {
      "mse": 0.0003278543008491397,
      "mae": 0.01236374769359827,
      "directional_accuracy": 0.44990236493816443,
      "base_loss": 0.02243113163858657,
      "abs_loss": 0.022497711167670787,
      "rel_score": -0.0029681752199111067
    },
    "test": {
      "mse": 0.0005549110937863588,
      "mae": 0.016267158091068268,