{
  "lstm": {
    "train": {
      "mse": 0.0014815381728112698,
      "mae": 0.026701301336288452,
      "directional_accuracy": 0.5274566473988439,
      "base_loss": 0.04824295118451119,
      "abs_loss": 0.048689501077751635,
      "rel_score": -0.009256272310799618
    },
    "val": {
      "mse": 0.0008203582838177681,
      "mae": 0.021454891189932823,
      "directional_accuracy": 0.4314516129032258,
      "base_loss": 0.037043309584259984,
      "abs_loss": 0.04092192561947741,
      "rel_score": -0.10470490025722445
    },
    "test": {
      "mse": 0.004484443459659815,
      "mae": 0.04910816624760628,
      "directional_accuracy": 0.46357615894039733,
      "base_loss": 0.087188769876957,
      "abs_loss": 0.08834399603074418,
      "rel_score": -0.01324971272581843
    }
  },
  "linear_regression": {
    "train": {
      "mse": 0.0013317434350028634,
      "mae": 0.026140039786696434,
      "directional_accuracy": 0.505057803468208,
      "base_loss": 0.04824295118451119,
      "abs_loss": 0.04824726381339133,
      "rel_score": -8.939396894791507e-05
    },
    "val": {
      "mse": 0.0007471463759429753,
      "mae": 0.019917158409953117,
      "directional_accuracy": 0.5201612903225806,
      "base_loss": 0.037043309584259984,
      "abs_loss": 0.03673069941869474,
      "rel_score": 0.008439045243896826
    },
    "test": {
      "mse": 0.003799872938543558,
      "mae": 0.04542839899659157,
      "directional_accuracy": 0.5,
      "base_loss": 0.087188769876957,
      "abs_loss": 0.08341492728795857,
      "rel_score": 0.04328358565356727
    }
  },
  "arima": {
    "train": {
      "mse": 0.0013694928493350744,
      "mae": 0.025977378711104393,
      "directional_accuracy": 0.4949421965317919,
      "base_loss": 0.04824295118451119,
      "abs_loss": 0.04803873896598816,
      "rel_score": 0.00423299598198279
    },
    "val": {
      "mse": 0.0007734749815426767,
      "mae": 0.01997034065425396,
      "directional_accuracy": 0.4637096774193548,
      "base_loss": 0.037043309584259984,
      "abs_loss": 0.036572417989373204,
      "rel_score": 0.012711920186712078
    },
    "test": {
      "mse": 0.0039291344583034515,
      "mae": 0.04597243666648865,
      "directional_accuracy": 0.4337748344370861,
      "base_loss": 0.087188769876957,
      "abs_loss": 0.0875565324997297,
      "rel_score": -0.004218004489473737
    }
  }
}