{
  "lstm": {
    "train": {
      "base_loss": 0.04824295118451119,
      "abs_loss": 0.048689501077751635,
      "rel_score": -0.009256272310799618,
      "directional_accuracy": 0.5274566473988439,
      "error_len": 1384,
      "base_len": 1384
    },
    "val": {
      "base_loss": 0.037043309584259984,
      "abs_loss": 0.04092192561947741,
      "rel_score": -0.10470490025722445,
      "directional_accuracy": 0.4314516129032258,
      "error_len": 248,
      "base_len": 248
    },
    "test": {
      "base_loss": 0.087188769876957,
      "abs_loss": 0.08834399603074418,
      "rel_score": -0.01324971272581843,
      "directional_accuracy": 0.46357615894039733,
      "error_len": 302,
      "base_len": 302
    }
  },
  "linear_regression": {
    "train": {
      "base_loss": 0.04824295118451119,
      "abs_loss": 0.04824726381339133,
      "rel_score": -8.939396894791507e-05,
      "directional_accuracy": 0.505057803468208,
      "error_len": 1384,
      "base_len": 1384
    },
    "val": {
      "base_loss": 0.037043309584259984,
      "abs_loss": 0.03673069941869474,
      "rel_score": 0.008439045243896826,
      "directional_accuracy": 0.5201612903225806,
      "error_len": 248,
      "base_len": 248
    },
    "test": {
      "base_loss": 0.087188769876957,
      "abs_loss": 0.08341492728795857,
      "rel_score": 0.04328358565356727,
      "directional_accuracy": 0.5,
      "error_len": 302,
      "base_len": 302
    }
  },
  "arima": {
    "train": {
      "base_loss": 0.04824295118451119,
      "abs_loss": 0.04803873896598816,
      "rel_score": 0.00423299598198279,
      "directional_accuracy": 0.4949421965317919,
      "error_len": 1384,
      "base_len": 1384
    },
    "val": {
      "base_loss": 0.037043309584259984,
      "abs_loss": 0.036572417989373204,
      "rel_score": 0.012711920186712078,
      "directional_accuracy": 0.4637096774193548,
      "error_len": 248,
      "base_len": 248
    },
    "test": {
      "base_loss": 0.087188769876957,
      "abs_loss": 0.0875565324997297,
      "rel_score": -0.004218004489473737,
      "directional_accuracy": 0.4337748344370861,
      "error_len": 302,
      "base_len": 302
    }
  }
}