{
  "lstm": {
    "train": {
      "mse": 0.0004365132481325418,
      "mae": 0.01433816272765398,
      "directional_accuracy": 0.440220207253886,
      "base_loss": 0.0261912625,
      "abs_loss": 0.026455924236500002,
      "rel_score": -0.010104962924181393
    },
    "val": {
      "mse": 0.0002246201765956357,
      "mae": 0.010563182644546032,
      "directional_accuracy": 0.4489247311827957,
      "base_loss": 0.018872256649999995,
      "abs_loss": 0.018744441545999996,
      "rel_score": 0.006772645496001095
    },
    "test": {
      "mse": 0.00047675822861492634,
      "mae": 0.01483580470085144,
      "directional_accuracy": 0.4558991981672394,
      "base_loss": 0.0260547125,
      "abs_loss": 0.026280568453,
      "rel_score": -0.008668526010409794
    }
  },
  "linear_regression": {
    "train": {
      "mse": 0.00041057015187107027,
      "mae": 0.01422016229480505,
      "directional_accuracy": 0.4340673575129534,
      "base_loss": 0.0261912625,
      "abs_loss": 0.027256517475,
      "rel_score": -0.04067215068383967
    },
    "val": {
      "mse": 0.00022966643155086786,
      "mae": 0.010993669740855694,
      "directional_accuracy": 0.448252688172043,
      "base_loss": 0.018872256649999995,
      "abs_loss": 0.020507017019999997,
      "rel_score": -0.08662241089223444
    },
    "test": {
      "mse": 0.0004932007286697626,
      "mae": 0.015620769932866096,
      "directional_accuracy": 0.45418098510882016,
      "base_loss": 0.0260547125,
      "abs_loss": 0.0283413675,
      "rel_score": -0.08776358595398048
    }
  },
  "arima": {
    "train": {
      "mse": 0.00042773890891112387,
      "mae": 0.014237534254789352,
      "directional_accuracy": 0.43808290155440416,
      "base_loss": 0.0261912625,
      "abs_loss": 0.026422738905,
      "rel_score": -0.008837924670488828
    },
    "val": {
      "mse": 0.00022002802870701998,
      "mae": 0.010456491261720657,
      "directional_accuracy": 0.4724462365591398,
      "base_loss": 0.018872256649999995,
      "abs_loss": 0.018550837895,
      "rel_score": 0.01703128359056083
    },
    "test": {
      "mse": 0.00046363260480575264,
      "mae": 0.0146181033924222,
      "directional_accuracy": 0.4238258877434135,
      "base_loss": 0.0260547125,
      "abs_loss": 0.026086681155,
      "rel_score": -0.0012269816832559677
    }
  },
  "lstm_ensemble": {
    "train": {
      "mse": 0.0004267418698873371,
      "mae": 0.014114716090261936,
      "directional_accuracy": 0.45058290155440417,
      "base_loss": 0.0261912625,
      "abs_loss": 0.026087566460000003,
      "rel_score": 0.003959184479938593
    },
    "val": {
      "mse": 0.00022231006005313247,
      "mae": 0.010493612848222256,
      "directional_accuracy": 0.44018817204301075,
      "base_loss": 0.018872256649999995,
      "abs_loss": 0.018660830204999992,
      "rel_score": 0.01120302934201578
    },
    "test": {
      "mse": 0.0004634834185708314,
      "mae": 0.014621458947658539,
      "directional_accuracy": 0.46964490263459335,
      "base_loss": 0.0260547125,
      "abs_loss": 0.02600563685,
      "rel_score": 0.0018835613710955768
    }
  },
  "lstm_seed_42": {
    "train": {
      "mse": 0.0004365132481325418,
      "mae": 0.01433816272765398,
      "directional_accuracy": 0.440220207253886,
      "base_loss": 0.0261912625,
      "abs_loss": 0.026455924236500002,
      "rel_score": -0.010104962924181393
    },
    "val": {
      "mse": 0.0002246201765956357,
      "mae": 0.010563182644546032,
      "directional_accuracy": 0.4489247311827957,
      "base_loss": 0.018872256649999995,
      "abs_loss": 0.018744441545999996,
      "rel_score": 0.006772645496001095
    },
    "test": {
      "mse": 0.00047675822861492634,
      "mae": 0.01483580470085144,
      "directional_accuracy": 0.4558991981672394,
      "base_loss": 0.0260547125,
      "abs_loss": 0.026280568453,
      "rel_score": -0.008668526010409794
    }
  },
  "lstm_seed_52": {
    "train": {
      "mse": 0.0004291652294341475,
      "mae": 0.014205276034772396,
      "directional_accuracy": 0.44637305699481866,
      "base_loss": 0.0261912625,
      "abs_loss": 0.026136199321250005,
      "rel_score": 0.002102349161289707
    },
    "val": {
      "mse": 0.00022278974938672036,
      "mae": 0.010519417002797127,
      "directional_accuracy": 0.45698924731182794,
      "base_loss": 0.018872256649999995,
      "abs_loss": 0.018513253274499996,
      "rel_score": 0.01902281121743854
    },
    "test": {
      "mse": 0.00047210551565513015,
      "mae": 0.014805354177951813,
      "directional_accuracy": 0.4627720504009164,
      "base_loss": 0.0260547125,
      "abs_loss": 0.02663565458,
      "rel_score": -0.02229700596389228
    }
  },
  "lstm_seed_62": {
    "train": {
      "mse": 0.0004314563702791929,
      "mae": 0.0141452606767416,
      "directional_accuracy": 0.45226683937823836,
      "base_loss": 0.0261912625,
      "abs_loss": 0.025976999895000002,
      "rel_score": 0.008180690220641273
    },
    "val": {
      "mse": 0.0002236341970274225,
      "mae": 0.010545030236244202,
      "directional_accuracy": 0.45631720430107525,
      "base_loss": 0.018872256649999995,
      "abs_loss": 0.018910876177599994,
      "rel_score": -0.002046365112356563
    },
    "test": {
      "mse": 0.000462463271105662,
      "mae": 0.01464875414967537,
      "directional_accuracy": 0.4702176403207331,
      "base_loss": 0.0260547125,
      "abs_loss": 0.026734009925000003,
      "rel_score": -0.02607196011086299
    }
  },
  "lstm_best_by_val": {
    "train": {
      "mse": 0.0004291652294341475,
      "mae": 0.014205276034772396,
      "directional_accuracy": 0.44637305699481866,
      "base_loss": 0.0261912625,
      "abs_loss": 0.026136199321250005,
      "rel_score": 0.002102349161289707
    },
    "val": {
      "mse": 0.00022278974938672036,
      "mae": 0.010519417002797127,
      "directional_accuracy": 0.45698924731182794,
      "base_loss": 0.018872256649999995,
      "abs_loss": 0.018513253274499996,
      "rel_score": 0.01902281121743854
    },
    "test": {
      "mse": 0.00047210551565513015,
      "mae": 0.014805354177951813,
      "directional_accuracy": 0.4627720504009164,
      "base_loss": 0.0260547125,
      "abs_loss": 0.02663565458,
      "rel_score": -0.02229700596389228
    }
  },
  "lstm_top2_by_val": {
    "train": {
      "mse": 0.0004279827408026904,
      "mae": 0.014159188605844975,
      "directional_accuracy": 0.4484455958549223,
      "base_loss": 0.0261912625,
      "abs_loss": 0.026175604762500006,
      "rel_score": 0.0005978229380884104
    },
    "val": {
      "mse": 0.00022239568352233618,
      "mae": 0.01049195695668459,
      "directional_accuracy": 0.45161290322580644,
      "base_loss": 0.018872256649999995,
      "abs_loss": 0.018567892373499997,
      "rel_score": 0.01612760371717381
    },
    "test": {
      "mse": 0.00046718312660232186,
      "mae": 0.014681998640298843,
      "directional_accuracy": 0.46964490263459335,
      "base_loss": 0.0260547125,
      "abs_loss": 0.026263187485,
      "rel_score": -0.008001431027112593
    }
  },
  "lstm_signmag": {
    "train": {
      "mse": 0.0004347642243374139,
      "mae": 0.014256460592150688,
      "directional_accuracy": 0.4427461139896373,
      "base_loss": 0.0261912625,
      "abs_loss": 0.026232929259000004,
      "rel_score": -0.0015908648542621862
    },
    "val": {
      "mse": 0.00022286562307272106,
      "mae": 0.01053792517632246,
      "directional_accuracy": 0.4549731182795699,
      "base_loss": 0.018872256649999995,
      "abs_loss": 0.018564761215499995,
      "rel_score": 0.016293516997078372
    },
    "test": {
      "mse": 0.00047132003237493336,
      "mae": 0.014846425503492355,
      "directional_accuracy": 0.45303550973654066,
      "base_loss": 0.0260547125,
      "abs_loss": 0.026567585075,
      "rel_score": -0.019684445760052016
    }
  },
  "lstm_signmag_ensemble": {
    "train": {
      "mse": 0.00043049248051829636,