{
  "lstm": {
    "train": {
      "mse": 0.00042606284841895103,
      "mae": 0.014268171042203903,
      "directional_accuracy": 0.460713180427083,
      "base_loss": 0.02653502495959402,
      "abs_loss": 0.026364297255349813,
      "rel_score": 0.006434051013864961
    },
    "val": {
      "mse": 0.0002344085369259119,
      "mae": 0.01049299631267786,
      "directional_accuracy": 0.4593993325917686,
      "base_loss": 0.018930347450077538,
      "abs_loss": 0.018938577466178688,
      "rel_score": -0.0004347525116934481
    },
    "test": {
      "mse": 0.0005235995631664991,
      "mae": 0.015464878641068935,
      "directional_accuracy": 0.47450559923755065,
      "base_loss": 0.028583953808993097,
      "abs_loss": 0.028846876369061646,
      "rel_score": -0.00919825723990031
    }
  },
  "linear_regression": {
    "train": {
      "mse": 0.00038904717075638473,
      "mae": 0.014140673913061619,
      "directional_accuracy": 0.4417489082218631,
      "base_loss": 0.02653502495959402,
      "abs_loss": 0.02832310034427792,
      "rel_score": -0.06738547965968289
    },
    "val": {
      "mse": 0.0003069169179070741,
      "mae": 0.012787017039954662,
      "directional_accuracy": 0.44062847608453837,
      "base_loss": 0.018930347450077538,
      "abs_loss": 0.02345128896413371,
      "rel_score": -0.23881978531977
    },
    "test": {
      "mse": 0.0005591507069766521,
      "mae": 0.0167219378054142,
      "directional_accuracy": 0.44662854419823683,
      "base_loss": 0.028583953808993097,
      "abs_loss": 0.03245536957983859,
      "rel_score": -0.135440177265731
    }
  },
  "arima": {
    "train": {
      "mse": 0.00042734778253361583,
      "mae": 0.014323924668133259,
      "directional_accuracy": 0.4513599944981259,
      "base_loss": 0.02653502495959402,
      "abs_loss": 0.026619447023767864,
      "rel_score": -0.003181533249069668
    },
    "val": {
      "mse": 0.00023324596986640245,
      "mae": 0.010479822754859924,
      "directional_accuracy": 0.4559232480533927,
      "base_loss": 0.018930347450077538,
      "abs_loss": 0.018939420072638317,
      "rel_score": -0.00047926339359083414
    },
    "test": {
      "mse": 0.0005153760430403054,
      "mae": 0.015361401252448559,
      "directional_accuracy": 0.45008339289969024,
      "base_loss": 0.028583953808993097,
      "abs_loss": 0.02867425038057263,
      "rel_score": -0.003158995154516564
    }
  },
  "lstm_ensemble": {
    "train": {
      "mse": 0.0004279230488464236,
      "mae": 0.014255944639444351,
      "directional_accuracy": 0.46592276744266015,
      "base_loss": 0.02653502495959402,
      "abs_loss": 0.02634657830785727,
      "rel_score": 0.007101807969794871
    },
    "val": {
      "mse": 0.00023368453548755497,
      "mae": 0.01045163068920374,
      "directional_accuracy": 0.4676028921023359,
      "base_loss": 0.018930347450077538,
      "abs_loss": 0.018906884253374303,
      "rel_score": 0.0012394488144029658
    },
    "test": {
      "mse": 0.0005226291250437498,
      "mae": 0.015433955006301403,
      "directional_accuracy": 0.4816535620681439,
      "base_loss": 0.028583953808993097,
      "abs_loss": 0.0286340766469948,
      "rel_score": -0.0017535306114975224
    }
  },
  "lstm_seed_42": {
    "train": {
      "mse": 0.00042606284841895103,
      "mae": 0.014268171042203903,
      "directional_accuracy": 0.460713180427083,
      "base_loss": 0.02653502495959402,
      "abs_loss": 0.026364297255349813,
      "rel_score": 0.006434051013864961
    },
    "val": {
      "mse": 0.0002344085369259119,
      "mae": 0.01049299631267786,
      "directional_accuracy": 0.4593993325917686,
      "base_loss": 0.018930347450077538,
      "abs_loss": 0.018938577466178688,
      "rel_score": -0.0004347525116934481
    },
    "test": {
      "mse": 0.0005235995631664991,
      "mae": 0.015464878641068935,
      "directional_accuracy": 0.47450559923755065,
      "base_loss": 0.028583953808993097,
      "abs_loss": 0.028846876369061646,
      "rel_score": -0.00919825723990031
    }
  },
  "lstm_seed_52": {
    "train": {
      "mse": 0.00044859698391519487,
      "mae": 0.014493594877421856,
      "directional_accuracy": 0.45973315910732093,
      "base_loss": 0.02653502495959402,
      "abs_loss": 0.026646895238081926,
      "rel_score": -0.004215947739195869
    },
    "val": {
      "mse": 0.00023509121092502028,
      "mae": 0.010493431240320206,
      "directional_accuracy": 0.46120689655172414,
      "base_loss": 0.018930347450077538,
      "abs_loss": 0.018902727755630625,
      "rel_score": 0.0014590167729224834
    },
    "test": {
      "mse": 0.0005388183053582907,
      "mae": 0.015712514519691467,
      "directional_accuracy": 0.48665713604955924,
      "base_loss": 0.028583953808993097,
      "abs_loss": 0.029268487147055565,
      "rel_score": -0.023948168354760657
    }
  },
  "lstm_seed_62": {
    "train": {
      "mse": 0.00042619433952495456,
      "mae": 0.014290420338511467,
      "directional_accuracy": 0.46379079123826555,
      "base_loss": 0.02653502495959402,
      "abs_loss": 0.026304754949524067,
      "rel_score": 0.008677964705915864
    },
    "val": {
      "mse": 0.0002355098695261404,
      "mae": 0.01051703467965126,
      "directional_accuracy": 0.467880978865406,
      "base_loss": 0.018930347450077538,
      "abs_loss": 0.018837742578398334,
      "rel_score": 0.004891873850885076
    },
    "test": {
      "mse": 0.0005226583452895284,
      "mae": 0.015468591824173927,
      "directional_accuracy": 0.47831784608053374,
      "base_loss": 0.028583953808993097,
      "abs_loss": 0.028830778884002938,
      "rel_score": -0.008635092145026668
    }
  },
  "lstm_best_by_val": {
    "train": {
      "mse": 0.00042619433952495456,
      "mae": 0.014290420338511467,
      "directional_accuracy": 0.46379079123826555,
      "base_loss": 0.02653502495959402,
      "abs_loss": 0.026304754949524067,
      "rel_score": 0.008677964705915864
    },
    "val": {
      "mse": 0.0002355098695261404,
      "mae": 0.01051703467965126,
      "directional_accuracy": 0.467880978865406,
      "base_loss": 0.018930347450077538,
      "abs_loss": 0.018837742578398334,
      "rel_score": 0.004891873850885076
    },
    "test": {
      "mse": 0.0005226583452895284,
      "mae": 0.015468591824173927,
      "directional_accuracy": 0.47831784608053374,
      "base_loss": 0.028583953808993097,
      "abs_loss": 0.028830778884002938,
      "rel_score": -0.008635092145026668
    }
  },
  "lstm_top2_by_val": {
    "train": {
      "mse": 0.0004313647514209151,
      "mae": 0.0143042067065835,
      "directional_accuracy": 0.466197861146453,
      "base_loss": 0.02653502495959402,
      "abs_loss": 0.02638484180934029,
      "rel_score": 0.005659808139710454
    },
    "val": {
      "mse": 0.0002341424988117069,
      "mae": 0.01046693604439497,
      "directional_accuracy": 0.46565628476084536,
      "base_loss": 0.018930347450077538,
      "abs_loss": 0.018862856252235362,
      "rel_score": 0.003565238198620535
    },
    "test": {
      "mse": 0.0005256315344013274,
      "mae": 0.015498070046305656,
      "directional_accuracy": 0.4795091732189659,
      "base_loss": 0.028583953808993097,
      "abs_loss": 0.02867748251883313,
      "rel_score": -0.0032720704233228926
    }
  },
  "lstm_signmag": {
    "train": {
      "mse": 0.0004316219128668308,
      "mae": 0.01421397365629673,
      "directional_accuracy": 0.468123517073003,
      "base_loss": 0.02653502495959402,
      "abs_loss": 0.026408360566347256,
      "rel_score": 0.004773479333056607
    },
    "val": {
      "mse": 0.00023383866937365383,
      "mae": 0.010442697443068027,
      "directional_accuracy": 0.4660734149054505,
      "base_loss": 0.018930347450077538,
      "abs_loss": 0.018841993507521693,
      "rel_score": 0.004667317532805471
    },
    "test": {
      "mse": 0.0005431883619166911,
      "mae": 0.015618334524333477,