loss,magnitude_loss,sign_prob_loss,signed_prediction_loss,val_loss,val_magnitude_loss,val_sign_prob_loss,val_signed_prediction_loss,val_rel_score,learning_rate
2.770965814590454,0.006879711057990789,0.799143373966217,1.343780517578125,3.1514008045196533,0.007068753242492676,0.7989789843559265,7.215260982513428,0.0018966241038426146,0.00019999999494757503
2.759510040283203,0.0066590504720807076,0.7978267073631287,1.3381470441818237,3.1045329570770264,0.006965634413063526,0.7998924255371094,6.249754905700684,-0.0008108661144925478,0.00019999999494757503
2.7526402473449707,0.006718162912875414,0.7978343367576599,1.3347231149673462,3.290271043777466,0.007033917121589184,0.7999600172042847,9.0682373046875,-0.0030672548084356155,0.00019999999494757503
2.743532419204712,0.006988826673477888,0.7983954548835754,1.330113410949707,3.3004233837127686,0.007309358101338148,0.7998645901679993,9.10836410522461,-0.0030234019579191695,0.00019999999494757503
2.733372688293457,0.0071978443302214146,0.7977492809295654,1.325044870376587,3.0885231494903564,0.007625686936080456,0.8003005385398865,5.68296480178833,-0.005036987963613404,9.999999747378752e-05
2.7277419567108154,0.0074019357562065125,0.7977938055992126,1.3222029209136963,3.0703976154327393,0.007890947163105011,0.7997862100601196,5.417462348937988,-0.006551367871541425,9.999999747378752e-05
2.725536346435547,0.007582688704133034,0.7981336712837219,1.3210548162460327,2.969886541366577,0.0078913988545537,0.8008459806442261,3.830796718597412,-0.00723279564511814,9.999999747378752e-05
