loss,val_loss,val_rel_score,learning_rate
1.351250171661377,1.818204641342163,-0.008064997999677637,0.00019999999494757503
1.3351415395736694,1.777334213256836,-0.0035053004773732965,0.00019999999494757503
1.3329644203186035,1.6922775506973267,-0.0007848470120432882,0.00019999999494757503
1.328190565109253,1.5799891948699951,-0.005811936945987473,0.00019999999494757503
1.3270323276519775,1.6038072109222412,-0.00729960470565727,0.00019999999494757503
1.3232735395431519,1.636386752128601,-0.009453850094535143,0.00019999999494757503
1.3192719221115112,1.5338085889816284,-0.010512251341350698,9.999999747378752e-05
1.3183287382125854,1.3854479789733887,-0.015516828797998317,9.999999747378752e-05
1.3173418045043945,1.5195600986480713,-0.016418875949417266,9.999999747378752e-05
