loss,magnitude_loss,sign_prob_loss,signed_prediction_loss,val_loss,val_magnitude_loss,val_sign_prob_loss,val_signed_prediction_loss,val_rel_score,learning_rate
2.7646114826202393,0.007100720889866352,0.7994547486305237,1.340574026107788,2.958409547805786,0.007516919169574976,0.7962285876274109,4.1552934646606445,-0.008739840498028784,0.00019999999494757503
2.757296323776245,0.007003678008913994,0.7978312373161316,1.3370226621627808,2.8572418689727783,0.007467916700989008,0.7956015467643738,2.235201597213745,-0.01565068535034242,0.00019999999494757503
2.751793146133423,0.00700345728546381,0.7972588539123535,1.334315538406372,2.890902280807495,0.007348304148763418,0.7957100868225098,2.761380434036255,-0.012607813149860814,0.00019999999494757503
2.7481913566589355,0.00697573134675622,0.7968688011169434,1.3325202465057373,2.890411138534546,0.007348212879151106,0.7966775298118591,2.7935361862182617,-0.013367185788035085,0.00019999999494757503
2.740446090698242,0.00702676922082901,0.7967240810394287,1.3286406993865967,2.9971323013305664,0.007411472499370575,0.7958523035049438,4.334728717803955,-0.015730644941373217,9.999999747378752e-05
2.736271619796753,0.007107994984835386,0.7961100339889526,1.326568365097046,2.9664266109466553,0.007408703211694956,0.7958125472068787,3.90421724319458,-0.013435004564943398,9.999999747378752e-05
2.732186794281006,0.007159410510212183,0.7961111664772034,1.3245007991790771,2.912644863128662,0.007463185116648674,0.7960145473480225,3.053694248199463,-0.014994391118888784,9.999999747378752e-05
