{
  "underfit_signals": [
    "lstm_best_by_val amplitude_ratio=0.155",
    "lstm_best_by_val pos_rate_gap=-0.331",
    "lstm_seed_52 amplitude_ratio=0.162",
    "lstm_signmag_best_by_val amplitude_ratio=0.100",
    "lstm_signmag_seed_52 amplitude_ratio=0.069"
  ],
  "selection_instability_signals": [],
  "focus_models": [
    {
      "model": "lstm_seed_52",
      "train_rel_score": -0.006476842168504193,
      "val_rel_score": 0.0014616491591596947,
      "test_rel_score": -0.00308967349891498,
      "train_minus_val": -0.007938491327663888,
      "val_minus_test": 0.004551322658074675,
      "train_minus_test": -0.0033871686695892134,
      "train_directional_accuracy": 0.43773081657775953,
      "val_directional_accuracy": 0.39332659251769464,
      "test_directional_accuracy": 0.45375972342264476
    },
    {
      "model": "lstm_best_by_val",
      "train_rel_score": 0.0025691205322213584,
      "val_rel_score": 0.026833776937405962,
      "test_rel_score": 0.005155223736896253,
      "train_minus_val": -0.024264656405184604,
      "val_minus_test": 0.02167855320050971,
      "train_minus_test": -0.0025861032046748944,
      "train_directional_accuracy": 0.44347558473533033,
      "val_directional_accuracy": 0.44287158746208294,
      "test_directional_accuracy": 0.4373379429559205
    },
    {
      "model": "lstm_signmag_seed_52",
      "train_rel_score": -0.0017824526379850436,
      "val_rel_score": 0.009997865156147534,
      "test_rel_score": 0.01542813027568346,
      "train_minus_val": -0.011780317794132578,
      "val_minus_test": -0.005430265119535926,
      "train_minus_test": -0.017210582913668504,
      "train_directional_accuracy": 0.43137053754616334,
      "val_directional_accuracy": 0.41354903943377147,
      "test_directional_accuracy": 0.452895419187554
    },
    {
      "model": "lstm_signmag_best_by_val",
      "train_rel_score": 0.008350948800897817,
      "val_rel_score": 0.02009540359750872,
      "test_rel_score": 0.02260527835830506,
      "train_minus_val": -0.011744454796610904,
      "val_minus_test": -0.002509874760796338,
      "train_minus_test": -0.014254329557407242,
      "train_directional_accuracy": 0.45024620434961016,
      "val_directional_accuracy": 0.43377148634984836,
      "test_directional_accuracy": 0.44684528954191877
    }
  ]
}