{
  "lstm": {
    "train": {
      "mse": 0.00041515647899359465,
      "mae": 0.014042622409760952,
      "directional_accuracy": 0.4660336011687363,
      "base_loss": 0.02530930042266846,
      "abs_loss": 0.02570229244884104,
      "rel_score": -0.015527573643268067
    },
    "val": {
      "mse": 0.00025074637960642576,
      "mae": 0.010702230967581272,
      "directional_accuracy": 0.47580645161290325,
      "base_loss": 0.01932658115401864,
      "abs_loss": 0.01923730773269199,
      "rel_score": 0.004619204018300405
    },
    "test": {
      "mse": 0.0009928765939548612,
      "mae": 0.02257571741938591,
      "directional_accuracy": 0.4276315789473684,
      "base_loss": 0.04961440712213516,
      "abs_loss": 0.04628422163659707,
      "rel_score": 0.06712133992330538
    }
  },
  "linear_regression": {
    "train": {
      "mse": 0.0003980216570198536,
      "mae": 0.013767109252512455,
      "directional_accuracy": 0.4382761139517896,
      "base_loss": 0.02530930042266846,
      "abs_loss": 0.026346972893225032,
      "rel_score": -0.04099965045367959
    },
    "val": {
      "mse": 0.0002671820402611047,
      "mae": 0.011015205644071102,
      "directional_accuracy": 0.45564516129032256,
      "base_loss": 0.01932658115401864,
      "abs_loss": 0.01837487891316414,
      "rel_score": 0.04924317618673135
    },
    "test": {
      "mse": 0.0009719354566186666,
      "mae": 0.022079454734921455,
      "directional_accuracy": 0.45394736842105265,
      "base_loss": 0.04961440712213516,
      "abs_loss": 0.047141408850438896,
      "rel_score": 0.049844358023033886
    }
  }
}