loss,val_loss,val_rel_score,learning_rate
0.00706707127392292,0.006367028690874577,0.031714224768162325,0.0003000000142492354
0.007026521489024162,0.006318603176623583,0.018049642137537347,0.0003000000142492354
0.006998172029852867,0.006295341532677412,0.016300520881725622,0.0003000000142492354
0.0069779385812580585,0.0062735965475440025,0.020907350945686076,0.0003000000142492354
0.006960300728678703,0.006260032765567303,0.01975279487092163,0.0003000000142492354
0.006946965586394072,0.006253378931432962,0.019923976011866906,0.0001500000071246177
0.006939772982150316,0.006249180994927883,0.019578802712437726,0.0001500000071246177
0.006932548247277737,0.006244707852602005,0.021090371928049523,0.0001500000071246177
0.006926096510142088,0.006237431429326534,0.021591517968844398,0.0001500000071246177
