{
  "lstm": {
    "train": {
      "mse": 0.00146168889477849,
      "mae": 0.026265589520335197,
      "directional_accuracy": 0.45773584905660375,
      "base_loss": 0.0473669224,
      "abs_loss": 0.048444566504999995,
      "rel_score": -0.022750984239583882
    },
    "val": {
      "mse": 0.0009863941231742501,
      "mae": 0.023716937750577927,
      "directional_accuracy": 0.49193548387096775,
      "base_loss": 0.04643745410000001,
      "abs_loss": 0.044964727179,
      "rel_score": 0.03171420461226393
    },
    "test": {
      "mse": 0.0020280710887163877,
      "mae": 0.03376837074756622,
      "directional_accuracy": 0.46357615894039733,
      "base_loss": 0.06049430775000001,
      "abs_loss": 0.06005364392000001,
      "rel_score": 0.007284385033730745
    }
  },
  "linear_regression": {
    "train": {
      "mse": 0.0014087767340242863,
      "mae": 0.0259865615516901,
      "directional_accuracy": 0.48188679245283017,
      "base_loss": 0.0473669224,
      "abs_loss": 0.04800744688,
      "rel_score": -0.013522611298047993
    },
    "val": {
      "mse": 0.0010172913316637278,
      "mae": 0.023807555437088013,
      "directional_accuracy": 0.4838709677419355,
      "base_loss": 0.04643745410000001,
      "abs_loss": 0.044628616839999996,
      "rel_score": 0.03895211947030519
    },
    "test": {
      "mse": 0.0019959011115133762,
      "mae": 0.03371281921863556,
      "directional_accuracy": 0.4735099337748344,
      "base_loss": 0.06049430775000001,
      "abs_loss": 0.06138902941500001,
      "rel_score": -0.014790179411549698
    }
  },
  "arima": {
    "train": {
      "mse": 0.0014316983288154006,
      "mae": 0.02600957825779915,
      "directional_accuracy": 0.47056603773584904,
      "base_loss": 0.0473669224,
      "abs_loss": 0.047172502449999994,
      "rel_score": 0.004104551027364289
    },
    "val": {
      "mse": 0.0009931109379976988,
      "mae": 0.02341853827238083,
      "directional_accuracy": 0.46774193548387094,
      "base_loss": 0.04643745410000001,
      "abs_loss": 0.046739235865000006,
      "rel_score": -0.006498671618606178
    },
    "test": {
      "mse": 0.0019991686567664146,
      "mae": 0.03364688158035278,
      "directional_accuracy": 0.46688741721854304,
      "base_loss": 0.06049430775000001,
      "abs_loss": 0.05955819543,
      "rel_score": 0.015474386844273047
    }
  }
}