{
  "lstm": {
    "train": {
      "base_loss": 0.0473669224,
      "abs_loss": 0.048444566504999995,
      "rel_score": -0.022750984239583882,
      "directional_accuracy": 0.45773584905660375,
      "error_len": 2650,
      "base_len": 2650
    },
    "val": {
      "base_loss": 0.04643745410000001,
      "abs_loss": 0.044964727179,
      "rel_score": 0.03171420461226393,
      "directional_accuracy": 0.49193548387096775,
      "error_len": 248,
      "base_len": 248
    },
    "test": {
      "base_loss": 0.06049430775000001,
      "abs_loss": 0.06005364392000001,
      "rel_score": 0.007284385033730745,
      "directional_accuracy": 0.46357615894039733,
      "error_len": 302,
      "base_len": 302
    }
  },
  "linear_regression": {
    "train": {
      "base_loss": 0.0473669224,
      "abs_loss": 0.04800744688,
      "rel_score": -0.013522611298047993,
      "directional_accuracy": 0.48188679245283017,
      "error_len": 2650,
      "base_len": 2650
    },
    "val": {
      "base_loss": 0.04643745410000001,
      "abs_loss": 0.044628616839999996,
      "rel_score": 0.03895211947030519,
      "directional_accuracy": 0.4838709677419355,
      "error_len": 248,
      "base_len": 248
    },
    "test": {
      "base_loss": 0.06049430775000001,
      "abs_loss": 0.06138902941500001,
      "rel_score": -0.014790179411549698,
      "directional_accuracy": 0.4735099337748344,
      "error_len": 302,
      "base_len": 302
    }
  },
  "arima": {
    "train": {
      "base_loss": 0.0473669224,
      "abs_loss": 0.047172502449999994,
      "rel_score": 0.004104551027364289,
      "directional_accuracy": 0.47056603773584904,
      "error_len": 2650,
      "base_len": 2650
    },
    "val": {
      "base_loss": 0.04643745410000001,
      "abs_loss": 0.046739235865000006,
      "rel_score": -0.006498671618606178,
      "directional_accuracy": 0.46774193548387094,
      "error_len": 248,
      "base_len": 248
    },
    "test": {
      "base_loss": 0.06049430775000001,
      "abs_loss": 0.05955819543,
      "rel_score": 0.015474386844273047,
      "directional_accuracy": 0.46688741721854304,
      "error_len": 302,
      "base_len": 302
    }
  }
}