{
  "arima": {
    "threshold": 0.0025,
    "holding_period": 3,
    "trade_count": 61,
    "coverage": 0.20065789473684212,
    "directional_accuracy": 0.5737704918032787,
    "avg_actual_return": 0.008740555232786886,
    "avg_strategy_return": 0.008740555232786886,
    "cumulative_strategy_return": 0.5331738692,
    "final_equity": 1.600300887967516,
    "sampled_buy_hold_equity": 1.600300887967516
  },
  "linear_regression": {
    "threshold": 0.005,
    "holding_period": 3,
    "trade_count": 59,
    "coverage": 0.19407894736842105,
    "directional_accuracy": 0.5423728813559322,
    "avg_actual_return": 0.008610232011864408,
    "avg_strategy_return": 0.008610232011864408,
    "cumulative_strategy_return": 0.5080036887,
    "final_equity": 1.5659290438026936,
    "sampled_buy_hold_equity": 1.5659290438026936
  },
  "lstm": {
    "threshold": 0.005,
    "holding_period": 3,
    "trade_count": 35,
    "coverage": 0.11513157894736842,
    "directional_accuracy": 0.6285714285714286,
    "avg_actual_return": 0.005859829934285713,
    "avg_strategy_return": 0.005859829934285713,
    "cumulative_strategy_return": 0.20509404769999995,
    "final_equity": 1.1970669590901628,
    "sampled_buy_hold_equity": 1.1970669590901628
  }
}