{
  "lstm": {
    "train": {
      "mse": 0.0003555910661816597,
      "mae": 0.012657348066568375,
      "directional_accuracy": 0.4078038674033149,
      "base_loss": 0.023069913499057293,
      "abs_loss": 0.02325495304830838,
      "rel_score": -0.008020816777603024
    },
    "val": {
      "mse": 0.00044939821236766875,
      "mae": 0.013867155648767948,
      "directional_accuracy": 0.4475806451612903,
      "base_loss": 0.025938835088163616,
      "abs_loss": 0.025772220137878325,
      "rel_score": 0.006423378294321269
    },
    "test": {
      "mse": 0.0003245567495469004,
      "mae": 0.011777441948652267,
      "directional_accuracy": 0.4506578947368421,
      "base_loss": 0.021262383088469505,
      "abs_loss": 0.02129730171000119,
      "rel_score": -0.0016422722413755864
    }
  },
  "linear_regression": {
    "train": {
      "mse": 0.00034193822648376226,
      "mae": 0.012454541400074959,
      "directional_accuracy": 0.39226519337016574,
      "base_loss": 0.023069913499057293,
      "abs_loss": 0.0234476150944829,
      "rel_score": -0.016372042116284513
    },
    "val": {
      "mse": 0.00045916723320260644,
      "mae": 0.014289136976003647,
      "directional_accuracy": 0.4798387096774194,
      "base_loss": 0.025938835088163616,
      "abs_loss": 0.02403082125238143,
      "rel_score": 0.0735581929295217
    },
    "test": {
      "mse": 0.00033230811823159456,
      "mae": 0.011949495412409306,
      "directional_accuracy": 0.5164473684210527,
      "base_loss": 0.021262383088469505,
      "abs_loss": 0.020513168408069757,
      "rel_score": 0.0352366278644487
    }
  }
}