loss,magnitude_loss,sign_prob_loss,signed_prediction_loss,val_loss,val_magnitude_loss,val_sign_prob_loss,val_signed_prediction_loss,val_rel_score,learning_rate
2.791317939758301,0.006747365463525057,0.8057608008384705,1.353669285774231,2.8125059604644775,0.006804669741541147,0.8201969265937805,1.361444354057312,0.0033567451290538175,0.00019999999494757503
2.7841765880584717,0.006560386158525944,0.8053600788116455,1.3501657247543335,2.805664300918579,0.006613633595407009,0.8156021237373352,1.3582223653793335,0.009079277973443656,0.00019999999494757503
2.7784156799316406,0.006483008153736591,0.8045620918273926,1.347327709197998,2.8040807247161865,0.00654421653598547,0.8150467276573181,1.3575409650802612,0.006550482788313383,0.00019999999494757503
2.7728254795074463,0.0066212681122124195,0.8044288158416748,1.3445227146148682,2.8009819984436035,0.006765937898308039,0.8100013732910156,1.3565934896469116,-0.0008479420358540324,0.00019999999494757503
2.767836093902588,0.006729586981236935,0.8036181330680847,1.342056155204773,2.8035078048706055,0.006715534720569849,0.8144522905349731,1.3574540615081787,0.00022165403804219608,0.00019999999494757503
2.76151442527771,0.006842943839728832,0.8037509322166443,1.3388692140579224,2.799354076385498,0.006731859408318996,0.8142297863960266,1.3553298711776733,-0.002453695656131183,9.999999747378752e-05
2.7602148056030273,0.0068627577275037766,0.8032286167144775,1.338244915008545,2.799001693725586,0.006730463355779648,0.8124265074729919,1.355334997177124,-0.0001636048941775492,9.999999747378752e-05
2.757211923599243,0.006869512610137463,0.8029056191444397,1.3367559909820557,2.7985520362854004,0.006770168896764517,0.8127785325050354,1.355028510093689,0.00033077370695633324,9.999999747378752e-05
