loss,val_loss,val_rel_score,learning_rate
1.3579869270324707,1.3660273551940918,0.009510679197147098,0.00019999999494757503
1.3537758588790894,1.3657556772232056,0.002138267320488274,0.00019999999494757503
1.350016474723816,1.3607922792434692,0.0051348764158969384,0.00019999999494757503
1.3459115028381348,1.3603487014770508,0.0030486928847294203,0.00019999999494757503
1.3424386978149414,1.36250638961792,-0.0007336443597238951,9.999999747378752e-05
1.3403366804122925,1.362013339996338,-6.622378908538451e-05,9.999999747378752e-05
1.3392009735107422,1.3582690954208374,0.004934196607320418,9.999999747378752e-05
