loss,magnitude_loss,sign_prob_loss,signed_prediction_loss,val_loss,val_magnitude_loss,val_sign_prob_loss,val_signed_prediction_loss,val_rel_score,learning_rate
2.798403263092041,0.006744074169546366,0.8052439093589783,1.35723876953125,2.8049566745758057,0.006988847628235817,0.8086487054824829,1.3583049774169922,0.003289902585106641,0.00019999999494757503
2.7821197509765625,0.006340972147881985,0.8034647107124329,1.3492498397827148,2.8030285835266113,0.006783721502870321,0.8088045120239258,1.3575111627578735,0.004718821665169792,0.00019999999494757503
2.7785394191741943,0.006216209381818771,0.803405225276947,1.3474857807159424,2.8090767860412598,0.006723902188241482,0.8097894787788391,1.3604916334152222,0.0003676259001852422,0.00019999999494757503
2.774603843688965,0.0061871507205069065,0.8028000593185425,1.3455548286437988,2.810312509536743,0.006634263321757317,0.8095943331718445,1.3611828088760376,-0.0016010512371749108,0.00019999999494757503
2.772245168685913,0.0061736200004816055,0.8025573492050171,1.3443849086761475,2.810173511505127,0.00649651326239109,0.8089393377304077,1.3613313436508179,-0.0023701701649829765,0.00019999999494757503
2.7670016288757324,0.006148087326437235,0.8016693592071533,1.3418056964874268,2.8133327960968018,0.006556404754519463,0.8100011944770813,1.3628281354904175,-0.00020162424263703294,9.999999747378752e-05
2.765796661376953,0.006192267872393131,0.8018439412117004,1.3411879539489746,2.812626361846924,0.006626549176871777,0.8096231818199158,1.3625105619430542,-0.0008524940134313486,9.999999747378752e-05
2.763972282409668,0.006210148334503174,0.8018327951431274,1.3402695655822754,2.8141963481903076,0.006717369891703129,0.8099575638771057,1.3632948398590088,-0.0021410320773727065,9.999999747378752e-05
