loss,val_loss,val_rel_score,learning_rate
1.3684020042419434,1.3582043647766113,0.002060487273854661,0.00019999999494757503
1.3543872833251953,1.359772801399231,-0.0004395640925241029,0.00019999999494757503
1.3503153324127197,1.3612005710601807,-0.0007955730297168895,0.00019999999494757503
1.347978949546814,1.3646937608718872,-0.0032618854296078137,0.00019999999494757503
1.343766212463379,1.3652229309082031,0.00047358846814415934,9.999999747378752e-05
1.3419997692108154,1.3650909662246704,-0.0004229445336971782,9.999999747378752e-05
1.3432800769805908,1.3649128675460815,0.001909612350201706,9.999999747378752e-05
