{
  "lstm": {
    "train": {
      "mse": 0.00044151931069791317,
      "mae": 0.014417832717299461,
      "directional_accuracy": 0.4542013745922149,
      "base_loss": 0.02676507458090782,
      "abs_loss": 0.026656818386982195,
      "rel_score": 0.00404468119819279
    },
    "val": {
      "mse": 0.00024314179609064013,
      "mae": 0.010528713464736938,
      "directional_accuracy": 0.4524471635150167,
      "base_loss": 0.018747312575578698,
      "abs_loss": 0.018760791898239412,
      "rel_score": -0.0007190002623775893
    },
    "test": {
      "mse": 0.000518491433467716,
      "mae": 0.015370745211839676,
      "directional_accuracy": 0.4657393683730475,
      "base_loss": 0.028306989930570126,
      "abs_loss": 0.028670482279267162,
      "rel_score": -0.012841080934023363
    }
  },
  "linear_regression": {
    "train": {
      "mse": 0.000427516846684739,
      "mae": 0.014417718164622784,
      "directional_accuracy": 0.43820669559433695,
      "base_loss": 0.02676507458090782,
      "abs_loss": 0.027296614076476544,
      "rel_score": -0.019859443842083824
    },
    "val": {
      "mse": 0.00024443966685794294,
      "mae": 0.010785968974232674,
      "directional_accuracy": 0.43562291434927697,
      "base_loss": 0.018747312575578698,
      "abs_loss": 0.019965632446110264,
      "rel_score": -0.06498637421336961
    },
    "test": {
      "mse": 0.0005150987417437136,
      "mae": 0.01567850448191166,
      "directional_accuracy": 0.4615209212176491,
      "base_loss": 0.028306989930570126,
      "abs_loss": 0.029303692281246185,
      "rel_score": -0.03521046756015811
    }
  },
  "arima": {
    "train": {
      "mse": 0.0004400448524393141,
      "mae": 0.014378277584910393,
      "directional_accuracy": 0.4418015392898996,
      "base_loss": 0.02676507458090782,
      "abs_loss": 0.026826963914572843,
      "rel_score": -0.0023123168769036972
    },
    "val": {
      "mse": 0.00023925797722768039,
      "mae": 0.010434336960315704,
      "directional_accuracy": 0.44452169076751946,
      "base_loss": 0.018747312575578698,
      "abs_loss": 0.018766734457517496,
      "rel_score": -0.001035982190007223
    },
    "test": {
      "mse": 0.0005116169340908527,
      "mae": 0.015293717384338379,
      "directional_accuracy": 0.4773686010717136,
      "base_loss": 0.028306989930570126,
      "abs_loss": 0.028351800501695834,
      "rel_score": -0.0015830214104579632
    }
  },
  "lstm_ensemble": {
    "train": {
      "mse": 0.00044050975702703,
      "mae": 0.014353076927363873,
      "directional_accuracy": 0.4557850061761632,
      "base_loss": 0.02676507458090782,
      "abs_loss": 0.02656315986678237,
      "rel_score": 0.007543962319816688
    },
    "val": {
      "mse": 0.00024103424220811576,
      "mae": 0.010439771227538586,
      "directional_accuracy": 0.4585650723025584,
      "base_loss": 0.018747312575578698,
      "abs_loss": 0.018611909956962363,
      "rel_score": 0.0072225081899321975
    },
    "test": {
      "mse": 0.0005165387410670519,
      "mae": 0.01531300414353609,
      "directional_accuracy": 0.4738342264280014,
      "base_loss": 0.028306989930570126,
      "abs_loss": 0.028615862487640698,
      "rel_score": -0.010911529548996768
    }
  },
  "lstm_seed_42": {
    "train": {
      "mse": 0.00044151931069791317,
      "mae": 0.014417832717299461,
      "directional_accuracy": 0.4542013745922149,
      "base_loss": 0.02676507458090782,
      "abs_loss": 0.026656818386982195,
      "rel_score": 0.00404468119819279
    },
    "val": {
      "mse": 0.00024314179609064013,
      "mae": 0.010528713464736938,
      "directional_accuracy": 0.4524471635150167,
      "base_loss": 0.018747312575578698,
      "abs_loss": 0.018760791898239412,
      "rel_score": -0.0007190002623775893
    },
    "test": {
      "mse": 0.000518491433467716,
      "mae": 0.015370745211839676,
      "directional_accuracy": 0.4657393683730475,
      "base_loss": 0.028306989930570126,
      "abs_loss": 0.028670482279267162,
      "rel_score": -0.012841080934023363
    }
  },
  "lstm_seed_52": {
    "train": {
      "mse": 0.0004471507272683084,
      "mae": 0.014469015412032604,
      "directional_accuracy": 0.44690083299021316,
      "base_loss": 0.02676507458090782,
      "abs_loss": 0.026767937844851986,
      "rel_score": -0.0001069776187436755
    },
    "val": {
      "mse": 0.00024199455219786614,
      "mae": 0.010457289405167103,
      "directional_accuracy": 0.4663515016685206,
      "base_loss": 0.018747312575578698,
      "abs_loss": 0.01869329905457562,
      "rel_score": 0.0028811340711010214
    },
    "test": {
      "mse": 0.0005240116734057665,
      "mae": 0.015461782924830914,
      "directional_accuracy": 0.46140690913236804,
      "base_loss": 0.028306989930570126,
      "abs_loss": 0.02869554259814322,
      "rel_score": -0.013726385904192506
    }
  },
  "lstm_seed_62": {
    "train": {
      "mse": 0.00044068918214179575,
      "mae": 0.014389000833034515,
      "directional_accuracy": 0.4580971082887277,
      "base_loss": 0.02676507458090782,
      "abs_loss": 0.026623629659297876,
      "rel_score": 0.005284682513488792
    },
    "val": {
      "mse": 0.00024167244555428624,
      "mae": 0.010491056367754936,
      "directional_accuracy": 0.4524471635150167,
      "base_loss": 0.018747312575578698,
      "abs_loss": 0.018651611688255798,
      "rel_score": 0.005104778988299641
    },
    "test": {
      "mse": 0.0005149903590790927,
      "mae": 0.015311555936932564,
      "directional_accuracy": 0.48614753163835367,
      "base_loss": 0.028306989930570126,
      "abs_loss": 0.028505633934400976,
      "rel_score": -0.007017489472320282
    }
  },
  "lstm_best_by_val": {
    "train": {
      "mse": 0.00044068918214179575,
      "mae": 0.014389000833034515,
      "directional_accuracy": 0.4580971082887277,
      "base_loss": 0.02676507458090782,
      "abs_loss": 0.026623629659297876,
      "rel_score": 0.005284682513488792
    },
    "val": {
      "mse": 0.00024167244555428624,
      "mae": 0.010491056367754936,
      "directional_accuracy": 0.4524471635150167,
      "base_loss": 0.018747312575578698,
      "abs_loss": 0.018651611688255798,
      "rel_score": 0.005104778988299641
    },
    "test": {
      "mse": 0.0005149903590790927,
      "mae": 0.015311555936932564,
      "directional_accuracy": 0.48614753163835367,
      "base_loss": 0.028306989930570126,
      "abs_loss": 0.028505633934400976,
      "rel_score": -0.007017489472320282
    }
  },
  "lstm_top2_by_val": {
    "train": {
      "mse": 0.0004414774011820555,
      "mae": 0.014357523061335087,
      "directional_accuracy": 0.4557850061761632,
      "base_loss": 0.02676507458090782,
      "abs_loss": 0.026575527677778155,
      "rel_score": 0.007081874648123598
    },
    "val": {
      "mse": 0.00024076698173303157,
      "mae": 0.010429350659251213,
      "directional_accuracy": 0.46454393770856506,
      "base_loss": 0.018747312575578698,
      "abs_loss": 0.018637713072530464,
      "rel_score": 0.005846144753088756
    },
    "test": {
      "mse": 0.0005171477096155286,
      "mae": 0.01531975157558918,
      "directional_accuracy": 0.47520237145137384,
      "base_loss": 0.028306989930570126,
      "abs_loss": 0.028504691523266956,
      "rel_score": -0.006984196948589094
    }
  },
  "lstm_signmag": {
    "train": {
      "mse": 0.00044003018410876393,
      "mae": 0.014339352026581764,
      "directional_accuracy": 0.4508757482659234,
      "base_loss": 0.02676507458090782,
      "abs_loss": 0.026733894264907576,
      "rel_score": 0.001164962791565971
    },
    "val": {
      "mse": 0.00023947839508764446,
      "mae": 0.010418410412967205,
      "directional_accuracy": 0.44591212458286983,
      "base_loss": 0.018747312575578698,
      "abs_loss": 0.018654597623321938,
      "rel_score": 0.004945506289660728
    },
    "test": {
      "mse": 0.0005125426687300205,
      "mae": 0.015283833257853985,