{
  "lstm_quantile": {
    "threshold": 0.0,
    "holding_period": 1,
    "trade_count": 391,
    "coverage": 0.32128184059161874,
    "directional_accuracy": 0.6342710997442456,
    "avg_actual_return": 0.003004998377749361,
    "avg_strategy_return": 0.003004998377749361,
    "cumulative_strategy_return": 1.1749543657000001,
    "final_equity": 3.0607771129881858,
    "sampled_buy_hold_equity": 3.0607771129881858
  },
  "lstm_quantile_best_by_val": {
    "threshold": 0.0,
    "holding_period": 1,
    "trade_count": 391,
    "coverage": 0.32128184059161874,
    "directional_accuracy": 0.6342710997442456,
    "avg_actual_return": 0.003004998377749361,
    "avg_strategy_return": 0.003004998377749361,
    "cumulative_strategy_return": 1.1749543657000001,
    "final_equity": 3.0607771129881858,
    "sampled_buy_hold_equity": 3.0607771129881858
  },
  "lstm_quantile_seed_42": {
    "threshold": 0.0,
    "holding_period": 1,
    "trade_count": 391,
    "coverage": 0.32128184059161874,
    "directional_accuracy": 0.6342710997442456,
    "avg_actual_return": 0.003004998377749361,
    "avg_strategy_return": 0.003004998377749361,
    "cumulative_strategy_return": 1.1749543657000001,
    "final_equity": 3.0607771129881858,
    "sampled_buy_hold_equity": 3.0607771129881858
  },
  "lstm_quantile_top2_by_val": {
    "threshold": 0.0,
    "holding_period": 1,
    "trade_count": 540,
    "coverage": 0.4437140509449466,
    "directional_accuracy": 0.5925925925925926,
    "avg_actual_return": 0.0016530222966666668,
    "avg_strategy_return": 0.0016530222966666668,
    "cumulative_strategy_return": 0.8926320402000001,
    "final_equity": 2.2457709709794385,
    "sampled_buy_hold_equity": 2.2457709709794385
  },
  "lstm_signmag_top2_by_val": {
    "threshold": 0.0,
    "holding_period": 1,
    "trade_count": 221,
    "coverage": 0.18159408381265407,
    "directional_accuracy": 0.6199095022624435,
    "avg_actual_return": 0.003410990304072399,
    "avg_strategy_return": 0.003410990304072399,
    "cumulative_strategy_return": 0.7538288572000001,
    "final_equity": 2.049889306629718,
    "sampled_buy_hold_equity": 2.049889306629718
  },
  "lstm_best_by_val": {
    "threshold": 0.0,
    "holding_period": 1,
    "trade_count": 164,
    "coverage": 0.13475760065735415,
    "directional_accuracy": 0.6951219512195121,
    "avg_actual_return": 0.003724795869512195,
    "avg_strategy_return": 0.003724795869512195,
    "cumulative_strategy_return": 0.6108665226,
    "final_equity": 1.8022151988642823,
    "sampled_buy_hold_equity": 1.8022151988642823
  },
  "lstm_seed_52": {
    "threshold": 0.0,
    "holding_period": 1,
    "trade_count": 164,
    "coverage": 0.13475760065735415,
    "directional_accuracy": 0.6951219512195121,
    "avg_actual_return": 0.003724795869512195,
    "avg_strategy_return": 0.003724795869512195,
    "cumulative_strategy_return": 0.6108665226,
    "final_equity": 1.8022151988642823,
    "sampled_buy_hold_equity": 1.8022151988642823
  },
  "linear_regression": {
    "threshold": 0.0,
    "holding_period": 1,
    "trade_count": 746,
    "coverage": 0.6129827444535744,
    "directional_accuracy": 0.561662198391421,
    "avg_actual_return": 0.0008275197361930294,
    "avg_strategy_return": 0.0008275197361930294,
    "cumulative_strategy_return": 0.6173297231999999,
    "final_equity": 1.7113221002440668,
    "sampled_buy_hold_equity": 1.7113221002440668
  },
  "lstm_quantile_ensemble": {
    "threshold": 0.0,
    "holding_period": 1,
    "trade_count": 538,
    "coverage": 0.44207066557107644,
    "directional_accuracy": 0.5687732342007435,
    "avg_actual_return": 0.0011034884780669147,
    "avg_strategy_return": 0.0011034884780669147,
    "cumulative_strategy_return": 0.5936768012000001,
    "final_equity": 1.6449548924523323,
    "sampled_buy_hold_equity": 1.6449548924523323
  },
  "lstm_signmag_ensemble": {
    "threshold": 0.0,
    "holding_period": 1,
    "trade_count": 283,
    "coverage": 0.2325390304026294,
    "directional_accuracy": 0.5653710247349824,
    "avg_actual_return": 0.0019021498434628977,
    "avg_strategy_return": 0.0019021498434628977,
    "cumulative_strategy_return": 0.5383084057,
    "final_equity": 1.6247817955003054,
    "sampled_buy_hold_equity": 1.6247817955003054
  },
  "lstm_top2_by_val": {
    "threshold": 0.0,
    "holding_period": 1,
    "trade_count": 159,
    "coverage": 0.1306491372226787,
    "directional_accuracy": 0.6855345911949685,
    "avg_actual_return": 0.0030365483031446544,
    "avg_strategy_return": 0.0030365483031446544,
    "cumulative_strategy_return": 0.4828111802,
    "final_equity": 1.5957948983215027,
    "sampled_buy_hold_equity": 1.5957948983215027
  },
  "lstm": {
    "threshold": 0.0,
    "holding_period": 1,
    "trade_count": 610,
    "coverage": 0.5012325390304027,
    "directional_accuracy": 0.5524590163934426,
    "avg_actual_return": 0.0009009610444262294,
    "avg_strategy_return": 0.0009009610444262294,
    "cumulative_strategy_return": 0.5495862371,
    "final_equity": 1.5790567603766106,
    "sampled_buy_hold_equity": 1.5790567603766106
  },
  "lstm_seed_42": {
    "threshold": 0.0,
    "holding_period": 1,
    "trade_count": 610,
    "coverage": 0.5012325390304027,
    "directional_accuracy": 0.5524590163934426,
    "avg_actual_return": 0.0009009610444262294,
    "avg_strategy_return": 0.0009009610444262294,
    "cumulative_strategy_return": 0.5495862371,
    "final_equity": 1.5790567603766106,
    "sampled_buy_hold_equity": 1.5790567603766106
  },
  "lstm_ensemble": {
    "threshold": 0.0,
    "holding_period": 1,
    "trade_count": 203,
    "coverage": 0.16680361544782252,
    "directional_accuracy": 0.625615763546798,
    "avg_actual_return": 0.002280486490640394,
    "avg_strategy_return": 0.002280486490640394,
    "cumulative_strategy_return": 0.4629387576,
    "final_equity": 1.5472622165384877,
    "sampled_buy_hold_equity": 1.5472622165384877
  },
  "lstm_signmag_seed_62": {
    "threshold": 0.0,
    "holding_period": 1,
    "trade_count": 251,
    "coverage": 0.20624486442070666,
    "directional_accuracy": 0.5856573705179283,
    "avg_actual_return": 0.0017998908816733068,
    "avg_strategy_return": 0.0017998908816733068,
    "cumulative_strategy_return": 0.4517726113,
    "final_equity": 1.5184408350804446,
    "sampled_buy_hold_equity": 1.5184408350804446
  },
  "lstm_signmag_best_by_val": {
    "threshold": 0.0,
    "holding_period": 1,
    "trade_count": 250,
    "coverage": 0.20542317173377156,
    "directional_accuracy": 0.596,
    "avg_actual_return": 0.0018223915799999997,
    "avg_strategy_return": 0.0018223915799999997,
    "cumulative_strategy_return": 0.4555978949999999,
    "final_equity": 1.5062020382934462,
    "sampled_buy_hold_equity": 1.5062020382934462
  },
  "lstm_signmag_seed_52": {
    "threshold": 0.0,
    "holding_period": 1,
    "trade_count": 250,
    "coverage": 0.20542317173377156,
    "directional_accuracy": 0.596,
    "avg_actual_return": 0.0018223915799999997,
    "avg_strategy_return": 0.0018223915799999997,
    "cumulative_strategy_return": 0.4555978949999999,
    "final_equity": 1.5062020382934462,
    "sampled_buy_hold_equity": 1.5062020382934462
  },
  "lstm_seed_62": {
    "threshold": 0.0,
    "holding_period": 1,
    "trade_count": 328,
    "coverage": 0.2695152013147083,
    "directional_accuracy": 0.5823170731707317,
    "avg_actual_return": 0.0012660139289634145,
    "avg_strategy_return": 0.0012660139289634145,
    "cumulative_strategy_return": 0.41525256869999994,
    "final_equity": 1.4515958343244721,
    "sampled_buy_hold_equity": 1.4515958343244721
  },
  "lstm_signmag": {
    "threshold": 0.0,
    "holding_period": 1,
    "trade_count": 610,
    "coverage": 0.5012325390304027,
    "directional_accuracy": 0.5491803278688525,
    "avg_actual_return": 0.0006627932960655739,
    "avg_strategy_return": 0.0006627932960655739,
    "cumulative_strategy_return": 0.4043039106000001,
    "final_equity": 1.3636720948598642,