{
  "linear_regression": {
    "threshold": 0.0,
    "holding_period": 1,
    "trade_count": 1774,
    "coverage": 0.6140533056420907,
    "directional_accuracy": 0.5924464487034949,
    "avg_actual_return": 0.0022752822589402477,
    "avg_strategy_return": 0.0022752822589402477,
    "cumulative_strategy_return": 4.0363507273599994,
    "final_equity": 32.56347822346819,
    "sampled_buy_hold_equity": 32.56347822346819
  },
  "arima": {
    "threshold": 0.0,
    "holding_period": 1,
    "trade_count": 2176,
    "coverage": 0.7532017999307719,
    "directional_accuracy": 0.5836397058823529,
    "avg_actual_return": 0.0018449524033547794,
    "avg_strategy_return": 0.0018449524033547794,
    "cumulative_strategy_return": 4.0146164297,
    "final_equity": 28.63287897770389,
    "sampled_buy_hold_equity": 28.63287897770389
  },
  "lstm_signmag_ensemble": {
    "threshold": 0.0,
    "holding_period": 1,
    "trade_count": 1929,
    "coverage": 0.667705088265836,
    "directional_accuracy": 0.5992742353551063,
    "avg_actual_return": 0.0014305674912700884,
    "avg_strategy_return": 0.0014305674912700884,
    "cumulative_strategy_return": 2.7595646906600004,
    "final_equity": 7.721265697993391,
    "sampled_buy_hold_equity": 7.721265697993391
  },
  "lstm_signmag_top2_by_val": {
    "threshold": 0.0,
    "holding_period": 1,
    "trade_count": 1856,
    "coverage": 0.6424368293527172,
    "directional_accuracy": 0.5899784482758621,
    "avg_actual_return": 0.0013087389229310346,
    "avg_strategy_return": 0.0013087389229310346,
    "cumulative_strategy_return": 2.4290194409600003,
    "final_equity": 5.525340082371256,
    "sampled_buy_hold_equity": 5.525340082371256
  },
  "lstm_top2_by_val": {
    "threshold": 0.0,
    "holding_period": 1,
    "trade_count": 1588,
    "coverage": 0.5496711664935964,
    "directional_accuracy": 0.5988664987405542,
    "avg_actual_return": 0.0014174814145214104,
    "avg_strategy_return": 0.0014174814145214104,
    "cumulative_strategy_return": 2.25096048626,
    "final_equity": 5.150181952220786,
    "sampled_buy_hold_equity": 5.150181952220786
  },
  "lstm_ensemble": {
    "threshold": 0.0,
    "holding_period": 1,
    "trade_count": 1651,
    "coverage": 0.5714780200761509,
    "directional_accuracy": 0.6038764385221078,
    "avg_actual_return": 0.0013487580028831011,
    "avg_strategy_return": 0.0013487580028831011,
    "cumulative_strategy_return": 2.22679946276,
    "final_equity": 5.075999184337165,
    "sampled_buy_hold_equity": 5.075999184337165
  },
  "lstm_signmag_seed_52": {
    "threshold": 0.0,
    "holding_period": 1,
    "trade_count": 1526,
    "coverage": 0.5282104534440983,
    "directional_accuracy": 0.6041939711664482,
    "avg_actual_return": 0.0012825829059370905,
    "avg_strategy_return": 0.0012825829059370905,
    "cumulative_strategy_return": 1.95722151446,
    "final_equity": 4.648312568114163,
    "sampled_buy_hold_equity": 4.648312568114163
  },
  "lstm_signmag_seed_62": {
    "threshold": 0.0,
    "holding_period": 1,
    "trade_count": 1930,
    "coverage": 0.6680512287988923,
    "directional_accuracy": 0.5870466321243524,
    "avg_actual_return": 0.0011718942151088083,
    "avg_strategy_return": 0.0011718942151088083,
    "cumulative_strategy_return": 2.2617558351600002,
    "final_equity": 4.450806663353845,
    "sampled_buy_hold_equity": 4.450806663353845
  },
  "lstm_seed_62": {
    "threshold": 0.0,
    "holding_period": 1,
    "trade_count": 1645,
    "coverage": 0.5694011768778124,
    "directional_accuracy": 0.6006079027355623,
    "avg_actual_return": 0.0011510710124376898,
    "avg_strategy_return": 0.0011510710124376898,
    "cumulative_strategy_return": 1.8935118154599997,
    "final_equity": 3.5490012505208175,
    "sampled_buy_hold_equity": 3.5490012505208175
  },
  "lstm_seed_52": {
    "threshold": 0.0,
    "holding_period": 1,
    "trade_count": 1536,
    "coverage": 0.5316718587746625,
    "directional_accuracy": 0.5989583333333334,
    "avg_actual_return": 0.0010496844024479167,
    "avg_strategy_return": 0.0010496844024479167,
    "cumulative_strategy_return": 1.6123152421600002,
    "final_equity": 3.149851987817491,
    "sampled_buy_hold_equity": 3.149851987817491
  },
  "lstm": {
    "threshold": 0.0,
    "holding_period": 1,
    "trade_count": 1407,
    "coverage": 0.48701973001038423,
    "directional_accuracy": 0.5764036958066808,
    "avg_actual_return": 0.0010447419216488983,
    "avg_strategy_return": 0.0010447419216488983,
    "cumulative_strategy_return": 1.4699518837599999,
    "final_equity": 2.462474292887033,
    "sampled_buy_hold_equity": 2.462474292887033
  },
  "lstm_best_by_val": {
    "threshold": 0.0,
    "holding_period": 1,
    "trade_count": 1407,
    "coverage": 0.48701973001038423,
    "directional_accuracy": 0.5764036958066808,
    "avg_actual_return": 0.0010447419216488983,
    "avg_strategy_return": 0.0010447419216488983,
    "cumulative_strategy_return": 1.4699518837599999,
    "final_equity": 2.462474292887033,
    "sampled_buy_hold_equity": 2.462474292887033
  },
  "lstm_seed_42": {
    "threshold": 0.0,
    "holding_period": 1,
    "trade_count": 1407,
    "coverage": 0.48701973001038423,
    "directional_accuracy": 0.5764036958066808,
    "avg_actual_return": 0.0010447419216488983,
    "avg_strategy_return": 0.0010447419216488983,
    "cumulative_strategy_return": 1.4699518837599999,
    "final_equity": 2.462474292887033,
    "sampled_buy_hold_equity": 2.462474292887033
  },
  "lstm_signmag": {
    "threshold": 0.0,
    "holding_period": 1,
    "trade_count": 1537,
    "coverage": 0.532017999307719,
    "directional_accuracy": 0.5875081327260898,
    "avg_actual_return": 0.0007761960871828234,
    "avg_strategy_return": 0.0007761960871828234,
    "cumulative_strategy_return": 1.1930133859999996,
    "final_equity": 1.9083363943514722,
    "sampled_buy_hold_equity": 1.9083363943514722
  },
  "lstm_signmag_best_by_val": {
    "threshold": 0.0,
    "holding_period": 1,
    "trade_count": 1537,
    "coverage": 0.532017999307719,
    "directional_accuracy": 0.5875081327260898,
    "avg_actual_return": 0.0007761960871828234,
    "avg_strategy_return": 0.0007761960871828234,
    "cumulative_strategy_return": 1.1930133859999996,
    "final_equity": 1.9083363943514722,
    "sampled_buy_hold_equity": 1.9083363943514722
  },
  "lstm_signmag_seed_42": {
    "threshold": 0.0,
    "holding_period": 1,
    "trade_count": 1537,
    "coverage": 0.532017999307719,
    "directional_accuracy": 0.5875081327260898,
    "avg_actual_return": 0.0007761960871828234,
    "avg_strategy_return": 0.0007761960871828234,
    "cumulative_strategy_return": 1.1930133859999996,
    "final_equity": 1.9083363943514722,
    "sampled_buy_hold_equity": 1.9083363943514722
  }
}