split,mae,rmse,mape_pct
train,338.2757568359375,660.464111328125,1.632920265197754
val,476.1355285644531,870.31591796875,1.253934621810913
test,745.989013671875,1344.27685546875,1.7370686531066895
