split,mae,rmse,mape_pct
train,368.35723876953125,680.41015625,2.02362322807312
val,503.0504455566406,887.9349365234375,1.3237457275390625
test,787.35009765625,1386.9837646484375,1.87010657787323
