{
  "committee_best_by_val": {
    "threshold": 0.0025,
    "holding_period": 1,
    "uncertainty_model": null,
    "uncertainty_quantile": null,
    "max_uncertainty": null,
    "uncertainty_side": null,
    "trade_count": 173,
    "coverage": 0.05936856554564173,
    "directional_accuracy": 0.6358381502890174,
    "avg_actual_return": 0.006597075206358382,
    "avg_strategy_return": 0.006597075206358382,
    "cumulative_strategy_return": 1.1412940107,
    "final_equity": 2.862979538369784,
    "sampled_buy_hold_equity": 2.862979538369784
  }
}