features,feature_count,train_rel_score,val_rel_score,test_rel_score,train_mse,val_mse,test_mse,train_mae,val_mae,test_mae,train_abs_loss,val_abs_loss,test_abs_loss
"volume_ma_20,close_low_gap",2,-0.03883668506580573,0.03184120299892468,-0.011899514835114866,0.00014734444266650826,0.00012464802421163768,0.0003129884717054665,0.007818548940122128,0.008086157031357288,0.013863202184438705,0.014344135182909667,0.01390563597669825,0.025557123048929493
