{
  "underfit_signals": [
    "lstm_best_by_val amplitude_ratio=0.144",
    "lstm_seed_52 amplitude_ratio=0.126",
    "lstm_signmag_best_by_val amplitude_ratio=0.064",
    "lstm_signmag_seed_52 amplitude_ratio=0.095",
    "lstm_signmag_seed_52 pos_rate_gap=-0.318"
  ],
  "selection_instability_signals": [],
  "focus_models": [
    {
      "model": "lstm_seed_52",
      "train_rel_score": -0.0034149482432381806,
      "val_rel_score": 0.003000379996426439,
      "test_rel_score": 0.021866152105639358,
      "train_minus_val": -0.006415328239664619,
      "val_minus_test": -0.01886577210921292,
      "train_minus_test": -0.02528110034887754,
      "train_directional_accuracy": 0.43172258130706886,
      "val_directional_accuracy": 0.3993933265925177,
      "test_directional_accuracy": 0.4373379429559205
    },
    {
      "model": "lstm_best_by_val",
      "train_rel_score": 0.004490570153090845,
      "val_rel_score": 0.00828164118578889,
      "test_rel_score": 0.015821422828868448,
      "train_minus_val": -0.0037910710326980457,
      "val_minus_test": -0.007539781643079557,
      "train_minus_test": -0.011330852675777603,
      "train_directional_accuracy": 0.44475223145583254,
      "val_directional_accuracy": 0.4398382204246714,
      "test_directional_accuracy": 0.4606741573033708
    },
    {
      "model": "lstm_signmag_seed_52",
      "train_rel_score": -0.00037230917649777595,
      "val_rel_score": 0.009168256140367537,
      "test_rel_score": 0.026699865312238336,
      "train_minus_val": -0.009540565316865313,
      "val_minus_test": -0.0175316091718708,
      "train_minus_test": -0.02707217448873611,
      "train_directional_accuracy": 0.43890427823945827,
      "val_directional_accuracy": 0.4236602628918099,
      "test_directional_accuracy": 0.4338807260155575
    },
    {
      "model": "lstm_signmag_best_by_val",
      "train_rel_score": 0.0050476278050817225,
      "val_rel_score": 0.01998011112648701,
      "test_rel_score": 0.02763443361112805,
      "train_minus_val": -0.014932483321405288,
      "val_minus_test": -0.007654322484641041,
      "train_minus_test": -0.02258680580604633,
      "train_directional_accuracy": 0.43808351287575664,
      "val_directional_accuracy": 0.43073811931243683,
      "test_directional_accuracy": 0.47796024200518583
    }
  ]
}