{
  "lstm": {
    "train": {
      "base_loss": 0.04824295118451119,
      "abs_loss": 0.04879667520290241,
      "rel_score": -0.011477822247512037,
      "directional_accuracy": 0.5447976878612717,
      "error_len": 1384,
      "base_len": 1384
    },
    "val": {
      "base_loss": 0.037043309584259984,
      "abs_loss": 0.04212341285310686,
      "rel_score": -0.13713956247055892,
      "directional_accuracy": 0.4838709677419355,
      "error_len": 248,
      "base_len": 248
    },
    "test": {
      "base_loss": 0.087188769876957,
      "abs_loss": 0.08660729220137,
      "rel_score": 0.006669180863631774,
      "directional_accuracy": 0.4867549668874172,
      "error_len": 302,
      "base_len": 302
    }
  },
  "linear_regression": {
    "train": {
      "base_loss": 0.04824295118451119,
      "abs_loss": 0.04824726381339133,
      "rel_score": -8.939396894791507e-05,
      "directional_accuracy": 0.505057803468208,
      "error_len": 1384,
      "base_len": 1384
    },
    "val": {
      "base_loss": 0.037043309584259984,
      "abs_loss": 0.03673069941869474,
      "rel_score": 0.008439045243896826,
      "directional_accuracy": 0.5201612903225806,
      "error_len": 248,
      "base_len": 248
    },
    "test": {
      "base_loss": 0.087188769876957,
      "abs_loss": 0.08341492728795857,
      "rel_score": 0.04328358565356727,
      "directional_accuracy": 0.5,
      "error_len": 302,
      "base_len": 302
    }
  },
  "arima": {
    "train": {
      "base_loss": 0.04824295118451119,
      "abs_loss": 0.04803873896598816,
      "rel_score": 0.00423299598198279,
      "directional_accuracy": 0.4949421965317919,
      "error_len": 1384,
      "base_len": 1384
    },
    "val": {
      "base_loss": 0.037043309584259984,
      "abs_loss": 0.036572417989373204,
      "rel_score": 0.012711920186712078,
      "directional_accuracy": 0.4637096774193548,
      "error_len": 248,
      "base_len": 248
    },
    "test": {
      "base_loss": 0.087188769876957,
      "abs_loss": 0.0875565324997297,
      "rel_score": -0.004218004489473737,
      "directional_accuracy": 0.4337748344370861,
      "error_len": 302,
      "base_len": 302
    }
  }
}