{
  "lstm": {
    "train": {
      "mse": 0.0013260319828987122,
      "mae": 0.025692032650113106,
      "directional_accuracy": 0.5447976878612717,
      "base_loss": 0.04824295118451119,
      "abs_loss": 0.04879667520290241,
      "rel_score": -0.011477822247512037
    },
    "val": {
      "mse": 0.0008491238113492727,
      "mae": 0.021912215277552605,
      "directional_accuracy": 0.4838709677419355,
      "base_loss": 0.037043309584259984,
      "abs_loss": 0.04212341285310686,
      "rel_score": -0.13713956247055892
    },
    "test": {
      "mse": 0.004257949534803629,
      "mae": 0.04856818541884422,
      "directional_accuracy": 0.4867549668874172,
      "base_loss": 0.087188769876957,
      "abs_loss": 0.08660729220137,
      "rel_score": 0.006669180863631774
    }
  },
  "linear_regression": {
    "train": {
      "mse": 0.0013317434350028634,
      "mae": 0.026140039786696434,
      "directional_accuracy": 0.505057803468208,
      "base_loss": 0.04824295118451119,
      "abs_loss": 0.04824726381339133,
      "rel_score": -8.939396894791507e-05
    },
    "val": {
      "mse": 0.0007471463759429753,
      "mae": 0.019917158409953117,
      "directional_accuracy": 0.5201612903225806,
      "base_loss": 0.037043309584259984,
      "abs_loss": 0.03673069941869474,
      "rel_score": 0.008439045243896826
    },
    "test": {
      "mse": 0.003799872938543558,
      "mae": 0.04542839899659157,
      "directional_accuracy": 0.5,
      "base_loss": 0.087188769876957,
      "abs_loss": 0.08341492728795857,
      "rel_score": 0.04328358565356727
    }
  },
  "arima": {
    "train": {
      "mse": 0.0013694928493350744,
      "mae": 0.025977378711104393,
      "directional_accuracy": 0.4949421965317919,
      "base_loss": 0.04824295118451119,
      "abs_loss": 0.04803873896598816,
      "rel_score": 0.00423299598198279
    },
    "val": {
      "mse": 0.0007734749815426767,
      "mae": 0.01997034065425396,
      "directional_accuracy": 0.4637096774193548,
      "base_loss": 0.037043309584259984,
      "abs_loss": 0.036572417989373204,
      "rel_score": 0.012711920186712078
    },
    "test": {
      "mse": 0.0039291344583034515,
      "mae": 0.04597243666648865,
      "directional_accuracy": 0.4337748344370861,
      "base_loss": 0.087188769876957,
      "abs_loss": 0.0875565324997297,
      "rel_score": -0.004218004489473737
    }
  }
}