{
  "arima": {
    "threshold": 0.0,
    "holding_period": 1,
    "trade_count": 704,
    "coverage": 0.5789473684210527,
    "directional_accuracy": 0.6335227272727273,
    "avg_actual_return": 0.002355765971590909,
    "avg_strategy_return": 0.002355765971590909,
    "cumulative_strategy_return": 1.6584592439999999,
    "final_equity": 4.636303664113502,
    "sampled_buy_hold_equity": 4.636303664113502
  },
  "linear_regression": {
    "threshold": 0.0,
    "holding_period": 1,
    "trade_count": 636,
    "coverage": 0.5230263157894737,
    "directional_accuracy": 0.6210691823899371,
    "avg_actual_return": 0.002244372909591195,
    "avg_strategy_return": 0.002244372909591195,
    "cumulative_strategy_return": 1.4274211705000002,
    "final_equity": 3.72726765428925,
    "sampled_buy_hold_equity": 3.72726765428925
  },
  "lstm_signmag_ensemble": {
    "threshold": 0.0,
    "holding_period": 1,
    "trade_count": 302,
    "coverage": 0.24835526315789475,
    "directional_accuracy": 0.6324503311258278,
    "avg_actual_return": 0.003021488507615894,
    "avg_strategy_return": 0.003021488507615894,
    "cumulative_strategy_return": 0.9124895292999999,
    "final_equity": 2.3227664810173962,
    "sampled_buy_hold_equity": 2.3227664810173962
  },
  "lstm_seed_62": {
    "threshold": 0.0,
    "holding_period": 1,
    "trade_count": 573,
    "coverage": 0.4712171052631579,
    "directional_accuracy": 0.6003490401396161,
    "avg_actual_return": 0.0015647318801047122,
    "avg_strategy_return": 0.0015647318801047122,
    "cumulative_strategy_return": 0.8965913673000001,
    "final_equity": 2.18763658243018,
    "sampled_buy_hold_equity": 2.18763658243018
  },
  "lstm_ensemble": {
    "threshold": 0.0,
    "holding_period": 1,
    "trade_count": 209,
    "coverage": 0.171875,
    "directional_accuracy": 0.6267942583732058,
    "avg_actual_return": 0.003963478428229666,
    "avg_strategy_return": 0.003963478428229666,
    "cumulative_strategy_return": 0.8283669915,
    "final_equity": 2.1614526962182166,
    "sampled_buy_hold_equity": 2.1614526962182166
  },
  "lstm_signmag_top2_by_val": {
    "threshold": 0.0,
    "holding_period": 1,
    "trade_count": 264,
    "coverage": 0.21710526315789475,
    "directional_accuracy": 0.6401515151515151,
    "avg_actual_return": 0.0027858714375000003,
    "avg_strategy_return": 0.0027858714375000003,
    "cumulative_strategy_return": 0.7354700595000001,
    "final_equity": 1.967161616921324,
    "sampled_buy_hold_equity": 1.967161616921324
  },
  "lstm": {
    "threshold": 0.0,
    "holding_period": 1,
    "trade_count": 594,
    "coverage": 0.48848684210526316,
    "directional_accuracy": 0.622895622895623,
    "avg_actual_return": 0.0012493158026936027,
    "avg_strategy_return": 0.0012493158026936027,
    "cumulative_strategy_return": 0.7420935868,
    "final_equity": 1.8649648537459518,
    "sampled_buy_hold_equity": 1.8649648537459518
  },
  "lstm_best_by_val": {
    "threshold": 0.0,
    "holding_period": 1,
    "trade_count": 594,
    "coverage": 0.48848684210526316,
    "directional_accuracy": 0.622895622895623,
    "avg_actual_return": 0.0012493158026936027,
    "avg_strategy_return": 0.0012493158026936027,
    "cumulative_strategy_return": 0.7420935868,
    "final_equity": 1.8649648537459518,
    "sampled_buy_hold_equity": 1.8649648537459518
  },
  "lstm_seed_42": {
    "threshold": 0.0,
    "holding_period": 1,
    "trade_count": 594,
    "coverage": 0.48848684210526316,
    "directional_accuracy": 0.622895622895623,
    "avg_actual_return": 0.0012493158026936027,
    "avg_strategy_return": 0.0012493158026936027,
    "cumulative_strategy_return": 0.7420935868,
    "final_equity": 1.8649648537459518,
    "sampled_buy_hold_equity": 1.8649648537459518
  },
  "lstm_signmag_seed_52": {
    "threshold": 0.0,
    "holding_period": 1,
    "trade_count": 129,
    "coverage": 0.10608552631578948,
    "directional_accuracy": 0.6511627906976745,
    "avg_actual_return": 0.004547169998449612,
    "avg_strategy_return": 0.004547169998449612,
    "cumulative_strategy_return": 0.5865849298,
    "final_equity": 1.7317098304230476,
    "sampled_buy_hold_equity": 1.7317098304230476
  },
  "lstm_signmag_best_by_val": {
    "threshold": 0.0,
    "holding_period": 1,
    "trade_count": 534,
    "coverage": 0.43914473684210525,
    "directional_accuracy": 0.602996254681648,
    "avg_actual_return": 0.0011203891007490639,
    "avg_strategy_return": 0.0011203891007490639,
    "cumulative_strategy_return": 0.5982877798000001,
    "final_equity": 1.668127289503968,
    "sampled_buy_hold_equity": 1.668127289503968
  },
  "lstm_signmag_seed_62": {
    "threshold": 0.0,
    "holding_period": 1,
    "trade_count": 534,
    "coverage": 0.43914473684210525,
    "directional_accuracy": 0.602996254681648,
    "avg_actual_return": 0.0011203891007490639,
    "avg_strategy_return": 0.0011203891007490639,
    "cumulative_strategy_return": 0.5982877798000001,
    "final_equity": 1.668127289503968,
    "sampled_buy_hold_equity": 1.668127289503968
  },
  "lstm_top2_by_val": {
    "threshold": 0.0,
    "holding_period": 1,
    "trade_count": 173,
    "coverage": 0.14226973684210525,
    "directional_accuracy": 0.5838150289017341,
    "avg_actual_return": 0.003102638370520231,
    "avg_strategy_return": 0.003102638370520231,
    "cumulative_strategy_return": 0.5367564381,
    "final_equity": 1.6113233657597594,
    "sampled_buy_hold_equity": 1.6113233657597594
  },
  "lstm_seed_52": {
    "threshold": 0.0025,
    "holding_period": 1,
    "trade_count": 11,
    "coverage": 0.009046052631578948,
    "directional_accuracy": 1.0,
    "avg_actual_return": 0.02917467336363637,
    "avg_strategy_return": 0.02917467336363637,
    "cumulative_strategy_return": 0.32092140700000005,
    "final_equity": 1.368701508348339,
    "sampled_buy_hold_equity": 1.368701508348339
  },
  "lstm_signmag": {
    "threshold": 0.0025,
    "holding_period": 1,
    "trade_count": 54,
    "coverage": 0.044407894736842105,
    "directional_accuracy": 0.6296296296296297,
    "avg_actual_return": 0.0060208006314814815,
    "avg_strategy_return": 0.0060208006314814815,
    "cumulative_strategy_return": 0.3251232341,
    "final_equity": 1.3649768607516108,
    "sampled_buy_hold_equity": 1.3649768607516108
  },
  "lstm_signmag_seed_42": {
    "threshold": 0.0025,
    "holding_period": 1,
    "trade_count": 54,
    "coverage": 0.044407894736842105,
    "directional_accuracy": 0.6296296296296297,
    "avg_actual_return": 0.0060208006314814815,
    "avg_strategy_return": 0.0060208006314814815,
    "cumulative_strategy_return": 0.3251232341,
    "final_equity": 1.3649768607516108,
    "sampled_buy_hold_equity": 1.3649768607516108
  }
}