{
  "lstm_pair_best_by_val": {
    "threshold": 0.0,
    "holding_period": 1,
    "uncertainty_model": null,
    "uncertainty_quantile": null,
    "max_uncertainty": null,
    "uncertainty_side": null,
    "trade_count": 228,
    "coverage": 0.19570815450643778,
    "directional_accuracy": 0.6447368421052632,
    "avg_actual_return": 0.0014098730087719299,
    "avg_strategy_return": 0.0014098730087719299,
    "cumulative_strategy_return": 0.321451046,
    "final_equity": 1.3279779401537297,
    "sampled_buy_hold_equity": 1.3279779401537297
  },
  "lstm_pair_best_by_score": {
    "threshold": 0.0,
    "holding_period": 1,
    "uncertainty_model": null,
    "uncertainty_quantile": null,
    "max_uncertainty": null,
    "uncertainty_side": null,
    "trade_count": 228,
    "coverage": 0.19570815450643778,
    "directional_accuracy": 0.6447368421052632,
    "avg_actual_return": 0.0014098730087719299,
    "avg_strategy_return": 0.0014098730087719299,
    "cumulative_strategy_return": 0.321451046,
    "final_equity": 1.3279779401537297,
    "sampled_buy_hold_equity": 1.3279779401537297
  }
}