features,feature_count,train_rel_score,val_rel_score,test_rel_score,train_mse,val_mse,test_mse,train_mae,val_mae,test_mae,train_abs_loss,val_abs_loss,test_abs_loss
"ma_10_gap,rolling_min_20_gap",2,-0.015643373968775576,0.04535205074439008,-8.922646480358232e-05,0.0004751795786432922,0.000253712001722306,0.000575327081605792,0.015841040760278702,0.010277267545461655,0.016798745840787888,0.030398447392508396,0.016416888521052896,0.030970491748303176
"return_3,volatility_20",2,-0.010976265955668252,0.04327185645989606,-0.018836367520334907,0.0004744296311400831,0.00025079489569179714,0.0005812801537103951,0.015873286873102188,0.010273508727550507,0.016832934692502022,0.030254592839628457,0.016452661203220493,0.031551048124674706
"ma_cross_5_20,rolling_min_20_gap",2,-0.018332820778072856,0.04163287071633903,-0.03243466841795839,0.00047412546700797975,0.0002503976575098932,0.0005792846786789596,0.015876971185207367,0.010224880650639534,0.01682865619659424,0.03047894317423925,0.01648084651096724,0.03197215661639348
"ma_20_gap,rolling_min_20_gap",2,-0.011602548919734224,0.037016743352702663,0.010501193133676923,0.00047490655560977757,0.00025324319722130895,0.0005755535676144063,0.015839792788028717,0.010255266912281513,0.016781512647867203,0.030277504539117234,0.016560229123570025,0.030642530508339403
"close_low_gap,volatility_20",2,0.0006325303958816253,0.03615348015633901,0.004473893784159633,0.0004720796423498541,0.00025030469987541437,0.0005880155949853361,0.015803413465619087,0.01025481428951025,0.01693207025527954,0.02990718665532768,0.01657507448690012,0.030829182278830553
"high_close_gap,obv_change",2,-0.01389764838197105,0.033425439576324156,-0.008621950846686488,0.0004752343811560422,0.0002548055781517178,0.0005881254328414798,0.015855370089411736,0.010294310748577118,0.017129842191934586,0.030502288980642334,0.016621988051338125,0.0312347308412427
"return_3,rolling_min_20_gap",2,-0.012539907695805486,0.033325390750772566,-0.00999281220061543,0.0004752539098262787,0.0002522556751500815,0.0005720825283788145,0.015865329653024673,0.010292842984199524,0.016715610399842262,0.030305559909902514,0.0166237085708417,0.031277183303609485
"close_return,volatility_20",2,-0.006327928603394151,0.030646604034647473,-0.010574098454373848,0.0004738530551549047,0.0002496367960702628,0.0005784647073596716,0.01588006131350994,0.010253749787807465,0.016848577186465263,0.030115486157592405,0.016669775126501925,0.031295184418559066
