features,feature_count,train_rel_score,val_rel_score,test_rel_score,train_mse,val_mse,test_mse,train_mae,val_mae,test_mae,train_abs_loss,val_abs_loss,test_abs_loss
"gap_open,upper_shadow",2,-0.02987807659362418,0.0523633463249632,0.09922011912530504,0.00039166610804386437,0.00025605648988857865,0.0009671051520854235,0.01388991717249155,0.010778171941637993,0.02211833745241165,0.02618371332064271,0.018314576691773256,0.04469165973714553
"bb_position,bb_zscore",2,-0.04099960365167865,0.04924326955231284,0.049844399319701194,0.0003980216570198536,0.0002671820402611047,0.0009719354566186666,0.013767109252512455,0.011015206575393677,0.022079454734921455,0.02634697170869913,0.01837487710872665,0.04714140680152923
bb_position,1,-0.04099965045367959,0.04924317618673135,0.049844358023033886,0.0003980216570198536,0.0002671820402611047,0.0009719354566186666,0.013767109252512455,0.011015205644071102,0.022079454734921455,0.026346972893225032,0.01837487891316414,0.047141408850438896
bb_zscore,1,-0.04099965045367959,0.04924317618673135,0.049844358023033886,0.0003980216570198536,0.0002671820402611047,0.0009719354566186666,0.013767109252512455,0.011015205644071102,0.022079454734921455,0.026346972893225032,0.01837487891316414,0.047141408850438896
upper_shadow,1,-0.030393244559121735,0.047626453560550175,0.09329032116493241,0.00039837934309616685,0.00025213093613274395,0.0009819399565458298,0.013824688270688057,0.010549629107117653,0.022124772891402245,0.026170730886224187,0.01840612463420257,0.04498586314730346
"above_ma_200,bb_position",2,-0.04464977644659762,0.032669887801315745,0.06048444992529445,0.0003946330107282847,0.000271264259936288,0.0009822988649830222,0.013739305548369884,0.011160174384713173,0.02235250733792782,0.026439355028560384,0.01869518391613383,0.04661350699898321
"above_ma_200,bb_zscore",2,-0.04464977644659762,0.032669887801315745,0.06048444992529445,0.0003946330107282847,0.000271264259936288,0.0009822988649830222,0.013739305548369884,0.011160174384713173,0.02235250733792782,0.026439355028560384,0.01869518391613383,0.04661350699898321
"above_ma_200,bb_position,bb_zscore",3,-0.044649468266346304,0.03266972847746841,0.06048461827960572,0.0003946330107282847,0.00027126423083245754,0.0009822987485677004,0.013739305548369884,0.011160173453390598,0.02235250733792782,0.026439347228733822,0.018695186995319094,0.04661349864618387
