{
  "lstm": {
    "train": {
      "mse": 0.0004816726432181895,
      "mae": 0.015059382444564472,
      "directional_accuracy": 0.4421091764217661,
      "base_loss": 0.02768859875,
      "abs_loss": 0.0284980925375,
      "rel_score": -0.029235635750617384,
      "rmse": 0.021947042282679827
    },
    "val": {
      "mse": 0.000808946555480361,
      "mae": 0.01971740615371951,
      "directional_accuracy": 0.4875738270621806,
      "base_loss": 0.0375391135,
      "abs_loss": 0.037689486175,
      "rel_score": -0.004005759885619131,
      "rmse": 0.028441985641855978
    }
  },
  "linear_regression": {
    "train": {
      "mse": 0.00045990062062628567,
      "mae": 0.014907608336327208,
      "directional_accuracy": 0.4306624245672886,
      "base_loss": 0.02768859875,
      "abs_loss": 0.02821892055,
      "rel_score": -0.0191530746928823,
      "rmse": 0.021445292609941283
    },
    "val": {
      "mse": 0.0007391952094621956,
      "mae": 0.019419599348988785,
      "directional_accuracy": 0.47237706549870595,
      "base_loss": 0.0375391135,
      "abs_loss": 0.038150641175,
      "rel_score": -0.01629041333115122,
      "rmse": 0.02718814510012967
    }
  },
  "arima": {
    "train": {
      "mse": 0.00047041193465702236,
      "mae": 0.014868587443998525,
      "directional_accuracy": 0.41995919284837374,
      "base_loss": 0.02768859875,
      "abs_loss": 0.02785588629,
      "rel_score": -0.006041748140107606,
      "rmse": 0.021688982259584322
    },
    "val": {
      "mse": 0.0007419089088216424,
      "mae": 0.019191227442429962,
      "directional_accuracy": 0.4688267303736147,
      "base_loss": 0.0375391135,
      "abs_loss": 0.0375792294775,
      "rel_score": -0.0010686447750023476,
      "rmse": 0.027238004718079155
    }
  },
  "lstm_ensemble": {
    "train": {
      "mse": 0.0004755036788992584,
      "mae": 0.014916269606838582,
      "directional_accuracy": 0.4447720159770373,
      "base_loss": 0.02768859875,
      "abs_loss": 0.02812594568,
      "rel_score": -0.015795199097968116,
      "rmse": 0.021806047423475593
    },
    "val": {
      "mse": 0.0007870703120715916,
      "mae": 0.019424904163521634,
      "directional_accuracy": 0.48647886389275996,
      "base_loss": 0.0375391135,
      "abs_loss": 0.037389299400000006,
      "rel_score": 0.003990880072327507,
      "rmse": 0.028054771693799965
    }
  },
  "lstm_seed_42": {
    "train": {
      "mse": 0.0004816726432181895,
      "mae": 0.015059382444564472,
      "directional_accuracy": 0.4421091764217661,
      "base_loss": 0.02768859875,
      "abs_loss": 0.0284980925375,
      "rel_score": -0.029235635750617384,
      "rmse": 0.021947042282679827
    },
    "val": {
      "mse": 0.000808946555480361,
      "mae": 0.01971740615371951,
      "directional_accuracy": 0.4875738270621806,
      "base_loss": 0.0375391135,
      "abs_loss": 0.037689486175,
      "rel_score": -0.004005759885619131,
      "rmse": 0.028441985641855978
    }
  },
  "lstm_seed_52": {
    "train": {
      "mse": 0.00048377906205132604,
      "mae": 0.015090948547985147,
      "directional_accuracy": 0.4415817958604949,
      "base_loss": 0.02768859875,
      "abs_loss": 0.028684165647500003,
      "rel_score": -0.03595584256498352,
      "rmse": 0.021994977944955797
    },
    "val": {
      "mse": 0.0008096550591289997,
      "mae": 0.01969059586651182,
      "directional_accuracy": 0.4784325436326233,
      "base_loss": 0.0375391135,
      "abs_loss": 0.0377197137365,
      "rel_score": -0.00481098831755844,
      "rmse": 0.02845443886140349
    }
  },
  "lstm_seed_62": {
    "train": {
      "mse": 0.00048666776274330914,
      "mae": 0.015108840271864444,
      "directional_accuracy": 0.4432158110421386,
      "base_loss": 0.02768859875,
      "abs_loss": 0.02838419685,
      "rel_score": -0.025122184993200403,
      "rmse": 0.022060548406949817
    },
    "val": {
      "mse": 0.0008026068098843098,
      "mae": 0.019694434069417642,
      "directional_accuracy": 0.48370827526710464,
      "base_loss": 0.0375391135,
      "abs_loss": 0.037833010786500004,
      "rel_score": -0.007829095018453414,
      "rmse": 0.028330317407940956
    }
  },
  "lstm_seed_99": {
    "train": {
      "mse": 0.0004756709386128932,
      "mae": 0.014995479877563505,
      "directional_accuracy": 0.44079504781007384,
      "base_loss": 0.02768859875,
      "abs_loss": 0.028239674775,
      "rel_score": -0.019902633209273546,
      "rmse": 0.02180988140712804
    },
    "val": {
      "mse": 0.0007757457788102329,
      "mae": 0.019421534283183835,
      "directional_accuracy": 0.4789302541641781,
      "base_loss": 0.0375391135,
      "abs_loss": 0.037433480465,
      "rel_score": 0.0028139459127077826,
      "rmse": 0.02785221359020771
    }
  },
  "lstm_best_by_val": {
    "train": {
      "mse": 0.0004756709386128932,
      "mae": 0.014995479877563505,
      "directional_accuracy": 0.44079504781007384,
      "base_loss": 0.02768859875,
      "abs_loss": 0.028239674775,
      "rel_score": -0.019902633209273546,
      "rmse": 0.02180988140712804
    },
    "val": {
      "mse": 0.0007757457788102329,
      "mae": 0.019421534283183835,
      "directional_accuracy": 0.4789302541641781,
      "base_loss": 0.0375391135,
      "abs_loss": 0.037433480465,
      "rel_score": 0.0028139459127077826,
      "rmse": 0.02785221359020771
    }
  },
  "lstm_top2_by_val": {
    "train": {
      "mse": 0.000475052569527179,
      "mae": 0.014941060515533677,
      "directional_accuracy": 0.44338872270157176,
      "base_loss": 0.02768859875,
      "abs_loss": 0.0282007257,
      "rel_score": -0.01849595043158314,
      "rmse": 0.02179570122289383
    },
    "val": {
      "mse": 0.0007856406737118959,
      "mae": 0.019450930797243794,
      "directional_accuracy": 0.4865452252969673,
      "base_loss": 0.0375391135,
      "abs_loss": 0.037451801274999995,
      "rel_score": 0.0023259000242508154,
      "rmse": 0.028029281465158817
    }
  }
}