loss,val_loss,val_rel_score,learning_rate
1.366034746170044,1.3538579940795898,0.016311448145116758,0.00019999999494757503
1.3585779666900635,1.3495944738388062,0.016046722840490468,0.00019999999494757503
1.3529150485992432,1.3594211339950562,0.008885160206758558,0.00019999999494757503
1.3551501035690308,1.3560106754302979,0.007994363800615245,0.00019999999494757503
1.3490726947784424,1.3518292903900146,0.010489257619668457,9.999999747378752e-05
1.3464373350143433,1.3553354740142822,0.009430291126849122,9.999999747378752e-05
1.3460196256637573,1.360119104385376,0.0057392259967412596,9.999999747378752e-05
