loss,magnitude_loss,sign_prob_loss,signed_prediction_loss,val_loss,val_magnitude_loss,val_sign_prob_loss,val_signed_prediction_loss,val_rel_score,learning_rate
2.801454544067383,0.00699380598962307,0.8022931814193726,1.3589427471160889,2.7895772457122803,0.007512363605201244,0.7938228249549866,1.348158836364746,0.021925331378642277,0.00019999999494757503
2.791926145553589,0.0068558454513549805,0.8020361661911011,1.3541755676269531,2.789008378982544,0.00729455566033721,0.797292172908783,1.3490070104599,0.008722862871416992,0.00019999999494757503
2.783621311187744,0.006751637440174818,0.8026176691055298,1.3500107526779175,2.791658639907837,0.007321626413613558,0.7975087761878967,1.3506553173065186,0.0019080785216702978,0.00019999999494757503
2.7836897373199463,0.006764518097043037,0.802798867225647,1.350064992904663,2.7976155281066895,0.007287914864718914,0.7985981702804565,1.3537733554840088,0.010441314531142054,0.00019999999494757503
2.7760140895843506,0.0067907762713730335,0.8031740784645081,1.3461917638778687,2.798755645751953,0.007433813065290451,0.7979994416236877,1.3545482158660889,0.009660615149353458,9.999999747378752e-05
2.7725067138671875,0.0068700192496180534,0.8032217621803284,1.3444243669509888,2.797647714614868,0.007389225997030735,0.7994934320449829,1.3541196584701538,0.01296462092222428,9.999999747378752e-05
2.7716481685638428,0.006875704508274794,0.803309977054596,1.3439875841140747,2.7989954948425293,0.007424024865031242,0.7986111640930176,1.3545974493026733,0.015596332828984871,9.999999747378752e-05
