{
  "lstm": {
    "train": {
      "base_loss": 0.0260817775,
      "abs_loss": 0.025972489470000002,
      "rel_score": 0.004190206361510351,
      "directional_accuracy": 0.4538152610441767,
      "error_len": 16185,
      "base_len": 16185
    },
    "val": {
      "base_loss": 0.01962998160000001,
      "abs_loss": 0.01894784975400001,
      "rel_score": 0.034749489831411684,
      "directional_accuracy": 0.4585858585858586,
      "error_len": 1485,
      "base_len": 1485
    },
    "test": {
      "base_loss": 0.020426155400000003,
      "abs_loss": 0.02075190159,
      "rel_score": -0.015947503757853365,
      "directional_accuracy": 0.4418732782369146,
      "error_len": 1815,
      "base_len": 1815
    }
  },
  "linear_regression": {
    "train": {
      "base_loss": 0.0260817775,
      "abs_loss": 0.0270373358,
      "rel_score": -0.03663700834806982,
      "directional_accuracy": 0.42619709607661416,
      "error_len": 16185,
      "base_len": 16185
    },
    "val": {
      "base_loss": 0.01962998160000001,
      "abs_loss": 0.020528181270000005,
      "rel_score": -0.04575652123891927,
      "directional_accuracy": 0.43232323232323233,
      "error_len": 1485,
      "base_len": 1485
    },
    "test": {
      "base_loss": 0.020426155400000003,
      "abs_loss": 0.022508927320000004,
      "rel_score": -0.10196592942791383,
      "directional_accuracy": 0.4319559228650138,
      "error_len": 1815,
      "base_len": 1815
    }
  },
  "arima": {
    "train": {
      "base_loss": 0.0260817775,
      "abs_loss": 0.026213489664000004,
      "rel_score": -0.0050499688527747555,
      "directional_accuracy": 0.40741427247451345,
      "error_len": 16185,
      "base_len": 16185
    },
    "val": {
      "base_loss": 0.01962998160000001,
      "abs_loss": 0.019491594940000006,
      "rel_score": 0.007049760046642262,
      "directional_accuracy": 0.4202020202020202,
      "error_len": 1485,
      "base_len": 1485
    },
    "test": {
      "base_loss": 0.020426155400000003,
      "abs_loss": 0.02062227102000001,
      "rel_score": -0.009601200821178768,
      "directional_accuracy": 0.41046831955922863,
      "error_len": 1815,
      "base_len": 1815
    }
  },
  "lstm_ensemble": {
    "train": {
      "base_loss": 0.0260817775,
      "abs_loss": 0.02565143887,
      "rel_score": 0.016499589799813252,
      "directional_accuracy": 0.47000308928019774,
      "error_len": 16185,
      "base_len": 16185
    },
    "val": {
      "base_loss": 0.01962998160000001,
      "abs_loss": 0.019212823471,
      "rel_score": 0.02125107081098887,
      "directional_accuracy": 0.4471380471380471,
      "error_len": 1485,
      "base_len": 1485
    },
    "test": {
      "base_loss": 0.020426155400000003,
      "abs_loss": 0.02073362541,
      "rel_score": -0.01505275975722764,
      "directional_accuracy": 0.4644628099173554,
      "error_len": 1815,
      "base_len": 1815
    }
  },
  "lstm_seed_42": {
    "train": {
      "base_loss": 0.0260817775,
      "abs_loss": 0.025972489470000002,
      "rel_score": 0.004190206361510351,
      "directional_accuracy": 0.4538152610441767,
      "error_len": 16185,
      "base_len": 16185
    },
    "val": {
      "base_loss": 0.01962998160000001,
      "abs_loss": 0.01894784975400001,
      "rel_score": 0.034749489831411684,
      "directional_accuracy": 0.4585858585858586,
      "error_len": 1485,
      "base_len": 1485
    },
    "test": {
      "base_loss": 0.020426155400000003,
      "abs_loss": 0.02075190159,
      "rel_score": -0.015947503757853365,
      "directional_accuracy": 0.4418732782369146,
      "error_len": 1815,
      "base_len": 1815
    }
  },
  "lstm_seed_52": {
    "train": {
      "base_loss": 0.0260817775,
      "abs_loss": 0.02574911729,
      "rel_score": 0.012754506858284387,
      "directional_accuracy": 0.45795489650911336,
      "error_len": 16185,
      "base_len": 16185
    },
    "val": {
      "base_loss": 0.01962998160000001,
      "abs_loss": 0.019039379954000003,
      "rel_score": 0.03008671419233555,
      "directional_accuracy": 0.44646464646464645,
      "error_len": 1485,
      "base_len": 1485
    },
    "test": {
      "base_loss": 0.020426155400000003,
      "abs_loss": 0.020880281110000003,
      "rel_score": -0.02223255924117762,
      "directional_accuracy": 0.4556473829201102,
      "error_len": 1815,
      "base_len": 1815
    }
  },
  "lstm_seed_62": {
    "train": {
      "base_loss": 0.0260817775,
      "abs_loss": 0.025630106092,
      "rel_score": 0.01731750867056503,
      "directional_accuracy": 0.46499845535990114,
      "error_len": 16185,
      "base_len": 16185
    },
    "val": {
      "base_loss": 0.01962998160000001,
      "abs_loss": 0.019031315538000006,
      "rel_score": 0.03049753556569834,
      "directional_accuracy": 0.44511784511784513,
      "error_len": 1485,
      "base_len": 1485
    },
    "test": {
      "base_loss": 0.020426155400000003,
      "abs_loss": 0.02075005022000001,
      "rel_score": -0.015856866534952774,
      "directional_accuracy": 0.46225895316804405,
      "error_len": 1815,
      "base_len": 1815
    }
  },
  "lstm_seed_99": {
    "train": {
      "base_loss": 0.0260817775,
      "abs_loss": 0.02599196002,
      "rel_score": 0.003443687072324786,
      "directional_accuracy": 0.44782205746061166,
      "error_len": 16185,
      "base_len": 16185
    },
    "val": {
      "base_loss": 0.01962998160000001,
      "abs_loss": 0.019241145868000006,
      "rel_score": 0.019808257588993516,
      "directional_accuracy": 0.44377104377104376,
      "error_len": 1485,
      "base_len": 1485
    },
    "test": {
      "base_loss": 0.020426155400000003,
      "abs_loss": 0.020849228610000006,
      "rel_score": -0.020712327000116826,
      "directional_accuracy": 0.4716253443526171,
      "error_len": 1815,
      "base_len": 1815
    }
  },
  "lstm_best_by_val": {
    "train": {
      "base_loss": 0.0260817775,
      "abs_loss": 0.025972489470000002,
      "rel_score": 0.004190206361510351,
      "directional_accuracy": 0.4538152610441767,
      "error_len": 16185,
      "base_len": 16185
    },
    "val": {
      "base_loss": 0.01962998160000001,
      "abs_loss": 0.01894784975400001,
      "rel_score": 0.034749489831411684,
      "directional_accuracy": 0.4585858585858586,
      "error_len": 1485,
      "base_len": 1485
    },
    "test": {
      "base_loss": 0.020426155400000003,
      "abs_loss": 0.02075190159,
      "rel_score": -0.015947503757853365,
      "directional_accuracy": 0.4418732782369146,
      "error_len": 1815,
      "base_len": 1815
    }
  },
  "lstm_top2_by_val": {
    "train": {
      "base_loss": 0.0260817775,
      "abs_loss": 0.025782401264000006,
      "rel_score": 0.011478367837467918,
      "directional_accuracy": 0.46987951807228917,
      "error_len": 16185,
      "base_len": 16185
    },
    "val": {
      "base_loss": 0.01962998160000001,
      "abs_loss": 0.019041785530000015,
      "rel_score": 0.029964168178333583,
      "directional_accuracy": 0.44511784511784513,
      "error_len": 1485,
      "base_len": 1485
    },
    "test": {
      "base_loss": 0.020426155400000003,
      "abs_loss": 0.020727119186600005,
      "rel_score": -0.01473423562615217,
      "directional_accuracy": 0.4556473829201102,
      "error_len": 1815,
      "base_len": 1815
    }
  },
  "lstm_signmag": {
    "train": {
      "base_loss": 0.0260817775,
      "abs_loss": 0.025813573750000002,
      "rel_score": 0.010283185262200734,
      "directional_accuracy": 0.46518381217176397,
      "error_len": 16185,
      "base_len": 16185
    },
    "val": {
      "base_loss": 0.01962998160000001,
      "abs_loss": 0.01892580522,
      "rel_score": 0.0358724931255161,
      "directional_accuracy": 0.4626262626262626,
      "error_len": 1485,
      "base_len": 1485
    },
    "test": {
      "base_loss": 0.020426155400000003,
      "abs_loss": 0.020969099220000002,
      "rel_score": -0.026580813147049742,