{
  "lstm": {
    "train": {
      "mse": 0.0004270609642844647,
      "mae": 0.013920008204877377,
      "directional_accuracy": 0.4538152610441767,
      "base_loss": 0.0260817775,
      "abs_loss": 0.025972489470000002,
      "rel_score": 0.004190206361510351
    },
    "val": {
      "mse": 0.00024328943982254714,
      "mae": 0.010385571978986263,
      "directional_accuracy": 0.4585858585858586,
      "base_loss": 0.01962998160000001,
      "abs_loss": 0.01894784975400001,
      "rel_score": 0.034749489831411684
    },
    "test": {
      "mse": 0.0003361753770150244,
      "mae": 0.011685926467180252,
      "directional_accuracy": 0.4418732782369146,
      "base_loss": 0.020426155400000003,
      "abs_loss": 0.02075190159,
      "rel_score": -0.015947503757853365
    }
  },
  "linear_regression": {
    "train": {
      "mse": 0.0004082857340108603,
      "mae": 0.01403732132166624,
      "directional_accuracy": 0.42619709607661416,
      "base_loss": 0.0260817775,
      "abs_loss": 0.0270373358,
      "rel_score": -0.03663700834806982
    },
    "val": {
      "mse": 0.00027252992731519043,
      "mae": 0.01147504523396492,
      "directional_accuracy": 0.43232323232323233,
      "base_loss": 0.01962998160000001,
      "abs_loss": 0.020528181270000005,
      "rel_score": -0.04575652123891927
    },
    "test": {
      "mse": 0.00033923235605470836,
      "mae": 0.012305119074881077,
      "directional_accuracy": 0.4319559228650138,
      "base_loss": 0.020426155400000003,
      "abs_loss": 0.022508927320000004,
      "rel_score": -0.10196592942791383
    }
  },
  "arima": {
    "train": {
      "mse": 0.0004261373251210898,
      "mae": 0.01400699932128191,
      "directional_accuracy": 0.40741427247451345,
      "base_loss": 0.0260817775,
      "abs_loss": 0.026213489664000004,
      "rel_score": -0.0050499688527747555
    },
    "val": {
      "mse": 0.0002473479544278234,
      "mae": 0.010505635291337967,
      "directional_accuracy": 0.4202020202020202,
      "base_loss": 0.01962998160000001,
      "abs_loss": 0.019491594940000006,
      "rel_score": 0.007049760046642262
    },
    "test": {
      "mse": 0.0003330054460093379,
      "mae": 0.011678592301905155,
      "directional_accuracy": 0.41046831955922863,
      "base_loss": 0.020426155400000003,
      "abs_loss": 0.02062227102000001,
      "rel_score": -0.009601200821178768
    }
  },
  "lstm_ensemble": {
    "train": {
      "mse": 0.0004227326426189393,
      "mae": 0.013805589638650417,
      "directional_accuracy": 0.47000308928019774,
      "base_loss": 0.0260817775,
      "abs_loss": 0.02565143887,
      "rel_score": 0.016499589799813252
    },
    "val": {
      "mse": 0.00024381269759032875,
      "mae": 0.010390366427600384,
      "directional_accuracy": 0.4471380471380471,
      "base_loss": 0.01962998160000001,
      "abs_loss": 0.019212823471,
      "rel_score": 0.02125107081098887
    },
    "test": {
      "mse": 0.0003306583676021546,
      "mae": 0.011578338220715523,
      "directional_accuracy": 0.4644628099173554,
      "base_loss": 0.020426155400000003,
      "abs_loss": 0.02073362541,
      "rel_score": -0.01505275975722764
    }
  },
  "lstm_seed_42": {
    "train": {
      "mse": 0.0004270609642844647,
      "mae": 0.013920008204877377,
      "directional_accuracy": 0.4538152610441767,
      "base_loss": 0.0260817775,
      "abs_loss": 0.025972489470000002,
      "rel_score": 0.004190206361510351
    },
    "val": {
      "mse": 0.00024328943982254714,
      "mae": 0.010385571978986263,
      "directional_accuracy": 0.4585858585858586,
      "base_loss": 0.01962998160000001,
      "abs_loss": 0.01894784975400001,
      "rel_score": 0.034749489831411684
    },
    "test": {
      "mse": 0.0003361753770150244,
      "mae": 0.011685926467180252,
      "directional_accuracy": 0.4418732782369146,
      "base_loss": 0.020426155400000003,
      "abs_loss": 0.02075190159,
      "rel_score": -0.015947503757853365
    }
  },
  "lstm_seed_52": {
    "train": {
      "mse": 0.0004264003655407578,
      "mae": 0.013899561017751694,
      "directional_accuracy": 0.45795489650911336,
      "base_loss": 0.0260817775,
      "abs_loss": 0.02574911729,
      "rel_score": 0.012754506858284387
    },
    "val": {
      "mse": 0.0002467967860866338,
      "mae": 0.010496166534721851,
      "directional_accuracy": 0.44646464646464645,
      "base_loss": 0.01962998160000001,
      "abs_loss": 0.019039379954000003,
      "rel_score": 0.03008671419233555
    },
    "test": {
      "mse": 0.0003321051481179893,
      "mae": 0.011627595871686935,
      "directional_accuracy": 0.4556473829201102,
      "base_loss": 0.020426155400000003,
      "abs_loss": 0.020880281110000003,
      "rel_score": -0.02223255924117762
    }
  },
  "lstm_seed_62": {
    "train": {
      "mse": 0.00042234690045006573,
      "mae": 0.013819429092109203,
      "directional_accuracy": 0.46499845535990114,
      "base_loss": 0.0260817775,
      "abs_loss": 0.025630106092,
      "rel_score": 0.01731750867056503
    },
    "val": {
      "mse": 0.00024494479293935,
      "mae": 0.010478056967258453,
      "directional_accuracy": 0.44511784511784513,
      "base_loss": 0.01962998160000001,
      "abs_loss": 0.019031315538000006,
      "rel_score": 0.03049753556569834
    },
    "test": {
      "mse": 0.0003316715592518449,
      "mae": 0.011718898080289364,
      "directional_accuracy": 0.46225895316804405,
      "base_loss": 0.020426155400000003,
      "abs_loss": 0.02075005022000001,
      "rel_score": -0.015856866534952774
    }
  },
  "lstm_seed_99": {
    "train": {
      "mse": 0.0004293547826819122,
      "mae": 0.01398642547428608,
      "directional_accuracy": 0.44782205746061166,
      "base_loss": 0.0260817775,
      "abs_loss": 0.02599196002,
      "rel_score": 0.003443687072324786
    },
    "val": {
      "mse": 0.0002465872385073453,
      "mae": 0.010476171970367432,
      "directional_accuracy": 0.44377104377104376,
      "base_loss": 0.01962998160000001,
      "abs_loss": 0.019241145868000006,
      "rel_score": 0.019808257588993516
    },
    "test": {
      "mse": 0.00033177947625517845,
      "mae": 0.011632884852588177,
      "directional_accuracy": 0.4716253443526171,
      "base_loss": 0.020426155400000003,
      "abs_loss": 0.020849228610000006,
      "rel_score": -0.020712327000116826
    }
  },
  "lstm_best_by_val": {
    "train": {
      "mse": 0.0004270609642844647,
      "mae": 0.013920008204877377,
      "directional_accuracy": 0.4538152610441767,
      "base_loss": 0.0260817775,
      "abs_loss": 0.025972489470000002,
      "rel_score": 0.004190206361510351
    },
    "val": {
      "mse": 0.00024328943982254714,
      "mae": 0.010385571978986263,
      "directional_accuracy": 0.4585858585858586,
      "base_loss": 0.01962998160000001,
      "abs_loss": 0.01894784975400001,
      "rel_score": 0.034749489831411684
    },
    "test": {
      "mse": 0.0003361753770150244,
      "mae": 0.011685926467180252,
      "directional_accuracy": 0.4418732782369146,
      "base_loss": 0.020426155400000003,
      "abs_loss": 0.02075190159,
      "rel_score": -0.015947503757853365
    }
  },
  "lstm_top2_by_val": {
    "train": {
      "mse": 0.00042244730866514146,
      "mae": 0.013808643445372581,
      "directional_accuracy": 0.46987951807228917,
      "base_loss": 0.0260817775,
      "abs_loss": 0.025782401264000006,
      "rel_score": 0.011478367837467918
    },
    "val": {
      "mse": 0.00024327771097887307,
      "mae": 0.010391293093562126,
      "directional_accuracy": 0.44511784511784513,
      "base_loss": 0.01962998160000001,
      "abs_loss": 0.019041785530000015,
      "rel_score": 0.029964168178333583
    },
    "test": {
      "mse": 0.0003325719153508544,
      "mae": 0.011649640277028084,
      "directional_accuracy": 0.4556473829201102,
      "base_loss": 0.020426155400000003,
      "abs_loss": 0.020727119186600005,
      "rel_score": -0.01473423562615217
    }
  },