loss,val_loss,val_rel_score,learning_rate
1.352471947669983,1.3549432754516602,0.021012648466806727,0.00019999999494757503
1.3444316387176514,1.3770709037780762,-0.003473400224021317,0.00019999999494757503
1.3390207290649414,1.374666690826416,-0.013358003392374806,0.00019999999494757503
1.3365083932876587,1.369279146194458,-0.005841764958115503,0.00019999999494757503
1.332755446434021,1.3677436113357544,-0.016598010334159863,9.999999747378752e-05
1.3303861618041992,1.3630112409591675,-0.009682345851568686,9.999999747378752e-05
1.3285075426101685,1.366381287574768,-0.015293478579240016,9.999999747378752e-05
