loss,val_loss,val_rel_score,learning_rate
0.4435305595397949,0.3822709918022156,0.0001621083358798181,0.00019999999494757503
0.43728867173194885,0.3814074695110321,-0.0017082797111849235,0.00019999999494757503
0.43541842699050903,0.3820984959602356,-0.0024260627791035105,0.00019999999494757503
0.4349694848060608,0.38234254717826843,-0.008702753735764457,0.00019999999494757503
0.43428507447242737,0.3820266127586365,-0.00508381960417581,9.999999747378752e-05
0.4340689182281494,0.3819218575954437,-0.003601835231923811,9.999999747378752e-05
0.4338683784008026,0.38185471296310425,-0.004769522400944748,9.999999747378752e-05
