loss,val_loss,val_rel_score,learning_rate
0.4422070384025574,0.3811911344528198,-0.006382625860151814,0.00019999999494757503
0.43671613931655884,0.3817702829837799,0.004973786004378589,0.00019999999494757503
0.43519049882888794,0.38200682401657104,0.0074643132726602834,0.00019999999494757503
0.4346775412559509,0.38185304403305054,0.004976955600092592,0.00019999999494757503
0.4344254732131958,0.3817847669124603,0.005391877812630619,0.00019999999494757503
0.4341135323047638,0.3817874491214752,0.004760642172472629,0.00019999999494757503
0.4336704909801483,0.3817566931247711,0.005585304615005726,9.999999747378752e-05
0.43358197808265686,0.38174352049827576,0.0036977990315065767,9.999999747378752e-05
0.4335242807865143,0.3817928433418274,0.007439998628979372,9.999999747378752e-05
