loss,val_loss,val_rel_score,learning_rate
0.4441986680030823,0.3825705349445343,0.0055570619359499585,0.00019999999494757503
0.438571035861969,0.38110122084617615,0.006834097947592155,0.00019999999494757503
0.43578875064849854,0.38172274827957153,0.001131617142896002,0.00019999999494757503
0.4349204897880554,0.38198333978652954,-0.0008080638056338074,0.00019999999494757503
0.43439990282058716,0.3822438418865204,-0.004958521529607962,0.00019999999494757503
0.43388670682907104,0.3822634220123291,-0.001291202069810593,9.999999747378752e-05
0.43370699882507324,0.3822852075099945,-0.006085987860489306,9.999999747378752e-05
0.4335194230079651,0.38229504227638245,-0.002491579669356092,9.999999747378752e-05
