features,feature_count,train_rel_score,val_rel_score,test_rel_score,train_mse,val_mse,test_mse,train_mae,val_mae,test_mae,train_abs_loss,val_abs_loss,test_abs_loss
"atr_gap,volatility_20",2,0.003938584945916146,0.04053866663735106,0.01753044430761652,0.0004174508503638208,0.0002685543440748006,0.0004542791284620762,0.014409147202968597,0.011826583184301853,0.01465792115777731,0.02743108439608477,0.019900009184493684,0.02583609308931044
"atr_14,volatility_20",2,0.002738691821488337,0.03386073900033115,0.01980291697969716,0.00041808816604316235,0.0002679324534256011,0.0004538824432529509,0.014423174783587456,0.011803125031292439,0.014493266120553017,0.027464128914289176,0.02003851484041661,0.025776333664543925
