loss,val_loss,val_rel_score,learning_rate
1.355796217918396,1.3679720163345337,-0.029480091216280258,0.00019999999494757503
1.3432154655456543,1.3555293083190918,-0.01544274710723359,0.00019999999494757503
1.3428617715835571,1.350915551185608,-0.01264022842988588,0.00019999999494757503
1.3442062139511108,1.3523659706115723,-0.022178674926581543,0.00019999999494757503
1.339991807937622,1.3489214181900024,-0.022772893300032182,0.00019999999494757503
1.337174892425537,1.3497169017791748,-0.021183832542290837,0.00019999999494757503
1.3344460725784302,1.3510839939117432,-0.03176737085628223,9.999999747378752e-05
1.331566333770752,1.3537226915359497,-0.03157980601426402,9.999999747378752e-05
1.3307013511657715,1.3500120639801025,-0.025812662298856814,9.999999747378752e-05
