loss,val_loss,val_rel_score,learning_rate
1.3475538492202759,1.3442740440368652,-0.0103799351532039,0.00019999999494757503
1.3483141660690308,1.3482906818389893,-0.009134118693896465,0.00019999999494757503
1.342392086982727,1.351487159729004,-0.01861947564930877,0.00019999999494757503
1.3381996154785156,1.3527504205703735,-0.014001766146309436,0.00019999999494757503
1.3364224433898926,1.3459323644638062,-0.01909406966477989,0.00019999999494757503
1.3324023485183716,1.3434871435165405,-0.013927613120131799,9.999999747378752e-05
1.3301788568496704,1.3457483053207397,-0.016247350635173907,9.999999747378752e-05
1.3280718326568604,1.3472814559936523,-0.016346071293551923,9.999999747378752e-05
