loss,magnitude_loss,sign_prob_loss,signed_prediction_loss,val_loss,val_magnitude_loss,val_sign_prob_loss,val_signed_prediction_loss,val_rel_score,learning_rate
2.775594472885132,0.006746779661625624,0.8011545538902283,1.3461476564407349,2.803784132003784,0.007008720189332962,0.803957462310791,1.3541648387908936,-0.00745260463573838,0.00019999999494757503
2.766350030899048,0.00653642974793911,0.8023859262466431,1.3414766788482666,2.7954695224761963,0.006820697337388992,0.8094791173934937,1.3522697687149048,-0.004977488787824447,0.00019999999494757503
2.7644126415252686,0.006390989758074284,0.8023472428321838,1.340638518333435,2.793771266937256,0.006731589324772358,0.8093172907829285,1.351662039756775,-0.004875582990118588,0.00019999999494757503
2.7617170810699463,0.00633056228980422,0.8027192950248718,1.3392226696014404,2.791719436645508,0.006713101174682379,0.8090269565582275,1.350734829902649,-0.009008293268732759,0.00019999999494757503
2.7606747150421143,0.0063078454695641994,0.8037366271018982,1.338643193244934,2.793051242828369,0.006765086203813553,0.8092079758644104,1.3513689041137695,-0.01391291520029947,0.00019999999494757503
2.755995750427246,0.0063156732358038425,0.8028075695037842,1.3363523483276367,2.792693614959717,0.006799041759222746,0.810274600982666,1.3517093658447266,-0.02118231522276104,0.00019999999494757503
2.7512946128845215,0.00633954256772995,0.8031611442565918,1.3340082168579102,2.793471097946167,0.006819738075137138,0.8094512820243835,1.3517003059387207,-0.02251184587631072,9.999999747378752e-05
2.747009754180908,0.006382551975548267,0.8023227453231812,1.3318804502487183,2.789881706237793,0.0068955132737755775,0.8092474341392517,1.3505797386169434,-0.01924752054023915,9.999999747378752e-05
2.7468104362487793,0.006444545928388834,0.8023525476455688,1.3317546844482422,2.792386054992676,0.006927837617695332,0.8090659379959106,1.351142168045044,-0.01938898508132314,9.999999747378752e-05
