{
  "run_name": "broad_signmag_portable_no_identity_20260428_allvn_r01",
  "model_name": "lstm_seed_52",
  "market": "JP",
  "codes_path": "market_lists/jp50.txt",
  "requested_codes": 50,
  "accepted_codes": 26,
  "sector_count": 1,
  "unknown_sector_share": 1.0,
  "test_rows": 21366,
  "test_codes": 26,
  "stock_identity_enabled": false,
  "known_code_share": 0.0,
  "known_row_share": 0.0,
  "rel_score": -0.0022115790170762484,
  "directional_accuracy": 0.49235244440274,
  "error_q2": -0.013714708015322685,
  "error_q8": 0.011864116229116917,
  "error_mean": -0.0007516741752624512,
  "error_std": 0.02069244720041752,
  "filled_feature_columns": [
    "sector_momentum_rank_pct"
  ],
  "days": 823,
  "mean_spearman_ic": 0.01578207150944389,
  "ic_t_stat": 1.699623342666988,
  "positive_ic_days": 0.5249088699878494,
  "mean_top_bottom_return": 0.000474381007393525,
  "quartile_equity": 1.3768755883944022,
  "quartile_hit_rate": 0.5164034021871203,
  "quartile_max_drawdown": -0.22337844843344046
}