{
  "lstm": {
    "train": {
      "mse": 0.0004215931985527277,
      "mae": 0.014276697300374508,
      "directional_accuracy": 0.46956521739130436,
      "base_loss": 0.026398777682334187,
      "abs_loss": 0.026104759919689968,
      "rel_score": 0.011137552131475159
    },
    "val": {
      "mse": 0.00022853656264487654,
      "mae": 0.010299484245479107,
      "directional_accuracy": 0.46908602150537637,
      "base_loss": 0.018759333342313764,
      "abs_loss": 0.018595598271349444,
      "rel_score": 0.008728192413692937
    },
    "test": {
      "mse": 0.0003587712999433279,
      "mae": 0.012196153402328491,
      "directional_accuracy": 0.4706896551724138,
      "base_loss": 0.02157730087637901,
      "abs_loss": 0.021838559582829476,
      "rel_score": -0.012108034640072596
    }
  },
  "linear_regression": {
    "train": {
      "mse": 0.0003908177895937115,
      "mae": 0.014177466742694378,
      "directional_accuracy": 0.4468344774980931,
      "base_loss": 0.026398777682334187,
      "abs_loss": 0.027749575371854008,
      "rel_score": -0.05116894826625851
    },
    "val": {
      "mse": 0.0002688921813387424,
      "mae": 0.01154768280684948,
      "directional_accuracy": 0.4280913978494624,
      "base_loss": 0.018759333342313764,
      "abs_loss": 0.021042764047160746,
      "rel_score": -0.12172238017096526
    },
    "test": {
      "mse": 0.0003643704403657466,
      "mae": 0.013145126402378082,
      "directional_accuracy": 0.42586206896551726,
      "base_loss": 0.02157730087637901,
      "abs_loss": 0.02374084753682837,
      "rel_score": -0.1002695690644897
    }
  },
  "arima": {
    "train": {
      "mse": 0.0004222022835165262,
      "mae": 0.014312506653368473,
      "directional_accuracy": 0.4467581998474447,
      "base_loss": 0.026398777682334187,
      "abs_loss": 0.026525499584022328,
      "rel_score": -0.00480029428684281
    },
    "val": {
      "mse": 0.00022925710072740912,
      "mae": 0.010303320363163948,
      "directional_accuracy": 0.44489247311827956,
      "base_loss": 0.018759333342313764,
      "abs_loss": 0.018683201240492053,
      "rel_score": 0.004058358601154888
    },
    "test": {
      "mse": 0.0003513605915941298,
      "mae": 0.012201104313135147,
      "directional_accuracy": 0.44310344827586207,
      "base_loss": 0.02157730087637901,
      "abs_loss": 0.021365688194055113,
      "rel_score": 0.00980718967290084
    }
  },
  "lstm_ensemble": {
    "train": {
      "mse": 0.00041958625661209226,
      "mae": 0.014216125942766666,
      "directional_accuracy": 0.4794050343249428,
      "base_loss": 0.026398777682334187,
      "abs_loss": 0.026084671189892106,
      "rel_score": 0.011898524099177465
    },
    "val": {
      "mse": 0.00022760267893318087,
      "mae": 0.010224147699773312,
      "directional_accuracy": 0.47110215053763443,
      "base_loss": 0.018759333342313764,
      "abs_loss": 0.01864408480469137,
      "rel_score": 0.006143530557263355
    },
    "test": {
      "mse": 0.00035400796332396567,
      "mae": 0.012117773294448853,
      "directional_accuracy": 0.46264367816091956,
      "base_loss": 0.02157730087637901,
      "abs_loss": 0.021491168455395386,
      "rel_score": 0.003991807014097626
    }
  },
  "lstm_seed_42": {
    "train": {
      "mse": 0.0004215931985527277,
      "mae": 0.014276697300374508,
      "directional_accuracy": 0.46956521739130436,
      "base_loss": 0.026398777682334187,
      "abs_loss": 0.026104759919689968,
      "rel_score": 0.011137552131475159
    },
    "val": {
      "mse": 0.00022853656264487654,
      "mae": 0.010299484245479107,
      "directional_accuracy": 0.46908602150537637,
      "base_loss": 0.018759333342313764,
      "abs_loss": 0.018595598271349444,
      "rel_score": 0.008728192413692937
    },
    "test": {
      "mse": 0.0003587712999433279,
      "mae": 0.012196153402328491,
      "directional_accuracy": 0.4706896551724138,
      "base_loss": 0.02157730087637901,
      "abs_loss": 0.021838559582829476,
      "rel_score": -0.012108034640072596
    }
  },
  "lstm_seed_52": {
    "train": {
      "mse": 0.0004240618145558983,
      "mae": 0.014310683123767376,
      "directional_accuracy": 0.4677345537757437,
      "base_loss": 0.026398777682334187,
      "abs_loss": 0.02623045186746822,
      "rel_score": 0.006376273056710846
    },
    "val": {
      "mse": 0.0002282413624925539,
      "mae": 0.010302938520908356,
      "directional_accuracy": 0.46841397849462363,
      "base_loss": 0.018759333342313764,
      "abs_loss": 0.01872153613221598,
      "rel_score": 0.0020148482575618187
    },
    "test": {
      "mse": 0.0003530276007950306,
      "mae": 0.012197337113320827,
      "directional_accuracy": 0.4477011494252874,
      "base_loss": 0.02157730087637901,
      "abs_loss": 0.021808822901220992,
      "rel_score": -0.010729888143490296
    }
  },
  "lstm_seed_62": {
    "train": {
      "mse": 0.0004227367462590337,
      "mae": 0.014315281063318253,
      "directional_accuracy": 0.47139588100686497,
      "base_loss": 0.026398777682334187,
      "abs_loss": 0.026175361557397994,
      "rel_score": 0.008463123847044729
    },
    "val": {
      "mse": 0.00022758395061828196,
      "mae": 0.01024969294667244,
      "directional_accuracy": 0.4778225806451613,
      "base_loss": 0.018759333342313764,
      "abs_loss": 0.018788992610643616,
      "rel_score": -0.0015810406366068008
    },
    "test": {
      "mse": 0.000355429423507303,
      "mae": 0.01220344752073288,
      "directional_accuracy": 0.4632183908045977,
      "base_loss": 0.02157730087637901,
      "abs_loss": 0.021535135307931358,
      "rel_score": 0.001954163251892793
    }
  },
  "lstm_seed_72": {
    "train": {
      "mse": 0.0004278748529031873,
      "mae": 0.014406531117856503,
      "directional_accuracy": 0.45568268497330283,
      "base_loss": 0.026398777682334187,
      "abs_loss": 0.026510933291865515,
      "rel_score": -0.0042485152487337086
    },
    "val": {
      "mse": 0.000231479003559798,
      "mae": 0.010288436897099018,
      "directional_accuracy": 0.4583333333333333,
      "base_loss": 0.018759333342313764,
      "abs_loss": 0.018617932750930776,
      "rel_score": 0.0075376128139929
    },
    "test": {
      "mse": 0.0003569179680198431,
      "mae": 0.01223307941108942,
      "directional_accuracy": 0.4511494252873563,
      "base_loss": 0.02157730087637901,
      "abs_loss": 0.02185614151385381,
      "rel_score": -0.012922869225967304
    }
  },
  "lstm_seed_82": {
    "train": {
      "mse": 0.00042492826469242573,
      "mae": 0.014361489564180374,
      "directional_accuracy": 0.4643020594965675,
      "base_loss": 0.026398777682334187,
      "abs_loss": 0.026323450657946525,
      "rel_score": 0.002853428491807364
    },
    "val": {
      "mse": 0.0002305785019416362,
      "mae": 0.010289140045642853,
      "directional_accuracy": 0.46169354838709675,
      "base_loss": 0.018759333342313764,
      "abs_loss": 0.018623000584193507,
      "rel_score": 0.007267462848092987
    },
    "test": {
      "mse": 0.0003581330820452422,
      "mae": 0.012203944846987724,
      "directional_accuracy": 0.46839080459770116,
      "base_loss": 0.02157730087637901,
      "abs_loss": 0.02180174415989314,
      "rel_score": -0.010401823879641503
    }
  },
  "lstm_seed_92": {
    "train": {
      "mse": 0.00042224733624607325,
      "mae": 0.014263602904975414,
      "directional_accuracy": 0.4765064836003051,
      "base_loss": 0.026398777682334187,
      "abs_loss": 0.025902761274483058,
      "rel_score": 0.0187893702435723
    },
    "val": {
      "mse": 0.00022876120056025684,
      "mae": 0.010301374830305576,
      "directional_accuracy": 0.45698924731182794,
      "base_loss": 0.018759333342313764,
      "abs_loss": 0.018637773289810866,
      "rel_score": 0.006479977208396104
    },
    "test": {
      "mse": 0.00036007846938446164,
      "mae": 0.012285587377846241,
      "directional_accuracy": 0.46379310344827585,