{
  "committee_best_by_val": {
    "threshold": 0.0,
    "holding_period": 1,
    "uncertainty_model": null,
    "uncertainty_quantile": null,
    "max_uncertainty": null,
    "uncertainty_side": null,
    "trade_count": 2045,
    "coverage": 0.4718504845408399,
    "directional_accuracy": 0.5647921760391198,
    "avg_actual_return": 0.0009164197499462103,
    "avg_strategy_return": 0.0009164197499462103,
    "cumulative_strategy_return": 1.87407838864,
    "final_equity": 2.78610578192454,
    "sampled_buy_hold_equity": 2.78610578192454
  }
}