features,feature_count,train_rel_score,val_rel_score,test_rel_score,train_mse,val_mse,test_mse,train_mae,val_mae,test_mae,train_abs_loss,val_abs_loss,test_abs_loss
"range_pct,volatility_20",2,-0.014984601726323543,0.04207127669779376,-0.020104733506895123,0.0005446671275421977,0.000269075739197433,0.0005773266311734915,0.016684802249073982,0.011704708449542522,0.017055107280611992,0.03185178422718309,0.019224109663628048,0.03073126517119817
"volume_ratio_20,true_range",2,-0.017049846657241075,0.03218578916929893,-0.07871407099166738,0.000544301001355052,0.0002715857117436826,0.0006488761282525957,0.01665887050330639,0.011731555685400963,0.017917262390255928,0.031922413461143155,0.0194224957143888,0.03249690651427954
"range_pct,volatility_10",2,-0.007636770053324637,0.03009902660581032,-0.01882553846085555,0.0005469086463563144,0.0002665971405804157,0.0005754895391874015,0.016676422208547592,0.01159877423197031,0.017025183886289597,0.03167026736773551,0.019464373728260403,0.030692728655412792
