{
  "lstm": {
    "threshold": 0.005,
    "holding_period": 1,
    "trade_count": 111,
    "coverage": 0.13058823529411764,
    "directional_accuracy": 0.5945945945945946,
    "avg_actual_return": 0.004775544205405405,
    "avg_strategy_return": 0.004775544205405405,
    "cumulative_strategy_return": 0.5300854067999999,
    "final_equity": 1.5959735659339267,
    "sampled_buy_hold_equity": 1.5959735659339267
  },
  "lstm_best_by_val": {
    "threshold": 0.005,
    "holding_period": 1,
    "trade_count": 111,
    "coverage": 0.13058823529411764,
    "directional_accuracy": 0.5945945945945946,
    "avg_actual_return": 0.004775544205405405,
    "avg_strategy_return": 0.004775544205405405,
    "cumulative_strategy_return": 0.5300854067999999,
    "final_equity": 1.5959735659339267,
    "sampled_buy_hold_equity": 1.5959735659339267
  },
  "lstm_seed_42": {
    "threshold": 0.005,
    "holding_period": 1,
    "trade_count": 111,
    "coverage": 0.13058823529411764,
    "directional_accuracy": 0.5945945945945946,
    "avg_actual_return": 0.004775544205405405,
    "avg_strategy_return": 0.004775544205405405,
    "cumulative_strategy_return": 0.5300854067999999,
    "final_equity": 1.5959735659339267,
    "sampled_buy_hold_equity": 1.5959735659339267
  },
  "arima": {
    "threshold": 0.0,
    "holding_period": 1,
    "trade_count": 588,
    "coverage": 0.691764705882353,
    "directional_accuracy": 0.6258503401360545,
    "avg_actual_return": 0.000726084626360544,
    "avg_strategy_return": 0.000726084626360544,
    "cumulative_strategy_return": 0.4269377602999999,
    "final_equity": 1.3459821359096347,
    "sampled_buy_hold_equity": 1.3459821359096347
  },
  "linear_regression": {
    "threshold": 0.0025,
    "holding_period": 1,
    "trade_count": 307,
    "coverage": 0.3611764705882353,
    "directional_accuracy": 0.6188925081433225,
    "avg_actual_return": 0.001129420222149837,
    "avg_strategy_return": 0.001129420222149837,
    "cumulative_strategy_return": 0.3467320082,
    "final_equity": 1.3177185021898286,
    "sampled_buy_hold_equity": 1.3177185021898286
  },
  "lstm_signmag": {
    "threshold": 0.0025,
    "holding_period": 1,
    "trade_count": 90,
    "coverage": 0.10588235294117647,
    "directional_accuracy": 0.6,
    "avg_actual_return": 0.0022298590577777785,
    "avg_strategy_return": 0.0022298590577777785,
    "cumulative_strategy_return": 0.20068731520000005,
    "final_equity": 1.1680075614812837,
    "sampled_buy_hold_equity": 1.1680075614812837
  },
  "lstm_signmag_best_by_val": {
    "threshold": 0.0025,
    "holding_period": 1,
    "trade_count": 90,
    "coverage": 0.10588235294117647,
    "directional_accuracy": 0.6,
    "avg_actual_return": 0.0022298590577777785,
    "avg_strategy_return": 0.0022298590577777785,
    "cumulative_strategy_return": 0.20068731520000005,
    "final_equity": 1.1680075614812837,
    "sampled_buy_hold_equity": 1.1680075614812837
  },
  "lstm_signmag_seed_42": {
    "threshold": 0.0025,
    "holding_period": 1,
    "trade_count": 90,
    "coverage": 0.10588235294117647,
    "directional_accuracy": 0.6,
    "avg_actual_return": 0.0022298590577777785,
    "avg_strategy_return": 0.0022298590577777785,
    "cumulative_strategy_return": 0.20068731520000005,
    "final_equity": 1.1680075614812837,
    "sampled_buy_hold_equity": 1.1680075614812837
  }
}