{
  "lstm_signmag_best_by_val": {
    "threshold": 0.0025,
    "holding_period": 1,
    "uncertainty_model": null,
    "uncertainty_quantile": null,
    "max_uncertainty": null,
    "uncertainty_side": null,
    "trade_count": 738,
    "coverage": 0.1702814951545916,
    "directional_accuracy": 0.573170731707317,
    "avg_actual_return": 0.0020345740139566396,
    "avg_strategy_return": 0.0020345740139566396,
    "cumulative_strategy_return": 1.5015156223,
    "final_equity": 2.922140270457961,
    "sampled_buy_hold_equity": 2.922140270457961
  }
}