{
  "underfit_signals": [
    "lstm_best_by_val amplitude_ratio=0.144",
    "lstm_seed_52 amplitude_ratio=0.126",
    "lstm_signmag_best_by_val amplitude_ratio=0.051",
    "lstm_signmag_best_by_val pos_rate_gap=-0.216",
    "lstm_signmag_seed_52 amplitude_ratio=0.051",
    "lstm_signmag_seed_52 pos_rate_gap=-0.216"
  ],
  "selection_instability_signals": [],
  "focus_models": [
    {
      "model": "lstm_seed_52",
      "train_rel_score": -0.0034149482432381806,
      "val_rel_score": 0.003000379996426439,
      "test_rel_score": 0.021866152105639358,
      "train_minus_val": -0.006415328239664619,
      "val_minus_test": -0.01886577210921292,
      "train_minus_test": -0.02528110034887754,
      "train_directional_accuracy": 0.43172258130706886,
      "val_directional_accuracy": 0.3993933265925177,
      "test_directional_accuracy": 0.4373379429559205
    },
    {
      "model": "lstm_best_by_val",
      "train_rel_score": 0.004490570153090845,
      "val_rel_score": 0.00828164118578889,
      "test_rel_score": 0.015821422828868448,
      "train_minus_val": -0.0037910710326980457,
      "val_minus_test": -0.007539781643079557,
      "train_minus_test": -0.011330852675777603,
      "train_directional_accuracy": 0.44475223145583254,
      "val_directional_accuracy": 0.4398382204246714,
      "test_directional_accuracy": 0.4606741573033708
    },
    {
      "model": "lstm_signmag_seed_52",
      "train_rel_score": 0.0015660124491518879,
      "val_rel_score": 0.02049192816051626,
      "test_rel_score": 0.020911402922104583,
      "train_minus_val": -0.01892591571136437,
      "val_minus_test": -0.0004194747615883232,
      "train_minus_test": -0.019345390472952695,
      "train_directional_accuracy": 0.43244075100030777,
      "val_directional_accuracy": 0.40950455005055614,
      "test_directional_accuracy": 0.4278305963699222
    },
    {
      "model": "lstm_signmag_best_by_val",
      "train_rel_score": 0.0015660124491518879,
      "val_rel_score": 0.02049192816051626,
      "test_rel_score": 0.020911402922104583,
      "train_minus_val": -0.01892591571136437,
      "val_minus_test": -0.0004194747615883232,
      "train_minus_test": -0.019345390472952695,
      "train_directional_accuracy": 0.43244075100030777,
      "val_directional_accuracy": 0.40950455005055614,
      "test_directional_accuracy": 0.4278305963699222
    }
  ]
}