{
  "lstm_seed_52": {
    "threshold": 0.0,
    "holding_period": 1,
    "trade_count": 1473,
    "coverage": 0.6896067415730337,
    "directional_accuracy": 0.5621181262729125,
    "avg_actual_return": 0.0027024996551527495,
    "avg_strategy_return": 0.0027024996551527495,
    "cumulative_strategy_return": 3.98078199204,
    "final_equity": 34.22448667433509,
    "sampled_buy_hold_equity": 34.22448667433509
  },
  "lstm_top2_by_val": {
    "threshold": 0.0,
    "holding_period": 1,
    "trade_count": 1345,
    "coverage": 0.6296816479400749,
    "directional_accuracy": 0.5553903345724907,
    "avg_actual_return": 0.002367789835048327,
    "avg_strategy_return": 0.002367789835048327,
    "cumulative_strategy_return": 3.18467732814,
    "final_equity": 16.038291808466994,
    "sampled_buy_hold_equity": 16.038291808466994
  },
  "lstm_signmag_seed_52": {
    "threshold": 0.0,
    "holding_period": 1,
    "trade_count": 1825,
    "coverage": 0.8544007490636704,
    "directional_accuracy": 0.5468493150684931,
    "avg_actual_return": 0.0018209957081863014,
    "avg_strategy_return": 0.0018209957081863014,
    "cumulative_strategy_return": 3.32331716744,
    "final_equity": 15.661095489818775,
    "sampled_buy_hold_equity": 15.661095489818775
  },
  "lstm_ensemble": {
    "threshold": 0.0,
    "holding_period": 1,
    "trade_count": 1411,
    "coverage": 0.6605805243445693,
    "directional_accuracy": 0.5570517363571935,
    "avg_actual_return": 0.00224517855275691,
    "avg_strategy_return": 0.00224517855275691,
    "cumulative_strategy_return": 3.16794693794,
    "final_equity": 15.42767132892709,
    "sampled_buy_hold_equity": 15.42767132892709
  },
  "linear_regression": {
    "threshold": 0.0,
    "holding_period": 1,
    "trade_count": 1283,
    "coverage": 0.6006554307116105,
    "directional_accuracy": 0.5510522213561965,
    "avg_actual_return": 0.002317418583585347,
    "avg_strategy_return": 0.002317418583585347,
    "cumulative_strategy_return": 2.9732480427400003,
    "final_equity": 13.553566257653712,
    "sampled_buy_hold_equity": 13.553566257653712
  },
  "lstm_signmag_ensemble": {
    "threshold": 0.0,
    "holding_period": 1,
    "trade_count": 1867,
    "coverage": 0.8740636704119851,
    "directional_accuracy": 0.5468666309587573,
    "avg_actual_return": 0.0016421058887734331,
    "avg_strategy_return": 0.0016421058887734331,
    "cumulative_strategy_return": 3.06581169434,
    "final_equity": 11.793395416794974,
    "sampled_buy_hold_equity": 11.793395416794974
  },
  "lstm_signmag_top2_by_val": {
    "threshold": 0.0,
    "holding_period": 1,
    "trade_count": 1840,
    "coverage": 0.8614232209737828,
    "directional_accuracy": 0.5461956521739131,
    "avg_actual_return": 0.001646650238119565,
    "avg_strategy_return": 0.001646650238119565,
    "cumulative_strategy_return": 3.02983643814,
    "final_equity": 11.518493375786488,
    "sampled_buy_hold_equity": 11.518493375786488
  },
  "lstm_signmag_best_by_val": {
    "threshold": 0.0025,
    "holding_period": 1,
    "trade_count": 618,
    "coverage": 0.2893258426966292,
    "directional_accuracy": 0.5760517799352751,
    "avg_actual_return": 0.004255896564142395,
    "avg_strategy_return": 0.004255896564142395,
    "cumulative_strategy_return": 2.6301440766399997,
    "final_equity": 11.01162679739853,
    "sampled_buy_hold_equity": 11.01162679739853
  },
  "lstm_signmag_seed_62": {
    "threshold": 0.0025,
    "holding_period": 1,
    "trade_count": 618,
    "coverage": 0.2893258426966292,
    "directional_accuracy": 0.5760517799352751,
    "avg_actual_return": 0.004255896564142395,
    "avg_strategy_return": 0.004255896564142395,
    "cumulative_strategy_return": 2.6301440766399997,
    "final_equity": 11.01162679739853,
    "sampled_buy_hold_equity": 11.01162679739853
  },
  "lstm": {
    "threshold": 0.0,
    "holding_period": 1,
    "trade_count": 1546,
    "coverage": 0.7237827715355806,
    "directional_accuracy": 0.5504527813712807,
    "avg_actual_return": 0.0017051462950452782,
    "avg_strategy_return": 0.0017051462950452782,
    "cumulative_strategy_return": 2.63615617214,
    "final_equity": 8.31185280306741,
    "sampled_buy_hold_equity": 8.31185280306741
  },
  "lstm_seed_42": {
    "threshold": 0.0,
    "holding_period": 1,
    "trade_count": 1546,
    "coverage": 0.7237827715355806,
    "directional_accuracy": 0.5504527813712807,
    "avg_actual_return": 0.0017051462950452782,
    "avg_strategy_return": 0.0017051462950452782,
    "cumulative_strategy_return": 2.63615617214,
    "final_equity": 8.31185280306741,
    "sampled_buy_hold_equity": 8.31185280306741
  },
  "lstm_signmag": {
    "threshold": 0.0,
    "holding_period": 1,
    "trade_count": 1908,
    "coverage": 0.8932584269662921,
    "directional_accuracy": 0.5408805031446541,
    "avg_actual_return": 0.0011852598244444445,
    "avg_strategy_return": 0.0011852598244444445,
    "cumulative_strategy_return": 2.2614757450400003,
    "final_equity": 5.144015771029666,
    "sampled_buy_hold_equity": 5.144015771029666
  },
  "lstm_signmag_seed_42": {
    "threshold": 0.0,
    "holding_period": 1,
    "trade_count": 1908,
    "coverage": 0.8932584269662921,
    "directional_accuracy": 0.5408805031446541,
    "avg_actual_return": 0.0011852598244444445,
    "avg_strategy_return": 0.0011852598244444445,
    "cumulative_strategy_return": 2.2614757450400003,
    "final_equity": 5.144015771029666,
    "sampled_buy_hold_equity": 5.144015771029666
  },
  "lstm_best_by_val": {
    "threshold": 0.0,
    "holding_period": 1,
    "trade_count": 1165,
    "coverage": 0.5454119850187266,
    "directional_accuracy": 0.5459227467811159,
    "avg_actual_return": 0.0011073673609442059,
    "avg_strategy_return": 0.0011073673609442059,
    "cumulative_strategy_return": 1.2900829754999998,
    "final_equity": 2.4814352867627774,
    "sampled_buy_hold_equity": 2.4814352867627774
  },
  "lstm_seed_62": {
    "threshold": 0.0,
    "holding_period": 1,
    "trade_count": 1165,
    "coverage": 0.5454119850187266,
    "directional_accuracy": 0.5459227467811159,
    "avg_actual_return": 0.0011073673609442059,
    "avg_strategy_return": 0.0011073673609442059,
    "cumulative_strategy_return": 1.2900829754999998,
    "final_equity": 2.4814352867627774,
    "sampled_buy_hold_equity": 2.4814352867627774
  },
  "arima": {
    "threshold": 0.0,
    "holding_period": 1,
    "trade_count": 1326,
    "coverage": 0.6207865168539326,
    "directional_accuracy": 0.5399698340874811,
    "avg_actual_return": 0.0010116130398944195,
    "avg_strategy_return": 0.0010116130398944195,
    "cumulative_strategy_return": 1.3413988909000003,
    "final_equity": 2.3067029838191107,
    "sampled_buy_hold_equity": 2.3067029838191107
  }
}