{
  "lstm": {
    "train": {
      "base_loss": 0.04812839625,
      "abs_loss": 0.048173816875000004,
      "rel_score": -0.0009437385938246834,
      "directional_accuracy": 0.494949494949495,
      "error_len": 1386,
      "base_len": 1386
    },
    "val": {
      "base_loss": 0.037043309700000006,
      "abs_loss": 0.035507503365000005,
      "rel_score": 0.04145974934307772,
      "directional_accuracy": 0.5241935483870968,
      "error_len": 248,
      "base_len": 248
    },
    "test": {
      "base_loss": 0.08718877125000007,
      "abs_loss": 0.08855748879500008,
      "rel_score": -0.01569832359576928,
      "directional_accuracy": 0.5132450331125827,
      "error_len": 302,
      "base_len": 302
    }
  },
  "linear_regression": {
    "train": {
      "base_loss": 0.04812839625,
      "abs_loss": 0.048092009,
      "rel_score": 0.0007560453460985217,
      "directional_accuracy": 0.5057720057720058,
      "error_len": 1386,
      "base_len": 1386
    },
    "val": {
      "base_loss": 0.037043309700000006,
      "abs_loss": 0.03830725453,
      "rel_score": -0.03412073165805696,
      "directional_accuracy": 0.49193548387096775,
      "error_len": 248,
      "base_len": 248
    },
    "test": {
      "base_loss": 0.08718877125000007,
      "abs_loss": 0.08768272125000001,
      "rel_score": -0.005665293740447552,
      "directional_accuracy": 0.49337748344370863,
      "error_len": 302,
      "base_len": 302
    }
  },
  "arima": {
    "train": {
      "base_loss": 0.04812839625,
      "abs_loss": 0.04797642555,
      "rel_score": 0.0031576098902318384,
      "directional_accuracy": 0.494949494949495,
      "error_len": 1386,
      "base_len": 1386
    },
    "val": {
      "base_loss": 0.037043309700000006,
      "abs_loss": 0.036576465436,
      "rel_score": 0.012602660717435876,
      "directional_accuracy": 0.4637096774193548,
      "error_len": 248,
      "base_len": 248
    },
    "test": {
      "base_loss": 0.08718877125000007,
      "abs_loss": 0.08757783610500003,
      "rel_score": -0.004462327538535593,
      "directional_accuracy": 0.4337748344370861,
      "error_len": 302,
      "base_len": 302
    }
  }
}