{
  "lstm": {
    "train": {
      "mse": 0.0013805385679006577,
      "mae": 0.026176342740654945,
      "directional_accuracy": 0.494949494949495,
      "base_loss": 0.04812839625,
      "abs_loss": 0.048173816875000004,
      "rel_score": -0.0009437385938246834
    },
    "val": {
      "mse": 0.0007517823833040893,
      "mae": 0.01969204656779766,
      "directional_accuracy": 0.5241935483870968,
      "base_loss": 0.037043309700000006,
      "abs_loss": 0.035507503365000005,
      "rel_score": 0.04145974934307772
    },
    "test": {
      "mse": 0.003933710511773825,
      "mae": 0.04606565088033676,
      "directional_accuracy": 0.5132450331125827,
      "base_loss": 0.08718877125000007,
      "abs_loss": 0.08855748879500008,
      "rel_score": -0.01569832359576928
    }
  },
  "linear_regression": {
    "train": {
      "mse": 0.0013421319890767336,
      "mae": 0.026065047830343246,
      "directional_accuracy": 0.5057720057720058,
      "base_loss": 0.04812839625,
      "abs_loss": 0.048092009,
      "rel_score": 0.0007560453460985217
    },
    "val": {
      "mse": 0.0007688760524615645,
      "mae": 0.01997876726090908,
      "directional_accuracy": 0.49193548387096775,
      "base_loss": 0.037043309700000006,
      "abs_loss": 0.03830725453,
      "rel_score": -0.03412073165805696
    },
    "test": {
      "mse": 0.003918496426194906,
      "mae": 0.046063750982284546,
      "directional_accuracy": 0.49337748344370863,
      "base_loss": 0.08718877125000007,
      "abs_loss": 0.08768272125000001,
      "rel_score": -0.005665293740447552
    }
  },
  "arima": {
    "train": {
      "mse": 0.0013676781672984362,
      "mae": 0.025954458862543106,
      "directional_accuracy": 0.494949494949495,
      "base_loss": 0.04812839625,
      "abs_loss": 0.04797642555,
      "rel_score": 0.0031576098902318384
    },
    "val": {
      "mse": 0.0007735170074738562,
      "mae": 0.019969956949353218,
      "directional_accuracy": 0.4637096774193548,
      "base_loss": 0.037043309700000006,
      "abs_loss": 0.036576465436,
      "rel_score": 0.012602660717435876
    },
    "test": {
      "mse": 0.0039296261966228485,
      "mae": 0.04597491770982742,
      "directional_accuracy": 0.4337748344370861,
      "base_loss": 0.08718877125000007,
      "abs_loss": 0.08757783610500003,
      "rel_score": -0.004462327538535593
    }
  }
}