{
  "arima": {
    "threshold": 0.0,
    "holding_period": 3,
    "trade_count": 69,
    "coverage": 0.22697368421052633,
    "directional_accuracy": 0.6521739130434783,
    "avg_actual_return": 0.015103195205797103,
    "avg_strategy_return": 0.015103195205797103,
    "cumulative_strategy_return": 1.0421204692000001,
    "final_equity": 2.520371964916697,
    "sampled_buy_hold_equity": 2.520371964916697
  },
  "lstm": {
    "threshold": 0.0,
    "holding_period": 3,
    "trade_count": 48,
    "coverage": 0.15789473684210525,
    "directional_accuracy": 0.5833333333333334,
    "avg_actual_return": 0.01504605765,
    "avg_strategy_return": 0.01504605765,
    "cumulative_strategy_return": 0.7222107672,
    "final_equity": 1.8116938830934317,
    "sampled_buy_hold_equity": 1.8116938830934317
  },
  "linear_regression": {
    "threshold": 0.0,
    "holding_period": 3,
    "trade_count": 68,
    "coverage": 0.2236842105263158,
    "directional_accuracy": 0.5735294117647058,
    "avg_actual_return": 0.008028844436764705,
    "avg_strategy_return": 0.008028844436764705,
    "cumulative_strategy_return": 0.5459614217,
    "final_equity": 1.5296017226710974,
    "sampled_buy_hold_equity": 1.5296017226710974
  }
}