{
  "lstm_ensemble": {
    "threshold": 0.0,
    "holding_period": 1,
    "uncertainty_model": null,
    "uncertainty_quantile": null,
    "max_uncertainty": null,
    "uncertainty_side": null,
    "trade_count": 430,
    "coverage": 0.3533278553820871,
    "directional_accuracy": 0.5906976744186047,
    "avg_actual_return": 0.0016682010911627907,
    "avg_strategy_return": 0.0016682010911627907,
    "cumulative_strategy_return": 0.7173264692,
    "final_equity": 1.9208620130282925,
    "sampled_buy_hold_equity": 1.9208620130282925
  },
  "lstm_top2_by_val": {
    "threshold": 0.0,
    "holding_period": 1,
    "uncertainty_model": null,
    "uncertainty_quantile": null,
    "max_uncertainty": null,
    "uncertainty_side": null,
    "trade_count": 612,
    "coverage": 0.5028759244042728,
    "directional_accuracy": 0.5816993464052288,
    "avg_actual_return": 0.001082103065849673,
    "avg_strategy_return": 0.001082103065849673,
    "cumulative_strategy_return": 0.6622470762999999,
    "final_equity": 1.7866534322496987,
    "sampled_buy_hold_equity": 1.7866534322496987
  },
  "lstm_best_by_val": {
    "threshold": 0.0,
    "holding_period": 1,
    "uncertainty_model": null,
    "uncertainty_quantile": null,
    "max_uncertainty": null,
    "uncertainty_side": null,
    "trade_count": 434,
    "coverage": 0.35661462612982747,
    "directional_accuracy": 0.5529953917050692,
    "avg_actual_return": 0.0008879221209677419,
    "avg_strategy_return": 0.0008879221209677419,
    "cumulative_strategy_return": 0.38535820049999997,
    "final_equity": 1.376158691424312,
    "sampled_buy_hold_equity": 1.376158691424312
  }
}