{
  "lstm": {
    "train": {
      "mse": 0.002028251998126507,
      "mae": 0.03125743195414543,
      "directional_accuracy": 0.4851125137211855,
      "base_loss": 0.057861991,
      "abs_loss": 0.057739564327999995,
      "rel_score": 0.0021158392562053985
    },
    "val": {
      "mse": 0.001130781602114439,
      "mae": 0.024204617366194725,
      "directional_accuracy": 0.521505376344086,
      "base_loss": 0.045005714599999996,
      "abs_loss": 0.044653139669999994,
      "rel_score": 0.007834003595623473
    },
    "test": {
      "mse": 0.002387183252722025,
      "mae": 0.035789988934993744,
      "directional_accuracy": 0.47516556291390727,
      "base_loss": 0.06535298970000002,
      "abs_loss": 0.065319631805,
      "rel_score": 0.0005104264572002304
    }
  },
  "linear_regression": {
    "train": {
      "mse": 0.001974791521206498,
      "mae": 0.03135014697909355,
      "directional_accuracy": 0.48113336992316136,
      "base_loss": 0.057861991,
      "abs_loss": 0.058314579615,
      "rel_score": -0.007821863838041843
    },
    "val": {
      "mse": 0.001183998421765864,
      "mae": 0.025006460025906563,
      "directional_accuracy": 0.4435483870967742,
      "base_loss": 0.045005714599999996,
      "abs_loss": 0.046267160644999986,
      "rel_score": -0.028028574953456786
    },
    "test": {
      "mse": 0.002545850118622184,
      "mae": 0.03710898756980896,
      "directional_accuracy": 0.46688741721854304,
      "base_loss": 0.06535298970000002,
      "abs_loss": 0.067709872,
      "rel_score": -0.03606387880369599
    }
  },
  "arima": {
    "train": {
      "mse": 0.002023514360189438,
      "mae": 0.03143841400742531,
      "directional_accuracy": 0.47756586169045007,
      "base_loss": 0.057861991,
      "abs_loss": 0.058028624475,
      "rel_score": -0.002879843436427887
    },
    "val": {
      "mse": 0.0011458136141300201,
      "mae": 0.02466266043484211,
      "directional_accuracy": 0.4475806451612903,
      "base_loss": 0.045005714599999996,
      "abs_loss": 0.04518014931999999,
      "rel_score": -0.0038758349145286974
    },
    "test": {
      "mse": 0.002407038351520896,
      "mae": 0.0360519140958786,
      "directional_accuracy": 0.45253863134657835,
      "base_loss": 0.06535298970000002,
      "abs_loss": 0.066312208945,
      "rel_score": -0.01467751130289896
    }
  }
}