{
  "num_days": 305,
  "avg_daily_return": -0.0016991306329146028,
  "vol_daily_return": 0.02035171166062355,
  "sharpe_annualized": -1.3253362735003997,
  "final_equity": 0.5585463643074036,
  "max_drawdown": -0.5639342069625854
}