accuracy,loss,val_accuracy,val_loss
0.5665342807769775,0.6825428605079651,0.4997383654117584,0.6937042474746704
