{
  "lstm": {
    "train": {
      "base_loss": 0.03311929805204272,
      "abs_loss": 0.033198622026247904,
      "rel_score": -0.002395098292256481,
      "directional_accuracy": 0.4508455932902516,
      "error_len": 14546,
      "base_len": 14546
    },
    "val": {
      "base_loss": 0.024650741927325717,
      "abs_loss": 0.025085042684804645,
      "rel_score": -0.017618161707234403,
      "directional_accuracy": 0.45161290322580644,
      "error_len": 1488,
      "base_len": 1488
    },
    "test": {
      "base_loss": 0.04031104613095522,
      "abs_loss": 0.04030267786874902,
      "rel_score": 0.00020759228572286847,
      "directional_accuracy": 0.4731359649122807,
      "error_len": 1824,
      "base_len": 1824
    }
  },
  "linear_regression": {
    "train": {
      "base_loss": 0.03311929805204272,
      "abs_loss": 0.03392052699928172,
      "rel_score": -0.024192207998489756,
      "directional_accuracy": 0.43633988725422795,
      "error_len": 14546,
      "base_len": 14546
    },
    "val": {
      "base_loss": 0.024650741927325717,
      "abs_loss": 0.026015207928139713,
      "rel_score": -0.055351924288390864,
      "directional_accuracy": 0.43481182795698925,
      "error_len": 1488,
      "base_len": 1488
    },
    "test": {
      "base_loss": 0.04031104613095522,
      "abs_loss": 0.04192594217602165,
      "rel_score": -0.04006088157127574,
      "directional_accuracy": 0.45668859649122806,
      "error_len": 1824,
      "base_len": 1824
    }
  },
  "arima": {
    "train": {
      "base_loss": 0.03311929805204272,
      "abs_loss": 0.033517336360546324,
      "rel_score": -0.012018319587514759,
      "directional_accuracy": 0.4269214904441083,
      "error_len": 14546,
      "base_len": 14546
    },
    "val": {
      "base_loss": 0.024650741927325717,
      "abs_loss": 0.02516652471385896,
      "rel_score": -0.020923621205960252,
      "directional_accuracy": 0.4307795698924731,
      "error_len": 1488,
      "base_len": 1488
    },
    "test": {
      "base_loss": 0.04031104613095522,
      "abs_loss": 0.04043275214280584,
      "rel_score": -0.003019172746230314,
      "directional_accuracy": 0.44353070175438597,
      "error_len": 1824,
      "base_len": 1824
    }
  },
  "lstm_seed_42": {
    "train": {
      "base_loss": 0.03311929805204272,
      "abs_loss": 0.033198622026247904,
      "rel_score": -0.002395098292256481,
      "directional_accuracy": 0.4508455932902516,
      "error_len": 14546,
      "base_len": 14546
    },
    "val": {
      "base_loss": 0.024650741927325717,
      "abs_loss": 0.025085042684804645,
      "rel_score": -0.017618161707234403,
      "directional_accuracy": 0.45161290322580644,
      "error_len": 1488,
      "base_len": 1488
    },
    "test": {
      "base_loss": 0.04031104613095522,
      "abs_loss": 0.04030267786874902,
      "rel_score": 0.00020759228572286847,
      "directional_accuracy": 0.4731359649122807,
      "error_len": 1824,
      "base_len": 1824
    }
  },
  "lstm_best_by_val": {
    "train": {
      "base_loss": 0.03311929805204272,
      "abs_loss": 0.033198622026247904,
      "rel_score": -0.002395098292256481,
      "directional_accuracy": 0.4508455932902516,
      "error_len": 14546,
      "base_len": 14546
    },
    "val": {
      "base_loss": 0.024650741927325717,
      "abs_loss": 0.025085042684804645,
      "rel_score": -0.017618161707234403,
      "directional_accuracy": 0.45161290322580644,
      "error_len": 1488,
      "base_len": 1488
    },
    "test": {
      "base_loss": 0.04031104613095522,
      "abs_loss": 0.04030267786874902,
      "rel_score": 0.00020759228572286847,
      "directional_accuracy": 0.4731359649122807,
      "error_len": 1824,
      "base_len": 1824
    }
  }
}