{
  "lstm": {
    "train": {
      "mse": 0.0006137966411188245,
      "mae": 0.017139406874775887,
      "directional_accuracy": 0.4508455932902516,
      "base_loss": 0.03311929805204272,
      "abs_loss": 0.033198622026247904,
      "rel_score": -0.002395098292256481
    },
    "val": {
      "mse": 0.0003880072326865047,
      "mae": 0.01371289324015379,
      "directional_accuracy": 0.45161290322580644,
      "base_loss": 0.024650741927325717,
      "abs_loss": 0.025085042684804645,
      "rel_score": -0.017618161707234403
    },
    "test": {
      "mse": 0.000768384663388133,
      "mae": 0.020154045894742012,
      "directional_accuracy": 0.4731359649122807,
      "base_loss": 0.04031104613095522,
      "abs_loss": 0.04030267786874902,
      "rel_score": 0.00020759228572286847
    }
  },
  "linear_regression": {
    "train": {
      "mse": 0.0005970768979750574,
      "mae": 0.01722855120897293,
      "directional_accuracy": 0.43633988725422795,
      "base_loss": 0.03311929805204272,
      "abs_loss": 0.03392052699928172,
      "rel_score": -0.024192207998489756
    },
    "val": {
      "mse": 0.00039939951966516674,
      "mae": 0.014194282703101635,
      "directional_accuracy": 0.43481182795698925,
      "base_loss": 0.024650741927325717,
      "abs_loss": 0.026015207928139713,
      "rel_score": -0.055351924288390864
    },
    "test": {
      "mse": 0.0008231402607634664,
      "mae": 0.02112150564789772,
      "directional_accuracy": 0.45668859649122806,
      "base_loss": 0.04031104613095522,
      "abs_loss": 0.04192594217602165,
      "rel_score": -0.04006088157127574
    }
  },
  "arima": {
    "train": {
      "mse": 0.0006170452106744051,
      "mae": 0.01728992536664009,
      "directional_accuracy": 0.4269214904441083,
      "base_loss": 0.03311929805204272,
      "abs_loss": 0.033517336360546324,
      "rel_score": -0.012018319587514759
    },
    "val": {
      "mse": 0.00038892109296284616,
      "mae": 0.013875206001102924,
      "directional_accuracy": 0.4307795698924731,
      "base_loss": 0.024650741927325717,
      "abs_loss": 0.02516652471385896,
      "rel_score": -0.020923621205960252
    },
    "test": {
      "mse": 0.0007617163355462253,
      "mae": 0.02011711522936821,
      "directional_accuracy": 0.44353070175438597,
      "base_loss": 0.04031104613095522,
      "abs_loss": 0.04043275214280584,
      "rel_score": -0.003019172746230314
    }
  },
  "lstm_seed_42": {
    "train": {
      "mse": 0.0006137966411188245,
      "mae": 0.017139406874775887,
      "directional_accuracy": 0.4508455932902516,
      "base_loss": 0.03311929805204272,
      "abs_loss": 0.033198622026247904,
      "rel_score": -0.002395098292256481
    },
    "val": {
      "mse": 0.0003880072326865047,
      "mae": 0.01371289324015379,
      "directional_accuracy": 0.45161290322580644,
      "base_loss": 0.024650741927325717,
      "abs_loss": 0.025085042684804645,
      "rel_score": -0.017618161707234403
    },
    "test": {
      "mse": 0.000768384663388133,
      "mae": 0.020154045894742012,
      "directional_accuracy": 0.4731359649122807,
      "base_loss": 0.04031104613095522,
      "abs_loss": 0.04030267786874902,
      "rel_score": 0.00020759228572286847
    }
  },
  "lstm_best_by_val": {
    "train": {
      "mse": 0.0006137966411188245,
      "mae": 0.017139406874775887,
      "directional_accuracy": 0.4508455932902516,
      "base_loss": 0.03311929805204272,
      "abs_loss": 0.033198622026247904,
      "rel_score": -0.002395098292256481
    },
    "val": {
      "mse": 0.0003880072326865047,
      "mae": 0.01371289324015379,
      "directional_accuracy": 0.45161290322580644,
      "base_loss": 0.024650741927325717,
      "abs_loss": 0.025085042684804645,
      "rel_score": -0.017618161707234403
    },
    "test": {
      "mse": 0.000768384663388133,
      "mae": 0.020154045894742012,
      "directional_accuracy": 0.4731359649122807,
      "base_loss": 0.04031104613095522,
      "abs_loss": 0.04030267786874902,
      "rel_score": 0.00020759228572286847
    }
  }
}