{
  "arima": {
    "threshold": 0.0,
    "holding_period": 1,
    "trade_count": 1584,
    "coverage": 0.6006825938566553,
    "directional_accuracy": 0.5940656565656566,
    "avg_actual_return": 0.003616809917361111,
    "avg_strategy_return": 0.003616809917361111,
    "cumulative_strategy_return": 5.7290269091,
    "final_equity": 220.35723379488218,
    "sampled_buy_hold_equity": 220.35723379488218
  },
  "lstm_signmag_seed_62": {
    "threshold": 0.0,
    "holding_period": 1,
    "trade_count": 2386,
    "coverage": 0.9048160788775124,
    "directional_accuracy": 0.5641240569991618,
    "avg_actual_return": 0.001478147745515507,
    "avg_strategy_return": 0.001478147745515507,
    "cumulative_strategy_return": 3.5268605207999997,
    "final_equity": 20.643145656992065,
    "sampled_buy_hold_equity": 20.643145656992065
  },
  "lstm_top2_by_val": {
    "threshold": 0.0,
    "holding_period": 1,
    "trade_count": 1792,
    "coverage": 0.6795601061812666,
    "directional_accuracy": 0.5736607142857143,
    "avg_actual_return": 0.0017121653683035715,
    "avg_strategy_return": 0.0017121653683035715,
    "cumulative_strategy_return": 3.06820034,
    "final_equity": 14.508880099165589,
    "sampled_buy_hold_equity": 14.508880099165589
  },
  "linear_regression": {
    "threshold": 0.0,
    "holding_period": 1,
    "trade_count": 1603,
    "coverage": 0.6078877512324611,
    "directional_accuracy": 0.5601996257018091,
    "avg_actual_return": 0.0017644203973175296,
    "avg_strategy_return": 0.0017644203973175296,
    "cumulative_strategy_return": 2.8283658969,
    "final_equity": 11.959475175187322,
    "sampled_buy_hold_equity": 11.959475175187322
  },
  "lstm_best_by_val": {
    "threshold": 0.0,
    "holding_period": 1,
    "trade_count": 1623,
    "coverage": 0.6154721274175199,
    "directional_accuracy": 0.574245224892175,
    "avg_actual_return": 0.0017274301576709796,
    "avg_strategy_return": 0.0017274301576709796,
    "cumulative_strategy_return": 2.8036191459,
    "final_equity": 11.52148934744826,
    "sampled_buy_hold_equity": 11.52148934744826
  },
  "lstm_seed_62": {
    "threshold": 0.0,
    "holding_period": 1,
    "trade_count": 1623,
    "coverage": 0.6154721274175199,
    "directional_accuracy": 0.574245224892175,
    "avg_actual_return": 0.0017274301576709796,
    "avg_strategy_return": 0.0017274301576709796,
    "cumulative_strategy_return": 2.8036191459,
    "final_equity": 11.52148934744826,
    "sampled_buy_hold_equity": 11.52148934744826
  },
  "lstm_signmag": {
    "threshold": 0.0,
    "holding_period": 1,
    "trade_count": 2386,
    "coverage": 0.9048160788775124,
    "directional_accuracy": 0.5603520536462699,
    "avg_actual_return": 0.0012371603113579214,
    "avg_strategy_return": 0.0012371603113579214,
    "cumulative_strategy_return": 2.9518645029000004,
    "final_equity": 11.455646530704238,
    "sampled_buy_hold_equity": 11.455646530704238
  },
  "lstm_signmag_best_by_val": {
    "threshold": 0.0,
    "holding_period": 1,
    "trade_count": 2386,
    "coverage": 0.9048160788775124,
    "directional_accuracy": 0.5603520536462699,
    "avg_actual_return": 0.0012371603113579214,
    "avg_strategy_return": 0.0012371603113579214,
    "cumulative_strategy_return": 2.9518645029000004,
    "final_equity": 11.455646530704238,
    "sampled_buy_hold_equity": 11.455646530704238
  },
  "lstm_signmag_seed_42": {
    "threshold": 0.0,
    "holding_period": 1,
    "trade_count": 2386,
    "coverage": 0.9048160788775124,
    "directional_accuracy": 0.5603520536462699,
    "avg_actual_return": 0.0012371603113579214,
    "avg_strategy_return": 0.0012371603113579214,
    "cumulative_strategy_return": 2.9518645029000004,
    "final_equity": 11.455646530704238,
    "sampled_buy_hold_equity": 11.455646530704238
  },
  "lstm_ensemble": {
    "threshold": 0.0,
    "holding_period": 1,
    "trade_count": 1819,
    "coverage": 0.6897990140310959,
    "directional_accuracy": 0.5717427157778999,
    "avg_actual_return": 0.0015403934804837825,
    "avg_strategy_return": 0.0015403934804837825,
    "cumulative_strategy_return": 2.801975741,
    "final_equity": 10.900482262330005,
    "sampled_buy_hold_equity": 10.900482262330005
  },
  "lstm_seed_52": {
    "threshold": 0.0,
    "holding_period": 1,
    "trade_count": 1963,
    "coverage": 0.7444065225635191,
    "directional_accuracy": 0.5608762098828324,
    "avg_actual_return": 0.0013200590375445746,
    "avg_strategy_return": 0.0013200590375445746,
    "cumulative_strategy_return": 2.5912758907,
    "final_equity": 8.730300745983994,
    "sampled_buy_hold_equity": 8.730300745983994
  },
  "lstm_signmag_ensemble": {
    "threshold": 0.0,
    "holding_period": 1,
    "trade_count": 2460,
    "coverage": 0.9328782707622298,
    "directional_accuracy": 0.5573170731707318,
    "avg_actual_return": 0.0010833360894308942,
    "avg_strategy_return": 0.0010833360894308942,
    "cumulative_strategy_return": 2.6650067799999997,
    "final_equity": 8.461554496804768,
    "sampled_buy_hold_equity": 8.461554496804768
  },
  "lstm_signmag_top2_by_val": {
    "threshold": 0.0,
    "holding_period": 1,
    "trade_count": 2485,
    "coverage": 0.9423587409935533,
    "directional_accuracy": 0.5565392354124749,
    "avg_actual_return": 0.0010367224635010064,
    "avg_strategy_return": 0.0010367224635010064,
    "cumulative_strategy_return": 2.5762553218000006,
    "final_equity": 7.70018390728459,
    "sampled_buy_hold_equity": 7.70018390728459
  },
  "lstm_signmag_seed_52": {
    "threshold": 0.0,
    "holding_period": 1,
    "trade_count": 2529,
    "coverage": 0.9590443686006825,
    "directional_accuracy": 0.5547647291419533,
    "avg_actual_return": 0.0010203248838671411,
    "avg_strategy_return": 0.0010203248838671411,
    "cumulative_strategy_return": 2.5804016313,
    "final_equity": 7.565221924863611,
    "sampled_buy_hold_equity": 7.565221924863611
  },
  "lstm": {
    "threshold": 0.0,
    "holding_period": 1,
    "trade_count": 1817,
    "coverage": 0.6890405764125901,
    "directional_accuracy": 0.5613648871766649,
    "avg_actual_return": 0.0011204295336818934,
    "avg_strategy_return": 0.0011204295336818934,
    "cumulative_strategy_return": 2.0358204627000003,
    "final_equity": 5.031648623530136,
    "sampled_buy_hold_equity": 5.031648623530136
  },
  "lstm_seed_42": {
    "threshold": 0.0,
    "holding_period": 1,
    "trade_count": 1817,
    "coverage": 0.6890405764125901,
    "directional_accuracy": 0.5613648871766649,
    "avg_actual_return": 0.0011204295336818934,
    "avg_strategy_return": 0.0011204295336818934,
    "cumulative_strategy_return": 2.0358204627000003,
    "final_equity": 5.031648623530136,
    "sampled_buy_hold_equity": 5.031648623530136
  }
}