{
  "lstm": {
    "train": {
      "mse": 0.000409722764743492,
      "mae": 0.013977795839309692,
      "directional_accuracy": 0.4621571623904126,
      "base_loss": 0.025785316713154316,
      "abs_loss": 0.025721282139420522,
      "rel_score": 0.002483373558918811
    },
    "val": {
      "mse": 0.00021563192422036082,
      "mae": 0.010289818979799747,
      "directional_accuracy": 0.4549731182795699,
      "base_loss": 0.017950457287952304,
      "abs_loss": 0.017890432257263455,
      "rel_score": 0.003343927663009172
    },
    "test": {
      "mse": 0.0004293382226023823,
      "mae": 0.014006474986672401,
      "directional_accuracy": 0.46563573883161513,
      "base_loss": 0.025356141850352287,
      "abs_loss": 0.025627725755839492,
      "rel_score": -0.010710774024299319
    }
  },
  "linear_regression": {
    "train": {
      "mse": 0.0003850185894407332,
      "mae": 0.013960582204163074,
      "directional_accuracy": 0.43617791361698705,
      "base_loss": 0.025785316713154316,
      "abs_loss": 0.027244327473454177,
      "rel_score": -0.05658300716374565
    },
    "val": {
      "mse": 0.00023753338609822094,
      "mae": 0.01133936271071434,
      "directional_accuracy": 0.42943548387096775,
      "base_loss": 0.017950457287952304,
      "abs_loss": 0.02113246037624776,
      "rel_score": -0.177265851072836
    },
    "test": {
      "mse": 0.00044266844633966684,
      "mae": 0.014938374049961567,
      "directional_accuracy": 0.4627720504009164,
      "base_loss": 0.025356141850352287,
      "abs_loss": 0.026737411506474018,
      "rel_score": -0.054474756620062736
    }
  },
  "arima": {
    "train": {
      "mse": 0.000409372994909063,
      "mae": 0.014025386422872543,
      "directional_accuracy": 0.45733129574519427,
      "base_loss": 0.025785316713154316,
      "abs_loss": 0.026034252322278933,
      "rel_score": -0.009654161393240601
    },
    "val": {
      "mse": 0.00021130744426045567,
      "mae": 0.010211910121142864,
      "directional_accuracy": 0.4637096774193548,
      "base_loss": 0.017950457287952304,
      "abs_loss": 0.018140022432635305,
      "rel_score": -0.010560463259631225
    },
    "test": {
      "mse": 0.00042045977897942066,
      "mae": 0.013872688636183739,
      "directional_accuracy": 0.4404352806414662,
      "base_loss": 0.025356141850352287,
      "abs_loss": 0.02527968491995125,
      "rel_score": 0.003015321922880565
    }
  },
  "lstm_ensemble": {
    "train": {
      "mse": 0.0004096784978173673,
      "mae": 0.013904312625527382,
      "directional_accuracy": 0.4666613045926164,
      "base_loss": 0.025785316713154316,
      "abs_loss": 0.025568099319934846,
      "rel_score": 0.008424073112456965
    },
    "val": {
      "mse": 0.00021349529561121017,
      "mae": 0.010197498835623264,
      "directional_accuracy": 0.47110215053763443,
      "base_loss": 0.017950457287952304,
      "abs_loss": 0.01784051457070745,
      "rel_score": 0.006124786431967122
    },
    "test": {
      "mse": 0.000426455691922456,
      "mae": 0.01398473046720028,
      "directional_accuracy": 0.45761741122565863,
      "base_loss": 0.025356141850352287,
      "abs_loss": 0.025369193572259974,
      "rel_score": -0.0005147361134321127
    }
  },
  "lstm_seed_42": {
    "train": {
      "mse": 0.000409722764743492,
      "mae": 0.013977795839309692,
      "directional_accuracy": 0.4621571623904126,
      "base_loss": 0.025785316713154316,
      "abs_loss": 0.025721282139420522,
      "rel_score": 0.002483373558918811
    },
    "val": {
      "mse": 0.00021563192422036082,
      "mae": 0.010289818979799747,
      "directional_accuracy": 0.4549731182795699,
      "base_loss": 0.017950457287952304,
      "abs_loss": 0.017890432257263455,
      "rel_score": 0.003343927663009172
    },
    "test": {
      "mse": 0.0004293382226023823,
      "mae": 0.014006474986672401,
      "directional_accuracy": 0.46563573883161513,
      "base_loss": 0.025356141850352287,
      "abs_loss": 0.025627725755839492,
      "rel_score": -0.010710774024299319
    }
  },
  "lstm_seed_52": {
    "train": {
      "mse": 0.00041295343544334173,
      "mae": 0.013927207328379154,
      "directional_accuracy": 0.4750261401109949,
      "base_loss": 0.025785316713154316,
      "abs_loss": 0.025468684523366397,
      "rel_score": 0.012279554031088935
    },
    "val": {
      "mse": 0.00021550353267230093,
      "mae": 0.010231638327240944,
      "directional_accuracy": 0.46908602150537637,
      "base_loss": 0.017950457287952304,
      "abs_loss": 0.018008644862857182,
      "rel_score": -0.003241565046029793
    },
    "test": {
      "mse": 0.00042742062942124903,
      "mae": 0.014035779982805252,
      "directional_accuracy": 0.45647193585337914,
      "base_loss": 0.025356141850352287,
      "abs_loss": 0.02585228273528628,
      "rel_score": -0.019566891834811972
    }
  },
  "lstm_seed_62": {
    "train": {
      "mse": 0.00041672104271128774,
      "mae": 0.014044753275811672,
      "directional_accuracy": 0.45387275798278776,
      "base_loss": 0.025785316713154316,
      "abs_loss": 0.025672344630584123,
      "rel_score": 0.004381256349376583
    },
    "val": {
      "mse": 0.0002129317872459069,
      "mae": 0.010224898345768452,
      "directional_accuracy": 0.4603494623655914,
      "base_loss": 0.017950457287952304,
      "abs_loss": 0.01783864380267914,
      "rel_score": 0.006229004837008167
    },
    "test": {
      "mse": 0.00043052734690718353,
      "mae": 0.014120866544544697,
      "directional_accuracy": 0.4547537227949599,
      "base_loss": 0.025356141850352287,
      "abs_loss": 0.02553226173040457,
      "rel_score": -0.006945846930961119
    }
  },
  "lstm_seed_99": {
    "train": {
      "mse": 0.0004102215461898595,
      "mae": 0.013949377462267876,
      "directional_accuracy": 0.4604681090645862,
      "base_loss": 0.025785316713154316,
      "abs_loss": 0.025589373050024733,
      "rel_score": 0.007599040388347134
    },
    "val": {
      "mse": 0.00021363762789405882,
      "mae": 0.010213985107839108,
      "directional_accuracy": 0.47513440860215056,
      "base_loss": 0.017950457287952304,
      "abs_loss": 0.01784888570473413,
      "rel_score": 0.005658439870851906
    },
    "test": {
      "mse": 0.0004278509004507214,
      "mae": 0.013994184322655201,
      "directional_accuracy": 0.4627720504009164,
      "base_loss": 0.025356141850352287,
      "abs_loss": 0.02498002291395096,
      "rel_score": 0.014833445033598514
    }
  },
  "lstm_best_by_val": {
    "train": {
      "mse": 0.00041672104271128774,
      "mae": 0.014044753275811672,
      "directional_accuracy": 0.45387275798278776,
      "base_loss": 0.025785316713154316,
      "abs_loss": 0.025672344630584123,
      "rel_score": 0.004381256349376583
    },
    "val": {
      "mse": 0.0002129317872459069,
      "mae": 0.010224898345768452,
      "directional_accuracy": 0.4603494623655914,
      "base_loss": 0.017950457287952304,
      "abs_loss": 0.01783864380267914,
      "rel_score": 0.006229004837008167
    },
    "test": {
      "mse": 0.00043052734690718353,
      "mae": 0.014120866544544697,
      "directional_accuracy": 0.4547537227949599,
      "base_loss": 0.025356141850352287,
      "abs_loss": 0.02553226173040457,
      "rel_score": -0.006945846930961119
    }
  },
  "lstm_top2_by_val": {
    "train": {
      "mse": 0.0004122735990677029,
      "mae": 0.013967445120215416,
      "directional_accuracy": 0.4574921579667015,
      "base_loss": 0.025785316713154316,
      "abs_loss": 0.02564800212567207,
      "rel_score": 0.005325301566383112
    },
    "val": {
      "mse": 0.0002129697531927377,
      "mae": 0.010203180834650993,
      "directional_accuracy": 0.4583333333333333,
      "base_loss": 0.017950457287952304,
      "abs_loss": 0.0179146556314663,
      "rel_score": 0.0019944704422673043
    },
    "test": {
      "mse": 0.00042803987162187696,
      "mae": 0.01403183676302433,