loss,val_loss,val_rel_score,learning_rate
0.00756206875666976,0.007243593689054251,-0.012165140295688603,0.00019999999494757503
0.007310186512768269,0.007120134308934212,-0.011057675945738143,0.00019999999494757503
0.007212291471660137,0.007055820897221565,-0.008893893828855637,0.00019999999494757503
