{
  "lstm": {
    "train": {
      "mse": 0.0006182993529364467,
      "mae": 0.017121609300374985,
      "directional_accuracy": 0.45385458030946185,
      "base_loss": 0.03323151217773557,
      "abs_loss": 0.03330644337347621,
      "rel_score": -0.002254823534357575
    },
    "val": {
      "mse": 0.0003813292132690549,
      "mae": 0.013606211170554161,
      "directional_accuracy": 0.48655913978494625,
      "base_loss": 0.024650741927325717,
      "abs_loss": 0.02493929036791087,
      "rel_score": -0.01170546677401596
    },
    "test": {
      "mse": 0.0007666206802241504,
      "mae": 0.020103828981518745,
      "directional_accuracy": 0.4654605263157895,
      "base_loss": 0.04031104613095522,
      "abs_loss": 0.03994670043794031,
      "rel_score": 0.00903835866306446
    }
  },
  "linear_regression": {
    "train": {
      "mse": 0.0006099904421716928,
      "mae": 0.017320819199085236,
      "directional_accuracy": 0.43838148706011226,
      "base_loss": 0.03323151217773557,
      "abs_loss": 0.033837935770861804,
      "rel_score": -0.018248450142227535
    },
    "val": {
      "mse": 0.0003969473182223737,
      "mae": 0.014127034693956375,
      "directional_accuracy": 0.44086021505376344,
      "base_loss": 0.024650741927325717,
      "abs_loss": 0.02570360208628699,
      "rel_score": -0.04271109413523022
    },
    "test": {
      "mse": 0.0007949262508191168,
      "mae": 0.02065814845263958,
      "directional_accuracy": 0.46271929824561403,
      "base_loss": 0.04031104613095522,
      "abs_loss": 0.04079663406591863,
      "rel_score": -0.012046026624710215
    }
  },
  "arima": {
    "train": {
      "mse": 0.0006197785260155797,
      "mae": 0.01733538694679737,
      "directional_accuracy": 0.426400109544023,
      "base_loss": 0.03323151217773557,
      "abs_loss": 0.03369622354512103,
      "rel_score": -0.013984057207508283
    },
    "val": {
      "mse": 0.00038903168751858175,
      "mae": 0.013879637233912945,
      "directional_accuracy": 0.4307795698924731,
      "base_loss": 0.024650741927325717,
      "abs_loss": 0.025185339763993397,
      "rel_score": -0.021686886270756434
    },
    "test": {
      "mse": 0.0007617064984515309,
      "mae": 0.02011840231716633,
      "directional_accuracy": 0.4369517543859649,
      "base_loss": 0.04031104613095522,
      "abs_loss": 0.040448275597009344,
      "rel_score": -0.0034042645682852424
    }
  },
  "lstm_ensemble": {
    "train": {
      "mse": 0.000616008706856519,
      "mae": 0.017101991921663284,
      "directional_accuracy": 0.4552238805970149,
      "base_loss": 0.03323151217773557,
      "abs_loss": 0.03315054646373028,
      "rel_score": 0.0024364137741385017
    },
    "val": {
      "mse": 0.0003821332356892526,
      "mae": 0.013613950461149216,
      "directional_accuracy": 0.48185483870967744,
      "base_loss": 0.024650741927325717,
      "abs_loss": 0.02488505372602958,
      "rel_score": -0.009505263549253407
    },
    "test": {
      "mse": 0.0007689213962294161,
      "mae": 0.020093431696295738,
      "directional_accuracy": 0.4786184210526316,
      "base_loss": 0.04031104613095522,
      "abs_loss": 0.040033689907431835,
      "rel_score": 0.0068804025234761035
    }
  },
  "lstm_seed_42": {
    "train": {
      "mse": 0.0006182993529364467,
      "mae": 0.017121609300374985,
      "directional_accuracy": 0.45385458030946185,
      "base_loss": 0.03323151217773557,
      "abs_loss": 0.03330644337347621,
      "rel_score": -0.002254823534357575
    },
    "val": {
      "mse": 0.0003813292132690549,
      "mae": 0.013606211170554161,
      "directional_accuracy": 0.48655913978494625,
      "base_loss": 0.024650741927325717,
      "abs_loss": 0.02493929036791087,
      "rel_score": -0.01170546677401596
    },
    "test": {
      "mse": 0.0007666206802241504,
      "mae": 0.020103828981518745,
      "directional_accuracy": 0.4654605263157895,
      "base_loss": 0.04031104613095522,
      "abs_loss": 0.03994670043794031,
      "rel_score": 0.00903835866306446
    }
  },
  "lstm_seed_52": {
    "train": {
      "mse": 0.0006155048031359911,
      "mae": 0.01711093634366989,
      "directional_accuracy": 0.4507051896480898,
      "base_loss": 0.03323151217773557,
      "abs_loss": 0.03322470858984161,
      "rel_score": 0.0002047330214035581
    },
    "val": {
      "mse": 0.00038324244087561965,
      "mae": 0.013635572046041489,
      "directional_accuracy": 0.4724462365591398,
      "base_loss": 0.024650741927325717,
      "abs_loss": 0.024869983008829873,
      "rel_score": -0.008893893828855637
    },
    "test": {
      "mse": 0.0007770010852254927,
      "mae": 0.020188039168715477,
      "directional_accuracy": 0.4764254385964912,
      "base_loss": 0.04031104613095522,
      "abs_loss": 0.04009849933208899,
      "rel_score": 0.005272668890203169
    }
  },
  "lstm_best_by_val": {
    "train": {
      "mse": 0.0006155048031359911,
      "mae": 0.01711093634366989,
      "directional_accuracy": 0.4507051896480898,
      "base_loss": 0.03323151217773557,
      "abs_loss": 0.03322470858984161,
      "rel_score": 0.0002047330214035581
    },
    "val": {
      "mse": 0.00038324244087561965,
      "mae": 0.013635572046041489,
      "directional_accuracy": 0.4724462365591398,
      "base_loss": 0.024650741927325717,
      "abs_loss": 0.024869983008829873,
      "rel_score": -0.008893893828855637
    },
    "test": {
      "mse": 0.0007770010852254927,
      "mae": 0.020188039168715477,
      "directional_accuracy": 0.4764254385964912,
      "base_loss": 0.04031104613095522,
      "abs_loss": 0.04009849933208899,
      "rel_score": 0.005272668890203169
    }
  },
  "lstm_top2_by_val": {
    "train": {
      "mse": 0.000616008706856519,
      "mae": 0.017101991921663284,
      "directional_accuracy": 0.4552238805970149,
      "base_loss": 0.03323151217773557,
      "abs_loss": 0.03315054646373028,
      "rel_score": 0.0024364137741385017
    },
    "val": {
      "mse": 0.0003821332356892526,
      "mae": 0.013613950461149216,
      "directional_accuracy": 0.48185483870967744,
      "base_loss": 0.024650741927325717,
      "abs_loss": 0.02488505372602958,
      "rel_score": -0.009505263549253407
    },
    "test": {
      "mse": 0.0007689213962294161,
      "mae": 0.020093431696295738,
      "directional_accuracy": 0.4786184210526316,
      "base_loss": 0.04031104613095522,
      "abs_loss": 0.040033689907431835,
      "rel_score": 0.0068804025234761035
    }
  },
  "lstm_event": {
    "train": {
      "mse": 0.0006247307173907757,
      "mae": 0.017185218632221222,
      "directional_accuracy": 0.44426947829659047,
      "base_loss": 0.03323151217773557,
      "abs_loss": 0.03327443560556276,
      "rel_score": -0.001291648348640262
    },
    "val": {
      "mse": 0.0003805695450864732,
      "mae": 0.013629122637212276,
      "directional_accuracy": 0.42473118279569894,
      "base_loss": 0.024650741927325717,
      "abs_loss": 0.02473970621649641,
      "rel_score": -0.003608990327065076
    },
    "test": {
      "mse": 0.0007667402387596667,
      "mae": 0.020082581788301468,
      "directional_accuracy": 0.48081140350877194,
      "base_loss": 0.04031104613095522,
      "abs_loss": 0.040071615501074125,
      "rel_score": 0.00593957867288486
    }
  },
  "lstm_event_ensemble": {
    "train": {
      "mse": 0.0006236472981981933,
      "mae": 0.017180658876895905,
      "directional_accuracy": 0.43940846227577707,
      "base_loss": 0.03323151217773557,
      "abs_loss": 0.03331346584673156,
      "rel_score": -0.0024661432365060687
    },
    "val": {
      "mse": 0.0003808063920587301,
      "mae": 0.013608529232442379,
      "directional_accuracy": 0.42943548387096775,
      "base_loss": 0.024650741927325717,
      "abs_loss": 0.02476663793058833,
      "rel_score": -0.004701521909737716
    },
    "test": {
      "mse": 0.0007705285679548979,
      "mae": 0.02011585608124733,
      "directional_accuracy": 0.47478070175438597,