{
  "lstm": {
    "train": {
      "mse": 0.000566663802601397,
      "mae": 0.016511861234903336,
      "directional_accuracy": 0.4425007844367744,
      "base_loss": 0.03165129095000002,
      "abs_loss": 0.03161187467700001,
      "rel_score": 0.0012453290787499682
    },
    "val": {
      "mse": 0.000289515737676993,
      "mae": 0.011013359762728214,
      "directional_accuracy": 0.4255892255892256,
      "base_loss": 0.0196183015,
      "abs_loss": 0.01964622649,
      "rel_score": -0.0014234152737433448
    },
    "test": {
      "mse": 0.0005715585430152714,
      "mae": 0.01598457433283329,
      "directional_accuracy": 0.4428822495606327,
      "base_loss": 0.030402044300000004,
      "abs_loss": 0.029938645270000015,
      "rel_score": 0.015242364145886977
    }
  },
  "linear_regression": {
    "train": {
      "mse": 0.0005426654824987054,
      "mae": 0.016498735174536705,
      "directional_accuracy": 0.4408534672105428,
      "base_loss": 0.03165129095000002,
      "abs_loss": 0.03209994095,
      "rel_score": -0.01417477728503136
    },
    "val": {
      "mse": 0.00030347961001098156,
      "mae": 0.011736392974853516,
      "directional_accuracy": 0.41885521885521887,
      "base_loss": 0.0196183015,
      "abs_loss": 0.021668129860000003,
      "rel_score": -0.10448551624104674
    },
    "test": {
      "mse": 0.0005837598582729697,
      "mae": 0.01679888181388378,
      "directional_accuracy": 0.4428822495606327,
      "base_loss": 0.030402044300000004,
      "abs_loss": 0.03156974246000001,
      "rel_score": -0.03840854083618339
    }
  },
  "arima": {
    "train": {
      "mse": 0.0005623465985991061,
      "mae": 0.01651429571211338,
      "directional_accuracy": 0.42947913398180104,
      "base_loss": 0.03165129095000002,
      "abs_loss": 0.031704676785000004,
      "rel_score": -0.0016866874429961598
    },
    "val": {
      "mse": 0.00029251998057588935,
      "mae": 0.011052337475121021,
      "directional_accuracy": 0.4505050505050505,
      "base_loss": 0.0196183015,
      "abs_loss": 0.020062953910000007,
      "rel_score": -0.02266518383357541
    },
    "test": {
      "mse": 0.0005604723119176924,
      "mae": 0.01585065945982933,
      "directional_accuracy": 0.44053895723491504,
      "base_loss": 0.030402044300000004,
      "abs_loss": 0.03019323593800001,
      "rel_score": 0.006868234252260241
    }
  },
  "lstm_ensemble": {
    "train": {
      "mse": 0.0005647734506055713,
      "mae": 0.016399715095758438,
      "directional_accuracy": 0.4566206463759021,
      "base_loss": 0.03165129095000002,
      "abs_loss": 0.031147063056000006,
      "rel_score": 0.015930721271260384
    },
    "val": {
      "mse": 0.000288911018287763,
      "mae": 0.010921349748969078,
      "directional_accuracy": 0.4383838383838384,
      "base_loss": 0.0196183015,
      "abs_loss": 0.019668303414200002,
      "rel_score": -0.0025487381871462933
    },
    "test": {
      "mse": 0.0005693340208381414,
      "mae": 0.01581547223031521,
      "directional_accuracy": 0.45577035735207966,
      "base_loss": 0.030402044300000004,
      "abs_loss": 0.02968560078,
      "rel_score": 0.0235656363411062
    }
  },
  "lstm_seed_42": {
    "train": {
      "mse": 0.000566663802601397,
      "mae": 0.016511861234903336,
      "directional_accuracy": 0.4425007844367744,
      "base_loss": 0.03165129095000002,
      "abs_loss": 0.03161187467700001,
      "rel_score": 0.0012453290787499682
    },
    "val": {
      "mse": 0.000289515737676993,
      "mae": 0.011013359762728214,
      "directional_accuracy": 0.4255892255892256,
      "base_loss": 0.0196183015,
      "abs_loss": 0.01964622649,
      "rel_score": -0.0014234152737433448
    },
    "test": {
      "mse": 0.0005715585430152714,
      "mae": 0.01598457433283329,
      "directional_accuracy": 0.4428822495606327,
      "base_loss": 0.030402044300000004,
      "abs_loss": 0.029938645270000015,
      "rel_score": 0.015242364145886977
    }
  },
  "lstm_seed_52": {
    "train": {
      "mse": 0.0005665545468218625,
      "mae": 0.016415482386946678,
      "directional_accuracy": 0.4612488233448384,
      "base_loss": 0.03165129095000002,
      "abs_loss": 0.03113886166000001,
      "rel_score": 0.016189838538007928
    },
    "val": {
      "mse": 0.0002894432982429862,
      "mae": 0.010884937830269337,
      "directional_accuracy": 0.47205387205387206,
      "base_loss": 0.0196183015,
      "abs_loss": 0.019519140080000004,
      "rel_score": 0.005054536449039526
    },
    "test": {
      "mse": 0.0005740452324971557,
      "mae": 0.015884431079030037,
      "directional_accuracy": 0.4715875805506737,
      "base_loss": 0.030402044300000004,
      "abs_loss": 0.030012135040000013,
      "rel_score": 0.012825100054208893
    }
  },
  "lstm_seed_62": {
    "train": {
      "mse": 0.0005758232437074184,
      "mae": 0.016564318910241127,
      "directional_accuracy": 0.45097270160025105,
      "base_loss": 0.03165129095000002,
      "abs_loss": 0.031516789020000005,
      "rel_score": 0.004249492705131419
    },
    "val": {
      "mse": 0.0002911799238063395,
      "mae": 0.01104720775038004,
      "directional_accuracy": 0.4383838383838384,
      "base_loss": 0.0196183015,
      "abs_loss": 0.019920944430000018,
      "rel_score": -0.015426561264746397
    },
    "test": {
      "mse": 0.0005765549722127616,
      "mae": 0.015979735180735588,
      "directional_accuracy": 0.45166959578207383,
      "base_loss": 0.030402044300000004,
      "abs_loss": 0.02992907571000001,
      "rel_score": 0.015557131136737179
    }
  },
  "lstm_best_by_val": {
    "train": {
      "mse": 0.0005665545468218625,
      "mae": 0.016415482386946678,
      "directional_accuracy": 0.4612488233448384,
      "base_loss": 0.03165129095000002,
      "abs_loss": 0.03113886166000001,
      "rel_score": 0.016189838538007928
    },
    "val": {
      "mse": 0.0002894432982429862,
      "mae": 0.010884937830269337,
      "directional_accuracy": 0.47205387205387206,
      "base_loss": 0.0196183015,
      "abs_loss": 0.019519140080000004,
      "rel_score": 0.005054536449039526
    },
    "test": {
      "mse": 0.0005740452324971557,
      "mae": 0.015884431079030037,
      "directional_accuracy": 0.4715875805506737,
      "base_loss": 0.030402044300000004,
      "abs_loss": 0.030012135040000013,
      "rel_score": 0.012825100054208893
    }
  },
  "lstm_top2_by_val": {
    "train": {
      "mse": 0.0005638019065372646,
      "mae": 0.016398709267377853,
      "directional_accuracy": 0.459366175086288,
      "base_loss": 0.03165129095000002,
      "abs_loss": 0.031232079200000006,
      "rel_score": 0.013244696738033523
    },
    "val": {
      "mse": 0.0002885480353143066,
      "mae": 0.010901028290390968,
      "directional_accuracy": 0.45252525252525255,
      "base_loss": 0.0196183015,
      "abs_loss": 0.019572812034000006,
      "rel_score": 0.0023187260120349773
    },
    "test": {
      "mse": 0.0005688772653229535,
      "mae": 0.015828296542167664,
      "directional_accuracy": 0.45635618043350906,
      "base_loss": 0.030402044300000004,
      "abs_loss": 0.029874697260000006,
      "rel_score": 0.01734577565890849
    }
  },
  "lstm_signmag": {
    "train": {
      "mse": 0.0005651647807098925,
      "mae": 0.016432253643870354,
      "directional_accuracy": 0.4523846877941638,
      "base_loss": 0.03165129095000002,
      "abs_loss": 0.03150270910650001,
      "rel_score": 0.004694337546444216
    },
    "val": {
      "mse": 0.00028805522015318274,
      "mae": 0.010892640799283981,
      "directional_accuracy": 0.4444444444444444,
      "base_loss": 0.0196183015,
      "abs_loss": 0.019688325280000005,
      "rel_score": -0.0035693089944612844
    },
    "test": {
      "mse": 0.0005669393576681614,
      "mae": 0.015823662281036377,
      "directional_accuracy": 0.45459871118922085,
      "base_loss": 0.030402044300000004,
      "abs_loss": 0.030372030494000002,