{
  "lstm": {
    "train": {
      "base_loss": 0.03165129095000002,
      "abs_loss": 0.03161187467700001,
      "rel_score": 0.0012453290787499682,
      "directional_accuracy": 0.4425007844367744,
      "error_len": 12748,
      "base_len": 12748
    },
    "val": {
      "base_loss": 0.0196183015,
      "abs_loss": 0.01964622649,
      "rel_score": -0.0014234152737433448,
      "directional_accuracy": 0.4255892255892256,
      "error_len": 1485,
      "base_len": 1485
    },
    "test": {
      "base_loss": 0.030402044300000004,
      "abs_loss": 0.029938645270000015,
      "rel_score": 0.015242364145886977,
      "directional_accuracy": 0.4428822495606327,
      "error_len": 1707,
      "base_len": 1707
    }
  },
  "linear_regression": {
    "train": {
      "base_loss": 0.03165129095000002,
      "abs_loss": 0.03209994095,
      "rel_score": -0.01417477728503136,
      "directional_accuracy": 0.4408534672105428,
      "error_len": 12748,
      "base_len": 12748
    },
    "val": {
      "base_loss": 0.0196183015,
      "abs_loss": 0.021668129860000003,
      "rel_score": -0.10448551624104674,
      "directional_accuracy": 0.41885521885521887,
      "error_len": 1485,
      "base_len": 1485
    },
    "test": {
      "base_loss": 0.030402044300000004,
      "abs_loss": 0.03156974246000001,
      "rel_score": -0.03840854083618339,
      "directional_accuracy": 0.4428822495606327,
      "error_len": 1707,
      "base_len": 1707
    }
  },
  "arima": {
    "train": {
      "base_loss": 0.03165129095000002,
      "abs_loss": 0.031704676785000004,
      "rel_score": -0.0016866874429961598,
      "directional_accuracy": 0.42947913398180104,
      "error_len": 12748,
      "base_len": 12748
    },
    "val": {
      "base_loss": 0.0196183015,
      "abs_loss": 0.020062953910000007,
      "rel_score": -0.02266518383357541,
      "directional_accuracy": 0.4505050505050505,
      "error_len": 1485,
      "base_len": 1485
    },
    "test": {
      "base_loss": 0.030402044300000004,
      "abs_loss": 0.03019323593800001,
      "rel_score": 0.006868234252260241,
      "directional_accuracy": 0.44053895723491504,
      "error_len": 1707,
      "base_len": 1707
    }
  },
  "lstm_ensemble": {
    "train": {
      "base_loss": 0.03165129095000002,
      "abs_loss": 0.031147063056000006,
      "rel_score": 0.015930721271260384,
      "directional_accuracy": 0.4566206463759021,
      "error_len": 12748,
      "base_len": 12748
    },
    "val": {
      "base_loss": 0.0196183015,
      "abs_loss": 0.019668303414200002,
      "rel_score": -0.0025487381871462933,
      "directional_accuracy": 0.4383838383838384,
      "error_len": 1485,
      "base_len": 1485
    },
    "test": {
      "base_loss": 0.030402044300000004,
      "abs_loss": 0.02968560078,
      "rel_score": 0.0235656363411062,
      "directional_accuracy": 0.45577035735207966,
      "error_len": 1707,
      "base_len": 1707
    }
  },
  "lstm_seed_42": {
    "train": {
      "base_loss": 0.03165129095000002,
      "abs_loss": 0.03161187467700001,
      "rel_score": 0.0012453290787499682,
      "directional_accuracy": 0.4425007844367744,
      "error_len": 12748,
      "base_len": 12748
    },
    "val": {
      "base_loss": 0.0196183015,
      "abs_loss": 0.01964622649,
      "rel_score": -0.0014234152737433448,
      "directional_accuracy": 0.4255892255892256,
      "error_len": 1485,
      "base_len": 1485
    },
    "test": {
      "base_loss": 0.030402044300000004,
      "abs_loss": 0.029938645270000015,
      "rel_score": 0.015242364145886977,
      "directional_accuracy": 0.4428822495606327,
      "error_len": 1707,
      "base_len": 1707
    }
  },
  "lstm_seed_52": {
    "train": {
      "base_loss": 0.03165129095000002,
      "abs_loss": 0.03113886166000001,
      "rel_score": 0.016189838538007928,
      "directional_accuracy": 0.4612488233448384,
      "error_len": 12748,
      "base_len": 12748
    },
    "val": {
      "base_loss": 0.0196183015,
      "abs_loss": 0.019519140080000004,
      "rel_score": 0.005054536449039526,
      "directional_accuracy": 0.47205387205387206,
      "error_len": 1485,
      "base_len": 1485
    },
    "test": {
      "base_loss": 0.030402044300000004,
      "abs_loss": 0.030012135040000013,
      "rel_score": 0.012825100054208893,
      "directional_accuracy": 0.4715875805506737,
      "error_len": 1707,
      "base_len": 1707
    }
  },
  "lstm_seed_62": {
    "train": {
      "base_loss": 0.03165129095000002,
      "abs_loss": 0.031516789020000005,
      "rel_score": 0.004249492705131419,
      "directional_accuracy": 0.45097270160025105,
      "error_len": 12748,
      "base_len": 12748
    },
    "val": {
      "base_loss": 0.0196183015,
      "abs_loss": 0.019920944430000018,
      "rel_score": -0.015426561264746397,
      "directional_accuracy": 0.4383838383838384,
      "error_len": 1485,
      "base_len": 1485
    },
    "test": {
      "base_loss": 0.030402044300000004,
      "abs_loss": 0.02992907571000001,
      "rel_score": 0.015557131136737179,
      "directional_accuracy": 0.45166959578207383,
      "error_len": 1707,
      "base_len": 1707
    }
  },
  "lstm_best_by_val": {
    "train": {
      "base_loss": 0.03165129095000002,
      "abs_loss": 0.03113886166000001,
      "rel_score": 0.016189838538007928,
      "directional_accuracy": 0.4612488233448384,
      "error_len": 12748,
      "base_len": 12748
    },
    "val": {
      "base_loss": 0.0196183015,
      "abs_loss": 0.019519140080000004,
      "rel_score": 0.005054536449039526,
      "directional_accuracy": 0.47205387205387206,
      "error_len": 1485,
      "base_len": 1485
    },
    "test": {
      "base_loss": 0.030402044300000004,
      "abs_loss": 0.030012135040000013,
      "rel_score": 0.012825100054208893,
      "directional_accuracy": 0.4715875805506737,
      "error_len": 1707,
      "base_len": 1707
    }
  },
  "lstm_top2_by_val": {
    "train": {
      "base_loss": 0.03165129095000002,
      "abs_loss": 0.031232079200000006,
      "rel_score": 0.013244696738033523,
      "directional_accuracy": 0.459366175086288,
      "error_len": 12748,
      "base_len": 12748
    },
    "val": {
      "base_loss": 0.0196183015,
      "abs_loss": 0.019572812034000006,
      "rel_score": 0.0023187260120349773,
      "directional_accuracy": 0.45252525252525255,
      "error_len": 1485,
      "base_len": 1485
    },
    "test": {
      "base_loss": 0.030402044300000004,
      "abs_loss": 0.029874697260000006,
      "rel_score": 0.01734577565890849,
      "directional_accuracy": 0.45635618043350906,
      "error_len": 1707,
      "base_len": 1707
    }
  },
  "lstm_signmag": {
    "train": {
      "base_loss": 0.03165129095000002,
      "abs_loss": 0.03150270910650001,
      "rel_score": 0.004694337546444216,
      "directional_accuracy": 0.4523846877941638,
      "error_len": 12748,
      "base_len": 12748
    },
    "val": {
      "base_loss": 0.0196183015,
      "abs_loss": 0.019688325280000005,
      "rel_score": -0.0035693089944612844,
      "directional_accuracy": 0.4444444444444444,
      "error_len": 1485,
      "base_len": 1485
    },
    "test": {
      "base_loss": 0.030402044300000004,
      "abs_loss": 0.030372030494000002,
      "rel_score": 0.0009872298620392517,
      "directional_accuracy": 0.45459871118922085,
      "error_len": 1707,
      "base_len": 1707
    }
  },
  "lstm_signmag_ensemble": {
    "train": {
      "base_loss": 0.03165129095000002,
      "abs_loss": 0.03122391439,
      "rel_score": 0.0135026580961628,
      "directional_accuracy": 0.4650925635393787,
      "error_len": 12748,
      "base_len": 12748
    },
    "val": {
      "base_loss": 0.0196183015,
      "abs_loss": 0.01963853306900001,
      "rel_score": -0.0010312599691675306,
      "directional_accuracy": 0.45791245791245794,
      "error_len": 1485,
      "base_len": 1485
    },
    "test": {
      "base_loss": 0.030402044300000004,
      "abs_loss": 0.030031656170000007,