{
  "lstm": {
    "train": {
      "mse": 0.00036606824141927063,
      "mae": 0.012471009977161884,
      "directional_accuracy": 0.4488100123102175,
      "base_loss": 0.022733346093446016,
      "abs_loss": 0.022974042431451385,
      "rel_score": -0.010587809511894086
    },
    "val": {
      "mse": 0.00017134402878582478,
      "mae": 0.00869288481771946,
      "directional_accuracy": 0.4368048533872599,
      "base_loss": 0.015147859044373038,
      "abs_loss": 0.016120793862501166,
      "rel_score": -0.06422919669889215
    },
    "test": {
      "mse": 0.0002443178091198206,
      "mae": 0.009731519035995007,
      "directional_accuracy": 0.45721694036300775,
      "base_loss": 0.016945387888699773,
      "abs_loss": 0.01693458391819149,
      "rel_score": 0.0006375758748777827
    }
  },
  "linear_regression": {
    "train": {
      "mse": 0.0003447655471973121,
      "mae": 0.012356690131127834,
      "directional_accuracy": 0.4263438654082889,
      "base_loss": 0.022733346093446016,
      "abs_loss": 0.023324518254958092,
      "rel_score": -0.026004625939447967
    },
    "val": {
      "mse": 0.00017175667744595557,
      "mae": 0.008778425864875317,
      "directional_accuracy": 0.42972699696663297,
      "base_loss": 0.015147859044373038,
      "abs_loss": 0.01603558408096433,
      "rel_score": -0.0586039937387095
    },
    "test": {
      "mse": 0.00023863340902607888,
      "mae": 0.009659817442297935,
      "directional_accuracy": 0.4338807260155575,
      "base_loss": 0.016945387888699773,
      "abs_loss": 0.017549652804154908,
      "rel_score": -0.03565955051746528
    }
  },
  "arima": {
    "train": {
      "mse": 0.0003565276274457574,
      "mae": 0.012336630374193192,
      "directional_accuracy": 0.4133155519080837,
      "base_loss": 0.022733346093446016,
      "abs_loss": 0.022714334254851573,
      "rel_score": 0.0008362974159762393
    },
    "val": {
      "mse": 0.00016214577772188932,
      "mae": 0.008366952650249004,
      "directional_accuracy": 0.37917087967644086,
      "base_loss": 0.015147859044373038,
      "abs_loss": 0.015207830455619843,
      "rel_score": -0.003959068477672467
    },
    "test": {
      "mse": 0.0002380239893682301,
      "mae": 0.009411520324647427,
      "directional_accuracy": 0.41659464131374246,
      "base_loss": 0.016945387888699773,
      "abs_loss": 0.017078258492983882,
      "rel_score": -0.007841107276907788
    }
  },
  "lstm_ensemble": {
    "train": {
      "mse": 0.00035967055009678006,
      "mae": 0.012255835346877575,
      "directional_accuracy": 0.45475995075913006,
      "base_loss": 0.022733346093446016,
      "abs_loss": 0.02270750721218065,
      "rel_score": 0.001136607042322546
    },
    "val": {
      "mse": 0.00016529115964658558,
      "mae": 0.008424158208072186,
      "directional_accuracy": 0.4327603640040445,
      "base_loss": 0.015147859044373038,
      "abs_loss": 0.015841677819844344,
      "rel_score": -0.045803091607789836
    },
    "test": {
      "mse": 0.00023489087470807135,
      "mae": 0.009435257874429226,
      "directional_accuracy": 0.47191011235955055,
      "base_loss": 0.016945387888699773,
      "abs_loss": 0.016712556988932193,
      "rel_score": 0.01374007495708296
    }
  },
  "lstm_seed_42": {
    "train": {
      "mse": 0.00036606824141927063,
      "mae": 0.012471009977161884,
      "directional_accuracy": 0.4488100123102175,
      "base_loss": 0.022733346093446016,
      "abs_loss": 0.022974042431451385,
      "rel_score": -0.010587809511894086
    },
    "val": {
      "mse": 0.00017134402878582478,
      "mae": 0.00869288481771946,
      "directional_accuracy": 0.4368048533872599,
      "base_loss": 0.015147859044373038,
      "abs_loss": 0.016120793862501166,
      "rel_score": -0.06422919669889215
    },
    "test": {
      "mse": 0.0002443178091198206,
      "mae": 0.009731519035995007,
      "directional_accuracy": 0.45721694036300775,
      "base_loss": 0.016945387888699773,
      "abs_loss": 0.01693458391819149,
      "rel_score": 0.0006375758748777827
    }
  },
  "lstm_seed_52": {
    "train": {
      "mse": 0.00036807762808166444,
      "mae": 0.0124654620885849,
      "directional_accuracy": 0.45393926959376285,
      "base_loss": 0.022733346093446016,
      "abs_loss": 0.023183123822673228,
      "rel_score": -0.019784932995714266
    },
    "val": {
      "mse": 0.0001706471375655383,
      "mae": 0.008668968454003334,
      "directional_accuracy": 0.45096056622851366,
      "base_loss": 0.015147859044373038,
      "abs_loss": 0.015564432134851815,
      "rel_score": -0.027500459917041642
    },
    "test": {
      "mse": 0.00024064257740974426,
      "mae": 0.009700494818389416,
      "directional_accuracy": 0.4589455488331893,
      "base_loss": 0.016945387888699773,
      "abs_loss": 0.017124714847886933,
      "rel_score": -0.010582641150796324
    }
  },
  "lstm_seed_62": {
    "train": {
      "mse": 0.0003636970941442996,
      "mae": 0.012568107806146145,
      "directional_accuracy": 0.43937217890849406,
      "base_loss": 0.022733346093446016,
      "abs_loss": 0.022902865824289652,
      "rel_score": -0.0074568754703694395
    },
    "val": {
      "mse": 0.00017068933811970055,
      "mae": 0.008670463226735592,
      "directional_accuracy": 0.41354903943377147,
      "base_loss": 0.015147859044373038,
      "abs_loss": 0.015906810807064176,
      "rel_score": -0.05010290632279579
    },
    "test": {
      "mse": 0.00024301356461364776,
      "mae": 0.00979357399046421,
      "directional_accuracy": 0.4511668107173725,
      "base_loss": 0.016945387888699773,
      "abs_loss": 0.017516628326848152,
      "rel_score": -0.03371067348238843
    }
  },
  "lstm_seed_99": {
    "train": {
      "mse": 0.00037225589039735496,
      "mae": 0.012602822855114937,
      "directional_accuracy": 0.432806729585556,
      "base_loss": 0.022733346093446016,
      "abs_loss": 0.023170195566490297,
      "rel_score": -0.01921624169396785
    },
    "val": {
      "mse": 0.00016723138105589896,
      "mae": 0.008589339442551136,
      "directional_accuracy": 0.4206268958543984,
      "base_loss": 0.015147859044373038,
      "abs_loss": 0.01599050194490701,
      "rel_score": -0.05562785460741315
    },
    "test": {
      "mse": 0.0002357314369874075,
      "mae": 0.009689126163721085,
      "directional_accuracy": 0.449438202247191,
      "base_loss": 0.016945387888699773,
      "abs_loss": 0.017443252587690954,
      "rel_score": -0.02938054308707727
    }
  },
  "lstm_best_by_val": {
    "train": {
      "mse": 0.00036807762808166444,
      "mae": 0.0124654620885849,
      "directional_accuracy": 0.45393926959376285,
      "base_loss": 0.022733346093446016,
      "abs_loss": 0.023183123822673228,
      "rel_score": -0.019784932995714266
    },
    "val": {
      "mse": 0.0001706471375655383,
      "mae": 0.008668968454003334,
      "directional_accuracy": 0.45096056622851366,
      "base_loss": 0.015147859044373038,
      "abs_loss": 0.015564432134851815,
      "rel_score": -0.027500459917041642
    },
    "test": {
      "mse": 0.00024064257740974426,
      "mae": 0.009700494818389416,
      "directional_accuracy": 0.4589455488331893,
      "base_loss": 0.016945387888699773,
      "abs_loss": 0.017124714847886933,
      "rel_score": -0.010582641150796324
    }
  },
  "lstm_top2_by_val": {
    "train": {
      "mse": 0.00035934997140429914,
      "mae": 0.012321922928094864,
      "directional_accuracy": 0.45270824784571195,
      "base_loss": 0.022733346093446016,
      "abs_loss": 0.022676134068751713,
      "rel_score": 0.002516656565167863
    },
    "val": {
      "mse": 0.00016709706687834114,
      "mae": 0.008495735935866833,
      "directional_accuracy": 0.4368048533872599,
      "base_loss": 0.015147859044373038,
      "abs_loss": 0.01576890971045941,
      "rel_score": -0.04099923720356213
    },
    "test": {
      "mse": 0.00023782506468705833,
      "mae": 0.009608691558241844,