{
  "lstm": {
    "train": {
      "mse": 0.0019027914386242628,
      "mae": 0.030721694231033325,
      "directional_accuracy": 0.5182366652954888,
      "base_loss": 0.05784885212779045,
      "abs_loss": 0.0576188798295334,
      "rel_score": 0.00397539950747916
    },
    "val": {
      "mse": 0.0012747528962790966,
      "mae": 0.025653930380940437,
      "directional_accuracy": 0.4899193548387097,
      "base_loss": 0.04500571433454752,
      "abs_loss": 0.04716394186252728,
      "rel_score": -0.04795452221770535
    },
    "test": {
      "mse": 0.0031469690147787333,
      "mae": 0.039749786257743835,
      "directional_accuracy": 0.48841059602649006,
      "base_loss": 0.06535298973321915,
      "abs_loss": 0.07141853640787305,
      "rel_score": -0.09281207637805666
    }
  },
  "linear_regression": {
    "train": {
      "mse": 0.0019870882388204336,
      "mae": 0.03134084865450859,
      "directional_accuracy": 0.4803921568627451,
      "base_loss": 0.05784885212779045,
      "abs_loss": 0.058207432331983,
      "rel_score": -0.0061985707754481645
    },
    "val": {
      "mse": 0.0011681591859087348,
      "mae": 0.02480856329202652,
      "directional_accuracy": 0.4603494623655914,
      "base_loss": 0.04500571433454752,
      "abs_loss": 0.04551867285044864,
      "rel_score": -0.011397630800570546
    },
    "test": {
      "mse": 0.002533441875129938,
      "mae": 0.037001751363277435,
      "directional_accuracy": 0.4762693156732892,
      "base_loss": 0.06535298973321915,
      "abs_loss": 0.06706624093931168,
      "rel_score": -0.026215345511908295
    }
  },
  "arima": {
    "train": {
      "mse": 0.0020229551009833813,
      "mae": 0.0314333401620388,
      "directional_accuracy": 0.4775812422871246,
      "base_loss": 0.05784885212779045,
      "abs_loss": 0.05802220944315195,
      "rel_score": -0.002996728698757112
    },
    "val": {
      "mse": 0.0011457809014245868,
      "mae": 0.024662308394908905,
      "directional_accuracy": 0.4475806451612903,
      "base_loss": 0.04500571433454752,
      "abs_loss": 0.04518319646595045,
      "rel_score": -0.00394354659240892
    },
    "test": {
      "mse": 0.0024070676881819963,
      "mae": 0.03605188801884651,
      "directional_accuracy": 0.45253863134657835,
      "base_loss": 0.06535298973321915,
      "abs_loss": 0.06630765743320807,
      "rel_score": -0.014607865743954784
    }
  }
}