features,feature_count,train_rel_score,val_rel_score,test_rel_score,train_mse,val_mse,test_mse,train_mae,val_mae,test_mae,train_abs_loss,val_abs_loss,test_abs_loss
"volume_ratio_20,atr_gap",2,-0.025647729948957254,0.0417486081652656,-0.019360479820166088,0.0004630867042578757,0.0003039587754756212,0.0004897653707303107,0.015221837908029556,0.012881857343018055,0.015450176782906055,0.028728271136060357,0.0224358582374407,0.027721757450490256
"volume_zscore_20,gap_open",2,-0.022133499738540285,0.04075077885931033,0.006999163553479071,0.0004628538154065609,0.00029964643181301653,0.0004849698452744633,0.015203957445919514,0.012643943540751934,0.01558348722755909,0.02862983796512708,0.022459220746532088,0.02700490050483495
"volume_ratio_20,gap_open",2,-0.024074790087447173,0.03919527633990849,0.00723483493259669,0.0004623997665476054,0.0003000526630785316,0.00048104667803272605,0.01520600076764822,0.01271192729473114,0.015429599210619926,0.02868421327730175,0.022495640243869276,0.02699849136406556
"volume_zscore_20,atr_gap",2,-0.03131452952333347,0.03294415414355656,-0.0037420048199645617,0.0004635379009414464,0.0003043843025807291,0.0004954687901772559,0.015217174775898457,0.01282629556953907,0.015617401339113712,0.0288869975192938,0.022641999844927343,0.02729700920463074
