{
  "lstm": {
    "train": {
      "mse": 0.00044151931069791317,
      "mae": 0.014417832602928695,
      "directional_accuracy": 0.4542013745922149,
      "base_loss": 0.026765074,
      "abs_loss": 0.026656818075,
      "rel_score": 0.004044671238345843,
      "rmse": 0.02101236084750407
    },
    "val": {
      "mse": 0.00024314179609064013,
      "mae": 0.010528713383463296,
      "directional_accuracy": 0.4524471635150167,
      "base_loss": 0.018747312250000005,
      "abs_loss": 0.018760791880000006,
      "rel_score": -0.0007190166686428245,
      "rmse": 0.015593004452371375
    }
  },
  "linear_regression": {
    "train": {
      "mse": 0.000427516846684739,
      "mae": 0.014417717487675596,
      "directional_accuracy": 0.43820669559433695,
      "base_loss": 0.026765074,
      "abs_loss": 0.02729661405,
      "rel_score": -0.01985946498784208,
      "rmse": 0.02067648097496151
    },
    "val": {
      "mse": 0.00024443966685794294,
      "mae": 0.010785968867830214,
      "directional_accuracy": 0.43562291434927697,
      "base_loss": 0.018747312250000005,
      "abs_loss": 0.01996563266000001,
      "rel_score": -0.06498640411774259,
      "rmse": 0.01563456693649483
    }
  },
  "arima": {
    "train": {
      "mse": 0.0004400448524393141,
      "mae": 0.014378276883957835,
      "directional_accuracy": 0.4418015392898996,
      "base_loss": 0.026765074,
      "abs_loss": 0.0268269637365,
      "rel_score": -0.0023123319778604046,
      "rmse": 0.02097724626564278
    },
    "val": {
      "mse": 0.00023925797722768039,
      "mae": 0.010434336312645578,
      "directional_accuracy": 0.44452169076751946,
      "base_loss": 0.018747312250000005,
      "abs_loss": 0.01876673461288501,
      "rel_score": -0.001036007862140531,
      "rmse": 0.015467965686790234
    }
  },
  "lstm_ensemble": {
    "train": {
      "mse": 0.00044050975702703,
      "mae": 0.014353077588580029,
      "directional_accuracy": 0.4557850061761632,
      "base_loss": 0.026765074,
      "abs_loss": 0.02656316,
      "rel_score": 0.007543935802307167,
      "rmse": 0.0209883238200486
    },
    "val": {
      "mse": 0.00024103424220811576,
      "mae": 0.010439770147362588,
      "directional_accuracy": 0.4585650723025584,
      "base_loss": 0.018747312250000005,
      "abs_loss": 0.01861191025000003,
      "rel_score": 0.007222475317760546,
      "rmse": 0.01552527744696622
    }
  },
  "lstm_seed_42": {
    "train": {
      "mse": 0.00044151931069791317,
      "mae": 0.014417832602928695,
      "directional_accuracy": 0.4542013745922149,
      "base_loss": 0.026765074,
      "abs_loss": 0.026656818075,
      "rel_score": 0.004044671238345843,
      "rmse": 0.02101236084750407
    },
    "val": {
      "mse": 0.00024314179609064013,
      "mae": 0.010528713383463296,
      "directional_accuracy": 0.4524471635150167,
      "base_loss": 0.018747312250000005,
      "abs_loss": 0.018760791880000006,
      "rel_score": -0.0007190166686428245,
      "rmse": 0.015593004452371375
    }
  },
  "lstm_seed_52": {
    "train": {
      "mse": 0.0004471507272683084,
      "mae": 0.014469014965599056,
      "directional_accuracy": 0.44690083299021316,
      "base_loss": 0.026765074,
      "abs_loss": 0.026767937975,
      "rel_score": -0.00010700418762144004,
      "rmse": 0.02114593896293264
    },
    "val": {
      "mse": 0.00024199455219786614,
      "mae": 0.010457288989517137,
      "directional_accuracy": 0.4663515016685206,
      "base_loss": 0.018747312250000005,
      "abs_loss": 0.018693298980000002,
      "rel_score": 0.002881120732386777,
      "rmse": 0.015556173500226119
    }
  },
  "lstm_seed_62": {
    "train": {
      "mse": 0.00044068918214179575,
      "mae": 0.014388999888857314,
      "directional_accuracy": 0.4580971082887277,
      "base_loss": 0.026765074,
      "abs_loss": 0.0266236302125,
      "rel_score": 0.005284640255431405,
      "rmse": 0.020992598397031072
    },
    "val": {
      "mse": 0.00024167244555428624,
      "mae": 0.010491056154191623,
      "directional_accuracy": 0.4524471635150167,
      "base_loss": 0.018747312250000005,
      "abs_loss": 0.0186516114025,
      "rel_score": 0.005104776952760459,
      "rmse": 0.015545817889106804
    }
  },
  "lstm_best_by_val": {
    "train": {
      "mse": 0.00044068918214179575,
      "mae": 0.014388999888857314,
      "directional_accuracy": 0.4580971082887277,
      "base_loss": 0.026765074,
      "abs_loss": 0.0266236302125,
      "rel_score": 0.005284640255431405,
      "rmse": 0.020992598397031072
    },
    "val": {
      "mse": 0.00024167244555428624,
      "mae": 0.010491056154191623,
      "directional_accuracy": 0.4524471635150167,
      "base_loss": 0.018747312250000005,
      "abs_loss": 0.0186516114025,
      "rel_score": 0.005104776952760459,
      "rmse": 0.015545817889106804
    }
  },
  "lstm_top2_by_val": {
    "train": {
      "mse": 0.0004414774011820555,
      "mae": 0.014357522740764673,
      "directional_accuracy": 0.4557850061761632,
      "base_loss": 0.026765074,
      "abs_loss": 0.026575527745,
      "rel_score": 0.007081850586327487,
      "rmse": 0.021011362726180646
    },
    "val": {
      "mse": 0.00024076698173303157,
      "mae": 0.010429351765862092,
      "directional_accuracy": 0.46454393770856506,
      "base_loss": 0.018747312250000005,
      "abs_loss": 0.018637713150500005,
      "rel_score": 0.005846123328958841,
      "rmse": 0.015516667786864839
    }
  },
  "lstm_signmag": {
    "train": {
      "mse": 0.00044003018410876393,
      "mae": 0.01433935203619568,
      "directional_accuracy": 0.4508757482659234,
      "base_loss": 0.026765074,
      "abs_loss": 0.02673389439,
      "rel_score": 0.0011649364391819184,
      "rmse": 0.02097689680604056
    },
    "val": {
      "mse": 0.00023947839508764446,
      "mae": 0.01041841157543337,
      "directional_accuracy": 0.44591212458286983,
      "base_loss": 0.018747312250000005,
      "abs_loss": 0.01865459738715001,
      "rel_score": 0.004945501606503422,
      "rmse": 0.015475089350177941
    }
  },
  "lstm_signmag_ensemble": {
    "train": {
      "mse": 0.0004394208372104913,
      "mae": 0.01432817930953827,
      "directional_accuracy": 0.45765369144522217,
      "base_loss": 0.026765074,
      "abs_loss": 0.02664578367,
      "rel_score": 0.004456940040591717,
      "rmse": 0.02096236721677749
    },
    "val": {
      "mse": 0.00023979404068086296,
      "mae": 0.010420436370094724,
      "directional_accuracy": 0.4557842046718576,
      "base_loss": 0.018747312250000005,
      "abs_loss": 0.018608435218650004,
      "rel_score": 0.007407836894059439,
      "rmse": 0.015485284797756677
    }
  },
  "lstm_signmag_seed_42": {
    "train": {
      "mse": 0.00044003018410876393,
      "mae": 0.01433935203619568,
      "directional_accuracy": 0.4508757482659234,
      "base_loss": 0.026765074,
      "abs_loss": 0.02673389439,
      "rel_score": 0.0011649364391819184,
      "rmse": 0.02097689680604056
    },
    "val": {
      "mse": 0.00023947839508764446,
      "mae": 0.01041841157543337,
      "directional_accuracy": 0.44591212458286983,
      "base_loss": 0.018747312250000005,
      "abs_loss": 0.01865459738715001,
      "rel_score": 0.004945501606503422,
      "rmse": 0.015475089350177941
    }
  },
  "lstm_signmag_seed_52": {
    "train": {
      "mse": 0.0004407079250086099,
      "mae": 0.014347592804825369,
      "directional_accuracy": 0.4550882082792259,
      "base_loss": 0.026765074,
      "abs_loss": 0.026670074342500003,
      "rel_score": 0.003549388934997788,
      "rmse": 0.02099304519034826
    },
    "val": {
      "mse": 0.00024039781419560313,
      "mae": 0.010424410292012718,
      "directional_accuracy": 0.4482758620689655,
      "base_loss": 0.018747312250000005,
      "abs_loss": 0.018655097889,
      "rel_score": 0.004918804347540773,
      "rmse": 0.015504767911432724
    }
  },
  "lstm_signmag_seed_62": {
    "train": {
      "mse": 0.0004402967169880867,