{
  "lstm": {
    "train": {
      "base_loss": 0.026653272999999998,
      "abs_loss": 0.0266881001925,
      "rel_score": -0.0013066760131110744,
      "directional_accuracy": 0.460724043715847,
      "error_len": 5856,
      "base_len": 5856
    },
    "val": {
      "base_loss": 0.016039446650000004,
      "abs_loss": 0.01617993561,
      "rel_score": -0.008758965509573668,
      "directional_accuracy": 0.46774193548387094,
      "error_len": 744,
      "base_len": 744
    },
    "test": {
      "base_loss": 0.025632718899999997,
      "abs_loss": 0.025877090827999993,
      "rel_score": -0.009533593722669709,
      "directional_accuracy": 0.45723684210526316,
      "error_len": 912,
      "base_len": 912
    }
  },
  "linear_regression": {
    "train": {
      "base_loss": 0.026653272999999998,
      "abs_loss": 0.0271000587,
      "rel_score": -0.016762883117581895,
      "directional_accuracy": 0.45491803278688525,
      "error_len": 5856,
      "base_len": 5856
    },
    "val": {
      "base_loss": 0.016039446650000004,
      "abs_loss": 0.01689194407,
      "rel_score": -0.05315005178186727,
      "directional_accuracy": 0.42473118279569894,
      "error_len": 744,
      "base_len": 744
    },
    "test": {
      "base_loss": 0.025632718899999997,
      "abs_loss": 0.02671422552,
      "rel_score": -0.04219242696099634,
      "directional_accuracy": 0.45285087719298245,
      "error_len": 912,
      "base_len": 912
    }
  },
  "arima": {
    "train": {
      "base_loss": 0.026653272999999998,
      "abs_loss": 0.0268478938575,
      "rel_score": -0.0073019496517370275,
      "directional_accuracy": 0.47165300546448086,
      "error_len": 5856,
      "base_len": 5856
    },
    "val": {
      "base_loss": 0.016039446650000004,
      "abs_loss": 0.01632546135,
      "rel_score": -0.017831955568117897,
      "directional_accuracy": 0.4583333333333333,
      "error_len": 744,
      "base_len": 744
    },
    "test": {
      "base_loss": 0.025632718899999997,
      "abs_loss": 0.026473326802499992,
      "rel_score": -0.03279433234450968,
      "directional_accuracy": 0.4407894736842105,
      "error_len": 912,
      "base_len": 912
    }
  },
  "lstm_seed_42": {
    "train": {
      "base_loss": 0.026653272999999998,
      "abs_loss": 0.0266881001925,
      "rel_score": -0.0013066760131110744,
      "directional_accuracy": 0.460724043715847,
      "error_len": 5856,
      "base_len": 5856
    },
    "val": {
      "base_loss": 0.016039446650000004,
      "abs_loss": 0.01617993561,
      "rel_score": -0.008758965509573668,
      "directional_accuracy": 0.46774193548387094,
      "error_len": 744,
      "base_len": 744
    },
    "test": {
      "base_loss": 0.025632718899999997,
      "abs_loss": 0.025877090827999993,
      "rel_score": -0.009533593722669709,
      "directional_accuracy": 0.45723684210526316,
      "error_len": 912,
      "base_len": 912
    }
  },
  "lstm_best_by_val": {
    "train": {
      "base_loss": 0.026653272999999998,
      "abs_loss": 0.0266881001925,
      "rel_score": -0.0013066760131110744,
      "directional_accuracy": 0.460724043715847,
      "error_len": 5856,
      "base_len": 5856
    },
    "val": {
      "base_loss": 0.016039446650000004,
      "abs_loss": 0.01617993561,
      "rel_score": -0.008758965509573668,
      "directional_accuracy": 0.46774193548387094,
      "error_len": 744,
      "base_len": 744
    },
    "test": {
      "base_loss": 0.025632718899999997,
      "abs_loss": 0.025877090827999993,
      "rel_score": -0.009533593722669709,
      "directional_accuracy": 0.45723684210526316,
      "error_len": 912,
      "base_len": 912
    }
  },
  "lstm_signmag": {
    "train": {
      "base_loss": 0.026653272999999998,
      "abs_loss": 0.026621733862500004,
      "rel_score": 0.0011833119894879562,
      "directional_accuracy": 0.4636270491803279,
      "error_len": 5856,
      "base_len": 5856
    },
    "val": {
      "base_loss": 0.016039446650000004,
      "abs_loss": 0.016302509269500002,
      "rel_score": -0.016400978490115126,
      "directional_accuracy": 0.4717741935483871,
      "error_len": 744,
      "base_len": 744
    },
    "test": {
      "base_loss": 0.025632718899999997,
      "abs_loss": 0.025803566490999998,
      "rel_score": -0.006665215331487895,
      "directional_accuracy": 0.46710526315789475,
      "error_len": 912,
      "base_len": 912
    }
  },
  "lstm_signmag_seed_42": {
    "train": {
      "base_loss": 0.026653272999999998,
      "abs_loss": 0.026621733862500004,
      "rel_score": 0.0011833119894879562,
      "directional_accuracy": 0.4636270491803279,
      "error_len": 5856,
      "base_len": 5856
    },
    "val": {
      "base_loss": 0.016039446650000004,
      "abs_loss": 0.016302509269500002,
      "rel_score": -0.016400978490115126,
      "directional_accuracy": 0.4717741935483871,
      "error_len": 744,
      "base_len": 744
    },
    "test": {
      "base_loss": 0.025632718899999997,
      "abs_loss": 0.025803566490999998,
      "rel_score": -0.006665215331487895,
      "directional_accuracy": 0.46710526315789475,
      "error_len": 912,
      "base_len": 912
    }
  },
  "lstm_signmag_best_by_val": {
    "train": {
      "base_loss": 0.026653272999999998,
      "abs_loss": 0.026621733862500004,
      "rel_score": 0.0011833119894879562,
      "directional_accuracy": 0.4636270491803279,
      "error_len": 5856,
      "base_len": 5856
    },
    "val": {
      "base_loss": 0.016039446650000004,
      "abs_loss": 0.016302509269500002,
      "rel_score": -0.016400978490115126,
      "directional_accuracy": 0.4717741935483871,
      "error_len": 744,
      "base_len": 744
    },
    "test": {
      "base_loss": 0.025632718899999997,
      "abs_loss": 0.025803566490999998,
      "rel_score": -0.006665215331487895,
      "directional_accuracy": 0.46710526315789475,
      "error_len": 912,
      "base_len": 912
    }
  }
}