{
  "lstm": {
    "train": {
      "mse": 0.0004210418846923858,
      "mae": 0.014400803484022617,
      "directional_accuracy": 0.460724043715847,
      "base_loss": 0.026653272999999998,
      "abs_loss": 0.0266881001925,
      "rel_score": -0.0013066760131110744
    },
    "val": {
      "mse": 0.00017137813847512007,
      "mae": 0.008957327343523502,
      "directional_accuracy": 0.46774193548387094,
      "base_loss": 0.016039446650000004,
      "abs_loss": 0.01617993561,
      "rel_score": -0.008758965509573668
    },
    "test": {
      "mse": 0.00044836432789452374,
      "mae": 0.014339202083647251,
      "directional_accuracy": 0.45723684210526316,
      "base_loss": 0.025632718899999997,
      "abs_loss": 0.025877090827999993,
      "rel_score": -0.009533593722669709
    }
  },
  "linear_regression": {
    "train": {
      "mse": 0.00041415845043957233,
      "mae": 0.014428851194679737,
      "directional_accuracy": 0.45491803278688525,
      "base_loss": 0.026653272999999998,
      "abs_loss": 0.0271000587,
      "rel_score": -0.016762883117581895
    },
    "val": {
      "mse": 0.00016996041813399643,
      "mae": 0.009160134941339493,
      "directional_accuracy": 0.42473118279569894,
      "base_loss": 0.016039446650000004,
      "abs_loss": 0.01689194407,
      "rel_score": -0.05315005178186727
    },
    "test": {
      "mse": 0.0004420994082465768,
      "mae": 0.014447050169110298,
      "directional_accuracy": 0.45285087719298245,
      "base_loss": 0.025632718899999997,
      "abs_loss": 0.02671422552,
      "rel_score": -0.04219242696099634
    }
  },
  "arima": {
    "train": {
      "mse": 0.0004193501081317663,
      "mae": 0.014393757097423077,
      "directional_accuracy": 0.47165300546448086,
      "base_loss": 0.026653272999999998,
      "abs_loss": 0.0268478938575,
      "rel_score": -0.0073019496517370275
    },
    "val": {
      "mse": 0.00016899907495826483,
      "mae": 0.009000523015856743,
      "directional_accuracy": 0.4583333333333333,
      "base_loss": 0.016039446650000004,
      "abs_loss": 0.01632546135,
      "rel_score": -0.017831955568117897
    },
    "test": {
      "mse": 0.0004398701712489128,
      "mae": 0.014208328910171986,
      "directional_accuracy": 0.4407894736842105,
      "base_loss": 0.025632718899999997,
      "abs_loss": 0.026473326802499992,
      "rel_score": -0.03279433234450968
    }
  },
  "lstm_seed_42": {
    "train": {
      "mse": 0.0004210418846923858,
      "mae": 0.014400803484022617,
      "directional_accuracy": 0.460724043715847,
      "base_loss": 0.026653272999999998,
      "abs_loss": 0.0266881001925,
      "rel_score": -0.0013066760131110744
    },
    "val": {
      "mse": 0.00017137813847512007,
      "mae": 0.008957327343523502,
      "directional_accuracy": 0.46774193548387094,
      "base_loss": 0.016039446650000004,
      "abs_loss": 0.01617993561,
      "rel_score": -0.008758965509573668
    },
    "test": {
      "mse": 0.00044836432789452374,
      "mae": 0.014339202083647251,
      "directional_accuracy": 0.45723684210526316,
      "base_loss": 0.025632718899999997,
      "abs_loss": 0.025877090827999993,
      "rel_score": -0.009533593722669709
    }
  },
  "lstm_best_by_val": {
    "train": {
      "mse": 0.0004210418846923858,
      "mae": 0.014400803484022617,
      "directional_accuracy": 0.460724043715847,
      "base_loss": 0.026653272999999998,
      "abs_loss": 0.0266881001925,
      "rel_score": -0.0013066760131110744
    },
    "val": {
      "mse": 0.00017137813847512007,
      "mae": 0.008957327343523502,
      "directional_accuracy": 0.46774193548387094,
      "base_loss": 0.016039446650000004,
      "abs_loss": 0.01617993561,
      "rel_score": -0.008758965509573668
    },
    "test": {
      "mse": 0.00044836432789452374,
      "mae": 0.014339202083647251,
      "directional_accuracy": 0.45723684210526316,
      "base_loss": 0.025632718899999997,
      "abs_loss": 0.025877090827999993,
      "rel_score": -0.009533593722669709
    }
  },
  "lstm_signmag": {
    "train": {
      "mse": 0.0004205340228509158,
      "mae": 0.014379135333001614,
      "directional_accuracy": 0.4636270491803279,
      "base_loss": 0.026653272999999998,
      "abs_loss": 0.026621733862500004,
      "rel_score": 0.0011833119894879562
    },
    "val": {
      "mse": 0.00017192971426993608,
      "mae": 0.008970919996500015,
      "directional_accuracy": 0.4717741935483871,
      "base_loss": 0.016039446650000004,
      "abs_loss": 0.016302509269500002,
      "rel_score": -0.016400978490115126
    },
    "test": {
      "mse": 0.0004468789556995034,
      "mae": 0.01427952665835619,
      "directional_accuracy": 0.46710526315789475,
      "base_loss": 0.025632718899999997,
      "abs_loss": 0.025803566490999998,
      "rel_score": -0.006665215331487895
    }
  },
  "lstm_signmag_seed_42": {
    "train": {
      "mse": 0.0004205340228509158,
      "mae": 0.014379135333001614,
      "directional_accuracy": 0.4636270491803279,
      "base_loss": 0.026653272999999998,
      "abs_loss": 0.026621733862500004,
      "rel_score": 0.0011833119894879562
    },
    "val": {
      "mse": 0.00017192971426993608,
      "mae": 0.008970919996500015,
      "directional_accuracy": 0.4717741935483871,
      "base_loss": 0.016039446650000004,
      "abs_loss": 0.016302509269500002,
      "rel_score": -0.016400978490115126
    },
    "test": {
      "mse": 0.0004468789556995034,
      "mae": 0.01427952665835619,
      "directional_accuracy": 0.46710526315789475,
      "base_loss": 0.025632718899999997,
      "abs_loss": 0.025803566490999998,
      "rel_score": -0.006665215331487895
    }
  },
  "lstm_signmag_best_by_val": {
    "train": {
      "mse": 0.0004205340228509158,
      "mae": 0.014379135333001614,
      "directional_accuracy": 0.4636270491803279,
      "base_loss": 0.026653272999999998,
      "abs_loss": 0.026621733862500004,
      "rel_score": 0.0011833119894879562
    },
    "val": {
      "mse": 0.00017192971426993608,
      "mae": 0.008970919996500015,
      "directional_accuracy": 0.4717741935483871,
      "base_loss": 0.016039446650000004,
      "abs_loss": 0.016302509269500002,
      "rel_score": -0.016400978490115126
    },
    "test": {
      "mse": 0.0004468789556995034,
      "mae": 0.01427952665835619,
      "directional_accuracy": 0.46710526315789475,
      "base_loss": 0.025632718899999997,
      "abs_loss": 0.025803566490999998,
      "rel_score": -0.006665215331487895
    }
  }
}