{
  "lstm": {
    "train": {
      "mse": 0.0005713391583412886,
      "mae": 0.01626240462064743,
      "directional_accuracy": 0.44878414757932833,
      "base_loss": 0.03126075320000001,
      "abs_loss": 0.0309972852184,
      "rel_score": 0.00842807529026568
    },
    "val": {
      "mse": 0.00034514040453359485,
      "mae": 0.012331181205809116,
      "directional_accuracy": 0.46063786838918047,
      "base_loss": 0.022532981000000004,
      "abs_loss": 0.022427650108,
      "rel_score": 0.004674520961074902
    },
    "test": {
      "mse": 0.0007157792570069432,
      "mae": 0.01864471472799778,
      "directional_accuracy": 0.45869640989891947,
      "base_loss": 0.0368292359,
      "abs_loss": 0.03681286776000001,
      "rel_score": 0.00044443333129229323
    }
  },
  "linear_regression": {
    "train": {
      "mse": 0.0005529006011784077,
      "mae": 0.016302436590194702,
      "directional_accuracy": 0.4380157994615826,
      "base_loss": 0.03126075320000001,
      "abs_loss": 0.03154589357,
      "rel_score": -0.009121353160485679
    },
    "val": {
      "mse": 0.0003501565079204738,
      "mae": 0.012766959145665169,
      "directional_accuracy": 0.4182478805006056,
      "base_loss": 0.022532981000000004,
      "abs_loss": 0.023497062309999997,
      "rel_score": -0.042785342516376
    },
    "test": {
      "mse": 0.0007067141123116016,
      "mae": 0.018754111602902412,
      "directional_accuracy": 0.47263855001742766,
      "base_loss": 0.0368292359,
      "abs_loss": 0.036740041523000005,
      "rel_score": 0.002421836207576411
    }
  },
  "arima": {
    "train": {
      "mse": 0.0005618942086584866,
      "mae": 0.016296986490488052,
      "directional_accuracy": 0.43179310649190167,
      "base_loss": 0.03126075320000001,
      "abs_loss": 0.031211171654000003,
      "rel_score": 0.0015860637036733127
    },
    "val": {
      "mse": 0.0003488350776024163,
      "mae": 0.012443061918020248,
      "directional_accuracy": 0.44287444489301575,
      "base_loss": 0.022532981000000004,
      "abs_loss": 0.022877892870000006,
      "rel_score": -0.015306979134274368
    },
    "test": {
      "mse": 0.0007042463985271752,
      "mae": 0.018492601811885834,
      "directional_accuracy": 0.439177413733008,
      "base_loss": 0.0368292359,
      "abs_loss": 0.03721605730000001,
      "rel_score": -0.010503106853759325
    }
  },
  "lstm_ensemble": {
    "train": {
      "mse": 0.0005633307155221701,
      "mae": 0.016176389530301094,
      "directional_accuracy": 0.45769892757844566,
      "base_loss": 0.03126075320000001,
      "abs_loss": 0.030998000744,
      "rel_score": 0.008405186347205884
    },
    "val": {
      "mse": 0.00034438917646184564,
      "mae": 0.012311210855841637,
      "directional_accuracy": 0.44852644327815905,
      "base_loss": 0.022532981000000004,
      "abs_loss": 0.022644330840000004,
      "rel_score": -0.004941638214668531
    },
    "test": {
      "mse": 0.0007114550098776817,
      "mae": 0.018546968698501587,
      "directional_accuracy": 0.48727779714186126,
      "base_loss": 0.0368292359,
      "abs_loss": 0.036900148352000006,
      "rel_score": -0.0019254391319045716
    }
  },
  "lstm_seed_42": {
    "train": {
      "mse": 0.0005713391583412886,
      "mae": 0.01626240462064743,
      "directional_accuracy": 0.44878414757932833,
      "base_loss": 0.03126075320000001,
      "abs_loss": 0.0309972852184,
      "rel_score": 0.00842807529026568
    },
    "val": {
      "mse": 0.00034514040453359485,
      "mae": 0.012331181205809116,
      "directional_accuracy": 0.46063786838918047,
      "base_loss": 0.022532981000000004,
      "abs_loss": 0.022427650108,
      "rel_score": 0.004674520961074902
    },
    "test": {
      "mse": 0.0007157792570069432,
      "mae": 0.01864471472799778,
      "directional_accuracy": 0.45869640989891947,
      "base_loss": 0.0368292359,
      "abs_loss": 0.03681286776000001,
      "rel_score": 0.00044443333129229323
    }
  },
  "lstm_seed_52": {
    "train": {
      "mse": 0.0005630001542158425,
      "mae": 0.01621377281844616,
      "directional_accuracy": 0.4527560792621034,
      "base_loss": 0.03126075320000001,
      "abs_loss": 0.031041513870000002,
      "rel_score": 0.007013245285465763
    },
    "val": {
      "mse": 0.00034551997669041157,
      "mae": 0.01238284632563591,
      "directional_accuracy": 0.45256358498183286,
      "base_loss": 0.022532981000000004,
      "abs_loss": 0.022760067884000004,
      "rel_score": -0.010077977876074229
    },
    "test": {
      "mse": 0.0007143703405745327,
      "mae": 0.018638093024492264,
      "directional_accuracy": 0.47368421052631576,
      "base_loss": 0.0368292359,
      "abs_loss": 0.037101317790000005,
      "rel_score": -0.007387660464603929
    }
  },
  "lstm_seed_62": {
    "train": {
      "mse": 0.0005711460835300386,
      "mae": 0.016260985285043716,
      "directional_accuracy": 0.45196169292554833,
      "base_loss": 0.03126075320000001,
      "abs_loss": 0.030931849444,
      "rel_score": 0.010521299787492389
    },
    "val": {
      "mse": 0.00034586567198857665,
      "mae": 0.012356105260550976,
      "directional_accuracy": 0.45700444085587405,
      "base_loss": 0.022532981000000004,
      "abs_loss": 0.022550665500000004,
      "rel_score": -0.000784827360392315
    },
    "test": {
      "mse": 0.0007155864150263369,
      "mae": 0.018627693876624107,
      "directional_accuracy": 0.4932032066922273,
      "base_loss": 0.0368292359,
      "abs_loss": 0.037022696456000016,
      "rel_score": -0.005252907134030815
    }
  },
  "lstm_best_by_val": {
    "train": {
      "mse": 0.0005713391583412886,
      "mae": 0.01626240462064743,
      "directional_accuracy": 0.44878414757932833,
      "base_loss": 0.03126075320000001,
      "abs_loss": 0.0309972852184,
      "rel_score": 0.00842807529026568
    },
    "val": {
      "mse": 0.00034514040453359485,
      "mae": 0.012331181205809116,
      "directional_accuracy": 0.46063786838918047,
      "base_loss": 0.022532981000000004,
      "abs_loss": 0.022427650108,
      "rel_score": 0.004674520961074902
    },
    "test": {
      "mse": 0.0007157792570069432,
      "mae": 0.01864471472799778,
      "directional_accuracy": 0.45869640989891947,
      "base_loss": 0.0368292359,
      "abs_loss": 0.03681286776000001,
      "rel_score": 0.00044443333129229323
    }
  },
  "lstm_top2_by_val": {
    "train": {
      "mse": 0.0005700806505046785,
      "mae": 0.01622917503118515,
      "directional_accuracy": 0.4539035261926828,
      "base_loss": 0.03126075320000001,
      "abs_loss": 0.030911515290000004,
      "rel_score": 0.011171768887513811
    },
    "val": {
      "mse": 0.0003449999203439802,
      "mae": 0.012316853739321232,
      "directional_accuracy": 0.45740815502624144,
      "base_loss": 0.022532981000000004,
      "abs_loss": 0.022626422280000003,
      "rel_score": -0.0041468672076721
    },
    "test": {
      "mse": 0.0007142568356357515,
      "mae": 0.018593434244394302,
      "directional_accuracy": 0.48658069013593586,
      "base_loss": 0.0368292359,
      "abs_loss": 0.036873650460000004,
      "rel_score": -0.0012059593123407986
    }
  },
  "lstm_signmag": {
    "train": {
      "mse": 0.0005648008664138615,
      "mae": 0.016201380640268326,
      "directional_accuracy": 0.43969283728319875,
      "base_loss": 0.03126075320000001,
      "abs_loss": 0.031154915862,
      "rel_score": 0.0033856298126563322
    },
    "val": {
      "mse": 0.00034444971242919564,
      "mae": 0.01229765173047781,
      "directional_accuracy": 0.4263221639079532,
      "base_loss": 0.022532981000000004,
      "abs_loss": 0.022490244232000002,
      "rel_score": 0.0018966317860917847
    },
    "test": {
      "mse": 0.0007113997708074749,
      "mae": 0.01848735846579075,
      "directional_accuracy": 0.4513767863367027,
      "base_loss": 0.0368292359,
      "abs_loss": 0.03647410859000001,