{
  "lstm": {
    "train": {
      "base_loss": 0.03126075320000001,
      "abs_loss": 0.0309972852184,
      "rel_score": 0.00842807529026568,
      "directional_accuracy": 0.44878414757932833,
      "error_len": 22659,
      "base_len": 22659
    },
    "val": {
      "base_loss": 0.022532981000000004,
      "abs_loss": 0.022427650108,
      "rel_score": 0.004674520961074902,
      "directional_accuracy": 0.46063786838918047,
      "error_len": 2477,
      "base_len": 2477
    },
    "test": {
      "base_loss": 0.0368292359,
      "abs_loss": 0.03681286776000001,
      "rel_score": 0.00044443333129229323,
      "directional_accuracy": 0.45869640989891947,
      "error_len": 2869,
      "base_len": 2869
    }
  },
  "linear_regression": {
    "train": {
      "base_loss": 0.03126075320000001,
      "abs_loss": 0.03154589357,
      "rel_score": -0.009121353160485679,
      "directional_accuracy": 0.4380157994615826,
      "error_len": 22659,
      "base_len": 22659
    },
    "val": {
      "base_loss": 0.022532981000000004,
      "abs_loss": 0.023497062309999997,
      "rel_score": -0.042785342516376,
      "directional_accuracy": 0.4182478805006056,
      "error_len": 2477,
      "base_len": 2477
    },
    "test": {
      "base_loss": 0.0368292359,
      "abs_loss": 0.036740041523000005,
      "rel_score": 0.002421836207576411,
      "directional_accuracy": 0.47263855001742766,
      "error_len": 2869,
      "base_len": 2869
    }
  },
  "arima": {
    "train": {
      "base_loss": 0.03126075320000001,
      "abs_loss": 0.031211171654000003,
      "rel_score": 0.0015860637036733127,
      "directional_accuracy": 0.43179310649190167,
      "error_len": 22659,
      "base_len": 22659
    },
    "val": {
      "base_loss": 0.022532981000000004,
      "abs_loss": 0.022877892870000006,
      "rel_score": -0.015306979134274368,
      "directional_accuracy": 0.44287444489301575,
      "error_len": 2477,
      "base_len": 2477
    },
    "test": {
      "base_loss": 0.0368292359,
      "abs_loss": 0.03721605730000001,
      "rel_score": -0.010503106853759325,
      "directional_accuracy": 0.439177413733008,
      "error_len": 2869,
      "base_len": 2869
    }
  },
  "lstm_ensemble": {
    "train": {
      "base_loss": 0.03126075320000001,
      "abs_loss": 0.030998000744,
      "rel_score": 0.008405186347205884,
      "directional_accuracy": 0.45769892757844566,
      "error_len": 22659,
      "base_len": 22659
    },
    "val": {
      "base_loss": 0.022532981000000004,
      "abs_loss": 0.022644330840000004,
      "rel_score": -0.004941638214668531,
      "directional_accuracy": 0.44852644327815905,
      "error_len": 2477,
      "base_len": 2477
    },
    "test": {
      "base_loss": 0.0368292359,
      "abs_loss": 0.036900148352000006,
      "rel_score": -0.0019254391319045716,
      "directional_accuracy": 0.48727779714186126,
      "error_len": 2869,
      "base_len": 2869
    }
  },
  "lstm_seed_42": {
    "train": {
      "base_loss": 0.03126075320000001,
      "abs_loss": 0.0309972852184,
      "rel_score": 0.00842807529026568,
      "directional_accuracy": 0.44878414757932833,
      "error_len": 22659,
      "base_len": 22659
    },
    "val": {
      "base_loss": 0.022532981000000004,
      "abs_loss": 0.022427650108,
      "rel_score": 0.004674520961074902,
      "directional_accuracy": 0.46063786838918047,
      "error_len": 2477,
      "base_len": 2477
    },
    "test": {
      "base_loss": 0.0368292359,
      "abs_loss": 0.03681286776000001,
      "rel_score": 0.00044443333129229323,
      "directional_accuracy": 0.45869640989891947,
      "error_len": 2869,
      "base_len": 2869
    }
  },
  "lstm_seed_52": {
    "train": {
      "base_loss": 0.03126075320000001,
      "abs_loss": 0.031041513870000002,
      "rel_score": 0.007013245285465763,
      "directional_accuracy": 0.4527560792621034,
      "error_len": 22659,
      "base_len": 22659
    },
    "val": {
      "base_loss": 0.022532981000000004,
      "abs_loss": 0.022760067884000004,
      "rel_score": -0.010077977876074229,
      "directional_accuracy": 0.45256358498183286,
      "error_len": 2477,
      "base_len": 2477
    },
    "test": {
      "base_loss": 0.0368292359,
      "abs_loss": 0.037101317790000005,
      "rel_score": -0.007387660464603929,
      "directional_accuracy": 0.47368421052631576,
      "error_len": 2869,
      "base_len": 2869
    }
  },
  "lstm_seed_62": {
    "train": {
      "base_loss": 0.03126075320000001,
      "abs_loss": 0.030931849444,
      "rel_score": 0.010521299787492389,
      "directional_accuracy": 0.45196169292554833,
      "error_len": 22659,
      "base_len": 22659
    },
    "val": {
      "base_loss": 0.022532981000000004,
      "abs_loss": 0.022550665500000004,
      "rel_score": -0.000784827360392315,
      "directional_accuracy": 0.45700444085587405,
      "error_len": 2477,
      "base_len": 2477
    },
    "test": {
      "base_loss": 0.0368292359,
      "abs_loss": 0.037022696456000016,
      "rel_score": -0.005252907134030815,
      "directional_accuracy": 0.4932032066922273,
      "error_len": 2869,
      "base_len": 2869
    }
  },
  "lstm_best_by_val": {
    "train": {
      "base_loss": 0.03126075320000001,
      "abs_loss": 0.0309972852184,
      "rel_score": 0.00842807529026568,
      "directional_accuracy": 0.44878414757932833,
      "error_len": 22659,
      "base_len": 22659
    },
    "val": {
      "base_loss": 0.022532981000000004,
      "abs_loss": 0.022427650108,
      "rel_score": 0.004674520961074902,
      "directional_accuracy": 0.46063786838918047,
      "error_len": 2477,
      "base_len": 2477
    },
    "test": {
      "base_loss": 0.0368292359,
      "abs_loss": 0.03681286776000001,
      "rel_score": 0.00044443333129229323,
      "directional_accuracy": 0.45869640989891947,
      "error_len": 2869,
      "base_len": 2869
    }
  },
  "lstm_top2_by_val": {
    "train": {
      "base_loss": 0.03126075320000001,
      "abs_loss": 0.030911515290000004,
      "rel_score": 0.011171768887513811,
      "directional_accuracy": 0.4539035261926828,
      "error_len": 22659,
      "base_len": 22659
    },
    "val": {
      "base_loss": 0.022532981000000004,
      "abs_loss": 0.022626422280000003,
      "rel_score": -0.0041468672076721,
      "directional_accuracy": 0.45740815502624144,
      "error_len": 2477,
      "base_len": 2477
    },
    "test": {
      "base_loss": 0.0368292359,
      "abs_loss": 0.036873650460000004,
      "rel_score": -0.0012059593123407986,
      "directional_accuracy": 0.48658069013593586,
      "error_len": 2869,
      "base_len": 2869
    }
  },
  "lstm_signmag": {
    "train": {
      "base_loss": 0.03126075320000001,
      "abs_loss": 0.031154915862,
      "rel_score": 0.0033856298126563322,
      "directional_accuracy": 0.43969283728319875,
      "error_len": 22659,
      "base_len": 22659
    },
    "val": {
      "base_loss": 0.022532981000000004,
      "abs_loss": 0.022490244232000002,
      "rel_score": 0.0018966317860917847,
      "directional_accuracy": 0.4263221639079532,
      "error_len": 2477,
      "base_len": 2477
    },
    "test": {
      "base_loss": 0.0368292359,
      "abs_loss": 0.03647410859000001,
      "rel_score": 0.009642538090234631,
      "directional_accuracy": 0.4513767863367027,
      "error_len": 2869,
      "base_len": 2869
    }
  },
  "lstm_signmag_ensemble": {
    "train": {
      "base_loss": 0.03126075320000001,
      "abs_loss": 0.031120236590000003,
      "rel_score": 0.004494984784947809,
      "directional_accuracy": 0.4554040337172867,
      "error_len": 22659,
      "base_len": 22659
    },
    "val": {
      "base_loss": 0.022532981000000004,
      "abs_loss": 0.022672583497800002,
      "rel_score": -0.0061954739943195225,
      "directional_accuracy": 0.4412595882115462,
      "error_len": 2477,
      "base_len": 2477
    },
    "test": {
      "base_loss": 0.0368292359,
      "abs_loss": 0.036697861182000004,