{
  "lstm": {
    "train": {
      "base_loss": 0.0282518485,
      "abs_loss": 0.028156101849999997,
      "rel_score": 0.003389040189706649,
      "directional_accuracy": 0.4678144117806291,
      "error_len": 18471,
      "base_len": 18471
    },
    "val": {
      "base_loss": 0.0191531094,
      "abs_loss": 0.018882936757,
      "rel_score": 0.014105941618022588,
      "directional_accuracy": 0.4551971326164875,
      "error_len": 2232,
      "base_len": 2232
    },
    "test": {
      "base_loss": 0.026905943300000023,
      "abs_loss": 0.027007179886000002,
      "rel_score": -0.003762610545603007,
      "directional_accuracy": 0.46200840015273004,
      "error_len": 2619,
      "base_len": 2619
    }
  },
  "linear_regression": {
    "train": {
      "base_loss": 0.0282518485,
      "abs_loss": 0.028651854945,
      "rel_score": -0.014158593728831548,
      "directional_accuracy": 0.44404742569433164,
      "error_len": 18471,
      "base_len": 18471
    },
    "val": {
      "base_loss": 0.0191531094,
      "abs_loss": 0.020173775845,
      "rel_score": -0.05328985616298931,
      "directional_accuracy": 0.45654121863799285,
      "error_len": 2232,
      "base_len": 2232
    },
    "test": {
      "base_loss": 0.026905943300000023,
      "abs_loss": 0.02744080344000001,
      "rel_score": -0.019878884528831353,
      "directional_accuracy": 0.4547537227949599,
      "error_len": 2619,
      "base_len": 2619
    }
  },
  "arima": {
    "train": {
      "base_loss": 0.0282518485,
      "abs_loss": 0.028302736499999998,
      "rel_score": -0.0018012272719074574,
      "directional_accuracy": 0.45779871149369283,
      "error_len": 18471,
      "base_len": 18471
    },
    "val": {
      "base_loss": 0.0191531094,
      "abs_loss": 0.019075974533500004,
      "rel_score": 0.0040272764536078975,
      "directional_accuracy": 0.4735663082437276,
      "error_len": 2232,
      "base_len": 2232
    },
    "test": {
      "base_loss": 0.026905943300000023,
      "abs_loss": 0.027213441360000017,
      "rel_score": -0.011428629599468332,
      "directional_accuracy": 0.4413898434516991,
      "error_len": 2619,
      "base_len": 2619
    }
  },
  "lstm_ensemble": {
    "train": {
      "base_loss": 0.0282518485,
      "abs_loss": 0.02818605934,
      "rel_score": 0.0023286674498483872,
      "directional_accuracy": 0.4627253532564561,
      "error_len": 18471,
      "base_len": 18471
    },
    "val": {
      "base_loss": 0.0191531094,
      "abs_loss": 0.018848194023,
      "rel_score": 0.01591988907033548,
      "directional_accuracy": 0.4475806451612903,
      "error_len": 2232,
      "base_len": 2232
    },
    "test": {
      "base_loss": 0.026905943300000023,
      "abs_loss": 0.02712789634000002,
      "rel_score": -0.008249219792267892,
      "directional_accuracy": 0.4635357006491027,
      "error_len": 2619,
      "base_len": 2619
    }
  },
  "lstm_seed_42": {
    "train": {
      "base_loss": 0.0282518485,
      "abs_loss": 0.028156101849999997,
      "rel_score": 0.003389040189706649,
      "directional_accuracy": 0.4678144117806291,
      "error_len": 18471,
      "base_len": 18471
    },
    "val": {
      "base_loss": 0.0191531094,
      "abs_loss": 0.018882936757,
      "rel_score": 0.014105941618022588,
      "directional_accuracy": 0.4551971326164875,
      "error_len": 2232,
      "base_len": 2232
    },
    "test": {
      "base_loss": 0.026905943300000023,
      "abs_loss": 0.027007179886000002,
      "rel_score": -0.003762610545603007,
      "directional_accuracy": 0.46200840015273004,
      "error_len": 2619,
      "base_len": 2619
    }
  },
  "lstm_seed_52": {
    "train": {
      "base_loss": 0.0282518485,
      "abs_loss": 0.02818662165,
      "rel_score": 0.002308763973444039,
      "directional_accuracy": 0.4614801580856478,
      "error_len": 18471,
      "base_len": 18471
    },
    "val": {
      "base_loss": 0.0191531094,
      "abs_loss": 0.018874798082500005,
      "rel_score": 0.014530868679734854,
      "directional_accuracy": 0.46102150537634407,
      "error_len": 2232,
      "base_len": 2232
    },
    "test": {
      "base_loss": 0.026905943300000023,
      "abs_loss": 0.027018225643000007,
      "rel_score": -0.004173142779200889,
      "directional_accuracy": 0.4715540282550592,
      "error_len": 2619,
      "base_len": 2619
    }
  },
  "lstm_seed_62": {
    "train": {
      "base_loss": 0.0282518485,
      "abs_loss": 0.02821704775,
      "rel_score": 0.0012318043543237955,
      "directional_accuracy": 0.46494504899572303,
      "error_len": 18471,
      "base_len": 18471
    },
    "val": {
      "base_loss": 0.0191531094,
      "abs_loss": 0.018743513080000003,
      "rel_score": 0.021385369416832,
      "directional_accuracy": 0.44310035842293904,
      "error_len": 2232,
      "base_len": 2232
    },
    "test": {
      "base_loss": 0.026905943300000023,
      "abs_loss": 0.02712556624000001,
      "rel_score": -0.008162618108244812,
      "directional_accuracy": 0.45895379915998474,
      "error_len": 2619,
      "base_len": 2619
    }
  },
  "lstm_best_by_val": {
    "train": {
      "base_loss": 0.0282518485,
      "abs_loss": 0.02821704775,
      "rel_score": 0.0012318043543237955,
      "directional_accuracy": 0.46494504899572303,
      "error_len": 18471,
      "base_len": 18471
    },
    "val": {
      "base_loss": 0.0191531094,
      "abs_loss": 0.018743513080000003,
      "rel_score": 0.021385369416832,
      "directional_accuracy": 0.44310035842293904,
      "error_len": 2232,
      "base_len": 2232
    },
    "test": {
      "base_loss": 0.026905943300000023,
      "abs_loss": 0.02712556624000001,
      "rel_score": -0.008162618108244812,
      "directional_accuracy": 0.45895379915998474,
      "error_len": 2619,
      "base_len": 2619
    }
  },
  "lstm_top2_by_val": {
    "train": {
      "base_loss": 0.0282518485,
      "abs_loss": 0.02819670679,
      "rel_score": 0.0019517912252714487,
      "directional_accuracy": 0.4631584646202155,
      "error_len": 18471,
      "base_len": 18471
    },
    "val": {
      "base_loss": 0.0191531094,
      "abs_loss": 0.018842986457999998,
      "rel_score": 0.016191780432267655,
      "directional_accuracy": 0.4404121863799283,
      "error_len": 2232,
      "base_len": 2232
    },
    "test": {
      "base_loss": 0.026905943300000023,
      "abs_loss": 0.027111909470000042,
      "rel_score": -0.007655043634913872,
      "directional_accuracy": 0.46888125238640704,
      "error_len": 2619,
      "base_len": 2619
    }
  },
  "lstm_signmag": {
    "train": {
      "base_loss": 0.0282518485,
      "abs_loss": 0.028271889681,
      "rel_score": -0.0007093759192429161,
      "directional_accuracy": 0.45227654160576036,
      "error_len": 18471,
      "base_len": 18471
    },
    "val": {
      "base_loss": 0.0191531094,
      "abs_loss": 0.018857683403,
      "rel_score": 0.015424440534966055,
      "directional_accuracy": 0.4583333333333333,
      "error_len": 2232,
      "base_len": 2232
    },
    "test": {
      "base_loss": 0.026905943300000023,
      "abs_loss": 0.027029217650000013,
      "rel_score": -0.004581677312907706,
      "directional_accuracy": 0.47308132875143183,
      "error_len": 2619,
      "base_len": 2619
    }
  },
  "lstm_signmag_ensemble": {
    "train": {
      "base_loss": 0.0282518485,
      "abs_loss": 0.028320148165000003,
      "rel_score": -0.002417529068938773,
      "directional_accuracy": 0.4489740674570949,
      "error_len": 18471,
      "base_len": 18471
    },
    "val": {
      "base_loss": 0.0191531094,
      "abs_loss": 0.01894127139650001,
      "rel_score": 0.011060240876606175,
      "directional_accuracy": 0.46774193548387094,
      "error_len": 2232,
      "base_len": 2232
    },
    "test": {
      "base_loss": 0.026905943300000023,
      "abs_loss": 0.026977293216000002,
      "rel_score": -0.0026518273380877755,
      "directional_accuracy": 0.4715540282550592,
      "error_len": 2619,