{
  "lstm": {
    "train": {
      "mse": 0.0004650422197300941,
      "mae": 0.01500682346522808,
      "directional_accuracy": 0.4678144117806291,
      "base_loss": 0.0282518485,
      "abs_loss": 0.028156101849999997,
      "rel_score": 0.003389040189706649
    },
    "val": {
      "mse": 0.00023501452233176678,
      "mae": 0.01055523194372654,
      "directional_accuracy": 0.4551971326164875,
      "base_loss": 0.0191531094,
      "abs_loss": 0.018882936757,
      "rel_score": 0.014105941618022588
    },
    "test": {
      "mse": 0.0004520910733845085,
      "mae": 0.014576000161468983,
      "directional_accuracy": 0.46200840015273004,
      "base_loss": 0.026905943300000023,
      "abs_loss": 0.027007179886000002,
      "rel_score": -0.003762610545603007
    }
  },
  "linear_regression": {
    "train": {
      "mse": 0.000460039300378412,
      "mae": 0.015111418440937996,
      "directional_accuracy": 0.44404742569433164,
      "base_loss": 0.0282518485,
      "abs_loss": 0.028651854945,
      "rel_score": -0.014158593728831548
    },
    "val": {
      "mse": 0.00023459596559405327,
      "mae": 0.01075951661914587,
      "directional_accuracy": 0.45654121863799285,
      "base_loss": 0.0191531094,
      "abs_loss": 0.020173775845,
      "rel_score": -0.05328985616298931
    },
    "test": {
      "mse": 0.00045307748951017857,
      "mae": 0.014738322235643864,
      "directional_accuracy": 0.4547537227949599,
      "base_loss": 0.026905943300000023,
      "abs_loss": 0.02744080344000001,
      "rel_score": -0.019878884528831353
    }
  },
  "arima": {
    "train": {
      "mse": 0.0004686840111389756,
      "mae": 0.015132277272641659,
      "directional_accuracy": 0.45779871149369283,
      "base_loss": 0.0282518485,
      "abs_loss": 0.028302736499999998,
      "rel_score": -0.0018012272719074574
    },
    "val": {
      "mse": 0.00023234471154864877,
      "mae": 0.010559502057731152,
      "directional_accuracy": 0.4735663082437276,
      "base_loss": 0.0191531094,
      "abs_loss": 0.019075974533500004,
      "rel_score": 0.0040272764536078975
    },
    "test": {
      "mse": 0.00044923846144229174,
      "mae": 0.01449063140898943,
      "directional_accuracy": 0.4413898434516991,
      "base_loss": 0.026905943300000023,
      "abs_loss": 0.027213441360000017,
      "rel_score": -0.011428629599468332
    }
  },
  "lstm_ensemble": {
    "train": {
      "mse": 0.00046347209718078375,
      "mae": 0.014988506212830544,
      "directional_accuracy": 0.4627253532564561,
      "base_loss": 0.0282518485,
      "abs_loss": 0.02818605934,
      "rel_score": 0.0023286674498483872
    },
    "val": {
      "mse": 0.0002348669950151816,
      "mae": 0.010553156957030296,
      "directional_accuracy": 0.4475806451612903,
      "base_loss": 0.0191531094,
      "abs_loss": 0.018848194023,
      "rel_score": 0.01591988907033548
    },
    "test": {
      "mse": 0.00045080704148858786,
      "mae": 0.014541828073561192,
      "directional_accuracy": 0.4635357006491027,
      "base_loss": 0.026905943300000023,
      "abs_loss": 0.02712789634000002,
      "rel_score": -0.008249219792267892
    }
  },
  "lstm_seed_42": {
    "train": {
      "mse": 0.0004650422197300941,
      "mae": 0.01500682346522808,
      "directional_accuracy": 0.4678144117806291,
      "base_loss": 0.0282518485,
      "abs_loss": 0.028156101849999997,
      "rel_score": 0.003389040189706649
    },
    "val": {
      "mse": 0.00023501452233176678,
      "mae": 0.01055523194372654,
      "directional_accuracy": 0.4551971326164875,
      "base_loss": 0.0191531094,
      "abs_loss": 0.018882936757,
      "rel_score": 0.014105941618022588
    },
    "test": {
      "mse": 0.0004520910733845085,
      "mae": 0.014576000161468983,
      "directional_accuracy": 0.46200840015273004,
      "base_loss": 0.026905943300000023,
      "abs_loss": 0.027007179886000002,
      "rel_score": -0.003762610545603007
    }
  },
  "lstm_seed_52": {
    "train": {
      "mse": 0.00046367780305445194,
      "mae": 0.01499983575195074,
      "directional_accuracy": 0.4614801580856478,
      "base_loss": 0.0282518485,
      "abs_loss": 0.02818662165,
      "rel_score": 0.002308763973444039
    },
    "val": {
      "mse": 0.00023467665596399456,
      "mae": 0.010551630519330502,
      "directional_accuracy": 0.46102150537634407,
      "base_loss": 0.0191531094,
      "abs_loss": 0.018874798082500005,
      "rel_score": 0.014530868679734854
    },
    "test": {
      "mse": 0.00045096554094925523,
      "mae": 0.014546109363436699,
      "directional_accuracy": 0.4715540282550592,
      "base_loss": 0.026905943300000023,
      "abs_loss": 0.027018225643000007,
      "rel_score": -0.004173142779200889
    }
  },
  "lstm_seed_62": {
    "train": {
      "mse": 0.0004624355351552367,
      "mae": 0.014973705634474754,
      "directional_accuracy": 0.46494504899572303,
      "base_loss": 0.0282518485,
      "abs_loss": 0.02821704775,
      "rel_score": 0.0012318043543237955
    },
    "val": {
      "mse": 0.00023516961664427072,
      "mae": 0.01056646928191185,
      "directional_accuracy": 0.44310035842293904,
      "base_loss": 0.0191531094,
      "abs_loss": 0.018743513080000003,
      "rel_score": 0.021385369416832
    },
    "test": {
      "mse": 0.00045015985961072147,
      "mae": 0.014523107558488846,
      "directional_accuracy": 0.45895379915998474,
      "base_loss": 0.026905943300000023,
      "abs_loss": 0.02712556624000001,
      "rel_score": -0.008162618108244812
    }
  },
  "lstm_best_by_val": {
    "train": {
      "mse": 0.0004624355351552367,
      "mae": 0.014973705634474754,
      "directional_accuracy": 0.46494504899572303,
      "base_loss": 0.0282518485,
      "abs_loss": 0.02821704775,
      "rel_score": 0.0012318043543237955
    },
    "val": {
      "mse": 0.00023516961664427072,
      "mae": 0.01056646928191185,
      "directional_accuracy": 0.44310035842293904,
      "base_loss": 0.0191531094,
      "abs_loss": 0.018743513080000003,
      "rel_score": 0.021385369416832
    },
    "test": {
      "mse": 0.00045015985961072147,
      "mae": 0.014523107558488846,
      "directional_accuracy": 0.45895379915998474,
      "base_loss": 0.026905943300000023,
      "abs_loss": 0.02712556624000001,
      "rel_score": -0.008162618108244812
    }
  },
  "lstm_top2_by_val": {
    "train": {
      "mse": 0.0004628189781215042,
      "mae": 0.01498214527964592,
      "directional_accuracy": 0.4631584646202155,
      "base_loss": 0.0282518485,
      "abs_loss": 0.02819670679,
      "rel_score": 0.0019517912252714487
    },
    "val": {
      "mse": 0.00023483204131480306,
      "mae": 0.01055394671857357,
      "directional_accuracy": 0.4404121863799283,
      "base_loss": 0.0191531094,
      "abs_loss": 0.018842986457999998,
      "rel_score": 0.016191780432267655
    },
    "test": {
      "mse": 0.000450356601504609,
      "mae": 0.014529555104672909,
      "directional_accuracy": 0.46888125238640704,
      "base_loss": 0.026905943300000023,
      "abs_loss": 0.027111909470000042,
      "rel_score": -0.007655043634913872
    }
  },
  "lstm_signmag": {
    "train": {
      "mse": 0.00046437507262453437,
      "mae": 0.015043485909700394,
      "directional_accuracy": 0.45227654160576036,
      "base_loss": 0.0282518485,
      "abs_loss": 0.028271889681,
      "rel_score": -0.0007093759192429161
    },
    "val": {
      "mse": 0.0002330092538613826,
      "mae": 0.010545922443270683,
      "directional_accuracy": 0.4583333333333333,
      "base_loss": 0.0191531094,
      "abs_loss": 0.018857683403,
      "rel_score": 0.015424440534966055
    },
    "test": {
      "mse": 0.0004496616020333022,
      "mae": 0.014547424390912056,
      "directional_accuracy": 0.47308132875143183,
      "base_loss": 0.026905943300000023,
      "abs_loss": 0.027029217650000013,
      "rel_score": -0.004581677312907706
    }
  },
  "lstm_signmag_ensemble": {
    "train": {
      "mse": 0.000465206743683666,