{
  "lstm": {
    "train": {
      "mse": 0.0013571418821811676,
      "mae": 0.02580905705690384,
      "directional_accuracy": 0.5187590187590188,
      "base_loss": 0.0481283962726593,
      "abs_loss": 0.048034454230219126,
      "rel_score": 0.0019519046906938398
    },
    "val": {
      "mse": 0.000764031196013093,
      "mae": 0.019809948280453682,
      "directional_accuracy": 0.5,
      "base_loss": 0.037043309584259984,
      "abs_loss": 0.03667750042513944,
      "rel_score": 0.009875174848739232
    },
    "test": {
      "mse": 0.0039127301424741745,
      "mae": 0.04587065055966377,
      "directional_accuracy": 0.4602649006622517,
      "base_loss": 0.087188769876957,
      "abs_loss": 0.08682455369562377,
      "rel_score": 0.004177329051060497
    }
  },
  "linear_regression": {
    "train": {
      "mse": 0.0013434147695079446,
      "mae": 0.026051005348563194,
      "directional_accuracy": 0.49927849927849927,
      "base_loss": 0.0481283962726593,
      "abs_loss": 0.04775991360656917,
      "rel_score": 0.007656242356437248
    },
    "val": {
      "mse": 0.0007698426488786936,
      "mae": 0.02004304900765419,
      "directional_accuracy": 0.5040322580645161,
      "base_loss": 0.037043309584259984,
      "abs_loss": 0.037573355837957935,
      "rel_score": -0.014308825524681934
    },
    "test": {
      "mse": 0.00392250157892704,
      "mae": 0.0460335798561573,
      "directional_accuracy": 0.4966887417218543,
      "base_loss": 0.087188769876957,
      "abs_loss": 0.08758451442699883,
      "rel_score": -0.004538939482691573
    }
  },
  "arima": {
    "train": {
      "mse": 0.0013676781672984362,
      "mae": 0.025954458862543106,
      "directional_accuracy": 0.494949494949495,
      "base_loss": 0.0481283962726593,
      "abs_loss": 0.0479764255869668,
      "rel_score": 0.0031576095914676028
    },
    "val": {
      "mse": 0.0007735170074738562,
      "mae": 0.019969956949353218,
      "directional_accuracy": 0.4637096774193548,
      "base_loss": 0.037043309584259984,
      "abs_loss": 0.036576465198595545,
      "rel_score": 0.01260266404119581
    },
    "test": {
      "mse": 0.0039296261966228485,
      "mae": 0.04597491770982742,
      "directional_accuracy": 0.4337748344370861,
      "base_loss": 0.087188769876957,
      "abs_loss": 0.08757783561886756,
      "rel_score": -0.00446233778111127
    }
  }
}