{
  "lstm": {
    "train": {
      "base_loss": 0.057803232222795486,
      "abs_loss": 0.05789386710966937,
      "rel_score": -0.0015679899443088452,
      "directional_accuracy": 0.4882361034672537,
      "error_len": 14536,
      "base_len": 14536
    },
    "val": {
      "base_loss": 0.044775551743805396,
      "abs_loss": 0.04450609156629069,
      "rel_score": 0.006018020259280998,
      "directional_accuracy": 0.5086782376502003,
      "error_len": 1498,
      "base_len": 1498
    },
    "test": {
      "base_loss": 0.06549255177378654,
      "abs_loss": 0.06594443472567946,
      "rel_score": -0.006899760959898638,
      "directional_accuracy": 0.4934138309549945,
      "error_len": 1822,
      "base_len": 1822
    }
  },
  "linear_regression": {
    "train": {
      "base_loss": 0.057803232222795486,
      "abs_loss": 0.05834269378101453,
      "rel_score": -0.009332723058457226,
      "directional_accuracy": 0.4844523940561365,
      "error_len": 14536,
      "base_len": 14536
    },
    "val": {
      "base_loss": 0.044775551743805396,
      "abs_loss": 0.04564895068760961,
      "rel_score": -0.01950615703859082,
      "directional_accuracy": 0.4712950600801068,
      "error_len": 1498,
      "base_len": 1498
    },
    "test": {
      "base_loss": 0.06549255177378654,
      "abs_loss": 0.06637392240809278,
      "rel_score": -0.013457570524210594,
      "directional_accuracy": 0.49121844127332603,
      "error_len": 1822,
      "base_len": 1822
    }
  }
}