{
  "lstm": {
    "train": {
      "mse": 0.0020161690190434456,
      "mae": 0.03129957243800163,
      "directional_accuracy": 0.4882361034672537,
      "base_loss": 0.057803232222795486,
      "abs_loss": 0.05789386710966937,
      "rel_score": -0.0015679899443088452
    },
    "val": {
      "mse": 0.0011355860624462366,
      "mae": 0.02425614930689335,
      "directional_accuracy": 0.5086782376502003,
      "base_loss": 0.044775551743805396,
      "abs_loss": 0.04450609156629069,
      "rel_score": 0.006018020259280998
    },
    "test": {
      "mse": 0.0024002890568226576,
      "mae": 0.03590185567736626,
      "directional_accuracy": 0.4934138309549945,
      "base_loss": 0.06549255177378654,
      "abs_loss": 0.06594443472567946,
      "rel_score": -0.006899760959898638
    }
  },
  "linear_regression": {
    "train": {
      "mse": 0.0019653900526463985,
      "mae": 0.03131496161222458,
      "directional_accuracy": 0.4844523940561365,
      "base_loss": 0.057803232222795486,
      "abs_loss": 0.05834269378101453,
      "rel_score": -0.009332723058457226
    },
    "val": {
      "mse": 0.0011771852150559425,
      "mae": 0.024985231459140778,
      "directional_accuracy": 0.4712950600801068,
      "base_loss": 0.044775551743805396,
      "abs_loss": 0.04564895068760961,
      "rel_score": -0.01950615703859082
    },
    "test": {
      "mse": 0.0024974795524030924,
      "mae": 0.036596573889255524,
      "directional_accuracy": 0.49121844127332603,
      "base_loss": 0.06549255177378654,
      "abs_loss": 0.06637392240809278,
      "rel_score": -0.013457570524210594
    }
  }
}