{
  "linear_regression": {
    "threshold": 0.0025,
    "holding_period": 3,
    "trade_count": 429,
    "coverage": 0.23519736842105263,
    "directional_accuracy": 0.5454545454545454,
    "avg_actual_return": 0.006469556915151515,
    "avg_strategy_return": 0.006469556915151515,
    "cumulative_strategy_return": 2.7754399166,
    "final_equity": 9.988176158710976,
    "sampled_buy_hold_equity": 9.988176158710976
  },
  "lstm": {
    "threshold": 0.005,
    "holding_period": 3,
    "trade_count": 269,
    "coverage": 0.1474780701754386,
    "directional_accuracy": 0.5650557620817844,
    "avg_actual_return": 0.008628166327137546,
    "avg_strategy_return": 0.008628166327137546,
    "cumulative_strategy_return": 2.320976742,
    "final_equity": 6.2018418456079925,
    "sampled_buy_hold_equity": 6.2018418456079925
  }
}