features,feature_count,train_rel_score,val_rel_score,test_rel_score,train_mse,val_mse,test_mse,train_mae,val_mae,test_mae,train_abs_loss,val_abs_loss,test_abs_loss
"lower_shadow,atr_gap",2,-0.025323473991630152,0.033792027133435765,0.000483958036784804,0.00021918496349826455,0.00012352649355307221,0.0003501573810353875,0.010525784455239773,0.007714522071182728,0.012944691814482212,0.0197938927623909,0.013349674851633608,0.023235753818880767
"lower_shadow,macd",2,-0.019135206064525567,0.03171529796091288,-0.030892481663471028,0.00021870038472115993,0.0001225091691594571,0.00036234623985365033,0.010492151603102684,0.0075472136959433556,0.01307826116681099,0.019599056045990437,0.013378368114354089,0.02396516205044463
