{
  "linear_regression": {
    "threshold": 0.0,
    "holding_period": 1,
    "trade_count": 818,
    "coverage": 0.6683006535947712,
    "directional_accuracy": 0.5721271393643031,
    "avg_actual_return": 0.0016974915034229832,
    "avg_strategy_return": 0.0016974915034229832,
    "cumulative_strategy_return": 1.3885480498000002,
    "final_equity": 3.438084175973407,
    "sampled_buy_hold_equity": 3.438084175973407
  },
  "lstm_best_by_val": {
    "threshold": 0.0,
    "holding_period": 1,
    "trade_count": 866,
    "coverage": 0.7075163398692811,
    "directional_accuracy": 0.5508083140877598,
    "avg_actual_return": 0.001626720900461894,
    "avg_strategy_return": 0.001626720900461894,
    "cumulative_strategy_return": 1.4087402998000003,
    "final_equity": 3.4012828318544246,
    "sampled_buy_hold_equity": 3.4012828318544246
  },
  "lstm_seed_62": {
    "threshold": 0.0,
    "holding_period": 1,
    "trade_count": 866,
    "coverage": 0.7075163398692811,
    "directional_accuracy": 0.5508083140877598,
    "avg_actual_return": 0.001626720900461894,
    "avg_strategy_return": 0.001626720900461894,
    "cumulative_strategy_return": 1.4087402998000003,
    "final_equity": 3.4012828318544246,
    "sampled_buy_hold_equity": 3.4012828318544246
  },
  "lstm_signmag_best_by_val": {
    "threshold": 0.0,
    "holding_period": 1,
    "trade_count": 891,
    "coverage": 0.7279411764705882,
    "directional_accuracy": 0.5499438832772167,
    "avg_actual_return": 0.0014424926177328845,
    "avg_strategy_return": 0.0014424926177328845,
    "cumulative_strategy_return": 1.2852609224,
    "final_equity": 2.9689634445606696,
    "sampled_buy_hold_equity": 2.9689634445606696
  },
  "lstm_signmag_seed_62": {
    "threshold": 0.0,
    "holding_period": 1,
    "trade_count": 891,
    "coverage": 0.7279411764705882,
    "directional_accuracy": 0.5499438832772167,
    "avg_actual_return": 0.0014424926177328845,
    "avg_strategy_return": 0.0014424926177328845,
    "cumulative_strategy_return": 1.2852609224,
    "final_equity": 2.9689634445606696,
    "sampled_buy_hold_equity": 2.9689634445606696
  },
  "lstm_ensemble": {
    "threshold": 0.0,
    "holding_period": 1,
    "trade_count": 1022,
    "coverage": 0.8349673202614379,
    "directional_accuracy": 0.5538160469667319,
    "avg_actual_return": 0.0012205902226027398,
    "avg_strategy_return": 0.0012205902226027398,
    "cumulative_strategy_return": 1.2474432075,
    "final_equity": 2.7844874134355098,
    "sampled_buy_hold_equity": 2.7844874134355098
  },
  "lstm_seed_52": {
    "threshold": 0.0,
    "holding_period": 1,
    "trade_count": 1026,
    "coverage": 0.8382352941176471,
    "directional_accuracy": 0.5594541910331384,
    "avg_actual_return": 0.001188568525146199,
    "avg_strategy_return": 0.001188568525146199,
    "cumulative_strategy_return": 1.2194713068,
    "final_equity": 2.707746406367582,
    "sampled_buy_hold_equity": 2.707746406367582
  },
  "lstm_signmag_seed_52": {
    "threshold": 0.0,
    "holding_period": 1,
    "trade_count": 976,
    "coverage": 0.7973856209150327,
    "directional_accuracy": 0.5594262295081968,
    "avg_actual_return": 0.0010843579423155736,
    "avg_strategy_return": 0.0010843579423155736,
    "cumulative_strategy_return": 1.0583333517,
    "final_equity": 2.304157586734214,
    "sampled_buy_hold_equity": 2.304157586734214
  },
  "lstm_top2_by_val": {
    "threshold": 0.0,
    "holding_period": 1,
    "trade_count": 957,
    "coverage": 0.7818627450980392,
    "directional_accuracy": 0.5454545454545454,
    "avg_actual_return": 0.0010374718504702193,
    "avg_strategy_return": 0.0010374718504702193,
    "cumulative_strategy_return": 0.9928605609,
    "final_equity": 2.1877524911536317,
    "sampled_buy_hold_equity": 2.1877524911536317
  },
  "lstm_signmag_ensemble": {
    "threshold": 0.0,
    "holding_period": 1,
    "trade_count": 1089,
    "coverage": 0.8897058823529411,
    "directional_accuracy": 0.5482093663911846,
    "avg_actual_return": 0.000865579993939394,
    "avg_strategy_return": 0.000865579993939394,
    "cumulative_strategy_return": 0.9426166134,
    "final_equity": 2.035916032946803,
    "sampled_buy_hold_equity": 2.035916032946803
  },
  "lstm_signmag": {
    "threshold": 0.0,
    "holding_period": 1,
    "trade_count": 889,
    "coverage": 0.7263071895424836,
    "directional_accuracy": 0.5466816647919011,
    "avg_actual_return": 0.000958631835208099,
    "avg_strategy_return": 0.000958631835208099,
    "cumulative_strategy_return": 0.8522237015,
    "final_equity": 1.9091667113540498,
    "sampled_buy_hold_equity": 1.9091667113540498
  },
  "lstm_signmag_seed_42": {
    "threshold": 0.0,
    "holding_period": 1,
    "trade_count": 889,
    "coverage": 0.7263071895424836,
    "directional_accuracy": 0.5466816647919011,
    "avg_actual_return": 0.000958631835208099,
    "avg_strategy_return": 0.000958631835208099,
    "cumulative_strategy_return": 0.8522237015,
    "final_equity": 1.9091667113540498,
    "sampled_buy_hold_equity": 1.9091667113540498
  },
  "lstm": {
    "threshold": 0.0,
    "holding_period": 1,
    "trade_count": 829,
    "coverage": 0.6772875816993464,
    "directional_accuracy": 0.5464414957780458,
    "avg_actual_return": 0.0009954818338962607,
    "avg_strategy_return": 0.0009954818338962607,
    "cumulative_strategy_return": 0.8252544403000002,
    "final_equity": 1.8868668233020005,
    "sampled_buy_hold_equity": 1.8868668233020005
  },
  "lstm_seed_42": {
    "threshold": 0.0,
    "holding_period": 1,
    "trade_count": 829,
    "coverage": 0.6772875816993464,
    "directional_accuracy": 0.5464414957780458,
    "avg_actual_return": 0.0009954818338962607,
    "avg_strategy_return": 0.0009954818338962607,
    "cumulative_strategy_return": 0.8252544403000002,
    "final_equity": 1.8868668233020005,
    "sampled_buy_hold_equity": 1.8868668233020005
  },
  "lstm_signmag_top2_by_val": {
    "threshold": 0.0,
    "holding_period": 1,
    "trade_count": 966,
    "coverage": 0.7892156862745098,
    "directional_accuracy": 0.5403726708074534,
    "avg_actual_return": 0.0008239427776397517,
    "avg_strategy_return": 0.0008239427776397517,
    "cumulative_strategy_return": 0.7959287232000001,
    "final_equity": 1.7881169109802346,
    "sampled_buy_hold_equity": 1.7881169109802346
  },
  "arima": {
    "threshold": 0.0,
    "holding_period": 1,
    "trade_count": 996,
    "coverage": 0.8137254901960784,
    "directional_accuracy": 0.5592369477911646,
    "avg_actual_return": 0.0005332941190763053,
    "avg_strategy_return": 0.0005332941190763053,
    "cumulative_strategy_return": 0.5311609426,
    "final_equity": 1.3774028384541346,
    "sampled_buy_hold_equity": 1.3774028384541346
  }
}