{
  "lstm": {
    "train": {
      "mse": 0.0005238750600256026,
      "mae": 0.015753207728266716,
      "directional_accuracy": 0.4440409060498901,
      "base_loss": 0.02986473770000002,
      "abs_loss": 0.02978513497400003,
      "rel_score": 0.002665441993819573
    },
    "val": {
      "mse": 0.00031367765041068196,
      "mae": 0.012401659041643143,
      "directional_accuracy": 0.4465725806451613,
      "base_loss": 0.022551197849999996,
      "abs_loss": 0.022663165152,
      "rel_score": -0.004965026813420481
    },
    "test": {
      "mse": 0.0003821530262939632,
      "mae": 0.01248013786971569,
      "directional_accuracy": 0.4793046357615894,
      "base_loss": 0.02224989169999999,
      "abs_loss": 0.021897459959699998,
      "rel_score": 0.015839705875961285
    }
  },
  "linear_regression": {
    "train": {
      "mse": 0.000510402605868876,
      "mae": 0.0158116165548563,
      "directional_accuracy": 0.4313294466214279,
      "base_loss": 0.02986473770000002,
      "abs_loss": 0.03043944541,
      "rel_score": -0.019243688518984836
    },
    "val": {
      "mse": 0.00032527369330637157,
      "mae": 0.01285156887024641,
      "directional_accuracy": 0.43951612903225806,
      "base_loss": 0.022551197849999996,
      "abs_loss": 0.02344788366,
      "rel_score": -0.03976222531345508
    },
    "test": {
      "mse": 0.00038267290801741183,
      "mae": 0.012823326513171196,
      "directional_accuracy": 0.4271523178807947,
      "base_loss": 0.02224989169999999,
      "abs_loss": 0.023720283429999992,
      "rel_score": -0.06608534323787318
    }
  },
  "arima": {
    "train": {
      "mse": 0.0005187931819818914,
      "mae": 0.015790708363056183,
      "directional_accuracy": 0.4148905667590557,
      "base_loss": 0.02986473770000002,
      "abs_loss": 0.029996484440000012,
      "rel_score": -0.0044114480871531025
    },
    "val": {
      "mse": 0.00031885947100818157,
      "mae": 0.012526249513030052,
      "directional_accuracy": 0.42439516129032256,
      "base_loss": 0.022551197849999996,
      "abs_loss": 0.0231996638405,
      "rel_score": -0.02875527920127774
    },
    "test": {
      "mse": 0.0003815407690126449,
      "mae": 0.012608046643435955,
      "directional_accuracy": 0.41225165562913907,
      "base_loss": 0.02224989169999999,
      "abs_loss": 0.023139823815999994,
      "rel_score": -0.03999714371643459
    }
  },
  "lstm_ensemble": {
    "train": {
      "mse": 0.0005225035711191595,
      "mae": 0.01571458764374256,
      "directional_accuracy": 0.4521647710981554,
      "base_loss": 0.02986473770000002,
      "abs_loss": 0.02974083039000002,
      "rel_score": 0.0041489502183036375
    },
    "val": {
      "mse": 0.0003130332625005394,
      "mae": 0.012418599799275398,
      "directional_accuracy": 0.4435483870967742,
      "base_loss": 0.022551197849999996,
      "abs_loss": 0.022683796216999997,
      "rel_score": -0.0058798813208054135
    },
    "test": {
      "mse": 0.0003829928464256227,
      "mae": 0.012553238309919834,
      "directional_accuracy": 0.4246688741721854,
      "base_loss": 0.02224989169999999,
      "abs_loss": 0.022136823682499987,
      "rel_score": 0.005081733386594567
    }
  },
  "lstm_seed_42": {
    "train": {
      "mse": 0.0005238750600256026,
      "mae": 0.015753207728266716,
      "directional_accuracy": 0.4440409060498901,
      "base_loss": 0.02986473770000002,
      "abs_loss": 0.02978513497400003,
      "rel_score": 0.002665441993819573
    },
    "val": {
      "mse": 0.00031367765041068196,
      "mae": 0.012401659041643143,
      "directional_accuracy": 0.4465725806451613,
      "base_loss": 0.022551197849999996,
      "abs_loss": 0.022663165152,
      "rel_score": -0.004965026813420481
    },
    "test": {
      "mse": 0.0003821530262939632,
      "mae": 0.01248013786971569,
      "directional_accuracy": 0.4793046357615894,
      "base_loss": 0.02224989169999999,
      "abs_loss": 0.021897459959699998,
      "rel_score": 0.015839705875961285
    }
  },
  "lstm_seed_52": {
    "train": {
      "mse": 0.0005273791612125933,
      "mae": 0.01582428067922592,
      "directional_accuracy": 0.45140017203478927,
      "base_loss": 0.02986473770000002,
      "abs_loss": 0.029738112935000015,
      "rel_score": 0.004239942311631384
    },
    "val": {
      "mse": 0.00031377296545542777,
      "mae": 0.012484012171626091,
      "directional_accuracy": 0.44455645161290325,
      "base_loss": 0.022551197849999996,
      "abs_loss": 0.022757183492349994,
      "rel_score": -0.009134133083311902
    },
    "test": {
      "mse": 0.0003902547468896955,
      "mae": 0.01285505760461092,
      "directional_accuracy": 0.402317880794702,
      "base_loss": 0.02224989169999999,
      "abs_loss": 0.022703612214999995,
      "rel_score": -0.02039203251492716
    }
  },
  "lstm_seed_62": {
    "train": {
      "mse": 0.0005231848335824907,
      "mae": 0.015782371163368225,
      "directional_accuracy": 0.444901079996177,
      "base_loss": 0.02986473770000002,
      "abs_loss": 0.029888445060000005,
      "rel_score": -0.0007938244841838582
    },
    "val": {
      "mse": 0.0003144790534861386,
      "mae": 0.012489961460232735,
      "directional_accuracy": 0.42439516129032256,
      "base_loss": 0.022551197849999996,
      "abs_loss": 0.022836250806,
      "rel_score": -0.012640257865504045
    },
    "test": {
      "mse": 0.00038503605173900723,
      "mae": 0.012653829529881477,
      "directional_accuracy": 0.43874172185430466,
      "base_loss": 0.02224989169999999,
      "abs_loss": 0.022166555774499996,
      "rel_score": 0.0037454530846094958
    }
  },
  "lstm_best_by_val": {
    "train": {
      "mse": 0.0005238750600256026,
      "mae": 0.015753207728266716,
      "directional_accuracy": 0.4440409060498901,
      "base_loss": 0.02986473770000002,
      "abs_loss": 0.02978513497400003,
      "rel_score": 0.002665441993819573
    },
    "val": {
      "mse": 0.00031367765041068196,
      "mae": 0.012401659041643143,
      "directional_accuracy": 0.4465725806451613,
      "base_loss": 0.022551197849999996,
      "abs_loss": 0.022663165152,
      "rel_score": -0.004965026813420481
    },
    "test": {
      "mse": 0.0003821530262939632,
      "mae": 0.01248013786971569,
      "directional_accuracy": 0.4793046357615894,
      "base_loss": 0.02224989169999999,
      "abs_loss": 0.021897459959699998,
      "rel_score": 0.015839705875961285
    }
  },
  "lstm_top2_by_val": {
    "train": {
      "mse": 0.0005236094584688544,
      "mae": 0.01572529412806034,
      "directional_accuracy": 0.4513045971518685,
      "base_loss": 0.02986473770000002,
      "abs_loss": 0.02971252479,
      "rel_score": 0.005096743575284002
    },
    "val": {
      "mse": 0.00031275610672309995,
      "mae": 0.012399023398756981,
      "directional_accuracy": 0.4576612903225806,
      "base_loss": 0.022551197849999996,
      "abs_loss": 0.022699896222499998,
      "rel_score": -0.006593812598739701
    },
    "test": {
      "mse": 0.00038387603126466274,
      "mae": 0.012589564546942711,
      "directional_accuracy": 0.41804635761589404,
      "base_loss": 0.02224989169999999,
      "abs_loss": 0.0220443352545,
      "rel_score": 0.009238536900383676
    }
  },
  "lstm_signmag": {
    "train": {
      "mse": 0.000524086644873023,
      "mae": 0.01576109416782856,
      "directional_accuracy": 0.44757717671795855,
      "base_loss": 0.02986473770000002,
      "abs_loss": 0.02972487934000001,
      "rel_score": 0.0046830600491096774
    },
    "val": {
      "mse": 0.0003134979633614421,
      "mae": 0.012382041662931442,
      "directional_accuracy": 0.4526209677419355,
      "base_loss": 0.022551197849999996,
      "abs_loss": 0.0226733328575,
      "rel_score": -0.0054158988942578645
    },
    "test": {
      "mse": 0.0003823214501608163,
      "mae": 0.01247833576053381,
      "directional_accuracy": 0.4445364238410596,
      "base_loss": 0.02224989169999999,