{
  "lstm": {
    "train": {
      "mse": 0.0005013057379983366,
      "mae": 0.015154230408370495,
      "directional_accuracy": 0.45184435654493604,
      "base_loss": 0.028620346999999997,
      "abs_loss": 0.028532972099999998,
      "rel_score": 0.0030528945019429043
    },
    "val": {
      "mse": 0.00028511055279523134,
      "mae": 0.010805461555719376,
      "directional_accuracy": 0.46734006734006733,
      "base_loss": 0.019438379800000002,
      "abs_loss": 0.019526202376,
      "rel_score": -0.004517998768601039
    },
    "test": {
      "mse": 0.0006759248790331185,
      "mae": 0.017305534332990646,
      "directional_accuracy": 0.4909197422378442,
      "base_loss": 0.035120026900000025,
      "abs_loss": 0.034715009068,
      "rel_score": 0.011532389572287749
    }
  },
  "linear_regression": {
    "train": {
      "mse": 0.00048188655637204647,
      "mae": 0.015230229124426842,
      "directional_accuracy": 0.44393340079109556,
      "base_loss": 0.028620346999999997,
      "abs_loss": 0.0293562477,
      "rel_score": -0.025712500970026753
    },
    "val": {
      "mse": 0.0002982699661515653,
      "mae": 0.011482304893434048,
      "directional_accuracy": 0.41548821548821546,
      "base_loss": 0.019438379800000002,
      "abs_loss": 0.021433332260000004,
      "rel_score": -0.10262956483646857
    },
    "test": {
      "mse": 0.0006824861047789454,
      "mae": 0.017815470695495605,
      "directional_accuracy": 0.44815465729349735,
      "base_loss": 0.035120026900000025,
      "abs_loss": 0.03568379524,
      "rel_score": -0.016052616975642975
    }
  },
  "arima": {
    "train": {
      "mse": 0.0004975827760063112,
      "mae": 0.015178631991147995,
      "directional_accuracy": 0.4362064207524607,
      "base_loss": 0.028620346999999997,
      "abs_loss": 0.02865137225,
      "rel_score": -0.0010840277373298512
    },
    "val": {
      "mse": 0.00028836727142333984,
      "mae": 0.01091434620320797,
      "directional_accuracy": 0.4572390572390572,
      "base_loss": 0.019438379800000002,
      "abs_loss": 0.019731842868600004,
      "rel_score": -0.015097095108719039
    },
    "test": {
      "mse": 0.0006719899247400463,
      "mae": 0.017303993925452232,
      "directional_accuracy": 0.45577035735207966,
      "base_loss": 0.035120026900000025,
      "abs_loss": 0.034992496992,
      "rel_score": 0.003631258835967044
    }
  },
  "lstm_ensemble": {
    "train": {
      "mse": 0.0005012842593714595,
      "mae": 0.015084032900631428,
      "directional_accuracy": 0.4713457823567289,
      "base_loss": 0.028620346999999997,
      "abs_loss": 0.028377014449999998,
      "rel_score": 0.008502082452040094
    },
    "val": {
      "mse": 0.0002847254218067974,
      "mae": 0.010764839127659798,
      "directional_accuracy": 0.4713804713804714,
      "base_loss": 0.019438379800000002,
      "abs_loss": 0.019442124304,
      "rel_score": -0.00019263457338136725
    },
    "test": {
      "mse": 0.0006765570724382997,
      "mae": 0.017251642420887947,
      "directional_accuracy": 0.4780316344463972,
      "base_loss": 0.035120026900000025,
      "abs_loss": 0.034946961680000006,
      "rel_score": 0.004927821396401577
    }
  },
  "lstm_seed_42": {
    "train": {
      "mse": 0.0005013057379983366,
      "mae": 0.015154230408370495,
      "directional_accuracy": 0.45184435654493604,
      "base_loss": 0.028620346999999997,
      "abs_loss": 0.028532972099999998,
      "rel_score": 0.0030528945019429043
    },
    "val": {
      "mse": 0.00028511055279523134,
      "mae": 0.010805461555719376,
      "directional_accuracy": 0.46734006734006733,
      "base_loss": 0.019438379800000002,
      "abs_loss": 0.019526202376,
      "rel_score": -0.004517998768601039
    },
    "test": {
      "mse": 0.0006759248790331185,
      "mae": 0.017305534332990646,
      "directional_accuracy": 0.4909197422378442,
      "base_loss": 0.035120026900000025,
      "abs_loss": 0.034715009068,
      "rel_score": 0.011532389572287749
    }
  },
  "lstm_seed_52": {
    "train": {
      "mse": 0.0005189842777326703,
      "mae": 0.015234828926622868,
      "directional_accuracy": 0.46279091159966884,
      "base_loss": 0.028620346999999997,
      "abs_loss": 0.028417156300000003,
      "rel_score": 0.007099519093880846
    },
    "val": {
      "mse": 0.0002847079886123538,
      "mae": 0.010769945569336414,
      "directional_accuracy": 0.4707070707070707,
      "base_loss": 0.019438379800000002,
      "abs_loss": 0.019457436980000003,
      "rel_score": -0.000980389322365216
    },
    "test": {
      "mse": 0.0006841805879957974,
      "mae": 0.017349524423480034,
      "directional_accuracy": 0.46865846514352666,
      "base_loss": 0.035120026900000025,
      "abs_loss": 0.034939624180000003,
      "rel_score": 0.0051367477739608924
    }
  },
  "lstm_seed_62": {
    "train": {
      "mse": 0.0004992720205336809,
      "mae": 0.015085097402334213,
      "directional_accuracy": 0.4628828994572716,
      "base_loss": 0.028620346999999997,
      "abs_loss": 0.028349618325,
      "rel_score": 0.00945930791824423
    },
    "val": {
      "mse": 0.0002868972369469702,
      "mae": 0.010867277160286903,
      "directional_accuracy": 0.45521885521885525,
      "base_loss": 0.019438379800000002,
      "abs_loss": 0.019408410155,
      "rel_score": 0.001541776902620362
    },
    "test": {
      "mse": 0.0006830720813013613,
      "mae": 0.01740032248198986,
      "directional_accuracy": 0.45811364967779733,
      "base_loss": 0.035120026900000025,
      "abs_loss": 0.03526515437800003,
      "rel_score": -0.004132328212994585
    }
  },
  "lstm_best_by_val": {
    "train": {
      "mse": 0.0004992720205336809,
      "mae": 0.015085097402334213,
      "directional_accuracy": 0.4628828994572716,
      "base_loss": 0.028620346999999997,
      "abs_loss": 0.028349618325,
      "rel_score": 0.00945930791824423
    },
    "val": {
      "mse": 0.0002868972369469702,
      "mae": 0.010867277160286903,
      "directional_accuracy": 0.45521885521885525,
      "base_loss": 0.019438379800000002,
      "abs_loss": 0.019408410155,
      "rel_score": 0.001541776902620362
    },
    "test": {
      "mse": 0.0006830720813013613,
      "mae": 0.01740032248198986,
      "directional_accuracy": 0.45811364967779733,
      "base_loss": 0.035120026900000025,
      "abs_loss": 0.03526515437800003,
      "rel_score": -0.004132328212994585
    }
  },
  "lstm_top2_by_val": {
    "train": {
      "mse": 0.0005042332923039794,
      "mae": 0.015099608339369297,
      "directional_accuracy": 0.4701499402078926,
      "base_loss": 0.028620346999999997,
      "abs_loss": 0.028323085682500002,
      "rel_score": 0.010386363152759648
    },
    "val": {
      "mse": 0.00028528276016004384,
      "mae": 0.01079540979117155,
      "directional_accuracy": 0.45925925925925926,
      "base_loss": 0.019438379800000002,
      "abs_loss": 0.019416608740000004,
      "rel_score": 0.0011200038390030143
    },
    "test": {
      "mse": 0.0006802330608479679,
      "mae": 0.017310403287410736,
      "directional_accuracy": 0.47627416520210897,
      "base_loss": 0.035120026900000025,
      "abs_loss": 0.034869857950000006,
      "rel_score": 0.0071232562182353965
    }
  },
  "lstm_signmag": {
    "train": {
      "mse": 0.000499713234603405,
      "mae": 0.015087765641510487,
      "directional_accuracy": 0.46177904516603807,
      "base_loss": 0.028620346999999997,
      "abs_loss": 0.02854081327,
      "rel_score": 0.002778922631511027
    },
    "val": {
      "mse": 0.00028591835871338844,
      "mae": 0.010779054835438728,
      "directional_accuracy": 0.4585858585858586,
      "base_loss": 0.019438379800000002,
      "abs_loss": 0.019499647157900007,
      "rel_score": -0.0031518757494390925
    },
    "test": {
      "mse": 0.0006769681349396706,
      "mae": 0.01728179305791855,
      "directional_accuracy": 0.46924428822495606,
      "base_loss": 0.035120026900000025,