{
  "lstm": {
    "train": {
      "mse": 0.0018390296027064323,
      "mae": 0.02966967038810253,
      "directional_accuracy": 0.5439714325724688,
      "base_loss": 0.057642375749999995,
      "abs_loss": 0.055947142054999996,
      "rel_score": 0.029409504256944108
    },
    "val": {
      "mse": 0.0012151168193668127,
      "mae": 0.02492515742778778,
      "directional_accuracy": 0.4650537634408602,
      "base_loss": 0.045005714599999996,
      "abs_loss": 0.045192407109999985,
      "rel_score": -0.00414819566046809
    },
    "test": {
      "mse": 0.002405742648988962,
      "mae": 0.0359070859849453,
      "directional_accuracy": 0.47928653624856155,
      "base_loss": 0.0653212435,
      "abs_loss": 0.06714343475,
      "rel_score": -0.027895844481282683
    }
  },
  "linear_regression": {
    "train": {
      "mse": 0.0018848938634619117,
      "mae": 0.030892683193087578,
      "directional_accuracy": 0.49880969051953505,
      "base_loss": 0.057642375749999995,
      "abs_loss": 0.05809553805,
      "rel_score": -0.007861617327596049
    },
    "val": {
      "mse": 0.0012081741588190198,
      "mae": 0.0252367053180933,
      "directional_accuracy": 0.4442204301075269,
      "base_loss": 0.045005714599999996,
      "abs_loss": 0.046573466114,
      "rel_score": -0.034834498861617824
    },
    "test": {
      "mse": 0.0025129711721092463,
      "mae": 0.03698522225022316,
      "directional_accuracy": 0.47295742232451093,
      "base_loss": 0.0653212435,
      "abs_loss": 0.06640536059499999,
      "rel_score": -0.016596700199070558
    }
  },
  "arima": {
    "train": {
      "mse": 0.0019712464418262243,
      "mae": 0.031208761036396027,
      "directional_accuracy": 0.48116510292676096,
      "base_loss": 0.057642375749999995,
      "abs_loss": 0.057645408535,
      "rel_score": -5.2613809901957964e-05
    },
    "val": {
      "mse": 0.0011471305042505264,
      "mae": 0.0246744304895401,
      "directional_accuracy": 0.4549731182795699,
      "base_loss": 0.045005714599999996,
      "abs_loss": 0.045293553125,
      "rel_score": -0.006395599482382108
    },
    "test": {
      "mse": 0.002420151839032769,
      "mae": 0.03608079254627228,
      "directional_accuracy": 0.45857307249712315,
      "base_loss": 0.0653212435,
      "abs_loss": 0.06646414092,
      "rel_score": -0.017496565569821154
    }
  }
}