{
  "lstm": {
    "train": {
      "base_loss": 0.057642375749999995,
      "abs_loss": 0.055947142054999996,
      "rel_score": 0.029409504256944108,
      "directional_accuracy": 0.5439714325724688,
      "error_len": 14282,
      "base_len": 14282
    },
    "val": {
      "base_loss": 0.045005714599999996,
      "abs_loss": 0.045192407109999985,
      "rel_score": -0.00414819566046809,
      "directional_accuracy": 0.4650537634408602,
      "error_len": 1488,
      "base_len": 1488
    },
    "test": {
      "base_loss": 0.0653212435,
      "abs_loss": 0.06714343475,
      "rel_score": -0.027895844481282683,
      "directional_accuracy": 0.47928653624856155,
      "error_len": 1738,
      "base_len": 1738
    }
  },
  "linear_regression": {
    "train": {
      "base_loss": 0.057642375749999995,
      "abs_loss": 0.05809553805,
      "rel_score": -0.007861617327596049,
      "directional_accuracy": 0.49880969051953505,
      "error_len": 14282,
      "base_len": 14282
    },
    "val": {
      "base_loss": 0.045005714599999996,
      "abs_loss": 0.046573466114,
      "rel_score": -0.034834498861617824,
      "directional_accuracy": 0.4442204301075269,
      "error_len": 1488,
      "base_len": 1488
    },
    "test": {
      "base_loss": 0.0653212435,
      "abs_loss": 0.06640536059499999,
      "rel_score": -0.016596700199070558,
      "directional_accuracy": 0.47295742232451093,
      "error_len": 1738,
      "base_len": 1738
    }
  },
  "arima": {
    "train": {
      "base_loss": 0.057642375749999995,
      "abs_loss": 0.057645408535,
      "rel_score": -5.2613809901957964e-05,
      "directional_accuracy": 0.48116510292676096,
      "error_len": 14282,
      "base_len": 14282
    },
    "val": {
      "base_loss": 0.045005714599999996,
      "abs_loss": 0.045293553125,
      "rel_score": -0.006395599482382108,
      "directional_accuracy": 0.4549731182795699,
      "error_len": 1488,
      "base_len": 1488
    },
    "test": {
      "base_loss": 0.0653212435,
      "abs_loss": 0.06646414092,
      "rel_score": -0.017496565569821154,
      "directional_accuracy": 0.45857307249712315,
      "error_len": 1738,
      "base_len": 1738
    }
  }
}