{
  "arima": {
    "threshold": 0.0,
    "holding_period": 1,
    "uncertainty_model": null,
    "uncertainty_quantile": null,
    "max_uncertainty": null,
    "uncertainty_side": null,
    "trade_count": 1056,
    "coverage": 0.6006825938566553,
    "directional_accuracy": 0.603219696969697,
    "avg_actual_return": 0.003566671657954546,
    "avg_strategy_return": 0.003566671657954546,
    "cumulative_strategy_return": 3.7664052708000004,
    "final_equity": 34.92787602626385,
    "sampled_buy_hold_equity": 34.92787602626385
  },
  "linear_regression": {
    "threshold": 0.0,
    "holding_period": 1,
    "uncertainty_model": null,
    "uncertainty_quantile": null,
    "max_uncertainty": null,
    "uncertainty_side": null,
    "trade_count": 988,
    "coverage": 0.5620022753128555,
    "directional_accuracy": 0.5728744939271255,
    "avg_actual_return": 0.0020436589508097164,
    "avg_strategy_return": 0.0020436589508097164,
    "cumulative_strategy_return": 2.0191350434,
    "final_equity": 6.0436781918609075,
    "sampled_buy_hold_equity": 6.0436781918609075
  },
  "lstm_best_by_val": {
    "threshold": 0.0,
    "holding_period": 1,
    "uncertainty_model": null,
    "uncertainty_quantile": null,
    "max_uncertainty": null,
    "uncertainty_side": null,
    "trade_count": 1020,
    "coverage": 0.5802047781569966,
    "directional_accuracy": 0.5813725490196079,
    "avg_actual_return": 0.0017621209730392163,
    "avg_strategy_return": 0.0017621209730392163,
    "cumulative_strategy_return": 1.7973633925000005,
    "final_equity": 4.882390537069513,
    "sampled_buy_hold_equity": 4.882390537069513
  },
  "lstm_seed_52": {
    "threshold": 0.0,
    "holding_period": 1,
    "uncertainty_model": null,
    "uncertainty_quantile": null,
    "max_uncertainty": null,
    "uncertainty_side": null,
    "trade_count": 1020,
    "coverage": 0.5802047781569966,
    "directional_accuracy": 0.5813725490196079,
    "avg_actual_return": 0.0017621209730392163,
    "avg_strategy_return": 0.0017621209730392163,
    "cumulative_strategy_return": 1.7973633925000005,
    "final_equity": 4.882390537069513,
    "sampled_buy_hold_equity": 4.882390537069513
  },
  "lstm_signmag_top2_by_val": {
    "threshold": 0.0,
    "holding_period": 1,
    "uncertainty_model": null,
    "uncertainty_quantile": null,
    "max_uncertainty": null,
    "uncertainty_side": null,
    "trade_count": 1101,
    "coverage": 0.6262798634812287,
    "directional_accuracy": 0.5803814713896458,
    "avg_actual_return": 0.0016380878691189828,
    "avg_strategy_return": 0.0016380878691189828,
    "cumulative_strategy_return": 1.8035347439,
    "final_equity": 4.762743422936917,
    "sampled_buy_hold_equity": 4.762743422936917
  },
  "lstm_signmag": {
    "threshold": 0.0,
    "holding_period": 1,
    "uncertainty_model": null,
    "uncertainty_quantile": null,
    "max_uncertainty": null,
    "uncertainty_side": null,
    "trade_count": 967,
    "coverage": 0.550056882821388,
    "directional_accuracy": 0.5729058945191313,
    "avg_actual_return": 0.00175724567549121,
    "avg_strategy_return": 0.00175724567549121,
    "cumulative_strategy_return": 1.6992565682,
    "final_equity": 4.339221816499351,
    "sampled_buy_hold_equity": 4.339221816499351
  },
  "lstm_signmag_seed_42": {
    "threshold": 0.0,
    "holding_period": 1,
    "uncertainty_model": null,
    "uncertainty_quantile": null,
    "max_uncertainty": null,
    "uncertainty_side": null,
    "trade_count": 967,
    "coverage": 0.550056882821388,
    "directional_accuracy": 0.5729058945191313,
    "avg_actual_return": 0.00175724567549121,
    "avg_strategy_return": 0.00175724567549121,
    "cumulative_strategy_return": 1.6992565682,
    "final_equity": 4.339221816499351,
    "sampled_buy_hold_equity": 4.339221816499351
  },
  "lstm_ensemble": {
    "threshold": 0.0,
    "holding_period": 1,
    "uncertainty_model": null,
    "uncertainty_quantile": null,
    "max_uncertainty": null,
    "uncertainty_side": null,
    "trade_count": 940,
    "coverage": 0.534698521046644,
    "directional_accuracy": 0.5712765957446808,
    "avg_actual_return": 0.0014791409835106383,
    "avg_strategy_return": 0.0014791409835106383,
    "cumulative_strategy_return": 1.3903925245,
    "final_equity": 3.283790530798968,
    "sampled_buy_hold_equity": 3.283790530798968
  },
  "lstm_signmag_best_by_val": {
    "threshold": 0.0,
    "holding_period": 1,
    "uncertainty_model": null,
    "uncertainty_quantile": null,
    "max_uncertainty": null,
    "uncertainty_side": null,
    "trade_count": 1028,
    "coverage": 0.5847554038680318,
    "directional_accuracy": 0.5651750972762646,
    "avg_actual_return": 0.0012492805597276268,
    "avg_strategy_return": 0.0012492805597276268,
    "cumulative_strategy_return": 1.2842604154000004,
    "final_equity": 2.8978419341556148,
    "sampled_buy_hold_equity": 2.8978419341556148
  },
  "lstm_signmag_seed_52": {
    "threshold": 0.0,
    "holding_period": 1,
    "uncertainty_model": null,
    "uncertainty_quantile": null,
    "max_uncertainty": null,
    "uncertainty_side": null,
    "trade_count": 1028,
    "coverage": 0.5847554038680318,
    "directional_accuracy": 0.5651750972762646,
    "avg_actual_return": 0.0012492805597276268,
    "avg_strategy_return": 0.0012492805597276268,
    "cumulative_strategy_return": 1.2842604154000004,
    "final_equity": 2.8978419341556148,
    "sampled_buy_hold_equity": 2.8978419341556148
  },
  "lstm_signmag_ensemble": {
    "threshold": 0.0,
    "holding_period": 1,
    "uncertainty_model": null,
    "uncertainty_quantile": null,
    "max_uncertainty": null,
    "uncertainty_side": null,
    "trade_count": 1156,
    "coverage": 0.6575654152445961,
    "directional_accuracy": 0.5640138408304498,
    "avg_actual_return": 0.0010011726111591695,
    "avg_strategy_return": 0.0010011726111591695,
    "cumulative_strategy_return": 1.1573555385,
    "final_equity": 2.4336648038424955,
    "sampled_buy_hold_equity": 2.4336648038424955
  },
  "lstm_top2_by_val": {
    "threshold": 0.0,
    "holding_period": 1,
    "uncertainty_model": null,
    "uncertainty_quantile": null,
    "max_uncertainty": null,
    "uncertainty_side": null,
    "trade_count": 977,
    "coverage": 0.555745164960182,
    "directional_accuracy": 0.5721596724667349,
    "avg_actual_return": 0.0010859735832139201,
    "avg_strategy_return": 0.0010859735832139201,
    "cumulative_strategy_return": 1.0609961908,
    "final_equity": 2.3443374935682306,
    "sampled_buy_hold_equity": 2.3443374935682306
  },
  "lstm_signmag_seed_62": {
    "threshold": 0.0,
    "holding_period": 1,
    "uncertainty_model": null,
    "uncertainty_quantile": null,
    "max_uncertainty": null,
    "uncertainty_side": null,
    "trade_count": 945,
    "coverage": 0.537542662116041,
    "directional_accuracy": 0.5619047619047619,
    "avg_actual_return": 0.000879858051640212,
    "avg_strategy_return": 0.000879858051640212,
    "cumulative_strategy_return": 0.8314658588000003,
    "final_equity": 1.7912137742402578,
    "sampled_buy_hold_equity": 1.7912137742402578
  },
  "lstm": {
    "threshold": 0.005,
    "holding_period": 1,
    "uncertainty_model": null,
    "uncertainty_quantile": null,
    "max_uncertainty": null,
    "uncertainty_side": null,
    "trade_count": 139,
    "coverage": 0.07906712172923777,
    "directional_accuracy": 0.6258992805755396,
    "avg_actual_return": 0.003663023373381295,
    "avg_strategy_return": 0.003663023373381295,
    "cumulative_strategy_return": 0.5091602489,
    "final_equity": 1.59799968560132,
    "sampled_buy_hold_equity": 1.59799968560132
  },
  "lstm_seed_42": {
    "threshold": 0.005,
    "holding_period": 1,
    "uncertainty_model": null,
    "uncertainty_quantile": null,
    "max_uncertainty": null,
    "uncertainty_side": null,
    "trade_count": 139,
    "coverage": 0.07906712172923777,
    "directional_accuracy": 0.6258992805755396,
    "avg_actual_return": 0.003663023373381295,