{
  "committee_best_by_val": {
    "val": {
      "rel_score": 0.02062274654944196,
      "abs_loss": 0.014835468586534261
    },
    "test": {
      "rel_score": 0.03926752363401598,
      "abs_loss": 0.016279984469292685
    }
  }
}