features,feature_count,train_rel_score,val_rel_score,test_rel_score,train_mse,val_mse,test_mse,train_mae,val_mae,test_mae,train_abs_loss,val_abs_loss,test_abs_loss
"lower_shadow,price_acceleration",2,-0.015274738369277951,0.035894419544113876,0.034586034730493265,0.00022074556909501553,0.00012568329111672938,0.00036257124156691134,0.010564358904957771,0.007662532385438681,0.01321753766387701,0.019645289808977395,0.013320627011125909,0.022442982692155056
"lower_shadow,atr_gap",2,-0.025323473991630152,0.033792027133435765,0.000483958036784804,0.00021918496349826455,0.00012352649355307221,0.0003501573810353875,0.010525784455239773,0.007714522071182728,0.012944691814482212,0.0197938927623909,0.013349674851633608,0.023235753818880767
