{
  "lstm_ensemble": {
    "threshold": 0.0,
    "holding_period": 1,
    "uncertainty_model": null,
    "uncertainty_quantile": null,
    "max_uncertainty": null,
    "uncertainty_side": null,
    "trade_count": 281,
    "coverage": 0.24120171673819743,
    "directional_accuracy": 0.6583629893238434,
    "avg_actual_return": 0.0017649589295373668,
    "avg_strategy_return": 0.0017649589295373668,
    "cumulative_strategy_return": 0.49595345920000006,
    "final_equity": 1.5562093612597074,
    "sampled_buy_hold_equity": 1.5562093612597074
  },
  "lstm_top2_by_val": {
    "threshold": 0.0,
    "holding_period": 1,
    "uncertainty_model": null,
    "uncertainty_quantile": null,
    "max_uncertainty": null,
    "uncertainty_side": null,
    "trade_count": 228,
    "coverage": 0.19570815450643778,
    "directional_accuracy": 0.6447368421052632,
    "avg_actual_return": 0.0014098730087719299,
    "avg_strategy_return": 0.0014098730087719299,
    "cumulative_strategy_return": 0.321451046,
    "final_equity": 1.3279779401537297,
    "sampled_buy_hold_equity": 1.3279779401537297
  },
  "lstm_best_by_val": {
    "threshold": 0.0,
    "holding_period": 1,
    "uncertainty_model": null,
    "uncertainty_quantile": null,
    "max_uncertainty": null,
    "uncertainty_side": null,
    "trade_count": 99,
    "coverage": 0.08497854077253218,
    "directional_accuracy": 0.5858585858585859,
    "avg_actual_return": 0.0016126402212121216,
    "avg_strategy_return": 0.0016126402212121216,
    "cumulative_strategy_return": 0.15965138190000003,
    "final_equity": 1.1486545784542506,
    "sampled_buy_hold_equity": 1.1486545784542506
  }
}