features,feature_count,train_rel_score,val_rel_score,test_rel_score,train_mse,val_mse,test_mse,train_mae,val_mae,test_mae,train_abs_loss,val_abs_loss,test_abs_loss
"adjust_return,rolling_min_20_gap",2,-0.036948926679984284,0.03302086455367992,-0.03712386532082812,0.0003626087273005396,0.00022013195848558098,0.00022951021674089134,0.013217664323747158,0.010755584575235844,0.01002518367022276,0.025010094721801584,0.018689842727326322,0.018051976186688988
"ma_5_gap,rolling_min_20_gap",2,-0.03318271733056366,0.032623417233981655,-0.026452740810219977,0.0003622298245318234,0.00021991583344060928,0.00022997631458565593,0.013215718790888786,0.010728416033089161,0.010015564039349556,0.024919257796136664,0.01869752461789176,0.017866236669942737
