features,feature_count,train_rel_score,val_rel_score,test_rel_score,train_mse,val_mse,test_mse,train_mae,val_mae,test_mae,train_abs_loss,val_abs_loss,test_abs_loss
"volume_zscore_20,intraday_return,upper_shadow",3,-0.02724449587906519,0.049646210265695045,-0.06975565275438611,0.00036711347638629377,0.00019178935326635838,0.0005252925911918283,0.013363268226385117,0.009487884119153023,0.016087917611002922,0.02568989936262369,0.01451586653420236,0.033015031018294394
"volume_ratio_20,intraday_return,atr_gap",3,-0.02378189360506111,0.04351889504516526,-0.04616444033038247,0.0003699654480442405,0.0001902476215036586,0.00053342868341133,0.013437638990581036,0.009219972416758537,0.01611381024122238,0.02560330468695611,0.014609456196194515,0.03228695390280335
"volume_ratio_20,atr_gap,ma_20_gap",3,-0.021889456618867653,0.03302612794237292,-0.049119907409406416,0.0003702101530507207,0.00018944809562526643,0.0005433690967038274,0.0134438406676054,0.009174907580018044,0.01612505130469799,0.025555977574549617,0.014769724517827857,0.032378166168928135
"volume_ratio_20,intraday_return,momentum_5",3,-0.013858685954553085,0.03135878563641581,-0.03495880522172223,0.0003703007532749325,0.00019348184287082404,0.0005357082118280232,0.01343006081879139,0.009341123513877392,0.016110854223370552,0.025355139613384394,0.014795191789744424,0.031941123161232085
"volume_ratio_20,intraday_return,upper_shadow",3,-0.03183939548970183,0.03124705973436881,-0.051623442386239615,0.00036575787817128,0.00019196438370272517,0.0005231881514191628,0.01337004080414772,0.00943849328905344,0.01601146161556244,0.025804811157286167,0.014796898310305551,0.0324554308084771
"volume_zscore_20,upper_shadow",2,-0.015599930214545088,0.030230640144778276,-0.05560697001236958,0.00037165358662605286,0.00019178453658241779,0.0005332307773642242,0.013354411348700523,0.009426741860806942,0.01604299619793892,0.025398685614345596,0.014812423277180645,0.0325783713022247
