{
  "arima": {
    "threshold": 0.0,
    "holding_period": 1,
    "uncertainty_model": null,
    "uncertainty_quantile": null,
    "max_uncertainty": null,
    "uncertainty_side": null,
    "trade_count": 1056,
    "coverage": 0.6006825938566553,
    "directional_accuracy": 0.5691287878787878,
    "avg_actual_return": 0.003145967773484849,
    "avg_strategy_return": 0.003145967773484849,
    "cumulative_strategy_return": 3.3221419688000005,
    "final_equity": 22.098195852425015,
    "sampled_buy_hold_equity": 22.098195852425015
  },
  "lstm_ensemble": {
    "threshold": 0.0,
    "holding_period": 1,
    "uncertainty_model": null,
    "uncertainty_quantile": null,
    "max_uncertainty": null,
    "uncertainty_side": null,
    "trade_count": 863,
    "coverage": 0.4908987485779295,
    "directional_accuracy": 0.5689455388180765,
    "avg_actual_return": 0.001968401853534183,
    "avg_strategy_return": 0.001968401853534183,
    "cumulative_strategy_return": 1.6987307995999998,
    "final_equity": 4.4207235878440745,
    "sampled_buy_hold_equity": 4.4207235878440745
  },
  "lstm_best_by_val": {
    "threshold": 0.0,
    "holding_period": 1,
    "uncertainty_model": null,
    "uncertainty_quantile": null,
    "max_uncertainty": null,
    "uncertainty_side": null,
    "trade_count": 1178,
    "coverage": 0.6700796359499431,
    "directional_accuracy": 0.5577249575551783,
    "avg_actual_return": 0.0014758516207979628,
    "avg_strategy_return": 0.0014758516207979628,
    "cumulative_strategy_return": 1.7385532093,
    "final_equity": 4.308206389662959,
    "sampled_buy_hold_equity": 4.308206389662959
  },
  "lstm_seed_52": {
    "threshold": 0.0,
    "holding_period": 1,
    "uncertainty_model": null,
    "uncertainty_quantile": null,
    "max_uncertainty": null,
    "uncertainty_side": null,
    "trade_count": 1178,
    "coverage": 0.6700796359499431,
    "directional_accuracy": 0.5577249575551783,
    "avg_actual_return": 0.0014758516207979628,
    "avg_strategy_return": 0.0014758516207979628,
    "cumulative_strategy_return": 1.7385532093,
    "final_equity": 4.308206389662959,
    "sampled_buy_hold_equity": 4.308206389662959
  },
  "lstm_seed_62": {
    "threshold": 0.0,
    "holding_period": 1,
    "uncertainty_model": null,
    "uncertainty_quantile": null,
    "max_uncertainty": null,
    "uncertainty_side": null,
    "trade_count": 1045,
    "coverage": 0.5944254835039818,
    "directional_accuracy": 0.5559808612440191,
    "avg_actual_return": 0.0014864544766507175,
    "avg_strategy_return": 0.0014864544766507175,
    "cumulative_strategy_return": 1.5533449280999998,
    "final_equity": 3.5580160804981023,
    "sampled_buy_hold_equity": 3.5580160804981023
  },
  "lstm_signmag_best_by_val": {
    "threshold": 0.0,
    "holding_period": 1,
    "uncertainty_model": null,
    "uncertainty_quantile": null,
    "max_uncertainty": null,
    "uncertainty_side": null,
    "trade_count": 1288,
    "coverage": 0.732650739476678,
    "directional_accuracy": 0.5512422360248447,
    "avg_actual_return": 0.0011490039015527953,
    "avg_strategy_return": 0.0011490039015527953,
    "cumulative_strategy_return": 1.4799170252000002,
    "final_equity": 3.299830268626116,
    "sampled_buy_hold_equity": 3.299830268626116
  },
  "lstm_signmag_seed_52": {
    "threshold": 0.0,
    "holding_period": 1,
    "uncertainty_model": null,
    "uncertainty_quantile": null,
    "max_uncertainty": null,
    "uncertainty_side": null,
    "trade_count": 1288,
    "coverage": 0.732650739476678,
    "directional_accuracy": 0.5512422360248447,
    "avg_actual_return": 0.0011490039015527953,
    "avg_strategy_return": 0.0011490039015527953,
    "cumulative_strategy_return": 1.4799170252000002,
    "final_equity": 3.299830268626116,
    "sampled_buy_hold_equity": 3.299830268626116
  },
  "lstm_top2_by_val": {
    "threshold": 0.0,
    "holding_period": 1,
    "uncertainty_model": null,
    "uncertainty_quantile": null,
    "max_uncertainty": null,
    "uncertainty_side": null,
    "trade_count": 780,
    "coverage": 0.44368600682593856,
    "directional_accuracy": 0.5628205128205128,
    "avg_actual_return": 0.001573504545897436,
    "avg_strategy_return": 0.001573504545897436,
    "cumulative_strategy_return": 1.2273335458,
    "final_equity": 2.8097558508276874,
    "sampled_buy_hold_equity": 2.8097558508276874
  },
  "lstm_signmag_top2_by_val": {
    "threshold": 0.0,
    "holding_period": 1,
    "uncertainty_model": null,
    "uncertainty_quantile": null,
    "max_uncertainty": null,
    "uncertainty_side": null,
    "trade_count": 986,
    "coverage": 0.5608646188850968,
    "directional_accuracy": 0.552738336713996,
    "avg_actual_return": 0.0012303880584178502,
    "avg_strategy_return": 0.0012303880584178502,
    "cumulative_strategy_return": 1.2131626256000003,
    "final_equity": 2.618043071554873,
    "sampled_buy_hold_equity": 2.618043071554873
  },
  "lstm_signmag_seed_62": {
    "threshold": 0.005,
    "holding_period": 1,
    "uncertainty_model": null,
    "uncertainty_quantile": null,
    "max_uncertainty": null,
    "uncertainty_side": null,
    "trade_count": 191,
    "coverage": 0.10864618885096701,
    "directional_accuracy": 0.5549738219895288,
    "avg_actual_return": 0.005157160703141361,
    "avg_strategy_return": 0.005157160703141361,
    "cumulative_strategy_return": 0.9850176943,
    "final_equity": 2.4700481031069583,
    "sampled_buy_hold_equity": 2.4700481031069583
  },
  "linear_regression": {
    "threshold": 0.0,
    "holding_period": 1,
    "uncertainty_model": null,
    "uncertainty_quantile": null,
    "max_uncertainty": null,
    "uncertainty_side": null,
    "trade_count": 1033,
    "coverage": 0.5875995449374289,
    "directional_accuracy": 0.5469506292352372,
    "avg_actual_return": 0.0010702963068731847,
    "avg_strategy_return": 0.0010702963068731847,
    "cumulative_strategy_return": 1.1056160849999999,
    "final_equity": 2.4152130145447934,
    "sampled_buy_hold_equity": 2.4152130145447934
  },
  "lstm_signmag_ensemble": {
    "threshold": 0.005,
    "holding_period": 1,
    "uncertainty_model": null,
    "uncertainty_quantile": null,
    "max_uncertainty": null,
    "uncertainty_side": null,
    "trade_count": 91,
    "coverage": 0.051763367463026164,
    "directional_accuracy": 0.6043956043956044,
    "avg_actual_return": 0.009566866586813187,
    "avg_strategy_return": 0.009566866586813187,
    "cumulative_strategy_return": 0.8705848594,
    "final_equity": 2.2855519733690657,
    "sampled_buy_hold_equity": 2.2855519733690657
  },
  "lstm": {
    "threshold": 0.0,
    "holding_period": 1,
    "uncertainty_model": null,
    "uncertainty_quantile": null,
    "max_uncertainty": null,
    "uncertainty_side": null,
    "trade_count": 456,
    "coverage": 0.2593856655290102,
    "directional_accuracy": 0.5570175438596491,
    "avg_actual_return": 0.0013856148820175437,
    "avg_strategy_return": 0.0013856148820175437,
    "cumulative_strategy_return": 0.6318403861999999,
    "final_equity": 1.6838663521859103,
    "sampled_buy_hold_equity": 1.6838663521859103
  },
  "lstm_seed_42": {
    "threshold": 0.0,
    "holding_period": 1,
    "uncertainty_model": null,
    "uncertainty_quantile": null,
    "max_uncertainty": null,
    "uncertainty_side": null,
    "trade_count": 456,
    "coverage": 0.2593856655290102,
    "directional_accuracy": 0.5570175438596491,
    "avg_actual_return": 0.0013856148820175437,
    "avg_strategy_return": 0.0013856148820175437,
    "cumulative_strategy_return": 0.6318403861999999,
    "final_equity": 1.6838663521859103,
    "sampled_buy_hold_equity": 1.6838663521859103
  },
  "lstm_signmag": {
    "threshold": 0.005,
    "holding_period": 1,
    "uncertainty_model": null,
    "uncertainty_quantile": null,
    "max_uncertainty": null,
    "uncertainty_side": null,
    "trade_count": 129,
    "coverage": 0.07337883959044368,
    "directional_accuracy": 0.5116279069767442,