{
  "lstm": {
    "train": {
      "mse": 0.000585165515076369,
      "mae": 0.016279786825180054,
      "directional_accuracy": 0.4607136516953666,
      "base_loss": 0.030861678160727043,
      "abs_loss": 0.030453950660012198,
      "rel_score": 0.013211449441971612
    },
    "val": {
      "mse": 0.00035367903183214366,
      "mae": 0.012515929527580738,
      "directional_accuracy": 0.4675813828356201,
      "base_loss": 0.0229363527148962,
      "abs_loss": 0.02288380508543924,
      "rel_score": 0.002291019418394047
    },
    "test": {
      "mse": 0.0006662238738499582,
      "mae": 0.018110554665327072,
      "directional_accuracy": 0.4721189591078067,
      "base_loss": 0.03448765836656094,
      "abs_loss": 0.03472340564185288,
      "rel_score": -0.006835699680918905
    }
  },
  "linear_regression": {
    "train": {
      "mse": 0.0005379969370551407,
      "mae": 0.016265325248241425,
      "directional_accuracy": 0.44921001242677083,
      "base_loss": 0.030861678160727043,
      "abs_loss": 0.03206687952624636,
      "rel_score": -0.039051711940052414
    },
    "val": {
      "mse": 0.0003740982210729271,
      "mae": 0.013370356522500515,
      "directional_accuracy": 0.4350282485875706,
      "base_loss": 0.0229363527148962,
      "abs_loss": 0.02446196025121026,
      "rel_score": -0.0665148271513647
    },
    "test": {
      "mse": 0.0006800951086916029,
      "mae": 0.01878364384174347,
      "directional_accuracy": 0.4637546468401487,
      "base_loss": 0.03448765836656094,
      "abs_loss": 0.035868019284680495,
      "rel_score": -0.0400247793992865
    }
  },
  "arima": {
    "train": {
      "mse": 0.0005678960005752742,
      "mae": 0.01630813628435135,
      "directional_accuracy": 0.4404047576779691,
      "base_loss": 0.030861678160727043,
      "abs_loss": 0.030948280642041942,
      "rel_score": -0.002806149453826734
    },
    "val": {
      "mse": 0.0003591086424421519,
      "mae": 0.012700341641902924,
      "directional_accuracy": 0.4363734194242669,
      "base_loss": 0.0229363527148962,
      "abs_loss": 0.023087841112283063,
      "rel_score": -0.006604729150702093
    },
    "test": {
      "mse": 0.000651621085125953,
      "mae": 0.018014324828982353,
      "directional_accuracy": 0.45260223048327136,
      "base_loss": 0.03448765836656094,
      "abs_loss": 0.03483366306754762,
      "rel_score": -0.01003271075435408
    }
  },
  "lstm_ensemble": {
    "train": {
      "mse": 0.0005706456722691655,
      "mae": 0.016185292974114418,
      "directional_accuracy": 0.468595774897923,
      "base_loss": 0.030861678160727043,
      "abs_loss": 0.030529150465736187,
      "rel_score": 0.010774776836796063
    },
    "val": {
      "mse": 0.0003542910853866488,
      "mae": 0.01250137947499752,
      "directional_accuracy": 0.48184019370460046,
      "base_loss": 0.0229363527148962,
      "abs_loss": 0.022686159372096885,
      "rel_score": 0.010908157278067376
    },
    "test": {
      "mse": 0.0006577647873200476,
      "mae": 0.018020546063780785,
      "directional_accuracy": 0.4732806691449814,
      "base_loss": 0.03448765836656094,
      "abs_loss": 0.034577240233193154,
      "rel_score": -0.0025975050460100846
    }
  },
  "lstm_seed_42": {
    "train": {
      "mse": 0.000585165515076369,
      "mae": 0.016279786825180054,
      "directional_accuracy": 0.4607136516953666,
      "base_loss": 0.030861678160727043,
      "abs_loss": 0.030453950660012198,
      "rel_score": 0.013211449441971612
    },
    "val": {
      "mse": 0.00035367903183214366,
      "mae": 0.012515929527580738,
      "directional_accuracy": 0.4675813828356201,
      "base_loss": 0.0229363527148962,
      "abs_loss": 0.02288380508543924,
      "rel_score": 0.002291019418394047
    },
    "test": {
      "mse": 0.0006662238738499582,
      "mae": 0.018110554665327072,
      "directional_accuracy": 0.4721189591078067,
      "base_loss": 0.03448765836656094,
      "abs_loss": 0.03472340564185288,
      "rel_score": -0.006835699680918905
    }
  },
  "lstm_seed_52": {
    "train": {
      "mse": 0.000578878098167479,
      "mae": 0.016386937350034714,
      "directional_accuracy": 0.4521214273033907,
      "base_loss": 0.030861678160727043,
      "abs_loss": 0.030866349139250834,
      "rel_score": -0.0001513520586751138
    },
    "val": {
      "mse": 0.0003605135134421289,
      "mae": 0.01265671569854021,
      "directional_accuracy": 0.4589722894807641,
      "base_loss": 0.0229363527148962,
      "abs_loss": 0.022924920315563216,
      "rel_score": 0.0004984401606956679
    },
    "test": {
      "mse": 0.0006703948602080345,
      "mae": 0.018277501687407494,
      "directional_accuracy": 0.45817843866171004,
      "base_loss": 0.03448765836656094,
      "abs_loss": 0.034982255037175496,
      "rel_score": -0.014341265659663316
    }
  },
  "lstm_seed_62": {
    "train": {
      "mse": 0.0005736543680541217,
      "mae": 0.01627352274954319,
      "directional_accuracy": 0.4664654713296645,
      "base_loss": 0.030861678160727043,
      "abs_loss": 0.030708341859281067,
      "rel_score": 0.0049685017336842385
    },
    "val": {
      "mse": 0.0003553346323315054,
      "mae": 0.01256374828517437,
      "directional_accuracy": 0.4794188861985472,
      "base_loss": 0.0229363527148962,
      "abs_loss": 0.02278088378952816,
      "rel_score": 0.006778275835768399
    },
    "test": {
      "mse": 0.0006569571560248733,
      "mae": 0.018062129616737366,
      "directional_accuracy": 0.4867565055762082,
      "base_loss": 0.03448765836656094,
      "abs_loss": 0.03447234079940249,
      "rel_score": 0.0004441463376736454
    }
  },
  "lstm_best_by_val": {
    "train": {
      "mse": 0.0005736543680541217,
      "mae": 0.01627352274954319,
      "directional_accuracy": 0.4664654713296645,
      "base_loss": 0.030861678160727043,
      "abs_loss": 0.030708341859281067,
      "rel_score": 0.0049685017336842385
    },
    "val": {
      "mse": 0.0003553346323315054,
      "mae": 0.01256374828517437,
      "directional_accuracy": 0.4794188861985472,
      "base_loss": 0.0229363527148962,
      "abs_loss": 0.02278088378952816,
      "rel_score": 0.006778275835768399
    },
    "test": {
      "mse": 0.0006569571560248733,
      "mae": 0.018062129616737366,
      "directional_accuracy": 0.4867565055762082,
      "base_loss": 0.03448765836656094,
      "abs_loss": 0.03447234079940249,
      "rel_score": 0.0004441463376736454
    }
  },
  "lstm_top2_by_val": {
    "train": {
      "mse": 0.0005755909951403737,
      "mae": 0.016204245388507843,
      "directional_accuracy": 0.46909284573051657,
      "base_loss": 0.030861678160727043,
      "abs_loss": 0.030547775462036957,
      "rel_score": 0.010171277694469127
    },
    "val": {
      "mse": 0.0003530479734763503,
      "mae": 0.012477103620767593,
      "directional_accuracy": 0.48049502286790424,
      "base_loss": 0.0229363527148962,
      "abs_loss": 0.022800720599479976,
      "rel_score": 0.005913412524744532
    },
    "test": {
      "mse": 0.0006572659476660192,
      "mae": 0.017989391461014748,
      "directional_accuracy": 0.48071561338289964,
      "base_loss": 0.03448765836656094,
      "abs_loss": 0.03460923313105013,
      "rel_score": -0.003525167269897045
    }
  },
  "lstm_signmag": {
    "train": {
      "mse": 0.0005726298550143838,
      "mae": 0.01621684990823269,
      "directional_accuracy": 0.45563642819101724,
      "base_loss": 0.030861678160727043,
      "abs_loss": 0.030673369806027043,
      "rel_score": 0.006101688758443191
    },
    "val": {
      "mse": 0.0003535817377269268,
      "mae": 0.01252067368477583,
      "directional_accuracy": 0.4476728544525155,
      "base_loss": 0.0229363527148962,
      "abs_loss": 0.022924491942831082,
      "rel_score": 0.0005171167453060788
    },
    "test": {
      "mse": 0.0006585776573047042,
      "mae": 0.018025005236268044,
      "directional_accuracy": 0.47095724907063197,