{
  "lstm": {
    "train": {
      "mse": 0.000437519425759092,
      "mae": 0.014424828812479973,
      "directional_accuracy": 0.452841973766396,
      "base_loss": 0.026850898750126362,
      "abs_loss": 0.026640824862988667,
      "rel_score": 0.007823719015614183
    },
    "val": {
      "mse": 0.00021949218353256583,
      "mae": 0.010347848758101463,
      "directional_accuracy": 0.43605990783410137,
      "base_loss": 0.018512410437688233,
      "abs_loss": 0.018573550273140428,
      "rel_score": -0.003302640445337346
    },
    "test": {
      "mse": 0.0004421067133080214,
      "mae": 0.014332541264593601,
      "directional_accuracy": 0.4395171224439517,
      "base_loss": 0.02545397393405438,
      "abs_loss": 0.02599274321109988,
      "rel_score": -0.021166411124696305
    }
  },
  "linear_regression": {
    "train": {
      "mse": 0.00040317949606105685,
      "mae": 0.014321337454020977,
      "directional_accuracy": 0.43118884030814075,
      "base_loss": 0.026850898750126362,
      "abs_loss": 0.02811476956121623,
      "rel_score": -0.04706996301507127
    },
    "val": {
      "mse": 0.00024201878113672137,
      "mae": 0.011343377642333508,
      "directional_accuracy": 0.4363479262672811,
      "base_loss": 0.018512410437688233,
      "abs_loss": 0.021072184597142045,
      "rel_score": -0.13827341221014255
    },
    "test": {
      "mse": 0.0004692148941103369,
      "mae": 0.015271277166903019,
      "directional_accuracy": 0.4621828036462183,
      "base_loss": 0.02545397393405438,
      "abs_loss": 0.028247286239638937,
      "rel_score": -0.10973973308927754
    }
  },
  "arima": {
    "train": {
      "mse": 0.000432645931141451,
      "mae": 0.014435084536671638,
      "directional_accuracy": 0.44375043375667983,
      "base_loss": 0.026850898750126362,
      "abs_loss": 0.026961436522833535,
      "rel_score": -0.004116725243941799
    },
    "val": {
      "mse": 0.000216513843042776,
      "mae": 0.01027736533433199,
      "directional_accuracy": 0.4582373271889401,
      "base_loss": 0.018512410437688233,
      "abs_loss": 0.01836669993062969,
      "rel_score": 0.007870963511153461
    },
    "test": {
      "mse": 0.00043051785905845463,
      "mae": 0.014077658765017986,
      "directional_accuracy": 0.43976348854397634,
      "base_loss": 0.02545397393405438,
      "abs_loss": 0.02567874431260862,
      "rel_score": -0.008830463138548517
    }
  },
  "lstm_ensemble": {
    "train": {
      "mse": 0.0004279373388271779,
      "mae": 0.01425725407898426,
      "directional_accuracy": 0.45887986674994796,
      "base_loss": 0.026850898750126362,
      "abs_loss": 0.02655683193734148,
      "rel_score": 0.010951842451213945
    },
    "val": {
      "mse": 0.00021827449381817132,
      "mae": 0.01025942899286747,
      "directional_accuracy": 0.4513248847926267,
      "base_loss": 0.018512410437688233,
      "abs_loss": 0.018356674326059877,
      "rel_score": 0.008412524784525255
    },
    "test": {
      "mse": 0.0004350098315626383,
      "mae": 0.014186616986989975,
      "directional_accuracy": 0.44986449864498645,
      "base_loss": 0.02545397393405438,
      "abs_loss": 0.025711274708737627,
      "rel_score": -0.010108471681076425
    }
  },
  "lstm_seed_42": {
    "train": {
      "mse": 0.000437519425759092,
      "mae": 0.014424828812479973,
      "directional_accuracy": 0.452841973766396,
      "base_loss": 0.026850898750126362,
      "abs_loss": 0.026640824862988667,
      "rel_score": 0.007823719015614183
    },
    "val": {
      "mse": 0.00021949218353256583,
      "mae": 0.010347848758101463,
      "directional_accuracy": 0.43605990783410137,
      "base_loss": 0.018512410437688233,
      "abs_loss": 0.018573550273140428,
      "rel_score": -0.003302640445337346
    },
    "test": {
      "mse": 0.0004421067133080214,
      "mae": 0.014332541264593601,
      "directional_accuracy": 0.4395171224439517,
      "base_loss": 0.02545397393405438,
      "abs_loss": 0.02599274321109988,
      "rel_score": -0.021166411124696305
    }
  },
  "lstm_seed_52": {
    "train": {
      "mse": 0.0004354238626547158,
      "mae": 0.014429615810513496,
      "directional_accuracy": 0.4475327920049969,
      "base_loss": 0.026850898750126362,
      "abs_loss": 0.026728045335039495,
      "rel_score": 0.004575393033586561
    },
    "val": {
      "mse": 0.00022151361918076873,
      "mae": 0.010370778851211071,
      "directional_accuracy": 0.44210829493087556,
      "base_loss": 0.018512410437688233,
      "abs_loss": 0.01844400783011224,
      "rel_score": 0.003694959541126863
    },
    "test": {
      "mse": 0.0004413144779391587,
      "mae": 0.014317608438432217,
      "directional_accuracy": 0.45429908844542993,
      "base_loss": 0.02545397393405438,
      "abs_loss": 0.026091020274907353,
      "rel_score": -0.02502738246308489
    }
  },
  "lstm_seed_62": {
    "train": {
      "mse": 0.00042935574310831726,
      "mae": 0.014305704273283482,
      "directional_accuracy": 0.4544728988826428,
      "base_loss": 0.026850898750126362,
      "abs_loss": 0.026496112233144232,
      "rel_score": 0.013213208253614273
    },
    "val": {
      "mse": 0.0002200494782300666,
      "mae": 0.01034997683018446,
      "directional_accuracy": 0.45852534562211983,
      "base_loss": 0.018512410437688233,
      "abs_loss": 0.018399634867091664,
      "rel_score": 0.006091890139113154
    },
    "test": {
      "mse": 0.00043993606232106686,
      "mae": 0.014332965947687626,
      "directional_accuracy": 0.4523281596452328,
      "base_loss": 0.02545397393405438,
      "abs_loss": 0.0259975957509596,
      "rel_score": -0.021357050899542207
    }
  },
  "lstm_seed_72": {
    "train": {
      "mse": 0.00043225870467722416,
      "mae": 0.014379680156707764,
      "directional_accuracy": 0.443472829481574,
      "base_loss": 0.026850898750126362,
      "abs_loss": 0.026571280203643254,
      "rel_score": 0.01041374998599598
    },
    "val": {
      "mse": 0.00022037496091797948,
      "mae": 0.010295131243765354,
      "directional_accuracy": 0.45535714285714285,
      "base_loss": 0.018512410437688233,
      "abs_loss": 0.018443138015663864,
      "rel_score": 0.0037419450188583836
    },
    "test": {
      "mse": 0.0004413776914589107,
      "mae": 0.01432187482714653,
      "directional_accuracy": 0.4385316580438532,
      "base_loss": 0.02545397393405438,
      "abs_loss": 0.025989477778784933,
      "rel_score": -0.02103812340336031
    }
  },
  "lstm_seed_82": {
    "train": {
      "mse": 0.00043129827827215195,
      "mae": 0.01438166107982397,
      "directional_accuracy": 0.45291137483517246,
      "base_loss": 0.026850898750126362,
      "abs_loss": 0.026469064525736028,
      "rel_score": 0.014220537939667155
    },
    "val": {
      "mse": 0.00021906425536144525,
      "mae": 0.010295038111507893,
      "directional_accuracy": 0.44671658986175117,
      "base_loss": 0.018512410437688233,
      "abs_loss": 0.018453656190104084,
      "rel_score": 0.0031737761963474
    },
    "test": {
      "mse": 0.000433916924521327,
      "mae": 0.01416725106537342,
      "directional_accuracy": 0.4582409460458241,
      "base_loss": 0.02545397393405438,
      "abs_loss": 0.025512512505520144,
      "rel_score": -0.0022997812293445996
    }
  },
  "lstm_seed_92": {
    "train": {
      "mse": 0.00042809126898646355,
      "mae": 0.014336702413856983,
      "directional_accuracy": 0.44694288292039697,
      "base_loss": 0.026850898750126362,
      "abs_loss": 0.02649935623630881,
      "rel_score": 0.013092392812955489
    },
    "val": {
      "mse": 0.00021811849728692323,
      "mae": 0.010299710556864738,
      "directional_accuracy": 0.4544930875576037,
      "base_loss": 0.018512410437688233,
      "abs_loss": 0.018281875978573225,
      "rel_score": 0.012452968233984119
    },
    "test": {
      "mse": 0.0004342887259554118,
      "mae": 0.014214327558875084,
      "directional_accuracy": 0.46735649174673566,