{
  "lstm": {
    "train": {
      "mse": 0.0005891455220989883,
      "mae": 0.017193898558616638,
      "directional_accuracy": 0.4615258228818665,
      "base_loss": 0.03246123362332583,
      "abs_loss": 0.03240073397100787,
      "rel_score": 0.0018637508672646463
    },
    "val": {
      "mse": 0.0003544987994246185,
      "mae": 0.01328661385923624,
      "directional_accuracy": 0.4551971326164875,
      "base_loss": 0.02398593118414283,
      "abs_loss": 0.024001975029295866,
      "rel_score": -0.0006688856492527151
    },
    "test": {
      "mse": 0.0006250010337680578,
      "mae": 0.017726292833685875,
      "directional_accuracy": 0.46390168970814133,
      "base_loss": 0.03360911170020703,
      "abs_loss": 0.03380923858494499,
      "rel_score": -0.005954542521774631
    }
  },
  "linear_regression": {
    "train": {
      "mse": 0.0005503703723661602,
      "mae": 0.017076101154088974,
      "directional_accuracy": 0.44843638753491427,
      "base_loss": 0.03246123362332583,
      "abs_loss": 0.03395028468221426,
      "rel_score": -0.045871671920023394
    },
    "val": {
      "mse": 0.0004008205432910472,
      "mae": 0.014654583297669888,
      "directional_accuracy": 0.44310035842293904,
      "base_loss": 0.02398593118414283,
      "abs_loss": 0.02644372050417587,
      "rel_score": -0.10246795511770213
    },
    "test": {
      "mse": 0.000708313484210521,
      "mae": 0.019328417256474495,
      "directional_accuracy": 0.4523809523809524,
      "base_loss": 0.03360911170020703,
      "abs_loss": 0.03703208718216047,
      "rel_score": -0.10184665136306936
    }
  },
  "arima": {
    "train": {
      "mse": 0.0005859129596501589,
      "mae": 0.01727575995028019,
      "directional_accuracy": 0.42685798784161233,
      "base_loss": 0.03246123362332583,
      "abs_loss": 0.03278248007409275,
      "rel_score": -0.00989631061143914
    },
    "val": {
      "mse": 0.0003605420934036374,
      "mae": 0.013435322791337967,
      "directional_accuracy": 0.4242831541218638,
      "base_loss": 0.02398593118414283,
      "abs_loss": 0.02399801504216157,
      "rel_score": -0.0005037894057966508
    },
    "test": {
      "mse": 0.0006155580631457269,
      "mae": 0.017701437696814537,
      "directional_accuracy": 0.44930875576036866,
      "base_loss": 0.03360911170020703,
      "abs_loss": 0.033397246446838835,
      "rel_score": 0.006303804017732673
    }
  },
  "lstm_ensemble": {
    "train": {
      "mse": 0.0005900987307541072,
      "mae": 0.017092786729335785,
      "directional_accuracy": 0.4662358289062928,
      "base_loss": 0.03246123362332583,
      "abs_loss": 0.0323296589020174,
      "rel_score": 0.004053287771968006
    },
    "val": {
      "mse": 0.00035197922261431813,
      "mae": 0.013160963542759418,
      "directional_accuracy": 0.45161290322580644,
      "base_loss": 0.02398593118414283,
      "abs_loss": 0.023849170938774485,
      "rel_score": 0.005701685889049846
    },
    "test": {
      "mse": 0.0006175620364956558,
      "mae": 0.017566613852977753,
      "directional_accuracy": 0.4927035330261137,
      "base_loss": 0.03360911170020703,
      "abs_loss": 0.03308209763490595,
      "rel_score": 0.01568069010576767
    }
  },
  "lstm_seed_42": {
    "train": {
      "mse": 0.0005891455220989883,
      "mae": 0.017193898558616638,
      "directional_accuracy": 0.4615258228818665,
      "base_loss": 0.03246123362332583,
      "abs_loss": 0.03240073397100787,
      "rel_score": 0.0018637508672646463
    },
    "val": {
      "mse": 0.0003544987994246185,
      "mae": 0.01328661385923624,
      "directional_accuracy": 0.4551971326164875,
      "base_loss": 0.02398593118414283,
      "abs_loss": 0.024001975029295866,
      "rel_score": -0.0006688856492527151
    },
    "test": {
      "mse": 0.0006250010337680578,
      "mae": 0.017726292833685875,
      "directional_accuracy": 0.46390168970814133,
      "base_loss": 0.03360911170020703,
      "abs_loss": 0.03380923858494499,
      "rel_score": -0.005954542521774631
    }
  },
  "lstm_seed_52": {
    "train": {
      "mse": 0.000593791133724153,
      "mae": 0.01714491844177246,
      "directional_accuracy": 0.4686455994304179,
      "base_loss": 0.03246123362332583,
      "abs_loss": 0.032182744337478655,
      "rel_score": 0.00857913439392699
    },
    "val": {
      "mse": 0.00035209025372751057,
      "mae": 0.01322960201650858,
      "directional_accuracy": 0.44802867383512546,
      "base_loss": 0.02398593118414283,
      "abs_loss": 0.023940722635597926,
      "rel_score": 0.0018847943904213293
    },
    "test": {
      "mse": 0.0006170236738398671,
      "mae": 0.017652634531259537,
      "directional_accuracy": 0.4873271889400922,
      "base_loss": 0.03360911170020703,
      "abs_loss": 0.033625576144550015,
      "rel_score": -0.0004898803779715966
    }
  },
  "lstm_seed_62": {
    "train": {
      "mse": 0.0005948074394837022,
      "mae": 0.017157508060336113,
      "directional_accuracy": 0.4662358289062928,
      "base_loss": 0.03246123362332583,
      "abs_loss": 0.032357672415673736,
      "rel_score": 0.0031903041287277834
    },
    "val": {
      "mse": 0.0003529078676365316,
      "mae": 0.013230334967374802,
      "directional_accuracy": 0.44937275985663083,
      "base_loss": 0.02398593118414283,
      "abs_loss": 0.023825383919756873,
      "rel_score": 0.006693393020826166
    },
    "test": {
      "mse": 0.0006175205926410854,
      "mae": 0.017558516934514046,
      "directional_accuracy": 0.4804147465437788,
      "base_loss": 0.03360911170020703,
      "abs_loss": 0.03308402498951182,
      "rel_score": 0.015623343912774978
    }
  },
  "lstm_seed_72": {
    "train": {
      "mse": 0.0005965152522549033,
      "mae": 0.01727008819580078,
      "directional_accuracy": 0.45287255599978093,
      "base_loss": 0.03246123362332583,
      "abs_loss": 0.032688052486628295,
      "rel_score": -0.00698737657152626
    },
    "val": {
      "mse": 0.00035713633405976,
      "mae": 0.013228337280452251,
      "directional_accuracy": 0.471326164874552,
      "base_loss": 0.02398593118414283,
      "abs_loss": 0.023951122808648508,
      "rel_score": 0.0014511996731373378
    },
    "test": {
      "mse": 0.0006277119391597807,
      "mae": 0.017723379656672478,
      "directional_accuracy": 0.47964669738863286,
      "base_loss": 0.03360911170020703,
      "abs_loss": 0.03382750809541904,
      "rel_score": -0.006498130541506386
    }
  },
  "lstm_seed_82": {
    "train": {
      "mse": 0.00061702576931566,
      "mae": 0.017598964273929596,
      "directional_accuracy": 0.44268579878416126,
      "base_loss": 0.03246123362332583,
      "abs_loss": 0.033027424709871425,
      "rel_score": -0.01744206930382175
    },
    "val": {
      "mse": 0.0003635898174252361,
      "mae": 0.013476744294166565,
      "directional_accuracy": 0.4327956989247312,
      "base_loss": 0.02398593118414283,
      "abs_loss": 0.024061311678087807,
      "rel_score": -0.003142696164942338
    },
    "test": {
      "mse": 0.0006375455996021628,
      "mae": 0.01790965534746647,
      "directional_accuracy": 0.47887864823348697,
      "base_loss": 0.03360911170020703,
      "abs_loss": 0.034005373525906206,
      "rel_score": -0.011790309402814003
    }
  },
  "lstm_seed_92": {
    "train": {
      "mse": 0.0006060921587049961,
      "mae": 0.017267782241106033,
      "directional_accuracy": 0.4601566350840681,
      "base_loss": 0.03246123362332583,
      "abs_loss": 0.0325831632493646,
      "rel_score": -0.003756161193798624
    },
    "val": {
      "mse": 0.0003526995424181223,
      "mae": 0.01318315602838993,
      "directional_accuracy": 0.460573476702509,
      "base_loss": 0.02398593118414283,
      "abs_loss": 0.024058331409469245,
      "rel_score": -0.0030184454699961893
    },
    "test": {
      "mse": 0.0006399141275323927,
      "mae": 0.017891723662614822,
      "directional_accuracy": 0.47619047619047616,