{
  "lstm": {
    "train": {
      "mse": 0.0004326182825025171,
      "mae": 0.014219841919839382,
      "directional_accuracy": 0.4653018457322479,
      "base_loss": 0.026522562932223086,
      "abs_loss": 0.026263740623835477,
      "rel_score": 0.009758570808146128
    },
    "val": {
      "mse": 0.00022786310000810772,
      "mae": 0.01045262161642313,
      "directional_accuracy": 0.47614247311827956,
      "base_loss": 0.01899036578834057,
      "abs_loss": 0.01881409478664864,
      "rel_score": 0.009282127772396787
    },
    "test": {
      "mse": 0.000442468881374225,
      "mae": 0.014343811199069023,
      "directional_accuracy": 0.47226214429433744,
      "base_loss": 0.025826017372310165,
      "abs_loss": 0.02636285384651276,
      "rel_score": -0.020786653492232743
    }
  },
  "linear_regression": {
    "train": {
      "mse": 0.0004044218803755939,
      "mae": 0.014246354810893536,
      "directional_accuracy": 0.43350527927782706,
      "base_loss": 0.026522562932223086,
      "abs_loss": 0.028158081357833,
      "rel_score": -0.06166517277343786
    },
    "val": {
      "mse": 0.0002476840454619378,
      "mae": 0.011424532160162926,
      "directional_accuracy": 0.4418682795698925,
      "base_loss": 0.01899036578834057,
      "abs_loss": 0.021287099429173395,
      "rel_score": -0.12094204326716773
    },
    "test": {
      "mse": 0.00046767841558903456,
      "mae": 0.015275629237294197,
      "directional_accuracy": 0.4691003161828112,
      "base_loss": 0.025826017372310165,
      "abs_loss": 0.028142701066099115,
      "rel_score": -0.08970348236011128
    }
  },
  "arima": {
    "train": {
      "mse": 0.0004378891608212143,
      "mae": 0.01438786182552576,
      "directional_accuracy": 0.44821471749818653,
      "base_loss": 0.026522562932223086,
      "abs_loss": 0.026664454553974794,
      "rel_score": -0.005349845794100139
    },
    "val": {
      "mse": 0.0002265645598527044,
      "mae": 0.01049712486565113,
      "directional_accuracy": 0.46774193548387094,
      "base_loss": 0.01899036578834057,
      "abs_loss": 0.018844716032617725,
      "rel_score": 0.0076696656265708985
    },
    "test": {
      "mse": 0.00043612642912194133,
      "mae": 0.014248992316424847,
      "directional_accuracy": 0.4377694739867778,
      "base_loss": 0.025826017372310165,
      "abs_loss": 0.02612848657299765,
      "rel_score": -0.011711801952545065
    }
  },
  "lstm_ensemble": {
    "train": {
      "mse": 0.00043119004112668335,
      "mae": 0.014166201464831829,
      "directional_accuracy": 0.46699443862335777,
      "base_loss": 0.026522562932223086,
      "abs_loss": 0.02612271920079366,
      "rel_score": 0.015075606850333712
    },
    "val": {
      "mse": 0.00022858810552861542,
      "mae": 0.010464607737958431,
      "directional_accuracy": 0.4627016129032258,
      "base_loss": 0.01899036578834057,
      "abs_loss": 0.018662661997950636,
      "rel_score": 0.01725631796893201
    },
    "test": {
      "mse": 0.0004423146601766348,
      "mae": 0.014333382248878479,
      "directional_accuracy": 0.4550158091405576,
      "base_loss": 0.025826017372310165,
      "abs_loss": 0.02625999863194013,
      "rel_score": -0.016804033443238664
    }
  },
  "lstm_seed_42": {
    "train": {
      "mse": 0.0004326182825025171,
      "mae": 0.014219841919839382,
      "directional_accuracy": 0.4653018457322479,
      "base_loss": 0.026522562932223086,
      "abs_loss": 0.026263740623835477,
      "rel_score": 0.009758570808146128
    },
    "val": {
      "mse": 0.00022786310000810772,
      "mae": 0.01045262161642313,
      "directional_accuracy": 0.47614247311827956,
      "base_loss": 0.01899036578834057,
      "abs_loss": 0.01881409478664864,
      "rel_score": 0.009282127772396787
    },
    "test": {
      "mse": 0.000442468881374225,
      "mae": 0.014343811199069023,
      "directional_accuracy": 0.47226214429433744,
      "base_loss": 0.025826017372310165,
      "abs_loss": 0.02636285384651276,
      "rel_score": -0.020786653492232743
    }
  },
  "lstm_seed_52": {
    "train": {
      "mse": 0.0004373656411189586,
      "mae": 0.014310505241155624,
      "directional_accuracy": 0.4532118965100347,
      "base_loss": 0.026522562932223086,
      "abs_loss": 0.026469236914999788,
      "rel_score": 0.0020105906567012832
    },
    "val": {
      "mse": 0.0002304283989360556,
      "mae": 0.010535215958952904,
      "directional_accuracy": 0.4573252688172043,
      "base_loss": 0.01899036578834057,
      "abs_loss": 0.01874930486519588,
      "rel_score": 0.012693853600897476
    },
    "test": {
      "mse": 0.00044753431575372815,
      "mae": 0.01444470975548029,
      "directional_accuracy": 0.449554469675194,
      "base_loss": 0.025826017372310165,
      "abs_loss": 0.026356930541805944,
      "rel_score": -0.020557299325021372
    }
  },
  "lstm_seed_62": {
    "train": {
      "mse": 0.00043643664685077965,
      "mae": 0.01426471583545208,
      "directional_accuracy": 0.45615378415410657,
      "base_loss": 0.026522562932223086,
      "abs_loss": 0.026200106617761777,
      "rel_score": 0.01215781126753579
    },
    "val": {
      "mse": 0.00023048315779305995,
      "mae": 0.010535486042499542,
      "directional_accuracy": 0.4459005376344086,
      "base_loss": 0.01899036578834057,
      "abs_loss": 0.018774994381146826,
      "rel_score": 0.01134108787551491
    },
    "test": {
      "mse": 0.000447340018581599,
      "mae": 0.014474380761384964,
      "directional_accuracy": 0.4489795918367347,
      "base_loss": 0.025826017372310165,
      "abs_loss": 0.02649070810293779,
      "rel_score": -0.025737252517311626
    }
  },
  "lstm_best_by_val": {
    "train": {
      "mse": 0.0004373656411189586,
      "mae": 0.014310505241155624,
      "directional_accuracy": 0.4532118965100347,
      "base_loss": 0.026522562932223086,
      "abs_loss": 0.026469236914999788,
      "rel_score": 0.0020105906567012832
    },
    "val": {
      "mse": 0.0002304283989360556,
      "mae": 0.010535215958952904,
      "directional_accuracy": 0.4573252688172043,
      "base_loss": 0.01899036578834057,
      "abs_loss": 0.01874930486519588,
      "rel_score": 0.012693853600897476
    },
    "test": {
      "mse": 0.00044753431575372815,
      "mae": 0.01444470975548029,
      "directional_accuracy": 0.449554469675194,
      "base_loss": 0.025826017372310165,
      "abs_loss": 0.026356930541805944,
      "rel_score": -0.020557299325021372
    }
  },
  "lstm_top2_by_val": {
    "train": {
      "mse": 0.00043333772919140756,
      "mae": 0.01420875359326601,
      "directional_accuracy": 0.46240025791891676,
      "base_loss": 0.026522562932223086,
      "abs_loss": 0.02619826532027219,
      "rel_score": 0.012227235082055254
    },
    "val": {
      "mse": 0.00022995435574557632,
      "mae": 0.01051398366689682,
      "directional_accuracy": 0.4596774193548387,
      "base_loss": 0.01899036578834057,
      "abs_loss": 0.01861090646707453,
      "rel_score": 0.01998167520812133
    },
    "test": {
      "mse": 0.0004448605759534985,
      "mae": 0.014388246461749077,
      "directional_accuracy": 0.4550158091405576,
      "base_loss": 0.025826017372310165,
      "abs_loss": 0.02626962631475182,
      "rel_score": -0.017176823512760286
    }
  },
  "lstm_signmag": {
    "train": {
      "mse": 0.0004375045537017286,
      "mae": 0.014269073493778706,
      "directional_accuracy": 0.45087450632707343,
      "base_loss": 0.026522562932223086,
      "abs_loss": 0.026344349887222056,
      "rel_score": 0.006719299543428092
    },
    "val": {
      "mse": 0.00022895328584127128,
      "mae": 0.010481861419975758,
      "directional_accuracy": 0.46538978494623656,
      "base_loss": 0.01899036578834057,
      "abs_loss": 0.018850753222068306,
      "rel_score": 0.007351757613746401
    },
    "test": {
      "mse": 0.00044378527672961354,
      "mae": 0.01435324177145958,
      "directional_accuracy": 0.45099166427134235,