{
  "lstm_top2_by_val": {
    "threshold": 0.0,
    "holding_period": 1,
    "uncertainty_model": null,
    "uncertainty_quantile": null,
    "max_uncertainty": null,
    "uncertainty_side": null,
    "trade_count": 385,
    "coverage": 0.3163516844700082,
    "directional_accuracy": 0.6519480519480519,
    "avg_actual_return": 0.0022153330067532467,
    "avg_strategy_return": 0.0022153330067532467,
    "cumulative_strategy_return": 0.8529032076,
    "final_equity": 2.2066911161928813,
    "sampled_buy_hold_equity": 2.2066911161928813
  },
  "lstm_best_by_val": {
    "threshold": 0.0,
    "holding_period": 1,
    "uncertainty_model": null,
    "uncertainty_quantile": null,
    "max_uncertainty": null,
    "uncertainty_side": null,
    "trade_count": 385,
    "coverage": 0.3163516844700082,
    "directional_accuracy": 0.6337662337662338,
    "avg_actual_return": 0.0016578037179220781,
    "avg_strategy_return": 0.0016578037179220781,
    "cumulative_strategy_return": 0.6382544314,
    "final_equity": 1.7841687972583202,
    "sampled_buy_hold_equity": 1.7841687972583202
  },
  "lstm_ensemble": {
    "threshold": 0.0,
    "holding_period": 1,
    "uncertainty_model": null,
    "uncertainty_quantile": null,
    "max_uncertainty": null,
    "uncertainty_side": null,
    "trade_count": 446,
    "coverage": 0.36647493837304845,
    "directional_accuracy": 0.6322869955156951,
    "avg_actual_return": 0.0014283097237668158,
    "avg_strategy_return": 0.0014283097237668158,
    "cumulative_strategy_return": 0.6370261367999999,
    "final_equity": 1.780097312350986,
    "sampled_buy_hold_equity": 1.780097312350986
  }
}