features,feature_count,train_rel_score,val_rel_score,test_rel_score,train_mse,val_mse,test_mse,train_mae,val_mae,test_mae,train_abs_loss,val_abs_loss,test_abs_loss
"atr_gap,ma_10_gap",2,0.0012621765790775674,0.03357473564982172,-0.0077842034005097815,0.0005083775031380355,0.00022038079623598605,0.0004024709924124181,0.01599695160984993,0.010752947069704533,0.013382983393967152,0.030101404397282774,0.01771811560611241,0.023904696994577528
"atr_gap,ma_20_gap",2,0.0055799826414444365,0.031009564834003855,-0.0033216723079736443,0.0005092591163702309,0.00022089695266913623,0.00040438640280626714,0.01600492000579834,0.010779566131532192,0.013420169241726398,0.029976321058347823,0.017765144584700472,0.023798845510464156
