rel_score,median_abs_e,q90_abs_e,q95_abs_e,share_abs_e_gt_035,share_abs_e_gt_050,share_abs_e_gt_080,daily_q90_median,daily_q90_p90,daily_q90_max,daily_violation_gt_035,daily_violation_share,DA,pred_actual_q90_ratio,variant,rule,shrink,clip_k,conf_q,train_objective,train_rel_score,improvement_objective
0.04477516686817884,0.012537384405732155,0.046931590884923935,0.06215594708919525,0.16358673173959798,0.08847712796757383,0.008338158656629993,0.0362396590411663,0.06273880243301391,0.10801902115345001,364,0.5523520485584219,0.5182728099925552,0.19320456683635712,anchor_baseline,baseline,1.0,,,,,
0.04843337657027269,0.01258162036538124,0.04656735807657242,0.06180886924266815,0.1641657705351973,0.08680618744313012,0.009595500041359914,0.03654373064637184,0.06301063761115075,0.10608087107539177,367,0.5569044006069803,0.5182728099925552,0.23172371089458466,plain_s1.2_k0.75_qNone,plain,1.2,0.75,,-0.03741925034693324,0.03780507388390919,0.012606680974268179
