{
  "lstm": {
    "train": {
      "base_loss": 0.07215390330000002,
      "abs_loss": 0.07346592926250001,
      "rel_score": -0.018183714289785158,
      "directional_accuracy": 0.48558682223747424,
      "error_len": 2914,
      "base_len": 2914
    },
    "val": {
      "base_loss": 0.04697830715000001,
      "abs_loss": 0.04986054072000001,
      "rel_score": -0.061352435727348276,
      "directional_accuracy": 0.43548387096774194,
      "error_len": 248,
      "base_len": 248
    },
    "test": {
      "base_loss": 0.07046886645000001,
      "abs_loss": 0.06968634548,
      "rel_score": 0.011104492088789941,
      "directional_accuracy": 0.4503311258278146,
      "error_len": 302,
      "base_len": 302
    }
  },
  "linear_regression": {
    "train": {
      "base_loss": 0.07215390330000002,
      "abs_loss": 0.07300338255550001,
      "rel_score": -0.011773157329660222,
      "directional_accuracy": 0.49245024021962935,
      "error_len": 2914,
      "base_len": 2914
    },
    "val": {
      "base_loss": 0.04697830715000001,
      "abs_loss": 0.04967204315000001,
      "rel_score": -0.057339997190597014,
      "directional_accuracy": 0.4596774193548387,
      "error_len": 248,
      "base_len": 248
    },
    "test": {
      "base_loss": 0.07046886645000001,
      "abs_loss": 0.06974521024000001,
      "rel_score": 0.01026916206341233,
      "directional_accuracy": 0.5,
      "error_len": 302,
      "base_len": 302
    }
  },
  "arima": {
    "train": {
      "base_loss": 0.07215390330000002,
      "abs_loss": 0.07281189230000001,
      "rel_score": -0.009119243310569347,
      "directional_accuracy": 0.4766643788606726,
      "error_len": 2914,
      "base_len": 2914
    },
    "val": {
      "base_loss": 0.04697830715000001,
      "abs_loss": 0.047535243660000004,
      "rel_score": -0.011855184739239633,
      "directional_accuracy": 0.4435483870967742,
      "error_len": 248,
      "base_len": 248
    },
    "test": {
      "base_loss": 0.07046886645000001,
      "abs_loss": 0.06954587052500003,
      "rel_score": 0.013097924963144991,
      "directional_accuracy": 0.46357615894039733,
      "error_len": 302,
      "base_len": 302
    }
  }
}