{
  "lstm": {
    "train": {
      "mse": 0.002982511417940259,
      "mae": 0.03987826034426689,
      "directional_accuracy": 0.48558682223747424,
      "base_loss": 0.07215390330000002,
      "abs_loss": 0.07346592926250001,
      "rel_score": -0.018183714289785158
    },
    "val": {
      "mse": 0.0013108322164043784,
      "mae": 0.02745983935892582,
      "directional_accuracy": 0.43548387096774194,
      "base_loss": 0.04697830715000001,
      "abs_loss": 0.04986054072000001,
      "rel_score": -0.061352435727348276
    },
    "test": {
      "mse": 0.002434187103062868,
      "mae": 0.036914899945259094,
      "directional_accuracy": 0.4503311258278146,
      "base_loss": 0.07046886645000001,
      "abs_loss": 0.06968634548,
      "rel_score": 0.011104492088789941
    }
  },
  "linear_regression": {
    "train": {
      "mse": 0.0029070174787193537,
      "mae": 0.039591848850250244,
      "directional_accuracy": 0.49245024021962935,
      "base_loss": 0.07215390330000002,
      "abs_loss": 0.07300338255550001,
      "rel_score": -0.011773157329660222
    },
    "val": {
      "mse": 0.0013604862615466118,
      "mae": 0.02791103720664978,
      "directional_accuracy": 0.4596774193548387,
      "base_loss": 0.04697830715000001,
      "abs_loss": 0.04967204315000001,
      "rel_score": -0.057339997190597014
    },
    "test": {
      "mse": 0.0024199148174375296,
      "mae": 0.037201762199401855,
      "directional_accuracy": 0.5,
      "base_loss": 0.07046886645000001,
      "abs_loss": 0.06974521024000001,
      "rel_score": 0.01026916206341233
    }
  },
  "arima": {
    "train": {
      "mse": 0.002956247190013528,
      "mae": 0.03978871926665306,
      "directional_accuracy": 0.4766643788606726,
      "base_loss": 0.07215390330000002,
      "abs_loss": 0.07281189230000001,
      "rel_score": -0.009119243310569347
    },
    "val": {
      "mse": 0.0013079800410196185,
      "mae": 0.027379009872674942,
      "directional_accuracy": 0.4435483870967742,
      "base_loss": 0.04697830715000001,
      "abs_loss": 0.047535243660000004,
      "rel_score": -0.011855184739239633
    },
    "test": {
      "mse": 0.0024222845677286386,
      "mae": 0.037364449352025986,
      "directional_accuracy": 0.46357615894039733,
      "base_loss": 0.07046886645000001,
      "abs_loss": 0.06954587052500003,
      "rel_score": 0.013097924963144991
    }
  }
}