{
  "lstm": {
    "threshold": 0.0,
    "holding_period": 3,
    "trade_count": 62,
    "coverage": 0.20394736842105263,
    "directional_accuracy": 0.5967741935483871,
    "avg_actual_return": 0.006067853330645161,
    "avg_strategy_return": 0.006067853330645161,
    "cumulative_strategy_return": 0.3762069065,
    "final_equity": 1.320417561342044,
    "sampled_buy_hold_equity": 1.320417561342044
  },
  "linear_regression": {
    "threshold": 0.005,
    "holding_period": 3,
    "trade_count": 65,
    "coverage": 0.2138157894736842,
    "directional_accuracy": 0.5846153846153846,
    "avg_actual_return": 0.005032434047692308,
    "avg_strategy_return": 0.005032434047692308,
    "cumulative_strategy_return": 0.32710821310000004,
    "final_equity": 1.2869915082470447,
    "sampled_buy_hold_equity": 1.2869915082470447
  },
  "arima": {
    "threshold": 0.02,
    "holding_period": 3,
    "trade_count": 2,
    "coverage": 0.006578947368421052,
    "directional_accuracy": 0.5,
    "avg_actual_return": 0.0037042359999999996,
    "avg_strategy_return": 0.0037042359999999996,
    "cumulative_strategy_return": 0.007408471999999999,
    "final_equity": 1.0069153585555515,
    "sampled_buy_hold_equity": 1.0069153585555515
  }
}