{
  "lstm_quantile_top2_by_val": {
    "threshold": 0.0,
    "holding_period": 1,
    "trade_count": 1089,
    "coverage": 0.46678096870981567,
    "directional_accuracy": 0.581267217630854,
    "avg_actual_return": 0.0018689910228650139,
    "avg_strategy_return": 0.0018689910228650139,
    "cumulative_strategy_return": 2.0353312239,
    "final_equity": 5.8010016372473645,
    "sampled_buy_hold_equity": 5.8010016372473645
  },
  "lstm_quantile": {
    "threshold": 0.0,
    "holding_period": 1,
    "trade_count": 1002,
    "coverage": 0.4294899271324475,
    "directional_accuracy": 0.5978043912175649,
    "avg_actual_return": 0.001960020689121757,
    "avg_strategy_return": 0.001960020689121757,
    "cumulative_strategy_return": 1.9639407305000003,
    "final_equity": 5.631010567016305,
    "sampled_buy_hold_equity": 5.631010567016305
  },
  "lstm_quantile_best_by_val": {
    "threshold": 0.0,
    "holding_period": 1,
    "trade_count": 1002,
    "coverage": 0.4294899271324475,
    "directional_accuracy": 0.5978043912175649,
    "avg_actual_return": 0.001960020689121757,
    "avg_strategy_return": 0.001960020689121757,
    "cumulative_strategy_return": 1.9639407305000003,
    "final_equity": 5.631010567016305,
    "sampled_buy_hold_equity": 5.631010567016305
  },
  "lstm_quantile_seed_42": {
    "threshold": 0.0,
    "holding_period": 1,
    "trade_count": 1002,
    "coverage": 0.4294899271324475,
    "directional_accuracy": 0.5978043912175649,
    "avg_actual_return": 0.001960020689121757,
    "avg_strategy_return": 0.001960020689121757,
    "cumulative_strategy_return": 1.9639407305000003,
    "final_equity": 5.631010567016305,
    "sampled_buy_hold_equity": 5.631010567016305
  },
  "arima": {
    "threshold": 0.0,
    "holding_period": 1,
    "trade_count": 1573,
    "coverage": 0.6742391770252893,
    "directional_accuracy": 0.561347743165925,
    "avg_actual_return": 0.0012116783600127144,
    "avg_strategy_return": 0.0012116783600127144,
    "cumulative_strategy_return": 1.9059700602999996,
    "final_equity": 5.098240057477003,
    "sampled_buy_hold_equity": 5.098240057477003
  },
  "lstm_quantile_seed_52": {
    "threshold": 0.0,
    "holding_period": 1,
    "trade_count": 1177,
    "coverage": 0.5045006429489927,
    "directional_accuracy": 0.5700934579439252,
    "avg_actual_return": 0.0015797278154630419,
    "avg_strategy_return": 0.0015797278154630419,
    "cumulative_strategy_return": 1.8593396388000003,
    "final_equity": 4.731477762588266,
    "sampled_buy_hold_equity": 4.731477762588266
  },
  "linear_regression": {
    "threshold": 0.0,
    "holding_period": 1,
    "trade_count": 1308,
    "coverage": 0.5606515216459494,
    "directional_accuracy": 0.5573394495412844,
    "avg_actual_return": 0.0012156739711009176,
    "avg_strategy_return": 0.0012156739711009176,
    "cumulative_strategy_return": 1.5901015542000003,
    "final_equity": 3.8344317137619948,
    "sampled_buy_hold_equity": 3.8344317137619948
  },
  "lstm_quantile_ensemble": {
    "threshold": 0.0,
    "holding_period": 1,
    "trade_count": 1070,
    "coverage": 0.4586369481354479,
    "directional_accuracy": 0.5728971962616822,
    "avg_actual_return": 0.0015169789028971965,
    "avg_strategy_return": 0.0015169789028971965,
    "cumulative_strategy_return": 1.6231674261000002,
    "final_equity": 3.7974084349778474,
    "sampled_buy_hold_equity": 3.7974084349778474
  },
  "lstm_seed_52": {
    "threshold": 0.0,
    "holding_period": 1,
    "trade_count": 921,
    "coverage": 0.39477068152593225,
    "directional_accuracy": 0.5722041259500543,
    "avg_actual_return": 0.0016447711220412594,
    "avg_strategy_return": 0.0016447711220412594,
    "cumulative_strategy_return": 1.5148342034,
    "final_equity": 3.500697517410082,
    "sampled_buy_hold_equity": 3.500697517410082
  },
  "lstm_signmag_best_by_val": {
    "threshold": 0.0,
    "holding_period": 1,
    "trade_count": 548,
    "coverage": 0.23489069867123874,
    "directional_accuracy": 0.5784671532846716,
    "avg_actual_return": 0.0024553632996350363,
    "avg_strategy_return": 0.0024553632996350363,
    "cumulative_strategy_return": 1.3455390881999998,
    "final_equity": 3.2111808825754293,
    "sampled_buy_hold_equity": 3.2111808825754293
  },
  "lstm_signmag_seed_62": {
    "threshold": 0.0,
    "holding_period": 1,
    "trade_count": 548,
    "coverage": 0.23489069867123874,
    "directional_accuracy": 0.5784671532846716,
    "avg_actual_return": 0.0024553632996350363,
    "avg_strategy_return": 0.0024553632996350363,
    "cumulative_strategy_return": 1.3455390881999998,
    "final_equity": 3.2111808825754293,
    "sampled_buy_hold_equity": 3.2111808825754293
  },
  "lstm_signmag_seed_52": {
    "threshold": 0.0,
    "holding_period": 1,
    "trade_count": 1076,
    "coverage": 0.4612087441063009,
    "directional_accuracy": 0.5697026022304833,
    "avg_actual_return": 0.00133757902936803,
    "avg_strategy_return": 0.00133757902936803,
    "cumulative_strategy_return": 1.4392350356,
    "final_equity": 3.210592990215464,
    "sampled_buy_hold_equity": 3.210592990215464
  },
  "lstm_best_by_val": {
    "threshold": 0.0,
    "holding_period": 1,
    "trade_count": 637,
    "coverage": 0.2730390055722246,
    "directional_accuracy": 0.5886970172684458,
    "avg_actual_return": 0.002055412815698587,
    "avg_strategy_return": 0.002055412815698587,
    "cumulative_strategy_return": 1.3092979636000002,
    "final_equity": 3.041269952223098,
    "sampled_buy_hold_equity": 3.041269952223098
  },
  "lstm_seed_62": {
    "threshold": 0.0,
    "holding_period": 1,
    "trade_count": 637,
    "coverage": 0.2730390055722246,
    "directional_accuracy": 0.5886970172684458,
    "avg_actual_return": 0.002055412815698587,
    "avg_strategy_return": 0.002055412815698587,
    "cumulative_strategy_return": 1.3092979636000002,
    "final_equity": 3.041269952223098,
    "sampled_buy_hold_equity": 3.041269952223098
  },
  "lstm_signmag_ensemble": {
    "threshold": 0.0,
    "holding_period": 1,
    "trade_count": 835,
    "coverage": 0.3579082726103729,
    "directional_accuracy": 0.5688622754491018,
    "avg_actual_return": 0.0015774421908982038,
    "avg_strategy_return": 0.0015774421908982038,
    "cumulative_strategy_return": 1.3171642294,
    "final_equity": 2.9494714488324703,
    "sampled_buy_hold_equity": 2.9494714488324703
  },
  "lstm_signmag_top2_by_val": {
    "threshold": 0.0,
    "holding_period": 1,
    "trade_count": 733,
    "coverage": 0.3141877411058723,
    "directional_accuracy": 0.557980900409277,
    "avg_actual_return": 0.0016682386615279672,
    "avg_strategy_return": 0.0016682386615279672,
    "cumulative_strategy_return": 1.2228189389,
    "final_equity": 2.7422682178537907,
    "sampled_buy_hold_equity": 2.7422682178537907
  },
  "lstm_ensemble": {
    "threshold": 0.0025,
    "holding_period": 1,
    "trade_count": 118,
    "coverage": 0.05057865409344192,
    "directional_accuracy": 0.6610169491525424,
    "avg_actual_return": 0.007445455063559321,
    "avg_strategy_return": 0.007445455063559321,
    "cumulative_strategy_return": 0.8785636974999999,
    "final_equity": 2.2674268056749467,
    "sampled_buy_hold_equity": 2.2674268056749467
  },
  "lstm_top2_by_val": {
    "threshold": 0.0025,
    "holding_period": 1,
    "trade_count": 102,
    "coverage": 0.04372053150450064,
    "directional_accuracy": 0.6666666666666666,
    "avg_actual_return": 0.007904037118627449,
    "avg_strategy_return": 0.007904037118627449,
    "cumulative_strategy_return": 0.8062117860999999,
    "final_equity": 2.1391603277967097,
    "sampled_buy_hold_equity": 2.1391603277967097
  },
  "lstm_signmag": {
    "threshold": 0.0,
    "holding_period": 1,
    "trade_count": 1011,
    "coverage": 0.433347621088727,
    "directional_accuracy": 0.5509396636993076,
    "avg_actual_return": 0.0007998171748763603,
    "avg_strategy_return": 0.0007998171748763603,
    "cumulative_strategy_return": 0.8086151638000003,