rel_score,q90_abs_e,q95_abs_e,share_abs_e_gt_035,share_abs_e_gt_050,daily_violation_gt_035,daily_violation_share,DA,variant
0.04471727083991228,0.046947237104177475,0.06218400225043297,0.1637190834643064,0.08855984779551658,364,0.5523520485584219,0.5182728099925552,anchor_baseline
0.0464758990446793,0.046831194311380386,0.062144771218299866,0.16370253949871785,0.08817933658697989,362,0.5493171471927162,0.5182728099925552,1d_regime
0.048545571084685046,0.04664864018559456,0.06212157383561134,0.16342129208371248,0.08753412192902639,361,0.5477996965098634,0.5182728099925552,2d_regime
