coverage,mean_width,median_width,q90_width,nominal_coverage,conformal_q
0.8278765820167094,0.06772352755069733,0.06772353500127792,0.06772353500127792,0.9,0.03386176750063896
