{
  "arima": {
    "threshold": 0.0,
    "holding_period": 1,
    "trade_count": 552,
    "coverage": 0.6013071895424836,
    "directional_accuracy": 0.5760869565217391,
    "avg_actual_return": 0.0034217088730072467,
    "avg_strategy_return": 0.0034217088730072467,
    "cumulative_strategy_return": 1.8887832979,
    "final_equity": 5.922977041924062,
    "sampled_buy_hold_equity": 5.922977041924062
  },
  "linear_regression": {
    "threshold": 0.0025,
    "holding_period": 1,
    "trade_count": 261,
    "coverage": 0.28431372549019607,
    "directional_accuracy": 0.5402298850574713,
    "avg_actual_return": 0.0033574779103448275,
    "avg_strategy_return": 0.0033574779103448275,
    "cumulative_strategy_return": 0.8763017345999999,
    "final_equity": 2.278508597285987,
    "sampled_buy_hold_equity": 2.278508597285987
  },
  "lstm": {
    "threshold": 0.0,
    "holding_period": 1,
    "trade_count": 823,
    "coverage": 0.8965141612200436,
    "directional_accuracy": 0.5528554070473876,
    "avg_actual_return": 0.0011319650128797086,
    "avg_strategy_return": 0.0011319650128797086,
    "cumulative_strategy_return": 0.9316072056000001,
    "final_equity": 2.1195503799341675,
    "sampled_buy_hold_equity": 2.1195503799341675
  },
  "lstm_best_by_val": {
    "threshold": 0.0,
    "holding_period": 1,
    "trade_count": 823,
    "coverage": 0.8965141612200436,
    "directional_accuracy": 0.5528554070473876,
    "avg_actual_return": 0.0011319650128797086,
    "avg_strategy_return": 0.0011319650128797086,
    "cumulative_strategy_return": 0.9316072056000001,
    "final_equity": 2.1195503799341675,
    "sampled_buy_hold_equity": 2.1195503799341675
  },
  "lstm_seed_42": {
    "threshold": 0.0,
    "holding_period": 1,
    "trade_count": 823,
    "coverage": 0.8965141612200436,
    "directional_accuracy": 0.5528554070473876,
    "avg_actual_return": 0.0011319650128797086,
    "avg_strategy_return": 0.0011319650128797086,
    "cumulative_strategy_return": 0.9316072056000001,
    "final_equity": 2.1195503799341675,
    "sampled_buy_hold_equity": 2.1195503799341675
  },
  "lstm_signmag": {
    "threshold": 0.0,
    "holding_period": 1,
    "trade_count": 887,
    "coverage": 0.9662309368191722,
    "directional_accuracy": 0.5501691093573844,
    "avg_actual_return": 0.0009550710340473509,
    "avg_strategy_return": 0.0009550710340473509,
    "cumulative_strategy_return": 0.8471480072000003,
    "final_equity": 1.9262668703888874,
    "sampled_buy_hold_equity": 1.9262668703888874
  },
  "lstm_signmag_best_by_val": {
    "threshold": 0.0,
    "holding_period": 1,
    "trade_count": 887,
    "coverage": 0.9662309368191722,
    "directional_accuracy": 0.5501691093573844,
    "avg_actual_return": 0.0009550710340473509,
    "avg_strategy_return": 0.0009550710340473509,
    "cumulative_strategy_return": 0.8471480072000003,
    "final_equity": 1.9262668703888874,
    "sampled_buy_hold_equity": 1.9262668703888874
  },
  "lstm_signmag_seed_42": {
    "threshold": 0.0,
    "holding_period": 1,
    "trade_count": 887,
    "coverage": 0.9662309368191722,
    "directional_accuracy": 0.5501691093573844,
    "avg_actual_return": 0.0009550710340473509,
    "avg_strategy_return": 0.0009550710340473509,
    "cumulative_strategy_return": 0.8471480072000003,
    "final_equity": 1.9262668703888874,
    "sampled_buy_hold_equity": 1.9262668703888874
  }
}