{
  "lstm": {
    "train": {
      "mse": 0.0006693090545013547,
      "mae": 0.017975928261876106,
      "directional_accuracy": 0.47840248158200854,
      "base_loss": 0.03473566044121981,
      "abs_loss": 0.03409675692673773,
      "rel_score": 0.018393302628094466
    },
    "val": {
      "mse": 0.000369655666872859,
      "mae": 0.012780150398612022,
      "directional_accuracy": 0.44646464646464645,
      "base_loss": 0.023283637501299397,
      "abs_loss": 0.023391073651146156,
      "rel_score": -0.004614233916017785
    },
    "test": {
      "mse": 0.0006975269061513245,
      "mae": 0.018217019736766815,
      "directional_accuracy": 0.45650904845300644,
      "base_loss": 0.036360868811607355,
      "abs_loss": 0.03569541657343507,
      "rel_score": 0.018301329421475554
    }
  },
  "linear_regression": {
    "train": {
      "mse": 0.0006234500906430185,
      "mae": 0.018004104495048523,
      "directional_accuracy": 0.449398991857309,
      "base_loss": 0.03473566044121981,
      "abs_loss": 0.03581383359851316,
      "rel_score": -0.031039374049554924
    },
    "val": {
      "mse": 0.0003957731823902577,
      "mae": 0.013845464214682579,
      "directional_accuracy": 0.4404040404040404,
      "base_loss": 0.023283637501299397,
      "abs_loss": 0.025353618478402496,
      "rel_score": -0.08890281756824203
    },
    "test": {
      "mse": 0.0007204778376035392,
      "mae": 0.019278300926089287,
      "directional_accuracy": 0.4500875656742557,
      "base_loss": 0.036360868811607355,
      "abs_loss": 0.0369022071477957,
      "rel_score": -0.014887937331561574
    }
  },
  "arima": {
    "train": {
      "mse": 0.0006528901285491884,
      "mae": 0.018083972856402397,
      "directional_accuracy": 0.4455990694067468,
      "base_loss": 0.03473566044121981,
      "abs_loss": 0.03494556650402956,
      "rel_score": -0.006042955859870691
    },
    "val": {
      "mse": 0.00037327923928387463,
      "mae": 0.012794682756066322,
      "directional_accuracy": 0.4498316498316498,
      "base_loss": 0.023283637501299397,
      "abs_loss": 0.02361011374305237,
      "rel_score": -0.014021702654267498
    },
    "test": {
      "mse": 0.0006939162267372012,
      "mae": 0.018231499940156937,
      "directional_accuracy": 0.4506713368359603,
      "base_loss": 0.036360868811607355,
      "abs_loss": 0.03651859334204345,
      "rel_score": -0.0043377547234444425
    }
  },
  "lstm_ensemble": {
    "train": {
      "mse": 0.0006560782785527408,
      "mae": 0.017892930656671524,
      "directional_accuracy": 0.4837533927879023,
      "base_loss": 0.03473566044121981,
      "abs_loss": 0.034154017199762174,
      "rel_score": 0.016744844752323185
    },
    "val": {
      "mse": 0.0003679301589727402,
      "mae": 0.012654697522521019,
      "directional_accuracy": 0.45387205387205387,
      "base_loss": 0.023283637501299397,
      "abs_loss": 0.023324816708918665,
      "rel_score": -0.0017685899643888892
    },
    "test": {
      "mse": 0.0006956880097277462,
      "mae": 0.01812872476875782,
      "directional_accuracy": 0.46234676007005254,
      "base_loss": 0.036360868811607355,
      "abs_loss": 0.035291100735776126,
      "rel_score": 0.029420861238874774
    }
  },
  "lstm_seed_42": {
    "train": {
      "mse": 0.0006693090545013547,
      "mae": 0.017975928261876106,
      "directional_accuracy": 0.47840248158200854,
      "base_loss": 0.03473566044121981,
      "abs_loss": 0.03409675692673773,
      "rel_score": 0.018393302628094466
    },
    "val": {
      "mse": 0.000369655666872859,
      "mae": 0.012780150398612022,
      "directional_accuracy": 0.44646464646464645,
      "base_loss": 0.023283637501299397,
      "abs_loss": 0.023391073651146156,
      "rel_score": -0.004614233916017785
    },
    "test": {
      "mse": 0.0006975269061513245,
      "mae": 0.018217019736766815,
      "directional_accuracy": 0.45650904845300644,
      "base_loss": 0.036360868811607355,
      "abs_loss": 0.03569541657343507,
      "rel_score": 0.018301329421475554
    }
  },
  "lstm_seed_52": {
    "train": {
      "mse": 0.0006577362655662,
      "mae": 0.018054116517305374,
      "directional_accuracy": 0.46366808840635904,
      "base_loss": 0.03473566044121981,
      "abs_loss": 0.03464712360291742,
      "rel_score": 0.0025488744759069037
    },
    "val": {
      "mse": 0.0003695187042467296,
      "mae": 0.012660183943808079,
      "directional_accuracy": 0.4781144781144781,
      "base_loss": 0.023283637501299397,
      "abs_loss": 0.02332887885277163,
      "rel_score": -0.0019430534197977245
    },
    "test": {
      "mse": 0.0007005545194260776,
      "mae": 0.018166132271289825,
      "directional_accuracy": 0.475189725627554,
      "base_loss": 0.036360868811607355,
      "abs_loss": 0.03519831916783005,
      "rel_score": 0.03197254856039611
    }
  },
  "lstm_seed_62": {
    "train": {
      "mse": 0.000665221712552011,
      "mae": 0.01792258396744728,
      "directional_accuracy": 0.48383094222566886,
      "base_loss": 0.03473566044121981,
      "abs_loss": 0.034063714323565364,
      "rel_score": 0.01934456144259944
    },
    "val": {
      "mse": 0.00037059476017020643,
      "mae": 0.012738090939819813,
      "directional_accuracy": 0.4478114478114478,
      "base_loss": 0.023283637501299397,
      "abs_loss": 0.02331510103249457,
      "rel_score": -0.0013513151110267074
    },
    "test": {
      "mse": 0.0007022335194051266,
      "mae": 0.01823388785123825,
      "directional_accuracy": 0.45826036193812025,
      "base_loss": 0.036360868811607355,
      "abs_loss": 0.035991131840273735,
      "rel_score": 0.010168540615717925
    }
  },
  "lstm_seed_99": {
    "train": {
      "mse": 0.0006660952931270003,
      "mae": 0.018054315820336342,
      "directional_accuracy": 0.4712679333074835,
      "base_loss": 0.03473566044121981,
      "abs_loss": 0.034278389868268276,
      "rel_score": 0.013164297645220757
    },
    "val": {
      "mse": 0.00036908354377374053,
      "mae": 0.012778384611010551,
      "directional_accuracy": 0.43232323232323233,
      "base_loss": 0.023283637501299397,
      "abs_loss": 0.02319367890595459,
      "rel_score": 0.0038635971436931094
    },
    "test": {
      "mse": 0.0007015725714154541,
      "mae": 0.018260633572936058,
      "directional_accuracy": 0.45592527729130183,
      "base_loss": 0.036360868811607355,
      "abs_loss": 0.03604698245180771,
      "rel_score": 0.008632531896472395
    }
  },
  "lstm_best_by_val": {
    "train": {
      "mse": 0.0006660952931270003,
      "mae": 0.018054315820336342,
      "directional_accuracy": 0.4712679333074835,
      "base_loss": 0.03473566044121981,
      "abs_loss": 0.034278389868268276,
      "rel_score": 0.013164297645220757
    },
    "val": {
      "mse": 0.00036908354377374053,
      "mae": 0.012778384611010551,
      "directional_accuracy": 0.43232323232323233,
      "base_loss": 0.023283637501299397,
      "abs_loss": 0.02319367890595459,
      "rel_score": 0.0038635971436931094
    },
    "test": {
      "mse": 0.0007015725714154541,
      "mae": 0.018260633572936058,
      "directional_accuracy": 0.45592527729130183,
      "base_loss": 0.036360868811607355,
      "abs_loss": 0.03604698245180771,
      "rel_score": 0.008632531896472395
    }
  },
  "lstm_top2_by_val": {
    "train": {
      "mse": 0.0006622641813009977,
      "mae": 0.017921311780810356,
      "directional_accuracy": 0.4843737882900349,
      "base_loss": 0.03473566044121981,
      "abs_loss": 0.03412892825435849,
      "rel_score": 0.017467126841824276
    },
    "val": {
      "mse": 0.00036872157943435013,
      "mae": 0.012692333199083805,
      "directional_accuracy": 0.4444444444444444,
      "base_loss": 0.023283637501299397,
      "abs_loss": 0.02344502826454118,
      "rel_score": -0.006931509873952413
    },
    "test": {
      "mse": 0.0006992751732468605,
      "mae": 0.018187712877988815,
      "directional_accuracy": 0.46818447168709865,