{
  "lstm": {
    "train": {
      "base_loss": 0.03473566044121981,
      "abs_loss": 0.03409675692673773,
      "rel_score": 0.018393302628094466,
      "directional_accuracy": 0.47840248158200854,
      "error_len": 12895,
      "base_len": 12895
    },
    "val": {
      "base_loss": 0.023283637501299397,
      "abs_loss": 0.023391073651146156,
      "rel_score": -0.004614233916017785,
      "directional_accuracy": 0.44646464646464645,
      "error_len": 1485,
      "base_len": 1485
    },
    "test": {
      "base_loss": 0.036360868811607355,
      "abs_loss": 0.03569541657343507,
      "rel_score": 0.018301329421475554,
      "directional_accuracy": 0.45650904845300644,
      "error_len": 1713,
      "base_len": 1713
    }
  },
  "linear_regression": {
    "train": {
      "base_loss": 0.03473566044121981,
      "abs_loss": 0.03581383359851316,
      "rel_score": -0.031039374049554924,
      "directional_accuracy": 0.449398991857309,
      "error_len": 12895,
      "base_len": 12895
    },
    "val": {
      "base_loss": 0.023283637501299397,
      "abs_loss": 0.025353618478402496,
      "rel_score": -0.08890281756824203,
      "directional_accuracy": 0.4404040404040404,
      "error_len": 1485,
      "base_len": 1485
    },
    "test": {
      "base_loss": 0.036360868811607355,
      "abs_loss": 0.0369022071477957,
      "rel_score": -0.014887937331561574,
      "directional_accuracy": 0.4500875656742557,
      "error_len": 1713,
      "base_len": 1713
    }
  },
  "arima": {
    "train": {
      "base_loss": 0.03473566044121981,
      "abs_loss": 0.03494556650402956,
      "rel_score": -0.006042955859870691,
      "directional_accuracy": 0.4455990694067468,
      "error_len": 12895,
      "base_len": 12895
    },
    "val": {
      "base_loss": 0.023283637501299397,
      "abs_loss": 0.02361011374305237,
      "rel_score": -0.014021702654267498,
      "directional_accuracy": 0.4498316498316498,
      "error_len": 1485,
      "base_len": 1485
    },
    "test": {
      "base_loss": 0.036360868811607355,
      "abs_loss": 0.03651859334204345,
      "rel_score": -0.0043377547234444425,
      "directional_accuracy": 0.4506713368359603,
      "error_len": 1713,
      "base_len": 1713
    }
  },
  "lstm_ensemble": {
    "train": {
      "base_loss": 0.03473566044121981,
      "abs_loss": 0.034154017199762174,
      "rel_score": 0.016744844752323185,
      "directional_accuracy": 0.4837533927879023,
      "error_len": 12895,
      "base_len": 12895
    },
    "val": {
      "base_loss": 0.023283637501299397,
      "abs_loss": 0.023324816708918665,
      "rel_score": -0.0017685899643888892,
      "directional_accuracy": 0.45387205387205387,
      "error_len": 1485,
      "base_len": 1485
    },
    "test": {
      "base_loss": 0.036360868811607355,
      "abs_loss": 0.035291100735776126,
      "rel_score": 0.029420861238874774,
      "directional_accuracy": 0.46234676007005254,
      "error_len": 1713,
      "base_len": 1713
    }
  },
  "lstm_seed_42": {
    "train": {
      "base_loss": 0.03473566044121981,
      "abs_loss": 0.03409675692673773,
      "rel_score": 0.018393302628094466,
      "directional_accuracy": 0.47840248158200854,
      "error_len": 12895,
      "base_len": 12895
    },
    "val": {
      "base_loss": 0.023283637501299397,
      "abs_loss": 0.023391073651146156,
      "rel_score": -0.004614233916017785,
      "directional_accuracy": 0.44646464646464645,
      "error_len": 1485,
      "base_len": 1485
    },
    "test": {
      "base_loss": 0.036360868811607355,
      "abs_loss": 0.03569541657343507,
      "rel_score": 0.018301329421475554,
      "directional_accuracy": 0.45650904845300644,
      "error_len": 1713,
      "base_len": 1713
    }
  },
  "lstm_seed_52": {
    "train": {
      "base_loss": 0.03473566044121981,
      "abs_loss": 0.03464712360291742,
      "rel_score": 0.0025488744759069037,
      "directional_accuracy": 0.46366808840635904,
      "error_len": 12895,
      "base_len": 12895
    },
    "val": {
      "base_loss": 0.023283637501299397,
      "abs_loss": 0.02332887885277163,
      "rel_score": -0.0019430534197977245,
      "directional_accuracy": 0.4781144781144781,
      "error_len": 1485,
      "base_len": 1485
    },
    "test": {
      "base_loss": 0.036360868811607355,
      "abs_loss": 0.03519831916783005,
      "rel_score": 0.03197254856039611,
      "directional_accuracy": 0.475189725627554,
      "error_len": 1713,
      "base_len": 1713
    }
  },
  "lstm_seed_62": {
    "train": {
      "base_loss": 0.03473566044121981,
      "abs_loss": 0.034063714323565364,
      "rel_score": 0.01934456144259944,
      "directional_accuracy": 0.48383094222566886,
      "error_len": 12895,
      "base_len": 12895
    },
    "val": {
      "base_loss": 0.023283637501299397,
      "abs_loss": 0.02331510103249457,
      "rel_score": -0.0013513151110267074,
      "directional_accuracy": 0.4478114478114478,
      "error_len": 1485,
      "base_len": 1485
    },
    "test": {
      "base_loss": 0.036360868811607355,
      "abs_loss": 0.035991131840273735,
      "rel_score": 0.010168540615717925,
      "directional_accuracy": 0.45826036193812025,
      "error_len": 1713,
      "base_len": 1713
    }
  },
  "lstm_seed_99": {
    "train": {
      "base_loss": 0.03473566044121981,
      "abs_loss": 0.034278389868268276,
      "rel_score": 0.013164297645220757,
      "directional_accuracy": 0.4712679333074835,
      "error_len": 12895,
      "base_len": 12895
    },
    "val": {
      "base_loss": 0.023283637501299397,
      "abs_loss": 0.02319367890595459,
      "rel_score": 0.0038635971436931094,
      "directional_accuracy": 0.43232323232323233,
      "error_len": 1485,
      "base_len": 1485
    },
    "test": {
      "base_loss": 0.036360868811607355,
      "abs_loss": 0.03604698245180771,
      "rel_score": 0.008632531896472395,
      "directional_accuracy": 0.45592527729130183,
      "error_len": 1713,
      "base_len": 1713
    }
  },
  "lstm_best_by_val": {
    "train": {
      "base_loss": 0.03473566044121981,
      "abs_loss": 0.034278389868268276,
      "rel_score": 0.013164297645220757,
      "directional_accuracy": 0.4712679333074835,
      "error_len": 12895,
      "base_len": 12895
    },
    "val": {
      "base_loss": 0.023283637501299397,
      "abs_loss": 0.02319367890595459,
      "rel_score": 0.0038635971436931094,
      "directional_accuracy": 0.43232323232323233,
      "error_len": 1485,
      "base_len": 1485
    },
    "test": {
      "base_loss": 0.036360868811607355,
      "abs_loss": 0.03604698245180771,
      "rel_score": 0.008632531896472395,
      "directional_accuracy": 0.45592527729130183,
      "error_len": 1713,
      "base_len": 1713
    }
  },
  "lstm_top2_by_val": {
    "train": {
      "base_loss": 0.03473566044121981,
      "abs_loss": 0.03412892825435849,
      "rel_score": 0.017467126841824276,
      "directional_accuracy": 0.4843737882900349,
      "error_len": 12895,
      "base_len": 12895
    },
    "val": {
      "base_loss": 0.023283637501299397,
      "abs_loss": 0.02344502826454118,
      "rel_score": -0.006931509873952413,
      "directional_accuracy": 0.4444444444444444,
      "error_len": 1485,
      "base_len": 1485
    },
    "test": {
      "base_loss": 0.036360868811607355,
      "abs_loss": 0.035865861969068644,
      "rel_score": 0.01361372427879648,
      "directional_accuracy": 0.46818447168709865,
      "error_len": 1713,
      "base_len": 1713
    }
  },
  "lstm_signmag": {
    "train": {
      "base_loss": 0.03473566044121981,
      "abs_loss": 0.034686722510377875,
      "rel_score": 0.0014088671474881131,
      "directional_accuracy": 0.4670027142303218,
      "error_len": 12895,
      "base_len": 12895
    },
    "val": {
      "base_loss": 0.023283637501299397,
      "abs_loss": 0.023343831312377012,
      "rel_score": -0.002585240861710636,
      "directional_accuracy": 0.468013468013468,
      "error_len": 1485,
      "base_len": 1485
    },