{
  "arima": {
    "threshold": 0.0,
    "holding_period": 1,
    "uncertainty_model": null,
    "uncertainty_quantile": null,
    "max_uncertainty": null,
    "uncertainty_side": null,
    "trade_count": 1262,
    "coverage": 0.7341477603257708,
    "directional_accuracy": 0.5942947702060222,
    "avg_actual_return": 0.0016110611347068147,
    "avg_strategy_return": 0.0016110611347068147,
    "cumulative_strategy_return": 2.033159152,
    "final_equity": 5.62711237035043,
    "sampled_buy_hold_equity": 5.62711237035043
  },
  "linear_regression": {
    "threshold": 0.0025,
    "holding_period": 1,
    "uncertainty_model": null,
    "uncertainty_quantile": null,
    "max_uncertainty": null,
    "uncertainty_side": null,
    "trade_count": 660,
    "coverage": 0.38394415357766143,
    "directional_accuracy": 0.5893939393939394,
    "avg_actual_return": 0.0019865129258484844,
    "avg_strategy_return": 0.0019865129258484844,
    "cumulative_strategy_return": 1.3110985310599998,
    "final_equity": 3.0756778835173466,
    "sampled_buy_hold_equity": 3.0756778835173466
  },
  "lstm_signmag_best_by_val": {
    "threshold": 0.0,
    "holding_period": 1,
    "uncertainty_model": null,
    "uncertainty_quantile": null,
    "max_uncertainty": null,
    "uncertainty_side": null,
    "trade_count": 803,
    "coverage": 0.46713205351948806,
    "directional_accuracy": 0.6226650062266501,
    "avg_actual_return": 0.0015810214807721052,
    "avg_strategy_return": 0.0015810214807721052,
    "cumulative_strategy_return": 1.2695602490600004,
    "final_equity": 2.7690549040448182,
    "sampled_buy_hold_equity": 2.7690549040448182
  },
  "lstm_signmag_seed_52": {
    "threshold": 0.0,
    "holding_period": 1,
    "uncertainty_model": null,
    "uncertainty_quantile": null,
    "max_uncertainty": null,
    "uncertainty_side": null,
    "trade_count": 803,
    "coverage": 0.46713205351948806,
    "directional_accuracy": 0.6226650062266501,
    "avg_actual_return": 0.0015810214807721052,
    "avg_strategy_return": 0.0015810214807721052,
    "cumulative_strategy_return": 1.2695602490600004,
    "final_equity": 2.7690549040448182,
    "sampled_buy_hold_equity": 2.7690549040448182
  },
  "lstm": {
    "threshold": 0.0,
    "holding_period": 1,
    "uncertainty_model": null,
    "uncertainty_quantile": null,
    "max_uncertainty": null,
    "uncertainty_side": null,
    "trade_count": 821,
    "coverage": 0.47760325770796974,
    "directional_accuracy": 0.5785627283800243,
    "avg_actual_return": 0.0015110041929354446,
    "avg_strategy_return": 0.0015110041929354446,
    "cumulative_strategy_return": 1.2405344424,
    "final_equity": 2.591862720763646,
    "sampled_buy_hold_equity": 2.591862720763646
  },
  "lstm_seed_42": {
    "threshold": 0.0,
    "holding_period": 1,
    "uncertainty_model": null,
    "uncertainty_quantile": null,
    "max_uncertainty": null,
    "uncertainty_side": null,
    "trade_count": 821,
    "coverage": 0.47760325770796974,
    "directional_accuracy": 0.5785627283800243,
    "avg_actual_return": 0.0015110041929354446,
    "avg_strategy_return": 0.0015110041929354446,
    "cumulative_strategy_return": 1.2405344424,
    "final_equity": 2.591862720763646,
    "sampled_buy_hold_equity": 2.591862720763646
  },
  "lstm_top2_by_val": {
    "threshold": 0.0,
    "holding_period": 1,
    "uncertainty_model": null,
    "uncertainty_quantile": null,
    "max_uncertainty": null,
    "uncertainty_side": null,
    "trade_count": 884,
    "coverage": 0.5142524723676556,
    "directional_accuracy": 0.6097285067873304,
    "avg_actual_return": 0.001263207575791855,
    "avg_strategy_return": 0.001263207575791855,
    "cumulative_strategy_return": 1.116675497,
    "final_equity": 2.2597816305225633,
    "sampled_buy_hold_equity": 2.2597816305225633
  },
  "lstm_ensemble": {
    "threshold": 0.0,
    "holding_period": 1,
    "uncertainty_model": null,
    "uncertainty_quantile": null,
    "max_uncertainty": null,
    "uncertainty_side": null,
    "trade_count": 895,
    "coverage": 0.52065154159395,
    "directional_accuracy": 0.6156424581005586,
    "avg_actual_return": 0.0008584731288268158,
    "avg_strategy_return": 0.0008584731288268158,
    "cumulative_strategy_return": 0.7683334503000001,
    "final_equity": 1.6297463389295912,
    "sampled_buy_hold_equity": 1.6297463389295912
  },
  "lstm_signmag_ensemble": {
    "threshold": 0.0,
    "holding_period": 1,
    "uncertainty_model": null,
    "uncertainty_quantile": null,
    "max_uncertainty": null,
    "uncertainty_side": null,
    "trade_count": 779,
    "coverage": 0.45317044793484584,
    "directional_accuracy": 0.6290115532734275,
    "avg_actual_return": 0.0009279391862130936,
    "avg_strategy_return": 0.0009279391862130936,
    "cumulative_strategy_return": 0.7228646260599999,
    "final_equity": 1.6190423081038543,
    "sampled_buy_hold_equity": 1.6190423081038543
  },
  "lstm_signmag_top2_by_val": {
    "threshold": 0.0,
    "holding_period": 1,
    "uncertainty_model": null,
    "uncertainty_quantile": null,
    "max_uncertainty": null,
    "uncertainty_side": null,
    "trade_count": 712,
    "coverage": 0.4141942990110529,
    "directional_accuracy": 0.625,
    "avg_actual_return": 0.0008511365829494382,
    "avg_strategy_return": 0.0008511365829494382,
    "cumulative_strategy_return": 0.60600924706,
    "final_equity": 1.4739390836031196,
    "sampled_buy_hold_equity": 1.4739390836031196
  },
  "lstm_seed_62": {
    "threshold": 0.015,
    "holding_period": 1,
    "uncertainty_model": null,
    "uncertainty_quantile": null,
    "max_uncertainty": null,
    "uncertainty_side": null,
    "trade_count": 15,
    "coverage": 0.008726003490401396,
    "directional_accuracy": 0.8,
    "avg_actual_return": 0.020100190706666667,
    "avg_strategy_return": 0.020100190706666667,
    "cumulative_strategy_return": 0.3015028606,
    "final_equity": 1.3393586885738984,
    "sampled_buy_hold_equity": 1.3393586885738984
  },
  "lstm_signmag_seed_62": {
    "threshold": 0.0025,
    "holding_period": 1,
    "uncertainty_model": null,
    "uncertainty_quantile": null,
    "max_uncertainty": null,
    "uncertainty_side": null,
    "trade_count": 179,
    "coverage": 0.10413030831879,
    "directional_accuracy": 0.5698324022346368,
    "avg_actual_return": 0.0016985626262569836,
    "avg_strategy_return": 0.0016985626262569836,
    "cumulative_strategy_return": 0.30404271010000006,
    "final_equity": 1.2234666097386837,
    "sampled_buy_hold_equity": 1.2234666097386837
  },
  "lstm_best_by_val": {
    "threshold": 0.005,
    "holding_period": 1,
    "uncertainty_model": null,
    "uncertainty_quantile": null,
    "max_uncertainty": null,
    "uncertainty_side": null,
    "trade_count": 80,
    "coverage": 0.04653868528214078,
    "directional_accuracy": 0.55,
    "avg_actual_return": 0.0028024550687500006,
    "avg_strategy_return": 0.0028024550687500006,
    "cumulative_strategy_return": 0.22419640550000006,
    "final_equity": 1.1864267465584848,
    "sampled_buy_hold_equity": 1.1864267465584848
  },
  "lstm_seed_52": {
    "threshold": 0.005,
    "holding_period": 1,
    "uncertainty_model": null,
    "uncertainty_quantile": null,
    "max_uncertainty": null,
    "uncertainty_side": null,
    "trade_count": 80,
    "coverage": 0.04653868528214078,
    "directional_accuracy": 0.55,
    "avg_actual_return": 0.0028024550687500006,
    "avg_strategy_return": 0.0028024550687500006,
    "cumulative_strategy_return": 0.22419640550000006,
    "final_equity": 1.1864267465584848,
    "sampled_buy_hold_equity": 1.1864267465584848
  },
  "lstm_signmag": {
    "threshold": 0.0,
    "holding_period": 1,
    "uncertainty_model": null,
    "uncertainty_quantile": null,
    "max_uncertainty": null,
    "uncertainty_side": null,
    "trade_count": 741,
    "coverage": 0.43106457242582896,
    "directional_accuracy": 0.631578947368421,
    "avg_actual_return": 0.00044945078159244257,