{
  "lstm_best_by_val": {
    "threshold": 0.0,
    "holding_period": 1,
    "uncertainty_model": null,
    "uncertainty_quantile": null,
    "max_uncertainty": null,
    "uncertainty_side": null,
    "trade_count": 164,
    "coverage": 0.13475760065735415,
    "directional_accuracy": 0.6951219512195121,
    "avg_actual_return": 0.003724795869512195,
    "avg_strategy_return": 0.003724795869512195,
    "cumulative_strategy_return": 0.6108665226,
    "final_equity": 1.8022151988642823,
    "sampled_buy_hold_equity": 1.8022151988642823
  }
}