{
  "lstm": {
    "train": {
      "mse": 0.0019501500064507127,
      "mae": 0.03071971982717514,
      "directional_accuracy": 0.5117921294391883,
      "base_loss": 0.05784885212779045,
      "abs_loss": 0.05705215944908559,
      "rel_score": 0.013771970391822652
    },
    "val": {
      "mse": 0.0011549113551154733,
      "mae": 0.024484964087605476,
      "directional_accuracy": 0.49260752688172044,
      "base_loss": 0.04500571433454752,
      "abs_loss": 0.0442943365429528,
      "rel_score": 0.015806388191213494
    },
    "test": {
      "mse": 0.0023996515665203333,
      "mae": 0.03589000180363655,
      "directional_accuracy": 0.478476821192053,
      "base_loss": 0.06535298973321915,
      "abs_loss": 0.06555004486581312,
      "rel_score": -0.0030152428128900066
    }
  },
  "linear_regression": {
    "train": {
      "mse": 0.0019870882388204336,
      "mae": 0.03134084865450859,
      "directional_accuracy": 0.4803921568627451,
      "base_loss": 0.05784885212779045,
      "abs_loss": 0.058207432331983,
      "rel_score": -0.0061985707754481645
    },
    "val": {
      "mse": 0.0011681591859087348,
      "mae": 0.02480856329202652,
      "directional_accuracy": 0.4603494623655914,
      "base_loss": 0.04500571433454752,
      "abs_loss": 0.04551867285044864,
      "rel_score": -0.011397630800570546
    },
    "test": {
      "mse": 0.002533441875129938,
      "mae": 0.037001751363277435,
      "directional_accuracy": 0.4762693156732892,
      "base_loss": 0.06535298973321915,
      "abs_loss": 0.06706624093931168,
      "rel_score": -0.026215345511908295
    }
  },
  "arima": {
    "train": {
      "mse": 0.0020229551009833813,
      "mae": 0.0314333401620388,
      "directional_accuracy": 0.4775812422871246,
      "base_loss": 0.05784885212779045,
      "abs_loss": 0.05802220944315195,
      "rel_score": -0.002996728698757112
    },
    "val": {
      "mse": 0.0011457809014245868,
      "mae": 0.024662308394908905,
      "directional_accuracy": 0.4475806451612903,
      "base_loss": 0.04500571433454752,
      "abs_loss": 0.04518319646595045,
      "rel_score": -0.00394354659240892
    },
    "test": {
      "mse": 0.0024070676881819963,
      "mae": 0.03605188801884651,
      "directional_accuracy": 0.45253863134657835,
      "base_loss": 0.06535298973321915,
      "abs_loss": 0.06630765743320807,
      "rel_score": -0.014607865743954784
    }
  }
}