{
  "lstm": {
    "train": {
      "mse": 0.0007577218348160386,
      "mae": 0.019722867757081985,
      "directional_accuracy": 0.4592356687898089,
      "base_loss": 0.03898937413468957,
      "abs_loss": 0.038015236708452,
      "rel_score": 0.02498469000483039
    },
    "val": {
      "mse": 0.00046939606545493007,
      "mae": 0.015136092901229858,
      "directional_accuracy": 0.4744394618834081,
      "base_loss": 0.027939644921571027,
      "abs_loss": 0.027795994124608116,
      "rel_score": 0.00514146823863193
    },
    "test": {
      "mse": 0.000677508651278913,
      "mae": 0.018731610849499702,
      "directional_accuracy": 0.4936708860759494,
      "base_loss": 0.03492210824042559,
      "abs_loss": 0.035734023869736134,
      "rel_score": -0.02324933030161902
    }
  },
  "linear_regression": {
    "train": {
      "mse": 0.0006813350482843816,
      "mae": 0.01931089721620083,
      "directional_accuracy": 0.437791932059448,
      "base_loss": 0.03898937413468957,
      "abs_loss": 0.03977853786200287,
      "rel_score": -0.020240482049983965
    },
    "val": {
      "mse": 0.0005334290908649564,
      "mae": 0.016789864748716354,
      "directional_accuracy": 0.4515695067264574,
      "base_loss": 0.027939644921571027,
      "abs_loss": 0.0319608097546734,
      "rel_score": -0.14392326188790605
    },
    "test": {
      "mse": 0.0007322468445636332,
      "mae": 0.019867900758981705,
      "directional_accuracy": 0.46183352512466436,
      "base_loss": 0.03492210824042559,
      "abs_loss": 0.0382118618581444,
      "rel_score": -0.09420260641396827
    }
  },
  "arima": {
    "train": {
      "mse": 0.0007411965052597225,
      "mae": 0.019558582454919815,
      "directional_accuracy": 0.4384819532908705,
      "base_loss": 0.03898937413468957,
      "abs_loss": 0.03909788113305694,
      "rel_score": -0.002782988975214895
    },
    "val": {
      "mse": 0.0004686666070483625,
      "mae": 0.015120265074074268,
      "directional_accuracy": 0.4484304932735426,
      "base_loss": 0.027939644921571027,
      "abs_loss": 0.027753075841610558,
      "rel_score": 0.006677575197687191
    },
    "test": {
      "mse": 0.0006663352251052856,
      "mae": 0.018606698140501976,
      "directional_accuracy": 0.4844649021864212,
      "base_loss": 0.03492210824042559,
      "abs_loss": 0.034733114582195426,
      "rel_score": 0.005411862792733313
    }
  },
  "lstm_ensemble": {
    "train": {
      "mse": 0.000737748050596565,
      "mae": 0.019402317702770233,
      "directional_accuracy": 0.47091295116772824,
      "base_loss": 0.03898937413468957,
      "abs_loss": 0.03789356877387036,
      "rel_score": 0.028105230851711793
    },
    "val": {
      "mse": 0.00046363213914446533,
      "mae": 0.014997709542512894,
      "directional_accuracy": 0.47757847533632286,
      "base_loss": 0.027939644921571027,
      "abs_loss": 0.027664580347482117,
      "rel_score": 0.009844955970666036
    },
    "test": {
      "mse": 0.0006689635920338333,
      "mae": 0.018591880798339844,
      "directional_accuracy": 0.49558879938626776,
      "base_loss": 0.03492210824042559,
      "abs_loss": 0.03506679395213723,
      "rel_score": -0.004143097854102384
    }
  },
  "lstm_seed_42": {
    "train": {
      "mse": 0.0007577218348160386,
      "mae": 0.019722867757081985,
      "directional_accuracy": 0.4592356687898089,
      "base_loss": 0.03898937413468957,
      "abs_loss": 0.038015236708452,
      "rel_score": 0.02498469000483039
    },
    "val": {
      "mse": 0.00046939606545493007,
      "mae": 0.015136092901229858,
      "directional_accuracy": 0.4744394618834081,
      "base_loss": 0.027939644921571027,
      "abs_loss": 0.027795994124608116,
      "rel_score": 0.00514146823863193
    },
    "test": {
      "mse": 0.000677508651278913,
      "mae": 0.018731610849499702,
      "directional_accuracy": 0.4936708860759494,
      "base_loss": 0.03492210824042559,
      "abs_loss": 0.035734023869736134,
      "rel_score": -0.02324933030161902
    }
  },
  "lstm_seed_52": {
    "train": {
      "mse": 0.0007544351392425597,
      "mae": 0.0195147767663002,
      "directional_accuracy": 0.4610403397027601,
      "base_loss": 0.03898937413468957,
      "abs_loss": 0.03772341517542373,
      "rel_score": 0.03246933266721763
    },
    "val": {
      "mse": 0.0004639284161385149,
      "mae": 0.01501903310418129,
      "directional_accuracy": 0.47040358744394617,
      "base_loss": 0.027939644921571027,
      "abs_loss": 0.027599227952305228,
      "rel_score": 0.012184012009507583
    },
    "test": {
      "mse": 0.0006767008453607559,
      "mae": 0.018795739859342575,
      "directional_accuracy": 0.491752972765631,
      "base_loss": 0.03492210824042559,
      "abs_loss": 0.03576232534833253,
      "rel_score": -0.024059747542226173
    }
  },
  "lstm_seed_62": {
    "train": {
      "mse": 0.0007486791582778096,
      "mae": 0.019487064331769943,
      "directional_accuracy": 0.4673036093418259,
      "base_loss": 0.03898937413468957,
      "abs_loss": 0.037663732180953965,
      "rel_score": 0.03400008292403334
    },
    "val": {
      "mse": 0.0004693575610872358,
      "mae": 0.01515200175344944,
      "directional_accuracy": 0.4654708520179372,
      "base_loss": 0.027939644921571027,
      "abs_loss": 0.027738548524212103,
      "rel_score": 0.0071975287418082345
    },
    "test": {
      "mse": 0.0006882412126287818,
      "mae": 0.018828947097063065,
      "directional_accuracy": 0.4994246260069045,
      "base_loss": 0.03492210824042559,
      "abs_loss": 0.03582185986451805,
      "rel_score": -0.025764527671067627
    }
  },
  "lstm_seed_72": {
    "train": {
      "mse": 0.0007521383231505752,
      "mae": 0.01950397714972496,
      "directional_accuracy": 0.4664543524416136,
      "base_loss": 0.03898937413468957,
      "abs_loss": 0.03761094110086563,
      "rel_score": 0.03535406926672169
    },
    "val": {
      "mse": 0.0004617384111043066,
      "mae": 0.014978022314608097,
      "directional_accuracy": 0.4928251121076233,
      "base_loss": 0.027939644921571027,
      "abs_loss": 0.027391661336878318,
      "rel_score": 0.01961311914417474
    },
    "test": {
      "mse": 0.0006721242098137736,
      "mae": 0.01868094876408577,
      "directional_accuracy": 0.49252013808975836,
      "base_loss": 0.03492210824042559,
      "abs_loss": 0.03486424824222922,
      "rel_score": 0.0016568300458271734
    }
  },
  "lstm_seed_82": {
    "train": {
      "mse": 0.000756466353777796,
      "mae": 0.019735436886548996,
      "directional_accuracy": 0.44792993630573247,
      "base_loss": 0.03898937413468957,
      "abs_loss": 0.03860545415664092,
      "rel_score": 0.009846784837386546
    },
    "val": {
      "mse": 0.0004739089054055512,
      "mae": 0.015268037095665932,
      "directional_accuracy": 0.4461883408071749,
      "base_loss": 0.027939644921571027,
      "abs_loss": 0.027356445333862212,
      "rel_score": 0.02087355044582373
    },
    "test": {
      "mse": 0.0006824641022831202,
      "mae": 0.01881362311542034,
      "directional_accuracy": 0.49252013808975836,
      "base_loss": 0.03492210824042559,
      "abs_loss": 0.03565423893742263,
      "rel_score": -0.020964676357927647
    }
  },
  "lstm_seed_92": {
    "train": {
      "mse": 0.0007462222711183131,
      "mae": 0.019713882356882095,
      "directional_accuracy": 0.45631634819532907,
      "base_loss": 0.03898937413468957,
      "abs_loss": 0.03869784130947668,
      "rel_score": 0.007477237880397558
    },
    "val": {
      "mse": 0.00047136141802184284,
      "mae": 0.01507894042879343,
      "directional_accuracy": 0.4914798206278027,
      "base_loss": 0.027939644921571027,
      "abs_loss": 0.02760717003257015,
      "rel_score": 0.011899753555715042
    },
    "test": {
      "mse": 0.000681391335092485,
      "mae": 0.018735092133283615,
      "directional_accuracy": 0.4844649021864212,
      "base_loss": 0.03492210824042559,