{
  "lstm": {
    "train": {
      "mse": 0.0005064760334789753,
      "mae": 0.015277800150215626,
      "directional_accuracy": 0.4464375370852161,
      "base_loss": 0.029170622800000004,
      "abs_loss": 0.029100953255000006,
      "rel_score": 0.0023883461617417723
    },
    "val": {
      "mse": 0.00030101247830316424,
      "mae": 0.011708869598805904,
      "directional_accuracy": 0.4457344775365977,
      "base_loss": 0.021424853,
      "abs_loss": 0.021395769676,
      "rel_score": 0.0013574573417143299
    },
    "test": {
      "mse": 0.00041175863589160144,
      "mae": 0.013313805684447289,
      "directional_accuracy": 0.44971946482520503,
      "base_loss": 0.024101905000000007,
      "abs_loss": 0.024031501902000003,
      "rel_score": 0.0029210594764191855
    }
  },
  "linear_regression": {
    "train": {
      "mse": 0.0004966388805769384,
      "mae": 0.015430285595357418,
      "directional_accuracy": 0.43356611438221737,
      "base_loss": 0.029170622800000004,
      "abs_loss": 0.029698038516000003,
      "rel_score": -0.018080372147556645
    },
    "val": {
      "mse": 0.00030985556077212095,
      "mae": 0.0120906513184309,
      "directional_accuracy": 0.43462897526501765,
      "base_loss": 0.021424853,
      "abs_loss": 0.02208986454,
      "rel_score": -0.03103925800564422
    },
    "test": {
      "mse": 0.0004155474016442895,
      "mae": 0.013672574423253536,
      "directional_accuracy": 0.43245576176089773,
      "base_loss": 0.024101905000000007,
      "abs_loss": 0.02484380435,
      "rel_score": -0.030781772229207194
    }
  },
  "arima": {
    "train": {
      "mse": 0.000504960014950484,
      "mae": 0.015423310920596123,
      "directional_accuracy": 0.41188552649596055,
      "base_loss": 0.029170622800000004,
      "abs_loss": 0.0293140176,
      "rel_score": -0.004915726379348895
    },
    "val": {
      "mse": 0.00030694599263370037,
      "mae": 0.011877337470650673,
      "directional_accuracy": 0.43462897526501765,
      "base_loss": 0.021424853,
      "abs_loss": 0.0215305362,
      "rel_score": -0.004932738628358191
    },
    "test": {
      "mse": 0.00041031092405319214,
      "mae": 0.013409112580120564,
      "directional_accuracy": 0.421234354769098,
      "base_loss": 0.024101905000000007,
      "abs_loss": 0.024236001940000005,
      "rel_score": -0.00556374859165687
    }
  },
  "lstm_ensemble": {
    "train": {
      "mse": 0.0005047457525506616,
      "mae": 0.015256681479513645,
      "directional_accuracy": 0.449358711031996,
      "base_loss": 0.029170622800000004,
      "abs_loss": 0.0291293719,
      "rel_score": 0.0014141247611623164
    },
    "val": {
      "mse": 0.0003004788013640791,
      "mae": 0.011693962849676609,
      "directional_accuracy": 0.4563351842503786,
      "base_loss": 0.021424853,
      "abs_loss": 0.02139059075,
      "rel_score": 0.0015991825008087046
    },
    "test": {
      "mse": 0.00041038854396902025,
      "mae": 0.013289392925798893,
      "directional_accuracy": 0.4514458351316357,
      "base_loss": 0.024101905000000007,
      "abs_loss": 0.0240386293668,
      "rel_score": 0.0026253374245731598
    }
  },
  "lstm_seed_42": {
    "train": {
      "mse": 0.0005064760334789753,
      "mae": 0.015277800150215626,
      "directional_accuracy": 0.4464375370852161,
      "base_loss": 0.029170622800000004,
      "abs_loss": 0.029100953255000006,
      "rel_score": 0.0023883461617417723
    },
    "val": {
      "mse": 0.00030101247830316424,
      "mae": 0.011708869598805904,
      "directional_accuracy": 0.4457344775365977,
      "base_loss": 0.021424853,
      "abs_loss": 0.021395769676,
      "rel_score": 0.0013574573417143299
    },
    "test": {
      "mse": 0.00041175863589160144,
      "mae": 0.013313805684447289,
      "directional_accuracy": 0.44971946482520503,
      "base_loss": 0.024101905000000007,
      "abs_loss": 0.024031501902000003,
      "rel_score": 0.0029210594764191855
    }
  },
  "lstm_seed_52": {
    "train": {
      "mse": 0.0005042562261223793,
      "mae": 0.015259156934916973,
      "directional_accuracy": 0.44735040394358483,
      "base_loss": 0.029170622800000004,
      "abs_loss": 0.029166599209999998,
      "rel_score": 0.00013793294807562528
    },
    "val": {
      "mse": 0.0003001900331582874,
      "mae": 0.011692904867231846,
      "directional_accuracy": 0.4321049974760222,
      "base_loss": 0.021424853,
      "abs_loss": 0.02151499901,
      "rel_score": -0.004207543921071588
    },
    "test": {
      "mse": 0.000410183536587283,
      "mae": 0.013280583545565605,
      "directional_accuracy": 0.45101424255502803,
      "base_loss": 0.024101905000000007,
      "abs_loss": 0.024115856785000004,
      "rel_score": -0.0005788664837902413
    }
  },
  "lstm_seed_62": {
    "train": {
      "mse": 0.0005044036079198122,
      "mae": 0.01526959054172039,
      "directional_accuracy": 0.45182345154959147,
      "base_loss": 0.029170622800000004,
      "abs_loss": 0.029138390790000003,
      "rel_score": 0.001104947611883067
    },
    "val": {
      "mse": 0.0003004368336405605,
      "mae": 0.011694292537868023,
      "directional_accuracy": 0.4497728419989904,
      "base_loss": 0.021424853,
      "abs_loss": 0.021342942660000003,
      "rel_score": 0.0038231459511063326
    },
    "test": {
      "mse": 0.0004096882767044008,
      "mae": 0.013291445560753345,
      "directional_accuracy": 0.44928787224859734,
      "base_loss": 0.024101905000000007,
      "abs_loss": 0.02425045307700001,
      "rel_score": -0.006163333437751106
    }
  },
  "lstm_best_by_val": {
    "train": {
      "mse": 0.0005044036079198122,
      "mae": 0.01526959054172039,
      "directional_accuracy": 0.45182345154959147,
      "base_loss": 0.029170622800000004,
      "abs_loss": 0.029138390790000003,
      "rel_score": 0.001104947611883067
    },
    "val": {
      "mse": 0.0003004368336405605,
      "mae": 0.011694292537868023,
      "directional_accuracy": 0.4497728419989904,
      "base_loss": 0.021424853,
      "abs_loss": 0.021342942660000003,
      "rel_score": 0.0038231459511063326
    },
    "test": {
      "mse": 0.0004096882767044008,
      "mae": 0.013291445560753345,
      "directional_accuracy": 0.44928787224859734,
      "base_loss": 0.024101905000000007,
      "abs_loss": 0.02425045307700001,
      "rel_score": -0.006163333437751106
    }
  },
  "lstm_top2_by_val": {
    "train": {
      "mse": 0.0005051037878729403,
      "mae": 0.015261558815836906,
      "directional_accuracy": 0.4494956410607513,
      "base_loss": 0.029170622800000004,
      "abs_loss": 0.02909849140570001,
      "rel_score": 0.00247274097623984
    },
    "val": {
      "mse": 0.00030067359330132604,
      "mae": 0.01169765554368496,
      "directional_accuracy": 0.4563351842503786,
      "base_loss": 0.021424853,
      "abs_loss": 0.021383934203,
      "rel_score": 0.001909875274290207
    },
    "test": {
      "mse": 0.0004105578118469566,
      "mae": 0.01329734642058611,
      "directional_accuracy": 0.4527406128614588,
      "base_loss": 0.024101905000000007,
      "abs_loss": 0.02404024813110001,
      "rel_score": 0.0025581740903881656
    }
  },
  "lstm_signmag": {
    "train": {
      "mse": 0.0005029659951105714,
      "mae": 0.015308056958019733,
      "directional_accuracy": 0.42913871011912913,
      "base_loss": 0.029170622800000004,
      "abs_loss": 0.02911739681,
      "rel_score": 0.0018246435931427163
    },
    "val": {
      "mse": 0.00030028371838852763,
      "mae": 0.011743897572159767,
      "directional_accuracy": 0.4316002019182231,
      "base_loss": 0.021424853,
      "abs_loss": 0.0216597824,
      "rel_score": -0.01096527476757947
    },
    "test": {
      "mse": 0.0004090610600542277,
      "mae": 0.01332315243780613,
      "directional_accuracy": 0.430729391454467,
      "base_loss": 0.024101905000000007,
      "abs_loss": 0.023966198540000004,
      "rel_score": 0.005630528375246802
    }
  },