{
  "lstm": {
    "train": {
      "mse": 0.003344736061990261,
      "mae": 0.04210295155644417,
      "directional_accuracy": 0.49313186813186816,
      "base_loss": 0.07204974256455898,
      "abs_loss": 0.07885333616286516,
      "rel_score": -0.09442911738664339
    },
    "val": {
      "mse": 0.001422493252903223,
      "mae": 0.028752272948622704,
      "directional_accuracy": 0.5241935483870968,
      "base_loss": 0.04697830695658923,
      "abs_loss": 0.05079104849137367,
      "rel_score": -0.08115961987109577
    },
    "test": {
      "mse": 0.002962971106171608,
      "mae": 0.04132634773850441,
      "directional_accuracy": 0.4768211920529801,
      "base_loss": 0.07046886626631023,
      "abs_loss": 0.07595657142810525,
      "rel_score": -0.07787417979815836
    }
  },
  "linear_regression": {
    "train": {
      "mse": 0.002909925999119878,
      "mae": 0.03964356333017349,
      "directional_accuracy": 0.49244505494505497,
      "base_loss": 0.07204974256455898,
      "abs_loss": 0.07263789710123092,
      "rel_score": -0.008163173326329876
    },
    "val": {
      "mse": 0.0013895290903747082,
      "mae": 0.027898665517568588,
      "directional_accuracy": 0.4717741935483871,
      "base_loss": 0.04697830695658923,
      "abs_loss": 0.04888383320067079,
      "rel_score": -0.04056183305716776
    },
    "test": {
      "mse": 0.0024502582382410765,
      "mae": 0.03724301978945732,
      "directional_accuracy": 0.4900662251655629,
      "base_loss": 0.07046886626631023,
      "abs_loss": 0.07064400136005135,
      "rel_score": -0.002485283260827087
    }
  },
  "arima": {
    "train": {
      "mse": 0.002954707480967045,
      "mae": 0.03977487236261368,
      "directional_accuracy": 0.47767857142857145,
      "base_loss": 0.07204974256455898,
      "abs_loss": 0.07270742237451486,
      "rel_score": -0.009128135459562037
    },
    "val": {
      "mse": 0.0013075927272439003,
      "mae": 0.027373649179935455,
      "directional_accuracy": 0.4435483870967742,
      "base_loss": 0.04697830695658923,
      "abs_loss": 0.04748625818174333,
      "rel_score": -0.010812463412601891
    },
    "test": {
      "mse": 0.002422113437205553,
      "mae": 0.037362221628427505,
      "directional_accuracy": 0.46688741721854304,
      "base_loss": 0.07046886626631023,
      "abs_loss": 0.0695659189426806,
      "rel_score": 0.012813422032607713
    }
  }
}