{
  "lstm_pair_selected_val_142_62": {
    "val": {
      "rel_score": 0.03036735952862102,
      "abs_loss": 0.014687858562683688
    },
    "test": {
      "rel_score": -0.000559200684274952,
      "abs_loss": 0.01695486376120244
    }
  },
  "lstm_pair_balanced_102_82": {
    "val": {
      "rel_score": 0.011452017338598575,
      "abs_loss": 0.01497438549995423
    },
    "test": {
      "rel_score": 0.02917556406531785,
      "abs_loss": 0.01645099663874135
    }
  },
  "lstm_pair_frontier_122_72": {
    "val": {
      "rel_score": 0.01893445506160163,
      "abs_loss": 0.01486104258801788
    },
    "test": {
      "rel_score": 0.03883391903338351,
      "abs_loss": 0.016287332067440728
    }
  }
}