{
  "lstm": {
    "train": {
      "mse": 0.0003616274334490299,
      "mae": 0.01261047087609768,
      "directional_accuracy": 0.48130040733686136,
      "base_loss": 0.022725972533226016,
      "abs_loss": 0.022760307394491974,
      "rel_score": -0.0015108203275244758,
      "rmse": 0.019016504733401038
    },
    "val": {
      "mse": 0.0005700344336219132,
      "mae": 0.01659374311566353,
      "directional_accuracy": 0.4859332399970525,
      "base_loss": 0.03046331107616425,
      "abs_loss": 0.030475553289943492,
      "rel_score": -0.0004018674709598269,
      "rmse": 0.023875393343501944
    }
  },
  "linear_regression": {
    "train": {
      "mse": 0.00035647297045215964,
      "mae": 0.012640362605452538,
      "directional_accuracy": 0.4775820790972379,
      "base_loss": 0.022725972533226016,
      "abs_loss": 0.022988573013572024,
      "rel_score": -0.01155508218458312,
      "rmse": 0.018880492003666923
    },
    "val": {
      "mse": 0.0005626938072964549,
      "mae": 0.016616955399513245,
      "directional_accuracy": 0.48030358853437477,
      "base_loss": 0.03046331107616425,
      "abs_loss": 0.030640713244793005,
      "rel_score": -0.005823469687363136,
      "rmse": 0.023721168041534093
    }
  },
  "arima": {
    "train": {
      "mse": 0.0003615933528635651,
      "mae": 0.012613155879080296,
      "directional_accuracy": 0.4843686278649119,
      "base_loss": 0.022725972533226016,
      "abs_loss": 0.022765664533289966,
      "rel_score": -0.001746547920266961,
      "rmse": 0.019015608226304614
    },
    "val": {
      "mse": 0.0005605886690318584,
      "mae": 0.016527965664863586,
      "directional_accuracy": 0.4976715054159605,
      "base_loss": 0.03046331107616425,
      "abs_loss": 0.030432422251760727,
      "rel_score": 0.0010139680590298683,
      "rmse": 0.023676753990781514
    }
  },
  "lstm_ensemble": {
    "train": {
      "mse": 0.00035974846105091274,
      "mae": 0.012568834237754345,
      "directional_accuracy": 0.4903923196131019,
      "base_loss": 0.022725972533226016,
      "abs_loss": 0.022708021447760986,
      "rel_score": 0.0007898929490821605,
      "rmse": 0.01896703673867386
    },
    "val": {
      "mse": 0.000566063798032701,
      "mae": 0.016543280333280563,
      "directional_accuracy": 0.49509984525827133,
      "base_loss": 0.03046331107616425,
      "abs_loss": 0.03041658101283247,
      "rel_score": 0.001533978470526276,
      "rmse": 0.023792096026007497
    }
  },
  "lstm_seed_42": {
    "train": {
      "mse": 0.0003616274334490299,
      "mae": 0.01261047087609768,
      "directional_accuracy": 0.48130040733686136,
      "base_loss": 0.022725972533226016,
      "abs_loss": 0.022760307394491974,
      "rel_score": -0.0015108203275244758,
      "rmse": 0.019016504733401038
    },
    "val": {
      "mse": 0.0005700344336219132,
      "mae": 0.01659374311566353,
      "directional_accuracy": 0.4859332399970525,
      "base_loss": 0.03046331107616425,
      "abs_loss": 0.030475553289943492,
      "rel_score": -0.0004018674709598269,
      "rmse": 0.023875393343501944
    }
  },
  "lstm_seed_52": {
    "train": {
      "mse": 0.00035968743031844497,
      "mae": 0.012589394114911556,
      "directional_accuracy": 0.4873025087920471,
      "base_loss": 0.022725972533226016,
      "abs_loss": 0.02274292163347127,
      "rel_score": -0.0007458030770950419,
      "rmse": 0.018965427670327654
    },
    "val": {
      "mse": 0.0005670977989211679,
      "mae": 0.016557125374674797,
      "directional_accuracy": 0.4920271166457888,
      "base_loss": 0.03046331107616425,
      "abs_loss": 0.03042833436775254,
      "rel_score": 0.0011481584626260588,
      "rmse": 0.02381381466227388
    }
  },
  "lstm_seed_62": {
    "train": {
      "mse": 0.00036057992838323116,
      "mae": 0.012596427462995052,
      "directional_accuracy": 0.4886746918585404,
      "base_loss": 0.022725972533226016,
      "abs_loss": 0.022739758680108933,
      "rel_score": -0.0006066251669873957,
      "rmse": 0.01898894232883181
    },
    "val": {
      "mse": 0.0005654607666656375,
      "mae": 0.016567302867770195,
      "directional_accuracy": 0.496455677547712,
      "base_loss": 0.03046331107616425,
      "abs_loss": 0.03042752578039654,
      "rel_score": 0.0011747014524533528,
      "rmse": 0.023779419226520434
    }
  },
  "lstm_best_by_val": {
    "train": {
      "mse": 0.00036057992838323116,
      "mae": 0.012596427462995052,
      "directional_accuracy": 0.4886746918585404,
      "base_loss": 0.022725972533226016,
      "abs_loss": 0.022739758680108933,
      "rel_score": -0.0006066251669873957,
      "rmse": 0.01898894232883181
    },
    "val": {
      "mse": 0.0005654607666656375,
      "mae": 0.016567302867770195,
      "directional_accuracy": 0.496455677547712,
      "base_loss": 0.03046331107616425,
      "abs_loss": 0.03042752578039654,
      "rel_score": 0.0011747014524533528,
      "rmse": 0.023779419226520434
    }
  },
  "lstm_top2_by_val": {
    "train": {
      "mse": 0.00035950422170571983,
      "mae": 0.012572686187922955,
      "directional_accuracy": 0.4908193276302974,
      "base_loss": 0.022725972533226016,
      "abs_loss": 0.022702181708882566,
      "rel_score": 0.0010468561602222648,
      "rmse": 0.01896059639935324
    },
    "val": {
      "mse": 0.0005652067484334111,
      "mae": 0.01654340699315071,
      "directional_accuracy": 0.4967798983125783,
      "base_loss": 0.03046331107616425,
      "abs_loss": 0.030409109569154682,
      "rel_score": 0.0017792388645493373,
      "rmse": 0.023774077790820983
    }
  },
  "lstm_signmag": {
    "train": {
      "mse": 0.000361154496204108,
      "mae": 0.012589354068040848,
      "directional_accuracy": 0.49034434118420356,
      "base_loss": 0.022725972533226016,
      "abs_loss": 0.022748178654728692,
      "rel_score": -0.0009771252460246682,
      "rmse": 0.01900406414191356
    },
    "val": {
      "mse": 0.0005636116256937385,
      "mae": 0.016525540500879288,
      "directional_accuracy": 0.49352295335642177,
      "base_loss": 0.03046331107616425,
      "abs_loss": 0.030438111495459455,
      "rel_score": 0.0008272108255661381,
      "rmse": 0.0237405063861395
    }
  },
  "lstm_signmag_ensemble": {
    "train": {
      "mse": 0.00036044561420567334,
      "mae": 0.012572098523378372,
      "directional_accuracy": 0.49207876138887957,
      "base_loss": 0.022725972533226016,
      "abs_loss": 0.022703927577094878,
      "rel_score": 0.0009700335639721835,
      "rmse": 0.018985405170818866
    },
    "val": {
      "mse": 0.0005619447911158204,
      "mae": 0.01650126650929451,
      "directional_accuracy": 0.498135730602019,
      "base_loss": 0.03046331107616425,
      "abs_loss": 0.03035955466257293,
      "rel_score": 0.003405946692134232,
      "rmse": 0.0237053752904585
    }
  },
  "lstm_signmag_seed_42": {
    "train": {
      "mse": 0.000361154496204108,
      "mae": 0.012589354068040848,
      "directional_accuracy": 0.49034434118420356,
      "base_loss": 0.022725972533226016,
      "abs_loss": 0.022748178654728692,
      "rel_score": -0.0009771252460246682,
      "rmse": 0.01900406414191356
    },
    "val": {
      "mse": 0.0005636116256937385,
      "mae": 0.016525540500879288,
      "directional_accuracy": 0.49352295335642177,
      "base_loss": 0.03046331107616425,
      "abs_loss": 0.030438111495459455,
      "rel_score": 0.0008272108255661381,
      "rmse": 0.0237405063861395
    }
  },
  "lstm_signmag_seed_52": {
    "train": {
      "mse": 0.00036177513538859785,
      "mae": 0.012601718306541443,
      "directional_accuracy": 0.4901380339399406,
      "base_loss": 0.022725972533226016,
      "abs_loss": 0.022743980064115023,
      "rel_score": -0.0007923766898283446,
      "rmse": 0.019020387557520068
    },
    "val": {
      "mse": 0.0005640466115437448,
      "mae": 0.016530754044651985,
      "directional_accuracy": 0.49617566870532753,
      "base_loss": 0.03046331107616425,