loss,val_loss,val_rel_score,learning_rate
1.3559576272964478,1.3728663921356201,-0.004004682442058316,0.00019999999494757503
1.3518582582473755,1.3720356225967407,-0.007747583829325944,0.00019999999494757503
1.3475134372711182,1.3771944046020508,-0.00978722482230343,0.00019999999494757503
1.3447020053863525,1.3766887187957764,-0.009661249565778629,0.00019999999494757503
1.3439980745315552,1.3787840604782104,-0.010441965074778015,9.999999747378752e-05
1.3429967164993286,1.3779715299606323,-0.006592830836795738,9.999999747378752e-05
1.343043565750122,1.379696249961853,-0.004496919066428573,9.999999747378752e-05
