{
  "lstm": {
    "train": {
      "mse": 0.002003977308049798,
      "mae": 0.031027039512991905,
      "directional_accuracy": 0.5007552870090635,
      "base_loss": 0.05784558100000001,
      "abs_loss": 0.05764661296,
      "rel_score": 0.0034396411369781443
    },
    "val": {
      "mse": 0.0011385512771084905,
      "mae": 0.02428450435400009,
      "directional_accuracy": 0.4932795698924731,
      "base_loss": 0.045005714599999996,
      "abs_loss": 0.044697382924999994,
      "rel_score": 0.006850944990883456
    },
    "test": {
      "mse": 0.002384291961789131,
      "mae": 0.03575839847326279,
      "directional_accuracy": 0.4828918322295806,
      "base_loss": 0.06535298970000002,
      "abs_loss": 0.06574262877,
      "rel_score": -0.005962069551654903
    }
  },
  "linear_regression": {
    "train": {
      "mse": 0.001962655456736684,
      "mae": 0.03131479024887085,
      "directional_accuracy": 0.48496292227410054,
      "base_loss": 0.05784558100000001,
      "abs_loss": 0.05829316063000001,
      "rel_score": -0.007737490440280936
    },
    "val": {
      "mse": 0.0011913819471374154,
      "mae": 0.025111587718129158,
      "directional_accuracy": 0.4489247311827957,
      "base_loss": 0.045005714599999996,
      "abs_loss": 0.04712552945,
      "rel_score": -0.047101015256404866
    },
    "test": {
      "mse": 0.0025450028479099274,
      "mae": 0.03715374693274498,
      "directional_accuracy": 0.46799116997792495,
      "base_loss": 0.06535298970000002,
      "abs_loss": 0.06744994704000001,
      "rel_score": -0.03208663214377783
    }
  },
  "arima": {
    "train": {
      "mse": 0.002017331076785922,
      "mae": 0.03139941021800041,
      "directional_accuracy": 0.4778906893710519,
      "base_loss": 0.05784558100000001,
      "abs_loss": 0.05798836054,
      "rel_score": -0.0024682877677379977
    },
    "val": {
      "mse": 0.00114548415876925,
      "mae": 0.024657880887389183,
      "directional_accuracy": 0.4475806451612903,
      "base_loss": 0.045005714599999996,
      "abs_loss": 0.04518691090499999,
      "rel_score": -0.004026073280036124
    },
    "test": {
      "mse": 0.002406927291303873,
      "mae": 0.03604898229241371,
      "directional_accuracy": 0.45253863134657835,
      "base_loss": 0.06535298970000002,
      "abs_loss": 0.066326079775,
      "rel_score": -0.014889756068802829
    }
  }
}