{
  "arima": {
    "threshold": 0.0,
    "holding_period": 1,
    "trade_count": 1573,
    "coverage": 0.6742391770252893,
    "directional_accuracy": 0.561347743165925,
    "avg_actual_return": 0.0012116783600127144,
    "avg_strategy_return": 0.0012116783600127144,
    "cumulative_strategy_return": 1.9059700602999996,
    "final_equity": 5.098240057477003,
    "sampled_buy_hold_equity": 5.098240057477003
  },
  "linear_regression": {
    "threshold": 0.0,
    "holding_period": 1,
    "trade_count": 1308,
    "coverage": 0.5606515216459494,
    "directional_accuracy": 0.5573394495412844,
    "avg_actual_return": 0.0012156739711009176,
    "avg_strategy_return": 0.0012156739711009176,
    "cumulative_strategy_return": 1.5901015542000003,
    "final_equity": 3.8344317137619948,
    "sampled_buy_hold_equity": 3.8344317137619948
  },
  "lstm_seed_52": {
    "threshold": 0.0,
    "holding_period": 1,
    "trade_count": 1378,
    "coverage": 0.5906558079725676,
    "directional_accuracy": 0.5566037735849056,
    "avg_actual_return": 0.0009971123778664732,
    "avg_strategy_return": 0.0009971123778664732,
    "cumulative_strategy_return": 1.3740208567,
    "final_equity": 2.887725433158123,
    "sampled_buy_hold_equity": 2.887725433158123
  },
  "lstm_signmag_seed_52": {
    "threshold": 0.0,
    "holding_period": 1,
    "trade_count": 2260,
    "coverage": 0.9687098156879554,
    "directional_accuracy": 0.5584070796460177,
    "avg_actual_return": 0.0006426870929646019,
    "avg_strategy_return": 0.0006426870929646019,
    "cumulative_strategy_return": 1.4524728301000003,
    "final_equity": 2.6930350210480594,
    "sampled_buy_hold_equity": 2.6930350210480594
  },
  "lstm_signmag": {
    "threshold": 0.0,
    "holding_period": 1,
    "trade_count": 2040,
    "coverage": 0.8744106300900129,
    "directional_accuracy": 0.5534313725490196,
    "avg_actual_return": 0.0006588078075980392,
    "avg_strategy_return": 0.0006588078075980392,
    "cumulative_strategy_return": 1.3439679275,
    "final_equity": 2.5676423377810744,
    "sampled_buy_hold_equity": 2.5676423377810744
  },
  "lstm_signmag_best_by_val": {
    "threshold": 0.0,
    "holding_period": 1,
    "trade_count": 2040,
    "coverage": 0.8744106300900129,
    "directional_accuracy": 0.5534313725490196,
    "avg_actual_return": 0.0006588078075980392,
    "avg_strategy_return": 0.0006588078075980392,
    "cumulative_strategy_return": 1.3439679275,
    "final_equity": 2.5676423377810744,
    "sampled_buy_hold_equity": 2.5676423377810744
  },
  "lstm_signmag_seed_42": {
    "threshold": 0.0,
    "holding_period": 1,
    "trade_count": 2040,
    "coverage": 0.8744106300900129,
    "directional_accuracy": 0.5534313725490196,
    "avg_actual_return": 0.0006588078075980392,
    "avg_strategy_return": 0.0006588078075980392,
    "cumulative_strategy_return": 1.3439679275,
    "final_equity": 2.5676423377810744,
    "sampled_buy_hold_equity": 2.5676423377810744
  },
  "lstm_ensemble": {
    "threshold": 0.0,
    "holding_period": 1,
    "trade_count": 1081,
    "coverage": 0.46335190741534504,
    "directional_accuracy": 0.5615171137835338,
    "avg_actual_return": 0.001114575710730805,
    "avg_strategy_return": 0.001114575710730805,
    "cumulative_strategy_return": 1.2048563433000001,
    "final_equity": 2.544601793058267,
    "sampled_buy_hold_equity": 2.544601793058267
  },
  "lstm_best_by_val": {
    "threshold": 0.0,
    "holding_period": 1,
    "trade_count": 988,
    "coverage": 0.42348906986712387,
    "directional_accuracy": 0.5435222672064778,
    "avg_actual_return": 0.0011255524983805668,
    "avg_strategy_return": 0.0011255524983805668,
    "cumulative_strategy_return": 1.1120458684,
    "final_equity": 2.29047640045069,
    "sampled_buy_hold_equity": 2.29047640045069
  },
  "lstm_seed_62": {
    "threshold": 0.0,
    "holding_period": 1,
    "trade_count": 988,
    "coverage": 0.42348906986712387,
    "directional_accuracy": 0.5435222672064778,
    "avg_actual_return": 0.0011255524983805668,
    "avg_strategy_return": 0.0011255524983805668,
    "cumulative_strategy_return": 1.1120458684,
    "final_equity": 2.29047640045069,
    "sampled_buy_hold_equity": 2.29047640045069
  },
  "lstm_signmag_ensemble": {
    "threshold": 0.0,
    "holding_period": 1,
    "trade_count": 2231,
    "coverage": 0.9562794684954994,
    "directional_accuracy": 0.554011653966831,
    "avg_actual_return": 0.0005642417093231733,
    "avg_strategy_return": 0.0005642417093231733,
    "cumulative_strategy_return": 1.2588232534999997,
    "final_equity": 2.241398161490946,
    "sampled_buy_hold_equity": 2.241398161490946
  },
  "lstm_signmag_top2_by_val": {
    "threshold": 0.0,
    "holding_period": 1,
    "trade_count": 2169,
    "coverage": 0.9297042434633519,
    "directional_accuracy": 0.5555555555555556,
    "avg_actual_return": 0.0005450868438450899,
    "avg_strategy_return": 0.0005450868438450899,
    "cumulative_strategy_return": 1.1822933643,
    "final_equity": 2.1005319607839392,
    "sampled_buy_hold_equity": 2.1005319607839392
  },
  "lstm_top2_by_val": {
    "threshold": 0.0,
    "holding_period": 1,
    "trade_count": 911,
    "coverage": 0.390484354907844,
    "directional_accuracy": 0.5510428100987925,
    "avg_actual_return": 0.0009903646969264546,
    "avg_strategy_return": 0.0009903646969264546,
    "cumulative_strategy_return": 0.9022222389000002,
    "final_equity": 1.9558209973577316,
    "sampled_buy_hold_equity": 1.9558209973577316
  },
  "lstm_signmag_seed_62": {
    "threshold": 0.0,
    "holding_period": 1,
    "trade_count": 2315,
    "coverage": 0.992284612087441,
    "directional_accuracy": 0.5555075593952484,
    "avg_actual_return": 0.00048486102673866077,
    "avg_strategy_return": 0.00048486102673866077,
    "cumulative_strategy_return": 1.1224532768999997,
    "final_equity": 1.9102787281726339,
    "sampled_buy_hold_equity": 1.9102787281726339
  },
  "lstm": {
    "threshold": 0.0,
    "holding_period": 1,
    "trade_count": 870,
    "coverage": 0.37291041577368195,
    "directional_accuracy": 0.5528735632183908,
    "avg_actual_return": 0.0006802132986206897,
    "avg_strategy_return": 0.0006802132986206897,
    "cumulative_strategy_return": 0.5917855698000001,
    "final_equity": 1.5129761499760184,
    "sampled_buy_hold_equity": 1.5129761499760184
  },
  "lstm_seed_42": {
    "threshold": 0.0,
    "holding_period": 1,
    "trade_count": 870,
    "coverage": 0.37291041577368195,
    "directional_accuracy": 0.5528735632183908,
    "avg_actual_return": 0.0006802132986206897,
    "avg_strategy_return": 0.0006802132986206897,
    "cumulative_strategy_return": 0.5917855698000001,
    "final_equity": 1.5129761499760184,
    "sampled_buy_hold_equity": 1.5129761499760184
  }
}