{
  "lstm": {
    "train": {
      "mse": 0.0007224617293104529,
      "mae": 0.019148388877511024,
      "directional_accuracy": 0.45113524185587367,
      "base_loss": 0.038159468,
      "abs_loss": 0.038048747983000016,
      "rel_score": 0.002901508401531916
    },
    "val": {
      "mse": 0.00047302208258770406,
      "mae": 0.015103081241250038,
      "directional_accuracy": 0.4844290657439446,
      "base_loss": 0.02806656225,
      "abs_loss": 0.028006012279000007,
      "rel_score": 0.0021573704132572535
    },
    "test": {
      "mse": 0.0006941386964172125,
      "mae": 0.018977904692292213,
      "directional_accuracy": 0.4934024505183789,
      "base_loss": 0.03571954735,
      "abs_loss": 0.03620349088700002,
      "rel_score": -0.013548423003742815
    }
  },
  "linear_regression": {
    "train": {
      "mse": 0.0007137049688026309,
      "mae": 0.019343608990311623,
      "directional_accuracy": 0.4412635735439289,
      "base_loss": 0.038159468,
      "abs_loss": 0.03832115011,
      "rel_score": -0.00423701163758361
    },
    "val": {
      "mse": 0.00048017577501013875,
      "mae": 0.01556131336838007,
      "directional_accuracy": 0.4515570934256055,
      "base_loss": 0.02806656225,
      "abs_loss": 0.029344946199500007,
      "rel_score": -0.045548291169860144
    },
    "test": {
      "mse": 0.0006928976508788764,
      "mae": 0.01916157267987728,
      "directional_accuracy": 0.4632422243166824,
      "base_loss": 0.03571954735,
      "abs_loss": 0.037557771635000015,
      "rel_score": -0.05146269819681848
    }
  },
  "arima": {
    "train": {
      "mse": 0.0007244488806463778,
      "mae": 0.01925262250006199,
      "directional_accuracy": 0.4354063836788417,
      "base_loss": 0.038159468,
      "abs_loss": 0.03827491466,
      "rel_score": -0.00302537393865121
    },
    "val": {
      "mse": 0.0004743156023323536,
      "mae": 0.015206330455839634,
      "directional_accuracy": 0.447520184544406,
      "base_loss": 0.02806656225,
      "abs_loss": 0.02832106965650001,
      "rel_score": -0.00906799358728061
    },
    "test": {
      "mse": 0.0006967608933337033,
      "mae": 0.019052166491746902,
      "directional_accuracy": 0.48350612629594725,
      "base_loss": 0.03571954735,
      "abs_loss": 0.035443585880500006,
      "rel_score": 0.007725782938847736
    }
  },
  "lstm_ensemble": {
    "train": {
      "mse": 0.000721651129424572,
      "mae": 0.019153133034706116,
      "directional_accuracy": 0.45870352089503125,
      "base_loss": 0.038159468,
      "abs_loss": 0.03800141291180001,
      "rel_score": 0.004141962571385771
    },
    "val": {
      "mse": 0.0004723465826828033,
      "mae": 0.015101833269000053,
      "directional_accuracy": 0.4734717416378316,
      "base_loss": 0.02806656225,
      "abs_loss": 0.028013365403,
      "rel_score": 0.0018953816476044993
    },
    "test": {
      "mse": 0.0006939800223335624,
      "mae": 0.01898772455751896,
      "directional_accuracy": 0.4830348727615457,
      "base_loss": 0.03571954735,
      "abs_loss": 0.036143862387000014,
      "rel_score": -0.011879070942370618
    }
  },
  "lstm_seed_42": {
    "train": {
      "mse": 0.0007224617293104529,
      "mae": 0.019148388877511024,
      "directional_accuracy": 0.45113524185587367,
      "base_loss": 0.038159468,
      "abs_loss": 0.038048747983000016,
      "rel_score": 0.002901508401531916
    },
    "val": {
      "mse": 0.00047302208258770406,
      "mae": 0.015103081241250038,
      "directional_accuracy": 0.4844290657439446,
      "base_loss": 0.02806656225,
      "abs_loss": 0.028006012279000007,
      "rel_score": 0.0021573704132572535
    },
    "test": {
      "mse": 0.0006941386964172125,
      "mae": 0.018977904692292213,
      "directional_accuracy": 0.4934024505183789,
      "base_loss": 0.03571954735,
      "abs_loss": 0.03620349088700002,
      "rel_score": -0.013548423003742815
    }
  },
  "lstm_seed_52": {
    "train": {
      "mse": 0.000720139651093632,
      "mae": 0.019135938957333565,
      "directional_accuracy": 0.45804540967423496,
      "base_loss": 0.038159468,
      "abs_loss": 0.037927309684,
      "rel_score": 0.006083898129816689
    },
    "val": {
      "mse": 0.00047267519403249025,
      "mae": 0.015121238306164742,
      "directional_accuracy": 0.4671280276816609,
      "base_loss": 0.02806656225,
      "abs_loss": 0.028003309057,
      "rel_score": 0.0022536850946183185
    },
    "test": {
      "mse": 0.0006926649948582053,
      "mae": 0.01898997463285923,
      "directional_accuracy": 0.4806786050895382,
      "base_loss": 0.03571954735,
      "abs_loss": 0.03627342856500002,
      "rel_score": -0.015506389528758158
    }
  },
  "lstm_seed_62": {
    "train": {
      "mse": 0.0007235679659061134,
      "mae": 0.019211065024137497,
      "directional_accuracy": 0.4512668641000329,
      "base_loss": 0.038159468,
      "abs_loss": 0.03811193446,
      "rel_score": 0.0012456552067234838
    },
    "val": {
      "mse": 0.0004719501594081521,
      "mae": 0.015102331526577473,
      "directional_accuracy": 0.4700115340253749,
      "base_loss": 0.02806656225,
      "abs_loss": 0.02785005054,
      "rel_score": 0.007714222642283164
    },
    "test": {
      "mse": 0.0006963058258406818,
      "mae": 0.019015245139598846,
      "directional_accuracy": 0.4830348727615457,
      "base_loss": 0.03571954735,
      "abs_loss": 0.03630756302250001,
      "rel_score": -0.01646201355068433
    }
  },
  "lstm_best_by_val": {
    "train": {
      "mse": 0.0007235679659061134,
      "mae": 0.019211065024137497,
      "directional_accuracy": 0.4512668641000329,
      "base_loss": 0.038159468,
      "abs_loss": 0.03811193446,
      "rel_score": 0.0012456552067234838
    },
    "val": {
      "mse": 0.0004719501594081521,
      "mae": 0.015102331526577473,
      "directional_accuracy": 0.4700115340253749,
      "base_loss": 0.02806656225,
      "abs_loss": 0.02785005054,
      "rel_score": 0.007714222642283164
    },
    "test": {
      "mse": 0.0006963058258406818,
      "mae": 0.019015245139598846,
      "directional_accuracy": 0.4830348727615457,
      "base_loss": 0.03571954735,
      "abs_loss": 0.03630756302250001,
      "rel_score": -0.01646201355068433
    }
  },
  "lstm_top2_by_val": {
    "train": {
      "mse": 0.0007214490906335413,
      "mae": 0.019162261858582497,
      "directional_accuracy": 0.45824284304047386,
      "base_loss": 0.038159468,
      "abs_loss": 0.03803128683,
      "rel_score": 0.0033590921655407557
    },
    "val": {
      "mse": 0.00047211998025886714,
      "mae": 0.015104642137885094,
      "directional_accuracy": 0.47231833910034604,
      "base_loss": 0.02806656225,
      "abs_loss": 0.027861297330000007,
      "rel_score": 0.007313504168113494
    },
    "test": {
      "mse": 0.0006940385210327804,
      "mae": 0.01899484172463417,
      "directional_accuracy": 0.49010367577756836,
      "base_loss": 0.03571954735,
      "abs_loss": 0.036198893211000005,
      "rel_score": -0.01341970703892481
    }
  },
  "lstm_signmag": {
    "train": {
      "mse": 0.0007159182569012046,
      "mae": 0.019204869866371155,
      "directional_accuracy": 0.44396182954919383,
      "base_loss": 0.038159468,
      "abs_loss": 0.038016737382,
      "rel_score": 0.0037403723238489395
    },
    "val": {
      "mse": 0.0004741933662444353,
      "mae": 0.015227055177092552,
      "directional_accuracy": 0.4469434832756632,
      "base_loss": 0.02806656225,
      "abs_loss": 0.027793420056500005,
      "rel_score": 0.00973194333766314
    },
    "test": {
      "mse": 0.0006913768593221903,
      "mae": 0.01902131550014019,
      "directional_accuracy": 0.46701225259189444,
      "base_loss": 0.03571954735,
      "abs_loss": 0.036502875433000015,
      "rel_score": -0.021929955475765928
    }
  },
  "lstm_signmag_ensemble": {
    "train": {
      "mse": 0.0007116739870980382,
      "mae": 0.019153082743287086,