{
  "lstm": {
    "train": {
      "base_loss": 0.038159468,
      "abs_loss": 0.038048747983000016,
      "rel_score": 0.002901508401531916,
      "directional_accuracy": 0.45113524185587367,
      "error_len": 15195,
      "base_len": 15195
    },
    "val": {
      "base_loss": 0.02806656225,
      "abs_loss": 0.028006012279000007,
      "rel_score": 0.0021573704132572535,
      "directional_accuracy": 0.4844290657439446,
      "error_len": 1734,
      "base_len": 1734
    },
    "test": {
      "base_loss": 0.03571954735,
      "abs_loss": 0.03620349088700002,
      "rel_score": -0.013548423003742815,
      "directional_accuracy": 0.4934024505183789,
      "error_len": 2122,
      "base_len": 2122
    }
  },
  "linear_regression": {
    "train": {
      "base_loss": 0.038159468,
      "abs_loss": 0.03832115011,
      "rel_score": -0.00423701163758361,
      "directional_accuracy": 0.4412635735439289,
      "error_len": 15195,
      "base_len": 15195
    },
    "val": {
      "base_loss": 0.02806656225,
      "abs_loss": 0.029344946199500007,
      "rel_score": -0.045548291169860144,
      "directional_accuracy": 0.4515570934256055,
      "error_len": 1734,
      "base_len": 1734
    },
    "test": {
      "base_loss": 0.03571954735,
      "abs_loss": 0.037557771635000015,
      "rel_score": -0.05146269819681848,
      "directional_accuracy": 0.4632422243166824,
      "error_len": 2122,
      "base_len": 2122
    }
  },
  "arima": {
    "train": {
      "base_loss": 0.038159468,
      "abs_loss": 0.03827491466,
      "rel_score": -0.00302537393865121,
      "directional_accuracy": 0.4354063836788417,
      "error_len": 15195,
      "base_len": 15195
    },
    "val": {
      "base_loss": 0.02806656225,
      "abs_loss": 0.02832106965650001,
      "rel_score": -0.00906799358728061,
      "directional_accuracy": 0.447520184544406,
      "error_len": 1734,
      "base_len": 1734
    },
    "test": {
      "base_loss": 0.03571954735,
      "abs_loss": 0.035443585880500006,
      "rel_score": 0.007725782938847736,
      "directional_accuracy": 0.48350612629594725,
      "error_len": 2122,
      "base_len": 2122
    }
  },
  "lstm_ensemble": {
    "train": {
      "base_loss": 0.038159468,
      "abs_loss": 0.03800141291180001,
      "rel_score": 0.004141962571385771,
      "directional_accuracy": 0.45870352089503125,
      "error_len": 15195,
      "base_len": 15195
    },
    "val": {
      "base_loss": 0.02806656225,
      "abs_loss": 0.028013365403,
      "rel_score": 0.0018953816476044993,
      "directional_accuracy": 0.4734717416378316,
      "error_len": 1734,
      "base_len": 1734
    },
    "test": {
      "base_loss": 0.03571954735,
      "abs_loss": 0.036143862387000014,
      "rel_score": -0.011879070942370618,
      "directional_accuracy": 0.4830348727615457,
      "error_len": 2122,
      "base_len": 2122
    }
  },
  "lstm_seed_42": {
    "train": {
      "base_loss": 0.038159468,
      "abs_loss": 0.038048747983000016,
      "rel_score": 0.002901508401531916,
      "directional_accuracy": 0.45113524185587367,
      "error_len": 15195,
      "base_len": 15195
    },
    "val": {
      "base_loss": 0.02806656225,
      "abs_loss": 0.028006012279000007,
      "rel_score": 0.0021573704132572535,
      "directional_accuracy": 0.4844290657439446,
      "error_len": 1734,
      "base_len": 1734
    },
    "test": {
      "base_loss": 0.03571954735,
      "abs_loss": 0.03620349088700002,
      "rel_score": -0.013548423003742815,
      "directional_accuracy": 0.4934024505183789,
      "error_len": 2122,
      "base_len": 2122
    }
  },
  "lstm_seed_52": {
    "train": {
      "base_loss": 0.038159468,
      "abs_loss": 0.037927309684,
      "rel_score": 0.006083898129816689,
      "directional_accuracy": 0.45804540967423496,
      "error_len": 15195,
      "base_len": 15195
    },
    "val": {
      "base_loss": 0.02806656225,
      "abs_loss": 0.028003309057,
      "rel_score": 0.0022536850946183185,
      "directional_accuracy": 0.4671280276816609,
      "error_len": 1734,
      "base_len": 1734
    },
    "test": {
      "base_loss": 0.03571954735,
      "abs_loss": 0.03627342856500002,
      "rel_score": -0.015506389528758158,
      "directional_accuracy": 0.4806786050895382,
      "error_len": 2122,
      "base_len": 2122
    }
  },
  "lstm_seed_62": {
    "train": {
      "base_loss": 0.038159468,
      "abs_loss": 0.03811193446,
      "rel_score": 0.0012456552067234838,
      "directional_accuracy": 0.4512668641000329,
      "error_len": 15195,
      "base_len": 15195
    },
    "val": {
      "base_loss": 0.02806656225,
      "abs_loss": 0.02785005054,
      "rel_score": 0.007714222642283164,
      "directional_accuracy": 0.4700115340253749,
      "error_len": 1734,
      "base_len": 1734
    },
    "test": {
      "base_loss": 0.03571954735,
      "abs_loss": 0.03630756302250001,
      "rel_score": -0.01646201355068433,
      "directional_accuracy": 0.4830348727615457,
      "error_len": 2122,
      "base_len": 2122
    }
  },
  "lstm_best_by_val": {
    "train": {
      "base_loss": 0.038159468,
      "abs_loss": 0.03811193446,
      "rel_score": 0.0012456552067234838,
      "directional_accuracy": 0.4512668641000329,
      "error_len": 15195,
      "base_len": 15195
    },
    "val": {
      "base_loss": 0.02806656225,
      "abs_loss": 0.02785005054,
      "rel_score": 0.007714222642283164,
      "directional_accuracy": 0.4700115340253749,
      "error_len": 1734,
      "base_len": 1734
    },
    "test": {
      "base_loss": 0.03571954735,
      "abs_loss": 0.03630756302250001,
      "rel_score": -0.01646201355068433,
      "directional_accuracy": 0.4830348727615457,
      "error_len": 2122,
      "base_len": 2122
    }
  },
  "lstm_top2_by_val": {
    "train": {
      "base_loss": 0.038159468,
      "abs_loss": 0.03803128683,
      "rel_score": 0.0033590921655407557,
      "directional_accuracy": 0.45824284304047386,
      "error_len": 15195,
      "base_len": 15195
    },
    "val": {
      "base_loss": 0.02806656225,
      "abs_loss": 0.027861297330000007,
      "rel_score": 0.007313504168113494,
      "directional_accuracy": 0.47231833910034604,
      "error_len": 1734,
      "base_len": 1734
    },
    "test": {
      "base_loss": 0.03571954735,
      "abs_loss": 0.036198893211000005,
      "rel_score": -0.01341970703892481,
      "directional_accuracy": 0.49010367577756836,
      "error_len": 2122,
      "base_len": 2122
    }
  },
  "lstm_signmag": {
    "train": {
      "base_loss": 0.038159468,
      "abs_loss": 0.038016737382,
      "rel_score": 0.0037403723238489395,
      "directional_accuracy": 0.44396182954919383,
      "error_len": 15195,
      "base_len": 15195
    },
    "val": {
      "base_loss": 0.02806656225,
      "abs_loss": 0.027793420056500005,
      "rel_score": 0.00973194333766314,
      "directional_accuracy": 0.4469434832756632,
      "error_len": 1734,
      "base_len": 1734
    },
    "test": {
      "base_loss": 0.03571954735,
      "abs_loss": 0.036502875433000015,
      "rel_score": -0.021929955475765928,
      "directional_accuracy": 0.46701225259189444,
      "error_len": 2122,
      "base_len": 2122
    }
  },
  "lstm_signmag_ensemble": {
    "train": {
      "base_loss": 0.038159468,
      "abs_loss": 0.037926544980000004,
      "rel_score": 0.006103937822193872,
      "directional_accuracy": 0.4463968410661402,
      "error_len": 15195,
      "base_len": 15195
    },
    "val": {
      "base_loss": 0.02806656225,
      "abs_loss": 0.02772564684,
      "rel_score": 0.012146674999357954,
      "directional_accuracy": 0.44982698961937717,
      "error_len": 1734,
      "base_len": 1734
    },
    "test": {
      "base_loss": 0.03571954735,
      "abs_loss": 0.036372276194000006,
      "rel_score": -0.018273715442253646,
      "directional_accuracy": 0.4622997172478794,
      "error_len": 2122,
      "base_len": 2122
    }
  },