{
  "lstm": {
    "train": {
      "mse": 0.00201574619859457,
      "mae": 0.031194375827908516,
      "directional_accuracy": 0.49725538630437766,
      "base_loss": 0.05784201584756375,
      "abs_loss": 0.0575876268267166,
      "rel_score": 0.00439799714998812
    },
    "val": {
      "mse": 0.0011370800202712417,
      "mae": 0.024383671581745148,
      "directional_accuracy": 0.4932795698924731,
      "base_loss": 0.04500571433454752,
      "abs_loss": 0.045157736184773964,
      "rel_score": -0.0033778344033470464
    },
    "test": {
      "mse": 0.0023984035942703485,
      "mae": 0.03591109439730644,
      "directional_accuracy": 0.47792494481236203,
      "base_loss": 0.06535298973321915,
      "abs_loss": 0.06585140113020316,
      "rel_score": -0.007626451353160757
    }
  },
  "linear_regression": {
    "train": {
      "mse": 0.001975142862647772,
      "mae": 0.03128677234053612,
      "directional_accuracy": 0.47996432002195694,
      "base_loss": 0.05784201584756375,
      "abs_loss": 0.05838665082119406,
      "rel_score": -0.009415905819493586
    },
    "val": {
      "mse": 0.0011714991414919496,
      "mae": 0.024864286184310913,
      "directional_accuracy": 0.46639784946236557,
      "base_loss": 0.04500571433454752,
      "abs_loss": 0.04581369865918532,
      "rel_score": -0.017952927457871137
    },
    "test": {
      "mse": 0.0025324628222733736,
      "mae": 0.03705090284347534,
      "directional_accuracy": 0.4757174392935982,
      "base_loss": 0.06535298973321915,
      "abs_loss": 0.06746444028103726,
      "rel_score": -0.03230840021913872
    }
  },
  "arima": {
    "train": {
      "mse": 0.002016575774177909,
      "mae": 0.03139260411262512,
      "directional_accuracy": 0.47756278303828736,
      "base_loss": 0.05784201584756375,
      "abs_loss": 0.05798516331706196,
      "rel_score": -0.002474800841579583
    },
    "val": {
      "mse": 0.001145412097685039,
      "mae": 0.024656690657138824,
      "directional_accuracy": 0.45026881720430106,
      "base_loss": 0.04500571433454752,
      "abs_loss": 0.045185954717453555,
      "rel_score": -0.004004833287751586
    },
    "test": {
      "mse": 0.002406855346634984,
      "mae": 0.0360480397939682,
      "directional_accuracy": 0.45253863134657835,
      "base_loss": 0.06535298973321915,
      "abs_loss": 0.06632251277333126,
      "rel_score": -0.014835175009893842
    }
  }
}