{
  "lstm": {
    "train": {
      "base_loss": 0.05784201584756375,
      "abs_loss": 0.0575876268267166,
      "rel_score": 0.00439799714998812,
      "directional_accuracy": 0.49725538630437766,
      "error_len": 14574,
      "base_len": 14574
    },
    "val": {
      "base_loss": 0.04500571433454752,
      "abs_loss": 0.045157736184773964,
      "rel_score": -0.0033778344033470464,
      "directional_accuracy": 0.4932795698924731,
      "error_len": 1488,
      "base_len": 1488
    },
    "test": {
      "base_loss": 0.06535298973321915,
      "abs_loss": 0.06585140113020316,
      "rel_score": -0.007626451353160757,
      "directional_accuracy": 0.47792494481236203,
      "error_len": 1812,
      "base_len": 1812
    }
  },
  "linear_regression": {
    "train": {
      "base_loss": 0.05784201584756375,
      "abs_loss": 0.05838665082119406,
      "rel_score": -0.009415905819493586,
      "directional_accuracy": 0.47996432002195694,
      "error_len": 14574,
      "base_len": 14574
    },
    "val": {
      "base_loss": 0.04500571433454752,
      "abs_loss": 0.04581369865918532,
      "rel_score": -0.017952927457871137,
      "directional_accuracy": 0.46639784946236557,
      "error_len": 1488,
      "base_len": 1488
    },
    "test": {
      "base_loss": 0.06535298973321915,
      "abs_loss": 0.06746444028103726,
      "rel_score": -0.03230840021913872,
      "directional_accuracy": 0.4757174392935982,
      "error_len": 1812,
      "base_len": 1812
    }
  },
  "arima": {
    "train": {
      "base_loss": 0.05784201584756375,
      "abs_loss": 0.05798516331706196,
      "rel_score": -0.002474800841579583,
      "directional_accuracy": 0.47756278303828736,
      "error_len": 14574,
      "base_len": 14574
    },
    "val": {
      "base_loss": 0.04500571433454752,
      "abs_loss": 0.045185954717453555,
      "rel_score": -0.004004833287751586,
      "directional_accuracy": 0.45026881720430106,
      "error_len": 1488,
      "base_len": 1488
    },
    "test": {
      "base_loss": 0.06535298973321915,
      "abs_loss": 0.06632251277333126,
      "rel_score": -0.014835175009893842,
      "directional_accuracy": 0.45253863134657835,
      "error_len": 1812,
      "base_len": 1812
    }
  }
}