{
  "lstm": {
    "train": {
      "mse": 0.001334487460553646,
      "mae": 0.025616243481636047,
      "directional_accuracy": 0.5310693641618497,
      "base_loss": 0.048242951150000005,
      "abs_loss": 0.0476505038439,
      "rel_score": 0.01228049470393977
    },
    "val": {
      "mse": 0.0007620351971127093,
      "mae": 0.01977073960006237,
      "directional_accuracy": 0.4879032258064516,
      "base_loss": 0.037043309700000006,
      "abs_loss": 0.036527095385,
      "rel_score": 0.013935426374712012
    },
    "test": {
      "mse": 0.003860148601233959,
      "mae": 0.0453871488571167,
      "directional_accuracy": 0.5562913907284768,
      "base_loss": 0.08718877125000007,
      "abs_loss": 0.08620064978000005,
      "rel_score": 0.01133312760156624
    }
  },
  "linear_regression": {
    "train": {
      "mse": 0.0013253632932901382,
      "mae": 0.02617889642715454,
      "directional_accuracy": 0.5072254335260116,
      "base_loss": 0.048242951150000005,
      "abs_loss": 0.048184120867,
      "rel_score": 0.0012194586275844355
    },
    "val": {
      "mse": 0.0007395168649964035,
      "mae": 0.019711937755346298,
      "directional_accuracy": 0.5443548387096774,
      "base_loss": 0.037043309700000006,
      "abs_loss": 0.03677464990000002,
      "rel_score": 0.00725258628820602
    },
    "test": {
      "mse": 0.003818841651082039,
      "mae": 0.04547950252890587,
      "directional_accuracy": 0.4966887417218543,
      "base_loss": 0.08718877125000007,
      "abs_loss": 0.08427930215000008,
      "rel_score": 0.033369768357642604
    }
  },
  "arima": {
    "train": {
      "mse": 0.0013694928493350744,
      "mae": 0.025977378711104393,
      "directional_accuracy": 0.4949421965317919,
      "base_loss": 0.048242951150000005,
      "abs_loss": 0.048038739095000005,
      "rel_score": 0.004232992595437413
    },
    "val": {
      "mse": 0.0007734749815426767,
      "mae": 0.01997034065425396,
      "directional_accuracy": 0.4637096774193548,
      "base_loss": 0.037043309700000006,
      "abs_loss": 0.036572418228,
      "rel_score": 0.012711916829613146
    },
    "test": {
      "mse": 0.0039291344583034515,
      "mae": 0.04597243666648865,
      "directional_accuracy": 0.4337748344370861,
      "base_loss": 0.08718877125000007,
      "abs_loss": 0.08755653296200003,
      "rel_score": -0.004217993977062129
    }
  }
}