{
  "arima": {
    "threshold": 0.0,
    "holding_period": 3,
    "trade_count": 69,
    "coverage": 0.22697368421052633,
    "directional_accuracy": 0.6666666666666666,
    "avg_actual_return": 0.01674910235362319,
    "avg_strategy_return": 0.01674910235362319,
    "cumulative_strategy_return": 1.1556880624,
    "final_equity": 2.80771973480855,
    "sampled_buy_hold_equity": 2.80771973480855
  },
  "linear_regression": {
    "threshold": 0.0,
    "holding_period": 3,
    "trade_count": 66,
    "coverage": 0.21710526315789475,
    "directional_accuracy": 0.5757575757575758,
    "avg_actual_return": 0.017083167153030307,
    "avg_strategy_return": 0.017083167153030307,
    "cumulative_strategy_return": 1.1274890321000002,
    "final_equity": 2.7148678103432324,
    "sampled_buy_hold_equity": 2.7148678103432324
  },
  "lstm": {
    "threshold": 0.0,
    "holding_period": 3,
    "trade_count": 50,
    "coverage": 0.16447368421052633,
    "directional_accuracy": 0.68,
    "avg_actual_return": 0.009786420115999998,
    "avg_strategy_return": 0.009786420115999998,
    "cumulative_strategy_return": 0.48932100579999993,
    "final_equity": 1.5020306500521228,
    "sampled_buy_hold_equity": 1.5020306500521228
  }
}