{
  "lstm": {
    "train": {
      "mse": 0.0005387227283790708,
      "mae": 0.01573967933654785,
      "directional_accuracy": 0.43474870355207235,
      "base_loss": 0.02954897563904525,
      "abs_loss": 0.029505317015718905,
      "rel_score": 0.001477500400002163
    },
    "val": {
      "mse": 0.00029670962248928845,
      "mae": 0.01178286224603653,
      "directional_accuracy": 0.4404521598708115,
      "base_loss": 0.02149631269276142,
      "abs_loss": 0.021540775278845105,
      "rel_score": -0.0020683819927245217
    },
    "test": {
      "mse": 0.00043106856173835695,
      "mae": 0.01386773120611906,
      "directional_accuracy": 0.4644091223220456,
      "base_loss": 0.02528067864477635,
      "abs_loss": 0.0254330908355769,
      "rel_score": -0.006028801399761585
    }
  },
  "linear_regression": {
    "train": {
      "mse": 0.0005186060443520546,
      "mae": 0.01570959761738777,
      "directional_accuracy": 0.4346707217218388,
      "base_loss": 0.02954897563904525,
      "abs_loss": 0.03027003484312446,
      "rel_score": -0.024402172612928874
    },
    "val": {
      "mse": 0.00030543917091563344,
      "mae": 0.01215915847569704,
      "directional_accuracy": 0.4436818732337505,
      "base_loss": 0.02149631269276142,
      "abs_loss": 0.022424228955060244,
      "rel_score": -0.04316629905608349
    },
    "test": {
      "mse": 0.0004392219125293195,
      "mae": 0.01426347903907299,
      "directional_accuracy": 0.4312370421561852,
      "base_loss": 0.02528067864477635,
      "abs_loss": 0.02609674265841022,
      "rel_score": -0.03228014663295009
    }
  },
  "arima": {
    "train": {
      "mse": 0.0005335037130862474,
      "mae": 0.01575450412929058,
      "directional_accuracy": 0.4129137910866768,
      "base_loss": 0.02954897563904525,
      "abs_loss": 0.02971409467281774,
      "rel_score": -0.005587978270025218
    },
    "val": {
      "mse": 0.0003032824315596372,
      "mae": 0.011924022808670998,
      "directional_accuracy": 0.44529672991522,
      "base_loss": 0.02149631269276142,
      "abs_loss": 0.021603496128227564,
      "rel_score": -0.004986131202968425
    },
    "test": {
      "mse": 0.00043064565397799015,
      "mae": 0.013970144093036652,
      "directional_accuracy": 0.4277816171389081,
      "base_loss": 0.02528067864477635,
      "abs_loss": 0.025543628745799657,
      "rel_score": -0.0104012279384611
    }
  },
  "lstm_ensemble": {
    "train": {
      "mse": 0.0005376295302994549,
      "mae": 0.01566166803240776,
      "directional_accuracy": 0.4468358872382735,
      "base_loss": 0.02954897563904525,
      "abs_loss": 0.029471720368019306,
      "rel_score": 0.0026144822064105844
    },
    "val": {
      "mse": 0.0002970081986859441,
      "mae": 0.01176194567233324,
      "directional_accuracy": 0.4513524424707307,
      "base_loss": 0.02149631269276142,
      "abs_loss": 0.021433442525085413,
      "rel_score": 0.0029246954384497537
    },
    "test": {
      "mse": 0.0004302494926378131,
      "mae": 0.01381625048816204,
      "directional_accuracy": 0.4581893572909468,
      "base_loss": 0.02528067864477635,
      "abs_loss": 0.02512515842390713,
      "rel_score": 0.0061517423267969384
    }
  },
  "lstm_seed_42": {
    "train": {
      "mse": 0.0005387227283790708,
      "mae": 0.01573967933654785,
      "directional_accuracy": 0.43474870355207235,
      "base_loss": 0.02954897563904525,
      "abs_loss": 0.029505317015718905,
      "rel_score": 0.001477500400002163
    },
    "val": {
      "mse": 0.00029670962248928845,
      "mae": 0.01178286224603653,
      "directional_accuracy": 0.4404521598708115,
      "base_loss": 0.02149631269276142,
      "abs_loss": 0.021540775278845105,
      "rel_score": -0.0020683819927245217
    },
    "test": {
      "mse": 0.00043106856173835695,
      "mae": 0.01386773120611906,
      "directional_accuracy": 0.4644091223220456,
      "base_loss": 0.02528067864477635,
      "abs_loss": 0.0254330908355769,
      "rel_score": -0.006028801399761585
    }
  },
  "lstm_seed_52": {
    "train": {
      "mse": 0.0005432869074866176,
      "mae": 0.01580476015806198,
      "directional_accuracy": 0.43708815845907906,
      "base_loss": 0.02954897563904525,
      "abs_loss": 0.02968635102297413,
      "rel_score": -0.004649074323488822
    },
    "val": {
      "mse": 0.00030053796945139766,
      "mae": 0.011828609742224216,
      "directional_accuracy": 0.4404521598708115,
      "base_loss": 0.02149631269276142,
      "abs_loss": 0.02137027841235977,
      "rel_score": 0.005863065084836139
    },
    "test": {
      "mse": 0.00043361575808376074,
      "mae": 0.013916418887674809,
      "directional_accuracy": 0.4536973047684865,
      "base_loss": 0.02528067864477635,
      "abs_loss": 0.025235478006652566,
      "rel_score": 0.0017879519279885292
    }
  },
  "lstm_seed_62": {
    "train": {
      "mse": 0.0005395866464823484,
      "mae": 0.015704646706581116,
      "directional_accuracy": 0.4555698522244317,
      "base_loss": 0.02954897563904525,
      "abs_loss": 0.02940199628355913,
      "rel_score": 0.004974093088083387
    },
    "val": {
      "mse": 0.00029736364376731217,
      "mae": 0.01180823240429163,
      "directional_accuracy": 0.45740815502624144,
      "base_loss": 0.02149631269276142,
      "abs_loss": 0.021601875149644914,
      "rel_score": -0.004910723917736837
    },
    "test": {
      "mse": 0.000431192631367594,
      "mae": 0.013854682445526123,
      "directional_accuracy": 0.46579129232895644,
      "base_loss": 0.02528067864477635,
      "abs_loss": 0.025275461946148433,
      "rel_score": 0.00020635120999790146
    }
  },
  "lstm_best_by_val": {
    "train": {
      "mse": 0.0005432869074866176,
      "mae": 0.01580476015806198,
      "directional_accuracy": 0.43708815845907906,
      "base_loss": 0.02954897563904525,
      "abs_loss": 0.02968635102297413,
      "rel_score": -0.004649074323488822
    },
    "val": {
      "mse": 0.00030053796945139766,
      "mae": 0.011828609742224216,
      "directional_accuracy": 0.4404521598708115,
      "base_loss": 0.02149631269276142,
      "abs_loss": 0.02137027841235977,
      "rel_score": 0.005863065084836139
    },
    "test": {
      "mse": 0.00043361575808376074,
      "mae": 0.013916418887674809,
      "directional_accuracy": 0.4536973047684865,
      "base_loss": 0.02528067864477635,
      "abs_loss": 0.025235478006652566,
      "rel_score": 0.0017879519279885292
    }
  },
  "lstm_top2_by_val": {
    "train": {
      "mse": 0.0005393756437115371,
      "mae": 0.015721896663308144,
      "directional_accuracy": 0.43669824930791123,
      "base_loss": 0.02954897563904525,
      "abs_loss": 0.029571587216923944,
      "rel_score": -0.0007652237476827306
    },
    "val": {
      "mse": 0.00029772502603009343,
      "mae": 0.01177272666245699,
      "directional_accuracy": 0.44771901493742433,
      "base_loss": 0.02149631269276142,
      "abs_loss": 0.021659048835863365,
      "rel_score": -0.007570421282378392
    },
    "test": {
      "mse": 0.0004312245000619441,
      "mae": 0.013849851675331593,
      "directional_accuracy": 0.4581893572909468,
      "base_loss": 0.02528067864477635,
      "abs_loss": 0.02524716912885197,
      "rel_score": 0.0013254990657185495
    }
  },
  "lstm_signmag": {
    "train": {
      "mse": 0.0005359869101084769,
      "mae": 0.015626635402441025,
      "directional_accuracy": 0.44706983272897416,
      "base_loss": 0.02954897563904525,
      "abs_loss": 0.029502826335374276,
      "rel_score": 0.0015617903048386061
    },
    "val": {
      "mse": 0.0002971880021505058,
      "mae": 0.011744962073862553,
      "directional_accuracy": 0.44893015744852643,
      "base_loss": 0.02149631269276142,
      "abs_loss": 0.021486416917468887,
      "rel_score": 0.00046034756909107966
    },
    "test": {
      "mse": 0.00043078252929262817,
      "mae": 0.013816672377288342,
      "directional_accuracy": 0.4568071872840359,