{
  "lstm": {
    "train": {
      "mse": 0.0004610593896359205,
      "mae": 0.015082532539963722,
      "directional_accuracy": 0.4372595979388925,
      "base_loss": 0.028273754008114337,
      "abs_loss": 0.027834825300669767,
      "rel_score": 0.01552424581888212
    },
    "val": {
      "mse": 0.00022784114116802812,
      "mae": 0.010783059522509575,
      "directional_accuracy": 0.46102150537634407,
      "base_loss": 0.019207569118589157,
      "abs_loss": 0.018984009736595905,
      "rel_score": 0.011639129377225
    },
    "test": {
      "mse": 0.00047393335262313485,
      "mae": 0.014778009615838528,
      "directional_accuracy": 0.49026345933562426,
      "base_loss": 0.0270085078664124,
      "abs_loss": 0.027084904504590668,
      "rel_score": -0.002828613804070068
    }
  },
  "linear_regression": {
    "train": {
      "mse": 0.0004289495700504631,
      "mae": 0.014788330532610416,
      "directional_accuracy": 0.4218012918208869,
      "base_loss": 0.028273754008114337,
      "abs_loss": 0.029052502149716018,
      "rel_score": -0.0275431462471587
    },
    "val": {
      "mse": 0.00024943743483163416,
      "mae": 0.011698580347001553,
      "directional_accuracy": 0.4280913978494624,
      "base_loss": 0.019207569118589157,
      "abs_loss": 0.022136337193660437,
      "rel_score": -0.15247989253553218
    },
    "test": {
      "mse": 0.0004983815597370267,
      "mae": 0.015849631279706955,
      "directional_accuracy": 0.47594501718213056,
      "base_loss": 0.0270085078664124,
      "abs_loss": 0.028566638589836657,
      "rel_score": -0.05769036672188532
    }
  },
  "arima": {
    "train": {
      "mse": 0.00045562407467514277,
      "mae": 0.014873574487864971,
      "directional_accuracy": 0.43762246897452645,
      "base_loss": 0.028273754008114337,
      "abs_loss": 0.028107458970043814,
      "rel_score": 0.005881604473986668
    },
    "val": {
      "mse": 0.0002227400109404698,
      "mae": 0.010604675859212875,
      "directional_accuracy": 0.4596774193548387,
      "base_loss": 0.019207569118589157,
      "abs_loss": 0.018745882355142383,
      "rel_score": 0.024036709726060645
    },
    "test": {
      "mse": 0.00046765076695010066,
      "mae": 0.014650998637080193,
      "directional_accuracy": 0.43585337915234823,
      "base_loss": 0.0270085078664124,
      "abs_loss": 0.027046388189774007,
      "rel_score": -0.0014025329925284602
    }
  },
  "lstm_ensemble": {
    "train": {
      "mse": 0.0004535045300144702,
      "mae": 0.014822281897068024,
      "directional_accuracy": 0.4475651353508963,
      "base_loss": 0.028273754008114337,
      "abs_loss": 0.027688449318520728,
      "rel_score": 0.020701343352765633
    },
    "val": {
      "mse": 0.0002254658902529627,
      "mae": 0.01066428143531084,
      "directional_accuracy": 0.45631720430107525,
      "base_loss": 0.019207569118589157,
      "abs_loss": 0.018861925572855397,
      "rel_score": 0.01799517386087368
    },
    "test": {
      "mse": 0.00047347162035293877,
      "mae": 0.014754930511116982,
      "directional_accuracy": 0.4765177548682703,
      "base_loss": 0.0270085078664124,
      "abs_loss": 0.026814005570486188,
      "rel_score": 0.007201519494829056
    }
  },
  "lstm_seed_42": {
    "train": {
      "mse": 0.0004610593896359205,
      "mae": 0.015082532539963722,
      "directional_accuracy": 0.4372595979388925,
      "base_loss": 0.028273754008114337,
      "abs_loss": 0.027834825300669767,
      "rel_score": 0.01552424581888212
    },
    "val": {
      "mse": 0.00022784114116802812,
      "mae": 0.010783059522509575,
      "directional_accuracy": 0.46102150537634407,
      "base_loss": 0.019207569118589157,
      "abs_loss": 0.018984009736595905,
      "rel_score": 0.011639129377225
    },
    "test": {
      "mse": 0.00047393335262313485,
      "mae": 0.014778009615838528,
      "directional_accuracy": 0.49026345933562426,
      "base_loss": 0.0270085078664124,
      "abs_loss": 0.027084904504590668,
      "rel_score": -0.002828613804070068
    }
  },
  "lstm_seed_52": {
    "train": {
      "mse": 0.0004579718806780875,
      "mae": 0.014966963790357113,
      "directional_accuracy": 0.4371870237317657,
      "base_loss": 0.028273754008114337,
      "abs_loss": 0.027847638877574354,
      "rel_score": 0.015071048945877186
    },
    "val": {
      "mse": 0.00022924860240891576,
      "mae": 0.010760416276752949,
      "directional_accuracy": 0.4543010752688172,
      "base_loss": 0.019207569118589157,
      "abs_loss": 0.01920709395162703,
      "rel_score": 2.47385267335698e-05
    },
    "test": {
      "mse": 0.000480266084196046,
      "mae": 0.014904758892953396,
      "directional_accuracy": 0.44902634593356244,
      "base_loss": 0.0270085078664124,
      "abs_loss": 0.02716146851889789,
      "rel_score": -0.005663424771263026
    }
  },
  "lstm_seed_62": {
    "train": {
      "mse": 0.00045897881500422955,
      "mae": 0.014903930947184563,
      "directional_accuracy": 0.43246970026852455,
      "base_loss": 0.028273754008114337,
      "abs_loss": 0.02789429449476304,
      "rel_score": 0.013420910192625812
    },
    "val": {
      "mse": 0.00022523419465869665,
      "mae": 0.010702071711421013,
      "directional_accuracy": 0.45161290322580644,
      "base_loss": 0.019207569118589157,
      "abs_loss": 0.018866387422895058,
      "rel_score": 0.017762877415023914
    },
    "test": {
      "mse": 0.0004737523850053549,
      "mae": 0.01480092853307724,
      "directional_accuracy": 0.46048109965635736,
      "base_loss": 0.0270085078664124,
      "abs_loss": 0.026904231242951937,
      "rel_score": 0.003860880577935988
    }
  },
  "lstm_seed_99": {
    "train": {
      "mse": 0.00045425290591083467,
      "mae": 0.014814949594438076,
      "directional_accuracy": 0.4526453298497714,
      "base_loss": 0.028273754008114337,
      "abs_loss": 0.027299713366664948,
      "rel_score": 0.03445034717249951
    },
    "val": {
      "mse": 0.00022817059652879834,
      "mae": 0.010761071927845478,
      "directional_accuracy": 0.4388440860215054,
      "base_loss": 0.019207569118589157,
      "abs_loss": 0.019193969457410275,
      "rel_score": 0.0007080365607389227
    },
    "test": {
      "mse": 0.0004828979435842484,
      "mae": 0.014957929030060768,
      "directional_accuracy": 0.4495990836197022,
      "base_loss": 0.0270085078664124,
      "abs_loss": 0.027261613970040344,
      "rel_score": -0.009371347165116894
    }
  },
  "lstm_best_by_val": {
    "train": {
      "mse": 0.00045897881500422955,
      "mae": 0.014903930947184563,
      "directional_accuracy": 0.43246970026852455,
      "base_loss": 0.028273754008114337,
      "abs_loss": 0.02789429449476304,
      "rel_score": 0.013420910192625812
    },
    "val": {
      "mse": 0.00022523419465869665,
      "mae": 0.010702071711421013,
      "directional_accuracy": 0.45161290322580644,
      "base_loss": 0.019207569118589157,
      "abs_loss": 0.018866387422895058,
      "rel_score": 0.017762877415023914
    },
    "test": {
      "mse": 0.0004737523850053549,
      "mae": 0.01480092853307724,
      "directional_accuracy": 0.46048109965635736,
      "base_loss": 0.0270085078664124,
      "abs_loss": 0.026904231242951937,
      "rel_score": 0.003860880577935988
    }
  },
  "lstm_top2_by_val": {
    "train": {
      "mse": 0.00045599648728966713,
      "mae": 0.014860035851597786,
      "directional_accuracy": 0.43921910153131577,
      "base_loss": 0.028273754008114337,
      "abs_loss": 0.027917115783202464,
      "rel_score": 0.012613755669286797
    },
    "val": {
      "mse": 0.00022462777269538492,
      "mae": 0.010656890459358692,
      "directional_accuracy": 0.45631720430107525,
      "base_loss": 0.019207569118589157,
      "abs_loss": 0.01907072231988422,
      "rel_score": 0.007124628726312587
    },
    "test": {
      "mse": 0.0004708299820777029,
      "mae": 0.014705685898661613,