loss,magnitude_loss,sign_prob_loss,signed_prediction_loss,val_loss,val_magnitude_loss,val_sign_prob_loss,val_signed_prediction_loss,val_rel_score,learning_rate
0.10578731447458267,0.005613416433334351,0.7985086441040039,0.011550740338861942,0.10263684391975403,0.004426019266247749,0.7926030158996582,0.010440458543598652,0.008375034118738856,0.00019999999494757503
0.10470186173915863,0.004100047517567873,0.7953725457191467,0.011540769599378109,0.10197187960147858,0.003806052030995488,0.7903195023536682,0.010425891727209091,0.01289100827719214,0.00019999999494757503
0.1043291985988617,0.003967920783907175,0.794157862663269,0.011526481248438358,0.10171572118997574,0.0037756608799099922,0.7894006371498108,0.010418727993965149,0.013950788721474483,0.00019999999494757503
0.10407742857933044,0.003951997961848974,0.7929909229278564,0.011515257880091667,0.10156359523534775,0.003778597339987755,0.7888475060462952,0.010412701405584812,0.011787178929529962,0.00019999999494757503
0.10387621819972992,0.003943861462175846,0.7918481230735779,0.011505058966577053,0.10146121680736542,0.0037852362729609013,0.78843754529953,0.010407364927232265,0.009936819560960597,0.00019999999494757503
0.10367093980312347,0.003940245136618614,0.7904253602027893,0.011492766439914703,0.10142890363931656,0.0037931909319013357,0.7884576916694641,0.010404020547866821,0.009390384560134302,0.00019999999494757503
0.1035013198852539,0.003937591332942247,0.7890546917915344,0.011485080234706402,0.10145042836666107,0.0038069747388362885,0.7888398766517639,0.010401226580142975,0.012694952011567229,9.999999747378752e-05
0.10338784754276276,0.00393744045868516,0.7881808876991272,0.011474857106804848,0.10146751254796982,0.0038114869967103004,0.7890575528144836,0.010401091538369656,0.01283427079638566,9.999999747378752e-05
0.10331536084413528,0.003942865412682295,0.787634015083313,0.011466805823147297,0.10148429870605469,0.0038172148633748293,0.7892374396324158,0.010400969535112381,0.013437246650122803,9.999999747378752e-05
