features,feature_count,train_rel_score,val_rel_score,test_rel_score,train_mse,val_mse,test_mse,train_mae,val_mae,test_mae,train_abs_loss,val_abs_loss,test_abs_loss
"volatility_5,volatility_ratio",2,-0.005701328161119346,0.05043401664426006,0.0023791502056468294,0.00031392372329719365,0.00018790102330967784,0.0011246612994000316,0.011804234236478806,0.008733820170164108,0.024276578798890114,0.02174906071741134,0.01437765645532636,0.04983120194810908
"upper_shadow,atr_gap",2,-0.015793691547302258,0.03724555997576873,0.03221884393700847,0.0003117232699878514,0.00019627177971415222,0.0011492717312648892,0.01170602347701788,0.009048929437994957,0.024862859398126602,0.02195501237292774,0.014577346737496555,0.04834070803481154
"upper_shadow,volatility_ratio",2,-0.021717151859229844,0.036093667970341525,0.04884622014985629,0.0003118861059192568,0.00019159723888151348,0.0011447143042460084,0.011752313934266567,0.00894917082041502,0.024683546274900436,0.022095415159128606,0.014594787871465089,0.04751016991795041
"volatility_ratio,ma_cross_5_20",2,-0.009883521076656132,0.03224700172640382,0.007424154460985877,0.0003152867138851434,0.0001890619460027665,0.0011259564198553562,0.011798413470387459,0.008805902674794197,0.024365413933992386,0.021839503839146346,0.014653031370835387,0.049579203780740495
