expert_run,expert_model,market_run,market_model,method,code_count,overlap_codes,best_weight_expert,best_val_rel_score,best_test_rel_score,stable_weight_tolerance,stable_weight_min,stable_weight_max,stable_weight_count,stable_weight_center,stable_test_rel_score_mean,stable_test_rel_score_median,stable_test_rel_score_min,stable_test_rel_score_max
phase3_pair_frontier_20260409_135338,lstm_pair_frontier_122_72,biaspush_signmag_sector_base_20260409_111710,lstm_signmag_best_by_val,agree_only,4,"KDC,SAB,SBT,VNM",0.7,0.02370723563094801,0.043061097822427286,0.001,0.6,0.7,3,0.6499999999999999,0.04393809985059401,0.043853902023381575,0.043061097822427286,0.04489929970597317
phase3_pair_frontier_20260409_135338,lstm_pair_frontier_122_72,biaspush_signmag_sector_base_20260409_111710,lstm_signmag_ensemble,avg,4,"KDC,SAB,SBT,VNM",0.8,0.021948729249920973,0.03619446633297052,0.001,0.8,0.8,1,0.8,0.03619446633297052,0.03619446633297052,0.03619446633297052,0.03619446633297052
phase3_pair_frontier_20260409_135338,lstm_pair_frontier_122_72,biaspush_signmag_sector_base_20260409_111710,lstm_signmag_best_by_val,avg,4,"KDC,SAB,SBT,VNM",0.15,0.02194678679901041,0.03073529856053603,0.001,0.1,0.15,2,0.125,0.029866080047269483,0.029866080047269483,0.028996861534002938,0.03073529856053603
phase3_pair_frontier_20260409_135338,lstm_pair_frontier_122_72,biaspush_signmag_sector_base_20260409_111710,lstm_signmag_ensemble,agree_only,4,"KDC,SAB,SBT,VNM",0.9,0.02062274654944196,0.03926752363401598,0.001,0.6,0.95,6,0.7583333333333333,0.03900929065931619,0.03914634248922738,0.037806852565755666,0.03999778754808403
