{
  "lstm": {
    "train": {
      "mse": 0.0018963804468512535,
      "mae": 0.03017657995223999,
      "directional_accuracy": 0.5366433566433566,
      "base_loss": 0.05770384550000002,
      "abs_loss": 0.056865693935,
      "rel_score": 0.01452505561349482
    },
    "val": {
      "mse": 0.0011870196321979165,
      "mae": 0.024715667590498924,
      "directional_accuracy": 0.4637096774193548,
      "base_loss": 0.045005714599999996,
      "abs_loss": 0.045154933105,
      "rel_score": -0.0033155457329414606
    },
    "test": {
      "mse": 0.002383359707891941,
      "mae": 0.035720884799957275,
      "directional_accuracy": 0.4936708860759494,
      "base_loss": 0.0653212435,
      "abs_loss": 0.06520321730999999,
      "rel_score": 0.001806857672573381
    }
  },
  "linear_regression": {
    "train": {
      "mse": 0.0019074147567152977,
      "mae": 0.03097435273230076,
      "directional_accuracy": 0.49272727272727274,
      "base_loss": 0.05770384550000002,
      "abs_loss": 0.058047767099999995,
      "rel_score": -0.005960115777725372
    },
    "val": {
      "mse": 0.0012114126002416015,
      "mae": 0.025118790566921234,
      "directional_accuracy": 0.4603494623655914,
      "base_loss": 0.045005714599999996,
      "abs_loss": 0.045670763965,
      "rel_score": -0.01477699823035361
    },
    "test": {
      "mse": 0.0024987973738461733,
      "mae": 0.03685396537184715,
      "directional_accuracy": 0.4861910241657077,
      "base_loss": 0.0653212435,
      "abs_loss": 0.06693965494999998,
      "rel_score": -0.024776188622312123
    }
  },
  "arima": {
    "train": {
      "mse": 0.0019762697629630566,
      "mae": 0.031247876584529877,
      "directional_accuracy": 0.4815384615384615,
      "base_loss": 0.05770384550000002,
      "abs_loss": 0.05776801243000001,
      "rel_score": -0.0011120043983896544
    },
    "val": {
      "mse": 0.0011474168859422207,
      "mae": 0.024678517132997513,
      "directional_accuracy": 0.4549731182795699,
      "base_loss": 0.045005714599999996,
      "abs_loss": 0.045289296405,
      "rel_score": -0.006301017715648172
    },
    "test": {
      "mse": 0.0024203278589993715,
      "mae": 0.03608386591076851,
      "directional_accuracy": 0.4562715765247411,
      "base_loss": 0.0653212435,
      "abs_loss": 0.06644516284999999,
      "rel_score": -0.01720603114360464
    }
  }
}