{
  "linear_regression": {
    "threshold": 0.0025,
    "holding_period": 3,
    "trade_count": 406,
    "coverage": 0.232,
    "directional_accuracy": 0.5591133004926109,
    "avg_actual_return": 0.004763892054433498,
    "avg_strategy_return": 0.004763892054433498,
    "cumulative_strategy_return": 1.9341401741000002,
    "final_equity": 4.2795139347000495,
    "sampled_buy_hold_equity": 4.2795139347000495
  },
  "lstm": {
    "threshold": 0.01,
    "holding_period": 3,
    "trade_count": 192,
    "coverage": 0.10971428571428571,
    "directional_accuracy": 0.6041666666666666,
    "avg_actual_return": 0.008512098503645834,
    "avg_strategy_return": 0.008512098503645834,
    "cumulative_strategy_return": 1.6343229127,
    "final_equity": 3.980744984850219,
    "sampled_buy_hold_equity": 3.980744984850219
  },
  "arima": {
    "threshold": 0.01,
    "holding_period": 3,
    "trade_count": 8,
    "coverage": 0.004571428571428572,
    "directional_accuracy": 0.625,
    "avg_actual_return": 0.0297890543125,
    "avg_strategy_return": 0.0297890543125,
    "cumulative_strategy_return": 0.2383124345,
    "final_equity": 1.2531297214375405,
    "sampled_buy_hold_equity": 1.2531297214375405
  }
}