{
  "arima": {
    "threshold": 0.0,
    "holding_period": 1,
    "uncertainty_model": null,
    "uncertainty_quantile": null,
    "max_uncertainty": null,
    "uncertainty_side": null,
    "trade_count": 1227,
    "coverage": 0.7137870855148342,
    "directional_accuracy": 0.6079869600651997,
    "avg_actual_return": 0.0030489202059494703,
    "avg_strategy_return": 0.0030489202059494703,
    "cumulative_strategy_return": 3.7410250927,
    "final_equity": 29.058026545107403,
    "sampled_buy_hold_equity": 29.058026545107403
  },
  "lstm": {
    "threshold": 0.0,
    "holding_period": 1,
    "uncertainty_model": null,
    "uncertainty_quantile": null,
    "max_uncertainty": null,
    "uncertainty_side": null,
    "trade_count": 1495,
    "coverage": 0.8696916812100058,
    "directional_accuracy": 0.6060200668896321,
    "avg_actual_return": 0.0019472840657525083,
    "avg_strategy_return": 0.0019472840657525083,
    "cumulative_strategy_return": 2.9111896783,
    "final_equity": 11.054409987959858,
    "sampled_buy_hold_equity": 11.054409987959858
  },
  "lstm_seed_42": {
    "threshold": 0.0,
    "holding_period": 1,
    "uncertainty_model": null,
    "uncertainty_quantile": null,
    "max_uncertainty": null,
    "uncertainty_side": null,
    "trade_count": 1495,
    "coverage": 0.8696916812100058,
    "directional_accuracy": 0.6060200668896321,
    "avg_actual_return": 0.0019472840657525083,
    "avg_strategy_return": 0.0019472840657525083,
    "cumulative_strategy_return": 2.9111896783,
    "final_equity": 11.054409987959858,
    "sampled_buy_hold_equity": 11.054409987959858
  },
  "linear_regression": {
    "threshold": 0.0,
    "holding_period": 1,
    "uncertainty_model": null,
    "uncertainty_quantile": null,
    "max_uncertainty": null,
    "uncertainty_side": null,
    "trade_count": 983,
    "coverage": 0.5718440954043048,
    "directional_accuracy": 0.5971515768056969,
    "avg_actual_return": 0.0024387098246185152,
    "avg_strategy_return": 0.0024387098246185152,
    "cumulative_strategy_return": 2.3972517576000003,
    "final_equity": 8.005533021693815,
    "sampled_buy_hold_equity": 8.005533021693815
  },
  "lstm_ensemble": {
    "threshold": 0.0,
    "holding_period": 1,
    "uncertainty_model": null,
    "uncertainty_quantile": null,
    "max_uncertainty": null,
    "uncertainty_side": null,
    "trade_count": 987,
    "coverage": 0.5741710296684118,
    "directional_accuracy": 0.6433637284701115,
    "avg_actual_return": 0.0024007989971631207,
    "avg_strategy_return": 0.0024007989971631207,
    "cumulative_strategy_return": 2.3695886102,
    "final_equity": 7.362548286765047,
    "sampled_buy_hold_equity": 7.362548286765047
  },
  "lstm_signmag_ensemble": {
    "threshold": 0.0,
    "holding_period": 1,
    "uncertainty_model": null,
    "uncertainty_quantile": null,
    "max_uncertainty": null,
    "uncertainty_side": null,
    "trade_count": 1010,
    "coverage": 0.5875509016870274,
    "directional_accuracy": 0.6366336633663366,
    "avg_actual_return": 0.002224580896237624,
    "avg_strategy_return": 0.002224580896237624,
    "cumulative_strategy_return": 2.2468267052,
    "final_equity": 6.41574470208031,
    "sampled_buy_hold_equity": 6.41574470208031
  },
  "lstm_signmag": {
    "threshold": 0.0,
    "holding_period": 1,
    "uncertainty_model": null,
    "uncertainty_quantile": null,
    "max_uncertainty": null,
    "uncertainty_side": null,
    "trade_count": 1062,
    "coverage": 0.6178010471204188,
    "directional_accuracy": 0.615819209039548,
    "avg_actual_return": 0.0018740233044821093,
    "avg_strategy_return": 0.0018740233044821093,
    "cumulative_strategy_return": 1.9902127493600001,
    "final_equity": 5.3794164492238545,
    "sampled_buy_hold_equity": 5.3794164492238545
  },
  "lstm_signmag_seed_42": {
    "threshold": 0.0,
    "holding_period": 1,
    "uncertainty_model": null,
    "uncertainty_quantile": null,
    "max_uncertainty": null,
    "uncertainty_side": null,
    "trade_count": 1062,
    "coverage": 0.6178010471204188,
    "directional_accuracy": 0.615819209039548,
    "avg_actual_return": 0.0018740233044821093,
    "avg_strategy_return": 0.0018740233044821093,
    "cumulative_strategy_return": 1.9902127493600001,
    "final_equity": 5.3794164492238545,
    "sampled_buy_hold_equity": 5.3794164492238545
  },
  "lstm_seed_52": {
    "threshold": 0.0,
    "holding_period": 1,
    "uncertainty_model": null,
    "uncertainty_quantile": null,
    "max_uncertainty": null,
    "uncertainty_side": null,
    "trade_count": 836,
    "coverage": 0.48632926119837117,
    "directional_accuracy": 0.6411483253588517,
    "avg_actual_return": 0.002415924029545454,
    "avg_strategy_return": 0.002415924029545454,
    "cumulative_strategy_return": 2.0197124886999998,
    "final_equity": 5.372268351952197,
    "sampled_buy_hold_equity": 5.372268351952197
  },
  "lstm_top2_by_val": {
    "threshold": 0.0,
    "holding_period": 1,
    "uncertainty_model": null,
    "uncertainty_quantile": null,
    "max_uncertainty": null,
    "uncertainty_side": null,
    "trade_count": 758,
    "coverage": 0.4409540430482839,
    "directional_accuracy": 0.6464379947229552,
    "avg_actual_return": 0.0024904418023746705,
    "avg_strategy_return": 0.0024904418023746705,
    "cumulative_strategy_return": 1.8877548862000002,
    "final_equity": 4.881795286250098,
    "sampled_buy_hold_equity": 4.881795286250098
  },
  "lstm_best_by_val": {
    "threshold": 0.0,
    "holding_period": 1,
    "uncertainty_model": null,
    "uncertainty_quantile": null,
    "max_uncertainty": null,
    "uncertainty_side": null,
    "trade_count": 658,
    "coverage": 0.3827806864456079,
    "directional_accuracy": 0.6565349544072948,
    "avg_actual_return": 0.0027222077908206684,
    "avg_strategy_return": 0.0027222077908206684,
    "cumulative_strategy_return": 1.79121272636,
    "final_equity": 4.708901465255119,
    "sampled_buy_hold_equity": 4.708901465255119
  },
  "lstm_seed_62": {
    "threshold": 0.0,
    "holding_period": 1,
    "uncertainty_model": null,
    "uncertainty_quantile": null,
    "max_uncertainty": null,
    "uncertainty_side": null,
    "trade_count": 658,
    "coverage": 0.3827806864456079,
    "directional_accuracy": 0.6565349544072948,
    "avg_actual_return": 0.0027222077908206684,
    "avg_strategy_return": 0.0027222077908206684,
    "cumulative_strategy_return": 1.79121272636,
    "final_equity": 4.708901465255119,
    "sampled_buy_hold_equity": 4.708901465255119
  },
  "lstm_signmag_seed_62": {
    "threshold": 0.0,
    "holding_period": 1,
    "uncertainty_model": null,
    "uncertainty_quantile": null,
    "max_uncertainty": null,
    "uncertainty_side": null,
    "trade_count": 547,
    "coverage": 0.3182082606166376,
    "directional_accuracy": 0.680073126142596,
    "avg_actual_return": 0.0028212469549542965,
    "avg_strategy_return": 0.0028212469549542965,
    "cumulative_strategy_return": 1.5432220843600002,
    "final_equity": 4.02450672197649,
    "sampled_buy_hold_equity": 4.02450672197649
  },
  "lstm_signmag_top2_by_val": {
    "threshold": 0.0,
    "holding_period": 1,
    "uncertainty_model": null,
    "uncertainty_quantile": null,
    "max_uncertainty": null,
    "uncertainty_side": null,
    "trade_count": 970,
    "coverage": 0.564281559045957,
    "directional_accuracy": 0.6319587628865979,
    "avg_actual_return": 0.0017506875490721648,
    "avg_strategy_return": 0.0017506875490721648,
    "cumulative_strategy_return": 1.6981669225999998,
    "final_equity": 3.745356270702211,
    "sampled_buy_hold_equity": 3.745356270702211
  },
  "lstm_signmag_best_by_val": {
    "threshold": 0.0,
    "holding_period": 1,
    "uncertainty_model": null,
    "uncertainty_quantile": null,
    "max_uncertainty": null,
    "uncertainty_side": null,
    "trade_count": 1131,
    "coverage": 0.6579406631762653,
    "directional_accuracy": 0.5932802829354553,
    "avg_actual_return": 0.0011794306859416444,