{
  "lstm_signmag_top2_by_val": {
    "threshold": 0.0,
    "holding_period": 1,
    "trade_count": 816,
    "coverage": 0.7145359019264448,
    "directional_accuracy": 0.6139705882352942,
    "avg_actual_return": 0.002019921254044118,
    "avg_strategy_return": 0.002019921254044118,
    "cumulative_strategy_return": 1.6482557433,
    "final_equity": 3.8953817311447954,
    "sampled_buy_hold_equity": 3.8953817311447954
  },
  "lstm_signmag_seed_62": {
    "threshold": 0.0,
    "holding_period": 1,
    "trade_count": 803,
    "coverage": 0.7031523642732049,
    "directional_accuracy": 0.6189290161892902,
    "avg_actual_return": 0.0018435389856288917,
    "avg_strategy_return": 0.0018435389856288917,
    "cumulative_strategy_return": 1.48036180546,
    "final_equity": 3.321055914958939,
    "sampled_buy_hold_equity": 3.321055914958939
  },
  "lstm_signmag_ensemble": {
    "threshold": 0.0,
    "holding_period": 1,
    "trade_count": 797,
    "coverage": 0.6978984238178634,
    "directional_accuracy": 0.6185696361355082,
    "avg_actual_return": 0.0015066860823086576,
    "avg_strategy_return": 0.0015066860823086576,
    "cumulative_strategy_return": 1.2008288076000002,
    "final_equity": 2.560453788941843,
    "sampled_buy_hold_equity": 2.560453788941843
  },
  "arima": {
    "threshold": 0.0025,
    "holding_period": 1,
    "trade_count": 98,
    "coverage": 0.08581436077057793,
    "directional_accuracy": 0.6326530612244898,
    "avg_actual_return": 0.0063898699932653045,
    "avg_strategy_return": 0.0063898699932653045,
    "cumulative_strategy_return": 0.6262072593399999,
    "final_equity": 1.769061898276099,
    "sampled_buy_hold_equity": 1.769061898276099
  },
  "lstm_signmag": {
    "threshold": 0.0,
    "holding_period": 1,
    "trade_count": 666,
    "coverage": 0.5831873905429071,
    "directional_accuracy": 0.6021021021021021,
    "avg_actual_return": 0.0011623142984984987,
    "avg_strategy_return": 0.0011623142984984987,
    "cumulative_strategy_return": 0.7741013228000001,
    "final_equity": 1.7134068618711578,
    "sampled_buy_hold_equity": 1.7134068618711578
  },
  "lstm_signmag_best_by_val": {
    "threshold": 0.0,
    "holding_period": 1,
    "trade_count": 666,
    "coverage": 0.5831873905429071,
    "directional_accuracy": 0.6021021021021021,
    "avg_actual_return": 0.0011623142984984987,
    "avg_strategy_return": 0.0011623142984984987,
    "cumulative_strategy_return": 0.7741013228000001,
    "final_equity": 1.7134068618711578,
    "sampled_buy_hold_equity": 1.7134068618711578
  },
  "lstm_signmag_seed_42": {
    "threshold": 0.0,
    "holding_period": 1,
    "trade_count": 666,
    "coverage": 0.5831873905429071,
    "directional_accuracy": 0.6021021021021021,
    "avg_actual_return": 0.0011623142984984987,
    "avg_strategy_return": 0.0011623142984984987,
    "cumulative_strategy_return": 0.7741013228000001,
    "final_equity": 1.7134068618711578,
    "sampled_buy_hold_equity": 1.7134068618711578
  },
  "lstm_seed_52": {
    "threshold": 0.01,
    "holding_period": 1,
    "trade_count": 28,
    "coverage": 0.024518388791593695,
    "directional_accuracy": 0.6785714285714286,
    "avg_actual_return": 0.017389526414285716,
    "avg_strategy_return": 0.017389526414285716,
    "cumulative_strategy_return": 0.4869067396,
    "final_equity": 1.58636835518431,
    "sampled_buy_hold_equity": 1.58636835518431
  },
  "lstm_ensemble": {
    "threshold": 0.0,
    "holding_period": 1,
    "trade_count": 856,
    "coverage": 0.7495621716287215,
    "directional_accuracy": 0.6063084112149533,
    "avg_actual_return": 0.0008160311321962619,
    "avg_strategy_return": 0.0008160311321962619,
    "cumulative_strategy_return": 0.6985226491600002,
    "final_equity": 1.5147762919687886,
    "sampled_buy_hold_equity": 1.5147762919687886
  },
  "linear_regression": {
    "threshold": 0.0,
    "holding_period": 1,
    "trade_count": 732,
    "coverage": 0.6409807355516638,
    "directional_accuracy": 0.6065573770491803,
    "avg_actual_return": 0.000880659118442623,
    "avg_strategy_return": 0.000880659118442623,
    "cumulative_strategy_return": 0.6446424747,
    "final_equity": 1.5049137713856269,
    "sampled_buy_hold_equity": 1.5049137713856269
  },
  "lstm_top2_by_val": {
    "threshold": 0.0025,
    "holding_period": 1,
    "trade_count": 136,
    "coverage": 0.1190893169877408,
    "directional_accuracy": 0.5294117647058824,
    "avg_actual_return": 0.003232273353676471,
    "avg_strategy_return": 0.003232273353676471,
    "cumulative_strategy_return": 0.43958917610000003,
    "final_equity": 1.4455564341055553,
    "sampled_buy_hold_equity": 1.4455564341055553
  },
  "lstm_best_by_val": {
    "threshold": 0.0025,
    "holding_period": 1,
    "trade_count": 187,
    "coverage": 0.1637478108581436,
    "directional_accuracy": 0.5454545454545454,
    "avg_actual_return": 0.00246819838342246,
    "avg_strategy_return": 0.00246819838342246,
    "cumulative_strategy_return": 0.4615530977,
    "final_equity": 1.436073959440848,
    "sampled_buy_hold_equity": 1.436073959440848
  },
  "lstm_seed_62": {
    "threshold": 0.0025,
    "holding_period": 1,
    "trade_count": 187,
    "coverage": 0.1637478108581436,
    "directional_accuracy": 0.5454545454545454,
    "avg_actual_return": 0.00246819838342246,
    "avg_strategy_return": 0.00246819838342246,
    "cumulative_strategy_return": 0.4615530977,
    "final_equity": 1.436073959440848,
    "sampled_buy_hold_equity": 1.436073959440848
  },
  "lstm": {
    "threshold": 0.0,
    "holding_period": 1,
    "trade_count": 680,
    "coverage": 0.5954465849387041,
    "directional_accuracy": 0.6102941176470589,
    "avg_actual_return": 0.0006731935399411766,
    "avg_strategy_return": 0.0006731935399411766,
    "cumulative_strategy_return": 0.4577716071600001,
    "final_equity": 1.277738007657682,
    "sampled_buy_hold_equity": 1.277738007657682
  },
  "lstm_seed_42": {
    "threshold": 0.0,
    "holding_period": 1,
    "trade_count": 680,
    "coverage": 0.5954465849387041,
    "directional_accuracy": 0.6102941176470589,
    "avg_actual_return": 0.0006731935399411766,
    "avg_strategy_return": 0.0006731935399411766,
    "cumulative_strategy_return": 0.4577716071600001,
    "final_equity": 1.277738007657682,
    "sampled_buy_hold_equity": 1.277738007657682
  },
  "lstm_signmag_seed_52": {
    "threshold": 0.005,
    "holding_period": 1,
    "trade_count": 3,
    "coverage": 0.002626970227670753,
    "directional_accuracy": 1.0,
    "avg_actual_return": 0.06297475166666668,
    "avg_strategy_return": 0.06297475166666668,
    "cumulative_strategy_return": 0.188924255,
    "final_equity": 1.200969864552071,
    "sampled_buy_hold_equity": 1.200969864552071
  }
}