{
  "lstm_top2_by_val": {
    "threshold": 0.0,
    "holding_period": 1,
    "uncertainty_model": null,
    "uncertainty_quantile": null,
    "max_uncertainty": null,
    "uncertainty_side": null,
    "trade_count": 337,
    "coverage": 0.2892703862660944,
    "directional_accuracy": 0.6528189910979229,
    "avg_actual_return": 0.0026938866994065287,
    "avg_strategy_return": 0.0026938866994065287,
    "cumulative_strategy_return": 0.9078398177000001,
    "final_equity": 2.341129825698889,
    "sampled_buy_hold_equity": 2.341129825698889
  },
  "lstm_best_by_val": {
    "threshold": 0.0,
    "holding_period": 1,
    "uncertainty_model": null,
    "uncertainty_quantile": null,
    "max_uncertainty": null,
    "uncertainty_side": null,
    "trade_count": 458,
    "coverage": 0.3931330472103004,
    "directional_accuracy": 0.6179039301310044,
    "avg_actual_return": 0.0014368656176855896,
    "avg_strategy_return": 0.0014368656176855896,
    "cumulative_strategy_return": 0.6580844529000001,
    "final_equity": 1.8025466862075616,
    "sampled_buy_hold_equity": 1.8025466862075616
  },
  "lstm_ensemble": {
    "threshold": 0.0,
    "holding_period": 1,
    "uncertainty_model": null,
    "uncertainty_quantile": null,
    "max_uncertainty": null,
    "uncertainty_side": null,
    "trade_count": 349,
    "coverage": 0.2995708154506438,
    "directional_accuracy": 0.6389684813753582,
    "avg_actual_return": 0.0015408715249283667,
    "avg_strategy_return": 0.0015408715249283667,
    "cumulative_strategy_return": 0.5377641622,
    "final_equity": 1.600373838946173,
    "sampled_buy_hold_equity": 1.600373838946173
  }
}