split,mae,rmse,mape_pct
train,337.9097595214844,659.8593139648438,1.6350023746490479
val,476.91632080078125,872.0757446289062,1.2550629377365112
test,733.151611328125,1326.6322021484375,1.70803701877594
