split,mae,rmse,mape_pct
train,357.2948303222656,667.6347045898438,1.9272525310516357
val,494.606201171875,885.589599609375,1.3159515857696533
test,752.8983764648438,1339.3656005859375,1.790173888206482
