variant,seed,split,rel_score,rel_score_vol_clipped,median_abs_error,q90_abs_error,daily_q90_p90,daily_q90_max,daily_q90_clipped_p90,daily_q90_clipped_max,directional_accuracy,spike_days_ge_5pct,spike_days_ge_8pct,spike_days_clipped_ge_8pct,mean_sigma,median_sigma,pred_actual_q90_ratio,mean_risk,static_error_label_rate_train,static_error_label_rate_val
stage1_hetero,43,train,0.020331612084414807,0.020331612084414807,0.009590482339262962,0.03501633182168007,0.047764297835528866,0.08251670300960542,0.047764297835528866,0.08251670300960542,0.47779672519097255,148,2,2,0.020993858575820923,0.019647816196084023,0.15063060820102692,,,
stage1_hetero,43,val,0.019603130686455694,0.019603130686455694,0.01249893568456173,0.04890599474310875,0.06445666760206223,0.11692428961396217,0.06445666760206223,0.11692428961396217,0.5054181487302506,163,13,13,0.024399731308221817,0.022910188883543015,0.15246358513832092,,,
stage2_static_error_riskaux,43,train,0.03196632213911277,0.03196632213911277,0.009624759666621685,0.034304119646549225,0.04666355926543475,0.08871450424194337,0.04666355926543475,0.08871450424194337,0.48727139849310064,120,1,1,0.021130651235580444,0.019576765596866608,0.20914988219738007,0.43581682443618774,0.10012354701757431,0.16883116960525513
stage2_static_error_riskaux,43,val,0.028764246669274574,0.028764246669274574,0.012663129717111588,0.04788702726364136,0.0632068172097206,0.11735066026449203,0.0632068172097206,0.11735066026449203,0.5076515840847051,160,10,10,0.025305354967713356,0.023978257551789284,0.22902309894561768,0.5336175560951233,0.10012354701757431,0.16883116960525513
