loss,val_loss,val_rel_score
0.001255504204891622,0.00031056214356794953,-0.012590903295139233
0.00033870391780510545,0.0002169982617488131,-0.034178196402064875
