{
  "lstm": {
    "train": {
      "base_loss": 0.057803232222795486,
      "abs_loss": 0.05877504020463675,
      "rel_score": -0.016812346723026783,
      "directional_accuracy": 0.47406439185470556,
      "error_len": 14536,
      "base_len": 14536
    },
    "val": {
      "base_loss": 0.044775551743805396,
      "abs_loss": 0.045339316385798155,
      "rel_score": -0.012590903295139233,
      "directional_accuracy": 0.48531375166889185,
      "error_len": 1498,
      "base_len": 1498
    },
    "test": {
      "base_loss": 0.06549255177378654,
      "abs_loss": 0.0662471496500075,
      "rel_score": -0.011521888455764628,
      "directional_accuracy": 0.4802414928649835,
      "error_len": 1822,
      "base_len": 1822
    }
  },
  "linear_regression": {
    "train": {
      "base_loss": 0.057803232222795486,
      "abs_loss": 0.05834269378101453,
      "rel_score": -0.009332723058457226,
      "directional_accuracy": 0.4844523940561365,
      "error_len": 14536,
      "base_len": 14536
    },
    "val": {
      "base_loss": 0.044775551743805396,
      "abs_loss": 0.04564895068760961,
      "rel_score": -0.01950615703859082,
      "directional_accuracy": 0.4712950600801068,
      "error_len": 1498,
      "base_len": 1498
    },
    "test": {
      "base_loss": 0.06549255177378654,
      "abs_loss": 0.06637392240809278,
      "rel_score": -0.013457570524210594,
      "directional_accuracy": 0.49121844127332603,
      "error_len": 1822,
      "base_len": 1822
    }
  }
}