{
  "lstm": {
    "train": {
      "mse": 0.0020691745448857546,
      "mae": 0.031656693667173386,
      "directional_accuracy": 0.47406439185470556,
      "base_loss": 0.057803232222795486,
      "abs_loss": 0.05877504020463675,
      "rel_score": -0.016812346723026783
    },
    "val": {
      "mse": 0.0011474258499220014,
      "mae": 0.02465365268290043,
      "directional_accuracy": 0.48531375166889185,
      "base_loss": 0.044775551743805396,
      "abs_loss": 0.045339316385798155,
      "rel_score": -0.012590903295139233
    },
    "test": {
      "mse": 0.0024310119915753603,
      "mae": 0.03608020022511482,
      "directional_accuracy": 0.4802414928649835,
      "base_loss": 0.06549255177378654,
      "abs_loss": 0.0662471496500075,
      "rel_score": -0.011521888455764628
    }
  },
  "linear_regression": {
    "train": {
      "mse": 0.0019653900526463985,
      "mae": 0.03131496161222458,
      "directional_accuracy": 0.4844523940561365,
      "base_loss": 0.057803232222795486,
      "abs_loss": 0.05834269378101453,
      "rel_score": -0.009332723058457226
    },
    "val": {
      "mse": 0.0011771852150559425,
      "mae": 0.024985231459140778,
      "directional_accuracy": 0.4712950600801068,
      "base_loss": 0.044775551743805396,
      "abs_loss": 0.04564895068760961,
      "rel_score": -0.01950615703859082
    },
    "test": {
      "mse": 0.0024974795524030924,
      "mae": 0.036596573889255524,
      "directional_accuracy": 0.49121844127332603,
      "base_loss": 0.06549255177378654,
      "abs_loss": 0.06637392240809278,
      "rel_score": -0.013457570524210594
    }
  }
}