{
  "linear_regression": {
    "threshold": 0.0025,
    "holding_period": 3,
    "trade_count": 429,
    "coverage": 0.23519736842105263,
    "directional_accuracy": 0.5454545454545454,
    "avg_actual_return": 0.006469556915151515,
    "avg_strategy_return": 0.006469556915151515,
    "cumulative_strategy_return": 2.7754399166,
    "final_equity": 9.988176158710976,
    "sampled_buy_hold_equity": 9.988176158710976
  },
  "lstm": {
    "threshold": 0.0025,
    "holding_period": 3,
    "trade_count": 204,
    "coverage": 0.1118421052631579,
    "directional_accuracy": 0.5686274509803921,
    "avg_actual_return": 0.0105555514495098,
    "avg_strategy_return": 0.0105555514495098,
    "cumulative_strategy_return": 2.1533324956999995,
    "final_equity": 6.431696335723724,
    "sampled_buy_hold_equity": 6.431696335723724
  }
}