{
  "lstm_seed_99": {
    "threshold": 0.0,
    "holding_period": 1,
    "uncertainty_model": null,
    "uncertainty_quantile": null,
    "max_uncertainty": null,
    "uncertainty_side": null,
    "trade_count": 487,
    "coverage": 0.39983579638752054,
    "directional_accuracy": 0.6386036960985626,
    "avg_actual_return": 0.0029023142696098566,
    "avg_strategy_return": 0.0029023142696098566,
    "cumulative_strategy_return": 1.4134270493,
    "final_equity": 3.6749224280292045,
    "sampled_buy_hold_equity": 3.6749224280292045
  },
  "arima": {
    "threshold": 0.0,
    "holding_period": 1,
    "uncertainty_model": null,
    "uncertainty_quantile": null,
    "max_uncertainty": null,
    "uncertainty_side": null,
    "trade_count": 862,
    "coverage": 0.7077175697865353,
    "directional_accuracy": 0.5522041763341067,
    "avg_actual_return": 0.001330171511716937,
    "avg_strategy_return": 0.001330171511716937,
    "cumulative_strategy_return": 1.1466078430999997,
    "final_equity": 2.665275475859351,
    "sampled_buy_hold_equity": 2.665275475859351
  },
  "lstm_ensemble": {
    "threshold": 0.0025,
    "holding_period": 1,
    "uncertainty_model": null,
    "uncertainty_quantile": null,
    "max_uncertainty": null,
    "uncertainty_side": null,
    "trade_count": 129,
    "coverage": 0.10591133004926108,
    "directional_accuracy": 0.6511627906976745,
    "avg_actual_return": 0.007781071944961241,
    "avg_strategy_return": 0.007781071944961241,
    "cumulative_strategy_return": 1.0037582809,
    "final_equity": 2.55871541427721,
    "sampled_buy_hold_equity": 2.55871541427721
  },
  "lstm": {
    "threshold": 0.0,
    "holding_period": 1,
    "uncertainty_model": null,
    "uncertainty_quantile": null,
    "max_uncertainty": null,
    "uncertainty_side": null,
    "trade_count": 575,
    "coverage": 0.4720853858784893,
    "directional_accuracy": 0.5843478260869566,
    "avg_actual_return": 0.0018296432690434782,
    "avg_strategy_return": 0.0018296432690434782,
    "cumulative_strategy_return": 1.0520448797,
    "final_equity": 2.4784325093654203,
    "sampled_buy_hold_equity": 2.4784325093654203
  },
  "lstm_seed_42": {
    "threshold": 0.0,
    "holding_period": 1,
    "uncertainty_model": null,
    "uncertainty_quantile": null,
    "max_uncertainty": null,
    "uncertainty_side": null,
    "trade_count": 575,
    "coverage": 0.4720853858784893,
    "directional_accuracy": 0.5843478260869566,
    "avg_actual_return": 0.0018296432690434782,
    "avg_strategy_return": 0.0018296432690434782,
    "cumulative_strategy_return": 1.0520448797,
    "final_equity": 2.4784325093654203,
    "sampled_buy_hold_equity": 2.4784325093654203
  },
  "lstm_top2_by_val": {
    "threshold": 0.0,
    "holding_period": 1,
    "uncertainty_model": null,
    "uncertainty_quantile": null,
    "max_uncertainty": null,
    "uncertainty_side": null,
    "trade_count": 587,
    "coverage": 0.4819376026272578,
    "directional_accuracy": 0.5809199318568995,
    "avg_actual_return": 0.0017649995942078365,
    "avg_strategy_return": 0.0017649995942078365,
    "cumulative_strategy_return": 1.0360547618,
    "final_equity": 2.388939921687243,
    "sampled_buy_hold_equity": 2.388939921687243
  },
  "lstm_signmag": {
    "threshold": 0.0,
    "holding_period": 1,
    "uncertainty_model": null,
    "uncertainty_quantile": null,
    "max_uncertainty": null,
    "uncertainty_side": null,
    "trade_count": 593,
    "coverage": 0.48686371100164205,
    "directional_accuracy": 0.596964586846543,
    "avg_actual_return": 0.0016350217266441823,
    "avg_strategy_return": 0.0016350217266441823,
    "cumulative_strategy_return": 0.9695678839,
    "final_equity": 2.299437943884598,
    "sampled_buy_hold_equity": 2.299437943884598
  },
  "lstm_signmag_seed_42": {
    "threshold": 0.0,
    "holding_period": 1,
    "uncertainty_model": null,
    "uncertainty_quantile": null,
    "max_uncertainty": null,
    "uncertainty_side": null,
    "trade_count": 593,
    "coverage": 0.48686371100164205,
    "directional_accuracy": 0.596964586846543,
    "avg_actual_return": 0.0016350217266441823,
    "avg_strategy_return": 0.0016350217266441823,
    "cumulative_strategy_return": 0.9695678839,
    "final_equity": 2.299437943884598,
    "sampled_buy_hold_equity": 2.299437943884598
  },
  "lstm_signmag_best_by_val": {
    "threshold": 0.0025,
    "holding_period": 1,
    "uncertainty_model": null,
    "uncertainty_quantile": null,
    "max_uncertainty": null,
    "uncertainty_side": null,
    "trade_count": 141,
    "coverage": 0.11576354679802955,
    "directional_accuracy": 0.6170212765957447,
    "avg_actual_return": 0.005735083098581561,
    "avg_strategy_return": 0.005735083098581561,
    "cumulative_strategy_return": 0.8086467169,
    "final_equity": 2.1017698973992482,
    "sampled_buy_hold_equity": 2.1017698973992482
  },
  "lstm_signmag_seed_99": {
    "threshold": 0.0025,
    "holding_period": 1,
    "uncertainty_model": null,
    "uncertainty_quantile": null,
    "max_uncertainty": null,
    "uncertainty_side": null,
    "trade_count": 141,
    "coverage": 0.11576354679802955,
    "directional_accuracy": 0.6170212765957447,
    "avg_actual_return": 0.005735083098581561,
    "avg_strategy_return": 0.005735083098581561,
    "cumulative_strategy_return": 0.8086467169,
    "final_equity": 2.1017698973992482,
    "sampled_buy_hold_equity": 2.1017698973992482
  },
  "lstm_signmag_top2_by_val": {
    "threshold": 0.0,
    "holding_period": 1,
    "uncertainty_model": null,
    "uncertainty_quantile": null,
    "max_uncertainty": null,
    "uncertainty_side": null,
    "trade_count": 586,
    "coverage": 0.48111658456486045,
    "directional_accuracy": 0.5819112627986348,
    "avg_actual_return": 0.0015244424802047783,
    "avg_strategy_return": 0.0015244424802047783,
    "cumulative_strategy_return": 0.8933232934,
    "final_equity": 2.0734351447186983,
    "sampled_buy_hold_equity": 2.0734351447186983
  },
  "lstm_best_by_val": {
    "threshold": 0.0,
    "holding_period": 1,
    "uncertainty_model": null,
    "uncertainty_quantile": null,
    "max_uncertainty": null,
    "uncertainty_side": null,
    "trade_count": 689,
    "coverage": 0.5656814449917899,
    "directional_accuracy": 0.555878084179971,
    "avg_actual_return": 0.001279758254862119,
    "avg_strategy_return": 0.001279758254862119,
    "cumulative_strategy_return": 0.8817534376,
    "final_equity": 2.0062385024773537,
    "sampled_buy_hold_equity": 2.0062385024773537
  },
  "lstm_seed_62": {
    "threshold": 0.0,
    "holding_period": 1,
    "uncertainty_model": null,
    "uncertainty_quantile": null,
    "max_uncertainty": null,
    "uncertainty_side": null,
    "trade_count": 689,
    "coverage": 0.5656814449917899,
    "directional_accuracy": 0.555878084179971,
    "avg_actual_return": 0.001279758254862119,
    "avg_strategy_return": 0.001279758254862119,
    "cumulative_strategy_return": 0.8817534376,
    "final_equity": 2.0062385024773537,
    "sampled_buy_hold_equity": 2.0062385024773537
  },
  "linear_regression": {
    "threshold": 0.0,
    "holding_period": 1,
    "uncertainty_model": null,
    "uncertainty_quantile": null,
    "max_uncertainty": null,
    "uncertainty_side": null,
    "trade_count": 649,
    "coverage": 0.5328407224958949,
    "directional_accuracy": 0.5454545454545454,
    "avg_actual_return": 0.001251011185670262,
    "avg_strategy_return": 0.001251011185670262,
    "cumulative_strategy_return": 0.8119062595000001,
    "final_equity": 1.9865306082965168,
    "sampled_buy_hold_equity": 1.9865306082965168
  },
  "lstm_seed_52": {
    "threshold": 0.005,
    "holding_period": 1,
    "uncertainty_model": null,
    "uncertainty_quantile": null,
    "max_uncertainty": null,
    "uncertainty_side": null,
    "trade_count": 219,
    "coverage": 0.17980295566502463,
    "directional_accuracy": 0.5844748858447488,
    "avg_actual_return": 0.003159760703196347,
    "avg_strategy_return": 0.003159760703196347,