{
  "lstm": {
    "train": {
      "mse": 0.0003590950509533286,
      "mae": 0.012360203079879284,
      "directional_accuracy": 0.4561961427985228,
      "base_loss": 0.022733346093446016,
      "abs_loss": 0.022862284103757704,
      "rel_score": -0.005671756800854855
    },
    "val": {
      "mse": 0.00016821060853544623,
      "mae": 0.00859387032687664,
      "directional_accuracy": 0.44388270980788674,
      "base_loss": 0.015147859044373038,
      "abs_loss": 0.01573971791658551,
      "rel_score": -0.039072113787085305
    },
    "test": {
      "mse": 0.00023759255418553948,
      "mae": 0.009515582583844662,
      "directional_accuracy": 0.4580812445980985,
      "base_loss": 0.016945387888699773,
      "abs_loss": 0.01703464376041667,
      "rel_score": -0.005267266367883883
    }
  },
  "linear_regression": {
    "train": {
      "mse": 0.0003447655471973121,
      "mae": 0.012356690131127834,
      "directional_accuracy": 0.4263438654082889,
      "base_loss": 0.022733346093446016,
      "abs_loss": 0.023324518254958092,
      "rel_score": -0.026004625939447967
    },
    "val": {
      "mse": 0.00017175667744595557,
      "mae": 0.008778425864875317,
      "directional_accuracy": 0.42972699696663297,
      "base_loss": 0.015147859044373038,
      "abs_loss": 0.01603558408096433,
      "rel_score": -0.0586039937387095
    },
    "test": {
      "mse": 0.00023863340902607888,
      "mae": 0.009659817442297935,
      "directional_accuracy": 0.4338807260155575,
      "base_loss": 0.016945387888699773,
      "abs_loss": 0.017549652804154908,
      "rel_score": -0.03565955051746528
    }
  },
  "arima": {
    "train": {
      "mse": 0.0003565276274457574,
      "mae": 0.012336630374193192,
      "directional_accuracy": 0.4133155519080837,
      "base_loss": 0.022733346093446016,
      "abs_loss": 0.022714334254851573,
      "rel_score": 0.0008362974159762393
    },
    "val": {
      "mse": 0.00016214577772188932,
      "mae": 0.008366952650249004,
      "directional_accuracy": 0.37917087967644086,
      "base_loss": 0.015147859044373038,
      "abs_loss": 0.015207830455619843,
      "rel_score": -0.003959068477672467
    },
    "test": {
      "mse": 0.0002380239893682301,
      "mae": 0.009411520324647427,
      "directional_accuracy": 0.41659464131374246,
      "base_loss": 0.016945387888699773,
      "abs_loss": 0.017078258492983882,
      "rel_score": -0.007841107276907788
    }
  },
  "lstm_ensemble": {
    "train": {
      "mse": 0.00035245565231889486,
      "mae": 0.012126043438911438,
      "directional_accuracy": 0.46358227328682805,
      "base_loss": 0.022733346093446016,
      "abs_loss": 0.022506644368695566,
      "rel_score": 0.00997221103389645
    },
    "val": {
      "mse": 0.0001644233416300267,
      "mae": 0.008389182388782501,
      "directional_accuracy": 0.4378159757330637,
      "base_loss": 0.015147859044373038,
      "abs_loss": 0.015357084933202718,
      "rel_score": -0.013812241599079345
    },
    "test": {
      "mse": 0.0002324847155250609,
      "mae": 0.009372069500386715,
      "directional_accuracy": 0.47709593777009507,
      "base_loss": 0.016945387888699773,
      "abs_loss": 0.016741378570441157,
      "rel_score": 0.012039223864250492
    }
  },
  "lstm_seed_42": {
    "train": {
      "mse": 0.0003590950509533286,
      "mae": 0.012360203079879284,
      "directional_accuracy": 0.4561961427985228,
      "base_loss": 0.022733346093446016,
      "abs_loss": 0.022862284103757704,
      "rel_score": -0.005671756800854855
    },
    "val": {
      "mse": 0.00016821060853544623,
      "mae": 0.00859387032687664,
      "directional_accuracy": 0.44388270980788674,
      "base_loss": 0.015147859044373038,
      "abs_loss": 0.01573971791658551,
      "rel_score": -0.039072113787085305
    },
    "test": {
      "mse": 0.00023759255418553948,
      "mae": 0.009515582583844662,
      "directional_accuracy": 0.4580812445980985,
      "base_loss": 0.016945387888699773,
      "abs_loss": 0.01703464376041667,
      "rel_score": -0.005267266367883883
    }
  },
  "lstm_seed_52": {
    "train": {
      "mse": 0.0003578909672796726,
      "mae": 0.012272747233510017,
      "directional_accuracy": 0.450451374640952,
      "base_loss": 0.022733346093446016,
      "abs_loss": 0.022822007798822604,
      "rel_score": -0.0039000728274729557
    },
    "val": {
      "mse": 0.00016963257803581655,
      "mae": 0.008572806604206562,
      "directional_accuracy": 0.4539939332659252,
      "base_loss": 0.015147859044373038,
      "abs_loss": 0.015282493364065886,
      "rel_score": -0.008888009803792007
    },
    "test": {
      "mse": 0.00023564969887956977,
      "mae": 0.009482011198997498,
      "directional_accuracy": 0.47191011235955055,
      "base_loss": 0.016945387888699773,
      "abs_loss": 0.017010275123175236,
      "rel_score": -0.0038291973545636626
    }
  },
  "lstm_seed_62": {
    "train": {
      "mse": 0.00035495046176947653,
      "mae": 0.01225558016449213,
      "directional_accuracy": 0.45260566270004104,
      "base_loss": 0.022733346093446016,
      "abs_loss": 0.022596295882249273,
      "rel_score": 0.006028598281722197
    },
    "val": {
      "mse": 0.00016833162226248533,
      "mae": 0.008556309156119823,
      "directional_accuracy": 0.4398382204246714,
      "base_loss": 0.015147859044373038,
      "abs_loss": 0.015664207120426005,
      "rel_score": -0.03408719836515606
    },
    "test": {
      "mse": 0.00023467635037377477,
      "mae": 0.009615017101168633,
      "directional_accuracy": 0.48055315471045806,
      "base_loss": 0.016945387888699773,
      "abs_loss": 0.017313119478058074,
      "rel_score": -0.021700983876770774
    }
  },
  "lstm_seed_99": {
    "train": {
      "mse": 0.0003571161942090839,
      "mae": 0.012304776348173618,
      "directional_accuracy": 0.45250307755437014,
      "base_loss": 0.022733346093446016,
      "abs_loss": 0.02292703320272267,
      "rel_score": -0.008519956036409981
    },
    "val": {
      "mse": 0.00016268760373350233,
      "mae": 0.008450311608612537,
      "directional_accuracy": 0.42669362992922144,
      "base_loss": 0.015147859044373038,
      "abs_loss": 0.015440580010181303,
      "rel_score": -0.01932424674343669
    },
    "test": {
      "mse": 0.0002369736903347075,
      "mae": 0.00956734549254179,
      "directional_accuracy": 0.4399308556611927,
      "base_loss": 0.016945387888699773,
      "abs_loss": 0.017761850962415345,
      "rel_score": -0.048182023278442676
    }
  },
  "lstm_best_by_val": {
    "train": {
      "mse": 0.0003578909672796726,
      "mae": 0.012272747233510017,
      "directional_accuracy": 0.450451374640952,
      "base_loss": 0.022733346093446016,
      "abs_loss": 0.022822007798822604,
      "rel_score": -0.0039000728274729557
    },
    "val": {
      "mse": 0.00016963257803581655,
      "mae": 0.008572806604206562,
      "directional_accuracy": 0.4539939332659252,
      "base_loss": 0.015147859044373038,
      "abs_loss": 0.015282493364065886,
      "rel_score": -0.008888009803792007
    },
    "test": {
      "mse": 0.00023564969887956977,
      "mae": 0.009482011198997498,
      "directional_accuracy": 0.47191011235955055,
      "base_loss": 0.016945387888699773,
      "abs_loss": 0.017010275123175236,
      "rel_score": -0.0038291973545636626
    }
  },
  "lstm_top2_by_val": {
    "train": {
      "mse": 0.00035331991966813803,
      "mae": 0.012157843448221684,
      "directional_accuracy": 0.45917111202297906,
      "base_loss": 0.022733346093446016,
      "abs_loss": 0.02267829890479335,
      "rel_score": 0.0024214292267575876
    },
    "val": {
      "mse": 0.00016391837561968714,
      "mae": 0.008416709490120411,
      "directional_accuracy": 0.4580384226491405,
      "base_loss": 0.015147859044373038,
      "abs_loss": 0.015314098945236766,
      "rel_score": -0.010974481633130972
    },
    "test": {
      "mse": 0.00023366790264844894,
      "mae": 0.009423009119927883,