{
  "lstm": {
    "train": {
      "base_loss": 0.028347004000000006,
      "abs_loss": 0.02857175709,
      "rel_score": -0.007928636479537454,
      "directional_accuracy": 0.453698553948832,
      "error_len": 7192,
      "base_len": 7192
    },
    "val": {
      "base_loss": 0.0219063094,
      "abs_loss": 0.02186176929,
      "rel_score": 0.0020332092086675635,
      "directional_accuracy": 0.4539939332659252,
      "error_len": 989,
      "base_len": 989
    },
    "test": {
      "base_loss": 0.03379573505,
      "abs_loss": 0.03340617605155002,
      "rel_score": 0.011526868638117693,
      "directional_accuracy": 0.4576719576719577,
      "error_len": 1134,
      "base_len": 1134
    }
  },
  "linear_regression": {
    "train": {
      "base_loss": 0.028347004000000006,
      "abs_loss": 0.02905667607500001,
      "rel_score": -0.025035170383438166,
      "directional_accuracy": 0.435761957730812,
      "error_len": 7192,
      "base_len": 7192
    },
    "val": {
      "base_loss": 0.0219063094,
      "abs_loss": 0.022031673180000003,
      "rel_score": -0.005722724796354939,
      "directional_accuracy": 0.4408493427704752,
      "error_len": 989,
      "base_len": 989
    },
    "test": {
      "base_loss": 0.03379573505,
      "abs_loss": 0.03391242633000001,
      "rel_score": -0.003452840419874592,
      "directional_accuracy": 0.4691358024691358,
      "error_len": 1134,
      "base_len": 1134
    }
  },
  "arima": {
    "train": {
      "base_loss": 0.028347004000000006,
      "abs_loss": 0.028698161365000006,
      "rel_score": -0.012387812306372759,
      "directional_accuracy": 0.44563403781979977,
      "error_len": 7192,
      "base_len": 7192
    },
    "val": {
      "base_loss": 0.0219063094,
      "abs_loss": 0.02208277452,
      "rel_score": -0.008055447258496162,
      "directional_accuracy": 0.4641051567239636,
      "error_len": 989,
      "base_len": 989
    },
    "test": {
      "base_loss": 0.03379573505,
      "abs_loss": 0.03390617164750001,
      "rel_score": -0.003267767288879009,
      "directional_accuracy": 0.46649029982363316,
      "error_len": 1134,
      "base_len": 1134
    }
  },
  "lstm_ensemble": {
    "train": {
      "base_loss": 0.028347004000000006,
      "abs_loss": 0.028322385850000003,
      "rel_score": 0.0008684568570280771,
      "directional_accuracy": 0.4671857619577308,
      "error_len": 7192,
      "base_len": 7192
    },
    "val": {
      "base_loss": 0.0219063094,
      "abs_loss": 0.022153810090000003,
      "rel_score": -0.011298146368735384,
      "directional_accuracy": 0.44792719919110213,
      "error_len": 989,
      "base_len": 989
    },
    "test": {
      "base_loss": 0.03379573505,
      "abs_loss": 0.033871953805,
      "rel_score": -0.002255277326776328,
      "directional_accuracy": 0.4638447971781305,
      "error_len": 1134,
      "base_len": 1134
    }
  },
  "lstm_seed_42": {
    "train": {
      "base_loss": 0.028347004000000006,
      "abs_loss": 0.02857175709,
      "rel_score": -0.007928636479537454,
      "directional_accuracy": 0.453698553948832,
      "error_len": 7192,
      "base_len": 7192
    },
    "val": {
      "base_loss": 0.0219063094,
      "abs_loss": 0.02186176929,
      "rel_score": 0.0020332092086675635,
      "directional_accuracy": 0.4539939332659252,
      "error_len": 989,
      "base_len": 989
    },
    "test": {
      "base_loss": 0.03379573505,
      "abs_loss": 0.03340617605155002,
      "rel_score": 0.011526868638117693,
      "directional_accuracy": 0.4576719576719577,
      "error_len": 1134,
      "base_len": 1134
    }
  },
  "lstm_seed_52": {
    "train": {
      "base_loss": 0.028347004000000006,
      "abs_loss": 0.02824830313000001,
      "rel_score": 0.003481880130965398,
      "directional_accuracy": 0.46899332591768633,
      "error_len": 7192,
      "base_len": 7192
    },
    "val": {
      "base_loss": 0.0219063094,
      "abs_loss": 0.02201627462000001,
      "rel_score": -0.005019796716648539,
      "directional_accuracy": 0.4641051567239636,
      "error_len": 989,
      "base_len": 989
    },
    "test": {
      "base_loss": 0.03379573505,
      "abs_loss": 0.034579210700000015,
      "rel_score": -0.02318267819418285,
      "directional_accuracy": 0.4603174603174603,
      "error_len": 1134,
      "base_len": 1134
    }
  },
  "lstm_seed_62": {
    "train": {
      "base_loss": 0.028347004000000006,
      "abs_loss": 0.028315211055000015,
      "rel_score": 0.0011215627937255501,
      "directional_accuracy": 0.4592602892102336,
      "error_len": 7192,
      "base_len": 7192
    },
    "val": {
      "base_loss": 0.0219063094,
      "abs_loss": 0.021747970312000004,
      "rel_score": 0.007228012948634621,
      "directional_accuracy": 0.46511627906976744,
      "error_len": 989,
      "base_len": 989
    },
    "test": {
      "base_loss": 0.03379573505,
      "abs_loss": 0.0338708486265,
      "rel_score": -0.002222575611652511,
      "directional_accuracy": 0.45943562610229277,
      "error_len": 1134,
      "base_len": 1134
    }
  },
  "lstm_best_by_val": {
    "train": {
      "base_loss": 0.028347004000000006,
      "abs_loss": 0.028315211055000015,
      "rel_score": 0.0011215627937255501,
      "directional_accuracy": 0.4592602892102336,
      "error_len": 7192,
      "base_len": 7192
    },
    "val": {
      "base_loss": 0.0219063094,
      "abs_loss": 0.021747970312000004,
      "rel_score": 0.007228012948634621,
      "directional_accuracy": 0.46511627906976744,
      "error_len": 989,
      "base_len": 989
    },
    "test": {
      "base_loss": 0.03379573505,
      "abs_loss": 0.0338708486265,
      "rel_score": -0.002222575611652511,
      "directional_accuracy": 0.45943562610229277,
      "error_len": 1134,
      "base_len": 1134
    }
  },
  "lstm_top2_by_val": {
    "train": {
      "base_loss": 0.028347004000000006,
      "abs_loss": 0.028461727307000004,
      "rel_score": -0.004047105189669997,
      "directional_accuracy": 0.4588431590656285,
      "error_len": 7192,
      "base_len": 7192
    },
    "val": {
      "base_loss": 0.0219063094,
      "abs_loss": 0.022011528711000004,
      "rel_score": -0.0048031509588741805,
      "directional_accuracy": 0.46006066734074824,
      "error_len": 989,
      "base_len": 989
    },
    "test": {
      "base_loss": 0.03379573505,
      "abs_loss": 0.03347459142000001,
      "rel_score": 0.009502489871129005,
      "directional_accuracy": 0.45943562610229277,
      "error_len": 1134,
      "base_len": 1134
    }
  },
  "lstm_signmag": {
    "train": {
      "base_loss": 0.028347004000000006,
      "abs_loss": 0.028490909589000003,
      "rel_score": -0.0050765713724101325,
      "directional_accuracy": 0.41768631813125695,
      "error_len": 7192,
      "base_len": 7192
    },
    "val": {
      "base_loss": 0.0219063094,
      "abs_loss": 0.021713834322000004,
      "rel_score": 0.008786285014307227,
      "directional_accuracy": 0.4236602628918099,
      "error_len": 989,
      "base_len": 989
    },
    "test": {
      "base_loss": 0.03379573505,
      "abs_loss": 0.0335702242895,
      "rel_score": 0.006672757972754795,
      "directional_accuracy": 0.4435626102292769,
      "error_len": 1134,
      "base_len": 1134
    }
  },
  "lstm_signmag_ensemble": {
    "train": {
      "base_loss": 0.028347004000000006,
      "abs_loss": 0.028440846852500014,
      "rel_score": -0.003310503378064489,
      "directional_accuracy": 0.4682981090100111,
      "error_len": 7192,
      "base_len": 7192
    },
    "val": {
      "base_loss": 0.0219063094,
      "abs_loss": 0.022001259833,
      "rel_score": -0.004334387471036205,
      "directional_accuracy": 0.455005055611729,
      "error_len": 989,
      "base_len": 989
    },
    "test": {
      "base_loss": 0.03379573505,
      "abs_loss": 0.033475326495,
      "rel_score": 0.009480739345540501,
      "directional_accuracy": 0.4620811287477954,
      "error_len": 1134,
      "base_len": 1134
    }
  },