{
  "lstm": {
    "train": {
      "mse": 0.0005075990338809788,
      "mae": 0.015146126039326191,
      "directional_accuracy": 0.453698553948832,
      "base_loss": 0.028347004000000006,
      "abs_loss": 0.02857175709,
      "rel_score": -0.007928636479537454
    },
    "val": {
      "mse": 0.0003527620283421129,
      "mae": 0.011937410570681095,
      "directional_accuracy": 0.4539939332659252,
      "base_loss": 0.0219063094,
      "abs_loss": 0.02186176929,
      "rel_score": 0.0020332092086675635
    },
    "test": {
      "mse": 0.0006823636940680444,
      "mae": 0.017276322469115257,
      "directional_accuracy": 0.4576719576719577,
      "base_loss": 0.03379573505,
      "abs_loss": 0.03340617605155002,
      "rel_score": 0.011526868638117693
    }
  },
  "linear_regression": {
    "train": {
      "mse": 0.0005014160997234285,
      "mae": 0.0151809798553586,
      "directional_accuracy": 0.435761957730812,
      "base_loss": 0.028347004000000006,
      "abs_loss": 0.02905667607500001,
      "rel_score": -0.025035170383438166
    },
    "val": {
      "mse": 0.00036134914262220263,
      "mae": 0.012305748648941517,
      "directional_accuracy": 0.4408493427704752,
      "base_loss": 0.0219063094,
      "abs_loss": 0.022031673180000003,
      "rel_score": -0.005722724796354939
    },
    "test": {
      "mse": 0.0006825329037383199,
      "mae": 0.017557872459292412,
      "directional_accuracy": 0.4691358024691358,
      "base_loss": 0.03379573505,
      "abs_loss": 0.03391242633000001,
      "rel_score": -0.003452840419874592
    }
  },
  "arima": {
    "train": {
      "mse": 0.0005076129455119371,
      "mae": 0.01514709834009409,
      "directional_accuracy": 0.44563403781979977,
      "base_loss": 0.028347004000000006,
      "abs_loss": 0.028698161365000006,
      "rel_score": -0.012387812306372759
    },
    "val": {
      "mse": 0.0003519092279020697,
      "mae": 0.011941259726881981,
      "directional_accuracy": 0.4641051567239636,
      "base_loss": 0.0219063094,
      "abs_loss": 0.02208277452,
      "rel_score": -0.008055447258496162
    },
    "test": {
      "mse": 0.0006760513060726225,
      "mae": 0.017224840819835663,
      "directional_accuracy": 0.46649029982363316,
      "base_loss": 0.03379573505,
      "abs_loss": 0.03390617164750001,
      "rel_score": -0.003267767288879009
    }
  },
  "lstm_ensemble": {
    "train": {
      "mse": 0.0005090938648208976,
      "mae": 0.015080581419169903,
      "directional_accuracy": 0.4671857619577308,
      "base_loss": 0.028347004000000006,
      "abs_loss": 0.028322385850000003,
      "rel_score": 0.0008684568570280771
    },
    "val": {
      "mse": 0.0003541058686096221,
      "mae": 0.01196182332932949,
      "directional_accuracy": 0.44792719919110213,
      "base_loss": 0.0219063094,
      "abs_loss": 0.022153810090000003,
      "rel_score": -0.011298146368735384
    },
    "test": {
      "mse": 0.0006786799058318138,
      "mae": 0.017249122262001038,
      "directional_accuracy": 0.4638447971781305,
      "base_loss": 0.03379573505,
      "abs_loss": 0.033871953805,
      "rel_score": -0.002255277326776328
    }
  },
  "lstm_seed_42": {
    "train": {
      "mse": 0.0005075990338809788,
      "mae": 0.015146126039326191,
      "directional_accuracy": 0.453698553948832,
      "base_loss": 0.028347004000000006,
      "abs_loss": 0.02857175709,
      "rel_score": -0.007928636479537454
    },
    "val": {
      "mse": 0.0003527620283421129,
      "mae": 0.011937410570681095,
      "directional_accuracy": 0.4539939332659252,
      "base_loss": 0.0219063094,
      "abs_loss": 0.02186176929,
      "rel_score": 0.0020332092086675635
    },
    "test": {
      "mse": 0.0006823636940680444,
      "mae": 0.017276322469115257,
      "directional_accuracy": 0.4576719576719577,
      "base_loss": 0.03379573505,
      "abs_loss": 0.03340617605155002,
      "rel_score": 0.011526868638117693
    }
  },
  "lstm_seed_52": {
    "train": {
      "mse": 0.0005177099956199527,
      "mae": 0.015202099457383156,
      "directional_accuracy": 0.46899332591768633,
      "base_loss": 0.028347004000000006,
      "abs_loss": 0.02824830313000001,
      "rel_score": 0.003481880130965398
    },
    "val": {
      "mse": 0.0003600498312152922,
      "mae": 0.01214404683560133,
      "directional_accuracy": 0.4641051567239636,
      "base_loss": 0.0219063094,
      "abs_loss": 0.02201627462000001,
      "rel_score": -0.005019796716648539
    },
    "test": {
      "mse": 0.0006812227074988186,
      "mae": 0.01733662374317646,
      "directional_accuracy": 0.4603174603174603,
      "base_loss": 0.03379573505,
      "abs_loss": 0.034579210700000015,
      "rel_score": -0.02318267819418285
    }
  },
  "lstm_seed_62": {
    "train": {
      "mse": 0.000511259597260505,
      "mae": 0.015099931508302689,
      "directional_accuracy": 0.4592602892102336,
      "base_loss": 0.028347004000000006,
      "abs_loss": 0.028315211055000015,
      "rel_score": 0.0011215627937255501
    },
    "val": {
      "mse": 0.00035553518682718277,
      "mae": 0.011997686699032784,
      "directional_accuracy": 0.46511627906976744,
      "base_loss": 0.0219063094,
      "abs_loss": 0.021747970312000004,
      "rel_score": 0.007228012948634621
    },
    "test": {
      "mse": 0.0006811904604546726,
      "mae": 0.017309537157416344,
      "directional_accuracy": 0.45943562610229277,
      "base_loss": 0.03379573505,
      "abs_loss": 0.0338708486265,
      "rel_score": -0.002222575611652511
    }
  },
  "lstm_best_by_val": {
    "train": {
      "mse": 0.000511259597260505,
      "mae": 0.015099931508302689,
      "directional_accuracy": 0.4592602892102336,
      "base_loss": 0.028347004000000006,
      "abs_loss": 0.028315211055000015,
      "rel_score": 0.0011215627937255501
    },
    "val": {
      "mse": 0.00035553518682718277,
      "mae": 0.011997686699032784,
      "directional_accuracy": 0.46511627906976744,
      "base_loss": 0.0219063094,
      "abs_loss": 0.021747970312000004,
      "rel_score": 0.007228012948634621
    },
    "test": {
      "mse": 0.0006811904604546726,
      "mae": 0.017309537157416344,
      "directional_accuracy": 0.45943562610229277,
      "base_loss": 0.03379573505,
      "abs_loss": 0.0338708486265,
      "rel_score": -0.002222575611652511
    }
  },
  "lstm_top2_by_val": {
    "train": {
      "mse": 0.0005076731322333217,
      "mae": 0.015087020583450794,
      "directional_accuracy": 0.4588431590656285,
      "base_loss": 0.028347004000000006,
      "abs_loss": 0.028461727307000004,
      "rel_score": -0.004047105189669997
    },
    "val": {
      "mse": 0.00035312416730448604,
      "mae": 0.011935881339013577,
      "directional_accuracy": 0.46006066734074824,
      "base_loss": 0.0219063094,
      "abs_loss": 0.022011528711000004,
      "rel_score": -0.0048031509588741805
    },
    "test": {
      "mse": 0.0006802799762226641,
      "mae": 0.017271706834435463,
      "directional_accuracy": 0.45943562610229277,
      "base_loss": 0.03379573505,
      "abs_loss": 0.03347459142000001,
      "rel_score": 0.009502489871129005
    }
  },
  "lstm_signmag": {
    "train": {
      "mse": 0.0005091438652016222,
      "mae": 0.01513583492487669,
      "directional_accuracy": 0.41768631813125695,
      "base_loss": 0.028347004000000006,
      "abs_loss": 0.028490909589000003,
      "rel_score": -0.0050765713724101325
    },
    "val": {
      "mse": 0.00035181178827770054,
      "mae": 0.011923471465706825,
      "directional_accuracy": 0.4236602628918099,
      "base_loss": 0.0219063094,
      "abs_loss": 0.021713834322000004,
      "rel_score": 0.008786285014307227
    },
    "test": {
      "mse": 0.0006758557283319533,
      "mae": 0.01716092973947525,
      "directional_accuracy": 0.4435626102292769,
      "base_loss": 0.03379573505,
      "abs_loss": 0.0335702242895,
      "rel_score": 0.006672757972754795
    }
  },