{
  "lstm": {
    "train": {
      "mse": 0.0005508752074092627,
      "mae": 0.016238249838352203,
      "directional_accuracy": 0.45494603104898873,
      "base_loss": 0.030714341998100282,
      "abs_loss": 0.030710532729972328,
      "rel_score": 0.0001240224559649894
    },
    "val": {
      "mse": 0.0003284567501395941,
      "mae": 0.012335882522165775,
      "directional_accuracy": 0.46239965285311346,
      "base_loss": 0.02243113163858657,
      "abs_loss": 0.022583498420135587,
      "rel_score": -0.006792648003853374
    },
    "test": {
      "mse": 0.0005583026213571429,
      "mae": 0.016301531344652176,
      "directional_accuracy": 0.47381342062193127,
      "base_loss": 0.03048264672979713,
      "abs_loss": 0.030619843976455747,
      "rel_score": -0.004500831173708475
    }
  },
  "linear_regression": {
    "train": {
      "mse": 0.000529653683770448,
      "mae": 0.016287121921777725,
      "directional_accuracy": 0.4432739666555219,
      "base_loss": 0.030714341998100282,
      "abs_loss": 0.03139104630099611,
      "rel_score": -0.02203219274362711
    },
    "val": {
      "mse": 0.0003431072400417179,
      "mae": 0.013011281378567219,
      "directional_accuracy": 0.4475157300932957,
      "base_loss": 0.02243113163858657,
      "abs_loss": 0.023944035079330246,
      "rel_score": -0.06744659454189739
    },
    "test": {
      "mse": 0.0005639947485178709,
      "mae": 0.01682719588279724,
      "directional_accuracy": 0.45733521797351584,
      "base_loss": 0.03048264672979713,
      "abs_loss": 0.03196646359865554,
      "rel_score": -0.04867742889950444
    }
  },
  "arima": {
    "train": {
      "mse": 0.0005454226629808545,
      "mae": 0.0163007490336895,
      "directional_accuracy": 0.431392314102788,
      "base_loss": 0.030714341998100282,
      "abs_loss": 0.030821223318343995,
      "rel_score": -0.0034798505613542474
    },
    "val": {
      "mse": 0.00033313853782601655,
      "mae": 0.01250525750219822,
      "directional_accuracy": 0.44113690605337386,
      "base_loss": 0.02243113163858657,
      "abs_loss": 0.02256175973452628,
      "rel_score": -0.0058235178699144186
    },
    "test": {
      "mse": 0.0005532573559321463,
      "mae": 0.016319183632731438,
      "directional_accuracy": 0.4420473143877399,
      "base_loss": 0.03048264672979713,
      "abs_loss": 0.030737342835345776,
      "rel_score": -0.008355445897015201
    }
  },
  "lstm_ensemble": {
    "train": {
      "mse": 0.0005447172443382442,
      "mae": 0.01609603874385357,
      "directional_accuracy": 0.4652707429900246,
      "base_loss": 0.030714341998100282,
      "abs_loss": 0.03051436448877212,
      "rel_score": 0.0065108837213746495
    },
    "val": {
      "mse": 0.00032464208197779953,
      "mae": 0.012270120903849602,
      "directional_accuracy": 0.47047081796485135,
      "base_loss": 0.02243113163858657,
      "abs_loss": 0.02255858578719199,
      "rel_score": -0.005682020446359237
    },
    "test": {
      "mse": 0.0005537557881325483,
      "mae": 0.016217948868870735,
      "directional_accuracy": 0.4804716560035709,
      "base_loss": 0.03048264672979713,
      "abs_loss": 0.03051048421766609,
      "rel_score": -0.0009132241079889969
    }
  },
  "lstm_seed_42": {
    "train": {
      "mse": 0.0005508752074092627,
      "mae": 0.016238249838352203,
      "directional_accuracy": 0.45494603104898873,
      "base_loss": 0.030714341998100282,
      "abs_loss": 0.030710532729972328,
      "rel_score": 0.0001240224559649894
    },
    "val": {
      "mse": 0.0003284567501395941,
      "mae": 0.012335882522165775,
      "directional_accuracy": 0.46239965285311346,
      "base_loss": 0.02243113163858657,
      "abs_loss": 0.022583498420135587,
      "rel_score": -0.006792648003853374
    },
    "test": {
      "mse": 0.0005583026213571429,
      "mae": 0.016301531344652176,
      "directional_accuracy": 0.47381342062193127,
      "base_loss": 0.03048264672979713,
      "abs_loss": 0.030619843976455747,
      "rel_score": -0.004500831173708475
    }
  },
  "lstm_seed_52": {
    "train": {
      "mse": 0.0005398031789809465,
      "mae": 0.016092650592327118,
      "directional_accuracy": 0.4598563822089594,
      "base_loss": 0.030714341998100282,
      "abs_loss": 0.030680537316948194,
      "rel_score": 0.001100615509008085
    },
    "val": {
      "mse": 0.000323626707540825,
      "mae": 0.012324110604822636,
      "directional_accuracy": 0.46448253417227164,
      "base_loss": 0.02243113163858657,
      "abs_loss": 0.022622681991197185,
      "rel_score": -0.008539486803291974
    },
    "test": {
      "mse": 0.0005526342429220676,
      "mae": 0.01629704236984253,
      "directional_accuracy": 0.47459455438178844,
      "base_loss": 0.03048264672979713,
      "abs_loss": 0.030563443427672612,
      "rel_score": -0.0026505801347131985
    }
  },
  "lstm_seed_62": {
    "train": {
      "mse": 0.0005506618181243539,
      "mae": 0.016157789155840874,
      "directional_accuracy": 0.46132848951809696,
      "base_loss": 0.030714341998100282,
      "abs_loss": 0.030548905169416687,
      "rel_score": 0.005386305482104392
    },
    "val": {
      "mse": 0.00032638179254718125,
      "mae": 0.012287582270801067,
      "directional_accuracy": 0.4639618138424821,
      "base_loss": 0.02243113163858657,
      "abs_loss": 0.02251126978881075,
      "rel_score": -0.0035726307310472993
    },
    "test": {
      "mse": 0.0005587445921264589,
      "mae": 0.016269799321889877,
      "directional_accuracy": 0.48006249070078855,
      "base_loss": 0.03048264672979713,
      "abs_loss": 0.030560455846716655,
      "rel_score": -0.002552570897443207
    }
  },
  "lstm_seed_72": {
    "train": {
      "mse": 0.0005489113391377032,
      "mae": 0.01624555140733719,
      "directional_accuracy": 0.458349343539944,
      "base_loss": 0.030714341998100282,
      "abs_loss": 0.03071934401523322,
      "rel_score": -0.00016285607333688112
    },
    "val": {
      "mse": 0.0003287295694462955,
      "mae": 0.01239869650453329,
      "directional_accuracy": 0.4630939466261662,
      "base_loss": 0.02243113163858657,
      "abs_loss": 0.02253379921894521,
      "rel_score": -0.004577012966302085
    },
    "test": {
      "mse": 0.0005589650245383382,
      "mae": 0.016334138810634613,
      "directional_accuracy": 0.48117839607201307,
      "base_loss": 0.03048264672979713,
      "abs_loss": 0.030586429778486492,
      "rel_score": -0.003404660022120476
    }
  },
  "lstm_seed_82": {
    "train": {
      "mse": 0.0005535960081033409,
      "mae": 0.016183964908123016,
      "directional_accuracy": 0.4610889601932203,
      "base_loss": 0.030714341998100282,
      "abs_loss": 0.03054619698523312,
      "rel_score": 0.005474478759061929
    },
    "val": {
      "mse": 0.0003244517429266125,
      "mae": 0.012266267091035843,
      "directional_accuracy": 0.46821436320243004,
      "base_loss": 0.02243113163858657,
      "abs_loss": 0.02256996228825303,
      "rel_score": -0.006189195084016275
    },
    "test": {
      "mse": 0.0005602255696430802,
      "mae": 0.016278866678476334,
      "directional_accuracy": 0.4750781133759857,
      "base_loss": 0.03048264672979713,
      "abs_loss": 0.03054025014716899,
      "rel_score": -0.0018897118049645556
    }
  },
  "lstm_seed_92": {
    "train": {
      "mse": 0.0005505724693648517,
      "mae": 0.01618516631424427,
      "directional_accuracy": 0.46138338165504783,
      "base_loss": 0.030714341998100282,
      "abs_loss": 0.030604577917256397,
      "rel_score": 0.0035737077112273363
    },
    "val": {
      "mse": 0.0003262427926529199,
      "mae": 0.012323103845119476,
      "directional_accuracy": 0.46456932089390324,
      "base_loss": 0.02243113163858657,
      "abs_loss": 0.02259326328057796,
      "rel_score": -0.007227974254873759
    },
    "test": {
      "mse": 0.0005561783327721059,
      "mae": 0.016281507909297943,
      "directional_accuracy": 0.47336705847344146,