{
  "lstm": {
    "train": {
      "mse": 0.0005495971417985857,
      "mae": 0.01612909883260727,
      "directional_accuracy": 0.4628698397848205,
      "base_loss": 0.030695139430463314,
      "abs_loss": 0.030472022073809057,
      "rel_score": 0.007268817174123199
    },
    "val": {
      "mse": 0.000324664986692369,
      "mae": 0.01226186566054821,
      "directional_accuracy": 0.4727272727272727,
      "base_loss": 0.02243113163858657,
      "abs_loss": 0.022490342978562707,
      "rel_score": -0.002639694730081299
    },
    "test": {
      "mse": 0.0005567935877479613,
      "mae": 0.01624421402812004,
      "directional_accuracy": 0.486088379705401,
      "base_loss": 0.03048264672979713,
      "abs_loss": 0.030351692937256307,
      "rel_score": 0.0042960112257186545
    }
  },
  "linear_regression": {
    "train": {
      "mse": 0.0005137359257787466,
      "mae": 0.01618286967277527,
      "directional_accuracy": 0.44215016804543583,
      "base_loss": 0.030695139430463314,
      "abs_loss": 0.031850740406662234,
      "rel_score": -0.03764768616923253
    },
    "val": {
      "mse": 0.00038745958590880036,
      "mae": 0.01425048615783453,
      "directional_accuracy": 0.4424387068778477,
      "base_loss": 0.02243113163858657,
      "abs_loss": 0.02607000209391118,
      "rel_score": -0.16222411396600855
    },
    "test": {
      "mse": 0.0005824069958180189,
      "mae": 0.017236700281500816,
      "directional_accuracy": 0.44848236869513464,
      "base_loss": 0.03048264672979713,
      "abs_loss": 0.03325581765384414,
      "rel_score": -0.09097539818733003
    }
  },
  "arima": {
    "train": {
      "mse": 0.0005434300983324647,
      "mae": 0.016267668455839157,
      "directional_accuracy": 0.43227082517681636,
      "base_loss": 0.030695139430463314,
      "abs_loss": 0.030723170886631138,
      "rel_score": -0.0009132213336684458
    },
    "val": {
      "mse": 0.00033319959766231477,
      "mae": 0.012506705708801746,
      "directional_accuracy": 0.44274246040355825,
      "base_loss": 0.02243113163858657,
      "abs_loss": 0.022563580825226387,
      "rel_score": -0.005904703729346261
    },
    "test": {
      "mse": 0.0005532468785531819,
      "mae": 0.01631990075111389,
      "directional_accuracy": 0.4423076923076923,
      "base_loss": 0.03048264672979713,
      "abs_loss": 0.03074043204833288,
      "rel_score": -0.008456789228993067
    }
  },
  "lstm_ensemble": {
    "train": {
      "mse": 0.0005461082328110933,
      "mae": 0.016104554757475853,
      "directional_accuracy": 0.46381048745887843,
      "base_loss": 0.030695139430463314,
      "abs_loss": 0.03045239762286656,
      "rel_score": 0.007908151326259993
    },
    "val": {
      "mse": 0.00032499642111361027,
      "mae": 0.01226605661213398,
      "directional_accuracy": 0.4740724669125624,
      "base_loss": 0.02243113163858657,
      "abs_loss": 0.02248680151533336,
      "rel_score": -0.0024818131177575253
    },
    "test": {
      "mse": 0.0005544029991142452,
      "mae": 0.016215521842241287,
      "directional_accuracy": 0.4870554976937956,
      "base_loss": 0.03048264672979713,
      "abs_loss": 0.030251612279107578,
      "rel_score": 0.007579212288797543
    }
  },
  "lstm_seed_42": {
    "train": {
      "mse": 0.0005495971417985857,
      "mae": 0.01612909883260727,
      "directional_accuracy": 0.4628698397848205,
      "base_loss": 0.030695139430463314,
      "abs_loss": 0.030472022073809057,
      "rel_score": 0.007268817174123199
    },
    "val": {
      "mse": 0.000324664986692369,
      "mae": 0.01226186566054821,
      "directional_accuracy": 0.4727272727272727,
      "base_loss": 0.02243113163858657,
      "abs_loss": 0.022490342978562707,
      "rel_score": -0.002639694730081299
    },
    "test": {
      "mse": 0.0005567935877479613,
      "mae": 0.01624421402812004,
      "directional_accuracy": 0.486088379705401,
      "base_loss": 0.03048264672979713,
      "abs_loss": 0.030351692937256307,
      "rel_score": 0.0042960112257186545
    }
  },
  "lstm_seed_52": {
    "train": {
      "mse": 0.0005496685625985265,
      "mae": 0.01620665192604065,
      "directional_accuracy": 0.4501177080738078,
      "base_loss": 0.030695139430463314,
      "abs_loss": 0.030597495334222916,
      "rel_score": 0.0031810930998245057
    },
    "val": {
      "mse": 0.00032811949495226145,
      "mae": 0.01237858459353447,
      "directional_accuracy": 0.45693208939032326,
      "base_loss": 0.02243113163858657,
      "abs_loss": 0.02257993278617506,
      "rel_score": -0.006633688838619145
    },
    "test": {
      "mse": 0.0005614439724013209,
      "mae": 0.016381843015551567,
      "directional_accuracy": 0.47890938848385656,
      "base_loss": 0.03048264672979713,
      "abs_loss": 0.030494663037825376,
      "rel_score": -0.0003942015972155932
    }
  },
  "lstm_seed_62": {
    "train": {
      "mse": 0.000546247058082372,
      "mae": 0.016152650117874146,
      "directional_accuracy": 0.46144615681867873,
      "base_loss": 0.030695139430463314,
      "abs_loss": 0.030485373816918588,
      "rel_score": 0.006833838107167756
    },
    "val": {
      "mse": 0.00032628493499942124,
      "mae": 0.012306072749197483,
      "directional_accuracy": 0.471816012150141,
      "base_loss": 0.02243113163858657,
      "abs_loss": 0.02257677970919761,
      "rel_score": -0.006493121834321158
    },
    "test": {
      "mse": 0.0005538554396480322,
      "mae": 0.016230158507823944,
      "directional_accuracy": 0.48426573426573427,
      "base_loss": 0.03048264672979713,
      "abs_loss": 0.03036203807787388,
      "rel_score": 0.003956633195022263
    }
  },
  "lstm_best_by_val": {
    "train": {
      "mse": 0.0005495971417985857,
      "mae": 0.01612909883260727,
      "directional_accuracy": 0.4628698397848205,
      "base_loss": 0.030695139430463314,
      "abs_loss": 0.030472022073809057,
      "rel_score": 0.007268817174123199
    },
    "val": {
      "mse": 0.000324664986692369,
      "mae": 0.01226186566054821,
      "directional_accuracy": 0.4727272727272727,
      "base_loss": 0.02243113163858657,
      "abs_loss": 0.022490342978562707,
      "rel_score": -0.002639694730081299
    },
    "test": {
      "mse": 0.0005567935877479613,
      "mae": 0.01624421402812004,
      "directional_accuracy": 0.486088379705401,
      "base_loss": 0.03048264672979713,
      "abs_loss": 0.030351692937256307,
      "rel_score": 0.0042960112257186545
    }
  },
  "lstm_top2_by_val": {
    "train": {
      "mse": 0.0005463043344207108,
      "mae": 0.01610715314745903,
      "directional_accuracy": 0.46584940484967435,
      "base_loss": 0.030695139430463314,
      "abs_loss": 0.03044028562144377,
      "rel_score": 0.008302741533293578
    },
    "val": {
      "mse": 0.0003248767461627722,
      "mae": 0.012264955788850784,
      "directional_accuracy": 0.4745497938815361,
      "base_loss": 0.02243113163858657,
      "abs_loss": 0.02253797821176705,
      "rel_score": -0.004763316220599334
    },
    "test": {
      "mse": 0.0005539688863791525,
      "mae": 0.016209552064538002,
      "directional_accuracy": 0.4860511828596935,
      "base_loss": 0.03048264672979713,
      "abs_loss": 0.03026938919210807,
      "rel_score": 0.006996030875514481
    }
  },
  "lstm_signmag": {
    "train": {
      "mse": 0.0005535648087970912,
      "mae": 0.01613418571650982,
      "directional_accuracy": 0.4647206276408048,
      "base_loss": 0.030695139430463314,
      "abs_loss": 0.030551038499106658,
      "rel_score": 0.004694584681170788
    },
    "val": {
      "mse": 0.0003237285709474236,
      "mae": 0.012241614982485771,
      "directional_accuracy": 0.47528748101540463,
      "base_loss": 0.02243113163858657,
      "abs_loss": 0.022539188328664757,
      "rel_score": -0.004817264319037173
    },
    "test": {
      "mse": 0.000557028572075069,
      "mae": 0.01621429994702339,
      "directional_accuracy": 0.4854560333283738,