{
  "lstm": {
    "train": {
      "mse": 0.0005119305569678545,
      "mae": 0.015392797999083996,
      "directional_accuracy": 0.4442010132822128,
      "base_loss": 0.029170622800000004,
      "abs_loss": 0.029013388770000006,
      "rel_score": 0.005390149914797138
    },
    "val": {
      "mse": 0.00030172651167958975,
      "mae": 0.011777381412684917,
      "directional_accuracy": 0.4507824331145886,
      "base_loss": 0.021424853,
      "abs_loss": 0.021378385185,
      "rel_score": 0.0021688743908767627
    },
    "test": {
      "mse": 0.00041325174970552325,
      "mae": 0.013426673598587513,
      "directional_accuracy": 0.44842468709538197,
      "base_loss": 0.024101905000000007,
      "abs_loss": 0.023971809976000014,
      "rel_score": 0.005397707110703198
    }
  },
  "linear_regression": {
    "train": {
      "mse": 0.0004966388805769384,
      "mae": 0.015430285595357418,
      "directional_accuracy": 0.43356611438221737,
      "base_loss": 0.029170622800000004,
      "abs_loss": 0.029698038516000003,
      "rel_score": -0.018080372147556645
    },
    "val": {
      "mse": 0.00030985556077212095,
      "mae": 0.0120906513184309,
      "directional_accuracy": 0.43462897526501765,
      "base_loss": 0.021424853,
      "abs_loss": 0.02208986454,
      "rel_score": -0.03103925800564422
    },
    "test": {
      "mse": 0.0004155474016442895,
      "mae": 0.013672574423253536,
      "directional_accuracy": 0.43245576176089773,
      "base_loss": 0.024101905000000007,
      "abs_loss": 0.02484380435,
      "rel_score": -0.030781772229207194
    }
  },
  "arima": {
    "train": {
      "mse": 0.000504960014950484,
      "mae": 0.015423310920596123,
      "directional_accuracy": 0.41188552649596055,
      "base_loss": 0.029170622800000004,
      "abs_loss": 0.0293140176,
      "rel_score": -0.004915726379348895
    },
    "val": {
      "mse": 0.00030694599263370037,
      "mae": 0.011877337470650673,
      "directional_accuracy": 0.43462897526501765,
      "base_loss": 0.021424853,
      "abs_loss": 0.0215305362,
      "rel_score": -0.004932738628358191
    },
    "test": {
      "mse": 0.00041031092405319214,
      "mae": 0.013409112580120564,
      "directional_accuracy": 0.421234354769098,
      "base_loss": 0.024101905000000007,
      "abs_loss": 0.024236001940000005,
      "rel_score": -0.00556374859165687
    }
  },
  "lstm_ensemble": {
    "train": {
      "mse": 0.0005087431636638939,
      "mae": 0.015341092832386494,
      "directional_accuracy": 0.44840020083070886,
      "base_loss": 0.029170622800000004,
      "abs_loss": 0.029065201042,
      "rel_score": 0.0036139700795145835
    },
    "val": {
      "mse": 0.00030029279878363013,
      "mae": 0.011720536276698112,
      "directional_accuracy": 0.4538112064613831,
      "base_loss": 0.021424853,
      "abs_loss": 0.021305479109999997,
      "rel_score": 0.005571748380257424
    },
    "test": {
      "mse": 0.00040864397305995226,
      "mae": 0.013315669260919094,
      "directional_accuracy": 0.45791972378075096,
      "base_loss": 0.024101905000000007,
      "abs_loss": 0.02376432745,
      "rel_score": 0.014006260086080524
    }
  },
  "lstm_seed_42": {
    "train": {
      "mse": 0.0005119305569678545,
      "mae": 0.015392797999083996,
      "directional_accuracy": 0.4442010132822128,
      "base_loss": 0.029170622800000004,
      "abs_loss": 0.029013388770000006,
      "rel_score": 0.005390149914797138
    },
    "val": {
      "mse": 0.00030172651167958975,
      "mae": 0.011777381412684917,
      "directional_accuracy": 0.4507824331145886,
      "base_loss": 0.021424853,
      "abs_loss": 0.021378385185,
      "rel_score": 0.0021688743908767627
    },
    "test": {
      "mse": 0.00041325174970552325,
      "mae": 0.013426673598587513,
      "directional_accuracy": 0.44842468709538197,
      "base_loss": 0.024101905000000007,
      "abs_loss": 0.023971809976000014,
      "rel_score": 0.005397707110703198
    }
  },
  "lstm_seed_52": {
    "train": {
      "mse": 0.00051173783140257,
      "mae": 0.015394789166748524,
      "directional_accuracy": 0.4456616002556027,
      "base_loss": 0.029170622800000004,
      "abs_loss": 0.029165554046000002,
      "rel_score": 0.00017376228251120285
    },
    "val": {
      "mse": 0.0003001737641170621,
      "mae": 0.01175127923488617,
      "directional_accuracy": 0.4598687531549722,
      "base_loss": 0.021424853,
      "abs_loss": 0.0214814462,
      "rel_score": -0.002641474366241958
    },
    "test": {
      "mse": 0.0004069078422617167,
      "mae": 0.013303796760737896,
      "directional_accuracy": 0.4553301683211049,
      "base_loss": 0.024101905000000007,
      "abs_loss": 0.023950231160000002,
      "rel_score": 0.0062930228959082735
    }
  },
  "lstm_seed_62": {
    "train": {
      "mse": 0.0005108579061925411,
      "mae": 0.015451077371835709,
      "directional_accuracy": 0.4410972659637592,
      "base_loss": 0.029170622800000004,
      "abs_loss": 0.029170292120000007,
      "rel_score": 1.133606238934437e-05
    },
    "val": {
      "mse": 0.0003024577163159847,
      "mae": 0.011755477637052536,
      "directional_accuracy": 0.4497728419989904,
      "base_loss": 0.021424853,
      "abs_loss": 0.021332089569999997,
      "rel_score": 0.004329711387051405
    },
    "test": {
      "mse": 0.000411605549743399,
      "mae": 0.013370342552661896,
      "directional_accuracy": 0.46741476046611996,
      "base_loss": 0.024101905000000007,
      "abs_loss": 0.02420015841,
      "rel_score": -0.004076582743147927
    }
  },
  "lstm_best_by_val": {
    "train": {
      "mse": 0.0005108579061925411,
      "mae": 0.015451077371835709,
      "directional_accuracy": 0.4410972659637592,
      "base_loss": 0.029170622800000004,
      "abs_loss": 0.029170292120000007,
      "rel_score": 1.133606238934437e-05
    },
    "val": {
      "mse": 0.0003024577163159847,
      "mae": 0.011755477637052536,
      "directional_accuracy": 0.4497728419989904,
      "base_loss": 0.021424853,
      "abs_loss": 0.021332089569999997,
      "rel_score": 0.004329711387051405
    },
    "test": {
      "mse": 0.000411605549743399,
      "mae": 0.013370342552661896,
      "directional_accuracy": 0.46741476046611996,
      "base_loss": 0.024101905000000007,
      "abs_loss": 0.02420015841,
      "rel_score": -0.004076582743147927
    }
  },
  "lstm_top2_by_val": {
    "train": {
      "mse": 0.0005087023018859327,
      "mae": 0.015354437753558159,
      "directional_accuracy": 0.4469396138573189,
      "base_loss": 0.029170622800000004,
      "abs_loss": 0.029105938780000003,
      "rel_score": 0.0022174370579430835
    },
    "val": {
      "mse": 0.0003010593354701996,
      "mae": 0.011730731464922428,
      "directional_accuracy": 0.4563351842503786,
      "base_loss": 0.021424853,
      "abs_loss": 0.02129163922,
      "rel_score": 0.006217722007240911
    },
    "test": {
      "mse": 0.0004106062406208366,
      "mae": 0.013354028575122356,
      "directional_accuracy": 0.4561933534743202,
      "base_loss": 0.024101905000000007,
      "abs_loss": 0.024000616000000002,
      "rel_score": 0.004202530878783417
    }
  },
  "lstm_signmag": {
    "train": {
      "mse": 0.0005104332230985165,
      "mae": 0.015365464612841606,
      "directional_accuracy": 0.4478524807156876,
      "base_loss": 0.029170622800000004,
      "abs_loss": 0.029015242032,
      "rel_score": 0.0053266181207486385
    },
    "val": {
      "mse": 0.0003010521177202463,
      "mae": 0.0117784533649683,
      "directional_accuracy": 0.44724886420999493,
      "base_loss": 0.021424853,
      "abs_loss": 0.02135083086,
      "rel_score": 0.0034549660620776246
    },
    "test": {
      "mse": 0.0004107179993297905,
      "mae": 0.013401919044554234,
      "directional_accuracy": 0.4432455761760898,
      "base_loss": 0.024101905000000007,
      "abs_loss": 0.02404695566,
      "rel_score": 0.002279875387443675
    }
  },