{
  "lstm": {
    "train": {
      "mse": 0.00042469866457395256,
      "mae": 0.014480335637927055,
      "base_loss": 0.025424090400338183,
      "abs_loss": 0.026642967574298397,
      "rel_score": -0.047941820327385365
    },
    "val": {
      "mse": 0.00024758398649282753,
      "mae": 0.010715463198721409,
      "base_loss": 0.01932658115401864,
      "abs_loss": 0.018589560547843574,
      "rel_score": 0.03813507419142337
    },
    "test": {
      "mse": 0.0009907210478559136,
      "mae": 0.022703606635332108,
      "base_loss": 0.04961440712213516,
      "abs_loss": 0.04545963648706674,
      "rel_score": 0.08374121300775961
    }
  },
  "linear_regression": {
    "train": {
      "mse": 0.0003916660789400339,
      "mae": 0.01388991717249155,
      "base_loss": 0.025424090400338183,
      "abs_loss": 0.026183713297359648,
      "rel_score": -0.029878075677836735
    },
    "val": {
      "mse": 0.00025605648988857865,
      "mae": 0.010778171941637993,
      "base_loss": 0.01932658115401864,
      "abs_loss": 0.018314575962722304,
      "rel_score": 0.052363384047669825
    },
    "test": {
      "mse": 0.0009671051520854235,
      "mae": 0.022118335589766502,
      "base_loss": 0.04961440712213516,
      "abs_loss": 0.044691645138664166,
      "rel_score": 0.09922041336405962
    }
  }
}