{
  "lstm": {
    "train": {
      "base_loss": 0.025424090400338183,
      "abs_loss": 0.026642967574298397,
      "rel_score": -0.047941820327385365,
      "error_len": 1387,
      "base_len": 1387
    },
    "val": {
      "base_loss": 0.01932658115401864,
      "abs_loss": 0.018589560547843574,
      "rel_score": 0.03813507419142337,
      "error_len": 248,
      "base_len": 248
    },
    "test": {
      "base_loss": 0.04961440712213516,
      "abs_loss": 0.04545963648706674,
      "rel_score": 0.08374121300775961,
      "error_len": 304,
      "base_len": 304
    }
  },
  "linear_regression": {
    "train": {
      "base_loss": 0.025424090400338183,
      "abs_loss": 0.026183713297359648,
      "rel_score": -0.029878075677836735,
      "error_len": 1387,
      "base_len": 1387
    },
    "val": {
      "base_loss": 0.01932658115401864,
      "abs_loss": 0.018314575962722304,
      "rel_score": 0.052363384047669825,
      "error_len": 248,
      "base_len": 248
    },
    "test": {
      "base_loss": 0.04961440712213516,
      "abs_loss": 0.044691645138664166,
      "rel_score": 0.09922041336405962,
      "error_len": 304,
      "base_len": 304
    }
  }
}