features,feature_count,train_rel_score,val_rel_score,test_rel_score,train_mse,val_mse,test_mse,train_mae,val_mae,test_mae,train_abs_loss,val_abs_loss,test_abs_loss
"intraday_return,close_low_gap",2,-0.03906684528192561,0.05158163363969248,0.006711455357184093,0.0004292302473913878,0.0003744873101823032,0.001192391850054264,0.01478769350796938,0.013835866004228592,0.02666676603257656,0.028222359076607972,0.02250005417736247,0.05388594114920124
"body_pct,close_low_gap",2,-0.03906684528192561,0.05158163363969248,0.006711455357184093,0.0004292302473913878,0.0003744873101823032,0.001192391850054264,0.01478769350796938,0.013835866004228592,0.02666676603257656,0.028222359076607972,0.02250005417736247,0.05388594114920124
"close_return,close_low_gap",2,-0.05000195837779153,0.03503204911637636,0.021945039797111265,0.0004282444715499878,0.0003790072805713862,0.0011864149710163474,0.014798693358898163,0.013989282771945,0.026569977402687073,0.028504029515897845,0.022892672626767308,0.053059518616646525
"overnight_return,ma_cross_5_20",2,-0.02759366985487799,0.034025767451330347,0.026777305748538094,0.0004278465930838138,0.0003916526911780238,0.001162590691819787,0.014683892019093037,0.014118701219558716,0.026395853608846664,0.027597904833965004,0.022916545416228472,0.05279736800584942
"gap_open,ma_cross_5_20",2,-0.02759366985487799,0.034025767451330347,0.026777305748538094,0.0004278465930838138,0.0003916526911780238,0.001162590691819787,0.014683892019093037,0.014118701219558716,0.026395853608846664,0.027597904833965004,0.022916545416228472,0.05279736800584942
"adjust_return,ma_5_gap",2,-0.03651220159758317,0.03189137386650276,0.026903762313281843,0.0004343272594269365,0.0003921148309018463,0.001179856713861227,0.014748640358448029,0.014050697907805443,0.026381386443972588,0.028115105244796726,0.02296718126744963,0.052790507732424885
