{
  "lstm_pair_best_by_val": {
    "val": {
      "rel_score": 0.03036735952862102,
      "abs_loss": 0.014687858562683688
    },
    "test": {
      "rel_score": -0.000559200684274952,
      "abs_loss": 0.01695486376120244
    }
  },
  "lstm_pair_best_by_score": {
    "val": {
      "rel_score": 0.03036735952862102,
      "abs_loss": 0.014687858562683688
    },
    "test": {
      "rel_score": -0.000559200684274952,
      "abs_loss": 0.01695486376120244
    }
  }
}