{
  "lstm": {
    "threshold": 0.0,
    "holding_period": 1,
    "uncertainty_model": null,
    "uncertainty_quantile": null,
    "max_uncertainty": null,
    "uncertainty_side": null,
    "trade_count": 930,
    "coverage": 0.5391304347826087,
    "directional_accuracy": 0.6010752688172043,
    "avg_actual_return": 0.0022795379564086024,
    "avg_strategy_return": 0.0022795379564086024,
    "cumulative_strategy_return": 2.1199702994600003,
    "final_equity": 6.034583687800491,
    "sampled_buy_hold_equity": 6.034583687800491
  },
  "lstm_best_by_val": {
    "threshold": 0.0,
    "holding_period": 1,
    "uncertainty_model": null,
    "uncertainty_quantile": null,
    "max_uncertainty": null,
    "uncertainty_side": null,
    "trade_count": 930,
    "coverage": 0.5391304347826087,
    "directional_accuracy": 0.6010752688172043,
    "avg_actual_return": 0.0022795379564086024,
    "avg_strategy_return": 0.0022795379564086024,
    "cumulative_strategy_return": 2.1199702994600003,
    "final_equity": 6.034583687800491,
    "sampled_buy_hold_equity": 6.034583687800491
  },
  "lstm_seed_42": {
    "threshold": 0.0,
    "holding_period": 1,
    "uncertainty_model": null,
    "uncertainty_quantile": null,
    "max_uncertainty": null,
    "uncertainty_side": null,
    "trade_count": 930,
    "coverage": 0.5391304347826087,
    "directional_accuracy": 0.6010752688172043,
    "avg_actual_return": 0.0022795379564086024,
    "avg_strategy_return": 0.0022795379564086024,
    "cumulative_strategy_return": 2.1199702994600003,
    "final_equity": 6.034583687800491,
    "sampled_buy_hold_equity": 6.034583687800491
  },
  "arima": {
    "threshold": 0.0,
    "holding_period": 1,
    "uncertainty_model": null,
    "uncertainty_quantile": null,
    "max_uncertainty": null,
    "uncertainty_side": null,
    "trade_count": 1174,
    "coverage": 0.6805797101449276,
    "directional_accuracy": 0.5988074957410562,
    "avg_actual_return": 0.0017180784600511075,
    "avg_strategy_return": 0.0017180784600511075,
    "cumulative_strategy_return": 2.0170241121,
    "final_equity": 5.369974324789442,
    "sampled_buy_hold_equity": 5.369974324789442
  },
  "lstm_signmag_seed_62": {
    "threshold": 0.0,
    "holding_period": 1,
    "uncertainty_model": null,
    "uncertainty_quantile": null,
    "max_uncertainty": null,
    "uncertainty_side": null,
    "trade_count": 959,
    "coverage": 0.5559420289855073,
    "directional_accuracy": 0.570385818561001,
    "avg_actual_return": 0.0020239506091136606,
    "avg_strategy_return": 0.0020239506091136606,
    "cumulative_strategy_return": 1.9409686341400003,
    "final_equity": 4.518545644067486,
    "sampled_buy_hold_equity": 4.518545644067486
  },
  "lstm_top2_by_val": {
    "threshold": 0.0,
    "holding_period": 1,
    "uncertainty_model": null,
    "uncertainty_quantile": null,
    "max_uncertainty": null,
    "uncertainty_side": null,
    "trade_count": 722,
    "coverage": 0.41855072463768117,
    "directional_accuracy": 0.6024930747922438,
    "avg_actual_return": 0.0021719383486980613,
    "avg_strategy_return": 0.0021719383486980613,
    "cumulative_strategy_return": 1.5681394877600003,
    "final_equity": 3.548649654221949,
    "sampled_buy_hold_equity": 3.548649654221949
  },
  "lstm_ensemble": {
    "threshold": 0.0,
    "holding_period": 1,
    "uncertainty_model": null,
    "uncertainty_quantile": null,
    "max_uncertainty": null,
    "uncertainty_side": null,
    "trade_count": 797,
    "coverage": 0.46202898550724636,
    "directional_accuracy": 0.6047678795483061,
    "avg_actual_return": 0.0017928462771141785,
    "avg_strategy_return": 0.0017928462771141785,
    "cumulative_strategy_return": 1.4288984828600002,
    "final_equity": 3.059460143959134,
    "sampled_buy_hold_equity": 3.059460143959134
  },
  "linear_regression": {
    "threshold": 0.005,
    "holding_period": 1,
    "uncertainty_model": null,
    "uncertainty_quantile": null,
    "max_uncertainty": null,
    "uncertainty_side": null,
    "trade_count": 427,
    "coverage": 0.24753623188405796,
    "directional_accuracy": 0.5807962529274004,
    "avg_actual_return": 0.0024659450996721306,
    "avg_strategy_return": 0.0024659450996721306,
    "cumulative_strategy_return": 1.0529585575599998,
    "final_equity": 2.5108621525982597,
    "sampled_buy_hold_equity": 2.5108621525982597
  },
  "lstm_signmag_ensemble": {
    "threshold": 0.0,
    "holding_period": 1,
    "uncertainty_model": null,
    "uncertainty_quantile": null,
    "max_uncertainty": null,
    "uncertainty_side": null,
    "trade_count": 635,
    "coverage": 0.3681159420289855,
    "directional_accuracy": 0.5716535433070866,
    "avg_actual_return": 0.001692460959118111,
    "avg_strategy_return": 0.001692460959118111,
    "cumulative_strategy_return": 1.0747127090400004,
    "final_equity": 2.1598091442340563,
    "sampled_buy_hold_equity": 2.1598091442340563
  },
  "lstm_seed_52": {
    "threshold": 0.0,
    "holding_period": 1,
    "uncertainty_model": null,
    "uncertainty_quantile": null,
    "max_uncertainty": null,
    "uncertainty_side": null,
    "trade_count": 557,
    "coverage": 0.3228985507246377,
    "directional_accuracy": 0.5798922800718133,
    "avg_actual_return": 0.0013268115832315982,
    "avg_strategy_return": 0.0013268115832315982,
    "cumulative_strategy_return": 0.7390340518600003,
    "final_equity": 1.6283539321338028,
    "sampled_buy_hold_equity": 1.6283539321338028
  },
  "lstm_signmag_best_by_val": {
    "threshold": 0.0,
    "holding_period": 1,
    "uncertainty_model": null,
    "uncertainty_quantile": null,
    "max_uncertainty": null,
    "uncertainty_side": null,
    "trade_count": 111,
    "coverage": 0.06434782608695652,
    "directional_accuracy": 0.6036036036036037,
    "avg_actual_return": 0.004338584423423423,
    "avg_strategy_return": 0.004338584423423423,
    "cumulative_strategy_return": 0.48158287099999997,
    "final_equity": 1.5202995762370513,
    "sampled_buy_hold_equity": 1.5202995762370513
  },
  "lstm_signmag_seed_52": {
    "threshold": 0.0,
    "holding_period": 1,
    "uncertainty_model": null,
    "uncertainty_quantile": null,
    "max_uncertainty": null,
    "uncertainty_side": null,
    "trade_count": 111,
    "coverage": 0.06434782608695652,
    "directional_accuracy": 0.6036036036036037,
    "avg_actual_return": 0.004338584423423423,
    "avg_strategy_return": 0.004338584423423423,
    "cumulative_strategy_return": 0.48158287099999997,
    "final_equity": 1.5202995762370513,
    "sampled_buy_hold_equity": 1.5202995762370513
  },
  "lstm_seed_62": {
    "threshold": 0.0,
    "holding_period": 1,
    "uncertainty_model": null,
    "uncertainty_quantile": null,
    "max_uncertainty": null,
    "uncertainty_side": null,
    "trade_count": 892,
    "coverage": 0.5171014492753623,
    "directional_accuracy": 0.6154708520179372,
    "avg_actual_return": 0.0007804076565695067,
    "avg_strategy_return": 0.0007804076565695067,
    "cumulative_strategy_return": 0.69612362966,
    "final_equity": 1.4945163611868857,
    "sampled_buy_hold_equity": 1.4945163611868857
  },
  "lstm_signmag": {
    "threshold": 0.005,
    "holding_period": 1,
    "uncertainty_model": null,
    "uncertainty_quantile": null,
    "max_uncertainty": null,
    "uncertainty_side": null,
    "trade_count": 81,
    "coverage": 0.04695652173913043,
    "directional_accuracy": 0.6049382716049383,
    "avg_actual_return": 0.004918481080246913,
    "avg_strategy_return": 0.004918481080246913,
    "cumulative_strategy_return": 0.3983969675,
    "final_equity": 1.4475359436865078,
    "sampled_buy_hold_equity": 1.4475359436865078
  },
  "lstm_signmag_seed_42": {
    "threshold": 0.005,
    "holding_period": 1,
    "uncertainty_model": null,
    "uncertainty_quantile": null,
    "max_uncertainty": null,
    "uncertainty_side": null,
    "trade_count": 81,
    "coverage": 0.04695652173913043,
    "directional_accuracy": 0.6049382716049383,