{
  "arima": {
    "threshold": 0.0,
    "holding_period": 1,
    "trade_count": 776,
    "coverage": 0.6801051709027169,
    "directional_accuracy": 0.6198453608247423,
    "avg_actual_return": 0.0020439345967783506,
    "avg_strategy_return": 0.0020439345967783506,
    "cumulative_strategy_return": 1.5860932471,
    "final_equity": 3.95817413545835,
    "sampled_buy_hold_equity": 3.95817413545835
  },
  "lstm_best_by_val": {
    "threshold": 0.0,
    "holding_period": 1,
    "trade_count": 676,
    "coverage": 0.5924627519719544,
    "directional_accuracy": 0.6301775147928994,
    "avg_actual_return": 0.001877637903106509,
    "avg_strategy_return": 0.001877637903106509,
    "cumulative_strategy_return": 1.2692832225000001,
    "final_equity": 2.9103699610363947,
    "sampled_buy_hold_equity": 2.9103699610363947
  },
  "lstm_seed_52": {
    "threshold": 0.0,
    "holding_period": 1,
    "trade_count": 676,
    "coverage": 0.5924627519719544,
    "directional_accuracy": 0.6301775147928994,
    "avg_actual_return": 0.001877637903106509,
    "avg_strategy_return": 0.001877637903106509,
    "cumulative_strategy_return": 1.2692832225000001,
    "final_equity": 2.9103699610363947,
    "sampled_buy_hold_equity": 2.9103699610363947
  },
  "lstm_top2_by_val": {
    "threshold": 0.0,
    "holding_period": 1,
    "trade_count": 791,
    "coverage": 0.6932515337423313,
    "directional_accuracy": 0.6232616940581542,
    "avg_actual_return": 0.0014858327103666245,
    "avg_strategy_return": 0.0014858327103666245,
    "cumulative_strategy_return": 1.1752936739,
    "final_equity": 2.5136393137472557,
    "sampled_buy_hold_equity": 2.5136393137472557
  },
  "linear_regression": {
    "threshold": 0.0025,
    "holding_period": 1,
    "trade_count": 376,
    "coverage": 0.32953549517966696,
    "directional_accuracy": 0.6037234042553191,
    "avg_actual_return": 0.00228170657143617,
    "avg_strategy_return": 0.00228170657143617,
    "cumulative_strategy_return": 0.85792167086,
    "final_equity": 2.0960297724595294,
    "sampled_buy_hold_equity": 2.0960297724595294
  },
  "lstm_ensemble": {
    "threshold": 0.0,
    "holding_period": 1,
    "trade_count": 779,
    "coverage": 0.6827344434706398,
    "directional_accuracy": 0.6277278562259306,
    "avg_actual_return": 0.0008661463581001285,
    "avg_strategy_return": 0.0008661463581001285,
    "cumulative_strategy_return": 0.6747280129600001,
    "final_equity": 1.5279977167955583,
    "sampled_buy_hold_equity": 1.5279977167955583
  },
  "lstm": {
    "threshold": 0.005,
    "holding_period": 1,
    "trade_count": 51,
    "coverage": 0.044697633654688866,
    "directional_accuracy": 0.6078431372549019,
    "avg_actual_return": 0.005083396927450981,
    "avg_strategy_return": 0.005083396927450981,
    "cumulative_strategy_return": 0.25925324330000005,
    "final_equity": 1.2506682665462967,
    "sampled_buy_hold_equity": 1.2506682665462967
  },
  "lstm_seed_42": {
    "threshold": 0.005,
    "holding_period": 1,
    "trade_count": 51,
    "coverage": 0.044697633654688866,
    "directional_accuracy": 0.6078431372549019,
    "avg_actual_return": 0.005083396927450981,
    "avg_strategy_return": 0.005083396927450981,
    "cumulative_strategy_return": 0.25925324330000005,
    "final_equity": 1.2506682665462967,
    "sampled_buy_hold_equity": 1.2506682665462967
  },
  "lstm_signmag_top2_by_val": {
    "threshold": 0.0025,
    "holding_period": 1,
    "trade_count": 21,
    "coverage": 0.018404907975460124,
    "directional_accuracy": 0.6190476190476191,
    "avg_actual_return": 0.008202605828571428,
    "avg_strategy_return": 0.008202605828571428,
    "cumulative_strategy_return": 0.1722547224,
    "final_equity": 1.1720792976810464,
    "sampled_buy_hold_equity": 1.1720792976810464
  },
  "lstm_signmag_seed_52": {
    "threshold": 0.0025,
    "holding_period": 1,
    "trade_count": 3,
    "coverage": 0.0026292725679228747,
    "directional_accuracy": 1.0,
    "avg_actual_return": 0.047481623333333334,
    "avg_strategy_return": 0.047481623333333334,
    "cumulative_strategy_return": 0.14244487,
    "final_equity": 1.1478947866063338,
    "sampled_buy_hold_equity": 1.1478947866063338
  },
  "lstm_signmag": {
    "threshold": 0.005,
    "holding_period": 1,
    "trade_count": 14,
    "coverage": 0.012269938650306749,
    "directional_accuracy": 0.42857142857142855,
    "avg_actual_return": 0.006478447428571429,
    "avg_strategy_return": 0.006478447428571429,
    "cumulative_strategy_return": 0.09069826400000001,
    "final_equity": 1.0859393179178671,
    "sampled_buy_hold_equity": 1.0859393179178671
  },
  "lstm_signmag_best_by_val": {
    "threshold": 0.005,
    "holding_period": 1,
    "trade_count": 14,
    "coverage": 0.012269938650306749,
    "directional_accuracy": 0.42857142857142855,
    "avg_actual_return": 0.006478447428571429,
    "avg_strategy_return": 0.006478447428571429,
    "cumulative_strategy_return": 0.09069826400000001,
    "final_equity": 1.0859393179178671,
    "sampled_buy_hold_equity": 1.0859393179178671
  },
  "lstm_signmag_seed_42": {
    "threshold": 0.005,
    "holding_period": 1,
    "trade_count": 14,
    "coverage": 0.012269938650306749,
    "directional_accuracy": 0.42857142857142855,
    "avg_actual_return": 0.006478447428571429,
    "avg_strategy_return": 0.006478447428571429,
    "cumulative_strategy_return": 0.09069826400000001,
    "final_equity": 1.0859393179178671,
    "sampled_buy_hold_equity": 1.0859393179178671
  },
  "lstm_seed_62": {
    "threshold": 0.005,
    "holding_period": 1,
    "trade_count": 66,
    "coverage": 0.057843996494303246,
    "directional_accuracy": 0.5757575757575758,
    "avg_actual_return": 0.0013966513015151517,
    "avg_strategy_return": 0.0013966513015151517,
    "cumulative_strategy_return": 0.09217898590000001,
    "final_equity": 1.0550850570451245,
    "sampled_buy_hold_equity": 1.0550850570451245
  },
  "lstm_signmag_ensemble": {
    "threshold": 0.0025,
    "holding_period": 1,
    "trade_count": 33,
    "coverage": 0.028921998247151623,
    "directional_accuracy": 0.42424242424242425,
    "avg_actual_return": 0.0022503805666666678,
    "avg_strategy_return": 0.0022503805666666678,
    "cumulative_strategy_return": 0.07426255870000004,
    "final_equity": 1.0529946365408422,
    "sampled_buy_hold_equity": 1.0529946365408422
  },
  "lstm_signmag_seed_62": {
    "threshold": 0.01,
    "holding_period": 1,
    "trade_count": 2,
    "coverage": 0.0017528483786152498,
    "directional_accuracy": 0.0,
    "avg_actual_return": -0.00710458705,
    "avg_strategy_return": -0.00710458705,
    "cumulative_strategy_return": -0.0142091741,
    "final_equity": 0.985804334694239,
    "sampled_buy_hold_equity": 0.985804334694239
  }
}