{
  "committee_best_by_val": {
    "val": {
      "rel_score": 0.006165184743272545,
      "abs_loss": 0.021363783953711392
    },
    "test": {
      "rel_score": 0.005661191667819421,
      "abs_loss": 0.025137559877475724
    }
  }
}