,raw_rel_score,alpha_rel_score,raw_directional_accuracy,alpha_directional_accuracy,raw_pred_actual_q90_ratio,alpha_pred_actual_q90_ratio
mean,-0.0001261131092887835,-0.002947033316404557,0.5167519802931172,0.49688125021187163,0.11212379237016042,0.037521480272213616
std,0.003448808069000974,0.0005514057599601786,0.0033818988764312444,0.00020828173374428066,0.022014425207016467,0.0032642718507004355
