{
  "lstm": {
    "train": {
      "mse": 0.0005495971417985857,
      "mae": 0.01612909883260727,
      "directional_accuracy": 0.4628698397848205,
      "base_loss": 0.030695139430463314,
      "abs_loss": 0.030472022073809057,
      "rel_score": 0.007268817174123199
    },
    "val": {
      "mse": 0.000324664986692369,
      "mae": 0.01226186566054821,
      "directional_accuracy": 0.4727272727272727,
      "base_loss": 0.02243113163858657,
      "abs_loss": 0.022490342978562707,
      "rel_score": -0.002639694730081299
    },
    "test": {
      "mse": 0.0005567935877479613,
      "mae": 0.01624421402812004,
      "directional_accuracy": 0.486088379705401,
      "base_loss": 0.03048264672979713,
      "abs_loss": 0.030351692937256307,
      "rel_score": 0.0042960112257186545
    }
  },
  "linear_regression": {
    "train": {
      "mse": 0.0005137359257787466,
      "mae": 0.01618286967277527,
      "directional_accuracy": 0.44215016804543583,
      "base_loss": 0.030695139430463314,
      "abs_loss": 0.031850740406662234,
      "rel_score": -0.03764768616923253
    },
    "val": {
      "mse": 0.00038745958590880036,
      "mae": 0.01425048615783453,
      "directional_accuracy": 0.4424387068778477,
      "base_loss": 0.02243113163858657,
      "abs_loss": 0.02607000209391118,
      "rel_score": -0.16222411396600855
    },
    "test": {
      "mse": 0.0005824069958180189,
      "mae": 0.017236700281500816,
      "directional_accuracy": 0.44848236869513464,
      "base_loss": 0.03048264672979713,
      "abs_loss": 0.03325581765384414,
      "rel_score": -0.09097539818733003
    }
  },
  "arima": {
    "train": {
      "mse": 0.0005434300983324647,
      "mae": 0.016267668455839157,
      "directional_accuracy": 0.43227082517681636,
      "base_loss": 0.030695139430463314,
      "abs_loss": 0.030723170886631138,
      "rel_score": -0.0009132213336684458
    },
    "val": {
      "mse": 0.00033319959766231477,
      "mae": 0.012506705708801746,
      "directional_accuracy": 0.44274246040355825,
      "base_loss": 0.02243113163858657,
      "abs_loss": 0.022563580825226387,
      "rel_score": -0.005904703729346261
    },
    "test": {
      "mse": 0.0005532468785531819,
      "mae": 0.01631990075111389,
      "directional_accuracy": 0.4423076923076923,
      "base_loss": 0.03048264672979713,
      "abs_loss": 0.03074043204833288,
      "rel_score": -0.008456789228993067
    }
  },
  "lstm_ensemble": {
    "train": {
      "mse": 0.0005482120905071497,
      "mae": 0.016114503145217896,
      "directional_accuracy": 0.4631596609600708,
      "base_loss": 0.030695139430463314,
      "abs_loss": 0.0304543981095776,
      "rel_score": 0.007842978574216564
    },
    "val": {
      "mse": 0.0003251226444263011,
      "mae": 0.012266453355550766,
      "directional_accuracy": 0.4693859839444565,
      "base_loss": 0.02243113163858657,
      "abs_loss": 0.022449799044989054,
      "rel_score": -0.0008322097477406754
    },
    "test": {
      "mse": 0.0005562244332395494,
      "mae": 0.016239510849118233,
      "directional_accuracy": 0.4820339235232852,
      "base_loss": 0.03048264672979713,
      "abs_loss": 0.030304050274935438,
      "rel_score": 0.005858954980018649
    }
  },
  "lstm_seed_42": {
    "train": {
      "mse": 0.0005495971417985857,
      "mae": 0.01612909883260727,
      "directional_accuracy": 0.4628698397848205,
      "base_loss": 0.030695139430463314,
      "abs_loss": 0.030472022073809057,
      "rel_score": 0.007268817174123199
    },
    "val": {
      "mse": 0.000324664986692369,
      "mae": 0.01226186566054821,
      "directional_accuracy": 0.4727272727272727,
      "base_loss": 0.02243113163858657,
      "abs_loss": 0.022490342978562707,
      "rel_score": -0.002639694730081299
    },
    "test": {
      "mse": 0.0005567935877479613,
      "mae": 0.01624421402812004,
      "directional_accuracy": 0.486088379705401,
      "base_loss": 0.03048264672979713,
      "abs_loss": 0.030351692937256307,
      "rel_score": 0.0042960112257186545
    }
  },
  "lstm_seed_52": {
    "train": {
      "mse": 0.0005496685625985265,
      "mae": 0.01620665192604065,
      "directional_accuracy": 0.4501177080738078,
      "base_loss": 0.030695139430463314,
      "abs_loss": 0.030597495334222916,
      "rel_score": 0.0031810930998245057
    },
    "val": {
      "mse": 0.00032811949495226145,
      "mae": 0.01237858459353447,
      "directional_accuracy": 0.45693208939032326,
      "base_loss": 0.02243113163858657,
      "abs_loss": 0.02257993278617506,
      "rel_score": -0.006633688838619145
    },
    "test": {
      "mse": 0.0005614439724013209,
      "mae": 0.016381843015551567,
      "directional_accuracy": 0.47890938848385656,
      "base_loss": 0.03048264672979713,
      "abs_loss": 0.030494663037825376,
      "rel_score": -0.0003942015972155932
    }
  },
  "lstm_seed_62": {
    "train": {
      "mse": 0.000546247058082372,
      "mae": 0.016152650117874146,
      "directional_accuracy": 0.46144615681867873,
      "base_loss": 0.030695139430463314,
      "abs_loss": 0.030485373816918588,
      "rel_score": 0.006833838107167756
    },
    "val": {
      "mse": 0.00032628493499942124,
      "mae": 0.012306072749197483,
      "directional_accuracy": 0.471816012150141,
      "base_loss": 0.02243113163858657,
      "abs_loss": 0.02257677970919761,
      "rel_score": -0.006493121834321158
    },
    "test": {
      "mse": 0.0005538554396480322,
      "mae": 0.016230158507823944,
      "directional_accuracy": 0.48426573426573427,
      "base_loss": 0.03048264672979713,
      "abs_loss": 0.03036203807787388,
      "rel_score": 0.003956633195022263
    }
  },
  "lstm_seed_72": {
    "train": {
      "mse": 0.0005647900397889316,
      "mae": 0.016244573518633842,
      "directional_accuracy": 0.4580038947898288,
      "base_loss": 0.030695139430463314,
      "abs_loss": 0.030584262474440047,
      "rel_score": 0.0036121991325188674
    },
    "val": {
      "mse": 0.0003259444492869079,
      "mae": 0.012288890779018402,
      "directional_accuracy": 0.4639618138424821,
      "base_loss": 0.02243113163858657,
      "abs_loss": 0.02255428562639282,
      "rel_score": -0.005490315414778291
    },
    "test": {
      "mse": 0.0005660515162162483,
      "mae": 0.016365576535463333,
      "directional_accuracy": 0.4757476565987204,
      "base_loss": 0.03048264672979713,
      "abs_loss": 0.030508224165532744,
      "rel_score": -0.0008390818540902067
    }
  },
  "lstm_seed_82": {
    "train": {
      "mse": 0.0005503499996848404,
      "mae": 0.016208995133638382,
      "directional_accuracy": 0.455253135915962,
      "base_loss": 0.030695139430463314,
      "abs_loss": 0.030563095698016695,
      "rel_score": 0.004301779854942511
    },
    "val": {
      "mse": 0.0003271422174293548,
      "mae": 0.012341507710516453,
      "directional_accuracy": 0.4621826860490345,
      "base_loss": 0.02243113163858657,
      "abs_loss": 0.022548381460364912,
      "rel_score": -0.005227102389103067
    },
    "test": {
      "mse": 0.0005598533898591995,
      "mae": 0.016334980726242065,
      "directional_accuracy": 0.46990775182264544,
      "base_loss": 0.03048264672979713,
      "abs_loss": 0.030429618706693876,
      "rel_score": 0.0017396134782292627
    }
  },
  "lstm_seed_92": {
    "train": {
      "mse": 0.0005528120091184974,
      "mae": 0.01621062122285366,
      "directional_accuracy": 0.45890895038973323,
      "base_loss": 0.030695139430463314,
      "abs_loss": 0.030523649835959087,
      "rel_score": 0.005586864815933512
    },
    "val": {
      "mse": 0.0003281388489995152,
      "mae": 0.012332135811448097,
      "directional_accuracy": 0.46504664786287697,
      "base_loss": 0.02243113163858657,
      "abs_loss": 0.022588471442577432,
      "rel_score": -0.007014349811946374
    },
    "test": {
      "mse": 0.000561530701816082,
      "mae": 0.01634807325899601,
      "directional_accuracy": 0.4760452313643803,