{
  "simplex_rel": {
    "tail_loss": 0.1,
    "tailstress": 0.4,
    "tailstress_past": 0.0,
    "base": 0.0,
    "instance": 0.5
  },
  "simplex_tail": {
    "tail_loss": 0.3,
    "tailstress": 0.09999999999999998,
    "tailstress_past": 0.19999999999999996,
    "base": 0.3,
    "instance": 0.09999999999999998
  },
  "gate_disagreement": [
    0.00882207462975,
    "tailstress",
    "tail_loss"
  ],
  "conservative_gate_disagreement": [
    0.0032426180400000003,
    "tail_loss",
    "tailstress"
  ],
  "gate_tailstress_abs": [
    0.008127136629999998,
    "tailstress",
    "tail_loss"
  ],
  "conservative_gate_tailstress_abs": [
    0.010284140890000001,
    "tail_loss",
    "tailstress"
  ],
  "gate_mean_positive_gap": [
    0.000872045069855899,
    "tailstress",
    "tail_loss"
  ],
  "conservative_gate_mean_positive_gap": [
    0.0020604809751298293,
    "tail_loss",
    "tailstress"
  ]
}