{
  "run_name": "broad_signmag_portable_no_identity_20260428_allvn_r01",
  "model_name": "lstm_signmag_seed_52",
  "market": "US",
  "codes_path": "market_lists/us100.txt",
  "requested_codes": 100,
  "accepted_codes": 89,
  "sector_count": 1,
  "unknown_sector_share": 1.0,
  "test_rows": 75017,
  "test_codes": 89,
  "stock_identity_enabled": false,
  "known_code_share": 0.0,
  "known_row_share": 0.0,
  "rel_score": -0.0048989294162684605,
  "directional_accuracy": 0.5029196007429282,
  "error_q2": -0.011273425072431564,
  "error_q8": 0.010247749276459217,
  "error_mean": -0.0004135620838496834,
  "error_std": 0.017359338700771332,
  "filled_feature_columns": [
    "sector_momentum_rank_pct"
  ],
  "days": 843,
  "mean_spearman_ic": 0.007793306957830469,
  "ic_t_stat": 1.1370806580279615,
  "positive_ic_days": 0.5124555160142349,
  "mean_top_bottom_return": 0.00040800900506245824,
  "quartile_equity": 1.3676149797215627,
  "quartile_hit_rate": 0.5065243179122183,
  "quartile_max_drawdown": -0.14686650601835438
}