{
  "lstm": {
    "train": {
      "mse": 0.0007782630273140967,
      "mae": 0.02066565677523613,
      "directional_accuracy": 0.48212927756653995,
      "base_loss": 0.029919596016407018,
      "abs_loss": 0.03917076569050551,
      "rel_score": -0.30920102226732693
    },
    "val": {
      "mse": 0.0011876726057380438,
      "mae": 0.026253463700413704,
      "directional_accuracy": 0.46774193548387094,
      "base_loss": 0.024357967264950278,
      "abs_loss": 0.05107184154912829,
      "rel_score": -1.0967201816802565
    },
    "test": {
      "mse": 0.002810005797073245,
      "mae": 0.04129333421587944,
      "directional_accuracy": 0.42758620689655175,
      "base_loss": 0.04275163104757666,
      "abs_loss": 0.07503884597681465,
      "rel_score": -0.7552276752507237
    }
  },
  "linear_regression": {
    "train": {
      "mse": 0.00034190755104646087,
      "mae": 0.014038745313882828,
      "directional_accuracy": 0.4615969581749049,
      "base_loss": 0.029919596016407018,
      "abs_loss": 0.037367299391189594,
      "rel_score": -0.24892392834109378
    },
    "val": {
      "mse": 0.0006102153565734625,
      "mae": 0.01825481839478016,
      "directional_accuracy": 0.42338709677419356,
      "base_loss": 0.024357967264950278,
      "abs_loss": 0.034556770161725585,
      "rel_score": -0.41870500874885397
    },
    "test": {
      "mse": 0.0020182549487799406,
      "mae": 0.03371536359190941,
      "directional_accuracy": 0.5137931034482759,
      "base_loss": 0.04275163104757666,
      "abs_loss": 0.06002505039796235,
      "rel_score": -0.40404117754391056
    }
  }
}