{
  "lstm": {
    "train": {
      "mse": 0.0005119305569678545,
      "mae": 0.015392797999083996,
      "directional_accuracy": 0.4442010132822128,
      "base_loss": 0.029170622862875462,
      "abs_loss": 0.029013388464227324,
      "rel_score": 0.0053901625408295795
    },
    "val": {
      "mse": 0.00030172651167958975,
      "mae": 0.011777381412684917,
      "directional_accuracy": 0.4507824331145886,
      "base_loss": 0.021424852311611176,
      "abs_loss": 0.021378385368734598,
      "rel_score": 0.0021688337544055747
    },
    "test": {
      "mse": 0.00041325174970552325,
      "mae": 0.013426673598587513,
      "directional_accuracy": 0.44842468709538197,
      "base_loss": 0.02410190459340811,
      "abs_loss": 0.023971809941576806,
      "rel_score": 0.00539769176029703
    }
  },
  "linear_regression": {
    "train": {
      "mse": 0.0004966388805769384,
      "mae": 0.015430285595357418,
      "directional_accuracy": 0.43356611438221737,
      "base_loss": 0.029170622862875462,
      "abs_loss": 0.02969803808955476,
      "rel_score": -0.018080355334150866
    },
    "val": {
      "mse": 0.00030985556077212095,
      "mae": 0.0120906513184309,
      "directional_accuracy": 0.43462897526501765,
      "base_loss": 0.021424852311611176,
      "abs_loss": 0.022089864447480068,
      "rel_score": -0.031039286814989575
    },
    "test": {
      "mse": 0.0004155474016442895,
      "mae": 0.013672574423253536,
      "directional_accuracy": 0.43245576176089773,
      "base_loss": 0.02410190459340811,
      "abs_loss": 0.024843804381089286,
      "rel_score": -0.030781790908096296
    }
  },
  "arima": {
    "train": {
      "mse": 0.000504960014950484,
      "mae": 0.015423310920596123,
      "directional_accuracy": 0.41188552649596055,
      "base_loss": 0.029170622862875462,
      "abs_loss": 0.029314017051365226,
      "rel_score": -0.004915705405531767
    },
    "val": {
      "mse": 0.00030694599263370037,
      "mae": 0.011877337470650673,
      "directional_accuracy": 0.43462897526501765,
      "base_loss": 0.021424852311611176,
      "abs_loss": 0.02153053687652573,
      "rel_score": -0.004932802493918587
    },
    "test": {
      "mse": 0.00041031092405319214,
      "mae": 0.013409112580120564,
      "directional_accuracy": 0.421234354769098,
      "base_loss": 0.02410190459340811,
      "abs_loss": 0.02423600227120915,
      "rel_score": -0.005563779297247384
    }
  },
  "lstm_ensemble": {
    "train": {
      "mse": 0.0005087431636638939,
      "mae": 0.015341092832386494,
      "directional_accuracy": 0.44840020083070886,
      "base_loss": 0.029170622862875462,
      "abs_loss": 0.029065200753393583,
      "rel_score": 0.0036139821208975853
    },
    "val": {
      "mse": 0.00030029279878363013,
      "mae": 0.011720536276698112,
      "directional_accuracy": 0.4538112064613831,
      "base_loss": 0.021424852311611176,
      "abs_loss": 0.021305479167494923,
      "rel_score": 0.0055717137453292764
    },
    "test": {
      "mse": 0.00040864397305995226,
      "mae": 0.013315669260919094,
      "directional_accuracy": 0.45791972378075096,
      "base_loss": 0.02410190459340811,
      "abs_loss": 0.02376432754972484,
      "rel_score": 0.014006239315028979
    }
  },
  "lstm_seed_42": {
    "train": {
      "mse": 0.0005119305569678545,
      "mae": 0.015392797999083996,
      "directional_accuracy": 0.4442010132822128,
      "base_loss": 0.029170622862875462,
      "abs_loss": 0.029013388464227324,
      "rel_score": 0.0053901625408295795
    },
    "val": {
      "mse": 0.00030172651167958975,
      "mae": 0.011777381412684917,
      "directional_accuracy": 0.4507824331145886,
      "base_loss": 0.021424852311611176,
      "abs_loss": 0.021378385368734598,
      "rel_score": 0.0021688337544055747
    },
    "test": {
      "mse": 0.00041325174970552325,
      "mae": 0.013426673598587513,
      "directional_accuracy": 0.44842468709538197,
      "base_loss": 0.02410190459340811,
      "abs_loss": 0.023971809941576806,
      "rel_score": 0.00539769176029703
    }
  },
  "lstm_seed_52": {
    "train": {
      "mse": 0.00051173783140257,
      "mae": 0.015394789166748524,
      "directional_accuracy": 0.4456616002556027,
      "base_loss": 0.029170622862875462,
      "abs_loss": 0.029165554116480058,
      "rel_score": 0.00017376202144303576
    },
    "val": {
      "mse": 0.0003001737641170621,
      "mae": 0.01175127923488617,
      "directional_accuracy": 0.4598687531549722,
      "base_loss": 0.021424852311611176,
      "abs_loss": 0.021481446106918156,
      "rel_score": -0.0026415022369283836
    },
    "test": {
      "mse": 0.0004069078422617167,
      "mae": 0.013303796760737896,
      "directional_accuracy": 0.4553301683211049,
      "base_loss": 0.02410190459340811,
      "abs_loss": 0.023950231482740496,
      "rel_score": 0.00629299274170636
    }
  },
  "lstm_seed_62": {
    "train": {
      "mse": 0.0005108579061925411,
      "mae": 0.015451077371835709,
      "directional_accuracy": 0.4410972659637592,
      "base_loss": 0.029170622862875462,
      "abs_loss": 0.02917029176605866,
      "rel_score": 1.13503512887414e-05
    },
    "val": {
      "mse": 0.0003024577163159847,
      "mae": 0.011755477637052536,
      "directional_accuracy": 0.4497728419989904,
      "base_loss": 0.021424852311611176,
      "abs_loss": 0.021332089716452174,
      "rel_score": 0.0043296725601571495
    },
    "test": {
      "mse": 0.000411605549743399,
      "mae": 0.013370342552661896,
      "directional_accuracy": 0.46741476046611996,
      "base_loss": 0.02410190459340811,
      "abs_loss": 0.024200158266467042,
      "rel_score": -0.00407659372636493
    }
  },
  "lstm_best_by_val": {
    "train": {
      "mse": 0.0005108579061925411,
      "mae": 0.015451077371835709,
      "directional_accuracy": 0.4410972659637592,
      "base_loss": 0.029170622862875462,
      "abs_loss": 0.02917029176605866,
      "rel_score": 1.13503512887414e-05
    },
    "val": {
      "mse": 0.0003024577163159847,
      "mae": 0.011755477637052536,
      "directional_accuracy": 0.4497728419989904,
      "base_loss": 0.021424852311611176,
      "abs_loss": 0.021332089716452174,
      "rel_score": 0.0043296725601571495
    },
    "test": {
      "mse": 0.000411605549743399,
      "mae": 0.013370342552661896,
      "directional_accuracy": 0.46741476046611996,
      "base_loss": 0.02410190459340811,
      "abs_loss": 0.024200158266467042,
      "rel_score": -0.00407659372636493
    }
  },
  "lstm_top2_by_val": {
    "train": {
      "mse": 0.0005087023018859327,
      "mae": 0.015354437753558159,
      "directional_accuracy": 0.4469396138573189,
      "base_loss": 0.029170622862875462,
      "abs_loss": 0.02910593850538135,
      "rel_score": 0.0022174486228209167
    },
    "val": {
      "mse": 0.0003010593354701996,
      "mae": 0.011730731464922428,
      "directional_accuracy": 0.4563351842503786,
      "base_loss": 0.021424852311611176,
      "abs_loss": 0.021291639481205493,
      "rel_score": 0.006217677884924666
    },
    "test": {
      "mse": 0.0004106062406208366,
      "mae": 0.013354028575122356,
      "directional_accuracy": 0.4561933534743202,
      "base_loss": 0.02410190459340811,
      "abs_loss": 0.02400061576627195,
      "rel_score": 0.004202523777471989
    }
  },
  "lstm_quantile": {
    "train": {
      "mse": 0.0005030416650697589,
      "mae": 0.015228989534080029,
      "directional_accuracy": 0.4546533388105345,
      "base_loss": 0.029170622862875462,
      "abs_loss": 0.029129358453246827,
      "rel_score": 0.0014145878825628788
    },
    "val": {
      "mse": 0.00030026055173948407,
      "mae": 0.011679083108901978,
      "directional_accuracy": 0.4578495709237759,
      "base_loss": 0.021424852311611176,
      "abs_loss": 0.021325583940779325,
      "rel_score": 0.004633328126983249
    },
    "test": {
      "mse": 0.0004098484059795737,
      "mae": 0.013296968303620815,