{
  "lstm": {
    "train": {
      "base_loss": 0.029170622862875462,
      "abs_loss": 0.029013388464227324,
      "rel_score": 0.0053901625408295795,
      "directional_accuracy": 0.4442010132822128,
      "error_len": 21909,
      "base_len": 21909
    },
    "val": {
      "base_loss": 0.021424852311611176,
      "abs_loss": 0.021378385368734598,
      "rel_score": 0.0021688337544055747,
      "directional_accuracy": 0.4507824331145886,
      "error_len": 1981,
      "base_len": 1981
    },
    "test": {
      "base_loss": 0.02410190459340811,
      "abs_loss": 0.023971809941576806,
      "rel_score": 0.00539769176029703,
      "directional_accuracy": 0.44842468709538197,
      "error_len": 2317,
      "base_len": 2317
    }
  },
  "linear_regression": {
    "train": {
      "base_loss": 0.029170622862875462,
      "abs_loss": 0.02969803808955476,
      "rel_score": -0.018080355334150866,
      "directional_accuracy": 0.43356611438221737,
      "error_len": 21909,
      "base_len": 21909
    },
    "val": {
      "base_loss": 0.021424852311611176,
      "abs_loss": 0.022089864447480068,
      "rel_score": -0.031039286814989575,
      "directional_accuracy": 0.43462897526501765,
      "error_len": 1981,
      "base_len": 1981
    },
    "test": {
      "base_loss": 0.02410190459340811,
      "abs_loss": 0.024843804381089286,
      "rel_score": -0.030781790908096296,
      "directional_accuracy": 0.43245576176089773,
      "error_len": 2317,
      "base_len": 2317
    }
  },
  "arima": {
    "train": {
      "base_loss": 0.029170622862875462,
      "abs_loss": 0.029314017051365226,
      "rel_score": -0.004915705405531767,
      "directional_accuracy": 0.41188552649596055,
      "error_len": 21909,
      "base_len": 21909
    },
    "val": {
      "base_loss": 0.021424852311611176,
      "abs_loss": 0.02153053687652573,
      "rel_score": -0.004932802493918587,
      "directional_accuracy": 0.43462897526501765,
      "error_len": 1981,
      "base_len": 1981
    },
    "test": {
      "base_loss": 0.02410190459340811,
      "abs_loss": 0.02423600227120915,
      "rel_score": -0.005563779297247384,
      "directional_accuracy": 0.421234354769098,
      "error_len": 2317,
      "base_len": 2317
    }
  },
  "lstm_ensemble": {
    "train": {
      "base_loss": 0.029170622862875462,
      "abs_loss": 0.029065200753393583,
      "rel_score": 0.0036139821208975853,
      "directional_accuracy": 0.44840020083070886,
      "error_len": 21909,
      "base_len": 21909
    },
    "val": {
      "base_loss": 0.021424852311611176,
      "abs_loss": 0.021305479167494923,
      "rel_score": 0.0055717137453292764,
      "directional_accuracy": 0.4538112064613831,
      "error_len": 1981,
      "base_len": 1981
    },
    "test": {
      "base_loss": 0.02410190459340811,
      "abs_loss": 0.02376432754972484,
      "rel_score": 0.014006239315028979,
      "directional_accuracy": 0.45791972378075096,
      "error_len": 2317,
      "base_len": 2317
    }
  },
  "lstm_seed_42": {
    "train": {
      "base_loss": 0.029170622862875462,
      "abs_loss": 0.029013388464227324,
      "rel_score": 0.0053901625408295795,
      "directional_accuracy": 0.4442010132822128,
      "error_len": 21909,
      "base_len": 21909
    },
    "val": {
      "base_loss": 0.021424852311611176,
      "abs_loss": 0.021378385368734598,
      "rel_score": 0.0021688337544055747,
      "directional_accuracy": 0.4507824331145886,
      "error_len": 1981,
      "base_len": 1981
    },
    "test": {
      "base_loss": 0.02410190459340811,
      "abs_loss": 0.023971809941576806,
      "rel_score": 0.00539769176029703,
      "directional_accuracy": 0.44842468709538197,
      "error_len": 2317,
      "base_len": 2317
    }
  },
  "lstm_seed_52": {
    "train": {
      "base_loss": 0.029170622862875462,
      "abs_loss": 0.029165554116480058,
      "rel_score": 0.00017376202144303576,
      "directional_accuracy": 0.4456616002556027,
      "error_len": 21909,
      "base_len": 21909
    },
    "val": {
      "base_loss": 0.021424852311611176,
      "abs_loss": 0.021481446106918156,
      "rel_score": -0.0026415022369283836,
      "directional_accuracy": 0.4598687531549722,
      "error_len": 1981,
      "base_len": 1981
    },
    "test": {
      "base_loss": 0.02410190459340811,
      "abs_loss": 0.023950231482740496,
      "rel_score": 0.00629299274170636,
      "directional_accuracy": 0.4553301683211049,
      "error_len": 2317,
      "base_len": 2317
    }
  },
  "lstm_seed_62": {
    "train": {
      "base_loss": 0.029170622862875462,
      "abs_loss": 0.02917029176605866,
      "rel_score": 1.13503512887414e-05,
      "directional_accuracy": 0.4410972659637592,
      "error_len": 21909,
      "base_len": 21909
    },
    "val": {
      "base_loss": 0.021424852311611176,
      "abs_loss": 0.021332089716452174,
      "rel_score": 0.0043296725601571495,
      "directional_accuracy": 0.4497728419989904,
      "error_len": 1981,
      "base_len": 1981
    },
    "test": {
      "base_loss": 0.02410190459340811,
      "abs_loss": 0.024200158266467042,
      "rel_score": -0.00407659372636493,
      "directional_accuracy": 0.46741476046611996,
      "error_len": 2317,
      "base_len": 2317
    }
  },
  "lstm_best_by_val": {
    "train": {
      "base_loss": 0.029170622862875462,
      "abs_loss": 0.02917029176605866,
      "rel_score": 1.13503512887414e-05,
      "directional_accuracy": 0.4410972659637592,
      "error_len": 21909,
      "base_len": 21909
    },
    "val": {
      "base_loss": 0.021424852311611176,
      "abs_loss": 0.021332089716452174,
      "rel_score": 0.0043296725601571495,
      "directional_accuracy": 0.4497728419989904,
      "error_len": 1981,
      "base_len": 1981
    },
    "test": {
      "base_loss": 0.02410190459340811,
      "abs_loss": 0.024200158266467042,
      "rel_score": -0.00407659372636493,
      "directional_accuracy": 0.46741476046611996,
      "error_len": 2317,
      "base_len": 2317
    }
  },
  "lstm_top2_by_val": {
    "train": {
      "base_loss": 0.029170622862875462,
      "abs_loss": 0.02910593850538135,
      "rel_score": 0.0022174486228209167,
      "directional_accuracy": 0.4469396138573189,
      "error_len": 21909,
      "base_len": 21909
    },
    "val": {
      "base_loss": 0.021424852311611176,
      "abs_loss": 0.021291639481205493,
      "rel_score": 0.006217677884924666,
      "directional_accuracy": 0.4563351842503786,
      "error_len": 1981,
      "base_len": 1981
    },
    "test": {
      "base_loss": 0.02410190459340811,
      "abs_loss": 0.02400061576627195,
      "rel_score": 0.004202523777471989,
      "directional_accuracy": 0.4561933534743202,
      "error_len": 2317,
      "base_len": 2317
    }
  },
  "lstm_quantile": {
    "train": {
      "base_loss": 0.029170622862875462,
      "abs_loss": 0.029129358453246827,
      "rel_score": 0.0014145878825628788,
      "directional_accuracy": 0.4546533388105345,
      "error_len": 21909,
      "base_len": 21909
    },
    "val": {
      "base_loss": 0.021424852311611176,
      "abs_loss": 0.021325583940779325,
      "rel_score": 0.004633328126983249,
      "directional_accuracy": 0.4578495709237759,
      "error_len": 1981,
      "base_len": 1981
    },
    "test": {
      "base_loss": 0.02410190459340811,
      "abs_loss": 0.024071648615063168,
      "rel_score": 0.0012553355784679088,
      "directional_accuracy": 0.4518774277082434,
      "error_len": 2317,
      "base_len": 2317
    }
  },
  "lstm_quantile_ensemble": {
    "train": {
      "base_loss": 0.029170622862875462,
      "abs_loss": 0.029055072215851404,
      "rel_score": 0.003961199168328933,
      "directional_accuracy": 0.45693550595645627,
      "error_len": 21909,
      "base_len": 21909
    },
    "val": {
      "base_loss": 0.021424852311611176,
      "abs_loss": 0.021357983583584428,
      "rel_score": 0.0031210823325259485,
      "directional_accuracy": 0.4543160020191822,
      "error_len": 1981,