loss,val_loss,val_rel_score,learning_rate
0.01239323616027832,0.011655470356345177,-0.0010485591210647183,0.00019999999494757503
0.011775854974985123,0.011314616538584232,0.00213620611219989,0.00019999999494757503
0.01156084518879652,0.01118683721870184,0.0021573793309326295,0.00019999999494757503
0.01147259958088398,0.011127781122922897,0.0006937979809943373,0.00019999999494757503
0.011425405740737915,0.011091014370322227,-0.0001596065933127111,0.00019999999494757503
0.011398691684007645,0.011078083887696266,-0.0041414697005870416,9.999999747378752e-05
0.011384722776710987,0.011066307313740253,-0.0009115555908656425,9.999999747378752e-05
0.011375132016837597,0.011056124232709408,-0.0010324286359766344,9.999999747378752e-05
0.011365617625415325,0.011052642948925495,-0.003964745027182026,4.999999873689376e-05
