loss,val_loss,val_rel_score,learning_rate
0.012424558401107788,0.011661171913146973,0.00771424312579283,0.00019999999494757503
0.011806041933596134,0.011332263238728046,0.006280011092739679,0.00019999999494757503
0.011584530584514141,0.011205227114260197,0.0008923957027312523,0.00019999999494757503
0.01148816104978323,0.011146565899252892,0.0034974963310202556,0.00019999999494757503
0.01144557073712349,0.011121625080704689,-0.0011465388003519816,9.999999747378752e-05
0.011424427852034569,0.011105283163487911,-0.0007780482565757918,9.999999747378752e-05
0.011406856589019299,0.011091283522546291,-0.0011469666619445817,9.999999747378752e-05
