{
  "lstm": {
    "train": {
      "mse": 0.0006763873971067369,
      "mae": 0.018015552312135696,
      "directional_accuracy": 0.4666610469527101,
      "base_loss": 0.034775199927389644,
      "abs_loss": 0.03428118338342756,
      "rel_score": 0.014206001546895108
    },
    "val": {
      "mse": 0.0003647261473815888,
      "mae": 0.012726242654025555,
      "directional_accuracy": 0.46060606060606063,
      "base_loss": 0.023283637501299397,
      "abs_loss": 0.023330695938784632,
      "rel_score": -0.0020210947487311337
    },
    "test": {
      "mse": 0.0007087878184393048,
      "mae": 0.018409349024295807,
      "directional_accuracy": 0.46409807355516636,
      "base_loss": 0.036360868811607355,
      "abs_loss": 0.035691059438977386,
      "rel_score": 0.018421159739069437
    }
  },
  "linear_regression": {
    "train": {
      "mse": 0.0005951334605924785,
      "mae": 0.017728451639413834,
      "directional_accuracy": 0.4506448621765152,
      "base_loss": 0.034775199927389644,
      "abs_loss": 0.03658652780577542,
      "rel_score": -0.05208677109456783
    },
    "val": {
      "mse": 0.00040618961793370545,
      "mae": 0.01421700231730938,
      "directional_accuracy": 0.4356902356902357,
      "base_loss": 0.023283637501299397,
      "abs_loss": 0.026307484437711536,
      "rel_score": -0.12987004011909153
    },
    "test": {
      "mse": 0.0007696402026340365,
      "mae": 0.020022092387080193,
      "directional_accuracy": 0.46117921774664333,
      "base_loss": 0.036360868811607355,
      "abs_loss": 0.03815907116513699,
      "rel_score": -0.04945432857631826
    }
  },
  "arima": {
    "train": {
      "mse": 0.0006535080610774457,
      "mae": 0.017987070605158806,
      "directional_accuracy": 0.45115063643260556,
      "base_loss": 0.034775199927389644,
      "abs_loss": 0.03494882979430259,
      "rel_score": -0.004992922176593861
    },
    "val": {
      "mse": 0.0003730806929524988,
      "mae": 0.01279099378734827,
      "directional_accuracy": 0.4498316498316498,
      "base_loss": 0.023283637501299397,
      "abs_loss": 0.023593929763592338,
      "rel_score": -0.013326623139345184
    },
    "test": {
      "mse": 0.0006939903250895441,
      "mae": 0.018229279667139053,
      "directional_accuracy": 0.4460011675423234,
      "base_loss": 0.036360868811607355,
      "abs_loss": 0.036437519476749,
      "rel_score": -0.002108053730475623
    }
  },
  "lstm_ensemble": {
    "train": {
      "mse": 0.000658633594866842,
      "mae": 0.017807742580771446,
      "directional_accuracy": 0.4851218073000084,
      "base_loss": 0.034775199927389644,
      "abs_loss": 0.03415028812596575,
      "rel_score": 0.01797004194738494
    },
    "val": {
      "mse": 0.00036566576454788446,
      "mae": 0.012569472193717957,
      "directional_accuracy": 0.4855218855218855,
      "base_loss": 0.023283637501299397,
      "abs_loss": 0.023200965262367392,
      "rel_score": 0.003550658221997849
    },
    "test": {
      "mse": 0.0006979998433962464,
      "mae": 0.01811274141073227,
      "directional_accuracy": 0.485697606538237,
      "base_loss": 0.036360868811607355,
      "abs_loss": 0.03503882540971972,
      "rel_score": 0.03635896074808875
    }
  },
  "lstm_seed_42": {
    "train": {
      "mse": 0.0006763873971067369,
      "mae": 0.018015552312135696,
      "directional_accuracy": 0.4666610469527101,
      "base_loss": 0.034775199927389644,
      "abs_loss": 0.03428118338342756,
      "rel_score": 0.014206001546895108
    },
    "val": {
      "mse": 0.0003647261473815888,
      "mae": 0.012726242654025555,
      "directional_accuracy": 0.46060606060606063,
      "base_loss": 0.023283637501299397,
      "abs_loss": 0.023330695938784632,
      "rel_score": -0.0020210947487311337
    },
    "test": {
      "mse": 0.0007087878184393048,
      "mae": 0.018409349024295807,
      "directional_accuracy": 0.46409807355516636,
      "base_loss": 0.036360868811607355,
      "abs_loss": 0.035691059438977386,
      "rel_score": 0.018421159739069437
    }
  },
  "lstm_seed_52": {
    "train": {
      "mse": 0.0006736887153238058,
      "mae": 0.018119586631655693,
      "directional_accuracy": 0.46025457304223216,
      "base_loss": 0.034775199927389644,
      "abs_loss": 0.03463549886364492,
      "rel_score": 0.004017261267697081
    },
    "val": {
      "mse": 0.0003730230964720249,
      "mae": 0.012801507487893105,
      "directional_accuracy": 0.4713804713804714,
      "base_loss": 0.023283637501299397,
      "abs_loss": 0.023132821451872593,
      "rel_score": 0.006477340553785349
    },
    "test": {
      "mse": 0.0007080942741595209,
      "mae": 0.0184367373585701,
      "directional_accuracy": 0.45826036193812025,
      "base_loss": 0.036360868811607355,
      "abs_loss": 0.0361987097421661,
      "rel_score": 0.004459713828110945
    }
  },
  "lstm_seed_62": {
    "train": {
      "mse": 0.0006822460563853383,
      "mae": 0.01796138659119606,
      "directional_accuracy": 0.48014836044845316,
      "base_loss": 0.034775199927389644,
      "abs_loss": 0.03361330099869521,
      "rel_score": 0.033411710964148966
    },
    "val": {
      "mse": 0.00036784709664061666,
      "mae": 0.012650279328227043,
      "directional_accuracy": 0.4841750841750842,
      "base_loss": 0.023283637501299397,
      "abs_loss": 0.02314016380842077,
      "rel_score": 0.0061619965037945645
    },
    "test": {
      "mse": 0.0007158467196859419,
      "mae": 0.018476391211152077,
      "directional_accuracy": 0.4658493870402802,
      "base_loss": 0.036360868811607355,
      "abs_loss": 0.036295188643271095,
      "rel_score": 0.0018063421057555873
    }
  },
  "lstm_seed_82": {
    "train": {
      "mse": 0.0006571204285137355,
      "mae": 0.017946554347872734,
      "directional_accuracy": 0.46876843968641996,
      "base_loss": 0.034775199927389644,
      "abs_loss": 0.03454284596518847,
      "rel_score": 0.006681599607948341
    },
    "val": {
      "mse": 0.0003728309238795191,
      "mae": 0.012754849158227444,
      "directional_accuracy": 0.4632996632996633,
      "base_loss": 0.023283637501299397,
      "abs_loss": 0.02297310823196313,
      "rel_score": 0.013336802263775982
    },
    "test": {
      "mse": 0.0006992760463617742,
      "mae": 0.018311679363250732,
      "directional_accuracy": 0.46117921774664333,
      "base_loss": 0.036360868811607355,
      "abs_loss": 0.03493303698487579,
      "rel_score": 0.03926836385922006
    }
  },
  "lstm_best_by_val": {
    "train": {
      "mse": 0.0006571204285137355,
      "mae": 0.017946554347872734,
      "directional_accuracy": 0.46876843968641996,
      "base_loss": 0.034775199927389644,
      "abs_loss": 0.03454284596518847,
      "rel_score": 0.006681599607948341
    },
    "val": {
      "mse": 0.0003728309238795191,
      "mae": 0.012754849158227444,
      "directional_accuracy": 0.4632996632996633,
      "base_loss": 0.023283637501299397,
      "abs_loss": 0.02297310823196313,
      "rel_score": 0.013336802263775982
    },
    "test": {
      "mse": 0.0006992760463617742,
      "mae": 0.018311679363250732,
      "directional_accuracy": 0.46117921774664333,
      "base_loss": 0.036360868811607355,
      "abs_loss": 0.03493303698487579,
      "rel_score": 0.03926836385922006
    }
  },
  "lstm_top2_by_val": {
    "train": {
      "mse": 0.0006576738669537008,
      "mae": 0.017911667004227638,
      "directional_accuracy": 0.4736575908286268,
      "base_loss": 0.034775199927389644,
      "abs_loss": 0.03442336248699576,
      "rel_score": 0.010117481455995003
    },
    "val": {
      "mse": 0.0003704908594954759,
      "mae": 0.012708287686109543,
      "directional_accuracy": 0.4653198653198653,
      "base_loss": 0.023283637501299397,
      "abs_loss": 0.023239466641098265,
      "rel_score": 0.0018970773015456466
    },
    "test": {
      "mse": 0.0006981594488024712,
      "mae": 0.0182489063590765,
      "directional_accuracy": 0.47285464098073554,