features,feature_count,train_rel_score,val_rel_score,test_rel_score,train_mse,val_mse,test_mse,train_mae,val_mae,test_mae,train_abs_loss,val_abs_loss,test_abs_loss
"volume_zscore_20,upper_shadow",2,-0.015599930214545088,0.030230640144778276,-0.05560697001236958,0.00037165358662605286,0.00019178453658241779,0.0005332307773642242,0.013354411348700523,0.009426741860806942,0.01604299619793892,0.025398685614345596,0.014812423277180645,0.0325783713022247
