features,feature_count,train_rel_score,val_rel_score,test_rel_score,train_mse,val_mse,test_mse,train_mae,val_mae,test_mae,train_abs_loss,val_abs_loss,test_abs_loss
"upper_shadow,lower_shadow",2,-0.012409414348907966,0.03241824712466834,9.735933125976093e-05,0.0004564322007354349,0.00016283885634038597,0.00039123406168073416,0.015704339370131493,0.009575641714036465,0.013408943079411983,0.030022387753706425,0.01674280862789601,0.023215437913313507
"close_position,upper_shadow",2,-0.011526109423870334,0.03181318471856631,-0.006513186775702007,0.0004559038789011538,0.00017033472249750048,0.00036571366945281625,0.015701256692409515,0.009793395176529884,0.013078320771455765,0.029999294097069668,0.01675327848643065,0.023155054403468968
