{
  "linear_regression": {
    "threshold": 0.0,
    "holding_period": 1,
    "trade_count": 1283,
    "coverage": 0.6006554307116105,
    "directional_accuracy": 0.5510522213561965,
    "avg_actual_return": 0.002317418583585347,
    "avg_strategy_return": 0.002317418583585347,
    "cumulative_strategy_return": 2.9732480427400003,
    "final_equity": 13.553566257653712,
    "sampled_buy_hold_equity": 13.553566257653712
  },
  "lstm_signmag_top2_by_val": {
    "threshold": 0.0,
    "holding_period": 1,
    "trade_count": 1351,
    "coverage": 0.6324906367041199,
    "directional_accuracy": 0.5529237601776462,
    "avg_actual_return": 0.0019348694316358255,
    "avg_strategy_return": 0.0019348694316358255,
    "cumulative_strategy_return": 2.61400860214,
    "final_equity": 8.491196241432936,
    "sampled_buy_hold_equity": 8.491196241432936
  },
  "lstm_ensemble": {
    "threshold": 0.0,
    "holding_period": 1,
    "trade_count": 1305,
    "coverage": 0.6109550561797753,
    "directional_accuracy": 0.5540229885057472,
    "avg_actual_return": 0.0019142487500689656,
    "avg_strategy_return": 0.0019142487500689656,
    "cumulative_strategy_return": 2.49809461884,
    "final_equity": 7.550813798552875,
    "sampled_buy_hold_equity": 7.550813798552875
  },
  "lstm_top2_by_val": {
    "threshold": 0.0,
    "holding_period": 1,
    "trade_count": 1310,
    "coverage": 0.6132958801498127,
    "directional_accuracy": 0.5503816793893129,
    "avg_actual_return": 0.001704122088732824,
    "avg_strategy_return": 0.001704122088732824,
    "cumulative_strategy_return": 2.2323999362399993,
    "final_equity": 5.845350659932285,
    "sampled_buy_hold_equity": 5.845350659932285
  },
  "lstm_signmag_ensemble": {
    "threshold": 0.0,
    "holding_period": 1,
    "trade_count": 1431,
    "coverage": 0.6699438202247191,
    "directional_accuracy": 0.5450733752620545,
    "avg_actual_return": 0.0013668493723549967,
    "avg_strategy_return": 0.0013668493723549967,
    "cumulative_strategy_return": 1.9559614518400004,
    "final_equity": 4.2331205093923945,
    "sampled_buy_hold_equity": 4.2331205093923945
  },
  "lstm_signmag_seed_52": {
    "threshold": 0.0025,
    "holding_period": 1,
    "trade_count": 357,
    "coverage": 0.16713483146067415,
    "directional_accuracy": 0.5826330532212886,
    "avg_actual_return": 0.004279215023809523,
    "avg_strategy_return": 0.004279215023809523,
    "cumulative_strategy_return": 1.5276797634999997,
    "final_equity": 3.8706378650427067,
    "sampled_buy_hold_equity": 3.8706378650427067
  },
  "lstm_seed_52": {
    "threshold": 0.005,
    "holding_period": 1,
    "trade_count": 178,
    "coverage": 0.08333333333333333,
    "directional_accuracy": 0.6067415730337079,
    "avg_actual_return": 0.007973621611235956,
    "avg_strategy_return": 0.007973621611235956,
    "cumulative_strategy_return": 1.4193046468000001,
    "final_equity": 3.7980077115788147,
    "sampled_buy_hold_equity": 3.7980077115788147
  },
  "lstm_signmag": {
    "threshold": 0.0,
    "holding_period": 1,
    "trade_count": 1446,
    "coverage": 0.6769662921348315,
    "directional_accuracy": 0.5587828492392808,
    "avg_actual_return": 0.0012837451981604425,
    "avg_strategy_return": 0.0012837451981604425,
    "cumulative_strategy_return": 1.85629555654,
    "final_equity": 3.762217484469578,
    "sampled_buy_hold_equity": 3.762217484469578
  },
  "lstm_signmag_seed_42": {
    "threshold": 0.0,
    "holding_period": 1,
    "trade_count": 1446,
    "coverage": 0.6769662921348315,
    "directional_accuracy": 0.5587828492392808,
    "avg_actual_return": 0.0012837451981604425,
    "avg_strategy_return": 0.0012837451981604425,
    "cumulative_strategy_return": 1.85629555654,
    "final_equity": 3.762217484469578,
    "sampled_buy_hold_equity": 3.762217484469578
  },
  "lstm_seed_62": {
    "threshold": 0.0,
    "holding_period": 1,
    "trade_count": 1010,
    "coverage": 0.47284644194756553,
    "directional_accuracy": 0.5495049504950495,
    "avg_actual_return": 0.0013758961236633666,
    "avg_strategy_return": 0.0013758961236633666,
    "cumulative_strategy_return": 1.3896550849000002,
    "final_equity": 2.9681434076863007,
    "sampled_buy_hold_equity": 2.9681434076863007
  },
  "lstm": {
    "threshold": 0.0,
    "holding_period": 1,
    "trade_count": 1443,
    "coverage": 0.675561797752809,
    "directional_accuracy": 0.5557865557865558,
    "avg_actual_return": 0.0010671879045322248,
    "avg_strategy_return": 0.0010671879045322248,
    "cumulative_strategy_return": 1.5399521462400003,
    "final_equity": 2.738137657388786,
    "sampled_buy_hold_equity": 2.738137657388786
  },
  "lstm_best_by_val": {
    "threshold": 0.0,
    "holding_period": 1,
    "trade_count": 1443,
    "coverage": 0.675561797752809,
    "directional_accuracy": 0.5557865557865558,
    "avg_actual_return": 0.0010671879045322248,
    "avg_strategy_return": 0.0010671879045322248,
    "cumulative_strategy_return": 1.5399521462400003,
    "final_equity": 2.738137657388786,
    "sampled_buy_hold_equity": 2.738137657388786
  },
  "lstm_seed_42": {
    "threshold": 0.0,
    "holding_period": 1,
    "trade_count": 1443,
    "coverage": 0.675561797752809,
    "directional_accuracy": 0.5557865557865558,
    "avg_actual_return": 0.0010671879045322248,
    "avg_strategy_return": 0.0010671879045322248,
    "cumulative_strategy_return": 1.5399521462400003,
    "final_equity": 2.738137657388786,
    "sampled_buy_hold_equity": 2.738137657388786
  },
  "arima": {
    "threshold": 0.0,
    "holding_period": 1,
    "trade_count": 1326,
    "coverage": 0.6207865168539326,
    "directional_accuracy": 0.5399698340874811,
    "avg_actual_return": 0.0010116130398944195,
    "avg_strategy_return": 0.0010116130398944195,
    "cumulative_strategy_return": 1.3413988909000003,
    "final_equity": 2.3067029838191107,
    "sampled_buy_hold_equity": 2.3067029838191107
  },
  "lstm_signmag_best_by_val": {
    "threshold": 0.0,
    "holding_period": 1,
    "trade_count": 1017,
    "coverage": 0.476123595505618,
    "directional_accuracy": 0.543756145526057,
    "avg_actual_return": 0.0010652564562438544,
    "avg_strategy_return": 0.0010652564562438544,
    "cumulative_strategy_return": 1.083365816,
    "final_equity": 2.229198837947124,
    "sampled_buy_hold_equity": 2.229198837947124
  },
  "lstm_signmag_seed_62": {
    "threshold": 0.0,
    "holding_period": 1,
    "trade_count": 1017,
    "coverage": 0.476123595505618,
    "directional_accuracy": 0.543756145526057,
    "avg_actual_return": 0.0010652564562438544,
    "avg_strategy_return": 0.0010652564562438544,
    "cumulative_strategy_return": 1.083365816,
    "final_equity": 2.229198837947124,
    "sampled_buy_hold_equity": 2.229198837947124
  }
}