{
  "arima": {
    "threshold": 0.0,
    "holding_period": 1,
    "trade_count": 1584,
    "coverage": 0.6006825938566553,
    "directional_accuracy": 0.5940656565656566,
    "avg_actual_return": 0.003616809917361111,
    "avg_strategy_return": 0.003616809917361111,
    "cumulative_strategy_return": 5.7290269091,
    "final_equity": 220.35723379488218,
    "sampled_buy_hold_equity": 220.35723379488218
  },
  "lstm_best_by_val": {
    "threshold": 0.0,
    "holding_period": 1,
    "trade_count": 1664,
    "coverage": 0.6310200985968905,
    "directional_accuracy": 0.5667067307692307,
    "avg_actual_return": 0.0017459467382211539,
    "avg_strategy_return": 0.0017459467382211539,
    "cumulative_strategy_return": 2.9052553724,
    "final_equity": 13.09765601978441,
    "sampled_buy_hold_equity": 13.09765601978441
  },
  "lstm_seed_52": {
    "threshold": 0.0,
    "holding_period": 1,
    "trade_count": 1664,
    "coverage": 0.6310200985968905,
    "directional_accuracy": 0.5667067307692307,
    "avg_actual_return": 0.0017459467382211539,
    "avg_strategy_return": 0.0017459467382211539,
    "cumulative_strategy_return": 2.9052553724,
    "final_equity": 13.09765601978441,
    "sampled_buy_hold_equity": 13.09765601978441
  },
  "linear_regression": {
    "threshold": 0.0,
    "holding_period": 1,
    "trade_count": 1603,
    "coverage": 0.6078877512324611,
    "directional_accuracy": 0.5601996257018091,
    "avg_actual_return": 0.0017644203973175296,
    "avg_strategy_return": 0.0017644203973175296,
    "cumulative_strategy_return": 2.8283658969,
    "final_equity": 11.959475175187322,
    "sampled_buy_hold_equity": 11.959475175187322
  },
  "lstm_signmag_seed_62": {
    "threshold": 0.0,
    "holding_period": 1,
    "trade_count": 1191,
    "coverage": 0.45164960182025027,
    "directional_accuracy": 0.5768261964735516,
    "avg_actual_return": 0.0020297300710327456,
    "avg_strategy_return": 0.0020297300710327456,
    "cumulative_strategy_return": 2.4174085146,
    "final_equity": 8.479391477921421,
    "sampled_buy_hold_equity": 8.479391477921421
  },
  "lstm_signmag_seed_52": {
    "threshold": 0.0,
    "holding_period": 1,
    "trade_count": 1889,
    "coverage": 0.7163443306788017,
    "directional_accuracy": 0.5685547908946532,
    "avg_actual_return": 0.0013397882347803071,
    "avg_strategy_return": 0.0013397882347803071,
    "cumulative_strategy_return": 2.5308599755000003,
    "final_equity": 8.312784820272345,
    "sampled_buy_hold_equity": 8.312784820272345
  },
  "lstm_signmag_ensemble": {
    "threshold": 0.0,
    "holding_period": 1,
    "trade_count": 1560,
    "coverage": 0.5915813424345847,
    "directional_accuracy": 0.5634615384615385,
    "avg_actual_return": 0.0015338188313461535,
    "avg_strategy_return": 0.0015338188313461535,
    "cumulative_strategy_return": 2.3927573768999997,
    "final_equity": 7.362568900203495,
    "sampled_buy_hold_equity": 7.362568900203495
  },
  "lstm_signmag": {
    "threshold": 0.0,
    "holding_period": 1,
    "trade_count": 900,
    "coverage": 0.3412969283276451,
    "directional_accuracy": 0.56,
    "avg_actual_return": 0.0022967722007777775,
    "avg_strategy_return": 0.0022967722007777775,
    "cumulative_strategy_return": 2.0670949807,
    "final_equity": 6.019279170161125,
    "sampled_buy_hold_equity": 6.019279170161125
  },
  "lstm_signmag_best_by_val": {
    "threshold": 0.0,
    "holding_period": 1,
    "trade_count": 900,
    "coverage": 0.3412969283276451,
    "directional_accuracy": 0.56,
    "avg_actual_return": 0.0022967722007777775,
    "avg_strategy_return": 0.0022967722007777775,
    "cumulative_strategy_return": 2.0670949807,
    "final_equity": 6.019279170161125,
    "sampled_buy_hold_equity": 6.019279170161125
  },
  "lstm_signmag_seed_42": {
    "threshold": 0.0,
    "holding_period": 1,
    "trade_count": 900,
    "coverage": 0.3412969283276451,
    "directional_accuracy": 0.56,
    "avg_actual_return": 0.0022967722007777775,
    "avg_strategy_return": 0.0022967722007777775,
    "cumulative_strategy_return": 2.0670949807,
    "final_equity": 6.019279170161125,
    "sampled_buy_hold_equity": 6.019279170161125
  },
  "lstm_seed_62": {
    "threshold": 0.0,
    "holding_period": 1,
    "trade_count": 1131,
    "coverage": 0.42889647326507396,
    "directional_accuracy": 0.5534924845269673,
    "avg_actual_return": 0.0017456753831122899,
    "avg_strategy_return": 0.0017456753831122899,
    "cumulative_strategy_return": 1.9743588582999998,
    "final_equity": 5.25553859322267,
    "sampled_buy_hold_equity": 5.25553859322267
  },
  "lstm_ensemble": {
    "threshold": 0.0,
    "holding_period": 1,
    "trade_count": 1461,
    "coverage": 0.5540386803185438,
    "directional_accuracy": 0.5550992470910335,
    "avg_actual_return": 0.0012780288095140316,
    "avg_strategy_return": 0.0012780288095140316,
    "cumulative_strategy_return": 1.8672000907000001,
    "final_equity": 4.4546022246834385,
    "sampled_buy_hold_equity": 4.4546022246834385
  },
  "lstm_top2_by_val": {
    "threshold": 0.0,
    "holding_period": 1,
    "trade_count": 1534,
    "coverage": 0.5817216533940084,
    "directional_accuracy": 0.559322033898305,
    "avg_actual_return": 0.0011921767731421123,
    "avg_strategy_return": 0.0011921767731421123,
    "cumulative_strategy_return": 1.8287991700000004,
    "final_equity": 4.312078349071695,
    "sampled_buy_hold_equity": 4.312078349071695
  },
  "lstm_signmag_top2_by_val": {
    "threshold": 0.0,
    "holding_period": 1,
    "trade_count": 1609,
    "coverage": 0.6101630640879787,
    "directional_accuracy": 0.5562461155997513,
    "avg_actual_return": 0.0011369594617775015,
    "avg_strategy_return": 0.0011369594617775015,
    "cumulative_strategy_return": 1.829367774,
    "final_equity": 4.217856337164469,
    "sampled_buy_hold_equity": 4.217856337164469
  },
  "lstm": {
    "threshold": 0.0025,
    "holding_period": 1,
    "trade_count": 97,
    "coverage": 0.03678422449753508,
    "directional_accuracy": 0.6391752577319587,
    "avg_actual_return": 0.011447431759793814,
    "avg_strategy_return": 0.011447431759793814,
    "cumulative_strategy_return": 1.1104008806999999,
    "final_equity": 2.870876998262006,
    "sampled_buy_hold_equity": 2.870876998262006
  },
  "lstm_seed_42": {
    "threshold": 0.0025,
    "holding_period": 1,
    "trade_count": 97,
    "coverage": 0.03678422449753508,
    "directional_accuracy": 0.6391752577319587,
    "avg_actual_return": 0.011447431759793814,
    "avg_strategy_return": 0.011447431759793814,
    "cumulative_strategy_return": 1.1104008806999999,
    "final_equity": 2.870876998262006,
    "sampled_buy_hold_equity": 2.870876998262006
  }
}