{
  "lstm": {
    "train": {
      "mse": 0.00048204060294665396,
      "mae": 0.015030466764632527,
      "directional_accuracy": 0.44106306088219527,
      "base_loss": 0.02768859875,
      "abs_loss": 0.0285234740675,
      "rel_score": -0.030152313774997275,
      "rmse": 0.021955422649247273
    },
    "val": {
      "mse": 0.000797491695266217,
      "mae": 0.0195472686902118,
      "directional_accuracy": 0.4821487822682328,
      "base_loss": 0.0375391135,
      "abs_loss": 0.037710162,
      "rel_score": -0.004556540739834025,
      "rmse": 0.028239894629420306
    }
  },
  "linear_regression": {
    "train": {
      "mse": 0.00045983504969626665,
      "mae": 0.014907532749909967,
      "directional_accuracy": 0.43114657721370153,
      "base_loss": 0.02768859875,
      "abs_loss": 0.0282043499,
      "rel_score": -0.018626841851287157,
      "rmse": 0.021443765160487467
    },
    "val": {
      "mse": 0.0007391910185106099,
      "mae": 0.019423060585265956,
      "directional_accuracy": 0.4731402216470901,
      "base_loss": 0.0375391135,
      "abs_loss": 0.03813514525,
      "rel_score": -0.015877619219750727,
      "rmse": 0.0271880676085576
    }
  },
  "arima": {
    "train": {
      "mse": 0.00047041193465702236,
      "mae": 0.014868587443998525,
      "directional_accuracy": 0.41995919284837374,
      "base_loss": 0.02768859875,
      "abs_loss": 0.02785588629,
      "rel_score": -0.006041748140107606,
      "rmse": 0.021688982259584322
    },
    "val": {
      "mse": 0.0007419089088216424,
      "mae": 0.019191227442429962,
      "directional_accuracy": 0.4688267303736147,
      "base_loss": 0.0375391135,
      "abs_loss": 0.0375792294775,
      "rel_score": -0.0010686447750023476,
      "rmse": 0.027238004718079155
    }
  },
  "lstm_ensemble": {
    "train": {
      "mse": 0.00047733914107084274,
      "mae": 0.014948276098626317,
      "directional_accuracy": 0.4463455120778794,
      "base_loss": 0.02768859875,
      "abs_loss": 0.028107475195000002,
      "rel_score": -0.01512812001726882,
      "rmse": 0.021848091168959652
    },
    "val": {
      "mse": 0.0007784642511978745,
      "mae": 0.0193668188456576,
      "directional_accuracy": 0.48853606742318667,
      "base_loss": 0.0375391135,
      "abs_loss": 0.03738036085,
      "rel_score": 0.004228993047478258,
      "rmse": 0.027900971802717642
    }
  },
  "lstm_seed_42": {
    "train": {
      "mse": 0.00048204060294665396,
      "mae": 0.015030466764632527,
      "directional_accuracy": 0.44106306088219527,
      "base_loss": 0.02768859875,
      "abs_loss": 0.0285234740675,
      "rel_score": -0.030152313774997275,
      "rmse": 0.021955422649247273
    },
    "val": {
      "mse": 0.000797491695266217,
      "mae": 0.0195472686902118,
      "directional_accuracy": 0.4821487822682328,
      "base_loss": 0.0375391135,
      "abs_loss": 0.037710162,
      "rel_score": -0.004556540739834025,
      "rmse": 0.028239894629420306
    }
  },
  "lstm_seed_52": {
    "train": {
      "mse": 0.00048367175622843206,
      "mae": 0.01520318181257043,
      "directional_accuracy": 0.4436913181055799,
      "base_loss": 0.02768859875,
      "abs_loss": 0.02845785085,
      "rel_score": -0.02778226904674974,
      "rmse": 0.021992539397173234
    },
    "val": {
      "mse": 0.0007672634674236178,
      "mae": 0.019514913116420247,
      "directional_accuracy": 0.48793881478532086,
      "base_loss": 0.0375391135,
      "abs_loss": 0.03776416506,
      "rel_score": -0.005995121861362085,
      "rmse": 0.02769952198358454
    }
  },
  "lstm_seed_62": {
    "train": {
      "mse": 0.00048393229371868074,
      "mae": 0.015123902195325922,
      "directional_accuracy": 0.4455414728615151,
      "base_loss": 0.02768859875,
      "abs_loss": 0.028422284225,
      "rel_score": -0.026497746658270316,
      "rmse": 0.021998461424275074
    },
    "val": {
      "mse": 0.0007964698015712202,
      "mae": 0.019690789019502133,
      "directional_accuracy": 0.4832105647355498,
      "base_loss": 0.0375391135,
      "abs_loss": 0.03790660845,
      "rel_score": -0.009789654462671216,
      "rmse": 0.02822179712129872
    }
  },
  "lstm_seed_99": {
    "train": {
      "mse": 0.0004949471331201494,
      "mae": 0.015235199417201674,
      "directional_accuracy": 0.4430601905486487,
      "base_loss": 0.02768859875,
      "abs_loss": 0.028620271225,
      "rel_score": -0.03364823490751756,
      "rmse": 0.022247408056122145
    },
    "val": {
      "mse": 0.0008208528161048889,
      "mae": 0.019748472838069513,
      "directional_accuracy": 0.4838575884265711,
      "base_loss": 0.0375391135,
      "abs_loss": 0.03775272065,
      "rel_score": -0.00569025557835845,
      "rmse": 0.028650529563263118
    }
  },
  "lstm_best_by_val": {
    "train": {
      "mse": 0.00048204060294665396,
      "mae": 0.015030466764632527,
      "directional_accuracy": 0.44106306088219527,
      "base_loss": 0.02768859875,
      "abs_loss": 0.0285234740675,
      "rel_score": -0.030152313774997275,
      "rmse": 0.021955422649247273
    },
    "val": {
      "mse": 0.000797491695266217,
      "mae": 0.0195472686902118,
      "directional_accuracy": 0.4821487822682328,
      "base_loss": 0.0375391135,
      "abs_loss": 0.037710162,
      "rel_score": -0.004556540739834025,
      "rmse": 0.028239894629420306
    }
  },
  "lstm_top2_by_val": {
    "train": {
      "mse": 0.0004848310200031847,
      "mae": 0.015042356772924896,
      "directional_accuracy": 0.44251551882143414,
      "base_loss": 0.02768859875,
      "abs_loss": 0.028407387249999996,
      "rel_score": -0.025959728279857153,
      "rmse": 0.022018878797095395
    },
    "val": {
      "mse": 0.0008033768972381949,
      "mae": 0.01953382539798874,
      "directional_accuracy": 0.48480323843652534,
      "base_loss": 0.0375391135,
      "abs_loss": 0.037570285073999996,
      "rel_score": -0.0008303758691583507,
      "rmse": 0.028343902652363518
    }
  }
}