{
  "committee_best_by_val": {
    "val": {
      "rel_score": 0.01580043099460593,
      "abs_loss": 0.022573948456556543
    },
    "test": {
      "rel_score": 0.0023678024258597663,
      "abs_loss": 0.03440599840541837
    }
  }
}