n,rel_score,absE_robust,base_robust,absE_q90,DA,pred_actual_q90_ratio,market,model,alpha_rel_score,alpha_absE_robust,train_rows,val_rows,n_codes
16660,0.0006829701155914858,0.026105514881783164,0.026123356353491545,0.030712379509350286,0.5150660264105642,0.0425384258489351,JP,ridge_portable,-0.0027631511273746856,0.02035953895247076,64446,16660,26
16660,0.0,0.026123356353491545,0.026123356353491545,0.030738649517297746,0.007262905162064826,0.0,JP,zero,0.0,0.02030343748629093,64446,16660,26
16660,-0.0014910135816836867,0.026162306632613763,0.026123356353491545,0.030743218085262924,0.5163865546218488,0.047220856560763184,JP,ridge_context_adapter,-0.0025254641561720526,0.02035471308990964,64446,16660,26
58998,9.43747170324416e-05,0.026190498899086385,0.026192970853298903,0.03177967445808464,0.514254720499,0.08379654747603643,US,ridge_portable,-0.0031661076544517996,0.020177673047874125,225295,58998,89
58998,0.0,0.026192970853298903,0.026192970853298903,0.031777849048376085,0.003050950879690837,0.0,US,zero,0.0,0.020113989990204573,225295,58998,89
58998,-0.0034202475605573657,0.026282557297963652,0.026192970853298903,0.03186297314241529,0.5073392318383674,0.11775666639985312,US,ridge_context_adapter,-0.0011166219548419676,0.020136449713027107,225295,58998,89
60655,0.0,0.037808159925043584,0.037808159925043584,0.050458799302577975,0.07526172615612893,0.0,VN,zero,0.0,0.029969058372080325,134618,60655,93
60655,-0.0020407139632314664,0.03788531556492671,0.037808159925043584,0.05040119604673236,0.47293710328909405,0.03481844108055539,VN,ridge_portable,-9.17678336334049e-05,0.029971808567643164,134618,60655,93
60655,-0.0035761285096156392,0.03794336676364764,0.037808159925043584,0.05033815202768891,0.4753441595911302,0.07005501183512874,VN,ridge_context_adapter,0.000989342628255785,0.02993940870510414,134618,60655,93
