{
  "lstm": {
    "train": {
      "base_loss": 0.027129088528454314,
      "abs_loss": 0.026835185871459544,
      "rel_score": 0.010833488072646058,
      "directional_accuracy": 0.4486566065513434,
      "error_len": 13585,
      "base_len": 13585
    },
    "val": {
      "base_loss": 0.02002056194469333,
      "abs_loss": 0.01968342463951559,
      "rel_score": 0.01683955256146541,
      "directional_accuracy": 0.46048387096774196,
      "error_len": 1240,
      "base_len": 1240
    },
    "test": {
      "base_loss": 0.024732120987027886,
      "abs_loss": 0.024622781226207736,
      "rel_score": 0.004420961747579111,
      "directional_accuracy": 0.4478203434610304,
      "error_len": 1514,
      "base_len": 1514
    }
  },
  "linear_regression": {
    "train": {
      "base_loss": 0.027129088528454314,
      "abs_loss": 0.028096497477963576,
      "rel_score": -0.03565947114274026,
      "directional_accuracy": 0.4326831063673169,
      "error_len": 13585,
      "base_len": 13585
    },
    "val": {
      "base_loss": 0.02002056194469333,
      "abs_loss": 0.02158847557147965,
      "rel_score": -0.07831516573399244,
      "directional_accuracy": 0.4508064516129032,
      "error_len": 1240,
      "base_len": 1240
    },
    "test": {
      "base_loss": 0.024732120987027886,
      "abs_loss": 0.027313655964098873,
      "rel_score": -0.10437984588644911,
      "directional_accuracy": 0.43394980184940557,
      "error_len": 1514,
      "base_len": 1514
    }
  },
  "arima": {
    "train": {
      "base_loss": 0.027129088528454314,
      "abs_loss": 0.027211817802162842,
      "rel_score": -0.0030494674976551117,
      "directional_accuracy": 0.40861244019138754,
      "error_len": 13585,
      "base_len": 13585
    },
    "val": {
      "base_loss": 0.02002056194469333,
      "abs_loss": 0.020243844957440166,
      "rel_score": -0.01115268459315244,
      "directional_accuracy": 0.43306451612903224,
      "error_len": 1240,
      "base_len": 1240
    },
    "test": {
      "base_loss": 0.024732120987027886,
      "abs_loss": 0.024758953891432612,
      "rel_score": -0.0010849414984990258,
      "directional_accuracy": 0.4247027741083223,
      "error_len": 1514,
      "base_len": 1514
    }
  },
  "lstm_ensemble": {
    "train": {
      "base_loss": 0.027129088528454314,
      "abs_loss": 0.026772591256303713,
      "rel_score": 0.013140775878875854,
      "directional_accuracy": 0.45160103054839895,
      "error_len": 13585,
      "base_len": 13585
    },
    "val": {
      "base_loss": 0.02002056194469333,
      "abs_loss": 0.01998518054606393,
      "rel_score": 0.0017672530235236517,
      "directional_accuracy": 0.45241935483870965,
      "error_len": 1240,
      "base_len": 1240
    },
    "test": {
      "base_loss": 0.024732120987027886,
      "abs_loss": 0.02464333919415367,
      "rel_score": 0.0035897363158130524,
      "directional_accuracy": 0.4630118890356671,
      "error_len": 1514,
      "base_len": 1514
    }
  },
  "lstm_seed_42": {
    "train": {
      "base_loss": 0.027129088528454314,
      "abs_loss": 0.026835185871459544,
      "rel_score": 0.010833488072646058,
      "directional_accuracy": 0.4486566065513434,
      "error_len": 13585,
      "base_len": 13585
    },
    "val": {
      "base_loss": 0.02002056194469333,
      "abs_loss": 0.01968342463951559,
      "rel_score": 0.01683955256146541,
      "directional_accuracy": 0.46048387096774196,
      "error_len": 1240,
      "base_len": 1240
    },
    "test": {
      "base_loss": 0.024732120987027886,
      "abs_loss": 0.024622781226207736,
      "rel_score": 0.004420961747579111,
      "directional_accuracy": 0.4478203434610304,
      "error_len": 1514,
      "base_len": 1514
    }
  },
  "lstm_seed_52": {
    "train": {
      "base_loss": 0.027129088528454314,
      "abs_loss": 0.02699744189230842,
      "rel_score": 0.004852600779706173,
      "directional_accuracy": 0.4398233345601767,
      "error_len": 13585,
      "base_len": 13585
    },
    "val": {
      "base_loss": 0.02002056194469333,
      "abs_loss": 0.019761491578537974,
      "rel_score": 0.012940214509015058,
      "directional_accuracy": 0.45241935483870965,
      "error_len": 1240,
      "base_len": 1240
    },
    "test": {
      "base_loss": 0.024732120987027886,
      "abs_loss": 0.02465060943795834,
      "rel_score": 0.0032957767395808135,
      "directional_accuracy": 0.4464993394980185,
      "error_len": 1514,
      "base_len": 1514
    }
  },
  "lstm_seed_62": {
    "train": {
      "base_loss": 0.027129088528454314,
      "abs_loss": 0.026929012848995626,
      "rel_score": 0.0073749502954675306,
      "directional_accuracy": 0.4445344129554656,
      "error_len": 13585,
      "base_len": 13585
    },
    "val": {
      "base_loss": 0.02002056194469333,
      "abs_loss": 0.01982145180954831,
      "rel_score": 0.009945282040287329,
      "directional_accuracy": 0.4435483870967742,
      "error_len": 1240,
      "base_len": 1240
    },
    "test": {
      "base_loss": 0.024732120987027886,
      "abs_loss": 0.02487710568821058,
      "rel_score": -0.005862202487960433,
      "directional_accuracy": 0.46036988110964333,
      "error_len": 1514,
      "base_len": 1514
    }
  },
  "lstm_seed_99": {
    "train": {
      "base_loss": 0.027129088528454314,
      "abs_loss": 0.026920428429730237,
      "rel_score": 0.007691378886733435,
      "directional_accuracy": 0.4439455281560545,
      "error_len": 13585,
      "base_len": 13585
    },
    "val": {
      "base_loss": 0.02002056194469333,
      "abs_loss": 0.019755733807687664,
      "rel_score": 0.013227807378097145,
      "directional_accuracy": 0.41774193548387095,
      "error_len": 1240,
      "base_len": 1240
    },
    "test": {
      "base_loss": 0.024732120987027886,
      "abs_loss": 0.024763339056517,
      "rel_score": -0.0012622479691688504,
      "directional_accuracy": 0.4537648612945839,
      "error_len": 1514,
      "base_len": 1514
    }
  },
  "lstm_best_by_val": {
    "train": {
      "base_loss": 0.027129088528454314,
      "abs_loss": 0.026835185871459544,
      "rel_score": 0.010833488072646058,
      "directional_accuracy": 0.4486566065513434,
      "error_len": 13585,
      "base_len": 13585
    },
    "val": {
      "base_loss": 0.02002056194469333,
      "abs_loss": 0.01968342463951559,
      "rel_score": 0.01683955256146541,
      "directional_accuracy": 0.46048387096774196,
      "error_len": 1240,
      "base_len": 1240
    },
    "test": {
      "base_loss": 0.024732120987027886,
      "abs_loss": 0.024622781226207736,
      "rel_score": 0.004420961747579111,
      "directional_accuracy": 0.4478203434610304,
      "error_len": 1514,
      "base_len": 1514
    }
  },
  "lstm_top2_by_val": {
    "train": {
      "base_loss": 0.027129088528454314,
      "abs_loss": 0.02676740107126534,
      "rel_score": 0.013332090269439711,
      "directional_accuracy": 0.4486566065513434,
      "error_len": 13585,
      "base_len": 13585
    },
    "val": {
      "base_loss": 0.02002056194469333,
      "abs_loss": 0.020061845859163444,
      "rel_score": -0.002062075709171385,
      "directional_accuracy": 0.43709677419354837,
      "error_len": 1240,
      "base_len": 1240
    },
    "test": {
      "base_loss": 0.024732120987027886,
      "abs_loss": 0.024580692194285804,
      "rel_score": 0.006122758044953214,
      "directional_accuracy": 0.4623513870541612,
      "error_len": 1514,
      "base_len": 1514
    }
  },
  "lstm_signmag": {
    "train": {
      "base_loss": 0.027129088528454314,
      "abs_loss": 0.02704931407934055,
      "rel_score": 0.002940550289040944,
      "directional_accuracy": 0.440264998159735,
      "error_len": 13585,
      "base_len": 13585
    },
    "val": {
      "base_loss": 0.02002056194469333,
      "abs_loss": 0.019810361336567446,
      "rel_score": 0.010499236170621096,
      "directional_accuracy": 0.4782258064516129,
      "error_len": 1240,
      "base_len": 1240
    },