{
  "lstm": {
    "train": {
      "mse": 0.0004627802409231663,
      "mae": 0.014586859382689,
      "directional_accuracy": 0.4486566065513434,
      "base_loss": 0.027129088528454314,
      "abs_loss": 0.026835185871459544,
      "rel_score": 0.010833488072646058
    },
    "val": {
      "mse": 0.00023967349261511117,
      "mae": 0.010817217640578747,
      "directional_accuracy": 0.46048387096774196,
      "base_loss": 0.02002056194469333,
      "abs_loss": 0.01968342463951559,
      "rel_score": 0.01683955256146541
    },
    "test": {
      "mse": 0.0004177092341706157,
      "mae": 0.013686761260032654,
      "directional_accuracy": 0.4478203434610304,
      "base_loss": 0.024732120987027886,
      "abs_loss": 0.024622781226207736,
      "rel_score": 0.004420961747579111
    }
  },
  "linear_regression": {
    "train": {
      "mse": 0.00043912543333135545,
      "mae": 0.014709566719830036,
      "directional_accuracy": 0.4326831063673169,
      "base_loss": 0.027129088528454314,
      "abs_loss": 0.028096497477963576,
      "rel_score": -0.03565947114274026
    },
    "val": {
      "mse": 0.00026106295990757644,
      "mae": 0.011620541103184223,
      "directional_accuracy": 0.4508064516129032,
      "base_loss": 0.02002056194469333,
      "abs_loss": 0.02158847557147965,
      "rel_score": -0.07831516573399244
    },
    "test": {
      "mse": 0.0004292086523491889,
      "mae": 0.014400092884898186,
      "directional_accuracy": 0.43394980184940557,
      "base_loss": 0.024732120987027886,
      "abs_loss": 0.027313655964098873,
      "rel_score": -0.10437984588644911
    }
  },
  "arima": {
    "train": {
      "mse": 0.0004602312983479351,
      "mae": 0.014671017415821552,
      "directional_accuracy": 0.40861244019138754,
      "base_loss": 0.027129088528454314,
      "abs_loss": 0.027211817802162842,
      "rel_score": -0.0030494674976551117
    },
    "val": {
      "mse": 0.00024258687335532159,
      "mae": 0.01091130543500185,
      "directional_accuracy": 0.43306451612903224,
      "base_loss": 0.02002056194469333,
      "abs_loss": 0.020243844957440166,
      "rel_score": -0.01115268459315244
    },
    "test": {
      "mse": 0.00041410341509617865,
      "mae": 0.013678470626473427,
      "directional_accuracy": 0.4247027741083223,
      "base_loss": 0.024732120987027886,
      "abs_loss": 0.024758953891432612,
      "rel_score": -0.0010849414984990258
    }
  },
  "lstm_ensemble": {
    "train": {
      "mse": 0.00046041817404329777,
      "mae": 0.014515538699924946,
      "directional_accuracy": 0.45160103054839895,
      "base_loss": 0.027129088528454314,
      "abs_loss": 0.026772591256303713,
      "rel_score": 0.013140775878875854
    },
    "val": {
      "mse": 0.00023789991973899305,
      "mae": 0.010786552913486958,
      "directional_accuracy": 0.45241935483870965,
      "base_loss": 0.02002056194469333,
      "abs_loss": 0.01998518054606393,
      "rel_score": 0.0017672530235236517
    },
    "test": {
      "mse": 0.000414602633100003,
      "mae": 0.01359412632882595,
      "directional_accuracy": 0.4630118890356671,
      "base_loss": 0.024732120987027886,
      "abs_loss": 0.02464333919415367,
      "rel_score": 0.0035897363158130524
    }
  },
  "lstm_seed_42": {
    "train": {
      "mse": 0.0004627802409231663,
      "mae": 0.014586859382689,
      "directional_accuracy": 0.4486566065513434,
      "base_loss": 0.027129088528454314,
      "abs_loss": 0.026835185871459544,
      "rel_score": 0.010833488072646058
    },
    "val": {
      "mse": 0.00023967349261511117,
      "mae": 0.010817217640578747,
      "directional_accuracy": 0.46048387096774196,
      "base_loss": 0.02002056194469333,
      "abs_loss": 0.01968342463951559,
      "rel_score": 0.01683955256146541
    },
    "test": {
      "mse": 0.0004177092341706157,
      "mae": 0.013686761260032654,
      "directional_accuracy": 0.4478203434610304,
      "base_loss": 0.024732120987027886,
      "abs_loss": 0.024622781226207736,
      "rel_score": 0.004420961747579111
    }
  },
  "lstm_seed_52": {
    "train": {
      "mse": 0.00046324735740199685,
      "mae": 0.014574113301932812,
      "directional_accuracy": 0.4398233345601767,
      "base_loss": 0.027129088528454314,
      "abs_loss": 0.02699744189230842,
      "rel_score": 0.004852600779706173
    },
    "val": {
      "mse": 0.00023759818577673286,
      "mae": 0.010779001750051975,
      "directional_accuracy": 0.45241935483870965,
      "base_loss": 0.02002056194469333,
      "abs_loss": 0.019761491578537974,
      "rel_score": 0.012940214509015058
    },
    "test": {
      "mse": 0.00041468063136562705,
      "mae": 0.013625184074044228,
      "directional_accuracy": 0.4464993394980185,
      "base_loss": 0.024732120987027886,
      "abs_loss": 0.02465060943795834,
      "rel_score": 0.0032957767395808135
    }
  },
  "lstm_seed_62": {
    "train": {
      "mse": 0.00046144326915964484,
      "mae": 0.014613902196288109,
      "directional_accuracy": 0.4445344129554656,
      "base_loss": 0.027129088528454314,
      "abs_loss": 0.026929012848995626,
      "rel_score": 0.0073749502954675306
    },
    "val": {
      "mse": 0.0002398665383225307,
      "mae": 0.010882304050028324,
      "directional_accuracy": 0.4435483870967742,
      "base_loss": 0.02002056194469333,
      "abs_loss": 0.01982145180954831,
      "rel_score": 0.009945282040287329
    },
    "test": {
      "mse": 0.00041620590491220355,
      "mae": 0.013658835552632809,
      "directional_accuracy": 0.46036988110964333,
      "base_loss": 0.024732120987027886,
      "abs_loss": 0.02487710568821058,
      "rel_score": -0.005862202487960433
    }
  },
  "lstm_seed_99": {
    "train": {
      "mse": 0.0004637122619897127,
      "mae": 0.014589829370379448,
      "directional_accuracy": 0.4439455281560545,
      "base_loss": 0.027129088528454314,
      "abs_loss": 0.026920428429730237,
      "rel_score": 0.007691378886733435
    },
    "val": {
      "mse": 0.00023818164481781423,
      "mae": 0.010838520713150501,
      "directional_accuracy": 0.41774193548387095,
      "base_loss": 0.02002056194469333,
      "abs_loss": 0.019755733807687664,
      "rel_score": 0.013227807378097145
    },
    "test": {
      "mse": 0.0004171350155957043,
      "mae": 0.013650774024426937,
      "directional_accuracy": 0.4537648612945839,
      "base_loss": 0.024732120987027886,
      "abs_loss": 0.024763339056517,
      "rel_score": -0.0012622479691688504
    }
  },
  "lstm_best_by_val": {
    "train": {
      "mse": 0.0004627802409231663,
      "mae": 0.014586859382689,
      "directional_accuracy": 0.4486566065513434,
      "base_loss": 0.027129088528454314,
      "abs_loss": 0.026835185871459544,
      "rel_score": 0.010833488072646058
    },
    "val": {
      "mse": 0.00023967349261511117,
      "mae": 0.010817217640578747,
      "directional_accuracy": 0.46048387096774196,
      "base_loss": 0.02002056194469333,
      "abs_loss": 0.01968342463951559,
      "rel_score": 0.01683955256146541
    },
    "test": {
      "mse": 0.0004177092341706157,
      "mae": 0.013686761260032654,
      "directional_accuracy": 0.4478203434610304,
      "base_loss": 0.024732120987027886,
      "abs_loss": 0.024622781226207736,
      "rel_score": 0.004420961747579111
    }
  },
  "lstm_top2_by_val": {
    "train": {
      "mse": 0.0004614436184056103,
      "mae": 0.01454145833849907,
      "directional_accuracy": 0.4486566065513434,
      "base_loss": 0.027129088528454314,
      "abs_loss": 0.02676740107126534,
      "rel_score": 0.013332090269439711
    },
    "val": {
      "mse": 0.00023811147548258305,
      "mae": 0.010790578089654446,
      "directional_accuracy": 0.43709677419354837,
      "base_loss": 0.02002056194469333,
      "abs_loss": 0.020061845859163444,
      "rel_score": -0.002062075709171385
    },
    "test": {
      "mse": 0.0004163726407568902,
      "mae": 0.013635748066008091,
      "directional_accuracy": 0.4623513870541612,