features,feature_count,train_rel_score,val_rel_score,test_rel_score,train_mse,val_mse,test_mse,train_mae,val_mae,test_mae,train_abs_loss,val_abs_loss,test_abs_loss
"atr_14,volatility_ratio",2,-0.018343849778968302,0.04424791282102236,0.003656708641438633,0.0006013853708282113,0.000613388663623482,0.0008216892019845545,0.018200336024165154,0.018206028267741203,0.021114705130457878,0.035608982923440655,0.033703973898082044,0.03995116112055256
"volatility_ratio,obv_change",2,-0.02907505870647542,0.03650756636010688,-0.049546764043325586,0.0006025198381394148,0.0005956144304946065,0.000853641948197037,0.01799876242876053,0.017962509766221046,0.02191927842795849,0.0359842269390356,0.03397693216684275,0.042084502638317645
"return_3,atr_14",2,-0.04355287999782176,0.0345155957243809,-0.008070784149065036,0.0006052207900211215,0.0006306352443061769,0.0008031587349250913,0.01831580512225628,0.018291227519512177,0.020937617868185043,0.036466213513631385,0.03404717771190917,0.04042140762903727
"momentum_5,atr_14",2,-0.027910848101404095,0.03335393249747376,-0.023178208265719036,0.000607821682933718,0.0006222989177331328,0.000804486102424562,0.018332304432988167,0.018150577321648598,0.020938163623213768,0.03591961382917362,0.034088143007829794,0.041027181904064486
"high_close_gap,volatility_5",2,-0.010283894838395646,0.03297609580981642,-0.025971574460527558,0.000604550470598042,0.0006135189323686063,0.0008108903421089053,0.018213842064142227,0.018329843878746033,0.021163223311305046,0.0357395707877004,0.03410146717214957,0.04113918970688246
