{
  "committee_best_by_val": {
    "val": {
      "rel_score": 0.0164341046185158,
      "abs_loss": 0.018678276130231097
    },
    "test": {
      "rel_score": -0.009918755110578381,
      "abs_loss": 0.026082179314107654
    }
  }
}