loss,val_loss,val_rel_score,learning_rate
1.362030267715454,1.3478866815567017,-0.008758964924087564,0.00019999999494757503
