loss,magnitude_loss,sign_prob_loss,signed_prediction_loss,val_loss,val_magnitude_loss,val_sign_prob_loss,val_signed_prediction_loss,val_rel_score,learning_rate
0.10475395619869232,0.0051046633161604404,0.7947445511817932,0.011315716430544853,0.10220494121313095,0.0037517643067985773,0.7953644394874573,0.010268556885421276,-0.013325238858175492,0.00019999999494757503
0.10375189036130905,0.004074618685990572,0.7917295694351196,0.011296405456960201,0.10187423229217529,0.0037048705853521824,0.794986367225647,0.0102606900036335,-0.017429401023961955,0.00019999999494757503
0.10343831032514572,0.004059170372784138,0.7906842231750488,0.011289376765489578,0.10167631506919861,0.003687152173370123,0.794502854347229,0.010256328620016575,-0.018498352351861147,0.00019999999494757503
0.10321419686079025,0.0040474534034729,0.789659857749939,0.011283449828624725,0.10155320912599564,0.003676440566778183,0.7941489219665527,0.010253201238811016,-0.018049812028032353,0.00019999999494757503
0.1030525416135788,0.00403975136578083,0.7886724472045898,0.011277765035629272,0.10150005668401718,0.0036725488025695086,0.7939038872718811,0.010252019390463829,-0.01813966707324921,9.999999747378752e-05
0.10293997824192047,0.004037856590002775,0.787868857383728,0.01127301249653101,0.10145926475524902,0.0036696610040962696,0.7937331795692444,0.010249979794025421,-0.015636640254016898,9.999999747378752e-05
0.10286126285791397,0.0040339259430766106,0.7873311638832092,0.011270084418356419,0.10142754763364792,0.0036672488786280155,0.793606162071228,0.010247998870909214,-0.013687341228511007,9.999999747378752e-05
