loss,val_loss,val_rel_score,learning_rate
0.011952870525419712,0.01051225047558546,0.0025253999063672428,0.00019999999494757503
0.01130015216767788,0.010222164914011955,0.003823142199701257,0.00019999999494757503
0.0111233564093709,0.010121096856892109,0.0007101505840529931,0.00019999999494757503
0.011047357693314552,0.010071058757603168,0.0027730239306995585,0.00019999999494757503
0.0110069764778018,0.010037421248853207,0.0006049648121736473,0.00019999999494757503
0.010977551341056824,0.010023928247392178,-0.001809663521810334,9.999999747378752e-05
0.01096422504633665,0.010012554004788399,-0.0014308492568495534,9.999999747378752e-05
0.010955624282360077,0.010001651011407375,-0.0017690171274606925,9.999999747378752e-05
