{
  "lstm": {
    "train": {
      "base_loss": 0.02301095039999999,
      "abs_loss": 0.022860059441999998,
      "rel_score": 0.006557354449818531,
      "directional_accuracy": 0.4358802715884097,
      "error_len": 10457,
      "base_len": 10457
    },
    "val": {
      "base_loss": 0.015147859200000002,
      "abs_loss": 0.015282097152,
      "rel_score": -0.008861843130942182,
      "directional_accuracy": 0.43377148634984836,
      "error_len": 989,
      "base_len": 989
    },
    "test": {
      "base_loss": 0.0170123243,
      "abs_loss": 0.0169406523752,
      "rel_score": 0.004212941367453205,
      "directional_accuracy": 0.44995864350703063,
      "error_len": 1209,
      "base_len": 1209
    }
  },
  "linear_regression": {
    "train": {
      "base_loss": 0.02301095039999999,
      "abs_loss": 0.023361390599999997,
      "rel_score": -0.01522927970849941,
      "directional_accuracy": 0.42507411303433107,
      "error_len": 10457,
      "base_len": 10457
    },
    "val": {
      "base_loss": 0.015147859200000002,
      "abs_loss": 0.015836517734,
      "rel_score": -0.04546243300175368,
      "directional_accuracy": 0.4287158746208291,
      "error_len": 989,
      "base_len": 989
    },
    "test": {
      "base_loss": 0.0170123243,
      "abs_loss": 0.017824373120000007,
      "rel_score": -0.04773297320695957,
      "directional_accuracy": 0.4119106699751861,
      "error_len": 1209,
      "base_len": 1209
    }
  },
  "arima": {
    "train": {
      "base_loss": 0.02301095039999999,
      "abs_loss": 0.023063671554,
      "rel_score": -0.0022911332684463215,
      "directional_accuracy": 0.41694558668834275,
      "error_len": 10457,
      "base_len": 10457
    },
    "val": {
      "base_loss": 0.015147859200000002,
      "abs_loss": 0.015251719796,
      "rel_score": -0.006856453748923075,
      "directional_accuracy": 0.3943377148634985,
      "error_len": 989,
      "base_len": 989
    },
    "test": {
      "base_loss": 0.0170123243,
      "abs_loss": 0.01708871396400001,
      "rel_score": -0.0044902543975140485,
      "directional_accuracy": 0.4267990074441687,
      "error_len": 1209,
      "base_len": 1209
    }
  },
  "lstm_ensemble": {
    "train": {
      "base_loss": 0.02301095039999999,
      "abs_loss": 0.0229878478318,
      "rel_score": 0.001003981487004979,
      "directional_accuracy": 0.4350196040929521,
      "error_len": 10457,
      "base_len": 10457
    },
    "val": {
      "base_loss": 0.015147859200000002,
      "abs_loss": 0.014912452238000001,
      "rel_score": 0.01554060932913881,
      "directional_accuracy": 0.44691607684529827,
      "error_len": 989,
      "base_len": 989
    },
    "test": {
      "base_loss": 0.0170123243,
      "abs_loss": 0.016906808536,
      "rel_score": 0.006202313225359801,
      "directional_accuracy": 0.46732837055417703,
      "error_len": 1209,
      "base_len": 1209
    }
  },
  "lstm_seed_42": {
    "train": {
      "base_loss": 0.02301095039999999,
      "abs_loss": 0.022860059441999998,
      "rel_score": 0.006557354449818531,
      "directional_accuracy": 0.4358802715884097,
      "error_len": 10457,
      "base_len": 10457
    },
    "val": {
      "base_loss": 0.015147859200000002,
      "abs_loss": 0.015282097152,
      "rel_score": -0.008861843130942182,
      "directional_accuracy": 0.43377148634984836,
      "error_len": 989,
      "base_len": 989
    },
    "test": {
      "base_loss": 0.0170123243,
      "abs_loss": 0.0169406523752,
      "rel_score": 0.004212941367453205,
      "directional_accuracy": 0.44995864350703063,
      "error_len": 1209,
      "base_len": 1209
    }
  },
  "lstm_seed_52": {
    "train": {
      "base_loss": 0.02301095039999999,
      "abs_loss": 0.023151343519999996,
      "rel_score": -0.006101143914508,
      "directional_accuracy": 0.433872047432342,
      "error_len": 10457,
      "base_len": 10457
    },
    "val": {
      "base_loss": 0.015147859200000002,
      "abs_loss": 0.014829562463,
      "rel_score": 0.02101265484432291,
      "directional_accuracy": 0.4529828109201213,
      "error_len": 989,
      "base_len": 989
    },
    "test": {
      "base_loss": 0.0170123243,
      "abs_loss": 0.016429609020000006,
      "rel_score": 0.034252537732306965,
      "directional_accuracy": 0.46236559139784944,
      "error_len": 1209,
      "base_len": 1209
    }
  },
  "lstm_seed_62": {
    "train": {
      "base_loss": 0.02301095039999999,
      "abs_loss": 0.02304207916,
      "rel_score": -0.0013527802832520308,
      "directional_accuracy": 0.43922731184852254,
      "error_len": 10457,
      "base_len": 10457
    },
    "val": {
      "base_loss": 0.015147859200000002,
      "abs_loss": 0.015126305461,
      "rel_score": 0.0014228901071382527,
      "directional_accuracy": 0.435793731041456,
      "error_len": 989,
      "base_len": 989
    },
    "test": {
      "base_loss": 0.0170123243,
      "abs_loss": 0.017353482717800003,
      "rel_score": -0.020053604186231366,
      "directional_accuracy": 0.44499586435070304,
      "error_len": 1209,
      "base_len": 1209
    }
  },
  "lstm_best_by_val": {
    "train": {
      "base_loss": 0.02301095039999999,
      "abs_loss": 0.023151343519999996,
      "rel_score": -0.006101143914508,
      "directional_accuracy": 0.433872047432342,
      "error_len": 10457,
      "base_len": 10457
    },
    "val": {
      "base_loss": 0.015147859200000002,
      "abs_loss": 0.014829562463,
      "rel_score": 0.02101265484432291,
      "directional_accuracy": 0.4529828109201213,
      "error_len": 989,
      "base_len": 989
    },
    "test": {
      "base_loss": 0.0170123243,
      "abs_loss": 0.016429609020000006,
      "rel_score": 0.034252537732306965,
      "directional_accuracy": 0.46236559139784944,
      "error_len": 1209,
      "base_len": 1209
    }
  },
  "lstm_top2_by_val": {
    "train": {
      "base_loss": 0.02301095039999999,
      "abs_loss": 0.023053066629999997,
      "rel_score": -0.001830269035737242,
      "directional_accuracy": 0.4331070096586019,
      "error_len": 10457,
      "base_len": 10457
    },
    "val": {
      "base_loss": 0.015147859200000002,
      "abs_loss": 0.01484225768400001,
      "rel_score": 0.020174568034009188,
      "directional_accuracy": 0.4529828109201213,
      "error_len": 989,
      "base_len": 989
    },
    "test": {
      "base_loss": 0.0170123243,
      "abs_loss": 0.017009795338,
      "rel_score": 0.0001486547020502771,
      "directional_accuracy": 0.46236559139784944,
      "error_len": 1209,
      "base_len": 1209
    }
  },
  "lstm_signmag": {
    "train": {
      "base_loss": 0.02301095039999999,
      "abs_loss": 0.023019736995999997,
      "rel_score": -0.00038184411540020946,
      "directional_accuracy": 0.4286124127378789,
      "error_len": 10457,
      "base_len": 10457
    },
    "val": {
      "base_loss": 0.015147859200000002,
      "abs_loss": 0.015262665848,
      "rel_score": -0.007579067542428541,
      "directional_accuracy": 0.42163801820020225,
      "error_len": 989,
      "base_len": 989
    },
    "test": {
      "base_loss": 0.0170123243,
      "abs_loss": 0.016811912301000008,
      "rel_score": 0.011780400812133052,
      "directional_accuracy": 0.456575682382134,
      "error_len": 1209,
      "base_len": 1209
    }
  },
  "lstm_signmag_ensemble": {
    "train": {
      "base_loss": 0.02301095039999999,
      "abs_loss": 0.022897696881999996,
      "rel_score": 0.004921722746401347,
      "directional_accuracy": 0.4380797551879124,
      "error_len": 10457,
      "base_len": 10457
    },
    "val": {
      "base_loss": 0.015147859200000002,
      "abs_loss": 0.015159189899999998,
      "rel_score": -0.0007480066886280667,
      "directional_accuracy": 0.43882709807886755,
      "error_len": 989,
      "base_len": 989
    },
    "test": {
      "base_loss": 0.0170123243,
      "abs_loss": 0.0168758541248,
      "rel_score": 0.00802184185966881,
      "directional_accuracy": 0.4532671629445823,