{
  "lstm": {
    "train": {
      "mse": 0.00034701250842772424,
      "mae": 0.012368435971438885,
      "directional_accuracy": 0.4358802715884097,
      "base_loss": 0.02301095039999999,
      "abs_loss": 0.022860059441999998,
      "rel_score": 0.006557354449818531
    },
    "val": {
      "mse": 0.0001616406225366518,
      "mae": 0.008308421820402145,
      "directional_accuracy": 0.43377148634984836,
      "base_loss": 0.015147859200000002,
      "abs_loss": 0.015282097152,
      "rel_score": -0.008861843130942182
    },
    "test": {
      "mse": 0.0002378094068262726,
      "mae": 0.009483599103987217,
      "directional_accuracy": 0.44995864350703063,
      "base_loss": 0.0170123243,
      "abs_loss": 0.0169406523752,
      "rel_score": 0.004212941367453205
    }
  },
  "linear_regression": {
    "train": {
      "mse": 0.000339475431246683,
      "mae": 0.01247020997107029,
      "directional_accuracy": 0.42507411303433107,
      "base_loss": 0.02301095039999999,
      "abs_loss": 0.023361390599999997,
      "rel_score": -0.01522927970849941
    },
    "val": {
      "mse": 0.00016776910342741758,
      "mae": 0.008653760887682438,
      "directional_accuracy": 0.4287158746208291,
      "base_loss": 0.015147859200000002,
      "abs_loss": 0.015836517734,
      "rel_score": -0.04546243300175368
    },
    "test": {
      "mse": 0.0002402900718152523,
      "mae": 0.009732360951602459,
      "directional_accuracy": 0.4119106699751861,
      "base_loss": 0.0170123243,
      "abs_loss": 0.017824373120000007,
      "rel_score": -0.04773297320695957
    }
  },
  "arima": {
    "train": {
      "mse": 0.00034510192926973104,
      "mae": 0.012382108718156815,
      "directional_accuracy": 0.41694558668834275,
      "base_loss": 0.02301095039999999,
      "abs_loss": 0.023063671554,
      "rel_score": -0.0022911332684463215
    },
    "val": {
      "mse": 0.0001623428106540814,
      "mae": 0.008328073658049107,
      "directional_accuracy": 0.3943377148634985,
      "base_loss": 0.015147859200000002,
      "abs_loss": 0.015251719796,
      "rel_score": -0.006856453748923075
    },
    "test": {
      "mse": 0.0002385819680057466,
      "mae": 0.009520472027361393,
      "directional_accuracy": 0.4267990074441687,
      "base_loss": 0.0170123243,
      "abs_loss": 0.01708871396400001,
      "rel_score": -0.0044902543975140485
    }
  },
  "lstm_ensemble": {
    "train": {
      "mse": 0.00034766123280860484,
      "mae": 0.012393714860081673,
      "directional_accuracy": 0.4350196040929521,
      "base_loss": 0.02301095039999999,
      "abs_loss": 0.0229878478318,
      "rel_score": 0.001003981487004979
    },
    "val": {
      "mse": 0.00016130674339365214,
      "mae": 0.00827875081449747,
      "directional_accuracy": 0.44691607684529827,
      "base_loss": 0.015147859200000002,
      "abs_loss": 0.014912452238000001,
      "rel_score": 0.01554060932913881
    },
    "test": {
      "mse": 0.00023823663650546223,
      "mae": 0.00946067925542593,
      "directional_accuracy": 0.46732837055417703,
      "base_loss": 0.0170123243,
      "abs_loss": 0.016906808536,
      "rel_score": 0.006202313225359801
    }
  },
  "lstm_seed_42": {
    "train": {
      "mse": 0.00034701250842772424,
      "mae": 0.012368435971438885,
      "directional_accuracy": 0.4358802715884097,
      "base_loss": 0.02301095039999999,
      "abs_loss": 0.022860059441999998,
      "rel_score": 0.006557354449818531
    },
    "val": {
      "mse": 0.0001616406225366518,
      "mae": 0.008308421820402145,
      "directional_accuracy": 0.43377148634984836,
      "base_loss": 0.015147859200000002,
      "abs_loss": 0.015282097152,
      "rel_score": -0.008861843130942182
    },
    "test": {
      "mse": 0.0002378094068262726,
      "mae": 0.009483599103987217,
      "directional_accuracy": 0.44995864350703063,
      "base_loss": 0.0170123243,
      "abs_loss": 0.0169406523752,
      "rel_score": 0.004212941367453205
    }
  },
  "lstm_seed_52": {
    "train": {
      "mse": 0.00035163830034434795,
      "mae": 0.012531069107353687,
      "directional_accuracy": 0.433872047432342,
      "base_loss": 0.02301095039999999,
      "abs_loss": 0.023151343519999996,
      "rel_score": -0.006101143914508
    },
    "val": {
      "mse": 0.0001619303657207638,
      "mae": 0.00831061415374279,
      "directional_accuracy": 0.4529828109201213,
      "base_loss": 0.015147859200000002,
      "abs_loss": 0.014829562463,
      "rel_score": 0.02101265484432291
    },
    "test": {
      "mse": 0.00024148255761247128,
      "mae": 0.009523601271212101,
      "directional_accuracy": 0.46236559139784944,
      "base_loss": 0.0170123243,
      "abs_loss": 0.016429609020000006,
      "rel_score": 0.034252537732306965
    }
  },
  "lstm_seed_62": {
    "train": {
      "mse": 0.0003486215427983552,
      "mae": 0.012447462417185307,
      "directional_accuracy": 0.43922731184852254,
      "base_loss": 0.02301095039999999,
      "abs_loss": 0.02304207916,
      "rel_score": -0.0013527802832520308
    },
    "val": {
      "mse": 0.00016199647507164627,
      "mae": 0.008327617309987545,
      "directional_accuracy": 0.435793731041456,
      "base_loss": 0.015147859200000002,
      "abs_loss": 0.015126305461,
      "rel_score": 0.0014228901071382527
    },
    "test": {
      "mse": 0.000239643850363791,
      "mae": 0.009562673047184944,
      "directional_accuracy": 0.44499586435070304,
      "base_loss": 0.0170123243,
      "abs_loss": 0.017353482717800003,
      "rel_score": -0.020053604186231366
    }
  },
  "lstm_best_by_val": {
    "train": {
      "mse": 0.00035163830034434795,
      "mae": 0.012531069107353687,
      "directional_accuracy": 0.433872047432342,
      "base_loss": 0.02301095039999999,
      "abs_loss": 0.023151343519999996,
      "rel_score": -0.006101143914508
    },
    "val": {
      "mse": 0.0001619303657207638,
      "mae": 0.00831061415374279,
      "directional_accuracy": 0.4529828109201213,
      "base_loss": 0.015147859200000002,
      "abs_loss": 0.014829562463,
      "rel_score": 0.02101265484432291
    },
    "test": {
      "mse": 0.00024148255761247128,
      "mae": 0.009523601271212101,
      "directional_accuracy": 0.46236559139784944,
      "base_loss": 0.0170123243,
      "abs_loss": 0.016429609020000006,
      "rel_score": 0.034252537732306965
    }
  },
  "lstm_top2_by_val": {
    "train": {
      "mse": 0.0003490120288915932,
      "mae": 0.012446269392967224,
      "directional_accuracy": 0.4331070096586019,
      "base_loss": 0.02301095039999999,
      "abs_loss": 0.023053066629999997,
      "rel_score": -0.001830269035737242
    },
    "val": {
      "mse": 0.0001615613145986572,
      "mae": 0.008289807476103306,
      "directional_accuracy": 0.4529828109201213,
      "base_loss": 0.015147859200000002,
      "abs_loss": 0.01484225768400001,
      "rel_score": 0.020174568034009188
    },
    "test": {
      "mse": 0.0002395543415332213,
      "mae": 0.009497848339378834,
      "directional_accuracy": 0.46236559139784944,
      "base_loss": 0.0170123243,
      "abs_loss": 0.017009795338,
      "rel_score": 0.0001486547020502771
    }
  },
  "lstm_signmag": {
    "train": {
      "mse": 0.0003472529642749578,
      "mae": 0.012370324693620205,
      "directional_accuracy": 0.4286124127378789,
      "base_loss": 0.02301095039999999,
      "abs_loss": 0.023019736995999997,
      "rel_score": -0.00038184411540020946
    },
    "val": {
      "mse": 0.0001613475033082068,
      "mae": 0.00830495823174715,
      "directional_accuracy": 0.42163801820020225,
      "base_loss": 0.015147859200000002,
      "abs_loss": 0.015262665848,
      "rel_score": -0.007579067542428541
    },
    "test": {
      "mse": 0.00023834442254155874,
      "mae": 0.00949826743453741,
      "directional_accuracy": 0.456575682382134,
      "base_loss": 0.0170123243,
      "abs_loss": 0.016811912301000008,
      "rel_score": 0.011780400812133052
    }
  },