{
  "lstm": {
    "train": {
      "base_loss": 0.032115901,
      "abs_loss": 0.031027645028000005,
      "rel_score": 0.0338852698543316,
      "directional_accuracy": 0.4665949329942287,
      "error_len": 10223,
      "base_len": 10223
    },
    "val": {
      "base_loss": 0.0235207001,
      "abs_loss": 0.0233065674635,
      "rel_score": 0.009104007771435385,
      "directional_accuracy": 0.5060483870967742,
      "error_len": 992,
      "base_len": 992
    },
    "test": {
      "base_loss": 0.028208502299999987,
      "abs_loss": 0.029130409075999987,
      "rel_score": -0.03268187605975803,
      "directional_accuracy": 0.47980214344600164,
      "error_len": 1213,
      "base_len": 1213
    }
  },
  "linear_regression": {
    "train": {
      "base_loss": 0.032115901,
      "abs_loss": 0.03309572645,
      "rel_score": -0.030509044413855824,
      "directional_accuracy": 0.4344125990413773,
      "error_len": 10223,
      "base_len": 10223
    },
    "val": {
      "base_loss": 0.0235207001,
      "abs_loss": 0.025001618609999998,
      "rel_score": -0.06296234821683733,
      "directional_accuracy": 0.48286290322580644,
      "error_len": 992,
      "base_len": 992
    },
    "test": {
      "base_loss": 0.028208502299999987,
      "abs_loss": 0.030650520399999995,
      "rel_score": -0.0865702855837196,
      "directional_accuracy": 0.45012366034624895,
      "error_len": 1213,
      "base_len": 1213
    }
  },
  "arima": {
    "train": {
      "base_loss": 0.032115901,
      "abs_loss": 0.03227235410000001,
      "rel_score": -0.004871515203637156,
      "directional_accuracy": 0.42081580749290814,
      "error_len": 10223,
      "base_len": 10223
    },
    "val": {
      "base_loss": 0.0235207001,
      "abs_loss": 0.023755249872499995,
      "rel_score": -0.009972057443136784,
      "directional_accuracy": 0.4627016129032258,
      "error_len": 992,
      "base_len": 992
    },
    "test": {
      "base_loss": 0.028208502299999987,
      "abs_loss": 0.028881615639999997,
      "rel_score": -0.023862072960889158,
      "directional_accuracy": 0.43693322341302554,
      "error_len": 1213,
      "base_len": 1213
    }
  },
  "lstm_ensemble": {
    "train": {
      "base_loss": 0.032115901,
      "abs_loss": 0.03139257688200002,
      "rel_score": 0.02252230501021857,
      "directional_accuracy": 0.4727575075809449,
      "error_len": 10223,
      "base_len": 10223
    },
    "val": {
      "base_loss": 0.0235207001,
      "abs_loss": 0.023417111084999997,
      "rel_score": 0.004404163760414748,
      "directional_accuracy": 0.5070564516129032,
      "error_len": 992,
      "base_len": 992
    },
    "test": {
      "base_loss": 0.028208502299999987,
      "abs_loss": 0.028778417489999996,
      "rel_score": -0.02020366710500654,
      "directional_accuracy": 0.47238252267106345,
      "error_len": 1213,
      "base_len": 1213
    }
  },
  "lstm_seed_42": {
    "train": {
      "base_loss": 0.032115901,
      "abs_loss": 0.031027645028000005,
      "rel_score": 0.0338852698543316,
      "directional_accuracy": 0.4665949329942287,
      "error_len": 10223,
      "base_len": 10223
    },
    "val": {
      "base_loss": 0.0235207001,
      "abs_loss": 0.0233065674635,
      "rel_score": 0.009104007771435385,
      "directional_accuracy": 0.5060483870967742,
      "error_len": 992,
      "base_len": 992
    },
    "test": {
      "base_loss": 0.028208502299999987,
      "abs_loss": 0.029130409075999987,
      "rel_score": -0.03268187605975803,
      "directional_accuracy": 0.47980214344600164,
      "error_len": 1213,
      "base_len": 1213
    }
  },
  "lstm_seed_52": {
    "train": {
      "base_loss": 0.032115901,
      "abs_loss": 0.03192246508000001,
      "rel_score": 0.006023057550214483,
      "directional_accuracy": 0.450748312628387,
      "error_len": 10223,
      "base_len": 10223
    },
    "val": {
      "base_loss": 0.0235207001,
      "abs_loss": 0.023292167615450002,
      "rel_score": 0.009716227985492543,
      "directional_accuracy": 0.48689516129032256,
      "error_len": 992,
      "base_len": 992
    },
    "test": {
      "base_loss": 0.028208502299999987,
      "abs_loss": 0.028728038449999996,
      "rel_score": -0.018417714789487727,
      "directional_accuracy": 0.47897774113767516,
      "error_len": 1213,
      "base_len": 1213
    }
  },
  "lstm_seed_62": {
    "train": {
      "base_loss": 0.032115901,
      "abs_loss": 0.03125142124600001,
      "rel_score": 0.026917499652274968,
      "directional_accuracy": 0.46923603638853567,
      "error_len": 10223,
      "base_len": 10223
    },
    "val": {
      "base_loss": 0.0235207001,
      "abs_loss": 0.023228955010000003,
      "rel_score": 0.012403758763966266,
      "directional_accuracy": 0.5040322580645161,
      "error_len": 992,
      "base_len": 992
    },
    "test": {
      "base_loss": 0.028208502299999987,
      "abs_loss": 0.029352403399999998,
      "rel_score": -0.0405516424741208,
      "directional_accuracy": 0.45919208573784004,
      "error_len": 1213,
      "base_len": 1213
    }
  },
  "lstm_seed_99": {
    "train": {
      "base_loss": 0.032115901,
      "abs_loss": 0.032103716548000004,
      "rel_score": 0.0003793900099516856,
      "directional_accuracy": 0.4395969871857576,
      "error_len": 10223,
      "base_len": 10223
    },
    "val": {
      "base_loss": 0.0235207001,
      "abs_loss": 0.023343878515,
      "rel_score": 0.007517700759255952,
      "directional_accuracy": 0.46169354838709675,
      "error_len": 992,
      "base_len": 992
    },
    "test": {
      "base_loss": 0.028208502299999987,
      "abs_loss": 0.028489054009999997,
      "rel_score": -0.00994564358704042,
      "directional_accuracy": 0.482275350370981,
      "error_len": 1213,
      "base_len": 1213
    }
  },
  "lstm_best_by_val": {
    "train": {
      "base_loss": 0.032115901,
      "abs_loss": 0.03125142124600001,
      "rel_score": 0.026917499652274968,
      "directional_accuracy": 0.46923603638853567,
      "error_len": 10223,
      "base_len": 10223
    },
    "val": {
      "base_loss": 0.0235207001,
      "abs_loss": 0.023228955010000003,
      "rel_score": 0.012403758763966266,
      "directional_accuracy": 0.5040322580645161,
      "error_len": 992,
      "base_len": 992
    },
    "test": {
      "base_loss": 0.028208502299999987,
      "abs_loss": 0.029352403399999998,
      "rel_score": -0.0405516424741208,
      "directional_accuracy": 0.45919208573784004,
      "error_len": 1213,
      "base_len": 1213
    }
  },
  "lstm_top2_by_val": {
    "train": {
      "base_loss": 0.032115901,
      "abs_loss": 0.031455844700000006,
      "rel_score": 0.020552320795857337,
      "directional_accuracy": 0.47099677198474027,
      "error_len": 10223,
      "base_len": 10223
    },
    "val": {
      "base_loss": 0.0235207001,
      "abs_loss": 0.023381949756999997,
      "rel_score": 0.005899073684460743,
      "directional_accuracy": 0.4959677419354839,
      "error_len": 992,
      "base_len": 992
    },
    "test": {
      "base_loss": 0.028208502299999987,
      "abs_loss": 0.028781421339999995,
      "rel_score": -0.020310154502602096,
      "directional_accuracy": 0.4674361088211047,
      "error_len": 1213,
      "base_len": 1213
    }
  },
  "lstm_signmag": {
    "train": {
      "base_loss": 0.032115901,
      "abs_loss": 0.032134646096,
      "rel_score": -0.0005836702510697567,
      "directional_accuracy": 0.43822752616648736,
      "error_len": 10223,
      "base_len": 10223
    },
    "val": {
      "base_loss": 0.0235207001,
      "abs_loss": 0.023007162281999997,
      "rel_score": 0.02183344100373963,
      "directional_accuracy": 0.48588709677419356,
      "error_len": 992,
      "base_len": 992
    },
    "test": {
      "base_loss": 0.028208502299999987,
      "abs_loss": 0.02826231614,
      "rel_score": -0.0019077170218999573,
      "directional_accuracy": 0.4880461665292663,
      "error_len": 1213,