{
  "lstm": {
    "train": {
      "mse": 0.0005670986720360816,
      "mae": 0.016453789547085762,
      "directional_accuracy": 0.4665949329942287,
      "base_loss": 0.032115901,
      "abs_loss": 0.031027645028000005,
      "rel_score": 0.0338852698543316
    },
    "val": {
      "mse": 0.0003444859175942838,
      "mae": 0.012993057258427143,
      "directional_accuracy": 0.5060483870967742,
      "base_loss": 0.0235207001,
      "abs_loss": 0.0233065674635,
      "rel_score": 0.009104007771435385
    },
    "test": {
      "mse": 0.0005094516673125327,
      "mae": 0.015723401680588722,
      "directional_accuracy": 0.47980214344600164,
      "base_loss": 0.028208502299999987,
      "abs_loss": 0.029130409075999987,
      "rel_score": -0.03268187605975803
    }
  },
  "linear_regression": {
    "train": {
      "mse": 0.0005482059204950929,
      "mae": 0.016700953245162964,
      "directional_accuracy": 0.4344125990413773,
      "base_loss": 0.032115901,
      "abs_loss": 0.03309572645,
      "rel_score": -0.030509044413855824
    },
    "val": {
      "mse": 0.00037661773967556655,
      "mae": 0.013927914202213287,
      "directional_accuracy": 0.48286290322580644,
      "base_loss": 0.0235207001,
      "abs_loss": 0.025001618609999998,
      "rel_score": -0.06296234821683733
    },
    "test": {
      "mse": 0.0005125690950080752,
      "mae": 0.01615270972251892,
      "directional_accuracy": 0.45012366034624895,
      "base_loss": 0.028208502299999987,
      "abs_loss": 0.030650520399999995,
      "rel_score": -0.0865702855837196
    }
  },
  "arima": {
    "train": {
      "mse": 0.000571613956708461,
      "mae": 0.016733136028051376,
      "directional_accuracy": 0.42081580749290814,
      "base_loss": 0.032115901,
      "abs_loss": 0.03227235410000001,
      "rel_score": -0.004871515203637156
    },
    "val": {
      "mse": 0.0003530539106577635,
      "mae": 0.013215593062341213,
      "directional_accuracy": 0.4627016129032258,
      "base_loss": 0.0235207001,
      "abs_loss": 0.023755249872499995,
      "rel_score": -0.009972057443136784
    },
    "test": {
      "mse": 0.0005012413603253663,
      "mae": 0.015605470165610313,
      "directional_accuracy": 0.43693322341302554,
      "base_loss": 0.028208502299999987,
      "abs_loss": 0.028881615639999997,
      "rel_score": -0.023862072960889158
    }
  },
  "lstm_ensemble": {
    "train": {
      "mse": 0.0005645550554618239,
      "mae": 0.016430458053946495,
      "directional_accuracy": 0.4727575075809449,
      "base_loss": 0.032115901,
      "abs_loss": 0.03139257688200002,
      "rel_score": 0.02252230501021857
    },
    "val": {
      "mse": 0.000345026608556509,
      "mae": 0.013000721111893654,
      "directional_accuracy": 0.5070564516129032,
      "base_loss": 0.0235207001,
      "abs_loss": 0.023417111084999997,
      "rel_score": 0.004404163760414748
    },
    "test": {
      "mse": 0.000502260634675622,
      "mae": 0.015485853888094425,
      "directional_accuracy": 0.47238252267106345,
      "base_loss": 0.028208502299999987,
      "abs_loss": 0.028778417489999996,
      "rel_score": -0.02020366710500654
    }
  },
  "lstm_seed_42": {
    "train": {
      "mse": 0.0005670986720360816,
      "mae": 0.016453789547085762,
      "directional_accuracy": 0.4665949329942287,
      "base_loss": 0.032115901,
      "abs_loss": 0.031027645028000005,
      "rel_score": 0.0338852698543316
    },
    "val": {
      "mse": 0.0003444859175942838,
      "mae": 0.012993057258427143,
      "directional_accuracy": 0.5060483870967742,
      "base_loss": 0.0235207001,
      "abs_loss": 0.0233065674635,
      "rel_score": 0.009104007771435385
    },
    "test": {
      "mse": 0.0005094516673125327,
      "mae": 0.015723401680588722,
      "directional_accuracy": 0.47980214344600164,
      "base_loss": 0.028208502299999987,
      "abs_loss": 0.029130409075999987,
      "rel_score": -0.03268187605975803
    }
  },
  "lstm_seed_52": {
    "train": {
      "mse": 0.0005746496026404202,
      "mae": 0.016687583178281784,
      "directional_accuracy": 0.450748312628387,
      "base_loss": 0.032115901,
      "abs_loss": 0.03192246508000001,
      "rel_score": 0.006023057550214483
    },
    "val": {
      "mse": 0.000348410481819883,
      "mae": 0.013073131442070007,
      "directional_accuracy": 0.48689516129032256,
      "base_loss": 0.0235207001,
      "abs_loss": 0.023292167615450002,
      "rel_score": 0.009716227985492543
    },
    "test": {
      "mse": 0.0005053794593550265,
      "mae": 0.015564481727778912,
      "directional_accuracy": 0.47897774113767516,
      "base_loss": 0.028208502299999987,
      "abs_loss": 0.028728038449999996,
      "rel_score": -0.018417714789487727
    }
  },
  "lstm_seed_62": {
    "train": {
      "mse": 0.0005746216047555208,
      "mae": 0.016566693782806396,
      "directional_accuracy": 0.46923603638853567,
      "base_loss": 0.032115901,
      "abs_loss": 0.03125142124600001,
      "rel_score": 0.026917499652274968
    },
    "val": {
      "mse": 0.00035211245995014906,
      "mae": 0.013128681108355522,
      "directional_accuracy": 0.5040322580645161,
      "base_loss": 0.0235207001,
      "abs_loss": 0.023228955010000003,
      "rel_score": 0.012403758763966266
    },
    "test": {
      "mse": 0.0005146726034581661,
      "mae": 0.015731768682599068,
      "directional_accuracy": 0.45919208573784004,
      "base_loss": 0.028208502299999987,
      "abs_loss": 0.029352403399999998,
      "rel_score": -0.0405516424741208
    }
  },
  "lstm_seed_99": {
    "train": {
      "mse": 0.0005833124159835279,
      "mae": 0.016842534765601158,
      "directional_accuracy": 0.4395969871857576,
      "base_loss": 0.032115901,
      "abs_loss": 0.032103716548000004,
      "rel_score": 0.0003793900099516856
    },
    "val": {
      "mse": 0.00034904031781479716,
      "mae": 0.013174738734960556,
      "directional_accuracy": 0.46169354838709675,
      "base_loss": 0.0235207001,
      "abs_loss": 0.023343878515,
      "rel_score": 0.007517700759255952
    },
    "test": {
      "mse": 0.0005048205493949354,
      "mae": 0.015593273565173149,
      "directional_accuracy": 0.482275350370981,
      "base_loss": 0.028208502299999987,
      "abs_loss": 0.028489054009999997,
      "rel_score": -0.00994564358704042
    }
  },
  "lstm_best_by_val": {
    "train": {
      "mse": 0.0005746216047555208,
      "mae": 0.016566693782806396,
      "directional_accuracy": 0.46923603638853567,
      "base_loss": 0.032115901,
      "abs_loss": 0.03125142124600001,
      "rel_score": 0.026917499652274968
    },
    "val": {
      "mse": 0.00035211245995014906,
      "mae": 0.013128681108355522,
      "directional_accuracy": 0.5040322580645161,
      "base_loss": 0.0235207001,
      "abs_loss": 0.023228955010000003,
      "rel_score": 0.012403758763966266
    },
    "test": {
      "mse": 0.0005146726034581661,
      "mae": 0.015731768682599068,
      "directional_accuracy": 0.45919208573784004,
      "base_loss": 0.028208502299999987,
      "abs_loss": 0.029352403399999998,
      "rel_score": -0.0405516424741208
    }
  },
  "lstm_top2_by_val": {
    "train": {
      "mse": 0.0005675142747350037,
      "mae": 0.01648782379925251,
      "directional_accuracy": 0.47099677198474027,
      "base_loss": 0.032115901,
      "abs_loss": 0.031455844700000006,
      "rel_score": 0.020552320795857337
    },
    "val": {
      "mse": 0.0003473309043329209,
      "mae": 0.013034256175160408,
      "directional_accuracy": 0.4959677419354839,
      "base_loss": 0.0235207001,
      "abs_loss": 0.023381949756999997,
      "rel_score": 0.005899073684460743
    },
    "test": {
      "mse": 0.000505658914335072,
      "mae": 0.015555879101157188,
      "directional_accuracy": 0.4674361088211047,
      "base_loss": 0.028208502299999987,
      "abs_loss": 0.028781421339999995,
      "rel_score": -0.020310154502602096
    }
  },