{
  "lstm": {
    "train": {
      "mse": 0.00048797333147376776,
      "mae": 0.015109854394893013,
      "directional_accuracy": 0.4441668251690212,
      "base_loss": 0.02768859875,
      "abs_loss": 0.028350351955,
      "rel_score": -0.023899844516328095,
      "rmse": 0.022090118069437278
    },
    "val": {
      "mse": 0.0008142328006215394,
      "mae": 0.01971030099956161,
      "directional_accuracy": 0.4856659366912204,
      "base_loss": 0.0375391135,
      "abs_loss": 0.0376285483,
      "rel_score": -0.0023824430483687653,
      "rmse": 0.028534766502509964
    }
  },
  "linear_regression": {
    "train": {
      "mse": 0.0004601356922648847,
      "mae": 0.014911148803036883,
      "directional_accuracy": 0.4303166012484222,
      "base_loss": 0.02768859875,
      "abs_loss": 0.028193607375,
      "rel_score": -0.018238865374146096,
      "rmse": 0.02145077283526584
    },
    "val": {
      "mse": 0.0007391486433334649,
      "mae": 0.01941160694411063,
      "directional_accuracy": 0.4725761497113279,
      "base_loss": 0.0375391135,
      "abs_loss": 0.03817434525,
      "rel_score": -0.016921863378579705,
      "rmse": 0.027187287169423445
    }
  },
  "arima": {
    "train": {
      "mse": 0.00047041193465702236,
      "mae": 0.014868587443998525,
      "directional_accuracy": 0.41995919284837374,
      "base_loss": 0.02768859875,
      "abs_loss": 0.02785588629,
      "rel_score": -0.006041748140107606,
      "rmse": 0.021688982259584322
    },
    "val": {
      "mse": 0.0007419089088216424,
      "mae": 0.019191227442429962,
      "directional_accuracy": 0.4688267303736147,
      "base_loss": 0.0375391135,
      "abs_loss": 0.0375792294775,
      "rel_score": -0.0010686447750023476,
      "rmse": 0.027238004718079155
    }
  },
  "lstm_ensemble": {
    "train": {
      "mse": 0.00047313369577750564,
      "mae": 0.01490135922635885,
      "directional_accuracy": 0.4477893244341466,
      "base_loss": 0.02768859875,
      "abs_loss": 0.02806375365,
      "rel_score": -0.013549074959959828,
      "rmse": 0.021751637102786152
    },
    "val": {
      "mse": 0.0007773666293360293,
      "mae": 0.01942335986353261,
      "directional_accuracy": 0.4842723472028668,
      "base_loss": 0.0375391135,
      "abs_loss": 0.03759950618,
      "rel_score": -0.00160879345219489,
      "rmse": 0.027881294523484312
    }
  },
  "lstm_seed_42": {
    "train": {
      "mse": 0.00048797333147376776,
      "mae": 0.015109854394893013,
      "directional_accuracy": 0.4441668251690212,
      "base_loss": 0.02768859875,
      "abs_loss": 0.028350351955,
      "rel_score": -0.023899844516328095,
      "rmse": 0.022090118069437278
    },
    "val": {
      "mse": 0.0008142328006215394,
      "mae": 0.01971030099956161,
      "directional_accuracy": 0.4856659366912204,
      "base_loss": 0.0375391135,
      "abs_loss": 0.0376285483,
      "rel_score": -0.0023824430483687653,
      "rmse": 0.028534766502509964
    }
  },
  "lstm_seed_52": {
    "train": {
      "mse": 0.0004733362002298236,
      "mae": 0.014962513016261374,
      "directional_accuracy": 0.44133107395431675,
      "base_loss": 0.02768859875,
      "abs_loss": 0.028332213395,
      "rel_score": -0.02324475322175701,
      "rmse": 0.021756290094369586
    },
    "val": {
      "mse": 0.000773539359215647,
      "mae": 0.019606403340784714,
      "directional_accuracy": 0.474301546220718,
      "base_loss": 0.0375391135,
      "abs_loss": 0.0382643109,
      "rel_score": -0.01931844767724744,
      "rmse": 0.027812576481740185
    }
  },
  "lstm_seed_62": {
    "train": {
      "mse": 0.00048258714377880096,
      "mae": 0.015135669235971639,
      "directional_accuracy": 0.4430169626337904,
      "base_loss": 0.02768859875,
      "abs_loss": 0.028468191885,
      "rel_score": -0.028155745331821747,
      "rmse": 0.021967866239380268
    },
    "val": {
      "mse": 0.0007968335412442684,
      "mae": 0.019716149791123395,
      "directional_accuracy": 0.4787311699515562,
      "base_loss": 0.0375391135,
      "abs_loss": 0.0380155095,
      "rel_score": -0.012690656640040432,
      "rmse": 0.0282282407031936
    }
  },
  "lstm_seed_99": {
    "train": {
      "mse": 0.0004817368171643466,
      "mae": 0.015072106937327488,
      "directional_accuracy": 0.44351840644614665,
      "base_loss": 0.02768859875,
      "abs_loss": 0.028254890613,
      "rel_score": -0.02045216762729818,
      "rmse": 0.021948503669189143
    },
    "val": {
      "mse": 0.0007938743219710886,
      "mae": 0.019647007331537642,
      "directional_accuracy": 0.48042338575884264,
      "base_loss": 0.0375391135,
      "abs_loss": 0.037793723725,
      "rel_score": -0.0067825316386334045,
      "rmse": 0.028175775793693247
    }
  },
  "lstm_best_by_val": {
    "train": {
      "mse": 0.00048797333147376776,
      "mae": 0.015109854394893013,
      "directional_accuracy": 0.4441668251690212,
      "base_loss": 0.02768859875,
      "abs_loss": 0.028350351955,
      "rel_score": -0.023899844516328095,
      "rmse": 0.022090118069437278
    },
    "val": {
      "mse": 0.0008142328006215394,
      "mae": 0.01971030099956161,
      "directional_accuracy": 0.4856659366912204,
      "base_loss": 0.0375391135,
      "abs_loss": 0.0376285483,
      "rel_score": -0.0023824430483687653,
      "rmse": 0.028534766502509964
    }
  },
  "lstm_top2_by_val": {
    "train": {
      "mse": 0.0004818849847652018,
      "mae": 0.015011420093745453,
      "directional_accuracy": 0.4466048795670292,
      "base_loss": 0.02768859875,
      "abs_loss": 0.0281231495,
      "rel_score": -0.015694212405746866,
      "rmse": 0.021951879400006334
    },
    "val": {
      "mse": 0.0007998595247045159,
      "mae": 0.01959552956442998,
      "directional_accuracy": 0.4843387086070741,
      "base_loss": 0.0375391135,
      "abs_loss": 0.03757441005,
      "rel_score": -0.0009402606164368166,
      "rmse": 0.028281786202798007
    }
  }
}