loss,val_loss,val_rel_score,learning_rate
1.3448933362960815,1.3556849956512451,0.004430974627516848,0.00019999999494757503
1.3386753797531128,1.354695439338684,0.009234265290268051,0.00019999999494757503
1.3353333473205566,1.3555763959884644,0.007690952025229403,0.00019999999494757503
1.3317426443099976,1.3551952838897705,0.007184084335889351,0.00019999999494757503
1.3319097757339478,1.3558422327041626,0.008151625128126727,0.00019999999494757503
1.327894926071167,1.3576608896255493,0.005633447662783175,9.999999747378752e-05
1.3261040449142456,1.359047293663025,0.0009767162581015842,9.999999747378752e-05
1.3241451978683472,1.3588101863861084,0.0041130387131906865,9.999999747378752e-05
