loss,magnitude_loss,sign_prob_loss,signed_prediction_loss,val_loss,val_magnitude_loss,val_sign_prob_loss,val_signed_prediction_loss,val_rel_score,learning_rate
2.7758147716522217,0.0068528917618095875,0.8014424443244934,1.3458704948425293,2.7812650203704834,0.00711897574365139,0.8007672429084778,1.3486014604568481,0.005351151352734895,0.00019999999494757503
2.763723850250244,0.006840786896646023,0.8004432916641235,1.339887261390686,2.78603458404541,0.007110418286174536,0.8000019192695618,1.3509989976882935,-0.0034518740413764792,0.00019999999494757503
2.7567641735076904,0.006820767652243376,0.799045979976654,1.3363803625106812,2.7888317108154297,0.007145725190639496,0.7994830012321472,1.352356195449829,-0.0050067730242533415,0.00019999999494757503
2.754405975341797,0.0070779281668365,0.8000265955924988,1.335105061531067,2.7899363040924072,0.007275124080479145,0.799636960029602,1.3528826236724854,-0.007802501889892399,0.00019999999494757503
2.74625301361084,0.007107773795723915,0.8001550436019897,1.330978274345398,2.7954673767089844,0.007388797122985125,0.7993044853210449,1.3556188344955444,-0.004976002660922241,9.999999747378752e-05
2.740386962890625,0.007160748355090618,0.7994767427444458,1.3280866146087646,2.792656421661377,0.007364289369434118,0.799273669719696,1.3542064428329468,-0.012608973315826999,9.999999747378752e-05
2.740326404571533,0.007215515710413456,0.799195408821106,1.3280344009399414,2.7981231212615967,0.007456071209162474,0.7990072965621948,1.356909990310669,-0.01315610129169964,9.999999747378752e-05
