{
  "num_days": 305,
  "avg_daily_return": -0.0010644802823662758,
  "vol_daily_return": 0.022149916738271713,
  "sharpe_annualized": -0.7628967948148588,
  "final_equity": 0.6704369187355042,
  "max_drawdown": -0.46061640977859497
}