accuracy,loss,val_accuracy,val_loss
0.567279040813446,0.6824907064437866,0.5026164054870605,0.6950838565826416
