loss,val_loss,val_rel_score,learning_rate
0.007418264169245958,0.005782198626548052,-0.017618161707234403,0.0005000000237487257
