{
  "lstm": {
    "train": {
      "mse": 0.00042773032328113914,
      "mae": 0.014406557194888592,
      "directional_accuracy": 0.46170503761112375,
      "base_loss": 0.026931910099999998,
      "abs_loss": 0.02682790852,
      "rel_score": 0.003861648862402811
    },
    "val": {
      "mse": 0.00019852424156852067,
      "mae": 0.009647720493376255,
      "directional_accuracy": 0.4536290322580645,
      "base_loss": 0.017466940199999996,
      "abs_loss": 0.017298896415,
      "rel_score": 0.00962067672276079
    },
    "test": {
      "mse": 0.0004205226432532072,
      "mae": 0.013952519744634628,
      "directional_accuracy": 0.4555921052631579,
      "base_loss": 0.02519910125,
      "abs_loss": 0.025458996605,
      "rel_score": -0.01031367557206031
    }
  },
  "linear_regression": {
    "train": {
      "mse": 0.00042052462231367826,
      "mae": 0.014477690681815147,
      "directional_accuracy": 0.44939594255755644,
      "base_loss": 0.026931910099999998,
      "abs_loss": 0.027016609175,
      "rel_score": -0.003144933823316265
    },
    "val": {
      "mse": 0.00019438823801465333,
      "mae": 0.009728134609758854,
      "directional_accuracy": 0.47076612903225806,
      "base_loss": 0.017466940199999996,
      "abs_loss": 0.018216225134999993,
      "rel_score": -0.04289732067669161
    },
    "test": {
      "mse": 0.00042254384607076645,
      "mae": 0.014080346561968327,
      "directional_accuracy": 0.45394736842105265,
      "base_loss": 0.02519910125,
      "abs_loss": 0.026116639025000003,
      "rel_score": -0.03641152777224543
    }
  },
  "arima": {
    "train": {
      "mse": 0.0004262376460246742,
      "mae": 0.014466682448983192,
      "directional_accuracy": 0.4491679963528607,
      "base_loss": 0.026931910099999998,
      "abs_loss": 0.02672593128949999,
      "rel_score": 0.007648132261514062
    },
    "val": {
      "mse": 0.00019563734531402588,
      "mae": 0.0096127949655056,
      "directional_accuracy": 0.4747983870967742,
      "base_loss": 0.017466940199999996,
      "abs_loss": 0.017203220105,
      "rel_score": 0.015098242278289598
    },
    "test": {
      "mse": 0.00042567995842546225,
      "mae": 0.013930588960647583,
      "directional_accuracy": 0.48273026315789475,
      "base_loss": 0.02519910125,
      "abs_loss": 0.025505789154999996,
      "rel_score": -0.012170589020511047
    }
  },
  "lstm_ensemble": {
    "train": {
      "mse": 0.00042550620855763555,
      "mae": 0.014383259229362011,
      "directional_accuracy": 0.46535217688625485,
      "base_loss": 0.026931910099999998,
      "abs_loss": 0.02673339575849999,
      "rel_score": 0.0073709714893192
    },
    "val": {
      "mse": 0.00019762977899517864,
      "mae": 0.009600686840713024,
      "directional_accuracy": 0.4566532258064516,
      "base_loss": 0.017466940199999996,
      "abs_loss": 0.017233417187749997,
      "rel_score": 0.013369428736579647
    },
    "test": {
      "mse": 0.00042070975177921355,
      "mae": 0.013934716582298279,
      "directional_accuracy": 0.4597039473684211,
      "base_loss": 0.02519910125,
      "abs_loss": 0.0255911455,
      "rel_score": -0.015557866374301677
    }
  },
  "lstm_seed_42": {
    "train": {
      "mse": 0.00042773032328113914,
      "mae": 0.014406557194888592,
      "directional_accuracy": 0.46170503761112375,
      "base_loss": 0.026931910099999998,
      "abs_loss": 0.02682790852,
      "rel_score": 0.003861648862402811
    },
    "val": {
      "mse": 0.00019852424156852067,
      "mae": 0.009647720493376255,
      "directional_accuracy": 0.4536290322580645,
      "base_loss": 0.017466940199999996,
      "abs_loss": 0.017298896415,
      "rel_score": 0.00962067672276079
    },
    "test": {
      "mse": 0.0004205226432532072,
      "mae": 0.013952519744634628,
      "directional_accuracy": 0.4555921052631579,
      "base_loss": 0.02519910125,
      "abs_loss": 0.025458996605,
      "rel_score": -0.01031367557206031
    }
  },
  "lstm_seed_52": {
    "train": {
      "mse": 0.0004255981184542179,
      "mae": 0.014393656514585018,
      "directional_accuracy": 0.46181901071347164,
      "base_loss": 0.026931910099999998,
      "abs_loss": 0.026687213872,
      "rel_score": 0.009085736106032694
    },
    "val": {
      "mse": 0.00019854721904266626,
      "mae": 0.009630465880036354,
      "directional_accuracy": 0.4526209677419355,
      "base_loss": 0.017466940199999996,
      "abs_loss": 0.0174019454935,
      "rel_score": 0.003721012710628968
    },
    "test": {
      "mse": 0.00042224451317451894,
      "mae": 0.013956796377897263,
      "directional_accuracy": 0.4777960526315789,
      "base_loss": 0.02519910125,
      "abs_loss": 0.025637693740000002,
      "rel_score": -0.017405084635707002
    }
  },
  "lstm_seed_62": {
    "train": {
      "mse": 0.0004258352273609489,
      "mae": 0.01442704163491726,
      "directional_accuracy": 0.4601094141782539,
      "base_loss": 0.026931910099999998,
      "abs_loss": 0.027002222962499996,
      "rel_score": -0.00261076404305971
    },
    "val": {
      "mse": 0.0001969234726857394,
      "mae": 0.009579624980688095,
      "directional_accuracy": 0.46169354838709675,
      "base_loss": 0.017466940199999996,
      "abs_loss": 0.0171820292325,
      "rel_score": 0.016311441170445917
    },
    "test": {
      "mse": 0.0004223610449116677,
      "mae": 0.014005925506353378,
      "directional_accuracy": 0.4555921052631579,
      "base_loss": 0.02519910125,
      "abs_loss": 0.025744703684999995,
      "rel_score": -0.02165166247744632
    }
  },
  "lstm_best_by_val": {
    "train": {
      "mse": 0.0004258352273609489,
      "mae": 0.01442704163491726,
      "directional_accuracy": 0.4601094141782539,
      "base_loss": 0.026931910099999998,
      "abs_loss": 0.027002222962499996,
      "rel_score": -0.00261076404305971
    },
    "val": {
      "mse": 0.0001969234726857394,
      "mae": 0.009579624980688095,
      "directional_accuracy": 0.46169354838709675,
      "base_loss": 0.017466940199999996,
      "abs_loss": 0.0171820292325,
      "rel_score": 0.016311441170445917
    },
    "test": {
      "mse": 0.0004223610449116677,
      "mae": 0.014005925506353378,
      "directional_accuracy": 0.4555921052631579,
      "base_loss": 0.02519910125,
      "abs_loss": 0.025744703684999995,
      "rel_score": -0.02165166247744632
    }
  },
  "lstm_top2_by_val": {
    "train": {
      "mse": 0.0004259235574863851,
      "mae": 0.014391664415597916,
      "directional_accuracy": 0.4675176658308639,
      "base_loss": 0.026931910099999998,
      "abs_loss": 0.026811066677999994,
      "rel_score": 0.004486997823448191
    },
    "val": {
      "mse": 0.00019731659267563373,
      "mae": 0.009593394584953785,
      "directional_accuracy": 0.4627016129032258,
      "base_loss": 0.017466940199999996,
      "abs_loss": 0.017211281766649995,
      "rel_score": 0.014636703991807387
    },
    "test": {
      "mse": 0.00042045812006108463,
      "mae": 0.013945560902357101,
      "directional_accuracy": 0.44819078947368424,
      "base_loss": 0.02519910125,
      "abs_loss": 0.0255837673525,
      "rel_score": -0.015265072300941762
    }
  },
  "lstm_signmag": {
    "train": {
      "mse": 0.00042716405005194247,
      "mae": 0.01440444402396679,
      "directional_accuracy": 0.4582858445406884,
      "base_loss": 0.026931910099999998,
      "abs_loss": 0.026787980001999997,
      "rel_score": 0.005344221685932404
    },
    "val": {
      "mse": 0.0001978212094400078,
      "mae": 0.009625202044844627,
      "directional_accuracy": 0.4637096774193548,
      "base_loss": 0.017466940199999996,
      "abs_loss": 0.017149395454499998,
      "rel_score": 0.018179757980736566
    },
    "test": {
      "mse": 0.0004227360477671027,
      "mae": 0.013925265520811081,
      "directional_accuracy": 0.4506578947368421,
      "base_loss": 0.02519910125,
      "abs_loss": 0.025443447070000003,
      "rel_score": -0.009696608524877526
    }
  },