features,feature_count,train_rel_score,val_rel_score,test_rel_score,train_mse,val_mse,test_mse,train_mae,val_mae,test_mae,train_abs_loss,val_abs_loss,test_abs_loss
"intraday_return,close_low_gap",2,-0.035557512518572754,0.03273935975758746,0.00625727953555355,0.0006681827362626791,0.0003614460292737931,0.0011046918807551265,0.018546313047409058,0.013736761175096035,0.025386102497577667,0.03707262091338635,0.024435842136153955,0.05133376548765227
"body_pct,close_low_gap",2,-0.035557512518572754,0.03273935975758746,0.00625727953555355,0.0006681827362626791,0.0003614460292737931,0.0011046918807551265,0.018546313047409058,0.013736761175096035,0.025386102497577667,0.03707262091338635,0.024435842136153955,0.05133376548765227
"intraday_return,upper_shadow",2,-0.02547351986701396,0.030851427865576264,0.015045036417532187,0.0006647721165791154,0.0003635379543993622,0.0011039806995540857,0.018470216542482376,0.01371447928249836,0.02538459189236164,0.03671161726815626,0.024483536835759878,0.050879816350061446
"body_pct,upper_shadow",2,-0.02547351986701396,0.030851427865576264,0.015045036417532187,0.0006647721165791154,0.0003635379543993622,0.0011039806995540857,0.018470216542482376,0.01371447928249836,0.02538459189236164,0.03671161726815626,0.024483536835759878,0.050879816350061446
