{
  "lstm": {
    "train": {
      "base_loss": 0.0246692607,
      "abs_loss": 0.024773388594000002,
      "rel_score": -0.004220957217416776,
      "directional_accuracy": 0.44127067128570496,
      "error_len": 15299,
      "base_len": 15299
    },
    "val": {
      "base_loss": 0.01723420815,
      "abs_loss": 0.017323757395,
      "rel_score": -0.005196017375477702,
      "directional_accuracy": 0.4543010752688172,
      "error_len": 1488,
      "base_len": 1488
    },
    "test": {
      "base_loss": 0.022859093000000004,
      "abs_loss": 0.022420659244,
      "rel_score": 0.01917984042498988,
      "directional_accuracy": 0.45294441386901485,
      "error_len": 1817,
      "base_len": 1817
    }
  },
  "linear_regression": {
    "train": {
      "base_loss": 0.0246692607,
      "abs_loss": 0.025799566080000003,
      "rel_score": -0.04581837266002875,
      "directional_accuracy": 0.43440747761291587,
      "error_len": 15299,
      "base_len": 15299
    },
    "val": {
      "base_loss": 0.01723420815,
      "abs_loss": 0.018922245355499995,
      "rel_score": -0.09794689670729051,
      "directional_accuracy": 0.4381720430107527,
      "error_len": 1488,
      "base_len": 1488
    },
    "test": {
      "base_loss": 0.022859093000000004,
      "abs_loss": 0.02366353102,
      "rel_score": -0.035191160909139985,
      "directional_accuracy": 0.45789763346175016,
      "error_len": 1817,
      "base_len": 1817
    }
  },
  "arima": {
    "train": {
      "base_loss": 0.0246692607,
      "abs_loss": 0.024847906704400003,
      "rel_score": -0.007241644027054406,
      "directional_accuracy": 0.44793777371070004,
      "error_len": 15299,
      "base_len": 15299
    },
    "val": {
      "base_loss": 0.01723420815,
      "abs_loss": 0.017521745997499998,
      "rel_score": -0.01668413454203277,
      "directional_accuracy": 0.4724462365591398,
      "error_len": 1488,
      "base_len": 1488
    },
    "test": {
      "base_loss": 0.022859093000000004,
      "abs_loss": 0.022755974344200007,
      "rel_score": 0.004511056313563966,
      "directional_accuracy": 0.44193725921849203,
      "error_len": 1817,
      "base_len": 1817
    }
  },
  "lstm_ensemble": {
    "train": {
      "base_loss": 0.0246692607,
      "abs_loss": 0.02459993650200001,
      "rel_score": 0.0028101449347442964,
      "directional_accuracy": 0.4512713249231976,
      "error_len": 15299,
      "base_len": 15299
    },
    "val": {
      "base_loss": 0.01723420815,
      "abs_loss": 0.016962687171,
      "rel_score": 0.015754769620790476,
      "directional_accuracy": 0.47513440860215056,
      "error_len": 1488,
      "base_len": 1488
    },
    "test": {
      "base_loss": 0.022859093000000004,
      "abs_loss": 0.022429907340000006,
      "rel_score": 0.018775270742369288,
      "directional_accuracy": 0.46835443037974683,
      "error_len": 1817,
      "base_len": 1817
    }
  },
  "lstm_seed_42": {
    "train": {
      "base_loss": 0.0246692607,
      "abs_loss": 0.024773388594000002,
      "rel_score": -0.004220957217416776,
      "directional_accuracy": 0.44127067128570496,
      "error_len": 15299,
      "base_len": 15299
    },
    "val": {
      "base_loss": 0.01723420815,
      "abs_loss": 0.017323757395,
      "rel_score": -0.005196017375477702,
      "directional_accuracy": 0.4543010752688172,
      "error_len": 1488,
      "base_len": 1488
    },
    "test": {
      "base_loss": 0.022859093000000004,
      "abs_loss": 0.022420659244,
      "rel_score": 0.01917984042498988,
      "directional_accuracy": 0.45294441386901485,
      "error_len": 1817,
      "base_len": 1817
    }
  },
  "lstm_seed_52": {
    "train": {
      "base_loss": 0.0246692607,
      "abs_loss": 0.024686702040000008,
      "rel_score": -0.0007070070000114725,
      "directional_accuracy": 0.4493104124452579,
      "error_len": 15299,
      "base_len": 15299
    },
    "val": {
      "base_loss": 0.01723420815,
      "abs_loss": 0.017089732716499998,
      "rel_score": 0.008383061887296539,
      "directional_accuracy": 0.46303763440860213,
      "error_len": 1488,
      "base_len": 1488
    },
    "test": {
      "base_loss": 0.022859093000000004,
      "abs_loss": 0.022479496760000002,
      "rel_score": 0.016605918703773703,
      "directional_accuracy": 0.47495872317006055,
      "error_len": 1817,
      "base_len": 1817
    }
  },
  "lstm_seed_62": {
    "train": {
      "base_loss": 0.0246692607,
      "abs_loss": 0.024630974132000005,
      "rel_score": 0.0015519949489202212,
      "directional_accuracy": 0.4430354925158507,
      "error_len": 15299,
      "base_len": 15299
    },
    "val": {
      "base_loss": 0.01723420815,
      "abs_loss": 0.017231555255000003,
      "rel_score": 0.00015393193449364517,
      "directional_accuracy": 0.4549731182795699,
      "error_len": 1488,
      "base_len": 1488
    },
    "test": {
      "base_loss": 0.022859093000000004,
      "abs_loss": 0.022973539124999998,
      "rel_score": -0.005006590812679734,
      "directional_accuracy": 0.4589983489268024,
      "error_len": 1817,
      "base_len": 1817
    }
  },
  "lstm_best_by_val": {
    "train": {
      "base_loss": 0.0246692607,
      "abs_loss": 0.024686702040000008,
      "rel_score": -0.0007070070000114725,
      "directional_accuracy": 0.4493104124452579,
      "error_len": 15299,
      "base_len": 15299
    },
    "val": {
      "base_loss": 0.01723420815,
      "abs_loss": 0.017089732716499998,
      "rel_score": 0.008383061887296539,
      "directional_accuracy": 0.46303763440860213,
      "error_len": 1488,
      "base_len": 1488
    },
    "test": {
      "base_loss": 0.022859093000000004,
      "abs_loss": 0.022479496760000002,
      "rel_score": 0.016605918703773703,
      "directional_accuracy": 0.47495872317006055,
      "error_len": 1817,
      "base_len": 1817
    }
  },
  "lstm_top2_by_val": {
    "train": {
      "base_loss": 0.0246692607,
      "abs_loss": 0.024649212569000004,
      "rel_score": 0.0008126766036404831,
      "directional_accuracy": 0.4515327799202562,
      "error_len": 15299,
      "base_len": 15299
    },
    "val": {
      "base_loss": 0.01723420815,
      "abs_loss": 0.017060732045,
      "rel_score": 0.010065800731320573,
      "directional_accuracy": 0.46841397849462363,
      "error_len": 1488,
      "base_len": 1488
    },
    "test": {
      "base_loss": 0.022859093000000004,
      "abs_loss": 0.022520325884999998,
      "rel_score": 0.014819796874705693,
      "directional_accuracy": 0.4661529994496423,
      "error_len": 1817,
      "base_len": 1817
    }
  },
  "lstm_signmag": {
    "train": {
      "base_loss": 0.0246692607,
      "abs_loss": 0.024743613666000003,
      "rel_score": -0.0030139924703946885,
      "directional_accuracy": 0.4372181188312962,
      "error_len": 15299,
      "base_len": 15299
    },
    "val": {
      "base_loss": 0.01723420815,
      "abs_loss": 0.0172670490175,
      "rel_score": -0.001905562890628154,
      "directional_accuracy": 0.4583333333333333,
      "error_len": 1488,
      "base_len": 1488
    },
    "test": {
      "base_loss": 0.022859093000000004,
      "abs_loss": 0.02267093481900001,
      "rel_score": 0.008231218141506957,
      "directional_accuracy": 0.45569620253164556,
      "error_len": 1817,
      "base_len": 1817
    }
  },
  "lstm_signmag_ensemble": {
    "train": {
      "base_loss": 0.0246692607,
      "abs_loss": 0.024549393056000006,
      "rel_score": 0.004858988092820926,
      "directional_accuracy": 0.4528400549055494,
      "error_len": 15299,
      "base_len": 15299
    },
    "val": {
      "base_loss": 0.01723420815,
      "abs_loss": 0.017122826605999997,
      "rel_score": 0.0064628176142808025,
      "directional_accuracy": 0.4737903225806452,
      "error_len": 1488,
      "base_len": 1488
    },
    "test": {
      "base_loss": 0.022859093000000004,
      "abs_loss": 0.02266988113200001,
      "rel_score": 0.008277313014999899,