{
  "lstm": {
    "train": {
      "mse": 0.00038470339495688677,
      "mae": 0.0134815014898777,
      "directional_accuracy": 0.44127067128570496,
      "base_loss": 0.0246692607,
      "abs_loss": 0.024773388594000002,
      "rel_score": -0.004220957217416776
    },
    "val": {
      "mse": 0.00019999861251562834,
      "mae": 0.009872710332274437,
      "directional_accuracy": 0.4543010752688172,
      "base_loss": 0.01723420815,
      "abs_loss": 0.017323757395,
      "rel_score": -0.005196017375477702
    },
    "test": {
      "mse": 0.00034511808189563453,
      "mae": 0.012358490377664566,
      "directional_accuracy": 0.45294441386901485,
      "base_loss": 0.022859093000000004,
      "abs_loss": 0.022420659244,
      "rel_score": 0.01917984042498988
    }
  },
  "linear_regression": {
    "train": {
      "mse": 0.0003696315689012408,
      "mae": 0.013504826463758945,
      "directional_accuracy": 0.43440747761291587,
      "base_loss": 0.0246692607,
      "abs_loss": 0.025799566080000003,
      "rel_score": -0.04581837266002875
    },
    "val": {
      "mse": 0.00020587933249771595,
      "mae": 0.010388918220996857,
      "directional_accuracy": 0.4381720430107527,
      "base_loss": 0.01723420815,
      "abs_loss": 0.018922245355499995,
      "rel_score": -0.09794689670729051
    },
    "test": {
      "mse": 0.00035990405012853444,
      "mae": 0.012977049686014652,
      "directional_accuracy": 0.45789763346175016,
      "base_loss": 0.022859093000000004,
      "abs_loss": 0.02366353102,
      "rel_score": -0.035191160909139985
    }
  },
  "arima": {
    "train": {
      "mse": 0.00038438220508396626,
      "mae": 0.013536729849874973,
      "directional_accuracy": 0.44793777371070004,
      "base_loss": 0.0246692607,
      "abs_loss": 0.024847906704400003,
      "rel_score": -0.007241644027054406
    },
    "val": {
      "mse": 0.00019748548220377415,
      "mae": 0.009841354563832283,
      "directional_accuracy": 0.4724462365591398,
      "base_loss": 0.01723420815,
      "abs_loss": 0.017521745997499998,
      "rel_score": -0.01668413454203277
    },
    "test": {
      "mse": 0.0003425524919293821,
      "mae": 0.012348956428468227,
      "directional_accuracy": 0.44193725921849203,
      "base_loss": 0.022859093000000004,
      "abs_loss": 0.022755974344200007,
      "rel_score": 0.004511056313563966
    }
  },
  "lstm_ensemble": {
    "train": {
      "mse": 0.00038289529038593173,
      "mae": 0.013420728035271168,
      "directional_accuracy": 0.4512713249231976,
      "base_loss": 0.0246692607,
      "abs_loss": 0.02459993650200001,
      "rel_score": 0.0028101449347442964
    },
    "val": {
      "mse": 0.00019854589481838048,
      "mae": 0.009830277413129807,
      "directional_accuracy": 0.47513440860215056,
      "base_loss": 0.01723420815,
      "abs_loss": 0.016962687171,
      "rel_score": 0.015754769620790476
    },
    "test": {
      "mse": 0.000346894288668409,
      "mae": 0.012411355972290039,
      "directional_accuracy": 0.46835443037974683,
      "base_loss": 0.022859093000000004,
      "abs_loss": 0.022429907340000006,
      "rel_score": 0.018775270742369288
    }
  },
  "lstm_seed_42": {
    "train": {
      "mse": 0.00038470339495688677,
      "mae": 0.0134815014898777,
      "directional_accuracy": 0.44127067128570496,
      "base_loss": 0.0246692607,
      "abs_loss": 0.024773388594000002,
      "rel_score": -0.004220957217416776
    },
    "val": {
      "mse": 0.00019999861251562834,
      "mae": 0.009872710332274437,
      "directional_accuracy": 0.4543010752688172,
      "base_loss": 0.01723420815,
      "abs_loss": 0.017323757395,
      "rel_score": -0.005196017375477702
    },
    "test": {
      "mse": 0.00034511808189563453,
      "mae": 0.012358490377664566,
      "directional_accuracy": 0.45294441386901485,
      "base_loss": 0.022859093000000004,
      "abs_loss": 0.022420659244,
      "rel_score": 0.01917984042498988
    }
  },
  "lstm_seed_52": {
    "train": {
      "mse": 0.0003836186369881034,
      "mae": 0.013474373146891594,
      "directional_accuracy": 0.4493104124452579,
      "base_loss": 0.0246692607,
      "abs_loss": 0.024686702040000008,
      "rel_score": -0.0007070070000114725
    },
    "val": {
      "mse": 0.00019855372374877334,
      "mae": 0.00984793622046709,
      "directional_accuracy": 0.46303763440860213,
      "base_loss": 0.01723420815,
      "abs_loss": 0.017089732716499998,
      "rel_score": 0.008383061887296539
    },
    "test": {
      "mse": 0.00034803870948962867,
      "mae": 0.012455962598323822,
      "directional_accuracy": 0.47495872317006055,
      "base_loss": 0.022859093000000004,
      "abs_loss": 0.022479496760000002,
      "rel_score": 0.016605918703773703
    }
  },
  "lstm_seed_62": {
    "train": {
      "mse": 0.00038820444024167955,
      "mae": 0.013539537787437439,
      "directional_accuracy": 0.4430354925158507,
      "base_loss": 0.0246692607,
      "abs_loss": 0.024630974132000005,
      "rel_score": 0.0015519949489202212
    },
    "val": {
      "mse": 0.00019960812642239034,
      "mae": 0.00989555474370718,
      "directional_accuracy": 0.4549731182795699,
      "base_loss": 0.01723420815,
      "abs_loss": 0.017231555255000003,
      "rel_score": 0.00015393193449364517
    },
    "test": {
      "mse": 0.00035372801357880235,
      "mae": 0.012608267366886139,
      "directional_accuracy": 0.4589983489268024,
      "base_loss": 0.022859093000000004,
      "abs_loss": 0.022973539124999998,
      "rel_score": -0.005006590812679734
    }
  },
  "lstm_best_by_val": {
    "train": {
      "mse": 0.0003836186369881034,
      "mae": 0.013474373146891594,
      "directional_accuracy": 0.4493104124452579,
      "base_loss": 0.0246692607,
      "abs_loss": 0.024686702040000008,
      "rel_score": -0.0007070070000114725
    },
    "val": {
      "mse": 0.00019855372374877334,
      "mae": 0.00984793622046709,
      "directional_accuracy": 0.46303763440860213,
      "base_loss": 0.01723420815,
      "abs_loss": 0.017089732716499998,
      "rel_score": 0.008383061887296539
    },
    "test": {
      "mse": 0.00034803870948962867,
      "mae": 0.012455962598323822,
      "directional_accuracy": 0.47495872317006055,
      "base_loss": 0.022859093000000004,
      "abs_loss": 0.022479496760000002,
      "rel_score": 0.016605918703773703
    }
  },
  "lstm_top2_by_val": {
    "train": {
      "mse": 0.0003838411648757756,
      "mae": 0.01345045492053032,
      "directional_accuracy": 0.4515327799202562,
      "base_loss": 0.0246692607,
      "abs_loss": 0.024649212569000004,
      "rel_score": 0.0008126766036404831
    },
    "val": {
      "mse": 0.00019863140187226236,
      "mae": 0.00984765961766243,
      "directional_accuracy": 0.46841397849462363,
      "base_loss": 0.01723420815,
      "abs_loss": 0.017060732045,
      "rel_score": 0.010065800731320573
    },
    "test": {
      "mse": 0.0003492198884487152,
      "mae": 0.012478339485824108,
      "directional_accuracy": 0.4661529994496423,
      "base_loss": 0.022859093000000004,
      "abs_loss": 0.022520325884999998,
      "rel_score": 0.014819796874705693
    }
  },
  "lstm_signmag": {
    "train": {
      "mse": 0.000385328836273402,
      "mae": 0.013483763672411442,
      "directional_accuracy": 0.4372181188312962,
      "base_loss": 0.0246692607,
      "abs_loss": 0.024743613666000003,
      "rel_score": -0.0030139924703946885
    },
    "val": {
      "mse": 0.0002001316606765613,
      "mae": 0.009859812445938587,
      "directional_accuracy": 0.4583333333333333,
      "base_loss": 0.01723420815,
      "abs_loss": 0.0172670490175,
      "rel_score": -0.001905562890628154
    },
    "test": {
      "mse": 0.0003484482003841549,
      "mae": 0.012395806610584259,
      "directional_accuracy": 0.45569620253164556,
      "base_loss": 0.022859093000000004,
      "abs_loss": 0.02267093481900001,
      "rel_score": 0.008231218141506957
    }
  },