{
  "lstm_pair_frontier_122_72": {
    "threshold": 0.0,
    "holding_period": 1,
    "uncertainty_model": null,
    "uncertainty_quantile": null,
    "max_uncertainty": null,
    "uncertainty_side": null,
    "trade_count": 290,
    "coverage": 0.24892703862660945,
    "directional_accuracy": 0.6482758620689655,
    "avg_actual_return": 0.002806623222413793,
    "avg_strategy_return": 0.002806623222413793,
    "cumulative_strategy_return": 0.8139207344999999,
    "final_equity": 2.1223544125809686,
    "sampled_buy_hold_equity": 2.1223544125809686
  },
  "lstm_pair_balanced_102_82": {
    "threshold": 0.0,
    "holding_period": 1,
    "uncertainty_model": null,
    "uncertainty_quantile": null,
    "max_uncertainty": null,
    "uncertainty_side": null,
    "trade_count": 350,
    "coverage": 0.30042918454935624,
    "directional_accuracy": 0.6285714285714286,
    "avg_actual_return": 0.0015884104691428573,
    "avg_strategy_return": 0.0015884104691428573,
    "cumulative_strategy_return": 0.5559436642000001,
    "final_equity": 1.6650486000037328,
    "sampled_buy_hold_equity": 1.6650486000037328
  },
  "lstm_pair_selected_val_142_62": {
    "threshold": 0.0,
    "holding_period": 1,
    "uncertainty_model": null,
    "uncertainty_quantile": null,
    "max_uncertainty": null,
    "uncertainty_side": null,
    "trade_count": 228,
    "coverage": 0.19570815450643778,
    "directional_accuracy": 0.6447368421052632,
    "avg_actual_return": 0.0014098730087719299,
    "avg_strategy_return": 0.0014098730087719299,
    "cumulative_strategy_return": 0.321451046,
    "final_equity": 1.3279779401537297,
    "sampled_buy_hold_equity": 1.3279779401537297
  }
}