{
  "committee_best_by_val": {
    "val": {
      "rel_score": 0.023285427132128556,
      "abs_loss": 0.014795134676387534
    },
    "test": {
      "rel_score": 0.04932071562386653,
      "abs_loss": 0.0161096292315051
    }
  }
}