features,feature_count,train_rel_score,val_rel_score,test_rel_score,train_mse,val_mse,test_mse,train_mae,val_mae,test_mae,train_abs_loss,val_abs_loss,test_abs_loss
"upper_shadow,lower_shadow",2,-0.01705363978262664,0.035738779036679325,-0.05514179154742438,0.0005868677981197834,0.0003701563982758671,0.0006617237813770771,0.017263831570744514,0.013537265360355377,0.019122768193483353,0.033352872141404075,0.02382547724264441,0.037159590487135574
"atr_gap,obv_change",2,-0.031054395787612377,0.03305680120398391,-0.029706742279005383,0.0005785545217804611,0.0003822756407316774,0.0006475973059423268,0.01728411577641964,0.014067287556827068,0.0188093613833189,0.03376525372732431,0.02389174497220666,0.036263828398659825
"intraday_return,volatility_10",2,-0.022043244995668454,0.030237532576556148,0.014637324851398015,0.0005857556243427098,0.0003747807932086289,0.000659575336612761,0.01724497601389885,0.0136347571387887,0.019094081595540047,0.03345661978819408,0.023961404955480253,0.034702135564293704
"body_pct,volatility_10",2,-0.022043244995668454,0.030237532576556148,0.014637324851398015,0.0005857556243427098,0.0003747807932086289,0.000659575336612761,0.01724497601389885,0.0136347571387887,0.019094081595540047,0.03345661978819408,0.023961404955480253,0.034702135564293704
