{
  "lstm": {
    "train": {
      "mse": 0.00045719690388068557,
      "mae": 0.014894048683345318,
      "directional_accuracy": 0.4479462965069974,
      "base_loss": 0.0278322146,
      "abs_loss": 0.02793975414,
      "rel_score": -0.0038638513515916184
    },
    "val": {
      "mse": 0.00019903045904356986,
      "mae": 0.009758085012435913,
      "directional_accuracy": 0.43548387096774194,
      "base_loss": 0.017536238,
      "abs_loss": 0.0176064644875,
      "rel_score": -0.004004649543419836
    },
    "test": {
      "mse": 0.00048767111729830503,
      "mae": 0.014925037510693073,
      "directional_accuracy": 0.4630584192439863,
      "base_loss": 0.02648804065000002,
      "abs_loss": 0.026583550469999998,
      "rel_score": -0.0036057714219785986
    }
  },
  "linear_regression": {
    "train": {
      "mse": 0.0004474000015761703,
      "mae": 0.014895089901983738,
      "directional_accuracy": 0.45101831835248607,
      "base_loss": 0.0278322146,
      "abs_loss": 0.028184302773999997,
      "rel_score": -0.012650382984615183
    },
    "val": {
      "mse": 0.00019467381935101002,
      "mae": 0.009817337617278099,
      "directional_accuracy": 0.42943548387096775,
      "base_loss": 0.017536238,
      "abs_loss": 0.018354220484999996,
      "rel_score": -0.04664526593446072
    },
    "test": {
      "mse": 0.00048619278823025525,
      "mae": 0.015072637237608433,
      "directional_accuracy": 0.45532646048109965,
      "base_loss": 0.02648804065000002,
      "abs_loss": 0.02733410471,
      "rel_score": -0.03194136067591624
    }
  },
  "arima": {
    "train": {
      "mse": 0.00045401055831462145,
      "mae": 0.014892241917550564,
      "directional_accuracy": 0.45807259073842305,
      "base_loss": 0.0278322146,
      "abs_loss": 0.02800185998,
      "rel_score": -0.0060952885869167694
    },
    "val": {
      "mse": 0.00019445446378085762,
      "mae": 0.009670707397162914,
      "directional_accuracy": 0.48185483870967744,
      "base_loss": 0.017536238,
      "abs_loss": 0.017312909485249998,
      "rel_score": 0.012735257969810898
    },
    "test": {
      "mse": 0.0004823125491384417,
      "mae": 0.01481959130614996,
      "directional_accuracy": 0.41323024054982815,
      "base_loss": 0.02648804065000002,
      "abs_loss": 0.0271371995125,
      "rel_score": -0.024507621045952277
    }
  },
  "lstm_ensemble": {
    "train": {
      "mse": 0.0004547822172753513,
      "mae": 0.014855009503662586,
      "directional_accuracy": 0.46057571964956195,
      "base_loss": 0.0278322146,
      "abs_loss": 0.027821230963999993,
      "rel_score": 0.00039463751475976583
    },
    "val": {
      "mse": 0.0001975770283024758,
      "mae": 0.009723024442791939,
      "directional_accuracy": 0.4465725806451613,
      "base_loss": 0.017536238,
      "abs_loss": 0.017492772687499998,
      "rel_score": 0.0024785996004388355
    },
    "test": {
      "mse": 0.00048818328650668263,
      "mae": 0.014939330518245697,
      "directional_accuracy": 0.43470790378006874,
      "base_loss": 0.02648804065000002,
      "abs_loss": 0.02702904931400001,
      "rel_score": -0.0204246388454552
    }
  },
  "lstm_seed_42": {
    "train": {
      "mse": 0.00045719690388068557,
      "mae": 0.014894048683345318,
      "directional_accuracy": 0.4479462965069974,
      "base_loss": 0.0278322146,
      "abs_loss": 0.02793975414,
      "rel_score": -0.0038638513515916184
    },
    "val": {
      "mse": 0.00019903045904356986,
      "mae": 0.009758085012435913,
      "directional_accuracy": 0.43548387096774194,
      "base_loss": 0.017536238,
      "abs_loss": 0.0176064644875,
      "rel_score": -0.004004649543419836
    },
    "test": {
      "mse": 0.00048767111729830503,
      "mae": 0.014925037510693073,
      "directional_accuracy": 0.4630584192439863,
      "base_loss": 0.02648804065000002,
      "abs_loss": 0.026583550469999998,
      "rel_score": -0.0036057714219785986
    }
  },
  "lstm_seed_52": {
    "train": {
      "mse": 0.0004547366115730256,
      "mae": 0.01488878671079874,
      "directional_accuracy": 0.4548867903060644,
      "base_loss": 0.0278322146,
      "abs_loss": 0.027910165544,
      "rel_score": -0.002800745291752671
    },
    "val": {
      "mse": 0.0001983621041290462,
      "mae": 0.009759759530425072,
      "directional_accuracy": 0.45564516129032256,
      "base_loss": 0.017536238,
      "abs_loss": 0.0175693277975,
      "rel_score": -0.001886938207613209
    },
    "test": {
      "mse": 0.0004902802174910903,
      "mae": 0.015028852969408035,
      "directional_accuracy": 0.4252577319587629,
      "base_loss": 0.02648804065000002,
      "abs_loss": 0.027423303295000007,
      "rel_score": -0.035308864757423564
    }
  },
  "lstm_seed_62": {
    "train": {
      "mse": 0.00045514863450080156,
      "mae": 0.01486092247068882,
      "directional_accuracy": 0.46512686312435997,
      "base_loss": 0.0278322146,
      "abs_loss": 0.027797402999999995,
      "rel_score": 0.0012507664409860952
    },
    "val": {
      "mse": 0.00019668602908495814,
      "mae": 0.009711245074868202,
      "directional_accuracy": 0.4435483870967742,
      "base_loss": 0.017536238,
      "abs_loss": 0.017354428964999998,
      "rel_score": 0.01036761904121064
    },
    "test": {
      "mse": 0.0004904455272480845,
      "mae": 0.014980359934270382,
      "directional_accuracy": 0.45103092783505155,
      "base_loss": 0.02648804065000002,
      "abs_loss": 0.026905165195,
      "rel_score": -0.01574765572552761
    }
  },
  "lstm_best_by_val": {
    "train": {
      "mse": 0.00045514863450080156,
      "mae": 0.01486092247068882,
      "directional_accuracy": 0.46512686312435997,
      "base_loss": 0.0278322146,
      "abs_loss": 0.027797402999999995,
      "rel_score": 0.0012507664409860952
    },
    "val": {
      "mse": 0.00019668602908495814,
      "mae": 0.009711245074868202,
      "directional_accuracy": 0.4435483870967742,
      "base_loss": 0.017536238,
      "abs_loss": 0.017354428964999998,
      "rel_score": 0.01036761904121064
    },
    "test": {
      "mse": 0.0004904455272480845,
      "mae": 0.014980359934270382,
      "directional_accuracy": 0.45103092783505155,
      "base_loss": 0.02648804065000002,
      "abs_loss": 0.026905165195,
      "rel_score": -0.01574765572552761
    }
  },
  "lstm_top2_by_val": {
    "train": {
      "mse": 0.00045422749826684594,
      "mae": 0.014854313805699348,
      "directional_accuracy": 0.4588690408465127,
      "base_loss": 0.0278322146,
      "abs_loss": 0.027872893580000002,
      "rel_score": -0.0014615789862444384
    },
    "val": {
      "mse": 0.00019712561334017664,
      "mae": 0.009717258624732494,
      "directional_accuracy": 0.44455645161290325,
      "base_loss": 0.017536238,
      "abs_loss": 0.017497399272200002,
      "rel_score": 0.002214769655840443
    },
    "test": {
      "mse": 0.0004891841672360897,
      "mae": 0.014965076930820942,
      "directional_accuracy": 0.43041237113402064,
      "base_loss": 0.02648804065000002,
      "abs_loss": 0.026863020560000006,
      "rel_score": -0.014156574091484853
    }
  },
  "lstm_signmag": {
    "train": {
      "mse": 0.00045535070239566267,
      "mae": 0.014855791814625263,
      "directional_accuracy": 0.45613835476163384,
      "base_loss": 0.0278322146,
      "abs_loss": 0.027888371232599997,
      "rel_score": -0.0020176846653086056
    },
    "val": {
      "mse": 0.00019869378593284637,
      "mae": 0.009732850827276707,
      "directional_accuracy": 0.43951612903225806,
      "base_loss": 0.017536238,
      "abs_loss": 0.0174093629425,
      "rel_score": 0.007235021416794218
    },
    "test": {
      "mse": 0.00048731151036918163,
      "mae": 0.01488582231104374,
      "directional_accuracy": 0.45532646048109965,
      "base_loss": 0.02648804065000002,
      "abs_loss": 0.0267867307,
      "rel_score": -0.011276411643530881
    }
  },