{
  "lstm": {
    "train": {
      "mse": 0.000669571163598448,
      "mae": 0.018047071993350983,
      "directional_accuracy": 0.4741199226305609,
      "base_loss": 0.034912516500000004,
      "abs_loss": 0.0342511076,
      "rel_score": 0.01894475008697838
    },
    "val": {
      "mse": 0.0003665621916297823,
      "mae": 0.012673410587012768,
      "directional_accuracy": 0.46195286195286195,
      "base_loss": 0.023283637200000016,
      "abs_loss": 0.023041822790000006,
      "rel_score": 0.010385594309123225
    },
    "test": {
      "mse": 0.000694551388733089,
      "mae": 0.018182052299380302,
      "directional_accuracy": 0.47694103911266783,
      "base_loss": 0.0363608687,
      "abs_loss": 0.035641446199999996,
      "rel_score": 0.019785624648731348
    }
  },
  "linear_regression": {
    "train": {
      "mse": 0.0006305918213911355,
      "mae": 0.018077904358506203,
      "directional_accuracy": 0.4464990328820116,
      "base_loss": 0.034912516500000004,
      "abs_loss": 0.0358711177,
      "rel_score": -0.027457235859809748
    },
    "val": {
      "mse": 0.00039099212153814733,
      "mae": 0.013701893389225006,
      "directional_accuracy": 0.42962962962962964,
      "base_loss": 0.023283637200000016,
      "abs_loss": 0.025488706510000004,
      "rel_score": -0.09470467569388119
    },
    "test": {
      "mse": 0.0007150651654228568,
      "mae": 0.019068174064159393,
      "directional_accuracy": 0.44424985405720957,
      "base_loss": 0.0363608687,
      "abs_loss": 0.036822133376,
      "rel_score": -0.012685744111498698
    }
  },
  "arima": {
    "train": {
      "mse": 0.0006555701256729662,
      "mae": 0.018129024654626846,
      "directional_accuracy": 0.44270793036750483,
      "base_loss": 0.034912516500000004,
      "abs_loss": 0.03503918451,
      "rel_score": -0.003628154676274864
    },
    "val": {
      "mse": 0.00037341020652092993,
      "mae": 0.012797524221241474,
      "directional_accuracy": 0.4444444444444444,
      "base_loss": 0.023283637200000016,
      "abs_loss": 0.023634001830200015,
      "rel_score": -0.015047676064974924
    },
    "test": {
      "mse": 0.000693886773660779,
      "mae": 0.01823338493704796,
      "directional_accuracy": 0.4448336252189142,
      "base_loss": 0.0363608687,
      "abs_loss": 0.036574508795999994,
      "rel_score": -0.005875549832504268
    }
  },
  "lstm_ensemble": {
    "train": {
      "mse": 0.0006579254986718297,
      "mae": 0.01797792874276638,
      "directional_accuracy": 0.4765957446808511,
      "base_loss": 0.034912516500000004,
      "abs_loss": 0.034478973770000004,
      "rel_score": 0.012417974224229855
    },
    "val": {
      "mse": 0.0003647222474683076,
      "mae": 0.012604355812072754,
      "directional_accuracy": 0.47003367003367,
      "base_loss": 0.023283637200000016,
      "abs_loss": 0.023192330634000002,
      "rel_score": 0.0039214906681338535
    },
    "test": {
      "mse": 0.0006932982942089438,
      "mae": 0.018123382702469826,
      "directional_accuracy": 0.4757734967892586,
      "base_loss": 0.0363608687,
      "abs_loss": 0.03530507057,
      "rel_score": 0.029036658576861774
    }
  },
  "lstm_seed_42": {
    "train": {
      "mse": 0.000669571163598448,
      "mae": 0.018047071993350983,
      "directional_accuracy": 0.4741199226305609,
      "base_loss": 0.034912516500000004,
      "abs_loss": 0.0342511076,
      "rel_score": 0.01894475008697838
    },
    "val": {
      "mse": 0.0003665621916297823,
      "mae": 0.012673410587012768,
      "directional_accuracy": 0.46195286195286195,
      "base_loss": 0.023283637200000016,
      "abs_loss": 0.023041822790000006,
      "rel_score": 0.010385594309123225
    },
    "test": {
      "mse": 0.000694551388733089,
      "mae": 0.018182052299380302,
      "directional_accuracy": 0.47694103911266783,
      "base_loss": 0.0363608687,
      "abs_loss": 0.035641446199999996,
      "rel_score": 0.019785624648731348
    }
  },
  "lstm_seed_52": {
    "train": {
      "mse": 0.0006633627344854176,
      "mae": 0.018158912658691406,
      "directional_accuracy": 0.4618955512572534,
      "base_loss": 0.034912516500000004,
      "abs_loss": 0.03486789648000001,
      "rel_score": 0.0012780522423812002
    },
    "val": {
      "mse": 0.00036807512515224516,
      "mae": 0.012788456864655018,
      "directional_accuracy": 0.4505050505050505,
      "base_loss": 0.023283637200000016,
      "abs_loss": 0.023100569032,
      "rel_score": 0.007862524502830426
    },
    "test": {
      "mse": 0.0007012943387962878,
      "mae": 0.018323225900530815,
      "directional_accuracy": 0.44658493870402804,
      "base_loss": 0.0363608687,
      "abs_loss": 0.03564817274,
      "rel_score": 0.019600630718704548
    }
  },
  "lstm_seed_62": {
    "train": {
      "mse": 0.0006672186427749693,
      "mae": 0.01806611754000187,
      "directional_accuracy": 0.4690909090909091,
      "base_loss": 0.034912516500000004,
      "abs_loss": 0.034449373287,
      "rel_score": 0.013265821528505528
    },
    "val": {
      "mse": 0.00036657231976278126,
      "mae": 0.012630892917513847,
      "directional_accuracy": 0.4740740740740741,
      "base_loss": 0.023283637200000016,
      "abs_loss": 0.023330553400000002,
      "rel_score": -0.0020149858717084523
    },
    "test": {
      "mse": 0.0006998059106990695,
      "mae": 0.018216824159026146,
      "directional_accuracy": 0.46409807355516636,
      "base_loss": 0.0363608687,
      "abs_loss": 0.035538262759999995,
      "rel_score": 0.022623385232817705
    }
  },
  "lstm_best_by_val": {
    "train": {
      "mse": 0.000669571163598448,
      "mae": 0.018047071993350983,
      "directional_accuracy": 0.4741199226305609,
      "base_loss": 0.034912516500000004,
      "abs_loss": 0.0342511076,
      "rel_score": 0.01894475008697838
    },
    "val": {
      "mse": 0.0003665621916297823,
      "mae": 0.012673410587012768,
      "directional_accuracy": 0.46195286195286195,
      "base_loss": 0.023283637200000016,
      "abs_loss": 0.023041822790000006,
      "rel_score": 0.010385594309123225
    },
    "test": {
      "mse": 0.000694551388733089,
      "mae": 0.018182052299380302,
      "directional_accuracy": 0.47694103911266783,
      "base_loss": 0.0363608687,
      "abs_loss": 0.035641446199999996,
      "rel_score": 0.019785624648731348
    }
  },
  "lstm_top2_by_val": {
    "train": {
      "mse": 0.0006573398131877184,
      "mae": 0.01800292544066906,
      "directional_accuracy": 0.4709477756286267,
      "base_loss": 0.034912516500000004,
      "abs_loss": 0.034705107910000005,
      "rel_score": 0.005940808935958497
    },
    "val": {
      "mse": 0.00036529405042529106,
      "mae": 0.012667926959693432,
      "directional_accuracy": 0.45925925925925926,
      "base_loss": 0.023283637200000016,
      "abs_loss": 0.023247747344000005,
      "rel_score": 0.0015414196541427838
    },
    "test": {
      "mse": 0.000693109876010567,
      "mae": 0.018166614696383476,
      "directional_accuracy": 0.4652656158785756,
      "base_loss": 0.0363608687,
      "abs_loss": 0.035706207619999986,
      "rel_score": 0.018004550039807388
    }
  },
  "lstm_signmag": {
    "train": {
      "mse": 0.0006678932695649564,
      "mae": 0.018081994727253914,
      "directional_accuracy": 0.4676208897485493,
      "base_loss": 0.034912516500000004,
      "abs_loss": 0.034566431370000004,
      "rel_score": 0.009912924208714702
    },
    "val": {
      "mse": 0.0003633229061961174,
      "mae": 0.012559815309941769,
      "directional_accuracy": 0.46195286195286195,
      "base_loss": 0.023283637200000016,
      "abs_loss": 0.023143050510000002,
      "rel_score": 0.006038003804663905
    },
    "test": {
      "mse": 0.0006980742327868938,
      "mae": 0.01815412938594818,
      "directional_accuracy": 0.45592527729130183,
      "base_loss": 0.0363608687,
      "abs_loss": 0.035705853563999995,
      "rel_score": 0.01801428732091881
    }
  },