{
  "committee_best_by_val": {
    "threshold": 0.0,
    "holding_period": 1,
    "uncertainty_model": null,
    "uncertainty_quantile": null,
    "max_uncertainty": null,
    "uncertainty_side": null,
    "trade_count": 152,
    "coverage": 0.13047210300429185,
    "directional_accuracy": 0.7039473684210527,
    "avg_actual_return": 0.003997725346710526,
    "avg_strategy_return": 0.003997725346710526,
    "cumulative_strategy_return": 0.6076542527,
    "final_equity": 1.8022151950043466,
    "sampled_buy_hold_equity": 1.8022151950043466
  }
}