features,feature_count,train_rel_score,val_rel_score,test_rel_score,train_mse,val_mse,test_mse,train_mae,val_mae,test_mae,train_abs_loss,val_abs_loss,test_abs_loss
vwap_gap,1,0.005376357927663333,0.10026664397593188,0.05623287197863247,0.000198421097593382,2.2597803763346747e-05,5.6602220865897834e-05,0.00913306511938572,0.0025590737350285053,0.0028151508886367083,0.01684752641012892,0.003687711537349971,0.0038232863298617303
"vwap_gap,obv_change",2,0.000540437861686005,0.09718298772112244,0.0535550203808457,0.0001946991542354226,2.2597083443542942e-05,5.658824011334218e-05,0.009086406789720058,0.0025594541803002357,0.0028148971032351255,0.016929440098465417,0.0037003504316089697,0.003834134549833834
obv_change,1,0.0005404457653891415,0.09718297422961009,0.10990020017675695,0.0001946991542354226,2.2597083443542942e-05,5.683556810254231e-05,0.009086406789720058,0.0025594541803002357,0.002867814851924777,0.016929439964587796,0.0037003504869062478,0.003873824649781454
