{
  "lstm": {
    "train": {
      "base_loss": 0.047366923093795775,
      "abs_loss": 0.04762598959496245,
      "rel_score": -0.005469354651845837,
      "directional_accuracy": 0.5226415094339623,
      "error_len": 2650,
      "base_len": 2650
    },
    "val": {
      "base_loss": 0.04643745366483927,
      "abs_loss": 0.04720881906105205,
      "rel_score": -0.016610846102374177,
      "directional_accuracy": 0.46774193548387094,
      "error_len": 248,
      "base_len": 248
    },
    "test": {
      "base_loss": 0.060494307987391964,
      "abs_loss": 0.06688890515360982,
      "rel_score": -0.10570576602926995,
      "directional_accuracy": 0.46357615894039733,
      "error_len": 302,
      "base_len": 302
    }
  },
  "linear_regression": {
    "train": {
      "base_loss": 0.047366923093795775,
      "abs_loss": 0.04838261754484847,
      "rel_score": -0.021443116519124894,
      "directional_accuracy": 0.47735849056603774,
      "error_len": 2650,
      "base_len": 2650
    },
    "val": {
      "base_loss": 0.04643745366483927,
      "abs_loss": 0.04583546423818916,
      "rel_score": 0.012963446079428564,
      "directional_accuracy": 0.4838709677419355,
      "error_len": 248,
      "base_len": 248
    },
    "test": {
      "base_loss": 0.060494307987391964,
      "abs_loss": 0.0618874058360234,
      "rel_score": -0.023028577315435728,
      "directional_accuracy": 0.4966887417218543,
      "error_len": 302,
      "base_len": 302
    }
  },
  "arima": {
    "train": {
      "base_loss": 0.047366923093795775,
      "abs_loss": 0.04782532802782952,
      "rel_score": -0.00967774354112061,
      "directional_accuracy": 0.47547169811320755,
      "error_len": 2650,
      "base_len": 2650
    },
    "val": {
      "base_loss": 0.04643745366483927,
      "abs_loss": 0.04595409182948061,
      "rel_score": 0.01040887898047349,
      "directional_accuracy": 0.5080645161290323,
      "error_len": 248,
      "base_len": 248
    },
    "test": {
      "base_loss": 0.060494307987391964,
      "abs_loss": 0.060202309480519044,
      "rel_score": 0.00482687572744489,
      "directional_accuracy": 0.44370860927152317,
      "error_len": 302,
      "base_len": 302
    }
  }
}