{
  "lstm": {
    "train": {
      "mse": 0.0014130559284240007,
      "mae": 0.025631451979279518,
      "directional_accuracy": 0.5226415094339623,
      "base_loss": 0.047366923093795775,
      "abs_loss": 0.04762598959496245,
      "rel_score": -0.005469354651845837
    },
    "val": {
      "mse": 0.0010709869675338268,
      "mae": 0.02487722411751747,
      "directional_accuracy": 0.46774193548387094,
      "base_loss": 0.04643745366483927,
      "abs_loss": 0.04720881906105205,
      "rel_score": -0.016610846102374177
    },
    "test": {
      "mse": 0.002437929157167673,
      "mae": 0.03619367256760597,
      "directional_accuracy": 0.46357615894039733,
      "base_loss": 0.060494307987391964,
      "abs_loss": 0.06688890515360982,
      "rel_score": -0.10570576602926995
    }
  },
  "linear_regression": {
    "train": {
      "mse": 0.0014238434378057718,
      "mae": 0.025978073477745056,
      "directional_accuracy": 0.47735849056603774,
      "base_loss": 0.047366923093795775,
      "abs_loss": 0.04838261754484847,
      "rel_score": -0.021443116519124894
    },
    "val": {
      "mse": 0.000992615008726716,
      "mae": 0.02362823113799095,
      "directional_accuracy": 0.4838709677419355,
      "base_loss": 0.04643745366483927,
      "abs_loss": 0.04583546423818916,
      "rel_score": 0.012963446079428564
    },
    "test": {
      "mse": 0.0020254638511687517,
      "mae": 0.03396063670516014,
      "directional_accuracy": 0.4966887417218543,
      "base_loss": 0.060494307987391964,
      "abs_loss": 0.0618874058360234,
      "rel_score": -0.023028577315435728
    }
  },
  "arima": {
    "train": {
      "mse": 0.0014343191869556904,
      "mae": 0.026050027459859848,
      "directional_accuracy": 0.47547169811320755,
      "base_loss": 0.047366923093795775,
      "abs_loss": 0.04782532802782952,
      "rel_score": -0.00967774354112061
    },
    "val": {
      "mse": 0.0009831750066950917,
      "mae": 0.0235223900526762,
      "directional_accuracy": 0.5080645161290323,
      "base_loss": 0.04643745366483927,
      "abs_loss": 0.04595409182948061,
      "rel_score": 0.01040887898047349
    },
    "test": {
      "mse": 0.0020180833525955677,
      "mae": 0.03376169130206108,
      "directional_accuracy": 0.44370860927152317,
      "base_loss": 0.060494307987391964,
      "abs_loss": 0.060202309480519044,
      "rel_score": 0.00482687572744489
    }
  }
}