{
  "lstm": {
    "train": {
      "base_loss": 0.057817498221993446,
      "abs_loss": 0.05777432114700787,
      "rel_score": 0.0007467821388569273,
      "directional_accuracy": 0.4912570563128184,
      "error_len": 14526,
      "base_len": 14526
    },
    "val": {
      "base_loss": 0.04500571433454752,
      "abs_loss": 0.045089313562493766,
      "rel_score": -0.0018575247428542774,
      "directional_accuracy": 0.4879032258064516,
      "error_len": 1488,
      "base_len": 1488
    },
    "test": {
      "base_loss": 0.06535298973321915,
      "abs_loss": 0.06524767281953245,
      "rel_score": 0.001611508733060596,
      "directional_accuracy": 0.48233995584988965,
      "error_len": 1812,
      "base_len": 1812
    }
  },
  "linear_regression": {
    "train": {
      "base_loss": 0.057817498221993446,
      "abs_loss": 0.058388910605572164,
      "rel_score": -0.009883035433057907,
      "directional_accuracy": 0.4842351645325623,
      "error_len": 14526,
      "base_len": 14526
    },
    "val": {
      "base_loss": 0.04500571433454752,
      "abs_loss": 0.046135278628207745,
      "rel_score": -0.02509824164246499,
      "directional_accuracy": 0.4778225806451613,
      "error_len": 1488,
      "base_len": 1488
    },
    "test": {
      "base_loss": 0.06535298973321915,
      "abs_loss": 0.06688435231335463,
      "rel_score": -0.023432173285212077,
      "directional_accuracy": 0.48123620309050774,
      "error_len": 1812,
      "base_len": 1812
    }
  },
  "arima": {
    "train": {
      "base_loss": 0.057817498221993446,
      "abs_loss": 0.057956429751357064,
      "rel_score": -0.0024029322201071235,
      "directional_accuracy": 0.47790169351507644,
      "error_len": 14526,
      "base_len": 14526
    },
    "val": {
      "base_loss": 0.04500571433454752,
      "abs_loss": 0.04520867863902821,
      "rel_score": -0.004509745206396909,
      "directional_accuracy": 0.4475806451612903,
      "error_len": 1488,
      "base_len": 1488
    },
    "test": {
      "base_loss": 0.06535298973321915,
      "abs_loss": 0.0662892566761002,
      "rel_score": -0.014326306213426898,
      "directional_accuracy": 0.45253863134657835,
      "error_len": 1812,
      "base_len": 1812
    }
  }
}