{
  "lstm": {
    "train": {
      "mse": 0.002019583946093917,
      "mae": 0.03115871548652649,
      "directional_accuracy": 0.4912570563128184,
      "base_loss": 0.057817498221993446,
      "abs_loss": 0.05777432114700787,
      "rel_score": 0.0007467821388569273
    },
    "val": {
      "mse": 0.001129297073930502,
      "mae": 0.02429104410111904,
      "directional_accuracy": 0.4879032258064516,
      "base_loss": 0.04500571433454752,
      "abs_loss": 0.045089313562493766,
      "rel_score": -0.0018575247428542774
    },
    "test": {
      "mse": 0.0023869655560702085,
      "mae": 0.03582625463604927,
      "directional_accuracy": 0.48233995584988965,
      "base_loss": 0.06535298973321915,
      "abs_loss": 0.06524767281953245,
      "rel_score": 0.001611508733060596
    }
  },
  "linear_regression": {
    "train": {
      "mse": 0.0019384181359782815,
      "mae": 0.03127126768231392,
      "directional_accuracy": 0.4842351645325623,
      "base_loss": 0.057817498221993446,
      "abs_loss": 0.058388910605572164,
      "rel_score": -0.009883035433057907
    },
    "val": {
      "mse": 0.0011883246479555964,
      "mae": 0.02516159601509571,
      "directional_accuracy": 0.4778225806451613,
      "base_loss": 0.04500571433454752,
      "abs_loss": 0.046135278628207745,
      "rel_score": -0.02509824164246499
    },
    "test": {
      "mse": 0.0024960082955658436,
      "mae": 0.036785997450351715,
      "directional_accuracy": 0.48123620309050774,
      "base_loss": 0.06535298973321915,
      "abs_loss": 0.06688435231335463,
      "rel_score": -0.023432173285212077
    }
  },
  "arima": {
    "train": {
      "mse": 0.002012796700000763,
      "mae": 0.03135649859905243,
      "directional_accuracy": 0.47790169351507644,
      "base_loss": 0.057817498221993446,
      "abs_loss": 0.057956429751357064,
      "rel_score": -0.0024029322201071235
    },
    "val": {
      "mse": 0.00114546122495085,
      "mae": 0.024656791239976883,
      "directional_accuracy": 0.4475806451612903,
      "base_loss": 0.04500571433454752,
      "abs_loss": 0.04520867863902821,
      "rel_score": -0.004509745206396909
    },
    "test": {
      "mse": 0.0024066611658781767,
      "mae": 0.03604704886674881,
      "directional_accuracy": 0.45253863134657835,
      "base_loss": 0.06535298973321915,
      "abs_loss": 0.0662892566761002,
      "rel_score": -0.014326306213426898
    }
  }
}