{
  "linear_regression": {
    "threshold": 0.0025,
    "holding_period": 3,
    "trade_count": 450,
    "coverage": 0.24671052631578946,
    "directional_accuracy": 0.56,
    "avg_actual_return": 0.005319109002666666,
    "avg_strategy_return": 0.005319109002666666,
    "cumulative_strategy_return": 2.3935990512,
    "final_equity": 6.47566566863268,
    "sampled_buy_hold_equity": 6.47566566863268
  },
  "arima": {
    "threshold": 0.0,
    "holding_period": 3,
    "trade_count": 514,
    "coverage": 0.2817982456140351,
    "directional_accuracy": 0.5603112840466926,
    "avg_actual_return": 0.0028334233488326852,
    "avg_strategy_return": 0.0028334233488326852,
    "cumulative_strategy_return": 1.4563796013,
    "final_equity": 2.523223000757336,
    "sampled_buy_hold_equity": 2.523223000757336
  },
  "lstm": {
    "threshold": 0.0,
    "holding_period": 3,
    "trade_count": 551,
    "coverage": 0.3020833333333333,
    "directional_accuracy": 0.5045372050816697,
    "avg_actual_return": 0.0026945255644283115,
    "avg_strategy_return": 0.0026945255644283115,
    "cumulative_strategy_return": 1.4846835859999996,
    "final_equity": 2.207688864295118,
    "sampled_buy_hold_equity": 2.207688864295118
  }
}