loss,val_loss
0.004849426448345184,0.001649109530262649
0.0023691190872341394,0.001754782279022038
0.001756475307047367,0.0016538407653570175
0.0015704445540904999,0.0017763905925676227
