{
  "lstm": {
    "train": {
      "mse": 0.0010947630507871509,
      "mae": 0.023537540808320045,
      "directional_accuracy": 0.45200276243093923,
      "base_loss": 0.039658265750000005,
      "abs_loss": 0.04299998049999999,
      "rel_score": -0.08426275548874673
    },
    "val": {
      "mse": 0.001649109530262649,
      "mae": 0.02667204849421978,
      "directional_accuracy": 0.4959677419354839,
      "base_loss": 0.043982080500000006,
      "abs_loss": 0.0453999662,
      "rel_score": -0.03223780421210387
    },
    "test": {
      "mse": 0.0010193160269409418,
      "mae": 0.021481717005372047,
      "directional_accuracy": 0.5231788079470199,
      "base_loss": 0.03316200240000003,
      "abs_loss": 0.03704117501500001,
      "rel_score": -0.11697642887209914
    }
  },
  "linear_regression": {
    "train": {
      "mse": 0.000956208910793066,
      "mae": 0.021438032388687134,
      "directional_accuracy": 0.4727209944751381,
      "base_loss": 0.039658265750000005,
      "abs_loss": 0.03968346715,
      "rel_score": -0.000635463995295682
    },
    "val": {
      "mse": 0.001573546789586544,
      "mae": 0.025643600150942802,
      "directional_accuracy": 0.5201612903225806,
      "base_loss": 0.043982080500000006,
      "abs_loss": 0.0437021972586,
      "rel_score": 0.006363574397077576
    },
    "test": {
      "mse": 0.0009409941267222166,
      "mae": 0.019549407064914703,
      "directional_accuracy": 0.5066225165562914,
      "base_loss": 0.03316200240000003,
      "abs_loss": 0.03260392663000002,
      "rel_score": 0.016828771775253437
    }
  }
}