{
  "lstm": {
    "train": {
      "base_loss": 0.039658265750000005,
      "abs_loss": 0.04299998049999999,
      "rel_score": -0.08426275548874673,
      "directional_accuracy": 0.45200276243093923,
      "error_len": 2896,
      "base_len": 2896
    },
    "val": {
      "base_loss": 0.043982080500000006,
      "abs_loss": 0.0453999662,
      "rel_score": -0.03223780421210387,
      "directional_accuracy": 0.4959677419354839,
      "error_len": 248,
      "base_len": 248
    },
    "test": {
      "base_loss": 0.03316200240000003,
      "abs_loss": 0.03704117501500001,
      "rel_score": -0.11697642887209914,
      "directional_accuracy": 0.5231788079470199,
      "error_len": 302,
      "base_len": 302
    }
  },
  "linear_regression": {
    "train": {
      "base_loss": 0.039658265750000005,
      "abs_loss": 0.03968346715,
      "rel_score": -0.000635463995295682,
      "directional_accuracy": 0.4727209944751381,
      "error_len": 2896,
      "base_len": 2896
    },
    "val": {
      "base_loss": 0.043982080500000006,
      "abs_loss": 0.0437021972586,
      "rel_score": 0.006363574397077576,
      "directional_accuracy": 0.5201612903225806,
      "error_len": 248,
      "base_len": 248
    },
    "test": {
      "base_loss": 0.03316200240000003,
      "abs_loss": 0.03260392663000002,
      "rel_score": 0.016828771775253437,
      "directional_accuracy": 0.5066225165562914,
      "error_len": 302,
      "base_len": 302
    }
  }
}