{
  "lstm": {
    "threshold": 0.005,
    "holding_period": 3,
    "trade_count": 81,
    "coverage": 0.26644736842105265,
    "directional_accuracy": 0.5185185185185185,
    "avg_actual_return": 0.0029177430308641975,
    "avg_strategy_return": 0.00475781048271605,
    "cumulative_strategy_return": 0.38538264910000003,
    "final_equity": 1.4108349184630387,
    "sampled_buy_hold_equity": 1.2154389455386396
  },
  "linear_regression": {
    "threshold": 0.0025,
    "holding_period": 3,
    "trade_count": 83,
    "coverage": 0.2730263157894737,
    "directional_accuracy": 0.4939759036144578,
    "avg_actual_return": 0.0015165314481927713,
    "avg_strategy_return": 0.0011413287542168674,
    "cumulative_strategy_return": 0.09473028659999999,
    "final_equity": 1.0535583276155516,
    "sampled_buy_hold_equity": 1.0867626372119923
  }
}