{
  "linear_regression": {
    "threshold": 0.01,
    "selected_rows": 11,
    "coverage": 0.03618421052631579,
    "directional_accuracy": 0.6363636363636364,
    "avg_actual_return": 0.03413406161818182,
    "avg_strategy_return": 0.011581131890909086,
    "cumulative_strategy_return": 0.12739245079999995
  },
  "lstm": {
    "threshold": 0.02,
    "selected_rows": 19,
    "coverage": 0.0625,
    "directional_accuracy": 0.5263157894736842,
    "avg_actual_return": 0.009809251089473683,
    "avg_strategy_return": 0.009809251089473683,
    "cumulative_strategy_return": 0.18637577069999997
  }
}