{
  "lstm": {
    "train": {
      "mse": 0.0003883145982399583,
      "mae": 0.013747391290962696,
      "directional_accuracy": 0.4823359769286229,
      "base_loss": 0.025424090400338183,
      "abs_loss": 0.025652056629769507,
      "rel_score": -0.008966544165068369
    },
    "val": {
      "mse": 0.00024268934794235975,
      "mae": 0.01036231592297554,
      "directional_accuracy": 0.47580645161290325,
      "base_loss": 0.01932658115401864,
      "abs_loss": 0.018903346580918884,
      "rel_score": 0.021899091708299956
    },
    "test": {
      "mse": 0.0009610303095541894,
      "mae": 0.021891523152589798,
      "directional_accuracy": 0.45723684210526316,
      "base_loss": 0.04961440712213516,
      "abs_loss": 0.04577102971961722,
      "rel_score": 0.07746494668487625
    }
  },
  "linear_regression": {
    "train": {
      "mse": 0.0003876002156175673,
      "mae": 0.013841172680258751,
      "directional_accuracy": 0.44556596971881757,
      "base_loss": 0.025424090400338183,
      "abs_loss": 0.026512044866103687,
      "rel_score": -0.04279226704413519
    },
    "val": {
      "mse": 0.0002617990830913186,
      "mae": 0.010965772904455662,
      "directional_accuracy": 0.45564516129032256,
      "base_loss": 0.01932658115401864,
      "abs_loss": 0.018825951508188155,
      "rel_score": 0.02590368373179064
    },
    "test": {
      "mse": 0.000983469421043992,
      "mae": 0.022449936717748642,
      "directional_accuracy": 0.47039473684210525,
      "base_loss": 0.04961440712213516,
      "abs_loss": 0.044807367189787325,
      "rel_score": 0.09688798498618367
    }
  }
}