{
  "lstm": {
    "threshold": 0.0,
    "holding_period": 1,
    "trade_count": 306,
    "coverage": 1.0,
    "directional_accuracy": 0.5196078431372549,
    "avg_actual_return": 0.0037964307333333332,
    "avg_strategy_return": 0.004417096971241831,
    "cumulative_strategy_return": 1.3516316732000002,
    "final_equity": 3.3330030983926333,
    "sampled_buy_hold_equity": 2.7549999231994273
  },
  "linear_regression": {
    "threshold": 0.005,
    "holding_period": 1,
    "trade_count": 140,
    "coverage": 0.45751633986928103,
    "directional_accuracy": 0.55,
    "avg_actual_return": 0.007013290647857141,
    "avg_strategy_return": 0.006468920907857142,
    "cumulative_strategy_return": 0.9056489270999999,
    "final_equity": 2.2750976166410886,
    "sampled_buy_hold_equity": 2.454817522702008
  }
}