{
  "lstm": {
    "train": {
      "mse": 0.00034701250842772424,
      "mae": 0.012368435971438885,
      "directional_accuracy": 0.4358802715884097,
      "base_loss": 0.023010950721800316,
      "abs_loss": 0.02286005979112815,
      "rel_score": 0.00655735317051509
    },
    "val": {
      "mse": 0.0001616406225366518,
      "mae": 0.008308421820402145,
      "directional_accuracy": 0.43377148634984836,
      "base_loss": 0.015147859044373038,
      "abs_loss": 0.015282097004819663,
      "rel_score": -0.00886184377959931
    },
    "test": {
      "mse": 0.0002378094068262726,
      "mae": 0.009483599103987217,
      "directional_accuracy": 0.44995864350703063,
      "base_loss": 0.01701232446357608,
      "abs_loss": 0.016940652253106238,
      "rel_score": 0.004212958118879895
    }
  },
  "linear_regression": {
    "train": {
      "mse": 0.000339475431246683,
      "mae": 0.01247020997107029,
      "directional_accuracy": 0.42507411303433107,
      "base_loss": 0.023010950721800316,
      "abs_loss": 0.023361390829086302,
      "rel_score": -0.015229275466397185
    },
    "val": {
      "mse": 0.00016776910342741758,
      "mae": 0.008653760887682438,
      "directional_accuracy": 0.4287158746208291,
      "base_loss": 0.015147859044373038,
      "abs_loss": 0.01583651793189347,
      "rel_score": -0.04546245680680849
    },
    "test": {
      "mse": 0.0002402900718152523,
      "mae": 0.009732360951602459,
      "directional_accuracy": 0.4119106699751861,
      "base_loss": 0.01701232446357608,
      "abs_loss": 0.0178243731847033,
      "rel_score": -0.0477329669361668
    }
  },
  "arima": {
    "train": {
      "mse": 0.00034510192926973104,
      "mae": 0.012382108718156815,
      "directional_accuracy": 0.41694558668834275,
      "base_loss": 0.023010950721800316,
      "abs_loss": 0.0230636712629348,
      "rel_score": -0.0022911066027591076
    },
    "val": {
      "mse": 0.0001623428106540814,
      "mae": 0.008328073658049107,
      "directional_accuracy": 0.3943377148634985,
      "base_loss": 0.015147859044373038,
      "abs_loss": 0.015251719896332361,
      "rel_score": -0.006856470716758212
    },
    "test": {
      "mse": 0.0002385819680057466,
      "mae": 0.009520472027361393,
      "directional_accuracy": 0.4267990074441687,
      "base_loss": 0.01701232446357608,
      "abs_loss": 0.01708871379669291,
      "rel_score": -0.004490234904723556
    }
  },
  "lstm_ensemble": {
    "train": {
      "mse": 0.00034766123280860484,
      "mae": 0.012393714860081673,
      "directional_accuracy": 0.4350196040929521,
      "base_loss": 0.023010950721800316,
      "abs_loss": 0.022987848112825303,
      "rel_score": 0.0010039832449481034
    },
    "val": {
      "mse": 0.00016130674339365214,
      "mae": 0.00827875081449747,
      "directional_accuracy": 0.44691607684529827,
      "base_loss": 0.015147859044373038,
      "abs_loss": 0.0149124521703925,
      "rel_score": 0.015540603678114162
    },
    "test": {
      "mse": 0.00023823663650546223,
      "mae": 0.00946067925542593,
      "directional_accuracy": 0.46732837055417703,
      "base_loss": 0.01701232446357608,
      "abs_loss": 0.016906808511703276,
      "rel_score": 0.006202324209058974
    }
  },
  "lstm_seed_42": {
    "train": {
      "mse": 0.00034701250842772424,
      "mae": 0.012368435971438885,
      "directional_accuracy": 0.4358802715884097,
      "base_loss": 0.023010950721800316,
      "abs_loss": 0.02286005979112815,
      "rel_score": 0.00655735317051509
    },
    "val": {
      "mse": 0.0001616406225366518,
      "mae": 0.008308421820402145,
      "directional_accuracy": 0.43377148634984836,
      "base_loss": 0.015147859044373038,
      "abs_loss": 0.015282097004819663,
      "rel_score": -0.00886184377959931
    },
    "test": {
      "mse": 0.0002378094068262726,
      "mae": 0.009483599103987217,
      "directional_accuracy": 0.44995864350703063,
      "base_loss": 0.01701232446357608,
      "abs_loss": 0.016940652253106238,
      "rel_score": 0.004212958118879895
    }
  },
  "lstm_seed_52": {
    "train": {
      "mse": 0.00035163830034434795,
      "mae": 0.012531069107353687,
      "directional_accuracy": 0.433872047432342,
      "base_loss": 0.023010950721800316,
      "abs_loss": 0.023151343059726055,
      "rel_score": -0.006101109842138408
    },
    "val": {
      "mse": 0.0001619303657207638,
      "mae": 0.00831061415374279,
      "directional_accuracy": 0.4529828109201213,
      "base_loss": 0.015147859044373038,
      "abs_loss": 0.014829562407248888,
      "rel_score": 0.021012648466806727
    },
    "test": {
      "mse": 0.00024148255761247128,
      "mae": 0.009523601271212101,
      "directional_accuracy": 0.46236559139784944,
      "base_loss": 0.01701232446357608,
      "abs_loss": 0.016429609013721355,
      "rel_score": 0.0342525473871802
    }
  },
  "lstm_seed_62": {
    "train": {
      "mse": 0.0003486215427983552,
      "mae": 0.012447462417185307,
      "directional_accuracy": 0.43922731184852254,
      "base_loss": 0.023010950721800316,
      "abs_loss": 0.023042079084552823,
      "rel_score": -0.0013527630009226854
    },
    "val": {
      "mse": 0.00016199647507164627,
      "mae": 0.008327617309987545,
      "directional_accuracy": 0.435793731041456,
      "base_loss": 0.015147859044373038,
      "abs_loss": 0.015126305617741309,
      "rel_score": 0.001422869500474766
    },
    "test": {
      "mse": 0.000239643850363791,
      "mae": 0.009562673047184944,
      "directional_accuracy": 0.44499586435070304,
      "base_loss": 0.01701232446357608,
      "abs_loss": 0.017353482726093716,
      "rel_score": -0.020053594865773183
    }
  },
  "lstm_best_by_val": {
    "train": {
      "mse": 0.00035163830034434795,
      "mae": 0.012531069107353687,
      "directional_accuracy": 0.433872047432342,
      "base_loss": 0.023010950721800316,
      "abs_loss": 0.023151343059726055,
      "rel_score": -0.006101109842138408
    },
    "val": {
      "mse": 0.0001619303657207638,
      "mae": 0.00831061415374279,
      "directional_accuracy": 0.4529828109201213,
      "base_loss": 0.015147859044373038,
      "abs_loss": 0.014829562407248888,
      "rel_score": 0.021012648466806727
    },
    "test": {
      "mse": 0.00024148255761247128,
      "mae": 0.009523601271212101,
      "directional_accuracy": 0.46236559139784944,
      "base_loss": 0.01701232446357608,
      "abs_loss": 0.016429609013721355,
      "rel_score": 0.0342525473871802
    }
  },
  "lstm_top2_by_val": {
    "train": {
      "mse": 0.0003490120288915932,
      "mae": 0.012446269392967224,
      "directional_accuracy": 0.4331070096586019,
      "base_loss": 0.023010950721800316,
      "abs_loss": 0.023053066979628056,
      "rel_score": -0.0018302702194672449
    },
    "val": {
      "mse": 0.0001615613145986572,
      "mae": 0.008289807476103306,
      "directional_accuracy": 0.4529828109201213,
      "base_loss": 0.015147859044373038,
      "abs_loss": 0.0148422577767633,
      "rel_score": 0.020174551843566202
    },
    "test": {
      "mse": 0.0002395543415332213,
      "mae": 0.009497848339378834,
      "directional_accuracy": 0.46236559139784944,
      "base_loss": 0.01701232446357608,
      "abs_loss": 0.01700979523011483,
      "rel_score": 0.00014867065736157148
    }
  },
  "lstm_quantile": {
    "train": {
      "mse": 0.0003421875589992851,
      "mae": 0.012257790192961693,
      "directional_accuracy": 0.4496509515157311,
      "base_loss": 0.023010950721800316,
      "abs_loss": 0.022940705384826288,
      "rel_score": 0.003052691643352201
    },
    "val": {
      "mse": 0.0001613763306522742,
      "mae": 0.00827343761920929,
      "directional_accuracy": 0.435793731041456,
      "base_loss": 0.015147859044373038,
      "abs_loss": 0.01497958618165285,
      "rel_score": 0.01110868950042787
    },
    "test": {
      "mse": 0.00023695836716797203,
      "mae": 0.009444834664463997,
      "directional_accuracy": 0.4706368899917287,