{
  "lstm": {
    "train": {
      "base_loss": 0.023010950721800316,
      "abs_loss": 0.02286005979112815,
      "rel_score": 0.00655735317051509,
      "directional_accuracy": 0.4358802715884097,
      "error_len": 10457,
      "base_len": 10457
    },
    "val": {
      "base_loss": 0.015147859044373038,
      "abs_loss": 0.015282097004819663,
      "rel_score": -0.00886184377959931,
      "directional_accuracy": 0.43377148634984836,
      "error_len": 989,
      "base_len": 989
    },
    "test": {
      "base_loss": 0.01701232446357608,
      "abs_loss": 0.016940652253106238,
      "rel_score": 0.004212958118879895,
      "directional_accuracy": 0.44995864350703063,
      "error_len": 1209,
      "base_len": 1209
    }
  },
  "linear_regression": {
    "train": {
      "base_loss": 0.023010950721800316,
      "abs_loss": 0.023361390829086302,
      "rel_score": -0.015229275466397185,
      "directional_accuracy": 0.42507411303433107,
      "error_len": 10457,
      "base_len": 10457
    },
    "val": {
      "base_loss": 0.015147859044373038,
      "abs_loss": 0.01583651793189347,
      "rel_score": -0.04546245680680849,
      "directional_accuracy": 0.4287158746208291,
      "error_len": 989,
      "base_len": 989
    },
    "test": {
      "base_loss": 0.01701232446357608,
      "abs_loss": 0.0178243731847033,
      "rel_score": -0.0477329669361668,
      "directional_accuracy": 0.4119106699751861,
      "error_len": 1209,
      "base_len": 1209
    }
  },
  "arima": {
    "train": {
      "base_loss": 0.023010950721800316,
      "abs_loss": 0.0230636712629348,
      "rel_score": -0.0022911066027591076,
      "directional_accuracy": 0.41694558668834275,
      "error_len": 10457,
      "base_len": 10457
    },
    "val": {
      "base_loss": 0.015147859044373038,
      "abs_loss": 0.015251719896332361,
      "rel_score": -0.006856470716758212,
      "directional_accuracy": 0.3943377148634985,
      "error_len": 989,
      "base_len": 989
    },
    "test": {
      "base_loss": 0.01701232446357608,
      "abs_loss": 0.01708871379669291,
      "rel_score": -0.004490234904723556,
      "directional_accuracy": 0.4267990074441687,
      "error_len": 1209,
      "base_len": 1209
    }
  },
  "lstm_ensemble": {
    "train": {
      "base_loss": 0.023010950721800316,
      "abs_loss": 0.022987848112825303,
      "rel_score": 0.0010039832449481034,
      "directional_accuracy": 0.4350196040929521,
      "error_len": 10457,
      "base_len": 10457
    },
    "val": {
      "base_loss": 0.015147859044373038,
      "abs_loss": 0.0149124521703925,
      "rel_score": 0.015540603678114162,
      "directional_accuracy": 0.44691607684529827,
      "error_len": 989,
      "base_len": 989
    },
    "test": {
      "base_loss": 0.01701232446357608,
      "abs_loss": 0.016906808511703276,
      "rel_score": 0.006202324209058974,
      "directional_accuracy": 0.46732837055417703,
      "error_len": 1209,
      "base_len": 1209
    }
  },
  "lstm_seed_42": {
    "train": {
      "base_loss": 0.023010950721800316,
      "abs_loss": 0.02286005979112815,
      "rel_score": 0.00655735317051509,
      "directional_accuracy": 0.4358802715884097,
      "error_len": 10457,
      "base_len": 10457
    },
    "val": {
      "base_loss": 0.015147859044373038,
      "abs_loss": 0.015282097004819663,
      "rel_score": -0.00886184377959931,
      "directional_accuracy": 0.43377148634984836,
      "error_len": 989,
      "base_len": 989
    },
    "test": {
      "base_loss": 0.01701232446357608,
      "abs_loss": 0.016940652253106238,
      "rel_score": 0.004212958118879895,
      "directional_accuracy": 0.44995864350703063,
      "error_len": 1209,
      "base_len": 1209
    }
  },
  "lstm_seed_52": {
    "train": {
      "base_loss": 0.023010950721800316,
      "abs_loss": 0.023151343059726055,
      "rel_score": -0.006101109842138408,
      "directional_accuracy": 0.433872047432342,
      "error_len": 10457,
      "base_len": 10457
    },
    "val": {
      "base_loss": 0.015147859044373038,
      "abs_loss": 0.014829562407248888,
      "rel_score": 0.021012648466806727,
      "directional_accuracy": 0.4529828109201213,
      "error_len": 989,
      "base_len": 989
    },
    "test": {
      "base_loss": 0.01701232446357608,
      "abs_loss": 0.016429609013721355,
      "rel_score": 0.0342525473871802,
      "directional_accuracy": 0.46236559139784944,
      "error_len": 1209,
      "base_len": 1209
    }
  },
  "lstm_seed_62": {
    "train": {
      "base_loss": 0.023010950721800316,
      "abs_loss": 0.023042079084552823,
      "rel_score": -0.0013527630009226854,
      "directional_accuracy": 0.43922731184852254,
      "error_len": 10457,
      "base_len": 10457
    },
    "val": {
      "base_loss": 0.015147859044373038,
      "abs_loss": 0.015126305617741309,
      "rel_score": 0.001422869500474766,
      "directional_accuracy": 0.435793731041456,
      "error_len": 989,
      "base_len": 989
    },
    "test": {
      "base_loss": 0.01701232446357608,
      "abs_loss": 0.017353482726093716,
      "rel_score": -0.020053594865773183,
      "directional_accuracy": 0.44499586435070304,
      "error_len": 1209,
      "base_len": 1209
    }
  },
  "lstm_best_by_val": {
    "train": {
      "base_loss": 0.023010950721800316,
      "abs_loss": 0.023151343059726055,
      "rel_score": -0.006101109842138408,
      "directional_accuracy": 0.433872047432342,
      "error_len": 10457,
      "base_len": 10457
    },
    "val": {
      "base_loss": 0.015147859044373038,
      "abs_loss": 0.014829562407248888,
      "rel_score": 0.021012648466806727,
      "directional_accuracy": 0.4529828109201213,
      "error_len": 989,
      "base_len": 989
    },
    "test": {
      "base_loss": 0.01701232446357608,
      "abs_loss": 0.016429609013721355,
      "rel_score": 0.0342525473871802,
      "directional_accuracy": 0.46236559139784944,
      "error_len": 1209,
      "base_len": 1209
    }
  },
  "lstm_top2_by_val": {
    "train": {
      "base_loss": 0.023010950721800316,
      "abs_loss": 0.023053066979628056,
      "rel_score": -0.0018302702194672449,
      "directional_accuracy": 0.4331070096586019,
      "error_len": 10457,
      "base_len": 10457
    },
    "val": {
      "base_loss": 0.015147859044373038,
      "abs_loss": 0.0148422577767633,
      "rel_score": 0.020174551843566202,
      "directional_accuracy": 0.4529828109201213,
      "error_len": 989,
      "base_len": 989
    },
    "test": {
      "base_loss": 0.01701232446357608,
      "abs_loss": 0.01700979523011483,
      "rel_score": 0.00014867065736157148,
      "directional_accuracy": 0.46236559139784944,
      "error_len": 1209,
      "base_len": 1209
    }
  },
  "lstm_quantile": {
    "train": {
      "base_loss": 0.023010950721800316,
      "abs_loss": 0.022940705384826288,
      "rel_score": 0.003052691643352201,
      "directional_accuracy": 0.4496509515157311,
      "error_len": 10457,
      "base_len": 10457
    },
    "val": {
      "base_loss": 0.015147859044373038,
      "abs_loss": 0.01497958618165285,
      "rel_score": 0.01110868950042787,
      "directional_accuracy": 0.435793731041456,
      "error_len": 989,
      "base_len": 989
    },
    "test": {
      "base_loss": 0.01701232446357608,
      "abs_loss": 0.016946001214091667,
      "rel_score": 0.003898541297305491,
      "directional_accuracy": 0.4706368899917287,
      "error_len": 1209,
      "base_len": 1209
    }
  },
  "lstm_quantile_ensemble": {
    "train": {
      "base_loss": 0.023010950721800316,
      "abs_loss": 0.022998125683807304,
      "rel_score": 0.0005573449853535362,
      "directional_accuracy": 0.448694654298556,
      "error_len": 10457,
      "base_len": 10457
    },
    "val": {
      "base_loss": 0.015147859044373038,
      "abs_loss": 0.015228696272242818,
      "rel_score": -0.005336544764047657,
      "directional_accuracy": 0.4236602628918099,
      "error_len": 989,
      "base_len": 989
    },