{
  "lstm_best_by_val": {
    "threshold": 0.0,
    "holding_period": 1,
    "uncertainty_model": "lstm_quantile_best_by_val",
    "uncertainty_quantile": 0.9,
    "max_uncertainty": 0.031816013800000015,
    "trade_count": 159,
    "coverage": 0.1306491372226787,
    "directional_accuracy": 0.6855345911949685,
    "avg_actual_return": 0.002439138582389937,
    "avg_strategy_return": 0.002439138582389937,
    "cumulative_strategy_return": 0.3878230346,
    "final_equity": 1.450573187211188,
    "sampled_buy_hold_equity": 1.450573187211188
  }
}