{
  "lstm_best_by_val": {
    "threshold": 0.0,
    "holding_period": 1,
    "uncertainty_model": "lstm_quantile_best_by_val",
    "uncertainty_quantile": 0.25,
    "max_uncertainty": 0.012979557,
    "uncertainty_side": "high",
    "trade_count": 99,
    "coverage": 0.08134757600657354,
    "directional_accuracy": 0.7676767676767676,
    "avg_actual_return": 0.007182264282828283,
    "avg_strategy_return": 0.007182264282828283,
    "cumulative_strategy_return": 0.711044164,
    "final_equity": 1.9982782569656523,
    "sampled_buy_hold_equity": 1.9982782569656523
  },
  "lstm_ensemble": {
    "threshold": 0.0,
    "holding_period": 1,
    "uncertainty_model": "lstm_quantile_best_by_val",
    "uncertainty_quantile": 0.1,
    "max_uncertainty": 0.0117690962,
    "uncertainty_side": "high",
    "trade_count": 195,
    "coverage": 0.16023007395234182,
    "directional_accuracy": 0.6358974358974359,
    "avg_actual_return": 0.0024581295384615382,
    "avg_strategy_return": 0.0024581295384615382,
    "cumulative_strategy_return": 0.47933526,
    "final_equity": 1.573451562494862,
    "sampled_buy_hold_equity": 1.573451562494862
  },
  "lstm_signmag_seed_52": {
    "threshold": 0.0,
    "holding_period": 1,
    "uncertainty_model": "lstm_quantile_best_by_val",
    "uncertainty_quantile": 0.5,
    "max_uncertainty": 0.015132122,
    "uncertainty_side": "high",
    "trade_count": 178,
    "coverage": 0.14626129827444537,
    "directional_accuracy": 0.5786516853932584,
    "avg_actual_return": 0.002425840168539326,
    "avg_strategy_return": 0.002425840168539326,
    "cumulative_strategy_return": 0.43179955000000003,
    "final_equity": 1.464338179611516,
    "sampled_buy_hold_equity": 1.464338179611516
  },
  "lstm_signmag_ensemble": {
    "threshold": 0.0,
    "holding_period": 1,
    "uncertainty_model": "lstm_quantile_best_by_val",
    "uncertainty_quantile": 0.25,
    "max_uncertainty": 0.012979557,
    "uncertainty_side": "high",
    "trade_count": 279,
    "coverage": 0.22925225965488907,
    "directional_accuracy": 0.5125448028673835,
    "avg_actual_return": 0.0007872227917562726,
    "avg_strategy_return": 0.0007872227917562726,
    "cumulative_strategy_return": 0.21963515890000004,
    "final_equity": 1.1740064239344798,
    "sampled_buy_hold_equity": 1.1740064239344798
  }
}