{
  "lstm_best_by_val": {
    "threshold": 0.0,
    "holding_period": 1,
    "uncertainty_model": null,
    "uncertainty_quantile": null,
    "max_uncertainty": null,
    "uncertainty_side": null,
    "trade_count": 164,
    "coverage": 0.13475760065735415,
    "directional_accuracy": 0.6951219512195121,
    "avg_actual_return": 0.003724795869512195,
    "avg_strategy_return": 0.003724795869512195,
    "cumulative_strategy_return": 0.6108665226,
    "final_equity": 1.8022151988642823,
    "sampled_buy_hold_equity": 1.8022151988642823
  },
  "lstm_ensemble": {
    "threshold": 0.0,
    "holding_period": 1,
    "uncertainty_model": null,
    "uncertainty_quantile": null,
    "max_uncertainty": null,
    "uncertainty_side": null,
    "trade_count": 203,
    "coverage": 0.16680361544782252,
    "directional_accuracy": 0.625615763546798,
    "avg_actual_return": 0.002280486490640394,
    "avg_strategy_return": 0.002280486490640394,
    "cumulative_strategy_return": 0.4629387576,
    "final_equity": 1.5472622165384877,
    "sampled_buy_hold_equity": 1.5472622165384877
  },
  "lstm_signmag_seed_52": {
    "threshold": 0.0,
    "holding_period": 1,
    "uncertainty_model": null,
    "uncertainty_quantile": null,
    "max_uncertainty": null,
    "uncertainty_side": null,
    "trade_count": 351,
    "coverage": 0.28841413311421527,
    "directional_accuracy": 0.5698005698005698,
    "avg_actual_return": 0.000607094864102564,
    "avg_strategy_return": 0.000607094864102564,
    "cumulative_strategy_return": 0.21309029729999998,
    "final_equity": 1.1631658227242074,
    "sampled_buy_hold_equity": 1.1631658227242074
  },
  "lstm_signmag_ensemble": {
    "threshold": 0.0,
    "holding_period": 1,
    "uncertainty_model": null,
    "uncertainty_quantile": null,
    "max_uncertainty": null,
    "uncertainty_side": null,
    "trade_count": 308,
    "coverage": 0.2530813475760066,
    "directional_accuracy": 0.525974025974026,
    "avg_actual_return": 0.0006544343185064936,
    "avg_strategy_return": 0.0006544343185064936,
    "cumulative_strategy_return": 0.20156577010000004,
    "final_equity": 1.1512762745203495,
    "sampled_buy_hold_equity": 1.1512762745203495
  }
}