{
  "committee_best_by_val": {
    "val": {
      "rel_score": 0.023671497320104873,
      "abs_loss": 0.014789286539598835
    },
    "test": {
      "rel_score": 0.051015661925981615,
      "abs_loss": 0.016080907708965243
    }
  }
}