{
  "market_component": {
    "train": {
      "mse": 0.00033932316000573337,
      "mae": 0.012216482311487198,
      "directional_accuracy": 0.44597249508840864,
      "base_loss": 0.02266340795904398,
      "abs_loss": 0.02264602208742872,
      "rel_score": 0.0007671340359172163
    },
    "val": {
      "mse": 0.00016243866411969066,
      "mae": 0.008335852064192295,
      "directional_accuracy": 0.4448938321536906,
      "base_loss": 0.015147859044373038,
      "abs_loss": 0.014961923895316436,
      "rel_score": 0.012274681756143657
    },
    "test": {
      "mse": 0.00023444773978553712,
      "mae": 0.009306708350777626,
      "directional_accuracy": 0.47450302506482284,
      "base_loss": 0.016945387888699773,
      "abs_loss": 0.01665385289816186,
      "rel_score": 0.017204385786431353
    }
  },
  "expert_component": {
    "train": {
      "mse": 0.00034505428629927337,
      "mae": 0.012385908514261246,
      "directional_accuracy": 0.43676972391686486,
      "base_loss": 0.02266340795904398,
      "abs_loss": 0.02276578827877529,
      "rel_score": -0.004517428266584078
    },
    "val": {
      "mse": 0.0001619303657207638,
      "mae": 0.00831061415374279,
      "directional_accuracy": 0.4529828109201213,
      "base_loss": 0.015147859044373038,
      "abs_loss": 0.014829562407248888,
      "rel_score": 0.021012648466806727
    },
    "test": {
      "mse": 0.00023847527336329222,
      "mae": 0.009401548653841019,
      "directional_accuracy": 0.4580812445980985,
      "base_loss": 0.016945387888699773,
      "abs_loss": 0.01608990581444232,
      "rel_score": 0.05048465575862915
    }
  },
  "residual_combined_best_by_val": {
    "train": {
      "mse": 0.00033967362833209336,
      "mae": 0.012244641780853271,
      "directional_accuracy": 0.4464895047047875,
      "base_loss": 0.02266340795904398,
      "abs_loss": 0.022694446961395442,
      "rel_score": -0.0013695646483333768
    },
    "val": {
      "mse": 0.00016285378660541028,
      "mae": 0.008396697230637074,
      "directional_accuracy": 0.43882709807886755,
      "base_loss": 0.015147859044373038,
      "abs_loss": 0.014976774499518805,
      "rel_score": 0.01129430531094
    },
    "test": {
      "mse": 0.0002367959968978539,
      "mae": 0.009440912865102291,
      "directional_accuracy": 0.442523768366465,
      "base_loss": 0.016945387888699773,
      "abs_loss": 0.01688207288971171,
      "rel_score": 0.003736414852461789
    }
  },
  "residual_combined_ensemble": {
    "train": {
      "mse": 0.0003385934978723526,
      "mae": 0.012202596291899681,
      "directional_accuracy": 0.45196980663840347,
      "base_loss": 0.02266340795904398,
      "abs_loss": 0.022585710743442178,
      "rel_score": 0.003428311211721158
    },
    "val": {
      "mse": 0.0001632371568121016,
      "mae": 0.008403787389397621,
      "directional_accuracy": 0.44287158746208294,
      "base_loss": 0.015147859044373038,
      "abs_loss": 0.015199215423490389,
      "rel_score": -0.003390339120988184
    },
    "test": {
      "mse": 0.00023525822325609624,
      "mae": 0.009371179156005383,
      "directional_accuracy": 0.4442523768366465,
      "base_loss": 0.016945387888699773,
      "abs_loss": 0.01688967109657826,
      "rel_score": 0.0032880210525405573
    }
  }
}