{
  "lstm": {
    "train": {
      "mse": 0.00047186133451759815,
      "mae": 0.015106141567230225,
      "directional_accuracy": 0.44989442910508365,
      "base_loss": 0.0282518485,
      "abs_loss": 0.0282499133,
      "rel_score": 6.84981727833156e-05
    },
    "val": {
      "mse": 0.00023757494636811316,
      "mae": 0.010629557073116302,
      "directional_accuracy": 0.44489247311827956,
      "base_loss": 0.0191531094,
      "abs_loss": 0.0189709505865,
      "rel_score": 0.009510665328314682
    },
    "test": {
      "mse": 0.0004562300455290824,
      "mae": 0.014610345475375652,
      "directional_accuracy": 0.47040855288277966,
      "base_loss": 0.026905943300000023,
      "abs_loss": 0.026784985160000017,
      "rel_score": 0.004495591871703897
    }
  },
  "linear_regression": {
    "train": {
      "mse": 0.000460039300378412,
      "mae": 0.015111418440937996,
      "directional_accuracy": 0.44404742569433164,
      "base_loss": 0.0282518485,
      "abs_loss": 0.028651854945,
      "rel_score": -0.014158593728831548
    },
    "val": {
      "mse": 0.00023459596559405327,
      "mae": 0.01075951661914587,
      "directional_accuracy": 0.45654121863799285,
      "base_loss": 0.0191531094,
      "abs_loss": 0.020173775845,
      "rel_score": -0.05328985616298931
    },
    "test": {
      "mse": 0.00045307748951017857,
      "mae": 0.014738322235643864,
      "directional_accuracy": 0.4547537227949599,
      "base_loss": 0.026905943300000023,
      "abs_loss": 0.02744080344000001,
      "rel_score": -0.019878884528831353
    }
  },
  "arima": {
    "train": {
      "mse": 0.0004686840111389756,
      "mae": 0.015132277272641659,
      "directional_accuracy": 0.45779871149369283,
      "base_loss": 0.0282518485,
      "abs_loss": 0.028302736499999998,
      "rel_score": -0.0018012272719074574
    },
    "val": {
      "mse": 0.00023234471154864877,
      "mae": 0.010559502057731152,
      "directional_accuracy": 0.4735663082437276,
      "base_loss": 0.0191531094,
      "abs_loss": 0.019075974533500004,
      "rel_score": 0.0040272764536078975
    },
    "test": {
      "mse": 0.00044923846144229174,
      "mae": 0.01449063140898943,
      "directional_accuracy": 0.4413898434516991,
      "base_loss": 0.026905943300000023,
      "abs_loss": 0.027213441360000017,
      "rel_score": -0.011428629599468332
    }
  },
  "lstm_ensemble": {
    "train": {
      "mse": 0.00046927714720368385,
      "mae": 0.0150661775842309,
      "directional_accuracy": 0.45346759785609875,
      "base_loss": 0.0282518485,
      "abs_loss": 0.0282306626,
      "rel_score": 0.0007498942945272091
    },
    "val": {
      "mse": 0.00023691484238952398,
      "mae": 0.010611888952553272,
      "directional_accuracy": 0.4336917562724014,
      "base_loss": 0.0191531094,
      "abs_loss": 0.019012739609000004,
      "rel_score": 0.0073288252089238615
    },
    "test": {
      "mse": 0.00045518402475863695,
      "mae": 0.014565962366759777,
      "directional_accuracy": 0.4658266513936617,
      "base_loss": 0.026905943300000023,
      "abs_loss": 0.026876847013000013,
      "rel_score": 0.0010814074301572774
    }
  },
  "lstm_seed_42": {
    "train": {
      "mse": 0.00047186133451759815,
      "mae": 0.015106141567230225,
      "directional_accuracy": 0.44989442910508365,
      "base_loss": 0.0282518485,
      "abs_loss": 0.0282499133,
      "rel_score": 6.84981727833156e-05
    },
    "val": {
      "mse": 0.00023757494636811316,
      "mae": 0.010629557073116302,
      "directional_accuracy": 0.44489247311827956,
      "base_loss": 0.0191531094,
      "abs_loss": 0.0189709505865,
      "rel_score": 0.009510665328314682
    },
    "test": {
      "mse": 0.0004562300455290824,
      "mae": 0.014610345475375652,
      "directional_accuracy": 0.47040855288277966,
      "base_loss": 0.026905943300000023,
      "abs_loss": 0.026784985160000017,
      "rel_score": 0.004495591871703897
    }
  },
  "lstm_seed_52": {
    "train": {
      "mse": 0.00047046534018591046,
      "mae": 0.015117306262254715,
      "directional_accuracy": 0.456932488766174,
      "base_loss": 0.0282518485,
      "abs_loss": 0.028155844955000002,
      "rel_score": 0.0033981332230348382
    },
    "val": {
      "mse": 0.00023694329138379544,
      "mae": 0.010640095919370651,
      "directional_accuracy": 0.4350358422939068,
      "base_loss": 0.0191531094,
      "abs_loss": 0.018966356256500002,
      "rel_score": 0.00975053917355051
    },
    "test": {
      "mse": 0.00045717955799773335,
      "mae": 0.014618955552577972,
      "directional_accuracy": 0.47002672775868654,
      "base_loss": 0.026905943300000023,
      "abs_loss": 0.02673619012680002,
      "rel_score": 0.006309132941642814
    }
  },
  "lstm_seed_62": {
    "train": {
      "mse": 0.0004699735436588526,
      "mae": 0.015112879686057568,
      "directional_accuracy": 0.4494071788208543,
      "base_loss": 0.0282518485,
      "abs_loss": 0.0283066389,
      "rel_score": -0.0019393562867222602
    },
    "val": {
      "mse": 0.00023723840422462672,
      "mae": 0.01063488982617855,
      "directional_accuracy": 0.43727598566308246,
      "base_loss": 0.0191531094,
      "abs_loss": 0.019113644986000003,
      "rel_score": 0.0020604703484854436
    },
    "test": {
      "mse": 0.0004554525949060917,
      "mae": 0.014582191593945026,
      "directional_accuracy": 0.4658266513936617,
      "base_loss": 0.026905943300000023,
      "abs_loss": 0.02693395920940001,
      "rel_score": -0.0010412535657127187
    }
  },
  "lstm_best_by_val": {
    "train": {
      "mse": 0.00047046534018591046,
      "mae": 0.015117306262254715,
      "directional_accuracy": 0.456932488766174,
      "base_loss": 0.0282518485,
      "abs_loss": 0.028155844955000002,
      "rel_score": 0.0033981332230348382
    },
    "val": {
      "mse": 0.00023694329138379544,
      "mae": 0.010640095919370651,
      "directional_accuracy": 0.4350358422939068,
      "base_loss": 0.0191531094,
      "abs_loss": 0.018966356256500002,
      "rel_score": 0.00975053917355051
    },
    "test": {
      "mse": 0.00045717955799773335,
      "mae": 0.014618955552577972,
      "directional_accuracy": 0.47002672775868654,
      "base_loss": 0.026905943300000023,
      "abs_loss": 0.02673619012680002,
      "rel_score": 0.006309132941642814
    }
  },
  "lstm_top2_by_val": {
    "train": {
      "mse": 0.00046993637806735933,
      "mae": 0.015079163014888763,
      "directional_accuracy": 0.45308862541280925,
      "base_loss": 0.0282518485,
      "abs_loss": 0.02820819474,
      "rel_score": 0.0015451647349729036
    },
    "val": {
      "mse": 0.00023696915013715625,
      "mae": 0.010613488033413887,
      "directional_accuracy": 0.4413082437275986,
      "base_loss": 0.0191531094,
      "abs_loss": 0.019003979854000003,
      "rel_score": 0.007786179407506366
    },
    "test": {
      "mse": 0.0004557946522254497,
      "mae": 0.014582283794879913,
      "directional_accuracy": 0.471172203130966,
      "base_loss": 0.026905943300000023,
      "abs_loss": 0.026810261260000003,
      "rel_score": 0.0035561674583629577
    }
  },
  "lstm_signmag": {
    "train": {
      "mse": 0.00046913910773582757,
      "mae": 0.015095384791493416,
      "directional_accuracy": 0.45871907314168153,
      "base_loss": 0.0282518485,
      "abs_loss": 0.02823672879,
      "rel_score": 0.0005351759549467872
    },
    "val": {
      "mse": 0.00023851370497141033,
      "mae": 0.010676317848265171,
      "directional_accuracy": 0.42473118279569894,
      "base_loss": 0.0191531094,
      "abs_loss": 0.018979213218,
      "rel_score": 0.009079266367057803
    },
    "test": {
      "mse": 0.00045709923142567277,
      "mae": 0.014608948491513729,
      "directional_accuracy": 0.45017182130584193,
      "base_loss": 0.026905943300000023,
      "abs_loss": 0.026852109490000005,
      "rel_score": 0.002000814816257246
    }
  },