{
  "lstm": {
    "train": {
      "base_loss": 0.0282518485,
      "abs_loss": 0.0282499133,
      "rel_score": 6.84981727833156e-05,
      "directional_accuracy": 0.44989442910508365,
      "error_len": 18471,
      "base_len": 18471
    },
    "val": {
      "base_loss": 0.0191531094,
      "abs_loss": 0.0189709505865,
      "rel_score": 0.009510665328314682,
      "directional_accuracy": 0.44489247311827956,
      "error_len": 2232,
      "base_len": 2232
    },
    "test": {
      "base_loss": 0.026905943300000023,
      "abs_loss": 0.026784985160000017,
      "rel_score": 0.004495591871703897,
      "directional_accuracy": 0.47040855288277966,
      "error_len": 2619,
      "base_len": 2619
    }
  },
  "linear_regression": {
    "train": {
      "base_loss": 0.0282518485,
      "abs_loss": 0.028651854945,
      "rel_score": -0.014158593728831548,
      "directional_accuracy": 0.44404742569433164,
      "error_len": 18471,
      "base_len": 18471
    },
    "val": {
      "base_loss": 0.0191531094,
      "abs_loss": 0.020173775845,
      "rel_score": -0.05328985616298931,
      "directional_accuracy": 0.45654121863799285,
      "error_len": 2232,
      "base_len": 2232
    },
    "test": {
      "base_loss": 0.026905943300000023,
      "abs_loss": 0.02744080344000001,
      "rel_score": -0.019878884528831353,
      "directional_accuracy": 0.4547537227949599,
      "error_len": 2619,
      "base_len": 2619
    }
  },
  "arima": {
    "train": {
      "base_loss": 0.0282518485,
      "abs_loss": 0.028302736499999998,
      "rel_score": -0.0018012272719074574,
      "directional_accuracy": 0.45779871149369283,
      "error_len": 18471,
      "base_len": 18471
    },
    "val": {
      "base_loss": 0.0191531094,
      "abs_loss": 0.019075974533500004,
      "rel_score": 0.0040272764536078975,
      "directional_accuracy": 0.4735663082437276,
      "error_len": 2232,
      "base_len": 2232
    },
    "test": {
      "base_loss": 0.026905943300000023,
      "abs_loss": 0.027213441360000017,
      "rel_score": -0.011428629599468332,
      "directional_accuracy": 0.4413898434516991,
      "error_len": 2619,
      "base_len": 2619
    }
  },
  "lstm_ensemble": {
    "train": {
      "base_loss": 0.0282518485,
      "abs_loss": 0.0282306626,
      "rel_score": 0.0007498942945272091,
      "directional_accuracy": 0.45346759785609875,
      "error_len": 18471,
      "base_len": 18471
    },
    "val": {
      "base_loss": 0.0191531094,
      "abs_loss": 0.019012739609000004,
      "rel_score": 0.0073288252089238615,
      "directional_accuracy": 0.4336917562724014,
      "error_len": 2232,
      "base_len": 2232
    },
    "test": {
      "base_loss": 0.026905943300000023,
      "abs_loss": 0.026876847013000013,
      "rel_score": 0.0010814074301572774,
      "directional_accuracy": 0.4658266513936617,
      "error_len": 2619,
      "base_len": 2619
    }
  },
  "lstm_seed_42": {
    "train": {
      "base_loss": 0.0282518485,
      "abs_loss": 0.0282499133,
      "rel_score": 6.84981727833156e-05,
      "directional_accuracy": 0.44989442910508365,
      "error_len": 18471,
      "base_len": 18471
    },
    "val": {
      "base_loss": 0.0191531094,
      "abs_loss": 0.0189709505865,
      "rel_score": 0.009510665328314682,
      "directional_accuracy": 0.44489247311827956,
      "error_len": 2232,
      "base_len": 2232
    },
    "test": {
      "base_loss": 0.026905943300000023,
      "abs_loss": 0.026784985160000017,
      "rel_score": 0.004495591871703897,
      "directional_accuracy": 0.47040855288277966,
      "error_len": 2619,
      "base_len": 2619
    }
  },
  "lstm_seed_52": {
    "train": {
      "base_loss": 0.0282518485,
      "abs_loss": 0.028155844955000002,
      "rel_score": 0.0033981332230348382,
      "directional_accuracy": 0.456932488766174,
      "error_len": 18471,
      "base_len": 18471
    },
    "val": {
      "base_loss": 0.0191531094,
      "abs_loss": 0.018966356256500002,
      "rel_score": 0.00975053917355051,
      "directional_accuracy": 0.4350358422939068,
      "error_len": 2232,
      "base_len": 2232
    },
    "test": {
      "base_loss": 0.026905943300000023,
      "abs_loss": 0.02673619012680002,
      "rel_score": 0.006309132941642814,
      "directional_accuracy": 0.47002672775868654,
      "error_len": 2619,
      "base_len": 2619
    }
  },
  "lstm_seed_62": {
    "train": {
      "base_loss": 0.0282518485,
      "abs_loss": 0.0283066389,
      "rel_score": -0.0019393562867222602,
      "directional_accuracy": 0.4494071788208543,
      "error_len": 18471,
      "base_len": 18471
    },
    "val": {
      "base_loss": 0.0191531094,
      "abs_loss": 0.019113644986000003,
      "rel_score": 0.0020604703484854436,
      "directional_accuracy": 0.43727598566308246,
      "error_len": 2232,
      "base_len": 2232
    },
    "test": {
      "base_loss": 0.026905943300000023,
      "abs_loss": 0.02693395920940001,
      "rel_score": -0.0010412535657127187,
      "directional_accuracy": 0.4658266513936617,
      "error_len": 2619,
      "base_len": 2619
    }
  },
  "lstm_best_by_val": {
    "train": {
      "base_loss": 0.0282518485,
      "abs_loss": 0.028155844955000002,
      "rel_score": 0.0033981332230348382,
      "directional_accuracy": 0.456932488766174,
      "error_len": 18471,
      "base_len": 18471
    },
    "val": {
      "base_loss": 0.0191531094,
      "abs_loss": 0.018966356256500002,
      "rel_score": 0.00975053917355051,
      "directional_accuracy": 0.4350358422939068,
      "error_len": 2232,
      "base_len": 2232
    },
    "test": {
      "base_loss": 0.026905943300000023,
      "abs_loss": 0.02673619012680002,
      "rel_score": 0.006309132941642814,
      "directional_accuracy": 0.47002672775868654,
      "error_len": 2619,
      "base_len": 2619
    }
  },
  "lstm_top2_by_val": {
    "train": {
      "base_loss": 0.0282518485,
      "abs_loss": 0.02820819474,
      "rel_score": 0.0015451647349729036,
      "directional_accuracy": 0.45308862541280925,
      "error_len": 18471,
      "base_len": 18471
    },
    "val": {
      "base_loss": 0.0191531094,
      "abs_loss": 0.019003979854000003,
      "rel_score": 0.007786179407506366,
      "directional_accuracy": 0.4413082437275986,
      "error_len": 2232,
      "base_len": 2232
    },
    "test": {
      "base_loss": 0.026905943300000023,
      "abs_loss": 0.026810261260000003,
      "rel_score": 0.0035561674583629577,
      "directional_accuracy": 0.471172203130966,
      "error_len": 2619,
      "base_len": 2619
    }
  },
  "lstm_signmag": {
    "train": {
      "base_loss": 0.0282518485,
      "abs_loss": 0.02823672879,
      "rel_score": 0.0005351759549467872,
      "directional_accuracy": 0.45871907314168153,
      "error_len": 18471,
      "base_len": 18471
    },
    "val": {
      "base_loss": 0.0191531094,
      "abs_loss": 0.018979213218,
      "rel_score": 0.009079266367057803,
      "directional_accuracy": 0.42473118279569894,
      "error_len": 2232,
      "base_len": 2232
    },
    "test": {
      "base_loss": 0.026905943300000023,
      "abs_loss": 0.026852109490000005,
      "rel_score": 0.002000814816257246,
      "directional_accuracy": 0.45017182130584193,
      "error_len": 2619,
      "base_len": 2619
    }
  },
  "lstm_signmag_ensemble": {
    "train": {
      "base_loss": 0.0282518485,
      "abs_loss": 0.028151406139999998,
      "rel_score": 0.0035552491370609562,
      "directional_accuracy": 0.4636457149044448,
      "error_len": 18471,
      "base_len": 18471
    },
    "val": {
      "base_loss": 0.0191531094,
      "abs_loss": 0.019138778788750005,
      "rel_score": 0.0007482133031618821,
      "directional_accuracy": 0.42159498207885304,
      "error_len": 2232,
      "base_len": 2232
    },
    "test": {
      "base_loss": 0.026905943300000023,
      "abs_loss": 0.026864433170000007,
      "rel_score": 0.0015427866452099037,
      "directional_accuracy": 0.4681176021382207,
      "error_len": 2619,