{
  "lstm": {
    "train": {
      "mse": 0.0006869059288874269,
      "mae": 0.018595822155475616,
      "directional_accuracy": 0.4427083333333333,
      "base_loss": 0.035862398000000004,
      "abs_loss": 0.03581988254535002,
      "rel_score": 0.0011855162237055517
    },
    "val": {
      "mse": 0.0003088174853473902,
      "mae": 0.011287669651210308,
      "directional_accuracy": 0.41456016177957533,
      "base_loss": 0.020323321000000005,
      "abs_loss": 0.020381128225000003,
      "rel_score": -0.002844378878825937
    },
    "test": {
      "mse": 0.0006581033812835813,
      "mae": 0.01691284403204918,
      "directional_accuracy": 0.43777581641659313,
      "base_loss": 0.0324585006,
      "abs_loss": 0.03328000828000001,
      "rel_score": -0.025309477172830608
    }
  },
  "linear_regression": {
    "train": {
      "mse": 0.0006674541509710252,
      "mae": 0.018636716529726982,
      "directional_accuracy": 0.4474537037037037,
      "base_loss": 0.035862398000000004,
      "abs_loss": 0.036565071095,
      "rel_score": -0.01959358922401111
    },
    "val": {
      "mse": 0.0003301782999187708,
      "mae": 0.012110736221075058,
      "directional_accuracy": 0.4155712841253792,
      "base_loss": 0.020323321000000005,
      "abs_loss": 0.0221888727,
      "rel_score": -0.09179364435566395
    },
    "test": {
      "mse": 0.0006629993440583348,
      "mae": 0.017437607049942017,
      "directional_accuracy": 0.4492497793468667,
      "base_loss": 0.0324585006,
      "abs_loss": 0.033859831810000005,
      "rel_score": -0.04317301120187911
    }
  },
  "arima": {
    "train": {
      "mse": 0.0006773630739189684,
      "mae": 0.018638022243976593,
      "directional_accuracy": 0.44178240740740743,
      "base_loss": 0.035862398000000004,
      "abs_loss": 0.03612274833000001,
      "rel_score": -0.0072597022095399755
    },
    "val": {
      "mse": 0.0003196868929080665,
      "mae": 0.0115112429484725,
      "directional_accuracy": 0.45601617795753285,
      "base_loss": 0.020323321000000005,
      "abs_loss": 0.02067543033,
      "rel_score": -0.017325383484322998
    },
    "test": {
      "mse": 0.0006521241739392281,
      "mae": 0.01700936071574688,
      "directional_accuracy": 0.4439541041482789,
      "base_loss": 0.0324585006,
      "abs_loss": 0.033346009080000016,
      "rel_score": -0.02734286746443293
    }
  },
  "lstm_ensemble": {
    "train": {
      "mse": 0.000681238598190248,
      "mae": 0.018506256863474846,
      "directional_accuracy": 0.47349537037037037,
      "base_loss": 0.035862398000000004,
      "abs_loss": 0.0357759938525,
      "rel_score": 0.0024093243151225296
    },
    "val": {
      "mse": 0.0003112142439931631,
      "mae": 0.01117668952792883,
      "directional_accuracy": 0.4833164812942366,
      "base_loss": 0.020323321000000005,
      "abs_loss": 0.020597278073000002,
      "rel_score": -0.013479936325367037
    },
    "test": {
      "mse": 0.0006567012169398367,
      "mae": 0.01683872565627098,
      "directional_accuracy": 0.45719329214474846,
      "base_loss": 0.0324585006,
      "abs_loss": 0.03363635348000005,
      "rel_score": -0.03628796334480233
    }
  },
  "lstm_seed_42": {
    "train": {
      "mse": 0.0006869059288874269,
      "mae": 0.018595822155475616,
      "directional_accuracy": 0.4427083333333333,
      "base_loss": 0.035862398000000004,
      "abs_loss": 0.03581988254535002,
      "rel_score": 0.0011855162237055517
    },
    "val": {
      "mse": 0.0003088174853473902,
      "mae": 0.011287669651210308,
      "directional_accuracy": 0.41456016177957533,
      "base_loss": 0.020323321000000005,
      "abs_loss": 0.020381128225000003,
      "rel_score": -0.002844378878825937
    },
    "test": {
      "mse": 0.0006581033812835813,
      "mae": 0.01691284403204918,
      "directional_accuracy": 0.43777581641659313,
      "base_loss": 0.0324585006,
      "abs_loss": 0.03328000828000001,
      "rel_score": -0.025309477172830608
    }
  },
  "lstm_seed_52": {
    "train": {
      "mse": 0.0007025913218967617,
      "mae": 0.018844882026314735,
      "directional_accuracy": 0.45775462962962965,
      "base_loss": 0.035862398000000004,
      "abs_loss": 0.0363912101,
      "rel_score": -0.014745586728472482
    },
    "val": {
      "mse": 0.0003203529049642384,
      "mae": 0.0113899614661932,
      "directional_accuracy": 0.49342770475227504,
      "base_loss": 0.020323321000000005,
      "abs_loss": 0.02007099543000001,
      "rel_score": 0.012415567810004857
    },
    "test": {
      "mse": 0.0006672492600046098,
      "mae": 0.017166906967759132,
      "directional_accuracy": 0.46954986760812,
      "base_loss": 0.0324585006,
      "abs_loss": 0.03342605729000001,
      "rel_score": -0.029809038375605335
    }
  },
  "lstm_seed_62": {
    "train": {
      "mse": 0.0006859524291940033,
      "mae": 0.018576178699731827,
      "directional_accuracy": 0.46608796296296295,
      "base_loss": 0.035862398000000004,
      "abs_loss": 0.03601340377000001,
      "rel_score": -0.004210699184142852
    },
    "val": {
      "mse": 0.0003133445861749351,
      "mae": 0.01133773848414421,
      "directional_accuracy": 0.46309403437815977,
      "base_loss": 0.020323321000000005,
      "abs_loss": 0.0205500882557,
      "rel_score": -0.011157982285473711
    },
    "test": {
      "mse": 0.0006732058827765286,
      "mae": 0.01715969666838646,
      "directional_accuracy": 0.4457193292144748,
      "base_loss": 0.0324585006,
      "abs_loss": 0.03366287048000001,
      "rel_score": -0.03710491420543338
    }
  },
  "lstm_best_by_val": {
    "train": {
      "mse": 0.0007025913218967617,
      "mae": 0.018844882026314735,
      "directional_accuracy": 0.45775462962962965,
      "base_loss": 0.035862398000000004,
      "abs_loss": 0.0363912101,
      "rel_score": -0.014745586728472482
    },
    "val": {
      "mse": 0.0003203529049642384,
      "mae": 0.0113899614661932,
      "directional_accuracy": 0.49342770475227504,
      "base_loss": 0.020323321000000005,
      "abs_loss": 0.02007099543000001,
      "rel_score": 0.012415567810004857
    },
    "test": {
      "mse": 0.0006672492600046098,
      "mae": 0.017166906967759132,
      "directional_accuracy": 0.46954986760812,
      "base_loss": 0.0324585006,
      "abs_loss": 0.03342605729000001,
      "rel_score": -0.029809038375605335
    }
  },
  "lstm_top2_by_val": {
    "train": {
      "mse": 0.0006827730103395879,
      "mae": 0.01854441501200199,
      "directional_accuracy": 0.4597222222222222,
      "base_loss": 0.035862398000000004,
      "abs_loss": 0.035999889292500004,
      "rel_score": -0.0038338566344615632
    },
    "val": {
      "mse": 0.000311500858515501,
      "mae": 0.011187026277184486,
      "directional_accuracy": 0.4752275025278059,
      "base_loss": 0.020323321000000005,
      "abs_loss": 0.020391879901,
      "rel_score": -0.0033734103299354334
    },
    "test": {
      "mse": 0.0006532376282848418,
      "mae": 0.016821010038256645,
      "directional_accuracy": 0.4801412180052957,
      "base_loss": 0.0324585006,
      "abs_loss": 0.03296367949000004,
      "rel_score": -0.015563839384498346
    }
  },
  "lstm_signmag": {
    "train": {
      "mse": 0.0006851108628325164,
      "mae": 0.018548808991909027,
      "directional_accuracy": 0.4394675925925926,
      "base_loss": 0.035862398000000004,
      "abs_loss": 0.035807899768,
      "rel_score": 0.0015196482956885138
    },
    "val": {
      "mse": 0.0003098944143857807,
      "mae": 0.011294971220195293,
      "directional_accuracy": 0.42972699696663297,
      "base_loss": 0.020323321000000005,
      "abs_loss": 0.020355530100000005,
      "rel_score": -0.0015848344864501929
    },
    "test": {
      "mse": 0.0006583612994290888,
      "mae": 0.016933832317590714,
      "directional_accuracy": 0.41394527802294795,
      "base_loss": 0.0324585006,
      "abs_loss": 0.0330881577,
      "rel_score": -0.019398835077428123
    }
  },