{
  "lstm": {
    "train": {
      "base_loss": 0.035862398000000004,
      "abs_loss": 0.03581988254535002,
      "rel_score": 0.0011855162237055517,
      "directional_accuracy": 0.4427083333333333,
      "error_len": 8640,
      "base_len": 8640
    },
    "val": {
      "base_loss": 0.020323321000000005,
      "abs_loss": 0.020381128225000003,
      "rel_score": -0.002844378878825937,
      "directional_accuracy": 0.41456016177957533,
      "error_len": 989,
      "base_len": 989
    },
    "test": {
      "base_loss": 0.0324585006,
      "abs_loss": 0.03328000828000001,
      "rel_score": -0.025309477172830608,
      "directional_accuracy": 0.43777581641659313,
      "error_len": 1133,
      "base_len": 1133
    }
  },
  "linear_regression": {
    "train": {
      "base_loss": 0.035862398000000004,
      "abs_loss": 0.036565071095,
      "rel_score": -0.01959358922401111,
      "directional_accuracy": 0.4474537037037037,
      "error_len": 8640,
      "base_len": 8640
    },
    "val": {
      "base_loss": 0.020323321000000005,
      "abs_loss": 0.0221888727,
      "rel_score": -0.09179364435566395,
      "directional_accuracy": 0.4155712841253792,
      "error_len": 989,
      "base_len": 989
    },
    "test": {
      "base_loss": 0.0324585006,
      "abs_loss": 0.033859831810000005,
      "rel_score": -0.04317301120187911,
      "directional_accuracy": 0.4492497793468667,
      "error_len": 1133,
      "base_len": 1133
    }
  },
  "arima": {
    "train": {
      "base_loss": 0.035862398000000004,
      "abs_loss": 0.03612274833000001,
      "rel_score": -0.0072597022095399755,
      "directional_accuracy": 0.44178240740740743,
      "error_len": 8640,
      "base_len": 8640
    },
    "val": {
      "base_loss": 0.020323321000000005,
      "abs_loss": 0.02067543033,
      "rel_score": -0.017325383484322998,
      "directional_accuracy": 0.45601617795753285,
      "error_len": 989,
      "base_len": 989
    },
    "test": {
      "base_loss": 0.0324585006,
      "abs_loss": 0.033346009080000016,
      "rel_score": -0.02734286746443293,
      "directional_accuracy": 0.4439541041482789,
      "error_len": 1133,
      "base_len": 1133
    }
  },
  "lstm_ensemble": {
    "train": {
      "base_loss": 0.035862398000000004,
      "abs_loss": 0.0357759938525,
      "rel_score": 0.0024093243151225296,
      "directional_accuracy": 0.47349537037037037,
      "error_len": 8640,
      "base_len": 8640
    },
    "val": {
      "base_loss": 0.020323321000000005,
      "abs_loss": 0.020597278073000002,
      "rel_score": -0.013479936325367037,
      "directional_accuracy": 0.4833164812942366,
      "error_len": 989,
      "base_len": 989
    },
    "test": {
      "base_loss": 0.0324585006,
      "abs_loss": 0.03363635348000005,
      "rel_score": -0.03628796334480233,
      "directional_accuracy": 0.45719329214474846,
      "error_len": 1133,
      "base_len": 1133
    }
  },
  "lstm_seed_42": {
    "train": {
      "base_loss": 0.035862398000000004,
      "abs_loss": 0.03581988254535002,
      "rel_score": 0.0011855162237055517,
      "directional_accuracy": 0.4427083333333333,
      "error_len": 8640,
      "base_len": 8640
    },
    "val": {
      "base_loss": 0.020323321000000005,
      "abs_loss": 0.020381128225000003,
      "rel_score": -0.002844378878825937,
      "directional_accuracy": 0.41456016177957533,
      "error_len": 989,
      "base_len": 989
    },
    "test": {
      "base_loss": 0.0324585006,
      "abs_loss": 0.03328000828000001,
      "rel_score": -0.025309477172830608,
      "directional_accuracy": 0.43777581641659313,
      "error_len": 1133,
      "base_len": 1133
    }
  },
  "lstm_seed_52": {
    "train": {
      "base_loss": 0.035862398000000004,
      "abs_loss": 0.0363912101,
      "rel_score": -0.014745586728472482,
      "directional_accuracy": 0.45775462962962965,
      "error_len": 8640,
      "base_len": 8640
    },
    "val": {
      "base_loss": 0.020323321000000005,
      "abs_loss": 0.02007099543000001,
      "rel_score": 0.012415567810004857,
      "directional_accuracy": 0.49342770475227504,
      "error_len": 989,
      "base_len": 989
    },
    "test": {
      "base_loss": 0.0324585006,
      "abs_loss": 0.03342605729000001,
      "rel_score": -0.029809038375605335,
      "directional_accuracy": 0.46954986760812,
      "error_len": 1133,
      "base_len": 1133
    }
  },
  "lstm_seed_62": {
    "train": {
      "base_loss": 0.035862398000000004,
      "abs_loss": 0.03601340377000001,
      "rel_score": -0.004210699184142852,
      "directional_accuracy": 0.46608796296296295,
      "error_len": 8640,
      "base_len": 8640
    },
    "val": {
      "base_loss": 0.020323321000000005,
      "abs_loss": 0.0205500882557,
      "rel_score": -0.011157982285473711,
      "directional_accuracy": 0.46309403437815977,
      "error_len": 989,
      "base_len": 989
    },
    "test": {
      "base_loss": 0.0324585006,
      "abs_loss": 0.03366287048000001,
      "rel_score": -0.03710491420543338,
      "directional_accuracy": 0.4457193292144748,
      "error_len": 1133,
      "base_len": 1133
    }
  },
  "lstm_best_by_val": {
    "train": {
      "base_loss": 0.035862398000000004,
      "abs_loss": 0.0363912101,
      "rel_score": -0.014745586728472482,
      "directional_accuracy": 0.45775462962962965,
      "error_len": 8640,
      "base_len": 8640
    },
    "val": {
      "base_loss": 0.020323321000000005,
      "abs_loss": 0.02007099543000001,
      "rel_score": 0.012415567810004857,
      "directional_accuracy": 0.49342770475227504,
      "error_len": 989,
      "base_len": 989
    },
    "test": {
      "base_loss": 0.0324585006,
      "abs_loss": 0.03342605729000001,
      "rel_score": -0.029809038375605335,
      "directional_accuracy": 0.46954986760812,
      "error_len": 1133,
      "base_len": 1133
    }
  },
  "lstm_top2_by_val": {
    "train": {
      "base_loss": 0.035862398000000004,
      "abs_loss": 0.035999889292500004,
      "rel_score": -0.0038338566344615632,
      "directional_accuracy": 0.4597222222222222,
      "error_len": 8640,
      "base_len": 8640
    },
    "val": {
      "base_loss": 0.020323321000000005,
      "abs_loss": 0.020391879901,
      "rel_score": -0.0033734103299354334,
      "directional_accuracy": 0.4752275025278059,
      "error_len": 989,
      "base_len": 989
    },
    "test": {
      "base_loss": 0.0324585006,
      "abs_loss": 0.03296367949000004,
      "rel_score": -0.015563839384498346,
      "directional_accuracy": 0.4801412180052957,
      "error_len": 1133,
      "base_len": 1133
    }
  },
  "lstm_signmag": {
    "train": {
      "base_loss": 0.035862398000000004,
      "abs_loss": 0.035807899768,
      "rel_score": 0.0015196482956885138,
      "directional_accuracy": 0.4394675925925926,
      "error_len": 8640,
      "base_len": 8640
    },
    "val": {
      "base_loss": 0.020323321000000005,
      "abs_loss": 0.020355530100000005,
      "rel_score": -0.0015848344864501929,
      "directional_accuracy": 0.42972699696663297,
      "error_len": 989,
      "base_len": 989
    },
    "test": {
      "base_loss": 0.0324585006,
      "abs_loss": 0.0330881577,
      "rel_score": -0.019398835077428123,
      "directional_accuracy": 0.41394527802294795,
      "error_len": 1133,
      "base_len": 1133
    }
  },
  "lstm_signmag_ensemble": {
    "train": {
      "base_loss": 0.035862398000000004,
      "abs_loss": 0.03568454798000001,
      "rel_score": 0.004959233902875004,
      "directional_accuracy": 0.4576388888888889,
      "error_len": 8640,
      "base_len": 8640
    },
    "val": {
      "base_loss": 0.020323321000000005,
      "abs_loss": 0.020414949340000002,
      "rel_score": -0.004508531848707031,
      "directional_accuracy": 0.46511627906976744,
      "error_len": 989,
      "base_len": 989
    },
    "test": {
      "base_loss": 0.0324585006,
      "abs_loss": 0.033351169550000025,
      "rel_score": -0.027501854167595763,