features,feature_count,train_rel_score,val_rel_score,test_rel_score,train_mse,val_mse,test_mse,train_mae,val_mae,test_mae,train_abs_loss,val_abs_loss,test_abs_loss
"range_pct,atr_gap",2,-0.04984655857810627,0.043508793976913096,-0.04695016954393316,0.0005357615300454199,0.00033932356745935977,0.0006019807187840343,0.015798570588231087,0.013086088001728058,0.01691596582531929,0.030884412187151607,0.02358896905207076,0.033790069771930574
"upper_shadow,volatility_ratio",2,-0.0311750705848719,0.039288211774281434,-0.011559957314786207,0.000546902185305953,0.0003364914155099541,0.0006082139443606138,0.015848388895392418,0.013034933246672153,0.01710800640285015,0.030431529972702265,0.02369305697502569,0.0326478590199258
"volume_ratio_20,upper_shadow",2,-0.03217612189304231,0.03481395484586003,0.0032945073488471754,0.0005430151941254735,0.0003355609660502523,0.0006062644533813,0.01588558964431286,0.01315168384462595,0.017131976783275604,0.03043547732231673,0.023803401019540614,0.03216843467671422
"volume_ratio_20,atr_gap",2,-0.051952530492366256,0.03391565187697376,-0.045350046294211355,0.0005405520787462592,0.0003389613120816648,0.000590793089941144,0.015878744423389435,0.013214431703090668,0.016754871234297752,0.031018618535017604,0.023825554951326926,0.03373842617147599
"volume_change,atr_gap",2,-0.027732221267170898,0.033293720082840594,0.024492232800972902,0.0005444476846605539,0.00033946370240300894,0.0005920892581343651,0.015729032456874847,0.01312335580587387,0.01676357164978981,0.030233852061792275,0.023840893022133977,0.03148428308777511
"atr_gap,rolling_max_20_gap",2,-0.03752027534527813,0.0311022537584561,0.007031747115542886,0.0005381266237236559,0.0003369826008565724,0.0005826458218507469,0.0157975722104311,0.013214408420026302,0.016728661954402924,0.030593058821978047,0.023894938925513996,0.03204781614476815
