{
  "lstm": {
    "train": {
      "mse": 0.00047730837832205,
      "mae": 0.015105303182400286,
      "directional_accuracy": 0.4444780661560009,
      "base_loss": 0.02768859875,
      "abs_loss": 0.028583837384999998,
      "rel_score": -0.032332392226962936,
      "rmse": 0.021847389612429914
    },
    "val": {
      "mse": 0.0007756937411613762,
      "mae": 0.01950182926772888,
      "directional_accuracy": 0.48387417877762295,
      "base_loss": 0.0375391135,
      "abs_loss": 0.037642947100000004,
      "rel_score": -0.002766010976791078,
      "rmse": 0.027851279072838908
    }
  },
  "linear_regression": {
    "train": {
      "mse": 0.0004597573133651167,
      "mae": 0.014907522640141571,
      "directional_accuracy": 0.43054138640568534,
      "base_loss": 0.02768859875,
      "abs_loss": 0.028223771875000005,
      "rel_score": -0.01932828489560179,
      "rmse": 0.0214419522516427
    },
    "val": {
      "mse": 0.0007392914267256856,
      "mae": 0.01942685538507654,
      "directional_accuracy": 0.47327294445550466,
      "base_loss": 0.0375391135,
      "abs_loss": 0.0381459754575,
      "rel_score": -0.016166123835076762,
      "rmse": 0.02718991504630517
    }
  },
  "arima": {
    "train": {
      "mse": 0.00047041193465702236,
      "mae": 0.014868587443998525,
      "directional_accuracy": 0.41995919284837374,
      "base_loss": 0.02768859875,
      "abs_loss": 0.02785588629,
      "rel_score": -0.006041748140107606,
      "rmse": 0.021688982259584322
    },
    "val": {
      "mse": 0.0007419089088216424,
      "mae": 0.019191227442429962,
      "directional_accuracy": 0.4688267303736147,
      "base_loss": 0.0375391135,
      "abs_loss": 0.0375792294775,
      "rel_score": -0.0010686447750023476,
      "rmse": 0.027238004718079155
    }
  },
  "lstm_ensemble": {
    "train": {
      "mse": 0.0004723880556412041,
      "mae": 0.014903886883017756,
      "directional_accuracy": 0.446864247056179,
      "base_loss": 0.02768859875,
      "abs_loss": 0.0281445347247,
      "rel_score": -0.016466560074658743,
      "rmse": 0.02173449027299448
    },
    "val": {
      "mse": 0.000770077807828784,
      "mae": 0.019331200989391752,
      "directional_accuracy": 0.4870263454774703,
      "base_loss": 0.0375391135,
      "abs_loss": 0.037494985575,
      "rel_score": 0.001175518569451528,
      "rmse": 0.02775027412701786
    }
  },
  "lstm_seed_42": {
    "train": {
      "mse": 0.00047730837832205,
      "mae": 0.015105303182400286,
      "directional_accuracy": 0.4444780661560009,
      "base_loss": 0.02768859875,
      "abs_loss": 0.028583837384999998,
      "rel_score": -0.032332392226962936,
      "rmse": 0.021847389612429914
    },
    "val": {
      "mse": 0.0007756937411613762,
      "mae": 0.01950182926772888,
      "directional_accuracy": 0.48387417877762295,
      "base_loss": 0.0375391135,
      "abs_loss": 0.037642947100000004,
      "rel_score": -0.002766010976791078,
      "rmse": 0.027851279072838908
    }
  },
  "lstm_seed_52": {
    "train": {
      "mse": 0.00048148713540285826,
      "mae": 0.015087702542754327,
      "directional_accuracy": 0.44344059619940174,
      "base_loss": 0.02768859875,
      "abs_loss": 0.028342867325,
      "rel_score": -0.023629530006461508,
      "rmse": 0.021942814719343992
    },
    "val": {
      "mse": 0.0007808498339727521,
      "mae": 0.019543321207665533,
      "directional_accuracy": 0.4830280708739797,
      "base_loss": 0.0375391135,
      "abs_loss": 0.037800660124999996,
      "rel_score": -0.006967309576982883,
      "rmse": 0.027943690204527066
    }
  },
  "lstm_seed_62": {
    "train": {
      "mse": 0.0004761770542245358,
      "mae": 0.01500156550410339,
      "directional_accuracy": 0.4424549997406325,
      "base_loss": 0.02768859875,
      "abs_loss": 0.0284370130325,
      "rel_score": -0.02702969150795309,
      "rmse": 0.0218214809755128
    },
    "val": {
      "mse": 0.0007823362830094993,
      "mae": 0.01950184792607549,
      "directional_accuracy": 0.4796768199615104,
      "base_loss": 0.0375391135,
      "abs_loss": 0.0378693069,
      "rel_score": -0.008795982888620824,
      "rmse": 0.027970275199047923
    }
  },
  "lstm_seed_99": {
    "train": {
      "mse": 0.0004816348955500871,
      "mae": 0.01508465764598934,
      "directional_accuracy": 0.44315529196133696,
      "base_loss": 0.02768859875,
      "abs_loss": 0.02838524085,
      "rel_score": -0.025159890043189748,
      "rmse": 0.02194618129360119
    },
    "val": {
      "mse": 0.0007813110714778304,
      "mae": 0.01952888555250148,
      "directional_accuracy": 0.48248058928926935,
      "base_loss": 0.0375391135,
      "abs_loss": 0.0376568091,
      "rel_score": -0.003135279153568815,
      "rmse": 0.027951942165306873
    }
  },
  "lstm_best_by_val": {
    "train": {
      "mse": 0.00047730837832205,
      "mae": 0.015105303182400286,
      "directional_accuracy": 0.4444780661560009,
      "base_loss": 0.02768859875,
      "abs_loss": 0.028583837384999998,
      "rel_score": -0.032332392226962936,
      "rmse": 0.021847389612429914
    },
    "val": {
      "mse": 0.0007756937411613762,
      "mae": 0.01950182926772888,
      "directional_accuracy": 0.48387417877762295,
      "base_loss": 0.0375391135,
      "abs_loss": 0.037642947100000004,
      "rel_score": -0.002766010976791078,
      "rmse": 0.027851279072838908
    }
  },
  "lstm_top2_by_val": {
    "train": {
      "mse": 0.00047484939568676054,
      "mae": 0.014991272999921238,
      "directional_accuracy": 0.44504867463213044,
      "base_loss": 0.02768859875,
      "abs_loss": 0.02827799835,
      "rel_score": -0.021286725461323597,
      "rmse": 0.021791038681116086
    },
    "val": {
      "mse": 0.0007714741514064372,
      "mae": 0.019393808186472575,
      "directional_accuracy": 0.4859147919569978,
      "base_loss": 0.0375391135,
      "abs_loss": 0.037505553125,
      "rel_score": 0.0008940108561700244,
      "rmse": 0.027775423514773658
    }
  }
}