loss,val_loss
0.0041313739493489265,0.0012042216258123517
0.003086503827944398,0.0012112681288272142
0.0026749735698103905,0.0012313626939430833
0.00257571111433208,0.0012689911527559161
