{
  "lstm": {
    "train": {
      "mse": 0.002076727105304599,
      "mae": 0.03326605632901192,
      "directional_accuracy": 0.5465032444124008,
      "base_loss": 0.06251001,
      "abs_loss": 0.062447205900000025,
      "rel_score": 0.0010047046864970488
    },
    "val": {
      "mse": 0.0012042217422276735,
      "mae": 0.025248119607567787,
      "directional_accuracy": 0.5524193548387096,
      "base_loss": 0.0459447774,
      "abs_loss": 0.04701880232500001,
      "rel_score": -0.023376431137089648
    },
    "test": {
      "mse": 0.006881676148623228,
      "mae": 0.06237908452749252,
      "directional_accuracy": 0.57,
      "base_loss": 0.11507828000000002,
      "abs_loss": 0.11628837770000006,
      "rel_score": -0.010515430887566568
    }
  },
  "linear_regression": {
    "train": {
      "mse": 0.002111948560923338,
      "mae": 0.03354187682271004,
      "directional_accuracy": 0.5155010814708003,
      "base_loss": 0.06251001,
      "abs_loss": 0.06347286040000001,
      "rel_score": -0.015403139433188384
    },
    "val": {
      "mse": 0.0011886315187439322,
      "mae": 0.025753939524292946,
      "directional_accuracy": 0.5201612903225806,
      "base_loss": 0.0459447774,
      "abs_loss": 0.04836401809000001,
      "rel_score": -0.0526554012643885
    },
    "test": {
      "mse": 0.006904628127813339,
      "mae": 0.06290491670370102,
      "directional_accuracy": 0.54,
      "base_loss": 0.11507828000000002,
      "abs_loss": 0.11505064490000001,
      "rel_score": 0.00024014175394349024
    }
  }
}