{
  "lstm": {
    "threshold": 0.02,
    "holding_period": 5,
    "trade_count": 37,
    "coverage": 0.12251655629139073,
    "directional_accuracy": 0.7027027027027027,
    "avg_actual_return": 0.009572497929729728,
    "avg_strategy_return": 0.03202707057837838,
    "cumulative_strategy_return": 1.1850016114,
    "final_equity": 2.980236547306353,
    "sampled_buy_hold_equity": 1.2959802319877223
  },
  "linear_regression": {
    "threshold": 0.0025,
    "holding_period": 5,
    "trade_count": 59,
    "coverage": 0.19536423841059603,
    "directional_accuracy": 0.576271186440678,
    "avg_actual_return": 0.01812204753559322,
    "avg_strategy_return": 0.01017504713559322,
    "cumulative_strategy_return": 0.600327781,
    "final_equity": 1.5071408028601805,
    "sampled_buy_hold_equity": 2.4219382232502134
  }
}